-9.99999277e-01 5.00094895e-02 -4.87541864e-06 -5.00094852e-02 9.30046459e-06
-9.99996193e-01 4.99288554e-02 -2.56400370e-05 -4.99287366e-02 4.89383318e-05
-9.99990644e-01 4.97843681e-02 -6.28008525e-05 -4.97836521e-02 1.19984236e-04
-9.99982629e-01 4.95769823e-02 -1.16031929e-04 -4.95745217e-02 2.22001214e-04
-9.99972148e-01 4.93081065e-02 -1.84856328e-04 -4.93018056e-02 3.54342522e-04
-9.99959200e-01 4.89795628e-02 -2.68657851e-04 -4.89661077e-02 5.16169894e-04
-9.99943787e-01 4.85935658e-02 -3.66688352e-04 -4.85681711e-02 7.06462192e-04
-9.99925908e-01 4.81526998e-02 -4.78075920e-04 -4.81088752e-02 9.24024651e-04
-9.99905562e-01 4.76598928e-02 -6.01834249e-04 -4.75892332e-02 1.16749941e-03
-9.99882751e-01 4.71183867e-02 -7.36873104e-04 -4.70103889e-02 1.43537731e-03
-9.99857474e-01 4.65317055e-02 -8.82009759e-04 -4.63736128e-02 1.72601082e-03
-9.99829731e-01 4.59036212e-02 -1.03598124e-03 -4.56802981e-02 2.03762790e-03
-9.99799522e-01 4.52381173e-02 -1.19745719e-03 -4.49319567e-02 2.36834678e-03
-9.99766848e-01 4.45393510e-02 -1.36505322e-03 -4.41302141e-02 2.71619117e-03
-9.99731708e-01 4.38116154e-02 -1.53734454e-03 -4.32768041e-02 3.07910610e-03
-9.99694102e-01 4.30592999e-02 -1.71287959e-03 -4.23735636e-02 3.45497380e-03
-9.99654032e-01 4.22868519e-02 -1.89019373e-03 -4.14224263e-02 3.84162978e-03
-9.99611495e-01 4.14987387e-02 -2.06782251e-03 -4.04254172e-02 4.23687864e-03
-9.99566494e-01 4.06994103e-02 -2.24431467e-03 -3.93846451e-02 4.63850970e-03
-9.99519028e-01 3.98932634e-02 -2.41824437e-03 -3.83022967e-02 5.04431200e-03
-9.99469096e-01 3.90846086e-02 -2.58822290e-03 -3.71806290e-02 5.45208875e-03
-9.99416700e-01 3.82776379e-02 -2.75290934e-03 -3.60219624e-02 5.85967099e-03
-9.99361839e-01 3.74763964e-02 -2.91102041e-03 -3.48286730e-02 6.26493029e-03
-9.99304513e-01 3.66847558e-02 -3.06133918e-03 -3.36031852e-02 6.66579054e-03
-9.99244723e-01 3.59063915e-02 -3.20272269e-03 -3.23479639e-02 7.06023850e-03
-9.99182468e-01 3.51447623e-02 -3.33410840e-03 -3.10655067e-02 7.44633337e-03
-9.99117750e-01 3.44030942e-02 -3.45451943e-03 -2.97583363e-02 7.82221493e-03
-9.99050567e-01 3.36843664e-02 -3.56306858e-03 -2.84289921e-02 8.18611066e-03
-9.98980921e-01 3.29913016e-02 -3.65896113e-03 -2.70800233e-02 8.53634148e-03
-9.98908811e-01 3.23263591e-02 -3.74149655e-03 -2.57139803e-02 8.87132632e-03
-9.98834237e-01 3.16917312e-02 -3.81006893e-03 -2.43334080e-02 9.18958546e-03
-9.98757201e-01 3.10893426e-02 -3.86416652e-03 -2.29408374e-02 9.48974277e-03
-9.98677701e-01 3.05208523e-02 -3.90337009e-03 -2.15387794e-02 9.77052687e-03
-9.98595738e-01 2.99876590e-02 -3.92735057e-03 -2.01297169e-02 1.00307712e-02
-9.98511312e-01 2.94909076e-02 -3.93586573e-03 -1.87160988e-02 1.02694134e-02
-9.98424424e-01 2.90314989e-02 -3.92875630e-03 -1.73003332e-02 1.04854936e-02
-9.98335074e-01 2.86101005e-02 -3.90594135e-03 -1.58847813e-02 1.06781522e-02
-9.98243262e-01 2.82271593e-02 -3.86741339e-03 -1.44717520e-02 1.08466271e-02
-9.98148988e-01 2.78829153e-02 -3.81323295e-03 -1.30634961e-02 1.09902502e-02
-9.98052252e-01 2.75774161e-02 -3.74352304e-03 -1.16622018e-02 1.11084439e-02
-9.97953055e-01 2.73105322e-02 -3.65846342e-03 -1.02699902e-02 1.12007175e-02
-9.97851396e-01 2.70819722e-02 -3.55828493e-03 -8.88891066e-03 1.12666623e-02
-9.97747277e-01 2.68912984e-02 -3.44326385e-03 -7.52093797e-03 1.13059485e-02
-9.97640697e-01 2.67379420e-02 -3.31371646e-03 -6.16796871e-03 1.13183209e-02
-9.97531657e-01 2.66212176e-02 -3.16999391e-03 -4.83181877e-03 1.13035948e-02
-9.97420157e-01 2.65403374e-02 -3.01247731e-03 -3.51422103e-03 1.12616530e-02
-9.97306197e-01 2.64944241e-02 -2.84157339e-03 -2.21682368e-03 1.11924423e-02
-9.97189778e-01 2.64825233e-02 -2.65771043e-03 -9.41188828e-04 1.10959706e-02
-9.97070899e-01 2.65036141e-02 -2.46133476e-03 3.11208330e-04 1.09723045e-02
-9.96949561e-01 2.65566193e-02 -2.25290775e-03 1.53898002e-03 1.08215672e-02
-9.96825765e-01 2.66404140e-02 -2.03290325e-03 2.74082594e-03 1.06439370e-02
-9.96699510e-01 2.67538324e-02 -1.80180557e-03 3.91553299e-03 1.04396461e-02
-9.96570797e-01 2.68956745e-02 -1.56010789e-03 5.06197463e-03 1.02089799e-02
-9.96439627e-01 2.70647107e-02 -1.30831120e-03 6.17910991e-03 9.95227631e-03
-9.96305999e-01 2.72596860e-02 -1.04692356e-03 7.26598226e-03 9.66992636e-03
-9.96169914e-01 2.74793222e-02 -7.76459765e-04 8.32171802e-03 9.36237399e-03
-9.96031373e-01 2.77223205e-02 -4.97441324e-04 9.34552470e-03 9.03011684e-03
-9.95890375e-01 2.79873621e-02 -2.10396700e-04 1.03366892e-02 8.67370696e-03
-9.95746921e-01 2.82731092e-02 8.41382776e-05 1.12945756e-02 8.29375167e-03
-9.95601011e-01 2.85782048e-02 3.85619855e-04 1.22186234e-02 7.89091452e-03
-9.95452646e-01 2.89012726e-02 6.93495730e-04 1.31083449e-02 7.46591613e-03
-9.95301826e-01 2.92409163e-02 1.00720442e-03 1.39633233e-02 7.01953498e-03
-9.95148552e-01 2.95957193e-02 1.32617470e-03 1.47832103e-02 6.55260809e-03
-9.94992823e-01 2.99642444e-02 1.64982510e-03 1.55677238e-02 6.06603131e-03
-9.94834640e-01 3.03450334e-02 1.97756362e-03 1.63166460e-02 5.56075946e-03
-9.94674004e-01 3.07366073e-02 2.30878763e-03 1.70298210e-02 5.03780595e-03
-9.94510915e-01 3.11374672e-02 2.64288395e-03 1.77071528e-02 4.49824212e-03
-9.94345374e-01 3.15460949e-02 2.97922926e-03 1.83486037e-02 3.94319601e-03
-9.94177380e-01 3.19609551e-02 3.31719080e-03 1.89541920e-02 3.37385066e-03
-9.94006934e-01 3.23804971e-02 3.65612728e-03 1.95239906e-02 2.79144193e-03
-9.93834037e-01 3.28031583e-02 3.99539020e-03 2.00581255e-02 2.19725570e-03
-9.93658689e-01 3.32273673e-02 4.33432539e-03 2.05567741e-02 1.59262461e-03
-9.93480891e-01 3.36515479e-02 4.67227484e-03 2.10201640e-02 9.78924139e-04
-9.93300642e-01 3.40741246e-02 5.00857883e-03 2.14485717e-02 3.57568312e-04
-9.93117944e-01 3.44935267e-02 5.34257826e-03 2.18423215e-02 -2.69995228e-04
-9.92932796e-01 3.49081949e-02 5.67361717e-03 2.22017847e-02 -9.02290539e-04
-9.92745200e-01 3.53165868e-02 6.00104549e-03 2.25273782e-02 -1.53781915e-03
-9.92555155e-01 3.57171837e-02 6.32422182e-03 2.28195638e-02 -2.17506619e-03
-9.92362663e-01 3.61084966e-02 6.64251637e-03 2.30788475e-02 -2.81250683e-03
-9.92167724e-01 3.64890733e-02 6.95531392e-03 2.33057782e-02 -3.44861302e-03
-9.91970337e-01 3.68575047e-02 7.26201669e-03 2.35009470e-02 -4.08186032e-03
-9.91770504e-01 3.72124317e-02 7.56204729e-03 2.36649864e-02 -4.71073492e-03
-9.91568226e-01 3.75525509e-02 7.85485145e-03 2.37985691e-02 -5.33374067e-03
-9.91363501e-01 3.78766215e-02 8.13990064e-03 2.39024070e-02 -5.94940608e-03
-9.91156332e-01 3.81834700e-02 8.41669457e-03 2.39772500e-02 -6.55629120e-03
-9.90946719e-01 3.84719960e-02 8.68476339e-03 2.40238847e-02 -7.15299432e-03
-9.90734662e-01 3.87411765e-02 8.94366967e-03 2.40431330e-02 -7.73815844e-03
-9.90520161e-01 3.89900699e-02 9.19301016e-03 2.40358503e-02 -8.31047742e-03
-9.90303218e-01 3.92178196e-02 9.43241717e-03 2.40029240e-02 -8.86870169e-03
-9.90083833e-01 3.94236565e-02 9.66155972e-03 2.39452715e-02 -9.41164366e-03
-9.89862005e-01 3.96069011e-02 9.88014439e-03 2.38638379e-02 -9.93818250e-03
-9.89637737e-01 3.97669647e-02 1.00879157e-02 2.37595939e-02 -1.04472685e-02
-9.89411028e-01 3.99033498e-02 1.02846566e-02 2.36335330e-02 -1.09379269e-02
-9.89181879e-01 4.00156504e-02 1.04701879e-02 2.34866693e-02 -1.14092610e-02
-9.88950290e-01 4.01035509e-02 1.06443683e-02 2.33200342e-02 -1.18604548e-02
-9.88716263e-01 4.01668250e-02 1.08070934e-02 2.31346739e-02 -1.22907750e-02
-9.88479797e-01 4.02053332e-02 1.09582953e-02 2.29316457e-02 -1.26995723e-02
-9.88240894e-01 4.02190210e-02 1.10979408e-02 2.27120150e-02 -1.30862822e-02
-9.87999553e-01 4.02079155e-02 1.12260305e-02 2.24768522e-02 -1.34504253e-02
-9.87755776e-01 4.01721221e-02 1.13425973e-02 2.22272289e-02 -1.37916068e-02
-9.87509562e-01 4.01118211e-02 1.14477047e-02 2.19642143e-02 -1.41095154e-02
-9.87260914e-01 4.00272633e-02 1.15414452e-02 2.16888722e-02 -1.44039222e-02
-9.87009830e-01 3.99187665e-02 1.16239382e-02 2.14022573e-02 -1.46746784e-02
-9.86756313e-01 3.97867108e-02 1.16953286e-02 2.11054114e-02 -1.49217132e-02
-9.86500362e-01 3.96315344e-02 1.17557848e-02 2.07993604e-02 -1.51450307e-02
-9.86241978e-01 3.94537296e-02 1.18054966e-02 2.04851112e-02 -1.53447073e-02
-9.85981162e-01 3.92538383e-02 1.18446740e-02 2.01636479e-02 -1.55208878e-02
-9.85717914e-01 3.90324479e-02 1.18735450e-02 1.98359296e-02 -1.56737819e-02
-9.85452235e-01 3.87901874e-02 1.18923541e-02 1.95028871e-02 -1.58036606e-02
-9.85184126e-01 3.85277238e-02 1.19013608e-02 1.91654206e-02 -1.59108519e-02
-9.84913588e-01 3.82457582e-02 1.19008381e-02 1.88243974e-02 -1.59957367e-02
-9.84640620e-01 3.79450227e-02 1.18910711e-02 1.84806498e-02 -1.60587450e-02
-9.84365224e-01 3.76262771e-02 1.18723559e-02 1.81349735e-02 -1.61003514e-02
-9.84087401e-01 3.72903063e-02 1.18449984e-02 1.77881259e-02 -1.61210712e-02
-9.83807150e-01 3.69379172e-02 1.18093133e-02 1.74408253e-02 -1.61214562e-02
-9.83524474e-01 3.65699368e-02 1.17656231e-02 1.70937499e-02 -1.61020911e-02
-9.83239372e-01 3.61872098e-02 1.17142573e-02 1.67475373e-02 -1.60635893e-02
-9.82951845e-01 3.57905962e-02 1.16555517e-02 1.64027843e-02 -1.60065895e-02
-9.82661894e-01 3.53809699e-02 1.15898476e-02 1.60600473e-02 -1.59317524e-02
-9.82369519e-01 3.49592169e-02 1.15174913e-02 1.57198421e-02 -1.58397572e-02
-9.82074722e-01 3.45262332e-02 1.14388333e-02 1.53826452e-02 -1.57312984e-02
-9.81777503e-01 3.40829239e-02 1.13542279e-02 1.50488947e-02 -1.56070836e-02
-9.81477862e-01 3.36302009e-02 1.12640326e-02 1.47189908e-02 -1.54678304e-02
-9.81175801e-01 3.31689822e-02 1.11686073e-02 1.43932982e-02 -1.53142642e-02
-9.80871321e-01 3.27001896e-02 1.10683139e-02 1.40721470e-02 -1.51471158e-02
-9.80564421e-01 3.22247475e-02 1.09635156e-02 1.37558347e-02 -1.49671200e-02
-9.80255103e-01 3.17435814e-02 1.08545763e-02 1.34446280e-02 -1.47750132e-02
-9.79943368e-01 3.12576156e-02 1.07418597e-02 1.31387649e-02 -1.45715324e-02
-9.79629216e-01 3.07677723e-02 1.06257286e-02 1.28384569e-02 -1.43574132e-02
-9.79312648e-01 3.02749688e-02 1.05065441e-02 1.25438907e-02 -1.41333894e-02
-9.78993665e-01 2.97801161e-02 1.03846647e-02 1.22552307e-02 -1.39001909e-02
-9.78672267e-01 2.92841167e-02 1.02604453e-02 1.19726208e-02 -1.36585436e-02
-9.78348456e-01 2.87878624e-02 1.01342362e-02 1.16961870e-02 -1.34091680e-02
-9.78022233e-01 2.82922323e-02 1.00063821e-02 1.14260386e-02 -1.31527786e-02
-9.77693597e-01 2.77980902e-02 9.87722112e-03 1.11622709e-02 -1.28900830e-02
-9.77362550e-01 2.73062826e-02 9.74708347e-03 1.09049666e-02 -1.26217816e-02
-9.77029093e-01 2.68176364e-02 9.61629047e-03 1.06541976e-02 -1.23485665e-02
-9.76693226e-01 2.63329563e-02 9.48515345e-03 1.04100263e-02 -1.20711211e-02
-9.76354950e-01 2.58530231e-02 9.35397257e-03 1.01725075e-02 -1.17901194e-02
-9.76014267e-01 2.53785909e-02 9.22303575e-03 9.94168909e-03 -1.15062256e-02
-9.75671177e-01 2.49103855e-02 9.09261766e-03 9.71761350e-03 -1.12200931e-02
-9.75325680e-01 2.44491024e-02 8.96297868e-03 9.50031838e-03 -1.09323637e-02
-9.74977778e-01 2.39954045e-02 8.83436397e-03 9.28983739e-03 -1.06436676e-02
-9.74627472e-01 2.35499209e-02 8.70700266e-03 9.08620077e-03 -1.03546218e-02
-9.74274762e-01 2.31132451e-02 8.58110699e-03 8.88943569e-03 -1.00658298e-02
-9.73919650e-01 2.26859339e-02 8.45687173e-03 8.69956648e-03 -9.77788066e-03
-9.73562135e-01 2.22685063e-02 8.33447358e-03 8.51661475e-03 -9.49134793e-03
-9.73202220e-01 2.18614423e-02 8.21407073e-03 8.34059930e-03 -9.20678895e-03
-9.72839904e-01 2.14651825e-02 8.09580250e-03 8.17153594e-03 -8.92474377e-03
-9.72475189e-01 2.10801276e-02 7.97978921e-03 8.00943720e-03 -8.64573419e-03
-9.72108076e-01 2.07066382e-02 7.86613205e-03 7.85431196e-03 -8.37026273e-03
-9.71738566e-01 2.03450346e-02 7.75491318e-03 7.70616492e-03 -8.09881158e-03
-9.71366659e-01 1.99955973e-02 7.64619588e-03 7.56499612e-03 -7.83184160e-03
-9.70992357e-01 1.96585671e-02 7.54002490e-03 7.43080030e-03 -7.56979125e-03
-9.70615660e-01 1.93341460e-02 7.43642685e-03 7.30356628e-03 -7.31307560e-03
-9.70236569e-01 1.90224975e-02 7.33541082e-03 7.18327633e-03 -7.06208528e-03
-9.69855086e-01 1.87237480e-02 7.23696897e-03 7.06990546e-03 -6.81718555e-03
-9.69471210e-01 1.84379874e-02 7.14107732e-03 6.96342079e-03 -6.57871538e-03
-9.69084944e-01 1.81652705e-02 7.04769663e-03 6.86378093e-03 -6.34698655e-03
-9.68696288e-01 1.79056181e-02 6.95677329e-03 6.77093532e-03 -6.12228288e-03
-9.68305243e-01 1.76590184e-02 6.86824036e-03 6.68482372e-03 -5.90485950e-03
-9.67911810e-01 1.74254281e-02 6.78201863e-03 6.60537563e-03 -5.69494219e-03
-9.67515990e-01 1.72047741e-02 6.69801773e-03 6.53250986e-03 -5.49272686e-03
-9.67117784e-01 1.69969545e-02 6.61613729e-03 6.46613411e-03 -5.29837910e-03
-9.66717192e-01 1.68018402e-02 6.53626814e-03 6.40614466e-03 -5.11203383e-03
-9.66314217e-01 1.66192764e-02 6.45829348e-03 6.35242606e-03 -4.93379513e-03
-9.65908859e-01 1.64490833e-02 6.38209008e-03 6.30485100e-03 -4.76373612e-03
-9.65501118e-01 1.62910582e-02 6.30752952e-03 6.26328016e-03 -4.60189897e-03
-9.65090997e-01 1.61449760e-02 6.23447932e-03 6.22756222e-03 -4.44829514e-03
-9.64678495e-01 1.60105906e-02 6.16280415e-03 6.19753386e-03 -4.30290561e-03
-9.64263614e-01 1.58876361e-02 6.09236692e-03 6.17301995e-03 -4.16568136e-03
-9.63846355e-01 1.57758277e-02 6.02302988e-03 6.15383375e-03 -4.03654393e-03
-9.63426720e-01 1.56748630e-02 5.95465566e-03 6.13977719e-03 -3.91538612e-03
-9.63004708e-01 1.55844225e-02 5.88710829e-03 6.13064128e-03 -3.80207283e-03
-9.62580321e-01 1.55041706e-02 5.82025408e-03 6.12620653e-03 -3.69644202e-03
-9.62153561e-01 1.54337567e-02 5.75396257e-03 6.12624354e-03 -3.59830582e-03
-9.61724427e-01 1.53728162e-02 5.68810726e-03 6.13051355e-03 -3.50745172e-03
-9.61292922e-01 1.53209706e-02 5.62256639e-03 6.13876920e-03 -3.42364390e-03
-9.60859046e-01 1.52778292e-02 5.55722364e-03 6.15075524e-03 -3.34662468e-03
-9.60422801e-01 1.52429895e-02 5.49196864e-03 6.16620938e-03 -3.27611601e-03
-9.59984187e-01 1.52160384e-02 5.42669758e-03 6.18486322e-03 -3.21182112e-03
-9.59543205e-01 1.51965528e-02 5.36131359e-03 6.20644320e-03 -3.15342618e-03
-9.59099857e-01 1.51841007e-02 5.29572711e-03 6.23067164e-03 -3.10060214e-03
-9.58654144e-01 1.51782426e-02 5.22985619e-03 6.25726785e-03 -3.05300647e-03
-9.58206066e-01 1.51785321e-02 5.16362665e-03 6.28594926e-03 -3.01028511e-03
-9.57755626e-01 1.51845175e-02 5.09697221e-03 6.31643265e-03 -2.97207436e-03
-9.57302823e-01 1.51957429e-02 5.02983452e-03 6.34843538e-03 -2.93800285e-03
-9.56847660e-01 1.52117496e-02 4.96216307e-03 6.38167669e-03 -2.90769347e-03
-9.56390137e-01 1.52320774e-02 4.89391507e-03 6.41587901e-03 -2.88076539e-03
-9.55930255e-01 1.52562661e-02 4.82505521e-03 6.45076929e-03 -2.85683598e-03
-9.55468016e-01 1.52838575e-02 4.75555533e-03 6.48608037e-03 -2.83552282e-03
-9.55003420e-01 1.53143962e-02 4.68539404e-03 6.52155231e-03 -2.81644561e-03
-9.54536469e-01 1.53474320e-02 4.61455623e-03 6.55693377e-03 -2.79922806e-03
-9.54067164e-01 1.53825214e-02 4.54303251e-03 6.59198330e-03 -2.78349975e-03
-9.53595507e-01 1.54192288e-02 4.47081863e-03 6.62647064e-03 -2.76889795e-03
-9.53121497e-01 1.54571292e-02 4.39791471e-03 6.66017801e-03 -2.75506935e-03
-9.52645137e-01 1.54958090e-02 4.32432456e-03 6.69290123e-03 -2.74167174e-03
-9.52166428e-01 1.55348681e-02 4.25005485e-03 6.72445091e-03 -2.72837559e-03
-9.51685370e-01 1.55739217e-02 4.17511429e-03 6.75465344e-03 -2.71486560e-03
-9.51201965e-01 1.56126016e-02 4.09951273e-03 6.78335197e-03 -2.70084211e-03
-9.50716215e-01 1.56505580e-02 4.02326029e-03 6.81040725e-03 -2.68602241e-03
-9.50228120e-01 1.56874604e-02 3.94636643e-03 6.83569830e-03 -2.67014199e-03
-9.49737681e-01 1.57229999e-02 3.86883911e-03 6.85912309e-03 -2.65295568e-03
-9.49244901e-01 1.57568893e-02 3.79068385e-03 6.88059892e-03 -2.63423863e-03
-9.48749779e-01 1.57888651e-02 3.71190291e-03 6.90006277e-03 -2.61378723e-03
-9.48252318e-01 1.58186881e-02 3.63249450e-03 6.91747147e-03 -2.59141991e-03
-9.47752518e-01 1.58461439e-02 3.55245202e-03 6.93280167e-03 -2.56697775e-03
-9.47250380e-01 1.58710444e-02 3.47176340e-03 6.94604971e-03 -2.54032510e-03
-9.46745907e-01 1.58932272e-02 3.39041050e-03 6.95723131e-03 -2.51134994e-03
-9.46239099e-01 1.59125570e-02 3.30836866e-03 6.96638103e-03 -2.47996417e-03
-9.45729957e-01 1.59289249e-02 3.22560627e-03 6.97355169e-03 -2.44610383e-03
-9.45218483e-01 1.59422490e-02 3.14208455e-03 6.97881353e-03 -2.40972908e-03
-9.44704677e-01 1.59524738e-02 3.05775740e-03 6.98225325e-03 -2.37082413e-03
-9.44188542e-01 1.59595703e-02 2.97257139e-03 6.98397289e-03 -2.32939703e-03
-9.43670079e-01 1.59635351e-02 2.88646589e-03 6.98408861e-03 -2.28547931e-03
-9.43149288e-01 1.59643897e-02 2.79937337e-03 6.98272928e-03 -2.23912550e-03
-9.42626171e-01 1.59621802e-02 2.71121975e-03 6.98003496e-03 -2.19041257e-03
-9.42100730e-01 1.59569757e-02 2.62192499e-03 6.97615533e-03 -2.13943916e-03
-9.41572965e-01 1.59488675e-02 2.53140371e-03 6.97124795e-03 -2.08632476e-03
-9.41042878e-01 1.59379681e-02 2.43956602e-03 6.96547650e-03 -2.03120878e-03
-9.40510470e-01 1.59244093e-02 2.34631841e-03 6.95900890e-03 -1.97424941e-03
-9.39975743e-01 1.59083411e-02 2.25156473e-03 6.95201544e-03 -1.91562254e-03
-9.39438698e-01 1.58899300e-02 2.15520730e-03 6.94466684e-03 -1.85552038e-03
-9.38899336e-01 1.58693574e-02 2.05714807e-03 6.93713235e-03 -1.79415017e-03
-9.38357658e-01 1.58468179e-02 1.95728982e-03 6.92957778e-03 -1.73173268e-03
-9.37813667e-01 1.58225173e-02 1.85553744e-03 6.92216363e-03 -1.66850066e-03
-9.37267362e-01 1.57966710e-02 1.75179916e-03 6.91504328e-03 -1.60469727e-03
-9.36718746e-01 1.57695018e-02 1.64598789e-03 6.90836112e-03 -1.54057439e-03
-9.36167820e-01 1.57412385e-02 1.53802241e-03 6.90225095e-03 -1.47639091e-03
-9.35614585e-01 1.57121135e-02 1.42782862e-03 6.89683434e-03 -1.41241098e-03
-9.35059043e-01 1.56823608e-02 1.31534071e-03 6.89221914e-03 -1.34890224e-03
-9.34501195e-01 1.56522149e-02 1.20050226e-03 6.88849821e-03 -1.28613405e-03
-9.33941042e-01 1.56219080e-02 1.08326720e-03 6.88574816e-03 -1.22437568e-03
-9.33378586e-01 1.55916686e-02 9.63600781e-04 6.88402840e-03 -1.16389460e-03
-9.32813828e-01 1.55617201e-02 8.41480317e-04 6.88338025e-03 -1.10495470e-03
-9.32246769e-01 1.55322784e-02 7.16895879e-04 6.88382630e-03 -1.04781465e-03
-9.31677412e-01 1.55035509e-02 5.89850827e-04 6.88536996e-03 -9.92726285e-04
-9.31105757e-01 1.54757348e-02 4.60362209e-04 6.88799518e-03 -9.39933021e-04
-9.30531805e-01 1.54490159e-02 3.28461027e-04 6.89166641e-03 -8.89668443e-04
-9.29955559e-01 1.54235670e-02 1.94192352e-04 6.89632878e-03 -8.42154927e-04
-9.29377019e-01 1.53995474e-02 5.76153136e-05 6.90190841e-03 -7.97602401e-04
-9.28796187e-01 1.53771013e-02 -8.11970601e-05 6.90831302e-03 -7.56207218e-04
-9.28213065e-01 1.53563575e-02 -2.22158122e-04 6.91543270e-03 -7.18151167e-04
-9.27627654e-01 1.53374285e-02 -3.65168014e-04 6.92314086e-03 -6.83600610e-04
-9.27039955e-01 1.53204104e-02 -5.10114183e-04 6.93129540e-03 -6.52705768e-04
-9.26449969e-01 1.53053818e-02 -6.56872004e-04 6.93974002e-03 -6.25600152e-04
-9.25857699e-01 1.52924046e-02 -8.05305492e-04 6.94830572e-03 -6.02400142e-04
-9.25263146e-01 1.52815236e-02 -9.55268099e-04 6.95681244e-03 -5.83204710e-04
-9.24666310e-01 1.52727665e-02 -1.10660357e-03 6.96507084e-03 -5.68095302e-04
-9.24067195e-01 1.52661448e-02 -1.25914688e-03 6.97288416e-03 -5.57135850e-04
-9.23465800e-01 1.52616536e-02 -1.41272515e-03 6.98005024e-03 -5.50372933e-04
-9.22862128e-01 1.52592732e-02 -1.56715870e-03 6.98636355e-03 -5.47836076e-04
-9.22256180e-01 1.52589692e-02 -1.72226203e-03 6.99161728e-03 -5.49538164e-04
-9.21647958e-01 1.52606934e-02 -1.87784487e-03 6.99560554e-03 -5.55475986e-04
-9.21037462e-01 1.52643856e-02 -2.03371322e-03 6.99812545e-03 -5.65630891e-04
-9.20424696e-01 1.52699739e-02 -2.18967036e-03 6.99897934e-03 -5.79969530e-04
-9.19809659e-01 1.52773766e-02 -2.34551791e-03 6.99797678e-03 -5.98444707e-04
-9.19192354e-01 1.52865031e-02 -2.50105684e-03 6.99493669e-03 -6.20996299e-04
-9.18572782e-01 1.52972556e-02 -2.65608847e-03 6.98968925e-03 -6.47552246e-04
-9.17950945e-01 1.53095302e-02 -2.81041543e-03 6.98207781e-03 -6.78029602e-04
-9.17326844e-01 1.53232186e-02 -2.96384269e-03 6.97196057e-03 -7.12335634e-04
-9.16700480e-01 1.53382095e-02 -3.11617842e-03 6.95921221e-03 -7.50368956e-04
-9.16071856e-01 1.53543897e-02 -3.26723495e-03 6.94372531e-03 -7.92020689e-04
-9.15440973e-01 1.53716460e-02 -3.41682967e-03 6.92541163e-03 -8.37175643e-04
-9.14807832e-01 1.53898660e-02 -3.56478589e-03 6.90420311e-03 -8.85713505e-04
-9.14172435e-01 1.54089397e-02 -3.71093367e-03 6.88005282e-03 -9.37510022e-04
-9.13534783e-01 1.54287604e-02 -3.85511065e-03 6.85293550e-03 -9.92438184e-04
-9.12894879e-01 1.54492259e-02 -3.99716281e-03 6.82284810e-03 -1.05036938e-03
-9.12252723e-01 1.54702394e-02 -4.13694524e-03 6.78980987e-03 -1.11117453e-03
-9.11608317e-01 1.54917101e-02 -4.27432279e-03 6.75386240e-03 -1.17472522e-03
-9.10961663e-01 1.55135542e-02 -4.40917080e-03 6.71506933e-03 -1.24089470e-03
-9.10312763e-01 1.55356949e-02 -4.54137560e-03 6.67351587e-03 -1.30955898e-03
-9.09661618e-01 1.55580633e-02 -4.67083512e-03 6.62930810e-03 -1.38059776e-03
-9.09008229e-01 1.55805979e-02 -4.79745929e-03 6.58257205e-03 -1.45389531e-03
-9.08352599e-01 1.56032453e-02 -4.92117045e-03 6.53345260e-03 -1.52934138e-03
-9.07694728e-01 1.56259595e-02 -5.04190357e-03 6.48211216e-03 -1.60683192e-03
-9.07034619e-01 1.56487020e-02 -5.15960649e-03 6.42872925e-03 -1.68626978e-03
-9.06372273e-01 1.56714407e-02 -5.27423991e-03 6.37349684e-03 -1.76756533e-03
-9.05707691e-01 1.56941503e-02 -5.38577731e-03 6.31662067e-03 -1.85063697e-03
-9.05040876e-01 1.57168105e-02 -5.49420478e-03 6.25831737e-03 -1.93541156e-03
-9.04371830e-01 1.57394057e-02 -5.59952061e-03 6.19881257e-03 -2.02182469e-03
-9.03700552e-01 1.57619242e-02 -5.70173479e-03 6.13833893e-03 -2.10982095e-03
-9.03027046e-01 1.57843568e-02 -5.80086833e-03 6.07713413e-03 -2.19935397e-03
-9.02351313e-01 1.58066955e-02 -5.89695244e-03 6.01543890e-03 -2.29038641e-03
-9.01673355e-01 1.58289330e-02 -5.99002754e-03 5.95349507e-03 -2.38288980e-03
-9.00993173e-01 1.58510612e-02 -6.08014210e-03 5.89154361e-03 -2.47684426e-03
-9.00310769e-01 1.58730697e-02 -6.16735136e-03 5.82982285e-03 -2.57223808e-03
-8.99626145e-01 1.58949453e-02 -6.25171592e-03 5.76856672e-03 -2.66906718e-03
-8.98939302e-01 1.59166702e-02 -6.33330019e-03 5.70800319e-03 -2.76733441e-03
-8.98250242e-01 1.59382216e-02 -6.41217076e-03 5.64835277e-03 -2.86704880e-03
-8.97558967e-01 1.59595705e-02 -6.48839467e-03 5.58982726e-03 -2.96822458e-03
-8.96865478e-01 1.59806807e-02 -6.56203767e-03 5.53262861e-03 -3.07088011e-03
-8.96169778e-01 1.60015083e-02 -6.63316240e-03 5.47694801e-03 -3.17503679e-03
-8.95471867e-01 1.60220014e-02 -6.70182663e-03 5.42296519e-03 -3.28071771e-03
-8.94771748e-01 1.60420993e-02 -6.76808156e-03 5.37084789e-03 -3.38794632e-03
-8.94069423e-01 1.60617325e-02 -6.83197010e-03 5.32075153e-03 -3.49674500e-03
-8.93364892e-01 1.60808230e-02 -6.89352542e-03 5.27281914e-03 -3.60713353e-03
-8.92658159e-01 1.60992840e-02 -6.95276951e-03 5.22718147e-03 -3.71912755e-03
-8.91949223e-01 1.61170207e-02 -7.00971203e-03 5.18395721e-03 -3.83273696e-03
-8.91238089e-01 1.61339310e-02 -7.06434934e-03 5.14325352e-03 -3.94796436e-03
-8.90524756e-01 1.61499061e-02 -7.11666383e-03 5.10516662e-03 -4.06480349e-03
-8.89809227e-01 1.61648316e-02 -7.16662350e-03 5.06978257e-03 -4.18323766e-03
-8.89091503e-01 1.61785891e-02 -7.21418188e-03 5.03717813e-03 -4.30323832e-03
-8.88371587e-01 1.61910571e-02 -7.25927831e-03 5.00742178e-03 -4.42476369e-03
-8.87649480e-01 1.62021131e-02 -7.30183854e-03 4.98057471e-03 -4.54775750e-03
-8.86925184e-01 1.62116349e-02 -7.34177571e-03 4.95669200e-03 -4.67214788e-03
-8.86198701e-01 1.62195029e-02 -7.37899173e-03 4.93582362e-03 -4.79784640e-03
-8.85470032e-01 1.62256018e-02 -7.41337898e-03 4.91801562e-03 -4.92474736e-03
-8.84739180e-01 1.62298229e-02 -7.44482242e-03 4.90331110e-03 -5.05272717e-03
-8.84006145e-01 1.62320656e-02 -7.47320198e-03 4.89175120e-03 -5.18164410e-03
-8.83270931e-01 1.62322405e-02 -7.49839530e-03 4.88337599e-03 -5.31133818e-03
-8.82533538e-01 1.62302704e-02 -7.52028076e-03 4.87822519e-03 -5.44163139e-03
-8.81793969e-01 1.62260931e-02 -7.53874068e-03 4.87633876e-03 -5.57232815e-03
-8.81052225e-01 1.62196631e-02 -7.55366477e-03 4.87775735e-03 -5.70321599e-03
-8.80308308e-01 1.62109533e-02 -7.56495370e-03 4.88252249e-03 -5.83406664e-03
-8.79562220e-01 1.61999565e-02 -7.57252273e-03 4.89067666e-03 -5.96463726e-03
-8.78813963e-01 1.61866874e-02 -7.57630535e-03 4.90226309e-03 -6.09467201e-03
-8.78063539e-01 1.61711833e-02 -7.57625684e-03 4.91732534e-03 -6.22390385e-03
-8.77310949e-01 1.61535055e-02 -7.57235780e-03 4.93590673e-03 -6.35205663e-03
-8.76556196e-01 1.61337398e-02 -7.56461732e-03 4.95804946e-03 -6.47884727e-03
-8.75799281e-01 1.61119968e-02 -7.55307605e-03 4.98379356e-03 -6.60398829e-03
-8.75040206e-01 1.60884125e-02 -7.53780882e-03 5.01317568e-03 -6.72719035e-03
-8.74278973e-01 1.60631474e-02 -7.51892693e-03 5.04622763e-03 -6.84816508e-03
-8.73515584e-01 1.60363869e-02 -7.49657994e-03 5.08297479e-03 -6.96662782e-03
-8.72750041e-01 1.60083394e-02 -7.47095700e-03 5.12343439e-03 -7.08230056e-03
-8.71982345e-01 1.59792360e-02 -7.44228759e-03 5.16761366e-03 -7.19491481e-03
-8.71212499e-01 1.59493284e-02 -7.41084169e-03 5.21550793e-03 -7.30421448e-03
-8.70440504e-01 1.59188873e-02 -7.37692931e-03 5.26709861e-03 -7.40995867e-03
-8.69666363e-01 1.58882004e-02 -7.34089947e-03 5.32235126e-03 -7.51192433e-03
-8.68890077e-01 1.58575695e-02 -7.30313842e-03 5.38121361e-03 -7.60990877e-03
-8.68111648e-01 1.58273084e-02 -7.26406734e-03 5.44361363e-03 -7.70373202e-03
-8.67331079e-01 1.57977397e-02 -7.22413935e-03 5.50945777e-03 -7.79323889e-03
-8.66548370e-01 1.57691916e-02 -7.18383600e-03 5.57862927e-03 -7.87830080e-03
-8.65763524e-01 1.57419950e-02 -7.14366315e-03 5.65098663e-03 -7.95881733e-03
-8.64976543e-01 1.57164801e-02 -7.10414640e-03 5.72636234e-03 -8.03471740e-03
-8.64187429e-01 1.56929726e-02 -7.06582606e-03 5.80456181e-03 -8.10596018e-03
-8.63396184e-01 1.56717907e-02 -7.02925176e-03 5.88536255e-03 -8.17253557e-03
-8.62602809e-01 1.56532414e-02 -6.99497677e-03 5.96851362e-03 -8.23446443e-03
-8.61807307e-01 1.56376176e-02 -6.96355208e-03 6.05373548e-03 -8.29179832e-03
-8.61009680e-01 1.56251940e-02 -6.93552042e-03 6.14072000e-03 -8.34461900e-03
-8.60209930e-01 1.56162250e-02 -6.91141013e-03 6.22913101e-03 -8.39303753e-03
-8.59408057e-01 1.56109411e-02 -6.89172924e-03 6.31860497e-03 -8.43719304e-03
-8.58604066e-01 1.56095467e-02 -6.87695952e-03 6.40875219e-03 -8.47725119e-03
-8.57797957e-01 1.56122172e-02 -6.86755092e-03 6.49915824e-03 -8.51340242e-03
-8.56989732e-01 1.56190976e-02 -6.86391622e-03 6.58938577e-03 -8.54585986e-03
-8.56179395e-01 1.56303003e-02 -6.86642616e-03 6.67897664e-03 -8.57485712e-03
-8.55366945e-01 1.56459040e-02 -6.87540496e-03 6.76745436e-03 -8.60064583e-03
-8.54552386e-01 1.56659523e-02 -6.89112644e-03 6.85432679e-03 -8.62349311e-03
-8.53735720e-01 1.56904538e-02 -6.91381072e-03 6.93908914e-03 -8.64367896e-03
-8.52916948e-01 1.57193813e-02 -6.94362153e-03 7.02122716e-03 -8.66149356e-03
-8.52096073e-01 1.57526723e-02 -6.98066426e-03 7.10022059e-03 -8.67723464e-03
-8.51273096e-01 1.57902296e-02 -7.02498460e-03 7.17554670e-03 -8.69120487e-03
-8.50448020e-01 1.58319224e-02 -7.07656801e-03 7.24668406e-03 -8.70370931e-03
-8.49620847e-01 1.58775873e-02 -7.13533978e-03 7.31311629e-03 -8.71505305e-03
-8.48791578e-01 1.59270307e-02 -7.20116588e-03 7.37433600e-03 -8.72553900e-03
-8.47960216e-01 1.59800304e-02 -7.27385439e-03 7.42984860e-03 -8.73546581e-03
-8.47126763e-01 1.60363379e-02 -7.35315762e-03 7.47917624e-03 -8.74512609e-03
-8.46291221e-01 1.60956817e-02 -7.43877481e-03 7.52186157e-03 -8.75480484e-03
-8.45453591e-01 1.61577692e-02 -7.53035529e-03 7.55747149e-03 -8.76477811e-03
-8.44613877e-01 1.62222906e-02 -7.62750220e-03 7.58560073e-03 -8.77531194e-03
-8.43772079e-01 1.62889218e-02 -7.72977655e-03 7.60587523e-03 -8.78666158e-03
-8.42928201e-01 1.63573273e-02 -7.83670159e-03 7.61795546e-03 -8.79907090e-03
-8.42082244e-01 1.64271641e-02 -7.94776744e-03 7.62153933e-03 -8.81277210e-03
-8.41234210e-01 1.64980848e-02 -8.06243593e-03 7.61636503e-03 -8.82798564e-03
-8.40384102e-01 1.65697408e-02 -8.18014541e-03 7.60221346e-03 -8.84492033e-03
-8.39531921e-01 1.66417853e-02 -8.30031569e-03 7.57891048e-03 -8.86377362e-03
-8.38677669e-01 1.67138770e-02 -8.42235284e-03 7.54632876e-03 -8.88473205e-03
-8.37821349e-01 1.67856823e-02 -8.54565386e-03 7.50438937e-03 -8.90797175e-03
-8.36962964e-01 1.68568781e-02 -8.66961120e-03 7.45306302e-03 -8.93365904e-03
-8.36102514e-01 1.69271546e-02 -8.79361696e-03 7.39237094e-03 -8.96195106e-03
-8.35240002e-01 1.69962170e-02 -8.91706686e-03 7.32238547e-03 -8.99299634e-03
-8.34375430e-01 1.70637876e-02 -9.03936384e-03 7.24323024e-03 -9.02693539e-03
-8.33508800e-01 1.71296071e-02 -9.15992126e-03 7.15508007e-03 -9.06390113e-03
-8.32640115e-01 1.71934362e-02 -9.27816585e-03 7.05816044e-03 -9.10401922e-03
-8.31769377e-01 1.72550559e-02 -9.39354010e-03 6.95274673e-03 -9.14740819e-03
-8.30896587e-01 1.73142688e-02 -9.50550444e-03 6.83916302e-03 -9.19417948e-03
-8.30021748e-01 1.73708986e-02 -9.61353892e-03 6.71778070e-03 -9.24443714e-03
-8.29144862e-01 1.74247907e-02 -9.71714464e-03 6.58901659e-03 -9.29827743e-03
-8.28265931e-01 1.74758110e-02 -9.81584482e-03 6.45333094e-03 -9.35578806e-03
-8.27384958e-01 1.75238462e-02 -9.90918557e-03 6.31122504e-03 -9.41704735e-03
-8.26501944e-01 1.75688020e-02 -9.99673649e-03 6.16323856e-03 -9.48212296e-03
-8.25616892e-01 1.76106027e-02 -1.00780911e-02 6.00994669e-03 -9.55107063e-03
-8.24729804e-01 1.76491893e-02 -1.01528668e-02 5.85195697e-03 -9.62393250e-03
-8.23840681e-01 1.76845185e-02 -1.02207055e-02 5.68990595e-03 -9.70073546e-03
-8.22949527e-01 1.77165607e-02 -1.02812734e-02 5.52445561e-03 -9.78148920e-03
-8.22056344e-01 1.77452986e-02 -1.03342609e-02 5.35628963e-03 -9.86618428e-03
-8.21161133e-01 1.77707253e-02 -1.03793835e-02 5.18610943e-03 -9.95479007e-03
-8.20263897e-01 1.77928430e-02 -1.04163811e-02 5.01463018e-03 -1.00472528e-02
-8.19364639e-01 1.78116608e-02 -1.04450194e-02 4.84257653e-03 -1.01434933e-02
-8.18463359e-01 1.78271931e-02 -1.04650895e-02 4.67067840e-03 -1.02434058e-02
-8.17560061e-01 1.78394587e-02 -1.04764094e-02 4.49966659e-03 -1.03468552e-02
-8.16654747e-01 1.78484786e-02 -1.04788243e-02 4.33026838e-03 -1.04536765e-02
-8.15747419e-01 1.78542756e-02 -1.04722080e-02 4.16320311e-03 -1.05636732e-02
-8.14838079e-01 1.78568725e-02 -1.04564642e-02 3.99917775e-03 -1.06766161e-02
-8.13926729e-01 1.78562916e-02 -1.04315277e-02 3.83888251e-03 -1.07922432e-02
-8.13013373e-01 1.78525544e-02 -1.03973660e-02 3.68298655e-03 -1.09102596e-02
-8.12098011e-01 1.78456805e-02 -1.03539809e-02 3.53213370e-03 -1.10303371e-02
-8.11180646e-01 1.78356878e-02 -1.03014106e-02 3.38693835e-03 -1.11521158e-02
-8.10261281e-01 1.78225925e-02 -1.02397306e-02 3.24798156e-03 -1.12752049e-02
-8.09339918e-01 1.78064093e-02 -1.01690560e-02 3.11580720e-03 -1.13991844e-02
-8.08416559e-01 1.77871519e-02 -1.00895430e-02 2.99091846e-03 -1.15236077e-02
-8.07491206e-01 1.77648333e-02 -1.00013900e-02 2.87377452e-03 -1.16480038e-02
-8.06563861e-01 1.77394670e-02 -9.90483879e-03 2.76478747e-03 -1.17718810e-02
-8.05634528e-01 1.77110678e-02 -9.80017567e-03 2.66431965e-03 -1.18947303e-02
-8.04703207e-01 1.76796527e-02 -9.68773180e-03 2.57268117e-03 -1.20160296e-02
-8.03769903e-01 1.76452420e-02 -9.56788338e-03 2.49012791e-03 -1.21352479e-02
-8.02834616e-01 1.76078608e-02 -9.44105139e-03 2.41685980e-03 -1.22518501e-02
-8.01897349e-01 1.75675399e-02 -9.30770074e-03 2.35301954e-03 -1.23653024e-02
-8.00958104e-01 1.75243170e-02 -9.16833903e-03 2.29869176e-03 -1.24750767e-02
-8.00016884e-01 1.74782383e-02 -9.02351472e-03 2.25390251e-03 -1.25806565e-02
-7.99073691e-01 1.74293590e-02 -8.87381468e-03 2.21861928e-03 -1.26815422e-02
-7.98128528e-01 1.73777446e-02 -8.71986131e-03 2.19275142e-03 -1.27772558e-02
-7.97181396e-01 1.73234720e-02 -8.56230902e-03 2.17615094e-03 -1.28673467e-02
-7.96232298e-01 1.72666296e-02 -8.40184022e-03 2.16861389e-03 -1.29513965e-02
-7.95281236e-01 1.72073186e-02 -8.23916080e-03 2.16988200e-03 -1.30290234e-02
-7.94328214e-01 1.71456530e-02 -8.07499516e-03 2.17964485e-03 -1.30998869e-02
-7.93373232e-01 1.70817596e-02 -7.91008083e-03 2.19754238e-03 -1.31636915e-02
-7.92416293e-01 1.70157786e-02 -7.74516278e-03 2.22316782e-03 -1.32201903e-02
-7.91457401e-01 1.69478628e-02 -7.58098741e-03 2.25607093e-03 -1.32691875e-02
-7.90496556e-01 1.68781773e-02 -7.41829639e-03 2.29576157e-03 -1.33105415e-02
-7.89533763e-01 1.68068991e-02 -7.25782036e-03 2.34171357e-03 -1.33441659e-02
-7.88569022e-01 1.67342160e-02 -7.10027265e-03 2.39336884e-03 -1.33700308e-02
-7.87602336e-01 1.66603258e-02 -6.94634299e-03 2.45014168e-03 -1.33881633e-02
-7.86633708e-01 1.65854350e-02 -6.79669151e-03 2.51142329e-03 -1.33986472e-02
-7.85663139e-01 1.65097575e-02 -6.65194283e-03 2.57658636e-03 -1.34016217e-02
-7.84690634e-01 1.64335133e-02 -6.51268063e-03 2.64498977e-03 -1.33972804e-02
-7.83716193e-01 1.63569267e-02 -6.37944257e-03 2.71598330e-03 -1.33858687e-02
-7.82739819e-01 1.62802250e-02 -6.25271569e-03 2.78891231e-03 -1.33676808e-02
-7.81761515e-01 1.62036366e-02 -6.13293241e-03 2.86312244e-03 -1.33430570e-02
-7.80781283e-01 1.61273899e-02 -6.02046717e-03 2.93796407e-03 -1.33123791e-02
-7.79799126e-01 1.60517107e-02 -5.91563371e-03 3.01279677e-03 -1.32760666e-02
-7.78815045e-01 1.59768217e-02 -5.81868303e-03 3.08699344e-03 -1.32345718e-02
-7.77829044e-01 1.59029401e-02 -5.72980219e-03 3.15994430e-03 -1.31883750e-02
-7.76841124e-01 1.58302767e-02 -5.64911374e-03 3.23106059e-03 -1.31379793e-02
-7.75851289e-01 1.57590347e-02 -5.57667599e-03 3.29977798e-03 -1.30839052e-02
-7.74859540e-01 1.56894079e-02 -5.51248393e-03 3.36555967e-03 -1.30266854e-02
-7.73865880e-01 1.56215804e-02 -5.45647097e-03 3.42789911e-03 -1.29668592e-02
-7.72870312e-01 1.55557250e-02 -5.40851124e-03 3.48632241e-03 -1.29049677e-02
-7.71872838e-01 1.54920035e-02 -5.36842255e-03 3.54039038e-03 -1.28415481e-02
-7.70873460e-01 1.54305650e-02 -5.33597001e-03 3.58970014e-03 -1.27771293e-02
-7.69872181e-01 1.53715464e-02 -5.31086995e-03 3.63388641e-03 -1.27122272e-02
-7.68869004e-01 1.53150719e-02 -5.29279447e-03 3.67262240e-03 -1.26473402e-02
-7.67863930e-01 1.52612527e-02 -5.28137621e-03 3.70562033e-03 -1.25829459e-02
-7.66856963e-01 1.52101877e-02 -5.27621337e-03 3.73263158e-03 -1.25194973e-02
-7.65848104e-01 1.51619630e-02 -5.27687501e-03 3.75344655e-03 -1.24574198e-02
-7.64837357e-01 1.51166525e-02 -5.28290630e-03 3.76789416e-03 -1.23971089e-02
-7.63824724e-01 1.50743186e-02 -5.29383386e-03 3.77584105e-03 -1.23389282e-02
-7.62810206e-01 1.50350121e-02 -5.30917099e-03 3.77719055e-03 -1.22832077e-02
-7.61793808e-01 1.49987729e-02 -5.32842268e-03 3.77188137e-03 -1.22302431e-02
-7.60775531e-01 1.49656306e-02 -5.35109050e-03 3.75988611e-03 -1.21802949e-02
-7.59755377e-01 1.49356051e-02 -5.37667707e-03 3.74120956e-03 -1.21335884e-02
-7.58733350e-01 1.49087065e-02 -5.40469019e-03 3.71588693e-03 -1.20903138e-02
-7.57709452e-01 1.48849362e-02 -5.43464665e-03 3.68398188e-03 -1.20506272e-02
-7.56683685e-01 1.48642867e-02 -5.46607549e-03 3.64558451e-03 -1.20146513e-02
-7.55656053e-01 1.48467422e-02 -5.49852079e-03 3.60080935e-03 -1.19824769e-02
-7.54626556e-01 1.48322785e-02 -5.53154407e-03 3.54979326e-03 -1.19541639e-02
-7.53595199e-01 1.48208633e-02 -5.56472605e-03 3.49269339e-03 -1.19297436e-02
-7.52561982e-01 1.48124561e-02 -5.59766803e-03 3.42968520e-03 -1.19092200e-02
-7.51526911e-01 1.48070076e-02 -5.62999277e-03 3.36096049e-03 -1.18925723e-02
-7.50489985e-01 1.48044603e-02 -5.66134484e-03 3.28672556e-03 -1.18797561e-02
-7.49451209e-01 1.48047473e-02 -5.69139065e-03 3.20719946e-03 -1.18707061e-02
-7.48410585e-01 1.48077921e-02 -5.71981806e-03 3.12261241e-03 -1.18653375e-02
-7.47368114e-01 1.48135084e-02 -5.74633561e-03 3.03320424e-03 -1.18635482e-02
-7.46323801e-01 1.48217990e-02 -5.77067159e-03 2.93922307e-03 -1.18652202e-02
-7.45277647e-01 1.48325557e-02 -5.79257272e-03 2.84092415e-03 -1.18702216e-02
-7.44229655e-01 1.48456580e-02 -5.81180285e-03 2.73856871e-03 -1.18784075e-02
-7.43179828e-01 1.48609731e-02 -5.82814137e-03 2.63242315e-03 -1.18896219e-02
-7.42128168e-01 1.48783550e-02 -5.84138172e-03 2.52275816e-03 -1.19036984e-02
-7.41074678e-01 1.48976440e-02 -5.85132982e-03 2.40984818e-03 -1.19204613e-02
-7.40019360e-01 1.49186664e-02 -5.85780261e-03 2.29397078e-03 -1.19397263e-02
-7.38962217e-01 1.49412340e-02 -5.86062667e-03 2.17540631e-03 -1.19613010e-02
-7.37903252e-01 1.49651441e-02 -5.85963707e-03 2.05443758e-03 -1.19849857e-02
-7.36842467e-01 1.49901791e-02 -5.85467632e-03 1.93134955e-03 -1.20105734e-02
-7.35779864e-01 1.50161072e-02 -5.84559361e-03 1.80642921e-03 -1.20378500e-02
-7.34715448e-01 1.50426825e-02 -5.83224432e-03 1.67996541e-03 -1.20665948e-02
-7.33649219e-01 1.50696455e-02 -5.81448979e-03 1.55224876e-03 -1.20965800e-02
-7.32581181e-01 1.50967240e-02 -5.79219731e-03 1.42357150e-03 -1.21275714e-02
-7.31511336e-01 1.51236341e-02 -5.76524052e-03 1.29422737e-03 -1.21593280e-02
-7.30439687e-01 1.51500813e-02 -5.73349996e-03 1.16451150e-03 -1.21916021e-02
-7.29366237e-01 1.51757623e-02 -5.69686395e-03 1.03472021e-03 -1.22241397e-02
-7.28290988e-01 1.52003662e-02 -5.65522969e-03 9.05150752e-04 -1.22566806e-02
-7.27213943e-01 1.52235768e-02 -5.60850459e-03 7.76101015e-04 -1.22889586e-02
-7.26135105e-01 1.52450742e-02 -5.55660775e-03 6.47869155e-04 -1.23207020e-02
-7.25054476e-01 1.52645375e-02 -5.49947156e-03 5.20753123e-04 -1.23516345e-02
-7.23972059e-01 1.52816466e-02 -5.43704346e-03 3.95050121e-04 -1.23814753e-02
-7.22887856e-01 1.52960851e-02 -5.36928772e-03 2.71055969e-04 -1.24099406e-02
-7.21801870e-01 1.53075423e-02 -5.29618716e-03 1.49064382e-04 -1.24367444e-02
-7.20714105e-01 1.53157161e-02 -5.21774494e-03 2.93661624e-05 -1.24615997e-02
-7.19624562e-01 1.53203154e-02 -5.13398615e-03 -8.77516899e-05 -1.24842199e-02
-7.18533244e-01 1.53210624e-02 -5.04495934e-03 -2.02006936e-04 -1.25043203e-02
-7.17440155e-01 1.53176954e-02 -4.95073782e-03 -3.13123124e-04 -1.25216198e-02
-7.16345296e-01 1.53099707e-02 -4.85142075e-03 -4.20830672e-04 -1.25358424e-02
-7.15248670e-01 1.52976647e-02 -4.74713400e-03 -5.24867986e-04 -1.25467193e-02
-7.14150280e-01 1.52805763e-02 -4.63803070e-03 -6.24982611e-04 -1.25539906e-02
-7.13050130e-01 1.52585282e-02 -4.52429145e-03 -7.20932394e-04 -1.25574073e-02
-7.11948220e-01 1.52313685e-02 -4.40612425e-03 -8.12486647e-04 -1.25567331e-02
-7.10844555e-01 1.51989721e-02 -4.28376410e-03 -8.99427297e-04 -1.25517460e-02
-7.09739137e-01 1.51612414e-02 -4.15747217e-03 -9.81549992e-04 -1.25422407e-02
-7.08631969e-01 1.51181071e-02 -4.02753471e-03 -1.05866518e-03 -1.25280298e-02
-7.07523053e-01 1.50695285e-02 -3.89426158e-03 -1.13059910e-03 -1.25089454e-02
-7.06412392e-01 1.50154936e-02 -3.75798447e-03 -1.19719473e-03 -1.24848406e-02
-7.05299989e-01 1.49560184e-02 -3.61905482e-03 -1.25831261e-03 -1.24555909e-02
-7.04185846e-01 1.48911468e-02 -3.47784144e-03 -1.31383162e-03 -1.24210946e-02
-7.03069967e-01 1.48209492e-02 -3.33472792e-03 -1.36364954e-03 -1.23812743e-02
-7.01952354e-01 1.47455217e-02 -3.19010981e-03 -1.40768365e-03 -1.23360771e-02
-7.00833010e-01 1.46649843e-02 -3.04439164e-03 -1.44587105e-03 -1.22854749e-02
-6.99711937e-01 1.45794792e-02 -2.89798377e-03 -1.47816893e-03 -1.22294642e-02
-6.98589139e-01 1.44891687e-02 -2.75129924e-03 -1.50455472e-03 -1.21680665e-02
-6.97464618e-01 1.43942336e-02 -2.60475050e-03 -1.52502602e-03 -1.21013271e-02
-6.96338377e-01 1.42948700e-02 -2.45874615e-03 -1.53960048e-03 -1.20293151e-02
-6.95210419e-01 1.41912876e-02 -2.31368783e-03 -1.54831549e-03 -1.19521215e-02
-6.94080746e-01 1.40837068e-02 -2.16996702e-03 -1.55122778e-03 -1.18698590e-02
-6.92949362e-01 1.39723563e-02 -2.02796221e-03 -1.54841285e-03 -1.17826599e-02
-6.91816268e-01 1.38574703e-02 -1.88803600e-03 -1.53996430e-03 -1.16906746e-02
-6.90681469e-01 1.37392861e-02 -1.75053261e-03 -1.52599308e-03 -1.15940703e-02
-6.89544966e-01 1.36180417e-02 -1.61577552e-03 -1.50662657e-03 -1.14930287e-02
-6.88406763e-01 1.34939732e-02 -1.48406542e-03 -1.48200766e-03 -1.13877441e-02
-6.87266861e-01 1.33673128e-02 -1.35567842e-03 -1.45229363e-03 -1.12784215e-02
-6.86125265e-01 1.32382865e-02 -1.23086465e-03 -1.41765509e-03 -1.11652744e-02
-6.84981977e-01 1.31071124e-02 -1.10984707e-03 -1.37827477e-03 -1.10485231e-02
-6.83837000e-01 1.29739992e-02 -9.92820710e-04 -1.33434634e-03 -1.09283921e-02
-6.82690336e-01 1.28391444e-02 -8.79952192e-04 -1.28607312e-03 -1.08051085e-02
-6.81541988e-01 1.27027334e-02 -7.71379613e-04 -1.23366683e-03 -1.06789000e-02
-6.80391960e-01 1.25649386e-02 -6.67212738e-04 -1.17734633e-03 -1.05499934e-02
-6.79240254e-01 1.24259190e-02 -5.67533519e-04 -1.11733638e-03 -1.04186125e-02
-6.78086872e-01 1.22858195e-02 -4.72396910e-04 -1.05386634e-03 -1.02849769e-02
-6.76931818e-01 1.21447710e-02 -3.81831963e-04 -9.87169025e-04 -1.01493008e-02
-6.75775095e-01 1.20028911e-02 -2.95843192e-04 -9.17479483e-04 -1.00117916e-02
-6.74616706e-01 1.18602836e-02 -2.14412157e-04 -8.45033902e-04 -9.87264953e-03
-6.73456652e-01 1.17170403e-02 -1.37499268e-04 -7.70068535e-04 -9.73206618e-03
-6.72294938e-01 1.15732412e-02 -6.50457538e-05 -6.92818698e-04 -9.59022467e-03
-6.71131566e-01 1.14289561e-02 3.02421764e-06 -6.13517835e-04 -9.44729909e-03
-6.69966538e-01 1.12842456e-02 6.68013062e-05 -5.32396663e-04 -9.30345444e-03
-6.68799859e-01 1.11391628e-02 1.26388689e-04 -4.49682387e-04 -9.15884682e-03
-6.67631530e-01 1.09937551e-02 1.81899699e-04 -3.65597995e-04 -9.01362366e-03
-6.66461554e-01 1.08480653e-02 2.33455452e-04 -2.80361640e-04 -8.86792421e-03
-6.65289935e-01 1.07021340e-02 2.81182480e-04 -1.94186091e-04 -8.72188020e-03
-6.64116675e-01 1.05560011e-02 3.25210422e-04 -1.07278279e-04 -8.57561653e-03
-6.62941778e-01 1.04097076e-02 3.65669774e-04 -1.98389056e-05 -8.42925222e-03
-6.61765245e-01 1.02632974e-02 4.02689752e-04 6.79378617e-05 -8.28290130e-03
-6.60587080e-01 1.01168191e-02 4.36396267e-04 1.55864625e-04 -8.13667389e-03
-6.59407287e-01 9.97032722e-03 4.66910048e-04 2.43760920e-04 -7.99067725e-03
-6.58225867e-01 9.82388438e-03 4.94344936e-04 3.31453323e-04 -7.84501690e-03
-6.57042824e-01 9.67756207e-03 5.18806348e-04 4.18775482e-04 -7.69979772e-03
-6.55858160e-01 9.53144214e-03 5.40389941e-04 5.05568107e-04 -7.55512502e-03
-6.54671879e-01 9.38561773e-03 5.59180480e-04 5.91678896e-04 -7.41110557e-03
-6.53483983e-01 9.24019418e-03 5.75250919e-04 6.76962429e-04 -7.26784859e-03
-6.52294476e-01 9.09528960e-03 5.88661704e-04 7.61280004e-04 -7.12546667e-03
-6.51103360e-01 8.95103533e-03 5.99460289e-04 8.44499448e-04 -6.98407652e-03
-6.49910639e-01 8.80757612e-03 6.07680884e-04 9.26494898e-04 -6.84379969e-03
-6.48716314e-01 8.66507014e-03 6.13344416e-04 1.00714654e-03 -6.70476312e-03
-6.47520390e-01 8.52368870e-03 6.16458708e-04 1.08634036e-03 -6.56709964e-03
-6.46322869e-01 8.38361581e-03 6.17018870e-04 1.16396781e-03 -6.43094817e-03
-6.45123754e-01 8.24504754e-03 6.15007879e-04 1.23992556e-03 -6.29645398e-03
-6.43923048e-01 8.10819107e-03 6.10397364e-04 1.31411516e-03 -6.16376864e-03
-6.42720754e-01 7.97326372e-03 6.03148555e-04 1.38644270e-03 -6.03304991e-03
-6.41516875e-01 7.84049166e-03 5.93213404e-04 1.45681854e-03 -5.90446151e-03
-6.40311414e-01 7.71010853e-03 5.80535851e-04 1.52515696e-03 -5.77817264e-03
-6.39104373e-01 7.58235387e-03 5.65053227e-04 1.59137588e-03 -5.65435750e-03
-6.37895757e-01 7.45747151e-03 5.46697764e-04 1.65539652e-03 -5.53319462e-03
-6.36685567e-01 7.33570778e-03 5.25398212e-04 1.71714316e-03 -5.41486606e-03
-6.35473807e-01 7.21730964e-03 5.01081529e-04 1.77654281e-03 -5.29955656e-03
-6.34260480e-01 7.10252283e-03 4.73674627e-04 1.83352504e-03 -5.18745255e-03
-6.33045589e-01 6.99158987e-03 4.43106169e-04 1.88802165e-03 -5.07874113e-03
-6.31829137e-01 6.88474817e-03 4.09308368e-04 1.93996655e-03 -4.97360891e-03
-6.30611126e-01 6.78222803e-03 3.72218805e-04 1.98929552e-03 -4.87224088e-03
-6.29391561e-01 6.68425075e-03 3.31782207e-04 2.03594608e-03 -4.77481921e-03
-6.28170443e-01 6.59102673e-03 2.87952198e-04 2.07985735e-03 -4.68152195e-03
-6.26947776e-01 6.50275374e-03 2.40692987e-04 2.12097000e-03 -4.59252187e-03
-6.25723562e-01 6.41961512e-03 1.89980972e-04 2.15922614e-03 -4.50798514e-03
-6.24497806e-01 6.34177825e-03 1.35806255e-04 2.19456934e-03 -4.42807016e-03
-6.23270509e-01 6.26939301e-03 7.81740383e-05 2.22694464e-03 -4.35292627e-03
-6.22041676e-01 6.20259044e-03 1.71058941e-05 2.25629858e-03 -4.28269266e-03
-6.20811308e-01 6.14148158e-03 -4.73591134e-05 2.28257934e-03 -4.21749718e-03
-6.19579410e-01 6.08615635e-03 -1.15163461e-04 2.30573685e-03 -4.15745526e-03
-6.18345983e-01 6.03668270e-03 -1.86230369e-04 2.32572293e-03 -4.10266893e-03
-6.17111031e-01 5.99310590e-03 -2.60463187e-04 2.34249159e-03 -4.05322587e-03
-6.15874558e-01 5.95544798e-03 -3.37744964e-04 2.35599920e-03 -4.00919851e-03
-6.14636565e-01 5.92370741e-03 -4.17938214e-04 2.36620481e-03 -3.97064329e-03
-6.13397057e-01 5.89785886e-03 -5.00884882e-04 2.37307049e-03 -3.93759992e-03
-6.12156036e-01 5.87785326e-03 -5.86406513e-04 2.37656166e-03 -3.91009082e-03
-6.10913506e-01 5.86361791e-03 -6.74304619e-04 2.37664751e-03 -3.88812059e-03
-6.09669468e-01 5.85505688e-03 -7.64361247e-04 2.37330139e-03 -3.87167559e-03
-6.08423928e-01 5.85205149e-03 -8.56339749e-04 2.36650126e-03 -3.86072369e-03
-6.07176887e-01 5.85446100e-03 -9.49985735e-04 2.35623016e-03 -3.85521398e-03
-6.05928348e-01 5.86212341e-03 -1.04502821e-03 2.34247668e-03 -3.85507677e-03
-6.04678315e-01 5.87485641e-03 -1.14118089e-03 2.32523545e-03 -3.86022349e-03
-6.03426791e-01 5.89245851e-03 -1.23814367e-03 2.30450761e-03 -3.87054691e-03
-6.02173778e-01 5.91471022e-03 -1.33560423e-03 2.28030135e-03 -3.88592126e-03
-6.00919281e-01 5.94137537e-03 -1.43323984e-03 2.25263233e-03 -3.90620260e-03
-5.99663302e-01 5.97220251e-03 -1.53071914e-03 2.22152420e-03 -3.93122923e-03
-5.98405843e-01 6.00692642e-03 -1.62770418e-03 2.18700903e-03 -3.96082218e-03
-5.97146909e-01 6.04526965e-03 -1.72385244e-03 2.14912773e-03 -3.99478588e-03
-5.95886503e-01 6.08694412e-03 -1.81881893e-03 2.10793042e-03 -4.03290880e-03
-5.94624627e-01 6.13165280e-03 -1.91225833e-03 2.06347681e-03 -4.07496428e-03
-5.93361284e-01 6.17909133e-03 -2.00382719e-03 2.01583648e-03 -4.12071144e-03
-5.92096478e-01 6.22894975e-03 -2.09318606e-03 1.96508912e-03 -4.16989609e-03
-5.90830212e-01 6.28091415e-03 -2.18000165e-03 1.91132473e-03 -4.22225184e-03
-5.89562488e-01 6.33466834e-03 -2.26394895e-03 1.85464372e-03 -4.27750116e-03
-5.88293311e-01 6.38989553e-03 -2.34471326e-03 1.79515698e-03 -4.33535658e-03
-5.87022683e-01 6.44627985e-03 -2.42199215e-03 1.73298583e-03 -4.39552196e-03
-5.85750607e-01 6.50350799e-03 -2.49549737e-03 1.66826194e-03 -4.45769375e-03
-5.84477087e-01 6.56127062e-03 -2.56495657e-03 1.60112715e-03 -4.52156238e-03
-5.83202125e-01 6.61926388e-03 -2.63011497e-03 1.53173319e-03 -4.58681359e-03
-5.81925725e-01 6.67719067e-03 -2.69073683e-03 1.46024133e-03 -4.65312989e-03
-5.80647890e-01 6.73476194e-03 -2.74660680e-03 1.38682198e-03 -4.72019195e-03
-5.79368623e-01 6.79169787e-03 -2.79753112e-03 1.31165415e-03 -4.78768014e-03
-5.78087927e-01 6.84772894e-03 -2.84333860e-03 1.23492487e-03 -4.85527589e-03
-5.76805805e-01 6.90259691e-03 -2.88388147e-03 1.15682853e-03 -4.92266321e-03
-5.75522261e-01 6.95605569e-03 -2.91903604e-03 1.07756615e-03 -4.98953013e-03
-5.74237298e-01 7.00787215e-03 -2.94870312e-03 9.97344558e-04 -5.05557009e-03
-5.72950918e-01 7.05782671e-03 -2.97280838e-03 9.16375562e-04 -5.12048339e-03
-5.71663126e-01 7.10571398e-03 -2.99130236e-03 8.34875001e-04 -5.18397849e-03
-5.70373923e-01 7.15134317e-03 -3.00416044e-03 7.53061804e-04 -5.24577334e-03
-5.69083314e-01 7.19453845e-03 -3.01138255e-03 6.71156986e-04 -5.30559665e-03
-5.67791302e-01 7.23513918e-03 -3.01299275e-03 5.89382618e-04 -5.36318902e-03
-5.66497889e-01 7.27300010e-03 -3.00903860e-03 5.07960783e-04 -5.41830410e-03
-5.65203079e-01 7.30799133e-03 -2.99959045e-03 4.27112508e-04 -5.47070959e-03
-5.63906875e-01 7.33999836e-03 -2.98474050e-03 3.47056704e-04 -5.52018817e-03
-5.62609281e-01 7.36892192e-03 -2.96460176e-03 2.68009104e-04 -5.56653837e-03
-5.61310299e-01 7.39467778e-03 -2.93930693e-03 1.90181224e-04 -5.60957527e-03
-5.60009933e-01 7.41719644e-03 -2.90900710e-03 1.13779338e-04 -5.64913117e-03
-5.58708186e-01 7.43642279e-03 -2.87387042e-03 3.90034919e-05 -5.68505609e-03
-5.57405060e-01 7.45231569e-03 -2.83408061e-03 -3.39534492e-05 -5.71721820e-03
-5.56100561e-01 7.46484750e-03 -2.78983549e-03 -1.04906701e-04 -5.74550408e-03
-5.54794689e-01 7.47400356e-03 -2.74134542e-03 -1.73680415e-04 -5.76981892e-03
-5.53487450e-01 7.47978160e-03 -2.68883167e-03 -2.40108467e-04 -5.79008659e-03
-5.52178845e-01 7.48219117e-03 -2.63252483e-03 -3.04035187e-04 -5.80624957e-03
-5.50868879e-01 7.48125297e-03 -2.57266317e-03 -3.65316022e-04 -5.81826876e-03
-5.49557555e-01 7.47699822e-03 -2.50949102e-03 -4.23818120e-04 -5.82612326e-03
-5.48244874e-01 7.46946798e-03 -2.44325716e-03 -4.79420851e-04 -5.82980994e-03
-5.46930842e-01 7.45871250e-03 -2.37421328e-03 -5.32016238e-04 -5.82934295e-03
-5.45615461e-01 7.44479049e-03 -2.30261242e-03 -5.81509324e-04 -5.82475320e-03
-5.44298735e-01 7.42776849e-03 -2.22870754e-03 -6.27818448e-04 -5.81608761e-03
-5.42980666e-01 7.40772019e-03 -2.15275012e-03 -6.70875450e-04 -5.80340845e-03
-5.41661258e-01 7.38472578e-03 -2.07498884e-03 -7.10625802e-04 -5.78679246e-03
-5.40340514e-01 7.35887134e-03 -1.99566836e-03 -7.47028647e-04 -5.76633001e-03
-5.39018438e-01 7.33024822e-03 -1.91502823e-03 -7.80056781e-04 -5.74212416e-03
-5.37695032e-01 7.29895246e-03 -1.83330180e-03 -8.09696554e-04 -5.71428966e-03
-5.36370301e-01 7.26508427e-03 -1.75071541e-03 -8.35947697e-04 -5.68295196e-03
-5.35044246e-01 7.22874751e-03 -1.66748749e-03 -8.58823087e-04 -5.64824620e-03
-5.33716872e-01 7.19004922e-03 -1.58382800e-03 -8.78348448e-04 -5.61031609e-03
-5.32388182e-01 7.14909920e-03 -1.49993781e-03 -8.94561985e-04 -5.56931291e-03
-5.31058179e-01 7.10600958e-03 -1.41600832e-03 -9.07513967e-04 -5.52539441e-03
-5.29726866e-01 7.06089450e-03 -1.33222111e-03 -9.17266246e-04 -5.47872379e-03
-5.28394247e-01 7.01386973e-03 -1.24874783e-03 -9.23891735e-04 -5.42946865e-03
-5.27060325e-01 6.96505244e-03 -1.16575010e-03 -9.27473831e-04 -5.37779997e-03
-5.25725102e-01 6.91456090e-03 -1.08337955e-03 -9.28105793e-04 -5.32389114e-03
-5.24388584e-01 6.86251426e-03 -1.00177802e-03 -9.25890088e-04 -5.26791703e-03
-5.23050772e-01 6.80903233e-03 -9.21077790e-04 -9.20937683e-04 -5.21005304e-03
-5.21711670e-01 6.75423542e-03 -8.41401963e-04 -9.13367321e-04 -5.15047428e-03
-5.20371281e-01 6.69824415e-03 -7.62864871e-04 -9.03304755e-04 -5.08935475e-03
-5.19029610e-01 6.64117933e-03 -6.85572601e-04 -8.90881953e-04 -5.02686654e-03
-5.17686658e-01 6.58316178e-03 -6.09623554e-04 -8.76236291e-04 -4.96317917e-03
-5.16342429e-01 6.52431220e-03 -5.35109064e-04 -8.59509713e-04 -4.89845892e-03
-5.14996927e-01 6.46475109e-03 -4.62114049e-04 -8.40847880e-04 -4.83286823e-03
-5.13650155e-01 6.40459853e-03 -3.90717677e-04 -8.20399308e-04 -4.76656514e-03
-5.12302117e-01 6.34397412e-03 -3.20994056e-04 -7.98314496e-04 -4.69970286e-03
-5.10952815e-01 6.28299679e-03 -2.53012902e-04 -7.74745047e-04 -4.63242927e-03
-5.09602252e-01 6.22178465e-03 -1.86840205e-04 -7.49842791e-04 -4.56488663e-03
-5.08250433e-01 6.16045487e-03 -1.22538856e-04 -7.23758915e-04 -4.49721122e-03
-5.06897361e-01 6.09912342e-03 -6.01692327e-05 -6.96643101e-04 -4.42953311e-03
-5.05543038e-01 6.03790494e-03 2.10258315e-07 -6.68642675e-04 -4.36197591e-03
-5.04187469e-01 5.97691253e-03 5.85427127e-05 -6.39901783e-04 -4.29465669e-03
-5.02830656e-01 5.91625750e-03 1.14772323e-04 -6.10560589e-04 -4.22768582e-03
-5.01472604e-01 5.85604914e-03 1.68844054e-04 -5.80754503e-04 -4.16116696e-03
-5.00113314e-01 5.79639452e-03 2.20703400e-04 -5.50613449e-04 -4.09519702e-03
-4.98752791e-01 5.73739818e-03 2.70296229e-04 -5.20261178e-04 -4.02986622e-03
-4.97391039e-01 5.67916187e-03 3.17568721e-04 -4.89814623e-04 -3.96525814e-03
-4.96028059e-01 5.62178432e-03 3.62467392e-04 -4.59383316e-04 -3.90144989e-03
-4.94663856e-01 5.56536092e-03 4.04939207e-04 -4.29068862e-04 -3.83851219e-03
-4.93298434e-01 5.50998346e-03 4.44931785e-04 -3.98964478e-04 -3.77650961e-03
-4.91931794e-01 5.45573987e-03 4.82393681e-04 -3.69154604e-04 -3.71550072e-03
-4.90563942e-01 5.40271391e-03 5.17274746e-04 -3.39714583e-04 -3.65553840e-03
-4.89194880e-01 5.35098494e-03 5.49526553e-04 -3.10710434e-04 -3.59666999e-03
-4.87824611e-01 5.30062764e-03 5.79102889e-04 -2.82198683e-04 -3.53893765e-03
-4.86453139e-01 5.25171176e-03 6.05960289e-04 -2.54226303e-04 -3.48237857e-03
-4.85080468e-01 5.20430192e-03 6.30058615e-04 -2.26830719e-04 -3.42702529e-03
-4.83706600e-01 5.15845737e-03 6.51361660e-04 -2.00039908e-04 -3.37290596e-03
-4.82331539e-01 5.11423178e-03 6.69837764e-04 -1.73872583e-04 -3.32004464e-03
-4.80955289e-01 5.07167306e-03 6.85460441e-04 -1.48338460e-04 -3.26846157e-03
-4.79577853e-01 5.03082322e-03 6.98208988e-04 -1.23438600e-04 -3.21817343e-03
-4.78199234e-01 4.99171817e-03 7.08069075e-04 -9.91658373e-05 -3.16919358e-03
-4.76819436e-01 4.95438766e-03 7.15033304e-04 -7.55052743e-05 -3.12153230e-03
-4.75438462e-01 4.91885512e-03 7.19101719e-04 -5.24348417e-05 -3.07519701e-03
-4.74056315e-01 4.88513756e-03 7.20282264e-04 -2.99259211e-05 -3.03019241e-03
-4.72672999e-01 4.85324556e-03 7.18591175e-04 -7.94401867e-06 -2.98652065e-03
-4.71288518e-01 4.82318314e-03 7.14053299e-04 1.35505174e-05 -2.94418145e-03
-4.69902874e-01 4.79494777e-03 7.06702340e-04 3.46017449e-05 -2.90317220e-03
-4.68516071e-01 4.76853030e-03 6.96581011e-04 5.52573501e-05 -2.86348795e-03
-4.67128113e-01 4.74391498e-03 6.83741113e-04 7.55678546e-05 -2.82512149e-03
-4.65739003e-01 4.72107947e-03 6.68243510e-04 9.55858172e-05 -2.78806331e-03
-4.64348744e-01 4.69999481e-03 6.50158032e-04 1.15365040e-04 -2.75230152e-03
-4.62957340e-01 4.68062550e-03 6.29563276e-04 1.34959791e-04 -2.71782181e-03
-4.61564795e-01 4.66292950e-03 6.06546335e-04 1.54424044e-04 -2.68460730e-03
-4.60171111e-01 4.64685829e-03 5.81202443e-04 1.73810767e-04 -2.65263843e-03
-4.58776292e-01 4.63235698e-03 5.53634552e-04 1.93171233e-04 -2.62189280e-03
-4.57380342e-01 4.61936435e-03 5.23952840e-04 2.12554396e-04 -2.59234499e-03
-4.55983264e-01 4.60781297e-03 4.92274166e-04 2.32006320e-04 -2.56396637e-03
-4.54585061e-01 4.59762933e-03 4.58721481e-04 2.51569665e-04 -2.53672496e-03
-4.53185738e-01 4.58873401e-03 4.23423198e-04 2.71283249e-04 -2.51058522e-03
-4.51785296e-01 4.58104179e-03 3.86512543e-04 2.91181674e-04 -2.48550792e-03
-4.50383741e-01 4.57446195e-03 3.48126884e-04 3.11295027e-04 -2.46144997e-03
-4.48981074e-01 4.56889842e-03 3.08407061e-04 3.31648662e-04 -2.43836432e-03
-4.47577301e-01 4.56425013e-03 2.67496720e-04 3.52263045e-04 -2.41619990e-03
-4.46172424e-01 4.56041129e-03 2.25541663e-04 3.73153681e-04 -2.39490161e-03
-4.44766446e-01 4.55727176e-03 1.82689223e-04 3.94331102e-04 -2.37441031e-03
-4.43359371e-01 4.55471746e-03 1.39087669e-04 4.15800933e-04 -2.35466291e-03
-4.41951203e-01 4.55263088e-03 9.48856499e-05 4.37564008e-04 -2.33559258e-03
-4.40541946e-01 4.55089151e-03 5.02316824e-05 4.59616546e-04 -2.31712892e-03
-4.39131601e-01 4.54937650e-03 5.27368783e-06 4.81950375e-04 -2.29919829e-03
-4.37720174e-01 4.54796124e-03 -3.98414245e-05 5.04553200e-04 -2.28172417e-03
-4.36307667e-01 4.54652006e-03 -8.49681219e-05 5.27408901e-04 -2.26462766e-03
-4.34894084e-01 4.54492695e-03 -1.29962564e-04 5.50497859e-04 -2.24782797e-03
-4.33479429e-01 4.54305638e-03 -1.74682873e-04 5.73797299e-04 -2.23124309e-03
-4.32063705e-01 4.54078410e-03 -2.18989353e-04 5.97281644e-04 -2.21479045e-03
-4.30646915e-01 4.53798804e-03 -2.62744686e-04 6.20922871e-04 -2.19838769e-03
-4.29229063e-01 4.53454925e-03 -3.05814075e-04 6.44690856e-04 -2.18195349e-03
-4.27810152e-01 4.53035278e-03 -3.48065378e-04 6.68553716e-04 -2.16540843e-03
-4.26390187e-01 4.52528870e-03 -3.89369215e-04 6.92478127e-04 -2.14867592e-03
-4.24969170e-01 4.51925304e-03 -4.29599067e-04 7.16429614e-04 -2.13168316e-03
-4.23547105e-01 4.51214878e-03 -4.68631368e-04 7.40372821e-04 -2.11436207e-03
-4.22123995e-01 4.50388681e-03 -5.06345608e-04 7.64271745e-04 -2.09665030e-03
-4.20699844e-01 4.49438685e-03 -5.42624443e-04 7.88089932e-04 -2.07849215e-03
-4.19274656e-01 4.48357836e-03 -5.77353832e-04 8.11790646e-04 -2.05983953e-03
-4.17848434e-01 4.47140138e-03 -6.10423189e-04 8.35336988e-04 -2.04065279e-03
-4.16421181e-01 4.45780732e-03 -6.41725582e-04 8.58691996e-04 -2.02090163e-03
-4.14992902e-01 4.44275965e-03 -6.71157950e-04 8.81818699e-04 -2.00056574e-03
-4.13563599e-01 4.42623456e-03 -6.98621372e-04 9.04680139e-04 -1.97963556e-03
-4.12133276e-01 4.40822141e-03 -7.24021374e-04 9.27239378e-04 -1.95811272e-03
-4.10701936e-01 4.38872323e-03 -7.47268270e-04 9.49459466e-04 -1.93601057e-03
-4.09269584e-01 4.36775693e-03 -7.68277551e-04 9.71303399e-04 -1.91335439e-03
-4.07836222e-01 4.34535351e-03 -7.86970305e-04 9.92734059e-04 -1.89018163e-03
-4.06401855e-01 4.32155809e-03 -8.03273674e-04 1.01371415e-03 -1.86654183e-03
-4.04966485e-01 4.29642979e-03 -8.17121332e-04 1.03420612e-03 -1.84249653e-03
-4.03530117e-01 4.27004150e-03 -8.28453992e-04 1.05417212e-03 -1.81811896e-03
-4.02092753e-01 4.24247948e-03 -8.37219918e-04 1.07357390e-03 -1.79349354e-03
-4.00654398e-01 4.21384288e-03 -8.43375444e-04 1.09237282e-03 -1.76871529e-03
-3.99215055e-01 4.18424305e-03 -8.46885493e-04 1.11052975e-03 -1.74388906e-03
-3.97774727e-01 4.15380279e-03 -8.47724072e-04 1.12800516e-03 -1.71912857e-03
-3.96333418e-01 4.12265542e-03 -8.45874752e-04 1.14475904e-03 -1.69455542e-03
-3.94891132e-01 4.09094380e-03 -8.41331106e-04 1.16075105e-03 -1.67029783e-03
-3.93447872e-01 4.05881920e-03 -8.34097104e-04 1.17594050e-03 -1.64648944e-03
-3.92003642e-01 4.02644015e-03 -8.24187463e-04 1.19028655e-03 -1.62326785e-03
-3.90558445e-01 3.99397113e-03 -8.11627920e-04 1.20374829e-03 -1.60077323e-03
-3.89112285e-01 3.96158126e-03 -7.96455450e-04 1.21628496e-03 -1.57914675e-03
-3.87665165e-01 3.92944296e-03 -7.78718400e-04 1.22785611e-03 -1.55852908e-03
-3.86217089e-01 3.89773058e-03 -7.58476540e-04 1.23842189e-03 -1.53905882e-03
-3.84768060e-01 3.86661895e-03 -7.35801039e-04 1.24794326e-03 -1.52087093e-03
-3.83318083e-01 3.83628209e-03 -7.10774341e-04 1.25638229e-03 -1.50409525e-03
-3.81867160e-01 3.80689176e-03 -6.83489961e-04 1.26370246e-03 -1.48885501e-03
-3.80415296e-01 3.77861624e-03 -6.54052193e-04 1.26986897e-03 -1.47526543e-03
-3.78962493e-01 3.75161899e-03 -6.22575725e-04 1.27484906e-03 -1.46343245e-03
-3.77508756e-01 3.72605753e-03 -5.89185182e-04 1.27861233e-03 -1.45345154e-03
-3.76054088e-01 3.70208229e-03 -5.54014586e-04 1.28113107e-03 -1.44540662e-03
-3.74598493e-01 3.67983563e-03 -5.17206747e-04 1.28238059e-03 -1.43936917e-03
-3.73141973e-01 3.65945086e-03 -4.78912591e-04 1.28233952e-03 -1.43539744e-03
-3.71684534e-01 3.64105150e-03 -4.39290435e-04 1.28099010e-03 -1.43353591e-03
-3.70226177e-01 3.62475053e-03 -3.98505209e-04 1.27831848e-03 -1.43381477e-03
-3.68766908e-01 3.61064979e-03 -3.56727649e-04 1.27431496e-03 -1.43624977e-03
-3.67306729e-01 3.59883953e-03 -3.14133458e-04 1.26897428e-03 -1.44084204e-03
-3.65845645e-01 3.58939802e-03 -2.70902451e-04 1.26229576e-03 -1.44757827e-03
-3.64383658e-01 3.58239126e-03 -2.27217687e-04 1.25428355e-03 -1.45643086e-03
-3.62920772e-01 3.57787288e-03 -1.83264606e-04 1.24494678e-03 -1.46735844e-03
-3.61456992e-01 3.57588399e-03 -1.39230171e-04 1.23429967e-03 -1.48030633e-03
-3.59992320e-01 3.57645323e-03 -9.53020233e-05 1.22236169e-03 -1.49520730e-03
-3.58526760e-01 3.57959688e-03 -5.16676595e-05 1.20915762e-03 -1.51198234e-03
-3.57060317e-01 3.58531899e-03 -8.51363526e-06 1.19471759e-03 -1.53054156e-03
-3.55592992e-01 3.59361162e-03 3.39752046e-05 1.17907718e-03 -1.55078520e-03
-3.54124791e-01 3.60445509e-03 7.56164637e-05 1.16227740e-03 -1.57260467e-03
-3.52655716e-01 3.61781827e-03 1.16230899e-04 1.14436469e-03 -1.59588363e-03
-3.51185772e-01 3.63365896e-03 1.55643098e-04 1.12539092e-03 -1.62049915e-03
-3.49714961e-01 3.65192417e-03 1.93682115e-04 1.10541334e-03 -1.64632275e-03
-3.48243288e-01 3.67255056e-03 2.30182098e-04 1.08449455e-03 -1.67322157e-03
-3.46770756e-01 3.69546473e-03 2.64982869e-04 1.06270244e-03 -1.70105944e-03
-3.45297369e-01 3.72058361e-03 2.97930505e-04 1.04011008e-03 -1.72969782e-03
-3.43823131e-01 3.74781483e-03 3.28877886e-04 1.01679568e-03 -1.75899685e-03
-3.42348044e-01 3.77705705e-03 3.57685247e-04 9.92842449e-04 -1.78881615e-03
-3.40872114e-01 3.80820031e-03 3.84220712e-04 9.68338504e-04 -1.81901565e-03
-3.39395342e-01 3.84112632e-03 4.08360835e-04 9.43376707e-04 -1.84945626e-03
-3.37917734e-01 3.87570882e-03 4.29991139e-04 9.18054524e-04 -1.88000049e-03
-3.36439292e-01 3.91181389e-03 4.49006666e-04 8.92473842e-04 -1.91051289e-03
-3.34960021e-01 3.94930024e-03 4.65312532e-04 8.66740765e-04 -1.94086049e-03
-3.33479923e-01 3.98801955e-03 4.78824494e-04 8.40965375e-04 -1.97091308e-03
-3.31999003e-01 4.02781682e-03 4.89469525e-04 8.15261468e-04 -2.00054336e-03
-3.30517264e-01 4.06853068e-03 4.97186407e-04 7.89746246e-04 -2.02962713e-03
-3.29034710e-01 4.10999384e-03 5.01926312e-04 7.64539969e-04 -2.05804327e-03
-3.27551345e-01 4.15203346e-03 5.03653404e-04 7.39765559e-04 -2.08567374e-03
-3.26067172e-01 4.19447163e-03 5.02345427e-04 7.15548166e-04 -2.11240350e-03
-3.24582195e-01 4.23712592e-03 4.97994273e-04 6.92014667e-04 -2.13812041e-03
-3.23096417e-01 4.27980995e-03 4.90606548e-04 6.69293124e-04 -2.16271508e-03
-3.21609843e-01 4.32233400e-03 4.80204084e-04 6.47512183e-04 -2.18608079e-03
-3.20122475e-01 4.36450579e-03 4.66824421e-04 6.26800411e-04 -2.20811329e-03
-3.18634318e-01 4.40613123e-03 4.50521230e-04 6.07285594e-04 -2.22871080e-03
-3.17145375e-01 4.44701532e-03 4.31364661e-04 5.89093965e-04 -2.24777388e-03
-3.15655650e-01 4.48696306e-03 4.09441614e-04 5.72349394e-04 -2.26520547e-03
-3.14165146e-01 4.52578052e-03 3.84855905e-04 5.57172529e-04 -2.28091095e-03
-3.12673868e-01 4.56327588e-03 3.57728331e-04 5.43679902e-04 -2.29479827e-03
-3.11181819e-01 4.59926061e-03 3.28196600e-04 5.31982995e-04 -2.30677819e-03
-3.09689002e-01 4.63355066e-03 2.96415135e-04 5.22187294e-04 -2.31676457e-03
-3.08195421e-01 4.66596774e-03 2.62554723e-04 5.14391324e-04 -2.32467475e-03
-3.06701080e-01 4.69634058e-03 2.26802017e-04 5.08685680e-04 -2.33043007e-03
-3.05205983e-01 4.72450622e-03 1.89358867e-04 5.05152071e-04 -2.33395642e-03
-3.03710134e-01 4.75031137e-03 1.50441489e-04 5.03862389e-04 -2.33518485e-03
-3.02213535e-01 4.77361364e-03 1.10279461e-04 5.04877807e-04 -2.33405235e-03
-3.00716191e-01 4.79428286e-03 6.91145522e-05 5.08247933e-04 -2.33050257e-03
-2.99218105e-01 4.81220225e-03 2.71993792e-05 5.14010022e-04 -2.32448667e-03
-2.97719282e-01 4.82726959e-03 -1.52040913e-05 5.22188267e-04 -2.31596417e-03
-2.96219724e-01 4.83939831e-03 -5.78261976e-05 5.32793181e-04 -2.30490380e-03
-2.94719436e-01 4.84851838e-03 -1.00391377e-04 5.45821082e-04 -2.29128440e-03
-2.93218420e-01 4.85457724e-03 -1.42620085e-04 5.61253687e-04 -2.27509573e-03
-2.91716682e-01 4.85754045e-03 -1.84230825e-04 5.79057837e-04 -2.25633930e-03
-2.90214224e-01 4.85739227e-03 -2.24942265e-04 5.99185351e-04 -2.23502909e-03
-2.88711051e-01 4.85413604e-03 -2.64475423e-04 6.21573025e-04 -2.21119226e-03
-2.87207166e-01 4.84779446e-03 -3.02555896e-04 6.46142772e-04 -2.18486967e-03
-2.85702572e-01 4.83840958e-03 -3.38916104e-04 6.72801916e-04 -2.15611637e-03
-2.84197274e-01 4.82604271e-03 -3.73297526e-04 7.01443635e-04 -2.12500190e-03
-2.82691274e-01 4.81077405e-03 -4.05452904e-04 7.31947557e-04 -2.09161052e-03
-2.81184578e-01 4.79270224e-03 -4.35148375e-04 7.64180499e-04 -2.05604118e-03
-2.79677188e-01 4.77194363e-03 -4.62165521e-04 7.97997350e-04 -2.01840744e-03
-2.78169109e-01 4.74863146e-03 -4.86303290e-04 8.33242089e-04 -1.97883716e-03
-2.76660343e-01 4.72291474e-03 -5.07379784e-04 8.69748925e-04 -1.93747201e-03
-2.75150895e-01 4.69495716e-03 -5.25233874e-04 9.07343552e-04 -1.89446686e-03
-2.73640769e-01 4.66493570e-03 -5.39726622e-04 9.45844500e-04 -1.84998896e-03
-2.72129968e-01 4.63303915e-03 -5.50742503e-04 9.85064573e-04 -1.80421696e-03
-2.70618495e-01 4.59946660e-03 -5.58190390e-04 1.02481235e-03 -1.75733981e-03
-2.69106356e-01 4.56442575e-03 -5.62004311e-04 1.06489374e-03 -1.70955552e-03
-2.67593552e-01 4.52813115e-03 -5.62143943e-04 1.10511357e-03 -1.66106973e-03
-2.66080089e-01 4.49080250e-03 -5.58594864e-04 1.14527716e-03 -1.61209425e-03
-2.64565969e-01 4.45266277e-03 -5.51368535e-04 1.18519194e-03 -1.56284547e-03
-2.63051197e-01 4.41393645e-03 -5.40502026e-04 1.22466898e-03 -1.51354272e-03
-2.61535776e-01 4.37484777e-03 -5.26057491e-04 1.26352452e-03 -1.46440659e-03
-2.60019711e-01 4.33561892e-03 -5.08121391e-04 1.30158142e-03 -1.41565716e-03
-2.58503004e-01 4.29646839e-03 -4.86803487e-04 1.33867052e-03 -1.36751233e-03
-2.56985659e-01 4.25760939e-03 -4.62235611e-04 1.37463192e-03 -1.32018610e-03
-2.55467681e-01 4.21924833e-03 -4.34570233e-04 1.40931613e-03 -1.27388690e-03
-2.53949073e-01 4.18158344e-03 -4.03978851e-04 1.44258511e-03 -1.22881603e-03
-2.52429838e-01 4.14480349e-03 -3.70650213e-04 1.47431318e-03 -1.18516615e-03
-2.50909981e-01 4.10908671e-03 -3.34788416e-04 1.50438776e-03 -1.14311985e-03
-2.49389505e-01 4.07459977e-03 -2.96610883e-04 1.53271001e-03 -1.10284839e-03
-2.47868414e-01 4.04149701e-03 -2.56346264e-04 1.55919525e-03 -1.06451057e-03
-2.46346712e-01 4.00991974e-03 -2.14232288e-04 1.58377330e-03 -1.02825169e-03
-2.44824402e-01 3.97999572e-03 -1.70513573e-04 1.60638860e-03 -9.94202735e-04
-2.43301489e-01 3.95183886e-03 -1.25439447e-04 1.62700023e-03 -9.62479692e-04
-2.41777975e-01 3.92554900e-03 -7.92617938e-05 1.64558177e-03 -9.33183019e-04
-2.40253865e-01 3.90121184e-03 -3.22329399e-05 1.66212096e-03 -9.06397305e-04
-2.38729163e-01 3.87889906e-03 1.53963747e-05 1.67661936e-03 -8.82191083e-04
-2.37203872e-01 3.85866853e-03 6.33789360e-05 1.68909176e-03 -8.60616800e-04
-2.35677996e-01 3.84056466e-03 1.11472881e-04 1.69956555e-03 -8.41710954e-04
-2.34151539e-01 3.82461881e-03 1.59443393e-04 1.70807998e-03 -8.25494361e-04
-2.32624504e-01 3.81084986e-03 2.07064249e-04 1.71468534e-03 -8.11972563e-04
-2.31096895e-01 3.79926481e-03 2.54119214e-04 1.71944207e-03 -8.01136358e-04
-2.29568717e-01 3.78985949e-03 3.00403273e-04 1.72241980e-03 -7.92962436e-04
-2.28039973e-01 3.78261924e-03 3.45723688e-04 1.72369638e-03 -7.87414100e-04
-2.26510666e-01 3.77751973e-03 3.89900887e-04 1.72335688e-03 -7.84442081e-04
-2.24980800e-01 3.77452771e-03 4.32769174e-04 1.72149255e-03 -7.83985394e-04
-2.23450380e-01 3.77360184e-03 4.74177276e-04 1.71819982e-03 -7.85972251e-04
-2.21919408e-01 3.77469347e-03 5.13988717e-04 1.71357931e-03 -7.90321004e-04
-2.20387890e-01 3.77774742e-03 5.52082037e-04 1.70773483e-03 -7.96941092e-04
-2.18855828e-01 3.78270276e-03 5.88350856e-04 1.70077247e-03 -8.05734000e-04
-2.17323226e-01 3.78949354e-03 6.22703799e-04 1.69279970e-03 -8.16594198e-04
-2.15790088e-01 3.79804945e-03 6.55064295e-04 1.68392455e-03 -8.29410060e-04
-2.14256418e-01 3.80829650e-03 6.85370254e-04 1.67425480e-03 -8.44064746e-04
-2.12722219e-01 3.82015760e-03 7.13573644e-04 1.66389734e-03 -8.60437042e-04
-2.11187496e-01 3.83355313e-03 7.39639976e-04 1.65295746e-03 -8.78402150e-04
-2.09652252e-01 3.84840141e-03 7.63547714e-04 1.64153833e-03 -8.97832430e-04
-2.08116491e-01 3.86461918e-03 7.85287625e-04 1.62974051e-03 -9.18598079e-04
-2.06580217e-01 3.88212196e-03 8.04862073e-04 1.61766149e-03 -9.40567749e-04
-2.05043433e-01 3.90082444e-03 8.22284286e-04 1.60539536e-03 -9.63609119e-04
-2.03506144e-01 3.92064074e-03 8.37577593e-04 1.59303254e-03 -9.87589398e-04
-2.01968353e-01 3.94148471e-03 8.50774645e-04 1.58065955e-03 -1.01237578e-03
-2.00430064e-01 3.96327016e-03 8.61916643e-04 1.56835882e-03 -1.03783587e-03
-1.98891280e-01 3.98591103e-03 8.71052558e-04 1.55620864e-03 -1.06383803e-03
-1.97352006e-01 4.00932159e-03 8.78238376e-04 1.54428307e-03 -1.09025169e-03
-1.95812245e-01 4.03341660e-03 8.83536353e-04 1.53265191e-03 -1.11694771e-03
-1.94272002e-01 4.05811142e-03 8.87014301e-04 1.52138079e-03 -1.14379862e-03
-1.92731279e-01 4.08332217e-03 8.88744902e-04 1.51053119e-03 -1.17067885e-03
-1.91190081e-01 4.10896587e-03 8.88805045e-04 1.50016050e-03 -1.19746506e-03
-1.89648411e-01 4.13496052e-03 8.87275209e-04 1.49032222e-03 -1.22403634e-03
-1.88106274e-01 4.16122528e-03 8.84238867e-04 1.48106600e-03 -1.25027450e-03
-1.86563673e-01 4.18768058e-03 8.79781934e-04 1.47243782e-03 -1.27606431e-03
-1.85020611e-01 4.21424830e-03 8.73992242e-04 1.46448015e-03 -1.30129382e-03
-1.83477094e-01 4.24085189e-03 8.66959047e-04 1.45723209e-03 -1.32585463e-03
-1.81933124e-01 4.26741659e-03 8.58772571e-04 1.45072953e-03 -1.34964226e-03
-1.80388705e-01 4.29386959e-03 8.49523569e-04 1.44500532e-03 -1.37255644e-03
-1.78843841e-01 4.32014020e-03 8.39302921e-04 1.44008937e-03 -1.39450150e-03
-1.77298536e-01 4.34616014e-03 8.28201250e-04 1.43600890e-03 -1.41538677e-03
-1.75752795e-01 4.37186367e-03 8.16308566e-04 1.43278846e-03 -1.43512697e-03
-1.74206619e-01 4.39718790e-03 8.03713927e-04 1.43045018e-03 -1.45364261e-03
-1.72660014e-01 4.42207295e-03 7.90505117e-04 1.42901379e-03 -1.47086043e-03
-1.71112983e-01 4.44646224e-03 7.76768349e-04 1.42849683e-03 -1.48671383e-03
-1.69565531e-01 4.47030268e-03 7.62587979e-04 1.42891469e-03 -1.50114325e-03
-1.68017660e-01 4.49354493e-03 7.48046243e-04 1.43028076e-03 -1.51409663e-03
-1.66469374e-01 4.51614361e-03 7.33223002e-04 1.43260647e-03 -1.52552975e-03
-1.64920678e-01 4.53805748e-03 7.18195516e-04 1.43590142e-03 -1.53540662e-03
-1.63371576e-01 4.55924967e-03 7.03038226e-04 1.44017339e-03 -1.54369977e-03
-1.61822070e-01 4.57968783e-03 6.87822558e-04 1.44542848e-03 -1.55039056e-03
-1.60272166e-01 4.59934425e-03 6.72616747e-04 1.45167108e-03 -1.55546938e-03
-1.58721866e-01 4.61819603e-03 6.57485682e-04 1.45890393e-03 -1.55893585e-03
-1.57171175e-01 4.63622512e-03 6.42490772e-04 1.46712819e-03 -1.56079887e-03
-1.55620096e-01 4.65341842e-03 6.27689836e-04 1.47634339e-03 -1.56107672e-03
-1.54068633e-01 4.66976779e-03 6.13137021e-04 1.48654747e-03 -1.55979696e-03
-1.52516790e-01 4.68527002e-03 5.98882734e-04 1.49773674e-03 -1.55699633e-03
-1.50964572e-01 4.69992682e-03 5.84973617e-04 1.50990589e-03 -1.55272056e-03
-1.49411981e-01 4.71374472e-03 5.71452536e-04 1.52304793e-03 -1.54702408e-03
-1.47859021e-01 4.72673495e-03 5.58358604e-04 1.53715411e-03 -1.53996966e-03
-1.46305697e-01 4.73891331e-03 5.45727225e-04 1.55221390e-03 -1.53162796e-03
-1.44752012e-01 4.75029997e-03 5.33590172e-04 1.56821486e-03 -1.52207701e-03
-1.43197970e-01 4.76091924e-03 5.21975685e-04 1.58514260e-03 -1.51140166e-03
-1.41643575e-01 4.77079938e-03 5.10908595e-04 1.60298063e-03 -1.49969288e-03
-1.40088830e-01 4.77997225e-03 5.00410471e-04 1.62171023e-03 -1.48704706e-03
-1.38533740e-01 4.78847307e-03 4.90499784e-04 1.64131041e-03 -1.47356526e-03
-1.36978309e-01 4.79634009e-03 4.81192095e-04 1.66175767e-03 -1.45935239e-03
-1.35422539e-01 4.80361423e-03 4.72500252e-04 1.68302596e-03 -1.44451635e-03
-1.33866436e-01 4.81033875e-03 4.64434600e-04 1.70508650e-03 -1.42916719e-03
-1.32310002e-01 4.81655891e-03 4.57003206e-04 1.72790766e-03 -1.41341622e-03
-1.30753243e-01 4.82232154e-03 4.50212077e-04 1.75145487e-03 -1.39737511e-03
-1.29196160e-01 4.82767474e-03 4.44065395e-04 1.77569049e-03 -1.38115500e-03
-1.27638760e-01 4.83266744e-03 4.38565738e-04 1.80057372e-03 -1.36486569e-03
-1.26081044e-01 4.83734912e-03 4.33714303e-04 1.82606059e-03 -1.34861474e-03
-1.24523017e-01 4.84176937e-03 4.29511120e-04 1.85210387e-03 -1.33250667e-03
-1.22964684e-01 4.84597759e-03 4.25955251e-04 1.87865307e-03 -1.31664226e-03
-1.21406047e-01 4.85002264e-03 4.23044984e-04 1.90565452e-03 -1.30111776e-03
-1.19847110e-01 4.85395256e-03 4.20778002e-04 1.93305141e-03 -1.28602433e-03
-1.18287878e-01 4.85781422e-03 4.19151541e-04 1.96078390e-03 -1.27144739e-03
-1.16728355e-01 4.86165312e-03 4.18162525e-04 1.98878929e-03 -1.25746613e-03
-1.15168543e-01 4.86551306e-03 4.17807677e-04 2.01700228e-03 -1.24415311e-03
-1.13608448e-01 4.86943601e-03 4.18083622e-04 2.04535516e-03 -1.23157387e-03
-1.12048072e-01 4.87346186e-03 4.18986949e-04 2.07377816e-03 -1.21978666e-03
-1.10487420e-01 4.87762828e-03 4.20514272e-04 2.10219981e-03 -1.20884226e-03
-1.08926495e-01 4.88197056e-03 4.22662253e-04 2.13054735e-03 -1.19878389e-03
-1.07365302e-01 4.88652157e-03 4.25427615e-04 2.15874721e-03 -1.18964713e-03
-1.05803844e-01 4.89131163e-03 4.28807134e-04 2.18672544e-03 -1.18146001e-03
-1.04242126e-01 4.89636849e-03 4.32797617e-04 2.21440835e-03 -1.17424311e-03
-1.02680150e-01 4.90171733e-03 4.37395858e-04 2.24172298e-03 -1.16800975e-03
-1.01117920e-01 4.90738075e-03 4.42598589e-04 2.26859776e-03 -1.16276627e-03
-9.95554419e-02 4.91337886e-03 4.48402414e-04 2.29496310e-03 -1.15851230e-03
-9.79927178e-02 4.91972929e-03 4.54803738e-04 2.32075201e-03 -1.15524118e-03
-9.64297521e-02 4.92644735e-03 4.61798691e-04 2.34590073e-03 -1.15294029e-03
-9.48665486e-02 4.93354609e-03 4.69383042e-04 2.37034935e-03 -1.15159158e-03
-9.33031111e-02 4.94103650e-03 4.77552117e-04 2.39404241e-03 -1.15117198e-03
-9.17394435e-02 4.94892761e-03 4.86300712e-04 2.41692947e-03 -1.15165394e-03
-9.01755497e-02 4.95722666e-03 4.95623009e-04 2.43896563e-03 -1.15300591e-03
-8.86114334e-02 4.96593932e-03 5.05512497e-04 2.46011205e-03 -1.15519286e-03
-8.70470987e-02 4.97506986e-03 5.15961889e-04 2.48033635e-03 -1.15817683e-03
-8.54825493e-02 4.98462132e-03 5.26963052e-04 2.49961303e-03 -1.16191736e-03
-8.39177890e-02 4.99459573e-03 5.38506939e-04 2.51792370e-03 -1.16637209e-03
-8.23528218e-02 5.00499429e-03 5.50583519e-04 2.53525736e-03 -1.17149714e-03
-8.07876515e-02 5.01581754e-03 5.63181722e-04 2.55161052e-03 -1.17724760e-03
-7.92222820e-02 5.02706556e-03 5.76289384e-04 2.56698722e-03 -1.18357792e-03
-7.76567171e-02 5.03873813e-03 5.89893194e-04 2.58139903e-03 -1.19044235e-03
-7.60909607e-02 5.05083485e-03 6.03978648e-04 2.59486488e-03 -1.19779521e-03
-7.45250166e-02 5.06335531e-03 6.18530005e-04 2.60741087e-03 -1.20559123e-03
-7.29588887e-02 5.07629915e-03 6.33530242e-04 2.61906991e-03 -1.21378580e-03
-7.13925810e-02 5.08966619e-03 6.48961016e-04 2.62988133e-03 -1.22233522e-03
-6.98260971e-02 5.10345647e-03 6.64802620e-04 2.63989037e-03 -1.23119683e-03
-6.82594410e-02 5.11767027e-03 6.81033946e-04 2.64914765e-03 -1.24032914e-03
-6.66926166e-02 5.13230815e-03 6.97632441e-04 2.65770847e-03 -1.24969195e-03
-6.51256278e-02 5.14737090e-03 7.14574072e-04 2.66563216e-03 -1.25924640e-03
-6.35584783e-02 5.16285952e-03 7.31833282e-04 2.67298129e-03 -1.26895494e-03
-6.19911720e-02 5.17877512e-03 7.49382951e-04 2.67982087e-03 -1.27878131e-03
-6.04237129e-02 5.19511886e-03 7.67194362e-04 2.68621756e-03 -1.28869053e-03
-5.88561048e-02 5.21189179e-03 7.85237160e-04 2.69223878e-03 -1.29864874e-03
-5.72883515e-02 5.22909475e-03 8.03479330e-04 2.69795190e-03 -1.30862314e-03
-5.57204570e-02 5.24672817e-03 8.21887161e-04 2.70342336e-03 -1.31858183e-03
-5.41524250e-02 5.26479193e-03 8.40425241e-04 2.70871789e-03 -1.32849365e-03
-5.25842595e-02 5.28328517e-03 8.59056437e-04 2.71389772e-03 -1.33832805e-03
-5.10159643e-02 5.30220607e-03 8.77741911e-04 2.71902181e-03 -1.34805486e-03
-4.94475433e-02 5.32155169e-03 8.96441131e-04 2.72414522e-03 -1.35764417e-03
-4.78790003e-02 5.34131777e-03 9.15111908e-04 2.72931845e-03 -1.36706612e-03
-4.63103392e-02 5.36149851e-03 9.33710451e-04 2.73458695e-03 -1.37629073e-03
-4.47415640e-02 5.38208641e-03 9.52191440e-04 2.73999064e-03 -1.38528773e-03
-4.31726784e-02 5.40307210e-03 9.70508125e-04 2.74556359e-03 -1.39402644e-03
-4.16036863e-02 5.42444418e-03 9.88612443e-04 2.75133375e-03 -1.40247559e-03
-4.00345917e-02 5.44618911e-03 1.00645517e-03 2.75732280e-03 -1.41060323e-03
-3.84653983e-02 5.46829105e-03 1.02398607e-03 2.76354613e-03 -1.41837663e-03
-3.68961100e-02 5.49073185e-03 1.04115414e-03 2.77001287e-03 -1.42576220e-03
-3.53267308e-02 5.51349094e-03 1.05790778e-03 2.77672611e-03 -1.43272547e-03
-3.37572644e-02 5.53654537e-03 1.07419506e-03 2.78368311e-03 -1.43923104e-03
-3.21877148e-02 5.55986977e-03 1.08996400e-03 2.79087575e-03 -1.44524264e-03
-3.06180858e-02 5.58343646e-03 1.10516287e-03 2.79829094e-03 -1.45072313e-03
-2.90483813e-02 5.60721550e-03 1.11974045e-03 2.80591118e-03 -1.45563464e-03
-2.74786051e-02 5.63117486e-03 1.13364641e-03 2.81371525e-03 -1.45993862e-03
-2.59087612e-02 5.65528054e-03 1.14683163e-03 2.82167882e-03 -1.46359604e-03
-2.43388534e-02 5.67949685e-03 1.15924852e-03 2.82977529e-03 -1.46656757e-03
-2.27688855e-02 5.70378657e-03 1.17085142e-03 2.83797656e-03 -1.46881377e-03
-2.11988616e-02 5.72811128e-03 1.18159689e-03 2.84625386e-03 -1.47029535e-03
-1.96287853e-02 5.75243164e-03 1.19144409e-03 2.85457862e-03 -1.47097347e-03
-1.80586606e-02 5.77670775e-03 1.20035510e-03 2.86292336e-03 -1.47081002e-03
-1.64884914e-02 5.80089948e-03 1.20829520e-03 2.87126251e-03 -1.46976800e-03
-1.49182815e-02 5.82496686e-03 1.21523323e-03 2.87957329e-03 -1.46781184e-03
-1.33480349e-02 5.84887049e-03 1.22114178e-03 2.88783651e-03 -1.46490781e-03
-1.17777553e-02 5.87257192e-03 1.22599746e-03 2.89603732e-03 -1.46102445e-03
-1.02074466e-02 5.89603409e-03 1.22978111e-03 2.90416598e-03 -1.45613295e-03
-8.63711283e-03 5.91922176e-03 1.23247792e-03 2.91221843e-03 -1.45020765e-03
-7.06675773e-03 5.94210186e-03 1.23407757e-03 2.92019690e-03 -1.44322641e-03
-5.49638519e-03 5.96464396e-03 1.23457428e-03 2.92811040e-03 -1.43517116e-03
-3.92599911e-03 5.98682062e-03 1.23396688e-03 2.93597508e-03 -1.42602828e-03
-2.35560334e-03 6.00860779e-03 1.23225874e-03 2.94381454e-03 -1.41578910e-03
-7.85201758e-04 6.02998513e-03 1.22945770e-03 2.95166000e-03 -1.40445031e-03
7.85201758e-04 6.05093633e-03 1.22557599e-03 2.95955036e-03 -1.39201444e-03
2.35560334e-03 6.07144941e-03 1.22063003e-03 2.96753219e-03 -1.37849021e-03
3.92599911e-03 6.09151696e-03 1.21464025e-03 2.97565955e-03 -1.36389298e-03
5.49638519e-03 6.11113634e-03 1.20763083e-03 2.98399373e-03 -1.34824507e-03
7.06675773e-03 6.13030986e-03 1.19962941e-03 2.99260288e-03 -1.33157609e-03
8.63711283e-03 6.14904486e-03 1.19066682e-03 3.00156155e-03 -1.31392324e-03
1.02074466e-02 6.16735383e-03 1.18077669e-03 3.01095008e-03 -1.29533152e-03
1.17777553e-02 6.18525437e-03 1.16999515e-03 3.02085395e-03 -1.27585394e-03
1.33480349e-02 6.20276922e-03 1.15836043e-03 3.03136301e-03 -1.25555162e-03
1.49182815e-02 6.21992614e-03 1.14591250e-03 3.04257067e-03 -1.23449391e-03
1.64884914e-02 6.23675779e-03 1.13269270e-03 3.05457299e-03 -1.21275832e-03
1.80586606e-02 6.25330154e-03 1.11874338e-03 3.06746773e-03 -1.19043053e-03
1.96287853e-02 6.26959928e-03 1.10410754e-03 3.08135335e-03 -1.16760422e-03
2.11988616e-02 6.28569711e-03 1.08882853e-03 3.09632800e-03 -1.14438087e-03
2.27688855e-02 6.30164504e-03 1.07294976e-03 3.11248846e-03 -1.12086947e-03
2.43388534e-02 6.31749666e-03 1.05651440e-03 3.12992912e-03 -1.09718618e-03
2.59087612e-02 6.33330872e-03 1.03956520e-03 3.14874088e-03 -1.07345391e-03
2.74786051e-02 6.34914075e-03 1.02214429e-03 3.16901019e-03 -1.04980179e-03
2.90483813e-02 6.36505458e-03 1.00429309e-03 3.19081805e-03 -1.02636462e-03
3.06180858e-02 6.38111390e-03 9.86052155e-04 3.21423902e-03 -1.00328222e-03
3.21877148e-02 6.39738375e-03 9.67461240e-04 3.23934036e-03 -9.80698719e-04
3.37572644e-02 6.41393006e-03 9.48559268e-04 3.26618122e-03 -9.58761798e-04
3.53267308e-02 6.43081912e-03 9.29384430e-04 3.29481184e-03 -9.37621864e-04
3.68961100e-02 6.44811705e-03 9.09974317e-04 3.32527294e-03 -9.17431182e-04
3.84653983e-02 6.46588935e-03 8.90366100e-04 3.35759509e-03 -8.98342966e-04
4.00345917e-02 6.48420035e-03 8.70596754e-04 3.39179824e-03 -8.80510430e-04
4.16036863e-02 6.50311275e-03 8.50703334e-04 3.42789136e-03 -8.64085824e-04
4.31726784e-02 6.52268713e-03 8.30723273e-04 3.46587216e-03 -8.49219443e-04
4.47415640e-02 6.54298151e-03 8.10694723e-04 3.50572687e-03 -8.36058628e-04
4.63103392e-02 6.56405094e-03 7.90656912e-04 3.54743026e-03 -8.24746775e-04
4.78790003e-02 6.58594704e-03 7.70650526e-04 3.59094562e-03 -8.15422342e-04
4.94475433e-02 6.60871773e-03 7.50718093e-04 3.63622495e-03 -8.08217884e-04
5.10159643e-02 6.63240681e-03 7.30904377e-04 3.68320917e-03 -8.03259106e-04
5.25842595e-02 6.65705373e-03 7.11256757e-04 3.73182853e-03 -8.00663956e-04
5.41524250e-02 6.68269328e-03 6.91825603e-04 3.78200301e-03 -8.00541758e-04
5.57204570e-02 6.70935544e-03 6.72664622e-04 3.83364287e-03 -8.02992392e-04
5.72883515e-02 6.73706517e-03 6.53831178e-04 3.88664926e-03 -8.08105535e-04
5.88561048e-02 6.76584230e-03 6.35386578e-04 3.94091487e-03 -8.15959960e-04
6.04237129e-02 6.79570142e-03 6.17396313e-04 3.99632473e-03 -8.26622901e-04
6.19911720e-02 6.82665190e-03 5.99930246e-04 4.05275697e-03 -8.40149488e-04
6.35584783e-02 6.85869786e-03 5.83062751e-04 4.11008363e-03 -8.56582255e-04
6.51256278e-02 6.89183819e-03 5.66872789e-04 4.16817161e-03 -8.75950722e-04
6.66926166e-02 6.92606668e-03 5.51443920e-04 4.22688349e-03 -8.98271059e-04
6.82594410e-02 6.96137214e-03 5.36864247e-04 4.28607845e-03 -9.23545811e-04
6.98260971e-02 6.99773852e-03 5.23226288e-04 4.34561322e-03 -9.51763714e-04
7.13925810e-02 7.03514514e-03 5.10626785e-04 4.40534295e-03 -9.82899575e-04
7.29588887e-02 7.07356687e-03 4.99166423e-04 4.46512208e-03 -1.01691422e-03
7.45250166e-02 7.11297442e-03 4.88949497e-04 4.52480527e-03 -1.05375454e-03
7.60909607e-02 7.15333453e-03 4.80083486e-04 4.58424814e-03 -1.09335351e-03
7.76567171e-02 7.19461034e-03 4.72678576e-04 4.64330815e-03 -1.13563043e-03
7.92222820e-02 7.23676158e-03 4.66847094e-04 4.70184532e-03 -1.18049102e-03
8.07876515e-02 7.27974497e-03 4.62702898e-04 4.75972289e-03 -1.22782777e-03
8.23528218e-02 7.32351442e-03 4.60360687e-04 4.81680806e-03 -1.27752017e-03
8.39177890e-02 7.36802141e-03 4.59935265e-04 4.87297248e-03 -1.32943504e-03
8.54825493e-02 7.41321524e-03 4.61540744e-04 4.92809287e-03 -1.38342700e-03
8.70470987e-02 7.45904332e-03 4.65289709e-04 4.98205146e-03 -1.43933876e-03
8.86114334e-02 7.50545146e-03 4.71292330e-04 5.03473640e-03 -1.49700167e-03
9.01755497e-02 7.55238411e-03 4.79655449e-04 5.08604215e-03 -1.55623612e-03
9.17394435e-02 7.59978459e-03 4.90481631e-04 5.13586974e-03 -1.61685206e-03
9.33031111e-02 7.64759529e-03 5.03868192e-04 5.18412706e-03 -1.67864957e-03
9.48665486e-02 7.69575788e-03 5.19906221e-04 5.23072905e-03 -1.74141932e-03
9.64297521e-02 7.74421345e-03 5.38679582e-04 5.27559783e-03 -1.80494323e-03
9.79927178e-02 7.79290265e-03 5.60263926e-04 5.31866281e-03 -1.86899502e-03
9.95554419e-02 7.84176576e-03 5.84725705e-04 5.35986076e-03 -1.93334085e-03
1.01117920e-01 7.89074277e-03 6.12121204e-04 5.39913586e-03 -1.99773998e-03
1.02680150e-01 7.93977343e-03 6.42495598e-04 5.43643965e-03 -2.06194545e-03
1.04242126e-01 7.98879723e-03 6.75882041e-04 5.47173103e-03 -2.12570481e-03
1.05803844e-01 8.03775340e-03 7.12300795e-04 5.50497620e-03 -2.18876087e-03
1.07365302e-01 8.08658088e-03 7.51758409e-04 5.53614858e-03 -2.25085253e-03
1.08926495e-01 8.13521821e-03 7.94246960e-04 5.56522871e-03 -2.31171557e-03
1.10487420e-01 8.18360350e-03 8.39743356e-04 5.59220420e-03 -2.37108360e-03
1.12048072e-01 8.23167429e-03 8.88208718e-04 5.61706952e-03 -2.42868895e-03
1.13608448e-01 8.27936748e-03 9.39587846e-04 5.63982597e-03 -2.48426369e-03
1.15168543e-01 8.32661921e-03 9.93808776e-04 5.66048152e-03 -2.53754066e-03
1.16728355e-01 8.37336474e-03 1.05078244e-03 5.67905067e-03 -2.58825456e-03
1.18287878e-01 8.41953838e-03 1.11040243e-03 5.69555432e-03 -2.63614308e-03
1.19847110e-01 8.46507343e-03 1.17254488e-03 5.71001965e-03 -2.68094810e-03
1.21406047e-01 8.50990203e-03 1.23706847e-03 5.72247998e-03 -2.72241693e-03
1.22964684e-01 8.55395525e-03 1.30381454e-03 5.73297462e-03 -2.76030353e-03
1.24523017e-01 8.59716298e-03 1.37260739e-03 5.74154876e-03 -2.79436986e-03
1.26081044e-01 8.63945402e-03 1.44325461e-03 5.74825329e-03 -2.82438713e-03
1.27638760e-01 8.68075616e-03 1.51554765e-03 5.75314468e-03 -2.85013722e-03
1.29196160e-01 8.72099625e-03 1.58926250e-03 5.75628481e-03 -2.87141393e-03
1.30753243e-01 8.76010044e-03 1.66416043e-03 5.75774086e-03 -2.88802435e-03
1.32310002e-01 8.79799435e-03 1.73998897e-03 5.75758511e-03 -2.89979011e-03
1.33866436e-01 8.83460335e-03 1.81648297e-03 5.75589479e-03 -2.90654872e-03
1.35422539e-01 8.86985291e-03 1.89336576e-03 5.75275189e-03 -2.90815471e-03
1.36978309e-01 8.90366894e-03 1.97035044e-03 5.74824305e-03 -2.90448081e-03
1.38533740e-01 8.93597827e-03 2.04714131e-03 5.74245927e-03 -2.89541902e-03
1.40088830e-01 8.96670908e-03 2.12343535e-03 5.73549584e-03 -2.88088158e-03
1.41643575e-01 8.99579143e-03 2.19892378e-03 5.72745203e-03 -2.86080187e-03
1.43197970e-01 9.02315785e-03 2.27329370e-03 5.71843099e-03 -2.83513514e-03
1.44752012e-01 9.04874392e-03 2.34622979e-03 5.70853951e-03 -2.80385915e-03
1.46305697e-01 9.07248889e-03 2.41741604e-03 5.69788780e-03 -2.76697469e-03
1.47859021e-01 9.09433637e-03 2.48653743e-03 5.68658933e-03 -2.72450592e-03
1.49411981e-01 9.11423495e-03 2.55328172e-03 5.67476063e-03 -2.67650059e-03
1.50964572e-01 9.13213893e-03 2.61734113e-03 5.66252111e-03 -2.62303010e-03
1.52516790e-01 9.14800898e-03 2.67841399e-03 5.64999285e-03 -2.56418943e-03
1.54068633e-01 9.16181285e-03 2.73620639e-03 5.63730052e-03 -2.50009689e-03
1.55620096e-01 9.17352600e-03 2.79043368e-03 5.62457114e-03 -2.43089382e-03
1.57171175e-01 9.18313234e-03 2.84082191e-03 5.61193405e-03 -2.35674400e-03
1.58721866e-01 9.19062480e-03 2.88710919e-03 5.59952073e-03 -2.27783313e-03
1.60272166e-01 9.19600599e-03 2.92904690e-03 5.58746479e-03 -2.19436802e-03
1.61822070e-01 9.19928878e-03 2.96640076e-03 5.57590185e-03 -2.10657585e-03
1.63371576e-01 9.20049683e-03 2.99895180e-03 5.56496956e-03 -2.01470324e-03
1.64920678e-01 9.19966516e-03 3.02649718e-03 5.55480756e-03 -1.91901528e-03
1.66469374e-01 9.19684058e-03 3.04885085e-03 5.54555751e-03 -1.81979459e-03
1.68017660e-01 9.19208214e-03 3.06584408e-03 5.53736311e-03 -1.71734023e-03
1.69565531e-01 9.18546153e-03 3.07732590e-03 5.53037016e-03 -1.61196672e-03
1.71112983e-01 9.17706344e-03 3.08316328e-03 5.52472663e-03 -1.50400302e-03
1.72660014e-01 9.16698582e-03 3.08324137e-03 5.52058269e-03 -1.39379154e-03
1.74206619e-01 9.15534018e-03 3.07746349e-03 5.51809080e-03 -1.28168718e-03
1.75752795e-01 9.14225177e-03 3.06575109e-03 5.51740574e-03 -1.16805649e-03
1.77298536e-01 9.12785975e-03 3.04804366e-03 5.51868468e-03 -1.05327679e-03
1.78843841e-01 9.11231732e-03 3.02429851e-03 5.52208710e-03 -9.37735430e-04
1.80388705e-01 9.09579171e-03 2.99449065e-03 5.52777485e-03 -8.21829157e-04
1.81933124e-01 9.07846428e-03 2.95861251e-03 5.53591196e-03 -7.05963458e-04
1.83477094e-01 9.06053038e-03 2.91667378e-03 5.54666457e-03 -5.90552054e-04
1.85020611e-01 9.04219928e-03 2.86870125e-03 5.56020060e-03 -4.76016422e-04
1.86563673e-01 9.02369400e-03 2.81473872e-03 5.57668954e-03 -3.62785375e-04
1.88106274e-01 9.00525102e-03 2.75484696e-03 5.59630196e-03 -2.51294672e-04
1.89648411e-01 8.98712001e-03 2.68910383e-03 5.61920899e-03 -1.41986648e-04
1.91190081e-01 8.96956335e-03 2.61760440e-03 5.64558174e-03 -3.53098287e-05
1.92731279e-01 8.95285569e-03 2.54046129e-03 5.67559051e-03 6.82814796e-05
1.94272002e-01 8.93728333e-03 2.45780511e-03 5.70940387e-03 1.68327669e-04
1.95812245e-01 8.92314349e-03 2.36978501e-03 5.74718774e-03 2.64364396e-04
1.97352006e-01 8.91074352e-03 2.27656938e-03 5.78910416e-03 3.55923268e-04
1.98891280e-01 8.90039992e-03 2.17834665e-03 5.83531009e-03 4.42532683e-04
2.00430064e-01 8.89243725e-03 2.07532624e-03 5.88595596e-03 5.23718846e-04
2.01968353e-01 8.88718694e-03 1.96773958e-03 5.94118421e-03 5.99006998e-04
2.03506144e-01 8.88498586e-03 1.85584119e-03 6.00112767e-03 6.67922882e-04
2.05043433e-01 8.88617484e-03 1.73990981e-03 6.06590784e-03 7.29994453e-04
2.06580217e-01 8.89109693e-03 1.62024958e-03 6.13563312e-03 7.84753881e-04
2.08116491e-01 8.90009558e-03 1.49719116e-03 6.21039698e-03 8.31739827e-04
2.09652252e-01 8.91351262e-03 1.37109278e-03 6.29027610e-03 8.70500024e-04
2.11187496e-01 8.93168611e-03 1.24234121e-03 6.37532844e-03 9.00594148e-04
2.12722219e-01 8.95494800e-03 1.11135259e-03 6.46559144e-03 9.21596989e-04
2.14256418e-01 8.98362168e-03 9.78573005e-04 6.56108017e-03 9.33101891e-04
2.15790088e-01 9.01801940e-03 8.44478910e-04 6.66178556e-03 9.34724456e-04
2.17323226e-01 9.05843956e-03 7.09577180e-04 6.76767278e-03 9.26106478e-04
2.18855828e-01 9.10516394e-03 5.74404887e-04 6.87867972e-03 9.06920068e-04
2.20387890e-01 9.15845485e-03 4.39528685e-04 6.99471564e-03 8.76871933e-04
2.21919408e-01 9.21855217e-03 3.05543788e-04 7.11566004e-03 8.35707756e-04
2.23450380e-01 9.28567054e-03 1.73072515e-04 7.24136168e-03 7.83216620e-04
2.24980800e-01 9.35999637e-03 4.27623683e-05 7.37163797e-03 7.19235416e-04
2.26510666e-01 9.44168507e-03 -8.47163709e-05 7.50627453e-03 6.43653165e-04
2.28039973e-01 9.53085831e-03 -2.08673540e-04 7.64502509e-03 5.56415186e-04
2.29568717e-01 9.62760138e-03 -3.28402486e-04 7.78761173e-03 4.57527035e-04
2.31096895e-01 9.73196081e-03 -4.43183950e-04 7.93372543e-03 3.47058144e-04
2.32624504e-01 9.84394212e-03 -5.52290415e-04 8.08302698e-03 2.25145077e-04
2.34151539e-01 9.96350790e-03 -6.54990914e-04 8.23514819e-03 9.19943370e-05
2.35677996e-01 1.00905761e-02 -7.50556239e-04 8.38969354e-03 -5.21153453e-05
2.37203872e-01 1.02250188e-02 -8.38264526e-04 8.54624212e-03 -2.06831316e-04
2.38729163e-01 1.03666611e-02 -9.17407145e-04 8.70434989e-03 -3.71725944e-04
2.40253865e-01 1.05152808e-02 -9.87294858e-04 8.86355235e-03 -5.46296277e-04
2.41777975e-01 1.06706079e-02 -1.04726415e-03 9.02336741e-03 -7.29964427e-04
2.43301489e-01 1.08323253e-02 -1.09668365e-03 9.18329863e-03 -9.22078754e-04
2.44824402e-01 1.10000693e-02 -1.13496066e-03 9.34283862e-03 -1.12191584e-03
2.46346712e-01 1.11734311e-02 -1.16154748e-03 9.50147274e-03 -1.32868329e-03
2.47868414e-01 1.13519582e-02 -1.17594775e-03 9.65868290e-03 -1.54152335e-03
2.49389505e-01 1.15351569e-02 -1.17772245e-03 9.81395153e-03 -1.75951730e-03
2.50909981e-01 1.17224948e-02 -1.16649559e-03 9.96676560e-03 -1.98169068e-03
2.52429838e-01 1.19134040e-02 -1.14195953e-03 1.01166207e-02 -2.20701922e-03
2.53949073e-01 1.21072844e-02 -1.10387979e-03 1.02630251e-02 -2.43443549e-03
2.55467681e-01 1.23035079e-02 -1.05209921e-03 1.04055038e-02 -2.66283611e-03
2.56985659e-01 1.25014225e-02 -9.86541640e-04 1.05436020e-02 -2.89108962e-03
2.58503004e-01 1.27003569e-02 -9.07214697e-04 1.06768894e-02 -3.11804475e-03
2.60019711e-01 1.28996250e-02 -8.14211946e-04 1.08049632e-02 -3.34253907e-03
2.61535776e-01 1.30985315e-02 -7.07714168e-04 1.09274513e-02 -3.56340793e-03
2.63051197e-01 1.32963762e-02 -5.87989817e-04 1.10440152e-02 -3.77949359e-03
2.64565969e-01 1.34924599e-02 -4.55394615e-04 1.11543528e-02 -3.98965440e-03
2.66080089e-01 1.36860891e-02 -3.10370271e-04 1.12581999e-02 -4.19277386e-03
2.67593552e-01 1.38765814e-02 -1.53442333e-04 1.13553325e-02 -4.38776962e-03
2.69106356e-01 1.40632702e-02 1.47828026e-05 1.14455676e-02 -4.57360211e-03
2.70618495e-01 1.42455095e-02 1.93621708e-04 1.15287643e-02 -4.74928284e-03
2.72129968e-01 1.44226788e-02 3.82318511e-04 1.16048237e-02 -4.91388214e-03
2.73640769e-01 1.45941867e-02 5.80050204e-04 1.16736894e-02 -5.06653639e-03
2.75150895e-01 1.47594753e-02 7.85932608e-04 1.17353460e-02 -5.20645446e-03
2.76660343e-01 1.49180231e-02 9.99026920e-04 1.17898189e-02 -5.33292351e-03
2.78169109e-01 1.50693482e-02 1.21834676e-03 1.18371723e-02 -5.44531387e-03
2.79677188e-01 1.52130110e-02 1.44286560e-03 1.18775072e-02 -5.54308310e-03
2.81184578e-01 1.53486156e-02 1.67152456e-03 1.19109597e-02 -5.62577907e-03
2.82691274e-01 1.54758120e-02 1.90324038e-03 1.19376977e-02 -5.69304219e-03
2.84197274e-01 1.55942963e-02 2.13691345e-03 1.19579185e-02 -5.74460658e-03
2.85702572e-01 1.57038114e-02 2.37143601e-03 1.19718456e-02 -5.78030036e-03
2.87207166e-01 1.58041473e-02 2.60570007e-03 1.19797252e-02 -5.80004498e-03
2.88711051e-01 1.58951396e-02 2.83860532e-03 1.19818230e-02 -5.80385365e-03
2.90214224e-01 1.59766694e-02 3.06906662e-03 1.19784206e-02 -5.79182896e-03
2.91716682e-01 1.60486614e-02 3.29602128e-03 1.19698121e-02 -5.76415960e-03
2.93218420e-01 1.61110822e-02 3.51843576e-03 1.19563005e-02 -5.72111649e-03
2.94719436e-01 1.61639381e-02 3.73531202e-03 1.19381945e-02 -5.66304821e-03
2.96219724e-01 1.62072728e-02 3.94569319e-03 1.19158056e-02 -5.59037578e-03
2.97719282e-01 1.62411651e-02 4.14866875e-03 1.18894445e-02 -5.50358715e-03
2.99218105e-01 1.62657259e-02 4.34337899e-03 1.18594189e-02 -5.40323122e-03
3.00716191e-01 1.62810954e-02 4.52901888e-03 1.18260312e-02 -5.28991159e-03
3.02213535e-01 1.62874409e-02 4.70484129e-03 1.17895760e-02 -5.16428017e-03
3.03710134e-01 1.62849537e-02 4.87015946e-03 1.17503388e-02 -5.02703078e-03
3.05205983e-01 1.62738467e-02 5.02434894e-03 1.17085947e-02 -4.87889268e-03
3.06701080e-01 1.62543522e-02 5.16684883e-03 1.16646074e-02 -4.72062432e-03
3.08195421e-01 1.62267196e-02 5.29716249e-03 1.16186288e-02 -4.55300724e-03
3.09689002e-01 1.61912138e-02 5.41485765e-03 1.15708989e-02 -4.37684032e-03
3.11181819e-01 1.61481137e-02 5.51956607e-03 1.15216462e-02 -4.19293429e-03
3.12673868e-01 1.60977109e-02 5.61098272e-03 1.14710887e-02 -4.00210678e-03
3.14165146e-01 1.60403090e-02 5.68886463e-03 1.14194346e-02 -3.80517770e-03
3.15655650e-01 1.59762234e-02 5.75302938e-03 1.13668838e-02 -3.60296519e-03
3.17145375e-01 1.59057809e-02 5.80335334e-03 1.13136302e-02 -3.39628209e-03
3.18634318e-01 1.58293202e-02 5.83976974e-03 1.12598629e-02 -3.18593285e-03
3.20122475e-01 1.57471927e-02 5.86226662e-03 1.12057689e-02 -2.97271104e-03
3.21609843e-01 1.56597632e-02 5.87088466e-03 1.11515356e-02 -2.75739734e-03
3.23096417e-01 1.55674112e-02 5.86571504e-03 1.10973527e-02 -2.54075797e-03
3.24582195e-01 1.54705324e-02 5.84689732e-03 1.10434151e-02 -2.32354359e-03
3.26067172e-01 1.53695404e-02 5.81461740e-03 1.09899252e-02 -2.10648860e-03
3.27551345e-01 1.52648679e-02 5.76910555e-03 1.09370956e-02 -1.89031078e-03
3.29034710e-01 1.51569690e-02 5.71063465e-03 1.08851510e-02 -1.67571119e-03
3.30517264e-01 1.50463205e-02 5.63951850e-03 1.08343301e-02 -1.46337430e-03
3.31999003e-01 1.49334237e-02 5.55611033e-03 1.07848881e-02 -1.25396831e-03
3.33479923e-01 1.48188055e-02 5.46080147e-03 1.07370977e-02 -1.04814552e-03
3.34960021e-01 1.47030200e-02 5.35402015e-03 1.06912502e-02 -8.46542723e-04
3.36439292e-01 1.45866487e-02 5.23623047e-03 1.06476568e-02 -6.49781568e-04
3.37917734e-01 1.44703014e-02 5.10793142e-03 1.06066484e-02 -4.58468843e-04
3.39395342e-01 1.43546162e-02 4.96965602e-03 1.05685761e-02 -2.73196560e-04
3.40872114e-01 1.42402587e-02 4.82197050e-03 1.05338102e-02 -9.45418675e-05
3.42348044e-01 1.41279214e-02 4.66547349e-03 1.05027396e-02 7.69332988e-05
3.43823131e-01 1.40183217e-02 4.50079510e-03 1.04757705e-02 2.40682829e-04
3.45297369e-01 1.39122002e-02 4.32859600e-03 1.04533241e-02 3.96177357e-04
3.46770756e-01 1.38103177e-02 4.14956632e-03 1.04358343e-02 5.42905488e-04
3.48243288e-01 1.37134520e-02 3.96442442e-03 1.04237456e-02 6.80375332e-04
3.49714961e-01 1.36223941e-02 3.77391534e-03 1.04175093e-02 8.08116352e-04
3.51185772e-01 1.35379435e-02 3.57880915e-03 1.04175802e-02 9.25681485e-04
3.52655716e-01 1.34609038e-02 3.37989887e-03 1.04244131e-02 1.03264953e-03
3.54124791e-01 1.33920768e-02 3.17799817e-03 1.04384585e-02 1.12862776e-03
3.55592992e-01 1.33322570e-02 2.97393871e-03 1.04601581e-02 1.21325468e-03
3.57060317e-01 1.32822254e-02 2.76856713e-03 1.04899411e-02 1.28620297e-03
3.58526760e-01 1.32427432e-02 2.56274174e-03 1.05282190e-02 1.34718244e-03
3.59992320e-01 1.32145450e-02 2.35732880e-03 1.05753814e-02 1.39594300e-03
3.61456992e-01 1.31983325e-02 2.15319858e-03 1.06317914e-02 1.43227762e-03
3.62920772e-01 1.31947675e-02 1.95122104e-03 1.06977812e-02 1.45602509e-03
3.64383658e-01 1.32044656e-02 1.75226129e-03 1.07736479e-02 1.46707267e-03
3.65845645e-01 1.32279896e-02 1.55717483e-03 1.08596495e-02 1.46535843e-03
3.67306729e-01 1.32658435e-02 1.36680263e-03 1.09560007e-02 1.45087331e-03
3.68766908e-01 1.33184665e-02 1.18196605e-03 1.10628702e-02 1.42366280e-03
3.70226177e-01 1.33862282e-02 1.00346178e-03 1.11803766e-02 1.38382823e-03
3.71684534e-01 1.34694233e-02 8.32056720e-04 1.13085870e-02 1.33152754e-03
3.73141973e-01 1.35682675e-02 6.68482997e-04 1.14475134e-02 1.26697564e-03
3.74598493e-01 1.36828944e-02 5.13433095e-04 1.15971121e-02 1.19044419e-03
3.76054088e-01 1.38133522e-02 3.67555229e-04 1.17572817e-02 1.10226085e-03
3.77508756e-01 1.39596019e-02 2.31448992e-04 1.19278630e-02 1.00280805e-03
3.78962493e-01 1.41215161e-02 1.05661359e-04 1.21086384e-02 8.92521136e-04
3.80415296e-01 1.42988785e-02 -9.31689071e-06 1.22993322e-02 7.71886073e-04
3.81867160e-01 1.44913844e-02 -1.13054291e-04 1.24996121e-02 6.41436585e-04
3.83318083e-01 1.46986419e-02 -2.05181287e-04 1.27090901e-02 5.01750873e-04
3.84768060e-01 1.49201741e-02 -2.85392271e-04 1.29273245e-02 3.53447886e-04
3.86217089e-01 1.51554218e-02 -3.53447042e-04 1.31538228e-02 1.97183219e-04
3.87665165e-01 1.54037474e-02 -4.09171647e-04 1.33880442e-02 3.36446857e-05
3.89112285e-01 1.56644390e-02 -4.52458602e-04 1.36294029e-02 -1.36452367e-04
3.90558445e-01 1.59367156e-02 -4.83266495e-04 1.38772723e-02 -3.12369951e-04
3.92003642e-01 1.62197328e-02 -5.01618973e-04 1.41309887e-02 -4.93352453e-04
3.93447872e-01 1.65125886e-02 -5.07603135e-04 1.43898558e-02 -6.78631725e-04
3.94891132e-01 1.68143306e-02 -5.01367357e-04 1.46531496e-02 -8.67432164e-04
3.96333418e-01 1.71239623e-02 -4.83118595e-04 1.49201228e-02 -1.05897572e-03
3.97774727e-01 1.74404512e-02 -4.53119209e-04 1.51900105e-02 -1.25248678e-03
3.99215055e-01 1.77627356e-02 -4.11683352e-04 1.54620347e-02 -1.44719684e-03
4.00654398e-01 1.80897327e-02 -3.59173006e-04 1.57354098e-02 -1.64234897e-03
4.02092753e-01 1.84203458e-02 -2.95993711e-04 1.60093481e-02 -1.83720191e-03
4.03530117e-01 1.87534726e-02 -2.22590065e-04 1.62830642e-02 -2.03103390e-03
4.04966485e-01 1.90880122e-02 -1.39441072e-04 1.65557810e-02 -2.22314610e-03
4.06401855e-01 1.94228725e-02 -4.70553985e-05 1.68267337e-02 -2.41286562e-03
4.07836222e-01 1.97569776e-02 5.40333795e-05 1.70951755e-02 -2.59954812e-03
4.09269584e-01 2.00892741e-02 1.63271470e-04 1.73603812e-02 -2.78258002e-03
4.10701936e-01 2.04187376e-02 2.80089433e-04 1.76216523e-02 -2.96138022e-03
4.12133276e-01 2.07443789e-02 4.03906569e-04 1.78783206e-02 -3.13540150e-03
4.13563599e-01 2.10652493e-02 5.34135050e-04 1.81297517e-02 -3.30413142e-03
4.14992902e-01 2.13804453e-02 6.70183769e-04 1.83753488e-02 -3.46709288e-03
4.16421181e-01 2.16891136e-02 8.11461847e-04 1.86145556e-02 -3.62384436e-03
4.17848434e-01 2.19904546e-02 9.57381777e-04 1.88468587e-02 -3.77397977e-03
4.19274656e-01 2.22837260e-02 1.10736217e-03 1.90717901e-02 -3.91712813e-03
4.20699844e-01 2.25682454e-02 1.26083009e-03 1.92889290e-02 -4.05295288e-03
4.22123995e-01 2.28433928e-02 1.41722300e-03 1.94979036e-02 -4.18115112e-03
4.23547105e-01 2.31086124e-02 1.57599025e-03 1.96983916e-02 -4.30145266e-03
4.24969170e-01 2.33634135e-02 1.73659420e-03 1.98901216e-02 -4.41361894e-03
4.26390187e-01 2.36073716e-02 1.89851098e-03 2.00728734e-02 -4.51744197e-03
4.27810152e-01 2.38401285e-02 2.06123089e-03 2.02464777e-02 -4.61274317e-03
4.29229063e-01 2.40613922e-02 2.22425842e-03 2.04108161e-02 -4.69937236e-03
4.30646915e-01 2.42709362e-02 2.38711215e-03 2.05658205e-02 -4.77720666e-03
4.32063705e-01 2.44685989e-02 2.54932424e-03 2.07114718e-02 -4.84614964e-03
4.33479429e-01 2.46542819e-02 2.71043992e-03 2.08477995e-02 -4.90613049e-03
4.34894084e-01 2.48279485e-02 2.87001673e-03 2.09748792e-02 -4.95710335e-03
4.36307667e-01 2.49896222e-02 3.02762376e-03 2.10928317e-02 -4.99904680e-03
4.37720174e-01 2.51393839e-02 3.18284084e-03 2.12018207e-02 -5.03196352e-03
4.39131601e-01 2.52773703e-02 3.33525777e-03 2.13020506e-02 -5.05588010e-03
4.40541946e-01 2.54037707e-02 3.48447365e-03 2.13937644e-02 -5.07084693e-03
4.41951203e-01 2.55188248e-02 3.63009635e-03 2.14772408e-02 -5.07693836e-03
4.43359371e-01 2.56228196e-02 3.77174207e-03 2.15527921e-02 -5.07425286e-03
4.44766446e-01 2.57160868e-02 3.90903523e-03 2.16207612e-02 -5.06291328e-03
4.46172424e-01 2.57989992e-02 4.04160846e-03 2.16815184e-02 -5.04306729e-03
4.47577301e-01 2.58719680e-02 4.16910293e-03 2.17354593e-02 -5.01488769e-03
4.48981074e-01 2.59354397e-02 4.29116893e-03 2.17830011e-02 -4.97857284e-03
4.50383741e-01 2.59898926e-02 4.40746667e-03 2.18245801e-02 -4.93434699e-03
4.51785296e-01 2.60358336e-02 4.51766742e-03 2.18606482e-02 -4.88246057e-03
4.53185738e-01 2.60737951e-02 4.62145483e-03 2.18916706e-02 -4.82319034e-03
4.54585061e-01 2.61043316e-02 4.71852658e-03 2.19181222e-02 -4.75683943e-03
4.55983264e-01 2.61280164e-02 4.80859615e-03 2.19404850e-02 -4.68373719e-03
4.57380342e-01 2.61454383e-02 4.89139486e-03 2.19592452e-02 -4.60423881e-03
4.58776292e-01 2.61571983e-02 4.96667399e-03 2.19748906e-02 -4.51872476e-03
4.60171111e-01 2.61639067e-02 5.03420706e-03 2.19879077e-02 -4.42759994e-03
4.61564795e-01 2.61661793e-02 5.09379217e-03 2.19987790e-02 -4.33129259e-03
4.62957340e-01 2.61646347e-02 5.14525432e-03 2.20079812e-02 -4.23025288e-03
4.64348744e-01 2.61598911e-02 5.18844772e-03 2.20159821e-02 -4.12495132e-03
4.65739003e-01 2.61525633e-02 5.22325804e-03 2.20232391e-02 -4.01587674e-03
4.67128113e-01 2.61432594e-02 5.24960453e-03 2.20301970e-02 -3.90353414e-03
4.68516071e-01 2.61325786e-02 5.26744189e-03 2.20372861e-02 -3.78844225e-03
4.69902874e-01 2.61211080e-02 5.27676204e-03 2.20449205e-02 -3.67113075e-03
4.71288518e-01 2.61094198e-02 5.27759551e-03 2.20534969e-02 -3.55213746e-03
4.72672999e-01 2.60980695e-02 5.27001262e-03 2.20633934e-02 -3.43200520e-03
4.74056315e-01 2.60875930e-02 5.25412426e-03 2.20749677e-02 -3.31127854e-03
4.75438462e-01 2.60785046e-02 5.23008235e-03 2.20885571e-02 -3.19050049e-03
4.76819436e-01 2.60712950e-02 5.19807988e-03 2.21044774e-02 -3.07020905e-03
4.78199234e-01 2.60664296e-02 5.15835062e-03 2.21230223e-02 -2.95093377e-03
4.79577853e-01 2.60643469e-02 5.11116832e-03 2.21444630e-02 -2.83319234e-03
4.80955289e-01 2.60654572e-02 5.05684562e-03 2.21690484e-02 -2.71748717e-03
4.82331539e-01 2.60701413e-02 4.99573245e-03 2.21970050e-02 -2.60430216e-03
4.83706600e-01 2.60787496e-02 4.92821412e-03 2.22285367e-02 -2.49409953e-03
4.85080468e-01 2.60916017e-02 4.85470902e-03 2.22638257e-02 -2.38731694e-03
4.86453139e-01 2.61089858e-02 4.77566589e-03 2.23030326e-02 -2.28436468e-03
4.87824611e-01 2.61311587e-02 4.69156092e-03 2.23462972e-02 -2.18562331e-03
4.89194880e-01 2.61583455e-02 4.60289442e-03 2.23937390e-02 -2.09144139e-03
4.90563942e-01 2.61907405e-02 4.51018732e-03 2.24454585e-02 -2.00213370e-03
4.91931794e-01 2.62285075e-02 4.41397746e-03 2.25015378e-02 -1.91797966e-03
4.93298434e-01 2.62717802e-02 4.31481567e-03 2.25620416e-02 -1.83922220e-03
4.94663856e-01 2.63206640e-02 4.21326180e-03 2.26270185e-02 -1.76606693e-03
4.96028059e-01 2.63752366e-02 4.10988061e-03 2.26965022e-02 -1.69868169e-03
4.97391039e-01 2.64355495e-02 4.00523773e-03 2.27705124e-02 -1.63719654e-03
4.98752791e-01 2.65016297e-02 3.89989553e-03 2.28490561e-02 -1.58170398e-03
5.00113314e-01 2.65734812e-02 3.79440920e-03 2.29321292e-02 -1.53225966e-03
5.01472604e-01 2.66510871e-02 3.68932283e-03 2.30197172e-02 -1.48888335e-03
5.02830656e-01 2.67344111e-02 3.58516570e-03 2.31117966e-02 -1.45156026e-03
5.04187469e-01 2.68233996e-02 3.48244883e-03 2.32083361e-02 -1.42024260e-03
5.05543038e-01 2.69179840e-02 3.38166165e-03 2.33092978e-02 -1.39485152e-03
5.06897361e-01 2.70180821e-02 3.28326901e-03 2.34146380e-02 -1.37527916e-03
5.08250433e-01 2.71236008e-02 3.18770852e-03 2.35243085e-02 -1.36139096e-03
5.09602252e-01 2.72344376e-02 3.09538814e-03 2.36382574e-02 -1.35302818e-03
5.10952815e-01 2.73504825e-02 3.00668413e-03 2.37564296e-02 -1.35001047e-03
5.12302117e-01 2.74716200e-02 2.92193939e-03 2.38787684e-02 -1.35213854e-03
5.13650155e-01 2.75977310e-02 2.84146213e-03 2.40052151e-02 -1.35919698e-03
5.14996927e-01 2.77286937e-02 2.76552487e-03 2.41357104e-02 -1.37095696e-03
5.16342429e-01 2.78643857e-02 2.69436393e-03 2.42701945e-02 -1.38717904e-03
5.17686658e-01 2.80046852e-02 2.62817911e-03 2.44086076e-02 -1.40761582e-03
5.19029610e-01 2.81494715e-02 2.56713386e-03 2.45508898e-02 -1.43201458e-03
5.20371281e-01 2.82986270e-02 2.51135572e-03 2.46969819e-02 -1.46011977e-03
5.21711670e-01 2.84520368e-02 2.46093707e-03 2.48468251e-02 -1.49167542e-03
5.23050772e-01 2.86095901e-02 2.41593624e-03 2.50003609e-02 -1.52642725e-03
5.24388584e-01 2.87711803e-02 2.37637883e-03 2.51575313e-02 -1.56412477e-03
5.25725102e-01 2.89367052e-02 2.34225935e-03 2.53182785e-02 -1.60452308e-03
5.27060325e-01 2.91060670e-02 2.31354300e-03 2.54825449e-02 -1.64738446e-03
5.28394247e-01 2.92791722e-02 2.29016770e-03 2.56502726e-02 -1.69247976e-03
5.29726866e-01 2.94559313e-02 2.27204632e-03 2.58214029e-02 -1.73958960e-03
5.31058179e-01 2.96362586e-02 2.25906896e-03 2.59958765e-02 -1.78850528e-03
5.32388182e-01 2.98200712e-02 2.25110539e-03 2.61736327e-02 -1.83902950e-03
5.33716872e-01 3.00072887e-02 2.24800755e-03 2.63546092e-02 -1.89097683e-03
5.35044246e-01 3.01978323e-02 2.24961211e-03 2.65387416e-02 -1.94417404e-03
5.36370301e-01 3.03916240e-02 2.25574302e-03 2.67259629e-02 -1.99846012e-03
5.37695032e-01 3.05885859e-02 2.26621402e-03 2.69162032e-02 -2.05368615e-03
5.39018438e-01 3.07886391e-02 2.28083119e-03 2.71093895e-02 -2.10971505e-03
5.40340514e-01 3.09917025e-02 2.29939535e-03 2.73054447e-02 -2.16642106e-03
5.41661258e-01 3.11976927e-02 2.32170437e-03 2.75042881e-02 -2.22368911e-03
5.42980666e-01 3.14065225e-02 2.34755542e-03 2.77058344e-02 -2.28141412e-03
5.44298735e-01 3.16180999e-02 2.37674698e-03 2.79099936e-02 -2.33950005e-03
5.45615461e-01 3.18323282e-02 2.40908078e-03 2.81166711e-02 -2.39785900e-03
5.46930842e-01 3.20491042e-02 2.44436351e-03 2.83257670e-02 -2.45641011e-03
5.48244874e-01 3.22683187e-02 2.48240830e-03 2.85371763e-02 -2.51507845e-03
5.49557555e-01 3.24898551e-02 2.52303610e-03 2.87507889e-02 -2.57379393e-03
5.50868879e-01 3.27135896e-02 2.56607668e-03 2.89664893e-02 -2.63249005e-03
5.52178845e-01 3.29393907e-02 2.61136953e-03 2.91841571e-02 -2.69110275e-03
5.53487450e-01 3.31671193e-02 2.65876445e-03 2.94036666e-02 -2.74956925e-03
5.54794689e-01 3.33966287e-02 2.70812196e-03 2.96248876e-02 -2.80782694e-03
5.56100561e-01 3.36277646e-02 2.75931334e-03 2.98476851e-02 -2.86581224e-03
5.57405060e-01 3.38603658e-02 2.81222064e-03 3.00719204e-02 -2.92345961e-03
5.58708186e-01 3.40942644e-02 2.86673621e-03 3.02974508e-02 -2.98070066e-03
5.60009933e-01 3.43292868e-02 2.92276223e-03 3.05241308e-02 -3.03746321e-03
5.61310299e-01 3.45652542e-02 2.98020988e-03 3.07518122e-02 -3.09367065e-03
5.62609281e-01 3.48019839e-02 3.03899839e-03 3.09803451e-02 -3.14924129e-03
5.63906875e-01 3.50392899e-02 3.09905386e-03 3.12095788e-02 -3.20408789e-03
5.65203079e-01 3.52769848e-02 3.16030794e-03 3.14393623e-02 -3.25811732e-03
5.66497889e-01 3.55148807e-02 3.22269642e-03 3.16695453e-02 -3.31123039e-03
5.67791302e-01 3.57527907e-02 3.28615764e-03 3.18999794e-02 -3.36332184e-03
5.69083314e-01 3.59905304e-02 3.35063084e-03 3.21305190e-02 -3.41428043e-03
5.70373923e-01 3.62279198e-02 3.41605451e-03 3.23610224e-02 -3.46398928e-03
5.71663126e-01 3.64647847e-02 3.48236460e-03 3.25913527e-02 -3.51232631e-03
5.72950918e-01 3.67009583e-02 3.54949286e-03 3.28213795e-02 -3.55916487e-03
5.74237298e-01 3.69362832e-02 3.61736518e-03 3.30509794e-02 -3.60437450e-03
5.75522261e-01 3.71706128e-02 3.68589991e-03 3.32800376e-02 -3.64782185e-03
5.76805805e-01 3.74038131e-02 3.75500644e-03 3.35084486e-02 -3.68937177e-03
5.78087927e-01 3.76357644e-02 3.82458378e-03 3.37361178e-02 -3.72888841e-03
5.79368623e-01 3.78663625e-02 3.89451934e-03 3.39629623e-02 -3.76623662e-03
5.80647890e-01 3.80955204e-02 3.96468789e-03 3.41889117e-02 -3.80128324e-03
5.81925725e-01 3.83231693e-02 4.03495076e-03 3.44139095e-02 -3.83389861e-03
5.83202125e-01 3.85492602e-02 4.10515517e-03 3.46379132e-02 -3.86395808e-03
5.84477087e-01 3.87737644e-02 4.17513391e-03 3.48608959e-02 -3.89134355e-03
5.85750607e-01 3.89966748e-02 4.24470517e-03 3.50828462e-02 -3.91594506e-03
5.87022683e-01 3.92180060e-02 4.31367271e-03 3.53037687e-02 -3.93766232e-03
5.88293311e-01 3.94377950e-02 4.38182629e-03 3.55236847e-02 -3.95640625e-03
5.89562488e-01 3.96561017e-02 4.44894228e-03 3.57426323e-02 -3.97210049e-03
5.90830212e-01 3.98730082e-02 4.51478462e-03 3.59606661e-02 -3.98468274e-03
5.92096478e-01 4.00886191e-02 4.57910605e-03 3.61778571e-02 -3.99410608e-03
5.93361284e-01 4.03030610e-02 4.64164948e-03 3.63942928e-02 -4.00034020e-03
5.94624627e-01 4.05164814e-02 4.70214970e-03 3.66100761e-02 -4.00337237e-03
5.95886503e-01 4.07290482e-02 4.76033523e-03 3.68253251e-02 -4.00320839e-03
5.97146909e-01 4.09409484e-02 4.81593040e-03 3.70401721e-02 -3.99987331e-03
5.98405843e-01 4.11523866e-02 4.86865754e-03 3.72547626e-02 -3.99341193e-03
5.99663302e-01 4.13635838e-02 4.91823940e-03 3.74692541e-02 -3.98388919e-03
6.00919281e-01 4.15747753e-02 4.96440156e-03 3.76838148e-02 -3.97139027e-03
6.02173778e-01 4.17862090e-02 5.00687500e-03 3.78986224e-02 -3.95602056e-03
6.03426791e-01 4.19981432e-02 5.04539873e-03 3.81138620e-02 -3.93790533e-03
6.04678315e-01 4.22108447e-02 5.07972232e-03 3.83297251e-02 -3.91718928e-03
6.05928348e-01 4.24245859e-02 5.10960853e-03 3.85464074e-02 -3.89403579e-03
6.07176887e-01 4.26396431e-02 5.13483584e-03 3.87641067e-02 -3.86862600e-03
6.08423928e-01 4.28562935e-02 5.15520089e-03 3.89830217e-02 -3.84115769e-03
6.09669468e-01 4.30748130e-02 5.17052080e-03 3.92033492e-02 -3.81184394e-03
6.10913506e-01 4.32954734e-02 5.18063541e-03 3.94252828e-02 -3.78091165e-03
6.12156036e-01 4.35185400e-02 5.18540925e-03 3.96490103e-02 -3.74859982e-03
6.13397057e-01 4.37442693e-02 5.18473341e-03 3.98747122e-02 -3.71515777e-03
6.14636565e-01 4.39729059e-02 5.17852718e-03 4.01025592e-02 -3.68084309e-03
6.15874558e-01 4.42046809e-02 5.16673939e-03 4.03327109e-02 -3.64591963e-03
6.17111031e-01 4.44398091e-02 5.14934961e-03 4.05653133e-02 -3.61065525e-03
6.18345983e-01 4.46784869e-02 5.12636905e-03 4.08004976e-02 -3.57531960e-03
6.19579410e-01 4.49208904e-02 5.09784116e-03 4.10383781e-02 -3.54018174e-03
6.20811308e-01 4.51671734e-02 5.06384200e-03 4.12790511e-02 -3.50550785e-03
6.22041676e-01 4.54174658e-02 5.02448037e-03 4.15225934e-02 -3.47155884e-03
6.23270509e-01 4.56718722e-02 4.97989761e-03 4.17690610e-02 -3.43858799e-03
6.24497806e-01 4.59304704e-02 4.93026717e-03 4.20184883e-02 -3.40683870e-03
6.25723562e-01 4.61933102e-02 4.87579394e-03 4.22708873e-02 -3.37654222e-03
6.26947776e-01 4.64604133e-02 4.81671329e-03 4.25262468e-02 -3.34791550e-03
6.28170443e-01 4.67317719e-02 4.75328995e-03 4.27845326e-02 -3.32115918e-03
6.29391561e-01 4.70073491e-02 4.68581660e-03 4.30456868e-02 -3.29645567e-03
6.30611126e-01 4.72870783e-02 4.61461229e-03 4.33096284e-02 -3.27396742e-03
6.31829137e-01 4.75708639e-02 4.54002067e-03 4.35762537e-02 -3.25383532e-03
6.33045589e-01 4.78585816e-02 4.46240812e-03 4.38454367e-02 -3.23617735e-03
6.34260480e-01 4.81500792e-02 4.38216157e-03 4.41170304e-02 -3.22108734e-03
6.35473807e-01 4.84451777e-02 4.29968640e-03 4.43908678e-02 -3.20863409e-03
6.36685567e-01 4.87436727e-02 4.21540405e-03 4.46667634e-02 -3.19886055e-03
6.37895757e-01 4.90453358e-02 4.12974967e-03 4.49445149e-02 -3.19178341e-03
6.39104373e-01 4.93499170e-02 4.04316958e-03 4.52239053e-02 -3.18739280e-03
6.40311414e-01 4.96571458e-02 3.95611882e-03 4.55047049e-02 -3.18565230e-03
6.41516875e-01 4.99667346e-02 3.86905849e-03 4.57866736e-02 -3.18649924e-03
6.42720754e-01 5.02783805e-02 3.78245324e-03 4.60695638e-02 -3.18984517e-03
6.43923048e-01 5.05917683e-02 3.69676858e-03 4.63531228e-02 -3.19557667e-03
6.45123754e-01 5.09065730e-02 3.61246835e-03 4.66370957e-02 -3.20355632e-03
6.46322869e-01 5.12224636e-02 3.53001208e-03 4.69212286e-02 -3.21362400e-03
6.47520390e-01 5.15391052e-02 3.44985246e-03 4.72052714e-02 -3.22559837e-03
6.48716314e-01 5.18561630e-02 3.37243285e-03 4.74889810e-02 -3.23927858e-03
6.49910639e-01 5.21733050e-02 3.29818475e-03 4.77721244e-02 -3.25444618e-03
6.51103360e-01 5.24902056e-02 3.22752544e-03 4.80544818e-02 -3.27086729e-03
6.52294476e-01 5.28065488e-02 3.16085565e-03 4.83358497e-02 -3.28829482e-03
6.53483983e-01 5.31220311e-02 3.09855727e-03 4.86160435e-02 -3.30647099e-03
6.54671879e-01 5.34363649e-02 3.04099123e-03 4.88949009e-02 -3.32512990e-03
6.55858160e-01 5.37492815e-02 2.98849545e-03 4.91722840e-02 -3.34400024e-03
6.57042824e-01 5.40605335e-02 2.94138286e-03 4.94480819e-02 -3.36280809e-03
6.58225867e-01 5.43698980e-02 2.89993961e-03 4.97222129e-02 -3.38127980e-03
6.59407287e-01 5.46771785e-02 2.86442341e-03 4.99946263e-02 -3.39914491e-03
6.60587080e-01 5.49822073e-02 2.83506200e-03 5.02653042e-02 -3.41613904e-03
6.61765245e-01 5.52848471e-02 2.81205178e-03 5.05342626e-02 -3.43200686e-03
6.62941778e-01 5.55849929e-02 2.79555667e-03 5.08015521e-02 -3.44650495e-03
6.64116675e-01 5.58825726e-02 2.78570706e-03 5.10672589e-02 -3.45940456e-03
6.65289935e-01 5.61775484e-02 2.78259912e-03 5.13315043e-02 -3.47049439e-03
6.66461554e-01 5.64699167e-02 2.78629417e-03 5.15944448e-02 -3.47958311e-03
6.67631530e-01 5.67597084e-02 2.79681837e-03 5.18562711e-02 -3.48650180e-03
6.68799859e-01 5.70469885e-02 2.81416264e-03 5.21172071e-02 -3.49110620e-03
6.69966538e-01 5.73318549e-02 2.83828281e-03 5.23775080e-02 -3.49327871e-03
6.71131566e-01 5.76144379e-02 2.86910004e-03 5.26374589e-02 -3.49293025e-03
6.72294938e-01 5.78948980e-02 2.90650147e-03 5.28973714e-02 -3.49000171e-03
6.73456652e-01 5.81734241e-02 2.95034123e-03 5.31575816e-02 -3.48446529e-03
6.74616706e-01 5.84502314e-02 3.00044158e-03 5.34184468e-02 -3.47632542e-03
6.75775095e-01 5.87255582e-02 3.05659440e-03 5.36803415e-02 -3.46561945e-03
6.76931818e-01 5.89996636e-02 3.11856293e-03 5.39436542e-02 -3.45241796e-03
6.78086872e-01 5.92728237e-02 3.18608370e-03 5.42087833e-02 -3.43682476e-03
6.79240254e-01 5.95453283e-02 3.25886875e-03 5.44761326e-02 -3.41897659e-03
6.80391960e-01 5.98174778e-02 3.33660803e-03 5.47461072e-02 -3.39904242e-03
6.81541988e-01 6.00895785e-02 3.41897199e-03 5.50191090e-02 -3.37722248e-03
6.82690336e-01 6.03619397e-02 3.50561432e-03 5.52955323e-02 -3.35374686e-03
6.83837000e-01 6.06348694e-02 3.59617485e-03 5.55757594e-02 -3.32887393e-03
6.84981977e-01 6.09086707e-02 3.69028256e-03 5.58601562e-02 -3.30288835e-03
6.86125265e-01 6.11836383e-02 3.78755859e-03 5.61490680e-02 -3.27609884e-03
6.87266861e-01 6.14600547e-02 3.88761937e-03 5.64428156e-02 -3.24883564e-03
6.88406763e-01 6.17381871e-02 3.99007964e-03 5.67416918e-02 -3.22144779e-03
6.89544966e-01 6.20182846e-02 4.09455552e-03 5.70459577e-02 -3.19430016e-03
6.90681469e-01 6.23005754e-02 4.20066739e-03 5.73558399e-02 -3.16777029e-03
6.91816268e-01 6.25852645e-02 4.30804268e-03 5.76715279e-02 -3.14224507e-03
6.92949362e-01 6.28725319e-02 4.41631847e-03 5.79931720e-02 -3.11811736e-03
6.94080746e-01 6.31625312e-02 4.52514386e-03 5.83208818e-02 -3.09578245e-03
6.95210419e-01 6.34553886e-02 4.63418208e-03 5.86547248e-02 -3.07563454e-03
6.96338377e-01 6.37512028e-02 4.74311233e-03 5.89947262e-02 -3.05806313e-03
6.97464618e-01 6.40500446e-02 4.85163125e-03 5.93408686e-02 -3.04344951e-03
6.98589139e-01 6.43519578e-02 4.95945406e-03 5.96930927e-02 -3.03216331e-03
6.99711937e-01 6.46569602e-02 5.06631529e-03 6.00512984e-02 -3.02455905e-03
7.00833010e-01 6.49650454e-02 5.17196920e-03 6.04153462e-02 -3.02097296e-03
7.01952354e-01 6.52761845e-02 5.27618967e-03 6.07850596e-02 -3.02171986e-03
7.03069967e-01 6.55903292e-02 5.37876979e-03 6.11602275e-02 -3.02709025e-03
7.04185846e-01 6.59074142e-02 5.47952101e-03 6.15406075e-02 -3.03734764e-03
7.05299989e-01 6.62273608e-02 5.57827186e-03 6.19259290e-02 -3.05272613e-03
7.06412392e-01 6.65500802e-02 5.67486638e-03 6.23158973e-02 -3.07342820e-03
7.07523053e-01 6.68754780e-02 5.76916212e-03 6.27101976e-02 -3.09962278e-03
7.08631969e-01 6.72034576e-02 5.86102794e-03 6.31084991e-02 -3.13144371e-03
7.09739137e-01 6.75339245e-02 5.95034142e-03 6.35104600e-02 -3.16898833e-03
7.10844555e-01 6.78667908e-02 6.03698612e-03 6.39157317e-02 -3.21231654e-03
7.11948220e-01 6.82019792e-02 6.12084873e-03 6.43239633e-02 -3.26145002e-03
7.13050130e-01 6.85394270e-02 6.20181600e-03 6.47348069e-02 -3.31637185e-03
7.14150280e-01 6.88790901e-02 6.27977173e-03 6.51479214e-02 -3.37702640e-03
7.15248670e-01 6.92209468e-02 6.35459374e-03 6.55629772e-02 -3.44331945e-03
7.16345296e-01 6.95650006e-02 6.42615097e-03 6.59796602e-02 -3.51511866e-03
7.17440155e-01 6.99112841e-02 6.49430072e-03 6.63976757e-02 -3.59225423e-03
7.18533244e-01 7.02598604e-02 6.55888613e-03 6.68167518e-02 -3.67451983e-03
7.19624562e-01 7.06108260e-02 6.61973400e-03 6.72366426e-02 -3.76167373e-03
7.20714105e-01 7.09643117e-02 6.67665295e-03 6.76571306e-02 -3.85344011e-03
7.21801870e-01 7.13204837e-02 6.72943199e-03 6.80780293e-02 -3.94951060e-03
7.22887856e-01 7.16795437e-02 6.77783959e-03 6.84991845e-02 -4.04954585e-03
7.23972059e-01 7.20417286e-02 6.82162328e-03 6.89204755e-02 -4.15317735e-03
7.25054476e-01 7.24073093e-02 6.86050977e-03 6.93418159e-02 -4.26000924e-03
7.26135105e-01 7.27765890e-02 6.89420571e-03 6.97631536e-02 -4.36962031e-03
7.27213943e-01 7.31499010e-02 6.92239900e-03 7.01844700e-02 -4.48156590e-03
7.28290988e-01 7.35276051e-02 6.94476073e-03 7.06057795e-02 -4.59538002e-03
7.29366237e-01 7.39100848e-02 6.96094772e-03 7.10271277e-02 -4.71057736e-03
7.30439687e-01 7.42977422e-02 6.97060563e-03 7.14485896e-02 -4.82665538e-03
7.31511336e-01 7.46909939e-02 6.97337265e-03 7.18702669e-02 -4.94309640e-03
7.32581181e-01 7.50902657e-02 6.96888366e-03 7.22922855e-02 -5.05936963e-03
7.33649219e-01 7.54959867e-02 6.95677489e-03 7.27147923e-02 -5.17493333e-03
7.34715448e-01 7.59085837e-02 6.93668901e-03 7.31379514e-02 -5.28923680e-03
7.35779864e-01 7.63284749e-02 6.90828043e-03 7.35619412e-02 -5.40172255e-03
7.36842467e-01 7.67560638e-02 6.87122101e-03 7.39869495e-02 -5.51182834e-03
7.37903252e-01 7.71917322e-02 6.82520586e-03 7.44131706e-02 -5.61898935e-03
7.38962217e-01 7.76358345e-02 6.76995917e-03 7.48408004e-02 -5.72264037e-03
7.40019360e-01 7.80886911e-02 6.70524017e-03 7.52700332e-02 -5.82221798e-03
7.41074678e-01 7.85505821e-02 6.63084881e-03 7.57010571e-02 -5.91716291e-03
7.42128168e-01 7.90217419e-02 6.54663137e-03 7.61340508e-02 -6.00692241e-03
7.43179828e-01 7.95023535e-02 6.45248571e-03 7.65691797e-02 -6.09095277e-03
7.44229655e-01 7.99925435e-02 6.34836612e-03 7.70065928e-02 -6.16872198e-03
7.45277647e-01 8.04923776e-02 6.23428769e-03 7.74464195e-02 -6.23971244e-03
7.46323801e-01 8.10018569e-02 6.11033017e-03 7.78887671e-02 -6.30342393e-03
7.47368114e-01 8.15209145e-02 5.97664112e-03 7.83337185e-02 -6.35937667e-03
7.48410585e-01 8.20494128e-02 5.83343838e-03 7.87813301e-02 -6.40711454e-03
7.49451209e-01 8.25871422e-02 5.68101183e-03 7.92316307e-02 -6.44620850e-03
7.50489985e-01 8.31338196e-02 5.51972431e-03 7.96846199e-02 -6.47626005e-03
7.51526911e-01 8.36890886e-02 5.35001168e-03 8.01402683e-02 -6.49690500e-03
7.52561982e-01 8.42525197e-02 5.17238212e-03 8.05985166e-02 -6.50781712e-03
7.53595199e-01 8.48236122e-02 4.98741451e-03 8.10592763e-02 -6.50871212e-03
7.54626556e-01 8.54017958e-02 4.79575598e-03 8.15224301e-02 -6.49935144e-03
7.55656053e-01 8.59864345e-02 4.59811864e-03 8.19878332e-02 -6.47954626e-03
7.56683685e-01 8.65768295e-02 4.39527553e-03 8.24553147e-02 -6.44916130e-03
7.57709452e-01 8.71722243e-02 4.18805587e-03 8.29246793e-02 -6.40811864e-03
7.58733350e-01 8.77718097e-02 3.97733949e-03 8.33957095e-02 -6.35640134e-03
7.59755377e-01 8.83747294e-02 3.76405087e-03 8.38681677e-02 -6.29405687e-03
7.60775531e-01 8.89800868e-02 3.54915241e-03 8.43417991e-02 -6.22120023e-03
7.61793808e-01 8.95869513e-02 3.33363747e-03 8.48163339e-02 -6.13801678e-03
7.62810206e-01 9.01943660e-02 3.11852289e-03 8.52914909e-02 -6.04476460e-03
7.63824724e-01 9.08013551e-02 2.90484135e-03 8.57669799e-02 -5.94177641e-03
7.64837357e-01 9.14069320e-02 2.69363358e-03 8.62425052e-02 -5.82946093e-03
7.65848104e-01 9.20101069e-02 2.48594046e-03 8.67177681e-02 -5.70830363e-03
7.66856963e-01 9.26098954e-02 2.28279524e-03 8.71924706e-02 -5.57886682e-03
7.67863930e-01 9.32053266e-02 2.08521586e-03 8.76663182e-02 -5.44178900e-03
7.68869004e-01 9.37954510e-02 1.89419758e-03 8.81390227e-02 -5.29778348e-03
7.69872181e-01 9.43793491e-02 1.71070586e-03 8.86103056e-02 -5.14763613e-03
7.70873460e-01 9.49561386e-02 1.53566976e-03 8.90799005e-02 -4.99220238e-03
7.71872838e-01 9.55249824e-02 1.36997576e-03 8.95475559e-02 -4.83240335e-03
7.72870312e-01 9.60850955e-02 1.21446214e-03 9.00130380e-02 -4.66922107e-03
7.73865880e-01 9.66357525e-02 1.06991406e-03 9.04761332e-02 -4.50369290e-03
7.74859540e-01 9.71762933e-02 9.37059122e-04 9.09366502e-02 -4.33690517e-03
7.75851289e-01 9.77061299e-02 8.16563794e-04 9.13944225e-02 -4.16998595e-03
7.76841124e-01 9.82247510e-02 7.09030385e-04 9.18493106e-02 -4.00409708e-03
7.77829044e-01 9.87317277e-02 6.14994788e-04 9.23012039e-02 -3.84042559e-03
7.78815045e-01 9.92267175e-02 5.34924886e-04 9.27500225e-02 -3.68017441e-03
7.79799126e-01 9.97094681e-02 4.69219625e-04 9.31957193e-02 -3.52455262e-03
7.80781283e-01 1.00179820e-01 4.18208722e-04 9.36382817e-02 -3.37476520e-03
7.81761515e-01 1.00637712e-01 3.82152958e-04 9.40777330e-02 -3.23200250e-03
7.82739819e-01 1.01083176e-01 3.61245011e-04 9.45141342e-02 -3.09742948e-03
7.83716193e-01 1.01516349e-01 3.55610774e-04 9.49475856e-02 -2.97217480e-03
7.84690634e-01 1.01937462e-01 3.65311080e-04 9.53782276e-02 -2.85732003e-03
7.85663139e-01 1.02346848e-01 3.90343779e-04 9.58062427e-02 -2.75388891e-03
7.86633708e-01 1.02744941e-01 4.30646090e-04 9.62318562e-02 -2.66283698e-03
7.87602336e-01 1.03132270e-01 4.86097154e-04 9.66553373e-02 -2.58504161e-03
7.88569022e-01 1.03509461e-01 5.56520719e-04 9.70770003e-02 -2.52129251e-03
7.89533763e-01 1.03877233e-01 6.41687890e-04 9.74972048e-02 -2.47228304e-03
7.90496556e-01 1.04236395e-01 7.41319877e-04 9.79163570e-02 -2.43860221e-03
7.91457401e-01 1.04587845e-01 8.55090672e-04 9.83349092e-02 -2.42072761e-03
7.92416293e-01 1.04932560e-01 9.82629629e-04 9.87533608e-02 -2.41901936e-03
7.93373232e-01 1.05271598e-01 1.12352387e-03 9.91722571e-02 -2.43371516e-03
7.94328214e-01 1.05606089e-01 1.27732051e-03 9.95921899e-02 -2.46492646e-03
7.95281236e-01 1.05937230e-01 1.44352863e-03 1.00013796e-01 -2.51263590e-03
7.96232298e-01 1.06266278e-01 1.62162107e-03 1.00437754e-01 -2.57669607e-03
7.97181396e-01 1.06594545e-01 1.81103594e-03 1.00864789e-01 -2.65682945e-03
7.98128528e-01 1.06923392e-01 2.01117785e-03 1.01295663e-01 -2.75262978e-03
7.99073691e-01 1.07254218e-01 2.22141902e-03 1.01731175e-01 -2.86356474e-03
8.00016884e-01 1.07588454e-01 2.44110011e-03 1.02172160e-01 -2.98897980e-03
8.00958104e-01 1.07927559e-01 2.66953085e-03 1.02619484e-01 -3.12810345e-03
8.01897349e-01 1.08273002e-01 2.90599066e-03 1.03074038e-01 -3.28005355e-03
8.02834616e-01 1.08626265e-01 3.14972903e-03 1.03536737e-01 -3.44384483e-03
8.03769903e-01 1.08988824e-01 3.39996601e-03 1.04008510e-01 -3.61839734e-03
8.04703207e-01 1.09362148e-01 3.65589257e-03 1.04490301e-01 -3.80254593e-03
8.05634528e-01 1.09747684e-01 3.91667116e-03 1.04983056e-01 -3.99505045e-03
8.06563861e-01 1.10146852e-01 4.18143635e-03 1.05487719e-01 -4.19460667e-03
8.07491206e-01 1.10561032e-01 4.44929564e-03 1.06005227e-01 -4.39985775e-03
8.08416559e-01 1.10991559e-01 4.71933055e-03 1.06536501e-01 -4.60940609e-03
8.09339918e-01 1.11439711e-01 4.99059795e-03 1.07082435e-01 -4.82182548e-03
8.10261281e-01 1.11906700e-01 5.26213181e-03 1.07643894e-01 -5.03567336e-03
8.11180646e-01 1.12393666e-01 5.53294523e-03 1.08221702e-01 -5.24950302e-03
8.12098011e-01 1.12901667e-01 5.80203297e-03 1.08816634e-01 -5.46187569e-03
8.13013373e-01 1.13431669e-01 6.06837428e-03 1.09429411e-01 -5.67137226e-03
8.13926729e-01 1.13984542e-01 6.33093633e-03 1.10060686e-01 -5.87660465e-03
8.14838079e-01 1.14561054e-01 6.58867793e-03 1.10711042e-01 -6.07622648e-03
8.15747419e-01 1.15161858e-01 6.84055377e-03 1.11380982e-01 -6.26894325e-03
8.16654747e-01 1.15787494e-01 7.08551901e-03 1.12070923e-01 -6.45352163e-03
8.17560061e-01 1.16438379e-01 7.32253432e-03 1.12781187e-01 -6.62879791e-03
8.18463359e-01 1.17114805e-01 7.55057117e-03 1.13511999e-01 -6.79368557e-03
8.19364639e-01 1.17816935e-01 7.76861743e-03 1.14263478e-01 -6.94718188e-03
8.20263897e-01 1.18544802e-01 7.97568325e-03 1.15035636e-01 -7.08837340e-03
8.21161133e-01 1.19298305e-01 8.17080703e-03 1.15828372e-01 -7.21644057e-03
8.22056344e-01 1.20077210e-01 8.35306145e-03 1.16641474e-01 -7.33066113e-03
8.22949527e-01 1.20881153e-01 8.52155957e-03 1.17474611e-01 -7.43041260e-03
8.23840681e-01 1.21709636e-01 8.67546079e-03 1.18327340e-01 -7.51517369e-03
8.24729804e-01 1.22562035e-01 8.81397665e-03 1.19199100e-01 -7.58452475e-03
8.25616892e-01 1.23437601e-01 8.93637639e-03 1.20089222e-01 -7.63814733e-03
8.26501944e-01 1.24335467e-01 9.04199209e-03 1.20996925e-01 -7.67582283e-03
8.27384958e-01 1.25254649e-01 9.13022350e-03 1.21921323e-01 -7.69743039e-03
8.28265931e-01 1.26194060e-01 9.20054226e-03 1.22861435e-01 -7.70294406e-03
8.29144862e-01 1.27152510e-01 9.25249559e-03 1.23816184e-01 -7.69242935e-03
8.30021748e-01 1.28128721e-01 9.28570936e-03 1.24784410e-01 -7.66603929e-03
8.30896587e-01 1.29121333e-01 9.29989043e-03 1.25764876e-01 -7.62400994e-03
8.31769377e-01 1.30128914e-01 9.29482830e-03 1.26756282e-01 -7.56665572e-03
8.32640115e-01 1.31149972e-01 9.27039594e-03 1.27757267e-01 -7.49436436e-03
8.33508800e-01 1.32182963e-01 9.22654995e-03 1.28766429e-01 -7.40759177e-03
8.34375430e-01 1.33226309e-01 9.16332985e-03 1.29782330e-01 -7.30685679e-03
8.35240002e-01 1.34278402e-01 9.08085660e-03 1.30803511e-01 -7.19273602e-03
8.36102514e-01 1.35337623e-01 8.97933046e-03 1.31828502e-01 -7.06585865e-03
8.36962964e-01 1.36402348e-01 8.85902808e-03 1.32855837e-01 -6.92690153e-03
8.37821349e-01 1.37470965e-01 8.72029894e-03 1.33884062e-01 -6.77658437e-03
8.38677669e-01 1.38541882e-01 8.56356118e-03 1.34911752e-01 -6.61566524e-03
8.39531921e-01 1.39613541e-01 8.38929698e-03 1.35937519e-01 -6.44493635e-03
8.40384102e-01 1.40684430e-01 8.19804743e-03 1.36960023e-01 -6.26522009e-03
8.41234210e-01 1.41753088e-01 7.99040705e-03 1.37977987e-01 -6.07736551e-03
8.42082244e-01 1.42818121e-01 7.76701809e-03 1.38990200e-01 -5.88224496e-03
8.42928201e-01 1.43878211e-01 7.52856466e-03 1.39995534e-01 -5.68075120e-03
8.43772079e-01 1.44932119e-01 7.27576678e-03 1.40992945e-01 -5.47379471e-03
8.44613877e-01 1.45978698e-01 7.00937450e-03 1.41981485e-01 -5.26230133e-03
8.45453591e-01 1.47016896e-01 6.73016218e-03 1.42960308e-01 -5.04721008e-03
8.46291221e-01 1.48045765e-01 6.43892296e-03 1.43928672e-01 -4.82947122e-03
8.47126763e-01 1.49064463e-01 6.13646360e-03 1.44885946e-01 -4.61004444e-03
8.47960216e-01 1.50072259e-01 5.82359973e-03 1.45831613e-01 -4.38989717e-03
8.48791578e-01 1.51068534e-01 5.50115154e-03 1.46765268e-01 -4.17000286e-03
8.49620847e-01 1.52052783e-01 5.16994013e-03 1.47686623e-01 -3.95133938e-03
8.50448020e-01 1.53024619e-01 4.83078430e-03 1.48595506e-01 -3.73488720e-03
8.51273096e-01 1.53983765e-01 4.48449811e-03 1.49491854e-01 -3.52162760e-03
8.52096073e-01 1.54930059e-01 4.13188902e-03 1.50375718e-01 -3.31254058e-03
8.52916948e-01 1.55863449e-01 3.77375674e-03 1.51247255e-01 -3.10860269e-03
8.53735720e-01 1.56783990e-01 3.41089268e-03 1.52106722e-01 -2.91078451e-03
8.54552386e-01 1.57691840e-01 3.04408010e-03 1.52954476e-01 -2.72004787e-03
8.55366945e-01 1.58587253e-01 2.67409485e-03 1.53790963e-01 -2.53734284e-03
8.56179395e-01 1.59470578e-01 2.30170660e-03 1.54616713e-01 -2.36360426e-03
8.56989732e-01 1.60342249e-01 1.92768067e-03 1.55432335e-01 -2.19974812e-03
8.57797957e-01 1.61202779e-01 1.55278014e-03 1.56238505e-01 -2.04666742e-03
8.58604066e-01 1.62052756e-01 1.17776841e-03 1.57035964e-01 -1.90522788e-03
8.59408057e-01 1.62892832e-01 8.03411950e-04 1.57825504e-01 -1.77626329e-03
8.60209930e-01 1.63723719e-01 4.30483138e-04 1.58607963e-01 -1.66057058e-03
8.61009680e-01 1.64546177e-01 5.97632192e-05 1.59384219e-01 -1.55890469e-03
8.61807307e-01 1.65361012e-01 -3.07954879e-04 1.60155178e-01 -1.47197332e-03
8.62602809e-01 1.66169066e-01 -6.71863896e-04 1.60921767e-01 -1.40043144e-03
8.63396184e-01 1.66971207e-01 -1.03113988e-03 1.61684930e-01 -1.34487586e-03
8.64187429e-01 1.67768328e-01 -1.38494026e-03 1.62445617e-01 -1.30583976e-03
8.64976543e-01 1.68561333e-01 -1.73240233e-03 1.63204778e-01 -1.28378727e-03
8.65763524e-01 1.69351138e-01 -2.07264248e-03 1.63963360e-01 -1.27910830e-03
8.66548370e-01 1.70138658e-01 -2.40475588e-03 1.64722298e-01 -1.29211347e-03
8.67331079e-01 1.70924806e-01 -2.72781715e-03 1.65482509e-01 -1.32302944e-03
8.68111648e-01 1.71710486e-01 -3.04088160e-03 1.66244890e-01 -1.37199465e-03
8.68890077e-01 1.72496589e-01 -3.34298746e-03 1.67010316e-01 -1.43905537e-03
8.69666363e-01 1.73283988e-01 -3.63315889e-03 1.67779629e-01 -1.52416245e-03
8.70440504e-01 1.74073534e-01 -3.91040992e-03 1.68553644e-01 -1.62716858e-03
8.71212499e-01 1.74866053e-01 -4.17374919e-03 1.69333140e-01 -1.74782617e-03
8.71982345e-01 1.75662347e-01 -4.42218561e-03 1.70118861e-01 -1.88578601e-03
8.72750041e-01 1.76463184e-01 -4.65473471e-03 1.70911517e-01 -2.04059661e-03
8.73515584e-01 1.77269304e-01 -4.87042585e-03 1.71711779e-01 -2.21170445e-03
8.74278973e-01 1.78081412e-01 -5.06830999e-03 1.72520279e-01 -2.39845487e-03
8.75040206e-01 1.78900182e-01 -5.24746808e-03 1.73337615e-01 -2.60009395e-03
8.75799281e-01 1.79726253e-01 -5.40701990e-03 1.74164346e-01 -2.81577120e-03
8.76556196e-01 1.80560230e-01 -5.54613329e-03 1.75000993e-01 -3.04454301e-03
8.77310949e-01 1.81402683e-01 -5.66403351e-03 1.75848046e-01 -3.28537708e-03
8.78063539e-01 1.82254151e-01 -5.76001284e-03 1.76705957e-01 -3.53715752e-03
8.78813963e-01 1.83115139e-01 -5.83343996e-03 1.77575146e-01 -3.79869083e-03
8.79562220e-01 1.83986120e-01 -5.88376925e-03 1.78456001e-01 -4.06871258e-03
8.80308308e-01 1.84867536e-01 -5.91054974e-03 1.79348883e-01 -4.34589476e-03
8.81052225e-01 1.85759802e-01 -5.91343350e-03 1.80254120e-01 -4.62885381e-03
8.81793969e-01 1.86663300e-01 -5.89218348e-03 1.81172017e-01 -4.91615916e-03
8.82533538e-01 1.87578390e-01 -5.84668058e-03 1.82102851e-01 -5.20634229e-03
8.83270931e-01 1.88505405e-01 -5.77692978e-03 1.83046877e-01 -5.49790618e-03
8.84006145e-01 1.89444651e-01 -5.68306536e-03 1.84004327e-01 -5.78933509e-03
8.84739180e-01 1.90396416e-01 -5.56535492e-03 1.84975412e-01 -6.07910455e-03
8.85470032e-01 1.91360965e-01 -5.42420227e-03 1.85960323e-01 -6.36569151e-03
8.86198701e-01 1.92338541e-01 -5.26014907e-03 1.86959235e-01 -6.64758452e-03
8.86925184e-01 1.93329371e-01 -5.07387507e-03 1.87972302e-01 -6.92329383e-03
8.87649480e-01 1.94333666e-01 -4.86619711e-03 1.88999665e-01 -7.19136137e-03
8.88371587e-01 1.95351617e-01 -4.63806668e-03 1.90041448e-01 -7.45037045e-03
8.89091503e-01 1.96383403e-01 -4.39056607e-03 1.91097762e-01 -7.69895514e-03
8.89809227e-01 1.97429190e-01 -4.12490330e-03 1.92168705e-01 -7.93580917e-03
8.90524756e-01 1.98489130e-01 -3.84240563e-03 1.93254360e-01 -8.15969440e-03
8.91238089e-01 1.99563363e-01 -3.54451186e-03 1.94354801e-01 -8.36944858e-03
8.91949223e-01 2.00652019e-01 -3.23276348e-03 1.95470089e-01 -8.56399250e-03
8.92658159e-01 2.01755220e-01 -2.90879469e-03 1.96600275e-01 -8.74233644e-03
8.93364892e-01 2.02873077e-01 -2.57432147e-03 1.97745400e-01 -8.90358573e-03
8.94069423e-01 2.04005693e-01 -2.23112984e-03 1.98905496e-01 -9.04694551e-03
8.94771748e-01 2.05153164e-01 -1.88106332e-03 2.00080585e-01 -9.17172468e-03
8.95471867e-01 2.06315582e-01 -1.52600987e-03 2.01270683e-01 -9.27733879e-03
8.96169778e-01 2.07493030e-01 -1.16788834e-03 2.02475795e-01 -9.36331213e-03
8.96865478e-01 2.08685586e-01 -8.08634723e-04 2.03695923e-01 -9.42927881e-03
8.97558967e-01 2.09893325e-01 -4.50188170e-04 2.04931058e-01 -9.47498293e-03
8.98250242e-01 2.11116317e-01 -9.44771421e-05 2.06181189e-01 -9.50027780e-03
8.98939302e-01 2.12354628e-01 2.56594330e-04 2.07446296e-01 -9.50512426e-03
8.99626145e-01 2.13608321e-01 6.01160025e-04 2.08726354e-01 -9.48958813e-03
9.00310769e-01 2.14877456e-01 9.37404446e-04 2.10021336e-01 -9.45383687e-03
9.00993173e-01 2.16162092e-01 1.26357512e-03 2.11331207e-01 -9.39813533e-03
9.01673355e-01 2.17462283e-01 1.57799420e-03 2.12655930e-01 -9.32284093e-03
9.02351313e-01 2.18778082e-01 1.87906914e-03 2.13995465e-01 -9.22839804e-03
9.03027046e-01 2.20109541e-01 2.16530257e-03 2.15349766e-01 -9.11533188e-03
9.03700552e-01 2.21456709e-01 2.43530097e-03 2.16718787e-01 -8.98424181e-03
9.04371830e-01 2.22819634e-01 2.68778241e-03 2.18102476e-01 -8.83579427e-03
9.05040876e-01 2.24198360e-01 2.92158302e-03 2.19500782e-01 -8.67071535e-03
9.05707691e-01 2.25592933e-01 3.13566233e-03 2.20913650e-01 -8.48978302e-03
9.06372273e-01 2.27003393e-01 3.32910739e-03 2.22341023e-01 -8.29381936e-03
9.07034619e-01 2.28429781e-01 3.50113564e-03 2.23782842e-01 -8.08368253e-03
9.07694728e-01 2.29872134e-01 3.65109661e-03 2.25239050e-01 -7.86025890e-03
9.08352599e-01 2.31330488e-01 3.77847241e-03 2.26709585e-01 -7.62445517e-03
9.09008229e-01 2.32804876e-01 3.88287706e-03 2.28194387e-01 -7.37719076e-03
9.09661618e-01 2.34295328e-01 3.96405476e-03 2.29693396e-01 -7.11939040e-03
9.10312763e-01 2.35801874e-01 4.02187708e-03 2.31206551e-01 -6.85197709e-03
9.10961663e-01 2.37324538e-01 4.05633922e-03 2.32733793e-01 -6.57586550e-03
9.11608317e-01 2.38863346e-01 4.06755534e-03 2.34275067e-01 -6.29195577e-03
9.12252723e-01 2.40418320e-01 4.05575317e-03 2.35830317e-01 -6.00112793e-03
9.12894879e-01 2.41989478e-01 4.02126781e-03 2.37399492e-01 -5.70423686e-03
9.13534783e-01 2.43576839e-01 3.96453504e-03 2.38982548e-01 -5.40210784e-03
9.14172435e-01 2.45180422e-01 3.88608401e-03 2.40579443e-01 -5.09553278e-03
9.14807832e-01 2.46800244e-01 3.78652966e-03 2.42190143e-01 -4.78526717e-03
9.15440973e-01 2.48436320e-01 3.66656468e-03 2.43814624e-01 -4.47202759e-03
9.16071856e-01 2.50088670e-01 3.52695139e-03 2.45452871e-01 -4.15649001e-03
9.16700480e-01 2.51757313e-01 3.36851343e-03 2.47104877e-01 -3.83928874e-03
9.17326844e-01 2.53442273e-01 3.19212745e-03 2.48770653e-01 -3.52101597e-03
9.17950945e-01 2.55143575e-01 2.99871490e-03 2.50450221e-01 -3.20222199e-03
9.18572782e-01 2.56861251e-01 2.78923386e-03 2.52143619e-01 -2.88341604e-03
9.19192354e-01 2.58595339e-01 2.56467121e-03 2.53850905e-01 -2.56506757e-03
9.19809659e-01 2.60345886e-01 2.32603494e-03 2.55572154e-01 -2.24760814e-03
9.20424696e-01 2.62112945e-01 2.07434689e-03 2.57307466e-01 -1.93143366e-03
9.21037462e-01 2.63896583e-01 1.81063580e-03 2.59056962e-01 -1.61690702e-03
9.21647958e-01 2.65696878e-01 1.53593086e-03 2.60820786e-01 -1.30436103e-03
9.22256180e-01 2.67513921e-01 1.25125559e-03 2.62599112e-01 -9.94101571e-04
9.22862128e-01 2.69347820e-01 9.57622295e-04 2.64392140e-01 -6.86410917e-04
9.23465800e-01 2.71198699e-01 6.56026993e-04 2.66200099e-01 -3.81551132e-04
9.24067195e-01 2.73066701e-01 3.47444799e-04 2.68023249e-01 -7.97674700e-05
9.24666310e-01 2.74951989e-01 3.28258626e-05 2.69861882e-01 2.18708289e-04
9.25263146e-01 2.76854749e-01 -2.86908194e-04 2.71716321e-01 5.13654631e-04
9.25857699e-01 2.78775188e-01 -6.10867349e-04 2.73586925e-01 8.04857301e-04
9.26449969e-01 2.80713538e-01 -9.38195754e-04 2.75474082e-01 1.09210655e-03
9.27039955e-01 2.82670058e-01 -1.26807383e-03 2.77378218e-01 1.37519467e-03
9.27627654e-01 2.84645031e-01 -1.59971990e-03 2.79299791e-01 1.65391395e-03
9.28213065e-01 2.86638769e-01 -1.93239139e-03 2.81239290e-01 1.92805491e-03
9.28796187e-01 2.88651613e-01 -2.26538561e-03 2.83197239e-01 2.19740502e-03
9.29377019e-01 2.90683929e-01 -2.59804011e-03 2.85174195e-01 2.46174791e-03
9.29955559e-01 2.92736114e-01 -2.92973272e-03 2.87170743e-01 2.72086286e-03
9.30531805e-01 2.94808594e-01 -3.25988121e-03 2.89187497e-01 2.97452493e-03
9.31105757e-01 2.96901822e-01 -3.58794260e-03 2.91225100e-01 3.22250538e-03
9.31677412e-01 2.99016279e-01 -3.91341229e-03 2.93284220e-01 3.46457257e-03
9.32246769e-01 3.01152472e-01 -4.23582276e-03 2.95365548e-01 3.70049329e-03
9.32813828e-01 3.03310935e-01 -4.55474220e-03 2.97469795e-01 3.93003437e-03
9.33378586e-01 3.05492227e-01 -4.86977280e-03 2.99597690e-01 4.15296469e-03
9.33941042e-01 3.07696926e-01 -5.18054892e-03 3.01749977e-01 4.36905738e-03
9.34501195e-01 3.09925634e-01 -5.48673511e-03 3.03927412e-01 4.57809236e-03
9.35059043e-01 3.12178969e-01 -5.78802393e-03 3.06130758e-01 4.77985891e-03
9.35614585e-01 3.14457566e-01 -6.08413376e-03 3.08360784e-01 4.97415847e-03
9.36167820e-01 3.16762070e-01 -6.37480644e-03 3.10618260e-01 5.16080741e-03
9.36718746e-01 3.19093139e-01 -6.65980491e-03 3.12903953e-01 5.33963982e-03
9.37267362e-01 3.21451433e-01 -6.93891081e-03 3.15218622e-01 5.51051020e-03
9.37813667e-01 3.23837618e-01 -7.21192208e-03 3.17563017e-01 5.67329604e-03
9.38357658e-01 3.26252356e-01 -7.47865057e-03 3.19937873e-01 5.82790022e-03
9.38899336e-01 3.28696305e-01 -7.73891971e-03 3.22343904e-01 5.97425309e-03
9.39438698e-01 3.31170111e-01 -7.99256221e-03 3.24781805e-01 6.11231438e-03
9.39975743e-01 3.33674408e-01 -8.23941797e-03 3.27252242e-01 6.24207464e-03
9.40510470e-01 3.36209811e-01 -8.47933195e-03 3.29755849e-01 6.36355642e-03
9.41042878e-01 3.38776910e-01 -8.71215234e-03 3.32293226e-01 6.47681495e-03
9.41572965e-01 3.41376270e-01 -8.93772873e-03 3.34864937e-01 6.58193850e-03
9.42100730e-01 3.44008422e-01 -9.15591063e-03 3.37471499e-01 6.67904818e-03
9.42626171e-01 3.46673861e-01 -9.36654608e-03 3.40113387e-01 6.76829737e-03
9.43149288e-01 3.49373039e-01 -9.56948049e-03 3.42791025e-01 6.84987065e-03
9.43670079e-01 3.52106365e-01 -9.76455578e-03 3.45504784e-01 6.92398237e-03
9.44188542e-01 3.54874197e-01 -9.95160968e-03 3.48254981e-01 6.99087462e-03
9.44704677e-01 3.57676839e-01 -1.01304753e-02 3.51041874e-01 7.05081502e-03
9.45218483e-01 3.60514537e-01 -1.03009811e-02 3.53865659e-01 7.10409388e-03
9.45729957e-01 3.63387478e-01 -1.04629509e-02 3.56726471e-01 7.15102125e-03
9.46239099e-01 3.66295784e-01 -1.06162042e-02 3.59624379e-01 7.19192347e-03
9.46745907e-01 3.69239510e-01 -1.07605571e-02 3.62559386e-01 7.22713959e-03
9.47250380e-01 3.72218641e-01 -1.08958228e-02 3.65531425e-01 7.25701746e-03
9.47752518e-01 3.75233091e-01 -1.10218131e-02 3.68540363e-01 7.28190982e-03
9.48252318e-01 3.78282704e-01 -1.11383396e-02 3.71585994e-01 7.30217006e-03
9.48749779e-01 3.81367246e-01 -1.12452154e-02 3.74668045e-01 7.31814816e-03
9.49244901e-01 3.84486411e-01 -1.13422565e-02 3.77786172e-01 7.33018648e-03
9.49737681e-01 3.87639820e-01 -1.14292845e-02 3.80939962e-01 7.33861568e-03
9.50228120e-01 3.90827016e-01 -1.15061276e-02 3.84128932e-01 7.34375073e-03
9.50716215e-01 3.94047473e-01 -1.15726239e-02 3.87352533e-01 7.34588720e-03
9.51201965e-01 3.97300592e-01 -1.16286229e-02 3.90610150e-01 7.34529764e-03
9.51685370e-01 4.00585706e-01 -1.16739878e-02 3.93901105e-01 7.34222840e-03
9.52166428e-01 4.03902080e-01 -1.17085983e-02 3.97224656e-01 7.33689670e-03
9.52645137e-01 4.07248918e-01 -1.17323522e-02 4.00580005e-01 7.32948815e-03
9.53121497e-01 4.10625361e-01 -1.17451680e-02 4.03966296e-01 7.32015471e-03
9.53595507e-01 4.14030498e-01 -1.17469868e-02 4.07382620e-01 7.30901311e-03
9.54067164e-01 4.17463365e-01 -1.17377739e-02 4.10828022e-01 7.29614382e-03
9.54536469e-01 4.20922954e-01 -1.17175207e-02 4.14301498e-01 7.28159059e-03
9.55003420e-01 4.24408215e-01 -1.16862464e-02 4.17802005e-01 7.26536055e-03
9.55468016e-01 4.27918065e-01 -1.16439983e-02 4.21328464e-01 7.24742494e-03
9.55930255e-01 4.31451392e-01 -1.15908537e-02 4.24879762e-01 7.22772046e-03
9.56390137e-01 4.35007064e-01 -1.15269194e-02 4.28454761e-01 7.20615130e-03
9.56847660e-01 4.38583933e-01 -1.14523327e-02 4.32052302e-01 7.18259178e-03
9.57302823e-01 4.42180846e-01 -1.13672607e-02 4.35671207e-01 7.15688963e-03
9.57755626e-01 4.45796650e-01 -1.12718998e-02 4.39310293e-01 7.12886998e-03
9.58206066e-01 4.49430202e-01 -1.11664748e-02 4.42968370e-01 7.09833991e-03
9.58654144e-01 4.53080374e-01 -1.10512374e-02 4.46644252e-01 7.06509362e-03
9.59099857e-01 4.56746069e-01 -1.09264647e-02 4.50336765e-01 7.02891825e-03
9.59543205e-01 4.60426224e-01 -1.07924569e-02 4.54044753e-01 6.98960013e-03
9.59984187e-01 4.64119821e-01 -1.06495344e-02 4.57767087e-01 6.94693158e-03
9.60422801e-01 4.67825903e-01 -1.04980359e-02 4.61502676e-01 6.90071822e-03
9.60859046e-01 4.71543577e-01 -1.03383144e-02 4.65250473e-01 6.85078652e-03
9.61292922e-01 4.75272035e-01 -1.01707342e-02 4.69009491e-01 6.79699183e-03
9.61724427e-01 4.79010557e-01 -9.99566732e-03 4.72778812e-01 6.73922650e-03
9.62153561e-01 4.82758534e-01 -9.81348937e-03 4.76557599e-01 6.67742832e-03
9.62580321e-01 4.86515475e-01 -9.62457589e-03 4.80345113e-01 6.61158885e-03
9.63004708e-01 4.90281028e-01 -9.42929819e-03 4.84140727e-01 6.54176194e-03
9.63426720e-01 4.94054993e-01 -9.22801928e-03 4.87943941e-01 6.46807196e-03
9.63846355e-01 4.97837341e-01 -9.02108987e-03 4.91754403e-01 6.39072188e-03
9.64263614e-01 5.01628230e-01 -8.80884438e-03 4.95571926e-01 6.31000107e-03
9.64678495e-01 5.05428029e-01 -8.59159721e-03 4.99396512e-01 6.22629262e-03
9.65090997e-01 5.09237337e-01 -8.36963907e-03 5.03228367e-01 6.14008012e-03
9.65501118e-01 5.13057001e-01 -8.14323375e-03 5.07067935e-01 6.05195390e-03
9.65908859e-01 5.16888146e-01 -7.91261504e-03 5.10915911e-01 5.96261641e-03
9.66314217e-01 5.20732192e-01 -7.67798418e-03 5.14773277e-01 5.87288689e-03
9.66717192e-01 5.24590881e-01 -7.43950762e-03 5.18641325e-01 5.78370504e-03
9.67117784e-01 5.28466306e-01 -7.19731532e-03 5.22521683e-01 5.69613377e-03
9.67515990e-01 5.32360930e-01 -6.95149952e-03 5.26416348e-01 5.61136081e-03
9.67911810e-01 5.36277619e-01 -6.70211404e-03 5.30327713e-01 5.53069924e-03
9.68305243e-01 5.40219665e-01 -6.44917424e-03 5.34258599e-01 5.45558683e-03
9.68696288e-01 5.44190814e-01 -6.19265741e-03 5.38212285e-01 5.38758418e-03
9.69084944e-01 5.48195295e-01 -5.93250387e-03 5.42192537e-01 5.32837157e-03
9.69471210e-01 5.52237844e-01 -5.66861865e-03 5.46203641e-01 5.27974462e-03
9.69855086e-01 5.56323729e-01 -5.40087373e-03 5.50250432e-01 5.24360874e-03
9.70236569e-01 5.60458782e-01 -5.12911088e-03 5.54338320e-01 5.22197224e-03
9.70615660e-01 5.64649417e-01 -4.85314500e-03 5.58473324e-01 5.21693843e-03
9.70992357e-01 5.68902657e-01 -4.57276811e-03 5.62662096e-01 5.23069651e-03
9.71366659e-01 5.73226158e-01 -4.28775366e-03 5.66911946e-01 5.26551138e-03
9.71738566e-01 5.77628225e-01 -3.99786139e-03 5.71230869e-01 5.32371263e-03
9.72108076e-01 5.82117837e-01 -3.70284255e-03 5.75627563e-01 5.40768248e-03
9.72475189e-01 5.86704662e-01 -3.40244541e-03 5.80111456e-01 5.51984317e-03
9.72839904e-01 5.91399073e-01 -3.09642102e-03 5.84692717e-01 5.66264357e-03
9.73202220e-01 5.96212165e-01 -2.78452923e-03 5.89382279e-01 5.83854537e-03
9.73562135e-01 6.01155764e-01 -2.46654473e-03 5.94191850e-01 6.05000895e-03
9.73919650e-01 6.06242442e-01 -2.14226315e-03 5.99133925e-01 6.29947899e-03
9.74274762e-01 6.11485521e-01 -1.81150716e-03 6.04221796e-01 6.58937009e-03
9.74627472e-01 6.16899087e-01 -1.47413235e-03 6.09469564e-01 6.92205246e-03
9.74977778e-01 6.22497991e-01 -1.13003299e-03 6.14892140e-01 7.29983790e-03
9.75325680e-01 6.28297858e-01 -7.79147444e-04 6.20505254e-01 7.72496620e-03
9.75671177e-01 6.34315091e-01 -4.21463255e-04 6.26325461e-01 8.19959207e-03
9.76014267e-01 6.40566874e-01 -5.70217846e-05 6.32370140e-01 8.72577279e-03
9.76354950e-01 6.47071178e-01 3.14077647e-04 6.38657500e-01 9.30545667e-03
9.76693226e-01 6.53846767e-01 6.91674175e-04 6.45206583e-01 9.94047248e-03
9.77029093e-01 6.60913203e-01 1.07554242e-03 6.52037269e-01 1.06325199e-02
9.77362550e-01 6.68290852e-01 1.46539018e-03 6.59170283e-01 1.13831609e-02
9.77693597e-01 6.76000897e-01 1.86085681e-03 6.66627198e-01 1.21938130e-02
9.78022233e-01 6.84065347e-01 2.26151234e-03 6.74430451e-01 1.30657427e-02
9.78348456e-01 6.92507058e-01 2.66685733e-03 6.82603351e-01 1.40000608e-02
9.78672267e-01 7.01349744e-01 3.07632348e-03 6.91170099e-01 1.49977195e-02
9.78993665e-01 7.10618008e-01 3.48927504e-03 7.00155807e-01 1.60595093e-02
9.79312648e-01 7.20337366e-01 3.90501088e-03 7.09586526e-01 1.71860589e-02
9.79629216e-01 7.30534283e-01 4.32276740e-03 7.19489274e-01 1.83778345e-02
9.79943368e-01 7.41236208e-01 4.74172211e-03 7.29892074e-01 1.96351417e-02
9.80255103e-01 7.52471621e-01 5.16099786e-03 7.40823995e-01 2.09581276e-02
9.80564421e-01 7.64270082e-01 5.57966775e-03 7.52315199e-01 2.23467838e-02
9.80871321e-01 7.76662289e-01 5.99676065e-03 7.64396999e-01 2.38009505e-02
9.81175801e-01 7.89680135e-01 6.41126722e-03 7.77101913e-01 2.53203212e-02
9.81477862e-01 8.03356779e-01 6.82214644e-03 7.90463734e-01 2.69044478e-02
9.81777503e-01 8.17726720e-01 7.22833259e-03 8.04517600e-01 2.85527460e-02
9.82074722e-01 8.32825869e-01 7.62874259e-03 8.19300068e-01 3.02645014e-02
9.82369519e-01 8.48691635e-01 8.02228361e-03 8.34849197e-01 3.20388755e-02
9.82661894e-01 8.65363006e-01 8.40786098e-03 8.51204630e-01 3.38749113e-02
9.82951845e-01 8.82880642e-01 8.78438626e-03 8.68407682e-01 3.57715395e-02
9.83239372e-01 9.01286960e-01 9.15078537e-03 8.86501428e-01 3.77275842e-02
9.83524474e-01 9.20626225e-01 9.50600689e-03 9.05530793e-01 3.97417678e-02
9.83807150e-01 9.40944638e-01 9.84903019e-03 9.25542638e-01 4.18127166e-02
9.84087401e-01 9.62290425e-01 1.01788737e-02 9.46585852e-01 4.39389649e-02
9.84365224e-01 9.84713922e-01 1.04946029e-02 9.68711428e-01 4.61189589e-02
9.84640620e-01 1.00826765e+00 1.07953380e-02 9.91972553e-01 4.83510609e-02
9.84913588e-01 1.03300641e+00 1.10802622e-02 1.01642467e+00 5.06335518e-02
9.85184126e-01 1.05898730e+00 1.13486281e-02 1.04212555e+00 5.29646340e-02
9.85452235e-01 1.08626985e+00 1.15997660e-02 1.06913536e+00 5.53424336e-02
9.85717914e-01 1.11491599e+00 1.18330894e-02 1.09751670e+00 5.77650023e-02
9.85981162e-01 1.14499016e+00 1.20481024e-02 1.12733463e+00 6.02303188e-02
9.86241978e-01 1.17655929e+00 1.22444052e-02 1.15865672e+00 6.27362904e-02
9.86500362e-01 1.20969284e+00 1.24216995e-02 1.19155307e+00 6.52807544e-02
9.86756313e-01 1.24446281e+00 1.25797939e-02 1.22609627e+00 6.78614790e-02
9.87009830e-01 1.28094371e+00 1.27186082e-02 1.26236145e+00 7.04761655e-02
9.87260914e-01 1.31921255e+00 1.28381776e-02 1.30042619e+00 7.31224494e-02
9.87509562e-01 1.35934880e+00 1.29386560e-02 1.34037056e+00 7.57979028e-02
9.87755776e-01 1.40143436e+00 1.30203188e-02 1.38227698e+00 7.85000367e-02
9.87999553e-01 1.44555349e+00 1.30835654e-02 1.42623023e+00 8.12263043e-02
9.88240894e-01 1.49179273e+00 1.31289205e-02 1.47231737e+00 8.39741040e-02
9.88479797e-01 1.54024084e+00 1.31570351e-02 1.52062761e+00 8.67407845e-02
9.88716263e-01 1.59098870e+00 1.31686868e-02 1.57125227e+00 8.95236487e-02
9.88950290e-01 1.64412921e+00 1.31647786e-02 1.62428465e+00 9.23199596e-02
9.89181879e-01 1.69975722e+00 1.31463383e-02 1.67981996e+00 9.51269466e-02
9.89411028e-01 1.75796936e+00 1.31145153e-02 1.73795516e+00 9.79418113e-02
9.89637737e-01 1.81886401e+00 1.30705781e-02 1.79878889e+00 1.00761735e-01
9.89862005e-01 1.88254114e+00 1.30159099e-02 1.86242136e+00 1.03583886e-01
9.90083833e-01 1.94910222e+00 1.29520031e-02 1.92895423e+00 1.06405425e-01
9.90303218e-01 2.01865011e+00 1.28804540e-02 1.99849050e+00 1.09223517e-01
9.90520161e-01 2.09128898e+00 1.28029548e-02 2.07113441e+00 1.12035332e-01
9.90734662e-01 2.16712420e+00 1.27212855e-02 2.14699139e+00 1.14838057e-01
9.90946719e-01 2.24626227e+00 1.26373049e-02 2.22616791e+00 1.17628898e-01
9.91156332e-01 2.32881074e+00 1.25529396e-02 2.30877147e+00 1.20405086e-01
9.91363501e-01 2.41487814e+00 1.24701724e-02 2.39491049e+00 1.23163879e-01
9.91568226e-01 2.50457396e+00 1.23910297e-02 2.48469431e+00 1.25902567e-01
9.91770504e-01 2.59800855e+00 1.23175674e-02 2.57823308e+00 1.28618466e-01
9.91970337e-01 2.69529315e+00 1.22518558e-02 2.67563780e+00 1.31308922e-01
9.92167724e-01 2.79653980e+00 1.21959638e-02 2.77702025e+00 1.33971303e-01
9.92362663e-01 2.90186140e+00 1.21519416e-02 2.88249299e+00 1.36602990e-01
9.92555155e-01 3.01137163e+00 1.21218029e-02 2.99216936e+00 1.39201372e-01
9.92745200e-01 3.12518494e+00 1.21075060e-02 3.10616348e+00 1.41763829e-01
9.92932796e-01 3.24341660e+00 1.21109344e-02 3.22459018e+00 1.44287719e-01
9.93117944e-01 3.36618260e+00 1.21338769e-02 3.34756507e+00 1.46770359e-01
9.93300642e-01 3.49359968e+00 1.21780070e-02 3.47520444e+00 1.49209004e-01
9.93480891e-01 3.62578525e+00 1.22448626e-02 3.60762528e+00 1.51600825e-01
9.93658689e-01 3.76285731e+00 1.23358251e-02 3.74494514e+00 1.53942878e-01
9.93834037e-01 3.90493439e+00 1.24520992e-02 3.88728210e+00 1.56232084e-01
9.94006934e-01 4.05213537e+00 1.25946926e-02 4.03475459e+00 1.58465194e-01
9.94177380e-01 4.20457934e+00 1.27643971e-02 4.18748126e+00 1.60638758e-01
9.94345374e-01 4.36238534e+00 1.29617698e-02 4.34558071e+00 1.62749097e-01
9.94510915e-01 4.52567210e+00 1.31871162e-02 4.50917123e+00 1.64792270e-01
9.94674004e-01 4.69455768e+00 1.34404742e-02 4.67837044e+00 1.66764043e-01
9.94834640e-01 4.86915901e+00 1.37216003e-02 4.85329488e+00 1.68659859e-01
9.94992823e-01 5.04959148e+00 1.40299576e-02 5.03405949e+00 1.70474815e-01
9.95148552e-01 5.23596825e+00 1.43647056e-02 5.22077706e+00 1.72203631e-01
9.95301826e-01 5.42839966e+00 1.47246936e-02 5.41355748e+00 1.73840638e-01
9.95452646e-01 5.62699238e+00 1.51084555e-02 5.61250707e+00 1.75379754e-01
9.95601011e-01 5.83184861e+00 1.55142089e-02 5.81772759e+00 1.76814483e-01
9.95746921e-01 6.04306506e+00 1.59398562e-02 6.02931537e+00 1.78137903e-01
9.95890375e-01 6.26073191e+00 1.63829898e-02 6.24736014e+00 1.79342675e-01
9.96031373e-01 6.48493159e+00 1.68409002e-02 6.47194394e+00 1.80421053e-01
9.96169914e-01 6.71573754e+00 1.73105881e-02 6.70313975e+00 1.81364904e-01
9.96305999e-01 6.95321280e+00 1.77887800e-02 6.94101015e+00 1.82165736e-01
9.96439627e-01 7.19740858e+00 1.82719468e-02 7.18560585e+00 1.82814736e-01
9.96570797e-01 7.44836265e+00 1.87563272e-02 7.43696413e+00 1.83302821e-01
9.96699510e-01 7.70609776e+00 1.92379530e-02 7.69510716e+00 1.83620695e-01
9.96825765e-01 7.97061988e+00 1.97126795e-02 7.96004035e+00 1.83758914e-01
9.96949561e-01 8.24191652e+00 2.01762176e-02 8.23175055e+00 1.83707968e-01
9.97070899e-01 8.51995484e+00 2.06241697e-02 8.51020428e+00 1.83458369e-01
9.97189778e-01 8.80467989e+00 2.10520682e-02 8.79534588e+00 1.83000742e-01
9.97306197e-01 9.09601276e+00 2.14554162e-02 9.08709568e+00 1.82325936e-01
9.97420157e-01 9.39384877e+00 2.18297301e-02 9.38534820e+00 1.81425135e-01
9.97531657e-01 9.69805565e+00 2.21705843e-02 9.68997034e+00 1.80289974e-01
9.97640697e-01 1.00084718e+01 2.24736565e-02 1.00007996e+01 1.78912669e-01
9.97747277e-01 1.03249047e+01 2.27347741e-02 1.03176426e+01 1.77286141e-01
9.97851396e-01 1.06471292e+01 2.29499607e-02 1.06402733e+01 1.75404148e-01
9.97953055e-01 1.09748863e+01 2.31154823e-02 1.09684315e+01 1.73261421e-01
9.98052252e-01 1.13078815e+01 2.32278926e-02 1.13018219e+01 1.70853791e-01
9.98148988e-01 1.16457840e+01 2.32840769e-02 1.16401128e+01 1.68178324e-01
9.98243262e-01 1.19882255e+01 2.32812941e-02 1.19829348e+01 1.65233438e-01
9.98335074e-01 1.23347998e+01 2.32172164e-02 1.23298806e+01 1.62019031e-01
9.98424424e-01 1.26850617e+01 2.30899657e-02 1.26805043e+01 1.58536586e-01
9.98511312e-01 1.30385275e+01 2.28981468e-02 1.30343211e+01 1.54789273e-01
9.98595738e-01 1.33946744e+01 2.26408764e-02 1.33908073e+01 1.50782041e-01
9.98677701e-01 1.37529412e+01 2.23178075e-02 1.37494008e+01 1.46521691e-01
9.98757201e-01 1.41127284e+01 2.19291498e-02 1.41095016e+01 1.42016938e-01
9.98834237e-01 1.44733999e+01 2.14756837e-02 1.44704727e+01 1.37278456e-01
9.98908811e-01 1.48342837e+01 2.09587699e-02 1.48316414e+01 1.32318901e-01
9.98980921e-01 1.51946733e+01 2.03803524e-02 1.51923009e+01 1.27152921e-01
9.99050567e-01 1.55538302e+01 1.97429563e-02 1.55517120e+01 1.21797140e-01
9.99117750e-01 1.59109857e+01 1.90496787e-02 1.59091059e+01 1.16270126e-01
9.99182468e-01 1.62653436e+01 1.83041748e-02 1.62636860e+01 1.10592330e-01
9.99244723e-01 1.66160830e+01 1.75106362e-02 1.66146314e+01 1.04786015e-01
9.99304513e-01 1.69623615e+01 1.66737647e-02 1.69610997e+01 9.88751508e-02
9.99361839e-01 1.73033189e+01 1.57987397e-02 1.73022308e+01 9.28852950e-02
9.99416700e-01 1.76380804e+01 1.48911794e-02 1.76371502e+01 8.68434507e-02
9.99469096e-01 1.79657614e+01 1.39570984e-02 1.79649736e+01 8.07779049e-02
9.99519028e-01 1.82854710e+01 1.30028585e-02 1.82848106e+01 7.47180469e-02
9.99566494e-01 1.85963167e+01 1.20351161e-02 1.85957693e+01 6.86941707e-02
9.99611495e-01 1.88974094e+01 1.10607656e-02 1.88969612e+01 6.27372609e-02
9.99654032e-01 1.91878673e+01 1.00868795e-02 1.91875053e+01 5.68787655e-02
9.99694102e-01 1.94668214e+01 9.12064498e-03 1.94665336e+01 5.11503563e-02
9.99731708e-01 1.97334203e+01 8.16929918e-03 1.97331953e+01 4.55836815e-02
9.99766848e-01 1.99868349e+01 7.24006279e-03 1.99866623e+01 4.02101107e-02
9.99799522e-01 2.02262631e+01 6.34007275e-03 2.02261337e+01 3.50604767e-02
9.99829731e-01 2.04509353e+01 5.47631509e-03 2.04508407e+01 3.01648159e-02
9.99857474e-01 2.06601185e+01 4.65555848e-03 2.06600515e+01 2.55521113e-02
9.99882751e-01 2.08531211e+01 3.88428926e-03 2.08530752e+01 2.12500400e-02
9.99905562e-01 2.10292971e+01 3.16864867e-03 2.10292670e+01 1.72847281e-02
9.99925908e-01 2.11880505e+01 2.51437297e-03 2.11880318e+01 1.36805171e-02
9.99943787e-01 2.13288388e+01 1.92673718e-03 2.13288280e+01 1.04597431e-02
9.99959200e-01 2.14511771e+01 1.41050304e-03 2.14511713e+01 7.64253246e-03
9.99972148e-01 2.15546405e+01 9.69871762e-04 2.15546378e+01 5.24661572e-03
9.99982629e-01 2.16388677e+01 6.08442078e-04 2.16388667e+01 3.28716182e-03
9.99990644e-01 2.17035633e+01 3.29173705e-04 2.17035630e+01 1.77663293e-03
9.99996193e-01 2.17485003e+01 1.34354488e-04 2.17485003e+01 7.24649886e-04
9.99999277e-01 2.17735299e+01 2.55432047e-05 2.17735299e+01 1.37716778e-04
