-9.99999277e-01 8.43058112e-03 4.76818104e-08 -8.43058112e-03 -5.01758643e-08
-9.99996193e-01 8.43032078e-03 2.51216898e-07 -8.43032076e-03 -2.64367791e-07
-9.99990644e-01 8.42985248e-03 6.17328009e-07 -8.42985236e-03 -6.49691643e-07
-9.99982629e-01 8.42917623e-03 1.14598659e-06 -8.42917581e-03 -1.20619212e-06
-9.99972148e-01 8.42829217e-03 1.83704390e-06 -8.42829110e-03 -1.93382063e-06
-9.99959200e-01 8.42720053e-03 2.69029488e-06 -8.42719822e-03 -2.83250247e-06
-9.99943787e-01 8.42590156e-03 3.70548418e-06 -8.42589718e-03 -3.90214309e-06
-9.99925908e-01 8.42439557e-03 4.88230736e-06 -8.42438798e-03 -5.14262932e-06
-9.99905562e-01 8.42268294e-03 6.22041128e-06 -8.42267061e-03 -6.55382969e-06
-9.99882751e-01 8.42076408e-03 7.71939431e-06 -8.42074508e-03 -8.13559456e-06
-9.99857474e-01 8.41863946e-03 9.37880645e-06 -8.41861139e-03 -9.88775616e-06
-9.99829731e-01 8.41630958e-03 1.11981495e-05 -8.41626953e-03 -1.18101286e-05
-9.99799522e-01 8.41377502e-03 1.31768773e-05 -8.41371952e-03 -1.39025081e-05
-9.99766848e-01 8.41103639e-03 1.53143957e-05 -8.41096135e-03 -1.61646727e-05
-9.99731708e-01 8.40809436e-03 1.76100629e-05 -8.40799503e-03 -1.85963825e-05
-9.99694102e-01 8.40494963e-03 2.00631895e-05 -8.40482056e-03 -2.11973798e-05
-9.99654032e-01 8.40160297e-03 2.26730389e-05 -8.40143794e-03 -2.39673887e-05
-9.99611495e-01 8.39805518e-03 2.54388274e-05 -8.39784718e-03 -2.69061158e-05
-9.99566494e-01 8.39430714e-03 2.83597242e-05 -8.39404829e-03 -3.00132496e-05
-9.99519028e-01 8.39035974e-03 3.14348522e-05 -8.39004126e-03 -3.32884609e-05
-9.99469096e-01 8.38621394e-03 3.46632877e-05 -8.38582612e-03 -3.67314028e-05
-9.99416700e-01 8.38187073e-03 3.80440609e-05 -8.38140285e-03 -4.03417107e-05
-9.99361839e-01 8.37733118e-03 4.15761562e-05 -8.37677149e-03 -4.41190023e-05
-9.99304513e-01 8.37259638e-03 4.52585125e-05 -8.37193203e-03 -4.80628779e-05
-9.99244723e-01 8.36766747e-03 4.90900235e-05 -8.36688449e-03 -5.21729200e-05
-9.99182468e-01 8.36254563e-03 5.30695379e-05 -8.36162889e-03 -5.64486938e-05
-9.99117750e-01 8.35723211e-03 5.71958598e-05 -8.35616523e-03 -6.08897472e-05
-9.99050567e-01 8.35172819e-03 6.14677493e-05 -8.35049354e-03 -6.54956104e-05
-9.98980921e-01 8.34603518e-03 6.58839224e-05 -8.34461383e-03 -7.02657967e-05
-9.98908811e-01 8.34015446e-03 7.04430516e-05 -8.33852613e-03 -7.51998020e-05
-9.98834237e-01 8.33408745e-03 7.51437666e-05 -8.33223046e-03 -8.02971050e-05
-9.98757201e-01 8.32783560e-03 7.99846539e-05 -8.32572685e-03 -8.55571675e-05
-9.98677701e-01 8.32140042e-03 8.49642582e-05 -8.31901532e-03 -9.09794341e-05
-9.98595738e-01 8.31478344e-03 9.00810819e-05 -8.31209590e-03 -9.65633327e-05
-9.98511312e-01 8.30798626e-03 9.53335863e-05 -8.30496864e-03 -1.02308274e-04
-9.98424424e-01 8.30101051e-03 1.00720191e-04 -8.29763356e-03 -1.08213653e-04
-9.98335074e-01 8.29385785e-03 1.06239277e-04 -8.29009070e-03 -1.14278846e-04
-9.98243262e-01 8.28652999e-03 1.11889182e-04 -8.28234012e-03 -1.20503215e-04
-9.98148988e-01 8.27902869e-03 1.17668207e-04 -8.27438185e-03 -1.26886104e-04
-9.98052252e-01 8.27135575e-03 1.23574613e-04 -8.26621594e-03 -1.33426841e-04
-9.97953055e-01 8.26351298e-03 1.29606621e-04 -8.25784246e-03 -1.40124737e-04
-9.97851396e-01 8.25550226e-03 1.35762417e-04 -8.24926145e-03 -1.46979089e-04
-9.97747277e-01 8.24732549e-03 1.42040146e-04 -8.24047298e-03 -1.53989175e-04
-9.97640697e-01 8.23898463e-03 1.48437918e-04 -8.23147713e-03 -1.61154260e-04
-9.97531657e-01 8.23048165e-03 1.54953806e-04 -8.22227394e-03 -1.68473589e-04
-9.97420157e-01 8.22181858e-03 1.61585848e-04 -8.21286352e-03 -1.75946396e-04
-9.97306197e-01 8.21299746e-03 1.68332044e-04 -8.20324593e-03 -1.83571895e-04
-9.97189778e-01 8.20402039e-03 1.75190362e-04 -8.19342126e-03 -1.91349287e-04
-9.97070899e-01 8.19488948e-03 1.82158736e-04 -8.18338961e-03 -1.99277757e-04
-9.96949561e-01 8.18560691e-03 1.89235063e-04 -8.17315107e-03 -2.07356474e-04
-9.96825765e-01 8.17617485e-03 1.96417210e-04 -8.16270574e-03 -2.15584593e-04
-9.96699510e-01 8.16659554e-03 2.03703011e-04 -8.15205373e-03 -2.23961252e-04
-9.96570797e-01 8.15687123e-03 2.11090269e-04 -8.14119517e-03 -2.32485575e-04
-9.96439627e-01 8.14700420e-03 2.18576753e-04 -8.13013017e-03 -2.41156671e-04
-9.96305999e-01 8.13699677e-03 2.26160204e-04 -8.11885885e-03 -2.49973635e-04
-9.96169914e-01 8.12685128e-03 2.33838334e-04 -8.10738137e-03 -2.58935546e-04
-9.96031373e-01 8.11657013e-03 2.41608823e-04 -8.09569785e-03 -2.68041469e-04
-9.95890375e-01 8.10615569e-03 2.49469324e-04 -8.08380845e-03 -2.77290454e-04
-9.95746921e-01 8.09561042e-03 2.57417462e-04 -8.07171332e-03 -2.86681539e-04
-9.95601011e-01 8.08493677e-03 2.65450836e-04 -8.05941264e-03 -2.96213745e-04
-9.95452646e-01 8.07413721e-03 2.73567016e-04 -8.04690657e-03 -3.05886080e-04
-9.95301826e-01 8.06321427e-03 2.81763549e-04 -8.03419530e-03 -3.15697538e-04
-9.95148552e-01 8.05217048e-03 2.90037954e-04 -8.02127902e-03 -3.25647101e-04
-9.94992823e-01 8.04100839e-03 2.98387728e-04 -8.00815793e-03 -3.35733734e-04
-9.94834640e-01 8.02973058e-03 3.06810344e-04 -7.99483222e-03 -3.45956392e-04
-9.94674004e-01 8.01833967e-03 3.15303251e-04 -7.98130213e-03 -3.56314015e-04
-9.94510915e-01 8.00683827e-03 3.23863877e-04 -7.96756788e-03 -3.66805529e-04
-9.94345374e-01 7.99522903e-03 3.32489627e-04 -7.95362971e-03 -3.77429849e-04
-9.94177380e-01 7.98351461e-03 3.41177887e-04 -7.93948786e-03 -3.88185874e-04
-9.94006934e-01 7.97169771e-03 3.49926022e-04 -7.92514258e-03 -3.99072495e-04
-9.93834037e-01 7.95978102e-03 3.58731378e-04 -7.91059415e-03 -4.10088586e-04
-9.93658689e-01 7.94776726e-03 3.67591282e-04 -7.89584285e-03 -4.21233011e-04
-9.93480891e-01 7.93565917e-03 3.76503045e-04 -7.88088896e-03 -4.32504620e-04
-9.93300642e-01 7.92345951e-03 3.85463960e-04 -7.86573278e-03 -4.43902253e-04
-9.93117944e-01 7.91117104e-03 3.94471302e-04 -7.85037462e-03 -4.55424736e-04
-9.92932796e-01 7.89879654e-03 4.03522334e-04 -7.83481481e-03 -4.67070884e-04
-9.92745200e-01 7.88633880e-03 4.12614302e-04 -7.81905368e-03 -4.78839502e-04
-9.92555155e-01 7.87380065e-03 4.21744438e-04 -7.80309157e-03 -4.90729380e-04
-9.92362663e-01 7.86118489e-03 4.30909963e-04 -7.78692886e-03 -5.02739300e-04
-9.92167724e-01 7.84849436e-03 4.40108084e-04 -7.77056590e-03 -5.14868030e-04
-9.91970337e-01 7.83573189e-03 4.49335997e-04 -7.75400308e-03 -5.27114330e-04
-9.91770504e-01 7.82290034e-03 4.58590888e-04 -7.73724080e-03 -5.39476947e-04
-9.91568226e-01 7.81000256e-03 4.67869931e-04 -7.72027948e-03 -5.51954617e-04
-9.91363501e-01 7.79704142e-03 4.77170293e-04 -7.70311953e-03 -5.64546068e-04
-9.91156332e-01 7.78401978e-03 4.86489131e-04 -7.68576139e-03 -5.77250016e-04
-9.90946719e-01 7.77094054e-03 4.95823598e-04 -7.66820552e-03 -5.90065166e-04
-9.90734662e-01 7.75780656e-03 5.05170835e-04 -7.65045237e-03 -6.02990214e-04
-9.90520161e-01 7.74462074e-03 5.14527981e-04 -7.63250244e-03 -6.16023847e-04
-9.90303218e-01 7.73138597e-03 5.23892169e-04 -7.61435622e-03 -6.29164741e-04
-9.90083833e-01 7.71810513e-03 5.33260527e-04 -7.59601421e-03 -6.42411563e-04
-9.89862005e-01 7.70478112e-03 5.42630180e-04 -7.57747694e-03 -6.55762972e-04
-9.89637737e-01 7.69141683e-03 5.51998251e-04 -7.55874496e-03 -6.69217615e-04
-9.89411028e-01 7.67801516e-03 5.61361859e-04 -7.53981881e-03 -6.82774133e-04
-9.89181879e-01 7.66457900e-03 5.70718124e-04 -7.52069907e-03 -6.96431156e-04
-9.88950290e-01 7.65111124e-03 5.80064165e-04 -7.50138632e-03 -7.10187308e-04
-9.88716263e-01 7.63761476e-03 5.89397102e-04 -7.48188118e-03 -7.24041203e-04
-9.88479797e-01 7.62409246e-03 5.98714055e-04 -7.46218425e-03 -7.37991445e-04
-9.88240894e-01 7.61054721e-03 6.08012148e-04 -7.44229618e-03 -7.52036633e-04
-9.87999553e-01 7.59698188e-03 6.17288506e-04 -7.42221762e-03 -7.66175358e-04
-9.87755776e-01 7.58339934e-03 6.26540260e-04 -7.40194924e-03 -7.80406202e-04
-9.87509562e-01 7.56980247e-03 6.35764543e-04 -7.38149172e-03 -7.94727739e-04
-9.87260914e-01 7.55619409e-03 6.44958494e-04 -7.36084577e-03 -8.09138537e-04
-9.87009830e-01 7.54257708e-03 6.54119260e-04 -7.34001211e-03 -8.23637158e-04
-9.86756313e-01 7.52895425e-03 6.63243993e-04 -7.31899147e-03 -8.38222154e-04
-9.86500362e-01 7.51532843e-03 6.72329853e-04 -7.29778463e-03 -8.52892072e-04
-9.86241978e-01 7.50170244e-03 6.81374009e-04 -7.27639235e-03 -8.67645454e-04
-9.85981162e-01 7.48807908e-03 6.90373638e-04 -7.25481542e-03 -8.82480834e-04
-9.85717914e-01 7.47446114e-03 6.99325929e-04 -7.23305465e-03 -8.97396738e-04
-9.85452235e-01 7.46085140e-03 7.08228080e-04 -7.21111088e-03 -9.12391691e-04
-9.85184126e-01 7.44725261e-03 7.17077301e-04 -7.18898496e-03 -9.27464207e-04
-9.84913588e-01 7.43366753e-03 7.25870816e-04 -7.16667774e-03 -9.42612797e-04
-9.84640620e-01 7.42009888e-03 7.34605859e-04 -7.14419012e-03 -9.57835967e-04
-9.84365224e-01 7.40654938e-03 7.43279680e-04 -7.12152300e-03 -9.73132218e-04
-9.84087401e-01 7.39302173e-03 7.51889543e-04 -7.09867731e-03 -9.88500043e-04
-9.83807150e-01 7.37951860e-03 7.60432727e-04 -7.07565398e-03 -1.00393793e-03
-9.83524474e-01 7.36604265e-03 7.68906528e-04 -7.05245399e-03 -1.01944438e-03
-9.83239372e-01 7.35259654e-03 7.77308257e-04 -7.02907830e-03 -1.03501785e-03
-9.82951845e-01 7.33918286e-03 7.85635245e-04 -7.00552793e-03 -1.05065684e-03
-9.82661894e-01 7.32580423e-03 7.93884839e-04 -6.98180390e-03 -1.06635981e-03
-9.82369519e-01 7.31246323e-03 8.02054407e-04 -6.95790724e-03 -1.08212523e-03
-9.82074722e-01 7.29916240e-03 8.10141334e-04 -6.93383902e-03 -1.09795157e-03
-9.81777503e-01 7.28590428e-03 8.18143027e-04 -6.90960031e-03 -1.11383729e-03
-9.81477862e-01 7.27269137e-03 8.26056914e-04 -6.88519223e-03 -1.12978085e-03
-9.81175801e-01 7.25952616e-03 8.33880445e-04 -6.86061589e-03 -1.14578071e-03
-9.80871321e-01 7.24641111e-03 8.41611092e-04 -6.83587243e-03 -1.16183531e-03
-9.80564421e-01 7.23334864e-03 8.49246349e-04 -6.81096301e-03 -1.17794311e-03
-9.80255103e-01 7.22034117e-03 8.56783736e-04 -6.78588882e-03 -1.19410256e-03
-9.79943368e-01 7.20739107e-03 8.64220796e-04 -6.76065105e-03 -1.21031210e-03
-9.79629216e-01 7.19450069e-03 8.71555097e-04 -6.73525094e-03 -1.22657018e-03
-9.79312648e-01 7.18167235e-03 8.78784232e-04 -6.70968972e-03 -1.24287524e-03
-9.78993665e-01 7.16890834e-03 8.85905822e-04 -6.68396866e-03 -1.25922571e-03
-9.78672267e-01 7.15621094e-03 8.92917515e-04 -6.65808904e-03 -1.27562004e-03
-9.78348456e-01 7.14358236e-03 8.99816984e-04 -6.63205217e-03 -1.29205667e-03
-9.78022233e-01 7.13102481e-03 9.06601933e-04 -6.60585937e-03 -1.30853402e-03
-9.77693597e-01 7.11854047e-03 9.13270094e-04 -6.57951200e-03 -1.32505054e-03
-9.77362550e-01 7.10613146e-03 9.19819226e-04 -6.55301141e-03 -1.34160466e-03
-9.77029093e-01 7.09379990e-03 9.26247122e-04 -6.52635899e-03 -1.35819482e-03
-9.76693226e-01 7.08154785e-03 9.32551602e-04 -6.49955615e-03 -1.37481944e-03
-9.76354950e-01 7.06937736e-03 9.38730519e-04 -6.47260432e-03 -1.39147696e-03
-9.76014267e-01 7.05729042e-03 9.44781756e-04 -6.44550495e-03 -1.40816581e-03
-9.75671177e-01 7.04528901e-03 9.50703231e-04 -6.41825951e-03 -1.42488444e-03
-9.75325680e-01 7.03337507e-03 9.56492891e-04 -6.39086949e-03 -1.44163126e-03
-9.74977778e-01 7.02155048e-03 9.62148718e-04 -6.36333640e-03 -1.45840472e-03
-9.74627472e-01 7.00981712e-03 9.67668728e-04 -6.33566176e-03 -1.47520326e-03
-9.74274762e-01 6.99817680e-03 9.73050971e-04 -6.30784714e-03 -1.49202530e-03
-9.73919650e-01 6.98663132e-03 9.78293531e-04 -6.27989410e-03 -1.50886929e-03
-9.73562135e-01 6.97518243e-03 9.83394527e-04 -6.25180423e-03 -1.52573367e-03
-9.73202220e-01 6.96383184e-03 9.88352115e-04 -6.22357915e-03 -1.54261687e-03
-9.72839904e-01 6.95258123e-03 9.93164486e-04 -6.19522048e-03 -1.55951734e-03
-9.72475189e-01 6.94143223e-03 9.97829868e-04 -6.16672988e-03 -1.57643352e-03
-9.72108076e-01 6.93038644e-03 1.00234652e-03 -6.13810902e-03 -1.59336387e-03
-9.71738566e-01 6.91944541e-03 1.00671276e-03 -6.10935959e-03 -1.61030682e-03
-9.71366659e-01 6.90861067e-03 1.01092691e-03 -6.08048331e-03 -1.62726083e-03
-9.70992357e-01 6.89788370e-03 1.01498735e-03 -6.05148189e-03 -1.64422435e-03
-9.70615660e-01 6.88726592e-03 1.01889251e-03 -6.02235709e-03 -1.66119585e-03
-9.70236569e-01 6.87675874e-03 1.02264083e-03 -5.99311069e-03 -1.67817377e-03
-9.69855086e-01 6.86636351e-03 1.02623081e-03 -5.96374446e-03 -1.69515658e-03
-9.69471210e-01 6.85608155e-03 1.02966098e-03 -5.93426021e-03 -1.71214276e-03
-9.69084944e-01 6.84591413e-03 1.03292993e-03 -5.90465978e-03 -1.72913076e-03
-9.68696288e-01 6.83586248e-03 1.03603625e-03 -5.87494499e-03 -1.74611907e-03
-9.68305243e-01 6.82592778e-03 1.03897861e-03 -5.84511773e-03 -1.76310615e-03
-9.67911810e-01 6.81611119e-03 1.04175571e-03 -5.81517986e-03 -1.78009050e-03
-9.67515990e-01 6.80641381e-03 1.04436628e-03 -5.78513328e-03 -1.79707059e-03
-9.67117784e-01 6.79683669e-03 1.04680909e-03 -5.75497992e-03 -1.81404492e-03
-9.66717192e-01 6.78738086e-03 1.04908297e-03 -5.72472170e-03 -1.83101198e-03
-9.66314217e-01 6.77804729e-03 1.05118678e-03 -5.69436058e-03 -1.84797028e-03
-9.65908859e-01 6.76883691e-03 1.05311942e-03 -5.66389853e-03 -1.86491831e-03
-9.65501118e-01 6.75975061e-03 1.05487985e-03 -5.63333754e-03 -1.88185458e-03
-9.65090997e-01 6.75078923e-03 1.05646704e-03 -5.60267960e-03 -1.89877762e-03
-9.64678495e-01 6.74195358e-03 1.05788004e-03 -5.57192673e-03 -1.91568594e-03
-9.64263614e-01 6.73324441e-03 1.05911791e-03 -5.54108098e-03 -1.93257806e-03
-9.63846355e-01 6.72466244e-03 1.06017977e-03 -5.51014439e-03 -1.94945253e-03
-9.63426720e-01 6.71620832e-03 1.06106479e-03 -5.47911904e-03 -1.96630787e-03
-9.63004708e-01 6.70788270e-03 1.06177217e-03 -5.44800700e-03 -1.98314263e-03
-9.62580321e-01 6.69968615e-03 1.06230116e-03 -5.41681038e-03 -1.99995536e-03
-9.62153561e-01 6.69161921e-03 1.06265105e-03 -5.38553128e-03 -2.01674462e-03
-9.61724427e-01 6.68368237e-03 1.06282117e-03 -5.35417184e-03 -2.03350897e-03
-9.61292922e-01 6.67587607e-03 1.06281092e-03 -5.32273421e-03 -2.05024698e-03
-9.60859046e-01 6.66820073e-03 1.06261970e-03 -5.29122053e-03 -2.06695722e-03
-9.60422801e-01 6.66065671e-03 1.06224699e-03 -5.25963298e-03 -2.08363829e-03
-9.59984187e-01 6.65324432e-03 1.06169230e-03 -5.22797375e-03 -2.10028876e-03
-9.59543205e-01 6.64596384e-03 1.06095519e-03 -5.19624503e-03 -2.11690725e-03
-9.59099857e-01 6.63881549e-03 1.06003526e-03 -5.16444904e-03 -2.13349235e-03
-9.58654144e-01 6.63179946e-03 1.05893214e-03 -5.13258799e-03 -2.15004267e-03
-9.58206066e-01 6.62491589e-03 1.05764554e-03 -5.10066413e-03 -2.16655685e-03
-9.57755626e-01 6.61816489e-03 1.05617519e-03 -5.06867971e-03 -2.18303351e-03
-9.57302823e-01 6.61154650e-03 1.05452086e-03 -5.03663698e-03 -2.19947128e-03
-9.56847660e-01 6.60506074e-03 1.05268237e-03 -5.00453821e-03 -2.21586881e-03
-9.56390137e-01 6.59870757e-03 1.05065959e-03 -4.97238569e-03 -2.23222476e-03
-9.55930255e-01 6.59248693e-03 1.04845243e-03 -4.94018172e-03 -2.24853779e-03
-9.55468016e-01 6.58639869e-03 1.04606084e-03 -4.90792859e-03 -2.26480656e-03
-9.55003420e-01 6.58044269e-03 1.04348483e-03 -4.87562862e-03 -2.28102976e-03
-9.54536469e-01 6.57461874e-03 1.04072443e-03 -4.84328413e-03 -2.29720608e-03
-9.54067164e-01 6.56892658e-03 1.03777972e-03 -4.81089746e-03 -2.31333421e-03
-9.53595507e-01 6.56336593e-03 1.03465085e-03 -4.77847094e-03 -2.32941286e-03
-9.53121497e-01 6.55793647e-03 1.03133797e-03 -4.74600693e-03 -2.34544074e-03
-9.52645137e-01 6.55263783e-03 1.02784132e-03 -4.71350778e-03 -2.36141659e-03
-9.52166428e-01 6.54746958e-03 1.02416113e-03 -4.68097586e-03 -2.37733913e-03
-9.51685370e-01 6.54243129e-03 1.02029773e-03 -4.64841353e-03 -2.39320712e-03
-9.51201965e-01 6.53752246e-03 1.01625144e-03 -4.61582319e-03 -2.40901930e-03
-9.50716215e-01 6.53274256e-03 1.01202267e-03 -4.58320722e-03 -2.42477444e-03
-9.50228120e-01 6.52809102e-03 1.00761183e-03 -4.55056800e-03 -2.44047132e-03
-9.49737681e-01 6.52356722e-03 1.00301941e-03 -4.51790794e-03 -2.45610871e-03
-9.49244901e-01 6.51917052e-03 9.98245914e-04 -4.48522944e-03 -2.47168542e-03
-9.48749779e-01 6.51490022e-03 9.93291899e-04 -4.45253491e-03 -2.48720024e-03
-9.48252318e-01 6.51075560e-03 9.88157963e-04 -4.41982675e-03 -2.50265201e-03
-9.47752518e-01 6.50673589e-03 9.82844744e-04 -4.38710739e-03 -2.51803953e-03
-9.47250380e-01 6.50284028e-03 9.77352923e-04 -4.35437925e-03 -2.53336165e-03
-9.46745907e-01 6.49906794e-03 9.71683220e-04 -4.32164474e-03 -2.54861721e-03
-9.46239099e-01 6.49541799e-03 9.65836396e-04 -4.28890630e-03 -2.56380509e-03
-9.45729957e-01 6.49188951e-03 9.59813251e-04 -4.25616634e-03 -2.57892413e-03
-9.45218483e-01 6.48848155e-03 9.53614625e-04 -4.22342731e-03 -2.59397323e-03
-9.44704677e-01 6.48519313e-03 9.47241400e-04 -4.19069162e-03 -2.60895128e-03
-9.44188542e-01 6.48202321e-03 9.40694494e-04 -4.15796172e-03 -2.62385718e-03
-9.43670079e-01 6.47897076e-03 9.33974864e-04 -4.12524004e-03 -2.63868984e-03
-9.43149288e-01 6.47603468e-03 9.27083508e-04 -4.09252900e-03 -2.65344820e-03
-9.42626171e-01 6.47321383e-03 9.20021460e-04 -4.05983104e-03 -2.66813119e-03
-9.42100730e-01 6.47050708e-03 9.12789791e-04 -4.02714859e-03 -2.68273775e-03
-9.41572965e-01 6.46791322e-03 9.05389611e-04 -3.99448408e-03 -2.69726686e-03
-9.41042878e-01 6.46543103e-03 8.97822067e-04 -3.96183993e-03 -2.71171749e-03
-9.40510470e-01 6.46305926e-03 8.90088340e-04 -3.92921858e-03 -2.72608861e-03
-9.39975743e-01 6.46079663e-03 8.82189649e-04 -3.89662244e-03 -2.74037924e-03
-9.39438698e-01 6.45864182e-03 8.74127249e-04 -3.86405394e-03 -2.75458837e-03
-9.38899336e-01 6.45659348e-03 8.65902429e-04 -3.83151549e-03 -2.76871503e-03
-9.38357658e-01 6.45465024e-03 8.57516514e-04 -3.79900950e-03 -2.78275825e-03
-9.37813667e-01 6.45281070e-03 8.48970862e-04 -3.76653837e-03 -2.79671709e-03
-9.37267362e-01 6.45107342e-03 8.40266866e-04 -3.73410452e-03 -2.81059059e-03
-9.36718746e-01 6.44943694e-03 8.31405950e-04 -3.70171034e-03 -2.82437784e-03
-9.36167820e-01 6.44789978e-03 8.22389576e-04 -3.66935821e-03 -2.83807791e-03
-9.35614585e-01 6.44646042e-03 8.13219232e-04 -3.63705052e-03 -2.85168990e-03
-9.35059043e-01 6.44511732e-03 8.03896443e-04 -3.60478965e-03 -2.86521293e-03
-9.34501195e-01 6.44386892e-03 7.94422762e-04 -3.57257797e-03 -2.87864611e-03
-9.33941042e-01 6.44271363e-03 7.84799776e-04 -3.54041784e-03 -2.89198857e-03
-9.33378586e-01 6.44164983e-03 7.75029100e-04 -3.50831161e-03 -2.90523947e-03
-9.32813828e-01 6.44067589e-03 7.65112380e-04 -3.47626163e-03 -2.91839797e-03
-9.32246769e-01 6.43979015e-03 7.55051291e-04 -3.44427023e-03 -2.93146325e-03
-9.31677412e-01 6.43899092e-03 7.44847537e-04 -3.41233974e-03 -2.94443448e-03
-9.31105757e-01 6.43827651e-03 7.34502850e-04 -3.38047248e-03 -2.95731087e-03
-9.30531805e-01 6.43764518e-03 7.24018990e-04 -3.34867074e-03 -2.97009163e-03
-9.29955559e-01 6.43709519e-03 7.13397744e-04 -3.31693682e-03 -2.98277599e-03
-9.29377019e-01 6.43662477e-03 7.02640927e-04 -3.28527301e-03 -2.99536319e-03
-9.28796187e-01 6.43623215e-03 6.91750377e-04 -3.25368157e-03 -3.00785249e-03
-9.28213065e-01 6.43591552e-03 6.80727959e-04 -3.22216476e-03 -3.02024314e-03
-9.27627654e-01 6.43567307e-03 6.69575566e-04 -3.19072482e-03 -3.03253443e-03
-9.27039955e-01 6.43550294e-03 6.58295110e-04 -3.15936399e-03 -3.04472566e-03
-9.26449969e-01 6.43540331e-03 6.46888530e-04 -3.12808448e-03 -3.05681612e-03
-9.25857699e-01 6.43537229e-03 6.35357787e-04 -3.09688850e-03 -3.06880515e-03
-9.25263146e-01 6.43540800e-03 6.23704866e-04 -3.06577823e-03 -3.08069207e-03
-9.24666310e-01 6.43550854e-03 6.11931771e-04 -3.03475585e-03 -3.09247623e-03
-9.24067195e-01 6.43567202e-03 6.00040532e-04 -3.00382351e-03 -3.10415700e-03
-9.23465800e-01 6.43589649e-03 5.88033195e-04 -2.97298335e-03 -3.11573375e-03
-9.22862128e-01 6.43618004e-03 5.75911828e-04 -2.94223750e-03 -3.12720587e-03
-9.22256180e-01 6.43652070e-03 5.63678520e-04 -2.91158806e-03 -3.13857275e-03
-9.21647958e-01 6.43691653e-03 5.51335376e-04 -2.88103713e-03 -3.14983383e-03
-9.21037462e-01 6.43736555e-03 5.38884521e-04 -2.85058678e-03 -3.16098852e-03
-9.20424696e-01 6.43786579e-03 5.26328099e-04 -2.82023906e-03 -3.17203627e-03
-9.19809659e-01 6.43841527e-03 5.13668267e-04 -2.78999600e-03 -3.18297654e-03
-9.19192354e-01 6.43901199e-03 5.00907202e-04 -2.75985962e-03 -3.19380881e-03
-9.18572782e-01 6.43965395e-03 4.88047096e-04 -2.72983192e-03 -3.20453254e-03
-9.17950945e-01 6.44033915e-03 4.75090154e-04 -2.69991488e-03 -3.21514726e-03
-9.17326844e-01 6.44106557e-03 4.62038598e-04 -2.67011045e-03 -3.22565246e-03
-9.16700480e-01 6.44183119e-03 4.48894662e-04 -2.64042056e-03 -3.23604767e-03
-9.16071856e-01 6.44263400e-03 4.35660596e-04 -2.61084713e-03 -3.24633244e-03
-9.15440973e-01 6.44347197e-03 4.22338658e-04 -2.58139206e-03 -3.25650632e-03
-9.14807832e-01 6.44434306e-03 4.08931122e-04 -2.55205721e-03 -3.26656888e-03
-9.14172435e-01 6.44524526e-03 3.95440271e-04 -2.52284444e-03 -3.27651970e-03
-9.13534783e-01 6.44617652e-03 3.81868400e-04 -2.49375556e-03 -3.28635838e-03
-9.12894879e-01 6.44713482e-03 3.68217812e-04 -2.46479238e-03 -3.29608452e-03
-9.12252723e-01 6.44811812e-03 3.54490821e-04 -2.43595669e-03 -3.30569776e-03
-9.11608317e-01 6.44912439e-03 3.40689749e-04 -2.40725023e-03 -3.31519772e-03
-9.10961663e-01 6.45015160e-03 3.26816927e-04 -2.37867474e-03 -3.32458406e-03
-9.10312763e-01 6.45119772e-03 3.12874691e-04 -2.35023192e-03 -3.33385646e-03
-9.09661618e-01 6.45226071e-03 2.98865386e-04 -2.32192347e-03 -3.34301457e-03
-9.09008229e-01 6.45333857e-03 2.84791363e-04 -2.29375103e-03 -3.35205811e-03
-9.08352599e-01 6.45442926e-03 2.70654975e-04 -2.26571623e-03 -3.36098677e-03
-9.07694728e-01 6.45553077e-03 2.56458585e-04 -2.23782069e-03 -3.36980028e-03
-9.07034619e-01 6.45664110e-03 2.42204556e-04 -2.21006598e-03 -3.37849838e-03
-9.06372273e-01 6.45775823e-03 2.27895257e-04 -2.18245365e-03 -3.38708080e-03
-9.05707691e-01 6.45888018e-03 2.13533057e-04 -2.15498524e-03 -3.39554731e-03
-9.05040876e-01 6.46000495e-03 1.99120331e-04 -2.12766224e-03 -3.40389769e-03
-9.04371830e-01 6.46113057e-03 1.84659452e-04 -2.10048613e-03 -3.41213173e-03
-9.03700552e-01 6.46225504e-03 1.70152797e-04 -2.07345834e-03 -3.42024924e-03
-9.03027046e-01 6.46337642e-03 1.55602740e-04 -2.04658030e-03 -3.42825001e-03
-9.02351313e-01 6.46449275e-03 1.41011657e-04 -2.01985339e-03 -3.43613390e-03
-9.01673355e-01 6.46560208e-03 1.26381922e-04 -1.99327897e-03 -3.44390074e-03
-9.00993173e-01 6.46670249e-03 1.11715909e-04 -1.96685838e-03 -3.45155039e-03
-9.00310769e-01 6.46779204e-03 9.70159866e-05 -1.94059291e-03 -3.45908272e-03
-8.99626145e-01 6.46886883e-03 8.22845241e-05 -1.91448385e-03 -3.46649761e-03
-8.98939302e-01 6.46993097e-03 6.75238851e-05 -1.88853243e-03 -3.47379497e-03
-8.98250242e-01 6.47097658e-03 5.27364297e-05 -1.86273986e-03 -3.48097470e-03
-8.97558967e-01 6.47200377e-03 3.79245135e-05 -1.83710734e-03 -3.48803673e-03
-8.96865478e-01 6.47301071e-03 2.30904866e-05 -1.81163601e-03 -3.49498099e-03
-8.96169778e-01 6.47399556e-03 8.23669314e-06 -1.78632700e-03 -3.50180745e-03
-8.95471867e-01 6.47495648e-03 -6.63452896e-06 -1.76118140e-03 -3.50851605e-03
-8.94771748e-01 6.47589168e-03 -2.15208491e-05 -1.73620027e-03 -3.51510679e-03
-8.94069423e-01 6.47679936e-03 -3.64199441e-05 -1.71138465e-03 -3.52157964e-03
-8.93364892e-01 6.47767776e-03 -5.13294993e-05 -1.68673553e-03 -3.52793463e-03
-8.92658159e-01 6.47852512e-03 -6.62472088e-05 -1.66225389e-03 -3.53417175e-03
-8.91949223e-01 6.47933971e-03 -8.11707759e-05 -1.63794065e-03 -3.54029104e-03
-8.91238089e-01 6.48011981e-03 -9.60979141e-05 -1.61379674e-03 -3.54629254e-03
-8.90524756e-01 6.48086373e-03 -1.11026347e-04 -1.58982301e-03 -3.55217632e-03
-8.89809227e-01 6.48156978e-03 -1.25953811e-04 -1.56602031e-03 -3.55794243e-03
-8.89091503e-01 6.48223632e-03 -1.40878051e-04 -1.54238946e-03 -3.56359095e-03
-8.88371587e-01 6.48286172e-03 -1.55796827e-04 -1.51893123e-03 -3.56912199e-03
-8.87649480e-01 6.48344435e-03 -1.70707910e-04 -1.49564636e-03 -3.57453564e-03
-8.86925184e-01 6.48398263e-03 -1.85609085e-04 -1.47253558e-03 -3.57983203e-03
-8.86198701e-01 6.48447499e-03 -2.00498150e-04 -1.44959955e-03 -3.58501129e-03
-8.85470032e-01 6.48491988e-03 -2.15372920e-04 -1.42683894e-03 -3.59007356e-03
-8.84739180e-01 6.48531580e-03 -2.30231220e-04 -1.40425434e-03 -3.59501899e-03
-8.84006145e-01 6.48566123e-03 -2.45070895e-04 -1.38184636e-03 -3.59984776e-03
-8.83270931e-01 6.48595471e-03 -2.59889803e-04 -1.35961553e-03 -3.60456004e-03
-8.82533538e-01 6.48619479e-03 -2.74685820e-04 -1.33756238e-03 -3.60915602e-03
-8.81793969e-01 6.48638004e-03 -2.89456837e-04 -1.31568739e-03 -3.61363592e-03
-8.81052225e-01 6.48650908e-03 -3.04200765e-04 -1.29399100e-03 -3.61799995e-03
-8.80308308e-01 6.48658052e-03 -3.18915529e-04 -1.27247365e-03 -3.62224832e-03
-8.79562220e-01 6.48659302e-03 -3.33599075e-04 -1.25113572e-03 -3.62638130e-03
-8.78813963e-01 6.48654526e-03 -3.48249367e-04 -1.22997755e-03 -3.63039912e-03
-8.78063539e-01 6.48643596e-03 -3.62864388e-04 -1.20899947e-03 -3.63430205e-03
-8.77310949e-01 6.48626385e-03 -3.77442141e-04 -1.18820176e-03 -3.63809037e-03
-8.76556196e-01 6.48602769e-03 -3.91980649e-04 -1.16758469e-03 -3.64176436e-03
-8.75799281e-01 6.48572628e-03 -4.06477954e-04 -1.14714846e-03 -3.64532432e-03
-8.75040206e-01 6.48535843e-03 -4.20932121e-04 -1.12689327e-03 -3.64877055e-03
-8.74278973e-01 6.48492300e-03 -4.35341234e-04 -1.10681927e-03 -3.65210339e-03
-8.73515584e-01 6.48441886e-03 -4.49703401e-04 -1.08692659e-03 -3.65532315e-03
-8.72750041e-01 6.48384492e-03 -4.64016750e-04 -1.06721531e-03 -3.65843019e-03
-8.71982345e-01 6.48320012e-03 -4.78279433e-04 -1.04768550e-03 -3.66142485e-03
-8.71212499e-01 6.48248342e-03 -4.92489623e-04 -1.02833716e-03 -3.66430750e-03
-8.70440504e-01 6.48169382e-03 -5.06645519e-04 -1.00917031e-03 -3.66707851e-03
-8.69666363e-01 6.48083035e-03 -5.20745341e-04 -9.90184887e-04 -3.66973828e-03
-8.68890077e-01 6.47989206e-03 -5.34787333e-04 -9.71380828e-04 -3.67228719e-03
-8.68111648e-01 6.47887804e-03 -5.48769765e-04 -9.52758025e-04 -3.67472566e-03
-8.67331079e-01 6.47778742e-03 -5.62690931e-04 -9.34316341e-04 -3.67705409e-03
-8.66548370e-01 6.47661934e-03 -5.76549148e-04 -9.16055605e-04 -3.67927292e-03
-8.65763524e-01 6.47537298e-03 -5.90342761e-04 -8.97975615e-04 -3.68138259e-03
-8.64976543e-01 6.47404755e-03 -6.04070138e-04 -8.80076139e-04 -3.68338354e-03
-8.64187429e-01 6.47264231e-03 -6.17729675e-04 -8.62356910e-04 -3.68527623e-03
-8.63396184e-01 6.47115652e-03 -6.31319793e-04 -8.44817633e-04 -3.68706112e-03
-8.62602809e-01 6.46958950e-03 -6.44838938e-04 -8.27457978e-04 -3.68873870e-03
-8.61807307e-01 6.46794057e-03 -6.58285585e-04 -8.10277587e-04 -3.69030945e-03
-8.61009680e-01 6.46620913e-03 -6.71658236e-04 -7.93276069e-04 -3.69177386e-03
-8.60209930e-01 6.46439457e-03 -6.84955418e-04 -7.76453003e-04 -3.69313245e-03
-8.59408057e-01 6.46249632e-03 -6.98175686e-04 -7.59807939e-04 -3.69438572e-03
-8.58604066e-01 6.46051386e-03 -7.11317625e-04 -7.43340393e-04 -3.69553421e-03
-8.57797957e-01 6.45844669e-03 -7.24379844e-04 -7.27049853e-04 -3.69657844e-03
-8.56989732e-01 6.45629434e-03 -7.37360983e-04 -7.10935778e-04 -3.69751896e-03
-8.56179395e-01 6.45405638e-03 -7.50259710e-04 -6.94997595e-04 -3.69835632e-03
-8.55366945e-01 6.45173240e-03 -7.63074720e-04 -6.79234703e-04 -3.69909107e-03
-8.54552386e-01 6.44932205e-03 -7.75804738e-04 -6.63646470e-04 -3.69972380e-03
-8.53735720e-01 6.44682498e-03 -7.88448517e-04 -6.48232238e-04 -3.70025506e-03
-8.52916948e-01 6.44424089e-03 -8.01004839e-04 -6.32991317e-04 -3.70068546e-03
-8.52096073e-01 6.44156951e-03 -8.13472516e-04 -6.17922990e-04 -3.70101558e-03
-8.51273096e-01 6.43881061e-03 -8.25850389e-04 -6.03026512e-04 -3.70124603e-03
-8.50448020e-01 6.43596397e-03 -8.38137327e-04 -5.88301109e-04 -3.70137741e-03
-8.49620847e-01 6.43302943e-03 -8.50332231e-04 -5.73745981e-04 -3.70141035e-03
-8.48791578e-01 6.43000684e-03 -8.62434030e-04 -5.59360297e-04 -3.70134547e-03
-8.47960216e-01 6.42689610e-03 -8.74441683e-04 -5.45143203e-04 -3.70118340e-03
-8.47126763e-01 6.42369714e-03 -8.86354179e-04 -5.31093817e-04 -3.70092479e-03
-8.46291221e-01 6.42040990e-03 -8.98170537e-04 -5.17211228e-04 -3.70057028e-03
-8.45453591e-01 6.41703437e-03 -9.09889807e-04 -5.03494501e-04 -3.70012053e-03
-8.44613877e-01 6.41357059e-03 -9.21511068e-04 -4.89942676e-04 -3.69957621e-03
-8.43772079e-01 6.41001860e-03 -9.33033428e-04 -4.76554765e-04 -3.69893798e-03
-8.42928201e-01 6.40637848e-03 -9.44456029e-04 -4.63329756e-04 -3.69820652e-03
-8.42082244e-01 6.40265036e-03 -9.55778040e-04 -4.50266612e-04 -3.69738252e-03
-8.41234210e-01 6.39883438e-03 -9.66998662e-04 -4.37364272e-04 -3.69646667e-03
-8.40384102e-01 6.39493071e-03 -9.78117124e-04 -4.24621649e-04 -3.69545966e-03
-8.39531921e-01 6.39093958e-03 -9.89132688e-04 -4.12037634e-04 -3.69436220e-03
-8.38677669e-01 6.38686121e-03 -1.00004465e-03 -3.99611094e-04 -3.69317501e-03
-8.37821349e-01 6.38269589e-03 -1.01085232e-03 -3.87340873e-04 -3.69189878e-03
-8.36962964e-01 6.37844391e-03 -1.02155506e-03 -3.75225791e-04 -3.69053426e-03
-8.36102514e-01 6.37410561e-03 -1.03215225e-03 -3.63264646e-04 -3.68908217e-03
-8.35240002e-01 6.36968135e-03 -1.04264331e-03 -3.51456215e-04 -3.68754324e-03
-8.34375430e-01 6.36517153e-03 -1.05302767e-03 -3.39799254e-04 -3.68591822e-03
-8.33508800e-01 6.36057656e-03 -1.06330481e-03 -3.28292494e-04 -3.68420785e-03
-8.32640115e-01 6.35589690e-03 -1.07347423e-03 -3.16934650e-04 -3.68241288e-03
-8.31769377e-01 6.35113303e-03 -1.08353547e-03 -3.05724414e-04 -3.68053406e-03
-8.30896587e-01 6.34628546e-03 -1.09348809e-03 -2.94660456e-04 -3.67857217e-03
-8.30021748e-01 6.34135473e-03 -1.10333168e-03 -2.83741431e-04 -3.67652797e-03
-8.29144862e-01 6.33634141e-03 -1.11306587e-03 -2.72965972e-04 -3.67440223e-03
-8.28265931e-01 6.33124609e-03 -1.12269031e-03 -2.62332692e-04 -3.67219572e-03
-8.27384958e-01 6.32606939e-03 -1.13220469e-03 -2.51840188e-04 -3.66990924e-03
-8.26501944e-01 6.32081197e-03 -1.14160871e-03 -2.41487038e-04 -3.66754355e-03
-8.25616892e-01 6.31547451e-03 -1.15090211e-03 -2.31271803e-04 -3.66509947e-03
-8.24729804e-01 6.31005770e-03 -1.16008468e-03 -2.21193026e-04 -3.66257777e-03
-8.23840681e-01 6.30456228e-03 -1.16915620e-03 -2.11249234e-04 -3.65997927e-03
-8.22949527e-01 6.29898901e-03 -1.17811651e-03 -2.01438937e-04 -3.65730476e-03
-8.22056344e-01 6.29333867e-03 -1.18696547e-03 -1.91760630e-04 -3.65455505e-03
-8.21161133e-01 6.28761206e-03 -1.19570296e-03 -1.82212792e-04 -3.65173095e-03
-8.20263897e-01 6.28181003e-03 -1.20432890e-03 -1.72793889e-04 -3.64883327e-03
-8.19364639e-01 6.27593343e-03 -1.21284323e-03 -1.63502368e-04 -3.64586284e-03
-8.18463359e-01 6.26998315e-03 -1.22124592e-03 -1.54336667e-04 -3.64282047e-03
-8.17560061e-01 6.26396008e-03 -1.22953697e-03 -1.45295208e-04 -3.63970699e-03
-8.16654747e-01 6.25786517e-03 -1.23771642e-03 -1.36376400e-04 -3.63652322e-03
-8.15747419e-01 6.25169936e-03 -1.24578431e-03 -1.27578640e-04 -3.63327001e-03
-8.14838079e-01 6.24546363e-03 -1.25374072e-03 -1.18900311e-04 -3.62994817e-03
-8.13926729e-01 6.23915898e-03 -1.26158577e-03 -1.10339787e-04 -3.62655855e-03
-8.13013373e-01 6.23278643e-03 -1.26931959e-03 -1.01895428e-04 -3.62310198e-03
-8.12098011e-01 6.22634702e-03 -1.27694235e-03 -9.35655861e-05 -3.61957931e-03
-8.11180646e-01 6.21984182e-03 -1.28445423e-03 -8.53485999e-05 -3.61599138e-03
-8.10261281e-01 6.21327190e-03 -1.29185545e-03 -7.72428003e-05 -3.61233903e-03
-8.09339918e-01 6.20663839e-03 -1.29914625e-03 -6.92465079e-05 -3.60862312e-03
-8.08416559e-01 6.19994239e-03 -1.30632690e-03 -6.13580346e-05 -3.60484448e-03
-8.07491206e-01 6.19318506e-03 -1.31339769e-03 -5.35756838e-05 -3.60100398e-03
-8.06563861e-01 6.18636755e-03 -1.32035893e-03 -4.58977507e-05 -3.59710247e-03
-8.05634528e-01 6.17949104e-03 -1.32721097e-03 -3.83225232e-05 -3.59314079e-03
-8.04703207e-01 6.17255675e-03 -1.33395417e-03 -3.08482819e-05 -3.58911982e-03
-8.03769903e-01 6.16556587e-03 -1.34058893e-03 -2.34733009e-05 -3.58504039e-03
-8.02834616e-01 6.15851965e-03 -1.34711566e-03 -1.61958482e-05 -3.58090337e-03
-8.01897349e-01 6.15141934e-03 -1.35353480e-03 -9.01418590e-06 -3.57670963e-03
-8.00958104e-01 6.14426620e-03 -1.35984681e-03 -1.92657116e-06 -3.57246001e-03
-8.00016884e-01 6.13706152e-03 -1.36605217e-03 5.06874371e-06 -3.56815538e-03
-7.99073691e-01 6.12980659e-03 -1.37215139e-03 1.19735107e-05 -3.56379661e-03
-7.98128528e-01 6.12250273e-03 -1.37814501e-03 1.87894855e-05 -3.55938455e-03
-7.97181396e-01 6.11515126e-03 -1.38403356e-03 2.55184273e-05 -3.55492006e-03
-7.96232298e-01 6.10775352e-03 -1.38981763e-03 3.21620980e-05 -3.55040401e-03
-7.95281236e-01 6.10031086e-03 -1.39549782e-03 3.87222620e-05 -3.54583726e-03
-7.94328214e-01 6.09282466e-03 -1.40107472e-03 4.52006855e-05 -3.54122067e-03
-7.93373232e-01 6.08529629e-03 -1.40654899e-03 5.15991365e-05 -3.53655510e-03
-7.92416293e-01 6.07772714e-03 -1.41192128e-03 5.79193836e-05 -3.53184142e-03
-7.91457401e-01 6.07011861e-03 -1.41719227e-03 6.41631963e-05 -3.52708049e-03
-7.90496556e-01 6.06247212e-03 -1.42236265e-03 7.03323440e-05 -3.52227316e-03
-7.89533763e-01 6.05478909e-03 -1.42743313e-03 7.64285959e-05 -3.51742030e-03
-7.88569022e-01 6.04707094e-03 -1.43240445e-03 8.24537203e-05 -3.51252277e-03
-7.87602336e-01 6.03931913e-03 -1.43727738e-03 8.84094844e-05 -3.50758142e-03
-7.86633708e-01 6.03153510e-03 -1.44205266e-03 9.42976534e-05 -3.50259712e-03
-7.85663139e-01 6.02372031e-03 -1.44673110e-03 1.00119991e-04 -3.49757071e-03
-7.84690634e-01 6.01587623e-03 -1.45131350e-03 1.05878257e-04 -3.49250305e-03
-7.83716193e-01 6.00800433e-03 -1.45580069e-03 1.11574210e-04 -3.48739500e-03
-7.82739819e-01 6.00010609e-03 -1.46019350e-03 1.17209603e-04 -3.48224741e-03
-7.81761515e-01 5.99218300e-03 -1.46449279e-03 1.22786187e-04 -3.47706113e-03
-7.80781283e-01 5.98423655e-03 -1.46869943e-03 1.28305709e-04 -3.47183700e-03
-7.79799126e-01 5.97626824e-03 -1.47281432e-03 1.33769909e-04 -3.46657587e-03
-7.78815045e-01 5.96827957e-03 -1.47683834e-03 1.39180522e-04 -3.46127859e-03
-7.77829044e-01 5.96027204e-03 -1.48077243e-03 1.44539281e-04 -3.45594600e-03
-7.76841124e-01 5.95224718e-03 -1.48461751e-03 1.49847908e-04 -3.45057893e-03
-7.75851289e-01 5.94420649e-03 -1.48837452e-03 1.55108123e-04 -3.44517823e-03
-7.74859540e-01 5.93615148e-03 -1.49204443e-03 1.60321636e-04 -3.43974474e-03
-7.73865880e-01 5.92808368e-03 -1.49562821e-03 1.65490151e-04 -3.43427927e-03
-7.72870312e-01 5.92000460e-03 -1.49912685e-03 1.70615365e-04 -3.42878267e-03
-7.71872838e-01 5.91191578e-03 -1.50254133e-03 1.75698965e-04 -3.42325576e-03
-7.70873460e-01 5.90381872e-03 -1.50587267e-03 1.80742632e-04 -3.41769936e-03
-7.69872181e-01 5.89571496e-03 -1.50912190e-03 1.85748036e-04 -3.41211430e-03
-7.68869004e-01 5.88760600e-03 -1.51229003e-03 1.90716840e-04 -3.40650138e-03
-7.67863930e-01 5.87949339e-03 -1.51537813e-03 1.95650696e-04 -3.40086144e-03
-7.66856963e-01 5.87137863e-03 -1.51838722e-03 2.00551245e-04 -3.39519527e-03
-7.65848104e-01 5.86326324e-03 -1.52131839e-03 2.05420120e-04 -3.38950369e-03
-7.64837357e-01 5.85514874e-03 -1.52417270e-03 2.10258943e-04 -3.38378749e-03
-7.63824724e-01 5.84703665e-03 -1.52695123e-03 2.15069323e-04 -3.37804748e-03
-7.62810206e-01 5.83892847e-03 -1.52965508e-03 2.19852859e-04 -3.37228446e-03
-7.61793808e-01 5.83082571e-03 -1.53228533e-03 2.24611139e-04 -3.36649922e-03
-7.60775531e-01 5.82272988e-03 -1.53484310e-03 2.29345737e-04 -3.36069254e-03
-7.59755377e-01 5.81464247e-03 -1.53732950e-03 2.34058216e-04 -3.35486521e-03
-7.58733350e-01 5.80656497e-03 -1.53974565e-03 2.38750126e-04 -3.34901802e-03
-7.57709452e-01 5.79849888e-03 -1.54209268e-03 2.43423003e-04 -3.34315172e-03
-7.56683685e-01 5.79044567e-03 -1.54437172e-03 2.48078372e-04 -3.33726711e-03
-7.55656053e-01 5.78240682e-03 -1.54658391e-03 2.52717741e-04 -3.33136494e-03
-7.54626556e-01 5.77438380e-03 -1.54873039e-03 2.57342607e-04 -3.32544598e-03
-7.53595199e-01 5.76637808e-03 -1.55081232e-03 2.61954450e-04 -3.31951098e-03
-7.52561982e-01 5.75839110e-03 -1.55283084e-03 2.66554737e-04 -3.31356069e-03
-7.51526911e-01 5.75042431e-03 -1.55478712e-03 2.71144921e-04 -3.30759587e-03
-7.50489985e-01 5.74247915e-03 -1.55668232e-03 2.75726437e-04 -3.30161726e-03
-7.49451209e-01 5.73455705e-03 -1.55851760e-03 2.80300706e-04 -3.29562559e-03
-7.48410585e-01 5.72665942e-03 -1.56029414e-03 2.84869135e-04 -3.28962160e-03
-7.47368114e-01 5.71878769e-03 -1.56201310e-03 2.89433111e-04 -3.28360602e-03
-7.46323801e-01 5.71094324e-03 -1.56367565e-03 2.93994009e-04 -3.27757956e-03
-7.45277647e-01 5.70312747e-03 -1.56528298e-03 2.98553185e-04 -3.27154295e-03
-7.44229655e-01 5.69534175e-03 -1.56683627e-03 3.03111978e-04 -3.26549689e-03
-7.43179828e-01 5.68758745e-03 -1.56833668e-03 3.07671711e-04 -3.25944209e-03
-7.42128168e-01 5.67986593e-03 -1.56978540e-03 3.12233690e-04 -3.25337925e-03
-7.41074678e-01 5.67217853e-03 -1.57118361e-03 3.16799203e-04 -3.24730907e-03
-7.40019360e-01 5.66452658e-03 -1.57253248e-03 3.21369519e-04 -3.24123223e-03
-7.38962217e-01 5.65691141e-03 -1.57383321e-03 3.25945892e-04 -3.23514941e-03
-7.37903252e-01 5.64933430e-03 -1.57508696e-03 3.30529554e-04 -3.22906130e-03
-7.36842467e-01 5.64179657e-03 -1.57629491e-03 3.35121724e-04 -3.22296855e-03
-7.35779864e-01 5.63429948e-03 -1.57745824e-03 3.39723597e-04 -3.21687185e-03
-7.34715448e-01 5.62684429e-03 -1.57857812e-03 3.44336353e-04 -3.21077183e-03
-7.33649219e-01 5.61943227e-03 -1.57965573e-03 3.48961151e-04 -3.20466917e-03
-7.32581181e-01 5.61206464e-03 -1.58069223e-03 3.53599132e-04 -3.19856449e-03
-7.31511336e-01 5.60474263e-03 -1.58168879e-03 3.58251418e-04 -3.19245845e-03
-7.30439687e-01 5.59746743e-03 -1.58264658e-03 3.62919111e-04 -3.18635167e-03
-7.29366237e-01 5.59024024e-03 -1.58356675e-03 3.67603294e-04 -3.18024478e-03
-7.28290988e-01 5.58306223e-03 -1.58445047e-03 3.72305030e-04 -3.17413840e-03
-7.27213943e-01 5.57593456e-03 -1.58529888e-03 3.77025362e-04 -3.16803314e-03
-7.26135105e-01 5.56885837e-03 -1.58611312e-03 3.81765314e-04 -3.16192961e-03
-7.25054476e-01 5.56183477e-03 -1.58689436e-03 3.86525888e-04 -3.15582841e-03
-7.23972059e-01 5.55486489e-03 -1.58764371e-03 3.91308068e-04 -3.14973012e-03
-7.22887856e-01 5.54794980e-03 -1.58836232e-03 3.96112817e-04 -3.14363535e-03
-7.21801870e-01 5.54109059e-03 -1.58905130e-03 4.00941077e-04 -3.13754466e-03
-7.20714105e-01 5.53428829e-03 -1.58971179e-03 4.05793770e-04 -3.13145862e-03
-7.19624562e-01 5.52754396e-03 -1.59034489e-03 4.10671798e-04 -3.12537781e-03
-7.18533244e-01 5.52085860e-03 -1.59095171e-03 4.15576041e-04 -3.11930278e-03
-7.17440155e-01 5.51423323e-03 -1.59153335e-03 4.20507360e-04 -3.11323408e-03
-7.16345296e-01 5.50766881e-03 -1.59209090e-03 4.25466594e-04 -3.10717225e-03
-7.15248670e-01 5.50116631e-03 -1.59262546e-03 4.30454562e-04 -3.10111783e-03
-7.14150280e-01 5.49472668e-03 -1.59313809e-03 4.35472061e-04 -3.09507135e-03
-7.13050130e-01 5.48835084e-03 -1.59362987e-03 4.40519868e-04 -3.08903333e-03
-7.11948220e-01 5.48203969e-03 -1.59410186e-03 4.45598738e-04 -3.08300428e-03
-7.10844555e-01 5.47579412e-03 -1.59455511e-03 4.50709407e-04 -3.07698472e-03
-7.09739137e-01 5.46961499e-03 -1.59499067e-03 4.55852588e-04 -3.07097513e-03
-7.08631969e-01 5.46350316e-03 -1.59540957e-03 4.61028974e-04 -3.06497602e-03
-7.07523053e-01 5.45745944e-03 -1.59581283e-03 4.66239237e-04 -3.05898787e-03
-7.06412392e-01 5.45148464e-03 -1.59620147e-03 4.71484027e-04 -3.05301115e-03
-7.05299989e-01 5.44557955e-03 -1.59657651e-03 4.76763974e-04 -3.04704634e-03
-7.04185846e-01 5.43974494e-03 -1.59693892e-03 4.82079686e-04 -3.04109389e-03
-7.03069967e-01 5.43398154e-03 -1.59728970e-03 4.87431752e-04 -3.03515427e-03
-7.01952354e-01 5.42829009e-03 -1.59762983e-03 4.92820737e-04 -3.02922791e-03
-7.00833010e-01 5.42267128e-03 -1.59796027e-03 4.98247188e-04 -3.02331525e-03
-6.99711937e-01 5.41712581e-03 -1.59828197e-03 5.03711629e-04 -3.01741673e-03
-6.98589139e-01 5.41165432e-03 -1.59859587e-03 5.09214564e-04 -3.01153278e-03
-6.97464618e-01 5.40625747e-03 -1.59890291e-03 5.14756477e-04 -3.00566380e-03
-6.96338377e-01 5.40093586e-03 -1.59920401e-03 5.20337829e-04 -2.99981021e-03
-6.95210419e-01 5.39569012e-03 -1.59950007e-03 5.25959062e-04 -2.99397240e-03
-6.94080746e-01 5.39052080e-03 -1.59979198e-03 5.31620598e-04 -2.98815077e-03
-6.92949362e-01 5.38542847e-03 -1.60008064e-03 5.37322836e-04 -2.98234571e-03
-6.91816268e-01 5.38041366e-03 -1.60036692e-03 5.43066157e-04 -2.97655758e-03
-6.90681469e-01 5.37547689e-03 -1.60065167e-03 5.48850921e-04 -2.97078676e-03
-6.89544966e-01 5.37061865e-03 -1.60093574e-03 5.54677466e-04 -2.96503362e-03
-6.88406763e-01 5.36583942e-03 -1.60121996e-03 5.60546113e-04 -2.95929850e-03
-6.87266861e-01 5.36113965e-03 -1.60150516e-03 5.66457161e-04 -2.95358175e-03
-6.86125265e-01 5.35651976e-03 -1.60179214e-03 5.72410888e-04 -2.94788371e-03
-6.84981977e-01 5.35198017e-03 -1.60208170e-03 5.78407555e-04 -2.94220472e-03
-6.83837000e-01 5.34752127e-03 -1.60237462e-03 5.84447400e-04 -2.93654508e-03
-6.82690336e-01 5.34314341e-03 -1.60267167e-03 5.90530645e-04 -2.93090512e-03
-6.81541988e-01 5.33884695e-03 -1.60297361e-03 5.96657490e-04 -2.92528514e-03
-6.80391960e-01 5.33463222e-03 -1.60328116e-03 6.02828117e-04 -2.91968544e-03
-6.79240254e-01 5.33049951e-03 -1.60359507e-03 6.09042688e-04 -2.91410632e-03
-6.78086872e-01 5.32644911e-03 -1.60391605e-03 6.15301347e-04 -2.90854805e-03
-6.76931818e-01 5.32248128e-03 -1.60424479e-03 6.21604218e-04 -2.90301092e-03
-6.75775095e-01 5.31859627e-03 -1.60458198e-03 6.27951407e-04 -2.89749518e-03
-6.74616706e-01 5.31479429e-03 -1.60492829e-03 6.34343002e-04 -2.89200111e-03
-6.73456652e-01 5.31107555e-03 -1.60528438e-03 6.40779072e-04 -2.88652895e-03
-6.72294938e-01 5.30744022e-03 -1.60565089e-03 6.47259669e-04 -2.88107895e-03
-6.71131566e-01 5.30388846e-03 -1.60602846e-03 6.53784825e-04 -2.87565134e-03
-6.69966538e-01 5.30042042e-03 -1.60641769e-03 6.60354556e-04 -2.87024635e-03
-6.68799859e-01 5.29703621e-03 -1.60681918e-03 6.66968860e-04 -2.86486421e-03
-6.67631530e-01 5.29373593e-03 -1.60723353e-03 6.73627718e-04 -2.85950513e-03
-6.66461554e-01 5.29051967e-03 -1.60766130e-03 6.80331094e-04 -2.85416931e-03
-6.65289935e-01 5.28738747e-03 -1.60810304e-03 6.87078933e-04 -2.84885695e-03
-6.64116675e-01 5.28433939e-03 -1.60855931e-03 6.93871166e-04 -2.84356825e-03
-6.62941778e-01 5.28137543e-03 -1.60903062e-03 7.00707706e-04 -2.83830339e-03
-6.61765245e-01 5.27849561e-03 -1.60951749e-03 7.07588451e-04 -2.83306254e-03
-6.60587080e-01 5.27569990e-03 -1.61002041e-03 7.14513282e-04 -2.82784587e-03
-6.59407287e-01 5.27298827e-03 -1.61053987e-03 7.21482063e-04 -2.82265354e-03
-6.58225867e-01 5.27036065e-03 -1.61107634e-03 7.28494645e-04 -2.81748572e-03
-6.57042824e-01 5.26781699e-03 -1.61163027e-03 7.35550862e-04 -2.81234253e-03
-6.55858160e-01 5.26535718e-03 -1.61220210e-03 7.42650533e-04 -2.80722412e-03
-6.54671879e-01 5.26298111e-03 -1.61279225e-03 7.49793464e-04 -2.80213063e-03
-6.53483983e-01 5.26068865e-03 -1.61340113e-03 7.56979444e-04 -2.79706218e-03
-6.52294476e-01 5.25847966e-03 -1.61402914e-03 7.64208249e-04 -2.79201887e-03
-6.51103360e-01 5.25635397e-03 -1.61467665e-03 7.71479640e-04 -2.78700084e-03
-6.49910639e-01 5.25431140e-03 -1.61534404e-03 7.78793365e-04 -2.78200816e-03
-6.48716314e-01 5.25235174e-03 -1.61603165e-03 7.86149158e-04 -2.77704095e-03
-6.47520390e-01 5.25047479e-03 -1.61673981e-03 7.93546740e-04 -2.77209929e-03
-6.46322869e-01 5.24868031e-03 -1.61746885e-03 8.00985820e-04 -2.76718326e-03
-6.45123754e-01 5.24696806e-03 -1.61821909e-03 8.08466092e-04 -2.76229293e-03
-6.43923048e-01 5.24533775e-03 -1.61899080e-03 8.15987238e-04 -2.75742838e-03
-6.42720754e-01 5.24378912e-03 -1.61978426e-03 8.23548931e-04 -2.75258966e-03
-6.41516875e-01 5.24232186e-03 -1.62059975e-03 8.31150827e-04 -2.74777682e-03
-6.40311414e-01 5.24093567e-03 -1.62143751e-03 8.38792574e-04 -2.74298992e-03
-6.39104373e-01 5.23963020e-03 -1.62229777e-03 8.46473808e-04 -2.73822899e-03
-6.37895757e-01 5.23840513e-03 -1.62318077e-03 8.54194154e-04 -2.73349407e-03
-6.36685567e-01 5.23726008e-03 -1.62408669e-03 8.61953224e-04 -2.72878518e-03
-6.35473807e-01 5.23619469e-03 -1.62501575e-03 8.69750623e-04 -2.72410235e-03
-6.34260480e-01 5.23520857e-03 -1.62596811e-03 8.77585943e-04 -2.71944558e-03
-6.33045589e-01 5.23430132e-03 -1.62694395e-03 8.85458768e-04 -2.71481489e-03
-6.31829137e-01 5.23347253e-03 -1.62794341e-03 8.93368672e-04 -2.71021028e-03
-6.30611126e-01 5.23272175e-03 -1.62896663e-03 9.01315218e-04 -2.70563173e-03
-6.29391561e-01 5.23204857e-03 -1.63001375e-03 9.09297962e-04 -2.70107925e-03
-6.28170443e-01 5.23145251e-03 -1.63108486e-03 9.17316451e-04 -2.69655281e-03
-6.26947776e-01 5.23093311e-03 -1.63218008e-03 9.25370222e-04 -2.69205238e-03
-6.25723562e-01 5.23048990e-03 -1.63329948e-03 9.33458807e-04 -2.68757794e-03
-6.24497806e-01 5.23012238e-03 -1.63444313e-03 9.41581727e-04 -2.68312945e-03
-6.23270509e-01 5.22983005e-03 -1.63561110e-03 9.49738496e-04 -2.67870687e-03
-6.22041676e-01 5.22961239e-03 -1.63680344e-03 9.57928624e-04 -2.67431015e-03
-6.20811308e-01 5.22946889e-03 -1.63802017e-03 9.66151609e-04 -2.66993924e-03
-6.19579410e-01 5.22939900e-03 -1.63926132e-03 9.74406947e-04 -2.66559408e-03
-6.18345983e-01 5.22940217e-03 -1.64052689e-03 9.82694125e-04 -2.66127460e-03
-6.17111031e-01 5.22947786e-03 -1.64181689e-03 9.91012625e-04 -2.65698073e-03
-6.15874558e-01 5.22962550e-03 -1.64313130e-03 9.99361924e-04 -2.65271240e-03
-6.14636565e-01 5.22984450e-03 -1.64447009e-03 1.00774149e-03 -2.64846952e-03
-6.13397057e-01 5.23013428e-03 -1.64583322e-03 1.01615079e-03 -2.64425202e-03
-6.12156036e-01 5.23049426e-03 -1.64722064e-03 1.02458929e-03 -2.64005978e-03
-6.10913506e-01 5.23092383e-03 -1.64863229e-03 1.03305644e-03 -2.63589273e-03
-6.09669468e-01 5.23142237e-03 -1.65006810e-03 1.04155169e-03 -2.63175075e-03
-6.08423928e-01 5.23198927e-03 -1.65152798e-03 1.05007450e-03 -2.62763374e-03
-6.07176887e-01 5.23262390e-03 -1.65301183e-03 1.05862430e-03 -2.62354158e-03
-6.05928348e-01 5.23332563e-03 -1.65451955e-03 1.06720054e-03 -2.61947416e-03
-6.04678315e-01 5.23409382e-03 -1.65605102e-03 1.07580266e-03 -2.61543136e-03
-6.03426791e-01 5.23492782e-03 -1.65760611e-03 1.08443010e-03 -2.61141304e-03
-6.02173778e-01 5.23582697e-03 -1.65918469e-03 1.09308228e-03 -2.60741909e-03
-6.00919281e-01 5.23679063e-03 -1.66078661e-03 1.10175864e-03 -2.60344935e-03
-5.99663302e-01 5.23781811e-03 -1.66241170e-03 1.11045860e-03 -2.59950368e-03
-5.98405843e-01 5.23890876e-03 -1.66405980e-03 1.11918161e-03 -2.59558196e-03
-5.97146909e-01 5.24006190e-03 -1.66573074e-03 1.12792708e-03 -2.59168401e-03
-5.95886503e-01 5.24127684e-03 -1.66742432e-03 1.13669444e-03 -2.58780969e-03
-5.94624627e-01 5.24255290e-03 -1.66914034e-03 1.14548311e-03 -2.58395885e-03
-5.93361284e-01 5.24388940e-03 -1.67087861e-03 1.15429253e-03 -2.58013131e-03
-5.92096478e-01 5.24528564e-03 -1.67263891e-03 1.16312211e-03 -2.57632692e-03
-5.90830212e-01 5.24674092e-03 -1.67442100e-03 1.17197129e-03 -2.57254550e-03
-5.89562488e-01 5.24825455e-03 -1.67622467e-03 1.18083948e-03 -2.56878687e-03
-5.88293311e-01 5.24982583e-03 -1.67804968e-03 1.18972612e-03 -2.56505087e-03
-5.87022683e-01 5.25145404e-03 -1.67989576e-03 1.19863063e-03 -2.56133730e-03
-5.85750607e-01 5.25313849e-03 -1.68176267e-03 1.20755244e-03 -2.55764599e-03
-5.84477087e-01 5.25487847e-03 -1.68365014e-03 1.21649099e-03 -2.55397674e-03
-5.83202125e-01 5.25667326e-03 -1.68555790e-03 1.22544570e-03 -2.55032937e-03
-5.81925725e-01 5.25852216e-03 -1.68748567e-03 1.23441601e-03 -2.54670366e-03
-5.80647890e-01 5.26042445e-03 -1.68943316e-03 1.24340136e-03 -2.54309944e-03
-5.79368623e-01 5.26237943e-03 -1.69140009e-03 1.25240119e-03 -2.53951649e-03
-5.78087927e-01 5.26438637e-03 -1.69338614e-03 1.26141495e-03 -2.53595461e-03
-5.76805805e-01 5.26644458e-03 -1.69539102e-03 1.27044207e-03 -2.53241360e-03
-5.75522261e-01 5.26855332e-03 -1.69741441e-03 1.27948200e-03 -2.52889323e-03
-5.74237298e-01 5.27071191e-03 -1.69945598e-03 1.28853421e-03 -2.52539330e-03
-5.72950918e-01 5.27291961e-03 -1.70151543e-03 1.29759815e-03 -2.52191359e-03
-5.71663126e-01 5.27517573e-03 -1.70359240e-03 1.30667328e-03 -2.51845389e-03
-5.70373923e-01 5.27747956e-03 -1.70568657e-03 1.31575906e-03 -2.51501396e-03
-5.69083314e-01 5.27983038e-03 -1.70779760e-03 1.32485497e-03 -2.51159358e-03
-5.67791302e-01 5.28222751e-03 -1.70992513e-03 1.33396049e-03 -2.50819253e-03
-5.66497889e-01 5.28467023e-03 -1.71206882e-03 1.34307508e-03 -2.50481058e-03
-5.65203079e-01 5.28715785e-03 -1.71422830e-03 1.35219825e-03 -2.50144750e-03
-5.63906875e-01 5.28968967e-03 -1.71640322e-03 1.36132948e-03 -2.49810304e-03
-5.62609281e-01 5.29226499e-03 -1.71859320e-03 1.37046827e-03 -2.49477699e-03
-5.61310299e-01 5.29488314e-03 -1.72079788e-03 1.37961412e-03 -2.49146909e-03
-5.60009933e-01 5.29754343e-03 -1.72301689e-03 1.38876654e-03 -2.48817912e-03
-5.58708186e-01 5.30024517e-03 -1.72524984e-03 1.39792505e-03 -2.48490682e-03
-5.57405060e-01 5.30298768e-03 -1.72749635e-03 1.40708918e-03 -2.48165195e-03
-5.56100561e-01 5.30577030e-03 -1.72975604e-03 1.41625844e-03 -2.47841428e-03
-5.54794689e-01 5.30859236e-03 -1.73202852e-03 1.42543238e-03 -2.47519354e-03
-5.53487450e-01 5.31145320e-03 -1.73431339e-03 1.43461055e-03 -2.47198951e-03
-5.52178845e-01 5.31435216e-03 -1.73661026e-03 1.44379249e-03 -2.46880191e-03
-5.50868879e-01 5.31728858e-03 -1.73891874e-03 1.45297776e-03 -2.46563052e-03
-5.49557555e-01 5.32026183e-03 -1.74123843e-03 1.46216592e-03 -2.46247506e-03
-5.48244874e-01 5.32327126e-03 -1.74356891e-03 1.47135657e-03 -2.45933529e-03
-5.46930842e-01 5.32631625e-03 -1.74590980e-03 1.48054927e-03 -2.45621096e-03
-5.45615461e-01 5.32939616e-03 -1.74826068e-03 1.48974362e-03 -2.45310180e-03
-5.44298735e-01 5.33251037e-03 -1.75062114e-03 1.49893921e-03 -2.45000757e-03
-5.42980666e-01 5.33565828e-03 -1.75299078e-03 1.50813566e-03 -2.44692800e-03
-5.41661258e-01 5.33883927e-03 -1.75536919e-03 1.51733258e-03 -2.44386284e-03
-5.40340514e-01 5.34205276e-03 -1.75775595e-03 1.52652960e-03 -2.44081183e-03
-5.39018438e-01 5.34529814e-03 -1.76015066e-03 1.53572636e-03 -2.43777471e-03
-5.37695032e-01 5.34857484e-03 -1.76255289e-03 1.54492249e-03 -2.43475122e-03
-5.36370301e-01 5.35188228e-03 -1.76496224e-03 1.55411765e-03 -2.43174109e-03
-5.35044246e-01 5.35521990e-03 -1.76737830e-03 1.56331151e-03 -2.42874407e-03
-5.33716872e-01 5.35858714e-03 -1.76980063e-03 1.57250373e-03 -2.42575990e-03
-5.32388182e-01 5.36198345e-03 -1.77222885e-03 1.58169399e-03 -2.42278831e-03
-5.31058179e-01 5.36540829e-03 -1.77466251e-03 1.59088200e-03 -2.41982905e-03
-5.29726866e-01 5.36886113e-03 -1.77710123e-03 1.60006745e-03 -2.41688185e-03
-5.28394247e-01 5.37234144e-03 -1.77954457e-03 1.60925005e-03 -2.41394644e-03
-5.27060325e-01 5.37584872e-03 -1.78199214e-03 1.61842953e-03 -2.41102258e-03
-5.25725102e-01 5.37938246e-03 -1.78444351e-03 1.62760561e-03 -2.40810998e-03
-5.24388584e-01 5.38294216e-03 -1.78689827e-03 1.63677805e-03 -2.40520841e-03
-5.23050772e-01 5.38652735e-03 -1.78935602e-03 1.64594658e-03 -2.40231758e-03
-5.21711670e-01 5.39013755e-03 -1.79181634e-03 1.65511099e-03 -2.39943725e-03
-5.20371281e-01 5.39377229e-03 -1.79427884e-03 1.66427103e-03 -2.39656715e-03
-5.19029610e-01 5.39743113e-03 -1.79674309e-03 1.67342650e-03 -2.39370701e-03
-5.17686658e-01 5.40111362e-03 -1.79920871e-03 1.68257719e-03 -2.39085659e-03
-5.16342429e-01 5.40481932e-03 -1.80167529e-03 1.69172291e-03 -2.38801562e-03
-5.14996927e-01 5.40854782e-03 -1.80414242e-03 1.70086347e-03 -2.38518384e-03
-5.13650155e-01 5.41229870e-03 -1.80660971e-03 1.70999870e-03 -2.38236099e-03
-5.12302117e-01 5.41607156e-03 -1.80907676e-03 1.71912844e-03 -2.37954682e-03
-5.10952815e-01 5.41986602e-03 -1.81154319e-03 1.72825254e-03 -2.37674107e-03
-5.09602252e-01 5.42368169e-03 -1.81400860e-03 1.73737087e-03 -2.37394348e-03
-5.08250433e-01 5.42751822e-03 -1.81647260e-03 1.74648329e-03 -2.37115381e-03
-5.06897361e-01 5.43137523e-03 -1.81893481e-03 1.75558968e-03 -2.36837179e-03
-5.05543038e-01 5.43525240e-03 -1.82139485e-03 1.76468994e-03 -2.36559717e-03
-5.04187469e-01 5.43914937e-03 -1.82385234e-03 1.77378399e-03 -2.36282970e-03
-5.02830656e-01 5.44306585e-03 -1.82630690e-03 1.78287172e-03 -2.36006913e-03
-5.01472604e-01 5.44700151e-03 -1.82875817e-03 1.79195307e-03 -2.35731521e-03
-5.00113314e-01 5.45095605e-03 -1.83120577e-03 1.80102799e-03 -2.35456769e-03
-4.98752791e-01 5.45492919e-03 -1.83364934e-03 1.81009641e-03 -2.35182633e-03
-4.97391039e-01 5.45892066e-03 -1.83608852e-03 1.81915831e-03 -2.34909088e-03
-4.96028059e-01 5.46293019e-03 -1.83852295e-03 1.82821365e-03 -2.34636109e-03
-4.94663856e-01 5.46695753e-03 -1.84095228e-03 1.83726242e-03 -2.34363673e-03
-4.93298434e-01 5.47100244e-03 -1.84337616e-03 1.84630461e-03 -2.34091754e-03
-4.91931794e-01 5.47506470e-03 -1.84579424e-03 1.85534023e-03 -2.33820330e-03
-4.90563942e-01 5.47914408e-03 -1.84820620e-03 1.86436930e-03 -2.33549376e-03
-4.89194880e-01 5.48324040e-03 -1.85061168e-03 1.87339184e-03 -2.33278868e-03
-4.87824611e-01 5.48735345e-03 -1.85301036e-03 1.88240790e-03 -2.33008783e-03
-4.86453139e-01 5.49148306e-03 -1.85540192e-03 1.89141753e-03 -2.32739098e-03
-4.85080468e-01 5.49562905e-03 -1.85778602e-03 1.90042078e-03 -2.32469789e-03
-4.83706600e-01 5.49979129e-03 -1.86016236e-03 1.90941774e-03 -2.32200834e-03
-4.82331539e-01 5.50396962e-03 -1.86253062e-03 1.91840847e-03 -2.31932209e-03
-4.80955289e-01 5.50816391e-03 -1.86489049e-03 1.92739309e-03 -2.31663893e-03
-4.79577853e-01 5.51237404e-03 -1.86724168e-03 1.93637170e-03 -2.31395861e-03
-4.78199234e-01 5.51659992e-03 -1.86958388e-03 1.94534440e-03 -2.31128093e-03
-4.76819436e-01 5.52084144e-03 -1.87191680e-03 1.95431133e-03 -2.30860566e-03
-4.75438462e-01 5.52509852e-03 -1.87424016e-03 1.96327263e-03 -2.30593258e-03
-4.74056315e-01 5.52937110e-03 -1.87655367e-03 1.97222845e-03 -2.30326148e-03
-4.72672999e-01 5.53365911e-03 -1.87885706e-03 1.98117894e-03 -2.30059214e-03
-4.71288518e-01 5.53796251e-03 -1.88115006e-03 1.99012427e-03 -2.29792435e-03
-4.69902874e-01 5.54228126e-03 -1.88343240e-03 1.99906462e-03 -2.29525789e-03
-4.68516071e-01 5.54661535e-03 -1.88570383e-03 2.00800019e-03 -2.29259256e-03
-4.67128113e-01 5.55096476e-03 -1.88796409e-03 2.01693117e-03 -2.28992815e-03
-4.65739003e-01 5.55532950e-03 -1.89021293e-03 2.02585777e-03 -2.28726445e-03
-4.64348744e-01 5.55970957e-03 -1.89245011e-03 2.03478022e-03 -2.28460128e-03
-4.62957340e-01 5.56410500e-03 -1.89467539e-03 2.04369875e-03 -2.28193841e-03
-4.61564795e-01 5.56851584e-03 -1.89688855e-03 2.05261359e-03 -2.27927566e-03
-4.60171111e-01 5.57294212e-03 -1.89908936e-03 2.06152499e-03 -2.27661283e-03
-4.58776292e-01 5.57738392e-03 -1.90127760e-03 2.07043322e-03 -2.27394973e-03
-4.57380342e-01 5.58184129e-03 -1.90345306e-03 2.07933854e-03 -2.27128616e-03
-4.55983264e-01 5.58631432e-03 -1.90561553e-03 2.08824124e-03 -2.26862194e-03
-4.54585061e-01 5.59080311e-03 -1.90776481e-03 2.09714160e-03 -2.26595687e-03
-4.53185738e-01 5.59530775e-03 -1.90990070e-03 2.10603992e-03 -2.26329078e-03
-4.51785296e-01 5.59982838e-03 -1.91202303e-03 2.11493650e-03 -2.26062348e-03
-4.50383741e-01 5.60436511e-03 -1.91413160e-03 2.12383166e-03 -2.25795480e-03
-4.48981074e-01 5.60891808e-03 -1.91622624e-03 2.13272573e-03 -2.25528455e-03
-4.47577301e-01 5.61348744e-03 -1.91830678e-03 2.14161903e-03 -2.25261255e-03
-4.46172424e-01 5.61807336e-03 -1.92037305e-03 2.15051192e-03 -2.24993865e-03
-4.44766446e-01 5.62267599e-03 -1.92242491e-03 2.15940473e-03 -2.24726265e-03
-4.43359371e-01 5.62729553e-03 -1.92446219e-03 2.16829783e-03 -2.24458441e-03
-4.41951203e-01 5.63193215e-03 -1.92648475e-03 2.17719158e-03 -2.24190374e-03
-4.40541946e-01 5.63658608e-03 -1.92849246e-03 2.18608636e-03 -2.23922049e-03
-4.39131601e-01 5.64125751e-03 -1.93048518e-03 2.19498255e-03 -2.23653449e-03
-4.37720174e-01 5.64594666e-03 -1.93246278e-03 2.20388055e-03 -2.23384560e-03
-4.36307667e-01 5.65065377e-03 -1.93442514e-03 2.21278074e-03 -2.23115363e-03
-4.34894084e-01 5.65537909e-03 -1.93637215e-03 2.22168353e-03 -2.22845846e-03
-4.33479429e-01 5.66012285e-03 -1.93830371e-03 2.23058935e-03 -2.22575991e-03
-4.32063705e-01 5.66488533e-03 -1.94021971e-03 2.23949860e-03 -2.22305785e-03
-4.30646915e-01 5.66966679e-03 -1.94212005e-03 2.24841171e-03 -2.22035212e-03
-4.29229063e-01 5.67446750e-03 -1.94400464e-03 2.25732912e-03 -2.21764259e-03
-4.27810152e-01 5.67928777e-03 -1.94587341e-03 2.26625127e-03 -2.21492910e-03
-4.26390187e-01 5.68412788e-03 -1.94772628e-03 2.27517861e-03 -2.21221151e-03
-4.24969170e-01 5.68898814e-03 -1.94956317e-03 2.28411158e-03 -2.20948969e-03
-4.23547105e-01 5.69386887e-03 -1.95138403e-03 2.29305066e-03 -2.20676351e-03
-4.22123995e-01 5.69877038e-03 -1.95318878e-03 2.30199630e-03 -2.20403282e-03
-4.20699844e-01 5.70369301e-03 -1.95497739e-03 2.31094898e-03 -2.20129750e-03
-4.19274656e-01 5.70863711e-03 -1.95674980e-03 2.31990917e-03 -2.19855741e-03
-4.17848434e-01 5.71360301e-03 -1.95850597e-03 2.32887737e-03 -2.19581243e-03
-4.16421181e-01 5.71859107e-03 -1.96024588e-03 2.33785405e-03 -2.19306244e-03
-4.14992902e-01 5.72360166e-03 -1.96196949e-03 2.34683972e-03 -2.19030731e-03
-4.13563599e-01 5.72863514e-03 -1.96367677e-03 2.35583487e-03 -2.18754692e-03
-4.12133276e-01 5.73369190e-03 -1.96536772e-03 2.36484000e-03 -2.18478115e-03
-4.10701936e-01 5.73877233e-03 -1.96704232e-03 2.37385564e-03 -2.18200989e-03
-4.09269584e-01 5.74387680e-03 -1.96870057e-03 2.38288228e-03 -2.17923302e-03
-4.07836222e-01 5.74900572e-03 -1.97034247e-03 2.39192046e-03 -2.17645044e-03
-4.06401855e-01 5.75415951e-03 -1.97196802e-03 2.40097069e-03 -2.17366202e-03
-4.04966485e-01 5.75933857e-03 -1.97357724e-03 2.41003350e-03 -2.17086766e-03
-4.03530117e-01 5.76454331e-03 -1.97517015e-03 2.41910942e-03 -2.16806726e-03
-4.02092753e-01 5.76977418e-03 -1.97674676e-03 2.42819898e-03 -2.16526071e-03
-4.00654398e-01 5.77503159e-03 -1.97830712e-03 2.43730273e-03 -2.16244791e-03
-3.99215055e-01 5.78031599e-03 -1.97985125e-03 2.44642122e-03 -2.15962877e-03
-3.97774727e-01 5.78562781e-03 -1.98137919e-03 2.45555497e-03 -2.15680317e-03
-3.96333418e-01 5.79096752e-03 -1.98289100e-03 2.46470455e-03 -2.15397103e-03
-3.94891132e-01 5.79633556e-03 -1.98438671e-03 2.47387050e-03 -2.15113225e-03
-3.93447872e-01 5.80173238e-03 -1.98586639e-03 2.48305339e-03 -2.14828674e-03
-3.92003642e-01 5.80715847e-03 -1.98733010e-03 2.49225376e-03 -2.14543442e-03
-3.90558445e-01 5.81261428e-03 -1.98877790e-03 2.50147218e-03 -2.14257518e-03
-3.89112285e-01 5.81810029e-03 -1.99020988e-03 2.51070921e-03 -2.13970894e-03
-3.87665165e-01 5.82361697e-03 -1.99162609e-03 2.51996542e-03 -2.13683562e-03
-3.86217089e-01 5.82916482e-03 -1.99302663e-03 2.52924137e-03 -2.13395514e-03
-3.84768060e-01 5.83474432e-03 -1.99441158e-03 2.53853764e-03 -2.13106741e-03
-3.83318083e-01 5.84035595e-03 -1.99578104e-03 2.54785478e-03 -2.12817235e-03
-3.81867160e-01 5.84600022e-03 -1.99713509e-03 2.55719338e-03 -2.12526989e-03
-3.80415296e-01 5.85167762e-03 -1.99847385e-03 2.56655402e-03 -2.12235994e-03
-3.78962493e-01 5.85738865e-03 -1.99979742e-03 2.57593725e-03 -2.11944244e-03
-3.77508756e-01 5.86313383e-03 -2.00110590e-03 2.58534367e-03 -2.11651730e-03
-3.76054088e-01 5.86891365e-03 -2.00239941e-03 2.59477385e-03 -2.11358446e-03
-3.74598493e-01 5.87472864e-03 -2.00367808e-03 2.60422836e-03 -2.11064384e-03
-3.73141973e-01 5.88057930e-03 -2.00494202e-03 2.61370779e-03 -2.10769538e-03
-3.71684534e-01 5.88646615e-03 -2.00619136e-03 2.62321271e-03 -2.10473901e-03
-3.70226177e-01 5.89238971e-03 -2.00742625e-03 2.63274371e-03 -2.10177466e-03
-3.68766908e-01 5.89835050e-03 -2.00864680e-03 2.64230137e-03 -2.09880226e-03
-3.67306729e-01 5.90434905e-03 -2.00985317e-03 2.65188626e-03 -2.09582176e-03
-3.65845645e-01 5.91038588e-03 -2.01104549e-03 2.66149897e-03 -2.09283308e-03
-3.64383658e-01 5.91646152e-03 -2.01222392e-03 2.67114007e-03 -2.08983618e-03
-3.62920772e-01 5.92257650e-03 -2.01338861e-03 2.68081015e-03 -2.08683098e-03
-3.61456992e-01 5.92873135e-03 -2.01453971e-03 2.69050978e-03 -2.08381743e-03
-3.59992320e-01 5.93492660e-03 -2.01567739e-03 2.70023955e-03 -2.08079547e-03
-3.58526760e-01 5.94116278e-03 -2.01680181e-03 2.71000003e-03 -2.07776504e-03
-3.57060317e-01 5.94744044e-03 -2.01791313e-03 2.71979181e-03 -2.07472609e-03
-3.55592992e-01 5.95376009e-03 -2.01901153e-03 2.72961544e-03 -2.07167856e-03
-3.54124791e-01 5.96012229e-03 -2.02009718e-03 2.73947152e-03 -2.06862241e-03
-3.52655716e-01 5.96652756e-03 -2.02117026e-03 2.74936062e-03 -2.06555757e-03
-3.51185772e-01 5.97297644e-03 -2.02223095e-03 2.75928331e-03 -2.06248400e-03
-3.49714961e-01 5.97946947e-03 -2.02327943e-03 2.76924015e-03 -2.05940164e-03
-3.48243288e-01 5.98600719e-03 -2.02431589e-03 2.77923173e-03 -2.05631044e-03
-3.46770756e-01 5.99259013e-03 -2.02534052e-03 2.78925861e-03 -2.05321036e-03
-3.45297369e-01 5.99921882e-03 -2.02635352e-03 2.79932135e-03 -2.05010135e-03
-3.43823131e-01 6.00589382e-03 -2.02735507e-03 2.80942052e-03 -2.04698335e-03
-3.42348044e-01 6.01261564e-03 -2.02834539e-03 2.81955668e-03 -2.04385633e-03
-3.40872114e-01 6.01938483e-03 -2.02932466e-03 2.82973040e-03 -2.04072024e-03
-3.39395342e-01 6.02620192e-03 -2.03029310e-03 2.83994222e-03 -2.03757502e-03
-3.37917734e-01 6.03306745e-03 -2.03125091e-03 2.85019272e-03 -2.03442064e-03
-3.36439292e-01 6.03998194e-03 -2.03219830e-03 2.86048243e-03 -2.03125705e-03
-3.34960021e-01 6.04694594e-03 -2.03313548e-03 2.87081191e-03 -2.02808421e-03
-3.33479923e-01 6.05395996e-03 -2.03406267e-03 2.88118172e-03 -2.02490208e-03
-3.31999003e-01 6.06102453e-03 -2.03498008e-03 2.89159239e-03 -2.02171061e-03
-3.30517264e-01 6.06814020e-03 -2.03588793e-03 2.90204447e-03 -2.01850975e-03
-3.29034710e-01 6.07530747e-03 -2.03678644e-03 2.91253849e-03 -2.01529948e-03
-3.27551345e-01 6.08252688e-03 -2.03767584e-03 2.92307501e-03 -2.01207974e-03
-3.26067172e-01 6.08979894e-03 -2.03855635e-03 2.93365454e-03 -2.00885049e-03
-3.24582195e-01 6.09712418e-03 -2.03942820e-03 2.94427762e-03 -2.00561171e-03
-3.23096417e-01 6.10450311e-03 -2.04029160e-03 2.95494478e-03 -2.00236333e-03
-3.21609843e-01 6.11193626e-03 -2.04114681e-03 2.96565655e-03 -1.99910534e-03
-3.20122475e-01 6.11942412e-03 -2.04199404e-03 2.97641344e-03 -1.99583767e-03
-3.18634318e-01 6.12696723e-03 -2.04283353e-03 2.98721598e-03 -1.99256031e-03
-3.17145375e-01 6.13456607e-03 -2.04366552e-03 2.99806467e-03 -1.98927320e-03
-3.15655650e-01 6.14222117e-03 -2.04449024e-03 3.00896003e-03 -1.98597631e-03
-3.14165146e-01 6.14993302e-03 -2.04530792e-03 3.01990257e-03 -1.98266959e-03
-3.12673868e-01 6.15770213e-03 -2.04611882e-03 3.03089278e-03 -1.97935302e-03
-3.11181819e-01 6.16552898e-03 -2.04692316e-03 3.04193118e-03 -1.97602655e-03
-3.09689002e-01 6.17341409e-03 -2.04772120e-03 3.05301826e-03 -1.97269014e-03
-3.08195421e-01 6.18135793e-03 -2.04851317e-03 3.06415451e-03 -1.96934376e-03
-3.06701080e-01 6.18936101e-03 -2.04929932e-03 3.07534041e-03 -1.96598736e-03
-3.05205983e-01 6.19742380e-03 -2.05007989e-03 3.08657646e-03 -1.96262091e-03
-3.03710134e-01 6.20554679e-03 -2.05085513e-03 3.09786314e-03 -1.95924436e-03
-3.02213535e-01 6.21373045e-03 -2.05162528e-03 3.10920092e-03 -1.95585769e-03
-3.00716191e-01 6.22197527e-03 -2.05239059e-03 3.12059028e-03 -1.95246085e-03
-2.99218105e-01 6.23028171e-03 -2.05315131e-03 3.13203169e-03 -1.94905381e-03
-2.97719282e-01 6.23865025e-03 -2.05390769e-03 3.14352561e-03 -1.94563651e-03
-2.96219724e-01 6.24708135e-03 -2.05465998e-03 3.15507250e-03 -1.94220894e-03
-2.94719436e-01 6.25557548e-03 -2.05540843e-03 3.16667283e-03 -1.93877104e-03
-2.93218420e-01 6.26413309e-03 -2.05615328e-03 3.17832704e-03 -1.93532278e-03
-2.91716682e-01 6.27275463e-03 -2.05689479e-03 3.19003559e-03 -1.93186412e-03
-2.90214224e-01 6.28144057e-03 -2.05763321e-03 3.20179892e-03 -1.92839502e-03
-2.88711051e-01 6.29019134e-03 -2.05836879e-03 3.21361747e-03 -1.92491543e-03
-2.87207166e-01 6.29900740e-03 -2.05910178e-03 3.22549169e-03 -1.92142533e-03
-2.85702572e-01 6.30788918e-03 -2.05983243e-03 3.23742200e-03 -1.91792467e-03
-2.84197274e-01 6.31683711e-03 -2.06056100e-03 3.24940883e-03 -1.91441340e-03
-2.82691274e-01 6.32585164e-03 -2.06128773e-03 3.26145262e-03 -1.91089150e-03
-2.81184578e-01 6.33493318e-03 -2.06201288e-03 3.27355377e-03 -1.90735891e-03
-2.79677188e-01 6.34408217e-03 -2.06273670e-03 3.28571272e-03 -1.90381560e-03
-2.78169109e-01 6.35329903e-03 -2.06345944e-03 3.29792986e-03 -1.90026153e-03
-2.76660343e-01 6.36258417e-03 -2.06418135e-03 3.31020562e-03 -1.89669665e-03
-2.75150895e-01 6.37193801e-03 -2.06490269e-03 3.32254039e-03 -1.89312093e-03
-2.73640769e-01 6.38136095e-03 -2.06562370e-03 3.33493458e-03 -1.88953431e-03
-2.72129968e-01 6.39085340e-03 -2.06634463e-03 3.34738859e-03 -1.88593677e-03
-2.70618495e-01 6.40041576e-03 -2.06706574e-03 3.35990281e-03 -1.88232824e-03
-2.69106356e-01 6.41004844e-03 -2.06778727e-03 3.37247762e-03 -1.87870870e-03
-2.67593552e-01 6.41975182e-03 -2.06850948e-03 3.38511342e-03 -1.87507810e-03
-2.66080089e-01 6.42952629e-03 -2.06923261e-03 3.39781059e-03 -1.87143640e-03
-2.64565969e-01 6.43937225e-03 -2.06995691e-03 3.41056950e-03 -1.86778354e-03
-2.63051197e-01 6.44929006e-03 -2.07068262e-03 3.42339054e-03 -1.86411949e-03
-2.61535776e-01 6.45928012e-03 -2.07141000e-03 3.43627406e-03 -1.86044421e-03
-2.60019711e-01 6.46934279e-03 -2.07213929e-03 3.44922044e-03 -1.85675764e-03
-2.58503004e-01 6.47947845e-03 -2.07287074e-03 3.46223005e-03 -1.85305974e-03
-2.56985659e-01 6.48968746e-03 -2.07360458e-03 3.47530323e-03 -1.84935046e-03
-2.55467681e-01 6.49997018e-03 -2.07434108e-03 3.48844036e-03 -1.84562977e-03
-2.53949073e-01 6.51032698e-03 -2.07508045e-03 3.50164178e-03 -1.84189761e-03
-2.52429838e-01 6.52075821e-03 -2.07582296e-03 3.51490784e-03 -1.83815394e-03
-2.50909981e-01 6.53126423e-03 -2.07656884e-03 3.52823888e-03 -1.83439871e-03
-2.49389505e-01 6.54184537e-03 -2.07731832e-03 3.54163526e-03 -1.83063187e-03
-2.47868414e-01 6.55250199e-03 -2.07807166e-03 3.55509731e-03 -1.82685337e-03
-2.46346712e-01 6.56323443e-03 -2.07882908e-03 3.56862537e-03 -1.82306317e-03
-2.44824402e-01 6.57404302e-03 -2.07959083e-03 3.58221977e-03 -1.81926122e-03
-2.43301489e-01 6.58492810e-03 -2.08035713e-03 3.59588085e-03 -1.81544748e-03
-2.41777975e-01 6.59589001e-03 -2.08112823e-03 3.60960892e-03 -1.81162188e-03
-2.40253865e-01 6.60692906e-03 -2.08190436e-03 3.62340432e-03 -1.80778439e-03
-2.38729163e-01 6.61804559e-03 -2.08268575e-03 3.63726738e-03 -1.80393496e-03
-2.37203872e-01 6.62923991e-03 -2.08347263e-03 3.65119839e-03 -1.80007352e-03
-2.35677996e-01 6.64051235e-03 -2.08426523e-03 3.66519770e-03 -1.79620005e-03
-2.34151539e-01 6.65186321e-03 -2.08506377e-03 3.67926560e-03 -1.79231448e-03
-2.32624504e-01 6.66329282e-03 -2.08586850e-03 3.69340241e-03 -1.78841677e-03
-2.31096895e-01 6.67480147e-03 -2.08667962e-03 3.70760845e-03 -1.78450686e-03
-2.29568717e-01 6.68638948e-03 -2.08749737e-03 3.72188401e-03 -1.78058471e-03
-2.28039973e-01 6.69805716e-03 -2.08832196e-03 3.73622941e-03 -1.77665027e-03
-2.26510666e-01 6.70980479e-03 -2.08915363e-03 3.75064494e-03 -1.77270348e-03
-2.24980800e-01 6.72163269e-03 -2.08999258e-03 3.76513091e-03 -1.76874430e-03
-2.23450380e-01 6.73354114e-03 -2.09083905e-03 3.77968761e-03 -1.76477267e-03
-2.21919408e-01 6.74553044e-03 -2.09169323e-03 3.79431535e-03 -1.76078855e-03
-2.20387890e-01 6.75760088e-03 -2.09255536e-03 3.80901442e-03 -1.75679188e-03
-2.18855828e-01 6.76975275e-03 -2.09342564e-03 3.82378511e-03 -1.75278261e-03
-2.17323226e-01 6.78198633e-03 -2.09430428e-03 3.83862771e-03 -1.74876070e-03
-2.15790088e-01 6.79430192e-03 -2.09519150e-03 3.85354252e-03 -1.74472609e-03
-2.14256418e-01 6.80669978e-03 -2.09608751e-03 3.86852982e-03 -1.74067873e-03
-2.12722219e-01 6.81918021e-03 -2.09699251e-03 3.88358991e-03 -1.73661857e-03
-2.11187496e-01 6.83174349e-03 -2.09790670e-03 3.89872306e-03 -1.73254556e-03
-2.09652252e-01 6.84438988e-03 -2.09883029e-03 3.91392957e-03 -1.72845966e-03
-2.08116491e-01 6.85711966e-03 -2.09976349e-03 3.92920972e-03 -1.72436080e-03
-2.06580217e-01 6.86993311e-03 -2.10070649e-03 3.94456379e-03 -1.72024895e-03
-2.05043433e-01 6.88283051e-03 -2.10165949e-03 3.95999207e-03 -1.71612404e-03
-2.03506144e-01 6.89581211e-03 -2.10262269e-03 3.97549484e-03 -1.71198604e-03
-2.01968353e-01 6.90887819e-03 -2.10359629e-03 3.99107238e-03 -1.70783490e-03
-2.00430064e-01 6.92202903e-03 -2.10458047e-03 4.00672498e-03 -1.70367056e-03
-1.98891280e-01 6.93526488e-03 -2.10557543e-03 4.02245291e-03 -1.69949297e-03
-1.97352006e-01 6.94858601e-03 -2.10658135e-03 4.03825645e-03 -1.69530210e-03
-1.95812245e-01 6.96199270e-03 -2.10759844e-03 4.05413589e-03 -1.69109788e-03
-1.94272002e-01 6.97548520e-03 -2.10862686e-03 4.07009151e-03 -1.68688028e-03
-1.92731279e-01 6.98906378e-03 -2.10966681e-03 4.08612359e-03 -1.68264924e-03
-1.91190081e-01 7.00272870e-03 -2.11071846e-03 4.10223240e-03 -1.67840473e-03
-1.89648411e-01 7.01648023e-03 -2.11178201e-03 4.11841824e-03 -1.67414669e-03
-1.88106274e-01 7.03031863e-03 -2.11285762e-03 4.13468138e-03 -1.66987508e-03
-1.86563673e-01 7.04424416e-03 -2.11394547e-03 4.15102210e-03 -1.66558985e-03
-1.85020611e-01 7.05825709e-03 -2.11504574e-03 4.16744070e-03 -1.66129097e-03
-1.83477094e-01 7.07235768e-03 -2.11615859e-03 4.18393744e-03 -1.65697838e-03
-1.81933124e-01 7.08654619e-03 -2.11728421e-03 4.20051262e-03 -1.65265205e-03
-1.80388705e-01 7.10082290e-03 -2.11842275e-03 4.21716652e-03 -1.64831193e-03
-1.78843841e-01 7.11518805e-03 -2.11957439e-03 4.23389943e-03 -1.64395798e-03
-1.77298536e-01 7.12964192e-03 -2.12073928e-03 4.25071164e-03 -1.63959016e-03
-1.75752795e-01 7.14418477e-03 -2.12191760e-03 4.26760343e-03 -1.63520843e-03
-1.74206619e-01 7.15881687e-03 -2.12310950e-03 4.28457510e-03 -1.63081275e-03
-1.72660014e-01 7.17353848e-03 -2.12431514e-03 4.30162693e-03 -1.62640309e-03
-1.71112983e-01 7.18834988e-03 -2.12553467e-03 4.31875923e-03 -1.62197940e-03
-1.69565531e-01 7.20325133e-03 -2.12676826e-03 4.33597228e-03 -1.61754165e-03
-1.68017660e-01 7.21824310e-03 -2.12801604e-03 4.35326638e-03 -1.61308980e-03
-1.66469374e-01 7.23332546e-03 -2.12927818e-03 4.37064184e-03 -1.60862383e-03
-1.64920678e-01 7.24849869e-03 -2.13055482e-03 4.38809894e-03 -1.60414369e-03
-1.63371576e-01 7.26376307e-03 -2.13184611e-03 4.40563801e-03 -1.59964936e-03
-1.61822070e-01 7.27911886e-03 -2.13315219e-03 4.42325933e-03 -1.59514080e-03
-1.60272166e-01 7.29456634e-03 -2.13447319e-03 4.44096323e-03 -1.59061798e-03
-1.58721866e-01 7.31010580e-03 -2.13580927e-03 4.45875000e-03 -1.58608088e-03
-1.57171175e-01 7.32573752e-03 -2.13716056e-03 4.47661996e-03 -1.58152946e-03
-1.55620096e-01 7.34146178e-03 -2.13852720e-03 4.49457343e-03 -1.57696370e-03
-1.54068633e-01 7.35727886e-03 -2.13990931e-03 4.51261072e-03 -1.57238358e-03
-1.52516790e-01 7.37318906e-03 -2.14130703e-03 4.53073216e-03 -1.56778906e-03
-1.50964572e-01 7.38919267e-03 -2.14272048e-03 4.54893806e-03 -1.56318013e-03
-1.49411981e-01 7.40528998e-03 -2.14414980e-03 4.56722876e-03 -1.55855677e-03
-1.47859021e-01 7.42148129e-03 -2.14559511e-03 4.58560458e-03 -1.55391895e-03
-1.46305697e-01 7.43776690e-03 -2.14705652e-03 4.60406585e-03 -1.54926666e-03
-1.44752012e-01 7.45414710e-03 -2.14853417e-03 4.62261292e-03 -1.54459988e-03
-1.43197970e-01 7.47062220e-03 -2.15002816e-03 4.64124612e-03 -1.53991858e-03
-1.41643575e-01 7.48719252e-03 -2.15153861e-03 4.65996580e-03 -1.53522277e-03
-1.40088830e-01 7.50385836e-03 -2.15306564e-03 4.67877229e-03 -1.53051242e-03
-1.38533740e-01 7.52062003e-03 -2.15460936e-03 4.69766595e-03 -1.52578753e-03
-1.36978309e-01 7.53747786e-03 -2.15616987e-03 4.71664714e-03 -1.52104807e-03
-1.35422539e-01 7.55443217e-03 -2.15774729e-03 4.73571621e-03 -1.51629406e-03
-1.33866436e-01 7.57148328e-03 -2.15934171e-03 4.75487352e-03 -1.51152547e-03
-1.32310002e-01 7.58863152e-03 -2.16095323e-03 4.77411945e-03 -1.50674230e-03
-1.30753243e-01 7.60587722e-03 -2.16258196e-03 4.79345434e-03 -1.50194455e-03
-1.29196160e-01 7.62322072e-03 -2.16422800e-03 4.81287859e-03 -1.49713222e-03
-1.27638760e-01 7.64066236e-03 -2.16589143e-03 4.83239257e-03 -1.49230530e-03
-1.26081044e-01 7.65820248e-03 -2.16757235e-03 4.85199665e-03 -1.48746380e-03
-1.24523017e-01 7.67584144e-03 -2.16927086e-03 4.87169123e-03 -1.48260773e-03
-1.22964684e-01 7.69357958e-03 -2.17098703e-03 4.89147670e-03 -1.47773707e-03
-1.21406047e-01 7.71141727e-03 -2.17272095e-03 4.91135345e-03 -1.47285185e-03
-1.19847110e-01 7.72935486e-03 -2.17447271e-03 4.93132188e-03 -1.46795207e-03
-1.18287878e-01 7.74739272e-03 -2.17624238e-03 4.95138239e-03 -1.46303774e-03
-1.16728355e-01 7.76553123e-03 -2.17803005e-03 4.97153539e-03 -1.45810887e-03
-1.15168543e-01 7.78377075e-03 -2.17983579e-03 4.99178131e-03 -1.45316547e-03
-1.13608448e-01 7.80211167e-03 -2.18165966e-03 5.01212054e-03 -1.44820757e-03
-1.12048072e-01 7.82055438e-03 -2.18350175e-03 5.03255353e-03 -1.44323517e-03
-1.10487420e-01 7.83909926e-03 -2.18536212e-03 5.05308068e-03 -1.43824830e-03
-1.08926495e-01 7.85774670e-03 -2.18724084e-03 5.07370245e-03 -1.43324697e-03
-1.07365302e-01 7.87649712e-03 -2.18913796e-03 5.09441926e-03 -1.42823122e-03
-1.05803844e-01 7.89535091e-03 -2.19105355e-03 5.11523156e-03 -1.42320106e-03
-1.04242126e-01 7.91430849e-03 -2.19298767e-03 5.13613980e-03 -1.41815652e-03
-1.02680150e-01 7.93337027e-03 -2.19494036e-03 5.15714443e-03 -1.41309763e-03
-1.01117920e-01 7.95253667e-03 -2.19691170e-03 5.17824590e-03 -1.40802441e-03
-9.95554419e-02 7.97180812e-03 -2.19890171e-03 5.19944469e-03 -1.40293691e-03
-9.79927178e-02 7.99118505e-03 -2.20091046e-03 5.22074125e-03 -1.39783515e-03
-9.64297521e-02 8.01066790e-03 -2.20293798e-03 5.24213607e-03 -1.39271917e-03
-9.48665486e-02 8.03025711e-03 -2.20498432e-03 5.26362962e-03 -1.38758901e-03
-9.33031111e-02 8.04995313e-03 -2.20704952e-03 5.28522238e-03 -1.38244470e-03
-9.17394435e-02 8.06975642e-03 -2.20913362e-03 5.30691485e-03 -1.37728630e-03
-9.01755497e-02 8.08966744e-03 -2.21123664e-03 5.32870753e-03 -1.37211383e-03
-8.86114334e-02 8.10968664e-03 -2.21335862e-03 5.35060091e-03 -1.36692735e-03
-8.70470987e-02 8.12981452e-03 -2.21549959e-03 5.37259549e-03 -1.36172690e-03
-8.54825493e-02 8.15005153e-03 -2.21765957e-03 5.39469180e-03 -1.35651252e-03
-8.39177890e-02 8.17039817e-03 -2.21983859e-03 5.41689035e-03 -1.35128428e-03
-8.23528218e-02 8.19085493e-03 -2.22203667e-03 5.43919165e-03 -1.34604223e-03
-8.07876515e-02 8.21142231e-03 -2.22425382e-03 5.46159625e-03 -1.34078641e-03
-7.92222820e-02 8.23210079e-03 -2.22649006e-03 5.48410467e-03 -1.33551687e-03
-7.76567171e-02 8.25289090e-03 -2.22874540e-03 5.50671745e-03 -1.33023369e-03
-7.60909607e-02 8.27379315e-03 -2.23101985e-03 5.52943515e-03 -1.32493692e-03
-7.45250166e-02 8.29480806e-03 -2.23331342e-03 5.55225830e-03 -1.31962661e-03
-7.29588887e-02 8.31593615e-03 -2.23562611e-03 5.57518746e-03 -1.31430284e-03
-7.13925810e-02 8.33717796e-03 -2.23795792e-03 5.59822321e-03 -1.30896566e-03
-6.98260971e-02 8.35853403e-03 -2.24030884e-03 5.62136610e-03 -1.30361514e-03
-6.82594410e-02 8.38000489e-03 -2.24267888e-03 5.64461670e-03 -1.29825134e-03
-6.66926166e-02 8.40159112e-03 -2.24506802e-03 5.66797561e-03 -1.29287434e-03
-6.51256278e-02 8.42329325e-03 -2.24747624e-03 5.69144340e-03 -1.28748421e-03
-6.35584783e-02 8.44511186e-03 -2.24990355e-03 5.71502066e-03 -1.28208101e-03
-6.19911720e-02 8.46704753e-03 -2.25234991e-03 5.73870798e-03 -1.27666483e-03
-6.04237129e-02 8.48910081e-03 -2.25481532e-03 5.76250598e-03 -1.27123572e-03
-5.88561048e-02 8.51127231e-03 -2.25729973e-03 5.78641526e-03 -1.26579378e-03
-5.72883515e-02 8.53356260e-03 -2.25980314e-03 5.81043642e-03 -1.26033908e-03
-5.57204570e-02 8.55597229e-03 -2.26232550e-03 5.83457009e-03 -1.25487169e-03
-5.41524250e-02 8.57850198e-03 -2.26486678e-03 5.85881689e-03 -1.24939170e-03
-5.25842595e-02 8.60115227e-03 -2.26742696e-03 5.88317746e-03 -1.24389918e-03
-5.10159643e-02 8.62392379e-03 -2.27000598e-03 5.90765242e-03 -1.23839423e-03
-4.94475433e-02 8.64681715e-03 -2.27260381e-03 5.93224242e-03 -1.23287691e-03
-4.78790003e-02 8.66983299e-03 -2.27522040e-03 5.95694810e-03 -1.22734732e-03
-4.63103392e-02 8.69297194e-03 -2.27785571e-03 5.98177012e-03 -1.22180555e-03
-4.47415640e-02 8.71623464e-03 -2.28050967e-03 6.00670913e-03 -1.21625167e-03
-4.31726784e-02 8.73962173e-03 -2.28318224e-03 6.03176579e-03 -1.21068577e-03
-4.16036863e-02 8.76313388e-03 -2.28587336e-03 6.05694078e-03 -1.20510795e-03
-4.00345917e-02 8.78677174e-03 -2.28858296e-03 6.08223476e-03 -1.19951829e-03
-3.84653983e-02 8.81053598e-03 -2.29131098e-03 6.10764842e-03 -1.19391688e-03
-3.68961100e-02 8.83442728e-03 -2.29405736e-03 6.13318244e-03 -1.18830381e-03
-3.53267308e-02 8.85844631e-03 -2.29682201e-03 6.15883750e-03 -1.18267917e-03
-3.37572644e-02 8.88259375e-03 -2.29960486e-03 6.18461431e-03 -1.17704306e-03
-3.21877148e-02 8.90687031e-03 -2.30240585e-03 6.21051357e-03 -1.17139555e-03
-3.06180858e-02 8.93127668e-03 -2.30522488e-03 6.23653597e-03 -1.16573676e-03
-2.90483813e-02 8.95581357e-03 -2.30806187e-03 6.26268224e-03 -1.16006676e-03
-2.74786051e-02 8.98048168e-03 -2.31091673e-03 6.28895308e-03 -1.15438566e-03
-2.59087612e-02 9.00528174e-03 -2.31378937e-03 6.31534922e-03 -1.14869354e-03
-2.43388534e-02 9.03021446e-03 -2.31667969e-03 6.34187138e-03 -1.14299049e-03
-2.27688855e-02 9.05528059e-03 -2.31958760e-03 6.36852030e-03 -1.13727662e-03
-2.11988616e-02 9.08048084e-03 -2.32251299e-03 6.39529670e-03 -1.13155201e-03
-1.96287853e-02 9.10581598e-03 -2.32545577e-03 6.42220134e-03 -1.12581675e-03
-1.80586606e-02 9.13128674e-03 -2.32841581e-03 6.44923496e-03 -1.12007094e-03
-1.64884914e-02 9.15689388e-03 -2.33139301e-03 6.47639831e-03 -1.11431467e-03
-1.49182815e-02 9.18263815e-03 -2.33438725e-03 6.50369214e-03 -1.10854804e-03
-1.33480349e-02 9.20852034e-03 -2.33739842e-03 6.53111722e-03 -1.10277112e-03
-1.17777553e-02 9.23454120e-03 -2.34042639e-03 6.55867431e-03 -1.09698403e-03
-1.02074466e-02 9.26070153e-03 -2.34347102e-03 6.58636419e-03 -1.09118683e-03
-8.63711283e-03 9.28700209e-03 -2.34653221e-03 6.61418762e-03 -1.08537963e-03
-7.06675773e-03 9.31344369e-03 -2.34960980e-03 6.64214539e-03 -1.07956251e-03
-5.49638519e-03 9.34002711e-03 -2.35270367e-03 6.67023828e-03 -1.07373556e-03
-3.92599911e-03 9.36675317e-03 -2.35581368e-03 6.69846709e-03 -1.06789887e-03
-2.35560334e-03 9.39362266e-03 -2.35893967e-03 6.72683260e-03 -1.06205252e-03
-7.85201758e-04 9.42063641e-03 -2.36208151e-03 6.75533562e-03 -1.05619660e-03
7.85201758e-04 9.44779523e-03 -2.36523905e-03 6.78397695e-03 -1.05033118e-03
2.35560334e-03 9.47509994e-03 -2.36841212e-03 6.81275739e-03 -1.04445636e-03
3.92599911e-03 9.50255139e-03 -2.37160058e-03 6.84167775e-03 -1.03857220e-03
5.49638519e-03 9.53015039e-03 -2.37480425e-03 6.87073886e-03 -1.03267880e-03
7.06675773e-03 9.55789780e-03 -2.37802299e-03 6.89994154e-03 -1.02677622e-03
8.63711283e-03 9.58579447e-03 -2.38125661e-03 6.92928660e-03 -1.02086454e-03
1.02074466e-02 9.61384124e-03 -2.38450496e-03 6.95877488e-03 -1.01494384e-03
1.17777553e-02 9.64203897e-03 -2.38776784e-03 6.98840721e-03 -1.00901418e-03
1.33480349e-02 9.67038854e-03 -2.39104509e-03 7.01818443e-03 -1.00307563e-03
1.49182815e-02 9.69889080e-03 -2.39433653e-03 7.04810738e-03 -9.97128262e-04
1.64884914e-02 9.72754663e-03 -2.39764196e-03 7.07817691e-03 -9.91172137e-04
1.80586606e-02 9.75635691e-03 -2.40096120e-03 7.10839387e-03 -9.85207318e-04
1.96287853e-02 9.78532253e-03 -2.40429407e-03 7.13875910e-03 -9.79233863e-04
2.11988616e-02 9.81444437e-03 -2.40764035e-03 7.16927348e-03 -9.73251828e-04
2.27688855e-02 9.84372334e-03 -2.41099986e-03 7.19993786e-03 -9.67261268e-04
2.43388534e-02 9.87316034e-03 -2.41437240e-03 7.23075311e-03 -9.61262231e-04
2.59087612e-02 9.90275626e-03 -2.41775775e-03 7.26172009e-03 -9.55254766e-04
2.74786051e-02 9.93251202e-03 -2.42115571e-03 7.29283969e-03 -9.49238918e-04
2.90483813e-02 9.96242854e-03 -2.42456606e-03 7.32411278e-03 -9.43214726e-04
3.06180858e-02 9.99250673e-03 -2.42798860e-03 7.35554024e-03 -9.37182229e-04
3.21877148e-02 1.00227475e-02 -2.43142311e-03 7.38712295e-03 -9.31141460e-04
3.37572644e-02 1.00531519e-02 -2.43486936e-03 7.41886182e-03 -9.25092451e-04
3.53267308e-02 1.00837207e-02 -2.43832712e-03 7.45075773e-03 -9.19035227e-04
3.68961100e-02 1.01144549e-02 -2.44179618e-03 7.48281158e-03 -9.12969811e-04
3.84653983e-02 1.01453555e-02 -2.44527629e-03 7.51502427e-03 -9.06896223e-04
4.00345917e-02 1.01764233e-02 -2.44876724e-03 7.54739670e-03 -9.00814476e-04
4.16036863e-02 1.02076595e-02 -2.45226877e-03 7.57992979e-03 -8.94724582e-04
4.31726784e-02 1.02390648e-02 -2.45578065e-03 7.61262445e-03 -8.88626545e-04
4.47415640e-02 1.02706404e-02 -2.45930263e-03 7.64548158e-03 -8.82520368e-04
4.63103392e-02 1.03023871e-02 -2.46283447e-03 7.67850213e-03 -8.76406047e-04
4.78790003e-02 1.03343060e-02 -2.46637593e-03 7.71168699e-03 -8.70283575e-04
4.94475433e-02 1.03663979e-02 -2.46992674e-03 7.74503712e-03 -8.64152939e-04
5.10159643e-02 1.03986640e-02 -2.47348666e-03 7.77855343e-03 -8.58014121e-04
5.25842595e-02 1.04311052e-02 -2.47705543e-03 7.81223686e-03 -8.51867098e-04
5.41524250e-02 1.04637224e-02 -2.48063278e-03 7.84608835e-03 -8.45711843e-04
5.57204570e-02 1.04965167e-02 -2.48421846e-03 7.88010884e-03 -8.39548321e-04
5.72883515e-02 1.05294891e-02 -2.48781220e-03 7.91429929e-03 -8.33376495e-04
5.88561048e-02 1.05626406e-02 -2.49141373e-03 7.94866063e-03 -8.27196319e-04
6.04237129e-02 1.05959722e-02 -2.49502278e-03 7.98319383e-03 -8.21007744e-04
6.19911720e-02 1.06294849e-02 -2.49863908e-03 8.01789984e-03 -8.14810713e-04
6.35584783e-02 1.06631798e-02 -2.50226236e-03 8.05277963e-03 -8.08605166e-04
6.51256278e-02 1.06970578e-02 -2.50589233e-03 8.08783416e-03 -8.02391032e-04
6.66926166e-02 1.07311201e-02 -2.50952871e-03 8.12306439e-03 -7.96168239e-04
6.82594410e-02 1.07653676e-02 -2.51317123e-03 8.15847131e-03 -7.89936707e-04
6.98260971e-02 1.07998013e-02 -2.51681960e-03 8.19405590e-03 -7.83696347e-04
7.13925810e-02 1.08344224e-02 -2.52047353e-03 8.22981913e-03 -7.77447067e-04
7.29588887e-02 1.08692319e-02 -2.52413273e-03 8.26576198e-03 -7.71188766e-04
7.45250166e-02 1.09042308e-02 -2.52779692e-03 8.30188546e-03 -7.64921338e-04
7.60909607e-02 1.09394202e-02 -2.53146580e-03 8.33819056e-03 -7.58644669e-04
7.76567171e-02 1.09748011e-02 -2.53513908e-03 8.37467826e-03 -7.52358638e-04
7.92222820e-02 1.10103747e-02 -2.53881646e-03 8.41134959e-03 -7.46063118e-04
8.07876515e-02 1.10461420e-02 -2.54249764e-03 8.44820554e-03 -7.39757972e-04
8.23528218e-02 1.10821041e-02 -2.54618233e-03 8.48524712e-03 -7.33443059e-04
8.39177890e-02 1.11182620e-02 -2.54987023e-03 8.52247536e-03 -7.27118229e-04
8.54825493e-02 1.11546169e-02 -2.55356103e-03 8.55989127e-03 -7.20783324e-04
8.70470987e-02 1.11911699e-02 -2.55725442e-03 8.59749588e-03 -7.14438179e-04
8.86114334e-02 1.12279220e-02 -2.56095011e-03 8.63529022e-03 -7.08082621e-04
9.01755497e-02 1.12648744e-02 -2.56464779e-03 8.67327532e-03 -7.01716470e-04
9.17394435e-02 1.13020281e-02 -2.56834716e-03 8.71145223e-03 -6.95339537e-04
9.33031111e-02 1.13393844e-02 -2.57204789e-03 8.74982198e-03 -6.88951625e-04
9.48665486e-02 1.13769442e-02 -2.57574969e-03 8.78838564e-03 -6.82552529e-04
9.64297521e-02 1.14147088e-02 -2.57945225e-03 8.82714425e-03 -6.76142035e-04
9.79927178e-02 1.14526793e-02 -2.58315525e-03 8.86609888e-03 -6.69719923e-04
9.95554419e-02 1.14908568e-02 -2.58685838e-03 8.90525059e-03 -6.63285962e-04
1.01117920e-01 1.15292424e-02 -2.59056134e-03 8.94460046e-03 -6.56839914e-04
1.02680150e-01 1.15678374e-02 -2.59426381e-03 8.98414956e-03 -6.50381530e-04
1.04242126e-01 1.16066428e-02 -2.59796547e-03 9.02389897e-03 -6.43910557e-04
1.05803844e-01 1.16456598e-02 -2.60166603e-03 9.06384978e-03 -6.37426727e-04
1.07365302e-01 1.16848896e-02 -2.60536515e-03 9.10400309e-03 -6.30929769e-04
1.08926495e-01 1.17243334e-02 -2.60906253e-03 9.14436000e-03 -6.24419399e-04
1.10487420e-01 1.17639923e-02 -2.61275787e-03 9.18492162e-03 -6.17895325e-04
1.12048072e-01 1.18038676e-02 -2.61645083e-03 9.22568906e-03 -6.11357247e-04
1.13608448e-01 1.18439604e-02 -2.62014112e-03 9.26666344e-03 -6.04804855e-04
1.15168543e-01 1.18842719e-02 -2.62382842e-03 9.30784589e-03 -5.98237829e-04
1.16728355e-01 1.19248034e-02 -2.62751243e-03 9.34923754e-03 -5.91655841e-04
1.18287878e-01 1.19655560e-02 -2.63119282e-03 9.39083953e-03 -5.85058552e-04
1.19847110e-01 1.20065310e-02 -2.63486929e-03 9.43265302e-03 -5.78445615e-04
1.21406047e-01 1.20477296e-02 -2.63854154e-03 9.47467915e-03 -5.71816673e-04
1.22964684e-01 1.20891530e-02 -2.64220924e-03 9.51691909e-03 -5.65171360e-04
1.24523017e-01 1.21308024e-02 -2.64587211e-03 9.55937402e-03 -5.58509298e-04
1.26081044e-01 1.21726793e-02 -2.64952983e-03 9.60204510e-03 -5.51830101e-04
1.27638760e-01 1.22147846e-02 -2.65318209e-03 9.64493353e-03 -5.45133375e-04
1.29196160e-01 1.22571199e-02 -2.65682860e-03 9.68804051e-03 -5.38418713e-04
1.30753243e-01 1.22996862e-02 -2.66046906e-03 9.73136723e-03 -5.31685700e-04
1.32310002e-01 1.23424850e-02 -2.66410316e-03 9.77491491e-03 -5.24933910e-04
1.33866436e-01 1.23855175e-02 -2.66773060e-03 9.81868477e-03 -5.18162908e-04
1.35422539e-01 1.24287849e-02 -2.67135110e-03 9.86267804e-03 -5.11372249e-04
1.36978309e-01 1.24722887e-02 -2.67496436e-03 9.90689596e-03 -5.04561477e-04
1.38533740e-01 1.25160301e-02 -2.67857009e-03 9.95133978e-03 -4.97730128e-04
1.40088830e-01 1.25600104e-02 -2.68216800e-03 9.99601076e-03 -4.90877726e-04
1.41643575e-01 1.26042310e-02 -2.68575780e-03 1.00409102e-02 -4.84003785e-04
1.43197970e-01 1.26486932e-02 -2.68933921e-03 1.00860393e-02 -4.77107810e-04
1.44752012e-01 1.26933984e-02 -2.69291196e-03 1.01313994e-02 -4.70189295e-04
1.46305697e-01 1.27383479e-02 -2.69647575e-03 1.01769918e-02 -4.63247725e-04
1.47859021e-01 1.27835431e-02 -2.70003032e-03 1.02228178e-02 -4.56282574e-04
1.49411981e-01 1.28289855e-02 -2.70357541e-03 1.02688788e-02 -4.49293306e-04
1.50964572e-01 1.28746763e-02 -2.70711073e-03 1.03151760e-02 -4.42279374e-04
1.52516790e-01 1.29206171e-02 -2.71063602e-03 1.03617108e-02 -4.35240223e-04
1.54068633e-01 1.29668091e-02 -2.71415103e-03 1.04084846e-02 -4.28175287e-04
1.55620096e-01 1.30132539e-02 -2.71765549e-03 1.04554987e-02 -4.21083988e-04
1.57171175e-01 1.30599529e-02 -2.72114916e-03 1.05027546e-02 -4.13965740e-04
1.58721866e-01 1.31069075e-02 -2.72463178e-03 1.05502536e-02 -4.06819947e-04
1.60272166e-01 1.31541192e-02 -2.72810312e-03 1.05979971e-02 -3.99646001e-04
1.61822070e-01 1.32015895e-02 -2.73156292e-03 1.06459865e-02 -3.92443287e-04
1.63371576e-01 1.32493198e-02 -2.73501095e-03 1.06942233e-02 -3.85211178e-04
1.64920678e-01 1.32973117e-02 -2.73844698e-03 1.07427090e-02 -3.77949037e-04
1.66469374e-01 1.33455667e-02 -2.74187079e-03 1.07914449e-02 -3.70656217e-04
1.68017660e-01 1.33940863e-02 -2.74528215e-03 1.08404326e-02 -3.63332062e-04
1.69565531e-01 1.34428720e-02 -2.74868085e-03 1.08896736e-02 -3.55975907e-04
1.71112983e-01 1.34919254e-02 -2.75206667e-03 1.09391694e-02 -3.48587074e-04
1.72660014e-01 1.35412481e-02 -2.75543940e-03 1.09889215e-02 -3.41164878e-04
1.74206619e-01 1.35908416e-02 -2.75879886e-03 1.10389313e-02 -3.33708623e-04
1.75752795e-01 1.36407075e-02 -2.76214483e-03 1.10892006e-02 -3.26217606e-04
1.77298536e-01 1.36908475e-02 -2.76547713e-03 1.11397309e-02 -3.18691110e-04
1.78843841e-01 1.37412632e-02 -2.76879558e-03 1.11905237e-02 -3.11128413e-04
1.80388705e-01 1.37919562e-02 -2.77210000e-03 1.12415806e-02 -3.03528780e-04
1.81933124e-01 1.38429282e-02 -2.77539022e-03 1.12929034e-02 -2.95891469e-04
1.83477094e-01 1.38941808e-02 -2.77866607e-03 1.13444935e-02 -2.88215728e-04
1.85020611e-01 1.39457158e-02 -2.78192739e-03 1.13963528e-02 -2.80500797e-04
1.86563673e-01 1.39975348e-02 -2.78517403e-03 1.14484828e-02 -2.72745904e-04
1.88106274e-01 1.40496396e-02 -2.78840585e-03 1.15008852e-02 -2.64950272e-04
1.89648411e-01 1.41020319e-02 -2.79162271e-03 1.15535619e-02 -2.57113111e-04
1.91190081e-01 1.41547135e-02 -2.79482447e-03 1.16065144e-02 -2.49233626e-04
1.92731279e-01 1.42076861e-02 -2.79801101e-03 1.16597446e-02 -2.41311012e-04
1.94272002e-01 1.42609516e-02 -2.80118221e-03 1.17132542e-02 -2.33344454e-04
1.95812245e-01 1.43145118e-02 -2.80433796e-03 1.17670450e-02 -2.25333130e-04
1.97352006e-01 1.43683685e-02 -2.80747816e-03 1.18211189e-02 -2.17276211e-04
1.98891280e-01 1.44225235e-02 -2.81060271e-03 1.18754777e-02 -2.09172857e-04
2.00430064e-01 1.44769787e-02 -2.81371154e-03 1.19301232e-02 -2.01022223e-04
2.01968353e-01 1.45317361e-02 -2.81680455e-03 1.19850573e-02 -1.92823453e-04
2.03506144e-01 1.45867975e-02 -2.81988167e-03 1.20402819e-02 -1.84575686e-04
2.05043433e-01 1.46421648e-02 -2.82294285e-03 1.20957990e-02 -1.76278052e-04
2.06580217e-01 1.46978401e-02 -2.82598802e-03 1.21516105e-02 -1.67929673e-04
2.08116491e-01 1.47538252e-02 -2.82901715e-03 1.22077184e-02 -1.59529667e-04
2.09652252e-01 1.48101223e-02 -2.83203019e-03 1.22641246e-02 -1.51077141e-04
2.11187496e-01 1.48667333e-02 -2.83502711e-03 1.23208312e-02 -1.42571196e-04
2.12722219e-01 1.49236602e-02 -2.83800789e-03 1.23778403e-02 -1.34010928e-04
2.14256418e-01 1.49809051e-02 -2.84097253e-03 1.24351538e-02 -1.25395424e-04
2.15790088e-01 1.50384702e-02 -2.84392101e-03 1.24927740e-02 -1.16723767e-04
2.17323226e-01 1.50963575e-02 -2.84685334e-03 1.25507029e-02 -1.07995031e-04
2.18855828e-01 1.51545692e-02 -2.84976955e-03 1.26089427e-02 -9.92082870e-05
2.20387890e-01 1.52131073e-02 -2.85266964e-03 1.26674955e-02 -9.03625976e-05
2.21919408e-01 1.52719742e-02 -2.85555367e-03 1.27263635e-02 -8.14570207e-05
2.23450380e-01 1.53311720e-02 -2.85842166e-03 1.27855490e-02 -7.24906087e-05
2.24980800e-01 1.53907030e-02 -2.86127367e-03 1.28450543e-02 -6.34624086e-05
2.26510666e-01 1.54505694e-02 -2.86410977e-03 1.29048816e-02 -5.43714623e-05
2.28039973e-01 1.55107735e-02 -2.86693003e-03 1.29650332e-02 -4.52168068e-05
2.29568717e-01 1.55713176e-02 -2.86973453e-03 1.30255114e-02 -3.59974746e-05
2.31096895e-01 1.56322041e-02 -2.87252336e-03 1.30863188e-02 -2.67124934e-05
2.32624504e-01 1.56934353e-02 -2.87529663e-03 1.31474575e-02 -1.73608871e-05
2.34151539e-01 1.57550137e-02 -2.87805444e-03 1.32089302e-02 -7.94167518e-06
2.35677996e-01 1.58169416e-02 -2.88079692e-03 1.32707391e-02 1.54612646e-06
2.37203872e-01 1.58792216e-02 -2.88352420e-03 1.33328870e-02 1.11035055e-05
2.38729163e-01 1.59418560e-02 -2.88623642e-03 1.33953761e-02 2.07314530e-05
2.40253865e-01 1.60048474e-02 -2.88893374e-03 1.34582092e-02 3.04309631e-05
2.41777975e-01 1.60681984e-02 -2.89161633e-03 1.35213888e-02 4.02030326e-05
2.43301489e-01 1.61319115e-02 -2.89428435e-03 1.35849175e-02 5.00486612e-05
2.44824402e-01 1.61959894e-02 -2.89693799e-03 1.36487979e-02 5.99688508e-05
2.46346712e-01 1.62604346e-02 -2.89957745e-03 1.37130328e-02 6.99646053e-05
2.47868414e-01 1.63252498e-02 -2.90220292e-03 1.37776249e-02 8.00369307e-05
2.49389505e-01 1.63904377e-02 -2.90481464e-03 1.38425769e-02 9.01868342e-05
2.50909981e-01 1.64560011e-02 -2.90741283e-03 1.39078917e-02 1.00415325e-04
2.52429838e-01 1.65219427e-02 -2.90999772e-03 1.39735719e-02 1.10723412e-04
2.53949073e-01 1.65882653e-02 -2.91256957e-03 1.40396206e-02 1.21112107e-04
2.55467681e-01 1.66549718e-02 -2.91512864e-03 1.41060405e-02 1.31582421e-04
2.56985659e-01 1.67220649e-02 -2.91767519e-03 1.41728347e-02 1.42135364e-04
2.58503004e-01 1.67895476e-02 -2.92020951e-03 1.42400060e-02 1.52771949e-04
2.60019711e-01 1.68574228e-02 -2.92273189e-03 1.43075576e-02 1.63493186e-04
2.61535776e-01 1.69256934e-02 -2.92524264e-03 1.43754923e-02 1.74300086e-04
2.63051197e-01 1.69943626e-02 -2.92774208e-03 1.44438134e-02 1.85193659e-04
2.64565969e-01 1.70634332e-02 -2.93023052e-03 1.45125238e-02 1.96174913e-04
2.66080089e-01 1.71329084e-02 -2.93270831e-03 1.45816268e-02 2.07244854e-04
2.67593552e-01 1.72027912e-02 -2.93517580e-03 1.46511256e-02 2.18404490e-04
2.69106356e-01 1.72730849e-02 -2.93763333e-03 1.47210233e-02 2.29654821e-04
2.70618495e-01 1.73437926e-02 -2.94008130e-03 1.47913233e-02 2.40996851e-04
2.72129968e-01 1.74149174e-02 -2.94252007e-03 1.48620288e-02 2.52431576e-04
2.73640769e-01 1.74864627e-02 -2.94495003e-03 1.49331432e-02 2.63959993e-04
2.75150895e-01 1.75584318e-02 -2.94737160e-03 1.50046698e-02 2.75583093e-04
2.76660343e-01 1.76308279e-02 -2.94978519e-03 1.50766122e-02 2.87301866e-04
2.78169109e-01 1.77036544e-02 -2.95219121e-03 1.51489738e-02 2.99117297e-04
2.79677188e-01 1.77769148e-02 -2.95459012e-03 1.52217580e-02 3.11030365e-04
2.81184578e-01 1.78506124e-02 -2.95698235e-03 1.52949684e-02 3.23042048e-04
2.82691274e-01 1.79247508e-02 -2.95936836e-03 1.53686086e-02 3.35153318e-04
2.84197274e-01 1.79993335e-02 -2.96174862e-03 1.54426823e-02 3.47365141e-04
2.85702572e-01 1.80743640e-02 -2.96412362e-03 1.55171931e-02 3.59678478e-04
2.87207166e-01 1.81498460e-02 -2.96649383e-03 1.55921447e-02 3.72094285e-04
2.88711051e-01 1.82257830e-02 -2.96885976e-03 1.56675410e-02 3.84613511e-04
2.90214224e-01 1.83021788e-02 -2.97122193e-03 1.57433856e-02 3.97237101e-04
2.91716682e-01 1.83790371e-02 -2.97358084e-03 1.58196824e-02 4.09965991e-04
2.93218420e-01 1.84563616e-02 -2.97593705e-03 1.58964353e-02 4.22801111e-04
2.94719436e-01 1.85341562e-02 -2.97829108e-03 1.59736483e-02 4.35743384e-04
2.96219724e-01 1.86124247e-02 -2.98064348e-03 1.60513253e-02 4.48793726e-04
2.97719282e-01 1.86911710e-02 -2.98299483e-03 1.61294704e-02 4.61953043e-04
2.99218105e-01 1.87703991e-02 -2.98534570e-03 1.62080875e-02 4.75222235e-04
3.00716191e-01 1.88501128e-02 -2.98769666e-03 1.62871809e-02 4.88602193e-04
3.02213535e-01 1.89303163e-02 -2.99004830e-03 1.63667546e-02 5.02093799e-04
3.03710134e-01 1.90110136e-02 -2.99240124e-03 1.64468129e-02 5.15697927e-04
3.05205983e-01 1.90922088e-02 -2.99475607e-03 1.65273600e-02 5.29415440e-04
3.06701080e-01 1.91739060e-02 -2.99711343e-03 1.66084002e-02 5.43247192e-04
3.08195421e-01 1.92561094e-02 -2.99947394e-03 1.66899378e-02 5.57194027e-04
3.09689002e-01 1.93388234e-02 -3.00183823e-03 1.67719772e-02 5.71256780e-04
3.11181819e-01 1.94220520e-02 -3.00420697e-03 1.68545228e-02 5.85436273e-04
3.12673868e-01 1.95057998e-02 -3.00658080e-03 1.69375791e-02 5.99733320e-04
3.14165146e-01 1.95900710e-02 -3.00896039e-03 1.70211506e-02 6.14148720e-04
3.15655650e-01 1.96748701e-02 -3.01134641e-03 1.71052419e-02 6.28683264e-04
3.17145375e-01 1.97602016e-02 -3.01373956e-03 1.71898576e-02 6.43337730e-04
3.18634318e-01 1.98460698e-02 -3.01614050e-03 1.72750023e-02 6.58112883e-04
3.20122475e-01 1.99324795e-02 -3.01854996e-03 1.73606808e-02 6.73009478e-04
3.21609843e-01 2.00194351e-02 -3.02096863e-03 1.74468977e-02 6.88028254e-04
3.23096417e-01 2.01069414e-02 -3.02339723e-03 1.75336579e-02 7.03169941e-04
3.24582195e-01 2.01950029e-02 -3.02583648e-03 1.76209663e-02 7.18435252e-04
3.26067172e-01 2.02836246e-02 -3.02828711e-03 1.77088277e-02 7.33824889e-04
3.27551345e-01 2.03728110e-02 -3.03074985e-03 1.77972470e-02 7.49339539e-04
3.29034710e-01 2.04625671e-02 -3.03322545e-03 1.78862293e-02 7.64979875e-04
3.30517264e-01 2.05528977e-02 -3.03571467e-03 1.79757795e-02 7.80746557e-04
3.31999003e-01 2.06438078e-02 -3.03821825e-03 1.80659028e-02 7.96640229e-04
3.33479923e-01 2.07353023e-02 -3.04073696e-03 1.81566043e-02 8.12661520e-04
3.34960021e-01 2.08273862e-02 -3.04327156e-03 1.82478891e-02 8.28811044e-04
3.36439292e-01 2.09200646e-02 -3.04582284e-03 1.83397625e-02 8.45089401e-04
3.37917734e-01 2.10133426e-02 -3.04839157e-03 1.84322297e-02 8.61497174e-04
3.39395342e-01 2.11072253e-02 -3.05097854e-03 1.85252961e-02 8.78034930e-04
3.40872114e-01 2.12017179e-02 -3.05358455e-03 1.86189670e-02 8.94703221e-04
3.42348044e-01 2.12968258e-02 -3.05621037e-03 1.87132478e-02 9.11502581e-04
3.43823131e-01 2.13925541e-02 -3.05885683e-03 1.88081440e-02 9.28433529e-04
3.45297369e-01 2.14889082e-02 -3.06152471e-03 1.89036611e-02 9.45496566e-04
3.46770756e-01 2.15858935e-02 -3.06421484e-03 1.89998046e-02 9.62692176e-04
3.48243288e-01 2.16835154e-02 -3.06692802e-03 1.90965802e-02 9.80020827e-04
3.49714961e-01 2.17817795e-02 -3.06966507e-03 1.91939935e-02 9.97482967e-04
3.51185772e-01 2.18806911e-02 -3.07242680e-03 1.92920501e-02 1.01507903e-03
3.52655716e-01 2.19802560e-02 -3.07521405e-03 1.93907558e-02 1.03280943e-03
3.54124791e-01 2.20804797e-02 -3.07802764e-03 1.94901165e-02 1.05067456e-03
3.55592992e-01 2.21813679e-02 -3.08086839e-03 1.95901378e-02 1.06867479e-03
3.57060317e-01 2.22829263e-02 -3.08373714e-03 1.96908258e-02 1.08681050e-03
3.58526760e-01 2.23851606e-02 -3.08663471e-03 1.97921863e-02 1.10508201e-03
3.59992320e-01 2.24880767e-02 -3.08956194e-03 1.98942253e-02 1.12348965e-03
3.61456992e-01 2.25916804e-02 -3.09251967e-03 1.99969489e-02 1.14203372e-03
3.62920772e-01 2.26959776e-02 -3.09550873e-03 2.01003630e-02 1.16071451e-03
3.64383658e-01 2.28009743e-02 -3.09852996e-03 2.02044738e-02 1.17953227e-03
3.65845645e-01 2.29066763e-02 -3.10158419e-03 2.03092875e-02 1.19848725e-03
3.67306729e-01 2.30130899e-02 -3.10467226e-03 2.04148102e-02 1.21757968e-03
3.68766908e-01 2.31202210e-02 -3.10779501e-03 2.05210482e-02 1.23680976e-03
3.70226177e-01 2.32280758e-02 -3.11095326e-03 2.06280077e-02 1.25617768e-03
3.71684534e-01 2.33366605e-02 -3.11414787e-03 2.07356952e-02 1.27568360e-03
3.73141973e-01 2.34459812e-02 -3.11737965e-03 2.08441170e-02 1.29532766e-03
3.74598493e-01 2.35560442e-02 -3.12064945e-03 2.09532795e-02 1.31510998e-03
3.76054088e-01 2.36668558e-02 -3.12395809e-03 2.10631891e-02 1.33503068e-03
3.77508756e-01 2.37784225e-02 -3.12730639e-03 2.11738525e-02 1.35508984e-03
3.78962493e-01 2.38907505e-02 -3.13069519e-03 2.12852760e-02 1.37528751e-03
3.80415296e-01 2.40038463e-02 -3.13412530e-03 2.13974664e-02 1.39562375e-03
3.81867160e-01 2.41177163e-02 -3.13759755e-03 2.15104303e-02 1.41609857e-03
3.83318083e-01 2.42323672e-02 -3.14111274e-03 2.16241743e-02 1.43671197e-03
3.84768060e-01 2.43478055e-02 -3.14467168e-03 2.17387052e-02 1.45746393e-03
3.86217089e-01 2.44640377e-02 -3.14827519e-03 2.18540297e-02 1.47835442e-03
3.87665165e-01 2.45810706e-02 -3.15192407e-03 2.19701547e-02 1.49938337e-03
3.89112285e-01 2.46989109e-02 -3.15561910e-03 2.20870869e-02 1.52055069e-03
3.90558445e-01 2.48175652e-02 -3.15936108e-03 2.22048333e-02 1.54185629e-03
3.92003642e-01 2.49370404e-02 -3.16315079e-03 2.23234008e-02 1.56330004e-03
3.93447872e-01 2.50573432e-02 -3.16698901e-03 2.24427963e-02 1.58488180e-03
3.94891132e-01 2.51784806e-02 -3.17087651e-03 2.25630269e-02 1.60660139e-03
3.96333418e-01 2.53004594e-02 -3.17481406e-03 2.26840996e-02 1.62845864e-03
3.97774727e-01 2.54232866e-02 -3.17880242e-03 2.28060215e-02 1.65045333e-03
3.99215055e-01 2.55469692e-02 -3.18284232e-03 2.29287997e-02 1.67258524e-03
4.00654398e-01 2.56715141e-02 -3.18693451e-03 2.30524414e-02 1.69485412e-03
4.02092753e-01 2.57969286e-02 -3.19107973e-03 2.31769537e-02 1.71725969e-03
4.03530117e-01 2.59232195e-02 -3.19527869e-03 2.33023439e-02 1.73980167e-03
4.04966485e-01 2.60503942e-02 -3.19953211e-03 2.34286193e-02 1.76247975e-03
4.06401855e-01 2.61784598e-02 -3.20384069e-03 2.35557872e-02 1.78529358e-03
4.07836222e-01 2.63074234e-02 -3.20820513e-03 2.36838548e-02 1.80824284e-03
4.09269584e-01 2.64372924e-02 -3.21262611e-03 2.38128297e-02 1.83132713e-03
4.10701936e-01 2.65680741e-02 -3.21710431e-03 2.39427191e-02 1.85454607e-03
4.12133276e-01 2.66997757e-02 -3.22164037e-03 2.40735306e-02 1.87789925e-03
4.13563599e-01 2.68324046e-02 -3.22623496e-03 2.42052717e-02 1.90138624e-03
4.14992902e-01 2.69659683e-02 -3.23088871e-03 2.43379497e-02 1.92500658e-03
4.16421181e-01 2.71004741e-02 -3.23560224e-03 2.44715723e-02 1.94875980e-03
4.17848434e-01 2.72359296e-02 -3.24037617e-03 2.46061471e-02 1.97264542e-03
4.19274656e-01 2.73723422e-02 -3.24521109e-03 2.47416816e-02 1.99666292e-03
4.20699844e-01 2.75097196e-02 -3.25010759e-03 2.48781836e-02 2.02081178e-03
4.22123995e-01 2.76480691e-02 -3.25506625e-03 2.50156606e-02 2.04509145e-03
4.23547105e-01 2.77873986e-02 -3.26008761e-03 2.51541204e-02 2.06950136e-03
4.24969170e-01 2.79277155e-02 -3.26517223e-03 2.52935706e-02 2.09404094e-03
4.26390187e-01 2.80690277e-02 -3.27032062e-03 2.54340192e-02 2.11870957e-03
4.27810152e-01 2.82113427e-02 -3.27553330e-03 2.55754737e-02 2.14350665e-03
4.29229063e-01 2.83546683e-02 -3.28081076e-03 2.57179422e-02 2.16843153e-03
4.30646915e-01 2.84990123e-02 -3.28615349e-03 2.58614323e-02 2.19348357e-03
4.32063705e-01 2.86443824e-02 -3.29156195e-03 2.60059520e-02 2.21866208e-03
4.33479429e-01 2.87907866e-02 -3.29703658e-03 2.61515092e-02 2.24396638e-03
4.34894084e-01 2.89382327e-02 -3.30257781e-03 2.62981118e-02 2.26939578e-03
4.36307667e-01 2.90867284e-02 -3.30818605e-03 2.64457677e-02 2.29494954e-03
4.37720174e-01 2.92362819e-02 -3.31386170e-03 2.65944849e-02 2.32062694e-03
4.39131601e-01 2.93869009e-02 -3.31960513e-03 2.67442715e-02 2.34642722e-03
4.40541946e-01 2.95385935e-02 -3.32541669e-03 2.68951353e-02 2.37234963e-03
4.41951203e-01 2.96913676e-02 -3.33129672e-03 2.70470846e-02 2.39839336e-03
4.43359371e-01 2.98452313e-02 -3.33724555e-03 2.72001272e-02 2.42455765e-03
4.44766446e-01 3.00001926e-02 -3.34326345e-03 2.73542715e-02 2.45084167e-03
4.46172424e-01 3.01562597e-02 -3.34935072e-03 2.75095253e-02 2.47724460e-03
4.47577301e-01 3.03134405e-02 -3.35550761e-03 2.76658969e-02 2.50376561e-03
4.48981074e-01 3.04717433e-02 -3.36173435e-03 2.78233945e-02 2.53040385e-03
4.50383741e-01 3.06311761e-02 -3.36803116e-03 2.79820262e-02 2.55715847e-03
4.51785296e-01 3.07917472e-02 -3.37439824e-03 2.81418001e-02 2.58402859e-03
4.53185738e-01 3.09534647e-02 -3.38083574e-03 2.83027246e-02 2.61101332e-03
4.54585061e-01 3.11163368e-02 -3.38734383e-03 2.84648077e-02 2.63811178e-03
4.55983264e-01 3.12803719e-02 -3.39392263e-03 2.86280579e-02 2.66532307e-03
4.57380342e-01 3.14455780e-02 -3.40057223e-03 2.87924833e-02 2.69264626e-03
4.58776292e-01 3.16119637e-02 -3.40729274e-03 2.89580923e-02 2.72008043e-03
4.60171111e-01 3.17795370e-02 -3.41408419e-03 2.91248930e-02 2.74762466e-03
4.61564795e-01 3.19483064e-02 -3.42094662e-03 2.92928940e-02 2.77527800e-03
4.62957340e-01 3.21182802e-02 -3.42788006e-03 2.94621034e-02 2.80303951e-03
4.64348744e-01 3.22894668e-02 -3.43488447e-03 2.96325296e-02 2.83090823e-03
4.65739003e-01 3.24618745e-02 -3.44195982e-03 2.98041810e-02 2.85888319e-03
4.67128113e-01 3.26355117e-02 -3.44910605e-03 2.99770660e-02 2.88696343e-03
4.68516071e-01 3.28103869e-02 -3.45632307e-03 3.01511929e-02 2.91514798e-03
4.69902874e-01 3.29865086e-02 -3.46361077e-03 3.03265702e-02 2.94343586e-03
4.71288518e-01 3.31638851e-02 -3.47096900e-03 3.05032062e-02 2.97182607e-03
4.72672999e-01 3.33425249e-02 -3.47839760e-03 3.06811095e-02 3.00031765e-03
4.74056315e-01 3.35224365e-02 -3.48589639e-03 3.08602884e-02 3.02890959e-03
4.75438462e-01 3.37036284e-02 -3.49346514e-03 3.10407515e-02 3.05760090e-03
4.76819436e-01 3.38861093e-02 -3.50110361e-03 3.12225070e-02 3.08639058e-03
4.78199234e-01 3.40698874e-02 -3.50881153e-03 3.14055637e-02 3.11527765e-03
4.79577853e-01 3.42549716e-02 -3.51658860e-03 3.15899299e-02 3.14426110e-03
4.80955289e-01 3.44413702e-02 -3.52443451e-03 3.17756141e-02 3.17333993e-03
4.82331539e-01 3.46290919e-02 -3.53234889e-03 3.19626248e-02 3.20251316e-03
4.83706600e-01 3.48181453e-02 -3.54033137e-03 3.21509706e-02 3.23177977e-03
4.85080468e-01 3.50085390e-02 -3.54838155e-03 3.23406601e-02 3.26113879e-03
4.86453139e-01 3.52002817e-02 -3.55649899e-03 3.25317016e-02 3.29058921e-03
4.87824611e-01 3.53933819e-02 -3.56468323e-03 3.27241038e-02 3.32013005e-03
4.89194880e-01 3.55878483e-02 -3.57293377e-03 3.29178753e-02 3.34976032e-03
4.90563942e-01 3.57836896e-02 -3.58125011e-03 3.31130246e-02 3.37947905e-03
4.91931794e-01 3.59809145e-02 -3.58963170e-03 3.33095603e-02 3.40928526e-03
4.93298434e-01 3.61795317e-02 -3.59807796e-03 3.35074910e-02 3.43917799e-03
4.94663856e-01 3.63795499e-02 -3.60658829e-03 3.37068252e-02 3.46915627e-03
4.96028059e-01 3.65809777e-02 -3.61516205e-03 3.39075716e-02 3.49921915e-03
4.97391039e-01 3.67838240e-02 -3.62379859e-03 3.41097388e-02 3.52936568e-03
4.98752791e-01 3.69880974e-02 -3.63249723e-03 3.43133354e-02 3.55959494e-03
5.00113314e-01 3.71938068e-02 -3.64125723e-03 3.45183700e-02 3.58990598e-03
5.01472604e-01 3.74009610e-02 -3.65007786e-03 3.47248513e-02 3.62029790e-03
5.02830656e-01 3.76095686e-02 -3.65895834e-03 3.49327880e-02 3.65076980e-03
5.04187469e-01 3.78196385e-02 -3.66789786e-03 3.51421886e-02 3.68132077e-03
5.05543038e-01 3.80311795e-02 -3.67689560e-03 3.53530618e-02 3.71194995e-03
5.06897361e-01 3.82442005e-02 -3.68595069e-03 3.55654164e-02 3.74265646e-03
5.08250433e-01 3.84587103e-02 -3.69506223e-03 3.57792609e-02 3.77343946e-03
5.09602252e-01 3.86747176e-02 -3.70422931e-03 3.59946042e-02 3.80429810e-03
5.10952815e-01 3.88922315e-02 -3.71345098e-03 3.62114548e-02 3.83523157e-03
5.12302117e-01 3.91112608e-02 -3.72272626e-03 3.64298215e-02 3.86623908e-03
5.13650155e-01 3.93318143e-02 -3.73205414e-03 3.66497130e-02 3.89731982e-03
5.14996927e-01 3.95539010e-02 -3.74143358e-03 3.68711381e-02 3.92847303e-03
5.16342429e-01 3.97775298e-02 -3.75086352e-03 3.70941054e-02 3.95969797e-03
5.17686658e-01 4.00027096e-02 -3.76034287e-03 3.73186238e-02 3.99099392e-03
5.19029610e-01 4.02294494e-02 -3.76987051e-03 3.75447020e-02 4.02236015e-03
5.20371281e-01 4.04577581e-02 -3.77944527e-03 3.77723488e-02 4.05379599e-03
5.21711670e-01 4.06876448e-02 -3.78906598e-03 3.80015730e-02 4.08530078e-03
5.23050772e-01 4.09191184e-02 -3.79873144e-03 3.82323832e-02 4.11687388e-03
5.24388584e-01 4.11521880e-02 -3.80844040e-03 3.84647885e-02 4.14851467e-03
5.25725102e-01 4.13868625e-02 -3.81819160e-03 3.86987976e-02 4.18022256e-03
5.27060325e-01 4.16231511e-02 -3.82798375e-03 3.89344193e-02 4.21199699e-03
5.28394247e-01 4.18610628e-02 -3.83781553e-03 3.91716625e-02 4.24383742e-03
5.29726866e-01 4.21006067e-02 -3.84768558e-03 3.94105361e-02 4.27574334e-03
5.31058179e-01 4.23417919e-02 -3.85759254e-03 3.96510489e-02 4.30771428e-03
5.32388182e-01 4.25846275e-02 -3.86753499e-03 3.98932099e-02 4.33974977e-03
5.33716872e-01 4.28291228e-02 -3.87751151e-03 4.01370280e-02 4.37184940e-03
5.35044246e-01 4.30752867e-02 -3.88752064e-03 4.03825121e-02 4.40401277e-03
5.36370301e-01 4.33231286e-02 -3.89756089e-03 4.06296712e-02 4.43623953e-03
5.37695032e-01 4.35726577e-02 -3.90763076e-03 4.08785143e-02 4.46852935e-03
5.39018438e-01 4.38238833e-02 -3.91772871e-03 4.11290504e-02 4.50088193e-03
5.40340514e-01 4.40768145e-02 -3.92785317e-03 4.13812885e-02 4.53329701e-03
5.41661258e-01 4.43314607e-02 -3.93800255e-03 4.16352377e-02 4.56577437e-03
5.42980666e-01 4.45878312e-02 -3.94817524e-03 4.18909070e-02 4.59831381e-03
5.44298735e-01 4.48459353e-02 -3.95836961e-03 4.21483055e-02 4.63091519e-03
5.45615461e-01 4.51057825e-02 -3.96858399e-03 4.24074424e-02 4.66357839e-03
5.46930842e-01 4.53673822e-02 -3.97881668e-03 4.26683269e-02 4.69630333e-03
5.48244874e-01 4.56307438e-02 -3.98906598e-03 4.29309680e-02 4.72908997e-03
5.49557555e-01 4.58958767e-02 -3.99933015e-03 4.31953752e-02 4.76193831e-03
5.50868879e-01 4.61627906e-02 -4.00960743e-03 4.34615575e-02 4.79484839e-03
5.52178845e-01 4.64314949e-02 -4.01989604e-03 4.37295243e-02 4.82782030e-03
5.53487450e-01 4.67019992e-02 -4.03019417e-03 4.39992850e-02 4.86085416e-03
5.54794689e-01 4.69743132e-02 -4.04049999e-03 4.42708488e-02 4.89395014e-03
5.56100561e-01 4.72484465e-02 -4.05081166e-03 4.45442252e-02 4.92710843e-03
5.57405060e-01 4.75244089e-02 -4.06112730e-03 4.48194236e-02 4.96032931e-03
5.58708186e-01 4.78022100e-02 -4.07144502e-03 4.50964535e-02 4.99361307e-03
5.60009933e-01 4.80818598e-02 -4.08176290e-03 4.53753244e-02 5.02696006e-03
5.61310299e-01 4.83633680e-02 -4.09207902e-03 4.56560460e-02 5.06037066e-03
5.62609281e-01 4.86467445e-02 -4.10239142e-03 4.59386277e-02 5.09384531e-03
5.63906875e-01 4.89319993e-02 -4.11269812e-03 4.62230794e-02 5.12738451e-03
5.65203079e-01 4.92191423e-02 -4.12299715e-03 4.65094107e-02 5.16098878e-03
5.66497889e-01 4.95081837e-02 -4.13328648e-03 4.67976314e-02 5.19465872e-03
5.67791302e-01 4.97991335e-02 -4.14356409e-03 4.70877513e-02 5.22839494e-03
5.69083314e-01 5.00920020e-02 -4.15382793e-03 4.73797803e-02 5.26219815e-03
5.70373923e-01 5.03867992e-02 -4.16407595e-03 4.76737284e-02 5.29606907e-03
5.71663126e-01 5.06835356e-02 -4.17430607e-03 4.79696056e-02 5.33000850e-03
5.72950918e-01 5.09822214e-02 -4.18451618e-03 4.82674219e-02 5.36401726e-03
5.74237298e-01 5.12828671e-02 -4.19470420e-03 4.85671876e-02 5.39809626e-03
5.75522261e-01 5.15854832e-02 -4.20486799e-03 4.88689127e-02 5.43224645e-03
5.76805805e-01 5.18900802e-02 -4.21500541e-03 4.91726077e-02 5.46646881e-03
5.78087927e-01 5.21966689e-02 -4.22511432e-03 4.94782829e-02 5.50076442e-03
5.79368623e-01 5.25052598e-02 -4.23519255e-03 4.97859486e-02 5.53513438e-03
5.80647890e-01 5.28158638e-02 -4.24523793e-03 5.00956155e-02 5.56957985e-03
5.81925725e-01 5.31284918e-02 -4.25524827e-03 5.04072941e-02 5.60410206e-03
5.83202125e-01 5.34431546e-02 -4.26522138e-03 5.07209952e-02 5.63870230e-03
5.84477087e-01 5.37598635e-02 -4.27515504e-03 5.10367294e-02 5.67338190e-03
5.85750607e-01 5.40786294e-02 -4.28504703e-03 5.13545077e-02 5.70814225e-03
5.87022683e-01 5.43994637e-02 -4.29489514e-03 5.16743410e-02 5.74298481e-03
5.88293311e-01 5.47223776e-02 -4.30469713e-03 5.19962404e-02 5.77791110e-03
5.89562488e-01 5.50473826e-02 -4.31445074e-03 5.23202170e-02 5.81292268e-03
5.90830212e-01 5.53744902e-02 -4.32415374e-03 5.26462822e-02 5.84802120e-03
5.92096478e-01 5.57037120e-02 -4.33380387e-03 5.29744472e-02 5.88320833e-03
5.93361284e-01 5.60350598e-02 -4.34339887e-03 5.33047236e-02 5.91848584e-03
5.94624627e-01 5.63685454e-02 -4.35293646e-03 5.36371229e-02 5.95385554e-03
5.95886503e-01 5.67041808e-02 -4.36241438e-03 5.39716569e-02 5.98931931e-03
5.97146909e-01 5.70419779e-02 -4.37183036e-03 5.43083373e-02 6.02487907e-03
5.98405843e-01 5.73819492e-02 -4.38118211e-03 5.46471762e-02 6.06053684e-03
5.99663302e-01 5.77241068e-02 -4.39046736e-03 5.49881856e-02 6.09629467e-03
6.00919281e-01 5.80684632e-02 -4.39968383e-03 5.53313778e-02 6.13215469e-03
6.02173778e-01 5.84150311e-02 -4.40882923e-03 5.56767650e-02 6.16811907e-03
6.03426791e-01 5.87638230e-02 -4.41790129e-03 5.60243598e-02 6.20419008e-03
6.04678315e-01 5.91148519e-02 -4.42689773e-03 5.63741747e-02 6.24037002e-03
6.05928348e-01 5.94681308e-02 -4.43581626e-03 5.67262227e-02 6.27666126e-03
6.07176887e-01 5.98236728e-02 -4.44465461e-03 5.70805165e-02 6.31306625e-03
6.08423928e-01 6.01814913e-02 -4.45341052e-03 5.74370693e-02 6.34958750e-03
6.09669468e-01 6.05415995e-02 -4.46208170e-03 5.77958943e-02 6.38622755e-03
6.10913506e-01 6.09040113e-02 -4.47066590e-03 5.81570048e-02 6.42298905e-03
6.12156036e-01 6.12687402e-02 -4.47916087e-03 5.85204146e-02 6.45987469e-03
6.13397057e-01 6.16358004e-02 -4.48756433e-03 5.88861372e-02 6.49688722e-03
6.14636565e-01 6.20052058e-02 -4.49587407e-03 5.92541866e-02 6.53402948e-03
6.15874558e-01 6.23769707e-02 -4.50408783e-03 5.96245769e-02 6.57130433e-03
6.17111031e-01 6.27511096e-02 -4.51220338e-03 5.99973224e-02 6.60871473e-03
6.18345983e-01 6.31276372e-02 -4.52021852e-03 6.03724375e-02 6.64626370e-03
6.19579410e-01 6.35065682e-02 -4.52813104e-03 6.07499369e-02 6.68395431e-03
6.20811308e-01 6.38879177e-02 -4.53593873e-03 6.11298354e-02 6.72178970e-03
6.22041676e-01 6.42717009e-02 -4.54363941e-03 6.15121482e-02 6.75977308e-03
6.23270509e-01 6.46579332e-02 -4.55123091e-03 6.18968903e-02 6.79790771e-03
6.24497806e-01 6.50466302e-02 -4.55871108e-03 6.22840774e-02 6.83619692e-03
6.25723562e-01 6.54378077e-02 -4.56607777e-03 6.26737250e-02 6.87464410e-03
6.26947776e-01 6.58314819e-02 -4.57332886e-03 6.30658492e-02 6.91325272e-03
6.28170443e-01 6.62276689e-02 -4.58046222e-03 6.34604660e-02 6.95202628e-03
6.29391561e-01 6.66263852e-02 -4.58747577e-03 6.38575919e-02 6.99096837e-03
6.30611126e-01 6.70276476e-02 -4.59436743e-03 6.42572433e-02 7.03008264e-03
6.31829137e-01 6.74314730e-02 -4.60113514e-03 6.46594372e-02 7.06937278e-03
6.33045589e-01 6.78378786e-02 -4.60777687e-03 6.50641906e-02 7.10884256e-03
6.34260480e-01 6.82468818e-02 -4.61429059e-03 6.54715209e-02 7.14849580e-03
6.35473807e-01 6.86585003e-02 -4.62067430e-03 6.58814457e-02 7.18833639e-03
6.36685567e-01 6.90727520e-02 -4.62692604e-03 6.62939829e-02 7.22836828e-03
6.37895757e-01 6.94896551e-02 -4.63304384e-03 6.67091505e-02 7.26859547e-03
6.39104373e-01 6.99092282e-02 -4.63902579e-03 6.71269669e-02 7.30902202e-03
6.40311414e-01 7.03314898e-02 -4.64486997e-03 6.75474509e-02 7.34965205e-03
6.41516875e-01 7.07564591e-02 -4.65057451e-03 6.79706214e-02 7.39048975e-03
6.42720754e-01 7.11841553e-02 -4.65613755e-03 6.83964976e-02 7.43153935e-03
6.43923048e-01 7.16145979e-02 -4.66155726e-03 6.88250991e-02 7.47280514e-03
6.45123754e-01 7.20478069e-02 -4.66683186e-03 6.92564458e-02 7.51429147e-03
6.46322869e-01 7.24838024e-02 -4.67195956e-03 6.96905577e-02 7.55600275e-03
6.47520390e-01 7.29226048e-02 -4.67693862e-03 7.01274553e-02 7.59794342e-03
6.48716314e-01 7.33642349e-02 -4.68176734e-03 7.05671595e-02 7.64011801e-03
6.49910639e-01 7.38087138e-02 -4.68644403e-03 7.10096912e-02 7.68253107e-03
6.51103360e-01 7.42560628e-02 -4.69096705e-03 7.14550721e-02 7.72518722e-03
6.52294476e-01 7.47063038e-02 -4.69533478e-03 7.19033237e-02 7.76809113e-03
6.53483983e-01 7.51594588e-02 -4.69954563e-03 7.23544682e-02 7.81124752e-03
6.54671879e-01 7.56155501e-02 -4.70359807e-03 7.28085281e-02 7.85466114e-03
6.55858160e-01 7.60746005e-02 -4.70749056e-03 7.32655261e-02 7.89833682e-03
6.57042824e-01 7.65366331e-02 -4.71122164e-03 7.37254854e-02 7.94227942e-03
6.58225867e-01 7.70016712e-02 -4.71478985e-03 7.41884296e-02 7.98649385e-03
6.59407287e-01 7.74697388e-02 -4.71819381e-03 7.46543825e-02 8.03098505e-03
6.60587080e-01 7.79408599e-02 -4.72143212e-03 7.51233683e-02 8.07575803e-03
6.61765245e-01 7.84150591e-02 -4.72450348e-03 7.55954118e-02 8.12081783e-03
6.62941778e-01 7.88923612e-02 -4.72740658e-03 7.60705380e-02 8.16616952e-03
6.64116675e-01 7.93727917e-02 -4.73014018e-03 7.65487723e-02 8.21181824e-03
6.65289935e-01 7.98563761e-02 -4.73270306e-03 7.70301406e-02 8.25776915e-03
6.66461554e-01 8.03431405e-02 -4.73509406e-03 7.75146690e-02 8.30402745e-03
6.67631530e-01 8.08331114e-02 -4.73731205e-03 7.80023842e-02 8.35059838e-03
6.68799859e-01 8.13263157e-02 -4.73935594e-03 7.84933134e-02 8.39748722e-03
6.69966538e-01 8.18227807e-02 -4.74122469e-03 7.89874839e-02 8.44469926e-03
6.71131566e-01 8.23225341e-02 -4.74291731e-03 7.94849237e-02 8.49223987e-03
6.72294938e-01 8.28256040e-02 -4.74443284e-03 7.99856612e-02 8.54011441e-03
6.73456652e-01 8.33320190e-02 -4.74577038e-03 8.04897252e-02 8.58832828e-03
6.74616706e-01 8.38418081e-02 -4.74692905e-03 8.09971450e-02 8.63688693e-03
6.75775095e-01 8.43550008e-02 -4.74790805e-03 8.15079501e-02 8.68579581e-03
6.76931818e-01 8.48716270e-02 -4.74870661e-03 8.20221709e-02 8.73506042e-03
6.78086872e-01 8.53917170e-02 -4.74932401e-03 8.25398379e-02 8.78468627e-03
6.79240254e-01 8.59153016e-02 -4.74975956e-03 8.30609822e-02 8.83467888e-03
6.80391960e-01 8.64424122e-02 -4.75001265e-03 8.35856356e-02 8.88504383e-03
6.81541988e-01 8.69730805e-02 -4.75008271e-03 8.41138299e-02 8.93578669e-03
6.82690336e-01 8.75073388e-02 -4.74996919e-03 8.46455979e-02 8.98691305e-03
6.83837000e-01 8.80452197e-02 -4.74967164e-03 8.51809725e-02 9.03842853e-03
6.84981977e-01 8.85867565e-02 -4.74918962e-03 8.57199874e-02 9.09033876e-03
6.86125265e-01 8.91319830e-02 -4.74852276e-03 8.62626766e-02 9.14264937e-03
6.87266861e-01 8.96809333e-02 -4.74767074e-03 8.68090748e-02 9.19536602e-03
6.88406763e-01 9.02336422e-02 -4.74663329e-03 8.73592170e-02 9.24849437e-03
6.89544966e-01 9.07901449e-02 -4.74541018e-03 8.79131389e-02 9.30204008e-03
6.90681469e-01 9.13504773e-02 -4.74400126e-03 8.84708768e-02 9.35600884e-03
6.91816268e-01 9.19146756e-02 -4.74240641e-03 8.90324673e-02 9.41040633e-03
6.92949362e-01 9.24827767e-02 -4.74062558e-03 8.95979477e-02 9.46523822e-03
6.94080746e-01 9.30548179e-02 -4.73865876e-03 9.01673559e-02 9.52051021e-03
6.95210419e-01 9.36308372e-02 -4.73650600e-03 9.07407303e-02 9.57622796e-03
6.96338377e-01 9.42108731e-02 -4.73416740e-03 9.13181098e-02 9.63239716e-03
6.97464618e-01 9.47949646e-02 -4.73164313e-03 9.18995339e-02 9.68902349e-03
6.98589139e-01 9.53831513e-02 -4.72893341e-03 9.24850428e-02 9.74611259e-03
6.99711937e-01 9.59754733e-02 -4.72603849e-03 9.30746771e-02 9.80367014e-03
7.00833010e-01 9.65719715e-02 -4.72295872e-03 9.36684781e-02 9.86170178e-03
7.01952354e-01 9.71726872e-02 -4.71969448e-03 9.42664877e-02 9.92021312e-03
7.03069967e-01 9.77776623e-02 -4.71624620e-03 9.48687484e-02 9.97920979e-03
7.04185846e-01 9.83869392e-02 -4.71261437e-03 9.54753032e-02 1.00386974e-02
7.05299989e-01 9.90005612e-02 -4.70879957e-03 9.60861959e-02 1.00986815e-02
7.06412392e-01 9.96185718e-02 -4.70480238e-03 9.67014707e-02 1.01591676e-02
7.07523053e-01 1.00241016e-01 -4.70062349e-03 9.73211725e-02 1.02201614e-02
7.08631969e-01 1.00867937e-01 -4.69626361e-03 9.79453469e-02 1.02816682e-02
7.09739137e-01 1.01499382e-01 -4.69172353e-03 9.85740401e-02 1.03436936e-02
7.10844555e-01 1.02135397e-01 -4.68700408e-03 9.92072989e-02 1.04062430e-02
7.11948220e-01 1.02776029e-01 -4.68210617e-03 9.98451708e-02 1.04693218e-02
7.13050130e-01 1.03421324e-01 -4.67703074e-03 1.00487704e-01 1.05329353e-02
7.14150280e-01 1.04071332e-01 -4.67177881e-03 1.01134947e-01 1.05970891e-02
7.15248670e-01 1.04726100e-01 -4.66635144e-03 1.01786949e-01 1.06617882e-02
7.16345296e-01 1.05385678e-01 -4.66074977e-03 1.02443761e-01 1.07270380e-02
7.17440155e-01 1.06050117e-01 -4.65497498e-03 1.03105433e-01 1.07928437e-02
7.18533244e-01 1.06719467e-01 -4.64902831e-03 1.03772017e-01 1.08592104e-02
7.19624562e-01 1.07393778e-01 -4.64291106e-03 1.04443564e-01 1.09261432e-02
7.20714105e-01 1.08073105e-01 -4.63662458e-03 1.05120128e-01 1.09936473e-02
7.21801870e-01 1.08757498e-01 -4.63017029e-03 1.05801762e-01 1.10617276e-02
7.22887856e-01 1.09447011e-01 -4.62354966e-03 1.06488520e-01 1.11303891e-02
7.23972059e-01 1.10141699e-01 -4.61676422e-03 1.07180457e-01 1.11996366e-02
7.25054476e-01 1.10841616e-01 -4.60981554e-03 1.07877629e-01 1.12694750e-02
7.26135105e-01 1.11546818e-01 -4.60270528e-03 1.08580091e-01 1.13399090e-02
7.27213943e-01 1.12257361e-01 -4.59543512e-03 1.09287901e-01 1.14109433e-02
7.28290988e-01 1.12973301e-01 -4.58800683e-03 1.10001116e-01 1.14825826e-02
7.29366237e-01 1.13694696e-01 -4.58042220e-03 1.10719795e-01 1.15548314e-02
7.30439687e-01 1.14421605e-01 -4.57268311e-03 1.11443997e-01 1.16276942e-02
7.31511336e-01 1.15154086e-01 -4.56479147e-03 1.12173782e-01 1.17011754e-02
7.32581181e-01 1.15892198e-01 -4.55674925e-03 1.12909209e-01 1.17752793e-02
7.33649219e-01 1.16636004e-01 -4.54855849e-03 1.13650342e-01 1.18500102e-02
7.34715448e-01 1.17385562e-01 -4.54022126e-03 1.14397240e-01 1.19253722e-02
7.35779864e-01 1.18140936e-01 -4.53173971e-03 1.15149968e-01 1.20013693e-02
7.36842467e-01 1.18902188e-01 -4.52311601e-03 1.15908588e-01 1.20780056e-02
7.37903252e-01 1.19669381e-01 -4.51435242e-03 1.16673165e-01 1.21552850e-02
7.38962217e-01 1.20442579e-01 -4.50545122e-03 1.17443764e-01 1.22332112e-02
7.40019360e-01 1.21221846e-01 -4.49641477e-03 1.18220450e-01 1.23117879e-02
7.41074678e-01 1.22007249e-01 -4.48724545e-03 1.19003290e-01 1.23910188e-02
7.42128168e-01 1.22798853e-01 -4.47794572e-03 1.19792351e-01 1.24709073e-02
7.43179828e-01 1.23596726e-01 -4.46851807e-03 1.20587700e-01 1.25514568e-02
7.44229655e-01 1.24400934e-01 -4.45896506e-03 1.21389407e-01 1.26326706e-02
7.45277647e-01 1.25211547e-01 -4.44928927e-03 1.22197541e-01 1.27145519e-02
7.46323801e-01 1.26028634e-01 -4.43949336e-03 1.23012172e-01 1.27971037e-02
7.47368114e-01 1.26852264e-01 -4.42958001e-03 1.23833371e-01 1.28803290e-02
7.48410585e-01 1.27682508e-01 -4.41955197e-03 1.24661210e-01 1.29642305e-02
7.49451209e-01 1.28519438e-01 -4.40941202e-03 1.25495761e-01 1.30488111e-02
7.50489985e-01 1.29363126e-01 -4.39916298e-03 1.26337097e-01 1.31340733e-02
7.51526911e-01 1.30213644e-01 -4.38880775e-03 1.27185292e-01 1.32200195e-02
7.52561982e-01 1.31071067e-01 -4.37834924e-03 1.28040421e-01 1.33066521e-02
7.53595199e-01 1.31935468e-01 -4.36779040e-03 1.28902559e-01 1.33939733e-02
7.54626556e-01 1.32806922e-01 -4.35713426e-03 1.29771782e-01 1.34819851e-02
7.55656053e-01 1.33685507e-01 -4.34638385e-03 1.30648168e-01 1.35706895e-02
7.56683685e-01 1.34571298e-01 -4.33554227e-03 1.31531794e-01 1.36600883e-02
7.57709452e-01 1.35464372e-01 -4.32461265e-03 1.32422739e-01 1.37501831e-02
7.58733350e-01 1.36364808e-01 -4.31359815e-03 1.33321082e-01 1.38409755e-02
7.59755377e-01 1.37272685e-01 -4.30250197e-03 1.34226902e-01 1.39324668e-02
7.60775531e-01 1.38188083e-01 -4.29132738e-03 1.35140281e-01 1.40246582e-02
7.61793808e-01 1.39111081e-01 -4.28007763e-03 1.36061300e-01 1.41175508e-02
7.62810206e-01 1.40041761e-01 -4.26875606e-03 1.36990041e-01 1.42111456e-02
7.63824724e-01 1.40980204e-01 -4.25736601e-03 1.37926587e-01 1.43054432e-02
7.64837357e-01 1.41926494e-01 -4.24591086e-03 1.38871022e-01 1.44004444e-02
7.65848104e-01 1.42880714e-01 -4.23439403e-03 1.39823430e-01 1.44961494e-02
7.66856963e-01 1.43842947e-01 -4.22281897e-03 1.40783897e-01 1.45925587e-02
7.67863930e-01 1.44813279e-01 -4.21118916e-03 1.41752508e-01 1.46896724e-02
7.68869004e-01 1.45791795e-01 -4.19950810e-03 1.42729351e-01 1.47874904e-02
7.69872181e-01 1.46778581e-01 -4.18777934e-03 1.43714512e-01 1.48860125e-02
7.70873460e-01 1.47773724e-01 -4.17600643e-03 1.44708079e-01 1.49852383e-02
7.71872838e-01 1.48777312e-01 -4.16419296e-03 1.45710142e-01 1.50851672e-02
7.72870312e-01 1.49789434e-01 -4.15234255e-03 1.46720790e-01 1.51857986e-02
7.73865880e-01 1.50810179e-01 -4.14045883e-03 1.47740114e-01 1.52871315e-02
7.74859540e-01 1.51839636e-01 -4.12854547e-03 1.48768203e-01 1.53891649e-02
7.75851289e-01 1.52877896e-01 -4.11660615e-03 1.49805151e-01 1.54918975e-02
7.76841124e-01 1.53925050e-01 -4.10464457e-03 1.50851049e-01 1.55953277e-02
7.77829044e-01 1.54981190e-01 -4.09266445e-03 1.51905991e-01 1.56994541e-02
7.78815045e-01 1.56046409e-01 -4.08066953e-03 1.52970070e-01 1.58042748e-02
7.79799126e-01 1.57120801e-01 -4.06866356e-03 1.54043380e-01 1.59097877e-02
7.80781283e-01 1.58204458e-01 -4.05665033e-03 1.55126018e-01 1.60159906e-02
7.81761515e-01 1.59297477e-01 -4.04463360e-03 1.56218078e-01 1.61228813e-02
7.82739819e-01 1.60399951e-01 -4.03261719e-03 1.57319657e-01 1.62304570e-02
7.83716193e-01 1.61511978e-01 -4.02060490e-03 1.58430853e-01 1.63387150e-02
7.84690634e-01 1.62633654e-01 -4.00860054e-03 1.59551763e-01 1.64476523e-02
7.85663139e-01 1.63765076e-01 -3.99660795e-03 1.60682485e-01 1.65572657e-02
7.86633708e-01 1.64906342e-01 -3.98463097e-03 1.61823119e-01 1.66675519e-02
7.87602336e-01 1.66057551e-01 -3.97267343e-03 1.62973765e-01 1.67785072e-02
7.88569022e-01 1.67218802e-01 -3.96073919e-03 1.64134522e-01 1.68901278e-02
7.89533763e-01 1.68390195e-01 -3.94883209e-03 1.65305492e-01 1.70024098e-02
7.90496556e-01 1.69571830e-01 -3.93695599e-03 1.66486776e-01 1.71153490e-02
7.91457401e-01 1.70763808e-01 -3.92511474e-03 1.67678477e-01 1.72289408e-02
7.92416293e-01 1.71966231e-01 -3.91331219e-03 1.68880696e-01 1.73431808e-02
7.93373232e-01 1.73179201e-01 -3.90155220e-03 1.70093539e-01 1.74580639e-02
7.94328214e-01 1.74402821e-01 -3.88983861e-03 1.71317107e-01 1.75735853e-02
7.95281236e-01 1.75637195e-01 -3.87817526e-03 1.72551507e-01 1.76897396e-02
7.96232298e-01 1.76882426e-01 -3.86656600e-03 1.73796842e-01 1.78065213e-02
7.97181396e-01 1.78138618e-01 -3.85501465e-03 1.75053219e-01 1.79239247e-02
7.98128528e-01 1.79405877e-01 -3.84352503e-03 1.76320743e-01 1.80419439e-02
7.99073691e-01 1.80684308e-01 -3.83210095e-03 1.77599521e-01 1.81605728e-02
8.00016884e-01 1.81974018e-01 -3.82074622e-03 1.78889660e-01 1.82798050e-02
8.00958104e-01 1.83275112e-01 -3.80946460e-03 1.80191268e-01 1.83996338e-02
8.01897349e-01 1.84587698e-01 -3.79825988e-03 1.81504453e-01 1.85200525e-02
8.02834616e-01 1.85911884e-01 -3.78713581e-03 1.82829323e-01 1.86410541e-02
8.03769903e-01 1.87247776e-01 -3.77609612e-03 1.84165988e-01 1.87626312e-02
8.04703207e-01 1.88595484e-01 -3.76514453e-03 1.85514556e-01 1.88847765e-02
8.05634528e-01 1.89955117e-01 -3.75428474e-03 1.86875138e-01 1.90074822e-02
8.06563861e-01 1.91326784e-01 -3.74352042e-03 1.88247844e-01 1.91307402e-02
8.07491206e-01 1.92710594e-01 -3.73285522e-03 1.89632784e-01 1.92545426e-02
8.08416559e-01 1.94106658e-01 -3.72229277e-03 1.91030071e-01 1.93788809e-02
8.09339918e-01 1.95515086e-01 -3.71183667e-03 1.92439814e-01 1.95037464e-02
8.10261281e-01 1.96935989e-01 -3.70149049e-03 1.93862127e-01 1.96291304e-02
8.11180646e-01 1.98369478e-01 -3.69125777e-03 1.95297121e-01 1.97550237e-02
8.12098011e-01 1.99815665e-01 -3.68114203e-03 1.96744908e-01 1.98814170e-02
8.13013373e-01 2.01274662e-01 -3.67114674e-03 1.98205603e-01 2.00083008e-02
8.13926729e-01 2.02746581e-01 -3.66127536e-03 1.99679316e-01 2.01356653e-02
8.14838079e-01 2.04231534e-01 -3.65153128e-03 2.01166164e-01 2.02635004e-02
8.15747419e-01 2.05729635e-01 -3.64191790e-03 2.02666257e-01 2.03917961e-02
8.16654747e-01 2.07240996e-01 -3.63243855e-03 2.04179712e-01 2.05205418e-02
8.17560061e-01 2.08765730e-01 -3.62309652e-03 2.05706642e-01 2.06497268e-02
8.18463359e-01 2.10303952e-01 -3.61389507e-03 2.07247161e-01 2.07793401e-02
8.19364639e-01 2.11855775e-01 -3.60483742e-03 2.08801384e-01 2.09093707e-02
8.20263897e-01 2.13421313e-01 -3.59592674e-03 2.10369426e-01 2.10398072e-02
8.21161133e-01 2.15000679e-01 -3.58716616e-03 2.11951401e-01 2.11706378e-02
8.22056344e-01 2.16593990e-01 -3.57855876e-03 2.13547425e-01 2.13018509e-02
8.22949527e-01 2.18201358e-01 -3.57010758e-03 2.15157614e-01 2.14334343e-02
8.23840681e-01 2.19822899e-01 -3.56181559e-03 2.16782082e-01 2.15653757e-02
8.24729804e-01 2.21458726e-01 -3.55368574e-03 2.18420944e-01 2.16976625e-02
8.25616892e-01 2.23108956e-01 -3.54572091e-03 2.20074317e-01 2.18302821e-02
8.26501944e-01 2.24773703e-01 -3.53792392e-03 2.21742316e-01 2.19632214e-02
8.27384958e-01 2.26453081e-01 -3.53029756e-03 2.23425057e-01 2.20964673e-02
8.28265931e-01 2.28147206e-01 -3.52284454e-03 2.25122655e-01 2.22300062e-02
8.29144862e-01 2.29856193e-01 -3.51556753e-03 2.26835225e-01 2.23638246e-02
8.30021748e-01 2.31580156e-01 -3.50846914e-03 2.28562884e-01 2.24979085e-02
8.30896587e-01 2.33319211e-01 -3.50155190e-03 2.30305747e-01 2.26322439e-02
8.31769377e-01 2.35073472e-01 -3.49481832e-03 2.32063929e-01 2.27668164e-02
8.32640115e-01 2.36843054e-01 -3.48827080e-03 2.33837545e-01 2.29016115e-02
8.33508800e-01 2.38628073e-01 -3.48191172e-03 2.35626712e-01 2.30366144e-02
8.34375430e-01 2.40428641e-01 -3.47574337e-03 2.37431544e-01 2.31718102e-02
8.35240002e-01 2.42244874e-01 -3.46976799e-03 2.39252156e-01 2.33071836e-02
8.36102514e-01 2.44076887e-01 -3.46398773e-03 2.41088663e-01 2.34427192e-02
8.36962964e-01 2.45924793e-01 -3.45840470e-03 2.42941179e-01 2.35784015e-02
8.37821349e-01 2.47788706e-01 -3.45302092e-03 2.44809820e-01 2.37142145e-02
8.38677669e-01 2.49668739e-01 -3.44783836e-03 2.46694698e-01 2.38501422e-02
8.39531921e-01 2.51565007e-01 -3.44285890e-03 2.48595928e-01 2.39861685e-02
8.40384102e-01 2.53477622e-01 -3.43808436e-03 2.50513623e-01 2.41222767e-02
8.41234210e-01 2.55406698e-01 -3.43351648e-03 2.52447897e-01 2.42584504e-02
8.42082244e-01 2.57352346e-01 -3.42915694e-03 2.54398862e-01 2.43946725e-02
8.42928201e-01 2.59314679e-01 -3.42500732e-03 2.56366631e-01 2.45309261e-02
8.43772079e-01 2.61293809e-01 -3.42106915e-03 2.58351316e-01 2.46671939e-02
8.44613877e-01 2.63289847e-01 -3.41734386e-03 2.60353029e-01 2.48034584e-02
8.45453591e-01 2.65302904e-01 -3.41383282e-03 2.62371882e-01 2.49397020e-02
8.46291221e-01 2.67333090e-01 -3.41053732e-03 2.64407983e-01 2.50759069e-02
8.47126763e-01 2.69380516e-01 -3.40745856e-03 2.66461445e-01 2.52120549e-02
8.47960216e-01 2.71445292e-01 -3.40459766e-03 2.68532377e-01 2.53481280e-02
8.48791578e-01 2.73527526e-01 -3.40195567e-03 2.70620888e-01 2.54841077e-02
8.49620847e-01 2.75627326e-01 -3.39953355e-03 2.72727087e-01 2.56199754e-02
8.50448020e-01 2.77744801e-01 -3.39733218e-03 2.74851081e-01 2.57557124e-02
8.51273096e-01 2.79880059e-01 -3.39535234e-03 2.76992979e-01 2.58912998e-02
8.52096073e-01 2.82033205e-01 -3.39359476e-03 2.79152887e-01 2.60267184e-02
8.52916948e-01 2.84204345e-01 -3.39206006e-03 2.81330911e-01 2.61619489e-02
8.53735720e-01 2.86393586e-01 -3.39074877e-03 2.83527156e-01 2.62969720e-02
8.54552386e-01 2.88601031e-01 -3.38966135e-03 2.85741727e-01 2.64317681e-02
8.55366945e-01 2.90826785e-01 -3.38879817e-03 2.87974729e-01 2.65663173e-02
8.56179395e-01 2.93070951e-01 -3.38815950e-03 2.90226263e-01 2.67005997e-02
8.56989732e-01 2.95333631e-01 -3.38774553e-03 2.92496433e-01 2.68345954e-02
8.57797957e-01 2.97614926e-01 -3.38755637e-03 2.94785339e-01 2.69682840e-02
8.58604066e-01 2.99914937e-01 -3.38759203e-03 2.97093083e-01 2.71016452e-02
8.59408057e-01 3.02233765e-01 -3.38785243e-03 2.99419764e-01 2.72346584e-02
8.60209930e-01 3.04571507e-01 -3.38833741e-03 3.01765481e-01 2.73673031e-02
8.61009680e-01 3.06928263e-01 -3.38904670e-03 3.04130331e-01 2.74995584e-02
8.61807307e-01 3.09304127e-01 -3.38997996e-03 3.06514412e-01 2.76314034e-02
8.62602809e-01 3.11699198e-01 -3.39113674e-03 3.08917818e-01 2.77628170e-02
8.63396184e-01 3.14113570e-01 -3.39251653e-03 3.11340645e-01 2.78937781e-02
8.64187429e-01 3.16547336e-01 -3.39411869e-03 3.13782986e-01 2.80242654e-02
8.64976543e-01 3.19000589e-01 -3.39594252e-03 3.16244935e-01 2.81542575e-02
8.65763524e-01 3.21473422e-01 -3.39798720e-03 3.18726581e-01 2.82837327e-02
8.66548370e-01 3.23965925e-01 -3.40025184e-03 3.21228016e-01 2.84126696e-02
8.67331079e-01 3.26478186e-01 -3.40273544e-03 3.23749328e-01 2.85410463e-02
8.68111648e-01 3.29010295e-01 -3.40543692e-03 3.26290605e-01 2.86688409e-02
8.68890077e-01 3.31562338e-01 -3.40835511e-03 3.28851934e-01 2.87960317e-02
8.69666363e-01 3.34134402e-01 -3.41148873e-03 3.31433401e-01 2.89225964e-02
8.70440504e-01 3.36726569e-01 -3.41483642e-03 3.34035088e-01 2.90485130e-02
8.71212499e-01 3.39338925e-01 -3.41839674e-03 3.36657078e-01 2.91737593e-02
8.71982345e-01 3.41971549e-01 -3.42216813e-03 3.39299453e-01 2.92983130e-02
8.72750041e-01 3.44624523e-01 -3.42614895e-03 3.41962293e-01 2.94221518e-02
8.73515584e-01 3.47297926e-01 -3.43033748e-03 3.44645676e-01 2.95452531e-02
8.74278973e-01 3.49991835e-01 -3.43473188e-03 3.47349678e-01 2.96675946e-02
8.75040206e-01 3.52706326e-01 -3.43933025e-03 3.50074376e-01 2.97891535e-02
8.75799281e-01 3.55441474e-01 -3.44413057e-03 3.52819842e-01 2.99099074e-02
8.76556196e-01 3.58197352e-01 -3.44913075e-03 3.55586150e-01 3.00298336e-02
8.77310949e-01 3.60974030e-01 -3.45432860e-03 3.58373370e-01 3.01489093e-02
8.78063539e-01 3.63771580e-01 -3.45972183e-03 3.61181571e-01 3.02671119e-02
8.78813963e-01 3.66590069e-01 -3.46530807e-03 3.64010821e-01 3.03844184e-02
8.79562220e-01 3.69429564e-01 -3.47108487e-03 3.66861185e-01 3.05008061e-02
8.80308308e-01 3.72290129e-01 -3.47704967e-03 3.69732728e-01 3.06162522e-02
8.81052225e-01 3.75171828e-01 -3.48319984e-03 3.72625511e-01 3.07307337e-02
8.81793969e-01 3.78074722e-01 -3.48953265e-03 3.75539596e-01 3.08442278e-02
8.82533538e-01 3.80998871e-01 -3.49604527e-03 3.78475041e-01 3.09567115e-02
8.83270931e-01 3.83944333e-01 -3.50273481e-03 3.81431902e-01 3.10681621e-02
8.84006145e-01 3.86911164e-01 -3.50959828e-03 3.84410236e-01 3.11785565e-02
8.84739180e-01 3.89899417e-01 -3.51663260e-03 3.87410094e-01 3.12878719e-02
8.85470032e-01 3.92909145e-01 -3.52383461e-03 3.90431529e-01 3.13960853e-02
8.86198701e-01 3.95940398e-01 -3.53120106e-03 3.93474590e-01 3.15031740e-02
8.86925184e-01 3.98993225e-01 -3.53872863e-03 3.96539323e-01 3.16091150e-02
8.87649480e-01 4.02067672e-01 -3.54641390e-03 3.99625775e-01 3.17138856e-02
8.88371587e-01 4.05163782e-01 -3.55425338e-03 4.02733987e-01 3.18174629e-02
8.89091503e-01 4.08281600e-01 -3.56224349e-03 4.05864003e-01 3.19198242e-02
8.89809227e-01 4.11421163e-01 -3.57038058e-03 4.09015859e-01 3.20209467e-02
8.90524756e-01 4.14582512e-01 -3.57866090e-03 4.12189594e-01 3.21208078e-02
8.91238089e-01 4.17765680e-01 -3.58708065e-03 4.15385243e-01 3.22193848e-02
8.91949223e-01 4.20970703e-01 -3.59563594e-03 4.18602836e-01 3.23166553e-02
8.92658159e-01 4.24197612e-01 -3.60432278e-03 4.21842406e-01 3.24125968e-02
8.93364892e-01 4.27446436e-01 -3.61313715e-03 4.25103980e-01 3.25071867e-02
8.94069423e-01 4.30717202e-01 -3.62207492e-03 4.28387583e-01 3.26004028e-02
8.94771748e-01 4.34009934e-01 -3.63113191e-03 4.31693240e-01 3.26922228e-02
8.95471867e-01 4.37324656e-01 -3.64030385e-03 4.35020971e-01 3.27826246e-02
8.96169778e-01 4.40661387e-01 -3.64958640e-03 4.38370795e-01 3.28715860e-02
8.96865478e-01 4.44020145e-01 -3.65897517e-03 4.41742728e-01 3.29590851e-02
8.97558967e-01 4.47400946e-01 -3.66846568e-03 4.45136785e-01 3.30451001e-02
8.98250242e-01 4.50803801e-01 -3.67805340e-03 4.48552977e-01 3.31296090e-02
8.98939302e-01 4.54228722e-01 -3.68773372e-03 4.51991312e-01 3.32125904e-02
8.99626145e-01 4.57675717e-01 -3.69750198e-03 4.55451798e-01 3.32940227e-02
9.00310769e-01 4.61144790e-01 -3.70735345e-03 4.58934438e-01 3.33738844e-02
9.00993173e-01 4.64635945e-01 -3.71728332e-03 4.62439234e-01 3.34521544e-02
9.01673355e-01 4.68149182e-01 -3.72728677e-03 4.65966184e-01 3.35288115e-02
9.02351313e-01 4.71684498e-01 -3.73735886e-03 4.69515285e-01 3.36038348e-02
9.03027046e-01 4.75241889e-01 -3.74749465e-03 4.73086529e-01 3.36772033e-02
9.03700552e-01 4.78821348e-01 -3.75768910e-03 4.76679909e-01 3.37488966e-02
9.04371830e-01 4.82422862e-01 -3.76793714e-03 4.80295412e-01 3.38188940e-02
9.05040876e-01 4.86046421e-01 -3.77823364e-03 4.83933024e-01 3.38871752e-02
9.05707691e-01 4.89692008e-01 -3.78857343e-03 4.87592726e-01 3.39537202e-02
9.06372273e-01 4.93359604e-01 -3.79895128e-03 4.91274500e-01 3.40185088e-02
9.07034619e-01 4.97049188e-01 -3.80936191e-03 4.94978322e-01 3.40815214e-02
9.07694728e-01 5.00760737e-01 -3.81980001e-03 4.98704167e-01 3.41427383e-02
9.08352599e-01 5.04494223e-01 -3.83026021e-03 5.02452006e-01 3.42021401e-02
9.09008229e-01 5.08249616e-01 -3.84073710e-03 5.06221807e-01 3.42597077e-02
9.09661618e-01 5.12026884e-01 -3.85122524e-03 5.10013537e-01 3.43154221e-02
9.10312763e-01 5.15825992e-01 -3.86171915e-03 5.13827158e-01 3.43692645e-02
9.10961663e-01 5.19646900e-01 -3.87221331e-03 5.17662630e-01 3.44212164e-02
9.11608317e-01 5.23489568e-01 -3.88270216e-03 5.21519909e-01 3.44712595e-02
9.12252723e-01 5.27353951e-01 -3.89318011e-03 5.25398950e-01 3.45193757e-02
9.12894879e-01 5.31240001e-01 -3.90364154e-03 5.29299704e-01 3.45655471e-02
9.13534783e-01 5.35147669e-01 -3.91408081e-03 5.33222118e-01 3.46097562e-02
9.14172435e-01 5.39076901e-01 -3.92449223e-03 5.37166138e-01 3.46519856e-02
9.14807832e-01 5.43027639e-01 -3.93487012e-03 5.41131704e-01 3.46922182e-02
9.15440973e-01 5.46999826e-01 -3.94520874e-03 5.45118756e-01 3.47304372e-02
9.16071856e-01 5.50993398e-01 -3.95550234e-03 5.49127229e-01 3.47666261e-02
9.16700480e-01 5.55008288e-01 -3.96574517e-03 5.53157056e-01 3.48007686e-02
9.17326844e-01 5.59044429e-01 -3.97593145e-03 5.57208166e-01 3.48328486e-02
9.17950945e-01 5.63101749e-01 -3.98605536e-03 5.61280484e-01 3.48628504e-02
9.18572782e-01 5.67180171e-01 -3.99611111e-03 5.65373934e-01 3.48907587e-02
9.19192354e-01 5.71279618e-01 -4.00609287e-03 5.69488436e-01 3.49165582e-02
9.19809659e-01 5.75400007e-01 -4.01599482e-03 5.73623906e-01 3.49402341e-02
9.20424696e-01 5.79541255e-01 -4.02581110e-03 5.77780257e-01 3.49617719e-02
9.21037462e-01 5.83703272e-01 -4.03553589e-03 5.81957399e-01 3.49811574e-02
9.21647958e-01 5.87885967e-01 -4.04516332e-03 5.86155240e-01 3.49983767e-02
9.22256180e-01 5.92089247e-01 -4.05468757e-03 5.90373682e-01 3.50134161e-02
9.22862128e-01 5.96313011e-01 -4.06410278e-03 5.94612625e-01 3.50262624e-02
9.23465800e-01 6.00557160e-01 -4.07340311e-03 5.98871967e-01 3.50369027e-02
9.24067195e-01 6.04821589e-01 -4.08258272e-03 6.03151601e-01 3.50453244e-02
9.24666310e-01 6.09106190e-01 -4.09163579e-03 6.07451418e-01 3.50515153e-02
9.25263146e-01 6.13410851e-01 -4.10055650e-03 6.11771303e-01 3.50554634e-02
9.25857699e-01 6.17735458e-01 -4.10933904e-03 6.16111141e-01 3.50571571e-02
9.26449969e-01 6.22079892e-01 -4.11797762e-03 6.20470811e-01 3.50565853e-02
9.27039955e-01 6.26444033e-01 -4.12646646e-03 6.24850191e-01 3.50537372e-02
9.27627654e-01 6.30827756e-01 -4.13479982e-03 6.29249153e-01 3.50486022e-02
9.28213065e-01 6.35230932e-01 -4.14297194e-03 6.33667567e-01 3.50411703e-02
9.28796187e-01 6.39653429e-01 -4.15097713e-03 6.38105301e-01 3.50314317e-02
9.29377019e-01 6.44095113e-01 -4.15880968e-03 6.42562217e-01 3.50193771e-02
9.29955559e-01 6.48555845e-01 -4.16646395e-03 6.47038174e-01 3.50049975e-02
9.30531805e-01 6.53035483e-01 -4.17393429e-03 6.51533029e-01 3.49882843e-02
9.31105757e-01 6.57533882e-01 -4.18121512e-03 6.56046634e-01 3.49692293e-02
9.31677412e-01 6.62050893e-01 -4.18830086e-03 6.60578840e-01 3.49478248e-02
9.32246769e-01 6.66586363e-01 -4.19518599e-03 6.65129491e-01 3.49240633e-02
9.32813828e-01 6.71140136e-01 -4.20186501e-03 6.69698430e-01 3.48979379e-02
9.33378586e-01 6.75712054e-01 -4.20833248e-03 6.74285495e-01 3.48694419e-02
9.33941042e-01 6.80301954e-01 -4.21458298e-03 6.78890523e-01 3.48385692e-02
9.34501195e-01 6.84909669e-01 -4.22061115e-03 6.83513345e-01 3.48053140e-02
9.35059043e-01 6.89535029e-01 -4.22641167e-03 6.88153789e-01 3.47696711e-02
9.35614585e-01 6.94177862e-01 -4.23197928e-03 6.92811681e-01 3.47316354e-02
9.36167820e-01 6.98837990e-01 -4.23730876e-03 6.97486842e-01 3.46912025e-02
9.36718746e-01 7.03515234e-01 -4.24239495e-03 7.02179089e-01 3.46483684e-02
9.37267362e-01 7.08209409e-01 -4.24723273e-03 7.06888238e-01 3.46031293e-02
9.37813667e-01 7.12920329e-01 -4.25181705e-03 7.11614099e-01 3.45554822e-02
9.38357658e-01 7.17647803e-01 -4.25614293e-03 7.16356480e-01 3.45054242e-02
9.38899336e-01 7.22391635e-01 -4.26020543e-03 7.21115185e-01 3.44529531e-02
9.39438698e-01 7.27151630e-01 -4.26399969e-03 7.25890013e-01 3.43980670e-02
9.39975743e-01 7.31927585e-01 -4.26752090e-03 7.30680764e-01 3.43407645e-02
9.40510470e-01 7.36719296e-01 -4.27076434e-03 7.35487228e-01 3.42810446e-02
9.41042878e-01 7.41526554e-01 -4.27372533e-03 7.40309198e-01 3.42189068e-02
9.41572965e-01 7.46349148e-01 -4.27639928e-03 7.45146460e-01 3.41543510e-02
9.42100730e-01 7.51186863e-01 -4.27878168e-03 7.49998795e-01 3.40873777e-02
9.42626171e-01 7.56039480e-01 -4.28086809e-03 7.54865986e-01 3.40179878e-02
9.43149288e-01 7.60906777e-01 -4.28265412e-03 7.59747806e-01 3.39461825e-02
9.43670079e-01 7.65788528e-01 -4.28413551e-03 7.64644030e-01 3.38719637e-02
9.44188542e-01 7.70684505e-01 -4.28530805e-03 7.69554427e-01 3.37953336e-02
9.44704677e-01 7.75594474e-01 -4.28616760e-03 7.74478762e-01 3.37162950e-02
9.45218483e-01 7.80518201e-01 -4.28671014e-03 7.79416798e-01 3.36348510e-02
9.45729957e-01 7.85455445e-01 -4.28693172e-03 7.84368294e-01 3.35510054e-02
9.46239099e-01 7.90405964e-01 -4.28682847e-03 7.89333006e-01 3.34647623e-02
9.46745907e-01 7.95369512e-01 -4.28639662e-03 7.94310685e-01 3.33761263e-02
9.47250380e-01 8.00345840e-01 -4.28563249e-03 7.99301082e-01 3.32851026e-02
9.47752518e-01 8.05334693e-01 -4.28453249e-03 8.04303941e-01 3.31916968e-02
9.48252318e-01 8.10335817e-01 -4.28309315e-03 8.09319005e-01 3.30959148e-02
9.48749779e-01 8.15348952e-01 -4.28131105e-03 8.14346013e-01 3.29977634e-02
9.49244901e-01 8.20373833e-01 -4.27918291e-03 8.19384699e-01 3.28972494e-02
9.49737681e-01 8.25410196e-01 -4.27670554e-03 8.24434797e-01 3.27943805e-02
9.50228120e-01 8.30457771e-01 -4.27387584e-03 8.29496035e-01 3.26891646e-02
9.50716215e-01 8.35516284e-01 -4.27069083e-03 8.34568139e-01 3.25816102e-02
9.51201965e-01 8.40585460e-01 -4.26714761e-03 8.39650831e-01 3.24717263e-02
9.51685370e-01 8.45665019e-01 -4.26324342e-03 8.44743831e-01 3.23595224e-02
9.52166428e-01 8.50754678e-01 -4.25897558e-03 8.49846855e-01 3.22450084e-02
9.52645137e-01 8.55854153e-01 -4.25434154e-03 8.54959615e-01 3.21281948e-02
9.53121497e-01 8.60963152e-01 -4.24933885e-03 8.60081821e-01 3.20090924e-02
9.53595507e-01 8.66081385e-01 -4.24396516e-03 8.65213179e-01 3.18877127e-02
9.54067164e-01 8.71208556e-01 -4.23821827e-03 8.70353393e-01 3.17640676e-02
9.54536469e-01 8.76344366e-01 -4.23209605e-03 8.75502163e-01 3.16381695e-02
9.55003420e-01 8.81488514e-01 -4.22559651e-03 8.80659186e-01 3.15100311e-02
9.55468016e-01 8.86640695e-01 -4.21871778e-03 8.85824156e-01 3.13796660e-02
9.55930255e-01 8.91800601e-01 -4.21145811e-03 8.90996764e-01 3.12470879e-02
9.56390137e-01 8.96967922e-01 -4.20381585e-03 8.96176699e-01 3.11123111e-02
9.56847660e-01 9.02142343e-01 -4.19578949e-03 9.01363645e-01 3.09753504e-02
9.57302823e-01 9.07323548e-01 -4.18737762e-03 9.06557284e-01 3.08362212e-02
9.57755626e-01 9.12511218e-01 -4.17857898e-03 9.11757296e-01 3.06949391e-02
9.58206066e-01 9.17705028e-01 -4.16939242e-03 9.16963357e-01 3.05515205e-02
9.58654144e-01 9.22904655e-01 -4.15981691e-03 9.22175140e-01 3.04059821e-02
9.59099857e-01 9.28109769e-01 -4.14985155e-03 9.27392315e-01 3.02583410e-02
9.59543205e-01 9.33320039e-01 -4.13949556e-03 9.32614551e-01 3.01086150e-02
9.59984187e-01 9.38535131e-01 -4.12874830e-03 9.37841513e-01 2.99568221e-02
9.60422801e-01 9.43754708e-01 -4.11760925e-03 9.43072862e-01 2.98029811e-02
9.60859046e-01 9.48978431e-01 -4.10607801e-03 9.48308258e-01 2.96471109e-02
9.61292922e-01 9.54205957e-01 -4.09415433e-03 9.53547358e-01 2.94892312e-02
9.61724427e-01 9.59436941e-01 -4.08183807e-03 9.58789816e-01 2.93293619e-02
9.62153561e-01 9.64671036e-01 -4.06912922e-03 9.64035283e-01 2.91675236e-02
9.62580321e-01 9.69907891e-01 -4.05602793e-03 9.69283409e-01 2.90037371e-02
9.63004708e-01 9.75147154e-01 -4.04253443e-03 9.74533840e-01 2.88380240e-02
9.63426720e-01 9.80388469e-01 -4.02864914e-03 9.79786220e-01 2.86704060e-02
9.63846355e-01 9.85631479e-01 -4.01437256e-03 9.85040191e-01 2.85009054e-02
9.64263614e-01 9.90875823e-01 -3.99970536e-03 9.90295390e-01 2.83295450e-02
9.64678495e-01 9.96121138e-01 -3.98464832e-03 9.95551456e-01 2.81563480e-02
9.65090997e-01 1.00136706e+00 -3.96920237e-03 1.00080802e+00 2.79813381e-02
9.65501118e-01 1.00661322e+00 -3.95336855e-03 1.00606472e+00 2.78045392e-02
9.65908859e-01 1.01185925e+00 -3.93714806e-03 1.01132118e+00 2.76259760e-02
9.66314217e-01 1.01710478e+00 -3.92054221e-03 1.01657703e+00 2.74456733e-02
9.66717192e-01 1.02234943e+00 -3.90355247e-03 1.02183189e+00 2.72636566e-02
9.67117784e-01 1.02759282e+00 -3.88618042e-03 1.02708539e+00 2.70799516e-02
9.67515990e-01 1.03283458e+00 -3.86842778e-03 1.03233715e+00 2.68945846e-02
9.67911810e-01 1.03807434e+00 -3.85029641e-03 1.03758679e+00 2.67075821e-02
9.68305243e-01 1.04331169e+00 -3.83178830e-03 1.04283392e+00 2.65189713e-02
9.68696288e-01 1.04854627e+00 -3.81290556e-03 1.04807816e+00 2.63287796e-02
9.69084944e-01 1.05377767e+00 -3.79365045e-03 1.05331912e+00 2.61370348e-02
9.69471210e-01 1.05900553e+00 -3.77402537e-03 1.05855642e+00 2.59437652e-02
9.69855086e-01 1.06422944e+00 -3.75403282e-03 1.06378966e+00 2.57489995e-02
9.70236569e-01 1.06944900e+00 -3.73367547e-03 1.06901845e+00 2.55527666e-02
9.70615660e-01 1.07466384e+00 -3.71295609e-03 1.07424239e+00 2.53550960e-02
9.70992357e-01 1.07987355e+00 -3.69187760e-03 1.07946109e+00 2.51560175e-02
9.71366659e-01 1.08507774e+00 -3.67044304e-03 1.08467416e+00 2.49555613e-02
9.71738566e-01 1.09027600e+00 -3.64865560e-03 1.08988119e+00 2.47537579e-02
9.72108076e-01 1.09546793e+00 -3.62651857e-03 1.09508178e+00 2.45506383e-02
9.72475189e-01 1.10065314e+00 -3.60403538e-03 1.10027554e+00 2.43462336e-02
9.72839904e-01 1.10583122e+00 -3.58120961e-03 1.10546204e+00 2.41405755e-02
9.73202220e-01 1.11100176e+00 -3.55804494e-03 1.11064090e+00 2.39336959e-02
9.73562135e-01 1.11616436e+00 -3.53454518e-03 1.11581171e+00 2.37256272e-02
9.73919650e-01 1.12131860e+00 -3.51071427e-03 1.12097405e+00 2.35164021e-02
9.74274762e-01 1.12646409e+00 -3.48655629e-03 1.12612752e+00 2.33060534e-02
9.74627472e-01 1.13160041e+00 -3.46207542e-03 1.13127171e+00 2.30946144e-02
9.74977778e-01 1.13672715e+00 -3.43727598e-03 1.13640620e+00 2.28821189e-02
9.75325680e-01 1.14184390e+00 -3.41216240e-03 1.14153059e+00 2.26686006e-02
9.75671177e-01 1.14695024e+00 -3.38673923e-03 1.14664446e+00 2.24540938e-02
9.76014267e-01 1.15204576e+00 -3.36101115e-03 1.15174739e+00 2.22386331e-02
9.76354950e-01 1.15713004e+00 -3.33498296e-03 1.15683898e+00 2.20222532e-02
9.76693226e-01 1.16220267e+00 -3.30865957e-03 1.16191880e+00 2.18049893e-02
9.77029093e-01 1.16726323e+00 -3.28204601e-03 1.16698643e+00 2.15868767e-02
9.77362550e-01 1.17231130e+00 -3.25514741e-03 1.17204147e+00 2.13679510e-02
9.77693597e-01 1.17734646e+00 -3.22796903e-03 1.17708349e+00 2.11482482e-02
9.78022233e-01 1.18236829e+00 -3.20051624e-03 1.18211208e+00 2.09278045e-02
9.78348456e-01 1.18737638e+00 -3.17279453e-03 1.18712680e+00 2.07066563e-02
9.78672267e-01 1.19237030e+00 -3.14480947e-03 1.19212725e+00 2.04848401e-02
9.78993665e-01 1.19734963e+00 -3.11656676e-03 1.19711300e+00 2.02623930e-02
9.79312648e-01 1.20231396e+00 -3.08807221e-03 1.20208363e+00 2.00393521e-02
9.79629216e-01 1.20726285e+00 -3.05933171e-03 1.20703872e+00 1.98157546e-02
9.79943368e-01 1.21219588e+00 -3.03035128e-03 1.21197785e+00 1.95916382e-02
9.80255103e-01 1.21711265e+00 -3.00113704e-03 1.21690060e+00 1.93670406e-02
9.80564421e-01 1.22201271e+00 -2.97169517e-03 1.22180654e+00 1.91419999e-02
9.80871321e-01 1.22689565e+00 -2.94203200e-03 1.22669525e+00 1.89165540e-02
9.81175801e-01 1.23176104e+00 -2.91215393e-03 1.23156631e+00 1.86907415e-02
9.81477862e-01 1.23660847e+00 -2.88206745e-03 1.23641930e+00 1.84646007e-02
9.81777503e-01 1.24143751e+00 -2.85177916e-03 1.24125379e+00 1.82381705e-02
9.82074722e-01 1.24624774e+00 -2.82129572e-03 1.24606937e+00 1.80114896e-02
9.82369519e-01 1.25103873e+00 -2.79062391e-03 1.25086560e+00 1.77845970e-02
9.82661894e-01 1.25581007e+00 -2.75977059e-03 1.25564208e+00 1.75575318e-02
9.82951845e-01 1.26056132e+00 -2.72874268e-03 1.26039838e+00 1.73303334e-02
9.83239372e-01 1.26529208e+00 -2.69754722e-03 1.26513408e+00 1.71030411e-02
9.83524474e-01 1.27000191e+00 -2.66619130e-03 1.26984875e+00 1.68756945e-02
9.83807150e-01 1.27469040e+00 -2.63468209e-03 1.27454198e+00 1.66483331e-02
9.84087401e-01 1.27935712e+00 -2.60302686e-03 1.27921335e+00 1.64209967e-02
9.84365224e-01 1.28400167e+00 -2.57123293e-03 1.28386243e+00 1.61937252e-02
9.84640620e-01 1.28862361e+00 -2.53930770e-03 1.28848882e+00 1.59665584e-02
9.84913588e-01 1.29322254e+00 -2.50725864e-03 1.29309210e+00 1.57395363e-02
9.85184126e-01 1.29779802e+00 -2.47509328e-03 1.29767184e+00 1.55126990e-02
9.85452235e-01 1.30234966e+00 -2.44281923e-03 1.30222763e+00 1.52860866e-02
9.85717914e-01 1.30687703e+00 -2.41044414e-03 1.30675906e+00 1.50597392e-02
9.85981162e-01 1.31137971e+00 -2.37797575e-03 1.31126572e+00 1.48336972e-02
9.86241978e-01 1.31585729e+00 -2.34542182e-03 1.31574718e+00 1.46080006e-02
9.86500362e-01 1.32030937e+00 -2.31279020e-03 1.32020305e+00 1.43826898e-02
9.86756313e-01 1.32473553e+00 -2.28008876e-03 1.32463291e+00 1.41578051e-02
9.87009830e-01 1.32913535e+00 -2.24732546e-03 1.32903634e+00 1.39333867e-02
9.87260914e-01 1.33350844e+00 -2.21450827e-03 1.33341295e+00 1.37094750e-02
9.87509562e-01 1.33785438e+00 -2.18164522e-03 1.33776232e+00 1.34861102e-02
9.87755776e-01 1.34217277e+00 -2.14874440e-03 1.34208406e+00 1.32633325e-02
9.87999553e-01 1.34646320e+00 -2.11581390e-03 1.34637776e+00 1.30411824e-02
9.88240894e-01 1.35072527e+00 -2.08286189e-03 1.35064301e+00 1.28196998e-02
9.88479797e-01 1.35495858e+00 -2.04989655e-03 1.35487941e+00 1.25989250e-02
9.88716263e-01 1.35916273e+00 -2.01692610e-03 1.35908658e+00 1.23788981e-02
9.88950290e-01 1.36333732e+00 -1.98395879e-03 1.36326410e+00 1.21596592e-02
9.89181879e-01 1.36748196e+00 -1.95100289e-03 1.36741160e+00 1.19412481e-02
9.89411028e-01 1.37159625e+00 -1.91806670e-03 1.37152866e+00 1.17237048e-02
9.89637737e-01 1.37567980e+00 -1.88515854e-03 1.37561491e+00 1.15070690e-02
9.89862005e-01 1.37973221e+00 -1.85228676e-03 1.37966995e+00 1.12913806e-02
9.90083833e-01 1.38375311e+00 -1.81945971e-03 1.38369339e+00 1.10766790e-02
9.90303218e-01 1.38774210e+00 -1.78668577e-03 1.38768486e+00 1.08630037e-02
9.90520161e-01 1.39169881e+00 -1.75397332e-03 1.39164396e+00 1.06503941e-02
9.90734662e-01 1.39562284e+00 -1.72133074e-03 1.39557032e+00 1.04388895e-02
9.90946719e-01 1.39951382e+00 -1.68876644e-03 1.39946356e+00 1.02285288e-02
9.91156332e-01 1.40337138e+00 -1.65628881e-03 1.40332330e+00 1.00193510e-02
9.91363501e-01 1.40719513e+00 -1.62390625e-03 1.40714918e+00 9.81139494e-03
9.91568226e-01 1.41098471e+00 -1.59162717e-03 1.41094081e+00 9.60469913e-03
9.91770504e-01 1.41473975e+00 -1.55945995e-03 1.41469783e+00 9.39930201e-03
9.91970337e-01 1.41845988e+00 -1.52741297e-03 1.41841988e+00 9.19524182e-03
9.92167724e-01 1.42214473e+00 -1.49549461e-03 1.42210659e+00 8.99255659e-03
9.92362663e-01 1.42579394e+00 -1.46371322e-03 1.42575760e+00 8.79128416e-03
9.92555155e-01 1.42940716e+00 -1.43207716e-03 1.42937255e+00 8.59146216e-03
9.92745200e-01 1.43298403e+00 -1.40059474e-03 1.43295110e+00 8.39312798e-03
9.92932796e-01 1.43652420e+00 -1.36927427e-03 1.43649288e+00 8.19631881e-03
9.93117944e-01 1.44002731e+00 -1.33812403e-03 1.43999755e+00 8.00107157e-03
9.93300642e-01 1.44349302e+00 -1.30715225e-03 1.44346476e+00 7.80742296e-03
9.93480891e-01 1.44692098e+00 -1.27636717e-03 1.44689417e+00 7.61540941e-03
9.93658689e-01 1.45031086e+00 -1.24577697e-03 1.45028544e+00 7.42506710e-03
9.93834037e-01 1.45366231e+00 -1.21538981e-03 1.45363823e+00 7.23643193e-03
9.94006934e-01 1.45697501e+00 -1.18521379e-03 1.45695221e+00 7.04953952e-03
9.94177380e-01 1.46024861e+00 -1.15525699e-03 1.46022705e+00 6.86442520e-03
9.94345374e-01 1.46348280e+00 -1.12552744e-03 1.46346243e+00 6.68112402e-03
9.94510915e-01 1.46667724e+00 -1.09603313e-03 1.46665801e+00 6.49967070e-03
9.94674004e-01 1.46983163e+00 -1.06678198e-03 1.46981349e+00 6.32009969e-03
9.94834640e-01 1.47294563e+00 -1.03778188e-03 1.47292854e+00 6.14244506e-03
9.94992823e-01 1.47601894e+00 -1.00904065e-03 1.47600285e+00 5.96674062e-03
9.95148552e-01 1.47905124e+00 -9.80566077e-04 1.47903611e+00 5.79301978e-03
9.95301826e-01 1.48204223e+00 -9.52365862e-04 1.48202801e+00 5.62131566e-03
9.95452646e-01 1.48499160e+00 -9.24447657e-04 1.48497827e+00 5.45166099e-03
9.95601011e-01 1.48789907e+00 -8.96819048e-04 1.48788656e+00 5.28408816e-03
9.95746921e-01 1.49076432e+00 -8.69487553e-04 1.49075261e+00 5.11862920e-03
9.95890375e-01 1.49358707e+00 -8.42460620e-04 1.49357613e+00 4.95531576e-03
9.96031373e-01 1.49636704e+00 -8.15745625e-04 1.49635681e+00 4.79417908e-03
9.96169914e-01 1.49910393e+00 -7.89349870e-04 1.49909439e+00 4.63525007e-03
9.96305999e-01 1.50179747e+00 -7.63280579e-04 1.50178859e+00 4.47855919e-03
9.96439627e-01 1.50444739e+00 -7.37544896e-04 1.50443912e+00 4.32413653e-03
9.96570797e-01 1.50705340e+00 -7.12149884e-04 1.50704572e+00 4.17201175e-03
9.96699510e-01 1.50961525e+00 -6.87102521e-04 1.50960813e+00 4.02221411e-03
9.96825765e-01 1.51213268e+00 -6.62409698e-04 1.51212608e+00 3.87477244e-03
9.96949561e-01 1.51460541e+00 -6.38078217e-04 1.51459931e+00 3.72971513e-03
9.97070899e-01 1.51703320e+00 -6.14114789e-04 1.51702757e+00 3.58707015e-03
9.97189778e-01 1.51941581e+00 -5.90526032e-04 1.51941061e+00 3.44686501e-03
9.97306197e-01 1.52175297e+00 -5.67318464e-04 1.52174819e+00 3.30912678e-03
9.97420157e-01 1.52404445e+00 -5.44498510e-04 1.52404006e+00 3.17388208e-03
9.97531657e-01 1.52629002e+00 -5.22072492e-04 1.52628600e+00 3.04115704e-03
9.97640697e-01 1.52848944e+00 -5.00046629e-04 1.52848576e+00 2.91097736e-03
9.97747277e-01 1.53064248e+00 -4.78427036e-04 1.53063912e+00 2.78336822e-03
9.97851396e-01 1.53274892e+00 -4.57219721e-04 1.53274586e+00 2.65835435e-03
9.97953055e-01 1.53480854e+00 -4.36430584e-04 1.53480576e+00 2.53596000e-03
9.98052252e-01 1.53682113e+00 -4.16065414e-04 1.53681861e+00 2.41620889e-03
9.98148988e-01 1.53878647e+00 -3.96129885e-04 1.53878420e+00 2.29912429e-03
9.98243262e-01 1.54070437e+00 -3.76629559e-04 1.54070232e+00 2.18472891e-03
9.98335074e-01 1.54257463e+00 -3.57569881e-04 1.54257278e+00 2.07304501e-03
9.98424424e-01 1.54439704e+00 -3.38956176e-04 1.54439538e+00 1.96409428e-03
9.98511312e-01 1.54617141e+00 -3.20793649e-04 1.54616993e+00 1.85789794e-03
9.98595738e-01 1.54789757e+00 -3.03087384e-04 1.54789626e+00 1.75447665e-03
9.98677701e-01 1.54957533e+00 -2.85842339e-04 1.54957417e+00 1.65385056e-03
9.98757201e-01 1.55120452e+00 -2.69063349e-04 1.55120349e+00 1.55603927e-03
9.98834237e-01 1.55278496e+00 -2.52755121e-04 1.55278405e+00 1.46106185e-03
9.98908811e-01 1.55431650e+00 -2.36922231e-04 1.55431570e+00 1.36893682e-03
9.98980921e-01 1.55579896e+00 -2.21569127e-04 1.55579826e+00 1.27968217e-03
9.99050567e-01 1.55723219e+00 -2.06700124e-04 1.55723159e+00 1.19331532e-03
9.99117750e-01 1.55861605e+00 -1.92319404e-04 1.55861552e+00 1.10985314e-03
9.99182468e-01 1.55995038e+00 -1.78431014e-04 1.55994993e+00 1.02931193e-03
9.99244723e-01 1.56123505e+00 -1.65038864e-04 1.56123467e+00 9.51707441e-04
9.99304513e-01 1.56246993e+00 -1.52146728e-04 1.56246960e+00 8.77054842e-04
9.99361839e-01 1.56365487e+00 -1.39758238e-04 1.56365460e+00 8.05368739e-04
9.99416700e-01 1.56478976e+00 -1.27876889e-04 1.56478953e+00 7.36663158e-04
9.99469096e-01 1.56587448e+00 -1.16506034e-04 1.56587429e+00 6.70951549e-04
9.99519028e-01 1.56690891e+00 -1.05648881e-04 1.56690876e+00 6.08246780e-04
9.99566494e-01 1.56789295e+00 -9.53084980e-05 1.56789282e+00 5.48561131e-04
9.99611495e-01 1.56882648e+00 -8.54878055e-05 1.56882638e+00 4.91906297e-04
9.99654032e-01 1.56970942e+00 -7.61895794e-05 1.56970934e+00 4.38293381e-04
9.99694102e-01 1.57054166e+00 -6.74164488e-05 1.57054160e+00 3.87732893e-04
9.99731708e-01 1.57132312e+00 -5.91708951e-05 1.57132308e+00 3.40234747e-04
9.99766848e-01 1.57205373e+00 -5.14552512e-05 1.57205369e+00 2.95808259e-04
9.99799522e-01 1.57273339e+00 -4.42717009e-05 1.57273336e+00 2.54462143e-04
9.99829731e-01 1.57336203e+00 -3.76222779e-05 1.57336202e+00 2.16204512e-04
9.99857474e-01 1.57393961e+00 -3.15088651e-05 1.57393959e+00 1.81042873e-04
9.99882751e-01 1.57446604e+00 -2.59331942e-05 1.57446603e+00 1.48984127e-04
9.99905562e-01 1.57494127e+00 -2.08968448e-05 1.57494127e+00 1.20034569e-04
9.99925908e-01 1.57536526e+00 -1.64012439e-05 1.57536526e+00 9.41998791e-05
9.99943787e-01 1.57573796e+00 -1.24476654e-05 1.57573796e+00 7.14851307e-05
9.99959200e-01 1.57605933e+00 -9.03722953e-06 1.57605933e+00 5.18947811e-05
9.99972148e-01 1.57632933e+00 -6.17090210e-06 1.57632933e+00 3.54326717e-05
9.99982629e-01 1.57654795e+00 -3.84949319e-06 1.57654795e+00 2.21020208e-05
9.99990644e-01 1.57671515e+00 -2.07365310e-06 1.57671515e+00 1.19054009e-05
9.99996193e-01 1.57683092e+00 -8.43851983e-07 1.57683091e+00 4.84462312e-06
9.99999277e-01 1.57689527e+00 -1.60165386e-07 1.57689527e+00 9.19505845e-07
