-9.99999277e-01 1.37838731e-03 2.42868156e-09 -1.37838731e-03 -5.54284758e-09
-9.99996193e-01 1.37835918e-03 1.27919446e-08 -1.37835917e-03 -2.92022293e-08
-9.99990644e-01 1.37830860e-03 3.14173479e-08 -1.37830854e-03 -7.17562407e-08
-9.99982629e-01 1.37823560e-03 5.82766560e-08 -1.37823539e-03 -1.33195437e-07
-9.99972148e-01 1.37814024e-03 9.33236416e-08 -1.37813969e-03 -2.13493690e-07
-9.99959200e-01 1.37802260e-03 1.36497373e-07 -1.37802142e-03 -3.12615623e-07
-9.99943787e-01 1.37788278e-03 1.87722568e-07 -1.37788055e-03 -4.30517326e-07
-9.99925908e-01 1.37772090e-03 2.46909713e-07 -1.37771704e-03 -5.67146513e-07
-9.99905562e-01 1.37753710e-03 3.13955151e-07 -1.37753083e-03 -7.22442588e-07
-9.99882751e-01 1.37733154e-03 3.88741167e-07 -1.37732188e-03 -8.96336694e-07
-9.99857474e-01 1.37710440e-03 4.71136087e-07 -1.37709013e-03 -1.08875176e-06
-9.99829731e-01 1.37685586e-03 5.60994388e-07 -1.37683551e-03 -1.29960253e-06
-9.99799522e-01 1.37658614e-03 6.58156811e-07 -1.37655796e-03 -1.52879565e-06
-9.99766848e-01 1.37629546e-03 7.62450491e-07 -1.37625740e-03 -1.77622971e-06
-9.99731708e-01 1.37598409e-03 8.73689098e-07 -1.37593374e-03 -2.04179527e-06
-9.99694102e-01 1.37565228e-03 9.91672986e-07 -1.37558690e-03 -2.32537499e-06
-9.99654032e-01 1.37530032e-03 1.11618936e-06 -1.37521678e-03 -2.62684363e-06
-9.99611495e-01 1.37492850e-03 1.24701242e-06 -1.37482330e-03 -2.94606819e-06
-9.99566494e-01 1.37453715e-03 1.38390360e-06 -1.37440634e-03 -3.28290794e-06
-9.99519028e-01 1.37412659e-03 1.52661169e-06 -1.37396580e-03 -3.63721454e-06
-9.99469096e-01 1.37369719e-03 1.67487309e-06 -1.37350157e-03 -4.00883209e-06
-9.99416700e-01 1.37324929e-03 1.82841199e-06 -1.37301353e-03 -4.39759724e-06
-9.99361839e-01 1.37278329e-03 1.98694064e-06 -1.37250156e-03 -4.80333932e-06
-9.99304513e-01 1.37229958e-03 2.15015950e-06 -1.37196553e-03 -5.22588038e-06
-9.99244723e-01 1.37179857e-03 2.31775755e-06 -1.37140533e-03 -5.66503534e-06
-9.99182468e-01 1.37128069e-03 2.48941251e-06 -1.37082082e-03 -6.12061207e-06
-9.99117750e-01 1.37074637e-03 2.66479112e-06 -1.37021186e-03 -6.59241153e-06
-9.99050567e-01 1.37019607e-03 2.84354936e-06 -1.36957831e-03 -7.08022788e-06
-9.98980921e-01 1.36963027e-03 3.02533278e-06 -1.36892004e-03 -7.58384857e-06
-9.98908811e-01 1.36904942e-03 3.20977675e-06 -1.36823690e-03 -8.10305453e-06
-9.98834237e-01 1.36845404e-03 3.39650676e-06 -1.36752875e-03 -8.63762023e-06
-9.98757201e-01 1.36784462e-03 3.58513871e-06 -1.36679543e-03 -9.18731384e-06
-9.98677701e-01 1.36722168e-03 3.77527924e-06 -1.36603681e-03 -9.75189737e-06
-9.98595738e-01 1.36658574e-03 3.96652601e-06 -1.36525274e-03 -1.03311268e-05
-9.98511312e-01 1.36593734e-03 4.15846804e-06 -1.36444305e-03 -1.09247523e-05
-9.98424424e-01 1.36527703e-03 4.35068606e-06 -1.36360760e-03 -1.15325182e-05
-9.98335074e-01 1.36460536e-03 4.54275277e-06 -1.36274624e-03 -1.21541632e-05
-9.98243262e-01 1.36392291e-03 4.73423325e-06 -1.36185881e-03 -1.27894208e-05
-9.98148988e-01 1.36323024e-03 4.92468529e-06 -1.36094517e-03 -1.34380189e-05
-9.98052252e-01 1.36252793e-03 5.11365971e-06 -1.36000515e-03 -1.40996806e-05
-9.97953055e-01 1.36181659e-03 5.30070073e-06 -1.35903862e-03 -1.47741237e-05
-9.97851396e-01 1.36109679e-03 5.48534635e-06 -1.35804541e-03 -1.54610615e-05
-9.97747277e-01 1.36036916e-03 5.66712867e-06 -1.35702539e-03 -1.61602024e-05
-9.97640697e-01 1.35963428e-03 5.84557430e-06 -1.35597840e-03 -1.68712505e-05
-9.97531657e-01 1.35889279e-03 6.02020473e-06 -1.35490430e-03 -1.75939055e-05
-9.97420157e-01 1.35814530e-03 6.19053665e-06 -1.35380294e-03 -1.83278632e-05
-9.97306197e-01 1.35739242e-03 6.35608241e-06 -1.35267420e-03 -1.90728150e-05
-9.97189778e-01 1.35663480e-03 6.51635034e-06 -1.35151793e-03 -1.98284488e-05
-9.97070899e-01 1.35587306e-03 6.67084515e-06 -1.35033399e-03 -2.05944490e-05
-9.96949561e-01 1.35510783e-03 6.81906833e-06 -1.34912227e-03 -2.13704964e-05
-9.96825765e-01 1.35433975e-03 6.96051851e-06 -1.34788262e-03 -2.21562684e-05
-9.96699510e-01 1.35356945e-03 7.09469188e-06 -1.34661494e-03 -2.29514397e-05
-9.96570797e-01 1.35279758e-03 7.22108257e-06 -1.34531911e-03 -2.37556817e-05
-9.96439627e-01 1.35202476e-03 7.33918302e-06 -1.34399501e-03 -2.45686635e-05
-9.96305999e-01 1.35125164e-03 7.44848440e-06 -1.34264253e-03 -2.53900514e-05
-9.96169914e-01 1.35047885e-03 7.54847699e-06 -1.34126159e-03 -2.62195094e-05
-9.96031373e-01 1.34970703e-03 7.63865057e-06 -1.33985207e-03 -2.70566994e-05
-9.95890375e-01 1.34893682e-03 7.71849481e-06 -1.33841390e-03 -2.79012814e-05
-9.95746921e-01 1.34816884e-03 7.78749966e-06 -1.33694699e-03 -2.87529134e-05
-9.95601011e-01 1.34740372e-03 7.84515576e-06 -1.33545127e-03 -2.96112521e-05
-9.95452646e-01 1.34664208e-03 7.89095479e-06 -1.33392666e-03 -3.04759526e-05
-9.95301826e-01 1.34588455e-03 7.92438989e-06 -1.33237311e-03 -3.13466688e-05
-9.95148552e-01 1.34513175e-03 7.94495602e-06 -1.33079057e-03 -3.22230536e-05
-9.94992823e-01 1.34438428e-03 7.95215036e-06 -1.32917898e-03 -3.31047590e-05
-9.94834640e-01 1.34364275e-03 7.94547267e-06 -1.32753831e-03 -3.39914364e-05
-9.94674004e-01 1.34290775e-03 7.92442568e-06 -1.32586854e-03 -3.48827368e-05
-9.94510915e-01 1.34217989e-03 7.88851546e-06 -1.32416964e-03 -3.57783107e-05
-9.94345374e-01 1.34145974e-03 7.83725180e-06 -1.32244159e-03 -3.66778087e-05
-9.94177380e-01 1.34074789e-03 7.77014854e-06 -1.32068441e-03 -3.75808814e-05
-9.94006934e-01 1.34004490e-03 7.68672395e-06 -1.31889810e-03 -3.84871795e-05
-9.93834037e-01 1.33935133e-03 7.58650111e-06 -1.31708266e-03 -3.93963545e-05
-9.93658689e-01 1.33866775e-03 7.46900823e-06 -1.31523814e-03 -4.03080583e-05
-9.93480891e-01 1.33799468e-03 7.33377899e-06 -1.31336457e-03 -4.12219435e-05
-9.93300642e-01 1.33733266e-03 7.18035292e-06 -1.31146199e-03 -4.21376640e-05
-9.93117944e-01 1.33668222e-03 7.00827569e-06 -1.30953046e-03 -4.30548745e-05
-9.92932796e-01 1.33604387e-03 6.81709949e-06 -1.30757005e-03 -4.39732313e-05
-9.92745200e-01 1.33541810e-03 6.60638329e-06 -1.30558084e-03 -4.48923921e-05
-9.92555155e-01 1.33480541e-03 6.37569321e-06 -1.30356292e-03 -4.58120163e-05
-9.92362663e-01 1.33420627e-03 6.12460281e-06 -1.30151640e-03 -4.67317652e-05
-9.92167724e-01 1.33362115e-03 5.85269339e-06 -1.29944137e-03 -4.76513019e-05
-9.91970337e-01 1.33305049e-03 5.55955429e-06 -1.29733797e-03 -4.85702920e-05
-9.91770504e-01 1.33249475e-03 5.24478319e-06 -1.29520633e-03 -4.94884032e-05
-9.91568226e-01 1.33195434e-03 4.90798636e-06 -1.29304660e-03 -5.04053058e-05
-9.91363501e-01 1.33142967e-03 4.54877898e-06 -1.29085893e-03 -5.13206728e-05
-9.91156332e-01 1.33092115e-03 4.16678537e-06 -1.28864351e-03 -5.22341799e-05
-9.90946719e-01 1.33042915e-03 3.76163925e-06 -1.28640049e-03 -5.31455059e-05
-9.90734662e-01 1.32995405e-03 3.33298402e-06 -1.28413010e-03 -5.40543326e-05
-9.90520161e-01 1.32949620e-03 2.88047295e-06 -1.28183251e-03 -5.49603451e-05
-9.90303218e-01 1.32905594e-03 2.40376948e-06 -1.27950796e-03 -5.58632321e-05
-9.90083833e-01 1.32863359e-03 1.90254737e-06 -1.27715668e-03 -5.67626856e-05
-9.89862005e-01 1.32822947e-03 1.37649097e-06 -1.27477890e-03 -5.76584015e-05
-9.89637737e-01 1.32784386e-03 8.25295410e-07 -1.27237488e-03 -5.85500792e-05
-9.89411028e-01 1.32747703e-03 2.48666786e-07 -1.26994489e-03 -5.94374226e-05
-9.89181879e-01 1.32712926e-03 -3.53677641e-07 -1.26748920e-03 -6.03201392e-05
-9.88950290e-01 1.32680079e-03 -9.82009273e-07 -1.26500809e-03 -6.11979410e-05
-9.88716263e-01 1.32649184e-03 -1.63658800e-06 -1.26250189e-03 -6.20705443e-05
-9.88479797e-01 1.32620262e-03 -2.31766204e-06 -1.25997088e-03 -6.29376697e-05
-9.88240894e-01 1.32593333e-03 -3.02546782e-06 -1.25741541e-03 -6.37990425e-05
-9.87999553e-01 1.32568416e-03 -3.76022976e-06 -1.25483581e-03 -6.46543929e-05
-9.87755776e-01 1.32545525e-03 -4.52216025e-06 -1.25223242e-03 -6.55034555e-05
-9.87509562e-01 1.32524676e-03 -5.31145943e-06 -1.24960560e-03 -6.63459701e-05
-9.87260914e-01 1.32505881e-03 -6.12831514e-06 -1.24695573e-03 -6.71816814e-05
-9.87009830e-01 1.32489151e-03 -6.97290281e-06 -1.24428319e-03 -6.80103392e-05
-9.86756313e-01 1.32474497e-03 -7.84538535e-06 -1.24158837e-03 -6.88316986e-05
-9.86500362e-01 1.32461924e-03 -8.74591309e-06 -1.23887168e-03 -6.96455198e-05
-9.86241978e-01 1.32451441e-03 -9.67462368e-06 -1.23613353e-03 -7.04515686e-05
-9.85981162e-01 1.32443050e-03 -1.06316421e-05 -1.23337434e-03 -7.12496162e-05
-9.85717914e-01 1.32436754e-03 -1.16170805e-05 -1.23059456e-03 -7.20394391e-05
-9.85452235e-01 1.32432556e-03 -1.26310382e-05 -1.22779462e-03 -7.28208199e-05
-9.85184126e-01 1.32430453e-03 -1.36736019e-05 -1.22497500e-03 -7.35935464e-05
-9.84913588e-01 1.32430443e-03 -1.47448450e-05 -1.22213614e-03 -7.43574124e-05
-9.84640620e-01 1.32432523e-03 -1.58448286e-05 -1.21927853e-03 -7.51122176e-05
-9.84365224e-01 1.32436687e-03 -1.69736004e-05 -1.21640265e-03 -7.58577674e-05
-9.84087401e-01 1.32442927e-03 -1.81311955e-05 -1.21350900e-03 -7.65938732e-05
-9.83807150e-01 1.32451236e-03 -1.93176361e-05 -1.21059808e-03 -7.73203524e-05
-9.83524474e-01 1.32461602e-03 -2.05329317e-05 -1.20767041e-03 -7.80370283e-05
-9.83239372e-01 1.32474013e-03 -2.17770788e-05 -1.20472650e-03 -7.87437307e-05
-9.82951845e-01 1.32488456e-03 -2.30500613e-05 -1.20176687e-03 -7.94402949e-05
-9.82661894e-01 1.32504915e-03 -2.43518505e-05 -1.19879208e-03 -8.01265630e-05
-9.82369519e-01 1.32523375e-03 -2.56824048e-05 -1.19580265e-03 -8.08023827e-05
-9.82074722e-01 1.32543817e-03 -2.70416703e-05 -1.19279915e-03 -8.14676083e-05
-9.81777503e-01 1.32566222e-03 -2.84295807e-05 -1.18978213e-03 -8.21221003e-05
-9.81477862e-01 1.32590568e-03 -2.98460572e-05 -1.18675215e-03 -8.27657253e-05
-9.81175801e-01 1.32616833e-03 -3.12910087e-05 -1.18370979e-03 -8.33983563e-05
-9.80871321e-01 1.32644993e-03 -3.27643320e-05 -1.18065561e-03 -8.40198725e-05
-9.80564421e-01 1.32675024e-03 -3.42659120e-05 -1.17759021e-03 -8.46301596e-05
-9.80255103e-01 1.32706899e-03 -3.57956214e-05 -1.17451417e-03 -8.52291094e-05
-9.79943368e-01 1.32740590e-03 -3.73533215e-05 -1.17142809e-03 -8.58166200e-05
-9.79629216e-01 1.32776068e-03 -3.89388615e-05 -1.16833255e-03 -8.63925960e-05
-9.79312648e-01 1.32813303e-03 -4.05520796e-05 -1.16522816e-03 -8.69569481e-05
-9.78993665e-01 1.32852263e-03 -4.21928023e-05 -1.16211553e-03 -8.75095934e-05
-9.78672267e-01 1.32892917e-03 -4.38608452e-05 -1.15899526e-03 -8.80504552e-05
-9.78348456e-01 1.32935229e-03 -4.55560127e-05 -1.15586797e-03 -8.85794632e-05
-9.78022233e-01 1.32979166e-03 -4.72780985e-05 -1.15273427e-03 -8.90965532e-05
-9.77693597e-01 1.33024692e-03 -4.90268857e-05 -1.14959477e-03 -8.96016673e-05
-9.77362550e-01 1.33071769e-03 -5.08021469e-05 -1.14645009e-03 -9.00947536e-05
-9.77029093e-01 1.33120361e-03 -5.26036444e-05 -1.14330086e-03 -9.05757667e-05
-9.76693226e-01 1.33170427e-03 -5.44311306e-05 -1.14014770e-03 -9.10446671e-05
-9.76354950e-01 1.33221929e-03 -5.62843480e-05 -1.13699122e-03 -9.15014214e-05
-9.76014267e-01 1.33274827e-03 -5.81630295e-05 -1.13383206e-03 -9.19460022e-05
-9.75671177e-01 1.33329078e-03 -6.00668987e-05 -1.13067083e-03 -9.23783883e-05
-9.75325680e-01 1.33384640e-03 -6.19956698e-05 -1.12750815e-03 -9.27985642e-05
-9.74977778e-01 1.33441471e-03 -6.39490483e-05 -1.12434465e-03 -9.32065206e-05
-9.74627472e-01 1.33499528e-03 -6.59267310e-05 -1.12118095e-03 -9.36022539e-05
-9.74274762e-01 1.33558766e-03 -6.79284061e-05 -1.11801766e-03 -9.39857662e-05
-9.73919650e-01 1.33619140e-03 -6.99537536e-05 -1.11485541e-03 -9.43570655e-05
-9.73562135e-01 1.33680605e-03 -7.20024457e-05 -1.11169481e-03 -9.47161655e-05
-9.73202220e-01 1.33743115e-03 -7.40741467e-05 -1.10853647e-03 -9.50630854e-05
-9.72839904e-01 1.33806624e-03 -7.61685137e-05 -1.10538101e-03 -9.53978500e-05
-9.72475189e-01 1.33871086e-03 -7.82851963e-05 -1.10222902e-03 -9.57204896e-05
-9.72108076e-01 1.33936452e-03 -8.04238373e-05 -1.09908111e-03 -9.60310399e-05
-9.71738566e-01 1.34002675e-03 -8.25840729e-05 -1.09593788e-03 -9.63295420e-05
-9.71366659e-01 1.34069708e-03 -8.47655328e-05 -1.09279992e-03 -9.66160423e-05
-9.70992357e-01 1.34137502e-03 -8.69678407e-05 -1.08966782e-03 -9.68905921e-05
-9.70615660e-01 1.34206010e-03 -8.91906142e-05 -1.08654217e-03 -9.71532481e-05
-9.70236569e-01 1.34275182e-03 -9.14334655e-05 -1.08342354e-03 -9.74040720e-05
-9.69855086e-01 1.34344970e-03 -9.36960016e-05 -1.08031251e-03 -9.76431303e-05
-9.69471210e-01 1.34415325e-03 -9.59778241e-05 -1.07720964e-03 -9.78704944e-05
-9.69084944e-01 1.34486199e-03 -9.82785301e-05 -1.07411550e-03 -9.80862406e-05
-9.68696288e-01 1.34557543e-03 -1.00597712e-04 -1.07103063e-03 -9.82904497e-05
-9.68305243e-01 1.34629307e-03 -1.02934959e-04 -1.06795558e-03 -9.84832072e-05
-9.67911810e-01 1.34701444e-03 -1.05289855e-04 -1.06489089e-03 -9.86646031e-05
-9.67515990e-01 1.34773905e-03 -1.07661980e-04 -1.06183710e-03 -9.88347316e-05
-9.67117784e-01 1.34846641e-03 -1.10050913e-04 -1.05879471e-03 -9.89936915e-05
-9.66717192e-01 1.34919604e-03 -1.12456227e-04 -1.05576426e-03 -9.91415855e-05
-9.66314217e-01 1.34992746e-03 -1.14877494e-04 -1.05274623e-03 -9.92785206e-05
-9.65908859e-01 1.35066019e-03 -1.17314284e-04 -1.04974113e-03 -9.94046079e-05
-9.65501118e-01 1.35139377e-03 -1.19766162e-04 -1.04674945e-03 -9.95199620e-05
-9.65090997e-01 1.35212771e-03 -1.22232694e-04 -1.04377167e-03 -9.96247018e-05
-9.64678495e-01 1.35286155e-03 -1.24713443e-04 -1.04080824e-03 -9.97189495e-05
-9.64263614e-01 1.35359483e-03 -1.27207971e-04 -1.03785963e-03 -9.98028312e-05
-9.63846355e-01 1.35432708e-03 -1.29715837e-04 -1.03492629e-03 -9.98764761e-05
-9.63426720e-01 1.35505787e-03 -1.32236602e-04 -1.03200866e-03 -9.99400172e-05
-9.63004708e-01 1.35578673e-03 -1.34769824e-04 -1.02910715e-03 -9.99935906e-05
-9.62580321e-01 1.35651322e-03 -1.37315062e-04 -1.02622219e-03 -1.00037335e-04
-9.62153561e-01 1.35723691e-03 -1.39871875e-04 -1.02335418e-03 -1.00071394e-04
-9.61724427e-01 1.35795736e-03 -1.42439822e-04 -1.02050351e-03 -1.00095912e-04
-9.61292922e-01 1.35867415e-03 -1.45018460e-04 -1.01767057e-03 -1.00111037e-04
-9.60859046e-01 1.35938687e-03 -1.47607350e-04 -1.01485572e-03 -1.00116920e-04
-9.60422801e-01 1.36009509e-03 -1.50206053e-04 -1.01205933e-03 -1.00113714e-04
-9.59984187e-01 1.36079842e-03 -1.52814130e-04 -1.00928173e-03 -1.00101577e-04
-9.59543205e-01 1.36149646e-03 -1.55431144e-04 -1.00652327e-03 -1.00080665e-04
-9.59099857e-01 1.36218882e-03 -1.58056660e-04 -1.00378427e-03 -1.00051139e-04
-9.58654144e-01 1.36287512e-03 -1.60690245e-04 -1.00106503e-03 -1.00013163e-04
-9.58206066e-01 1.36355498e-03 -1.63331468e-04 -9.98365857e-04 -9.99669021e-05
-9.57755626e-01 1.36422805e-03 -1.65979899e-04 -9.95687031e-04 -9.99125222e-05
-9.57302823e-01 1.36489397e-03 -1.68635111e-04 -9.93028825e-04 -9.98501925e-05
-9.56847660e-01 1.36555238e-03 -1.71296682e-04 -9.90391499e-04 -9.97800836e-05
-9.56390137e-01 1.36620296e-03 -1.73964189e-04 -9.87775299e-04 -9.97023678e-05
-9.55930255e-01 1.36684537e-03 -1.76637217e-04 -9.85180459e-04 -9.96172186e-05
-9.55468016e-01 1.36747930e-03 -1.79315350e-04 -9.82607200e-04 -9.95248114e-05
-9.55003420e-01 1.36810443e-03 -1.81998177e-04 -9.80055731e-04 -9.94253226e-05
-9.54536469e-01 1.36872047e-03 -1.84685292e-04 -9.77526246e-04 -9.93189300e-05
-9.54067164e-01 1.36932712e-03 -1.87376292e-04 -9.75018928e-04 -9.92058124e-05
-9.53595507e-01 1.36992410e-03 -1.90070777e-04 -9.72533946e-04 -9.90861497e-05
-9.53121497e-01 1.37051115e-03 -1.92768352e-04 -9.70071456e-04 -9.89601226e-05
-9.52645137e-01 1.37108800e-03 -1.95468629e-04 -9.67631602e-04 -9.88279128e-05
-9.52166428e-01 1.37165440e-03 -1.98171220e-04 -9.65214515e-04 -9.86897024e-05
-9.51685370e-01 1.37221012e-03 -2.00875746e-04 -9.62820311e-04 -9.85456744e-05
-9.51201965e-01 1.37275493e-03 -2.03581829e-04 -9.60449097e-04 -9.83960123e-05
-9.50716215e-01 1.37328860e-03 -2.06289100e-04 -9.58100964e-04 -9.82408997e-05
-9.50228120e-01 1.37381092e-03 -2.08997192e-04 -9.55775991e-04 -9.80805208e-05
-9.49737681e-01 1.37432171e-03 -2.11705746e-04 -9.53474246e-04 -9.79150600e-05
-9.49244901e-01 1.37482077e-03 -2.14414406e-04 -9.51195783e-04 -9.77447017e-05
-9.48749779e-01 1.37530793e-03 -2.17122823e-04 -9.48940643e-04 -9.75696303e-05
-9.48252318e-01 1.37578302e-03 -2.19830654e-04 -9.46708857e-04 -9.73900303e-05
-9.47752518e-01 1.37624588e-03 -2.22537560e-04 -9.44500442e-04 -9.72060859e-05
-9.47250380e-01 1.37669637e-03 -2.25243210e-04 -9.42315402e-04 -9.70179812e-05
-9.46745907e-01 1.37713436e-03 -2.27947279e-04 -9.40153732e-04 -9.68258999e-05
-9.46239099e-01 1.37755972e-03 -2.30649447e-04 -9.38015413e-04 -9.66300251e-05
-9.45729957e-01 1.37797234e-03 -2.33349399e-04 -9.35900415e-04 -9.64305396e-05
-9.45218483e-01 1.37837211e-03 -2.36046830e-04 -9.33808696e-04 -9.62276256e-05
-9.44704677e-01 1.37875894e-03 -2.38741437e-04 -9.31740203e-04 -9.60214647e-05
-9.44188542e-01 1.37913276e-03 -2.41432928e-04 -9.29694871e-04 -9.58122374e-05
-9.43670079e-01 1.37949349e-03 -2.44121013e-04 -9.27672627e-04 -9.56001239e-05
-9.43149288e-01 1.37984106e-03 -2.46805413e-04 -9.25673382e-04 -9.53853030e-05
-9.42626171e-01 1.38017543e-03 -2.49485851e-04 -9.23697042e-04 -9.51679527e-05
-9.42100730e-01 1.38049655e-03 -2.52162061e-04 -9.21743498e-04 -9.49482502e-05
-9.41572965e-01 1.38080439e-03 -2.54833781e-04 -9.19812633e-04 -9.47263711e-05
-9.41042878e-01 1.38109893e-03 -2.57500756e-04 -9.17904320e-04 -9.45024901e-05
-9.40510470e-01 1.38138016e-03 -2.60162738e-04 -9.16018421e-04 -9.42767807e-05
-9.39975743e-01 1.38164807e-03 -2.62819488e-04 -9.14154791e-04 -9.40494148e-05
-9.39438698e-01 1.38190266e-03 -2.65470769e-04 -9.12313271e-04 -9.38205632e-05
-9.38899336e-01 1.38214397e-03 -2.68116356e-04 -9.10493697e-04 -9.35903949e-05
-9.38357658e-01 1.38237200e-03 -2.70756028e-04 -9.08695895e-04 -9.33590777e-05
-9.37813667e-01 1.38258679e-03 -2.73389571e-04 -9.06919682e-04 -9.31267775e-05
-9.37267362e-01 1.38278838e-03 -2.76016779e-04 -9.05164866e-04 -9.28936590e-05
-9.36718746e-01 1.38297683e-03 -2.78637452e-04 -9.03431248e-04 -9.26598848e-05
-9.36167820e-01 1.38315219e-03 -2.81251396e-04 -9.01718619e-04 -9.24256158e-05
-9.35614585e-01 1.38331452e-03 -2.83858426e-04 -9.00026766e-04 -9.21910113e-05
-9.35059043e-01 1.38346391e-03 -2.86458362e-04 -8.98355465e-04 -9.19562287e-05
-9.34501195e-01 1.38360044e-03 -2.89051031e-04 -8.96704486e-04 -9.17214233e-05
-9.33941042e-01 1.38372419e-03 -2.91636269e-04 -8.95073593e-04 -9.14867486e-05
-9.33378586e-01 1.38383527e-03 -2.94213915e-04 -8.93462542e-04 -9.12523562e-05
-9.32813828e-01 1.38393377e-03 -2.96783817e-04 -8.91871083e-04 -9.10183955e-05
-9.32246769e-01 1.38401981e-03 -2.99345831e-04 -8.90298962e-04 -9.07850138e-05
-9.31677412e-01 1.38409352e-03 -3.01899815e-04 -8.88745915e-04 -9.05523565e-05
-9.31105757e-01 1.38415500e-03 -3.04445639e-04 -8.87211676e-04 -9.03205667e-05
-9.30531805e-01 1.38420440e-03 -3.06983176e-04 -8.85695971e-04 -9.00897852e-05
-9.29955559e-01 1.38424185e-03 -3.09512306e-04 -8.84198524e-04 -8.98601509e-05
-9.29377019e-01 1.38426750e-03 -3.12032917e-04 -8.82719052e-04 -8.96318001e-05
-9.28796187e-01 1.38428150e-03 -3.14544901e-04 -8.81257268e-04 -8.94048670e-05
-9.28213065e-01 1.38428399e-03 -3.17048158e-04 -8.79812881e-04 -8.91794835e-05
-9.27627654e-01 1.38427515e-03 -3.19542593e-04 -8.78385595e-04 -8.89557791e-05
-9.27039955e-01 1.38425513e-03 -3.22028119e-04 -8.76975112e-04 -8.87338810e-05
-9.26449969e-01 1.38422410e-03 -3.24504653e-04 -8.75581129e-04 -8.85139139e-05
-9.25857699e-01 1.38418225e-03 -3.26972120e-04 -8.74203342e-04 -8.82960003e-05
-9.25263146e-01 1.38412974e-03 -3.29430448e-04 -8.72841441e-04 -8.80802601e-05
-9.24666310e-01 1.38406676e-03 -3.31879574e-04 -8.71495116e-04 -8.78668107e-05
-9.24067195e-01 1.38399350e-03 -3.34319439e-04 -8.70164053e-04 -8.76557673e-05
-9.23465800e-01 1.38391015e-03 -3.36749989e-04 -8.68847937e-04 -8.74472424e-05
-9.22862128e-01 1.38381690e-03 -3.39171178e-04 -8.67546450e-04 -8.72413461e-05
-9.22256180e-01 1.38371395e-03 -3.41582964e-04 -8.66259273e-04 -8.70381861e-05
-9.21647958e-01 1.38360150e-03 -3.43985310e-04 -8.64986086e-04 -8.68378674e-05
-9.21037462e-01 1.38347975e-03 -3.46378184e-04 -8.63726568e-04 -8.66404927e-05
-9.20424696e-01 1.38334891e-03 -3.48761561e-04 -8.62480395e-04 -8.64461620e-05
-9.19809659e-01 1.38320918e-03 -3.51135420e-04 -8.61247245e-04 -8.62549730e-05
-9.19192354e-01 1.38306079e-03 -3.53499744e-04 -8.60026794e-04 -8.60670206e-05
-9.18572782e-01 1.38290393e-03 -3.55854523e-04 -8.58818718e-04 -8.58823974e-05
-9.17950945e-01 1.38273882e-03 -3.58199751e-04 -8.57622694e-04 -8.57011934e-05
-9.17326844e-01 1.38256568e-03 -3.60535426e-04 -8.56438397e-04 -8.55234962e-05
-9.16700480e-01 1.38238473e-03 -3.62861551e-04 -8.55265506e-04 -8.53493906e-05
-9.16071856e-01 1.38219618e-03 -3.65178133e-04 -8.54103698e-04 -8.51789592e-05
-9.15440973e-01 1.38200025e-03 -3.67485185e-04 -8.52952650e-04 -8.50122820e-05
-9.14807832e-01 1.38179717e-03 -3.69782723e-04 -8.51812043e-04 -8.48494364e-05
-9.14172435e-01 1.38158714e-03 -3.72070767e-04 -8.50681558e-04 -8.46904975e-05
-9.13534783e-01 1.38137040e-03 -3.74349342e-04 -8.49560876e-04 -8.45355377e-05
-9.12894879e-01 1.38114716e-03 -3.76618477e-04 -8.48449682e-04 -8.43846272e-05
-9.12252723e-01 1.38091764e-03 -3.78878203e-04 -8.47347662e-04 -8.42378336e-05
-9.11608317e-01 1.38068207e-03 -3.81128558e-04 -8.46254503e-04 -8.40952221e-05
-9.10961663e-01 1.38044066e-03 -3.83369580e-04 -8.45169894e-04 -8.39568555e-05
-9.10312763e-01 1.38019364e-03 -3.85601313e-04 -8.44093529e-04 -8.38227942e-05
-9.09661618e-01 1.37994123e-03 -3.87823804e-04 -8.43025102e-04 -8.36930961e-05
-9.09008229e-01 1.37968364e-03 -3.90037104e-04 -8.41964310e-04 -8.35678170e-05
-9.08352599e-01 1.37942109e-03 -3.92241265e-04 -8.40910853e-04 -8.34470103e-05
-9.07694728e-01 1.37915379e-03 -3.94436345e-04 -8.39864435e-04 -8.33307268e-05
-9.07034619e-01 1.37888197e-03 -3.96622402e-04 -8.38824761e-04 -8.32190153e-05
-9.06372273e-01 1.37860584e-03 -3.98799500e-04 -8.37791541e-04 -8.31119224e-05
-9.05707691e-01 1.37832561e-03 -4.00967704e-04 -8.36764486e-04 -8.30094921e-05
-9.05040876e-01 1.37804149e-03 -4.03127082e-04 -8.35743314e-04 -8.29117666e-05
-9.04371830e-01 1.37775369e-03 -4.05277704e-04 -8.34727743e-04 -8.28187856e-05
-9.03700552e-01 1.37746242e-03 -4.07419644e-04 -8.33717496e-04 -8.27305868e-05
-9.03027046e-01 1.37716789e-03 -4.09552979e-04 -8.32712300e-04 -8.26472058e-05
-9.02351313e-01 1.37687029e-03 -4.11677785e-04 -8.31711885e-04 -8.25686759e-05
-9.01673355e-01 1.37656983e-03 -4.13794143e-04 -8.30715987e-04 -8.24950287e-05
-9.00993173e-01 1.37626671e-03 -4.15902136e-04 -8.29724342e-04 -8.24262933e-05
-9.00310769e-01 1.37596113e-03 -4.18001848e-04 -8.28736693e-04 -8.23624972e-05
-8.99626145e-01 1.37565329e-03 -4.20093366e-04 -8.27752788e-04 -8.23036658e-05
-8.98939302e-01 1.37534336e-03 -4.22176778e-04 -8.26772375e-04 -8.22498224e-05
-8.98250242e-01 1.37503155e-03 -4.24252174e-04 -8.25795210e-04 -8.22009887e-05
-8.97558967e-01 1.37471804e-03 -4.26319647e-04 -8.24821052e-04 -8.21571842e-05
-8.96865478e-01 1.37440302e-03 -4.28379289e-04 -8.23849664e-04 -8.21184270e-05
-8.96169778e-01 1.37408667e-03 -4.30431196e-04 -8.22880813e-04 -8.20847329e-05
-8.95471867e-01 1.37376916e-03 -4.32475464e-04 -8.21914272e-04 -8.20561164e-05
-8.94771748e-01 1.37345068e-03 -4.34512191e-04 -8.20949816e-04 -8.20325901e-05
-8.94069423e-01 1.37313140e-03 -4.36541476e-04 -8.19987226e-04 -8.20141649e-05
-8.93364892e-01 1.37281149e-03 -4.38563419e-04 -8.19026287e-04 -8.20008500e-05
-8.92658159e-01 1.37249111e-03 -4.40578122e-04 -8.18066788e-04 -8.19926532e-05
-8.91949223e-01 1.37217044e-03 -4.42585688e-04 -8.17108522e-04 -8.19895807e-05
-8.91238089e-01 1.37184964e-03 -4.44586219e-04 -8.16151289e-04 -8.19916370e-05
-8.90524756e-01 1.37152886e-03 -4.46579821e-04 -8.15194891e-04 -8.19988254e-05
-8.89809227e-01 1.37120826e-03 -4.48566598e-04 -8.14239133e-04 -8.20111474e-05
-8.89091503e-01 1.37088800e-03 -4.50546657e-04 -8.13283828e-04 -8.20286036e-05
-8.88371587e-01 1.37056822e-03 -4.52520103e-04 -8.12328791e-04 -8.20511928e-05
-8.87649480e-01 1.37024908e-03 -4.54487045e-04 -8.11373842e-04 -8.20789128e-05
-8.86925184e-01 1.36993071e-03 -4.56447590e-04 -8.10418804e-04 -8.21117599e-05
-8.86198701e-01 1.36961327e-03 -4.58401846e-04 -8.09463507e-04 -8.21497293e-05
-8.85470032e-01 1.36929689e-03 -4.60349923e-04 -8.08507782e-04 -8.21928151e-05
-8.84739180e-01 1.36898170e-03 -4.62291929e-04 -8.07551466e-04 -8.22410101e-05
-8.84006145e-01 1.36866785e-03 -4.64227974e-04 -8.06594400e-04 -8.22943061e-05
-8.83270931e-01 1.36835545e-03 -4.66158169e-04 -8.05636428e-04 -8.23526938e-05
-8.82533538e-01 1.36804464e-03 -4.68082621e-04 -8.04677400e-04 -8.24161630e-05
-8.81793969e-01 1.36773555e-03 -4.70001443e-04 -8.03717168e-04 -8.24847024e-05
-8.81052225e-01 1.36742829e-03 -4.71914744e-04 -8.02755588e-04 -8.25582998e-05
-8.80308308e-01 1.36712298e-03 -4.73822635e-04 -8.01792521e-04 -8.26369422e-05
-8.79562220e-01 1.36681975e-03 -4.75725225e-04 -8.00827830e-04 -8.27206158e-05
-8.78813963e-01 1.36651870e-03 -4.77622625e-04 -7.99861385e-04 -8.28093057e-05
-8.78063539e-01 1.36621995e-03 -4.79514945e-04 -7.98893055e-04 -8.29029967e-05
-8.77310949e-01 1.36592361e-03 -4.81402296e-04 -7.97922716e-04 -8.30016726e-05
-8.76556196e-01 1.36562978e-03 -4.83284787e-04 -7.96950246e-04 -8.31053166e-05
-8.75799281e-01 1.36533856e-03 -4.85162527e-04 -7.95975527e-04 -8.32139113e-05
-8.75040206e-01 1.36505007e-03 -4.87035626e-04 -7.94998444e-04 -8.33274386e-05
-8.74278973e-01 1.36476439e-03 -4.88904194e-04 -7.94018884e-04 -8.34458801e-05
-8.73515584e-01 1.36448164e-03 -4.90768338e-04 -7.93036740e-04 -8.35692168e-05
-8.72750041e-01 1.36420189e-03 -4.92628167e-04 -7.92051905e-04 -8.36974291e-05
-8.71982345e-01 1.36392525e-03 -4.94483789e-04 -7.91064277e-04 -8.38304971e-05
-8.71212499e-01 1.36365180e-03 -4.96335312e-04 -7.90073756e-04 -8.39684006e-05
-8.70440504e-01 1.36338163e-03 -4.98182842e-04 -7.89080245e-04 -8.41111189e-05
-8.69666363e-01 1.36311484e-03 -5.00026486e-04 -7.88083649e-04 -8.42586312e-05
-8.68890077e-01 1.36285150e-03 -5.01866349e-04 -7.87083877e-04 -8.44109164e-05
-8.68111648e-01 1.36259170e-03 -5.03702538e-04 -7.86080840e-04 -8.45679529e-05
-8.67331079e-01 1.36233552e-03 -5.05535156e-04 -7.85074450e-04 -8.47297194e-05
-8.66548370e-01 1.36208304e-03 -5.07364308e-04 -7.84064624e-04 -8.48961940e-05
-8.65763524e-01 1.36183433e-03 -5.09190097e-04 -7.83051279e-04 -8.50673551e-05
-8.64976543e-01 1.36158948e-03 -5.11012626e-04 -7.82034334e-04 -8.52431808e-05
-8.64187429e-01 1.36134855e-03 -5.12831996e-04 -7.81013713e-04 -8.54236491e-05
-8.63396184e-01 1.36111163e-03 -5.14648309e-04 -7.79989339e-04 -8.56087383e-05
-8.62602809e-01 1.36087878e-03 -5.16461664e-04 -7.78961138e-04 -8.57984265e-05
-8.61807307e-01 1.36065007e-03 -5.18272162e-04 -7.77929038e-04 -8.59926919e-05
-8.61009680e-01 1.36042557e-03 -5.20079902e-04 -7.76892968e-04 -8.61915130e-05
-8.60209930e-01 1.36020536e-03 -5.21884980e-04 -7.75852859e-04 -8.63948681e-05
-8.59408057e-01 1.35998949e-03 -5.23687493e-04 -7.74808645e-04 -8.66027361e-05
-8.58604066e-01 1.35977803e-03 -5.25487539e-04 -7.73760259e-04 -8.68150958e-05
-8.57797957e-01 1.35957104e-03 -5.27285211e-04 -7.72707637e-04 -8.70319264e-05
-8.56989732e-01 1.35936860e-03 -5.29080604e-04 -7.71650716e-04 -8.72532072e-05
-8.56179395e-01 1.35917075e-03 -5.30873811e-04 -7.70589434e-04 -8.74789179e-05
-8.55366945e-01 1.35897757e-03 -5.32664924e-04 -7.69523731e-04 -8.77090387e-05
-8.54552386e-01 1.35878911e-03 -5.34454034e-04 -7.68453547e-04 -8.79435499e-05
-8.53735720e-01 1.35860544e-03 -5.36241230e-04 -7.67378824e-04 -8.81824322e-05
-8.52916948e-01 1.35842660e-03 -5.38026602e-04 -7.66299503e-04 -8.84256670e-05
-8.52096073e-01 1.35825267e-03 -5.39810238e-04 -7.65215530e-04 -8.86732357e-05
-8.51273096e-01 1.35808369e-03 -5.41592224e-04 -7.64126847e-04 -8.89251206e-05
-8.50448020e-01 1.35791972e-03 -5.43372645e-04 -7.63033400e-04 -8.91813041e-05
-8.49620847e-01 1.35776082e-03 -5.45151587e-04 -7.61935135e-04 -8.94417694e-05
-8.48791578e-01 1.35760705e-03 -5.46929131e-04 -7.60831998e-04 -8.97065001e-05
-8.47960216e-01 1.35745845e-03 -5.48705360e-04 -7.59723937e-04 -8.99754804e-05
-8.47126763e-01 1.35731509e-03 -5.50480355e-04 -7.58610898e-04 -9.02486950e-05
-8.46291221e-01 1.35717702e-03 -5.52254195e-04 -7.57492830e-04 -9.05261292e-05
-8.45453591e-01 1.35704428e-03 -5.54026957e-04 -7.56369682e-04 -9.08077690e-05
-8.44613877e-01 1.35691694e-03 -5.55798720e-04 -7.55241403e-04 -9.10936010e-05
-8.43772079e-01 1.35679504e-03 -5.57569558e-04 -7.54107941e-04 -9.13836123e-05
-8.42928201e-01 1.35667863e-03 -5.59339546e-04 -7.52969248e-04 -9.16777909e-05
-8.42082244e-01 1.35656778e-03 -5.61108756e-04 -7.51825272e-04 -9.19761252e-05
-8.41234210e-01 1.35646252e-03 -5.62877260e-04 -7.50675964e-04 -9.22786046e-05
-8.40384102e-01 1.35636291e-03 -5.64645127e-04 -7.49521274e-04 -9.25852189e-05
-8.39531921e-01 1.35626899e-03 -5.66412426e-04 -7.48361154e-04 -9.28959588e-05
-8.38677669e-01 1.35618083e-03 -5.68179225e-04 -7.47195554e-04 -9.32108157e-05
-8.37821349e-01 1.35609846e-03 -5.69945589e-04 -7.46024425e-04 -9.35297816e-05
-8.36962964e-01 1.35602194e-03 -5.71711582e-04 -7.44847719e-04 -9.38528493e-05
-8.36102514e-01 1.35595131e-03 -5.73477266e-04 -7.43665387e-04 -9.41800125e-05
-8.35240002e-01 1.35588663e-03 -5.75242703e-04 -7.42477380e-04 -9.45112654e-05
-8.34375430e-01 1.35582794e-03 -5.77007952e-04 -7.41283650e-04 -9.48466031e-05
-8.33508800e-01 1.35577528e-03 -5.78773071e-04 -7.40084148e-04 -9.51860215e-05
-8.32640115e-01 1.35572871e-03 -5.80538117e-04 -7.38878827e-04 -9.55295172e-05
-8.31769377e-01 1.35568827e-03 -5.82303143e-04 -7.37667637e-04 -9.58770875e-05
-8.30896587e-01 1.35565400e-03 -5.84068202e-04 -7.36450532e-04 -9.62287305e-05
-8.30021748e-01 1.35562596e-03 -5.85833347e-04 -7.35227461e-04 -9.65844451e-05
-8.29144862e-01 1.35560418e-03 -5.87598626e-04 -7.33998379e-04 -9.69442310e-05
-8.28265931e-01 1.35558872e-03 -5.89364088e-04 -7.32763237e-04 -9.73080886e-05
-8.27384958e-01 1.35557961e-03 -5.91129778e-04 -7.31521986e-04 -9.76760191e-05
-8.26501944e-01 1.35557690e-03 -5.92895741e-04 -7.30274580e-04 -9.80480243e-05
-8.25616892e-01 1.35558063e-03 -5.94662019e-04 -7.29020970e-04 -9.84241069e-05
-8.24729804e-01 1.35559084e-03 -5.96428653e-04 -7.27761109e-04 -9.88042704e-05
-8.23840681e-01 1.35560758e-03 -5.98195681e-04 -7.26494951e-04 -9.91885188e-05
-8.22949527e-01 1.35563089e-03 -5.99963142e-04 -7.25222446e-04 -9.95768570e-05
-8.22056344e-01 1.35566080e-03 -6.01731069e-04 -7.23943550e-04 -9.99692906e-05
-8.21161133e-01 1.35569736e-03 -6.03499495e-04 -7.22658213e-04 -1.00365826e-04
-8.20263897e-01 1.35574060e-03 -6.05268453e-04 -7.21366391e-04 -1.00766470e-04
-8.19364639e-01 1.35579057e-03 -6.07037971e-04 -7.20068037e-04 -1.01171230e-04
-8.18463359e-01 1.35584730e-03 -6.08808077e-04 -7.18763105e-04 -1.01580114e-04
-8.17560061e-01 1.35591082e-03 -6.10578795e-04 -7.17451548e-04 -1.01993132e-04
-8.16654747e-01 1.35598117e-03 -6.12350150e-04 -7.16133322e-04 -1.02410293e-04
-8.15747419e-01 1.35605839e-03 -6.14122161e-04 -7.14808381e-04 -1.02831608e-04
-8.14838079e-01 1.35614251e-03 -6.15894849e-04 -7.13476680e-04 -1.03257086e-04
-8.13926729e-01 1.35623356e-03 -6.17668230e-04 -7.12138176e-04 -1.03686739e-04
-8.13013373e-01 1.35633157e-03 -6.19442320e-04 -7.10792825e-04 -1.04120580e-04
-8.12098011e-01 1.35643657e-03 -6.21217130e-04 -7.09440583e-04 -1.04558620e-04
-8.11180646e-01 1.35654860e-03 -6.22992673e-04 -7.08081407e-04 -1.05000873e-04
-8.10261281e-01 1.35666767e-03 -6.24768955e-04 -7.06715256e-04 -1.05447352e-04
-8.09339918e-01 1.35679382e-03 -6.26545984e-04 -7.05342087e-04 -1.05898071e-04
-8.08416559e-01 1.35692706e-03 -6.28323764e-04 -7.03961860e-04 -1.06353043e-04
-8.07491206e-01 1.35706744e-03 -6.30102296e-04 -7.02574535e-04 -1.06812285e-04
-8.06563861e-01 1.35721496e-03 -6.31881580e-04 -7.01180071e-04 -1.07275811e-04
-8.05634528e-01 1.35736964e-03 -6.33661614e-04 -6.99778430e-04 -1.07743637e-04
-8.04703207e-01 1.35753151e-03 -6.35442393e-04 -6.98369575e-04 -1.08215778e-04
-8.03769903e-01 1.35770059e-03 -6.37223909e-04 -6.96953467e-04 -1.08692251e-04
-8.02834616e-01 1.35787689e-03 -6.39006154e-04 -6.95530071e-04 -1.09173072e-04
-8.01897349e-01 1.35806043e-03 -6.40789115e-04 -6.94099351e-04 -1.09658257e-04
-8.00958104e-01 1.35825121e-03 -6.42572778e-04 -6.92661272e-04 -1.10147824e-04
-8.00016884e-01 1.35844925e-03 -6.44357128e-04 -6.91215802e-04 -1.10641789e-04
-7.99073691e-01 1.35865457e-03 -6.46142145e-04 -6.89762908e-04 -1.11140170e-04
-7.98128528e-01 1.35886716e-03 -6.47927808e-04 -6.88302558e-04 -1.11642984e-04
-7.97181396e-01 1.35908704e-03 -6.49714095e-04 -6.86834722e-04 -1.12150248e-04
-7.96232298e-01 1.35931421e-03 -6.51500979e-04 -6.85359371e-04 -1.12661980e-04
-7.95281236e-01 1.35954866e-03 -6.53288432e-04 -6.83876477e-04 -1.13178198e-04
-7.94328214e-01 1.35979042e-03 -6.55076424e-04 -6.82386014e-04 -1.13698918e-04
-7.93373232e-01 1.36003946e-03 -6.56864923e-04 -6.80887955e-04 -1.14224157e-04
-7.92416293e-01 1.36029579e-03 -6.58653892e-04 -6.79382276e-04 -1.14753935e-04
-7.91457401e-01 1.36055940e-03 -6.60443295e-04 -6.77868955e-04 -1.15288266e-04
-7.90496556e-01 1.36083028e-03 -6.62233091e-04 -6.76347969e-04 -1.15827169e-04
-7.89533763e-01 1.36110844e-03 -6.64023239e-04 -6.74819299e-04 -1.16370660e-04
-7.88569022e-01 1.36139384e-03 -6.65813693e-04 -6.73282925e-04 -1.16918755e-04
-7.87602336e-01 1.36168649e-03 -6.67604407e-04 -6.71738831e-04 -1.17471471e-04
-7.86633708e-01 1.36198637e-03 -6.69395332e-04 -6.70186999e-04 -1.18028823e-04
-7.85663139e-01 1.36229345e-03 -6.71186415e-04 -6.68627415e-04 -1.18590827e-04
-7.84690634e-01 1.36260773e-03 -6.72977603e-04 -6.67060067e-04 -1.19157498e-04
-7.83716193e-01 1.36292917e-03 -6.74768840e-04 -6.65484941e-04 -1.19728851e-04
-7.82739819e-01 1.36325775e-03 -6.76560066e-04 -6.63902029e-04 -1.20304900e-04
-7.81761515e-01 1.36359345e-03 -6.78351222e-04 -6.62311322e-04 -1.20885658e-04
-7.80781283e-01 1.36393624e-03 -6.80142243e-04 -6.60712812e-04 -1.21471139e-04
-7.79799126e-01 1.36428609e-03 -6.81933065e-04 -6.59106494e-04 -1.22061354e-04
-7.78815045e-01 1.36464296e-03 -6.83723619e-04 -6.57492363e-04 -1.22656316e-04
-7.77829044e-01 1.36500683e-03 -6.85513836e-04 -6.55870419e-04 -1.23256035e-04
-7.76841124e-01 1.36537765e-03 -6.87303644e-04 -6.54240659e-04 -1.23860523e-04
-7.75851289e-01 1.36575539e-03 -6.89092968e-04 -6.52603084e-04 -1.24469788e-04
-7.74859540e-01 1.36614000e-03 -6.90881732e-04 -6.50957697e-04 -1.25083839e-04
-7.73865880e-01 1.36653144e-03 -6.92669858e-04 -6.49304502e-04 -1.25702685e-04
-7.72870312e-01 1.36692967e-03 -6.94457264e-04 -6.47643504e-04 -1.26326332e-04
-7.71872838e-01 1.36733464e-03 -6.96243868e-04 -6.45974710e-04 -1.26954786e-04
-7.70873460e-01 1.36774630e-03 -6.98029585e-04 -6.44298129e-04 -1.27588052e-04
-7.69872181e-01 1.36816460e-03 -6.99814328e-04 -6.42613772e-04 -1.28226135e-04
-7.68869004e-01 1.36858948e-03 -7.01598008e-04 -6.40921649e-04 -1.28869036e-04
-7.67863930e-01 1.36902090e-03 -7.03380536e-04 -6.39221775e-04 -1.29516759e-04
-7.66856963e-01 1.36945878e-03 -7.05161817e-04 -6.37514163e-04 -1.30169304e-04
-7.65848104e-01 1.36990308e-03 -7.06941758e-04 -6.35798832e-04 -1.30826670e-04
-7.64837357e-01 1.37035372e-03 -7.08720262e-04 -6.34075798e-04 -1.31488856e-04
-7.63824724e-01 1.37081066e-03 -7.10497231e-04 -6.32345081e-04 -1.32155859e-04
-7.62810206e-01 1.37127382e-03 -7.12272565e-04 -6.30606702e-04 -1.32827675e-04
-7.61793808e-01 1.37174313e-03 -7.14046163e-04 -6.28860683e-04 -1.33504297e-04
-7.60775531e-01 1.37221854e-03 -7.15817921e-04 -6.27107048e-04 -1.34185720e-04
-7.59755377e-01 1.37269996e-03 -7.17587735e-04 -6.25345822e-04 -1.34871935e-04
-7.58733350e-01 1.37318733e-03 -7.19355498e-04 -6.23577032e-04 -1.35562931e-04
-7.57709452e-01 1.37368057e-03 -7.21121102e-04 -6.21800704e-04 -1.36258698e-04
-7.56683685e-01 1.37417961e-03 -7.22884439e-04 -6.20016870e-04 -1.36959223e-04
-7.55656053e-01 1.37468437e-03 -7.24645396e-04 -6.18225558e-04 -1.37664492e-04
-7.54626556e-01 1.37519478e-03 -7.26403864e-04 -6.16426800e-04 -1.38374489e-04
-7.53595199e-01 1.37571075e-03 -7.28159727e-04 -6.14620630e-04 -1.39089196e-04
-7.52561982e-01 1.37623220e-03 -7.29912872e-04 -6.12807081e-04 -1.39808593e-04
-7.51526911e-01 1.37675906e-03 -7.31663182e-04 -6.10986188e-04 -1.40532661e-04
-7.50489985e-01 1.37729123e-03 -7.33410541e-04 -6.09157988e-04 -1.41261377e-04
-7.49451209e-01 1.37782864e-03 -7.35154832e-04 -6.07322517e-04 -1.41994716e-04
-7.48410585e-01 1.37837121e-03 -7.36895935e-04 -6.05479814e-04 -1.42732652e-04
-7.47368114e-01 1.37891883e-03 -7.38633730e-04 -6.03629918e-04 -1.43475158e-04
-7.46323801e-01 1.37947144e-03 -7.40368098e-04 -6.01772869e-04 -1.44222203e-04
-7.45277647e-01 1.38002893e-03 -7.42098916e-04 -5.99908708e-04 -1.44973756e-04
-7.44229655e-01 1.38059123e-03 -7.43826062e-04 -5.98037476e-04 -1.45729785e-04
-7.43179828e-01 1.38115824e-03 -7.45549415e-04 -5.96159216e-04 -1.46490252e-04
-7.42128168e-01 1.38172987e-03 -7.47268849e-04 -5.94273971e-04 -1.47255122e-04
-7.41074678e-01 1.38230603e-03 -7.48984243e-04 -5.92381784e-04 -1.48024355e-04
-7.40019360e-01 1.38288663e-03 -7.50695471e-04 -5.90482701e-04 -1.48797910e-04
-7.38962217e-01 1.38347159e-03 -7.52402410e-04 -5.88576765e-04 -1.49575743e-04
-7.37903252e-01 1.38406080e-03 -7.54104933e-04 -5.86664023e-04 -1.50357811e-04
-7.36842467e-01 1.38465418e-03 -7.55802917e-04 -5.84744519e-04 -1.51144064e-04
-7.35779864e-01 1.38525164e-03 -7.57496235e-04 -5.82818301e-04 -1.51934455e-04
-7.34715448e-01 1.38585307e-03 -7.59184763e-04 -5.80885415e-04 -1.52728933e-04
-7.33649219e-01 1.38645840e-03 -7.60868376e-04 -5.78945907e-04 -1.53527443e-04
-7.32581181e-01 1.38706753e-03 -7.62546948e-04 -5.76999824e-04 -1.54329930e-04
-7.31511336e-01 1.38768037e-03 -7.64220354e-04 -5.75047213e-04 -1.55136337e-04
-7.30439687e-01 1.38829682e-03 -7.65888471e-04 -5.73088123e-04 -1.55946605e-04
-7.29366237e-01 1.38891680e-03 -7.67551172e-04 -5.71122599e-04 -1.56760672e-04
-7.28290988e-01 1.38954022e-03 -7.69208335e-04 -5.69150689e-04 -1.57578473e-04
-7.27213943e-01 1.39016698e-03 -7.70859836e-04 -5.67172441e-04 -1.58399943e-04
-7.26135105e-01 1.39079700e-03 -7.72505552e-04 -5.65187900e-04 -1.59225015e-04
-7.25054476e-01 1.39143019e-03 -7.74145361e-04 -5.63197115e-04 -1.60053617e-04
-7.23972059e-01 1.39206645e-03 -7.75779141e-04 -5.61200132e-04 -1.60885677e-04
-7.22887856e-01 1.39270571e-03 -7.77406772e-04 -5.59196997e-04 -1.61721122e-04
-7.21801870e-01 1.39334788e-03 -7.79028134e-04 -5.57187755e-04 -1.62559874e-04
-7.20714105e-01 1.39399286e-03 -7.80643108e-04 -5.55172454e-04 -1.63401855e-04
-7.19624562e-01 1.39464059e-03 -7.82251577e-04 -5.53151137e-04 -1.64246984e-04
-7.18533244e-01 1.39529097e-03 -7.83853423e-04 -5.51123849e-04 -1.65095177e-04
-7.17440155e-01 1.39594393e-03 -7.85448531e-04 -5.49090634e-04 -1.65946351e-04
-7.16345296e-01 1.39659937e-03 -7.87036788e-04 -5.47051537e-04 -1.66800417e-04
-7.15248670e-01 1.39725724e-03 -7.88618080e-04 -5.45006599e-04 -1.67657287e-04
-7.14150280e-01 1.39791744e-03 -7.90192297e-04 -5.42955862e-04 -1.68516868e-04
-7.13050130e-01 1.39857990e-03 -7.91759328e-04 -5.40899369e-04 -1.69379068e-04
-7.11948220e-01 1.39924455e-03 -7.93319065e-04 -5.38837159e-04 -1.70243791e-04
-7.10844555e-01 1.39991131e-03 -7.94871402e-04 -5.36769272e-04 -1.71110939e-04
-7.09739137e-01 1.40058012e-03 -7.96416234e-04 -5.34695747e-04 -1.71980413e-04
-7.08631969e-01 1.40125090e-03 -7.97953459e-04 -5.32616623e-04 -1.72852111e-04
-7.07523053e-01 1.40192359e-03 -7.99482974e-04 -5.30531935e-04 -1.73725930e-04
-7.06412392e-01 1.40259813e-03 -8.01004682e-04 -5.28441720e-04 -1.74601763e-04
-7.05299989e-01 1.40327444e-03 -8.02518486e-04 -5.26346013e-04 -1.75479504e-04
-7.04185846e-01 1.40395248e-03 -8.04024290e-04 -5.24244847e-04 -1.76359042e-04
-7.03069967e-01 1.40463217e-03 -8.05522003e-04 -5.22138256e-04 -1.77240266e-04
-7.01952354e-01 1.40531347e-03 -8.07011533e-04 -5.20026270e-04 -1.78123064e-04
-7.00833010e-01 1.40599631e-03 -8.08492793e-04 -5.17908921e-04 -1.79007319e-04
-6.99711937e-01 1.40668065e-03 -8.09965698e-04 -5.15786237e-04 -1.79892915e-04
-6.98589139e-01 1.40736644e-03 -8.11430164e-04 -5.13658247e-04 -1.80779733e-04
-6.97464618e-01 1.40805363e-03 -8.12886112e-04 -5.11524977e-04 -1.81667653e-04
-6.96338377e-01 1.40874217e-03 -8.14333463e-04 -5.09386452e-04 -1.82556552e-04
-6.95210419e-01 1.40943202e-03 -8.15772142e-04 -5.07242697e-04 -1.83446306e-04
-6.94080746e-01 1.41012315e-03 -8.17202076e-04 -5.05093734e-04 -1.84336789e-04
-6.92949362e-01 1.41081550e-03 -8.18623197e-04 -5.02939586e-04 -1.85227875e-04
-6.91816268e-01 1.41150906e-03 -8.20035438e-04 -5.00780271e-04 -1.86119434e-04
-6.90681469e-01 1.41220378e-03 -8.21438734e-04 -4.98615810e-04 -1.87011336e-04
-6.89544966e-01 1.41289964e-03 -8.22833025e-04 -4.96446218e-04 -1.87903449e-04
-6.88406763e-01 1.41359661e-03 -8.24218254e-04 -4.94271513e-04 -1.88795641e-04
-6.87266861e-01 1.41429466e-03 -8.25594366e-04 -4.92091709e-04 -1.89687775e-04
-6.86125265e-01 1.41499378e-03 -8.26961308e-04 -4.89906819e-04 -1.90579715e-04
-6.84981977e-01 1.41569393e-03 -8.28319034e-04 -4.87716854e-04 -1.91471326e-04
-6.83837000e-01 1.41639512e-03 -8.29667498e-04 -4.85521826e-04 -1.92362466e-04
-6.82690336e-01 1.41709732e-03 -8.31006658e-04 -4.83321743e-04 -1.93252998e-04
-6.81541988e-01 1.41780052e-03 -8.32336477e-04 -4.81116613e-04 -1.94142778e-04
-6.80391960e-01 1.41850472e-03 -8.33656918e-04 -4.78906442e-04 -1.95031666e-04
-6.79240254e-01 1.41920991e-03 -8.34967951e-04 -4.76691235e-04 -1.95919518e-04
-6.78086872e-01 1.41991609e-03 -8.36269548e-04 -4.74470994e-04 -1.96806189e-04
-6.76931818e-01 1.42062325e-03 -8.37561684e-04 -4.72245723e-04 -1.97691533e-04
-6.75775095e-01 1.42133141e-03 -8.38844338e-04 -4.70015421e-04 -1.98575406e-04
-6.74616706e-01 1.42204056e-03 -8.40117493e-04 -4.67780088e-04 -1.99457659e-04
-6.73456652e-01 1.42275072e-03 -8.41381135e-04 -4.65539722e-04 -2.00338144e-04
-6.72294938e-01 1.42346190e-03 -8.42635254e-04 -4.63294319e-04 -2.01216714e-04
-6.71131566e-01 1.42417411e-03 -8.43879844e-04 -4.61043875e-04 -2.02093217e-04
-6.69966538e-01 1.42488737e-03 -8.45114902e-04 -4.58788384e-04 -2.02967506e-04
-6.68799859e-01 1.42560169e-03 -8.46340429e-04 -4.56527838e-04 -2.03839428e-04
-6.67631530e-01 1.42631711e-03 -8.47556430e-04 -4.54262229e-04 -2.04708833e-04
-6.66461554e-01 1.42703365e-03 -8.48762913e-04 -4.51991548e-04 -2.05575569e-04
-6.65289935e-01 1.42775133e-03 -8.49959892e-04 -4.49715782e-04 -2.06439485e-04
-6.64116675e-01 1.42847018e-03 -8.51147382e-04 -4.47434920e-04 -2.07300428e-04
-6.62941778e-01 1.42919025e-03 -8.52325403e-04 -4.45148950e-04 -2.08158246e-04
-6.61765245e-01 1.42991155e-03 -8.53493980e-04 -4.42857856e-04 -2.09012786e-04
-6.60587080e-01 1.43063414e-03 -8.54653140e-04 -4.40561622e-04 -2.09863895e-04
-6.59407287e-01 1.43135806e-03 -8.55802914e-04 -4.38260234e-04 -2.10711422e-04
-6.58225867e-01 1.43208334e-03 -8.56943339e-04 -4.35953673e-04 -2.11555212e-04
-6.57042824e-01 1.43281003e-03 -8.58074453e-04 -4.33641920e-04 -2.12395114e-04
-6.55858160e-01 1.43353819e-03 -8.59196301e-04 -4.31324956e-04 -2.13230974e-04
-6.54671879e-01 1.43426786e-03 -8.60308929e-04 -4.29002762e-04 -2.14062641e-04
-6.53483983e-01 1.43499909e-03 -8.61412388e-04 -4.26675315e-04 -2.14889963e-04
-6.52294476e-01 1.43573195e-03 -8.62506733e-04 -4.24342594e-04 -2.15712788e-04
-6.51103360e-01 1.43646648e-03 -8.63592023e-04 -4.22004575e-04 -2.16530964e-04
-6.49910639e-01 1.43720276e-03 -8.64668321e-04 -4.19661237e-04 -2.17344342e-04
-6.48716314e-01 1.43794083e-03 -8.65735694e-04 -4.17312553e-04 -2.18152771e-04
-6.47520390e-01 1.43868078e-03 -8.66794211e-04 -4.14958499e-04 -2.18956102e-04
-6.46322869e-01 1.43942265e-03 -8.67843947e-04 -4.12599051e-04 -2.19754185e-04
-6.45123754e-01 1.44016653e-03 -8.68884979e-04 -4.10234181e-04 -2.20546874e-04
-6.43923048e-01 1.44091247e-03 -8.69917391e-04 -4.07863862e-04 -2.21334021e-04
-6.42720754e-01 1.44166056e-03 -8.70941267e-04 -4.05488069e-04 -2.22115479e-04
-6.41516875e-01 1.44241087e-03 -8.71956696e-04 -4.03106772e-04 -2.22891105e-04
-6.40311414e-01 1.44316348e-03 -8.72963772e-04 -4.00719945e-04 -2.23660753e-04
-6.39104373e-01 1.44391845e-03 -8.73962591e-04 -3.98327558e-04 -2.24424282e-04
-6.37895757e-01 1.44467589e-03 -8.74953255e-04 -3.95929584e-04 -2.25181549e-04
-6.36685567e-01 1.44543585e-03 -8.75935866e-04 -3.93525992e-04 -2.25932415e-04
-6.35473807e-01 1.44619843e-03 -8.76910532e-04 -3.91116753e-04 -2.26676739e-04
-6.34260480e-01 1.44696372e-03 -8.77877366e-04 -3.88701839e-04 -2.27414386e-04
-6.33045589e-01 1.44773179e-03 -8.78836481e-04 -3.86281219e-04 -2.28145218e-04
-6.31829137e-01 1.44850274e-03 -8.79787996e-04 -3.83854864e-04 -2.28869102e-04
-6.30611126e-01 1.44927665e-03 -8.80732033e-04 -3.81422744e-04 -2.29585905e-04
-6.29391561e-01 1.45005362e-03 -8.81668716e-04 -3.78984829e-04 -2.30295495e-04
-6.28170443e-01 1.45083374e-03 -8.82598175e-04 -3.76541089e-04 -2.30997744e-04
-6.26947776e-01 1.45161710e-03 -8.83520541e-04 -3.74091494e-04 -2.31692524e-04
-6.25723562e-01 1.45240379e-03 -8.84435949e-04 -3.71636015e-04 -2.32379711e-04
-6.24497806e-01 1.45319391e-03 -8.85344538e-04 -3.69174621e-04 -2.33059179e-04
-6.23270509e-01 1.45398756e-03 -8.86246449e-04 -3.66707284e-04 -2.33730810e-04
-6.22041676e-01 1.45478483e-03 -8.87141826e-04 -3.64233974e-04 -2.34394482e-04
-6.20811308e-01 1.45558583e-03 -8.88030818e-04 -3.61754663e-04 -2.35050081e-04
-6.19579410e-01 1.45639065e-03 -8.88913576e-04 -3.59269320e-04 -2.35697489e-04
-6.18345983e-01 1.45719938e-03 -8.89790252e-04 -3.56777918e-04 -2.36336597e-04
-6.17111031e-01 1.45801215e-03 -8.90661004e-04 -3.54280428e-04 -2.36967293e-04
-6.15874558e-01 1.45882903e-03 -8.91525991e-04 -3.51776823e-04 -2.37589470e-04
-6.14636565e-01 1.45965014e-03 -8.92385375e-04 -3.49267075e-04 -2.38203024e-04
-6.13397057e-01 1.46047559e-03 -8.93239322e-04 -3.46751156e-04 -2.38807853e-04
-6.12156036e-01 1.46130546e-03 -8.94087998e-04 -3.44229041e-04 -2.39403856e-04
-6.10913506e-01 1.46213988e-03 -8.94931573e-04 -3.41700704e-04 -2.39990938e-04
-6.09669468e-01 1.46297894e-03 -8.95770222e-04 -3.39166117e-04 -2.40569003e-04
-6.08423928e-01 1.46382274e-03 -8.96604117e-04 -3.36625257e-04 -2.41137962e-04
-6.07176887e-01 1.46467140e-03 -8.97433438e-04 -3.34078098e-04 -2.41697725e-04
-6.05928348e-01 1.46552502e-03 -8.98258364e-04 -3.31524616e-04 -2.42248208e-04
-6.04678315e-01 1.46638370e-03 -8.99079076e-04 -3.28964788e-04 -2.42789328e-04
-6.03426791e-01 1.46724756e-03 -8.99895760e-04 -3.26398590e-04 -2.43321007e-04
-6.02173778e-01 1.46811669e-03 -9.00708600e-04 -3.23826001e-04 -2.43843167e-04
-6.00919281e-01 1.46899122e-03 -9.01517786e-04 -3.21246998e-04 -2.44355737e-04
-5.99663302e-01 1.46987123e-03 -9.02323507e-04 -3.18661559e-04 -2.44858647e-04
-5.98405843e-01 1.47075685e-03 -9.03125956e-04 -3.16069666e-04 -2.45351831e-04
-5.97146909e-01 1.47164817e-03 -9.03925326e-04 -3.13471296e-04 -2.45835225e-04
-5.95886503e-01 1.47254531e-03 -9.04721812e-04 -3.10866432e-04 -2.46308771e-04
-5.94624627e-01 1.47344838e-03 -9.05515612e-04 -3.08255054e-04 -2.46772411e-04
-5.93361284e-01 1.47435747e-03 -9.06306923e-04 -3.05637144e-04 -2.47226095e-04
-5.92096478e-01 1.47527270e-03 -9.07095947e-04 -3.03012685e-04 -2.47669771e-04
-5.90830212e-01 1.47619418e-03 -9.07882884e-04 -3.00381660e-04 -2.48103396e-04
-5.89562488e-01 1.47712201e-03 -9.08667936e-04 -2.97744053e-04 -2.48526927e-04
-5.88293311e-01 1.47805630e-03 -9.09451308e-04 -2.95099847e-04 -2.48940325e-04
-5.87022683e-01 1.47899715e-03 -9.10233204e-04 -2.92449029e-04 -2.49343557e-04
-5.85750607e-01 1.47994468e-03 -9.11013830e-04 -2.89791584e-04 -2.49736592e-04
-5.84477087e-01 1.48089899e-03 -9.11793392e-04 -2.87127498e-04 -2.50119402e-04
-5.83202125e-01 1.48186018e-03 -9.12572099e-04 -2.84456757e-04 -2.50491964e-04
-5.81925725e-01 1.48282837e-03 -9.13350157e-04 -2.81779350e-04 -2.50854260e-04
-5.80647890e-01 1.48380366e-03 -9.14127777e-04 -2.79095265e-04 -2.51206272e-04
-5.79368623e-01 1.48478615e-03 -9.14905167e-04 -2.76404489e-04 -2.51547990e-04
-5.78087927e-01 1.48577595e-03 -9.15682538e-04 -2.73707013e-04 -2.51879405e-04
-5.76805805e-01 1.48677316e-03 -9.16460098e-04 -2.71002825e-04 -2.52200515e-04
-5.75522261e-01 1.48777789e-03 -9.17238060e-04 -2.68291916e-04 -2.52511318e-04
-5.74237298e-01 1.48879025e-03 -9.18016633e-04 -2.65574277e-04 -2.52811820e-04
-5.72950918e-01 1.48981033e-03 -9.18796027e-04 -2.62849897e-04 -2.53102027e-04
-5.71663126e-01 1.49083824e-03 -9.19576455e-04 -2.60118770e-04 -2.53381953e-04
-5.70373923e-01 1.49187409e-03 -9.20358125e-04 -2.57380886e-04 -2.53651613e-04
-5.69083314e-01 1.49291797e-03 -9.21141250e-04 -2.54636237e-04 -2.53911028e-04
-5.67791302e-01 1.49396999e-03 -9.21926037e-04 -2.51884817e-04 -2.54160221e-04
-5.66497889e-01 1.49503026e-03 -9.22712698e-04 -2.49126619e-04 -2.54399221e-04
-5.65203079e-01 1.49609887e-03 -9.23501441e-04 -2.46361634e-04 -2.54628060e-04
-5.63906875e-01 1.49717592e-03 -9.24292474e-04 -2.43589857e-04 -2.54846774e-04
-5.62609281e-01 1.49826152e-03 -9.25086006e-04 -2.40811282e-04 -2.55055405e-04
-5.61310299e-01 1.49935577e-03 -9.25882243e-04 -2.38025901e-04 -2.55253995e-04
-5.60009933e-01 1.50045876e-03 -9.26681392e-04 -2.35233710e-04 -2.55442595e-04
-5.58708186e-01 1.50157060e-03 -9.27483658e-04 -2.32434701e-04 -2.55621257e-04
-5.57405060e-01 1.50269139e-03 -9.28289244e-04 -2.29628870e-04 -2.55790037e-04
-5.56100561e-01 1.50382122e-03 -9.29098354e-04 -2.26816210e-04 -2.55948996e-04
-5.54794689e-01 1.50496019e-03 -9.29911190e-04 -2.23996715e-04 -2.56098199e-04
-5.53487450e-01 1.50610841e-03 -9.30727951e-04 -2.21170380e-04 -2.56237714e-04
-5.52178845e-01 1.50726598e-03 -9.31548837e-04 -2.18337199e-04 -2.56367616e-04
-5.50868879e-01 1.50843298e-03 -9.32374045e-04 -2.15497165e-04 -2.56487980e-04
-5.49557555e-01 1.50960951e-03 -9.33203770e-04 -2.12650272e-04 -2.56598887e-04
-5.48244874e-01 1.51079568e-03 -9.34038206e-04 -2.09796515e-04 -2.56700422e-04
-5.46930842e-01 1.51199158e-03 -9.34877545e-04 -2.06935886e-04 -2.56792674e-04
-5.45615461e-01 1.51319731e-03 -9.35721978e-04 -2.04068378e-04 -2.56875735e-04
-5.44298735e-01 1.51441296e-03 -9.36571692e-04 -2.01193985e-04 -2.56949702e-04
-5.42980666e-01 1.51563862e-03 -9.37426874e-04 -1.98312698e-04 -2.57014675e-04
-5.41661258e-01 1.51687440e-03 -9.38287707e-04 -1.95424510e-04 -2.57070759e-04
-5.40340514e-01 1.51812039e-03 -9.39154372e-04 -1.92529413e-04 -2.57118061e-04
-5.39018438e-01 1.51937669e-03 -9.40027049e-04 -1.89627398e-04 -2.57156694e-04
-5.37695032e-01 1.52064338e-03 -9.40905914e-04 -1.86718455e-04 -2.57186771e-04
-5.36370301e-01 1.52192056e-03 -9.41791141e-04 -1.83802574e-04 -2.57208413e-04
-5.35044246e-01 1.52320834e-03 -9.42682902e-04 -1.80879746e-04 -2.57221743e-04
-5.33716872e-01 1.52450679e-03 -9.43581364e-04 -1.77949959e-04 -2.57226886e-04
-5.32388182e-01 1.52581601e-03 -9.44486695e-04 -1.75013201e-04 -2.57223972e-04
-5.31058179e-01 1.52713611e-03 -9.45399055e-04 -1.72069460e-04 -2.57213135e-04
-5.29726866e-01 1.52846716e-03 -9.46318606e-04 -1.69118724e-04 -2.57194511e-04
-5.28394247e-01 1.52980927e-03 -9.47245503e-04 -1.66160977e-04 -2.57168240e-04
-5.27060325e-01 1.53116253e-03 -9.48179901e-04 -1.63196206e-04 -2.57134466e-04
-5.25725102e-01 1.53252702e-03 -9.49121949e-04 -1.60224396e-04 -2.57093335e-04
-5.24388584e-01 1.53390284e-03 -9.50071795e-04 -1.57245529e-04 -2.57044997e-04
-5.23050772e-01 1.53529009e-03 -9.51029581e-04 -1.54259589e-04 -2.56989605e-04
-5.21711670e-01 1.53668885e-03 -9.51995447e-04 -1.51266558e-04 -2.56927315e-04
-5.20371281e-01 1.53809921e-03 -9.52969530e-04 -1.48266416e-04 -2.56858286e-04
-5.19029610e-01 1.53952127e-03 -9.53951962e-04 -1.45259145e-04 -2.56782679e-04
-5.17686658e-01 1.54095512e-03 -9.54942873e-04 -1.42244722e-04 -2.56700660e-04
-5.16342429e-01 1.54240085e-03 -9.55942386e-04 -1.39223126e-04 -2.56612396e-04
-5.14996927e-01 1.54385855e-03 -9.56950623e-04 -1.36194334e-04 -2.56518057e-04
-5.13650155e-01 1.54532831e-03 -9.57967702e-04 -1.33158322e-04 -2.56417816e-04
-5.12302117e-01 1.54681021e-03 -9.58993734e-04 -1.30115065e-04 -2.56311847e-04
-5.10952815e-01 1.54830436e-03 -9.60028830e-04 -1.27064537e-04 -2.56200330e-04
-5.09602252e-01 1.54981084e-03 -9.61073093e-04 -1.24006710e-04 -2.56083443e-04
-5.08250433e-01 1.55132973e-03 -9.62126625e-04 -1.20941556e-04 -2.55961370e-04
-5.06897361e-01 1.55286114e-03 -9.63189520e-04 -1.17869046e-04 -2.55834294e-04
-5.05543038e-01 1.55440514e-03 -9.64261872e-04 -1.14789149e-04 -2.55702402e-04
-5.04187469e-01 1.55596182e-03 -9.65343767e-04 -1.11701833e-04 -2.55565884e-04
-5.02830656e-01 1.55753128e-03 -9.66435288e-04 -1.08607065e-04 -2.55424929e-04
-5.01472604e-01 1.55911360e-03 -9.67536513e-04 -1.05504812e-04 -2.55279729e-04
-5.00113314e-01 1.56070887e-03 -9.68647515e-04 -1.02395038e-04 -2.55130480e-04
-4.98752791e-01 1.56231718e-03 -9.69768364e-04 -9.92777060e-05 -2.54977375e-04
-4.97391039e-01 1.56393861e-03 -9.70899123e-04 -9.61527793e-05 -2.54820613e-04
-4.96028059e-01 1.56557325e-03 -9.72039852e-04 -9.30202189e-05 -2.54660391e-04
-4.94663856e-01 1.56722118e-03 -9.73190605e-04 -8.98799851e-05 -2.54496910e-04
-4.93298434e-01 1.56888250e-03 -9.74351432e-04 -8.67320367e-05 -2.54330370e-04
-4.91931794e-01 1.57055729e-03 -9.75522376e-04 -8.35763316e-05 -2.54160973e-04
-4.90563942e-01 1.57224563e-03 -9.76703479e-04 -8.04128267e-05 -2.53988922e-04
-4.89194880e-01 1.57394760e-03 -9.77894773e-04 -7.72414774e-05 -2.53814421e-04
-4.87824611e-01 1.57566330e-03 -9.79096289e-04 -7.40622385e-05 -2.53637674e-04
-4.86453139e-01 1.57739280e-03 -9.80308052e-04 -7.08750632e-05 -2.53458886e-04
-4.85080468e-01 1.57913618e-03 -9.81530079e-04 -6.76799040e-05 -2.53278263e-04
-4.83706600e-01 1.58089354e-03 -9.82762385e-04 -6.44767124e-05 -2.53096011e-04
-4.82331539e-01 1.58266494e-03 -9.84004980e-04 -6.12654385e-05 -2.52912335e-04
-4.80955289e-01 1.58445048e-03 -9.85257866e-04 -5.80460317e-05 -2.52727441e-04
-4.79577853e-01 1.58625022e-03 -9.86521041e-04 -5.48184405e-05 -2.52541537e-04
-4.78199234e-01 1.58806426e-03 -9.87794499e-04 -5.15826122e-05 -2.52354828e-04
-4.76819436e-01 1.58989266e-03 -9.89078228e-04 -4.83384933e-05 -2.52167519e-04
-4.75438462e-01 1.59173552e-03 -9.90372209e-04 -4.50860296e-05 -2.51979817e-04
-4.74056315e-01 1.59359289e-03 -9.91676420e-04 -4.18251658e-05 -2.51791926e-04
-4.72672999e-01 1.59546487e-03 -9.92990833e-04 -3.85558459e-05 -2.51604050e-04
-4.71288518e-01 1.59735152e-03 -9.94315412e-04 -3.52780131e-05 -2.51416393e-04
-4.69902874e-01 1.59925291e-03 -9.95650121e-04 -3.19916099e-05 -2.51229158e-04
-4.68516071e-01 1.60116913e-03 -9.96994912e-04 -2.86965781e-05 -2.51042546e-04
-4.67128113e-01 1.60310024e-03 -9.98349738e-04 -2.53928589e-05 -2.50856757e-04
-4.65739003e-01 1.60504632e-03 -9.99714543e-04 -2.20803926e-05 -2.50671991e-04
-4.64348744e-01 1.60700743e-03 -1.00108927e-03 -1.87591194e-05 -2.50488445e-04
-4.62957340e-01 1.60898364e-03 -1.00247384e-03 -1.54289787e-05 -2.50306316e-04
-4.61564795e-01 1.61097503e-03 -1.00386819e-03 -1.20899094e-05 -2.50125797e-04
-4.60171111e-01 1.61298164e-03 -1.00527225e-03 -8.74185002e-06 -2.49947082e-04
-4.58776292e-01 1.61500356e-03 -1.00668593e-03 -5.38473879e-06 -2.49770361e-04
-4.57380342e-01 1.61704084e-03 -1.00810914e-03 -2.01851354e-06 -2.49595823e-04
-4.55983264e-01 1.61909355e-03 -1.00954180e-03 1.35688816e-06 -2.49423653e-04
-4.54585061e-01 1.62116174e-03 -1.01098380e-03 4.74152897e-06 -2.49254036e-04
-4.53185738e-01 1.62324548e-03 -1.01243503e-03 8.13547170e-06 -2.49087154e-04
-4.51785296e-01 1.62534482e-03 -1.01389540e-03 1.15387793e-05 -2.48923185e-04
-4.50383741e-01 1.62745981e-03 -1.01536479e-03 1.49515147e-05 -2.48762305e-04
-4.48981074e-01 1.62959052e-03 -1.01684307e-03 1.83737409e-05 -2.48604687e-04
-4.47577301e-01 1.63173699e-03 -1.01833013e-03 2.18055209e-05 -2.48450502e-04
-4.46172424e-01 1.63389928e-03 -1.01982583e-03 2.52469175e-05 -2.48299917e-04
-4.44766446e-01 1.63607742e-03 -1.02133005e-03 2.86979934e-05 -2.48153095e-04
-4.43359371e-01 1.63827148e-03 -1.02284263e-03 3.21588109e-05 -2.48010196e-04
-4.41951203e-01 1.64048149e-03 -1.02436345e-03 3.56294323e-05 -2.47871377e-04
-4.40541946e-01 1.64270750e-03 -1.02589234e-03 3.91099193e-05 -2.47736792e-04
-4.39131601e-01 1.64494954e-03 -1.02742916e-03 4.26003333e-05 -2.47606589e-04
-4.37720174e-01 1.64720766e-03 -1.02897375e-03 4.61007354e-05 -2.47480913e-04
-4.36307667e-01 1.64948190e-03 -1.03052594e-03 4.96111860e-05 -2.47359907e-04
-4.34894084e-01 1.65177229e-03 -1.03208557e-03 5.31317450e-05 -2.47243706e-04
-4.33479429e-01 1.65407885e-03 -1.03365246e-03 5.66624715e-05 -2.47132445e-04
-4.32063705e-01 1.65640163e-03 -1.03522644e-03 6.02034243e-05 -2.47026250e-04
-4.30646915e-01 1.65874065e-03 -1.03680733e-03 6.37546611e-05 -2.46925245e-04
-4.29229063e-01 1.66109594e-03 -1.03839494e-03 6.73162390e-05 -2.46829551e-04
-4.27810152e-01 1.66346751e-03 -1.03998908e-03 7.08882143e-05 -2.46739281e-04
-4.26390187e-01 1.66585540e-03 -1.04158956e-03 7.44706421e-05 -2.46654544e-04
-4.24969170e-01 1.66825962e-03 -1.04319618e-03 7.80635769e-05 -2.46575444e-04
-4.23547105e-01 1.67068018e-03 -1.04480874e-03 8.16670720e-05 -2.46502082e-04
-4.22123995e-01 1.67311710e-03 -1.04642703e-03 8.52811798e-05 -2.46434551e-04
-4.20699844e-01 1.67557040e-03 -1.04805085e-03 8.89059513e-05 -2.46372939e-04
-4.19274656e-01 1.67804008e-03 -1.04967999e-03 9.25414368e-05 -2.46317330e-04
-4.17848434e-01 1.68052615e-03 -1.05131421e-03 9.61876850e-05 -2.46267802e-04
-4.16421181e-01 1.68302861e-03 -1.05295332e-03 9.98447436e-05 -2.46224426e-04
-4.14992902e-01 1.68554746e-03 -1.05459708e-03 1.03512659e-04 -2.46187269e-04
-4.13563599e-01 1.68808272e-03 -1.05624526e-03 1.07191476e-04 -2.46156391e-04
-4.12133276e-01 1.69063436e-03 -1.05789765e-03 1.10881238e-04 -2.46131847e-04
-4.10701936e-01 1.69320238e-03 -1.05955400e-03 1.14581989e-04 -2.46113685e-04
-4.09269584e-01 1.69578679e-03 -1.06121409e-03 1.18293767e-04 -2.46101947e-04
-4.07836222e-01 1.69838756e-03 -1.06287767e-03 1.22016613e-04 -2.46096670e-04
-4.06401855e-01 1.70100468e-03 -1.06454451e-03 1.25750566e-04 -2.46097884e-04
-4.04966485e-01 1.70363814e-03 -1.06621437e-03 1.29495660e-04 -2.46105612e-04
-4.03530117e-01 1.70628792e-03 -1.06788699e-03 1.33251931e-04 -2.46119870e-04
-4.02092753e-01 1.70895399e-03 -1.06956214e-03 1.37019412e-04 -2.46140671e-04
-4.00654398e-01 1.71163634e-03 -1.07123956e-03 1.40798134e-04 -2.46168018e-04
-3.99215055e-01 1.71433493e-03 -1.07291901e-03 1.44588128e-04 -2.46201908e-04
-3.97774727e-01 1.71704974e-03 -1.07460024e-03 1.48389422e-04 -2.46242333e-04
-3.96333418e-01 1.71978074e-03 -1.07628298e-03 1.52202043e-04 -2.46289276e-04
-3.94891132e-01 1.72252789e-03 -1.07796700e-03 1.56026015e-04 -2.46342714e-04
-3.93447872e-01 1.72529116e-03 -1.07965202e-03 1.59861362e-04 -2.46402619e-04
-3.92003642e-01 1.72807051e-03 -1.08133780e-03 1.63708106e-04 -2.46468952e-04
-3.90558445e-01 1.73086590e-03 -1.08302408e-03 1.67566266e-04 -2.46541673e-04
-3.89112285e-01 1.73367728e-03 -1.08471060e-03 1.71435862e-04 -2.46620729e-04
-3.87665165e-01 1.73650461e-03 -1.08639711e-03 1.75316909e-04 -2.46706064e-04
-3.86217089e-01 1.73934785e-03 -1.08808333e-03 1.79209423e-04 -2.46797613e-04
-3.84768060e-01 1.74220693e-03 -1.08976903e-03 1.83113417e-04 -2.46895305e-04
-3.83318083e-01 1.74508182e-03 -1.09145393e-03 1.87028902e-04 -2.46999061e-04
-3.81867160e-01 1.74797245e-03 -1.09313778e-03 1.90955889e-04 -2.47108797e-04
-3.80415296e-01 1.75087877e-03 -1.09482032e-03 1.94894386e-04 -2.47224420e-04
-3.78962493e-01 1.75380073e-03 -1.09650129e-03 1.98844400e-04 -2.47345829e-04
-3.77508756e-01 1.75673825e-03 -1.09818044e-03 2.02805936e-04 -2.47472919e-04
-3.76054088e-01 1.75969128e-03 -1.09985752e-03 2.06778998e-04 -2.47605575e-04
-3.74598493e-01 1.76265976e-03 -1.10153226e-03 2.10763589e-04 -2.47743677e-04
-3.73141973e-01 1.76564363e-03 -1.10320441e-03 2.14759708e-04 -2.47887097e-04
-3.71684534e-01 1.76864280e-03 -1.10487373e-03 2.18767356e-04 -2.48035699e-04
-3.70226177e-01 1.77165722e-03 -1.10653997e-03 2.22786530e-04 -2.48189343e-04
-3.68766908e-01 1.77468682e-03 -1.10820287e-03 2.26817226e-04 -2.48347878e-04
-3.67306729e-01 1.77773152e-03 -1.10986219e-03 2.30859441e-04 -2.48511149e-04
-3.65845645e-01 1.78079125e-03 -1.11151769e-03 2.34913169e-04 -2.48678994e-04
-3.64383658e-01 1.78386594e-03 -1.11316913e-03 2.38978401e-04 -2.48851242e-04
-3.62920772e-01 1.78695551e-03 -1.11481627e-03 2.43055130e-04 -2.49027717e-04
-3.61456992e-01 1.79005989e-03 -1.11645887e-03 2.47143347e-04 -2.49208236e-04
-3.59992320e-01 1.79317900e-03 -1.11809670e-03 2.51243041e-04 -2.49392608e-04
-3.58526760e-01 1.79631277e-03 -1.11972953e-03 2.55354201e-04 -2.49580638e-04
-3.57060317e-01 1.79946111e-03 -1.12135715e-03 2.59476815e-04 -2.49772121e-04
-3.55592992e-01 1.80262395e-03 -1.12297932e-03 2.63610870e-04 -2.49966848e-04
-3.54124791e-01 1.80580121e-03 -1.12459583e-03 2.67756353e-04 -2.50164604e-04
-3.52655716e-01 1.80899281e-03 -1.12620646e-03 2.71913248e-04 -2.50365164e-04
-3.51185772e-01 1.81219866e-03 -1.12781101e-03 2.76081542e-04 -2.50568302e-04
-3.49714961e-01 1.81541870e-03 -1.12940928e-03 2.80261218e-04 -2.50773781e-04
-3.48243288e-01 1.81865284e-03 -1.13100105e-03 2.84452263e-04 -2.50981360e-04
-3.46770756e-01 1.82190101e-03 -1.13258614e-03 2.88654658e-04 -2.51190793e-04
-3.45297369e-01 1.82516312e-03 -1.13416435e-03 2.92868389e-04 -2.51401827e-04
-3.43823131e-01 1.82843909e-03 -1.13573550e-03 2.97093439e-04 -2.51614203e-04
-3.42348044e-01 1.83172886e-03 -1.13729942e-03 3.01329792e-04 -2.51827657e-04
-3.40872114e-01 1.83503233e-03 -1.13885592e-03 3.05577432e-04 -2.52041920e-04
-3.39395342e-01 1.83834945e-03 -1.14040483e-03 3.09836343e-04 -2.52256716e-04
-3.37917734e-01 1.84168012e-03 -1.14194600e-03 3.14106509e-04 -2.52471764e-04
-3.36439292e-01 1.84502429e-03 -1.14347927e-03 3.18387916e-04 -2.52686781e-04
-3.34960021e-01 1.84838188e-03 -1.14500449e-03 3.22680548e-04 -2.52901474e-04
-3.33479923e-01 1.85175281e-03 -1.14652151e-03 3.26984391e-04 -2.53115550e-04
-3.31999003e-01 1.85513702e-03 -1.14803020e-03 3.31299434e-04 -2.53328707e-04
-3.30517264e-01 1.85853444e-03 -1.14953043e-03 3.35625662e-04 -2.53540643e-04
-3.29034710e-01 1.86194501e-03 -1.15102207e-03 3.39963066e-04 -2.53751048e-04
-3.27551345e-01 1.86536867e-03 -1.15250501e-03 3.44311634e-04 -2.53959610e-04
-3.26067172e-01 1.86880535e-03 -1.15397913e-03 3.48671358e-04 -2.54166011e-04
-3.24582195e-01 1.87225499e-03 -1.15544435e-03 3.53042230e-04 -2.54369931e-04
-3.23096417e-01 1.87571755e-03 -1.15690055e-03 3.57424245e-04 -2.54571046e-04
-3.21609843e-01 1.87919297e-03 -1.15834767e-03 3.61817397e-04 -2.54769028e-04
-3.20122475e-01 1.88268120e-03 -1.15978561e-03 3.66221684e-04 -2.54963547e-04
-3.18634318e-01 1.88618219e-03 -1.16121431e-03 3.70637106e-04 -2.55154267e-04
-3.17145375e-01 1.88969590e-03 -1.16263371e-03 3.75063662e-04 -2.55340852e-04
-3.15655650e-01 1.89322230e-03 -1.16404375e-03 3.79501357e-04 -2.55522963e-04
-3.14165146e-01 1.89676134e-03 -1.16544439e-03 3.83950197e-04 -2.55700258e-04
-3.12673868e-01 1.90031299e-03 -1.16683559e-03 3.88410188e-04 -2.55872391e-04
-3.11181819e-01 1.90387723e-03 -1.16821731e-03 3.92881341e-04 -2.56039017e-04
-3.09689002e-01 1.90745403e-03 -1.16958956e-03 3.97363670e-04 -2.56199787e-04
-3.08195421e-01 1.91104338e-03 -1.17095230e-03 4.01857190e-04 -2.56354352e-04
-3.06701080e-01 1.91464525e-03 -1.17230554e-03 4.06361919e-04 -2.56502359e-04
-3.05205983e-01 1.91825963e-03 -1.17364929e-03 4.10877880e-04 -2.56643457e-04
-3.03710134e-01 1.92188652e-03 -1.17498357e-03 4.15405098e-04 -2.56777293e-04
-3.02213535e-01 1.92552593e-03 -1.17630839e-03 4.19943600e-04 -2.56903511e-04
-3.00716191e-01 1.92917784e-03 -1.17762380e-03 4.24493418e-04 -2.57021757e-04
-2.99218105e-01 1.93284228e-03 -1.17892984e-03 4.29054587e-04 -2.57131677e-04
-2.97719282e-01 1.93651925e-03 -1.18022656e-03 4.33627146e-04 -2.57232915e-04
-2.96219724e-01 1.94020877e-03 -1.18151402e-03 4.38211137e-04 -2.57325116e-04
-2.94719436e-01 1.94391088e-03 -1.18279231e-03 4.42806607e-04 -2.57407927e-04
-2.93218420e-01 1.94762560e-03 -1.18406149e-03 4.47413605e-04 -2.57480992e-04
-2.91716682e-01 1.95135296e-03 -1.18532167e-03 4.52032187e-04 -2.57543961e-04
-2.90214224e-01 1.95509302e-03 -1.18657295e-03 4.56662411e-04 -2.57596481e-04
-2.88711051e-01 1.95884582e-03 -1.18781543e-03 4.61304341e-04 -2.57638202e-04
-2.87207166e-01 1.96261142e-03 -1.18904924e-03 4.65958043e-04 -2.57668776e-04
-2.85702572e-01 1.96638987e-03 -1.19027451e-03 4.70623590e-04 -2.57687855e-04
-2.84197274e-01 1.97018125e-03 -1.19149138e-03 4.75301059e-04 -2.57695097e-04
-2.82691274e-01 1.97398563e-03 -1.19270000e-03 4.79990532e-04 -2.57690158e-04
-2.81184578e-01 1.97780309e-03 -1.19390054e-03 4.84692094e-04 -2.57672700e-04
-2.79677188e-01 1.98163373e-03 -1.19509315e-03 4.89405838e-04 -2.57642386e-04
-2.78169109e-01 1.98547763e-03 -1.19627803e-03 4.94131860e-04 -2.57598883e-04
-2.76660343e-01 1.98933491e-03 -1.19745536e-03 4.98870261e-04 -2.57541861e-04
-2.75150895e-01 1.99320566e-03 -1.19862533e-03 5.03621149e-04 -2.57470994e-04
-2.73640769e-01 1.99709001e-03 -1.19978817e-03 5.08384636e-04 -2.57385961e-04
-2.72129968e-01 2.00098809e-03 -1.20094408e-03 5.13160839e-04 -2.57286442e-04
-2.70618495e-01 2.00490002e-03 -1.20209330e-03 5.17949883e-04 -2.57172124e-04
-2.69106356e-01 2.00882594e-03 -1.20323606e-03 5.22751895e-04 -2.57042699e-04
-2.67593552e-01 2.01276600e-03 -1.20437261e-03 5.27567010e-04 -2.56897862e-04
-2.66080089e-01 2.01672036e-03 -1.20550321e-03 5.32395368e-04 -2.56737314e-04
-2.64565969e-01 2.02068918e-03 -1.20662811e-03 5.37237116e-04 -2.56560762e-04
-2.63051197e-01 2.02467262e-03 -1.20774760e-03 5.42092405e-04 -2.56367918e-04
-2.61535776e-01 2.02867087e-03 -1.20886196e-03 5.46961392e-04 -2.56158500e-04
-2.60019711e-01 2.03268411e-03 -1.20997148e-03 5.51844242e-04 -2.55932231e-04
-2.58503004e-01 2.03671254e-03 -1.21107646e-03 5.56741123e-04 -2.55688843e-04
-2.56985659e-01 2.04075636e-03 -1.21217722e-03 5.61652212e-04 -2.55428072e-04
-2.55467681e-01 2.04481578e-03 -1.21327406e-03 5.66577689e-04 -2.55149662e-04
-2.53949073e-01 2.04889101e-03 -1.21436732e-03 5.71517742e-04 -2.54853364e-04
-2.52429838e-01 2.05298228e-03 -1.21545733e-03 5.76472566e-04 -2.54538935e-04
-2.50909981e-01 2.05708983e-03 -1.21654443e-03 5.81442359e-04 -2.54206142e-04
-2.49389505e-01 2.06121389e-03 -1.21762898e-03 5.86427328e-04 -2.53854756e-04
-2.47868414e-01 2.06535472e-03 -1.21871133e-03 5.91427685e-04 -2.53484560e-04
-2.46346712e-01 2.06951258e-03 -1.21979185e-03 5.96443648e-04 -2.53095341e-04
-2.44824402e-01 2.07368773e-03 -1.22087092e-03 6.01475441e-04 -2.52686897e-04
-2.43301489e-01 2.07788044e-03 -1.22194891e-03 6.06523295e-04 -2.52259035e-04
-2.41777975e-01 2.08209100e-03 -1.22302621e-03 6.11587445e-04 -2.51811567e-04
-2.40253865e-01 2.08631970e-03 -1.22410322e-03 6.16668136e-04 -2.51344318e-04
-2.38729163e-01 2.09056683e-03 -1.22518033e-03 6.21765614e-04 -2.50857119e-04
-2.37203872e-01 2.09483270e-03 -1.22625796e-03 6.26880136e-04 -2.50349813e-04
-2.35677996e-01 2.09911762e-03 -1.22733652e-03 6.32011961e-04 -2.49822249e-04
-2.34151539e-01 2.10342192e-03 -1.22841643e-03 6.37161356e-04 -2.49274287e-04
-2.32624504e-01 2.10774592e-03 -1.22949811e-03 6.42328594e-04 -2.48705799e-04
-2.31096895e-01 2.11208995e-03 -1.23058199e-03 6.47513952e-04 -2.48116662e-04
-2.29568717e-01 2.11645437e-03 -1.23166851e-03 6.52717716e-04 -2.47506768e-04
-2.28039973e-01 2.12083952e-03 -1.23275812e-03 6.57940173e-04 -2.46876016e-04
-2.26510666e-01 2.12524576e-03 -1.23385125e-03 6.63181621e-04 -2.46224315e-04
-2.24980800e-01 2.12967345e-03 -1.23494836e-03 6.68442360e-04 -2.45551587e-04
-2.23450380e-01 2.13412298e-03 -1.23604989e-03 6.73722696e-04 -2.44857761e-04
-2.21919408e-01 2.13859471e-03 -1.23715632e-03 6.79022941e-04 -2.44142780e-04
-2.20387890e-01 2.14308903e-03 -1.23826809e-03 6.84343413e-04 -2.43406595e-04
-2.18855828e-01 2.14760634e-03 -1.23938568e-03 6.89684433e-04 -2.42649169e-04
-2.17323226e-01 2.15214704e-03 -1.24050954e-03 6.95046329e-04 -2.41870477e-04
-2.15790088e-01 2.15671152e-03 -1.24164016e-03 7.00429433e-04 -2.41070501e-04
-2.14256418e-01 2.16130021e-03 -1.24277800e-03 7.05834083e-04 -2.40249239e-04
-2.12722219e-01 2.16591352e-03 -1.24392354e-03 7.11260621e-04 -2.39406696e-04
-2.11187496e-01 2.17055188e-03 -1.24507725e-03 7.16709392e-04 -2.38542890e-04
-2.09652252e-01 2.17521571e-03 -1.24623962e-03 7.22180748e-04 -2.37657851e-04
-2.08116491e-01 2.17990545e-03 -1.24741111e-03 7.27675045e-04 -2.36751618e-04
-2.06580217e-01 2.18462154e-03 -1.24859222e-03 7.33192642e-04 -2.35824243e-04
-2.05043433e-01 2.18936443e-03 -1.24978341e-03 7.38733903e-04 -2.34875788e-04
-2.03506144e-01 2.19413457e-03 -1.25098518e-03 7.44299194e-04 -2.33906327e-04
-2.01968353e-01 2.19893241e-03 -1.25219800e-03 7.49888888e-04 -2.32915946e-04
-2.00430064e-01 2.20375841e-03 -1.25342234e-03 7.55503359e-04 -2.31904739e-04
-1.98891280e-01 2.20861304e-03 -1.25465870e-03 7.61142985e-04 -2.30872815e-04
-1.97352006e-01 2.21349677e-03 -1.25590754e-03 7.66808148e-04 -2.29820293e-04
-1.95812245e-01 2.21841007e-03 -1.25716934e-03 7.72499232e-04 -2.28747303e-04
-1.94272002e-01 2.22335342e-03 -1.25844458e-03 7.78216625e-04 -2.27653984e-04
-1.92731279e-01 2.22832730e-03 -1.25973373e-03 7.83960716e-04 -2.26540490e-04
-1.91190081e-01 2.23333219e-03 -1.26103725e-03 7.89731899e-04 -2.25406983e-04
-1.89648411e-01 2.23836857e-03 -1.26235562e-03 7.95530568e-04 -2.24253637e-04
-1.88106274e-01 2.24343695e-03 -1.26368929e-03 8.01357119e-04 -2.23080638e-04
-1.86563673e-01 2.24853780e-03 -1.26503873e-03 8.07211953e-04 -2.21888179e-04
-1.85020611e-01 2.25367163e-03 -1.26640439e-03 8.13095470e-04 -2.20676468e-04
-1.83477094e-01 2.25883892e-03 -1.26778672e-03 8.19008071e-04 -2.19445721e-04
-1.81933124e-01 2.26404019e-03 -1.26918617e-03 8.24950160e-04 -2.18196165e-04
-1.80388705e-01 2.26927593e-03 -1.27060318e-03 8.30922142e-04 -2.16928038e-04
-1.78843841e-01 2.27454663e-03 -1.27203819e-03 8.36924422e-04 -2.15641586e-04
-1.77298536e-01 2.27985281e-03 -1.27349163e-03 8.42957407e-04 -2.14337067e-04
-1.75752795e-01 2.28519496e-03 -1.27496392e-03 8.49021502e-04 -2.13014749e-04
-1.74206619e-01 2.29057359e-03 -1.27645548e-03 8.55117114e-04 -2.11674908e-04
-1.72660014e-01 2.29598920e-03 -1.27796673e-03 8.61244651e-04 -2.10317830e-04
-1.71112983e-01 2.30144230e-03 -1.27949807e-03 8.67404519e-04 -2.08943811e-04
-1.69565531e-01 2.30693339e-03 -1.28104989e-03 8.73597123e-04 -2.07553155e-04
-1.68017660e-01 2.31246297e-03 -1.28262259e-03 8.79822870e-04 -2.06146177e-04
-1.66469374e-01 2.31803154e-03 -1.28421656e-03 8.86082163e-04 -2.04723198e-04
-1.64920678e-01 2.32363961e-03 -1.28583215e-03 8.92375406e-04 -2.03284549e-04
-1.63371576e-01 2.32928767e-03 -1.28746975e-03 8.98703002e-04 -2.01830568e-04
-1.61822070e-01 2.33497622e-03 -1.28912970e-03 9.05065351e-04 -2.00361602e-04
-1.60272166e-01 2.34070576e-03 -1.29081236e-03 9.11462851e-04 -1.98878006e-04
-1.58721866e-01 2.34647679e-03 -1.29251806e-03 9.17895899e-04 -1.97380142e-04
-1.57171175e-01 2.35228978e-03 -1.29424713e-03 9.24364890e-04 -1.95868378e-04
-1.55620096e-01 2.35814523e-03 -1.29599990e-03 9.30870216e-04 -1.94343090e-04
-1.54068633e-01 2.36404363e-03 -1.29777667e-03 9.37412265e-04 -1.92804662e-04
-1.52516790e-01 2.36998546e-03 -1.29957773e-03 9.43991425e-04 -1.91253481e-04
-1.50964572e-01 2.37597119e-03 -1.30140339e-03 9.50608078e-04 -1.89689942e-04
-1.49411981e-01 2.38200130e-03 -1.30325390e-03 9.57262604e-04 -1.88114446e-04
-1.47859021e-01 2.38807625e-03 -1.30512955e-03 9.63955380e-04 -1.86527399e-04
-1.46305697e-01 2.39419653e-03 -1.30703057e-03 9.70686778e-04 -1.84929212e-04
-1.44752012e-01 2.40036258e-03 -1.30895723e-03 9.77457166e-04 -1.83320301e-04
-1.43197970e-01 2.40657486e-03 -1.31090974e-03 9.84266910e-04 -1.81701084e-04
-1.41643575e-01 2.41283383e-03 -1.31288832e-03 9.91116368e-04 -1.80071988e-04
-1.40088830e-01 2.41913993e-03 -1.31489319e-03 9.98005896e-04 -1.78433439e-04
-1.38533740e-01 2.42549359e-03 -1.31692453e-03 1.00493584e-03 -1.76785868e-04
-1.36978309e-01 2.43189526e-03 -1.31898252e-03 1.01190656e-03 -1.75129710e-04
-1.35422539e-01 2.43834536e-03 -1.32106735e-03 1.01891838e-03 -1.73465402e-04
-1.33866436e-01 2.44484431e-03 -1.32317915e-03 1.02597164e-03 -1.71793381e-04
-1.32310002e-01 2.45139253e-03 -1.32531807e-03 1.03306667e-03 -1.70114090e-04
-1.30753243e-01 2.45799043e-03 -1.32748424e-03 1.04020380e-03 -1.68427970e-04
-1.29196160e-01 2.46463840e-03 -1.32967778e-03 1.04738334e-03 -1.66735465e-04
-1.27638760e-01 2.47133685e-03 -1.33189879e-03 1.05460560e-03 -1.65037019e-04
-1.26081044e-01 2.47808615e-03 -1.33414736e-03 1.06187088e-03 -1.63333077e-04
-1.24523017e-01 2.48488669e-03 -1.33642356e-03 1.06917950e-03 -1.61624081e-04
-1.22964684e-01 2.49173884e-03 -1.33872745e-03 1.07653174e-03 -1.59910477e-04
-1.21406047e-01 2.49864296e-03 -1.34105908e-03 1.08392788e-03 -1.58192707e-04
-1.19847110e-01 2.50559940e-03 -1.34341849e-03 1.09136821e-03 -1.56471213e-04
-1.18287878e-01 2.51260852e-03 -1.34580568e-03 1.09885299e-03 -1.54746434e-04
-1.16728355e-01 2.51967065e-03 -1.34822068e-03 1.10638249e-03 -1.53018808e-04
-1.15168543e-01 2.52678612e-03 -1.35066346e-03 1.11395698e-03 -1.51288771e-04
-1.13608448e-01 2.53395525e-03 -1.35313401e-03 1.12157669e-03 -1.49556754e-04
-1.12048072e-01 2.54117835e-03 -1.35563229e-03 1.12924188e-03 -1.47823186e-04
-1.10487420e-01 2.54845572e-03 -1.35815824e-03 1.13695278e-03 -1.46088492e-04
-1.08926495e-01 2.55578767e-03 -1.36071181e-03 1.14470961e-03 -1.44353092e-04
-1.07365302e-01 2.56317447e-03 -1.36329291e-03 1.15251260e-03 -1.42617404e-04
-1.05803844e-01 2.57061640e-03 -1.36590146e-03 1.16036196e-03 -1.40881837e-04
-1.04242126e-01 2.57811372e-03 -1.36853733e-03 1.16825790e-03 -1.39146798e-04
-1.02680150e-01 2.58566669e-03 -1.37120042e-03 1.17620061e-03 -1.37412686e-04
-1.01117920e-01 2.59327556e-03 -1.37389059e-03 1.18419028e-03 -1.35679895e-04
-9.95554419e-02 2.60094056e-03 -1.37660768e-03 1.19222710e-03 -1.33948810e-04
-9.79927178e-02 2.60866192e-03 -1.37935155e-03 1.20031124e-03 -1.32219812e-04
-9.64297521e-02 2.61643986e-03 -1.38212201e-03 1.20844286e-03 -1.30493273e-04
-9.48665486e-02 2.62427459e-03 -1.38491888e-03 1.21662212e-03 -1.28769556e-04
-9.33031111e-02 2.63216630e-03 -1.38774194e-03 1.22484917e-03 -1.27049017e-04
-9.17394435e-02 2.64011519e-03 -1.39059100e-03 1.23312416e-03 -1.25332004e-04
-9.01755497e-02 2.64812142e-03 -1.39346583e-03 1.24144722e-03 -1.23618855e-04
-8.86114334e-02 2.65618517e-03 -1.39636617e-03 1.24981847e-03 -1.21909897e-04
-8.70470987e-02 2.66430661e-03 -1.39929179e-03 1.25823804e-03 -1.20205449e-04
-8.54825493e-02 2.67248587e-03 -1.40224242e-03 1.26670604e-03 -1.18505819e-04
-8.39177890e-02 2.68072310e-03 -1.40521778e-03 1.27522257e-03 -1.16811306e-04
-8.23528218e-02 2.68901842e-03 -1.40821758e-03 1.28378773e-03 -1.15122195e-04
-8.07876515e-02 2.69737197e-03 -1.41124153e-03 1.29240160e-03 -1.13438761e-04
-7.92222820e-02 2.70578385e-03 -1.41428931e-03 1.30106427e-03 -1.11761270e-04
-7.76567171e-02 2.71425416e-03 -1.41736061e-03 1.30977581e-03 -1.10089971e-04
-7.60909607e-02 2.72278300e-03 -1.42045509e-03 1.31853630e-03 -1.08425104e-04
-7.45250166e-02 2.73137045e-03 -1.42357241e-03 1.32734578e-03 -1.06766895e-04
-7.29588887e-02 2.74001659e-03 -1.42671223e-03 1.33620432e-03 -1.05115558e-04
-7.13925810e-02 2.74872148e-03 -1.42987417e-03 1.34511196e-03 -1.03471293e-04
-6.98260971e-02 2.75748518e-03 -1.43305786e-03 1.35406875e-03 -1.01834286e-04
-6.82594410e-02 2.76630774e-03 -1.43626294e-03 1.36307471e-03 -1.00204710e-04
-6.66926166e-02 2.77518921e-03 -1.43948900e-03 1.37212988e-03 -9.85827223e-05
-6.51256278e-02 2.78412961e-03 -1.44273566e-03 1.38123427e-03 -9.69684672e-05
-6.35584783e-02 2.79312898e-03 -1.44600251e-03 1.39038792e-03 -9.53620735e-05
-6.19911720e-02 2.80218732e-03 -1.44928913e-03 1.39959082e-03 -9.37636553e-05
-6.04237129e-02 2.81130466e-03 -1.45259512e-03 1.40884298e-03 -9.21733114e-05
-5.88561048e-02 2.82048099e-03 -1.45592003e-03 1.41814441e-03 -9.05911249e-05
-5.72883515e-02 2.82971632e-03 -1.45926345e-03 1.42749510e-03 -8.90171635e-05
-5.57204570e-02 2.83901063e-03 -1.46262493e-03 1.43689505e-03 -8.74514788e-05
-5.41524250e-02 2.84836391e-03 -1.46600404e-03 1.44634424e-03 -8.58941066e-05
-5.25842595e-02 2.85777614e-03 -1.46940031e-03 1.45584266e-03 -8.43450661e-05
-5.10159643e-02 2.86724729e-03 -1.47281331e-03 1.46539029e-03 -8.28043604e-05
-4.94475433e-02 2.87677732e-03 -1.47624258e-03 1.47498710e-03 -8.12719757e-05
-4.78790003e-02 2.88636621e-03 -1.47968765e-03 1.48463308e-03 -7.97478818e-05
-4.63103392e-02 2.89601390e-03 -1.48314806e-03 1.49432818e-03 -7.82320315e-05
-4.47415640e-02 2.90572035e-03 -1.48662336e-03 1.50407240e-03 -7.67243606e-05
-4.31726784e-02 2.91548552e-03 -1.49011306e-03 1.51386568e-03 -7.52247879e-05
-4.16036863e-02 2.92530934e-03 -1.49361670e-03 1.52370800e-03 -7.37332153e-05
-4.00345917e-02 2.93519177e-03 -1.49713382e-03 1.53359933e-03 -7.22495271e-05
-3.84653983e-02 2.94513273e-03 -1.50066394e-03 1.54353962e-03 -7.07735907e-05
-3.68961100e-02 2.95513217e-03 -1.50420658e-03 1.55352885e-03 -6.93052560e-05
-3.53267308e-02 2.96519003e-03 -1.50776129e-03 1.56356697e-03 -6.78443556e-05
-3.37572644e-02 2.97530624e-03 -1.51132759e-03 1.57365395e-03 -6.63907050e-05
-3.21877148e-02 2.98548072e-03 -1.51490501e-03 1.58378976e-03 -6.49441021e-05
-3.06180858e-02 2.99571343e-03 -1.51849308e-03 1.59397437e-03 -6.35043277e-05
-2.90483813e-02 3.00600427e-03 -1.52209135e-03 1.60420773e-03 -6.20711453e-05
-2.74786051e-02 3.01635319e-03 -1.52569936e-03 1.61448982e-03 -6.06443013e-05
-2.59087612e-02 3.02676013e-03 -1.52931663e-03 1.62482062e-03 -5.92235248e-05
-2.43388534e-02 3.03722501e-03 -1.53294274e-03 1.63520010e-03 -5.78085280e-05
-2.27688855e-02 3.04774777e-03 -1.53657721e-03 1.64562823e-03 -5.63990063e-05
-2.11988616e-02 3.05832834e-03 -1.54021962e-03 1.65610501e-03 -5.49946379e-05
-1.96287853e-02 3.06896668e-03 -1.54386952e-03 1.66663041e-03 -5.35950848e-05
-1.80586606e-02 3.07966271e-03 -1.54752649e-03 1.67720443e-03 -5.21999921e-05
-1.64884914e-02 3.09041639e-03 -1.55119009e-03 1.68782707e-03 -5.08089888e-05
-1.49182815e-02 3.10122767e-03 -1.55485992e-03 1.69849832e-03 -4.94216876e-05
-1.33480349e-02 3.11209650e-03 -1.55853556e-03 1.70921820e-03 -4.80376853e-05
-1.17777553e-02 3.12302284e-03 -1.56221661e-03 1.71998673e-03 -4.66565629e-05
-1.02074466e-02 3.13400667e-03 -1.56590268e-03 1.73080391e-03 -4.52778860e-05
-8.63711283e-03 3.14504794e-03 -1.56959338e-03 1.74166979e-03 -4.39012047e-05
-7.06675773e-03 3.15614664e-03 -1.57328834e-03 1.75258440e-03 -4.25260545e-05
-5.49638519e-03 3.16730275e-03 -1.57698721e-03 1.76354779e-03 -4.11519557e-05
-3.92599911e-03 3.17851627e-03 -1.58068961e-03 1.77456001e-03 -3.97784146e-05
-2.35560334e-03 3.18978720e-03 -1.58439523e-03 1.78562113e-03 -3.84049231e-05
-7.85201758e-04 3.20111555e-03 -1.58810372e-03 1.79673122e-03 -3.70309594e-05
7.85201758e-04 3.21250133e-03 -1.59181477e-03 1.80789037e-03 -3.56559883e-05
2.35560334e-03 3.22394457e-03 -1.59552807e-03 1.81909867e-03 -3.42794616e-05
3.92599911e-03 3.23544532e-03 -1.59924334e-03 1.83035624e-03 -3.29008181e-05
5.49638519e-03 3.24700362e-03 -1.60296029e-03 1.84166318e-03 -3.15194846e-05
7.06675773e-03 3.25861954e-03 -1.60667866e-03 1.85301964e-03 -3.01348758e-05
8.63711283e-03 3.27029314e-03 -1.61039821e-03 1.86442575e-03 -2.87463950e-05
1.02074466e-02 3.28202452e-03 -1.61411870e-03 1.87588168e-03 -2.73534343e-05
1.17777553e-02 3.29381376e-03 -1.61783990e-03 1.88738760e-03 -2.59553752e-05
1.33480349e-02 3.30566098e-03 -1.62156162e-03 1.89894369e-03 -2.45515891e-05
1.49182815e-02 3.31756631e-03 -1.62528367e-03 1.91055016e-03 -2.31414376e-05
1.64884914e-02 3.32952988e-03 -1.62900588e-03 1.92220721e-03 -2.17242732e-05
1.80586606e-02 3.34155185e-03 -1.63272809e-03 1.93391509e-03 -2.02994396e-05
1.96287853e-02 3.35363239e-03 -1.63645017e-03 1.94567404e-03 -1.88662722e-05
2.11988616e-02 3.36577167e-03 -1.64017200e-03 1.95748433e-03 -1.74240989e-05
2.27688855e-02 3.37796992e-03 -1.64389347e-03 1.96934623e-03 -1.59722401e-05
2.43388534e-02 3.39022733e-03 -1.64761450e-03 1.98126005e-03 -1.45100100e-05
2.59087612e-02 3.40254415e-03 -1.65133503e-03 1.99322610e-03 -1.30367164e-05
2.74786051e-02 3.41492063e-03 -1.65505502e-03 2.00524471e-03 -1.15516617e-05
2.90483813e-02 3.42735704e-03 -1.65877442e-03 2.01731625e-03 -1.00541433e-05
3.06180858e-02 3.43985368e-03 -1.66249324e-03 2.02944108e-03 -8.54345429e-06
3.21877148e-02 3.45241084e-03 -1.66621149e-03 2.04161959e-03 -7.01888392e-06
3.37572644e-02 3.46502886e-03 -1.66992920e-03 2.05385221e-03 -5.47971830e-06
3.53267308e-02 3.47770808e-03 -1.67364641e-03 2.06613934e-03 -3.92524097e-06
3.68961100e-02 3.49044888e-03 -1.67736320e-03 2.07848146e-03 -2.35473348e-06
3.84653983e-02 3.50325164e-03 -1.68107966e-03 2.09087904e-03 -7.67476047e-07
4.00345917e-02 3.51611676e-03 -1.68479589e-03 2.10333256e-03 8.37251839e-07
4.16036863e-02 3.52904469e-03 -1.68851204e-03 2.11584254e-03 2.46017078e-06
4.31726784e-02 3.54203588e-03 -1.69222825e-03 2.12840953e-03 4.10200083e-06
4.47415640e-02 3.55509079e-03 -1.69594470e-03 2.14103408e-03 5.76346086e-06
4.63103392e-02 3.56820992e-03 -1.69966157e-03 2.15371676e-03 7.44526792e-06
4.78790003e-02 3.58139380e-03 -1.70337909e-03 2.16645820e-03 9.14813658e-06
4.94475433e-02 3.59464297e-03 -1.70709748e-03 2.17925900e-03 1.08727783e-05
5.10159643e-02 3.60795798e-03 -1.71081701e-03 2.19211983e-03 1.26199007e-05
5.25842595e-02 3.62133944e-03 -1.71453794e-03 2.20504136e-03 1.43902070e-05
5.41524250e-02 3.63478794e-03 -1.71826058e-03 2.21802428e-03 1.61843955e-05
5.57204570e-02 3.64830414e-03 -1.72198524e-03 2.23106931e-03 1.80031584e-05
5.72883515e-02 3.66188868e-03 -1.72571227e-03 2.24417720e-03 1.98471819e-05
5.88561048e-02 3.67554225e-03 -1.72944201e-03 2.25734871e-03 2.17171448e-05
6.04237129e-02 3.68926556e-03 -1.73317485e-03 2.27058464e-03 2.36137185e-05
6.19911720e-02 3.70305934e-03 -1.73691119e-03 2.28388580e-03 2.55375658e-05
6.35584783e-02 3.71692436e-03 -1.74065145e-03 2.29725303e-03 2.74893406e-05
6.51256278e-02 3.73086139e-03 -1.74439606e-03 2.31068720e-03 2.94696872e-05
6.66926166e-02 3.74487124e-03 -1.74814550e-03 2.32418920e-03 3.14792396e-05
6.82594410e-02 3.75895474e-03 -1.75190022e-03 2.33775993e-03 3.35186208e-05
6.98260971e-02 3.77311276e-03 -1.75566074e-03 2.35140034e-03 3.55884423e-05
7.13925810e-02 3.78734616e-03 -1.75942757e-03 2.36511139e-03 3.76893034e-05
7.29588887e-02 3.80165587e-03 -1.76320125e-03 2.37889406e-03 3.98217908e-05
7.45250166e-02 3.81604282e-03 -1.76698233e-03 2.39274936e-03 4.19864774e-05
7.60909607e-02 3.83050795e-03 -1.77077138e-03 2.40667834e-03 4.41839224e-05
7.76567171e-02 3.84505226e-03 -1.77456900e-03 2.42068204e-03 4.64146703e-05
7.92222820e-02 3.85967675e-03 -1.77837578e-03 2.43476155e-03 4.86792505e-05
8.07876515e-02 3.87438246e-03 -1.78219237e-03 2.44891797e-03 5.09781766e-05
8.23528218e-02 3.88917044e-03 -1.78601940e-03 2.46315245e-03 5.33119458e-05
8.39177890e-02 3.90404177e-03 -1.78985752e-03 2.47746612e-03 5.56810385e-05
8.54825493e-02 3.91899756e-03 -1.79370742e-03 2.49186018e-03 5.80859177e-05
8.70470987e-02 3.93403894e-03 -1.79756977e-03 2.50633581e-03 6.05270284e-05
8.86114334e-02 3.94916706e-03 -1.80144530e-03 2.52089424e-03 6.30047972e-05
9.01755497e-02 3.96438311e-03 -1.80533471e-03 2.53553672e-03 6.55196317e-05
9.17394435e-02 3.97968828e-03 -1.80923874e-03 2.55026452e-03 6.80719200e-05
9.33031111e-02 3.99508380e-03 -1.81315813e-03 2.56507893e-03 7.06620305e-05
9.48665486e-02 4.01057091e-03 -1.81709365e-03 2.57998125e-03 7.32903109e-05
9.64297521e-02 4.02615090e-03 -1.82104607e-03 2.59497283e-03 7.59570884e-05
9.79927178e-02 4.04182504e-03 -1.82501617e-03 2.61005501e-03 7.86626687e-05
9.95554419e-02 4.05759467e-03 -1.82900475e-03 2.62522918e-03 8.14073360e-05
1.01117920e-01 4.07346111e-03 -1.83301260e-03 2.64049673e-03 8.41913525e-05
1.02680150e-01 4.08942572e-03 -1.83704056e-03 2.65585908e-03 8.70149577e-05
1.04242126e-01 4.10548988e-03 -1.84108944e-03 2.67131766e-03 8.98783687e-05
1.05803844e-01 4.12165499e-03 -1.84516008e-03 2.68687392e-03 9.27817793e-05
1.07365302e-01 4.13792248e-03 -1.84925333e-03 2.70252934e-03 9.57253600e-05
1.08926495e-01 4.15429377e-03 -1.85337002e-03 2.71828541e-03 9.87092574e-05
1.10487420e-01 4.17077033e-03 -1.85751102e-03 2.73414364e-03 1.01733594e-04
1.12048072e-01 4.18735364e-03 -1.86167718e-03 2.75010555e-03 1.04798469e-04
1.13608448e-01 4.20404519e-03 -1.86586939e-03 2.76617268e-03 1.07903956e-04
1.15168543e-01 4.22084648e-03 -1.87008851e-03 2.78234660e-03 1.11050105e-04
1.16728355e-01 4.23775906e-03 -1.87433541e-03 2.79862887e-03 1.14236939e-04
1.18287878e-01 4.25478446e-03 -1.87861099e-03 2.81502108e-03 1.17464459e-04
1.19847110e-01 4.27192425e-03 -1.88291611e-03 2.83152484e-03 1.20732638e-04
1.21406047e-01 4.28918000e-03 -1.88725167e-03 2.84814176e-03 1.24041427e-04
1.22964684e-01 4.30655331e-03 -1.89161854e-03 2.86487347e-03 1.27390748e-04
1.24523017e-01 4.32404577e-03 -1.89601763e-03 2.88172160e-03 1.30780499e-04
1.26081044e-01 4.34165900e-03 -1.90044980e-03 2.89868781e-03 1.34210555e-04
1.27638760e-01 4.35939463e-03 -1.90491595e-03 2.91577376e-03 1.37680760e-04
1.29196160e-01 4.37725431e-03 -1.90941695e-03 2.93298112e-03 1.41190938e-04
1.30753243e-01 4.39523968e-03 -1.91395369e-03 2.95031158e-03 1.44740885e-04
1.32310002e-01 4.41335241e-03 -1.91852704e-03 2.96776681e-03 1.48330371e-04
1.33866436e-01 4.43159416e-03 -1.92313787e-03 2.98534853e-03 1.51959142e-04
1.35422539e-01 4.44996662e-03 -1.92778704e-03 3.00305843e-03 1.55626918e-04
1.36978309e-01 4.46847148e-03 -1.93247542e-03 3.02089822e-03 1.59333394e-04
1.38533740e-01 4.48711044e-03 -1.93720386e-03 3.03886962e-03 1.63078239e-04
1.40088830e-01 4.50588518e-03 -1.94197321e-03 3.05697435e-03 1.66861101e-04
1.41643575e-01 4.52479742e-03 -1.94678429e-03 3.07521414e-03 1.70681598e-04
1.43197970e-01 4.54384888e-03 -1.95163795e-03 3.09359071e-03 1.74539328e-04
1.44752012e-01 4.56304126e-03 -1.95653499e-03 3.11210578e-03 1.78433862e-04
1.46305697e-01 4.58237629e-03 -1.96147622e-03 3.13076110e-03 1.82364750e-04
1.47859021e-01 4.60185569e-03 -1.96646245e-03 3.14955840e-03 1.86331515e-04
1.49411981e-01 4.62148117e-03 -1.97149445e-03 3.16849940e-03 1.90333660e-04
1.50964572e-01 4.64125447e-03 -1.97657299e-03 3.18758583e-03 1.94370664e-04
1.52516790e-01 4.66117730e-03 -1.98169884e-03 3.20681942e-03 1.98441982e-04
1.54068633e-01 4.68125139e-03 -1.98687273e-03 3.22620190e-03 2.02547050e-04
1.55620096e-01 4.70147845e-03 -1.99209539e-03 3.24573500e-03 2.06685280e-04
1.57171175e-01 4.72186021e-03 -1.99736754e-03 3.26542041e-03 2.10856064e-04
1.58721866e-01 4.74239837e-03 -2.00268987e-03 3.28525987e-03 2.15058773e-04
1.60272166e-01 4.76309465e-03 -2.00806305e-03 3.30525507e-03 2.19292757e-04
1.61822070e-01 4.78395074e-03 -2.01348774e-03 3.32540771e-03 2.23557348e-04
1.63371576e-01 4.80496834e-03 -2.01896460e-03 3.34571949e-03 2.27851858e-04
1.64920678e-01 4.82614915e-03 -2.02449423e-03 3.36619208e-03 2.32175580e-04
1.66469374e-01 4.84749484e-03 -2.03007724e-03 3.38682716e-03 2.36527790e-04
1.68017660e-01 4.86900709e-03 -2.03571422e-03 3.40762639e-03 2.40907746e-04
1.69565531e-01 4.89068756e-03 -2.04140572e-03 3.42859142e-03 2.45314689e-04
1.71112983e-01 4.91253790e-03 -2.04715227e-03 3.44972389e-03 2.49747846e-04
1.72660014e-01 4.93455976e-03 -2.05295441e-03 3.47102544e-03 2.54206427e-04
1.74206619e-01 4.95675476e-03 -2.05881261e-03 3.49249766e-03 2.58689626e-04
1.75752795e-01 4.97912451e-03 -2.06472735e-03 3.51414216e-03 2.63196626e-04
1.77298536e-01 5.00167063e-03 -2.07069907e-03 3.53596053e-03 2.67726596e-04
1.78843841e-01 5.02439470e-03 -2.07672819e-03 3.55795432e-03 2.72278690e-04
1.80388705e-01 5.04729829e-03 -2.08281512e-03 3.58012511e-03 2.76852055e-04
1.81933124e-01 5.07038297e-03 -2.08896021e-03 3.60247440e-03 2.81445823e-04
1.83477094e-01 5.09365026e-03 -2.09516382e-03 3.62500374e-03 2.86059117e-04
1.85020611e-01 5.11710169e-03 -2.10142626e-03 3.64771460e-03 2.90691053e-04
1.86563673e-01 5.14073877e-03 -2.10774782e-03 3.67060848e-03 2.95340735e-04
1.88106274e-01 5.16456298e-03 -2.11412877e-03 3.69368683e-03 3.00007262e-04
1.89648411e-01 5.18857579e-03 -2.12056935e-03 3.71695108e-03 3.04689726e-04
1.91190081e-01 5.21277865e-03 -2.12706975e-03 3.74040266e-03 3.09387213e-04
1.92731279e-01 5.23717298e-03 -2.13363017e-03 3.76404296e-03 3.14098803e-04
1.94272002e-01 5.26176017e-03 -2.14025075e-03 3.78787336e-03 3.18823573e-04
1.95812245e-01 5.28654163e-03 -2.14693162e-03 3.81189519e-03 3.23560597e-04
1.97352006e-01 5.31151870e-03 -2.15367288e-03 3.83610980e-03 3.28308946e-04
1.98891280e-01 5.33669272e-03 -2.16047458e-03 3.86051848e-03 3.33067692e-04
2.00430064e-01 5.36206500e-03 -2.16733677e-03 3.88512251e-03 3.37835903e-04
2.01968353e-01 5.38763683e-03 -2.17425945e-03 3.90992315e-03 3.42612650e-04
2.03506144e-01 5.41340948e-03 -2.18124260e-03 3.93492162e-03 3.47397005e-04
2.05043433e-01 5.43938418e-03 -2.18828617e-03 3.96011913e-03 3.52188044e-04
2.06580217e-01 5.46556216e-03 -2.19539007e-03 3.98551685e-03 3.56984843e-04
2.08116491e-01 5.49194459e-03 -2.20255421e-03 4.01111594e-03 3.61786486e-04
2.09652252e-01 5.51853263e-03 -2.20977842e-03 4.03691753e-03 3.66592060e-04
2.11187496e-01 5.54532743e-03 -2.21706255e-03 4.06292270e-03 3.71400660e-04
2.12722219e-01 5.57233010e-03 -2.22440639e-03 4.08913253e-03 3.76211387e-04
2.14256418e-01 5.59954170e-03 -2.23180971e-03 4.11554807e-03 3.81023352e-04
2.15790088e-01 5.62696331e-03 -2.23927226e-03 4.14217033e-03 3.85835672e-04
2.17323226e-01 5.65459595e-03 -2.24679375e-03 4.16900030e-03 3.90647477e-04
2.18855828e-01 5.68244061e-03 -2.25437386e-03 4.19603894e-03 3.95457908e-04
2.20387890e-01 5.71049827e-03 -2.26201223e-03 4.22328719e-03 4.00266117e-04
2.21919408e-01 5.73876987e-03 -2.26970851e-03 4.25074595e-03 4.05071269e-04
2.23450380e-01 5.76725634e-03 -2.27746228e-03 4.27841611e-03 4.09872544e-04
2.24980800e-01 5.79595856e-03 -2.28527312e-03 4.30629851e-03 4.14669135e-04
2.26510666e-01 5.82487739e-03 -2.29314056e-03 4.33439397e-03 4.19460254e-04
2.28039973e-01 5.85401366e-03 -2.30106412e-03 4.36270331e-03 4.24245127e-04
2.29568717e-01 5.88336820e-03 -2.30904328e-03 4.39122727e-03 4.29022998e-04
2.31096895e-01 5.91294176e-03 -2.31707750e-03 4.41996661e-03 4.33793129e-04
2.32624504e-01 5.94273512e-03 -2.32516623e-03 4.44892205e-03 4.38554804e-04
2.34151539e-01 5.97274898e-03 -2.33330886e-03 4.47809427e-03 4.43307325e-04
2.35677996e-01 6.00298406e-03 -2.34150478e-03 4.50748394e-03 4.48050014e-04
2.37203872e-01 6.03344102e-03 -2.34975335e-03 4.53709169e-03 4.52782217e-04
2.38729163e-01 6.06412051e-03 -2.35805389e-03 4.56691815e-03 4.57503303e-04
2.40253865e-01 6.09502315e-03 -2.36640573e-03 4.59696389e-03 4.62212662e-04
2.41777975e-01 6.12614954e-03 -2.37480814e-03 4.62722948e-03 4.66909710e-04
2.43301489e-01 6.15750025e-03 -2.38326040e-03 4.65771545e-03 4.71593888e-04
2.44824402e-01 6.18907583e-03 -2.39176174e-03 4.68842234e-03 4.76264662e-04
2.46346712e-01 6.22087679e-03 -2.40031139e-03 4.71935063e-03 4.80921525e-04
2.47868414e-01 6.25290364e-03 -2.40890854e-03 4.75050079e-03 4.85563997e-04
2.49389505e-01 6.28515686e-03 -2.41755239e-03 4.78187327e-03 4.90191625e-04
2.50909981e-01 6.31763690e-03 -2.42624208e-03 4.81346851e-03 4.94803986e-04
2.52429838e-01 6.35034419e-03 -2.43497677e-03 4.84528691e-03 4.99400684e-04
2.53949073e-01 6.38327916e-03 -2.44375558e-03 4.87732886e-03 5.03981355e-04
2.55467681e-01 6.41644220e-03 -2.45257763e-03 4.90959474e-03 5.08545663e-04
2.56985659e-01 6.44983367e-03 -2.46144200e-03 4.94208491e-03 5.13093304e-04
2.58503004e-01 6.48345395e-03 -2.47034778e-03 4.97479970e-03 5.17624004e-04
2.60019711e-01 6.51730337e-03 -2.47929403e-03 5.00773943e-03 5.22137523e-04
2.61535776e-01 6.55138225e-03 -2.48827980e-03 5.04090441e-03 5.26633650e-04
2.63051197e-01 6.58569090e-03 -2.49730414e-03 5.07429495e-03 5.31112209e-04
2.64565969e-01 6.62022963e-03 -2.50636606e-03 5.10791131e-03 5.35573056e-04
2.66080089e-01 6.65499871e-03 -2.51546460e-03 5.14175378e-03 5.40016080e-04
2.67593552e-01 6.68999841e-03 -2.52459875e-03 5.17582261e-03 5.44441204e-04
2.69106356e-01 6.72522899e-03 -2.53376751e-03 5.21011806e-03 5.48848386e-04
2.70618495e-01 6.76069069e-03 -2.54296988e-03 5.24464037e-03 5.53237616e-04
2.72129968e-01 6.79638377e-03 -2.55220485e-03 5.27938978e-03 5.57608920e-04
2.73640769e-01 6.83230846e-03 -2.56147138e-03 5.31436652e-03 5.61962358e-04
2.75150895e-01 6.86846497e-03 -2.57076845e-03 5.34957081e-03 5.66298024e-04
2.76660343e-01 6.90485353e-03 -2.58009504e-03 5.38500288e-03 5.70616049e-04
2.78169109e-01 6.94147436e-03 -2.58945011e-03 5.42066296e-03 5.74916596e-04
2.79677188e-01 6.97832767e-03 -2.59883262e-03 5.45655126e-03 5.79199865e-04
2.81184578e-01 7.01541367e-03 -2.60824155e-03 5.49266801e-03 5.83466091e-04
2.82691274e-01 7.05273259e-03 -2.61767585e-03 5.52901344e-03 5.87715543e-04
2.84197274e-01 7.09028464e-03 -2.62713449e-03 5.56558777e-03 5.91948526e-04
2.85702572e-01 7.12807003e-03 -2.63661645e-03 5.60239124e-03 5.96165378e-04
2.87207166e-01 7.16608898e-03 -2.64612068e-03 5.63942409e-03 6.00366474e-04
2.88711051e-01 7.20434173e-03 -2.65564617e-03 5.67668658e-03 6.04552222e-04
2.90214224e-01 7.24282852e-03 -2.66519190e-03 5.71417895e-03 6.08723066e-04
2.91716682e-01 7.28154958e-03 -2.67475686e-03 5.75190149e-03 6.12879480e-04
2.93218420e-01 7.32050517e-03 -2.68434003e-03 5.78985447e-03 6.17021978e-04
2.94719436e-01 7.35969556e-03 -2.69394043e-03 5.82803819e-03 6.21151101e-04
2.96219724e-01 7.39912102e-03 -2.70355706e-03 5.86645297e-03 6.25267429e-04
2.97719282e-01 7.43878187e-03 -2.71318895e-03 5.90509914e-03 6.29371571e-04
2.99218105e-01 7.47867839e-03 -2.72283513e-03 5.94397705e-03 6.33464169e-04
3.00716191e-01 7.51881093e-03 -2.73249465e-03 5.98308706e-03 6.37545897e-04
3.02213535e-01 7.55917983e-03 -2.74216656e-03 6.02242958e-03 6.41617462e-04
3.03710134e-01 7.59978546e-03 -2.75184994e-03 6.06200501e-03 6.45679600e-04
3.05205983e-01 7.64062821e-03 -2.76154388e-03 6.10181380e-03 6.49733078e-04
3.06701080e-01 7.68170850e-03 -2.77124748e-03 6.14185641e-03 6.53778693e-04
3.08195421e-01 7.72302677e-03 -2.78095986e-03 6.18213335e-03 6.57817269e-04
3.09689002e-01 7.76458349e-03 -2.79068017e-03 6.22264513e-03 6.61849663e-04
3.11181819e-01 7.80637916e-03 -2.80040754e-03 6.26339232e-03 6.65876755e-04
3.12673868e-01 7.84841431e-03 -2.81014118e-03 6.30437550e-03 6.69899454e-04
3.14165146e-01 7.89068949e-03 -2.81988026e-03 6.34559531e-03 6.73918697e-04
3.15655650e-01 7.93320530e-03 -2.82962402e-03 6.38705239e-03 6.77935443e-04
3.17145375e-01 7.97596236e-03 -2.83937168e-03 6.42874745e-03 6.81950678e-04
3.18634318e-01 8.01896135e-03 -2.84912252e-03 6.47068124e-03 6.85965412e-04
3.20122475e-01 8.06220297e-03 -2.85887581e-03 6.51285451e-03 6.89980676e-04
3.21609843e-01 8.10568795e-03 -2.86863087e-03 6.55526811e-03 6.93997526e-04
3.23096417e-01 8.14941709e-03 -2.87838704e-03 6.59792288e-03 6.98017036e-04
3.24582195e-01 8.19339120e-03 -2.88814366e-03 6.64081974e-03 7.02040302e-04
3.26067172e-01 8.23761116e-03 -2.89790014e-03 6.68395964e-03 7.06068440e-04
3.27551345e-01 8.28207788e-03 -2.90765587e-03 6.72734359e-03 7.10102583e-04
3.29034710e-01 8.32679233e-03 -2.91741031e-03 6.77097264e-03 7.14143880e-04
3.30517264e-01 8.37175551e-03 -2.92716292e-03 6.81484788e-03 7.18193499e-04
3.31999003e-01 8.41696849e-03 -2.93691319e-03 6.85897048e-03 7.22252622e-04
3.33479923e-01 8.46243237e-03 -2.94666065e-03 6.90334164e-03 7.26322443e-04
3.34960021e-01 8.50814831e-03 -2.95640486e-03 6.94796262e-03 7.30404172e-04
3.36439292e-01 8.55411753e-03 -2.96614539e-03 6.99283473e-03 7.34499029e-04
3.37917734e-01 8.60034130e-03 -2.97588187e-03 7.03795936e-03 7.38608246e-04
3.39395342e-01 8.64682095e-03 -2.98561394e-03 7.08333792e-03 7.42733063e-04
3.40872114e-01 8.69355785e-03 -2.99534127e-03 7.12897192e-03 7.46874730e-04
3.42348044e-01 8.74055344e-03 -3.00506356e-03 7.17486289e-03 7.51034502e-04
3.43823131e-01 8.78780923e-03 -3.01478057e-03 7.22101244e-03 7.55213642e-04
3.45297369e-01 8.83532676e-03 -3.02449204e-03 7.26742226e-03 7.59413417e-04
3.46770756e-01 8.88310766e-03 -3.03419779e-03 7.31409407e-03 7.63635099e-04
3.48243288e-01 8.93115361e-03 -3.04389765e-03 7.36102967e-03 7.67879960e-04
3.49714961e-01 8.97946636e-03 -3.05359149e-03 7.40823091e-03 7.72149275e-04
3.51185772e-01 9.02804770e-03 -3.06327919e-03 7.45569974e-03 7.76444319e-04
3.52655716e-01 9.07689951e-03 -3.07296068e-03 7.50343813e-03 7.80766365e-04
3.54124791e-01 9.12602373e-03 -3.08263594e-03 7.55144816e-03 7.85116684e-04
3.55592992e-01 9.17542235e-03 -3.09230494e-03 7.59973193e-03 7.89496544e-04
3.57060317e-01 9.22509744e-03 -3.10196772e-03 7.64829166e-03 7.93907207e-04
3.58526760e-01 9.27505115e-03 -3.11162432e-03 7.69712959e-03 7.98349929e-04
3.59992320e-01 9.32528566e-03 -3.12127484e-03 7.74624806e-03 8.02825961e-04
3.61456992e-01 9.37580325e-03 -3.13091940e-03 7.79564947e-03 8.07336542e-04
3.62920772e-01 9.42660626e-03 -3.14055815e-03 7.84533628e-03 8.11882904e-04
3.64383658e-01 9.47769709e-03 -3.15019126e-03 7.89531104e-03 8.16466267e-04
3.65845645e-01 9.52907822e-03 -3.15981895e-03 7.94557634e-03 8.21087840e-04
3.67306729e-01 9.58075220e-03 -3.16944146e-03 7.99613487e-03 8.25748817e-04
3.68766908e-01 9.63272163e-03 -3.17905906e-03 8.04698937e-03 8.30450381e-04
3.70226177e-01 9.68498920e-03 -3.18867206e-03 8.09814266e-03 8.35193695e-04
3.71684534e-01 9.73755767e-03 -3.19828078e-03 8.14959762e-03 8.39979911e-04
3.73141973e-01 9.79042985e-03 -3.20788559e-03 8.20135721e-03 8.44810157e-04
3.74598493e-01 9.84360864e-03 -3.21748687e-03 8.25342446e-03 8.49685549e-04
3.76054088e-01 9.89709699e-03 -3.22708503e-03 8.30580246e-03 8.54607178e-04
3.77508756e-01 9.95089795e-03 -3.23668052e-03 8.35849437e-03 8.59576116e-04
3.78962493e-01 1.00050146e-02 -3.24627381e-03 8.41150343e-03 8.64593414e-04
3.80415296e-01 1.00594501e-02 -3.25586538e-03 8.46483293e-03 8.69660100e-04
3.81867160e-01 1.01142077e-02 -3.26545576e-03 8.51848625e-03 8.74777177e-04
3.83318083e-01 1.01692907e-02 -3.27504548e-03 8.57246683e-03 8.79945625e-04
3.84768060e-01 1.02247025e-02 -3.28463512e-03 8.62677815e-03 8.85166397e-04
3.86217089e-01 1.02804465e-02 -3.29422526e-03 8.68142380e-03 8.90440421e-04
3.87665165e-01 1.03365263e-02 -3.30381651e-03 8.73640740e-03 8.95768597e-04
3.89112285e-01 1.03929453e-02 -3.31340951e-03 8.79173266e-03 9.01151796e-04
3.90558445e-01 1.04497072e-02 -3.32300491e-03 8.84740333e-03 9.06590863e-04
3.92003642e-01 1.05068157e-02 -3.33260337e-03 8.90342325e-03 9.12086610e-04
3.93447872e-01 1.05642746e-02 -3.34220558e-03 8.95979629e-03 9.17639821e-04
3.94891132e-01 1.06220877e-02 -3.35181226e-03 9.01652640e-03 9.23251249e-04
3.96333418e-01 1.06802589e-02 -3.36142412e-03 9.07361759e-03 9.28921615e-04
3.97774727e-01 1.07387922e-02 -3.37104190e-03 9.13107393e-03 9.34651606e-04
3.99215055e-01 1.07976914e-02 -3.38066636e-03 9.18889953e-03 9.40441881e-04
4.00654398e-01 1.08569608e-02 -3.39029827e-03 9.24709857e-03 9.46293061e-04
4.02092753e-01 1.09166043e-02 -3.39993839e-03 9.30567530e-03 9.52205736e-04
4.03530117e-01 1.09766262e-02 -3.40958752e-03 9.36463399e-03 9.58180463e-04
4.04966485e-01 1.10370308e-02 -3.41924647e-03 9.42397898e-03 9.64217761e-04
4.06401855e-01 1.10978222e-02 -3.42891604e-03 9.48371467e-03 9.70318117e-04
4.07836222e-01 1.11590049e-02 -3.43859704e-03 9.54384548e-03 9.76481983e-04
4.09269584e-01 1.12205831e-02 -3.44829031e-03 9.60437591e-03 9.82709776e-04
4.10701936e-01 1.12825614e-02 -3.45799667e-03 9.66531049e-03 9.89001874e-04
4.12133276e-01 1.13449442e-02 -3.46771695e-03 9.72665379e-03 9.95358625e-04
4.13563599e-01 1.14077361e-02 -3.47745201e-03 9.78841044e-03 1.00178034e-03
4.14992902e-01 1.14709415e-02 -3.48720267e-03 9.85058509e-03 1.00826729e-03
4.16421181e-01 1.15345652e-02 -3.49696977e-03 9.91318244e-03 1.01481971e-03
4.17848434e-01 1.15986117e-02 -3.50675417e-03 9.97620723e-03 1.02143781e-03
4.19274656e-01 1.16630858e-02 -3.51655671e-03 1.00396642e-02 1.02812175e-03
4.20699844e-01 1.17279921e-02 -3.52637821e-03 1.01035583e-02 1.03487167e-03
4.22123995e-01 1.17933356e-02 -3.53621952e-03 1.01678941e-02 1.04168766e-03
4.23547105e-01 1.18591208e-02 -3.54608146e-03 1.02326768e-02 1.04856979e-03
4.24969170e-01 1.19253527e-02 -3.55596487e-03 1.02979110e-02 1.05551807e-03
4.26390187e-01 1.19920362e-02 -3.56587056e-03 1.03636018e-02 1.06253251e-03
4.27810152e-01 1.20591761e-02 -3.57579933e-03 1.04297541e-02 1.06961307e-03
4.29229063e-01 1.21267773e-02 -3.58575200e-03 1.04963728e-02 1.07675966e-03
4.30646915e-01 1.21948448e-02 -3.59572936e-03 1.05634631e-02 1.08397218e-03
4.32063705e-01 1.22633835e-02 -3.60573217e-03 1.06310298e-02 1.09125050e-03
4.33479429e-01 1.23323985e-02 -3.61576121e-03 1.06990780e-02 1.09859444e-03
4.34894084e-01 1.24018946e-02 -3.62581724e-03 1.07676127e-02 1.10600379e-03
4.36307667e-01 1.24718770e-02 -3.63590098e-03 1.08366391e-02 1.11347833e-03
4.37720174e-01 1.25423507e-02 -3.64601318e-03 1.09061622e-02 1.12101779e-03
4.39131601e-01 1.26133207e-02 -3.65615452e-03 1.09761870e-02 1.12862188e-03
4.40541946e-01 1.26847922e-02 -3.66632570e-03 1.10467186e-02 1.13629028e-03
4.41951203e-01 1.27567700e-02 -3.67652739e-03 1.11177622e-02 1.14402264e-03
4.43359371e-01 1.28292595e-02 -3.68676025e-03 1.11893228e-02 1.15181859e-03
4.44766446e-01 1.29022655e-02 -3.69702489e-03 1.12614055e-02 1.15967773e-03
4.46172424e-01 1.29757933e-02 -3.70732193e-03 1.13340155e-02 1.16759964e-03
4.47577301e-01 1.30498478e-02 -3.71765196e-03 1.14071577e-02 1.17558387e-03
4.48981074e-01 1.31244343e-02 -3.72801554e-03 1.14808374e-02 1.18362995e-03
4.50383741e-01 1.31995578e-02 -3.73841321e-03 1.15550596e-02 1.19173740e-03
4.51785296e-01 1.32752234e-02 -3.74884547e-03 1.16298293e-02 1.19990569e-03
4.53185738e-01 1.33514362e-02 -3.75931283e-03 1.17051517e-02 1.20813430e-03
4.54585061e-01 1.34282013e-02 -3.76981574e-03 1.17810319e-02 1.21642270e-03
4.55983264e-01 1.35055237e-02 -3.78035463e-03 1.18574748e-02 1.22477030e-03
4.57380342e-01 1.35834085e-02 -3.79092992e-03 1.19344854e-02 1.23317654e-03
4.58776292e-01 1.36618608e-02 -3.80154199e-03 1.20120690e-02 1.24164082e-03
4.60171111e-01 1.37408857e-02 -3.81219117e-03 1.20902303e-02 1.25016254e-03
4.61564795e-01 1.38204881e-02 -3.82287781e-03 1.21689745e-02 1.25874109e-03
4.62957340e-01 1.39006731e-02 -3.83360217e-03 1.22483065e-02 1.26737583e-03
4.64348744e-01 1.39814457e-02 -3.84436453e-03 1.23282312e-02 1.27606615e-03
4.65739003e-01 1.40628109e-02 -3.85516512e-03 1.24087537e-02 1.28481138e-03
4.67128113e-01 1.41447736e-02 -3.86600413e-03 1.24898787e-02 1.29361090e-03
4.68516071e-01 1.42273389e-02 -3.87688173e-03 1.25716112e-02 1.30246406e-03
4.69902874e-01 1.43105116e-02 -3.88779806e-03 1.26539561e-02 1.31137019e-03
4.71288518e-01 1.43942968e-02 -3.89875321e-03 1.27369182e-02 1.32032866e-03
4.72672999e-01 1.44786992e-02 -3.90974726e-03 1.28205023e-02 1.32933880e-03
4.74056315e-01 1.45637237e-02 -3.92078025e-03 1.29047132e-02 1.33839998e-03
4.75438462e-01 1.46493753e-02 -3.93185218e-03 1.29895557e-02 1.34751154e-03
4.76819436e-01 1.47356587e-02 -3.94296302e-03 1.30750345e-02 1.35667285e-03
4.78199234e-01 1.48225788e-02 -3.95411272e-03 1.31611544e-02 1.36588327e-03
4.79577853e-01 1.49101403e-02 -3.96530118e-03 1.32479199e-02 1.37514219e-03
4.80955289e-01 1.49983481e-02 -3.97652827e-03 1.33353359e-02 1.38444898e-03
4.82331539e-01 1.50872068e-02 -3.98779385e-03 1.34234068e-02 1.39380305e-03
4.83706600e-01 1.51767211e-02 -3.99909771e-03 1.35121374e-02 1.40320381e-03
4.85080468e-01 1.52668959e-02 -4.01043964e-03 1.36015322e-02 1.41265068e-03
4.86453139e-01 1.53577357e-02 -4.02181939e-03 1.36915957e-02 1.42214311e-03
4.87824611e-01 1.54492451e-02 -4.03323666e-03 1.37823324e-02 1.43168055e-03
4.89194880e-01 1.55414289e-02 -4.04469114e-03 1.38737470e-02 1.44126250e-03
4.90563942e-01 1.56342917e-02 -4.05618249e-03 1.39658438e-02 1.45088844e-03
4.91931794e-01 1.57278379e-02 -4.06771032e-03 1.40586273e-02 1.46055791e-03
4.93298434e-01 1.58220722e-02 -4.07927423e-03 1.41521019e-02 1.47027046e-03
4.94663856e-01 1.59169991e-02 -4.09087378e-03 1.42462721e-02 1.48002564e-03
4.96028059e-01 1.60126232e-02 -4.10250851e-03 1.43411422e-02 1.48982308e-03
4.97391039e-01 1.61089489e-02 -4.11417792e-03 1.44367165e-02 1.49966239e-03
4.98752791e-01 1.62059808e-02 -4.12588148e-03 1.45329995e-02 1.50954324e-03
5.00113314e-01 1.63037233e-02 -4.13761866e-03 1.46299954e-02 1.51946532e-03
5.01472604e-01 1.64021808e-02 -4.14938888e-03 1.47277085e-02 1.52942834e-03
5.02830656e-01 1.65013579e-02 -4.16119154e-03 1.48261433e-02 1.53943207e-03
5.04187469e-01 1.66012590e-02 -4.17302601e-03 1.49253038e-02 1.54947629e-03
5.05543038e-01 1.67018884e-02 -4.18489165e-03 1.50251945e-02 1.55956084e-03
5.06897361e-01 1.68032507e-02 -4.19678779e-03 1.51258195e-02 1.56968559e-03
5.08250433e-01 1.69053501e-02 -4.20871374e-03 1.52271831e-02 1.57985042e-03
5.09602252e-01 1.70081913e-02 -4.22066878e-03 1.53292897e-02 1.59005530e-03
5.10952815e-01 1.71117785e-02 -4.23265219e-03 1.54321433e-02 1.60030021e-03
5.12302117e-01 1.72161161e-02 -4.24466321e-03 1.55357483e-02 1.61058516e-03
5.13650155e-01 1.73212086e-02 -4.25670107e-03 1.56401090e-02 1.62091025e-03
5.14996927e-01 1.74270605e-02 -4.26876500e-03 1.57452295e-02 1.63127557e-03
5.16342429e-01 1.75336761e-02 -4.28085420e-03 1.58511142e-02 1.64168129e-03
5.17686658e-01 1.76410598e-02 -4.29296784e-03 1.59577674e-02 1.65212761e-03
5.19029610e-01 1.77492162e-02 -4.30510511e-03 1.60651932e-02 1.66261479e-03
5.20371281e-01 1.78581498e-02 -4.31726517e-03 1.61733961e-02 1.67314312e-03
5.21711670e-01 1.79678649e-02 -4.32944717e-03 1.62823804e-02 1.68371295e-03
5.23050772e-01 1.80783662e-02 -4.34165024e-03 1.63921504e-02 1.69432468e-03
5.24388584e-01 1.81896581e-02 -4.35387354e-03 1.65027104e-02 1.70497874e-03
5.25725102e-01 1.83017453e-02 -4.36611619e-03 1.66140650e-02 1.71567564e-03
5.27060325e-01 1.84146323e-02 -4.37837730e-03 1.67262186e-02 1.72641591e-03
5.28394247e-01 1.85283239e-02 -4.39065601e-03 1.68391756e-02 1.73720015e-03
5.29726866e-01 1.86428246e-02 -4.40295143e-03 1.69529406e-02 1.74802901e-03
5.31058179e-01 1.87581392e-02 -4.41526268e-03 1.70675182e-02 1.75890318e-03
5.32388182e-01 1.88742726e-02 -4.42758886e-03 1.71829129e-02 1.76982341e-03
5.33716872e-01 1.89912295e-02 -4.43992912e-03 1.72991295e-02 1.78079049e-03
5.35044246e-01 1.91090148e-02 -4.45228255e-03 1.74161727e-02 1.79180527e-03
5.36370301e-01 1.92276335e-02 -4.46464830e-03 1.75340473e-02 1.80286866e-03
5.37695032e-01 1.93470905e-02 -4.47702549e-03 1.76527582e-02 1.81398160e-03
5.39018438e-01 1.94673910e-02 -4.48941327e-03 1.77723102e-02 1.82514510e-03
5.40340514e-01 1.95885401e-02 -4.50181078e-03 1.78927084e-02 1.83636022e-03
5.41661258e-01 1.97105431e-02 -4.51421719e-03 1.80139580e-02 1.84762804e-03
5.42980666e-01 1.98334052e-02 -4.52663165e-03 1.81360640e-02 1.85894974e-03
5.44298735e-01 1.99571318e-02 -4.53905337e-03 1.82590318e-02 1.87032650e-03
5.45615461e-01 2.00817285e-02 -4.55148153e-03 1.83828666e-02 1.88175959e-03
5.46930842e-01 2.02072007e-02 -4.56391535e-03 1.85075740e-02 1.89325031e-03
5.48244874e-01 2.03335543e-02 -4.57635407e-03 1.86331596e-02 1.90480000e-03
5.49557555e-01 2.04607949e-02 -4.58879692e-03 1.87596288e-02 1.91641006e-03
5.50868879e-01 2.05889284e-02 -4.60124318e-03 1.88869877e-02 1.92808193e-03
5.52178845e-01 2.07179610e-02 -4.61369214e-03 1.90152420e-02 1.93981711e-03
5.53487450e-01 2.08478985e-02 -4.62614311e-03 1.91443977e-02 1.95161712e-03
5.54794689e-01 2.09787474e-02 -4.63859543e-03 1.92744610e-02 1.96348354e-03
5.56100561e-01 2.11105139e-02 -4.65104846e-03 1.94054382e-02 1.97541800e-03
5.57405060e-01 2.12432046e-02 -4.66350158e-03 1.95373357e-02 1.98742215e-03
5.58708186e-01 2.13768261e-02 -4.67595421e-03 1.96701600e-02 1.99949769e-03
5.60009933e-01 2.15113852e-02 -4.68840579e-03 1.98039177e-02 2.01164637e-03
5.61310299e-01 2.16468887e-02 -4.70085580e-03 1.99386159e-02 2.02386996e-03
5.62609281e-01 2.17833437e-02 -4.71330372e-03 2.00742613e-02 2.03617029e-03
5.63906875e-01 2.19207575e-02 -4.72574910e-03 2.02108613e-02 2.04854919e-03
5.65203079e-01 2.20591374e-02 -4.73819151e-03 2.03484230e-02 2.06100857e-03
5.66497889e-01 2.21984910e-02 -4.75063053e-03 2.04869540e-02 2.07355032e-03
5.67791302e-01 2.23388259e-02 -4.76306581e-03 2.06264620e-02 2.08617640e-03
5.69083314e-01 2.24801500e-02 -4.77549701e-03 2.07669546e-02 2.09888879e-03
5.70373923e-01 2.26224714e-02 -4.78792384e-03 2.09084401e-02 2.11168949e-03
5.71663126e-01 2.27657983e-02 -4.80034603e-03 2.10509265e-02 2.12458053e-03
5.72950918e-01 2.29101390e-02 -4.81276337e-03 2.11944223e-02 2.13756396e-03
5.74237298e-01 2.30555022e-02 -4.82517567e-03 2.13389359e-02 2.15064185e-03
5.75522261e-01 2.32018967e-02 -4.83758279e-03 2.14844763e-02 2.16381631e-03
5.76805805e-01 2.33493315e-02 -4.84998461e-03 2.16310523e-02 2.17708944e-03
5.78087927e-01 2.34978156e-02 -4.86238108e-03 2.17786731e-02 2.19046337e-03
5.79368623e-01 2.36473585e-02 -4.87477217e-03 2.19273481e-02 2.20394025e-03
5.80647890e-01 2.37979699e-02 -4.88715790e-03 2.20770869e-02 2.21752223e-03
5.81925725e-01 2.39496593e-02 -4.89953831e-03 2.22278993e-02 2.23121149e-03
5.83202125e-01 2.41024370e-02 -4.91191351e-03 2.23797954e-02 2.24501019e-03
5.84477087e-01 2.42563130e-02 -4.92428363e-03 2.25327853e-02 2.25892051e-03
5.85750607e-01 2.44112979e-02 -4.93664886e-03 2.26868796e-02 2.27294465e-03
5.87022683e-01 2.45674022e-02 -4.94900941e-03 2.28420890e-02 2.28708478e-03
5.88293311e-01 2.47246369e-02 -4.96136554e-03 2.29984243e-02 2.30134310e-03
5.89562488e-01 2.48830131e-02 -4.97371757e-03 2.31558968e-02 2.31572178e-03
5.90830212e-01 2.50425422e-02 -4.98606584e-03 2.33145178e-02 2.33022301e-03
5.92096478e-01 2.52032356e-02 -4.99841074e-03 2.34742991e-02 2.34484896e-03
5.93361284e-01 2.53651052e-02 -5.01075269e-03 2.36352523e-02 2.35960179e-03
5.94624627e-01 2.55281631e-02 -5.02309216e-03 2.37973898e-02 2.37448365e-03
5.95886503e-01 2.56924215e-02 -5.03542967e-03 2.39607237e-02 2.38949669e-03
5.97146909e-01 2.58578929e-02 -5.04776576e-03 2.41252668e-02 2.40464303e-03
5.98405843e-01 2.60245902e-02 -5.06010103e-03 2.42910319e-02 2.41992476e-03
5.99663302e-01 2.61925263e-02 -5.07243610e-03 2.44580321e-02 2.43534399e-03
6.00919281e-01 2.63617144e-02 -5.08477165e-03 2.46262808e-02 2.45090277e-03
6.02173778e-01 2.65321681e-02 -5.09710837e-03 2.47957914e-02 2.46660314e-03
6.03426791e-01 2.67039012e-02 -5.10944701e-03 2.49665780e-02 2.48244712e-03
6.04678315e-01 2.68769275e-02 -5.12178835e-03 2.51386546e-02 2.49843669e-03
6.05928348e-01 2.70512613e-02 -5.13413320e-03 2.53120355e-02 2.51457380e-03
6.07176887e-01 2.72269172e-02 -5.14648241e-03 2.54867354e-02 2.53086038e-03
6.08423928e-01 2.74039098e-02 -5.15883687e-03 2.56627690e-02 2.54729831e-03
6.09669468e-01 2.75822541e-02 -5.17119749e-03 2.58401517e-02 2.56388945e-03
6.10913506e-01 2.77619654e-02 -5.18356521e-03 2.60188986e-02 2.58063561e-03
6.12156036e-01 2.79430591e-02 -5.19594102e-03 2.61990254e-02 2.59753855e-03
6.13397057e-01 2.81255510e-02 -5.20832591e-03 2.63805479e-02 2.61460002e-03
6.14636565e-01 2.83094570e-02 -5.22072092e-03 2.65634824e-02 2.63182169e-03
6.15874558e-01 2.84947934e-02 -5.23312712e-03 2.67478451e-02 2.64920520e-03
6.17111031e-01 2.86815766e-02 -5.24554558e-03 2.69336526e-02 2.66675216e-03
6.18345983e-01 2.88698232e-02 -5.25797742e-03 2.71209218e-02 2.68446409e-03
6.19579410e-01 2.90595503e-02 -5.27042376e-03 2.73096698e-02 2.70234251e-03
6.20811308e-01 2.92507751e-02 -5.28288576e-03 2.74999140e-02 2.72038884e-03
6.22041676e-01 2.94435149e-02 -5.29536459e-03 2.76916719e-02 2.73860447e-03
6.23270509e-01 2.96377874e-02 -5.30786144e-03 2.78849613e-02 2.75699075e-03
6.24497806e-01 2.98336104e-02 -5.32037750e-03 2.80798003e-02 2.77554893e-03
6.25723562e-01 3.00310022e-02 -5.33291401e-03 2.82762071e-02 2.79428025e-03
6.26947776e-01 3.02299811e-02 -5.34547219e-03 2.84742004e-02 2.81318587e-03
6.28170443e-01 3.04305656e-02 -5.35805327e-03 2.86737987e-02 2.83226687e-03
6.29391561e-01 3.06327745e-02 -5.37065851e-03 2.88750211e-02 2.85152431e-03
6.30611126e-01 3.08366269e-02 -5.38328918e-03 2.90778867e-02 2.87095917e-03
6.31829137e-01 3.10421420e-02 -5.39594651e-03 2.92824150e-02 2.89057235e-03
6.33045589e-01 3.12493392e-02 -5.40863180e-03 2.94886256e-02 2.91036470e-03
6.34260480e-01 3.14582382e-02 -5.42134629e-03 2.96965382e-02 2.93033703e-03
6.35473807e-01 3.16688588e-02 -5.43409125e-03 2.99061729e-02 2.95049005e-03
6.36685567e-01 3.18812211e-02 -5.44686796e-03 3.01175499e-02 2.97082442e-03
6.37895757e-01 3.20953454e-02 -5.45967765e-03 3.03306896e-02 2.99134074e-03
6.39104373e-01 3.23112520e-02 -5.47252160e-03 3.05456127e-02 3.01203953e-03
6.40311414e-01 3.25289618e-02 -5.48540103e-03 3.07623399e-02 3.03292126e-03
6.41516875e-01 3.27484954e-02 -5.49831718e-03 3.09808922e-02 3.05398632e-03
6.42720754e-01 3.29698739e-02 -5.51127126e-03 3.12012908e-02 3.07523504e-03
6.43923048e-01 3.31931185e-02 -5.52426449e-03 3.14235570e-02 3.09666770e-03
6.45123754e-01 3.34182504e-02 -5.53729804e-03 3.16477123e-02 3.11828448e-03
6.46322869e-01 3.36452914e-02 -5.55037309e-03 3.18737783e-02 3.14008553e-03
6.47520390e-01 3.38742629e-02 -5.56349078e-03 3.21017769e-02 3.16207092e-03
6.48716314e-01 3.41051869e-02 -5.57665224e-03 3.23317300e-02 3.18424064e-03
6.49910639e-01 3.43380853e-02 -5.58985855e-03 3.25636598e-02 3.20659465e-03
6.51103360e-01 3.45729803e-02 -5.60311080e-03 3.27975884e-02 3.22913282e-03
6.52294476e-01 3.48098941e-02 -5.61641002e-03 3.30335384e-02 3.25185497e-03
6.53483983e-01 3.50488492e-02 -5.62975723e-03 3.32715322e-02 3.27476086e-03
6.54671879e-01 3.52898680e-02 -5.64315339e-03 3.35115924e-02 3.29785019e-03
6.55858160e-01 3.55329734e-02 -5.65659946e-03 3.37537419e-02 3.32112259e-03
6.57042824e-01 3.57781879e-02 -5.67009634e-03 3.39980035e-02 3.34457764e-03
6.58225867e-01 3.60255346e-02 -5.68364488e-03 3.42444002e-02 3.36821487e-03
6.59407287e-01 3.62750365e-02 -5.69724593e-03 3.44929551e-02 3.39203375e-03
6.60587080e-01 3.65267166e-02 -5.71090025e-03 3.47436915e-02 3.41603370e-03
6.61765245e-01 3.67805982e-02 -5.72460858e-03 3.49966325e-02 3.44021409e-03
6.62941778e-01 3.70367046e-02 -5.73837162e-03 3.52518016e-02 3.46457422e-03
6.64116675e-01 3.72950591e-02 -5.75219001e-03 3.55092221e-02 3.48911338e-03
6.65289935e-01 3.75556853e-02 -5.76606434e-03 3.57689178e-02 3.51383078e-03
6.66461554e-01 3.78186067e-02 -5.77999515e-03 3.60309120e-02 3.53872561e-03
6.67631530e-01 3.80838470e-02 -5.79398294e-03 3.62952286e-02 3.56379700e-03
6.68799859e-01 3.83514298e-02 -5.80802812e-03 3.65618913e-02 3.58904405e-03
6.69966538e-01 3.86213789e-02 -5.82213109e-03 3.68309237e-02 3.61446584e-03
6.71131566e-01 3.88937182e-02 -5.83629216e-03 3.71023499e-02 3.64006138e-03
6.72294938e-01 3.91684715e-02 -5.85051159e-03 3.73761936e-02 3.66582968e-03
6.73456652e-01 3.94456628e-02 -5.86478958e-03 3.76524788e-02 3.69176971e-03
6.74616706e-01 3.97253160e-02 -5.87912628e-03 3.79312294e-02 3.71788041e-03
6.75775095e-01 4.00074552e-02 -5.89352176e-03 3.82124695e-02 3.74416070e-03
6.76931818e-01 4.02921044e-02 -5.90797604e-03 3.84962231e-02 3.77060947e-03
6.78086872e-01 4.05792877e-02 -5.92248906e-03 3.87825143e-02 3.79722562e-03
6.79240254e-01 4.08690293e-02 -5.93706070e-03 3.90713671e-02 3.82400801e-03
6.80391960e-01 4.11613534e-02 -5.95169079e-03 3.93628057e-02 3.85095550e-03
6.81541988e-01 4.14562840e-02 -5.96637907e-03 3.96568541e-02 3.87806693e-03
6.82690336e-01 4.17538455e-02 -5.98112523e-03 3.99535365e-02 3.90534115e-03
6.83837000e-01 4.20540621e-02 -5.99592886e-03 4.02528771e-02 3.93277700e-03
6.84981977e-01 4.23569580e-02 -6.01078953e-03 4.05549000e-02 3.96037333e-03
6.86125265e-01 4.26625575e-02 -6.02570670e-03 4.08596294e-02 3.98812898e-03
6.87266861e-01 4.29708849e-02 -6.04067977e-03 4.11670894e-02 4.01604281e-03
6.88406763e-01 4.32819645e-02 -6.05570807e-03 4.14773043e-02 4.04411369e-03
6.89544966e-01 4.35958205e-02 -6.07079087e-03 4.17902982e-02 4.07234052e-03
6.90681469e-01 4.39124775e-02 -6.08592735e-03 4.21060953e-02 4.10072218e-03
6.91816268e-01 4.42319596e-02 -6.10111663e-03 4.24247198e-02 4.12925762e-03
6.92949362e-01 4.45542912e-02 -6.11635776e-03 4.27461958e-02 4.15794578e-03
6.94080746e-01 4.48794967e-02 -6.13164972e-03 4.30705476e-02 4.18678565e-03
6.95210419e-01 4.52076005e-02 -6.14699140e-03 4.33977994e-02 4.21577625e-03
6.96338377e-01 4.55386270e-02 -6.16238165e-03 4.37279754e-02 4.24491664e-03
6.97464618e-01 4.58726006e-02 -6.17781922e-03 4.40610998e-02 4.27420592e-03
6.98589139e-01 4.62095456e-02 -6.19330282e-03 4.43971967e-02 4.30364323e-03
6.99711937e-01 4.65494867e-02 -6.20883105e-03 4.47362905e-02 4.33322776e-03
7.00833010e-01 4.68924481e-02 -6.22440249e-03 4.50784053e-02 4.36295875e-03
7.01952354e-01 4.72384545e-02 -6.24001561e-03 4.54235654e-02 4.39283552e-03
7.03069967e-01 4.75875303e-02 -6.25566883e-03 4.57717951e-02 4.42285742e-03
7.04185846e-01 4.79397002e-02 -6.27136052e-03 4.61231187e-02 4.45302387e-03
7.05299989e-01 4.82949886e-02 -6.28708894e-03 4.64775606e-02 4.48333438e-03
7.06412392e-01 4.86534202e-02 -6.30285234e-03 4.68351449e-02 4.51378851e-03
7.07523053e-01 4.90150197e-02 -6.31864887e-03 4.71958963e-02 4.54438589e-03
7.08631969e-01 4.93798119e-02 -6.33447662e-03 4.75598391e-02 4.57512625e-03
7.09739137e-01 4.97478215e-02 -6.35033363e-03 4.79269977e-02 4.60600939e-03
7.10844555e-01 5.01190733e-02 -6.36621788e-03 4.82973968e-02 4.63703519e-03
7.11948220e-01 5.04935924e-02 -6.38212730e-03 4.86710609e-02 4.66820364e-03
7.13050130e-01 5.08714036e-02 -6.39805973e-03 4.90480147e-02 4.69951480e-03
7.14150280e-01 5.12525321e-02 -6.41401299e-03 4.94282831e-02 4.73096883e-03
7.15248670e-01 5.16370031e-02 -6.42998483e-03 4.98118907e-02 4.76256601e-03
7.16345296e-01 5.20248418e-02 -6.44597297e-03 5.01988626e-02 4.79430670e-03
7.17440155e-01 5.24160737e-02 -6.46197504e-03 5.05892238e-02 4.82619137e-03
7.18533244e-01 5.28107242e-02 -6.47798865e-03 5.09829995e-02 4.85822062e-03
7.19624562e-01 5.32088191e-02 -6.49401138e-03 5.13802150e-02 4.89039513e-03
7.20714105e-01 5.36103840e-02 -6.51004072e-03 5.17808956e-02 4.92271571e-03
7.21801870e-01 5.40154451e-02 -6.52607416e-03 5.21850670e-02 4.95518330e-03
7.22887856e-01 5.44240283e-02 -6.54210914e-03 5.25927549e-02 4.98779896e-03
7.23972059e-01 5.48361600e-02 -6.55814304e-03 5.30039853e-02 5.02056384e-03
7.25054476e-01 5.52518666e-02 -6.57417325e-03 5.34187841e-02 5.05347927e-03
7.26135105e-01 5.56711750e-02 -6.59019707e-03 5.38371777e-02 5.08654666e-03
7.27213943e-01 5.60941118e-02 -6.60621182e-03 5.42591926e-02 5.11976758e-03
7.28290988e-01 5.65207044e-02 -6.62221478e-03 5.46848556e-02 5.15314373e-03
7.29366237e-01 5.69509800e-02 -6.63820318e-03 5.51141935e-02 5.18667695e-03
7.30439687e-01 5.73849664e-02 -6.65417425e-03 5.55472338e-02 5.22036920e-03
7.31511336e-01 5.78226914e-02 -6.67012519e-03 5.59840037e-02 5.25422260e-03
7.32581181e-01 5.82641833e-02 -6.68605320e-03 5.64245313e-02 5.28823940e-03
7.33649219e-01 5.87094705e-02 -6.70195545e-03 5.68688444e-02 5.32242202e-03
7.34715448e-01 5.91585820e-02 -6.71782910e-03 5.73169717e-02 5.35677299e-03
7.35779864e-01 5.96115469e-02 -6.73367129e-03 5.77689418e-02 5.39129500e-03
7.36842467e-01 6.00683947e-02 -6.74947917e-03 5.82247839e-02 5.42599091e-03
7.37903252e-01 6.05291555e-02 -6.76524988e-03 5.86845275e-02 5.46086371e-03
7.38962217e-01 6.09938595e-02 -6.78098056e-03 5.91482024e-02 5.49591655e-03
7.40019360e-01 6.14625374e-02 -6.79666835e-03 5.96158391e-02 5.53115273e-03
7.41074678e-01 6.19352204e-02 -6.81231039e-03 6.00874681e-02 5.56657569e-03
7.42128168e-01 6.24119402e-02 -6.82790383e-03 6.05631208e-02 5.60218906e-03
7.43179828e-01 6.28927289e-02 -6.84344583e-03 6.10428288e-02 5.63799660e-03
7.44229655e-01 6.33776190e-02 -6.85893357e-03 6.15266243e-02 5.67400222e-03
7.45277647e-01 6.38666437e-02 -6.87436422e-03 6.20145400e-02 5.71021002e-03
7.46323801e-01 6.43598366e-02 -6.88973501e-03 6.25066091e-02 5.74662422e-03
7.47368114e-01 6.48572320e-02 -6.90504315e-03 6.30028653e-02 5.78324922e-03
7.48410585e-01 6.53588645e-02 -6.92028590e-03 6.35033431e-02 5.82008957e-03
7.49451209e-01 6.58647697e-02 -6.93546053e-03 6.40080774e-02 5.85714998e-03
7.50489985e-01 6.63749834e-02 -6.95056435e-03 6.45171039e-02 5.89443531e-03
7.51526911e-01 6.68895425e-02 -6.96559469e-03 6.50304587e-02 5.93195059e-03
7.52561982e-01 6.74084841e-02 -6.98054893e-03 6.55481789e-02 5.96970100e-03
7.53595199e-01 6.79318464e-02 -6.99542447e-03 6.60703019e-02 6.00769188e-03
7.54626556e-01 6.84596680e-02 -7.01021877e-03 6.65968663e-02 6.04592871e-03
7.55656053e-01 6.89919885e-02 -7.02492931e-03 6.71279110e-02 6.08441715e-03
7.56683685e-01 6.95288481e-02 -7.03955363e-03 6.76634758e-02 6.12316299e-03
7.57709452e-01 7.00702878e-02 -7.05408931e-03 6.82036016e-02 6.16217219e-03
7.58733350e-01 7.06163495e-02 -7.06853398e-03 6.87483297e-02 6.20145085e-03
7.59755377e-01 7.11670759e-02 -7.08288532e-03 6.92977024e-02 6.24100522e-03
7.60775531e-01 7.17225105e-02 -7.09714108e-03 6.98517629e-02 6.28084172e-03
7.61793808e-01 7.22826977e-02 -7.11129904e-03 7.04105553e-02 6.32096689e-03
7.62810206e-01 7.28476829e-02 -7.12535705e-03 7.09741246e-02 6.36138742e-03
7.63824724e-01 7.34175125e-02 -7.13931304e-03 7.15425167e-02 6.40211017e-03
7.64837357e-01 7.39922335e-02 -7.15316498e-03 7.21157785e-02 6.44314211e-03
7.65848104e-01 7.45718944e-02 -7.16691090e-03 7.26939580e-02 6.48449037e-03
7.66856963e-01 7.51565443e-02 -7.18054892e-03 7.32771040e-02 6.52616221e-03
7.67863930e-01 7.57462335e-02 -7.19407721e-03 7.38652665e-02 6.56816503e-03
7.68869004e-01 7.63410135e-02 -7.20749402e-03 7.44584966e-02 6.61050636e-03
7.69872181e-01 7.69409365e-02 -7.22079766e-03 7.50568465e-02 6.65319388e-03
7.70873460e-01 7.75460563e-02 -7.23398654e-03 7.56603693e-02 6.69623536e-03
7.71872838e-01 7.81564276e-02 -7.24705911e-03 7.62691195e-02 6.73963873e-03
7.72870312e-01 7.87721062e-02 -7.26001392e-03 7.68831527e-02 6.78341205e-03
7.73865880e-01 7.93931492e-02 -7.27284961e-03 7.75025257e-02 6.82756347e-03
7.74859540e-01 8.00196149e-02 -7.28556486e-03 7.81272966e-02 6.87210129e-03
7.75851289e-01 8.06515628e-02 -7.29815846e-03 7.87575247e-02 6.91703391e-03
7.76841124e-01 8.12890539e-02 -7.31062928e-03 7.93932705e-02 6.96236984e-03
7.77829044e-01 8.19321502e-02 -7.32297626e-03 8.00345958e-02 7.00811772e-03
7.78815045e-01 8.25809152e-02 -7.33519845e-03 8.06815640e-02 7.05428628e-03
7.79799126e-01 8.32354137e-02 -7.34729495e-03 8.13342397e-02 7.10088437e-03
7.80781283e-01 8.38957119e-02 -7.35926497e-03 8.19926887e-02 7.14792093e-03
7.81761515e-01 8.45618773e-02 -7.37110779e-03 8.26569784e-02 7.19540500e-03
7.82739819e-01 8.52339790e-02 -7.38282280e-03 8.33271778e-02 7.24334573e-03
7.83716193e-01 8.59120875e-02 -7.39440945e-03 8.40033570e-02 7.29175234e-03
7.84690634e-01 8.65962747e-02 -7.40586730e-03 8.46855879e-02 7.34063418e-03
7.85663139e-01 8.72866141e-02 -7.41719599e-03 8.53739437e-02 7.39000064e-03
7.86633708e-01 8.79831807e-02 -7.42839524e-03 8.60684993e-02 7.43986122e-03
7.87602336e-01 8.86860510e-02 -7.43946486e-03 8.67693310e-02 7.49022551e-03
7.88569022e-01 8.93953033e-02 -7.45040477e-03 8.74765170e-02 7.54110316e-03
7.89533763e-01 9.01110171e-02 -7.46121495e-03 8.81901367e-02 7.59250389e-03
7.90496556e-01 9.08332740e-02 -7.47189548e-03 8.89102714e-02 7.64443753e-03
7.91457401e-01 9.15621569e-02 -7.48244654e-03 8.96370042e-02 7.69691393e-03
7.92416293e-01 9.22977506e-02 -7.49286838e-03 9.03704195e-02 7.74994305e-03
7.93373232e-01 9.30401415e-02 -7.50316134e-03 9.11106038e-02 7.80353487e-03
7.94328214e-01 9.37894178e-02 -7.51332585e-03 9.18576450e-02 7.85769948e-03
7.95281236e-01 9.45456694e-02 -7.52336243e-03 9.26116331e-02 7.91244699e-03
7.96232298e-01 9.53089881e-02 -7.53327169e-03 9.33726597e-02 7.96778758e-03
7.97181396e-01 9.60794673e-02 -7.54305430e-03 9.41408183e-02 8.02373147e-03
7.98128528e-01 9.68572025e-02 -7.55271104e-03 9.49162041e-02 8.08028896e-03
7.99073691e-01 9.76422907e-02 -7.56224276e-03 9.56989144e-02 8.13747036e-03
8.00016884e-01 9.84348312e-02 -7.57165040e-03 9.64890481e-02 8.19528604e-03
8.00958104e-01 9.92349249e-02 -7.58093498e-03 9.72867064e-02 8.25374643e-03
8.01897349e-01 1.00042675e-01 -7.59009758e-03 9.80919919e-02 8.31286197e-03
8.02834616e-01 1.00858186e-01 -7.59913939e-03 9.89050098e-02 8.37264315e-03
8.03769903e-01 1.01681565e-01 -7.60806166e-03 9.97258667e-02 8.43310050e-03
8.04703207e-01 1.02512920e-01 -7.61686572e-03 1.00554672e-01 8.49424458e-03
8.05634528e-01 1.03352364e-01 -7.62555297e-03 1.01391536e-01 8.55608598e-03
8.06563861e-01 1.04200008e-01 -7.63412489e-03 1.02236571e-01 8.61863531e-03
8.07491206e-01 1.05055967e-01 -7.64258302e-03 1.03089894e-01 8.68190322e-03
8.08416559e-01 1.05920360e-01 -7.65092899e-03 1.03951621e-01 8.74590038e-03
8.09339918e-01 1.06793305e-01 -7.65916447e-03 1.04821871e-01 8.81063749e-03
8.10261281e-01 1.07674923e-01 -7.66729124e-03 1.05700767e-01 8.87612526e-03
8.11180646e-01 1.08565338e-01 -7.67531110e-03 1.06588431e-01 8.94237442e-03
8.12098011e-01 1.09464676e-01 -7.68322593e-03 1.07484989e-01 9.00939574e-03
8.13013373e-01 1.10373066e-01 -7.69103769e-03 1.08390570e-01 9.07719998e-03
8.13926729e-01 1.11290636e-01 -7.69874838e-03 1.09305304e-01 9.14579793e-03
8.14838079e-01 1.12217520e-01 -7.70636005e-03 1.10229323e-01 9.21520041e-03
8.15747419e-01 1.13153853e-01 -7.71387483e-03 1.11162763e-01 9.28541823e-03
8.16654747e-01 1.14099772e-01 -7.72129490e-03 1.12105761e-01 9.35646223e-03
8.17560061e-01 1.15055417e-01 -7.72862247e-03 1.13058457e-01 9.42834325e-03
8.18463359e-01 1.16020928e-01 -7.73585983e-03 1.14020992e-01 9.50107215e-03
8.19364639e-01 1.16996452e-01 -7.74300930e-03 1.14993511e-01 9.57465981e-03
8.20263897e-01 1.17982134e-01 -7.75007325e-03 1.15976161e-01 9.64911711e-03
8.21161133e-01 1.18978124e-01 -7.75705410e-03 1.16969091e-01 9.72445495e-03
8.22056344e-01 1.19984573e-01 -7.76395430e-03 1.17972454e-01 9.80068423e-03
8.22949527e-01 1.21001637e-01 -7.77077637e-03 1.18986404e-01 9.87781587e-03
8.23840681e-01 1.22029471e-01 -7.77752283e-03 1.20011097e-01 9.95586081e-03
8.24729804e-01 1.23068235e-01 -7.78419627e-03 1.21046694e-01 1.00348300e-02
8.25616892e-01 1.24118092e-01 -7.79079930e-03 1.22093357e-01 1.01147343e-02
8.26501944e-01 1.25179205e-01 -7.79733457e-03 1.23151250e-01 1.01955848e-02
8.27384958e-01 1.26251743e-01 -7.80380475e-03 1.24220540e-01 1.02773924e-02
8.28265931e-01 1.27335875e-01 -7.81021254e-03 1.25301400e-01 1.03601682e-02
8.29144862e-01 1.28431774e-01 -7.81656069e-03 1.26394000e-01 1.04439231e-02
8.30021748e-01 1.29539616e-01 -7.82285196e-03 1.27498518e-01 1.05286681e-02
8.30896587e-01 1.30659579e-01 -7.82908913e-03 1.28615131e-01 1.06144143e-02
8.31769377e-01 1.31791844e-01 -7.83527501e-03 1.29744022e-01 1.07011727e-02
8.32640115e-01 1.32936597e-01 -7.84141243e-03 1.30885374e-01 1.07889544e-02
8.33508800e-01 1.34094022e-01 -7.84750425e-03 1.32039375e-01 1.08777705e-02
8.34375430e-01 1.35264312e-01 -7.85355332e-03 1.33206215e-01 1.09676321e-02
8.35240002e-01 1.36447658e-01 -7.85956253e-03 1.34386088e-01 1.10585502e-02
8.36102514e-01 1.37644257e-01 -7.86553478e-03 1.35579189e-01 1.11505362e-02
8.36962964e-01 1.38854308e-01 -7.87147299e-03 1.36785719e-01 1.12436010e-02
8.37821349e-01 1.40078013e-01 -7.87738008e-03 1.38005879e-01 1.13377560e-02
8.38677669e-01 1.41315577e-01 -7.88325898e-03 1.39239875e-01 1.14330123e-02
8.39531921e-01 1.42567210e-01 -7.88911265e-03 1.40487917e-01 1.15293812e-02
8.40384102e-01 1.43833123e-01 -7.89494403e-03 1.41750217e-01 1.16268739e-02
8.41234210e-01 1.45113531e-01 -7.90075609e-03 1.43026989e-01 1.17255017e-02
8.42082244e-01 1.46408652e-01 -7.90655179e-03 1.44318453e-01 1.18252761e-02
8.42928201e-01 1.47718710e-01 -7.91233412e-03 1.45624831e-01 1.19262082e-02
8.43772079e-01 1.49043928e-01 -7.91810605e-03 1.46946349e-01 1.20283095e-02
8.44613877e-01 1.50384537e-01 -7.92387057e-03 1.48283236e-01 1.21315915e-02
8.45453591e-01 1.51740767e-01 -7.92963065e-03 1.49635724e-01 1.22360656e-02
8.46291221e-01 1.53112856e-01 -7.93538930e-03 1.51004051e-01 1.23417433e-02
8.47126763e-01 1.54501043e-01 -7.94114951e-03 1.52388455e-01 1.24486360e-02
8.47960216e-01 1.55905571e-01 -7.94691425e-03 1.53789182e-01 1.25567555e-02
8.48791578e-01 1.57326687e-01 -7.95268654e-03 1.55206478e-01 1.26661132e-02
8.49620847e-01 1.58764643e-01 -7.95846936e-03 1.56640594e-01 1.27767208e-02
8.50448020e-01 1.60219693e-01 -7.96426571e-03 1.58091787e-01 1.28885900e-02
8.51273096e-01 1.61692096e-01 -7.97007859e-03 1.59560315e-01 1.30017325e-02
8.52096073e-01 1.63182115e-01 -7.97591098e-03 1.61046442e-01 1.31161600e-02
8.52916948e-01 1.64690017e-01 -7.98176589e-03 1.62550435e-01 1.32318844e-02
8.53735720e-01 1.66216073e-01 -7.98764632e-03 1.64072565e-01 1.33489175e-02
8.54552386e-01 1.67760558e-01 -7.99355525e-03 1.65613109e-01 1.34672711e-02
8.55366945e-01 1.69323751e-01 -7.99949569e-03 1.67172346e-01 1.35869572e-02
8.56179395e-01 1.70905938e-01 -8.00547062e-03 1.68750561e-01 1.37079876e-02
8.56989732e-01 1.72507405e-01 -8.01148306e-03 1.70348043e-01 1.38303745e-02
8.57797957e-01 1.74128446e-01 -8.01753600e-03 1.71965085e-01 1.39541297e-02
8.58604066e-01 1.75769358e-01 -8.02363243e-03 1.73601985e-01 1.40792654e-02
8.59408057e-01 1.77430444e-01 -8.02977537e-03 1.75259047e-01 1.42057936e-02
8.60209930e-01 1.79112010e-01 -8.03596782e-03 1.76936576e-01 1.43337264e-02
8.61009680e-01 1.80814367e-01 -8.04221278e-03 1.78634887e-01 1.44630760e-02
8.61807307e-01 1.82537833e-01 -8.04851327e-03 1.80354295e-01 1.45938546e-02
8.62602809e-01 1.84282729e-01 -8.05487231e-03 1.82095124e-01 1.47260743e-02
8.63396184e-01 1.86049381e-01 -8.06129293e-03 1.83857700e-01 1.48597473e-02
8.64187429e-01 1.87838122e-01 -8.06777814e-03 1.85642355e-01 1.49948859e-02
8.64976543e-01 1.89649287e-01 -8.07433099e-03 1.87449429e-01 1.51315023e-02
8.65763524e-01 1.91483220e-01 -8.08095452e-03 1.89279263e-01 1.52696088e-02
8.66548370e-01 1.93340268e-01 -8.08765180e-03 1.91132206e-01 1.54092175e-02
8.67331079e-01 1.95220784e-01 -8.09442587e-03 1.93008613e-01 1.55503408e-02
8.68111648e-01 1.97125128e-01 -8.10127981e-03 1.94908842e-01 1.56929909e-02
8.68890077e-01 1.99053663e-01 -8.10821671e-03 1.96833260e-01 1.58371801e-02
8.69666363e-01 2.01006760e-01 -8.11523968e-03 1.98782237e-01 1.59829205e-02
8.70440504e-01 2.02984794e-01 -8.12235181e-03 2.00756151e-01 1.61302243e-02
8.71212499e-01 2.04988150e-01 -8.12955625e-03 2.02755385e-01 1.62791038e-02
8.71982345e-01 2.07017213e-01 -8.13685613e-03 2.04780327e-01 1.64295710e-02
8.72750041e-01 2.09072379e-01 -8.14425461e-03 2.06831374e-01 1.65816381e-02
8.73515584e-01 2.11154049e-01 -8.15175487e-03 2.08908927e-01 1.67353170e-02
8.74278973e-01 2.13262629e-01 -8.15936012e-03 2.11013394e-01 1.68906197e-02
8.75040206e-01 2.15398533e-01 -8.16707355e-03 2.13145190e-01 1.70475582e-02
8.75799281e-01 2.17562181e-01 -8.17489842e-03 2.15304736e-01 1.72061442e-02
8.76556196e-01 2.19754000e-01 -8.18283799e-03 2.17492460e-01 1.73663895e-02
8.77310949e-01 2.21974424e-01 -8.19089552e-03 2.19708797e-01 1.75283057e-02
8.78063539e-01 2.24223892e-01 -8.19907434e-03 2.21954188e-01 1.76919043e-02
8.78813963e-01 2.26502853e-01 -8.20737776e-03 2.24229083e-01 1.78571968e-02
8.79562220e-01 2.28811760e-01 -8.21580915e-03 2.26533937e-01 1.80241944e-02
8.80308308e-01 2.31151076e-01 -8.22437187e-03 2.28869213e-01 1.81929082e-02
8.81052225e-01 2.33521270e-01 -8.23306935e-03 2.31235382e-01 1.83633492e-02
8.81793969e-01 2.35922817e-01 -8.24190500e-03 2.33632921e-01 1.85355282e-02
8.82533538e-01 2.38356203e-01 -8.25088229e-03 2.36062316e-01 1.87094557e-02
8.83270931e-01 2.40821917e-01 -8.26000471e-03 2.38524060e-01 1.88851423e-02
8.84006145e-01 2.43320461e-01 -8.26927576e-03 2.41018653e-01 1.90625980e-02
8.84739180e-01 2.45852340e-01 -8.27869900e-03 2.43546605e-01 1.92418328e-02
8.85470032e-01 2.48418070e-01 -8.28827799e-03 2.46108432e-01 1.94228565e-02
8.86198701e-01 2.51018174e-01 -8.29801633e-03 2.48704658e-01 1.96056785e-02
8.86925184e-01 2.53653182e-01 -8.30791764e-03 2.51335817e-01 1.97903080e-02
8.87649480e-01 2.56323635e-01 -8.31798558e-03 2.54002450e-01 1.99767538e-02
8.88371587e-01 2.59030079e-01 -8.32822383e-03 2.56705105e-01 2.01650246e-02
8.89091503e-01 2.61773071e-01 -8.33863609e-03 2.59444341e-01 2.03551284e-02
8.89809227e-01 2.64553176e-01 -8.34922610e-03 2.62220724e-01 2.05470733e-02
8.90524756e-01 2.67370966e-01 -8.35999761e-03 2.65034829e-01 2.07408668e-02
8.91238089e-01 2.70227024e-01 -8.37095440e-03 2.67887241e-01 2.09365158e-02
8.91949223e-01 2.73121939e-01 -8.38210029e-03 2.70778550e-01 2.11340273e-02
8.92658159e-01 2.76056312e-01 -8.39343909e-03 2.73709360e-01 2.13334074e-02
8.93364892e-01 2.79030751e-01 -8.40497465e-03 2.76680280e-01 2.15346619e-02
8.94069423e-01 2.82045872e-01 -8.41671083e-03 2.79691930e-01 2.17377963e-02
8.94771748e-01 2.85102304e-01 -8.42865153e-03 2.82744939e-01 2.19428153e-02
8.95471867e-01 2.88200681e-01 -8.44080062e-03 2.85839944e-01 2.21497233e-02
8.96169778e-01 2.91341648e-01 -8.45316203e-03 2.88977592e-01 2.23585242e-02
8.96865478e-01 2.94525860e-01 -8.46573967e-03 2.92158540e-01 2.25692211e-02
8.97558967e-01 2.97753980e-01 -8.47853747e-03 2.95383455e-01 2.27818167e-02
8.98250242e-01 3.01026681e-01 -8.49155937e-03 2.98653010e-01 2.29963130e-02
8.98939302e-01 3.04344646e-01 -8.50480930e-03 3.01967892e-01 2.32127114e-02
8.99626145e-01 3.07708568e-01 -8.51829119e-03 3.05328795e-01 2.34310128e-02
9.00310769e-01 3.11119147e-01 -8.53200898e-03 3.08736423e-01 2.36512170e-02
9.00993173e-01 3.14577095e-01 -8.54596659e-03 3.12191489e-01 2.38733235e-02
9.01673355e-01 3.18083134e-01 -8.56016793e-03 3.15694718e-01 2.40973309e-02
9.02351313e-01 3.21637993e-01 -8.57461691e-03 3.19246843e-01 2.43232370e-02
9.03027046e-01 3.25242415e-01 -8.58931740e-03 3.22848607e-01 2.45510389e-02
9.03700552e-01 3.28897148e-01 -8.60427327e-03 3.26500762e-01 2.47807329e-02
9.04371830e-01 3.32602954e-01 -8.61948833e-03 3.30204072e-01 2.50123143e-02
9.05040876e-01 3.36360601e-01 -8.63496639e-03 3.33959310e-01 2.52457777e-02
9.05707691e-01 3.40170871e-01 -8.65071122e-03 3.37767257e-01 2.54811167e-02
9.06372273e-01 3.44034553e-01 -8.66672652e-03 3.41628706e-01 2.57183241e-02
9.07034619e-01 3.47952445e-01 -8.68301597e-03 3.45544459e-01 2.59573917e-02
9.07694728e-01 3.51925358e-01 -8.69958319e-03 3.49515329e-01 2.61983103e-02
9.08352599e-01 3.55954111e-01 -8.71643174e-03 3.53542137e-01 2.64410696e-02
9.09008229e-01 3.60039532e-01 -8.73356512e-03 3.57625715e-01 2.66856585e-02
9.09661618e-01 3.64182459e-01 -8.75098674e-03 3.61766904e-01 2.69320647e-02
9.10312763e-01 3.68383742e-01 -8.76869997e-03 3.65966555e-01 2.71802749e-02
9.10961663e-01 3.72644238e-01 -8.78670807e-03 3.70225530e-01 2.74302746e-02
9.11608317e-01 3.76964815e-01 -8.80501421e-03 3.74544698e-01 2.76820482e-02
9.12252723e-01 3.81346350e-01 -8.82362147e-03 3.78924939e-01 2.79355790e-02
9.12894879e-01 3.85789728e-01 -8.84253284e-03 3.83367144e-01 2.81908489e-02
9.13534783e-01 3.90295847e-01 -8.86175118e-03 3.87872210e-01 2.84478390e-02
9.14172435e-01 3.94865612e-01 -8.88127924e-03 3.92441047e-01 2.87065287e-02
9.14807832e-01 3.99499936e-01 -8.90111964e-03 3.97074570e-01 2.89668965e-02
9.15440973e-01 4.04199744e-01 -8.92127488e-03 4.01773708e-01 2.92289193e-02
9.16071856e-01 4.08965967e-01 -8.94174729e-03 4.06539395e-01 2.94925730e-02
9.16700480e-01 4.13799548e-01 -8.96253910e-03 4.11372575e-01 2.97578319e-02
9.17326844e-01 4.18701436e-01 -8.98365233e-03 4.16274202e-01 3.00246690e-02
9.17950945e-01 4.23672591e-01 -9.00508888e-03 4.21245237e-01 3.02930561e-02
9.18572782e-01 4.28713978e-01 -9.02685045e-03 4.26286650e-01 3.05629633e-02
9.19192354e-01 4.33826574e-01 -9.04893856e-03 4.31399420e-01 3.08343594e-02
9.19809659e-01 4.39011362e-01 -9.07135455e-03 4.36584533e-01 3.11072119e-02
9.20424696e-01 4.44269333e-01 -9.09409955e-03 4.41842983e-01 3.13814865e-02
9.21037462e-01 4.49601486e-01 -9.11717451e-03 4.47175772e-01 3.16571477e-02
9.21647958e-01 4.55008828e-01 -9.14058012e-03 4.52583910e-01 3.19341582e-02
9.22256180e-01 4.60492373e-01 -9.16431688e-03 4.58068413e-01 3.22124795e-02
9.22862128e-01 4.66053142e-01 -9.18838505e-03 4.63630305e-01 3.24920713e-02
9.23465800e-01 4.71692162e-01 -9.21278463e-03 4.69270617e-01 3.27728917e-02
9.24067195e-01 4.77410468e-01 -9.23751538e-03 4.74990386e-01 3.30548973e-02
9.24666310e-01 4.83209100e-01 -9.26257681e-03 4.80790655e-01 3.33380431e-02
9.25263146e-01 4.89089106e-01 -9.28796815e-03 4.86672473e-01 3.36222825e-02
9.25857699e-01 4.95051536e-01 -9.31368833e-03 4.92636896e-01 3.39075671e-02
9.26449969e-01 5.01097449e-01 -9.33973604e-03 4.98684985e-01 3.41938471e-02
9.27039955e-01 5.07227909e-01 -9.36610963e-03 5.04817804e-01 3.44810708e-02
9.27627654e-01 5.13443982e-01 -9.39280716e-03 5.11036424e-01 3.47691850e-02
9.28213065e-01 5.19746742e-01 -9.41982638e-03 5.17341920e-01 3.50581345e-02
9.28796187e-01 5.26137264e-01 -9.44716471e-03 5.23735371e-01 3.53478629e-02
9.29377019e-01 5.32616629e-01 -9.47481924e-03 5.30217859e-01 3.56383116e-02
9.29955559e-01 5.39185920e-01 -9.50278673e-03 5.36790471e-01 3.59294206e-02
9.30531805e-01 5.45846224e-01 -9.53106356e-03 5.43454296e-01 3.62211280e-02
9.31105757e-01 5.52598630e-01 -9.55964579e-03 5.50210425e-01 3.65133703e-02
9.31677412e-01 5.59444230e-01 -9.58852909e-03 5.57059952e-01 3.68060823e-02
9.32246769e-01 5.66384116e-01 -9.61770875e-03 5.64003972e-01 3.70991969e-02
9.32813828e-01 5.73419384e-01 -9.64717971e-03 5.71043582e-01 3.73926453e-02
9.33378586e-01 5.80551129e-01 -9.67693649e-03 5.78179879e-01 3.76863571e-02
9.33941042e-01 5.87780447e-01 -9.70697323e-03 5.85413963e-01 3.79802600e-02
9.34501195e-01 5.95108435e-01 -9.73728364e-03 5.92746930e-01 3.82742802e-02
9.35059043e-01 6.02536186e-01 -9.76786104e-03 6.00179878e-01 3.85683419e-02
9.35614585e-01 6.10064797e-01 -9.79869834e-03 6.07713904e-01 3.88623678e-02
9.36167820e-01 6.17695360e-01 -9.82978799e-03 6.15350101e-01 3.91562788e-02
9.36718746e-01 6.25428966e-01 -9.86112205e-03 6.23089564e-01 3.94499940e-02
9.37267362e-01 6.33266704e-01 -9.89269209e-03 6.30933381e-01 3.97434310e-02
9.37813667e-01 6.41209659e-01 -9.92448929e-03 6.38882640e-01 4.00365055e-02
9.38357658e-01 6.49258912e-01 -9.95650433e-03 6.46938423e-01 4.03291319e-02
9.38899336e-01 6.57415542e-01 -9.98872748e-03 6.55101811e-01 4.06212224e-02
9.39438698e-01 6.65680621e-01 -1.00211485e-02 6.63373875e-01 4.09126882e-02
9.39975743e-01 6.74055216e-01 -1.00537568e-02 6.71755686e-01 4.12034383e-02
9.40510470e-01 6.82540389e-01 -1.00865411e-02 6.80248305e-01 4.14933804e-02
9.41042878e-01 6.91137194e-01 -1.01194898e-02 6.88852787e-01 4.17824207e-02
9.41572965e-01 6.99846679e-01 -1.01525909e-02 6.97570182e-01 4.20704637e-02
9.42100730e-01 7.08669883e-01 -1.01858318e-02 7.06401529e-01 4.23574123e-02
9.42626171e-01 7.17607838e-01 -1.02191994e-02 7.15347861e-01 4.26431681e-02
9.43149288e-01 7.26661565e-01 -1.02526802e-02 7.24410198e-01 4.29276312e-02
9.43670079e-01 7.35832077e-01 -1.02862602e-02 7.33589555e-01 4.32107000e-02
9.44188542e-01 7.45120375e-01 -1.03199247e-02 7.42886932e-01 4.34922718e-02
9.44704677e-01 7.54527449e-01 -1.03536589e-02 7.52303321e-01 4.37722424e-02
9.45218483e-01 7.64054277e-01 -1.03874473e-02 7.61839699e-01 4.40505063e-02
9.45729957e-01 7.73701826e-01 -1.04212738e-02 7.71497032e-01 4.43269567e-02
9.46239099e-01 7.83471047e-01 -1.04551220e-02 7.81276272e-01 4.46014854e-02
9.46745907e-01 7.93362879e-01 -1.04889749e-02 7.91178358e-01 4.48739831e-02
9.47250380e-01 8.03378246e-01 -1.05228151e-02 8.01204212e-01 4.51443393e-02
9.47752518e-01 8.13518055e-01 -1.05566247e-02 8.11354741e-01 4.54124424e-02
9.48252318e-01 8.23783197e-01 -1.05903852e-02 8.21630837e-01 4.56781796e-02
9.48749779e-01 8.34174547e-01 -1.06240779e-02 8.32033373e-01 4.59414372e-02
9.49244901e-01 8.44692963e-01 -1.06576832e-02 8.42563204e-01 4.62021005e-02
9.49737681e-01 8.55339281e-01 -1.06911815e-02 8.53221169e-01 4.64600536e-02
9.50228120e-01 8.66114321e-01 -1.07245523e-02 8.64008084e-01 4.67151800e-02
9.50716215e-01 8.77018880e-01 -1.07577751e-02 8.74924746e-01 4.69673623e-02
9.51201965e-01 8.88053736e-01 -1.07908284e-02 8.85971931e-01 4.72164821e-02
9.51685370e-01 8.99219645e-01 -1.08236908e-02 8.97150393e-01 4.74624207e-02
9.52166428e-01 9.10517340e-01 -1.08563401e-02 9.08460864e-01 4.77050583e-02
9.52645137e-01 9.21947530e-01 -1.08887539e-02 9.19904052e-01 4.79442748e-02
9.53121497e-01 9.33510901e-01 -1.09209091e-02 9.31480639e-01 4.81799494e-02
9.53595507e-01 9.45208113e-01 -1.09527824e-02 9.43191285e-01 4.84119608e-02
9.54067164e-01 9.57039801e-01 -1.09843500e-02 9.55036621e-01 4.86401875e-02
9.54536469e-01 9.69006571e-01 -1.10155879e-02 9.67017252e-01 4.88645074e-02
9.55003420e-01 9.81109006e-01 -1.10464714e-02 9.79133758e-01 4.90847983e-02
9.55468016e-01 9.93347656e-01 -1.10769757e-02 9.91386687e-01 4.93009376e-02
9.55930255e-01 1.00572304e+00 -1.11070755e-02 1.00377656e+00 4.95128028e-02
9.56390137e-01 1.01823566e+00 -1.11367452e-02 1.01630386e+00 4.97202712e-02
9.56847660e-01 1.03088598e+00 -1.11659588e-02 1.02896906e+00 4.99232201e-02
9.57302823e-01 1.04367441e+00 -1.11946901e-02 1.04177258e+00 5.01215270e-02
9.57755626e-01 1.05660137e+00 -1.12229124e-02 1.05471481e+00 5.03150694e-02
9.58206066e-01 1.06966722e+00 -1.12505990e-02 1.06779612e+00 5.05037251e-02
9.58654144e-01 1.08287228e+00 -1.12777227e-02 1.08101683e+00 5.06873722e-02
9.59099857e-01 1.09621685e+00 -1.13042560e-02 1.09437724e+00 5.08658893e-02
9.59543205e-01 1.10970120e+00 -1.13301714e-02 1.10787759e+00 5.10391554e-02
9.59984187e-01 1.12332554e+00 -1.13554410e-02 1.12151812e+00 5.12070500e-02
9.60422801e-01 1.13709006e+00 -1.13800367e-02 1.13529900e+00 5.13694534e-02
9.60859046e-01 1.15099491e+00 -1.14039302e-02 1.14922037e+00 5.15262464e-02
9.61292922e-01 1.16504020e+00 -1.14270931e-02 1.16328234e+00 5.16773107e-02
9.61724427e-01 1.17922599e+00 -1.14494969e-02 1.17748498e+00 5.18225291e-02
9.62153561e-01 1.19355232e+00 -1.14711128e-02 1.19182831e+00 5.19617850e-02
9.62580321e-01 1.20801917e+00 -1.14919119e-02 1.20631231e+00 5.20949631e-02
9.63004708e-01 1.22262648e+00 -1.15118655e-02 1.22093692e+00 5.22219493e-02
9.63426720e-01 1.23737416e+00 -1.15309444e-02 1.23570204e+00 5.23426305e-02
9.63846355e-01 1.25226207e+00 -1.15491197e-02 1.25060752e+00 5.24568953e-02
9.64263614e-01 1.26729002e+00 -1.15663623e-02 1.26565317e+00 5.25646332e-02
9.64678495e-01 1.28245778e+00 -1.15826432e-02 1.28083875e+00 5.26657357e-02
9.65090997e-01 1.29776506e+00 -1.15979333e-02 1.29616399e+00 5.27600955e-02
9.65501118e-01 1.31321156e+00 -1.16122036e-02 1.31162855e+00 5.28476074e-02
9.65908859e-01 1.32879689e+00 -1.16254253e-02 1.32723206e+00 5.29281675e-02
9.66314217e-01 1.34452064e+00 -1.16375694e-02 1.34297409e+00 5.30016740e-02
9.66717192e-01 1.36038234e+00 -1.16486074e-02 1.35885417e+00 5.30680272e-02
9.67117784e-01 1.37638147e+00 -1.16585106e-02 1.37487178e+00 5.31271290e-02
9.67515990e-01 1.39251747e+00 -1.16672507e-02 1.39102634e+00 5.31788840e-02
9.67911810e-01 1.40878972e+00 -1.16747994e-02 1.40731724e+00 5.32231984e-02
9.68305243e-01 1.42519755e+00 -1.16811288e-02 1.42374379e+00 5.32599812e-02
9.68696288e-01 1.44174024e+00 -1.16862112e-02 1.44030528e+00 5.32891435e-02
9.69084944e-01 1.45841701e+00 -1.16900190e-02 1.45700092e+00 5.33105990e-02
9.69471210e-01 1.47522705e+00 -1.16925252e-02 1.47382989e+00 5.33242638e-02
9.69855086e-01 1.49216948e+00 -1.16937029e-02 1.49079129e+00 5.33300570e-02
9.70236569e-01 1.50924335e+00 -1.16935256e-02 1.50788419e+00 5.33279001e-02
9.70615660e-01 1.52644768e+00 -1.16919671e-02 1.52510760e+00 5.33177175e-02
9.70992357e-01 1.54378144e+00 -1.16890019e-02 1.54246046e+00 5.32994366e-02
9.71366659e-01 1.56124352e+00 -1.16846047e-02 1.55994168e+00 5.32729876e-02
9.71738566e-01 1.57883277e+00 -1.16787506e-02 1.57755010e+00 5.32383041e-02
9.72108076e-01 1.59654798e+00 -1.16714153e-02 1.59528449e+00 5.31953224e-02
9.72475189e-01 1.61438789e+00 -1.16625750e-02 1.61314359e+00 5.31439824e-02
9.72839904e-01 1.63235116e+00 -1.16522065e-02 1.63112607e+00 5.30842271e-02
9.73202220e-01 1.65043643e+00 -1.16402871e-02 1.64923054e+00 5.30160030e-02
9.73562135e-01 1.66864224e+00 -1.16267947e-02 1.66745555e+00 5.29392601e-02
9.73919650e-01 1.68696711e+00 -1.16117077e-02 1.68579960e+00 5.28539516e-02
9.74274762e-01 1.70540948e+00 -1.15950054e-02 1.70426114e+00 5.27600348e-02
9.74627472e-01 1.72396773e+00 -1.15766677e-02 1.72283853e+00 5.26574703e-02
9.74977778e-01 1.74264020e+00 -1.15566750e-02 1.74153011e+00 5.25462226e-02
9.75325680e-01 1.76142516e+00 -1.15350086e-02 1.76033414e+00 5.24262600e-02
9.75671177e-01 1.78032080e+00 -1.15116507e-02 1.77924882e+00 5.22975547e-02
9.76014267e-01 1.79932529e+00 -1.14865839e-02 1.79827230e+00 5.21600828e-02
9.76354950e-01 1.81843672e+00 -1.14597920e-02 1.81740265e+00 5.20138244e-02
9.76693226e-01 1.83765311e+00 -1.14312593e-02 1.83663792e+00 5.18587637e-02
9.77029093e-01 1.85697245e+00 -1.14009711e-02 1.85597605e+00 5.16948890e-02
9.77362550e-01 1.87639263e+00 -1.13689136e-02 1.87541497e+00 5.15221928e-02
9.77693597e-01 1.89591153e+00 -1.13350740e-02 1.89495252e+00 5.13406718e-02
9.78022233e-01 1.91552692e+00 -1.12994401e-02 1.91458648e+00 5.11503270e-02
9.78348456e-01 1.93523655e+00 -1.12620010e-02 1.93431459e+00 5.09511638e-02
9.78672267e-01 1.95503809e+00 -1.12227466e-02 1.95413452e+00 5.07431918e-02
9.78993665e-01 1.97492916e+00 -1.11816677e-02 1.97404387e+00 5.05264252e-02
9.79312648e-01 1.99490731e+00 -1.11387563e-02 1.99404020e+00 5.03008827e-02
9.79629216e-01 2.01497005e+00 -1.10940053e-02 2.01412100e+00 5.00665872e-02
9.79943368e-01 2.03511481e+00 -1.10474088e-02 2.03428370e+00 4.98235664e-02
9.80255103e-01 2.05533897e+00 -1.09989618e-02 2.05452569e+00 4.95718525e-02
9.80564421e-01 2.07563987e+00 -1.09486604e-02 2.07484428e+00 4.93114823e-02
9.80871321e-01 2.09601476e+00 -1.08965020e-02 2.09523674e+00 4.90424973e-02
9.81175801e-01 2.11646085e+00 -1.08424849e-02 2.11570025e+00 4.87649434e-02
9.81477862e-01 2.13697530e+00 -1.07866088e-02 2.13623198e+00 4.84788715e-02
9.81777503e-01 2.15755520e+00 -1.07288741e-02 2.15682902e+00 4.81843369e-02
9.82074722e-01 2.17819759e+00 -1.06692830e-02 2.17748839e+00 4.78813999e-02
9.82369519e-01 2.19889945e+00 -1.06078383e-02 2.19820707e+00 4.75701252e-02
9.82661894e-01 2.21965772e+00 -1.05445443e-02 2.21898200e+00 4.72505824e-02
9.82951845e-01 2.24046926e+00 -1.04794066e-02 2.23981003e+00 4.69228458e-02
9.83239372e-01 2.26133090e+00 -1.04124317e-02 2.26068800e+00 4.65869945e-02
9.83524474e-01 2.28223940e+00 -1.03436276e-02 2.28161265e+00 4.62431122e-02
9.83807150e-01 2.30319148e+00 -1.02730035e-02 2.30258070e+00 4.58912876e-02
9.84087401e-01 2.32418380e+00 -1.02005698e-02 2.32358881e+00 4.55316136e-02
9.84365224e-01 2.34521297e+00 -1.01263380e-02 2.34463358e+00 4.51641885e-02
9.84640620e-01 2.36627556e+00 -1.00503213e-02 2.36571158e+00 4.47891147e-02
9.84913588e-01 2.38736807e+00 -9.97253367e-03 2.38681930e+00 4.44064995e-02
9.85184126e-01 2.40848697e+00 -9.89299071e-03 2.40795322e+00 4.40164551e-02
9.85452235e-01 2.42962867e+00 -9.81170914e-03 2.42910973e+00 4.36190979e-02
9.85717914e-01 2.45078953e+00 -9.72870700e-03 2.45028521e+00 4.32145493e-02
9.85981162e-01 2.47196589e+00 -9.64400361e-03 2.47147598e+00 4.28029350e-02
9.86241978e-01 2.49315401e+00 -9.55761958e-03 2.49267830e+00 4.23843854e-02
9.86500362e-01 2.51435013e+00 -9.46957680e-03 2.51388840e+00 4.19590354e-02
9.86756313e-01 2.53555044e+00 -9.37989843e-03 2.53510248e+00 4.15270243e-02
9.87009830e-01 2.55675108e+00 -9.28860893e-03 2.55631667e+00 4.10884959e-02
9.87260914e-01 2.57794815e+00 -9.19573401e-03 2.57752709e+00 4.06435984e-02
9.87509562e-01 2.59913774e+00 -9.10130066e-03 2.59872978e+00 4.01924840e-02
9.87755776e-01 2.62031585e+00 -9.00533715e-03 2.61992079e+00 3.97353098e-02
9.87999553e-01 2.64147849e+00 -8.90787297e-03 2.64109609e+00 3.92722365e-02
9.88240894e-01 2.66262160e+00 -8.80893891e-03 2.66225164e+00 3.88034293e-02
9.88479797e-01 2.68374110e+00 -8.70856694e-03 2.68338335e+00 3.83290573e-02
9.88716263e-01 2.70483287e+00 -8.60679030e-03 2.70448711e+00 3.78492939e-02
9.88950290e-01 2.72589277e+00 -8.50364344e-03 2.72555876e+00 3.73643162e-02
9.89181879e-01 2.74691662e+00 -8.39916200e-03 2.74659413e+00 3.68743052e-02
9.89411028e-01 2.76790021e+00 -8.29338281e-03 2.76758900e+00 3.63794458e-02
9.89637737e-01 2.78883929e+00 -8.18634390e-03 2.78853914e+00 3.58799265e-02
9.89862005e-01 2.80972961e+00 -8.07808443e-03 2.80944027e+00 3.53759396e-02
9.90083833e-01 2.83056686e+00 -7.96864471e-03 2.83028812e+00 3.48676808e-02
9.90303218e-01 2.85134674e+00 -7.85806618e-03 2.85107835e+00 3.43553494e-02
9.90520161e-01 2.87206491e+00 -7.74639139e-03 2.87180664e+00 3.38391479e-02
9.90734662e-01 2.89271700e+00 -7.63366395e-03 2.89246861e+00 3.33192822e-02
9.90946719e-01 2.91329863e+00 -7.51992855e-03 2.91305990e+00 3.27959614e-02
9.91156332e-01 2.93380542e+00 -7.40523091e-03 2.93357611e+00 3.22693975e-02
9.91363501e-01 2.95423294e+00 -7.28961778e-03 2.95401282e+00 3.17398056e-02
9.91568226e-01 2.97457676e+00 -7.17313688e-03 2.97436559e+00 3.12074037e-02
9.91770504e-01 2.99483244e+00 -7.05583692e-03 2.99463000e+00 3.06724125e-02
9.91970337e-01 3.01499552e+00 -6.93776752e-03 3.01480158e+00 3.01350553e-02
9.92167724e-01 3.03506155e+00 -6.81897924e-03 3.03487587e+00 2.95955581e-02
9.92362663e-01 3.05502603e+00 -6.69952350e-03 3.05484839e+00 2.90541490e-02
9.92555155e-01 3.07488450e+00 -6.57945259e-03 3.07471468e+00 2.85110587e-02
9.92745200e-01 3.09463246e+00 -6.45881961e-03 3.09447023e+00 2.79665199e-02
9.92932796e-01 3.11426543e+00 -6.33767845e-03 3.11411057e+00 2.74207674e-02
9.93117944e-01 3.13377892e+00 -6.21608377e-03 3.13363120e+00 2.68740379e-02
9.93300642e-01 3.15316842e+00 -6.09409095e-03 3.15302764e+00 2.63265700e-02
9.93480891e-01 3.17242946e+00 -5.97175606e-03 3.17229539e+00 2.57786037e-02
9.93658689e-01 3.19155754e+00 -5.84913583e-03 3.19142997e+00 2.52303809e-02
9.93834037e-01 3.21054818e+00 -5.72628760e-03 3.21042690e+00 2.46821446e-02
9.94006934e-01 3.22939691e+00 -5.60326932e-03 3.22928171e+00 2.41341392e-02
9.94177380e-01 3.24809926e+00 -5.48013947e-03 3.24798993e+00 2.35866101e-02
9.94345374e-01 3.26665078e+00 -5.35695704e-03 3.26654712e+00 2.30398039e-02
9.94510915e-01 3.28504701e+00 -5.23378150e-03 3.28494882e+00 2.24939680e-02
9.94674004e-01 3.30328354e+00 -5.11067274e-03 3.30319063e+00 2.19493502e-02
9.94834640e-01 3.32135595e+00 -4.98769106e-03 3.32126811e+00 2.14061993e-02
9.94992823e-01 3.33925984e+00 -4.86489711e-03 3.33917689e+00 2.08647643e-02
9.95148552e-01 3.35699084e+00 -4.74235185e-03 3.35691258e+00 2.03252945e-02
9.95301826e-01 3.37454459e+00 -4.62011650e-03 3.37447084e+00 1.97880393e-02
9.95452646e-01 3.39191676e+00 -4.49825253e-03 3.39184734e+00 1.92532481e-02
9.95601011e-01 3.40910305e+00 -4.37682159e-03 3.40903778e+00 1.87211703e-02
9.95746921e-01 3.42609917e+00 -4.25588548e-03 3.42603787e+00 1.81920547e-02
9.95890375e-01 3.44290087e+00 -4.13550608e-03 3.44284338e+00 1.76661499e-02
9.96031373e-01 3.45950393e+00 -4.01574536e-03 3.45945008e+00 1.71437037e-02
9.96169914e-01 3.47590416e+00 -3.89666530e-03 3.47585378e+00 1.66249634e-02
9.96305999e-01 3.49209741e+00 -3.77832783e-03 3.49205035e+00 1.61101751e-02
9.96439627e-01 3.50807956e+00 -3.66079483e-03 3.50803566e+00 1.55995840e-02
9.96570797e-01 3.52384653e+00 -3.54412806e-03 3.52380563e+00 1.50934342e-02
9.96699510e-01 3.53939427e+00 -3.42838911e-03 3.53935623e+00 1.45919683e-02
9.96825765e-01 3.55471879e+00 -3.31363939e-03 3.55468346e+00 1.40954274e-02
9.96949561e-01 3.56981612e+00 -3.19994004e-03 3.56978336e+00 1.36040510e-02
9.97070899e-01 3.58468235e+00 -3.08735191e-03 3.58465203e+00 1.31180769e-02
9.97189778e-01 3.59931362e+00 -2.97593552e-03 3.59928561e+00 1.26377408e-02
9.97306197e-01 3.61370610e+00 -2.86575100e-03 3.61368026e+00 1.21632765e-02
9.97420157e-01 3.62785602e+00 -2.75685806e-03 3.62783224e+00 1.16949153e-02
9.97531657e-01 3.64175967e+00 -2.64931595e-03 3.64173783e+00 1.12328864e-02
9.97640697e-01 3.65541338e+00 -2.54318339e-03 3.65539336e+00 1.07774163e-02
9.97747277e-01 3.66881355e+00 -2.43851856e-03 3.66879523e+00 1.03287290e-02
9.97851396e-01 3.68195660e+00 -2.33537901e-03 3.68193988e+00 9.88704555e-03
9.97953055e-01 3.69483906e+00 -2.23382168e-03 3.69482383e+00 9.45258416e-03
9.98052252e-01 3.70745747e+00 -2.13390280e-03 3.70744365e+00 9.02555992e-03
9.98148988e-01 3.71980848e+00 -2.03567790e-03 3.71979595e+00 8.60618471e-03
9.98243262e-01 3.73188875e+00 -1.93920170e-03 3.73187743e+00 8.19466707e-03
9.98335074e-01 3.74369504e+00 -1.84452815e-03 3.74368485e+00 7.79121206e-03
9.98424424e-01 3.75522418e+00 -1.75171032e-03 3.75521502e+00 7.39602112e-03
9.98511312e-01 3.76647303e+00 -1.66080040e-03 3.76646483e+00 7.00929196e-03
9.98595738e-01 3.77743855e+00 -1.57184963e-03 3.77743124e+00 6.63121842e-03
9.98677701e-01 3.78811777e+00 -1.48490830e-03 3.78811127e+00 6.26199035e-03
9.98757201e-01 3.79850777e+00 -1.40002569e-03 3.79850201e+00 5.90179348e-03
9.98834237e-01 3.80860571e+00 -1.31725000e-03 3.80860064e+00 5.55080932e-03
9.98908811e-01 3.81840885e+00 -1.23662838e-03 3.81840439e+00 5.20921503e-03
9.98980921e-01 3.82791449e+00 -1.15820685e-03 3.82791059e+00 4.87718327e-03
9.99050567e-01 3.83712001e+00 -1.08203025e-03 3.83711662e+00 4.55488219e-03
9.99117750e-01 3.84602290e+00 -1.00814227e-03 3.84601997e+00 4.24247518e-03
9.99182468e-01 3.85462069e+00 -9.36585335e-04 3.85461816e+00 3.94012090e-03
9.99244723e-01 3.86291101e+00 -8.67400630e-04 3.86290885e+00 3.64797308e-03
9.99304513e-01 3.87089157e+00 -8.00628047e-04 3.87088973e+00 3.36618047e-03
9.99361839e-01 3.87856015e+00 -7.36306154e-04 3.87855860e+00 3.09488672e-03
9.99416700e-01 3.88591463e+00 -6.74472167e-04 3.88591334e+00 2.83423029e-03
9.99469096e-01 3.89295297e+00 -6.15161923e-04 3.89295189e+00 2.58434438e-03
9.99519028e-01 3.89967320e+00 -5.58409846e-04 3.89967232e+00 2.34535681e-03
9.99566494e-01 3.90607346e+00 -5.04248928e-04 3.90607274e+00 2.11738996e-03
9.99611495e-01 3.91215195e+00 -4.52710696e-04 3.91215137e+00 1.90056067e-03
9.99654032e-01 3.91790698e+00 -4.03825191e-04 3.91790652e+00 1.69498020e-03
9.99694102e-01 3.92333694e+00 -3.57620943e-04 3.92333658e+00 1.50075411e-03
9.99731708e-01 3.92844031e+00 -3.14124948e-04 3.92844004e+00 1.31798221e-03
9.99766848e-01 3.93321566e+00 -2.73362650e-04 3.93321545e+00 1.14675853e-03
9.99799522e-01 3.93766165e+00 -2.35357916e-04 3.93766150e+00 9.87171170e-04
9.99829731e-01 3.94177703e+00 -2.00133021e-04 3.94177692e+00 8.39302344e-04
9.99857474e-01 3.94556064e+00 -1.67708628e-04 3.94556056e+00 7.03228257e-04
9.99882751e-01 3.94901142e+00 -1.38103774e-04 3.94901137e+00 5.79019077e-04
9.99905562e-01 3.95212840e+00 -1.11335852e-04 3.95212837e+00 4.66738887e-04
9.99925908e-01 3.95491070e+00 -8.74205993e-05 3.95491068e+00 3.66445644e-04
9.99943787e-01 3.95735754e+00 -6.63720831e-05 3.95735753e+00 2.78191135e-04
9.99959200e-01 3.95946822e+00 -4.82026900e-05 3.95946822e+00 2.02020941e-04
9.99972148e-01 3.96124216e+00 -3.29231138e-05 3.96124216e+00 1.37974403e-04
9.99982629e-01 3.96267885e+00 -2.05423414e-05 3.96267885e+00 8.60845675e-05
9.99990644e-01 3.96377789e+00 -1.10676264e-05 3.96377789e+00 4.63780859e-05
9.99996193e-01 3.96453900e+00 -4.50437466e-06 3.96453900e+00 1.88747430e-05
9.99999277e-01 3.96496212e+00 -8.54997026e-07 3.96496212e+00 3.58265172e-06
