-9.99999277e-01 3.61963851e-02 -7.24530301e-05 -3.61960970e-02 3.25972308e-05
-9.99996193e-01 3.57657939e-02 -3.77332070e-04 -3.57578490e-02 1.70400087e-04
-9.99990644e-01 3.50185479e-02 -9.08083687e-04 -3.49711336e-02 4.12849219e-04
-9.99982629e-01 3.39996908e-02 -1.63551857e-03 -3.38390490e-02 7.50830450e-04
-9.99972148e-01 3.27707108e-02 -2.51968075e-03 -3.23669661e-02 1.17154725e-03
-9.99959200e-01 3.14055784e-02 -3.51232488e-03 -3.05630317e-02 1.65902807e-03
-9.99943787e-01 2.99862052e-02 -4.55974120e-03 -2.84388708e-02 2.19470881e-03
-9.99925908e-01 2.85975300e-02 -5.60580845e-03 -2.60102946e-02 2.75810563e-03
-9.99905562e-01 2.73225647e-02 -6.59507077e-03 -2.32979209e-02 3.32755669e-03
-9.99882751e-01 2.62377224e-02 -7.47563745e-03 -2.03276261e-02 3.88100624e-03
-9.99857474e-01 2.54087234e-02 -8.20172809e-03 -1.71307630e-02 4.39680277e-03
-9.99829731e-01 2.48873118e-02 -8.73572196e-03 -1.37440954e-02 4.85448195e-03
-9.99799522e-01 2.47089489e-02 -9.04961630e-03 -1.02094216e-02 5.23550557e-03
-9.99766848e-01 2.48915698e-02 -9.12584799e-03 -6.57288600e-03 5.52392914e-03
-9.99731708e-01 2.54354092e-02 -8.95748230e-03 -2.88399835e-03 5.70697298e-03
-9.99694102e-01 2.63238293e-02 -8.54781707e-03 8.05594166e-04 5.77547522e-03
-9.99654032e-01 2.75250213e-02 -7.90948656e-03 4.44352192e-03 5.72420926e-03
-9.99611495e-01 2.89944035e-02 -7.06317499e-03 7.97821898e-03 5.55205310e-03
-9.99566494e-01 3.06775095e-02 -6.03606323e-03 1.13604784e-02 5.26200345e-03
-9.99519028e-01 3.25131515e-02 -4.86013397e-03 1.45449529e-02 4.86103313e-03
-9.99469096e-01 3.44366475e-02 -3.57045232e-03 1.74915207e-02 4.35979622e-03
-9.99416700e-01 3.63829236e-02 -2.20352218e-03 2.01664478e-02 3.77219100e-03
-9.99361839e-01 3.82893324e-02 -7.95796504e-04 2.25432889e-02 3.11479639e-03
-9.99304513e-01 4.00980690e-02 6.17604624e-04 2.46034870e-02 2.40620258e-03
-9.99244723e-01 4.17581045e-02 2.00393832e-03 2.63366494e-02 1.66626118e-03
-9.99182468e-01 4.32265968e-02 3.33363739e-03 2.77404962e-02 9.15283954e-04
-9.99117750e-01 4.44697760e-02 4.58087208e-03 2.88204929e-02 1.73222033e-04
-9.99050567e-01 4.54633274e-02 5.72389661e-03 2.95891988e-02 -5.41140467e-04
-9.98980921e-01 4.61923227e-02 6.74520957e-03 3.00653692e-02 -1.21094420e-03
-9.98908811e-01 4.66507626e-02 7.63156062e-03 3.02728672e-02 -1.82193010e-03
-9.98834237e-01 4.68408043e-02 8.37383522e-03 3.02394400e-02 -2.36300131e-03
-9.98757201e-01 4.67717523e-02 8.96684696e-03 2.99954250e-02 -2.82664404e-03
-9.98677701e-01 4.64588886e-02 9.40906292e-03 2.95724448e-02 -3.20918467e-03
-9.98595738e-01 4.59222151e-02 9.70228337e-03 2.90021510e-02 -3.51086747e-03
-9.98511312e-01 4.51851753e-02 9.85129354e-03 2.83150705e-02 -3.73574421e-03
-9.98424424e-01 4.42734130e-02 9.86350212e-03 2.75395991e-02 -3.89137616e-03
-9.98335074e-01 4.32136188e-02 9.74857887e-03 2.67011795e-02 -3.98835766e-03
-9.98243262e-01 4.20325070e-02 9.51810225e-03 2.58216903e-02 -4.03967978e-03
-9.98148988e-01 4.07559527e-02 9.18522595e-03 2.49190615e-02 -4.05996172e-03
-9.98052252e-01 3.94083146e-02 8.76437161e-03 2.40071209e-02 -4.06458554e-03
-9.97953055e-01 3.80119531e-02 8.27095178e-03 2.30956670e-02 -4.06877682e-03
-9.97851396e-01 3.65869459e-02 7.72112381e-03 2.21907499e-02 -4.08667898e-03
-9.97747277e-01 3.51509898e-02 7.13157068e-03 2.12951350e-02 -4.13047151e-03
-9.97640697e-01 3.37194678e-02 6.51930014e-03 2.04089151e-02 -4.20958307e-03
-9.97531657e-01 3.23056485e-02 5.90144925e-03 1.95302299e-02 -4.33004737e-03
-9.97420157e-01 3.09209794e-02 5.29507838e-03 1.86560450e-02 -4.49404457e-03
-9.97306197e-01 2.95754285e-02 4.71693773e-03 1.77829440e-02 -4.69966217e-03
-9.97189778e-01 2.82778299e-02 4.18319109e-03 1.69078830e-02 -4.94089858e-03
-9.97070899e-01 2.70361889e-02 3.70908605e-03 1.60288626e-02 -5.20791904e-03
-9.96949561e-01 2.58579116e-02 3.30856723e-03 1.51454761e-02 -5.48755870e-03
-9.96825765e-01 2.47499333e-02 2.99383812e-03 1.42593012e-02 -5.76405217e-03
-9.96699510e-01 2.37187312e-02 2.77488795e-03 1.33741110e-02 -6.01995332e-03
-9.96570797e-01 2.27702230e-02 2.65901007e-03 1.24958947e-02 -6.23719536e-03
-9.96439627e-01 2.19095647e-02 2.65034750e-03 1.16326858e-02 -6.39822931e-03
-9.96305999e-01 2.11408749e-02 2.74950724e-03 1.07942141e-02 -6.48717111e-03
-9.96169914e-01 2.04669214e-02 2.95328719e-03 9.99140416e-03 -6.49088383e-03
-9.96031373e-01 1.98888111e-02 3.25455699e-03 9.23575885e-03 -6.39992225e-03
-9.95890375e-01 1.94057267e-02 3.64232682e-03 8.53866916e-03 -6.20927386e-03
-9.95746921e-01 1.90147487e-02 4.10202586e-03 7.91070166e-03 -5.91884122e-03
-9.95601011e-01 1.87107935e-02 4.61599670e-03 7.36091303e-03 -5.53362688e-03
-9.95452646e-01 1.84866863e-02 5.16419355e-03 6.89624096e-03 -5.06360148e-03
-9.95301826e-01 1.83333753e-02 5.72505401e-03 6.52101424e-03 -4.52325735e-03
-9.95148552e-01 1.82402775e-02 6.27649694e-03 6.23661649e-03 -3.93087241e-03
-9.94992823e-01 1.81957347e-02 6.79698546e-03 6.04132639e-03 -3.30753046e-03
-9.94834640e-01 1.81875459e-02 7.26658560e-03 5.93034475e-03 -2.67596189e-03
-9.94674004e-01 1.82035362e-02 7.66794847e-03 5.89600475e-03 -2.05928284e-03
-9.94510915e-01 1.82321194e-02 7.98714784e-03 5.92814904e-03 -1.47971790e-03
-9.94345374e-01 1.82628103e-02 8.21431493e-03 6.01464561e-03 -9.57393007e-04
-9.94177380e-01 1.82866506e-02 8.34402757e-03 6.14200501e-03 -5.09278723e-04
-9.94006934e-01 1.82965188e-02 8.37542953e-03 6.29605578e-03 -1.48352347e-04
-9.93834037e-01 1.82873050e-02 8.31207716e-03 6.46263215e-03 1.16970415e-04
-9.93658689e-01 1.82559461e-02 8.16153060e-03 6.62822943e-03 2.83104356e-04
-9.93480891e-01 1.82013253e-02 7.93472636e-03 6.78058710e-03 3.51257234e-04
-9.93300642e-01 1.81240532e-02 7.64518245e-03 6.90916726e-03 3.27101303e-04
-9.93117944e-01 1.80261567e-02 7.30809832e-03 7.00550547e-03 2.20189859e-04
-9.92932796e-01 1.79107055e-02 6.93941580e-03 7.06342223e-03 4.31714108e-05
-9.92745200e-01 1.77814123e-02 6.55490682e-03 7.07909378e-03 -1.89134150e-04
-9.92555155e-01 1.76422381e-02 6.16934674e-03 7.05099118e-03 -4.60726920e-04
-9.92362663e-01 1.74970342e-02 5.79582173e-03 6.97970507e-03 -7.55415157e-04
-9.92167724e-01 1.73492438e-02 5.44520437e-03 6.86767966e-03 -1.05773474e-03
-9.91970337e-01 1.72016805e-02 5.12581650e-03 6.71888321e-03 -1.35374425e-03
-9.91770504e-01 1.70563919e-02 4.84328236e-03 6.53844369e-03 -1.63165344e-03
-9.91568226e-01 1.69146101e-02 4.60056126e-03 6.33227675e-03 -1.88225835e-03
-9.91363501e-01 1.67767824e-02 4.39813699e-03 6.10673037e-03 -2.09917247e-03
-9.91156332e-01 1.66426714e-02 4.23433247e-03 5.86826527e-03 -2.27885901e-03
-9.90946719e-01 1.65115082e-02 4.10571330e-03 5.62318504e-03 -2.42048262e-03
-9.90734662e-01 1.63821812e-02 4.00754201e-03 5.37742330e-03 -2.52561007e-03
-9.90520161e-01 1.62534406e-02 3.93424644e-03 5.13638971e-03 -2.59779637e-03
-9.90303218e-01 1.61241008e-02 3.87986960e-03 4.90487140e-03 -2.64209719e-03
-9.90083833e-01 1.59932229e-02 3.83847465e-03 4.68698232e-03 -2.66454837e-03
-9.89862005e-01 1.58602632e-02 3.80448519e-03 4.48615049e-03 -2.67165083e-03
-9.89637737e-01 1.57251770e-02 3.77294911e-03 4.30513179e-03 -2.66989415e-03
-9.89411028e-01 1.55884701e-02 3.73972096e-03 4.14603917e-03 -2.66534459e-03
-9.89181879e-01 1.54511963e-02 3.70156449e-03 4.01037755e-03 -2.66331590e-03
-9.88950290e-01 1.53149001e-02 3.65618219e-03 3.89907702e-03 -2.66813244e-03
-9.88716263e-01 1.51815130e-02 3.60218250e-03 3.81251948e-03 -2.68298652e-03
-9.88479797e-01 1.50532093e-02 3.53899790e-03 3.75055726e-03 -2.70988500e-03
-9.88240894e-01 1.49322346e-02 3.46676813e-03 3.71252473e-03 -2.74967464e-03
-9.87999553e-01 1.48207215e-02 3.38620278e-03 3.69724621e-03 -2.80213191e-03
-9.87755776e-01 1.47205066e-02 3.29843647e-03 3.70304501e-03 -2.86610093e-03
-9.87509562e-01 1.46329637e-02 3.20488802e-03 3.72775915e-03 -2.93966243e-03
-9.87260914e-01 1.45588683e-02 3.10713285e-03 3.76876869e-03 -3.02031767e-03
-9.87009830e-01 1.44983041e-02 3.00679534e-03 3.82303883e-03 -3.10517286e-03
-9.86756313e-01 1.44506193e-02 2.90546502e-03 3.88718108e-03 -3.19111236e-03
-9.86500362e-01 1.44144371e-02 2.80463830e-03 3.95753278e-03 -3.27495179e-03
-9.86241978e-01 1.43877200e-02 2.70568453e-03 4.03025359e-03 -3.35356559e-03
-9.85981162e-01 1.43678824e-02 2.60983379e-03 4.10143537e-03 -3.42398643e-03
-9.85717914e-01 1.43519426e-02 2.51818173e-03 4.16722117e-03 -3.48347706e-03
-9.85452235e-01 1.43367038e-02 2.43170616e-03 4.22392797e-03 -3.52957745e-03
-9.85184126e-01 1.43189485e-02 2.35128965e-03 4.26816790e-03 -3.56013186e-03
-9.84913588e-01 1.42956329e-02 2.27774226e-03 4.29696292e-03 -3.57330213e-03
-9.84640620e-01 1.42640683e-02 2.21181956e-03 4.30784858e-03 -3.56757340e-03
-9.84365224e-01 1.42220745e-02 2.15423189e-03 4.29896328e-03 -3.54175861e-03
-9.84087401e-01 1.41680981e-02 2.10564224e-03 4.26912010e-03 -3.49500717e-03
-9.83807150e-01 1.41012875e-02 2.06665154e-03 4.21785908e-03 -3.42682152e-03
-9.83524474e-01 1.40215195e-02 2.03777200e-03 4.14547806e-03 -3.33708347e-03
-9.83239372e-01 1.39293807e-02 2.01939030e-03 4.05304074e-03 -3.22609024e-03
-9.82951845e-01 1.38261035e-02 2.01172418e-03 3.94236057e-03 -3.09459746e-03
-9.82661894e-01 1.37134647e-02 2.01477665e-03 3.81595928e-03 -2.94386482e-03
-9.82369519e-01 1.35936544e-02 2.02829308e-03 3.67699950e-03 -2.77569810e-03
-9.82074722e-01 1.34691249e-02 2.05172632e-03 3.52919096e-03 -2.59248023e-03
-9.81777503e-01 1.33424307e-02 2.08421490e-03 3.37667111e-03 -2.39718401e-03
-9.81477862e-01 1.32160704e-02 2.12457844e-03 3.22386226e-03 -2.19335918e-03
-9.81175801e-01 1.30923406e-02 2.17133343e-03 3.07530885e-03 -1.98508847e-03
-9.80871321e-01 1.29732125e-02 2.22273081e-03 2.93550066e-03 -1.77690909e-03
-9.80564421e-01 1.28602369e-02 2.27681563e-03 2.80868964e-03 -1.57369909e-03
-9.80255103e-01 1.27544861e-02 2.33150696e-03 2.69870973e-03 -1.38053109e-03
-9.79943368e-01 1.26565342e-02 2.38469514e-03 2.60881021e-03 -1.20249901e-03
-9.79629216e-01 1.25664783e-02 2.43435171e-03 2.54151352e-03 -1.04452606e-03
-9.79312648e-01 1.24839972e-02 2.47864618e-03 2.49850772e-03 -9.11164517e-04
-9.78993665e-01 1.24084445e-02 2.51606281e-03 2.48058202e-03 -8.06398868e-04
-9.78672267e-01 1.23389661e-02 2.54550969e-03 2.48761109e-03 -7.33464472e-04
-9.78348456e-01 1.22746344e-02 2.56641218e-03 2.51859005e-03 -6.94692888e-04
-9.78022233e-01 1.22145854e-02 2.57878257e-03 2.57171840e-03 -6.91393686e-04
-9.77693597e-01 1.21581469e-02 2.58325884e-03 2.64452644e-03 -7.23780065e-04
-9.77362550e-01 1.21049456e-02 2.58110625e-03 2.73403443e-03 -7.90942724e-04
-9.77029093e-01 1.20549798e-02 2.57417778e-03 2.83693156e-03 -8.90873236e-04
-9.76693226e-01 1.20086515e-02 2.56483161e-03 2.94975996e-03 -1.02053497e-03
-9.76354950e-01 1.19667488e-02 2.55580695e-03 3.06908881e-03 -1.17597668e-03
-9.76014267e-01 1.19303806e-02 2.55006275e-03 3.19166461e-03 -1.35248157e-03
-9.75671177e-01 1.19008636e-02 2.55058692e-03 3.31452652e-03 -1.54474286e-03
-9.75325680e-01 1.18795719e-02 2.56018704e-03 3.43507919e-03 -1.74705625e-03
-9.74977778e-01 1.18677599e-02 2.58127578e-03 3.55112067e-03 -1.95351954e-03
-9.74627472e-01 1.18663759e-02 2.61566627e-03 3.66082741e-03 -2.15823034e-03
-9.74274762e-01 1.18758839e-02 2.66439312e-03 3.76270333e-03 -2.35547404e-03
-9.73919650e-01 1.18961130e-02 2.72757436e-03 3.85550367e-03 -2.53989552e-03
-9.73562135e-01 1.19261514e-02 2.80432732e-03 3.93814663e-03 -2.70664978e-03
-9.73202220e-01 1.19643003e-02 2.89274835e-03 4.00962720e-03 -2.85152788e-03
-9.72839904e-01 1.20080963e-02 2.98996165e-03 4.06894622e-03 -2.97105601e-03
-9.72475189e-01 1.20544063e-02 3.09223708e-03 4.11506615e-03 -3.06256664e-03
-9.72108076e-01 1.20995908e-02 3.19517134e-03 4.14690064e-03 -3.12424153e-03
-9.71738566e-01 1.21397252e-02 3.29392151e-03 4.16334124e-03 -3.15512726e-03
-9.71366659e-01 1.21708637e-02 3.38347533e-03 4.16331933e-03 -3.15512493e-03
-9.70992357e-01 1.21893236e-02 3.45893941e-03 4.14589676e-03 -3.12495580e-03
-9.70615660e-01 1.21919664e-02 3.51582500e-03 4.11037496e-03 -3.06610593e-03
-9.70236569e-01 1.21764525e-02 3.55031095e-03 4.05640950e-03 -2.98075271e-03
-9.69855086e-01 1.21414461e-02 3.55946565e-03 3.98411562e-03 -2.87167696e-03
-9.69471210e-01 1.20867519e-02 3.54141316e-03 3.89415110e-03 -2.74216412e-03
-9.69084944e-01 1.20133720e-02 3.49543349e-03 3.78776460e-03 -2.59589829e-03
-9.68696288e-01 1.19234763e-02 3.42199239e-03 3.66680126e-03 -2.43685247e-03
-9.68305243e-01 1.18202895e-02 3.32270176e-03 3.53366173e-03 -2.26917804e-03
-9.67911810e-01 1.17079035e-02 3.20021681e-03 3.39121595e-03 -2.09709584e-03
-9.67515990e-01 1.15910309e-02 3.05808057e-03 3.24267762e-03 -1.92479072e-03
-9.67117784e-01 1.14747209e-02 2.90052942e-03 3.09144979e-03 -1.75631050e-03
-9.66717192e-01 1.13640592e-02 2.73227459e-03 2.94095493e-03 -1.59547000e-03
-9.66314217e-01 1.12638772e-02 2.55827478e-03 2.79446442e-03 -1.44576013e-03
-9.65908859e-01 1.11784899e-02 2.38351349e-03 2.65494252e-03 -1.31026234e-03
-9.65501118e-01 1.11114826e-02 2.21279234e-03 2.52491820e-03 -1.19156895e-03
-9.65090997e-01 1.10655580e-02 2.05054833e-03 2.40639512e-03 -1.09171065e-03
-9.64678495e-01 1.10424514e-02 1.90070022e-03 2.30080618e-03 -1.01209335e-03
-9.64263614e-01 1.10429138e-02 1.76652607e-03 2.20901426e-03 -9.53447770e-04
-9.63846355e-01 1.10667595e-02 1.65057196e-03 2.13135599e-03 -9.15795602e-04
-9.63426720e-01 1.11129663e-02 1.55459026e-03 2.06772142e-03 -8.98436800e-04
-9.63004708e-01 1.11798173e-02 1.47950550e-03 2.01765871e-03 -8.99962239e-04
-9.62580321e-01 1.12650665e-02 1.42540550e-03 1.98049108e-03 -9.18295254e-04
-9.62153561e-01 1.13661135e-02 1.39155631e-03 1.95543252e-03 -9.50764158e-04
-9.61724427e-01 1.14801717e-02 1.37643961e-03 1.94168969e-03 -9.94205964e-04
-9.61292922e-01 1.16044183e-02 1.37781236e-03 1.93853944e-03 -1.04509924e-03
-9.60859046e-01 1.17361154e-02 1.39278815e-03 1.94537487e-03 -1.09972171e-03
-9.60422801e-01 1.18726968e-02 1.41794000e-03 1.96171635e-03 -1.15432577e-03
-9.59984187e-01 1.20118196e-02 1.44942325e-03 1.98718825e-03 -1.20532339e-03
-9.59543205e-01 1.21513806e-02 1.48311649e-03 2.02146554e-03 -1.24947015e-03
-9.59099857e-01 1.22895031e-02 1.51477662e-03 2.06419768e-03 -1.28403763e-03
-9.58654144e-01 1.24245001e-02 1.54020319e-03 2.11491922e-03 -1.30696353e-03
-9.58206066e-01 1.25548224e-02 1.55540534e-03 2.17295778e-03 -1.31696970e-03
-9.57755626e-01 1.26789987e-02 1.55676430e-03 2.23734989e-03 -1.31364005e-03
-9.57302823e-01 1.27955777e-02 1.54118398e-03 2.30677440e-03 -1.29745285e-03
-9.56847660e-01 1.29030785e-02 1.50622268e-03 2.37951149e-03 -1.26976445e-03
-9.56390137e-01 1.29999556e-02 1.45020008e-03 2.45343276e-03 -1.23274451e-03
-9.55930255e-01 1.30845840e-02 1.37227534e-03 2.52602575e-03 -1.18926572e-03
-9.55468016e-01 1.31552667e-02 1.27249393e-03 2.59445337e-03 -1.14275341e-03
-9.55003420e-01 1.32102665e-02 1.15180260e-03 2.65564649e-03 -1.09700259e-03
-9.54536469e-01 1.32478618e-02 1.01203330e-03 2.70642580e-03 -1.05597174e-03
-9.54067164e-01 1.32664238e-02 8.55858151e-04 2.74364766e-03 -1.02356337e-03
-9.53595507e-01 1.32645120e-02 6.86717718e-04 2.76436721e-03 -1.00340240e-03
-9.53121497e-01 1.32409823e-02 5.08724997e-04 2.76601128e-03 -9.98623272e-04
-9.52645137e-01 1.31951021e-02 3.26547154e-04 2.74655289e-03 -1.01167640e-03
-9.52166428e-01 1.31266624e-02 1.45266421e-04 2.70467877e-03 -1.04416412e-03
-9.51685370e-01 1.30360814e-02 -2.97788202e-05 2.63994063e-03 -1.09671488e-03
-9.51201965e-01 1.29244877e-02 -1.93171829e-04 2.55288078e-03 -1.16890343e-03
-9.50716215e-01 1.27937748e-02 -3.39612772e-04 2.44512255e-03 -1.25922249e-03
-9.50228120e-01 1.26466186e-02 -4.64128862e-04 2.31941614e-03 -1.36510982e-03
-9.49737681e-01 1.24864513e-02 -5.62294888e-04 2.17963170e-03 -1.48303192e-03
-9.49244901e-01 1.23173860e-02 -6.30457155e-04 2.03069280e-03 -1.60862305e-03
-9.48749779e-01 1.21440907e-02 -6.65951045e-04 1.87844638e-03 -1.73687553e-03
-9.48252318e-01 1.19716153e-02 -6.67299647e-04 1.72946846e-03 -1.86237415e-03
-9.47752518e-01 1.18051763e-02 -6.34378784e-04 1.59080933e-03 -1.97956477e-03
-9.47250380e-01 1.16499106e-02 -5.68532619e-04 1.46968667e-03 -2.08304420e-03
-9.46745907e-01 1.15106116e-02 -4.72624462e-04 1.37313964e-03 -2.16785639e-03
-9.46239099e-01 1.13914661e-02 -3.51009598e-04 1.30766196e-03 -2.22977796e-03
-9.45729957e-01 1.12958081e-02 -2.09421001e-04 1.27883517e-03 -2.26557564e-03
-9.45218483e-01 1.12259109e-02 -5.47645270e-05 1.29098592e-03 -2.27321855e-03
-9.44704677e-01 1.11828328e-02 1.05172823e-04 1.34689153e-03 -2.25202984e-03
-9.44188542e-01 1.11663310e-02 2.62090388e-04 1.44755657e-03 -2.20276538e-03
-9.43670079e-01 1.11748547e-02 4.07598391e-04 1.59207980e-03 -2.12761113e-03
-9.43149288e-01 1.12056192e-02 5.33674287e-04 1.77762513e-03 -2.03009615e-03
-9.42626171e-01 1.12547604e-02 6.33120811e-04 1.99950330e-03 -1.91492365e-03
-9.42100730e-01 1.13175604e-02 6.99993080e-04 2.25136279e-03 -1.78772848e-03
-9.41572965e-01 1.13887293e-02 7.29962388e-04 2.52548031e-03 -1.65477510e-03
-9.41042878e-01 1.14627237e-02 7.20587571e-04 2.81313347e-03 -1.52261466e-03
-9.40510470e-01 1.15340795e-02 6.71470926e-04 3.10503143e-03 -1.39772369e-03
-9.39975743e-01 1.15977360e-02 5.84284177e-04 3.39177528e-03 -1.28614865e-03
-9.39438698e-01 1.16493261e-02 4.62660162e-04 3.66431723e-03 -1.19318079e-03
-9.38899336e-01 1.16854159e-02 3.11956835e-04 3.91438832e-03 -1.12308370e-03
-9.38357658e-01 1.17036749e-02 1.38910676e-04 4.13486726e-03 -1.07889207e-03
-9.37813667e-01 1.17029688e-02 -4.87942963e-05 4.32006800e-03 -1.06229465e-03
-9.37267362e-01 1.16833715e-02 -2.43009013e-04 4.46593069e-03 -1.07360771e-03
-9.36718746e-01 1.16460983e-02 -4.35616810e-04 4.57010860e-03 -1.11183801e-03
-9.36167820e-01 1.15933704e-02 -6.19008975e-04 4.63195194e-03 -1.17482741e-03
-9.35614585e-01 1.15282239e-02 -7.86504524e-04 4.65239738e-03 -1.25946523e-03
-9.35059043e-01 1.14542818e-02 -9.32686183e-04 4.63377877e-03 -1.36194950e-03
-9.34501195e-01 1.13755081e-02 -1.05363263e-03 4.57957941e-03 -1.47807579e-03
-9.33941042e-01 1.12959638e-02 -1.14703631e-03 4.49414902e-03 -1.60353114e-03
-9.33378586e-01 1.12195819e-02 -1.21220596e-03 4.38240895e-03 -1.73417187e-03
-9.32813828e-01 1.11499776e-02 -1.24996178e-03 4.24956728e-03 -1.86626675e-03
-9.32246769e-01 1.10903029e-02 -1.26243930e-03 4.10086199e-03 -1.99669122e-03
-9.31677412e-01 1.10431518e-02 -1.25282320e-03 3.94134546e-03 -2.12306296e-03
-9.31105757e-01 1.10105164e-02 -1.22503625e-03 3.77571794e-03 -2.24381471e-03
-9.30531805e-01 1.09937894e-02 -1.18340899e-03 3.60821231e-03 -2.35820487e-03
-9.29955559e-01 1.09938057e-02 -1.13235502e-03 3.44252739e-03 -2.46627116e-03
-9.29377019e-01 1.10109118e-02 -1.07607313e-03 3.28180331e-03 -2.56873580e-03
-9.28796187e-01 1.10450511e-02 -1.01829340e-03 3.12862988e-03 -2.66687305e-03
-9.28213065e-01 1.10958530e-02 -9.62079096e-04 2.98507775e-03 -2.76235128e-03
-9.27627654e-01 1.11627138e-02 -9.09690774e-04 2.85274229e-03 -2.85706145e-03
-9.27039955e-01 1.12448616e-02 -8.62514276e-04 2.73279161e-03 -2.95294335e-03
-9.26449969e-01 1.13413979e-02 -8.21049916e-04 2.62601191e-03 -3.05181933e-03
-9.25857699e-01 1.14513139e-02 -7.84957055e-04 2.53284603e-03 -3.15524371e-03
-9.25263146e-01 1.15734811e-02 -7.53145934e-04 2.45342365e-03 -3.26437385e-03
-9.24666310e-01 1.17066208e-02 -7.23907344e-04 2.38758362e-03 -3.37986759e-03
-9.24067195e-01 1.18492582e-02 -6.95070135e-04 2.33489071e-03 -3.50181003e-03
-9.23465800e-01 1.19996705e-02 -6.64176553e-04 2.29465002e-03 -3.62967142e-03
-9.22862128e-01 1.21558359e-02 -6.28665769e-04 2.26592264e-03 -3.76229701e-03
-9.22256180e-01 1.23153966e-02 -5.86056548e-04 2.24754562e-03 -3.89792874e-03
-9.21647958e-01 1.24756400e-02 -5.34120694e-04 2.23815889e-03 -4.03425805e-03
-9.21037462e-01 1.26335089e-02 -4.71039621e-04 2.23624048e-03 -4.16850798e-03
-9.20424696e-01 1.27856425e-02 -3.95537188e-04 2.24015049e-03 -4.29754218e-03
-9.19809659e-01 1.29284522e-02 -3.06982732e-04 2.24818336e-03 -4.41799710e-03
-9.19192354e-01 1.30582301e-02 -2.05459246e-04 2.25862722e-03 -4.52643270e-03
-9.18572782e-01 1.31712872e-02 -9.17928405e-05 2.26982857e-03 -4.61949579e-03
-9.17950945e-01 1.32641138e-02 3.24588739e-05 2.28026005e-03 -4.69408885e-03
-9.17326844e-01 1.33335554e-02 1.65059993e-04 2.28858906e-03 -4.74753622e-03
-9.16700480e-01 1.33769904e-02 3.03189506e-04 2.29374435e-03 -4.77773884e-03
-9.16071856e-01 1.33925010e-02 4.43570501e-04 2.29497769e-03 -4.78330843e-03
-9.15440973e-01 1.33790222e-02 5.82629092e-04 2.29191733e-03 -4.76367256e-03
-9.14807832e-01 1.33364600e-02 7.16674600e-04 2.28460966e-03 -4.71914271e-03
-9.14172435e-01 1.32657655e-02 8.42090785e-04 2.27354526e-03 -4.65093950e-03
-9.13534783e-01 1.31689587e-02 9.55526863e-04 2.25966541e-03 -4.56117133e-03
-9.12894879e-01 1.30490962e-02 1.05407671e-03 2.24434542e-03 -4.45276541e-03
-9.12252723e-01 1.29101790e-02 1.13543524e-03 2.22935184e-03 -4.32935298e-03
-9.11608317e-01 1.27570036e-02 1.19802230e-03 2.21677139e-03 -4.19511367e-03
-9.10961663e-01 1.25949617e-02 1.24106658e-03 2.20891180e-03 -4.05458650e-03
-9.10312763e-01 1.24297961e-02 1.26464466e-03 2.20817611e-03 -3.91245719e-03
-9.09661618e-01 1.22673269e-02 1.26967338e-03 2.21691539e-03 -3.77333349e-03
-9.09008229e-01 1.21131639e-02 1.25785680e-03 2.23726692e-03 -3.64152105e-03
-9.08352599e-01 1.19724201e-02 1.23159193e-03 2.27098764e-03 -3.52081255e-03
-9.07694728e-01 1.18494477e-02 1.19384006e-03 2.31929478e-03 -3.41430247e-03
-9.07034619e-01 1.17476120e-02 1.14797249e-03 2.38272647e-03 -3.32423815e-03
-9.06372273e-01 1.16691209e-02 1.09760064e-03 2.46103525e-03 -3.25191613e-03
-9.05707691e-01 1.16149215e-02 1.04640118e-03 2.55312602e-03 -3.19762950e-03
-9.05040876e-01 1.15846736e-02 9.97946460e-04 2.65704734e-03 -3.16066944e-03
-9.04371830e-01 1.15768018e-02 9.55549392e-04 2.77004138e-03 -3.13938022e-03
-9.03700552e-01 1.15886257e-02 9.22130675e-04 2.88865305e-03 -3.13126409e-03
-9.03027046e-01 1.16165584e-02 9.00113980e-04 3.00889406e-03 -3.13312902e-03
-9.02351313e-01 1.16563607e-02 8.91352791e-04 3.12645262e-03 -3.14127005e-03
-9.01673355e-01 1.17034329e-02 8.97090318e-04 3.23693531e-03 -3.15167254e-03
-9.00993173e-01 1.17531232e-02 9.17951850e-04 3.33612415e-03 -3.16022500e-03
-9.00310769e-01 1.18010314e-02 9.53967091e-04 3.42023020e-03 -3.16292821e-03
-8.99626145e-01 1.18432841e-02 1.00461850e-03 3.48612475e-03 -3.15608842e-03
-8.98939302e-01 1.18767646e-02 1.06891051e-03 3.53153040e-03 -3.13648326e-03
-8.98250242e-01 1.18992790e-02 1.14545371e-03 3.55515781e-03 -3.10149158e-03
-8.97558967e-01 1.19096494e-02 1.23255777e-03 3.55677780e-03 -3.04918075e-03
-8.96865478e-01 1.19077299e-02 1.32832694e-03 3.53722417e-03 -2.97834837e-03
-8.96169778e-01 1.18943451e-02 1.43075238e-03 3.49832800e-03 -2.88851836e-03
-8.95471867e-01 1.18711609e-02 1.53779638e-03 3.44278965e-03 -2.77989480e-03
-8.94771748e-01 1.18404987e-02 1.64746442e-03 3.37399939e-03 -2.65327938e-03
-8.94069423e-01 1.18051109e-02 1.75786240e-03 3.29582128e-03 -2.50996078e-03
-8.93364892e-01 1.17679355e-02 1.86723730e-03 3.21235711e-03 -2.35158574e-03
-8.92658159e-01 1.17318522e-02 1.97400098e-03 3.12770773e-03 -2.18002214e-03
-8.91949223e-01 1.16994557e-02 2.07673773e-03 3.04574868e-03 -1.99722462e-03
-8.91238089e-01 1.16728667e-02 2.17419734e-03 2.96993473e-03 -1.80511209e-03
-8.90524756e-01 1.16535907e-02 2.26527635e-03 2.90314488e-03 -1.60546540e-03
-8.89809227e-01 1.16424359e-02 2.34899049e-03 2.84757568e-03 -1.39985111e-03
-8.89091503e-01 1.16394912e-02 2.42444237e-03 2.80468636e-03 -1.18957507e-03
-8.88371587e-01 1.16441658e-02 2.49078818e-03 2.77519545e-03 -9.75666885e-04
-8.87649480e-01 1.16552823e-02 2.54720757e-03 2.75912446e-03 -7.58893867e-04
-8.86925184e-01 1.16712131e-02 2.59288006e-03 2.75588132e-03 -5.39800314e-04
-8.86198701e-01 1.16900492e-02 2.62697113e-03 2.76437400e-03 -3.18766334e-04
-8.85470032e-01 1.17097832e-02 2.64862965e-03 2.78314343e-03 -9.60786802e-05
-8.84739180e-01 1.17284939e-02 2.65699751e-03 2.81050467e-03 1.27994548e-04
-8.84006145e-01 1.17445164e-02 2.65123069e-03 2.84468587e-03 3.53133496e-04
-8.83270931e-01 1.17565854e-02 2.63052996e-03 2.88395597e-03 5.78907791e-04
-8.82533538e-01 1.17639429e-02 2.59417817e-03 2.92673412e-03 8.04735314e-04
-8.81793969e-01 1.17664025e-02 2.54158038e-03 2.97167584e-03 1.02986250e-03
-8.81052225e-01 1.17643697e-02 2.47230277e-03 3.01773336e-03 1.25336791e-03
-8.80308308e-01 1.17588172e-02 2.38610616e-03 3.06418964e-03 1.47418854e-03
-8.79562220e-01 1.17512217e-02 2.28297062e-03 3.11066743e-03 1.69116635e-03
-8.78813963e-01 1.17434671e-02 2.16310830e-03 3.15711634e-03 1.90311060e-03
-8.78063539e-01 1.17377250e-02 2.02696287e-03 3.20378167e-03 2.10887051e-03
-8.77310949e-01 1.17363199e-02 1.87519505e-03 3.25115960e-03 2.30741174e-03
-8.76556196e-01 1.17415916e-02 1.70865503e-03 3.29994326e-03 2.49789051e-03
-8.75799281e-01 1.17557616e-02 1.52834375e-03 3.35096412e-03 2.67971902e-03
-8.75040206e-01 1.17808135e-02 1.33536588e-03 3.40513230e-03 2.85261701e-03
-8.74278973e-01 1.18183932e-02 1.13087801e-03 3.46337892e-03 3.01664530e-03
-8.73515584e-01 1.18697326e-02 9.16035939e-04 3.52660259e-03 3.17221858e-03
-8.72750041e-01 1.19356000e-02 6.91944760e-04 3.59562115e-03 3.32009601e-03
-8.71982345e-01 1.20162782e-02 4.59615376e-04 3.67112943e-03 3.46134985e-03
-8.71212499e-01 1.21115672e-02 2.19930251e-04 3.75366280e-03 3.59731336e-03
-8.70440504e-01 1.22208106e-02 -2.63793783e-05 3.84356621e-03 3.72951077e-03
-8.69666363e-01 1.23429417e-02 -2.78743507e-04 3.94096848e-03 3.85957268e-03
-8.68890077e-01 1.24765440e-02 -5.36750208e-04 4.04576127e-03 3.98914139e-03
-8.68111648e-01 1.26199231e-02 -8.00129849e-04 4.15758285e-03 4.11977123e-03
-8.67331079e-01 1.27711834e-02 -1.06872817e-03 4.27580709e-03 4.25282918e-03
-8.66548370e-01 1.29283075e-02 -1.34247051e-03 4.39953841e-03 4.38940137e-03
-8.65763524e-01 1.30892319e-02 -1.62132035e-03 4.52761382e-03 4.53021098e-03
-8.64976543e-01 1.32519189e-02 -1.90523576e-03 4.65861378e-03 4.67555232e-03
-8.64187429e-01 1.34144191e-02 -2.19412778e-03 4.79088310e-03 4.82524520e-03
-8.63396184e-01 1.35749255e-02 -2.48782485e-03 4.92256356e-03 4.97861269e-03
-8.62602809e-01 1.37318176e-02 -2.78604687e-03 5.05163893e-03 5.13448358e-03
-8.61807307e-01 1.38836955e-02 -3.08839202e-03 5.17599276e-03 5.29121974e-03
-8.61009680e-01 1.40294048e-02 -3.39433832e-03 5.29347800e-03 5.44676662e-03
-8.60209930e-01 1.41680537e-02 -3.70326055e-03 5.40199663e-03 5.59872392e-03
-8.59408057e-01 1.42990238e-02 -4.01446207e-03 5.49958622e-03 5.74443213e-03
-8.58604066e-01 1.44219764e-02 -4.32721910e-03 5.58450932e-03 5.88106966e-03
-8.57797957e-01 1.45368547e-02 -4.64083442e-03 5.65534093e-03 6.00575502e-03
-8.56989732e-01 1.46438849e-02 -4.95469577e-03 5.71104856e-03 6.11564817e-03
-8.56179395e-01 1.47435748e-02 -5.26833413e-03 5.75105959e-03 6.20804591e-03
-8.55366945e-01 1.48367121e-02 -5.58147649e-03 5.77531100e-03 6.28046655e-03
-8.54552386e-01 1.49243605e-02 -5.89408820e-03 5.78427748e-03 6.33072062e-03
-8.53735720e-01 1.50078530e-02 -6.20640071e-03 5.77897484e-03 6.35696533e-03
-8.52916948e-01 1.50887816e-02 -6.51892177e-03 5.76093790e-03 6.35774216e-03
-8.52096073e-01 1.51689818e-02 -6.83242656e-03 5.73217296e-03 6.33199801e-03
-8.51273096e-01 1.52505094e-02 -7.14793000e-03 5.69508743e-03 6.27909150e-03
-8.50448020e-01 1.53356089e-02 -7.46664235e-03 5.65240022e-03 6.19878691e-03
-8.49620847e-01 1.54266735e-02 -7.78991125e-03 5.60703814e-03 6.09123803e-03
-8.48791578e-01 1.55261946e-02 -8.11915511e-03 5.56202418e-03 5.95696493e-03
-8.47960216e-01 1.56367021e-02 -8.45579283e-03 5.52036404e-03 5.79682528e-03
-8.47126763e-01 1.57606972e-02 -8.80117519e-03 5.48493692e-03 5.61198208e-03
-8.46291221e-01 1.59005781e-02 -9.15652242e-03 5.45839599e-03 5.40386815e-03
-8.45453591e-01 1.60585620e-02 -9.52287167e-03 5.44308312e-03 5.17414758e-03
-8.44613877e-01 1.62366063e-02 -9.90103622e-03 5.44096086e-03 4.92467355e-03
-8.43772079e-01 1.64363306e-02 -1.02915769e-02 5.45356377e-03 4.65744189e-03
-8.42928201e-01 1.66589444e-02 -1.06947842e-02 5.48196964e-03 4.37453994e-03
-8.42082244e-01 1.69051820e-02 -1.11106686e-02 5.52679037e-03 4.07809072e-03
-8.41234210e-01 1.71752479e-02 -1.15389549e-02 5.58818105e-03 3.77019341e-03
-8.40384102e-01 1.74687743e-02 -1.19790758e-02 5.66586561e-03 3.45286207e-03
-8.39531921e-01 1.77847927e-02 -1.24301614e-02 5.75917650e-03 3.12796575e-03
-8.38677669e-01 1.81217203e-02 -1.28910206e-02 5.86710597e-03 2.79717407e-03
-8.37821349e-01 1.84773615e-02 -1.33601116e-02 5.98836596e-03 2.46191314e-03
-8.36962964e-01 1.88489235e-02 -1.38355026e-02 6.12145354e-03 2.12333709e-03
-8.36102514e-01 1.92330455e-02 -1.43148234e-02 6.26471862e-03 1.78231994e-03
-8.35240002e-01 1.96258403e-02 -1.47952127e-02 6.41643021e-03 1.43947207e-03
-8.34375430e-01 2.00229445e-02 -1.52732665e-02 6.57483758e-03 1.09518385e-03
-8.33508800e-01 2.04195771e-02 -1.57449963e-02 6.73822215e-03 7.49696844e-04
-8.32640115e-01 2.08106029e-02 -1.62058041e-02 6.90493643e-03 4.03200883e-04
-8.31769377e-01 2.11905995e-02 -1.66504849e-02 7.07342635e-03 5.59524099e-05
-8.30896587e-01 2.15539263e-02 -1.70732631e-02 7.24223433e-03 -2.91593035e-04
-8.30021748e-01 2.18947962e-02 -1.74678711e-02 7.40998176e-03 -6.38643678e-04
-8.29144862e-01 2.22073497e-02 -1.78276738e-02 7.57533100e-03 -9.83941100e-04
-8.28265931e-01 2.24857343e-02 -1.81458423e-02 7.73692936e-03 -1.32564912e-03
-8.27384958e-01 2.27241927e-02 -1.84155745e-02 7.89333969e-03 -1.66127490e-03
-8.26501944e-01 2.29171646e-02 -1.86303596e-02 8.04296446e-03 -1.98763449e-03
-8.25616892e-01 2.30594060e-02 -1.87842776e-02 8.18397232e-03 -2.30087343e-03
-8.24729804e-01 2.31461315e-02 -1.88723234e-02 8.31423716e-03 -2.59655028e-03
-8.23840681e-01 2.31731836e-02 -1.88907408e-02 8.43130065e-03 -2.86978708e-03
-8.22949527e-01 2.31372294e-02 -1.88373505e-02 8.53236834e-03 -3.11548668e-03
-8.22056344e-01 2.30359850e-02 -1.87118516e-02 8.61434789e-03 -3.32861125e-03
-8.21161133e-01 2.28684610e-02 -1.85160797e-02 8.67393499e-03 -3.50451170e-03
-8.20263897e-01 2.26352206e-02 -1.82541994e-02 8.70774883e-03 -3.63929197e-03
-8.19364639e-01 2.23386353e-02 -1.79328144e-02 8.71251418e-03 -3.73018818e-03
-8.18463359e-01 2.19831195e-02 -1.75609779e-02 8.68528240e-03 -3.77593863e-03
-8.17560061e-01 2.15753230e-02 -1.71500910e-02 8.62367852e-03 -3.77711844e-03
-8.16654747e-01 2.11242542e-02 -1.67136798e-02 8.52615780e-03 -3.73641161e-03
-8.15747419e-01 2.06413115e-02 -1.62670492e-02 8.39225156e-03 -3.65879452e-03
-8.14838079e-01 2.01401978e-02 -1.58268159e-02 8.22278072e-03 -3.55160742e-03
-8.13926729e-01 1.96366991e-02 -1.54103322e-02 8.02001564e-03 -3.42449515e-03
-8.13013373e-01 1.91483152e-02 -1.50350179e-02 7.78776305e-03 -3.28920491e-03
-8.12098011e-01 1.86937398e-02 -1.47176260e-02 7.53136453e-03 -3.15923700e-03
-8.11180646e-01 1.82921953e-02 -1.44734748e-02 7.25759705e-03 -3.04935325e-03
-8.10261281e-01 1.79626447e-02 -1.43156847e-02 6.97447278e-03 -2.97495836e-03
-8.09339918e-01 1.77229106e-02 -1.42544600e-02 6.69094280e-03 -2.95137881e-03
-8.08416559e-01 1.75887446e-02 -1.42964608e-02 6.41651722e-03 -2.99307370e-03
-8.07491206e-01 1.75728996e-02 -1.44443055e-02 6.16082134e-03 -3.11281928e-03
-8.06563861e-01 1.76842639e-02 -1.46962425e-02 5.93311295e-03 -3.32091508e-03
-8.05634528e-01 1.79271159e-02 -1.50460210e-02 5.74179065e-03 -3.62446187e-03
-8.04703207e-01 1.83005610e-02 -1.54829802e-02 5.59392458e-03 -4.02676144e-03
-8.03769903e-01 1.87981976e-02 -1.59923666e-02 5.49484093e-03 -4.52688385e-03
-8.02834616e-01 1.94080564e-02 -1.65558719e-02 5.44778891e-03 -5.11944018e-03
-8.01897349e-01 2.01128334e-02 -1.71523709e-02 5.45371375e-03 -5.79458759e-03
-8.00958104e-01 2.08904234e-02 -1.77588265e-02 5.51115287e-03 -6.53827992e-03
-8.00016884e-01 2.17147399e-02 -1.83513144e-02 5.61626401e-03 -7.33276123e-03
-7.99073691e-01 2.25567842e-02 -1.89061116e-02 5.76298534e-03 -8.15728364e-03
-7.98128528e-01 2.33859124e-02 -1.94007889e-02 5.94331882e-03 -8.98901489e-03
-7.97181396e-01 2.41712293e-02 -1.98152424e-02 6.14771979e-03 -9.80408714e-03
-7.96232298e-01 2.48830300e-02 -2.01326066e-02 6.36556893e-03 -1.05787275e-02
-7.95281236e-01 2.54942052e-02 -2.03399941e-02 6.58569766e-03 -1.12904043e-02
-7.94328214e-01 2.59815248e-02 -2.04290241e-02 6.79693498e-03 -1.19189200e-02
-7.93373232e-01 2.63267229e-02 -2.03961084e-02 6.98864326e-03 -1.24473855e-02
-7.92416293e-01 2.65173227e-02 -2.02424877e-02 7.15121219e-03 -1.28630176e-02
-7.91457401e-01 2.65471514e-02 -1.99740196e-02 7.27648348e-03 -1.31577121e-02
-7.90496556e-01 2.64165211e-02 -1.96007410e-02 7.35808485e-03 -1.33283622e-02
-7.89533763e-01 2.61320712e-02 -1.91362372e-02 7.39165792e-03 -1.33769067e-02
-7.88569022e-01 2.57062896e-02 -1.85968630e-02 7.37497230e-03 -1.33101111e-02
-7.87602336e-01 2.51567505e-02 -1.80008666e-02 7.30792528e-03 -1.31391011e-02
-7.86633708e-01 2.45051219e-02 -1.73674718e-02 7.19243355e-03 -1.28786849e-02
-7.85663139e-01 2.37760096e-02 -1.67159704e-02 7.03222935e-03 -1.25465084e-02
-7.84690634e-01 2.29957089e-02 -1.60648762e-02 6.83257831e-03 -1.21621023e-02
-7.83716193e-01 2.21909396e-02 -1.54311804e-02 6.59993947e-03 -1.17458777e-02
-7.82739819e-01 2.13876336e-02 -1.48297423e-02 6.34158973e-03 -1.13181311e-02
-7.81761515e-01 2.06098381e-02 -1.42728342e-02 6.06523550e-03 -1.08981153e-02
-7.80781283e-01 1.98787856e-02 -1.37698519e-02 5.77863282e-03 -1.05032230e-02
-7.79799126e-01 1.92121686e-02 -1.33271887e-02 5.48923525e-03 -1.01483226e-02
-7.78815045e-01 1.86236399e-02 -1.29482621e-02 5.20388560e-03 -9.84527198e-03
-7.77829044e-01 1.81225483e-02 -1.26336745e-02 4.92856369e-03 -9.60262497e-03
-7.76841124e-01 1.77139005e-02 -1.23814851e-02 4.66819831e-03 -9.42553020e-03
-7.75851289e-01 1.73985341e-02 -1.21875641e-02 4.42654757e-03 -9.31581367e-03
-7.74859540e-01 1.71734710e-02 -1.20460021e-02 4.20614766e-03 -9.27222394e-03
-7.73865880e-01 1.70324171e-02 -1.19495477e-02 4.00832669e-03 -9.29081233e-03
-7.72870312e-01 1.69663699e-02 -1.18900470e-02 3.83327731e-03 -9.36541468e-03
-7.71872838e-01 1.69642919e-02 -1.18588651e-02 3.68017931e-03 -9.48819867e-03
-7.70873460e-01 1.70138100e-02 -1.18472717e-02 3.54736180e-03 -9.65023983e-03
-7.69872181e-01 1.71019041e-02 -1.18467775e-02 3.43249355e-03 -9.84209120e-03
-7.68869004e-01 1.72155507e-02 -1.18494135e-02 3.33278951e-03 -1.00543151e-02
-7.67863930e-01 1.73422938e-02 -1.18479484e-02 3.24522185e-03 -1.02779500e-02
-7.66856963e-01 1.74707209e-02 -1.18360426e-02 3.16672452e-03 -1.05048929e-02
-7.65848104e-01 1.75908302e-02 -1.18083419e-02 3.09438139e-03 -1.07281809e-02
-7.64837357e-01 1.76942785e-02 -1.17605142e-02 3.02558975e-03 -1.09421677e-02
-7.63824724e-01 1.77745100e-02 -1.16892354e-02 2.95819244e-03 -1.11425920e-02
-7.62810206e-01 1.78267694e-02 -1.15921341e-02 2.89057425e-03 -1.13265451e-02
-7.61793808e-01 1.78480106e-02 -1.14677028e-02 2.82172005e-03 -1.14923481e-02
-7.60775531e-01 1.78367168e-02 -1.13151862e-02 2.75123440e-03 -1.16393555e-02
-7.59755377e-01 1.77926513e-02 -1.11344572e-02 2.67932431e-03 -1.17677038e-02
-7.58733350e-01 1.77165636e-02 -1.09258907e-02 2.60674874e-03 -1.18780273e-02
-7.57709452e-01 1.76098734e-02 -1.06902457e-02 2.53473982e-03 -1.19711641e-02
-7.56683685e-01 1.74743587e-02 -1.04285635e-02 2.46490204e-03 -1.20478739e-02
-7.55656053e-01 1.73118712e-02 -1.01420906e-02 2.39909645e-03 -1.21085891e-02
-7.54626556e-01 1.71240983e-02 -9.83222873e-03 2.33931721e-03 -1.21532169e-02
-7.53595199e-01 1.69123888e-02 -9.50051655e-03 2.28756773e-03 -1.21810053e-02
-7.52561982e-01 1.66776515e-02 -9.14864077e-03 2.24574320e-03 -1.21904846e-02
-7.51526911e-01 1.64203324e-02 -8.77847344e-03 2.21552546e-03 -1.21794848e-02
-7.50489985e-01 1.61404663e-02 -8.39212939e-03 2.19829489e-03 -1.21452295e-02
-7.49451209e-01 1.58377967e-02 -7.99203534e-03 2.19506274e-03 -1.20844987e-02
-7.48410585e-01 1.55119483e-02 -7.58100094e-03 2.20642563e-03 -1.19938464e-02
-7.47368114e-01 1.51626357e-02 -7.16228132e-03 2.23254251e-03 -1.18698603e-02
-7.46323801e-01 1.47898864e-02 -6.73962108e-03 2.27313284e-03 -1.17094407e-02
-7.45277647e-01 1.43942569e-02 -6.31727065e-03 2.32749334e-03 -1.15100817e-02
-7.44229655e-01 1.39770210e-02 -5.89996836e-03 2.39453016e-03 -1.12701321e-02
-7.43179828e-01 1.35403130e-02 -5.49288387e-03 2.47280200e-03 -1.09890181e-02
-7.42128168e-01 1.30872102e-02 -5.10152228e-03 2.56057037e-03 -1.06674119e-02
-7.41074678e-01 1.26217477e-02 -4.73159126e-03 2.65585277e-03 -1.03073343e-02
-7.40019360e-01 1.21488623e-02 -4.38883708e-03 2.75647553e-03 -9.91218401e-03
-7.38962217e-01 1.16742689e-02 -4.07885798e-03 2.86012369e-03 -9.48669268e-03
-7.37903252e-01 1.12042787e-02 -3.80690542e-03 2.96438648e-03 -9.03680825e-03
-7.36842467e-01 1.07455723e-02 -3.57768496e-03 3.06679769e-03 -8.56951540e-03
-7.35779864e-01 1.03049452e-02 -3.39516852e-03 3.16487146e-03 -8.09260478e-03
-7.34715448e-01 9.88904231e-03 -3.26242884e-03 3.25613450e-03 -7.61440585e-03
-7.33649219e-01 9.50410055e-03 -3.18150545e-03 3.33815623e-03 -7.14349927e-03
-7.32581181e-01 9.15571495e-03 -3.15330890e-03 3.40857859e-03 -6.68842513e-03
-7.31511336e-01 8.84864114e-03 -3.17756748e-03 3.46514701e-03 -6.25740203e-03
-7.30439687e-01 8.58664335e-03 -3.25281751e-03 3.50574355e-03 -5.85806989e-03
-7.29366237e-01 8.37239280e-03 -3.37643615e-03 3.52842269e-03 -5.49726654e-03
-7.28290988e-01 8.20741682e-03 -3.54471264e-03 3.53144931e-03 -5.18084521e-03
-7.27213943e-01 8.09209546e-03 -3.75295274e-03 3.51333780e-03 -4.91353627e-03
-7.26135105e-01 8.02569938e-03 -3.99560956e-03 3.47289045e-03 -4.69885423e-03
-7.25054476e-01 8.00646072e-03 -4.26643339e-03 3.40923290e-03 -4.53904794e-03
-7.23972059e-01 8.03166792e-03 -4.55863355e-03 3.32184440e-03 -4.43509047e-03
-7.22887856e-01 8.09777563e-03 -4.86504524e-03 3.21058061e-03 -4.38670388e-03
-7.21801870e-01 8.20052202e-03 -5.17829592e-03 3.07568740e-03 -4.39241367e-03
-7.20714105e-01 8.33504758e-03 -5.49096637e-03 2.91780473e-03 -4.44962785e-03
-7.19624562e-01 8.49601173e-03 -5.79574318e-03 2.73796062e-03 -4.55473611e-03
-7.18533244e-01 8.67770562e-03 -6.08556031e-03 2.53755607e-03 -4.70322524e-03
-7.17440155e-01 8.87416115e-03 -6.35372842e-03 2.31834241e-03 -4.88980789e-03
-7.16345296e-01 9.07925783e-03 -6.59405140e-03 2.08239330e-03 -5.10856184e-03
-7.15248670e-01 9.28682914e-03 -6.80092975e-03 1.83207341e-03 -5.35307771e-03
-7.14150280e-01 9.49077003e-03 -6.96945081e-03 1.57000585e-03 -5.61661252e-03
-7.13050130e-01 9.68514663e-03 -7.09546564e-03 1.29903975e-03 -5.89224648e-03
-7.11948220e-01 9.86430740e-03 -7.17565216e-03 1.02221871e-03 -6.17303967e-03
-7.10844555e-01 1.00229943e-02 -7.20756404e-03 7.42749879e-04 -6.45218486e-03
-7.09739137e-01 1.01564508e-02 -7.18966453e-03 4.63972607e-04 -6.72315245e-03
-7.08631969e-01 1.02605223e-02 -7.12134444e-03 1.89324880e-04 -6.97982318e-03
-7.07523053e-01 1.03317452e-02 -7.00292350e-03 -7.76946311e-05 -7.21660486e-03
-7.06412392e-01 1.03674196e-02 -6.83563462e-03 -3.33571083e-04 -7.42852956e-03
-7.05299989e-01 1.03656611e-02 -6.62159088e-03 -5.74826311e-04 -7.61132905e-03
-7.04185846e-01 1.03254302e-02 -6.36373546e-03 -7.98081002e-04 -7.76148706e-03
-7.03069967e-01 1.02465360e-02 -6.06577541e-03 -1.00012606e-03 -7.87626821e-03
-7.01952354e-01 1.01296147e-02 -5.73210037e-03 -1.17800174e-03 -7.95372478e-03
-7.00833010e-01 9.97608481e-03 -5.36768796e-03 -1.32908196e-03 -7.99268313e-03
-6.99711937e-01 9.78807956e-03 -4.97799788e-03 -1.45115981e-03 -7.99271265e-03
-6.98589139e-01 9.56836179e-03 -4.56885703e-03 -1.54252975e-03 -7.95408001e-03
-6.97464618e-01 9.32022427e-03 -4.14633812e-03 -1.60206132e-03 -7.87769221e-03
-6.96338377e-01 9.04738012e-03 -3.71663466e-03 -1.62925926e-03 -7.76503125e-03
-6.95210419e-01 8.75384776e-03 -3.28593491e-03 -1.62430543e-03 -7.61808330e-03
-6.94080746e-01 8.44383465e-03 -2.86029807e-03 -1.58807864e-03 -7.43926467e-03
-6.92949362e-01 8.12162393e-03 -2.44553546e-03 -1.52214990e-03 -7.23134686e-03
-6.91816268e-01 7.79146775e-03 -2.04710003e-03 -1.42875174e-03 -6.99738239e-03
-6.90681469e-01 7.45749052e-03 -1.66998693e-03 -1.31072190e-03 -6.74063310e-03
-6.89544966e-01 7.12360522e-03 -1.31864816e-03 -1.17142308e-03 -6.46450269e-03
-6.88406763e-01 6.79344500e-03 -9.96923480e-04 -1.01464180e-03 -6.17247474e-03
-6.87266861e-01 6.47031195e-03 -7.07989610e-04 -8.44470657e-04 -5.86805799e-03
-6.86125265e-01 6.15714401e-03 -4.54328688e-04 -6.65179093e-04 -5.55473994e-03
-6.84981977e-01 5.85650024e-03 -2.37716289e-04 -4.81078366e-04 -5.23594977e-03
-6.83837000e-01 5.57056337e-03 -5.92282649e-05 -2.96386913e-04 -4.91503109e-03
-6.82690336e-01 5.30115807e-03 8.07352585e-05 -1.15102086e-04 -4.59522436e-03
-6.81541988e-01 5.04978169e-03 1.82411235e-04 5.91159459e-05 -4.27965797e-03
-6.80391960e-01 4.81764409e-03 2.46623572e-04 2.23042982e-04 -3.97134640e-03
-6.79240254e-01 4.60571182e-03 2.74725104e-04 3.73967940e-04 -3.67319273e-03
-6.78086872e-01 4.41475210e-03 2.68535298e-04 5.09745163e-04 -3.38799256e-03
-6.76931818e-01 4.24537169e-03 2.30277130e-04 6.28819931e-04 -3.11843554e-03
-6.75775095e-01 4.09804633e-03 1.62515974e-04 7.30226667e-04 -2.86710102e-03
-6.74616706e-01 3.97313722e-03 6.81025959e-05 8.13560840e-04 -2.63644433e-03
-6.73456652e-01 3.87089224e-03 -4.98786370e-05 8.78927061e-04 -2.42877110e-03
-6.72294938e-01 3.79143109e-03 -1.88156193e-04 9.26867338e-04 -2.24619802e-03
-6.71131566e-01 3.73471530e-03 -3.43313250e-04 9.58274645e-04 -2.09060013e-03
-6.69966538e-01 3.70050588e-03 -5.11826546e-04 9.74297952e-04 -1.96354591e-03
-6.68799859e-01 3.68831275e-03 -6.90104198e-04 9.76245366e-04 -1.86622361e-03
-6.67631530e-01 3.69734149e-03 -8.74524636e-04 9.65492116e-04 -1.79936345e-03
-6.66461554e-01 3.72644386e-03 -1.06147859e-03 9.43399667e-04 -1.76316162e-03
-6.65289935e-01 3.77407827e-03 -1.24741556e-03 9.11251256e-04 -1.75721279e-03
-6.64116675e-01 3.83828649e-03 -1.42889539e-03 8.70207732e-04 -1.78045790e-03
-6.62941778e-01 3.91669148e-03 -1.60264476e-03 8.21285768e-04 -1.83115363e-03
-6.61765245e-01 4.00651983e-03 -1.76561721e-03 7.65358503e-04 -1.90686874e-03
-6.60587080e-01 4.10465037e-03 -1.91505483e-03 7.03176648e-04 -2.00451101e-03
-6.59407287e-01 4.20768843e-03 -2.04854854e-03 6.35406186e-04 -2.12038640e-03
-6.58225867e-01 4.31206295e-03 -2.16409406e-03 5.62677294e-04 -2.25028986e-03
-6.57042824e-01 4.41414208e-03 -2.26013999e-03 4.85638069e-04 -2.38962500e-03
-6.55858160e-01 4.51036090e-03 -2.33562514e-03 4.05006280e-04 -2.53354764e-03
-6.54671879e-01 4.59735409e-03 -2.39000249e-03 3.21612620e-04 -2.67712671e-03
-6.53483983e-01 4.67208580e-03 -2.42324798e-03 2.36429868e-04 -2.81551451e-03
-6.52294476e-01 4.73196909e-03 -2.43585337e-03 1.50583891e-04 -2.94411775e-03
-6.51103360e-01 4.77496789e-03 -2.42880302e-03 6.53442805e-05 -3.05876074e-03
-6.49910639e-01 4.79967564e-03 -2.40353578e-03 -1.79054211e-05 -3.15583259e-03
-6.48716314e-01 4.80536638e-03 -2.36189338e-03 -9.77158589e-05 -3.23241123e-03
-6.47520390e-01 4.79201563e-03 -2.30605777e-03 -1.72634418e-04 -3.28635863e-03
-6.46322869e-01 4.76029042e-03 -2.23847972e-03 -2.41276771e-04 -3.31638307e-03
-6.45123754e-01 4.71150931e-03 -2.16180159e-03 -3.02401088e-04 -3.32206653e-03
-6.43923048e-01 4.64757511e-03 -2.07877657e-03 -3.54978308e-04 -3.30385648e-03
-6.42720754e-01 4.57088415e-03 -1.99218711e-03 -3.98252247e-04 -3.26302367e-03
-6.41516875e-01 4.48421688e-03 -1.90476451e-03 -4.31784315e-04 -3.20158871e-03
-6.40311414e-01 4.39061557e-03 -1.81911176e-03 -4.55479043e-04 -3.12222137e-03
-6.39104373e-01 4.29325486e-03 -1.73763138e-03 -4.69588386e-04 -3.02811787e-03
-6.37895757e-01 4.19531133e-03 -1.66245974e-03 -4.74694650e-04 -2.92286181e-03
-6.36685567e-01 4.09983766e-03 -1.59540955e-03 -4.71673672e-04 -2.81027487e-03
-6.35473807e-01 4.00964679e-03 -1.53792178e-03 -4.61641462e-04 -2.69426356e-03
-6.34260480e-01 3.92721058e-03 -1.49102848e-03 -4.45888698e-04 -2.57866824e-03
-6.33045589e-01 3.85457653e-03 -1.45532783e-03 -4.25808179e-04 -2.46712023e-03
-6.31829137e-01 3.79330548e-03 -1.43097240e-03 -4.02820618e-04 -2.36291237e-03
-6.30611126e-01 3.74443175e-03 -1.41767164e-03 -3.78303914e-04 -2.26888779e-03
-6.29391561e-01 3.70844655e-03 -1.41470901e-03 -3.53530403e-04 -2.18735090e-03
-6.28170443e-01 3.68530417e-03 -1.42097386e-03 -3.29615709e-04 -2.12000355e-03
-6.26947776e-01 3.67444994e-03 -1.43500766e-03 -3.07481613e-04 -2.06790857e-03
-6.25723562e-01 3.67486772e-03 -1.45506351e-03 -2.87834227e-04 -2.03148148e-03
-6.24497806e-01 3.68514450e-03 -1.47917749e-03 -2.71157535e-04 -2.01051028e-03
-6.23270509e-01 3.70354876e-03 -1.50524974e-03 -2.57721325e-04 -2.00420163e-03
-6.22041676e-01 3.72811902e-03 -1.53113280e-03 -2.47601669e-04 -2.01125075e-03
-6.20811308e-01 3.75675871e-03 -1.55472429e-03 -2.40711412e-04 -2.02993101e-03
-6.19579410e-01 3.78733335e-03 -1.57406084e-03 -2.36837690e-04 -2.05819806e-03
-6.18345983e-01 3.81776603e-03 -1.58740968e-03 -2.35683266e-04 -2.09380266e-03
-6.17111031e-01 3.84612720e-03 -1.59335448e-03 -2.36908348e-04 -2.13440579e-03
-6.15874558e-01 3.87071525e-03 -1.59087175e-03 -2.40169719e-04 -2.17768932e-03
-6.14636565e-01 3.89012434e-03 -1.57939411e-03 -2.45154189e-04 -2.22145628e-03
-6.13397057e-01 3.90329685e-03 -1.55885704e-03 -2.51603800e-04 -2.26371485e-03
-6.12156036e-01 3.90955799e-03 -1.52972566e-03 -2.59330737e-04 -2.30274220e-03
-6.10913506e-01 3.90863110e-03 -1.49299890e-03 -2.68220570e-04 -2.33712503e-03
-6.09669468e-01 3.90063289e-03 -1.45018859e-03 -2.78223301e-04 -2.36577620e-03
-6.08423928e-01 3.88604885e-03 -1.40327220e-03 -2.89332607e-04 -2.38792810e-03
-6.07176887e-01 3.86568995e-03 -1.35461890e-03 -3.01554736e-04 -2.40310590e-03
-6.05928348e-01 3.84063307e-03 -1.30688987e-03 -3.14869555e-04 -2.41108494e-03
-6.04678315e-01 3.81214831e-03 -1.26291564e-03 -3.29187233e-04 -2.41183808e-03
-6.03426791e-01 3.78161727e-03 -1.22555450e-03 -3.44304882e-04 -2.40547953e-03
-6.02173778e-01 3.75044723e-03 -1.19753818e-03 -3.59867999e-04 -2.39221171e-03
-6.00919281e-01 3.71998619e-03 -1.18131232e-03 -3.75341727e-04 -2.37228116e-03
-5.99663302e-01 3.69144410e-03 -1.17888057e-03 -3.89996667e-04 -2.34594831e-03
-5.98405843e-01 3.66582506e-03 -1.19166213e-03 -4.02913131e-04 -2.31347424e-03
-5.97146909e-01 3.64387467e-03 -1.22037272e-03 -4.13006459e-04 -2.27512541e-03
-5.95886503e-01 3.62604565e-03 -1.26493845e-03 -4.19074231e-04 -2.23119507e-03
-5.94624627e-01 3.61248378e-03 -1.32445064e-03 -4.19864191e-04 -2.18203812e-03
-5.93361284e-01 3.60303463e-03 -1.39716784e-03 -4.14159441e-04 -2.12811402e-03
-5.92096478e-01 3.59726999e-03 -1.48056801e-03 -4.00875428e-04 -2.07003146e-03
-5.90830212e-01 3.59453200e-03 -1.57145094e-03 -3.79161413e-04 -2.00858771e-03
-5.89562488e-01 3.59399099e-03 -1.66608687e-03 -3.48497911e-04 -1.94479584e-03
-5.88293311e-01 3.59471297e-03 -1.76040415e-03 -3.08781117e-04 -1.87989400e-03
-5.87022683e-01 3.59573139e-03 -1.85020499e-03 -2.60385634e-04 -1.81533272e-03
-5.85750607e-01 3.59611816e-03 -1.93139621e-03 -2.04198123e-04 -1.75273836e-03
-5.84477087e-01 3.59504912e-03 -2.00022007e-03 -1.41616444e-04 -1.69385333e-03
-5.83202125e-01 3.59185950e-03 -2.05346974e-03 -7.45115950e-05 -1.64045639e-03
-5.81925725e-01 3.58608645e-03 -2.08867486e-03 -5.15278535e-06 -1.59426839e-03
-5.80647890e-01 3.57749627e-03 -2.10424448e-03 6.39007829e-05 -1.55685083e-03
-5.79368623e-01 3.56609554e-03 -2.09955774e-03 1.29934864e-04 -1.52950536e-03
-5.78087927e-01 3.55212639e-03 -2.07499629e-03 1.90232741e-04 -1.51318271e-03
-5.76805805e-01 3.53604704e-03 -2.03191677e-03 2.42234557e-04 -1.50840884e-03
-5.75522261e-01 3.51849965e-03 -1.97256587e-03 2.83691682e-04 -1.51523468e-03
-5.74237298e-01 3.50026822e-03 -1.89994455e-03 3.12804618e-04 -1.53321382e-03
-5.72950918e-01 3.48222926e-03 -1.81763133e-03 3.28334149e-04 -1.56141027e-03
-5.71663126e-01 3.46529873e-03 -1.72957735e-03 3.29677621e-04 -1.59843594e-03
-5.70373923e-01 3.45037817e-03 -1.63988692e-03 3.16905024e-04 -1.64251519e-03
-5.69083314e-01 3.43830320e-03 -1.55259836e-03 2.90752863e-04 -1.69157181e-03
-5.67791302e-01 3.42979706e-03 -1.47147843e-03 2.52577108e-04 -1.74333245e-03
-5.66497889e-01 3.42543150e-03 -1.39984278e-03 2.04269632e-04 -1.79543948e-03
-5.65203079e-01 3.42559679e-03 -1.34041147e-03 1.48145178e-04 -1.84556608e-03
-5.63906875e-01 3.43048221e-03 -1.29520650e-03 8.68077318e-05 -1.89152645e-03
-5.62609281e-01 3.44006739e-03 -1.26549410e-03 2.30062314e-05 -1.93137514e-03
-5.61310299e-01 3.45412473e-03 -1.25177198e-03 -4.05103394e-05 -1.96349023e-03
-5.60009933e-01 3.47223230e-03 -1.25379847e-03 -1.01129112e-04 -1.98663687e-03
-5.58708186e-01 3.49379623e-03 -1.27065802e-03 -1.56492787e-04 -2.00000894e-03
-5.57405060e-01 3.51808115e-03 -1.30085601e-03 -2.04596309e-04 -2.00324820e-03
-5.56100561e-01 3.54424707e-03 -1.34243466e-03 -2.43856920e-04 -1.99644155e-03
-5.54794689e-01 3.57139062e-03 -1.39310147e-03 -2.73155956e-04 -1.98009819e-03
-5.53487450e-01 3.59858876e-03 -1.45036209e-03 -2.91852929e-04 -1.95510916e-03
-5.52178845e-01 3.62494267e-03 -1.51165011e-03 -2.99774169e-04 -1.92269234e-03
-5.50868879e-01 3.64961992e-03 -1.57444770e-03 -2.97179704e-04 -1.88432645e-03
-5.49557555e-01 3.67189288e-03 -1.63639205e-03 -2.84712890e-04 -1.84167729e-03
-5.48244874e-01 3.69117159e-03 -1.69536424e-03 -2.63337699e-04 -1.79651984e-03
-5.46930842e-01 3.70702974e-03 -1.74955840e-03 -2.34268502e-04 -1.75065940e-03
-5.45615461e-01 3.71922229e-03 -1.79753022e-03 -1.98896838e-04 -1.70585484e-03
-5.44298735e-01 3.72769408e-03 -1.83822499e-03 -1.58719056e-04 -1.66374676e-03
-5.42980666e-01 3.73257872e-03 -1.87098608e-03 -1.15268028e-04 -1.62579304e-03
-5.41661258e-01 3.73418765e-03 -1.89554555e-03 -7.00514206e-05 -1.59321392e-03
-5.40340514e-01 3.73298972e-03 -1.91199888e-03 -2.44983293e-05 -1.56694851e-03
-5.39018438e-01 3.72958194e-03 -1.92076631e-03 2.00845309e-05 -1.54762397e-03
-5.37695032e-01 3.72465280e-03 -1.92254351e-03 6.25464493e-05 -1.53553862e-03
-5.36370301e-01 3.71893988e-03 -1.91824451e-03 1.01916016e-04 -1.53065918e-03
-5.35044246e-01 3.71318396e-03 -1.90893997e-03 1.37414406e-04 -1.53263239e-03
-5.33716872e-01 3.70808234e-03 -1.89579403e-03 1.68459354e-04 -1.54081019e-03
-5.32388182e-01 3.70424414e-03 -1.88000280e-03 1.94660922e-04 -1.55428738e-03
-5.31058179e-01 3.70215048e-03 -1.86273754e-03 2.15810418e-04 -1.57194980e-03
-5.29726866e-01 3.70212213e-03 -1.84509511e-03 2.31864118e-04 -1.59253066e-03
-5.28394247e-01 3.70429701e-03 -1.82805783e-03 2.42923565e-04 -1.61467205e-03
-5.27060325e-01 3.70861919e-03 -1.81246400e-03 2.49214298e-04 -1.63698858e-03
-5.25725102e-01 3.71484028e-03 -1.79898969e-03 2.51064782e-04 -1.65812966e-03
-5.24388584e-01 3.72253349e-03 -1.78814142e-03 2.48887111e-04 -1.67683754e-03
-5.23050772e-01 3.73111954e-03 -1.78025860e-03 2.43160732e-04 -1.69199802e-03
-5.21711670e-01 3.73990290e-03 -1.77552380e-03 2.34419915e-04 -1.70268190e-03
-5.20371281e-01 3.74811604e-03 -1.77397851e-03 2.23245163e-04 -1.70817545e-03
-5.19029610e-01 3.75496884e-03 -1.77554189e-03 2.10258093e-04 -1.70799925e-03
-5.17686658e-01 3.75969977e-03 -1.78002988e-03 1.96118696e-04 -1.70191525e-03
-5.16342429e-01 3.76162541e-03 -1.78717271e-03 1.81523418e-04 -1.68992290e-03
-5.14996927e-01 3.76018480e-03 -1.79662907e-03 1.67202132e-04 -1.67224547e-03
-5.13650155e-01 3.75497561e-03 -1.80799637e-03 1.53912007e-04 -1.64930824e-03
-5.12302117e-01 3.74577956e-03 -1.82081705e-03 1.42426513e-04 -1.62171041e-03
-5.10952815e-01 3.73257530e-03 -1.83458206e-03 1.33518238e-04 -1.59019271e-03
-5.09602252e-01 3.71553786e-03 -1.84873294e-03 1.27934970e-04 -1.55560236e-03
-5.08250433e-01 3.69502480e-03 -1.86266473e-03 1.26369385e-04 -1.51885697e-03
-5.06897361e-01 3.67155004e-03 -1.87573185e-03 1.29423656e-04 -1.48090866e-03
-5.05543038e-01 3.64574740e-03 -1.88725875e-03 1.37571288e-04 -1.44270927e-03
-5.04187469e-01 3.61832646e-03 -1.89655686e-03 1.51119254e-04 -1.40517734e-03
-5.02830656e-01 3.59002427e-03 -1.90294824e-03 1.70174092e-04 -1.36916753e-03
-5.01472604e-01 3.56155638e-03 -1.90579555e-03 1.94615849e-04 -1.33544292e-03
-5.00113314e-01 3.53357121e-03 -1.90453683e-03 2.24083519e-04 -1.30465081e-03
-4.98752791e-01 3.50661106e-03 -1.89872283e-03 2.57975072e-04 -1.27730275e-03
-4.97391039e-01 3.48108311e-03 -1.88805380e-03 2.95464084e-04 -1.25375951e-03
-4.96028059e-01 3.45724238e-03 -1.87241250e-03 3.35533631e-04 -1.23422179e-03
-4.94663856e-01 3.43518799e-03 -1.85188992e-03 3.77026549e-04 -1.21872744e-03
-4.93298434e-01 3.41487271e-03 -1.82680081e-03 4.18709477e-04 -1.20715546e-03
-4.91931794e-01 3.39612476e-03 -1.79768646e-03 4.59346628e-04 -1.19923710e-03
-4.90563942e-01 3.37867937e-03 -1.76530336e-03 4.97777948e-04 -1.19457349e-03
-4.89194880e-01 3.36221716e-03 -1.73059732e-03 5.32995601e-04 -1.19265915e-03
-4.87824611e-01 3.34640544e-03 -1.69466368e-03 5.64212424e-04 -1.19290995e-03
-4.86453139e-01 3.33093833e-03 -1.65869575e-03 5.90916398e-04 -1.19469387e-03
-4.85080468e-01 3.31557197e-03 -1.62392409e-03 6.12906100e-04 -1.19736269e-03
-4.83706600e-01 3.30015124e-03 -1.59155059e-03 6.30303590e-04 -1.20028248e-03
-4.82331539e-01 3.28462558e-03 -1.56268138e-03 6.43542999e-04 -1.20286123e-03
-4.80955289e-01 3.26905237e-03 -1.53826306e-03 6.53335179e-04 -1.20457182e-03
-4.79577853e-01 3.25358779e-03 -1.51902659e-03 6.60610856e-04 -1.20496951e-03
-4.78199234e-01 3.23846616e-03 -1.50544253e-03 6.66446644e-04 -1.20370325e-03
-4.76819436e-01 3.22396996e-03 -1.49769104e-03 6.71979853e-04 -1.20052095e-03
-4.75438462e-01 3.21039367e-03 -1.49564865e-03 6.78319043e-04 -1.19526916e-03
-4.74056315e-01 3.19800492e-03 -1.49889306e-03 6.86457660e-04 -1.18788804e-03
-4.72672999e-01 3.18700703e-03 -1.50672595e-03 6.97197841e-04 -1.17840265e-03
-4.71288518e-01 3.17750616e-03 -1.51821247e-03 7.11090486e-04 -1.16691165e-03
-4.69902874e-01 3.16948646e-03 -1.53223505e-03 7.28396227e-04 -1.15357423e-03
-4.68516071e-01 3.16279515e-03 -1.54755799e-03 7.49070019e-04 -1.13859606e-03
-4.67128113e-01 3.15713903e-03 -1.56289857e-03 7.72769963e-04 -1.12221465e-03
-4.65739003e-01 3.15209245e-03 -1.57699990e-03 7.98888894e-04 -1.10468467e-03
-4.64348744e-01 3.14711640e-03 -1.58870045e-03 8.26605400e-04 -1.08626324e-03
-4.62957340e-01 3.14158684e-03 -1.59699574e-03 8.54949429e-04 -1.06719573e-03
-4.61564795e-01 3.13483048e-03 -1.60108790e-03 8.82876671e-04 -1.04770234e-03
-4.60171111e-01 3.12616530e-03 -1.60042019e-03 9.09345467e-04 -1.02796609e-03
-4.58776292e-01 3.11494311e-03 -1.59469440e-03 9.33390157e-04 -1.00812278e-03
-4.57380342e-01 3.10059125e-03 -1.58387081e-03 9.54185438e-04 -9.88253874e-04
-4.55983264e-01 3.08265092e-03 -1.56815128e-03 9.71097381e-04 -9.68382811e-04
-4.54585061e-01 3.06080969e-03 -1.54794780e-03 9.83718144e-04 -9.48475575e-04
-4.53185738e-01 3.03492619e-03 -1.52383963e-03 9.91882941e-04 -9.28445794e-04
-4.51785296e-01 3.00504555e-03 -1.49652277e-03 9.95669312e-04 -9.08164446e-04
-4.50383741e-01 2.97140467e-03 -1.46675637e-03 9.95380122e-04 -8.87473791e-04
-4.48981074e-01 2.93442683e-03 -1.43531011e-03 9.91512816e-04 -8.66204679e-04
-4.47577301e-01 2.89470577e-03 -1.40291667e-03 9.84718209e-04 -8.44195964e-04
-4.46172424e-01 2.85298014e-03 -1.37023258e-03 9.75752516e-04 -8.21314377e-04
-4.44766446e-01 2.81009938e-03 -1.33780940e-03 9.65426365e-04 -7.97473009e-04
-4.43359371e-01 2.76698288e-03 -1.30607678e-03 9.54554301e-04 -7.72646530e-04
-4.41951203e-01 2.72457462e-03 -1.27533708e-03 9.43907794e-04 -7.46881478e-04
-4.40541946e-01 2.68379599e-03 -1.24577069e-03 9.34174145e-04 -7.20300304e-04
-4.39131601e-01 2.64549935e-03 -1.21745000e-03 9.25922978e-04 -6.93098471e-04
-4.37720174e-01 2.61042547e-03 -1.19035964e-03 9.19581321e-04 -6.65534526e-04
-4.36307667e-01 2.57916756e-03 -1.16442021e-03 9.15417624e-04 -6.37913766e-04
-4.34894084e-01 2.55214422e-03 -1.13951263e-03 9.13534558e-04 -6.10566744e-04
-4.33479429e-01 2.52958330e-03 -1.11550080e-03 9.13870006e-04 -5.83824376e-04
-4.32063705e-01 2.51151790e-03 -1.09225041e-03 9.16205372e-04 -5.57991765e-04
-4.30646915e-01 2.49779473e-03 -1.06964277e-03 9.20180160e-04 -5.33322998e-04
-4.29229063e-01 2.48809443e-03 -1.04758277e-03 9.25311690e-04 -5.09999171e-04
-4.27810152e-01 2.48196231e-03 -1.02600111e-03 9.31018799e-04 -4.88111636e-04
-4.26390187e-01 2.47884741e-03 -1.00485138e-03 9.36648381e-04 -4.67652132e-04
-4.24969170e-01 2.47814703e-03 -9.84102992e-04 9.41503692e-04 -4.48510948e-04
-4.23547105e-01 2.47925334e-03 -9.63731541e-04 9.44873342e-04 -4.30483709e-04
-4.22123995e-01 2.48159888e-03 -9.43708085e-04 9.46059972e-04 -4.13286756e-04
-4.20699844e-01 2.48469743e-03 -9.23989082e-04 9.44407662e-04 -3.96580525e-04
-4.19274656e-01 2.48817752e-03 -9.04508530e-04 9.39327182e-04 -3.79999743e-04
-4.17848434e-01 2.49180604e-03 -8.85173705e-04 9.30318316e-04 -3.63188819e-04
-4.16421181e-01 2.49550057e-03 -8.65865575e-04 9.16988647e-04 -3.45840362e-04
-4.14992902e-01 2.49932964e-03 -8.46444612e-04 8.99068352e-04 -3.27734479e-04
-4.13563599e-01 2.50350114e-03 -8.26762312e-04 8.76420826e-04 -3.08776250e-04
-4.12133276e-01 2.50833993e-03 -8.06678234e-04 8.49049113e-04 -2.89028654e-04
-4.10701936e-01 2.51425629e-03 -7.86081863e-04 8.17098391e-04 -2.68738165e-04
-4.09269584e-01 2.52170742e-03 -7.64918021e-04 7.80854878e-04 -2.48350326e-04
-4.07836222e-01 2.53115469e-03 -7.43214022e-04 7.40741633e-04 -2.28512867e-04
-4.06401855e-01 2.54301919e-03 -7.21106208e-04 6.97311743e-04 -2.10064347e-04
-4.04966485e-01 2.55763839e-03 -6.98863109e-04 6.51239305e-04 -1.94006978e-04
-4.03530117e-01 2.57522658e-03 -6.76902227e-04 6.03308442e-04 -1.81463188e-04
-4.02092753e-01 2.59584134e-03 -6.55797375e-04 5.54400377e-04 -1.73616546e-04
-4.00654398e-01 2.61935816e-03 -6.36273841e-04 5.05478290e-04 -1.71638955e-04
-3.99215055e-01 2.64545485e-03 -6.19189153e-04 4.57569475e-04 -1.76607358e-04
-3.97774727e-01 2.67360701e-03 -6.05498213e-04 4.11744061e-04 -1.89414445e-04
-3.96333418e-01 2.70309523e-03 -5.96202704e-04 3.69089517e-04 -2.10679068e-04
-3.94891132e-01 2.73302433e-03 -5.92286160e-04 3.30680232e-04 -2.40662856e-04
-3.93447872e-01 2.76235420e-03 -5.94637602e-04 2.97541746e-04 -2.79199997e-04
-3.92003642e-01 2.78994135e-03 -6.03968216e-04 2.70609699e-04 -3.25647071e-04
-3.90558445e-01 2.81458956e-03 -6.20726895e-04 2.50684262e-04 -3.78859140e-04
-3.89112285e-01 2.83510758e-03 -6.45021498e-04 2.38381608e-04 -4.37197012e-04
-3.87665165e-01 2.85037099e-03 -6.76553220e-04 2.34084861e-04 -4.98568723e-04
-3.86217089e-01 2.85938525e-03 -7.14571352e-04 2.37897786e-04 -5.60505906e-04
-3.84768060e-01 2.86134619e-03 -7.57854906e-04 2.49605078e-04 -6.20273014e-04
-3.83318083e-01 2.85569446e-03 -8.04726057e-04 2.68643483e-04 -6.75004551e-04
-3.81867160e-01 2.84216015e-03 -8.53098181e-04 2.94087934e-04 -7.21862801e-04
-3.80415296e-01 2.82079435e-03 -9.00558592e-04 3.24656371e-04 -7.58206267e-04
-3.78962493e-01 2.79198503e-03 -9.44483139e-04 3.58735971e-04 -7.81757423e-04
-3.77508756e-01 2.75645511e-03 -9.82176857e-04 3.94432079e-04 -7.90757641e-04
-3.76054088e-01 2.71524215e-03 -1.01103219e-03 4.29639447e-04 -7.84097355e-04
-3.74598493e-01 2.66965974e-03 -1.02869418e-03 4.62133389e-04 -7.61410824e-04
-3.73141973e-01 2.62124226e-03 -1.03322083e-03 4.89676575e-04 -7.23127041e-04
-3.71684534e-01 2.57167558e-03 -1.02322620e-03 5.10135435e-04 -6.70471430e-04
-3.70226177e-01 2.52271762e-03 -9.97995059e-04 5.21598793e-04 -6.05416569e-04
-3.68766908e-01 2.47611317e-03 -9.57559211e-04 5.22490622e-04 -5.30584119e-04
-3.67306729e-01 2.43350822e-03 -9.02728574e-04 5.11668724e-04 -4.49103936e-04
-3.65845645e-01 2.39636894e-03 -8.35073488e-04 4.88501820e-04 -3.64439800e-04
-3.64383658e-01 2.36591039e-03 -7.56858395e-04 4.52918905e-04 -2.80193815e-04
-3.62920772e-01 2.34303936e-03 -6.70930946e-04 4.05426706e-04 -1.99903230e-04
-3.61456992e-01 2.32831479e-03 -5.80574018e-04 3.47093438e-04 -1.26843917e-04
-3.59992320e-01 2.32192804e-03 -4.89330956e-04 2.79499656e-04 -6.38540527e-05
-3.58526760e-01 2.32370374e-03 -4.00816259e-04 2.04659513e-04 -1.31897398e-05
-3.57060317e-01 2.33312097e-03 -3.18524719e-04 1.24917976e-04 2.35784284e-05
-3.55592992e-01 2.34935256e-03 -2.45651739e-04 4.28312855e-05 4.56222314e-05
-3.54124791e-01 2.37131993e-03 -1.84936143e-04 -3.89609480e-05 5.28641686e-05
-3.52655716e-01 2.39775932e-03 -1.38534627e-04 -1.17863293e-04 4.59390064e-05
-3.51185772e-01 2.42729547e-03 -1.07934079e-04 -1.91443347e-04 2.61135508e-05
-3.49714961e-01 2.45851790e-03 -9.39049362e-05 -2.57534653e-04 -4.82760914e-06
-3.48243288e-01 2.49005577e-03 -9.64955611e-05 -3.14318079e-04 -4.47207096e-05
-3.46770756e-01 2.52064705e-03 -1.15064824e-04 -3.60378085e-04 -9.11750314e-05
-3.45297369e-01 2.54919881e-03 -1.48347736e-04 -3.94732492e-04 -1.41727807e-04
-3.43823131e-01 2.57483581e-03 -1.94547346e-04 -4.16836522e-04 -1.93991525e-04
-3.42348044e-01 2.59693553e-03 -2.51445191e-04 -4.26563740e-04 -2.45784644e-04
-3.40872114e-01 2.61514850e-03 -3.16522370e-04 -4.24168092e-04 -2.95238586e-04
-3.39395342e-01 2.62940345e-03 -3.87083752e-04 -4.10232171e-04 -3.40875993e-04
-3.37917734e-01 2.63989761e-03 -4.60378690e-04 -3.85607326e-04 -3.81657552e-04
-3.36439292e-01 2.64707305e-03 -5.33712856e-04 -3.51351144e-04 -4.16996923e-04
-3.34960021e-01 2.65158025e-03 -6.04547161e-04 -3.08667259e-04 -4.46745338e-04
-3.33479923e-01 2.65423075e-03 -6.70581070e-04 -2.58851540e-04 -4.71149224e-04
-3.31999003e-01 2.65594101e-03 -7.29818864e-04 -2.03247529e-04 -4.90785538e-04
-3.30517264e-01 2.65766978e-03 -7.80618418e-04 -1.43212767e-04 -5.06480501e-04
-3.29034710e-01 2.66035163e-03 -8.21722854e-04 -8.00963651e-05 -5.19217946e-04
-3.27551345e-01 2.66482952e-03 -8.52276036e-04 -1.52271159e-05 -5.30043676e-04
-3.26067172e-01 2.67178929e-03 -8.71823206e-04 5.00894932e-05 -5.39972024e-04
-3.24582195e-01 2.68169900e-03 -8.80298359e-04 1.14567646e-04 -5.49900293e-04
-3.23096417e-01 2.69475622e-03 -8.78000090e-04 1.76933628e-04 -5.60536005e-04
-3.21609843e-01 2.71084598e-03 -8.65557761e-04 2.35917196e-04 -5.72340877e-04
-3.20122475e-01 2.72951206e-03 -8.43889925e-04 2.90244710e-04 -5.85494346e-04
-3.18634318e-01 2.74994391e-03 -8.14157009e-04 3.38636720e-04 -5.99878225e-04
-3.17145375e-01 2.77098100e-03 -7.77710269e-04 3.79812353e-04 -6.15082802e-04
-3.15655650e-01 2.79113613e-03 -7.36038996e-04 4.12502476e-04 -6.30433475e-04
-3.14165146e-01 2.80863829e-03 -6.90717822e-04 4.35473069e-04 -6.45035835e-04
-3.12673868e-01 2.82149509e-03 -6.43355745e-04 4.47559636e-04 -6.57836080e-04
-3.11181819e-01 2.82757403e-03 -5.95548154e-04 4.47712728e-04 -6.67692806e-04
-3.09689002e-01 2.82470071e-03 -5.48832713e-04 4.35053769e-04 -6.73455579e-04
-3.08195421e-01 2.81077120e-03 -5.04649524e-04 4.08939372e-04 -6.74045340e-04
-3.06701080e-01 2.78387456e-03 -4.64305557e-04 3.69031275e-04 -6.68531632e-04
-3.05205983e-01 2.74242061e-03 -4.28942976e-04 3.15367910e-04 -6.56201861e-04
-3.03710134e-01 2.68526665e-03 -3.99510838e-04 2.48432603e-04 -6.36618316e-04
-3.02213535e-01 2.61183636e-03 -3.76739649e-04 1.69212583e-04 -6.09659457e-04
-3.00716191e-01 2.52222310e-03 -3.61118503e-04 7.92424432e-05 -5.75542989e-04
-2.99218105e-01 2.41726985e-03 -3.52874981e-04 -1.93743562e-05 -5.34829343e-04
-2.97719282e-01 2.29861800e-03 -3.51958582e-04 -1.23971905e-04 -4.88405423e-04
-2.96219724e-01 2.16871822e-03 -3.58029104e-04 -2.31361032e-04 -4.37449675e-04
-2.94719436e-01 2.03079799e-03 -3.70451986e-04 -3.37904415e-04 -3.83380619e-04
-2.93218420e-01 1.88878215e-03 -3.88303017e-04 -4.39628468e-04 -3.27791964e-04
-2.91716682e-01 1.74716595e-03 -4.10384942e-04 -5.32370120e-04 -2.72378132e-04
-2.90214224e-01 1.61084283e-03 -4.35258220e-04 -6.11953592e-04 -2.18854524e-04
-2.88711051e-01 1.48489262e-03 -4.61287475e-04 -6.74389303e-04 -1.68877045e-04
-2.87207166e-01 1.37433949e-03 -4.86704124e-04 -7.16084326e-04 -1.23965327e-04
-2.85702572e-01 1.28389173e-03 -5.09684171e-04 -7.34051656e-04 -8.54337800e-05
-2.84197274e-01 1.21767846e-03 -5.28438574e-04 -7.26104316e-04 -5.43339957e-05
-2.82691274e-01 1.17899962e-03 -5.41311896e-04 -6.91020044e-04 -3.14113228e-05
-2.81184578e-01 1.17010664e-03 -5.46883451e-04 -6.28663249e-04 -1.70775190e-05
-2.79677188e-01 1.19202988e-03 -5.44064060e-04 -5.40053042e-04 -1.14004659e-05
-2.78169109e-01 1.24446740e-03 -5.32180942e-04 -4.27369322e-04 -1.41109701e-05
-2.76660343e-01 1.32574575e-03 -5.11043372e-04 -2.93892986e-04 -2.46257674e-05
-2.75150895e-01 1.43285935e-03 -4.80982589e-04 -1.43880911e-04 -4.20850369e-05
-2.73640769e-01 1.56158925e-03 -4.42860989e-04 1.76187788e-05 -6.54020395e-05
-2.72129968e-01 1.70669677e-03 -3.98047769e-04 1.85001160e-04 -9.33219698e-05
-2.70618495e-01 1.86218164e-03 -3.48360767e-04 3.52374712e-04 -1.24486745e-04
-2.69106356e-01 2.02158917e-03 -2.95976981e-04 5.13850477e-04 -1.57502276e-04
-2.67593552e-01 2.17834732e-03 -2.43316850e-04 6.63831784e-04 -1.91004763e-04
-2.66080089e-01 2.32611153e-03 -1.92909688e-04 7.97286039e-04 -2.23722723e-04
-2.64565969e-01 2.45909497e-03 -1.47249298e-04 9.09981397e-04 -2.54531789e-04
-2.63051197e-01 2.57236233e-03 -1.08649700e-04 9.98673859e-04 -2.82499780e-04
-2.61535776e-01 2.66206828e-03 -7.91109449e-05 1.06123406e-03 -3.06920102e-04
-2.60019711e-01 2.72562598e-03 -6.02041500e-05 1.09670755e-03 -3.27332211e-04
-2.58503004e-01 2.76179623e-03 -5.29833181e-05 1.10530721e-03 -3.43528527e-04
-2.56985659e-01 2.77069365e-03 -5.79293062e-05 1.08834111e-03 -3.55547922e-04
-2.55467681e-01 2.75371273e-03 -7.49287494e-05 1.04808362e-03 -3.63656566e-04
-2.53949073e-01 2.71338163e-03 -1.03288071e-04 9.87600756e-04 -3.68317543e-04
-2.52429838e-01 2.65315697e-03 -1.41780158e-04 9.10543480e-04 -3.70151183e-04
-2.50909981e-01 2.57717585e-03 -1.88719105e-04 8.20923815e-04 -3.69888505e-04
-2.49389505e-01 2.48998376e-03 -2.42056749e-04 7.22888840e-04 -3.68320446e-04
-2.47868414e-01 2.39625755e-03 -2.99493735e-04 6.20506615e-04 -3.66245717e-04
-2.46346712e-01 2.30054157e-03 -3.58597464e-04 5.17576193e-04 -3.64420106e-04
-2.44824402e-01 2.20701307e-03 -4.16919567e-04 4.17471295e-04 -3.63509892e-04
-2.43301489e-01 2.11928942e-03 -4.72106373e-04 3.23024116e-04 -3.64051737e-04
-2.41777975e-01 2.04028623e-03 -5.21997007e-04 2.36452586e-04 -3.66420958e-04
-2.40253865e-01 1.97213064e-03 -5.64705180e-04 1.59331189e-04 -3.70809591e-04
-2.38729163e-01 1.91613039e-03 -5.98682245e-04 9.26026905e-05 -3.77215074e-04
-2.37203872e-01 1.87279523e-03 -6.22760463e-04 3.66256748e-05 -3.85439802e-04
-2.35677996e-01 1.84190416e-03 -6.36176646e-04 -8.74894714e-06 -3.95101243e-04
-2.34151539e-01 1.82260949e-03 -6.38577362e-04 -4.40805093e-05 -4.05651852e-04
-2.32624504e-01 1.81356756e-03 -6.30007507e-04 -7.02288193e-05 -4.16407571e-04
-2.31096895e-01 1.81308488e-03 -6.10884577e-04 -8.82405791e-05 -4.26583455e-04
-2.29568717e-01 1.81926916e-03 -5.81961160e-04 -9.92399564e-05 -4.35334700e-04
-2.28039973e-01 1.83017507e-03 -5.44278252e-04 -1.04330251e-04 -4.41801263e-04
-2.26510666e-01 1.84393639e-03 -4.99112010e-04 -1.04512254e-04 -4.45154183e-04
-2.24980800e-01 1.85887771e-03 -4.47916445e-04 -1.00623319e-04 -4.44641712e-04
-2.23450380e-01 1.87360083e-03 -3.92264473e-04 -9.32994714e-05 -4.39633386e-04
-2.21919408e-01 1.88704315e-03 -3.33789607e-04 -8.29611635e-05 -4.29660191e-04
-2.20387890e-01 1.89850705e-03 -2.74130410e-04 -6.98216725e-05 -4.14449089e-04
-2.18855828e-01 1.90766125e-03 -2.14879625e-04 -5.39156465e-05 -3.93950183e-04
-2.17323226e-01 1.91451662e-03 -1.57539611e-04 -3.51440855e-05 -3.68355016e-04
-2.15790088e-01 1.91938004e-03 -1.03485331e-04 -1.33310907e-05 -3.38104620e-04
-2.14256418e-01 1.92279124e-03 -5.39356948e-05 1.17129075e-05 -3.03886259e-04
-2.12722219e-01 1.92544798e-03 -9.93350483e-06 4.01269938e-05 -2.66618160e-04
-2.11187496e-01 1.92812544e-03 2.76662992e-05 7.19401312e-05 -2.27421995e-04
-2.09652252e-01 1.93159572e-03 5.82009713e-05 1.07021027e-04 -1.87583476e-04
-2.08116491e-01 1.93655329e-03 8.11982109e-05 1.45041683e-04 -1.48502052e-04
-2.06580217e-01 1.94355121e-03 9.63700245e-05 1.85457721e-04 -1.11631377e-04
-2.05043433e-01 1.95295260e-03 1.03604037e-04 2.27507290e-04 -7.84129166e-05
-2.03506144e-01 1.96490022e-03 1.02954019e-04 2.70228927e-04 -5.02056866e-05
-2.01968353e-01 1.97930588e-03 9.46310975e-05 3.12497326e-04 -2.82156168e-05
-2.00430064e-01 1.99585992e-03 7.89966251e-05 3.53074591e-04 -1.34284160e-05
-1.98891280e-01 2.01405929e-03 5.65570152e-05 3.90673446e-04 -6.54994021e-06
-1.97352006e-01 2.03325159e-03 2.79601674e-05 4.24027908e-04 -7.95797933e-06
-1.95812245e-01 2.05269108e-03 -6.00759517e-06 4.51966472e-04 -1.76690073e-05
-1.94272002e-01 2.07160181e-03 -4.44257001e-05 4.73482595e-04 -3.53228055e-05
-1.92731279e-01 2.08924258e-03 -8.62465769e-05 4.87797524e-04 -6.01869784e-05
-1.91190081e-01 2.10496818e-03 -1.30308015e-04 4.94411071e-04 -9.11822729e-05
-1.89648411e-01 2.11828212e-03 -1.75352419e-04 4.93136794e-04 -1.26928357e-04
-1.88106274e-01 2.12887633e-03 -2.20054194e-04 4.84119219e-04 -1.65808375e-04
-1.86563673e-01 2.13665497e-03 -2.63055734e-04 4.67831973e-04 -2.06049276e-04
-1.85020611e-01 2.14174055e-03 -3.03011456e-04 4.45057083e-04 -2.45813709e-04
-1.83477094e-01 2.14446234e-03 -3.38638345e-04 4.16846936e-04 -2.83298286e-04
-1.81933124e-01 2.14532820e-03 -3.68770445e-04 3.84471565e-04 -3.16832307e-04
-1.80388705e-01 2.14498282e-03 -3.92413924e-04 3.49354801e-04 -3.44970750e-04
-1.78843841e-01 2.14415588e-03 -4.08798821e-04 3.13003436e-04 -3.66575420e-04
-1.77298536e-01 2.14360490e-03 -4.17423389e-04 2.76933848e-04 -3.80878718e-04
-1.75752795e-01 2.14405722e-03 -4.18087175e-04 2.42600478e-04 -3.87525486e-04
-1.74206619e-01 2.14615610e-03 -4.10909606e-04 2.11330235e-04 -3.86589766e-04
-1.72660014e-01 2.15041481e-03 -3.96331803e-04 1.84266324e-04 -3.78564973e-04
-1.71112983e-01 2.15718206e-03 -3.75100606e-04 1.62324188e-04 -3.64327846e-04
-1.69565531e-01 2.16662110e-03 -3.48235125e-04 1.46161405e-04 -3.45078391e-04
-1.68017660e-01 2.17870330e-03 -3.16977542e-04 1.36162341e-04 -3.22259814e-04
-1.66469374e-01 2.19321614e-03 -2.82731145e-04 1.32437475e-04 -2.97463897e-04
-1.64920678e-01 2.20978439e-03 -2.46989559e-04 1.34836371e-04 -2.72328359e-04
-1.63371576e-01 2.22790193e-03 -2.11261827e-04 1.42972538e-04 -2.48433314e-04
-1.61822070e-01 2.24697166e-03 -1.76998273e-04 1.56257834e-04 -2.27203987e-04
-1.60272166e-01 2.26634977e-03 -1.45521901e-04 1.73943656e-04 -2.09826283e-04
-1.58721866e-01 2.28539122e-03 -1.17969593e-04 1.95166032e-04 -1.97180815e-04
-1.57171175e-01 2.30349287e-03 -9.52465083e-05 2.18991732e-04 -1.89799505e-04
-1.55620096e-01 2.32013159e-03 -7.79959595e-05 2.44462762e-04 -1.87847142e-04
-1.54068633e-01 2.33489499e-03 -6.65858897e-05 2.70636977e-04 -1.91128387e-04
-1.52516790e-01 2.34750310e-03 -6.11117829e-05 2.96623041e-04 -1.99118829e-04
-1.50964572e-01 2.35782037e-03 -6.14147428e-05 3.21608534e-04 -2.11016999e-04
-1.49411981e-01 2.36585755e-03 -6.71124953e-05 3.44880577e-04 -2.25812830e-04
-1.47859021e-01 2.37176439e-03 -7.76403614e-05 3.65838931e-04 -2.42367042e-04
-1.46305697e-01 2.37581385e-03 -9.22988018e-05 3.84002046e-04 -2.59495397e-04
-1.44752012e-01 2.37837976e-03 -1.10303972e-04 3.99006991e-04 -2.76051698e-04
-1.43197970e-01 2.37990946e-03 -1.30837828e-04 4.10604517e-04 -2.91003828e-04
-1.41643575e-01 2.38089374e-03 -1.53094643e-04 4.18650724e-04 -3.03497899e-04
-1.40088830e-01 2.38183602e-03 -1.76321308e-04 4.23096882e-04 -3.12906727e-04
-1.38533740e-01 2.38322287e-03 -1.99849412e-04 4.23978856e-04 -3.18860184e-04
-1.36978309e-01 2.38549752e-03 -2.23117799e-04 4.21407414e-04 -3.21256368e-04
-1.35422539e-01 2.38903796e-03 -2.45685043e-04 4.15560325e-04 -3.20254013e-04
-1.33866436e-01 2.39414048e-03 -2.67231963e-04 4.06676823e-04 -3.16247822e-04
-1.32310002e-01 2.40100918e-03 -2.87554970e-04 3.95054496e-04 -3.09829528e-04
-1.30753243e-01 2.40975148e-03 -3.06551540e-04 3.81048278e-04 -3.01738331e-04
-1.29196160e-01 2.42037921e-03 -3.24199548e-04 3.65070813e-04 -2.92804868e-04
-1.27638760e-01 2.43281426e-03 -3.40532435e-04 3.47593154e-04 -2.83893057e-04
-1.26081044e-01 2.44689778e-03 -3.55612297e-04 3.29144615e-04 -2.75843994e-04
-1.24523017e-01 2.46240168e-03 -3.69502942e-04 3.10310551e-04 -2.69425644e-04
-1.22964684e-01 2.47904107e-03 -3.82244793e-04 2.91726966e-04 -2.65291331e-04
-1.21406047e-01 2.49648668e-03 -3.93833259e-04 2.74071134e-04 -2.63949151e-04
-1.19847110e-01 2.51437637e-03 -4.04201826e-04 2.58047783e-04 -2.65743463e-04
-1.18287878e-01 2.53232533e-03 -4.13210795e-04 2.44370819e-04 -2.70848561e-04
-1.16728355e-01 2.54993496e-03 -4.20642167e-04 2.33741056e-04 -2.79273733e-04
-1.15168543e-01 2.56680060e-03 -4.26200847e-04 2.26820807e-04 -2.90878068e-04
-1.13608448e-01 2.58251882e-03 -4.29522006e-04 2.24206546e-04 -3.05392739e-04
-1.12048072e-01 2.59669478e-03 -4.30184196e-04 2.26401070e-04 -3.22448098e-04
-1.10487420e-01 2.60895045e-03 -4.27727581e-04 2.33786709e-04 -3.41602741e-04
-1.08926495e-01 2.61893405e-03 -4.21676525e-04 2.46601110e-04 -3.62371769e-04
-1.07365302e-01 2.62633103e-03 -4.11565646e-04 2.64917040e-04 -3.84251817e-04
-1.05803844e-01 2.63087629e-03 -3.96968375e-04 2.88627458e-04 -4.06740920e-04
-1.04242126e-01 2.63236734e-03 -3.77526981e-04 3.17436913e-04 -4.29351988e-04
-1.02680150e-01 2.63067737e-03 -3.52982915e-04 3.50860060e-04 -4.51619424e-04
-1.01117920e-01 2.62576741e-03 -3.23206259e-04 3.88227857e-04 -4.73099274e-04
-9.95554419e-02 2.61769633e-03 -2.88222897e-04 4.28701710e-04 -4.93364020e-04
-9.79927178e-02 2.60662781e-03 -2.48237958e-04 4.71295577e-04 -5.11993817e-04
-9.64297521e-02 2.59283325e-03 -2.03653970e-04 5.14905723e-04 -5.28566406e-04
-9.48665486e-02 2.57669011e-03 -1.55082170e-04 5.58347475e-04 -5.42648181e-04
-9.33031111e-02 2.55867543e-03 -1.03345503e-04 6.00398001e-04 -5.53788832e-04
-9.17394435e-02 2.53935456e-03 -4.94720780e-05 6.39843725e-04 -5.61521684e-04
-9.01755497e-02 2.51936547e-03 5.32177497e-06 6.75530623e-04 -5.65371278e-04
-8.86114334e-02 2.49939943e-03 5.96591807e-05 7.06415318e-04 -5.64868995e-04
-8.70470987e-02 2.48017866e-03 1.12040827e-04 7.31614536e-04 -5.59576626e-04
-8.54825493e-02 2.46243224e-03 1.60892487e-04 7.50450359e-04 -5.49116834e-04
-8.39177890e-02 2.44687094e-03 2.04620217e-04 7.62488597e-04 -5.33208596e-04
-8.23528218e-02 2.43416217e-03 2.41670827e-04 7.67567725e-04 -5.11704922e-04
-8.07876515e-02 2.42490584e-03 2.70594672e-04 7.65816170e-04 -4.84629640e-04
-7.92222820e-02 2.41961211e-03 2.90107487e-04 7.57656200e-04 -4.52209759e-04
-7.76567171e-02 2.41868169e-03 2.99147877e-04 7.43793401e-04 -4.14900007e-04
-7.60909607e-02 2.42238973e-03 2.96927240e-04 7.25191595e-04 -3.73396469e-04
-7.45250166e-02 2.43087387e-03 2.82969342e-04 7.03033972e-04 -3.28636986e-04
-7.29588887e-02 2.44412744e-03 2.57137417e-04 6.78672212e-04 -2.81786800e-04
-7.13925810e-02 2.46199846e-03 2.19647474e-04 6.53566253e-04 -2.34209079e-04
-6.98260971e-02 2.48419515e-03 1.71067404e-04 6.29218096e-04 -1.87421060e-04
-6.82594410e-02 2.51029834e-03 1.12302341e-04 6.07103561e-04 -1.43037707e-04
-6.66926166e-02 2.53978076e-03 4.45675286e-05 5.88606069e-04 -1.02705807e-04
-6.51256278e-02 2.57203297e-03 -3.06494884e-05 5.74956423e-04 -6.80322752e-05
-6.35584783e-02 2.60639485e-03 -1.11635106e-04 5.67182082e-04 -4.05110027e-05
-6.19911720e-02 2.64219097e-03 -1.96501972e-04 5.66068640e-04 -2.14528117e-05
-6.04237129e-02 2.67876790e-03 -2.83245035e-04 5.72135256e-04 -1.19229946e-05
-5.88561048e-02 2.71553058e-03 -3.69799239e-04 5.85624609e-04 -1.26904332e-05
-5.72883515e-02 2.75197483e-03 -4.54097100e-04 6.06506829e-04 -2.41915285e-05
-5.57204570e-02 2.78771295e-03 -5.34124754e-04 6.34495759e-04 -4.65111371e-05
-5.41524250e-02 2.82248975e-03 -6.07975414e-04 6.69075102e-04 -7.93815323e-05
-5.25842595e-02 2.85618652e-03 -6.73899413e-04 7.09531375e-04 -1.22199161e-04
-5.10159643e-02 2.88881200e-03 -7.30350103e-04 7.54990433e-04 -1.74057774e-04
-4.94475433e-02 2.92047988e-03 -7.76024874e-04 8.04454434e-04 -2.33795454e-04
-4.78790003e-02 2.95137412e-03 -8.09900380e-04 8.56836572e-04 -3.00052216e-04
-4.63103392e-02 2.98170464e-03 -8.31260843e-04 9.10991615e-04 -3.71334272e-04
-4.47415640e-02 3.01165676e-03 -8.39718073e-04 9.65741182e-04 -4.46080751e-04
-4.31726784e-02 3.04133936e-03 -8.35221696e-04 1.01989357e-03 -5.22728652e-04
-4.16036863e-02 3.07073646e-03 -8.18058121e-04 1.07225884e-03 -5.99772076e-04
-4.00345917e-02 3.09966759e-03 -7.88837004e-04 1.12166048e-03 -6.75812272e-04
-3.84653983e-02 3.12776149e-03 -7.48464526e-04 1.16694551e-03 -7.49595771e-04
-3.68961100e-02 3.15444666e-03 -6.98103527e-04 1.20699503e-03 -8.20038742e-04
-3.53267308e-02 3.17896100e-03 -6.39121511e-04 1.24073684e-03 -8.86236673e-04
-3.37572644e-02 3.20038096e-03 -5.73028587e-04 1.26716183e-03 -9.47459525e-04
-3.21877148e-02 3.21766882e-03 -5.01408429e-04 1.28534459e-03 -1.00313345e-03
-3.06180858e-02 3.22973508e-03 -4.25846236e-04 1.29446855e-03 -1.05281111e-03
-2.90483813e-02 3.23551124e-03 -3.47858273e-04 1.29385465e-03 -1.09613331e-03
-2.74786051e-02 3.23402750e-03 -2.68827879e-04 1.28299226e-03 -1.13278535e-03
-2.59087612e-02 3.22448911e-03 -1.89952643e-04 1.26157036e-03 -1.16245172e-03
-2.43388534e-02 3.20634556e-03 -1.12206919e-04 1.22950681e-03 -1.18477290e-03
-2.27688855e-02 3.17934698e-03 -3.63228682e-05 1.18697351e-03 -1.19930800e-03
-2.11988616e-02 3.14358393e-03 3.72080929e-05 1.13441570e-03 -1.20550660e-03
-1.96287853e-02 3.09950780e-03 1.08113074e-04 1.07256402e-03 -1.20269260e-03
-1.80586606e-02 3.04793107e-03 1.76295990e-04 1.00243864e-03 -1.19006225e-03
-1.64884914e-02 2.99000844e-03 2.41779181e-04 9.25345672e-04 -1.16669779e-03
-1.49182815e-02 2.92720121e-03 3.04632601e-04 8.42866295e-04 -1.13159722e-03
-1.33480349e-02 2.86122856e-03 3.64895867e-04 7.56839834e-04 -1.08371988e-03
-1.17777553e-02 2.79401013e-03 4.22499140e-04 6.69342001e-04 -1.02204667e-03
-1.02074466e-02 2.72760425e-03 4.77189009e-04 5.82659417e-04 -9.45652883e-04
-8.63711283e-03 2.66414591e-03 5.28465355e-04 4.99261187e-04 -8.53791012e-04
-7.06675773e-03 2.60578786e-03 5.75534510e-04 4.21767648e-04 -7.45980164e-04
-5.49638519e-03 2.55464690e-03 6.17283103e-04 3.52915662e-04 -6.22098216e-04
-3.92599911e-03 2.51275647e-03 6.52275797e-04 2.95519087e-04 -4.82472407e-04
-2.35560334e-03 2.48202516e-03 6.78778772e-04 2.52422430e-04 -3.27963673e-04
-7.85201758e-04 2.46420009e-03 6.94809434e-04 2.26445336e-04 -1.60039793e-04
7.85201758e-04 2.46083319e-03 6.98211452e-04 2.20315603e-04 1.91677202e-05
2.35560334e-03 2.47324826e-03 6.86752851e-04 2.36588894e-04 2.06828058e-04
3.92599911e-03 2.50250690e-03 6.58243672e-04 2.77554298e-04 3.99401733e-04
5.49638519e-03 2.54937189e-03 6.10668526e-04 3.45126314e-04 5.92661773e-04
7.06675773e-03 2.61426758e-03 5.42328319e-04 4.40725590e-04 7.81749150e-04
8.63711283e-03 2.69723801e-03 4.51984532e-04 5.65152726e-04 9.61265009e-04
1.02074466e-02 2.79790457e-03 3.38998683e-04 7.18461415e-04 1.12540084e-03
1.17777553e-02 2.91542622e-03 2.03459065e-04 8.99838935e-04 1.26810592e-03
1.33480349e-02 3.04846600e-03 4.62866364e-05 1.10750334e-03 1.38328935e-03
1.49182815e-02 3.19516828e-03 -1.30687962e-04 1.33862732e-03 1.46505151e-03
1.64884914e-02 3.35315094e-03 -3.24683693e-04 1.58929872e-03 1.50793756e-03
1.80586606e-02 3.51951681e-03 -5.31971063e-04 1.85452656e-03 1.50720317e-03
1.96287853e-02 3.69088725e-03 -7.47921397e-04 2.12829968e-03 1.45908046e-03
2.11988616e-02 3.86346029e-03 -9.67105923e-04 2.40370255e-03 1.36103082e-03
2.27688855e-02 4.03309389e-03 -1.18344448e-03 2.67308930e-03 1.21196996e-03
2.43388534e-02 4.19541349e-03 -1.39040061e-03 2.92831343e-03 1.01245088e-03
2.59087612e-02 4.34594153e-03 -1.58121664e-03 3.16100691e-03 7.64790842e-04
2.74786051e-02 4.48024493e-03 -1.74917937e-03 3.36289826e-03 4.73130489e-04
2.90483813e-02 4.59409547e-03 -1.88790406e-03 3.52615630e-03 1.43416042e-04
3.06180858e-02 4.68363654e-03 -1.99162270e-03 3.64374330e-03 -2.16701092e-04
3.21877148e-02 4.74554935e-03 -2.05546085e-03 3.70975960e-03 -5.98048600e-04
3.37572644e-02 4.77721081e-03 -2.07568754e-03 3.71976111e-03 -9.90198139e-04
3.53267308e-02 4.77683548e-03 -2.04992301e-03 3.67103146e-03 -1.38180279e-03
3.68961100e-02 4.74359393e-03 -1.97729162e-03 3.56279230e-03 -1.76099446e-03
3.84653983e-02 4.67770064e-03 -1.85850962e-03 3.39633755e-03 -2.11582465e-03
4.00345917e-02 4.58046520e-03 -1.69590134e-03 3.17508148e-03 -2.43472870e-03
4.16036863e-02 4.45430221e-03 -1.49334183e-03 2.90451417e-03 -2.70699160e-03
4.31726784e-02 4.30269635e-03 -1.25612812e-03 2.59206312e-03 -2.92319239e-03
4.47415640e-02 4.13012137e-03 -9.90785642e-04 2.24686440e-03 -3.07560498e-03
4.63103392e-02 3.94191351e-03 -7.04820321e-04 1.87945153e-03 -3.15853480e-03
4.78790003e-02 3.74410230e-03 -4.06429706e-04 1.50137493e-03 -3.16857390e-03
4.94475433e-02 3.54320393e-03 -1.04188454e-04 1.12476821e-03 -3.10476141e-03
5.10159643e-02 3.34598462e-03 1.93275559e-04 7.61880757e-04 -2.96864100e-03
5.25842595e-02 3.15920358e-03 4.77598606e-04 4.24597959e-04 -2.76421238e-03
5.41524250e-02 2.98934679e-03 7.40977398e-04 1.23971215e-04 -2.49777943e-03
5.57204570e-02 2.84236407e-03 9.76431850e-04 -1.30220303e-04 -2.17770254e-03
5.72883515e-02 2.72342262e-03 1.17802466e-03 -3.29855597e-04 -1.81406754e-03
5.88561048e-02 2.63668988e-03 1.34103104e-03 -4.68787303e-04 -1.41828734e-03
6.04237129e-02 2.58515781e-03 1.46205501e-03 -5.43071851e-04 -1.00265527e-03
6.19911720e-02 2.57051864e-03 1.53909149e-03 -5.51103556e-04 -5.79871093e-04
6.35584783e-02 2.59309995e-03 1.57153593e-03 -4.93646642e-04 -1.62561123e-04
6.51256278e-02 2.65186341e-03 1.56014522e-03 -3.73764184e-04 2.37186414e-04
6.66926166e-02 2.74446803e-03 1.50695486e-03 -1.96648183e-04 6.08251053e-04
6.82594410e-02 2.86739493e-03 1.41515865e-03 3.06400461e-05 9.40857441e-04
6.98260971e-02 3.01612684e-03 1.28895723e-03 2.99505434e-04 1.22688602e-03
7.13925810e-02 3.18537200e-03 1.13338229e-03 6.00213116e-04 1.46010628e-03
7.29588887e-02 3.36931961e-03 9.54102875e-04 9.22320417e-04 1.63632561e-03
7.45250166e-02 3.56191188e-03 7.57220396e-04 1.25512481e-03 1.75345097e-03
7.60909607e-02 3.75711710e-03 5.49058513e-04 1.58810540e-03 1.81146438e-03
7.76567171e-02 3.94918836e-03 3.35954086e-04 1.91133653e-03 1.81231701e-03
7.92222820e-02 4.13289395e-03 1.24055280e-04 2.21585402e-03 1.75975006e-03
8.07876515e-02 4.30370781e-03 -8.08671931e-05 2.49395823e-03 1.65905347e-03
8.23528218e-02 4.45795164e-03 -2.73589889e-04 2.73944186e-03 1.51677560e-03
8.39177890e-02 4.59288362e-03 -4.49582063e-04 2.94773548e-03 1.34039886e-03
8.54825493e-02 4.70673264e-03 -6.05121885e-04 3.11596856e-03 1.13799682e-03
8.70470987e-02 4.79868056e-03 -7.37379486e-04 3.24294866e-03 9.17888605e-04
8.86114334e-02 4.86879800e-03 -8.44464103e-04 3.32906597e-03 6.88305636e-04
9.01755497e-02 4.91794216e-03 -9.25434010e-04 3.37613393e-03 4.57084423e-04
9.17394435e-02 4.94762636e-03 -9.80269532e-04 3.38717977e-03 2.31397220e-04
9.33031111e-02 4.95987243e-03 -1.00981116e-03 3.36619994e-03 1.75299128e-05
9.48665486e-02 4.95705651e-03 -1.01566638e-03 3.31789661e-03 -1.79286188e-04
9.64297521e-02 4.94175841e-03 -1.00009038e-03 3.24741040e-03 -3.54984930e-04
9.79927178e-02 4.91662284e-03 -9.65846822e-04 3.16006313e-03 -5.06717432e-04
9.95554419e-02 4.88423897e-03 -9.16055934e-04 3.06112252e-03 -6.32847681e-04
1.01117920e-01 4.84704258e-03 -8.54037289e-04 2.95559757e-03 -7.32896068e-04
1.02680150e-01 4.80724282e-03 -7.83154780e-04 2.84807096e-03 -8.07437395e-04
1.04242126e-01 4.76677352e-03 -7.06670702e-04 2.74257166e-03 -8.57961538e-04
1.05803844e-01 4.72726732e-03 -6.27615067e-04 2.64248848e-03 -8.86706046e-04
1.07365302e-01 4.69004975e-03 -5.48675147e-04 2.55052308e-03 -8.96470558e-04
1.08926495e-01 4.65614941e-03 -4.72108960e-04 2.46867919e-03 -8.90422968e-04
1.10487420e-01 4.62632012e-03 -3.99685094e-04 2.39828364e-03 -8.71906952e-04
1.12048072e-01 4.60107106e-03 -3.32649895e-04 2.34003386e-03 -8.44259668e-04
1.13608448e-01 4.58070111e-03 -2.71721818e-04 2.29406645e-03 -8.10647393e-04
1.15168543e-01 4.56533429e-03 -2.17111599e-04 2.26004096e-03 -7.73925504e-04
1.16728355e-01 4.55495369e-03 -1.68565881e-04 2.23723347e-03 -7.36527689e-04
1.18287878e-01 4.54943240e-03 -1.25431133e-04 2.22463475e-03 -7.00387601e-04
1.19847110e-01 4.54855997e-03 -8.67339730e-05 2.22104807e-03 -6.66894449e-04
1.21406047e-01 4.55206433e-03 -5.12735312e-05 2.22518229e-03 -6.36882272e-04
1.22964684e-01 4.55962890e-03 -1.77211243e-05 2.23573635e-03 -6.10651033e-04
1.24523017e-01 4.57090543e-03 1.52776472e-05 2.25147188e-03 -5.88016181e-04
1.26081044e-01 4.58552326e-03 4.90032883e-05 2.27127114e-03 -5.68382080e-04
1.27638760e-01 4.60309580e-03 8.45700434e-05 2.29417883e-03 -5.50833765e-04
1.29196160e-01 4.62322512e-03 1.22845220e-04 2.31942650e-03 -5.34240832e-04
1.30753243e-01 4.64550582e-03 1.64384176e-04 2.34644005e-03 -5.17366980e-04
1.32310002e-01 4.66952885e-03 2.09384293e-04 2.37483121e-03 -4.98978753e-04
1.33866436e-01 4.69488644e-03 2.57660420e-04 2.40437547e-03 -4.77947378e-04
1.35422539e-01 4.72117863e-03 3.08643250e-04 2.43497949e-03 -4.53338249e-04
1.36978309e-01 4.74802216e-03 3.61400942e-04 2.46664189e-03 -4.24483548e-04
1.38533740e-01 4.77506186e-03 4.14683012e-04 2.49941168e-03 -3.91034617e-04
1.40088830e-01 4.80198457e-03 4.66984236e-04 2.53334885e-03 -3.52992037e-04
1.41643575e-01 4.82853505e-03 5.16625102e-04 2.56849095e-03 -3.10712789e-04
1.43197970e-01 4.85453311e-03 5.61844328e-04 2.60482895e-03 -2.64895251e-04
1.44752012e-01 4.87989047e-03 6.00898180e-04 2.64229459e-03 -2.16544108e-04
1.46305697e-01 4.90462576e-03 6.32160930e-04 2.68075970e-03 -1.66918316e-04
1.47859021e-01 4.92887563e-03 6.54220678e-04 2.72004693e-03 -1.17466041e-04
1.49411981e-01 4.95289999e-03 6.65965075e-04 2.75994954e-03 -6.97509929e-05
1.50964572e-01 4.97707937e-03 6.66652044e-04 2.80025688e-03 -2.53746383e-05
1.52516790e-01 5.00190294e-03 6.55961514e-04 2.84078150e-03 1.41013420e-05
1.54068633e-01 5.02794635e-03 6.34025225e-04 2.88138353e-03 4.72284413e-05
1.55620096e-01 5.05583921e-03 6.01432997e-04 2.92198830e-03 7.27372131e-05
1.57171175e-01 5.08622342e-03 5.59215140e-04 2.96259424e-03 8.95929869e-05
1.58721866e-01 5.11970423e-03 5.08802141e-04 3.00326909e-03 9.70394623e-05
1.60272166e-01 5.15679717e-03 4.51964015e-04 3.04413428e-03 9.46289326e-05
1.61822070e-01 5.19787478e-03 3.90732925e-04 3.08533893e-03 8.22385598e-05
1.63371576e-01 5.24311754e-03 3.27313545e-04 3.12702617e-03 6.00727359e-05
1.64920678e-01 5.29247363e-03 2.63986309e-04 3.16929596e-03 2.86521063e-05
1.66469374e-01 5.34563198e-03 2.03008922e-04 3.21216910e-03 -1.12097079e-05
1.68017660e-01 5.40201206e-03 1.46521435e-04 3.25555730e-03 -5.84402735e-05
1.69565531e-01 5.46077321e-03 9.64598080e-05 3.29924369e-03 -1.11751692e-04
1.71112983e-01 5.52084434e-03 5.44821630e-05 3.34287729e-03 -1.69691202e-04
1.72660014e-01 5.58097361e-03 2.19110734e-05 3.38598319e-03 -2.30696961e-04
1.74206619e-01 5.63979552e-03 -3.05834539e-07 3.42798874e-03 -2.93156806e-04
1.75752795e-01 5.69591146e-03 -1.16157954e-05 3.46826401e-03 -3.55467722e-04
1.77298536e-01 5.74797810e-03 -1.18613061e-05 3.50617283e-03 -4.16093702e-04
1.78843841e-01 5.79479714e-03 -1.26208677e-06 3.54112989e-03 -4.73619648e-04
1.80388705e-01 5.83539926e-03 1.96193315e-05 3.57265766e-03 -5.26799063e-04
1.81933124e-01 5.86911547e-03 4.99254755e-05 3.60043746e-03 -5.74593375e-04
1.83477094e-01 5.89562958e-03 8.85616971e-05 3.62434890e-03 -6.16201040e-04
1.85020611e-01 5.91500709e-03 1.34259879e-04 3.64449324e-03 -6.51074939e-04
1.86563673e-01 5.92769759e-03 1.85643979e-04 3.66119789e-03 -6.78927131e-04
1.88106274e-01 5.93450989e-03 2.41293442e-04 3.67500105e-03 -6.99720727e-04
1.89648411e-01 5.93656148e-03 2.99800906e-04 3.68661776e-03 -7.13649382e-04
1.91190081e-01 5.93520590e-03 3.59821226e-04 3.69689044e-03 -7.21105796e-04
1.92731279e-01 5.93194382e-03 4.20109665e-04 3.70672847e-03 -7.22641377e-04
1.94272002e-01 5.92832452e-03 4.79548008e-04 3.71704282e-03 -7.18920005e-04
1.95812245e-01 5.92584564e-03 5.37158405e-04 3.72868153e-03 -7.10669315e-04
1.97352006e-01 5.92585893e-03 5.92105709e-04 3.74237228e-03 -6.98633263e-04
1.98891280e-01 5.92948918e-03 6.43690067e-04 3.75867692e-03 -6.83529639e-04
2.00430064e-01 5.93757242e-03 6.91332243e-04 3.77796175e-03 -6.66015850e-04
2.01968353e-01 5.95061761e-03 7.34554716e-04 3.80038560e-03 -6.46665516e-04
2.03506144e-01 5.96879410e-03 7.72961826e-04 3.82590590e-03 -6.25957463e-04
2.05043433e-01 5.99194490e-03 8.06222127e-04 3.85430114e-03 -6.04277432e-04
2.06580217e-01 6.01962382e-03 8.34055658e-04 3.88520671e-03 -5.81931616e-04
2.08116491e-01 6.05115219e-03 8.56228141e-04 3.91815987e-03 -5.59169924e-04
2.09652252e-01 6.08569009e-03 8.72553125e-04 3.95264919e-03 -5.36215881e-04
2.11187496e-01 6.12231547e-03 8.82902060e-04 3.98816348e-03 -5.13299439e-04
2.12722219e-01 6.16010466e-03 8.87221217e-04 4.02423612e-03 -4.90688666e-04
2.14256418e-01 6.19820783e-03 8.85553424e-04 4.06048098e-03 -4.68716446e-04
2.15790088e-01 6.23591404e-03 8.78061896e-04 4.09661792e-03 -4.47798838e-04
2.17323226e-01 6.27270150e-03 8.65052995e-04 4.13248670e-03 -4.28442626e-04
2.18855828e-01 6.30827040e-03 8.46994678e-04 4.16804964e-03 -4.11240688e-04
2.20387890e-01 6.34255723e-03 8.24527673e-04 4.20338440e-03 -3.96855037e-04
2.21919408e-01 6.37573089e-03 7.98466969e-04 4.23866905e-03 -3.85988576e-04
2.23450380e-01 6.40817236e-03 7.69792057e-04 4.27416211e-03 -3.79347691e-04
2.24980800e-01 6.44044075e-03 7.39625312e-04 4.31018023e-03 -3.77598571e-04
2.26510666e-01 6.47322893e-03 7.09198937e-04 4.34707610e-03 -3.81320703e-04
2.28039973e-01 6.50731260e-03 6.79811834e-04 4.38521852e-03 -3.90961124e-04
2.29568717e-01 6.54349634e-03 6.52778591e-04 4.42497577e-03 -4.06792914e-04
2.31096895e-01 6.58256014e-03 6.29373352e-04 4.46670304e-03 -4.28881006e-04
2.32624504e-01 6.62520903e-03 6.10771699e-04 4.51073341e-03 -4.57057851e-04
2.34151539e-01 6.67202832e-03 5.97993827e-04 4.55737181e-03 -4.90910796e-04
2.35677996e-01 6.72344608e-03 5.91852224e-04 4.60689047e-03 -5.29782317e-04
2.37203872e-01 6.77970379e-03 5.92906867e-04 4.65952467e-03 -5.72783525e-04
2.38729163e-01 6.84083625e-03 6.01430628e-04 4.71546725e-03 -6.18820642e-04
2.40253865e-01 6.90666068e-03 6.17387151e-04 4.77486085e-03 -6.66633458e-04
2.41777975e-01 6.97677553e-03 6.40422950e-04 4.83778734e-03 -7.14844096e-04
2.43301489e-01 7.05056889e-03 6.69874849e-04 4.90425429e-03 -7.62013809e-04
2.44824402e-01 7.12723636e-03 7.04793148e-04 4.97417941e-03 -8.06705014e-04
2.46346712e-01 7.20580823e-03 7.43980071e-04 5.04737395e-03 -8.47545328e-04
2.47868414e-01 7.28518537e-03 7.86042155e-04 5.12352721e-03 -8.83290174e-04
2.49389505e-01 7.36418296e-03 8.29454329e-04 5.20219419e-03 -9.12880475e-04
2.50909981e-01 7.44158057e-03 8.72632561e-04 5.28278868e-03 -9.35492143e-04
2.52429838e-01 7.51617669e-03 9.14011275e-04 5.36458371e-03 -9.50574512e-04
2.53949073e-01 7.58684504e-03 9.52121151e-04 5.44672111e-03 -9.57875422e-04
2.55467681e-01 7.65258970e-03 9.85662761e-04 5.52823073e-03 -9.57451463e-04
2.56985659e-01 7.71259557e-03 1.01357147e-03 5.60805958e-03 -9.49662742e-04
2.58503004e-01 7.76627084e-03 1.03506951e-03 5.68510970e-03 -9.35152441e-04
2.60019711e-01 7.81327839e-03 1.04970171e-03 5.75828319e-03 -9.14812394e-04
2.61535776e-01 7.85355351e-03 1.05735270e-03 5.82653189e-03 -8.89736725e-04
2.63051197e-01 7.88730663e-03 1.05824418e-03 5.88890894e-03 -8.61166360e-04
2.64565969e-01 7.91501037e-03 1.05291279e-03 5.94461881e-03 -8.30427755e-04
2.66080089e-01 7.93737211e-03 1.04217018e-03 5.99306312e-03 -7.98869495e-04
2.67593552e-01 7.95529400e-03 1.02704842e-03 6.03387900e-03 -7.67800439e-04
2.69106356e-01 7.96982371e-03 1.00873474e-03 6.06696790e-03 -7.38432855e-04
2.70618495e-01 7.98209991e-03 9.88500579e-04 6.09251300e-03 -7.11833420e-04
2.72129968e-01 7.99329703e-03 9.67629967e-04 6.11098438e-03 -6.88884313e-04
2.73640769e-01 8.00457341e-03 9.47351965e-04 6.12313153e-03 -6.70255719e-04
2.75150895e-01 8.01702705e-03 9.28781456e-04 6.12996411e-03 -6.56390285e-04
2.76660343e-01 8.03166172e-03 9.12871316e-04 6.13272200e-03 -6.47499231e-04
2.78169109e-01 8.04936514e-03 9.00377873e-04 6.13283632e-03 -6.43569242e-04
2.79677188e-01 8.07089964e-03 8.91840216e-04 6.13188366e-03 -6.44378777e-04
2.81184578e-01 8.09690403e-03 8.87572707e-04 6.13153539e-03 -6.49522226e-04
2.82691274e-01 8.12790428e-03 8.87669056e-04 6.13350398e-03 -6.58440219e-04
2.84197274e-01 8.16432953e-03 8.92015628e-04 6.13948819e-03 -6.70454492e-04
2.85702572e-01 8.20652968e-03 9.00311349e-04 6.15111846e-03 -6.84805818e-04
2.87207166e-01 8.25479042e-03 9.12091635e-04 6.16990371e-03 -7.00693675e-04
2.88711051e-01 8.30934275e-03 9.26754169e-04 6.19718057e-03 -7.17316499e-04
2.90214224e-01 8.37036444e-03 9.43585023e-04 6.23406630e-03 -7.33911416e-04
2.91716682e-01 8.43797266e-03 9.61784425e-04 6.28141631e-03 -7.49792425e-04
2.93218420e-01 8.51220849e-03 9.80492288e-04 6.33978802e-03 -7.64385944e-04
2.94719436e-01 8.59301525e-03 9.98814357e-04 6.40941247e-03 -7.77262502e-04
2.96219724e-01 8.68021410e-03 1.01585023e-03 6.49017559e-03 -7.88163288e-04
2.97719282e-01 8.77348082e-03 1.03072472e-03 6.58161105e-03 -7.97020097e-04
2.99218105e-01 8.87232816e-03 1.04262358e-03 6.68290606e-03 -8.03967177e-04
3.00716191e-01 8.97609749e-03 1.05083430e-03 6.79292147e-03 -8.09343515e-04
3.02213535e-01 9.08396281e-03 1.05479127e-03 6.91022635e-03 -8.13684291e-04
3.03710134e-01 9.19494850e-03 1.05412402e-03 7.03314658e-03 -8.17700560e-04
3.05205983e-01 9.30796073e-03 1.04870559e-03 7.15982563e-03 -8.22246756e-04
3.06701080e-01 9.42183052e-03 1.03869741e-03 7.28829483e-03 -8.28276248e-04
3.08195421e-01 9.53536501e-03 1.02458618e-03 7.41654928e-03 -8.36785952e-04
3.09689002e-01 9.64740207e-03 1.00720789e-03 7.54262489e-03 -8.48751838e-04
3.11181819e-01 9.75686290e-03 9.87754233e-04 7.66467191e-03 -8.65057947e-04
3.12673868e-01 9.86279718e-03 9.67757643e-04 7.78102001e-03 -8.86422310e-04
3.14165146e-01 9.96441597e-03 9.49051803e-04 7.89023117e-03 -9.13323748e-04
3.15655650e-01 1.00611089e-02 9.33706614e-04 7.99113724e-03 -9.45933952e-04
3.17145375e-01 1.01524438e-02 9.23938140e-04 8.08286075e-03 -9.84059427e-04
3.18634318e-01 1.02381500e-02 9.21996225e-04 8.16481900e-03 -1.02709784e-03
3.20122475e-01 1.03180862e-02 9.30034412e-04 8.23671325e-03 -1.07401292e-03
3.21609843e-01 1.03921992e-02 9.49968642e-04 8.29850613e-03 -1.12333152e-03
3.23096417e-01 1.04604785e-02 9.83332606e-04 8.35039162e-03 -1.17316544e-03
3.24582195e-01 1.05229129e-02 1.03113863e-03 8.39276246e-03 -1.22125978e-03
3.26067172e-01 1.05794573e-02 1.09375331e-03 8.42617973e-03 -1.26506794e-03
3.27551345e-01 1.06300139e-02 1.17079699e-03 8.45134880e-03 -1.30185238e-03
3.29034710e-01 1.06744337e-02 1.26107536e-03 8.46910451e-03 -1.32880835e-03
3.30517264e-01 1.07125391e-02 1.36255002e-03 8.48040671e-03 -1.34320658e-03
3.31999003e-01 1.07441684e-02 1.47235336e-03 8.48634539e-03 -1.34254913e-03
3.33479923e-01 1.07692390e-02 1.58685062e-03 8.48815274e-03 -1.32473136e-03
3.34960021e-01 1.07878223e-02 1.70174989e-03 8.48721794e-03 -1.28820155e-03
3.36439292e-01 1.08002261e-02 1.81225809e-03 8.48509911e-03 -1.23210893e-03
3.37917734e-01 1.08070725e-02 1.91327840e-03 8.48352675e-03 -1.15643000e-03
3.39395342e-01 1.08093640e-02 1.99964188e-03 8.48439317e-03 -1.06206339e-03
3.40872114e-01 1.08085280e-02 2.06636388e-03 8.48972366e-03 -9.50883628e-04
3.42348044e-01 1.08064328e-02 2.10891309e-03 8.50162694e-03 -8.25745932e-04
3.43823131e-01 1.08053691e-02 2.12347968e-03 8.52222464e-03 -6.90435995e-04
3.45297369e-01 1.08079940e-02 2.10722753e-03 8.55356233e-03 -5.49561674e-04
3.46770756e-01 1.08172382e-02 2.05851496e-03 8.59750688e-03 -4.08387037e-04
3.48243288e-01 1.08361796e-02 1.97706860e-03 8.65563704e-03 -2.72613214e-04
3.49714961e-01 1.08678891e-02 1.86409677e-03 8.72913587e-03 -1.48114669e-04
3.51185772e-01 1.09152583e-02 1.72233055e-03 8.81869404e-03 -4.06435950e-05
3.52655716e-01 1.09808199e-02 1.55598477e-03 8.92443302e-03 4.44813446e-05
3.54124791e-01 1.10665721e-02 1.37063511e-03 9.04585585e-03 1.02683077e-04
3.55592992e-01 1.11738207e-02 1.17301306e-03 9.18183141e-03 1.30410710e-04
3.57060317e-01 1.13030486e-02 9.70725504e-04 9.33061524e-03 1.25380483e-04
3.58526760e-01 1.14538253e-02 7.71911639e-04 9.48990733e-03 8.67546397e-05
3.59992320e-01 1.16247621e-02 5.84854653e-04 9.65694406e-03 1.52430625e-05
3.61456992e-01 1.18135202e-02 4.17569802e-04 9.82861907e-03 -8.68827000e-05
3.62920772e-01 1.20168716e-02 2.77393226e-04 1.00016253e-02 -2.15867573e-04
3.64383658e-01 1.22308139e-02 1.70596931e-04 1.01726094e-02 -3.66641323e-04
3.65845645e-01 1.24507313e-02 1.02054608e-04 1.03383283e-02 -5.33068620e-04
3.67306729e-01 1.26715974e-02 7.49802468e-05 1.04957997e-02 -7.08266159e-04
3.68766908e-01 1.28882058e-02 9.07571175e-05 1.06424351e-02 -8.84967084e-04
3.70226177e-01 1.30954181e-02 1.48868774e-04 1.07761519e-02 -1.05590932e-03
3.71684534e-01 1.32884152e-02 2.46936880e-04 1.08954551e-02 -1.21422258e-03
3.73141973e-01 1.34629362e-02 3.80863311e-04 1.09994882e-02 -1.35378892e-03
3.74598493e-01 1.36154928e-02 5.45066832e-04 1.10880511e-02 -1.46955377e-03
3.76054088e-01 1.37435459e-02 7.32798243e-04 1.11615854e-02 -1.55776812e-03
3.77508756e-01 1.38456344e-02 9.36512751e-04 1.12211302e-02 -1.61614774e-03
3.78962493e-01 1.39214484e-02 1.14827488e-03 1.12682528e-02 -1.64394150e-03
3.80415296e-01 1.39718439e-02 1.36016977e-03 1.13049578e-02 -1.64190717e-03
3.81867160e-01 1.39987968e-02 1.56469499e-03 1.13335823e-02 -1.61219964e-03
3.83318083e-01 1.40053000e-02 1.75510974e-03 1.13566804e-02 -1.55818228e-03
3.84768060e-01 1.39952092e-02 1.92572180e-03 1.13769047e-02 -1.48417671e-03
3.86217089e-01 1.39730467e-02 2.07209804e-03 1.13968886e-02 -1.39516975e-03
3.87665165e-01 1.39437734e-02 2.19119043e-03 1.14191359e-02 -1.29649812e-03
3.89112285e-01 1.39125436e-02 2.28137514e-03 1.14459197e-02 -1.19353181e-03
3.90558445e-01 1.38844541e-02 2.34240882e-03 1.14791967e-02 -1.09137568e-03
3.92003642e-01 1.38643031e-02 2.37531098e-03 1.15205388e-02 -9.94606673e-04
3.93447872e-01 1.38563703e-02 2.38218582e-03 1.15710847e-02 -9.07060344e-04
3.94891132e-01 1.38642311e-02 2.36599963e-03 1.16315130e-02 -8.31676671e-04
3.96333418e-01 1.38906127e-02 2.33033163e-03 1.17020390e-02 -7.70410462e-04
3.97774727e-01 1.39372996e-02 2.27911608e-03 1.17824325e-02 -7.24207562e-04
3.99215055e-01 1.40050912e-02 2.21639270e-03 1.18720587e-02 -6.93043910e-04
4.00654398e-01 1.40938134e-02 2.14608024e-03 1.19699368e-02 -6.76020921e-04
4.02092753e-01 1.42023805e-02 2.07178533e-03 1.20748152e-02 -6.71507759e-04
4.03530117e-01 1.43289019e-02 1.99665524e-03 1.21852571e-02 -6.77318756e-04
4.04966485e-01 1.44708265e-02 1.92327979e-03 1.22997323e-02 -6.90912796e-04
4.06401855e-01 1.46251142e-02 1.85364378e-03 1.24167084e-02 -7.09600723e-04
4.07836222e-01 1.47884236e-02 1.78912798e-03 1.25347362e-02 -7.30746930e-04
4.09269584e-01 1.49573028e-02 1.73055361e-03 1.26525222e-02 -7.51952101e-04
4.10701936e-01 1.51283737e-02 1.67826270e-03 1.27689853e-02 -7.71205641e-04
4.12133276e-01 1.52984966e-02 1.63222449e-03 1.28832925e-02 -7.86998585e-04
4.13563599e-01 1.54649080e-02 1.59215719e-03 1.29948725e-02 -7.98390594e-04
4.14992902e-01 1.56253245e-02 1.55765356e-03 1.31034083e-02 -8.05027874e-04
4.16421181e-01 1.57780082e-02 1.52829917e-03 1.32088096e-02 -8.07112387e-04
4.17848434e-01 1.59217938e-02 1.50377334e-03 1.33111708e-02 -8.05326229e-04
4.19274656e-01 1.60560787e-02 1.48392425e-03 1.34107178e-02 -8.00718386e-04
4.20699844e-01 1.61807794e-02 1.46881221e-03 1.35077520e-02 -7.94563950e-04
4.22123995e-01 1.62962630e-02 1.45871771e-03 1.36025960e-02 -7.88208069e-04
4.23547105e-01 1.64032588e-02 1.45411398e-03 1.36955479e-02 -7.82908202e-04
4.24969170e-01 1.65027601e-02 1.45560690e-03 1.37868480e-02 -7.79688538e-04
4.26390187e-01 1.65959245e-02 1.46384801e-03 1.38766616e-02 -7.79219593e-04
4.27810152e-01 1.66839806e-02 1.47942909e-03 1.39650800e-02 -7.81734094e-04
4.29229063e-01 1.67681477e-02 1.50276873e-03 1.40521375e-02 -7.86987284e-04
4.30646915e-01 1.68495743e-02 1.53400240e-03 1.41378440e-02 -7.94266098e-04
4.32063705e-01 1.69292975e-02 1.57288786e-03 1.42222275e-02 -8.02447390e-04
4.33479429e-01 1.70082253e-02 1.61873688e-03 1.43053832e-02 -8.10100987e-04
4.34894084e-01 1.70871397e-02 1.67038229e-03 1.43875216e-02 -8.15629227e-04
4.36307667e-01 1.71667178e-02 1.72618676e-03 1.44690110e-02 -8.17431077e-04
4.37720174e-01 1.72475663e-02 1.78409607e-03 1.45504089e-02 -8.14076392e-04
4.39131601e-01 1.73302631e-02 1.84173580e-03 1.46324778e-02 -8.04474594e-04
4.40541946e-01 1.74154011e-02 1.89654650e-03 1.47161833e-02 -7.88022125e-04
4.41951203e-01 1.75036280e-02 1.94594830e-03 1.48026735e-02 -7.64714544e-04
4.43359371e-01 1.75956760e-02 1.98752330e-03 1.48932407e-02 -7.35211971e-04
4.44766446e-01 1.76923799e-02 2.01920157e-03 1.49892680e-02 -7.00850434e-04
4.46172424e-01 1.77946782e-02 2.03943578e-03 1.50921645e-02 -6.63596264e-04
4.47577301e-01 1.79035981e-02 2.04734973e-03 1.52032937e-02 -6.25945556e-04
4.48981074e-01 1.80202237e-02 2.04284764e-03 1.53239007e-02 -5.90775379e-04
4.50383741e-01 1.81456495e-02 2.02667403e-03 1.54550421e-02 -5.61157531e-04
4.51785296e-01 1.82809215e-02 2.00041771e-03 1.55975230e-02 -5.40148689e-04
4.53185738e-01 1.84269704e-02 1.96645746e-03 1.57518445e-02 -5.30572663e-04
4.54585061e-01 1.85845389e-02 1.92785194e-03 1.59181640e-02 -5.34810879e-04
4.55983264e-01 1.87541100e-02 1.88818007e-03 1.60962679e-02 -5.54616331e-04
4.57380342e-01 1.89358373e-02 1.85134213e-03 1.62855586e-02 -5.90964109e-04
4.58776292e-01 1.91294836e-02 1.82133404e-03 1.64850518e-02 -6.43948590e-04
4.60171111e-01 1.93343683e-02 1.80200933e-03 1.66933847e-02 -7.12733777e-04
4.61564795e-01 1.95493294e-02 1.79684355e-03 1.69088325e-02 -7.95559496e-04
4.62957340e-01 1.97727001e-02 1.80871530e-03 1.71293320e-02 -8.89802456e-04
4.64348744e-01 2.00023041e-02 1.83971699e-03 1.73525113e-02 -9.92087929e-04
4.65739003e-01 2.02354723e-02 1.89100604e-03 1.75757266e-02 -1.09844506e-03
4.67128113e-01 2.04690810e-02 1.96270485e-03 1.77961072e-02 -1.20449677e-03
4.68516071e-01 2.06996173e-02 2.05385510e-03 1.80106097e-02 -1.30567377e-03
4.69902874e-01 2.09232699e-02 2.16242907e-03 1.82160851e-02 -1.39744145e-03
4.71288518e-01 2.11360481e-02 2.28539766e-03 1.84093595e-02 -1.47552804e-03
4.72672999e-01 2.13339260e-02 2.41885225e-03 1.85873301e-02 -1.53614258e-03
4.74056315e-01 2.15130119e-02 2.55817507e-03 1.87470767e-02 -1.57617194e-03
4.75438462e-01 2.16697352e-02 2.69825015e-03 1.88859872e-02 -1.59334673e-03
4.76819436e-01 2.18010446e-02 2.83370523e-03 1.90018925e-02 -1.58636736e-03
4.78199234e-01 2.19046084e-02 2.95917310e-03 1.90932055e-02 -1.55498306e-03
4.79577853e-01 2.19790041e-02 3.06955922e-03 1.91590574e-02 -1.50001854e-03
4.80955289e-01 2.20238845e-02 3.16030200e-03 1.91994206e-02 -1.42334570e-03
4.82331539e-01 2.20401079e-02 3.22761118e-03 1.92152087e-02 -1.32780040e-03
4.83706600e-01 2.20298169e-02 3.26867054e-03 1.92083441e-02 -1.21704769e-03
4.85080468e-01 2.19964575e-02 3.28179248e-03 1.91817825e-02 -1.09540220e-03
4.86453139e-01 2.19447285e-02 3.26651409e-03 1.91394883e-02 -9.67613593e-04
4.87824611e-01 2.18804586e-02 3.22362790e-03 1.90863556e-02 -8.38629713e-04
4.89194880e-01 2.18104118e-02 3.15514436e-03 1.90280729e-02 -7.13352205e-04
4.90563942e-01 2.17420284e-02 3.06418783e-03 1.89709355e-02 -5.96399940e-04
4.91931794e-01 2.16831120e-02 2.95483232e-03 1.89216111e-02 -4.91895402e-04
4.93298434e-01 2.16414798e-02 2.83188760e-03 1.88868689e-02 -4.03287284e-04
4.94663856e-01 2.16245955e-02 2.70064985e-03 1.88732859e-02 -3.33219610e-04
4.96028059e-01 2.16392051e-02 2.56663319e-03 1.88869447e-02 -2.83453750e-04
4.97391039e-01 2.16909990e-02 2.43529944e-03 1.89331410e-02 -2.54845231e-04
4.98752791e-01 2.17843194e-02 2.31180327e-03 1.90161165e-02 -2.47372674e-04
5.00113314e-01 2.19219327e-02 2.20076758e-03 1.91388333e-02 -2.60212046e-04
5.01472604e-01 2.21048788e-02 2.10610124e-03 1.93028045e-02 -2.91846052e-04
5.02830656e-01 2.23324071e-02 2.03086731e-03 1.95079904e-02 -3.40196381e-04
5.04187469e-01 2.26020029e-02 1.97720532e-03 1.97527689e-02 -4.02765723e-04
5.05543038e-01 2.29095017e-02 1.94630682e-03 2.00339824e-02 -4.76777213e-04
5.06897361e-01 2.32492828e-02 1.93843922e-03 2.03470595e-02 -5.59301011e-04
5.08250433e-01 2.36145315e-02 1.95300973e-03 2.06862064e-02 -6.47360891e-04
5.09602252e-01 2.39975538e-02 1.98865901e-03 2.10446572e-02 -7.38017523e-04
5.10952815e-01 2.43901241e-02 2.04337348e-03 2.14149715e-02 -8.28429126e-04
5.12302117e-01 2.47838487e-02 2.11460562e-03 2.17893623e-02 -9.15893762e-04
5.13650155e-01 2.51705255e-02 2.19939362e-03 2.21600377e-02 -9.97880223e-04
5.14996927e-01 2.55424822e-02 2.29447411e-03 2.25195401e-02 -1.07205583e-03
5.16342429e-01 2.58928783e-02 2.39638505e-03 2.28610629e-02 -1.13631941e-03
5.17686658e-01 2.62159581e-02 2.50155853e-03 2.31787321e-02 -1.18884605e-03
5.19029610e-01 2.65072462e-02 2.60640619e-03 2.34678372e-02 -1.22814740e-03
5.20371281e-01 2.67636794e-02 2.70740113e-03 2.37250015e-02 -1.25314761e-03
5.21711670e-01 2.69836720e-02 2.80116140e-03 2.39482840e-02 -1.26327088e-03
5.23050772e-01 2.71671167e-02 2.88453931e-03 2.41372099e-02 -1.25853269e-03
5.24388584e-01 2.73153224e-02 2.95471968e-03 2.42927294e-02 -1.23962403e-03
5.25725102e-01 2.74308964e-02 3.00932806e-03 2.44171098e-02 -1.20797567e-03
5.27060325e-01 2.75175781e-02 3.04654688e-03 2.45137674e-02 -1.16578936e-03
5.28394247e-01 2.75800333e-02 3.06523538e-03 2.45870513e-02 -1.11602417e-03
5.29726866e-01 2.76236197e-02 3.06504571e-03 2.46419908e-02 -1.06232860e-03
5.31058179e-01 2.76541344e-02 3.04652613e-03 2.46840220e-02 -1.00891362e-03
5.32388182e-01 2.76775544e-02 3.01120036e-03 2.47187082e-02 -9.60366604e-04
5.33716872e-01 2.76997811e-02 2.96161194e-03 2.47514694e-02 -9.21411697e-04
5.35044246e-01 2.77263990e-02 2.90132337e-03 2.47873362e-02 -8.96627772e-04
5.36370301e-01 2.77624590e-02 2.83486128e-03 2.48307381e-02 -8.90139796e-04
5.37695032e-01 2.78122940e-02 2.76760225e-03 2.48853397e-02 -9.05303217e-04
5.39018438e-01 2.78793750e-02 2.70559698e-03 2.49539289e-02 -9.44403230e-04
5.40340514e-01 2.79662123e-02 2.65533518e-03 2.50383636e-02 -1.00839132e-03
5.41661258e-01 2.80743055e-02 2.62345714e-03 2.51395765e-02 -1.09668028e-03
5.42980666e-01 2.82041435e-02 2.61642250e-03 2.52576349e-02 -1.20701633e-03
5.44298735e-01 2.83552534e-02 2.64014996e-03 2.53918511e-02 -1.33544278e-03
5.45615461e-01 2.85262940e-02 2.69964475e-03 2.55409322e-02 -1.47636472e-03
5.46930842e-01 2.87151891e-02 2.79863308e-03 2.57031611e-02 -1.62271884e-03
5.48244874e-01 2.89192925e-02 2.93922405e-03 2.58765935e-02 -1.76624614e-03
5.49557555e-01 2.91355754e-02 3.12161985e-03 2.60592596e-02 -1.89785972e-03
5.50868879e-01 2.93608269e-02 3.34389495e-03 2.62493547e-02 -2.00809400e-03
5.52178845e-01 2.95918569e-02 3.60186302e-03 2.64454078e-02 -2.08761642e-03
5.53487450e-01 2.98256892e-02 3.88904778e-03 2.66464147e-02 -2.12777812e-03
5.54794689e-01 3.00597380e-02 4.19677007e-03 2.68519285e-02 -2.12117628e-03
5.56100561e-01 3.02919556e-02 4.51435844e-03 2.70620979e-02 -2.06219807e-03
5.57405060e-01 3.05209462e-02 4.82948484e-03 2.72776524e-02 -1.94751427e-03
5.58708186e-01 3.07460387e-02 5.12861997e-03 2.74998331e-02 -1.77649071e-03
5.60009933e-01 3.09673160e-02 5.39759603e-03 2.77302733e-02 -1.55148657e-03
5.61310299e-01 3.11855991e-02 5.62225689e-03 2.79708354e-02 -1.27801174e-03
5.62609281e-01 3.14023863e-02 5.78916868e-03 2.82234153e-02 -9.64720154e-04
5.63906875e-01 3.16197511e-02 5.88635715e-03 2.84897268e-02 -6.23222933e-04
5.65203079e-01 3.18402028e-02 5.90403283e-03 2.87710803e-02 -2.67713699e-04
5.66497889e-01 3.20665153e-02 5.83526156e-03 2.90681723e-02 8.55906735e-05
5.67791302e-01 3.23015329e-02 5.67653670e-03 2.93809009e-02 4.19178873e-04
5.69083314e-01 3.25479601e-02 5.42821113e-03 2.97082213e-02 7.15115684e-04
5.70373923e-01 3.28081462e-02 5.09475218e-03 3.00480556e-02 9.56013835e-04
5.71663126e-01 3.30838747e-02 4.68479053e-03 3.03972654e-02 1.12605547e-03
5.72950918e-01 3.33761685e-02 4.21094554e-03 3.07516939e-02 1.21200256e-03
5.74237298e-01 3.36851218e-02 3.68942268e-03 3.11062800e-02 1.20413040e-03
5.75522261e-01 3.40097717e-02 3.13939357e-03 3.14552419e-02 1.09701704e-03
5.76805805e-01 3.43480176e-02 2.58218446e-03 3.17923247e-02 8.90126103e-04
5.78087927e-01 3.46966011e-02 2.04031287e-03 3.21110993e-02 5.88129299e-04
5.79368623e-01 3.50511512e-02 1.53642422e-03 3.24053013e-02 2.00929394e-04
5.80647890e-01 3.54063033e-02 1.09218911e-03 3.26691902e-02 -2.56637133e-04
5.81925725e-01 3.57558905e-02 7.27226434e-04 3.28979104e-02 -7.65417226e-04
5.83202125e-01 3.60932081e-02 4.58117618e-04 3.30878335e-02 -1.30285460e-03
5.84477087e-01 3.64113408e-02 2.97572402e-04 3.32368600e-02 -1.84415314e-03
5.85750607e-01 3.67035417e-02 2.53797368e-04 3.33446608e-02 -2.36362359e-03
5.87022683e-01 3.69636437e-02 3.30104950e-04 3.34128381e-02 -2.83613055e-03
5.88293311e-01 3.71864798e-02 5.24784573e-04 3.34449923e-02 -3.23854581e-03
5.89562488e-01 3.73682850e-02 8.31239702e-04 3.34466818e-02 -3.55111045e-03
5.90830212e-01 3.75070517e-02 1.23837678e-03 3.34252709e-02 -3.75861171e-03
5.92096478e-01 3.76028081e-02 1.73121563e-03 3.33896666e-02 -3.85129216e-03
5.93361284e-01 3.76577941e-02 2.29167742e-03 3.33499524e-02 -3.82542655e-03
5.94624627e-01 3.76765148e-02 2.89949676e-03 3.33169341e-02 -3.68352538e-03
5.95886503e-01 3.76656570e-02 3.53319940e-03 3.33016221e-02 -3.43415087e-03
5.97146909e-01 3.76338648e-02 4.17108669e-03 3.33146752e-02 -3.09135926e-03
5.98405843e-01 3.75913815e-02 4.79217204e-03 3.33658425e-02 -2.67380974e-03
5.99663302e-01 3.75495719e-02 5.37702208e-03 3.34634341e-02 -2.20360430e-03
6.00919281e-01 3.75203538e-02 5.90846521e-03 3.36138584e-02 -1.70494020e-03
6.02173778e-01 3.75155701e-02 6.37214236e-03 3.38212549e-02 -1.20266917e-03
6.03426791e-01 3.75463430e-02 6.75688618e-03 3.40872495e-02 -7.20861188e-04
6.04678315e-01 3.76224524e-02 7.05492680e-03 3.44108507e-02 -2.81467847e-04
6.05928348e-01 3.77517799e-02 7.26193241e-03 3.47884951e-02 9.68299402e-05
6.07176887e-01 3.79398575e-02 7.37690092e-03 3.52142415e-02 3.99521179e-04
6.08423928e-01 3.81895518e-02 7.40192532e-03 3.56801009e-02 6.16863080e-04
6.09669468e-01 3.85009036e-02 7.34185889e-03 3.61764810e-02 7.44153845e-04
6.10913506e-01 3.88711359e-02 7.20390791e-03 3.66927149e-02 7.81679608e-04
6.12156036e-01 3.92948247e-02 6.99717908e-03 3.72176385e-02 7.34358184e-04
6.13397057e-01 3.97642216e-02 6.73220668e-03 3.77401776e-02 6.11122188e-04
6.14636565e-01 4.02697027e-02 6.42048133e-03 3.82499062e-02 4.24099602e-04
6.15874558e-01 4.08003126e-02 6.07399856e-03 3.87375416e-02 1.87659990e-04
6.17111031e-01 4.13443653e-02 5.70484129e-03 3.91953478e-02 -8.26011390e-05
6.18345983e-01 4.18900641e-02 5.32480654e-03 3.96174262e-02 -3.70868585e-04
6.19579410e-01 4.24261009e-02 4.94508364e-03 3.99998836e-02 -6.62039485e-04
6.20811308e-01 4.29421999e-02 4.57598773e-03 4.03408754e-02 -9.42526694e-04
6.22041676e-01 4.34295773e-02 4.22675042e-03 4.06405320e-02 -1.20089251e-03
6.23270509e-01 4.38812948e-02 3.90536696e-03 4.09007842e-02 -1.42828678e-03
6.24497806e-01 4.42924931e-02 3.61849763e-03 4.11251086e-02 -1.61867908e-03
6.25723562e-01 4.46605026e-02 3.37141922e-03 4.13182180e-02 -1.76888930e-03
6.26947776e-01 4.49848322e-02 3.16802163e-03 4.14857233e-02 -1.87843441e-03
6.28170443e-01 4.52670501e-02 3.01084283e-03 4.16337919e-02 -1.94921968e-03
6.29391561e-01 4.55105706e-02 2.90113537e-03 4.17688243e-02 -1.98511041e-03
6.30611126e-01 4.57203678e-02 2.83895677e-03 4.18971669e-02 -1.99142466e-03
6.31829137e-01 4.59026380e-02 2.82327667e-03 4.20248713e-02 -1.97438869e-03
6.33045589e-01 4.60644322e-02 2.85209375e-03 4.21575062e-02 -1.94059505e-03
6.34260480e-01 4.62132786e-02 2.92255669e-03 4.23000221e-02 -1.89649919e-03
6.35473807e-01 4.63568123e-02 3.03108447e-03 4.24566621e-02 -1.84798399e-03
6.36685567e-01 4.65024277e-02 3.17348324e-03 4.26309122e-02 -1.80001485e-03
6.37895757e-01 4.66569627e-02 3.34505827e-03 4.28254799e-02 -1.75639958e-03
6.39104373e-01 4.68264261e-02 3.54072161e-03 4.30422912e-02 -1.71965924e-03
6.40311414e-01 4.70157706e-02 3.75509727e-03 4.32824986e-02 -1.69100863e-03
6.41516875e-01 4.72287189e-02 3.98262689e-03 4.35464914e-02 -1.67043755e-03
6.42720754e-01 4.74676440e-02 4.21767914e-03 4.38339087e-02 -1.65687818e-03
6.43923048e-01 4.77335061e-02 4.45466585e-03 4.41436538e-02 -1.64843886e-03
6.45123754e-01 4.80258483e-02 4.68816623e-03 4.44739146e-02 -1.64268141e-03
6.46322869e-01 4.83428528e-02 4.91305911e-03 4.48221972e-02 -1.63691757e-03
6.47520390e-01 4.86814560e-02 5.12466019e-03 4.51853809e-02 -1.62850037e-03
6.48716314e-01 4.90375242e-02 5.31885903e-03 4.55598012e-02 -1.61508836e-03
6.49910639e-01 4.94060844e-02 5.49224839e-03 4.59413697e-02 -1.59486416e-03
6.51103360e-01 4.97816058e-02 5.64223642e-03 4.63257319e-02 -1.56669359e-03
6.52294476e-01 5.01583213e-02 5.76713234e-03 4.67084637e-02 -1.53021688e-03
6.53483983e-01 5.05305755e-02 5.86619608e-03 4.70852982e-02 -1.48586959e-03
6.54671879e-01 5.08931815e-02 5.93964461e-03 4.74523727e-02 -1.43483601e-03
6.55858160e-01 5.12417660e-02 5.98861016e-03 4.78064792e-02 -1.37894301e-03
6.57042824e-01 5.15730793e-02 6.01504925e-03 4.81452995e-02 -1.32050649e-03
6.58225867e-01 5.18852479e-02 6.02160548e-03 4.84676023e-02 -1.26214564e-03
6.59407287e-01 5.21779486e-02 6.01143336e-03 4.87733858e-02 -1.20658176e-03
6.60587080e-01 5.24524872e-02 5.98799404e-03 4.90639445e-02 -1.15643906e-03
6.61765245e-01 5.27117701e-02 5.95483708e-03 4.93418519e-02 -1.11406369e-03
6.62941778e-01 5.29601637e-02 5.91538425e-03 4.96108490e-02 -1.08137450e-03
6.64116675e-01 5.32032468e-02 5.87273166e-03 4.98756431e-02 -1.05975594e-03
6.65289935e-01 5.34474666e-02 5.82948555e-03 5.01416232e-02 -1.04999861e-03
6.66461554e-01 5.36997188e-02 5.78764415e-03 5.04145083e-02 -1.05228864e-03
6.67631530e-01 5.39668783e-02 5.74853396e-03 5.06999538e-02 -1.06624253e-03
6.68799859e-01 5.42553140e-02 5.71280393e-03 5.10031400e-02 -1.09098046e-03
6.69966538e-01 5.45704213e-02 5.68047564e-03 5.13283774e-02 -1.12522840e-03
6.71131566e-01 5.49162090e-02 5.65104244e-03 5.16787576e-02 -1.16743801e-03
6.72294938e-01 5.52949726e-02 5.62360669e-03 5.20558804e-02 -1.21591315e-03
6.73456652e-01 5.57070803e-02 5.59704106e-03 5.24596787e-02 -1.26893251e-03
6.74616706e-01 5.61508895e-02 5.57015868e-03 5.28883594e-02 -1.32485955e-03
6.75775095e-01 5.66228011e-02 5.54187732e-03 5.33384644e-02 -1.38223269e-03
6.76931818e-01 5.71174488e-02 5.51136413e-03 5.38050502e-02 -1.43983092e-03
6.78086872e-01 5.76280082e-02 5.47815032e-03 5.42819729e-02 -1.49671227e-03
6.79240254e-01 5.81466036e-02 5.44220871e-03 5.47622562e-02 -1.55222441e-03
6.80391960e-01 5.86647812e-02 5.40399044e-03 5.52385186e-02 -1.60598900e-03
6.81541988e-01 5.91740156e-02 5.36442112e-03 5.57034253e-02 -1.65786287e-03
6.82690336e-01 5.96662136e-02 5.32485972e-03 5.61501373e-02 -1.70788064e-03
6.83837000e-01 6.01341814e-02 5.28702617e-03 5.65727246e-02 -1.75618447e-03
6.84981977e-01 6.05720261e-02 5.25290547e-03 5.69665182e-02 -1.80294689e-03
6.86125265e-01 6.09754673e-02 5.22463675e-03 5.73283794e-02 -1.84829304e-03
6.87266861e-01 6.13420433e-02 5.20439577e-03 5.76568729e-02 -1.89222776e-03
6.88406763e-01 6.16712042e-02 5.19427820e-03 5.79523348e-02 -1.93457277e-03
6.89544966e-01 6.19642938e-02 5.19618957e-03 5.82168387e-02 -1.97491800e-03
6.90681469e-01 6.22244286e-02 5.21174595e-03 5.84540666e-02 -2.01259074e-03
6.91816268e-01 6.24562912e-02 5.24218751e-03 5.86691006e-02 -2.04664535e-03
6.92949362e-01 6.26658572e-02 5.28830614e-03 5.88681530e-02 -2.07587583e-03
6.94080746e-01 6.28600801e-02 5.35038744e-03 5.90582562e-02 -2.09885269e-03
6.95210419e-01 6.30465556e-02 5.42816750e-03 5.92469345e-02 -2.11398438e-03
6.96338377e-01 6.32331859e-02 5.52080556e-03 5.94418748e-02 -2.11960192e-03
6.97464618e-01 6.34278600e-02 5.62687447e-03 5.96506122e-02 -2.11406351e-03
6.98589139e-01 6.36381611e-02 5.74437149e-03 5.98802432e-02 -2.09587324e-03
6.99711937e-01 6.38711085e-02 5.87075229e-03 6.01371710e-02 -2.06380624e-03
7.00833010e-01 6.41329367e-02 6.00299032e-03 6.04268907e-02 -2.01703025e-03
7.01952354e-01 6.44289131e-02 6.13766250e-03 6.07538153e-02 -1.95521338e-03
7.03069967e-01 6.47631943e-02 6.27105968e-03 6.11211455e-02 -1.87860744e-03
7.04185846e-01 6.51387222e-02 6.39931827e-03 6.15307862e-02 -1.78809830e-03
7.05299989e-01 6.55571601e-02 6.51856635e-03 6.19833124e-02 -1.68521706e-03
7.06412392e-01 6.60188731e-02 6.62507575e-03 6.24779870e-02 -1.57210987e-03
7.07523053e-01 6.65229544e-02 6.71541012e-03 6.30128343e-02 -1.45146788e-03
7.08631969e-01 6.70673003e-02 6.78655893e-03 6.35847678e-02 -1.32642346e-03
7.09739137e-01 6.76487349e-02 6.83604820e-03 6.41897709e-02 -1.20042199e-03
7.10844555e-01 6.82631807e-02 6.86202128e-03 6.48231228e-02 -1.07708151e-03
7.11948220e-01 6.89058702e-02 6.86328618e-03 6.54796579e-02 -9.60053733e-04
7.13050130e-01 6.95715850e-02 6.83932975e-03 6.61540426e-02 -8.52899385e-04
7.14150280e-01 7.02549081e-02 6.79030294e-03 6.68410469e-02 -7.58989090e-04
7.15248670e-01 7.09504689e-02 6.71698476e-03 6.75357880e-02 -6.81436955e-04
7.16345296e-01 7.16531583e-02 6.62073474e-03 6.82339203e-02 -6.23069159e-04
7.17440155e-01 7.23582936e-02 6.50344425e-03 6.89317498e-02 -5.86424009e-04
7.18533244e-01 7.30617148e-02 6.36749599e-03 6.96262561e-02 -5.73774321e-04
7.19624562e-01 7.37597992e-02 6.21573787e-03 7.03150148e-02 -5.87158352e-04
7.20714105e-01 7.44493941e-02 6.05147317e-03 7.09960242e-02 -6.28402803e-04
7.21801870e-01 7.51276730e-02 5.87846396e-03 7.16674529e-02 -6.99121261e-04
7.22887856e-01 7.57919359e-02 5.70093950e-03 7.23273376e-02 -8.00674098e-04
7.23972059e-01 7.64393811e-02 5.52359767e-03 7.29732701e-02 -9.34081241e-04
7.25054476e-01 7.70668835e-02 5.35158500e-03 7.36021168e-02 -1.09988657e-03
7.26135105e-01 7.76708151e-02 5.19044104e-03 7.42098156e-02 -1.29798119e-03
7.27213943e-01 7.82469443e-02 5.04599531e-03 7.47912898e-02 -1.52740095e-03
7.28290988e-01 7.87904385e-02 4.92420943e-03 7.53405047e-02 -1.78612066e-03
7.29366237e-01 7.92959880e-02 4.83096357e-03 7.58506825e-02 -2.07087175e-03
7.30439687e-01 7.97580531e-02 4.77179337e-03 7.63146680e-02 -2.37701171e-03
7.31511336e-01 8.01712228e-02 4.75159070e-03 7.67254261e-02 -2.69847150e-03
7.32581181e-01 8.05306585e-02 4.77428783e-03 7.70766290e-02 -3.02780220e-03
7.33649219e-01 8.08325856e-02 4.84254944e-03 7.73632846e-02 -3.35633384e-03
7.34715448e-01 8.10747851e-02 4.95749928e-03 7.75823449e-02 -3.67444951e-03
7.35779864e-01 8.12570357e-02 5.11850853e-03 7.77332315e-02 -3.97196647e-03
7.36842467e-01 8.13814531e-02 5.32306997e-03 7.78182201e-02 -4.23860482e-03
7.37903252e-01 8.14526818e-02 5.56677725e-03 7.78426327e-02 -4.46451377e-03
7.38962217e-01 8.14779044e-02 5.84342081e-03 7.78148028e-02 -4.64081775e-03
7.40019360e-01 8.14666463e-02 6.14520319e-03 7.77457977e-02 -4.76013920e-03
7.41074678e-01 8.14303747e-02 6.46306643e-03 7.76489042e-02 -4.81705434e-03
7.42128168e-01 8.13819104e-02 6.78711423e-03 7.75389090e-02 -4.80844105e-03
7.43179828e-01 8.13346906e-02 7.10710284e-03 7.74312248e-02 -4.73368568e-03
7.44229655e-01 8.13019404e-02 7.41296766e-03 7.73409350e-02 -4.59472704e-03
7.45277647e-01 8.12958243e-02 7.69534817e-03 7.72818383e-02 -4.39592940e-03
7.46323801e-01 8.13266547e-02 7.94607327e-03 7.72655837e-02 -4.14379157e-03
7.47368114e-01 8.14022368e-02 8.15857124e-03 7.73009774e-02 -3.84651368e-03
7.48410585e-01 8.15274197e-02 8.32817454e-03 7.73935354e-02 -3.51345603e-03
7.49451209e-01 8.17039076e-02 8.45229756e-03 7.75453323e-02 -3.15453353e-03
7.50489985e-01 8.19303660e-02 8.53047574e-03 7.77551738e-02 -2.77959450e-03
7.51526911e-01 8.22028305e-02 8.56426499e-03 7.80190913e-02 -2.39783323e-03
7.52561982e-01 8.25153999e-02 8.55701097e-03 7.83311287e-02 -2.01728150e-03
7.53595199e-01 8.28611709e-02 8.51350674e-03 7.86843647e-02 -1.64441705e-03
7.54626556e-01 8.32333457e-02 8.43956519e-03 7.90720937e-02 -1.28391611e-03
7.55656053e-01 8.36264299e-02 8.34153725e-03 7.94890694e-02 -9.38564956e-04
7.56683685e-01 8.40374225e-02 8.22580959e-03 7.99327097e-02 -6.09332677e-04
7.57709452e-01 8.44668972e-02 8.09831538e-03 8.04041577e-02 -2.95595248e-04
7.58733350e-01 8.49198778e-02 7.96408930e-03 8.09091027e-02 4.50956974e-06
7.59755377e-01 8.54064199e-02 7.82689357e-03 8.14582784e-02 2.93624932e-04
7.60775531e-01 8.59418294e-02 7.68893634e-03 8.20675755e-02 5.74648902e-04
7.61793808e-01 8.65464713e-02 7.55069719e-03 8.27577314e-02 8.50175600e-04
7.62810206e-01 8.72451490e-02 7.41086799e-03 8.35535881e-02 1.12193890e-03
7.63824724e-01 8.80660609e-02 7.26641169e-03 8.44829355e-02 1.39029135e-03
7.64837357e-01 8.90393714e-02 7.11273592e-03 8.55749844e-02 1.65374710e-03
7.65848104e-01 9.01954527e-02 6.94397448e-03 8.68585374e-02 1.90861285e-03
7.66856963e-01 9.15628783e-02 6.75336668e-03 8.83599405e-02 2.14872667e-03
7.67863930e-01 9.31662601e-02 6.53372199e-03 9.01009156e-02 2.36532123e-03
7.68869004e-01 9.50240330e-02 6.27795541e-03 9.20963761e-02 2.54702492e-03
7.69872181e-01 9.71462932e-02 5.97967713e-03 9.43523356e-02 2.68001331e-03
7.70873460e-01 9.95327997e-02 5.63381683e-03 9.68640162e-02 2.74832138e-03
7.71872838e-01 1.02171244e-01 5.23726013e-03 9.96142602e-02 2.73432522e-03
7.72870312e-01 1.05035889e-01 4.78946986e-03 1.02572344e-01 2.61939814e-03
7.73865880e-01 1.08086677e-01 4.29306072e-03 1.05693283e-01 2.38474070e-03
7.74859540e-01 1.11268883e-01 3.75429108e-03 1.08917714e-01 2.01237542e-03
7.75851289e-01 1.14513405e-01 3.18343205e-03 1.12172413e-01 1.48628562e-03
7.76841124e-01 1.17737734e-01 2.59497240e-03 1.15371509e-01 7.93664385e-04
7.77829044e-01 1.20847662e-01 2.00761859e-03 1.18418431e-01 -7.37762092e-05
7.78815045e-01 1.23739744e-01 1.44405339e-03 1.21208571e-01 -1.11850063e-03
7.79799126e-01 1.26304493e-01 9.30424954e-04 1.23632675e-01 -2.33592950e-03
7.80781283e-01 1.28430287e-01 4.95550266e-04 1.25580869e-01 -3.71339351e-03
7.81761515e-01 1.30007883e-01 1.69833009e-04 1.26947255e-01 -5.22935763e-03
7.82739819e-01 1.30935432e-01 -1.60846189e-05 1.27634910e-01 -6.85301070e-03
7.83716193e-01 1.31123804e-01 -3.28951548e-05 1.27561132e-01 -8.54430670e-03
7.84690634e-01 1.30502024e-01 1.45639097e-04 1.26662695e-01 -1.02545268e-02
7.85663139e-01 1.29022550e-01 5.40873728e-04 1.24900861e-01 -1.19274060e-02
7.86633708e-01 1.26666102e-01 1.16749510e-03 1.22265868e-01 -1.35008337e-02
7.87602336e-01 1.23445729e-01 2.03187381e-03 1.18780591e-01 -1.49091029e-02
7.88569022e-01 1.19409807e-01 3.13068010e-03 1.14503087e-01 -1.60856356e-02
7.89533763e-01 1.14643656e-01 4.44987958e-03 1.09527747e-01 -1.69660772e-02
7.90496556e-01 1.09269532e-01 5.96421619e-03 1.03984834e-01 -1.74916092e-02
7.91457401e-01 1.03444801e-01 7.63726736e-03 9.80382443e-02 -1.76123054e-02
7.92416293e-01 9.73581943e-02 9.42212666e-03 9.18814310e-02 -1.72903308e-02
7.93373232e-01 9.12241598e-02 1.12627322e-02 8.57315048e-02 -1.65027804e-02
7.94328214e-01 8.52754222e-02 1.30958174e-02 7.98216734e-02 -1.52439593e-02
7.95281236e-01 7.97540182e-02 1.48534168e-02 7.43922707e-02 -1.35269285e-02
7.96232298e-01 7.49011668e-02 1.64658188e-02 6.96807479e-02 -1.13841755e-02
7.97181396e-01 7.09464517e-02 1.78648186e-02 6.59110897e-02 -8.86731882e-03
7.98128528e-01 6.80968689e-02 1.89870970e-02 6.32831918e-02 -6.04580681e-03
7.99073691e-01 6.65263425e-02 1.97775297e-02 6.19627755e-02 -3.00463796e-03
8.00016884e-01 6.63663222e-02 2.01922291e-02 6.20724244e-02 1.58812631e-04
8.00958104e-01 6.76980460e-02 2.02011250e-02 6.36842943e-02 3.33871537e-03
8.01897349e-01 7.05469799e-02 1.97899133e-02 6.68149760e-02 6.42526201e-03
8.02834616e-01 7.48798342e-02 1.89612391e-02 7.14228868e-02 9.30946134e-03
8.03769903e-01 8.06044137e-02 1.77350198e-02 7.74084251e-02 1.18879970e-02
8.04703207e-01 8.75723918e-02 1.61478741e-02 8.46169655e-02 1.40678817e-02
8.05634528e-01 9.55849177e-02 1.42516728e-02 9.28445989e-02 1.57706521e-02
8.06563861e-01 1.04400791e-01 1.21112892e-02 1.01846356e-01 1.69358760e-02
8.07491206e-01 1.13746779e-01 9.80167327e-03 1.11346491e-01 1.75237822e-02
8.08416559e-01 1.23329506e-01 7.40441985e-03 1.21050291e-01 1.75168818e-02
8.09339918e-01 1.32848277e-01 5.00402892e-03 1.30656751e-01 1.69205055e-02
8.10261281e-01 1.42008106e-01 2.68407311e-03 1.39871455e-01 1.57622488e-02
8.11180646e-01 1.50532270e-01 5.23487586e-04 1.48418953e-01 1.40903815e-02
8.12098011e-01 1.58173710e-01 -1.40681589e-03 1.56054004e-01 1.19713306e-02
8.13013373e-01 1.64724707e-01 -3.04683636e-03 1.62571112e-01 9.48639884e-03
8.13926729e-01 1.70024400e-01 -4.34973511e-03 1.67811920e-01 6.72791321e-03
8.14838079e-01 1.73963817e-01 -5.28335838e-03 1.71670165e-01 3.79502068e-03
8.15747419e-01 1.76488293e-01 -5.83098638e-03 1.74094021e-01 7.89357169e-04
8.16654747e-01 1.77597261e-01 -5.99131112e-03 1.75085861e-01 -2.18919100e-03
8.17560061e-01 1.77341589e-01 -5.77769023e-03 1.74699567e-01 -5.04643150e-03
8.18463359e-01 1.75818736e-01 -5.21676126e-03 1.73035672e-01 -7.69734235e-03
8.19364639e-01 1.73166114e-01 -4.34653112e-03 1.70234707e-01 -1.00689423e-02
8.20263897e-01 1.69553112e-01 -3.21407495e-03 1.66469206e-01 -1.21024580e-02
8.21161133e-01 1.65172274e-01 -1.87298894e-03 1.61934854e-01 -1.37547329e-02
8.22056344e-01 1.60230120e-01 -3.80741908e-04 1.56841268e-01 -1.49988666e-02
8.22949527e-01 1.54938091e-01 1.20393778e-03 1.51402893e-01 -1.58241121e-02
8.23840681e-01 1.49504033e-01 2.82351849e-03 1.45830419e-01 -1.62350924e-02
8.24729804e-01 1.44124558e-01 4.42386380e-03 1.40323087e-01 -1.62504284e-02
8.25616892e-01 1.38978566e-01 5.95609532e-03 1.35062137e-01 -1.59008883e-02
8.26501944e-01 1.34222082e-01 7.37806685e-03 1.30205593e-01 -1.52271843e-02
8.27384958e-01 1.29984526e-01 8.65542042e-03 1.25884475e-01 -1.42775443e-02
8.28265931e-01 1.26366407e-01 9.76221730e-03 1.22200457e-01 -1.31051902e-02
8.29144862e-01 1.23438400e-01 1.06811564e-02 1.19224920e-01 -1.17658403e-02
8.30021748e-01 1.21241688e-01 1.14034085e-02 1.16999286e-01 -1.03153462e-02
8.30896587e-01 1.19789424e-01 1.19281091e-02 1.15536490e-01 -8.80755498e-03
8.31769377e-01 1.19069139e-01 1.22615606e-02 1.14823409e-01 -7.29246972e-03
8.32640115e-01 1.19045881e-01 1.24162040e-02 1.14824041e-01 -5.81476030e-03
8.33508800e-01 1.19665912e-01 1.24094239e-02 1.15483253e-01 -4.41265580e-03
8.34375430e-01 1.20860741e-01 1.22622507e-02 1.16730870e-01 -3.11722872e-03
8.35240002e-01 1.22551315e-01 1.19980288e-02 1.18485939e-01 -1.95206229e-03
8.36102514e-01 1.24652198e-01 1.16411099e-02 1.20660972e-01 -9.33274960e-04
8.36962964e-01 1.27075562e-01 1.12156331e-02 1.23166015e-01 -6.98621888e-05
8.37821349e-01 1.29734881e-01 1.07444407e-02 1.25912413e-01 6.35695025e-04
8.38677669e-01 1.32548187e-01 1.02481738e-02 1.28816133e-01 1.18661252e-03
8.39531921e-01 1.35440814e-01 9.74457942e-03 1.31800574e-01 1.59083737e-03
8.40384102e-01 1.38347551e-01 9.24804908e-03 1.34798768e-01 1.85999573e-03
8.41234210e-01 1.41214162e-01 8.76939724e-03 1.37754946e-01 2.00831278e-03
8.42082244e-01 1.43998257e-01 8.31587361e-03 1.40625427e-01 2.05155898e-03
8.42928201e-01 1.46669497e-01 7.89139135e-03 1.43378841e-01 2.00606986e-03
8.43772079e-01 1.49209195e-01 7.49694148e-03 1.45995715e-01 1.88787902e-03
8.44613877e-01 1.51609340e-01 7.13115327e-03 1.48467473e-01 1.71199517e-03
8.45453591e-01 1.53871146e-01 6.79095346e-03 1.50794947e-01 1.49184464e-03
8.46291221e-01 1.56003221e-01 6.47227209e-03 1.52986494e-01 1.23889106e-03
8.47126763e-01 1.58019496e-01 6.17074184e-03 1.55055866e-01 9.62433973e-04
8.47960216e-01 1.59937027e-01 5.88234064e-03 1.57019958e-01 6.69578749e-04
8.48791578e-01 1.61773842e-01 5.60393311e-03 1.58896601e-01 3.65361266e-04
8.49620847e-01 1.63546944e-01 5.33367631e-03 1.60702529e-01 5.30030251e-05
8.50448020e-01 1.65270609e-01 5.07126677e-03 1.62451661e-01 -2.65733597e-04
8.51273096e-01 1.66955067e-01 4.81801931e-03 1.64153780e-01 -5.90124506e-04
8.52096073e-01 1.68605641e-01 4.57678149e-03 1.65813702e-01 -9.20033959e-04
8.52916948e-01 1.70222381e-01 4.35170033e-03 1.67430959e-01 -1.25547181e-03
8.53735720e-01 1.71800188e-01 4.14786860e-03 1.68999992e-01 -1.59619167e-03
8.54552386e-01 1.73329396e-01 3.97088601e-03 1.70510808e-01 -1.94135930e-03
8.55366945e-01 1.74796747e-01 3.82637523e-03 1.71950045e-01 -2.28931427e-03
8.56179395e-01 1.76186656e-01 3.71949423e-03 1.73302314e-01 -2.63744029e-03
8.56989732e-01 1.77482674e-01 3.65448407e-03 1.74551726e-01 -2.98215117e-03
8.57797957e-01 1.78669001e-01 3.63428679e-03 1.75683447e-01 -3.31899000e-03
8.58604066e-01 1.79731942e-01 3.66026046e-03 1.76685169e-01 -3.64283069e-03
8.59408057e-01 1.80661195e-01 3.73200979e-03 1.77548370e-01 -3.94816218e-03
8.60209930e-01 1.81450851e-01 3.84734108e-03 1.78269267e-01 -4.22942931e-03
8.61009680e-01 1.82100065e-01 4.00234031e-03 1.78849388e-01 -4.48139926e-03
8.61807307e-01 1.82613331e-01 4.19156437e-03 1.79295740e-01 -4.69952035e-03
8.62602809e-01 1.83000375e-01 4.40832742e-03 1.79620557e-01 -4.88024055e-03
8.63396184e-01 1.83275671e-01 4.64505884e-03 1.79840683e-01 -5.02125671e-03
8.64187429e-01 1.83457656e-01 4.89370499e-03 1.79976641e-01 -5.12167159e-03
8.64976543e-01 1.83567703e-01 5.14614620e-03 1.80051483e-01 -5.18204427e-03
8.65763524e-01 1.83628956e-01 5.39460068e-03 1.80089518e-01 -5.20432900e-03
8.66548370e-01 1.83665120e-01 5.63199009e-03 1.80115039e-01 -5.19170762e-03
8.67331079e-01 1.83699294e-01 5.85224570e-03 1.80151121e-01 -5.14833019e-03
8.68111648e-01 1.83752945e-01 6.05053927e-03 1.80218608e-01 -5.07898641e-03
8.68890077e-01 1.83845075e-01 6.22342841e-03 1.80335324e-01 -4.98873651e-03
8.69666363e-01 1.83991636e-01 6.36891224e-03 1.80515581e-01 -4.88253325e-03
8.70440504e-01 1.84205218e-01 6.48639838e-03 1.80769972e-01 -4.76486744e-03
8.71212499e-01 1.84494999e-01 6.57658758e-03 1.81105463e-01 -4.63946667e-03
8.71982345e-01 1.84866953e-01 6.64128664e-03 1.81525740e-01 -4.50907210e-03
8.72750041e-01 1.85324255e-01 6.68316401e-03 1.82031758e-01 -4.37531086e-03
8.73515584e-01 1.85867835e-01 6.70546546e-03 1.82622431e-01 -4.23867298e-03
8.74278973e-01 1.86497020e-01 6.71170922e-03 1.83295380e-01 -4.09859245e-03
8.75040206e-01 1.87210177e-01 6.70538086e-03 1.84047665e-01 -3.95362279e-03
8.75799281e-01 1.88005300e-01 6.68964788e-03 1.84876431e-01 -3.80168934e-03
8.76556196e-01 1.88880482e-01 6.66711223e-03 1.85779392e-01 -3.64039447e-03
8.77310949e-01 1.89834225e-01 6.63961607e-03 1.86755133e-01 -3.46734774e-03
8.78063539e-01 1.90865569e-01 6.60811194e-03 1.87803194e-01 -3.28049243e-03
8.78813963e-01 1.91974039e-01 6.57260357e-03 1.88923951e-01 -3.07840144e-03
8.79562220e-01 1.93159429e-01 6.53215849e-03 1.90118315e-01 -2.86052006e-03
8.80308308e-01 1.94421468e-01 6.48498857e-03 1.91387293e-01 -2.62733930e-03
8.81052225e-01 1.95759410e-01 6.42859029e-03 1.92731478e-01 -2.38049096e-03
8.81793969e-01 1.97171612e-01 6.35993330e-03 1.94150534e-01 -2.12276276e-03
8.82533538e-01 1.98655160e-01 6.27568360e-03 1.95642720e-01 -1.85803893e-03
8.83270931e-01 2.00205581e-01 6.17244693e-03 1.97204543e-01 -1.59117674e-03
8.84006145e-01 2.01816698e-01 6.04701788e-03 1.98830545e-01 -1.32783244e-03
8.84739180e-01 2.03480631e-01 5.89662169e-03 2.00513272e-01 -1.07425177e-03
8.85470032e-01 2.05187957e-01 5.71913687e-03 2.02243430e-01 -8.37039088e-04
8.86198701e-01 2.06928031e-01 5.51328910e-03 2.04010200e-01 -6.22917233e-04
8.86925184e-01 2.08689411e-01 5.27880849e-03 2.05801698e-01 -4.38487345e-04
8.87649480e-01 2.10460380e-01 5.01654453e-03 2.07605539e-01 -2.89994951e-04
8.88371587e-01 2.12229504e-01 4.72853422e-03 2.09409438e-01 -1.83106163e-04
8.89091503e-01 2.13986172e-01 4.41802069e-03 2.11201826e-01 -1.22696367e-04
8.89809227e-01 2.15721092e-01 4.08942055e-03 2.12972392e-01 -1.12653449e-04
8.90524756e-01 2.17426678e-01 3.74823936e-03 2.14712544e-01 -1.55698306e-04
8.91238089e-01 2.19097316e-01 3.40093601e-03 2.16415730e-01 -2.53226904e-04
8.91949223e-01 2.20729485e-01 3.05473812e-03 2.18077599e-01 -4.05180061e-04
8.92658159e-01 2.22321725e-01 2.71741234e-03 2.19696017e-01 -6.09948952e-04
8.93364892e-01 2.23874469e-01 2.39699588e-03 2.21270914e-01 -8.64325574e-04
8.94069423e-01 2.25389755e-01 2.10149782e-03 2.22804007e-01 -1.16350772e-03
8.94771748e-01 2.26870849e-01 1.83858155e-03 2.24298418e-01 -1.50116701e-03
8.95471867e-01 2.28321811e-01 1.61524205e-03 2.25758222e-01 -1.86958621e-03
8.96169778e-01 2.29747057e-01 1.43749397e-03 2.27187977e-01 -2.25986826e-03
8.96865478e-01 2.31150921e-01 1.31008755e-03 2.28592252e-01 -2.66221451e-03
8.97558967e-01 2.32537288e-01 1.23626970e-03 2.29975217e-01 -3.06626417e-03
8.98250242e-01 2.33909284e-01 1.21760693e-03 2.31340295e-01 -3.46148079e-03
8.98939302e-01 2.35269070e-01 1.25388417e-03 2.32689918e-01 -3.83756661e-03
8.99626145e-01 2.36617730e-01 1.34309038e-03 2.34025388e-01 -4.18488108e-03
9.00310769e-01 2.37955263e-01 1.48149688e-03 2.35346859e-01 -4.49483753e-03
9.00993173e-01 2.39280673e-01 1.66382880e-03 2.36653420e-01 -4.76025176e-03
9.01673355e-01 2.40592143e-01 1.88352384e-03 2.37943288e-01 -4.97561841e-03
9.02351313e-01 2.41887279e-01 2.13306589e-03 2.39214081e-01 -5.13729515e-03
9.03027046e-01 2.43163407e-01 2.40437499e-03 2.40463155e-01 -5.24358121e-03
9.03700552e-01 2.44417892e-01 2.68923012e-03 2.41687981e-01 -5.29468395e-03
9.04371830e-01 2.45648465e-01 2.97969721e-03 2.42886517e-01 -5.29257532e-03
9.05040876e-01 2.46853528e-01 3.26853319e-03 2.44057572e-01 -5.24074775e-03
9.05707691e-01 2.48032419e-01 3.54953730e-03 2.45201109e-01 -5.14388621e-03
9.06372273e-01 2.49185612e-01 3.81782363e-03 2.46318466e-01 -5.00747866e-03
9.07034619e-01 2.50314841e-01 4.06999382e-03 2.47412494e-01 -4.83739141e-03
9.07694728e-01 2.51423145e-01 4.30419593e-03 2.48487567e-01 -4.63943781e-03
9.08352599e-01 2.52514814e-01 4.52006337e-03 2.49549491e-01 -4.41896883e-03
9.09008229e-01 2.53595256e-01 4.71853703e-03 2.50605293e-01 -4.18051217e-03
9.09661618e-01 2.54670780e-01 4.90158215e-03 2.51662908e-01 -3.92748310e-03
9.10312763e-01 2.55748314e-01 5.07182002e-03 2.52730787e-01 -3.66198447e-03
9.10961663e-01 2.56835062e-01 5.23210080e-03 2.53817441e-01 -3.38470769e-03
9.11608317e-01 2.57938139e-01 5.38504885e-03 2.54930951e-01 -3.09493917e-03
9.12252723e-01 2.59064178e-01 5.53261414e-03 2.56078481e-01 -2.79066996e-03
9.12894879e-01 2.60218951e-01 5.67566333e-03 2.57265814e-01 -2.46879996e-03
9.13534783e-01 2.61407028e-01 5.81364162e-03 2.58496956e-01 -2.12542277e-03
9.14172435e-01 2.62631480e-01 5.94433144e-03 2.59773831e-01 -1.75617291e-03
9.14807832e-01 2.63893675e-01 6.06372751e-03 2.61096098e-01 -1.35661478e-03
9.15440973e-01 2.65193170e-01 6.16604024e-03 2.62461113e-01 -9.22651484e-04
9.16071856e-01 2.66527726e-01 6.24383042e-03 2.63864057e-01 -4.50932093e-04
9.16700480e-01 2.67893455e-01 6.28827059e-03 2.65298218e-01 6.07623504e-05
9.17326844e-01 2.69285113e-01 6.28952032e-03 2.66755452e-01 6.13171156e-04
9.17950945e-01 2.70696515e-01 6.23719643e-03 2.68226784e-01 1.20525816e-03
9.18572782e-01 2.72121083e-01 6.12091406e-03 2.69703135e-01 1.83397754e-03
9.19192354e-01 2.73552491e-01 5.93087106e-03 2.71176141e-01 2.49410728e-03
9.19809659e-01 2.74985369e-01 5.65844579e-03 2.72639011e-01 3.17815305e-03
9.20424696e-01 2.76416051e-01 5.29677858e-03 2.74087387e-01 3.87632283e-03
9.21037462e-01 2.77843294e-01 4.84130725e-03 2.75520139e-01 4.57657136e-03
9.21647958e-01 2.79268947e-01 4.29022988e-03 2.76940049e-01 5.26471302e-03
9.22256180e-01 2.80698494e-01 3.64487102e-03 2.78354330e-01 5.92460298e-03
9.22862128e-01 2.82141450e-01 2.90993184e-03 2.79774927e-01 6.53838769e-03
9.23465800e-01 2.83611545e-01 2.09360990e-03 2.81218568e-01 7.08682794e-03
9.24067195e-01 2.85126680e-01 1.20757983e-03 2.82706529e-01 7.54969897e-03
9.24666310e-01 2.86708606e-01 2.66831882e-04 2.84264102e-01 7.90627315e-03
9.25263146e-01 2.88382337e-01 -7.10628188e-04 2.85919759e-01 8.13588997e-03
9.25857699e-01 2.90175276e-01 -1.70420900e-03 2.87704042e-01 8.21861554e-03
9.26449969e-01 2.92116090e-01 -2.69127836e-03 2.89648182e-01 8.13598943e-03
9.27039955e-01 2.94233354e-01 -3.64780319e-03 2.91782534e-01 7.87185002e-03
9.27627654e-01 2.96554013e-01 -4.54906021e-03 2.94134863e-01 7.41322058e-03
9.28213065e-01 2.99101735e-01 -5.37038977e-03 2.96728562e-01 6.75122866e-03
9.28796187e-01 3.01895213e-01 -6.08796284e-03 2.99580901e-01 5.88202024e-03
9.29377019e-01 3.04946514e-01 -6.67953051e-03 3.02701385e-01 4.80761962e-03
9.29955559e-01 3.08259546e-01 -7.12512664e-03 3.06090308e-01 3.53667750e-03
9.30531805e-01 3.11828742e-01 -7.40769653e-03 3.09737608e-01 2.08504382e-03
9.31105757e-01 3.15638038e-01 -7.51362953e-03 3.13622073e-01 4.76100562e-04
9.31677412e-01 3.19660216e-01 -7.43317858e-03 3.17710991e-01 -1.25920596e-03
9.32246769e-01 3.23856685e-01 -7.16075663e-03 3.21960266e-01 -3.08268425e-03
9.32813828e-01 3.28177742e-01 -6.69510655e-03 3.26315042e-01 -4.94960272e-03
9.33378586e-01 3.32563342e-01 -6.03934761e-03 3.30710842e-01 -6.80979442e-03
9.33941042e-01 3.36944389e-01 -5.20090758e-03 3.35075196e-01 -8.60914955e-03
9.34501195e-01 3.41244537e-01 -4.19135346e-03 3.39329730e-01 -1.02914564e-02
9.35059043e-01 3.45382458e-01 -3.02613694e-03 3.43392649e-01 -1.18005233e-02
9.35614585e-01 3.49274515e-01 -1.72427144e-03 3.47181538e-01 -1.30824893e-02
9.36167820e-01 3.52837766e-01 -3.07956304e-04 3.50616374e-01 -1.40882081e-02
9.36718746e-01 3.55993166e-01 1.19783847e-03 3.53622645e-01 -1.47755773e-02
9.37267362e-01 3.58668870e-01 2.76581819e-03 3.56134440e-01 -1.51116772e-02
9.37813667e-01 3.60803466e-01 4.36683560e-03 3.58097384e-01 -1.50745852e-02
9.38357658e-01 3.62349011e-01 5.97038951e-03 3.59471293e-01 -1.46547489e-02
9.38899336e-01 3.63273705e-01 7.54515380e-03 3.60232402e-01 -1.38558177e-02
9.39438698e-01 3.63564061e-01 9.05954265e-03 3.60375083e-01 -1.26948679e-02
9.39975743e-01 3.63226454e-01 1.04823175e-02 3.59912927e-01 -1.12019902e-02
9.40510470e-01 3.62287924e-01 1.17832380e-02 3.58879135e-01 -9.41924779e-03
9.41042878e-01 3.60796173e-01 1.29337554e-02 3.57326164e-01 -7.39905447e-03
9.41572965e-01 3.58818721e-01 1.39077363e-02 3.55324619e-01 -5.20205539e-03
9.42100730e-01 3.56441208e-01 1.46822024e-02 3.52961400e-01 -2.89462586e-03
9.42626171e-01 3.53764901e-01 1.52380580e-02 3.50337173e-01 -5.46123876e-04
9.43149288e-01 3.50903489e-01 1.55607746e-02 3.47563230e-01 1.77395526e-03
9.43670079e-01 3.47979294e-01 1.56409967e-02 3.44757875e-01 3.99877140e-03
9.44188542e-01 3.45119051e-01 1.54750293e-02 3.42042463e-01 6.06673645e-03
9.44704677e-01 3.42449452e-01 1.50651720e-02 3.39537266e-01 7.92378927e-03
9.45218483e-01 3.40092645e-01 1.44198677e-02 3.37357337e-01 9.52524590e-03
9.45729957e-01 3.38161896e-01 1.35536418e-02 3.35608543e-01 1.08371517e-02
9.46239099e-01 3.36757603e-01 1.24868188e-02 3.34383958e-01 1.18370929e-02
9.46745907e-01 3.35963854e-01 1.12450151e-02 3.33760746e-01 1.25144586e-02
9.47250380e-01 3.35845660e-01 9.85841854e-03 3.33797691e-01 1.28701720e-02
9.47752518e-01 3.36446988e-01 8.36087971e-03 3.34533458e-01 1.29159409e-02
9.48252318e-01 3.37789651e-01 6.78884992e-03 3.35985659e-01 1.26730924e-02
9.48749779e-01 3.39873098e-01 5.18021014e-03 3.38150739e-01 1.21710798e-02
9.49244901e-01 3.42675065e-01 3.57304214e-03 3.41004675e-01 1.14457527e-02
9.49737681e-01 3.46153048e-01 2.00439540e-03 3.44504436e-01 1.05374883e-02
9.50228120e-01 3.50246484e-01 5.09103404e-04 3.48590105e-01 9.48927863e-03
9.50716215e-01 3.54879531e-01 -8.81300590e-04 3.53187564e-01 8.34486190e-03
9.51201965e-01 3.59964293e-01 -2.13952435e-03 3.58211593e-01 7.14697691e-03
9.51685370e-01 3.65404335e-01 -3.24327821e-03 3.63569238e-01 5.93580547e-03
9.52166428e-01 3.71098335e-01 -4.17583110e-03 3.69163301e-01 4.74765488e-03
9.52645137e-01 3.76943703e-01 -4.92634538e-03 3.74895783e-01 3.61391635e-03
9.53121497e-01 3.82840034e-01 -5.48998540e-03 3.80671165e-01 2.56032020e-03
9.53595507e-01 3.88692259e-01 -5.86780496e-03 3.86399377e-01 1.60649364e-03
9.54067164e-01 3.94413387e-01 -6.06642859e-03 3.91998361e-01 7.65812930e-04
9.54536469e-01 3.99926756e-01 -6.09755007e-03 3.97396156e-01 4.55295747e-05
9.55003420e-01 4.05167735e-01 -5.97727802e-03 4.02532435e-01 -5.52860140e-04
9.55468016e-01 4.10084839e-01 -5.72536376e-03 4.07359477e-01 -1.03304101e-03
9.55930255e-01 4.14640255e-01 -5.36434949e-03 4.11842562e-01 -1.40314423e-03
9.56390137e-01 4.18809801e-01 -4.91867545e-03 4.15959834e-01 -1.67489930e-03
9.56847660e-01 4.22582348e-01 -4.41378404e-03 4.19701637e-01 -1.86271970e-03
9.57302823e-01 4.25958777e-01 -3.87525559e-03 4.23069433e-01 -1.98276792e-03
9.57755626e-01 4.28950536e-01 -3.32800645e-03 4.26074352e-01 -2.05204038e-03
9.58206066e-01 4.31577905e-01 -2.79557374e-03 4.28735465e-01 -2.08750752e-03
9.58654144e-01 4.33868054e-01 -2.29950523e-03 4.31077904e-01 -2.10533605e-03
9.59099857e-01 4.35853008e-01 -1.85886485e-03 4.33130905e-01 -2.12021333e-03
9.59543205e-01 4.37567626e-01 -1.48985747e-03 4.34925894e-01 -2.14478519e-03
9.59984187e-01 4.39047688e-01 -1.20556964e-03 4.36494704e-01 -2.18921268e-03
9.60422801e-01 4.40328202e-01 -1.01581673e-03 4.37868025e-01 -2.26084761e-03
9.60859046e-01 4.41441990e-01 -9.27082816e-04 4.39074144e-01 -2.36402405e-03
9.61292922e-01 4.42418631e-01 -9.42536634e-04 4.40138058e-01 -2.49996171e-03
9.61724427e-01 4.43283796e-01 -1.06210690e-03 4.41080974e-01 -2.66677799e-03
9.62153561e-01 4.44058986e-01 -1.28260141e-03 4.41920218e-01 -2.85960674e-03
9.62580321e-01 4.44761679e-01 -1.59785811e-03 4.42669548e-01 -3.07082379e-03
9.63004708e-01 4.45405828e-01 -1.99892079e-03 4.43339815e-01 -3.29038005e-03
9.63426720e-01 4.46002675e-01 -2.47423770e-03 4.43939916e-01 -3.50624270e-03
9.63846355e-01 4.46561773e-01 -3.00988650e-03 4.44477965e-01 -3.70494225e-03
9.64263614e-01 4.47092157e-01 -3.58983371e-03 4.44962549e-01 -3.87221897e-03
9.64678495e-01 4.47603522e-01 -4.19623986e-03 4.45404001e-01 -3.99375489e-03
9.65090997e-01 4.48107337e-01 -4.80982287e-03 4.45815539e-01 -4.05596940e-03
9.65501118e-01 4.48617785e-01 -5.41029084e-03 4.46214199e-01 -4.04684684e-03
9.65908859e-01 4.49152445e-01 -5.97685193e-03 4.46621451e-01 -3.95675515e-03
9.66314217e-01 4.49732662e-01 -6.48880275e-03 4.47063446e-01 -3.77920686e-03
9.66717192e-01 4.50383559e-01 -6.92618882e-03 4.47570852e-01 -3.51150845e-03
9.67117784e-01 4.51133688e-01 -7.27052082e-03 4.48178259e-01 -3.15524321e-03
9.67515990e-01 4.52014326e-01 -7.50552131e-03 4.48923205e-01 -2.71653681e-03
9.67911810e-01 4.53058471e-01 -7.61786696e-03 4.49844847e-01 -2.20606398e-03
9.68305243e-01 4.54299591e-01 -7.59788531e-03 4.50982380e-01 -1.63876967e-03
9.68696288e-01 4.55770214e-01 -7.44016074e-03 4.52373302e-01 -1.03329680e-03
9.69084944e-01 4.57500450e-01 -7.14400464e-03 4.54051633e-01 -4.11134382e-04
9.69471210e-01 4.59516541e-01 -6.71374891e-03 4.56046213e-01 2.04477704e-04
9.69855086e-01 4.61839540e-01 -6.15882961e-03 4.58379202e-01 7.89830099e-04
9.70236569e-01 4.64484196e-01 -5.49363914e-03 4.61064858e-01 1.32213652e-03
9.70615660e-01 4.67458115e-01 -4.73713910e-03 4.64108705e-01 1.78094991e-03
9.70992357e-01 4.70761263e-01 -3.91224096e-03 4.67507124e-01 2.14950831e-03
9.71366659e-01 4.74385827e-01 -3.04497719e-03 4.71247396e-01 2.41591713e-03
9.71738566e-01 4.78316441e-01 -2.16349993e-03 4.75308213e-01 2.57408221e-03
9.72108076e-01 4.82530784e-01 -1.29695644e-03 4.79660596e-01 2.62432252e-03
9.72475189e-01 4.87000487e-01 -4.74300082e-04 4.84269191e-01 2.57361095e-03
9.72839904e-01 4.91692324e-01 2.76899335e-04 4.89093852e-01 2.43541593e-03
9.73202220e-01 4.96569613e-01 9.31580554e-04 4.94091425e-01 2.22914288e-03
9.73562135e-01 5.01593741e-01 1.46818987e-03 4.99217630e-01 1.97920088e-03
9.73919650e-01 5.06725760e-01 1.86950032e-03 5.04428950e-01 1.71374495e-03
9.74274762e-01 5.11927948e-01 2.12320901e-03 5.09684411e-01 1.46316490e-03
9.74627472e-01 5.17165266e-01 2.22228482e-03 5.14947180e-01 1.25840766e-03
9.74977778e-01 5.22406649e-01 2.16505456e-03 5.20185891e-01 1.12922961e-03
9.75325680e-01 5.27626046e-01 1.95503197e-03 5.25375649e-01 1.10247848e-03
9.75671177e-01 5.32803173e-01 1.60050914e-03 5.30498652e-01 1.20050165e-03
9.76014267e-01 5.37923943e-01 1.11394302e-03 5.35544419e-01 1.43976930e-03
9.76354950e-01 5.42980535e-01 5.11180400e-04 5.40509611e-01 1.82978830e-03
9.76693226e-01 5.47971124e-01 -1.89428236e-04 5.45397465e-01 2.37236645e-03
9.77029093e-01 5.52899263e-01 -9.67971610e-04 5.50216870e-01 3.06126838e-03
9.77362550e-01 5.57772981e-01 -1.80392263e-03 5.54981155e-01 3.88228470e-03
9.77693597e-01 5.62603636e-01 -2.67703347e-03 5.59706645e-01 4.81371512e-03
9.78022233e-01 5.67404615e-01 -3.56813419e-03 5.64411106e-01 5.82724616e-03
9.78348456e-01 5.72189959e-01 -4.45979650e-03 5.69112154e-01 6.88918418e-03
9.78672267e-01 5.76973035e-01 -5.33683361e-03 5.73825765e-01 7.96198641e-03
9.78993665e-01 5.81765330e-01 -6.18661820e-03 5.78564976e-01 9.00601627e-03
9.79312648e-01 5.86575489e-01 -6.99921221e-03 5.83338889e-01 9.98143628e-03
9.79629216e-01 5.91408659e-01 -7.76731381e-03 5.88152049e-01 1.08501421e-02
9.79943368e-01 5.96266204e-01 -8.48603790e-03 5.93004251e-01 1.15776357e-02
9.80255103e-01 6.01145817e-01 -9.15255721e-03 5.97890802e-01 1.21347353e-02
9.80564421e-01 6.06042023e-01 -9.76563938e-03 6.02803211e-01 1.24990256e-02
9.80871321e-01 6.10947025e-01 -1.03251222e-02 6.07730262e-01 1.26559626e-02
9.81175801e-01 6.15851838e-01 -1.08313731e-02 6.12659381e-01 1.25995651e-02
9.81477862e-01 6.20747588e-01 -1.12847807e-02 6.17578172e-01 1.23326492e-02
9.81777503e-01 6.25626874e-01 -1.16853222e-02 6.22475999e-01 1.18665884e-02
9.82074722e-01 6.30485054e-01 -1.20322467e-02 6.27345460e-01 1.12206144e-02
9.82369519e-01 6.35321327e-01 -1.23239034e-02 6.32183619e-01 1.04207022e-02
9.82661894e-01 6.40139524e-01 -1.25577331e-02 6.36992875e-01 9.49811539e-03
9.82951845e-01 6.44948490e-01 -1.27304252e-02 6.41781385e-01 8.48770617e-03
9.83239372e-01 6.49762051e-01 -1.28382311e-02 6.46563001e-01 7.42608570e-03
9.83524474e-01 6.54598539e-01 -1.28774058e-02 6.51356719e-01 6.34978420e-03
9.83807150e-01 6.59479935e-01 -1.28447413e-02 6.56185688e-01 5.29351968e-03
9.84087401e-01 6.64430697e-01 -1.27381422e-02 6.61075896e-01 4.28868156e-03
9.84365224e-01 6.69476405e-01 -1.25571893e-02 6.66054638e-01 3.36211573e-03
9.84640620e-01 6.74642330e-01 -1.23036367e-02 6.71148929e-01 2.53527071e-03
9.84913588e-01 6.79952097e-01 -1.19817876e-02 6.76384013e-01 1.82373406e-03
9.85184126e-01 6.85426539e-01 -1.15987060e-02 6.81782112e-01 1.23715648e-03
9.85452235e-01 6.91082873e-01 -1.11642288e-02 6.87361535e-01 7.79530419e-04
9.85717914e-01 6.96934267e-01 -1.06907606e-02 6.93136219e-01 4.49764351e-04
9.85981162e-01 7.02989833e-01 -1.01928489e-02 6.99115759e-01 2.42474190e-04
9.86241978e-01 7.09255052e-01 -9.68655429e-03 7.05305906e-01 1.48902203e-04
9.86500362e-01 7.15732594e-01 -9.18864882e-03 7.11709492e-01 1.57871412e-04
9.86756313e-01 7.22423449e-01 -8.71569078e-03 7.18327695e-01 2.56689950e-04
9.87009830e-01 7.29328287e-01 -8.28303565e-03 7.25161531e-01 4.31933997e-04
9.87260914e-01 7.36448945e-01 -7.90385323e-03 7.32213460e-01 6.70057811e-04
9.87509562e-01 7.43789920e-01 -7.58822457e-03 7.39488978e-01 9.57802781e-04
9.87755776e-01 7.51359789e-01 -7.34239181e-03 7.46998092e-01 1.28240175e-03
9.87999553e-01 7.59172474e-01 -7.16822817e-03 7.54756584e-01 1.63159783e-03
9.88240894e-01 7.67248288e-01 -7.06298492e-03 7.62787019e-01 1.99351659e-03
9.88479797e-01 7.75614729e-01 -7.01935690e-03 7.71119430e-01 2.35644553e-03
9.88716263e-01 7.84306984e-01 -7.02588901e-03 7.79791677e-01 2.70858399e-03
9.88950290e-01 7.93368133e-01 -7.06772452e-03 7.88849467e-01 3.03783030e-03
9.89181879e-01 8.02849036e-01 -7.12767232e-03 7.98346015e-01 3.33167012e-03
9.89411028e-01 8.12807881e-01 -7.18754650e-03 8.08341377e-01 3.57722164e-03
9.89637737e-01 8.23309401e-01 -7.22970876e-03 8.18901438e-01 3.76147966e-03
9.89862005e-01 8.34423762e-01 -7.23872429e-03 8.30096592e-01 3.87178257e-03
9.90083833e-01 8.46225144e-01 -7.20302591e-03 8.42000162e-01 3.89650477e-03
9.90303218e-01 8.58790074e-01 -7.11647126e-03 8.54686607e-01 3.82595389e-03
9.90520161e-01 8.72195592e-01 -6.97967434e-03 8.68229625e-01 3.65342817e-03
9.90734662e-01 8.86517355e-01 -6.80099692e-03 8.82700267e-01 3.37636700e-03
9.90946719e-01 9.01827813e-01 -6.59709752e-03 8.98165192e-01 2.99750786e-03
9.91156332e-01 9.18194581e-01 -6.39295527e-03 9.14685194e-01 2.52594812e-03
9.91363501e-01 9.35679130e-01 -6.22131323e-03 9.32314129e-01 1.97800169e-03
9.91568226e-01 9.54335877e-01 -6.12151878e-03 9.51098292e-01 1.37774002e-03
9.91770504e-01 9.74211683e-01 -6.13777631e-03 9.71076276e-01 7.57115579e-04
9.91970337e-01 9.95345725e-01 -6.31686782e-03 9.92279235e-01 1.55585065e-04
9.92167724e-01 1.01776960e+00 -6.70543732e-03 1.01473141e+00 -3.80821216e-04
9.92362663e-01 1.04150745e+00 -7.34697298e-03 1.03845067e+00 -8.00998800e-04
9.92555155e-01 1.06657593e+00 -8.27865320e-03 1.06344889e+00 -1.05080643e-03
9.92745200e-01 1.09298372e+00 -9.52824738e-03 1.08973176e+00 -1.07556092e-03
9.92932796e-01 1.12073035e+00 -1.11112752e-02 1.11729794e+00 -8.22860753e-04
9.93117944e-01 1.14980441e+00 -1.30286286e-02 1.14613741e+00 -2.45567280e-04
9.93300642e-01 1.18018109e+00 -1.52648473e-02 1.17622903e+00 6.95257954e-04
9.93480891e-01 1.21181930e+00 -1.77872084e-02 1.20753766e+00 2.02767575e-03
9.93658689e-01 1.24465897e+00 -2.05457511e-02 1.24001117e+00 3.76666324e-03
9.93834037e-01 1.27861896e+00 -2.34743009e-02 1.27357807e+00 5.91256642e-03
9.94006934e-01 1.31359651e+00 -2.64924963e-02 1.30814652e+00 8.45035592e-03
9.94177380e-01 1.34946880e+00 -2.95087560e-02 1.34360534e+00 1.13497728e-02
9.94345374e-01 1.38609739e+00 -3.24240549e-02 1.37982790e+00 1.45663846e-02
9.94510915e-01 1.42333606e+00 -3.51363217e-02 1.41667936e+00 1.80435001e-02
9.94674004e-01 1.46104208e+00 -3.75452136e-02 1.45402735e+00 2.17148277e-02
9.94834640e-01 1.49909100e+00 -3.95569960e-02 1.49175627e+00 2.55077016e-02
9.94992823e-01 1.53739416e+00 -4.10892281e-02 1.52978435e+00 2.93466649e-02
9.95148552e-01 1.57591824e+00 -4.20749663e-02 1.56808287e+00 3.31571752e-02
9.95301826e-01 1.61470531e+00 -4.24662108e-02 1.60669608e+00 3.68692048e-02
9.95452646e-01 1.65389224e+00 -4.22363712e-02 1.64576047e+00 4.04205310e-02
9.95601011e-01 1.69372748e+00 -4.13815808e-02 1.68552172e+00 4.37595601e-02
9.95746921e-01 1.73458416e+00 -3.99207638e-02 1.72634793e+00 4.68475851e-02
9.95890375e-01 1.77696807e+00 -3.78944411e-02 1.76873791e+00 4.96604488e-02
9.96031373e-01 1.82152008e+00 -3.53623400e-02 1.81332401e+00 5.21896443e-02
9.96169914e-01 1.86901305e+00 -3.23999540e-02 1.86086942e+00 5.44429449e-02
9.96305999e-01 1.92034433e+00 -2.90942645e-02 1.91226107e+00 5.64446909e-02
9.96439627e-01 1.97652558e+00 -2.55388907e-02 1.96849993e+00 5.82358819e-02
9.96570797e-01 2.03867291e+00 -2.18289676e-02 2.03069153e+00 5.98742123e-02
9.96699510e-01 2.10800078e+00 -1.80560659e-02 2.10004022e+00 6.14341610e-02
9.96825765e-01 2.18582373e+00 -1.43034622e-02 2.17785119e+00 6.30071978e-02
9.96949561e-01 2.27357024e+00 -1.06420400e-02 2.26554465e+00 6.47021029e-02
9.97070899e-01 2.37281305e+00 -7.12705705e-03 2.36468628e+00 6.66453341e-02
9.97189778e-01 2.48531935e+00 -3.79595880e-03 2.47703773e+00 6.89813042e-02
9.97306197e-01 2.61312412e+00 -6.67346814e-04 2.60462992e+00 7.18723803e-02
9.97420157e-01 2.75862799e+00 2.25886188e-03 2.74986121e+00 7.54983760e-02
9.97531657e-01 2.92472040e+00 5.00012270e-03 2.91562049e+00 8.00552918e-02
9.97640697e-01 3.11492653e+00 7.58890728e-03 3.10543430e+00 8.57530723e-02
9.97747277e-01 3.33357553e+00 1.00694721e-02 3.32363506e+00 9.28121813e-02
9.97851396e-01 3.58598549e+00 1.24939700e-02 3.57554611e+00 1.01458859e-01
9.97953055e-01 3.87865932e+00 1.49181537e-02 3.86767752e+00 1.11919004e-01
9.98052252e-01 4.21948422e+00 1.73969399e-02 4.20792562e+00 1.24410711e-01
9.98148988e-01 4.61792662e+00 1.99800980e-02 4.60576776e+00 1.39135581e-01
9.98243262e-01 5.08521317e+00 2.27083138e-02 5.07244319e+00 1.56269021e-01
9.98335074e-01 5.63448804e+00 2.56098477e-02 5.62111017e+00 1.75949796e-01
9.98424424e-01 6.28093621e+00 2.86979646e-02 6.26696893e+00 1.98269188e-01
9.98511312e-01 7.04186195e+00 3.19692649e-02 7.02733983e+00 2.23260116e-01
9.98595738e-01 7.93671138e+00 3.54029893e-02 7.92168553e+00 2.50886638e-01
9.98677701e-01 8.98702787e+00 3.89613138e-02 8.97156590e+00 2.81034245e-01
9.98757201e-01 1.02163287e+01 4.25905974e-02 1.02005142e+01 3.13501392e-01
9.98834237e-01 1.16498914e+01 4.62234917e-02 1.16338230e+01 3.47992712e-01
9.98908811e-01 1.33144395e+01 4.97817809e-02 1.32982289e+01 3.84114386e-01
9.98980921e-01 1.52377163e+01 5.31797860e-02 1.52214866e+01 4.21372146e-01
9.99050567e-01 1.74479401e+01 5.63281463e-02 1.74318230e+01 4.59172416e-01
9.99117750e-01 1.99731347e+01 5.91377805e-02 1.99572671e+01 4.96827074e-01
9.99182468e-01 2.28403334e+01 6.15238317e-02 2.28248543e+01 5.33562295e-01
9.99244723e-01 2.60746607e+01 6.34094092e-02 2.60597071e+01 5.68531890e-01
9.99304513e-01 2.96983003e+01 6.47289604e-02 2.96840034e+01 6.00835414e-01
9.99361839e-01 3.37293681e+01 6.54311268e-02 3.37158492e+01 6.29541182e-01
9.99416700e-01 3.81807140e+01 6.54809680e-02 3.81680804e+01 6.53714081e-01
9.99469096e-01 4.30586876e+01 6.48614678e-02 4.30470294e+01 6.72447800e-01
9.99519028e-01 4.83619120e+01 6.35742730e-02 4.83512986e+01 6.84900741e-01
9.99566494e-01 5.40801161e+01 6.16396523e-02 5.40705940e+01 6.90334500e-01
9.99611495e-01 6.01930856e+01 5.90957034e-02 6.01846770e+01 6.88153443e-01
9.99654032e-01 6.66697969e+01 5.59968752e-02 6.66624986e+01 6.77943508e-01
9.99694102e-01 7.34677983e+01 5.24119080e-02 7.34615825e+01 6.59508112e-01
9.99731708e-01 8.05329035e+01 4.84213223e-02 8.05277189e+01 6.32898811e-01
9.99766848e-01 8.77992528e+01 4.41146079e-02 8.77950278e+01 5.98438372e-01
9.99799522e-01 9.51897907e+01 3.95872682e-02 9.51864364e+01 5.56733992e-01
9.99829731e-01 1.02617189e+02 3.49378725e-02 1.02614604e+02 5.08678758e-01
9.99857474e-01 1.09985228e+02 3.02652494e-02 1.09983303e+02 4.55439909e-01
9.99882751e-01 1.17190630e+02 2.56659347e-02 1.17189252e+02 3.98433154e-01
9.99905562e-01 1.24125305e+02 2.12319544e-02 1.24124364e+02 3.39283078e-01
9.99925908e-01 1.30678961e+02 1.70489952e-02 1.30678355e+02 2.79770560e-01
9.99943787e-01 1.36741991e+02 1.31949844e-02 1.36741628e+02 2.21769011e-01
9.99959200e-01 1.42208542e+02 9.73907472e-03 1.42208344e+02 1.67172132e-01
9.99972148e-01 1.46979641e+02 6.74100032e-03 1.46979546e+02 1.17816586e-01
9.99982629e-01 1.50966260e+02 4.25075251e-03 1.50966222e+02 7.54035552e-02
9.99990644e-01 1.54092170e+02 2.30850138e-03 1.54092159e+02 4.14234231e-02
9.99996193e-01 1.56296501e+02 9.44666474e-04 1.56296499e+02 1.70876016e-02
9.99999277e-01 1.57536186e+02 1.79852030e-04 1.57536186e+02 3.26789079e-03
