-9.99999277e-01 4.18238089e-02 -5.36990670e-06 -4.18238020e-02 9.63069877e-06
-9.99996193e-01 4.17392679e-02 -2.82239921e-05 -4.17390764e-02 5.06496163e-05
-9.99990644e-01 4.15880218e-02 -6.90565997e-05 -4.15868681e-02 1.24063561e-04
-9.99982629e-01 4.13714825e-02 -1.27394165e-04 -4.13675191e-02 2.29238447e-04
-9.99972148e-01 4.10917117e-02 -2.02547979e-04 -4.10815685e-02 3.65246667e-04
-9.99959200e-01 4.07513695e-02 -2.93629397e-04 -4.07297255e-02 5.30890759e-04
-9.99943787e-01 4.03536810e-02 -3.99560821e-04 -4.03128668e-02 7.24718468e-04
-9.99925908e-01 3.99023977e-02 -5.19088297e-04 -3.98320359e-02 9.45039683e-04
-9.99905562e-01 3.94017531e-02 -6.50796016e-04 -3.92884425e-02 1.18994586e-03
-9.99882751e-01 3.88564141e-02 -7.93122611e-04 -3.86834614e-02 1.45733177e-03
-9.99857474e-01 3.82714259e-02 -9.44379037e-04 -3.80186319e-02 1.74491931e-03
-9.99829731e-01 3.76521542e-02 -1.10276783e-03 -3.72956560e-02 2.05028307e-03
-9.99799522e-01 3.70042235e-02 -1.26640350e-03 -3.65163963e-02 2.37087726e-03
-9.99766848e-01 3.63334533e-02 -1.43333378e-03 -3.56828738e-02 2.70406369e-03
-9.99731708e-01 3.56457920e-02 -1.60156145e-03 -3.47972645e-02 3.04714040e-03
-9.99694102e-01 3.49472505e-02 -1.76906655e-03 -3.38618957e-02 3.39737054e-03
-9.99654032e-01 3.42438360e-02 -1.93382861e-03 -3.28792410e-02 3.75201115e-03
-9.99611495e-01 3.35414862e-02 -2.09384863e-03 -3.18519150e-02 4.10834147e-03
-9.99566494e-01 3.28460055e-02 -2.24717060e-03 -3.07826669e-02 4.46369031e-03
-9.99519028e-01 3.21630037e-02 -2.39190229e-03 -2.96743728e-02 4.81546234e-03
-9.99469096e-01 3.14978379e-02 -2.52623503e-03 -2.85300279e-02 5.16116275e-03
-9.99416700e-01 3.08555585e-02 -2.64846222e-03 -2.73527366e-02 5.49842010e-03
-9.99361839e-01 3.02408597e-02 -2.75699649e-03 -2.61457024e-02 5.82500710e-03
-9.99304513e-01 2.96580349e-02 -2.85038517e-03 -2.49122166e-02 6.13885906e-03
-9.99244723e-01 2.91109384e-02 -2.92732402e-03 -2.36556456e-02 6.43808972e-03
-9.99182468e-01 2.86029523e-02 -2.98666899e-03 -2.23794184e-02 6.72100453e-03
-9.99117750e-01 2.81369604e-02 -3.02744596e-03 -2.10870118e-02 6.98611103e-03
-9.99050567e-01 2.77153284e-02 -3.04885839e-03 -1.97819359e-02 7.23212635e-03
-9.98980921e-01 2.73398908e-02 -3.05029270e-03 -1.84677186e-02 7.45798190e-03
-9.98908811e-01 2.70119446e-02 -3.03132154e-03 -1.71478893e-02 7.66282503e-03
-9.98834237e-01 2.67322499e-02 -2.99170483e-03 -1.58259623e-02 7.84601798e-03
-9.98757201e-01 2.65010361e-02 -2.93138858e-03 -1.45054198e-02 8.00713402e-03
-9.98677701e-01 2.63180160e-02 -2.85050170e-03 -1.31896953e-02 8.14595099e-03
-9.98595738e-01 2.61824043e-02 -2.74935070e-03 -1.18821555e-02 8.26244244e-03
-9.98511312e-01 2.60929425e-02 -2.62841252e-03 -1.05860843e-02 8.35676652e-03
-9.98424424e-01 2.60479289e-02 -2.48832558e-03 -9.30466510e-03 8.42925282e-03
-9.98335074e-01 2.60452534e-02 -2.32987920e-03 -8.04096508e-03 8.48038758e-03
-9.98243262e-01 2.60824353e-02 -2.15400160e-03 -6.79791920e-03 8.51079727e-03
-9.98148988e-01 2.61566663e-02 -1.96174654e-03 -5.57831532e-03 8.52123116e-03
-9.98052252e-01 2.62648544e-02 -1.75427904e-03 -4.38478014e-03 8.51254287e-03
-9.97953055e-01 2.64036717e-02 -1.53286014e-03 -3.21976621e-03 8.48567140e-03
-9.97851396e-01 2.65696021e-02 -1.29883101e-03 -2.08554023e-03 8.44162194e-03
-9.97747277e-01 2.67589907e-02 -1.05359672e-03 -9.84172599e-04 8.38144661e-03
-9.97640697e-01 2.69680936e-02 -7.98609689e-04 8.24715151e-05 8.30622563e-03
-9.97531657e-01 2.71931256e-02 -5.35353250e-04 1.11273959e-03 8.21704905e-03
-9.97420157e-01 2.74303088e-02 -2.65325332e-04 2.10519750e-03 8.11499933e-03
-9.97306197e-01 2.76759173e-02 9.97739648e-06 3.05863354e-03 8.00113509e-03
-9.97189778e-01 2.79263217e-02 2.89074806e-04 3.97206074e-03 7.87647614e-03
-9.97070899e-01 2.81780285e-02 5.70517811e-04 4.84471738e-03 7.74199009e-03
-9.96949561e-01 2.84277183e-02 8.52901950e-04 5.67606571e-03 7.59858052e-03
-9.96825765e-01 2.86722787e-02 1.13487990e-03 6.46578890e-03 7.44707714e-03
-9.96699510e-01 2.89088343e-02 1.41517281e-03 7.21378632e-03 7.28822765e-03
-9.96570797e-01 2.91347717e-02 1.69258033e-03 7.92016703e-03 7.12269171e-03
-9.96439627e-01 2.93477601e-02 1.96598928e-03 8.58524178e-03 6.95103684e-03
-9.96305999e-01 2.95457681e-02 2.23438093e-03 9.20951343e-03 6.77373631e-03
-9.96169914e-01 2.97270746e-02 2.49683673e-03 9.79366606e-03 6.59116899e-03
-9.96031373e-01 2.98902763e-02 2.75254269e-03 1.03385527e-02 6.40362105e-03
-9.95890375e-01 3.00342895e-02 3.00079213e-03 1.08451821e-02 6.21128948e-03
-9.95746921e-01 3.01583485e-02 3.24098713e-03 1.13147044e-02 6.01428721e-03
-9.95601011e-01 3.02619995e-02 3.47263851e-03 1.17483959e-02 5.81264979e-03
-9.95452646e-01 3.03450897e-02 3.69536441e-03 1.21476436e-02 5.60634338e-03
-9.95301826e-01 3.04077541e-02 3.90888776e-03 1.25139290e-02 5.39527390e-03
-9.95148552e-01 3.04503983e-02 4.11303242e-03 1.28488114e-02 5.17929712e-03
-9.94992823e-01 3.04736779e-02 4.30771834e-03 1.31539117e-02 4.95822947e-03
-9.94834640e-01 3.04784766e-02 4.49295574e-03 1.34308957e-02 4.73185946e-03
-9.94674004e-01 3.04658805e-02 4.66883847e-03 1.36814583e-02 4.49995927e-03
-9.94510915e-01 3.04371527e-02 4.83553668e-03 1.39073072e-02 4.26229653e-03
-9.94345374e-01 3.03937047e-02 4.99328887e-03 1.41101483e-02 4.01864595e-03
-9.94177380e-01 3.03370687e-02 5.14239358e-03 1.42916712e-02 3.76880058e-03
-9.94006934e-01 3.02688683e-02 5.28320072e-03 1.44535353e-02 3.51258256e-03
-9.93834037e-01 3.01907897e-02 5.41610280e-03 1.45973579e-02 3.24985318e-03
-9.93658689e-01 3.01045540e-02 5.54152601e-03 1.47247021e-02 2.98052206e-03
-9.93480891e-01 3.00118891e-02 5.65992155e-03 1.48370673e-02 2.70455526e-03
-9.93300642e-01 2.99145039e-02 5.77175700e-03 1.49358796e-02 2.42198239e-03
-9.93117944e-01 2.98140635e-02 5.87750808e-03 1.50224846e-02 2.13290230e-03
-9.92932796e-01 2.97121665e-02 5.97765084e-03 1.50981409e-02 1.83748760e-03
-9.92745200e-01 2.96103237e-02 6.07265427e-03 1.51640153e-02 1.53598774e-03
-9.92555155e-01 2.95099401e-02 6.16297350e-03 1.52211792e-02 1.22873071e-03
-9.92362663e-01 2.94122986e-02 6.24904366e-03 1.52706064e-02 9.16123361e-04
-9.92167724e-01 2.93185460e-02 6.33127437e-03 1.53131723e-02 5.98650300e-04
-9.91970337e-01 2.92296827e-02 6.41004499e-03 1.53496542e-02 2.76871478e-04
-9.91770504e-01 2.91465536e-02 6.48570058e-03 1.53807327e-02 -4.85814993e-05
-9.91568226e-01 2.90698429e-02 6.55854859e-03 1.54069947e-02 -3.77010270e-04
-9.91363501e-01 2.90000709e-02 6.62885639e-03 1.54289368e-02 -7.07655694e-04
-9.91156332e-01 2.89375930e-02 6.69684941e-03 1.54469699e-02 -1.03970481e-03
-9.90946719e-01 2.88826021e-02 6.76271018e-03 1.54614247e-02 -1.37229867e-03
-9.90734662e-01 2.88351320e-02 6.82657788e-03 1.54725575e-02 -1.70454079e-03
-9.90520161e-01 2.87950639e-02 6.88854867e-03 1.54805571e-02 -2.03550633e-03
-9.90303218e-01 2.87621342e-02 6.94867661e-03 1.54855514e-02 -2.36425149e-03
-9.90083833e-01 2.87359444e-02 7.00697512e-03 1.54876151e-02 -2.68982327e-03
-9.89862005e-01 2.87159719e-02 7.06341894e-03 1.54867770e-02 -3.01126936e-03
-9.89637737e-01 2.87015827e-02 7.11794657e-03 1.54830273e-02 -3.32764782e-03
-9.89411028e-01 2.86920441e-02 7.17046310e-03 1.54763254e-02 -3.63803676e-03
-9.89181879e-01 2.86865397e-02 7.22084331e-03 1.54666068e-02 -3.94154347e-03
-9.88950290e-01 2.86841830e-02 7.26893509e-03 1.54537905e-02 -4.23731324e-03
-9.88716263e-01 2.86840329e-02 7.31456303e-03 1.54377849e-02 -4.52453747e-03
-9.88479797e-01 2.86851081e-02 7.35753214e-03 1.54184945e-02 -4.80246111e-03
-9.88240894e-01 2.86864021e-02 7.39763168e-03 1.53958253e-02 -5.07038933e-03
-9.87999553e-01 2.86868971e-02 7.43463898e-03 1.53696897e-02 -5.32769328e-03
-9.87755776e-01 2.86855783e-02 7.46832328e-03 1.53400108e-02 -5.57381487e-03
-9.87509562e-01 2.86814462e-02 7.49844944e-03 1.53067259e-02 -5.80827066e-03
-9.87260914e-01 2.86735294e-02 7.52478160e-03 1.52697899e-02 -6.03065463e-03
-9.87009830e-01 2.86608954e-02 7.54708662e-03 1.52291771e-02 -6.24063999e-03
-9.86756313e-01 2.86426607e-02 7.56513745e-03 1.51848826e-02 -6.43797994e-03
-9.86500362e-01 2.86180000e-02 7.57871616e-03 1.51369236e-02 -6.62250741e-03
-9.86241978e-01 2.85861532e-02 7.58761685e-03 1.50853392e-02 -6.79413383e-03
-9.85981162e-01 2.85464326e-02 7.59164826e-03 1.50301901e-02 -6.95284702e-03
-9.85717914e-01 2.84982276e-02 7.59063617e-03 1.49715573e-02 -7.09870811e-03
-9.85452235e-01 2.84410086e-02 7.58442549e-03 1.49095408e-02 -7.23184780e-03
-9.85184126e-01 2.83743299e-02 7.57288212e-03 1.48442575e-02 -7.35246179e-03
-9.84913588e-01 2.82978307e-02 7.55589455e-03 1.47758386e-02 -7.46080565e-03
-9.84640620e-01 2.82112358e-02 7.53337519e-03 1.47044270e-02 -7.55718916e-03
-9.84365224e-01 2.81143544e-02 7.50526143e-03 1.46301743e-02 -7.64197017e-03
-9.84087401e-01 2.80070787e-02 7.47151645e-03 1.45532378e-02 -7.71554823e-03
-9.83807150e-01 2.78893808e-02 7.43212987e-03 1.44737768e-02 -7.77835787e-03
-9.83524474e-01 2.77613095e-02 7.38711802e-03 1.43919498e-02 -7.83086192e-03
-9.83239372e-01 2.76229857e-02 7.33652418e-03 1.43079112e-02 -7.87354467e-03
-9.82951845e-01 2.74745980e-02 7.28041840e-03 1.42218078e-02 -7.90690519e-03
-9.82661894e-01 2.73163967e-02 7.21889733e-03 1.41337768e-02 -7.93145086e-03
-9.82369519e-01 2.71486887e-02 7.15208371e-03 1.40439422e-02 -7.94769105e-03
-9.82074722e-01 2.69718310e-02 7.08012575e-03 1.39524132e-02 -7.95613129e-03
-9.81777503e-01 2.67862246e-02 7.00319635e-03 1.38592820e-02 -7.95726773e-03
-9.81477862e-01 2.65923082e-02 6.92149209e-03 1.37646220e-02 -7.95158217e-03
-9.81175801e-01 2.63905519e-02 6.83523216e-03 1.36684871e-02 -7.93953759e-03
-9.80871321e-01 2.61814509e-02 6.74465704e-03 1.35709107e-02 -7.92157425e-03
-9.80564421e-01 2.59655195e-02 6.65002715e-03 1.34719055e-02 -7.89810640e-03
-9.80255103e-01 2.57432851e-02 6.55162130e-03 1.33714635e-02 -7.86951966e-03
-9.79943368e-01 2.55152830e-02 6.44973496e-03 1.32695572e-02 -7.83616904e-03
-9.79629216e-01 2.52820509e-02 6.34467855e-03 1.31661402e-02 -7.79837753e-03
-9.79312648e-01 2.50441244e-02 6.23677548e-03 1.30611487e-02 -7.75643546e-03
-9.78993665e-01 2.48020323e-02 6.12636012e-03 1.29545038e-02 -7.71060039e-03
-9.78672267e-01 2.45562934e-02 6.01377571e-03 1.28461132e-02 -7.66109763e-03
-9.78348456e-01 2.43074123e-02 5.89937213e-03 1.27358743e-02 -7.60812132e-03
-9.78022233e-01 2.40558774e-02 5.78350356e-03 1.26236767e-02 -7.55183609e-03
-9.77693597e-01 2.38021577e-02 5.66652619e-03 1.25094054e-02 -7.49237910e-03
-9.77362550e-01 2.35467015e-02 5.54879567e-03 1.23929439e-02 -7.42986256e-03
-9.77029093e-01 2.32899348e-02 5.43066474e-03 1.22741776e-02 -7.36437666e-03
-9.76693226e-01 2.30322607e-02 5.31248066e-03 1.21529973e-02 -7.29599275e-03
-9.76354950e-01 2.27740583e-02 5.19458270e-03 1.20293025e-02 -7.22476676e-03
-9.76014267e-01 2.25156834e-02 5.07729968e-03 1.19030046e-02 -7.15074286e-03
-9.75671177e-01 2.22574685e-02 4.96094744e-03 1.17740306e-02 -7.07395719e-03
-9.75325680e-01 2.19997236e-02 4.84582650e-03 1.16423255e-02 -6.99444163e-03
-9.74977778e-01 2.17427373e-02 4.73221968e-03 1.15078557e-02 -6.91222760e-03
-9.74627472e-01 2.14867782e-02 4.62038989e-03 1.13706113e-02 -6.82734977e-03
-9.74274762e-01 2.12320964e-02 4.51057808e-03 1.12306086e-02 -6.73984959e-03
-9.73919650e-01 2.09789253e-02 4.40300130e-03 1.10878919e-02 -6.64977868e-03
-9.73562135e-01 2.07274839e-02 4.29785098e-03 1.09425350e-02 -6.55720197e-03
-9.73202220e-01 2.04779784e-02 4.19529137e-03 1.07946429e-02 -6.46220051e-03
-9.72839904e-01 2.02306047e-02 4.09545835e-03 1.06443518e-02 -6.36487401e-03
-9.72475189e-01 1.99855503e-02 3.99845833e-03 1.04918301e-02 -6.26534291e-03
-9.72108076e-01 1.97429971e-02 3.90436756e-03 1.03372778e-02 -6.16375020e-03
-9.71738566e-01 1.95031225e-02 3.81323167e-03 1.01809265e-02 -6.06026263e-03
-9.71366659e-01 1.92661025e-02 3.72506556e-03 1.00230378e-02 -5.95507162e-03
-9.70992357e-01 1.90321129e-02 3.63985361e-03 9.86390256e-03 -5.84839368e-03
-9.70615660e-01 1.88013314e-02 3.55755018e-03 9.70383845e-03 -5.74047030e-03
-9.70236569e-01 1.85739390e-02 3.47808049e-03 9.54318819e-03 -5.63156747e-03
-9.69855086e-01 1.83501214e-02 3.40134182e-03 9.38231678e-03 -5.52197469e-03
-9.69471210e-01 1.81300701e-02 3.32720499e-03 9.22160862e-03 -5.41200359e-03
-9.69084944e-01 1.79139832e-02 3.25551625e-03 9.06146433e-03 -5.30198605e-03
-9.68696288e-01 1.77020659e-02 3.18609932e-03 8.90229727e-03 -5.19227198e-03
-9.68305243e-01 1.74945309e-02 3.11875786e-03 8.74452983e-03 -5.08322676e-03
-9.67911810e-01 1.72915980e-02 3.05327809e-03 8.58858959e-03 -4.97522829e-03
-9.67515990e-01 1.70934941e-02 2.98943161e-03 8.43490534e-03 -4.86866376e-03
-9.67117784e-01 1.69004523e-02 2.92697853e-03 8.28390294e-03 -4.76392620e-03
-9.66717192e-01 1.67127108e-02 2.86567060e-03 8.13600127e-03 -4.66141079e-03
-9.66314217e-01 1.65305119e-02 2.80525456e-03 7.99160810e-03 -4.56151105e-03
-9.65908859e-01 1.63540998e-02 2.74547552e-03 7.85111602e-03 -4.46461488e-03
-9.65501118e-01 1.61837196e-02 2.68608030e-03 7.71489855e-03 -4.37110061e-03
-9.65090997e-01 1.60196141e-02 2.62682091e-03 7.58330635e-03 -4.28133297e-03
-9.64678495e-01 1.58620223e-02 2.56745779e-03 7.45666360e-03 -4.19565914e-03
-9.64263614e-01 1.57111763e-02 2.50776307e-03 7.33526468e-03 -4.11440499e-03
-9.63846355e-01 1.55672989e-02 2.44752360e-03 7.21937108e-03 -4.03787132e-03
-9.63426720e-01 1.54306004e-02 2.38654385e-03 7.10920865e-03 -3.96633039e-03
-9.63004708e-01 1.53012760e-02 2.32464854e-03 7.00496520e-03 -3.90002276e-03
-9.62580321e-01 1.51795025e-02 2.26168504e-03 6.90678843e-03 -3.83915424e-03
-9.62153561e-01 1.50654355e-02 2.19752542e-03 6.81478429e-03 -3.78389338e-03
-9.61724427e-01 1.49592063e-02 2.13206827e-03 6.72901579e-03 -3.73436920e-03
-9.61292922e-01 1.48609192e-02 2.06524007e-03 6.64950217e-03 -3.69066931e-03
-9.60859046e-01 1.47706485e-02 1.99699628e-03 6.57621862e-03 -3.65283858e-03
-9.60422801e-01 1.46884366e-02 1.92732202e-03 6.50909631e-03 -3.62087808e-03
-9.59984187e-01 1.46142910e-02 1.85623236e-03 6.44802307e-03 -3.59474465e-03
-9.59543205e-01 1.45481826e-02 1.78377229e-03 6.39284431e-03 -3.57435082e-03
-9.59099857e-01 1.44900442e-02 1.71001622e-03 6.34336459e-03 -3.55956529e-03
-9.58654144e-01 1.44397691e-02 1.63506715e-03 6.29934948e-03 -3.55021379e-03
-9.58206066e-01 1.43972098e-02 1.55905555e-03 6.26052791e-03 -3.54608053e-03
-9.57755626e-01 1.43621783e-02 1.48213778e-03 6.22659490e-03 -3.54690996e-03
-9.57302823e-01 1.43344453e-02 1.40449430e-03 6.19721467e-03 -3.55240909e-03
-9.56847660e-01 1.43137411e-02 1.32632753e-03 6.17202408e-03 -3.56225015e-03
-9.56390137e-01 1.42997565e-02 1.24785949e-03 6.15063642e-03 -3.57607360e-03
-9.55930255e-01 1.42921438e-02 1.16932919e-03 6.13264540e-03 -3.59349159e-03
-9.55468016e-01 1.42905195e-02 1.09098989e-03 6.11762945e-03 -3.61409159e-03
-9.55003420e-01 1.42944659e-02 1.01310608e-03 6.10515617e-03 -3.63744039e-03
-9.54536469e-01 1.43035343e-02 9.35950515e-04 6.09478690e-03 -3.66308826e-03
-9.54067164e-01 1.43172485e-02 8.59801057e-04 6.08608147e-03 -3.69057328e-03
-9.53595507e-01 1.43351082e-02 7.84937511e-04 6.07860289e-03 -3.71942583e-03
-9.53121497e-01 1.43565930e-02 7.11638482e-04 6.07192209e-03 -3.74917307e-03
-9.52645137e-01 1.43811672e-02 6.40178250e-04 6.06562261e-03 -3.77934352e-03
-9.52166428e-01 1.44082842e-02 5.70823731e-04 6.05930514e-03 -3.80947156e-03
-9.51685370e-01 1.44373916e-02 5.03831536e-04 6.05259194e-03 -3.83910180e-03
-9.51201965e-01 1.44679360e-02 4.39445168e-04 6.04513099e-03 -3.86779340e-03
-9.50716215e-01 1.44993687e-02 3.77892385e-04 6.03659994e-03 -3.89512414e-03
-9.50228120e-01 1.45311504e-02 3.19382749e-04 6.02670969e-03 -3.92069428e-03
-9.49737681e-01 1.45627567e-02 2.64105377e-04 6.01520765e-03 -3.94413016e-03
-9.49244901e-01 1.45936833e-02 2.12226931e-04 6.00188061e-03 -3.96508744e-03
-9.48749779e-01 1.46234509e-02 1.63889836e-04 5.98655712e-03 -3.98325408e-03
-9.48252318e-01 1.46516095e-02 1.19210754e-04 5.96910945e-03 -3.99835288e-03
-9.47752518e-01 1.46777436e-02 7.82793153e-05 5.94945504e-03 -4.01014365e-03
-9.47250380e-01 1.47014757e-02 4.11571121e-05 5.92755739e-03 -4.01842494e-03
-9.46745907e-01 1.47224700e-02 7.87695693e-06 5.90342647e-03 -4.02303541e-03
-9.46239099e-01 1.47404360e-02 -2.15575973e-05 5.87711854e-03 -4.02385468e-03
-9.45729957e-01 1.47551305e-02 -4.71724773e-05 5.84873537e-03 -4.02080380e-03
-9.45218483e-01 1.47663604e-02 -6.90230564e-05 5.81842300e-03 -4.01384525e-03
-9.44704677e-01 1.47739836e-02 -8.71938757e-05 5.78636981e-03 -4.00298253e-03
-9.44188542e-01 1.47779104e-02 -1.01798128e-04 5.75280421e-03 -3.98825933e-03
-9.43670079e-01 1.47781034e-02 -1.12976917e-04 5.71799165e-03 -3.96975830e-03
-9.43149288e-01 1.47745774e-02 -1.20898298e-04 5.68223126e-03 -3.94759946e-03
-9.42626171e-01 1.47673980e-02 -1.25756120e-04 5.64585194e-03 -3.92193820e-03
-9.42100730e-01 1.47566803e-02 -1.27768671e-04 5.60920811e-03 -3.89296304e-03
-9.41572965e-01 1.47425864e-02 -1.27177148e-04 5.57267502e-03 -3.86089305e-03
-9.41042878e-01 1.47253226e-02 -1.24243964e-04 5.53664379e-03 -3.82597502e-03
-9.40510470e-01 1.47051361e-02 -1.19250892e-04 5.50151613e-03 -3.78848038e-03
-9.39975743e-01 1.46823108e-02 -1.12497078e-04 5.46769891e-03 -3.74870202e-03
-9.39438698e-01 1.46571629e-02 -1.04296918e-04 5.43559855e-03 -3.70695087e-03
-9.38899336e-01 1.46300365e-02 -9.49778218e-05 5.40561537e-03 -3.66355244e-03
-9.38357658e-01 1.46012980e-02 -8.48778686e-05 5.37813792e-03 -3.61884324e-03
-9.37813667e-01 1.45713309e-02 -7.43433736e-05 5.35353738e-03 -3.57316722e-03
-9.37267362e-01 1.45405302e-02 -6.37263705e-05 5.33216212e-03 -3.52687216e-03
-9.36718746e-01 1.45092966e-02 -5.33820275e-05 5.31433245e-03 -3.48030618e-03
-9.36167820e-01 1.44780308e-02 -4.36660079e-05 5.30033569e-03 -3.43381420e-03
-9.35614585e-01 1.44471276e-02 -3.49317886e-05 5.29042160e-03 -3.38773468e-03
-9.35059043e-01 1.44169706e-02 -2.75279525e-05 5.28479814e-03 -3.34239630e-03
-9.34501195e-01 1.43879264e-02 -2.17954682e-05 5.28362788e-03 -3.29811495e-03
-9.33941042e-01 1.43603397e-02 -1.80649754e-05 5.28702476e-03 -3.25519085e-03
-9.33378586e-01 1.43345284e-02 -1.66540924e-05 5.29505158e-03 -3.21390585e-03
-9.32813828e-01 1.43107791e-02 -1.78647660e-05 5.30771808e-03 -3.17452103e-03
-9.32246769e-01 1.42893434e-02 -2.19806829e-05 5.32497961e-03 -3.13727444e-03
-9.31677412e-01 1.42704340e-02 -2.92647658e-05 5.34673662e-03 -3.10237917e-03
-9.31105757e-01 1.42542223e-02 -3.99567759e-05 5.37283478e-03 -3.07002167e-03
-9.30531805e-01 1.42408360e-02 -5.42710468e-05 5.40306582e-03 -3.04036028e-03
-9.29955559e-01 1.42303573e-02 -7.23943750e-05 5.43716912e-03 -3.01352413e-03
-9.29377019e-01 1.42228223e-02 -9.44840915e-05 5.47483399e-03 -2.98961224e-03
-9.28796187e-01 1.42182203e-02 -1.20666343e-04 5.51570266e-03 -2.96869292e-03
-9.28213065e-01 1.42164944e-02 -1.51034604e-04 5.55937388e-03 -2.95080346e-03
-9.27627654e-01 1.42175428e-02 -1.85648458e-04 5.60540719e-03 -2.93595008e-03
-9.27039955e-01 1.42212199e-02 -2.24532649e-04 5.65332774e-03 -2.92410814e-03
-9.26449969e-01 1.42273394e-02 -2.67676458e-04 5.70263161e-03 -2.91522260e-03
-9.25857699e-01 1.42356766e-02 -3.15033399e-04 5.75279160e-03 -2.90920878e-03
-9.25263146e-01 1.42459721e-02 -3.66521270e-04 5.80326340e-03 -2.90595333e-03
-9.24666310e-01 1.42579361e-02 -4.22022567e-04 5.85349200e-03 -2.90531542e-03
-9.24067195e-01 1.42712523e-02 -4.81385283e-04 5.90291843e-03 -2.90712817e-03
-9.23465800e-01 1.42855831e-02 -5.44424089e-04 5.95098649e-03 -2.91120030e-03
-9.22862128e-01 1.43005747e-02 -6.10921912e-04 5.99714962e-03 -2.91731798e-03
-9.22256180e-01 1.43158623e-02 -6.80631905e-04 6.04087766e-03 -2.92524684e-03
-9.21647958e-01 1.43310760e-02 -7.53279802e-04 6.08166351e-03 -2.93473415e-03
-9.21037462e-01 1.43458460e-02 -8.28566648e-04 6.11902950e-03 -2.94551123e-03
-9.20424696e-01 1.43598084e-02 -9.06171890e-04 6.15253345e-03 -2.95729589e-03
-9.19809659e-01 1.43726110e-02 -9.85756800e-04 6.18177434e-03 -2.96979511e-03
-9.19192354e-01 1.43839184e-02 -1.06696821e-03 6.20639750e-03 -2.98270773e-03
-9.18572782e-01 1.43934174e-02 -1.14944249e-03 6.22609912e-03 -2.99572728e-03
-9.17950945e-01 1.44008219e-02 -1.23280982e-03 6.24063032e-03 -3.00854494e-03
-9.17326844e-01 1.44058772e-02 -1.31669857e-03 6.24980035e-03 -3.02085242e-03
-9.16700480e-01 1.44083641e-02 -1.40073983e-03 6.25347911e-03 -3.03234498e-03
-9.16071856e-01 1.44081029e-02 -1.48457209e-03 6.25159899e-03 -3.04272445e-03
-9.15440973e-01 1.44049561e-02 -1.56784583e-03 6.24415571e-03 -3.05170220e-03
-9.14807832e-01 1.43988305e-02 -1.65022813e-03 6.23120848e-03 -3.05900210e-03
-9.14172435e-01 1.43896799e-02 -1.73140715e-03 6.21287933e-03 -3.06436343e-03
-9.13534783e-01 1.43775056e-02 -1.81109645e-03 6.18935148e-03 -3.06754369e-03
-9.12894879e-01 1.43623569e-02 -1.88903905e-03 6.16086709e-03 -3.06832133e-03
-9.12252723e-01 1.43443313e-02 -1.96501119e-03 6.12772406e-03 -3.06649827e-03
-9.11608317e-01 1.43235732e-02 -2.03882574e-03 6.09027225e-03 -3.06190238e-03
-9.10961663e-01 1.43002726e-02 -2.11033514e-03 6.04890887e-03 -3.05438966e-03
-9.10312763e-01 1.42746627e-02 -2.17943390e-03 6.00407337e-03 -3.04384627e-03
-9.09661618e-01 1.42470173e-02 -2.24606055e-03 5.95624171e-03 -3.03019028e-03
-9.09008229e-01 1.42176470e-02 -2.31019901e-03 5.90592017e-03 -3.01337323e-03
-9.08352599e-01 1.41868955e-02 -2.37187935e-03 5.85363877e-03 -2.99338126e-03
-9.07694728e-01 1.41551349e-02 -2.43117787e-03 5.79994446e-03 -2.97023613e-03
-9.07034619e-01 1.41227610e-02 -2.48821664e-03 5.74539398e-03 -2.94399572e-03
-9.06372273e-01 1.40901874e-02 -2.54316220e-03 5.69054677e-03 -2.91475431e-03
-9.05707691e-01 1.40578407e-02 -2.59622375e-03 5.63595777e-03 -2.88264247e-03
-9.05040876e-01 1.40261540e-02 -2.64765056e-03 5.58217040e-03 -2.84782657e-03
-9.04371830e-01 1.39955610e-02 -2.69772882e-03 5.52970971e-03 -2.81050794e-03
-9.03700552e-01 1.39664904e-02 -2.74677786e-03 5.47907582e-03 -2.77092164e-03
-9.03027046e-01 1.39393589e-02 -2.79514582e-03 5.43073779e-03 -2.72933485e-03
-9.02351313e-01 1.39145661e-02 -2.84320476e-03 5.38512795e-03 -2.68604497e-03
-9.01673355e-01 1.38924885e-02 -2.89134545e-03 5.34263678e-03 -2.64137723e-03
-9.00993173e-01 1.38734735e-02 -2.93997158e-03 5.30360846e-03 -2.59568214e-03
-9.00310769e-01 1.38578348e-02 -2.98949388e-03 5.26833710e-03 -2.54933246e-03
-8.99626145e-01 1.38458474e-02 -3.04032391e-03 5.23706366e-03 -2.50272003e-03
-8.98939302e-01 1.38377432e-02 -3.09286772e-03 5.20997375e-03 -2.45625221e-03
-8.98250242e-01 1.38337074e-02 -3.14751951e-03 5.18719622e-03 -2.41034824e-03
-8.97558967e-01 1.38338753e-02 -3.20465537e-03 5.16880251e-03 -2.36543530e-03
-8.96865478e-01 1.38383300e-02 -3.26462711e-03 5.15480695e-03 -2.32194450e-03
-8.96169778e-01 1.38471003e-02 -3.32775643e-03 5.14516779e-03 -2.28030677e-03
-8.95471867e-01 1.38601600e-02 -3.39432937e-03 5.13978912e-03 -2.24094869e-03
-8.94771748e-01 1.38774274e-02 -3.46459125e-03 5.13852355e-03 -2.20428834e-03
-8.94069423e-01 1.38987655e-02 -3.53874208e-03 5.14117555e-03 -2.17073119e-03
-8.93364892e-01 1.39239840e-02 -3.61693262e-03 5.14750558e-03 -2.14066614e-03
-8.92658159e-01 1.39528405e-02 -3.69926111e-03 5.15723476e-03 -2.11446163e-03
-8.91949223e-01 1.39850436e-02 -3.78577069e-03 5.17005011e-03 -2.09246208e-03
-8.91238089e-01 1.40202563e-02 -3.87644762e-03 5.18561026e-03 -2.07498446e-03
-8.90524756e-01 1.40581001e-02 -3.97122038e-03 5.20355149e-03 -2.06231526e-03
-8.89809227e-01 1.40981596e-02 -4.06995948e-03 5.22349411e-03 -2.05470772e-03
-8.89091503e-01 1.41399882e-02 -4.17247831e-03 5.24504895e-03 -2.05237948e-03
-8.88371587e-01 1.41831132e-02 -4.27853466e-03 5.26782400e-03 -2.05551064e-03
-8.87649480e-01 1.42270427e-02 -4.38783324e-03 5.29143100e-03 -2.06424219e-03
-8.86925184e-01 1.42712718e-02 -4.50002892e-03 5.31549190e-03 -2.07867496e-03
-8.86198701e-01 1.43152895e-02 -4.61473080e-03 5.33964512e-03 -2.09886902e-03
-8.85470032e-01 1.43585858e-02 -4.73150695e-03 5.36355152e-03 -2.12484348e-03
-8.84739180e-01 1.44006585e-02 -4.84988992e-03 5.38689992e-03 -2.15657689e-03
-8.84006145e-01 1.44410205e-02 -4.96938267e-03 5.40941219e-03 -2.19400798e-03
-8.83270931e-01 1.44792067e-02 -5.08946515e-03 5.43084772e-03 -2.23703689e-03
-8.82533538e-01 1.45147804e-02 -5.20960123e-03 5.45100737e-03 -2.28552685e-03
-8.81793969e-01 1.45473402e-02 -5.32924589e-03 5.46973660e-03 -2.33930626e-03
-8.81052225e-01 1.45765256e-02 -5.44785267e-03 5.48692800e-03 -2.39817107e-03
-8.80308308e-01 1.46020228e-02 -5.56488123e-03 5.50252294e-03 -2.46188758e-03
-8.79562220e-01 1.46235692e-02 -5.67980477e-03 5.51651256e-03 -2.53019543e-03
-8.78813963e-01 1.46409584e-02 -5.79211747e-03 5.52893783e-03 -2.60281095e-03
-8.78063539e-01 1.46540432e-02 -5.90134156e-03 5.53988887e-03 -2.67943056e-03
-8.77310949e-01 1.46627387e-02 -6.00703411e-03 5.54950350e-03 -2.75973437e-03
-8.76556196e-01 1.46670241e-02 -6.10879333e-03 5.55796496e-03 -2.84338990e-03
-8.75799281e-01 1.46669444e-02 -6.20626438e-03 5.56549893e-03 -2.93005573e-03
-8.75040206e-01 1.46626102e-02 -6.29914446e-03 5.57236988e-03 -3.01938515e-03
-8.74278973e-01 1.46541973e-02 -6.38718724e-03 5.57887671e-03 -3.11102980e-03
-8.73515584e-01 1.46419454e-02 -6.47020654e-03 5.58534790e-03 -3.20464307e-03
-8.72750041e-01 1.46261556e-02 -6.54807915e-03 5.59213611e-03 -3.29988334e-03
-8.71982345e-01 1.46071875e-02 -6.62074674e-03 5.59961232e-03 -3.39641703e-03
-8.71212499e-01 1.45854548e-02 -6.68821698e-03 5.60815975e-03 -3.49392140e-03
-8.70440504e-01 1.45614213e-02 -6.75056362e-03 5.61816738e-03 -3.59208692e-03
-8.69666363e-01 1.45355949e-02 -6.80792579e-03 5.63002343e-03 -3.69061950e-03
-8.68890077e-01 1.45085216e-02 -6.86050632e-03 5.64410869e-03 -3.78924223e-03
-8.68111648e-01 1.44807794e-02 -6.90856922e-03 5.66078990e-03 -3.88769682e-03
-8.67331079e-01 1.44529709e-02 -6.95243633e-03 5.68041330e-03 -3.98574466e-03
-8.66548370e-01 1.44257157e-02 -6.99248321e-03 5.70329834e-03 -4.08316756e-03
-8.65763524e-01 1.43996433e-02 -7.02913434e-03 5.72973164e-03 -4.17976804e-03
-8.64976543e-01 1.43753847e-02 -7.06285763e-03 5.75996147e-03 -4.27536936e-03
-8.64187429e-01 1.43535650e-02 -7.09415846e-03 5.79419258e-03 -4.36981524e-03
-8.63396184e-01 1.43347950e-02 -7.12357317e-03 5.83258155e-03 -4.46296918e-03
-8.62602809e-01 1.43196641e-02 -7.15166230e-03 5.87523284e-03 -4.55471369e-03
-8.61807307e-01 1.43087324e-02 -7.17900345e-03 5.92219536e-03 -4.64494915e-03
-8.61009680e-01 1.43025239e-02 -7.20618409e-03 5.97345982e-03 -4.73359256e-03
-8.60209930e-01 1.43015196e-02 -7.23379421e-03 6.02895676e-03 -4.82057619e-03
-8.59408057e-01 1.43061519e-02 -7.26241913e-03 6.08855539e-03 -4.90584605e-03
-8.58604066e-01 1.43167986e-02 -7.29263231e-03 6.15206311e-03 -4.98936042e-03
-8.57797957e-01 1.43337787e-02 -7.32498856e-03 6.21922593e-03 -5.07108830e-03
-8.56989732e-01 1.43573480e-02 -7.36001745e-03 6.28972953e-03 -5.15100799e-03
-8.56179395e-01 1.43876963e-02 -7.39821720e-03 6.36320119e-03 -5.22910575e-03
-8.55366945e-01 1.44249447e-02 -7.44004901e-03 6.43921239e-03 -5.30537451e-03
-8.54552386e-01 1.44691446e-02 -7.48593200e-03 6.51728215e-03 -5.37981290e-03
-8.53735720e-01 1.45202771e-02 -7.53623865e-03 6.59688102e-03 -5.45242438e-03
-8.52916948e-01 1.45782529e-02 -7.59129100e-03 6.67743564e-03 -5.52321663e-03
-8.52096073e-01 1.46429144e-02 -7.65135746e-03 6.75833398e-03 -5.59220116e-03
-8.51273096e-01 1.47140372e-02 -7.71665030e-03 6.83893093e-03 -5.65939328e-03
-8.50448020e-01 1.47913333e-02 -7.78732392e-03 6.91855442e-03 -5.72481219e-03
-8.49620847e-01 1.48744547e-02 -7.86347376e-03 6.99651187e-03 -5.78848144e-03
-8.48791578e-01 1.49629984e-02 -7.94513594e-03 7.07209691e-03 -5.85042961e-03
-8.47960216e-01 1.50565108e-02 -8.03228754e-03 7.14459636e-03 -5.91069121e-03
-8.47126763e-01 1.51544937e-02 -8.12484759e-03 7.21329724e-03 -5.96930779e-03
-8.46291221e-01 1.52564109e-02 -8.22267855e-03 7.27749395e-03 -6.02632928e-03
-8.45453591e-01 1.53616941e-02 -8.32558842e-03 7.33649535e-03 -6.08181538e-03
-8.44613877e-01 1.54697504e-02 -8.43333339e-03 7.38963171e-03 -6.13583711e-03
-8.43772079e-01 1.55799689e-02 -8.54562078e-03 7.43626159e-03 -6.18847842e-03
-8.42928201e-01 1.56917283e-02 -8.66211252e-03 7.47577835e-03 -6.23983776e-03
-8.42082244e-01 1.58044039e-02 -8.78242888e-03 7.50761642e-03 -6.29002960e-03
-8.41234210e-01 1.59173749e-02 -8.90615240e-03 7.53125717e-03 -6.33918588e-03
-8.40384102e-01 1.60300309e-02 -9.03283211e-03 7.54623430e-03 -6.38745724e-03
-8.39531921e-01 1.61417792e-02 -9.16198776e-03 7.55213882e-03 -6.43501410e-03
-8.38677669e-01 1.62520501e-02 -9.29311422e-03 7.54862339e-03 -6.48204744e-03
-8.37821349e-01 1.63603036e-02 -9.42568581e-03 7.53540620e-03 -6.52876921e-03
-8.36962964e-01 1.64660342e-02 -9.55916058e-03 7.51227412e-03 -6.57541252e-03
-8.36102514e-01 1.65687754e-02 -9.69298455e-03 7.47908529e-03 -6.62223126e-03
-8.35240002e-01 1.66681041e-02 -9.82659577e-03 7.43577102e-03 -6.66949948e-03
-8.34375430e-01 1.67636438e-02 -9.95942822e-03 7.38233701e-03 -6.71751016e-03
-8.33508800e-01 1.68550669e-02 -1.00909155e-02 7.31886392e-03 -6.76657360e-03
-8.32640115e-01 1.69420969e-02 -1.02204945e-02 7.24550719e-03 -6.81701534e-03
-8.31769377e-01 1.70245095e-02 -1.03476081e-02 7.16249628e-03 -6.86917359e-03
-8.30896587e-01 1.71021327e-02 -1.04717091e-02 7.07013318e-03 -6.92339625e-03
-8.30021748e-01 1.71748466e-02 -1.05922620e-02 6.96879028e-03 -6.98003742e-03
-8.29144862e-01 1.72425824e-02 -1.07087465e-02 6.85890764e-03 -7.03945360e-03
-8.28265931e-01 1.73053205e-02 -1.08206589e-02 6.74098964e-03 -7.10199952e-03
-8.27384958e-01 1.73630882e-02 -1.09275150e-02 6.61560112e-03 -7.16802362e-03
-8.26501944e-01 1.74159567e-02 -1.10288516e-02 6.48336293e-03 -7.23786332e-03
-8.25616892e-01 1.74640379e-02 -1.11242283e-02 6.34494707e-03 -7.31184014e-03
-8.24729804e-01 1.75074801e-02 -1.12132293e-02 6.20107133e-03 -7.39025466e-03
-8.23840681e-01 1.75464640e-02 -1.12954645e-02 6.05249358e-03 -7.47338148e-03
-8.22949527e-01 1.75811983e-02 -1.13705713e-02 5.90000578e-03 -7.56146424e-03
-8.22056344e-01 1.76119144e-02 -1.14382158e-02 5.74442758e-03 -7.65471076e-03
-8.21161133e-01 1.76388621e-02 -1.14980937e-02 5.58659982e-03 -7.75328840e-03
-8.20263897e-01 1.76623043e-02 -1.15499319e-02 5.42737783e-03 -7.85731975e-03
-8.19364639e-01 1.76825121e-02 -1.15934896e-02 5.26762456e-03 -7.96687865e-03
-8.18463359e-01 1.76997601e-02 -1.16285592e-02 5.10820375e-03 -8.08198676e-03
-8.17560061e-01 1.77143215e-02 -1.16549674e-02 4.94997308e-03 -8.20261060e-03
-8.16654747e-01 1.77264640e-02 -1.16725768e-02 4.79377732e-03 -8.32865919e-03
-8.15747419e-01 1.77364456e-02 -1.16812863e-02 4.64044173e-03 -8.45998242e-03
-8.14838079e-01 1.77445106e-02 -1.16810326e-02 4.49076554e-03 -8.59637004e-03
-8.13926729e-01 1.77508865e-02 -1.16717908e-02 4.34551569e-03 -8.73755149e-03
-8.13013373e-01 1.77557810e-02 -1.16535756e-02 4.20542090e-03 -8.88319644e-03
-8.12098011e-01 1.77593796e-02 -1.16264421e-02 4.07116600e-03 -9.03291619e-03
-8.11180646e-01 1.77618435e-02 -1.15904861e-02 3.94338675e-03 -9.18626580e-03
-8.10261281e-01 1.77633084e-02 -1.15458450e-02 3.82266498e-03 -9.34274709e-03
-8.09339918e-01 1.77638834e-02 -1.14926979e-02 3.70952430e-03 -9.50181237e-03
-8.08416559e-01 1.77636505e-02 -1.14312659e-02 3.60442623e-03 -9.66286890e-03
-8.07491206e-01 1.77626649e-02 -1.13618115e-02 3.50776694e-03 -9.82528409e-03
-8.06563861e-01 1.77609553e-02 -1.12846387e-02 3.41987454e-03 -9.98839132e-03
-8.05634528e-01 1.77585250e-02 -1.12000919e-02 3.34100691e-03 -1.01514963e-02
-8.04703207e-01 1.77553532e-02 -1.11085549e-02 3.27135025e-03 -1.03138839e-02
-8.03769903e-01 1.77513969e-02 -1.10104492e-02 3.21101814e-03 -1.04748256e-02
-8.02834616e-01 1.77465928e-02 -1.09062324e-02 3.16005130e-03 -1.06335868e-02
-8.01897349e-01 1.77408598e-02 -1.07963958e-02 3.11841796e-03 -1.07894352e-02
-8.00958104e-01 1.77341016e-02 -1.06814615e-02 3.08601488e-03 -1.09416478e-02
-8.00016884e-01 1.77262092e-02 -1.05619797e-02 3.06266898e-03 -1.10895197e-02
-7.99073691e-01 1.77170640e-02 -1.04385246e-02 3.04813955e-03 -1.12323714e-02
-7.98128528e-01 1.77065408e-02 -1.03116913e-02 3.04212109e-03 -1.13695566e-02
-7.97181396e-01 1.76945107e-02 -1.01820908e-02 3.04424670e-03 -1.15004694e-02
-7.96232298e-01 1.76808437e-02 -1.00503457e-02 3.05409195e-03 -1.16245510e-02
-7.95281236e-01 1.76654121e-02 -9.91708555e-03 3.07117931e-03 -1.17412963e-02
-7.94328214e-01 1.76480927e-02 -9.78294123e-03 3.09498299e-03 -1.18502592e-02
-7.93373232e-01 1.76287696e-02 -9.64854008e-03 3.12493417e-03 -1.19510581e-02
-7.92416293e-01 1.76073366e-02 -9.51450023e-03 3.16042661e-03 -1.20433796e-02
-7.91457401e-01 1.75836990e-02 -9.38142516e-03 3.20082254e-03 -1.21269822e-02
-7.90496556e-01 1.75577756e-02 -9.24989817e-03 3.24545878e-03 -1.22016987e-02
-7.89533763e-01 1.75295005e-02 -9.12047699e-03 3.29365306e-03 -1.22674380e-02
-7.88569022e-01 1.74988240e-02 -8.99368850e-03 3.34471042e-03 -1.23241854e-02
-7.87602336e-01 1.74657136e-02 -8.87002365e-03 3.39792970e-03 -1.23720026e-02
-7.86633708e-01 1.74301550e-02 -8.74993279e-03 3.45260995e-03 -1.24110265e-02
-7.85663139e-01 1.73921522e-02 -8.63382122e-03 3.50805687e-03 -1.24414667e-02
-7.84690634e-01 1.73517276e-02 -8.52204537e-03 3.56358898e-03 -1.24636030e-02
-7.83716193e-01 1.73089221e-02 -8.41490930e-03 3.61854363e-03 -1.24777809e-02
-7.82739819e-01 1.72637941e-02 -8.31266188e-03 3.67228281e-03 -1.24844075e-02
-7.81761515e-01 1.72164196e-02 -8.21549459e-03 3.72419851e-03 -1.24839456e-02
-7.80781283e-01 1.71668906e-02 -8.12353991e-03 3.77371776e-03 -1.24769082e-02
-7.79799126e-01 1.71153143e-02 -8.03687047e-03 3.82030730e-03 -1.24638511e-02
-7.78815045e-01 1.70618119e-02 -7.95549886e-03 3.86347761e-03 -1.24453669e-02
-7.77829044e-01 1.70065172e-02 -7.87937821e-03 3.90278660e-03 -1.24220766e-02
-7.76841124e-01 1.69495752e-02 -7.80840349e-03 3.93784264e-03 -1.23946224e-02
-7.75851289e-01 1.68911403e-02 -7.74241349e-03 3.96830701e-03 -1.23636598e-02
-7.74859540e-01 1.68313749e-02 -7.68119356e-03 3.99389584e-03 -1.23298498e-02
-7.73865880e-01 1.67704478e-02 -7.62447894e-03 4.01438131e-03 -1.22938509e-02
-7.72870312e-01 1.67085324e-02 -7.57195878e-03 4.02959234e-03 -1.22563116e-02
-7.71872838e-01 1.66458052e-02 -7.52328067e-03 4.03941459e-03 -1.22178628e-02
-7.70873460e-01 1.65824445e-02 -7.47805572e-03 4.04378987e-03 -1.21791112e-02
-7.69872181e-01 1.65186281e-02 -7.43586402e-03 4.04271497e-03 -1.21406323e-02
-7.68869004e-01 1.64545330e-02 -7.39626050e-03 4.03623988e-03 -1.21029647e-02
-7.67863930e-01 1.63903330e-02 -7.35878104e-03 4.02446547e-03 -1.20666044e-02
-7.66856963e-01 1.63261980e-02 -7.32294874e-03 4.00754073e-03 -1.20320004e-02
-7.65848104e-01 1.62622930e-02 -7.28828031e-03 3.98565942e-03 -1.19995502e-02
-7.64837357e-01 1.61987763e-02 -7.25429242e-03 3.95905638e-03 -1.19695970e-02
-7.63824724e-01 1.61357994e-02 -7.22050801e-03 3.92800346e-03 -1.19424265e-02
-7.62810206e-01 1.60735052e-02 -7.18646231e-03 3.89280513e-03 -1.19182661e-02
-7.61793808e-01 1.60120283e-02 -7.15170870e-03 3.85379378e-03 -1.18972831e-02
-7.60775531e-01 1.59514931e-02 -7.11582412e-03 3.81132493e-03 -1.18795850e-02
-7.59755377e-01 1.58920142e-02 -7.07841407e-03 3.76577222e-03 -1.18652202e-02
-7.58733350e-01 1.58336951e-02 -7.03911710e-03 3.71752232e-03 -1.18541791e-02
-7.57709452e-01 1.57766280e-02 -6.99760874e-03 3.66696997e-03 -1.18463962e-02
-7.56683685e-01 1.57208935e-02 -6.95360482e-03 3.61451287e-03 -1.18417529e-02
-7.55656053e-01 1.56665598e-02 -6.90686407e-03 3.56054690e-03 -1.18400810e-02
-7.54626556e-01 1.56136827e-02 -6.85719013e-03 3.50546133e-03 -1.18411660e-02
-7.53595199e-01 1.55623051e-02 -6.80443274e-03 3.44963444e-03 -1.18447518e-02
-7.52561982e-01 1.55124566e-02 -6.74848831e-03 3.39342928e-03 -1.18505452e-02
-7.51526911e-01 1.54641536e-02 -6.68929975e-03 3.33718985e-03 -1.18582208e-02
-7.50489985e-01 1.54173987e-02 -6.62685558e-03 3.28123761e-03 -1.18674266e-02
-7.49451209e-01 1.53721807e-02 -6.56118843e-03 3.22586845e-03 -1.18777887e-02
-7.48410585e-01 1.53284744e-02 -6.49237291e-03 3.17135004e-03 -1.18889171e-02
-7.47368114e-01 1.52862406e-02 -6.42052287e-03 3.11791970e-03 -1.19004113e-02
-7.46323801e-01 1.52454259e-02 -6.34578821e-03 3.06578271e-03 -1.19118651e-02
-7.45277647e-01 1.52059628e-02 -6.26835118e-03 3.01511115e-03 -1.19228723e-02
-7.44229655e-01 1.51677698e-02 -6.18842236e-03 2.96604319e-03 -1.19330313e-02
-7.43179828e-01 1.51307515e-02 -6.10623628e-03 2.91868292e-03 -1.19419500e-02
-7.42128168e-01 1.50947989e-02 -6.02204695e-03 2.87310063e-03 -1.19492502e-02
-7.41074678e-01 1.50597900e-02 -5.93612308e-03 2.82933352e-03 -1.19545716e-02
-7.40019360e-01 1.50255898e-02 -5.84874340e-03 2.78738696e-03 -1.19575752e-02
-7.38962217e-01 1.49920516e-02 -5.76019194e-03 2.74723605e-03 -1.19579469e-02
-7.37903252e-01 1.49590169e-02 -5.67075346e-03 2.70882758e-03 -1.19554001e-02
-7.36842467e-01 1.49263174e-02 -5.58070905e-03 2.67208239e-03 -1.19496778e-02
-7.35779864e-01 1.48937748e-02 -5.49033202e-03 2.63689796e-03 -1.19405545e-02
-7.34715448e-01 1.48612033e-02 -5.39988407e-03 2.60315129e-03 -1.19278378e-02
-7.33649219e-01 1.48284099e-02 -5.30961189e-03 2.57070195e-03 -1.19113690e-02
-7.32581181e-01 1.47951964e-02 -5.21974422e-03 2.53939530e-03 -1.18910236e-02
-7.31511336e-01 1.47613613e-02 -5.13048930e-03 2.50906584e-03 -1.18667115e-02
-7.30439687e-01 1.47267010e-02 -5.04203292e-03 2.47954057e-03 -1.18383763e-02
-7.29366237e-01 1.46910121e-02 -4.95453694e-03 2.45064235e-03 -1.18059950e-02
-7.28290988e-01 1.46540934e-02 -4.86813833e-03 2.42219323e-03 -1.17695766e-02
-7.27213943e-01 1.46157480e-02 -4.78294885e-03 2.39401771e-03 -1.17291608e-02
-7.26135105e-01 1.45757853e-02 -4.69905511e-03 2.36594578e-03 -1.16848164e-02
-7.25054476e-01 1.45340234e-02 -4.61651925e-03 2.33781583e-03 -1.16366394e-02
-7.23972059e-01 1.44902913e-02 -4.53538005e-03 2.30947737e-03 -1.15847513e-02
-7.22887856e-01 1.44444310e-02 -4.45565443e-03 2.28079342e-03 -1.15292964e-02
-7.21801870e-01 1.43962997e-02 -4.37733944e-03 2.25164265e-03 -1.14704400e-02
-7.20714105e-01 1.43457719e-02 -4.30041449e-03 2.22192126e-03 -1.14083658e-02
-7.19624562e-01 1.42927414e-02 -4.22484392e-03 2.19154444e-03 -1.13432740e-02
-7.18533244e-01 1.42371229e-02 -4.15057974e-03 2.16044756e-03 -1.12753781e-02
-7.17440155e-01 1.41788536e-02 -4.07756455e-03 2.12858700e-03 -1.12049038e-02
-7.16345296e-01 1.41178949e-02 -4.00573449e-03 2.09594062e-03 -1.11320855e-02
-7.15248670e-01 1.40542333e-02 -3.93502231e-03 2.06250787e-03 -1.10571651e-02
-7.14150280e-01 1.39878812e-02 -3.86536023e-03 2.02830963e-03 -1.09803896e-02
-7.13050130e-01 1.39188774e-02 -3.79668280e-03 1.99338759e-03 -1.09020090e-02
-7.11948220e-01 1.38472879e-02 -3.72892954e-03 1.95780347e-03 -1.08222747e-02
-7.10844555e-01 1.37732050e-02 -3.66204732e-03 1.92163785e-03 -1.07414376e-02
-7.09739137e-01 1.36967474e-02 -3.59599249e-03 1.88498880e-03 -1.06597468e-02
-7.08631969e-01 1.36180592e-02 -3.53073262e-03 1.84797022e-03 -1.05774479e-02
-7.07523053e-01 1.35373085e-02 -3.46624795e-03 1.81071005e-03 -1.04947819e-02
-7.06412392e-01 1.34546865e-02 -3.40253234e-03 1.77334821e-03 -1.04119837e-02
-7.05299989e-01 1.33704048e-02 -3.33959389e-03 1.73603452e-03 -1.03292813e-02
-7.04185846e-01 1.32846939e-02 -3.27745509e-03 1.69892646e-03 -1.02468948e-02
-7.03069967e-01 1.31978003e-02 -3.21615251e-03 1.66218686e-03 -1.01650353e-02
-7.01952354e-01 1.31099835e-02 -3.15573612e-03 1.62598158e-03 -1.00839041e-02
-7.00833010e-01 1.30215136e-02 -3.09626817e-03 1.59047725e-03 -1.00036921e-02
-6.99711937e-01 1.29326671e-02 -3.03782166e-03 1.55583896e-03 -9.92457894e-03
-6.98589139e-01 1.28437242e-02 -2.98047852e-03 1.52222812e-03 -9.84673236e-03
-6.97464618e-01 1.27549647e-02 -2.92432740e-03 1.48980037e-03 -9.77030753e-03
-6.96338377e-01 1.26666645e-02 -2.86946128e-03 1.45870366e-03 -9.69544642e-03
-6.95210419e-01 1.25790918e-02 -2.81597474e-03 1.42907648e-03 -9.62227719e-03
-6.94080746e-01 1.24925034e-02 -2.76396121e-03 1.40104630e-03 -9.55091355e-03
-6.92949362e-01 1.24071408e-02 -2.71351004e-03 1.37472816e-03 -9.48145417e-03
-6.91816268e-01 1.23232271e-02 -2.66470348e-03 1.35022354e-03 -9.41398201e-03
-6.90681469e-01 1.22409629e-02 -2.61761384e-03 1.32761945e-03 -9.34856381e-03
-6.89544966e-01 1.21605240e-02 -2.57230057e-03 1.30698770e-03 -9.28524941e-03
-6.88406763e-01 1.20820577e-02 -2.52880758e-03 1.28838449e-03 -9.22407119e-03
-6.87266861e-01 1.20056807e-02 -2.48716076e-03 1.27185020e-03 -9.16504354e-03
-6.86125265e-01 1.19314766e-02 -2.44736575e-03 1.25740943e-03 -9.10816232e-03
-6.84981977e-01 1.18594943e-02 -2.40940600e-03 1.24507127e-03 -9.05340437e-03
-6.83837000e-01 1.17897464e-02 -2.37324126e-03 1.23482978e-03 -9.00072715e-03
-6.82690336e-01 1.17222083e-02 -2.33880638e-03 1.22666468e-03 -8.95006835e-03
-6.81541988e-01 1.16568177e-02 -2.30601062e-03 1.22054223e-03 -8.90134572e-03
-6.80391960e-01 1.15934746e-02 -2.27473738e-03 1.21641633e-03 -8.85445687e-03
-6.79240254e-01 1.15320421e-02 -2.24484441e-03 1.21422965e-03 -8.80927934e-03
-6.78086872e-01 1.14723469e-02 -2.21616451e-03 1.21391502e-03 -8.76567069e-03
-6.76931818e-01 1.14141812e-02 -2.18850673e-03 1.21539683e-03 -8.72346884e-03
-6.75775095e-01 1.13573046e-02 -2.16165799e-03 1.21859256e-03 -8.68249252e-03
-6.74616706e-01 1.13014467e-02 -2.13538524e-03 1.22341434e-03 -8.64254192e-03
-6.73456652e-01 1.12463097e-02 -2.10943799e-03 1.22977054e-03 -8.60339959e-03
-6.72294938e-01 1.11915718e-02 -2.08355129e-03 1.23756737e-03 -8.56483141e-03
-6.71131566e-01 1.11368913e-02 -2.05744905e-03 1.24671043e-03 -8.52658791e-03
-6.69966538e-01 1.10819101e-02 -2.03084766e-03 1.25710626e-03 -8.48840572e-03
-6.68799859e-01 1.10262580e-02 -2.00345995e-03 1.26866378e-03 -8.45000922e-03
-6.67631530e-01 1.09695578e-02 -1.97499930e-03 1.28129564e-03 -8.41111243e-03
-6.66461554e-01 1.09114293e-02 -1.94518390e-03 1.29491950e-03 -8.37142110e-03
-6.65289935e-01 1.08514945e-02 -1.91374117e-03 1.30945914e-03 -8.33063490e-03
-6.64116675e-01 1.07893823e-02 -1.88041209e-03 1.32484542e-03 -8.28844993e-03
-6.62941778e-01 1.07247334e-02 -1.84495563e-03 1.34101718e-03 -8.24456120e-03
-6.61765245e-01 1.06572052e-02 -1.80715298e-03 1.35792184e-03 -8.19866541e-03
-6.60587080e-01 1.05864763e-02 -1.76681161e-03 1.37551589e-03 -8.15046373e-03
-6.59407287e-01 1.05122508e-02 -1.72376916e-03 1.39376526e-03 -8.09966469e-03
-6.58225867e-01 1.04342631e-02 -1.67789699e-03 1.41264542e-03 -8.04598715e-03
-6.57042824e-01 1.03522811e-02 -1.62910342e-03 1.43214133e-03 -7.98916324e-03
-6.55858160e-01 1.02661104e-02 -1.57733650e-03 1.45224724e-03 -7.92894135e-03
-6.54671879e-01 1.01755970e-02 -1.52258647e-03 1.47296629e-03 -7.86508906e-03
-6.53483983e-01 1.00806305e-02 -1.46488762e-03 1.49430997e-03 -7.79739593e-03
-6.52294476e-01 9.98114590e-03 -1.40431966e-03 1.51629736e-03 -7.72567633e-03
-6.51103360e-01 9.87712579e-03 -1.34100862e-03 1.53895436e-03 -7.64977193e-03
-6.49910639e-01 9.76860139e-03 -1.27512715e-03 1.56231261e-03 -7.56955421e-03
-6.48716314e-01 9.65565334e-03 -1.20689418e-03 1.58640847e-03 -7.48492663e-03
-6.47520390e-01 9.53841189e-03 -1.13657417e-03 1.61128177e-03 -7.39582660e-03
-6.46322869e-01 9.41705647e-03 -1.06447563e-03 1.63697456e-03 -7.30222725e-03
-6.45123754e-01 9.29181485e-03 -9.90949208e-04 1.66352974e-03 -7.20413880e-03
-6.43923048e-01 9.16296161e-03 -9.16385142e-04 1.69098967e-03 -7.10160970e-03
-6.42720754e-01 9.03081622e-03 -8.41210288e-04 1.71939476e-03 -6.99472744e-03
-6.41516875e-01 8.89574053e-03 -7.65884604e-04 1.74878205e-03 -6.88361895e-03
-6.40311414e-01 8.75813588e-03 -6.90897223e-04 1.77918376e-03 -6.76845074e-03
-6.39104373e-01 8.61843970e-03 -6.16762113e-04 1.81062593e-03 -6.64942856e-03
-6.37895757e-01 8.47712175e-03 -5.44013391e-04 1.84312708e-03 -6.52679683e-03
-6.36685567e-01 8.33468004e-03 -4.73200332e-04 1.87669692e-03 -6.40083758e-03
-6.35473807e-01 8.19163639e-03 -4.04882136e-04 1.91133516e-03 -6.27186910e-03
-6.34260480e-01 8.04853182e-03 -3.39622498e-04 1.94703046e-03 -6.14024422e-03
-6.33045589e-01 7.90592163e-03 -2.77984060e-04 1.98375937e-03 -6.00634821e-03
-6.31829137e-01 7.76437046e-03 -2.20522785e-04 2.02148554e-03 -5.87059647e-03
-6.30611126e-01 7.62444717e-03 -1.67782326e-04 2.06015899e-03 -5.73343175e-03
-6.29391561e-01 7.48671977e-03 -1.20288456e-04 2.09971551e-03 -5.59532125e-03
-6.28170443e-01 7.35175030e-03 -7.85435961e-05 2.14007625e-03 -5.45675338e-03
-6.26947776e-01 7.22008982e-03 -4.30215286e-05 2.18114748e-03 -5.31823428e-03
-6.25723562e-01 7.09227359e-03 -1.41623310e-05 2.22282050e-03 -5.18028427e-03
-6.24497806e-01 6.96881636e-03 7.63240834e-06 2.26497169e-03 -5.04343395e-03
-6.23270509e-01 6.85020789e-03 2.20040435e-05 2.30746278e-03 -4.90822041e-03
-6.22041676e-01 6.73690885e-03 2.86409489e-05 2.35014127e-03 -4.77518312e-03
-6.20811308e-01 6.62934690e-03 2.72821783e-05 2.39284099e-03 -4.64485997e-03
-6.19579410e-01 6.52791326e-03 1.77206690e-05 2.43538288e-03 -4.51778320e-03
-6.18345983e-01 6.43295953e-03 -1.94040363e-07 2.47757585e-03 -4.39447533e-03
-6.17111031e-01 6.34479506e-03 -2.65536076e-05 2.51921787e-03 -4.27544529e-03
-6.15874558e-01 6.26368466e-03 -6.13892188e-05 2.56009716e-03 -4.16118447e-03
-6.14636565e-01 6.18984678e-03 -1.04670472e-04 2.59999346e-03 -4.05216308e-03
-6.13397057e-01 6.12345220e-03 -1.56304823e-04 2.63867954e-03 -3.94882656e-03
-6.12156036e-01 6.06462310e-03 -2.16137597e-04 2.67592270e-03 -3.85159222e-03
-6.10913506e-01 6.01343270e-03 -2.83952565e-04 2.71148645e-03 -3.76084617e-03
-6.09669468e-01 5.96990527e-03 -3.59473082e-04 2.74513217e-03 -3.67694038e-03
-6.08423928e-01 5.93401661e-03 -4.42363768e-04 2.77662093e-03 -3.60019015e-03
-6.07176887e-01 5.90569505e-03 -5.32232724e-04 2.80571530e-03 -3.53087181e-03
-6.05928348e-01 5.88482272e-03 -6.28634250e-04 2.83218122e-03 -3.46922071e-03
-6.04678315e-01 5.87123734e-03 -7.31072053e-04 2.85578986e-03 -3.41542960e-03
-6.03426791e-01 5.86473431e-03 -8.39002894e-04 2.87631947e-03 -3.36964731e-03
-6.02173778e-01 5.86506914e-03 -9.51840660e-04 2.89355726e-03 -3.33197778e-03
-6.00919281e-01 5.87196019e-03 -1.06896081e-03 2.90730117e-03 -3.30247945e-03
-5.99663302e-01 5.88509165e-03 -1.18970515e-03 2.91736169e-03 -3.28116498e-03
-5.98405843e-01 5.90411681e-03 -1.31338690e-03 2.92356349e-03 -3.26800136e-03
-5.97146909e-01 5.92866140e-03 -1.43929601e-03 2.92574704e-03 -3.26291028e-03
-5.95886503e-01 5.95832722e-03 -1.56670464e-03 2.92377016e-03 -3.26576892e-03
-5.94624627e-01 5.99269575e-03 -1.69487284e-03 2.91750940e-03 -3.27641103e-03
-5.93361284e-01 6.03133188e-03 -1.82305422e-03 2.90686127e-03 -3.29462825e-03
-5.92096478e-01 6.07378767e-03 -1.95050178e-03 2.89174347e-03 -3.32017187e-03
-5.90830212e-01 6.11960612e-03 -2.07647361e-03 2.87209580e-03 -3.35275467e-03
-5.89562488e-01 6.16832478e-03 -2.20023857e-03 2.84788108e-03 -3.39205323e-03
-5.88293311e-01 6.21947946e-03 -2.32108189e-03 2.81908576e-03 -3.43771023e-03
-5.87022683e-01 6.27260762e-03 -2.43831049e-03 2.78572048e-03 -3.48933721e-03
-5.85750607e-01 6.32725178e-03 -2.55125819e-03 2.74782037e-03 -3.54651727e-03
-5.84477087e-01 6.38296265e-03 -2.65929059e-03 2.70544524e-03 -3.60880817e-03
-5.83202125e-01 6.43930212e-03 -2.76180968e-03 2.65867955e-03 -3.67574532e-03
-5.81925725e-01 6.49584599e-03 -2.85825801e-03 2.60763217e-03 -3.74684510e-03
-5.80647890e-01 6.55218652e-03 -2.94812264e-03 2.55243606e-03 -3.82160811e-03
-5.79368623e-01 6.60793464e-03 -3.03093849e-03 2.49324767e-03 -3.89952255e-03
-5.78087927e-01 6.66272200e-03 -3.10629137e-03 2.43024622e-03 -3.98006760e-03
-5.76805805e-01 6.71620267e-03 -3.17382047e-03 2.36363278e-03 -4.06271686e-03
-5.75522261e-01 6.76805461e-03 -3.23322038e-03 2.29362923e-03 -4.14694166e-03
-5.74237298e-01 6.81798086e-03 -3.28424264e-03 2.22047700e-03 -4.23221448e-03
-5.72950918e-01 6.86571045e-03 -3.32669670e-03 2.14443575e-03 -4.31801215e-03
-5.71663126e-01 6.91099903e-03 -3.36045040e-03 2.06578185e-03 -4.40381910e-03
-5.70373923e-01 6.95362928e-03 -3.38542999e-03 1.98480672e-03 -4.48913041e-03
-5.69083314e-01 6.99341104e-03 -3.40161953e-03 1.90181514e-03 -4.57345477e-03
-5.67791302e-01 7.03018121e-03 -3.40905988e-03 1.81712338e-03 -4.65631729e-03
-5.66497889e-01 7.06380341e-03 -3.40784715e-03 1.73105727e-03 -4.73726213e-03
-5.65203079e-01 7.09416746e-03 -3.39813074e-03 1.64395023e-03 -4.81585499e-03
-5.63906875e-01 7.12118869e-03 -3.38011093e-03 1.55614116e-03 -4.89168536e-03
-5.62609281e-01 7.14480698e-03 -3.35403601e-03 1.46797242e-03 -4.96436860e-03
-5.61310299e-01 7.16498579e-03 -3.32019916e-03 1.37978763e-03 -5.03354776e-03
-5.60009933e-01 7.18171089e-03 -3.27893489e-03 1.29192958e-03 -5.09889523e-03
-5.58708186e-01 7.19498912e-03 -3.23061523e-03 1.20473809e-03 -5.16011409e-03
-5.57405060e-01 7.20484699e-03 -3.17564571e-03 1.11854789e-03 -5.21693927e-03
-5.56100561e-01 7.21132917e-03 -3.11446107e-03 1.03368656e-03 -5.26913844e-03
-5.54794689e-01 7.21449697e-03 -3.04752089e-03 9.50472517e-04 -5.31651261e-03
-5.53487450e-01 7.21442679e-03 -2.97530509e-03 8.69213039e-04 -5.35889656e-03
-5.52178845e-01 7.21120848e-03 -2.89830933e-03 7.90202404e-04 -5.39615893e-03
-5.50868879e-01 7.20494375e-03 -2.81704049e-03 7.13720112e-04 -5.42820214e-03
-5.49557555e-01 7.19574456e-03 -2.73201212e-03 6.40029207e-04 -5.45496197e-03
-5.48244874e-01 7.18373154e-03 -2.64374004e-03 5.69374737e-04 -5.47640701e-03
-5.46930842e-01 7.16903244e-03 -2.55273802e-03 5.01982323e-04 -5.49253778e-03
-5.45615461e-01 7.15178064e-03 -2.45951364e-03 4.38056888e-04 -5.50338568e-03
-5.44298735e-01 7.13211366e-03 -2.36456443e-03 3.77781530e-04 -5.50901169e-03
-5.42980666e-01 7.11017182e-03 -2.26837420e-03 3.21316554e-04 -5.50950494e-03
-5.41661258e-01 7.08609691e-03 -2.17140965e-03 2.68798674e-04 -5.50498098e-03
-5.40340514e-01 7.06003093e-03 -2.07411734e-03 2.20340382e-04 -5.49558003e-03
-5.39018438e-01 7.03211499e-03 -1.97692095e-03 1.76029504e-04 -5.48146494e-03
-5.37695032e-01 7.00248822e-03 -1.88021891e-03 1.35928926e-04 -5.46281910e-03
-5.36370301e-01 6.97128681e-03 -1.78438245e-03 1.00076511e-04 -5.43984422e-03
-5.35044246e-01 6.93864312e-03 -1.68975390e-03 6.84851914e-05 -5.41275802e-03
-5.33716872e-01 6.90468494e-03 -1.59664552e-03 4.11432530e-05 -5.38179184e-03
-5.32388182e-01 6.86953480e-03 -1.50533862e-03 1.80147890e-05 -5.34718824e-03
-5.31058179e-01 6.83330938e-03 -1.41608308e-03 -9.59662663e-07 -5.30919856e-03
-5.29726866e-01 6.79611905e-03 -1.32909724e-03 -1.58623146e-05 -5.26808045e-03
-5.28394247e-01 6.75806748e-03 -1.24456816e-03 -2.67971593e-05 -5.22409550e-03
-5.27060325e-01 6.71925132e-03 -1.16265217e-03 -3.38888421e-05 -5.17750687e-03
-5.25725102e-01 6.67976010e-03 -1.08347575e-03 -3.72813872e-05 -5.12857700e-03
-5.24388584e-01 6.63967600e-03 -1.00713674e-03 -3.71367866e-05 -5.07756544e-03
-5.23050772e-01 6.59907395e-03 -9.33705740e-04 -3.36334633e-05 -5.02472675e-03
-5.21711670e-01 6.55802163e-03 -8.63227765e-04 -2.69646230e-05 -4.97030861e-03
-5.20371281e-01 6.51657965e-03 -7.95724116e-04 -1.73365064e-05 -4.91455003e-03
-5.19029610e-01 6.47480178e-03 -7.31194370e-04 -4.96655767e-06 -4.85767973e-03
-5.17686658e-01 6.43273523e-03 -6.69618524e-04 9.91847466e-06 -4.79991476e-03
-5.16342429e-01 6.39042105e-03 -6.10959215e-04 2.70844898e-05 -4.74145925e-03
-5.14996927e-01 6.34789452e-03 -5.55163993e-04 4.62920217e-05 -4.68250345e-03
-5.13650155e-01 6.30518571e-03 -5.02167623e-04 6.72982437e-05 -4.62322289e-03
-5.12302117e-01 6.26231994e-03 -4.51894363e-04 8.98589748e-05 -4.56377785e-03
-5.10952815e-01 6.21931843e-03 -4.04260198e-04 1.13730668e-04 -4.50431299e-03
-5.09602252e-01 6.17619886e-03 -3.59175005e-04 1.38672363e-04 -4.44495727e-03
-5.08250433e-01 6.13297613e-03 -3.16544608e-04 1.64447591e-04 -4.38582398e-03
-5.06897361e-01 6.08966292e-03 -2.76272710e-04 1.90826205e-04 -4.32701108e-03
-5.05543038e-01 6.04627048e-03 -2.38262679e-04 2.17586131e-04 -4.26860172e-03
-5.04187469e-01 6.00280929e-03 -2.02419161e-04 2.44515012e-04 -4.21066490e-03
-5.02830656e-01 5.95928980e-03 -1.68649521e-04 2.71411739e-04 -4.15325634e-03
-5.01472604e-01 5.91572307e-03 -1.36865085e-04 2.98087857e-04 -4.09641951e-03
-5.00113314e-01 5.87212153e-03 -1.06982190e-04 3.24368821e-04 -4.04018677e-03
-4.98752791e-01 5.82849955e-03 -7.89230262e-05 3.50095103e-04 -3.98458065e-03
-4.97391039e-01 5.78487414e-03 -5.26162744e-05 3.75123138e-04 -3.92961518e-03
-4.96028059e-01 5.74126543e-03 -2.79975471e-05 3.99326095e-04 -3.87529733e-03
-4.94663856e-01 5.69769729e-03 -5.00963130e-06 4.22594471e-04 -3.82162848e-03
-4.93298434e-01 5.65419769e-03 1.63974541e-05 4.44836510e-04 -3.76860585e-03
-4.91931794e-01 5.61079916e-03 3.62665762e-05 4.65978424e-04 -3.71622400e-03
-4.90563942e-01 5.56753905e-03 5.46337674e-05 4.85964442e-04 -3.66447624e-03
-4.89194880e-01 5.52445976e-03 7.15286503e-05 5.04756667e-04 -3.61335596e-03
-4.87824611e-01 5.48160890e-03 8.69749917e-05 5.22334751e-04 -3.56285795e-03
-4.86453139e-01 5.43903929e-03 1.00991366e-04 5.38695400e-04 -3.51297951e-03
-4.85080468e-01 5.39680889e-03 1.13591913e-04 5.53851704e-04 -3.46372151e-03
-4.83706600e-01 5.35498066e-03 1.24787157e-04 5.67832310e-04 -3.41508924e-03
-4.82331539e-01 5.31362225e-03 1.34584892e-04 5.80680442e-04 -3.36709317e-03
-4.80955289e-01 5.27280566e-03 1.42991084e-04 5.92452783e-04 -3.31974943e-03
-4.79577853e-01 5.23260670e-03 1.50010794e-04 6.03218244e-04 -3.27308020e-03
-4.78199234e-01 5.19310445e-03 1.55649088e-04 6.13056603e-04 -3.22711383e-03
-4.76819436e-01 5.15438055e-03 1.59911928e-04 6.22057077e-04 -3.18188485e-03
-4.75438462e-01 5.11651844e-03 1.62807021e-04 6.30316797e-04 -3.13743369e-03
-4.74056315e-01 5.07960250e-03 1.64344612e-04 6.37939242e-04 -3.09380624e-03
-4.72672999e-01 5.04371715e-03 1.64538208e-04 6.45032627e-04 -3.05105329e-03
-4.71288518e-01 5.00894579e-03 1.63405226e-04 6.51708274e-04 -3.00922971e-03
-4.69902874e-01 4.97536985e-03 1.60967553e-04 6.58078986e-04 -2.96839350e-03
-4.68516071e-01 4.94306764e-03 1.57252005e-04 6.64257440e-04 -2.92860473e-03
-4.67128113e-01 4.91211329e-03 1.52290693e-04 6.70354619e-04 -2.88992431e-03
-4.65739003e-01 4.88257566e-03 1.46121281e-04 6.76478301e-04 -2.85241271e-03
-4.64348744e-01 4.85451720e-03 1.38787135e-04 6.82731627e-04 -2.81612859e-03
-4.62957340e-01 4.82799293e-03 1.30337376e-04 6.89211753e-04 -2.78112736e-03
-4.61564795e-01 4.80304936e-03 1.20826823e-04 6.96008622e-04 -2.74745976e-03
-4.60171111e-01 4.77972362e-03 1.10315840e-04 7.03203841e-04 -2.71517043e-03
-4.58776292e-01 4.75804246e-03 9.88700857e-05 7.10869711e-04 -2.68429654e-03
-4.57380342e-01 4.73802156e-03 8.65601847e-05 7.19068382e-04 -2.65486642e-03
-4.55983264e-01 4.71966476e-03 7.34613077e-05 7.27851180e-04 -2.62689843e-03
-4.54585061e-01 4.70296356e-03 5.96526881e-05 7.37258076e-04 -2.60039979e-03
-4.53185738e-01 4.68789667e-03 4.52170739e-05 7.47317335e-04 -2.57536564e-03
-4.51785296e-01 4.67442969e-03 3.02401273e-05 7.58045325e-04 -2.55177832e-03
-4.50383741e-01 4.66251505e-03 1.48097822e-05 7.69446492e-04 -2.52960670e-03
-4.48981074e-01 4.65209200e-03 -9.84430891e-07 7.81513507e-04 -2.50880587e-03
-4.47577301e-01 4.64308679e-03 -1.70520817e-05 7.94227571e-04 -2.48931696e-03
-4.46172424e-01 4.63541310e-03 -3.33025487e-05 8.07558875e-04 -2.47106719e-03
-4.44766446e-01 4.62897250e-03 -4.96457305e-05 8.21467210e-04 -2.45397021e-03
-4.43359371e-01 4.62365522e-03 -6.59927496e-05 8.35902717e-04 -2.43792666e-03
-4.41951203e-01 4.61934097e-03 -8.22566400e-05 8.50806759e-04 -2.42282493e-03
-4.40541946e-01 4.61589998e-03 -9.83530114e-05 8.66112906e-04 -2.40854216e-03
-4.39131601e-01 4.61319415e-03 -1.14200681e-04 8.81748024e-04 -2.39494555e-03
-4.37720174e-01 4.61107831e-03 -1.29722264e-04 8.97633442e-04 -2.38189371e-03
-4.36307667e-01 4.60940169e-03 -1.44844728e-04 9.13686182e-04 -2.36923835e-03
-4.34894084e-01 4.60800936e-03 -1.59499884e-04 9.29820245e-04 -2.35682606e-03
-4.33479429e-01 4.60674384e-03 -1.73624834e-04 9.45947919e-04 -2.34450020e-03
-4.32063705e-01 4.60544674e-03 -1.87162351e-04 9.61981104e-04 -2.33210298e-03
-4.30646915e-01 4.60396044e-03 -2.00061207e-04 9.77832623e-04 -2.31947757e-03
-4.29229063e-01 4.60212979e-03 -2.12276425e-04 9.93417520e-04 -2.30647023e-03
-4.27810152e-01 4.59980376e-03 -2.23769473e-04 1.00865430e-03 -2.29293254e-03
-4.26390187e-01 4.59683717e-03 -2.34508389e-04 1.02346612e-03 -2.27872349e-03
-4.24969170e-01 4.59309223e-03 -2.44467831e-04 1.03778190e-03 -2.26371165e-03
-4.23547105e-01 4.58844011e-03 -2.53629074e-04 1.05153733e-03 -2.24777709e-03
-4.22123995e-01 4.58276233e-03 -2.61979922e-04 1.06467581e-03 -2.23081333e-03
-4.20699844e-01 4.57595211e-03 -2.69514566e-04 1.07714924e-03 -2.21272902e-03
-4.19274656e-01 4.56791557e-03 -2.76233371e-04 1.08891865e-03 -2.19344949e-03
-4.17848434e-01 4.55857267e-03 -2.82142605e-04 1.09995480e-03 -2.17291807e-03
-4.16421181e-01 4.54785818e-03 -2.87254106e-04 1.11023852e-03 -2.15109715e-03
-4.14992902e-01 4.53572228e-03 -2.91584886e-04 1.11976096e-03 -2.12796903e-03
-4.13563599e-01 4.52213110e-03 -2.95156694e-04 1.12852370e-03 -2.10353646e-03
-4.12133276e-01 4.50706701e-03 -2.97995520e-04 1.13653868e-03 -2.07782291e-03
-4.10701936e-01 4.49052873e-03 -3.00131057e-04 1.14382797e-03 -2.05087251e-03
-4.09269584e-01 4.47253122e-03 -3.01596124e-04 1.15042343e-03 -2.02274976e-03
-4.07836222e-01 4.45310545e-03 -3.02426056e-04 1.15636622e-03 -1.99353889e-03
-4.06401855e-01 4.43229787e-03 -3.02658067e-04 1.16170611e-03 -1.96334295e-03
-4.04966485e-01 4.41016980e-03 -3.02330587e-04 1.16650080e-03 -1.93228265e-03
-4.03530117e-01 4.38679660e-03 -3.01482590e-04 1.17081497e-03 -1.90049491e-03
-4.02092753e-01 4.36226670e-03 -3.00152916e-04 1.17471933e-03 -1.86813118e-03
-4.00654398e-01 4.33668053e-03 -2.98379594e-04 1.17828955e-03 -1.83535557e-03
-3.99215055e-01 4.31014924e-03 -2.96199174e-04 1.18160510e-03 -1.80234275e-03
-3.97774727e-01 4.28279342e-03 -2.93646081e-04 1.18474805e-03 -1.76927578e-03
-3.96333418e-01 4.25474172e-03 -2.90751998e-04 1.18780181e-03 -1.73634370e-03
-3.94891132e-01 4.22612934e-03 -2.87545283e-04 1.19084988e-03 -1.70373918e-03
-3.93447872e-01 4.19709662e-03 -2.84050440e-04 1.19397451e-03 -1.67165601e-03
-3.92003642e-01 4.16778750e-03 -2.80287640e-04 1.19725546e-03 -1.64028663e-03
-3.90558445e-01 4.13834806e-03 -2.76272314e-04 1.20076873e-03 -1.60981970e-03
-3.89112285e-01 4.10892508e-03 -2.72014812e-04 1.20458535e-03 -1.58043772e-03
-3.87665165e-01 4.07966465e-03 -2.67520158e-04 1.20877020e-03 -1.55231479e-03
-3.86217089e-01 4.05071086e-03 -2.62787880e-04 1.21338094e-03 -1.52561445e-03
-3.84768060e-01 4.02220458e-03 -2.57811947e-04 1.21846702e-03 -1.50048774e-03
-3.83318083e-01 3.99428235e-03 -2.52580809e-04 1.22406876e-03 -1.47707145e-03
-3.81867160e-01 3.96707538e-03 -2.47077538e-04 1.23021658e-03 -1.45548661e-03
-3.80415296e-01 3.94070868e-03 -2.41280082e-04 1.23693036e-03 -1.43583720e-03
-3.78962493e-01 3.91530036e-03 -2.35161633e-04 1.24421887e-03 -1.41820914e-03
-3.77508756e-01 3.89096098e-03 -2.28691108e-04 1.25207943e-03 -1.40266957e-03
-3.76054088e-01 3.86779319e-03 -2.21833732e-04 1.26049765e-03 -1.38926642e-03
-3.74598493e-01 3.84589133e-03 -2.14551736e-04 1.26944737e-03 -1.37802824e-03
-3.73141973e-01 3.82534132e-03 -2.06805155e-04 1.27889070e-03 -1.36896431e-03
-3.71684534e-01 3.80622060e-03 -1.98552715e-04 1.28877830e-03 -1.36206513e-03
-3.70226177e-01 3.78859820e-03 -1.89752811e-04 1.29904970e-03 -1.35730305e-03
-3.68766908e-01 3.77253493e-03 -1.80364551e-04 1.30963388e-03 -1.35463321e-03
-3.67306729e-01 3.75808363e-03 -1.70348863e-04 1.32044994e-03 -1.35399472e-03
-3.65845645e-01 3.74528957e-03 -1.59669653e-04 1.33140792e-03 -1.35531208e-03
-3.64383658e-01 3.73419082e-03 -1.48294979e-04 1.34240974e-03 -1.35849666e-03
-3.62920772e-01 3.72481876e-03 -1.36198247e-04 1.35335030e-03 -1.36344847e-03
-3.61456992e-01 3.71719850e-03 -1.23359392e-04 1.36411864e-03 -1.37005795e-03
-3.59992320e-01 3.71134943e-03 -1.09766034e-04 1.37459924e-03 -1.37820789e-03
-3.58526760e-01 3.70728564e-03 -9.54145838e-05 1.38467338e-03 -1.38777539e-03
-3.57060317e-01 3.70501646e-03 -8.03112779e-05 1.39422056e-03 -1.39863380e-03
-3.55592992e-01 3.70454679e-03 -6.44731232e-05 1.40312001e-03 -1.41065465e-03
-3.54124791e-01 3.70587749e-03 -4.79287299e-05 1.41125218e-03 -1.42370957e-03
-3.52655716e-01 3.70900567e-03 -3.07190123e-05 1.41850030e-03 -1.43767199e-03
-3.51185772e-01 3.71392490e-03 -1.28977395e-05 1.42475193e-03 -1.45241886e-03
-3.49714961e-01 3.72062528e-03 5.46808234e-06 1.42990044e-03 -1.46783210e-03
-3.48243288e-01 3.72909354e-03 2.42980108e-05 1.43384652e-03 -1.48379998e-03
-3.46770756e-01 3.73931291e-03 4.34981654e-05 1.43649959e-03 -1.50021815e-03
-3.45297369e-01 3.75126298e-03 6.29614324e-05 1.43777918e-03 -1.51699062e-03
-3.43823131e-01 3.76491945e-03 8.25678868e-05 1.43761617e-03 -1.53403038e-03
-3.42348044e-01 3.78025378e-03 1.02185434e-04 1.43595398e-03 -1.55125986e-03
-3.40872114e-01 3.79723277e-03 1.21670674e-04 1.43274957e-03 -1.56861110e-03
-3.39395342e-01 3.81581811e-03 1.40869986e-04 1.42797439e-03 -1.58602573e-03
-3.37917734e-01 3.83596580e-03 1.59620829e-04 1.42161510e-03 -1.60345464e-03
-3.36439292e-01 3.85762562e-03 1.77753248e-04 1.41367420e-03 -1.62085750e-03
-3.34960021e-01 3.88074055e-03 1.95091572e-04 1.40417044e-03 -1.63820204e-03
-3.33479923e-01 3.90524614e-03 2.11456293e-04 1.39313909e-03 -1.65546317e-03
-3.31999003e-01 3.93107001e-03 2.26666099e-04 1.38063201e-03 -1.67262187e-03
-3.30517264e-01 3.95813129e-03 2.40540043e-04 1.36671753e-03 -1.68966399e-03
-3.29034710e-01 3.98634017e-03 2.52899821e-04 1.35148017e-03 -1.70657896e-03
-3.27551345e-01 4.01559752e-03 2.63572127e-04 1.33502013e-03 -1.72335837e-03
-3.26067172e-01 4.04579460e-03 2.72391064e-04 1.31745262e-03 -1.73999453e-03
-3.24582195e-01 4.07681294e-03 2.79200562e-04 1.29890704e-03 -1.75647901e-03
-3.23096417e-01 4.10852426e-03 2.83856782e-04 1.27952590e-03 -1.77280122e-03
-3.21609843e-01 4.14079062e-03 2.86230468e-04 1.25946367e-03 -1.78894701e-03
-3.20122475e-01 4.17346470e-03 2.86209210e-04 1.23888544e-03 -1.80489736e-03
-3.18634318e-01 4.20639021e-03 2.83699575e-04 1.21796540e-03 -1.82062726e-03
-3.17145375e-01 4.23940259e-03 2.78629089e-04 1.19688523e-03 -1.83610460e-03
-3.15655650e-01 4.27232969e-03 2.70948018e-04 1.17583243e-03 -1.85128938e-03
-3.14165146e-01 4.30499285e-03 2.60630929e-04 1.15499844e-03 -1.86613297e-03
-3.12673868e-01 4.33720796e-03 2.47677992e-04 1.13457679e-03 -1.88057769e-03
-3.11181819e-01 4.36878677e-03 2.32116011e-04 1.11476116e-03 -1.89455657e-03
-3.09689002e-01 4.39953836e-03 2.13999139e-04 1.09574339e-03 -1.90799333e-03
-3.08195421e-01 4.42927070e-03 1.93409283e-04 1.07771154e-03 -1.92080266e-03
-3.06701080e-01 4.45779235e-03 1.70456162e-04 1.06084787e-03 -1.93289063e-03
-3.05205983e-01 4.48491427e-03 1.45277027e-04 1.04532696e-03 -1.94415546e-03
-3.03710134e-01 4.51045162e-03 1.18036022e-04 1.03131383e-03 -1.95448846e-03
-3.02213535e-01 4.53422574e-03 8.89231899e-05 1.01896215e-03 -1.96377513e-03
-3.00716191e-01 4.55606606e-03 5.81531382e-05 1.00841253e-03 -1.97189659e-03
-2.99218105e-01 4.57581197e-03 2.59633575e-05 9.99790988e-04 -1.97873104e-03
-2.97719282e-01 4.59331476e-03 -7.38777884e-06 9.93207540e-04 -1.98415547e-03
-2.96219724e-01 4.60843941e-03 -4.16233216e-05 9.88754905e-04 -1.98804744e-03
-2.94719436e-01 4.62106629e-03 -7.64503308e-05 9.86507447e-04 -1.99028698e-03
-2.93218420e-01 4.63109275e-03 -1.11562712e-04 9.86520276e-04 -1.99075852e-03
-2.91716682e-01 4.63843459e-03 -1.46644269e-04 9.88828561e-04 -1.98935287e-03
-2.90214224e-01 4.64302727e-03 -1.81371938e-04 9.93447052e-04 -1.98596919e-03
-2.88711051e-01 4.64482700e-03 -2.15419164e-04 1.00036983e-03 -1.98051687e-03
-2.87207166e-01 4.64381157e-03 -2.48459372e-04 1.00957025e-03 -1.97291738e-03
-2.85702572e-01 4.63998094e-03 -2.80169494e-04 1.02100118e-03 -1.96310599e-03
-2.84197274e-01 4.63335759e-03 -3.10233506e-04 1.03459539e-03 -1.95103334e-03
-2.82691274e-01 4.62398661e-03 -3.38345927e-04 1.05026619e-03 -1.93666683e-03
-2.81184578e-01 4.61193553e-03 -3.64215228e-04 1.06790831e-03 -1.91999181e-03
-2.79677188e-01 4.59729386e-03 -3.87567119e-04 1.08739895e-03 -1.90101257e-03
-2.78169109e-01 4.58017238e-03 -4.08147661e-04 1.10859905e-03 -1.87975307e-03
-2.76660343e-01 4.56070214e-03 -4.25726156e-04 1.13135475e-03 -1.85625737e-03
-2.75150895e-01 4.53903329e-03 -4.40097790e-04 1.15549895e-03 -1.83058986e-03
-2.73640769e-01 4.51533358e-03 -4.51085979e-04 1.18085312e-03 -1.80283519e-03
-2.72129968e-01 4.48978672e-03 -4.58544398e-04 1.20722913e-03 -1.77309787e-03
-2.70618495e-01 4.46259047e-03 -4.62358656e-04 1.23443129e-03 -1.74150165e-03
-2.69106356e-01 4.43395464e-03 -4.62447599e-04 1.26225837e-03 -1.70818865e-03
-2.67593552e-01 4.40409892e-03 -4.58764223e-04 1.29050575e-03 -1.67331815e-03
-2.66080089e-01 4.37325055e-03 -4.51296183e-04 1.31896756e-03 -1.63706521e-03
-2.64565969e-01 4.34164198e-03 -4.40065898e-04 1.34743886e-03 -1.59961905e-03
-2.63051197e-01 4.30950844e-03 -4.25130236e-04 1.37571774e-03 -1.56118122e-03
-2.61535776e-01 4.27708551e-03 -4.06579808e-04 1.40360745e-03 -1.52196359e-03
-2.60019711e-01 4.24460669e-03 -3.84537854e-04 1.43091841e-03 -1.48218624e-03
-2.58503004e-01 4.21230104e-03 -3.59158762e-04 1.45747012e-03 -1.44207521e-03
-2.56985659e-01 4.18039091e-03 -3.30626220e-04 1.48309299e-03 -1.40186012e-03
-2.55467681e-01 4.14908974e-03 -2.99151047e-04 1.50762999e-03 -1.36177189e-03
-2.53949073e-01 4.11860006e-03 -2.64968714e-04 1.53093817e-03 -1.32204027e-03
-2.52429838e-01 4.08911158e-03 -2.28336609e-04 1.55289000e-03 -1.28289150e-03
-2.50909981e-01 4.06079957e-03 -1.89531064e-04 1.57337449e-03 -1.24454606e-03
-2.49389505e-01 4.03382338e-03 -1.48844200e-04 1.59229812e-03 -1.20721638e-03
-2.47868414e-01 4.00832519e-03 -1.06580627e-04 1.60958560e-03 -1.17110478e-03
-2.46346712e-01 3.98442900e-03 -6.30540447e-05 1.62518032e-03 -1.13640150e-03
-2.44824402e-01 3.96223995e-03 -1.85837855e-05 1.63904465e-03 -1.10328297e-03
-2.43301489e-01 3.94184375e-03 2.65086506e-05 1.65116000e-03 -1.07191014e-03
-2.41777975e-01 3.92330649e-03 7.19030245e-05 1.66152660e-03 -1.04242717e-03
-2.40253865e-01 3.90667463e-03 1.17283708e-04 1.67016310e-03 -1.01496025e-03
-2.38729163e-01 3.89197530e-03 1.62342913e-04 1.67710599e-03 -9.89616742e-04
-2.37203872e-01 3.87921675e-03 2.06783759e-04 1.68240875e-03 -9.66484438e-04
-2.35677996e-01 3.86838912e-03 2.50323141e-04 1.68614084e-03 -9.45631215e-04
-2.34151539e-01 3.85946532e-03 2.92694374e-04 1.68838650e-03 -9.27104845e-04
-2.32624504e-01 3.85240218e-03 3.33649565e-04 1.68924344e-03 -9.10933084e-04
-2.31096895e-01 3.84714174e-03 3.72961713e-04 1.68882130e-03 -8.97123991e-04
-2.29568717e-01 3.84361265e-03 4.10426490e-04 1.68724007e-03 -8.85666475e-04
-2.28039973e-01 3.84173172e-03 4.45863715e-04 1.68462841e-03 -8.76531055e-04
-2.26510666e-01 3.84140554e-03 4.79118478e-04 1.68112181e-03 -8.69670810e-04
-2.24980800e-01 3.84253223e-03 5.10061941e-04 1.67686084e-03 -8.65022510e-04
-2.23450380e-01 3.84500311e-03 5.38591788e-04 1.67198923e-03 -8.62507895e-04
-2.21919408e-01 3.84870449e-03 5.64632347e-04 1.66665208e-03 -8.62035089e-04
-2.20387890e-01 3.85351936e-03 5.88134374e-04 1.66099400e-03 -8.63500114e-04
-2.18855828e-01 3.85932914e-03 6.09074536e-04 1.65515733e-03 -8.66788491e-04
-2.17323226e-01 3.86601526e-03 6.27454584e-04 1.64928046e-03 -8.71776886e-04
-2.15790088e-01 3.87346072e-03 6.43300253e-04 1.64349622e-03 -8.78334796e-04
-2.14256418e-01 3.88155154e-03 6.56659911e-04 1.63793034e-03 -8.86326234e-04
-2.12722219e-01 3.89017805e-03 6.67602979e-04 1.63270012e-03 -8.95611390e-04
-2.11187496e-01 3.89923612e-03 6.76218157e-04 1.62791322e-03 -9.06048263e-04
-2.09652252e-01 3.90862814e-03 6.82611480e-04 1.62366656e-03 -9.17494218e-04
-2.08116491e-01 3.91826396e-03 6.86904245e-04 1.62004547e-03 -9.29807462e-04
-2.06580217e-01 3.92806156e-03 6.89230838e-04 1.61712296e-03 -9.42848434e-04
-2.05043433e-01 3.93794763e-03 6.89736495e-04 1.61495923e-03 -9.56481066e-04
-2.03506144e-01 3.94785797e-03 6.88575030e-04 1.61360137e-03 -9.70573927e-04
-2.01968353e-01 3.95773770e-03 6.85906565e-04 1.61308315e-03 -9.85001236e-04
-2.00430064e-01 3.96754135e-03 6.81895290e-04 1.61342517e-03 -9.99643730e-04
-1.98891280e-01 3.97723276e-03 6.76707287e-04 1.61463510e-03 -1.01438939e-03
-1.97352006e-01 3.98678489e-03 6.70508444e-04 1.61670805e-03 -1.02913401e-03
-1.95812245e-01 3.99617943e-03 6.63462481e-04 1.61962725e-03 -1.04378165e-03
-1.94272002e-01 4.00540641e-03 6.55729113e-04 1.62336477e-03 -1.05824492e-03
-1.92731279e-01 4.01446357e-03 6.47462377e-04 1.62788246e-03 -1.07244515e-03
-1.91190081e-01 4.02335575e-03 6.38809124e-04 1.63313297e-03 -1.08631241e-03
-1.89648411e-01 4.03209414e-03 6.29907698e-04 1.63906089e-03 -1.09978542e-03
-1.88106274e-01 4.04069556e-03 6.20886820e-04 1.64560404e-03 -1.11281141e-03
-1.86563673e-01 4.04918159e-03 6.11864657e-04 1.65269478e-03 -1.12534576e-03
-1.85020611e-01 4.05757781e-03 6.02948114e-04 1.66026134e-03 -1.13735169e-03
-1.83477094e-01 4.06591290e-03 5.94232315e-04 1.66822932e-03 -1.14879983e-03
-1.81933124e-01 4.07421785e-03 5.85800295e-04 1.67652302e-03 -1.15966768e-03
-1.80388705e-01 4.08252517e-03 5.77722875e-04 1.68506694e-03 -1.16993914e-03
-1.78843841e-01 4.09086809e-03 5.70058733e-04 1.69378708e-03 -1.17960394e-03
-1.77298536e-01 4.09927987e-03 5.62854634e-04 1.70261234e-03 -1.18865707e-03
-1.75752795e-01 4.10779316e-03 5.56145832e-04 1.71147576e-03 -1.19709822e-03
-1.74206619e-01 4.11643935e-03 5.49956600e-04 1.72031568e-03 -1.20493122e-03
-1.72660014e-01 4.12524808e-03 5.44300898e-04 1.72907685e-03 -1.21216351e-03
-1.71112983e-01 4.13424682e-03 5.39183137e-04 1.73771134e-03 -1.21880565e-03
-1.69565531e-01 4.14346043e-03 5.34599038e-04 1.74617940e-03 -1.22487082e-03
-1.68017660e-01 4.15291096e-03 5.30536554e-04 1.75445011e-03 -1.23037443e-03
-1.66469374e-01 4.16261738e-03 5.26976845e-04 1.76250193e-03 -1.23533375e-03
-1.64920678e-01 4.17259546e-03 5.23895274e-04 1.77032305e-03 -1.23976753e-03
-1.63371576e-01 4.18285774e-03 5.21262424e-04 1.77791161e-03 -1.24369581e-03
-1.61822070e-01 4.19341352e-03 5.19045099e-04 1.78527571e-03 -1.24713961e-03
-1.60272166e-01 4.20426895e-03 5.17207306e-04 1.79243330e-03 -1.25012084e-03
-1.58721866e-01 4.21542717e-03 5.15711198e-04 1.79941193e-03 -1.25266211e-03
-1.57171175e-01 4.22688848e-03 5.14517961e-04 1.80624821e-03 -1.25478670e-03
-1.55620096e-01 4.23865057e-03 5.13588641e-04 1.81298732e-03 -1.25651848e-03
-1.54068633e-01 4.25070879e-03 5.12884896e-04 1.81968217e-03 -1.25788193e-03
-1.52516790e-01 4.26305642e-03 5.12369667e-04 1.82639263e-03 -1.25890213e-03
-1.50964572e-01 4.27568501e-03 5.12007762e-04 1.83318446e-03 -1.25960480e-03
-1.49411981e-01 4.28858463e-03 5.11766346e-04 1.84012826e-03 -1.26001637e-03
-1.47859021e-01 4.30174422e-03 5.11615343e-04 1.84729830e-03 -1.26016398e-03
-1.46305697e-01 4.31515188e-03 5.11527744e-04 1.85477125e-03 -1.26007557e-03
-1.44752012e-01 4.32879514e-03 5.11479821e-04 1.86262493e-03 -1.25977989e-03
-1.43197970e-01 4.34266127e-03 5.11451261e-04 1.87093692e-03 -1.25930656e-03
-1.41643575e-01 4.35673747e-03 5.11425212e-04 1.87978325e-03 -1.25868599e-03
-1.40088830e-01 4.37101110e-03 5.11388258e-04 1.88923709e-03 -1.25794943e-03
-1.38533740e-01 4.38546986e-03 5.11330323e-04 1.89936740e-03 -1.25712883e-03
-1.36978309e-01 4.40010192e-03 5.11244518e-04 1.91023767e-03 -1.25625683e-03
-1.35422539e-01 4.41489604e-03 5.11126939e-04 1.92190475e-03 -1.25536652e-03
-1.33866436e-01 4.42984159e-03 5.10976423e-04 1.93441771e-03 -1.25449136e-03
-1.32310002e-01 4.44492861e-03 5.10794273e-04 1.94781679e-03 -1.25366489e-03
-1.30753243e-01 4.46014781e-03 5.10583960e-04 1.96213258e-03 -1.25292051e-03
-1.29196160e-01 4.47549048e-03 5.10350823e-04 1.97738512e-03 -1.25229121e-03
-1.27638760e-01 4.49094844e-03 5.10101755e-04 1.99358335e-03 -1.25180921e-03
-1.26081044e-01 4.50651395e-03 5.09844902e-04 2.01072461e-03 -1.25150563e-03
-1.24523017e-01 4.52217954e-03 5.09589375e-04 2.02879424e-03 -1.25141010e-03
-1.22964684e-01 4.53793789e-03 5.09344981e-04 2.04776550e-03 -1.25155041e-03
-1.21406047e-01 4.55378166e-03 5.09121984e-04 2.06759951e-03 -1.25195206e-03
-1.19847110e-01 4.56970332e-03 5.08930891e-04 2.08824544e-03 -1.25263788e-03
-1.18287878e-01 4.58569499e-03 5.08782283e-04 2.10964086e-03 -1.25362765e-03
-1.16728355e-01 4.60174821e-03 5.08686669e-04 2.13171226e-03 -1.25493768e-03
-1.15168543e-01 4.61785384e-03 5.08654390e-04 2.15437567e-03 -1.25658044e-03
-1.13608448e-01 4.63400188e-03 5.08695555e-04 2.17753756e-03 -1.25856426e-03
-1.12048072e-01 4.65018131e-03 5.08820013e-04 2.20109576e-03 -1.26089299e-03
-1.10487420e-01 4.66637999e-03 5.09037361e-04 2.22494059e-03 -1.26356577e-03
-1.08926495e-01 4.68258456e-03 5.09356985e-04 2.24895610e-03 -1.26657680e-03
-1.07365302e-01 4.69878040e-03 5.09788118e-04 2.27302139e-03 -1.26991520e-03
-1.05803844e-01 4.71495153e-03 5.10339934e-04 2.29701203e-03 -1.27356490e-03
-1.04242126e-01 4.73108070e-03 5.11021645e-04 2.32080160e-03 -1.27750465e-03
-1.02680150e-01 4.74714935e-03 5.11842613e-04 2.34426321e-03 -1.28170806e-03
-1.01117920e-01 4.76313770e-03 5.12812472e-04 2.36727108e-03 -1.28614367e-03
-9.95554419e-02 4.77902489e-03 5.13941235e-04 2.38970217e-03 -1.29077523e-03
-9.79927178e-02 4.79478907e-03 5.15239405e-04 2.41143773e-03 -1.29556189e-03
-9.64297521e-02 4.81040763e-03 5.16718063e-04 2.43236488e-03 -1.30045859e-03
-9.48665486e-02 4.82585737e-03 5.18388939e-04 2.45237813e-03 -1.30541645e-03
-9.33031111e-02 4.84111479e-03 5.20264458e-04 2.47138079e-03 -1.31038324e-03
-9.17394435e-02 4.85615631e-03 5.22357756e-04 2.48928632e-03 -1.31530396e-03
-9.01755497e-02 4.87095862e-03 5.24682657e-04 2.50601960e-03 -1.32012140e-03
-8.86114334e-02 4.88549897e-03 5.27253624e-04 2.52151796e-03 -1.32477681e-03
-8.70470987e-02 4.89975552e-03 5.30085658e-04 2.53573222e-03 -1.32921057e-03
-8.54825493e-02 4.91370768e-03 5.33194169e-04 2.54862743e-03 -1.33336294e-03
-8.39177890e-02 4.92733649e-03 5.36594802e-04 2.56018355e-03 -1.33717482e-03
-8.23528218e-02 4.94062496e-03 5.40303218e-04 2.57039585e-03 -1.34058847e-03
-8.07876515e-02 4.95355841e-03 5.44334850e-04 2.57927519e-03 -1.34354832e-03
-7.92222820e-02 4.96612488e-03 5.48704613e-04 2.58684809e-03 -1.34600170e-03
-7.76567171e-02 4.97831539e-03 5.53426595e-04 2.59315656e-03 -1.34789961e-03
-7.60909607e-02 4.99012429e-03 5.58513709e-04 2.59825776e-03 -1.34919745e-03
-7.45250166e-02 5.00154953e-03 5.63977338e-04 2.60222351e-03 -1.34985565e-03
-7.29588887e-02 5.01259294e-03 5.69826956e-04 2.60513948e-03 -1.34984035e-03
-7.13925810e-02 5.02326040e-03 5.76069747e-04 2.60710433e-03 -1.34912394e-03
-6.98260971e-02 5.03356205e-03 5.82710224e-04 2.60822857e-03 -1.34768558e-03
-6.82594410e-02 5.04351241e-03 5.89749850e-04 2.60863335e-03 -1.34551163e-03
-6.66926166e-02 5.05313044e-03 5.97186684e-04 2.60844899e-03 -1.34259597e-03
-6.51256278e-02 5.06243959e-03 6.05015038e-04 2.60781347e-03 -1.33894030e-03
-6.35584783e-02 5.07146775e-03 6.13225174e-04 2.60687077e-03 -1.33455426e-03
-6.19911720e-02 5.08024716e-03 6.21803037e-04 2.60576912e-03 -1.32945550e-03
-6.04237129e-02 5.08881428e-03 6.30730025e-04 2.60465918e-03 -1.32366967e-03
-5.88561048e-02 5.09720954e-03 6.39982825e-04 2.60369217e-03 -1.31723021e-03
-5.72883515e-02 5.10547712e-03 6.49533292e-04 2.60301797e-03 -1.31017819e-03
-5.57204570e-02 5.11366461e-03 6.59348398e-04 2.60278327e-03 -1.30256190e-03
-5.41524250e-02 5.12182260e-03 6.69390242e-04 2.60312967e-03 -1.29443641e-03
-5.25842595e-02 5.13000428e-03 6.79616141e-04 2.60419192e-03 -1.28586306e-03
-5.10159643e-02 5.13826495e-03 6.89978773e-04 2.60609614e-03 -1.27690881e-03
-4.94475433e-02 5.14666148e-03 7.00426414e-04 2.60895825e-03 -1.26764553e-03
-4.78790003e-02 5.15525177e-03 7.10903232e-04 2.61288243e-03 -1.25814922e-03
-4.63103392e-02 5.16409415e-03 7.21349659e-04 2.61795980e-03 -1.24849916e-03
-4.47415640e-02 5.17324673e-03 7.31702832e-04 2.62426722e-03 -1.23877703e-03
-4.31726784e-02 5.18276680e-03 7.41897100e-04 2.63186628e-03 -1.22906591e-03
-4.16036863e-02 5.19271019e-03 7.51864588e-04 2.64080253e-03 -1.21944938e-03
-4.00345917e-02 5.20313059e-03 7.61535822e-04 2.65110486e-03 -1.21001047e-03
-3.84653983e-02 5.21407895e-03 7.70840396e-04 2.66278513e-03 -1.20083068e-03
-3.68961100e-02 5.22560283e-03 7.79707691e-04 2.67583809e-03 -1.19198899e-03
-3.53267308e-02 5.23774585e-03 7.88067611e-04 2.69024141e-03 -1.18356089e-03
-3.37572644e-02 5.25054711e-03 7.95851361e-04 2.70595604e-03 -1.17561745e-03
-3.21877148e-02 5.26404073e-03 8.02992227e-04 2.72292678e-03 -1.16822440e-03
-3.06180858e-02 5.27825533e-03 8.09426360e-04 2.74108305e-03 -1.16144132e-03
-2.90483813e-02 5.29321369e-03 8.15093568e-04 2.76033994e-03 -1.15532088e-03
-2.74786051e-02 5.30893247e-03 8.19938070e-04 2.78059935e-03 -1.14990816e-03
-2.59087612e-02 5.32542187e-03 8.23909245e-04 2.80175147e-03 -1.14524003e-03
-2.43388534e-02 5.34268558e-03 8.26962328e-04 2.82367629e-03 -1.14134468e-03
-2.27688855e-02 5.36072065e-03 8.29059067e-04 2.84624538e-03 -1.13824125e-03
-2.11988616e-02 5.37951755e-03 8.30168320e-04 2.86932369e-03 -1.13593952e-03
-1.96287853e-02 5.39906024e-03 8.30266586e-04 2.89277157e-03 -1.13443976e-03
-1.80586606e-02 5.41932644e-03 8.29338460e-04 2.91644677e-03 -1.13373275e-03
-1.64884914e-02 5.44028789e-03 8.27377014e-04 2.94020655e-03 -1.13379979e-03
-1.49182815e-02 5.46191074e-03 8.24384071e-04 2.96390979e-03 -1.13461295e-03
-1.33480349e-02 5.48415607e-03 8.20370407e-04 2.98741907e-03 -1.13613541e-03
-1.17777553e-02 5.50698042e-03 8.15355833e-04 3.01060279e-03 -1.13832187e-03
-1.02074466e-02 5.53033644e-03 8.09369187e-04 3.03333713e-03 -1.14111917e-03
-8.63711283e-03 5.55417357e-03 8.02448214e-04 3.05550798e-03 -1.14446689e-03
-7.06675773e-03 5.57843885e-03 7.94639343e-04 3.07701273e-03 -1.14829818e-03
-5.49638519e-03 5.60307767e-03 7.85997354e-04 3.09776191e-03 -1.15254059e-03
-3.92599911e-03 5.62803464e-03 7.76584949e-04 3.11768065e-03 -1.15711699e-03
-2.35560334e-03 5.65325446e-03 7.66472210e-04 3.13671000e-03 -1.16194662e-03
-7.85201758e-04 5.67868279e-03 7.55735973e-04 3.15480795e-03 -1.16694615e-03
7.85201758e-04 5.70426710e-03 7.44459102e-04 3.17195032e-03 -1.17203076e-03
2.35560334e-03 5.72995755e-03 7.32729683e-04 3.18813132e-03 -1.17711530e-03
3.92599911e-03 5.75570779e-03 7.20640143e-04 3.20336392e-03 -1.18211548e-03
5.49638519e-03 5.78147573e-03 7.08286305e-04 3.21767997e-03 -1.18694896e-03
7.06675773e-03 5.80722429e-03 6.95766383e-04 3.23112999e-03 -1.19153659e-03
8.63711283e-03 5.83292198e-03 6.83179942e-04 3.24378277e-03 -1.19580348e-03
1.02074466e-02 5.85854353e-03 6.70626817e-04 3.25572470e-03 -1.19968008e-03
1.17777553e-02 5.88407030e-03 6.58206023e-04 3.26705883e-03 -1.20310327e-03
1.33480349e-02 5.90949069e-03 6.46014658e-04 3.27790372e-03 -1.20601728e-03
1.49182815e-02 5.93480037e-03 6.34146818e-04 3.28839206e-03 -1.20837461e-03
1.64884914e-02 5.96000240e-03 6.22692530e-04 3.29866908e-03 -1.21013680e-03
1.80586606e-02 5.98510732e-03 6.11736737e-04 3.30889080e-03 -1.21127519e-03
1.96287853e-02 6.01013296e-03 6.01358328e-04 3.31922206e-03 -1.21177148e-03
2.11988616e-02 6.03510430e-03 5.91629233e-04 3.32983454e-03 -1.21161823e-03
2.27688855e-02 6.06005307e-03 5.82613611e-04 3.34090450e-03 -1.21081921e-03
2.43388534e-02 6.08501729e-03 5.74367121e-04 3.35261060e-03 -1.20938963e-03
2.59087612e-02 6.11004074e-03 5.66936307e-04 3.36513156e-03 -1.20735630e-03
2.74786051e-02 6.13517227e-03 5.60358091e-04 3.37864387e-03 -1.20475752e-03
2.90483813e-02 6.16046502e-03 5.54659403e-04 3.39331947e-03 -1.20164298e-03
3.06180858e-02 6.18597556e-03 5.49856939e-04 3.40932347e-03 -1.19807344e-03
3.21877148e-02 6.21176303e-03 5.45957059e-04 3.42681197e-03 -1.19412034e-03
3.37572644e-02 6.23788810e-03 5.42955834e-04 3.44592993e-03 -1.18986519e-03
3.53267308e-02 6.26441196e-03 5.40839239e-04 3.46680925e-03 -1.18539895e-03
3.68961100e-02 6.29139534e-03 5.39583495e-04 3.48956685e-03 -1.18082120e-03
3.84653983e-02 6.31889735e-03 5.39155560e-04 3.51430309e-03 -1.17623928e-03
4.00345917e-02 6.34697452e-03 5.39513759e-04 3.54110027e-03 -1.17176723e-03
4.16036863e-02 6.37567972e-03 5.40608557e-04 3.57002136e-03 -1.16752475e-03
4.31726784e-02 6.40506120e-03 5.42383460e-04 3.60110901e-03 -1.16363597e-03
4.47415640e-02 6.43516159e-03 5.44776037e-04 3.63438473e-03 -1.16022823e-03
4.63103392e-02 6.46601712e-03 5.47719045e-04 3.66984832e-03 -1.15743076e-03
4.78790003e-02 6.49765671e-03 5.51141657e-04 3.70747761e-03 -1.15537329e-03
4.94475433e-02 6.53010139e-03 5.54970757e-04 3.74722841e-03 -1.15418468e-03
5.10159643e-02 6.56336357e-03 5.59132302e-04 3.78903468e-03 -1.15399147e-03
5.25842595e-02 6.59744665e-03 5.63552723e-04 3.83280905e-03 -1.15491644e-03
5.41524250e-02 6.63234460e-03 5.68160344e-04 3.87844347e-03 -1.15707722e-03
5.57204570e-02 6.66804172e-03 5.72886807e-04 3.92581015e-03 -1.16058479e-03
5.72883515e-02 6.70451250e-03 5.77668462e-04 3.97476273e-03 -1.16554215e-03
5.88561048e-02 6.74172165e-03 5.82447726e-04 4.02513764e-03 -1.17204297e-03
6.04237129e-02 6.77962421e-03 5.87174365e-04 4.07675559e-03 -1.18017024e-03
6.19911720e-02 6.81816583e-03 5.91806687e-04 4.12942337e-03 -1.18999510e-03
6.35584783e-02 6.85728311e-03 5.96312625e-04 4.18293563e-03 -1.20157569e-03
6.51256278e-02 6.89690415e-03 6.00670692e-04 4.23707693e-03 -1.21495606e-03
6.66926166e-02 6.93694910e-03 6.04870777e-04 4.29162379e-03 -1.23016528e-03
6.82594410e-02 6.97733088e-03 6.08914781e-04 4.34634688e-03 -1.24721658e-03
6.98260971e-02 7.01795599e-03 6.12817061e-04 4.40101322e-03 -1.26610666e-03
7.13925810e-02 7.05872537e-03 6.16604689e-04 4.45538850e-03 -1.28681513e-03
7.29588887e-02 7.09953533e-03 6.20317490e-04 4.50923928e-03 -1.30930412e-03
7.45250166e-02 7.14027854e-03 6.24007879e-04 4.56233523e-03 -1.33351799e-03
7.60909607e-02 7.18084510e-03 6.27740473e-04 4.61445142e-03 -1.35938327e-03
7.76567171e-02 7.22112359e-03 6.31591485e-04 4.66537038e-03 -1.38680873e-03
7.92222820e-02 7.26100215e-03 6.35647905e-04 4.71488417e-03 -1.41568565e-03
8.07876515e-02 7.30036959e-03 6.40006463e-04 4.76279642e-03 -1.44588822e-03
8.23528218e-02 7.33911645e-03 6.44772405e-04 4.80892405e-03 -1.47727419e-03
8.39177890e-02 7.37713612e-03 6.50058068e-04 4.85309905e-03 -1.50968566e-03
8.54825493e-02 7.41432582e-03 6.55981295e-04 4.89517003e-03 -1.54295004e-03
8.70470987e-02 7.45058767e-03 6.62663697e-04 4.93500352e-03 -1.57688123e-03
8.86114334e-02 7.48582959e-03 6.70228784e-04 4.97248528e-03 -1.61128092e-03
9.01755497e-02 7.51996624e-03 6.78800002e-04 5.00752123e-03 -1.64594008e-03
9.17394435e-02 7.55291985e-03 6.88498693e-04 5.04003829e-03 -1.68064063e-03
9.33031111e-02 7.58462097e-03 6.99442012e-04 5.06998504e-03 -1.71515720e-03
9.48665486e-02 7.61500922e-03 7.11740839e-04 5.09733205e-03 -1.74925906e-03
9.64297521e-02 7.64403386e-03 7.25497705e-04 5.12207217e-03 -1.78271211e-03
9.79927178e-02 7.67165433e-03 7.40804785e-04 5.14422044e-03 -1.81528109e-03
9.95554419e-02 7.69784073e-03 7.57741973e-04 5.16381393e-03 -1.84673169e-03
1.01117920e-01 7.72257417e-03 7.76375085e-04 5.18091128e-03 -1.87683285e-03
1.02680150e-01 7.74584703e-03 7.96754220e-04 5.19559212e-03 -1.90535902e-03
1.04242126e-01 7.76766315e-03 8.18912301e-04 5.20795620e-03 -1.93209248e-03
1.05803844e-01 7.78803791e-03 8.42863838e-04 5.21812241e-03 -1.95682554e-03
1.07365302e-01 7.80699825e-03 8.68603929e-04 5.22622757e-03 -1.97936283e-03
1.08926495e-01 7.82458253e-03 8.96107525e-04 5.23242510e-03 -1.99952334e-03
1.10487420e-01 7.84084039e-03 9.25328976e-04 5.23688348e-03 -2.01714253e-03
1.12048072e-01 7.85583242e-03 9.56201874e-04 5.23978459e-03 -2.03207415e-03
1.13608448e-01 7.86962979e-03 9.88639206e-04 5.24132193e-03 -2.04419196e-03
1.15168543e-01 7.88231380e-03 1.02253381e-03 5.24169867e-03 -2.05339131e-03
1.16728355e-01 7.89397531e-03 1.05775914e-03 5.24112572e-03 -2.05959034e-03
1.18287878e-01 7.90471406e-03 1.09417038e-03 5.23981955e-03 -2.06273112e-03
1.19847110e-01 7.91463797e-03 1.13160576e-03 5.23800010e-03 -2.06278037e-03
1.21406047e-01 7.92386227e-03 1.16988825e-03 5.23588856e-03 -2.05973000e-03
1.22964684e-01 7.93250861e-03 1.20882746e-03 5.23370519e-03 -2.05359725e-03
1.24523017e-01 7.94070406e-03 1.24822179e-03 5.23166705e-03 -2.04442459e-03
1.26081044e-01 7.94858005e-03 1.28786075e-03 5.22998587e-03 -2.03227922e-03
1.27638760e-01 7.95627118e-03 1.32752751e-03 5.22886587e-03 -2.01725233e-03
1.29196160e-01 7.96391405e-03 1.36700150e-03 5.22850168e-03 -1.99945790e-03
1.30753243e-01 7.97164600e-03 1.40606116e-03 5.22907641e-03 -1.97903131e-03
1.32310002e-01 7.97960373e-03 1.44448669e-03 5.23075974e-03 -1.95612754e-03
1.33866436e-01 7.98792200e-03 1.48206284e-03 5.23370620e-03 -1.93091906e-03
1.35422539e-01 7.99673219e-03 1.51858159e-03 5.23805365e-03 -1.90359354e-03
1.36978309e-01 8.00616093e-03 1.55384479e-03 5.24392185e-03 -1.87435119e-03
1.38533740e-01 8.01632867e-03 1.58766659e-03 5.25141136e-03 -1.84340195e-03
1.40088830e-01 8.02734827e-03 1.61987577e-03 5.26060252e-03 -1.81096247e-03
1.41643575e-01 8.03932363e-03 1.65031772e-03 5.27155483e-03 -1.77725294e-03
1.43197970e-01 8.05234842e-03 1.67885626e-03 5.28430647e-03 -1.74249385e-03
1.44752012e-01 8.06650474e-03 1.70537507e-03 5.29887411e-03 -1.70690265e-03
1.46305697e-01 8.08186203e-03 1.72977882e-03 5.31525311e-03 -1.67069045e-03
1.47859021e-01 8.09847598e-03 1.75199390e-03 5.33341783e-03 -1.63405881e-03
1.49411981e-01 8.11638758e-03 1.77196881e-03 5.35332243e-03 -1.59719651e-03
1.50964572e-01 8.13562237e-03 1.78967410e-03 5.37490180e-03 -1.56027668e-03
1.52516790e-01 8.15618984e-03 1.80510195e-03 5.39807288e-03 -1.52345396e-03
1.54068633e-01 8.17808299e-03 1.81826533e-03 5.42273625e-03 -1.48686209e-03
1.55620096e-01 8.20127811e-03 1.82919671e-03 5.44877799e-03 -1.45061174e-03
1.57171175e-01 8.22573485e-03 1.83794651e-03 5.47607178e-03 -1.41478878e-03
1.58721866e-01 8.25139643e-03 1.84458106e-03 5.50448127e-03 -1.37945290e-03
1.60272166e-01 8.27819019e-03 1.84918037e-03 5.53386263e-03 -1.34463680e-03
1.61822070e-01 8.30602832e-03 1.85183548e-03 5.56406734e-03 -1.31034578e-03
1.63371576e-01 8.33480896e-03 1.85264567e-03 5.59494510e-03 -1.27655789e-03
1.64920678e-01 8.36441746e-03 1.85171545e-03 5.62634684e-03 -1.24322468e-03
1.66469374e-01 8.39472802e-03 1.84915139e-03 5.65812788e-03 -1.21027241e-03
1.68017660e-01 8.42560544e-03 1.84505893e-03 5.69015103e-03 -1.17760388e-03
1.69565531e-01 8.45690732e-03 1.83953910e-03 5.72228979e-03 -1.14510081e-03
1.71112983e-01 8.48848627e-03 1.83268537e-03 5.75443138e-03 -1.11262667e-03
1.72660014e-01 8.52019252e-03 1.82458058e-03 5.78647980e-03 -1.08003017e-03
1.74206619e-01 8.55187655e-03 1.81529406e-03 5.81835860e-03 -1.04714901e-03
1.75752795e-01 8.58339204e-03 1.80487901e-03 5.85001355e-03 -1.01381425e-03
1.77298536e-01 8.61459876e-03 1.79337020e-03 5.88141501e-03 -9.79854912e-04
1.78843841e-01 8.64536566e-03 1.78078200e-03 5.91256003e-03 -9.45102890e-04
1.80388705e-01 8.67557395e-03 1.76710692e-03 5.94347405e-03 -9.09398150e-04
1.81933124e-01 8.70512013e-03 1.75231450e-03 5.97421230e-03 -8.72594012e-04
1.83477094e-01 8.73391900e-03 1.73635083e-03 6.00486071e-03 -8.34562505e-04
1.85020611e-01 8.76190655e-03 1.71913856e-03 6.03553640e-03 -7.95199694e-04
1.86563673e-01 8.78904259e-03 1.70057747e-03 6.06638763e-03 -7.54430872e-04
1.88106274e-01 8.81531330e-03 1.68054565e-03 6.09759336e-03 -7.12215529e-04
1.89648411e-01 8.84073337e-03 1.65890122e-03 6.12936212e-03 -6.68551992e-04
1.91190081e-01 8.86534785e-03 1.63548469e-03 6.16193053e-03 -6.23481659e-04
1.92731279e-01 8.88923367e-03 1.61012183e-03 6.19556115e-03 -5.77092710e-04
1.94272002e-01 8.91250068e-03 1.58262706e-03 6.23053988e-03 -5.29523221e-04
1.95812245e-01 8.93529220e-03 1.55280736e-03 6.26717284e-03 -4.80963605e-04
1.97352006e-01 8.95778519e-03 1.52046662e-03 6.30578277e-03 -4.31658286e-04
1.98891280e-01 8.98018975e-03 1.48541032e-03 6.34670497e-03 -3.81906560e-04
2.00430064e-01 9.00274814e-03 1.44745056e-03 6.39028289e-03 -3.32062578e-04
2.01968353e-01 9.02573330e-03 1.40641132e-03 6.43686325e-03 -2.82534415e-04
2.03506144e-01 9.04944665e-03 1.36213382e-03 6.48679101e-03 -2.33782190e-04
2.05043433e-01 9.07421551e-03 1.31448203e-03 6.54040397e-03 -1.86315237e-04
2.06580217e-01 9.10038983e-03 1.26334798e-03 6.59802731e-03 -1.40688302e-04
2.08116491e-01 9.12833847e-03 1.20865711e-03 6.65996797e-03 -9.74968148e-05
2.09652252e-01 9.15844502e-03 1.15037331e-03 6.72650907e-03 -5.73712406e-05
2.11187496e-01 9.19110306e-03 1.08850354e-03 6.79790434e-03 -2.09705719e-05
2.12722219e-01 9.22671117e-03 1.02310220e-03 6.87437281e-03 1.10249753e-05
2.14256418e-01 9.26566752e-03 9.54274826e-04 6.95609365e-03 3.79219862e-05
2.15790088e-01 9.30836424e-03 8.82181233e-04 7.04320137e-03 5.90224981e-05
2.17323226e-01 9.35518156e-03 8.07038005e-04 7.13578147e-03 7.36331712e-05
2.18855828e-01 9.40648191e-03 7.29120171e-04 7.23386654e-03 8.10748609e-05
2.20387890e-01 9.46260399e-03 6.48762096e-04 7.33743294e-03 8.06924637e-05
2.21919408e-01 9.52385686e-03 5.66357496e-04 7.44639813e-03 7.18648988e-05
2.23450380e-01 9.59051427e-03 4.82358556e-04 7.56061873e-03 5.40150821e-05
2.24980800e-01 9.66280926e-03 3.97274118e-04 7.67988926e-03 2.66197432e-05
2.26510666e-01 9.74092907e-03 3.11666940e-04 7.80394176e-03 -1.07810644e-05
2.28039973e-01 9.82501051e-03 2.26150032e-04 7.93244623e-03 -5.85749111e-05
2.29568717e-01 9.91513593e-03 1.41382079e-04 8.06501186e-03 -1.17068545e-04
2.31096895e-01 1.00113297e-02 5.80620056e-05 8.20118926e-03 -1.86480196e-04
2.32624504e-01 1.01135556e-02 -2.30772759e-05 8.34047343e-03 -2.66932764e-04
2.34151539e-01 1.02217147e-02 -1.01275872e-04 8.48230763e-03 -3.58448018e-04
2.35677996e-01 1.03356440e-02 -1.75754579e-04 8.62608816e-03 -4.60941924e-04
2.37203872e-01 1.04551165e-02 -2.45723130e-04 8.77116972e-03 -5.74221197e-04
2.38729163e-01 1.05798417e-02 -3.10388922e-04 8.91687174e-03 -6.97981162e-04
2.40253865e-01 1.07094667e-02 -3.68966097e-04 9.06248516e-03 -8.31804997e-04
2.41777975e-01 1.08435789e-02 -4.20684864e-04 9.20727996e-03 -9.75164389e-04
2.43301489e-01 1.09817095e-02 -4.64800932e-04 9.35051305e-03 -1.12742166e-03
2.44824402e-01 1.11233373e-02 -5.00604918e-04 9.49143663e-03 -1.28783332e-03
2.46346712e-01 1.12678937e-02 -5.27431604e-04 9.62930683e-03 -1.45555511e-03
2.47868414e-01 1.14147689e-02 -5.44668895e-04 9.76339252e-03 -1.62964839e-03
2.49389505e-01 1.15633181e-02 -5.51766357e-04 9.89298410e-03 -1.80908790e-03
2.50909981e-01 1.17128686e-02 -5.48243197e-04 1.00174024e-02 -1.99277081e-03
2.52429838e-01 1.18627275e-02 -5.33695570e-04 1.01360070e-02 -2.17952688e-03
2.53949073e-01 1.20121902e-02 -5.07803091e-04 1.02482048e-02 -2.36812972e-03
2.55467681e-01 1.21605481e-02 -4.70334452e-04 1.03534577e-02 -2.55730887e-03
2.56985659e-01 1.23070977e-02 -4.21152051e-04 1.04512898e-02 -2.74576277e-03
2.58503004e-01 1.24511492e-02 -3.60215555e-04 1.05412938e-02 -2.93217217e-03
2.60019711e-01 1.25920350e-02 -2.87584333e-04 1.06231370e-02 -3.11521402e-03
2.61535776e-01 1.27291180e-02 -2.03418707e-04 1.06965663e-02 -3.29357563e-03
2.63051197e-01 1.28617998e-02 -1.07980003e-04 1.07614114e-02 -3.46596878e-03
2.64565969e-01 1.29895280e-02 -1.62937419e-06 1.08175886e-02 -3.63114367e-03
2.66080089e-01 1.31118035e-02 1.15174584e-04 1.08651018e-02 -3.78790264e-03
2.67593552e-01 1.32281867e-02 2.41879418e-04 1.09040434e-02 -3.93511317e-03
2.69106356e-01 1.33383025e-02 3.77843541e-04 1.09345937e-02 -4.07172029e-03
2.70618495e-01 1.34418454e-02 5.22342053e-04 1.09570191e-02 -4.19675805e-03
2.72129968e-01 1.35385824e-02 6.74573581e-04 1.09716691e-02 -4.30935989e-03
2.73640769e-01 1.36283559e-02 8.33668033e-04 1.09789721e-02 -4.40876787e-03
2.75150895e-01 1.37110848e-02 9.98695185e-04 1.09794307e-02 -4.49434050e-03
2.76660343e-01 1.37867646e-02 1.16867397e-03 1.09736145e-02 -4.56555917e-03
2.78169109e-01 1.38554663e-02 1.34258234e-03 1.09621539e-02 -4.62203305e-03
2.79677188e-01 1.39173343e-02 1.51936757e-03 1.09457311e-02 -4.66350230e-03
2.81184578e-01 1.39725832e-02 1.69795688e-03 1.09250717e-02 -4.68983975e-03
2.82691274e-01 1.40214930e-02 1.87726820e-03 1.09009349e-02 -4.70105087e-03
2.84197274e-01 1.40644039e-02 2.05622095e-03 1.08741036e-02 -4.69727204e-03
2.85702572e-01 1.41017096e-02 2.23374666e-03 1.08453737e-02 -4.67876727e-03
2.87207166e-01 1.41338503e-02 2.40879939e-03 1.08155436e-02 -4.64592329e-03
2.88711051e-01 1.41613045e-02 2.58036561e-03 1.07854034e-02 -4.59924322e-03
2.90214224e-01 1.41845803e-02 2.74747367e-03 1.07557240e-02 -4.53933874e-03
2.91716682e-01 1.42042063e-02 2.90920251e-03 1.07272469e-02 -4.46692115e-03
2.93218420e-01 1.42207223e-02 3.06468963e-03 1.07006738e-02 -4.38279115e-03
2.94719436e-01 1.42346695e-02 3.21313819e-03 1.06766575e-02 -4.28782772e-03
2.96219724e-01 1.42465810e-02 3.35382318e-03 1.06557926e-02 -4.18297627e-03
2.97719282e-01 1.42569724e-02 3.48609652e-03 1.06386079e-02 -4.06923599e-03
2.99218105e-01 1.42663325e-02 3.60939117e-03 1.06255592e-02 -3.94764700e-03
3.00716191e-01 1.42751151e-02 3.72322411e-03 1.06170231e-02 -3.81927704e-03
3.02213535e-01 1.42837304e-02 3.82719815e-03 1.06132924e-02 -3.68520832e-03
3.03710134e-01 1.42925386e-02 3.92100280e-03 1.06145727e-02 -3.54652436e-03
3.05205983e-01 1.43018429e-02 4.00441386e-03 1.06209797e-02 -3.40429729e-03
3.06701080e-01 1.43118848e-02 4.07729209e-03 1.06325387e-02 -3.25957563e-03
3.08195421e-01 1.43228401e-02 4.13958089e-03 1.06491849e-02 -3.11337274e-03
3.09689002e-01 1.43348156e-02 4.19130294e-03 1.06707653e-02 -2.96665618e-03
3.11181819e-01 1.43478480e-02 4.23255613e-03 1.06970419e-02 -2.82033806e-03
3.12673868e-01 1.43619038e-02 4.26350867e-03 1.07276964e-02 -2.67526646e-03
3.14165146e-01 1.43768802e-02 4.28439350e-03 1.07623357e-02 -2.53221814e-03
3.15655650e-01 1.43926077e-02 4.29550227e-03 1.08004994e-02 -2.39189251e-03
3.17145375e-01 1.44088543e-02 4.29717878e-03 1.08416677e-02 -2.25490703e-03
3.18634318e-01 1.44253305e-02 4.28981218e-03 1.08852704e-02 -2.12179400e-03
3.20122475e-01 1.44416955e-02 4.27382993e-03 1.09306970e-02 -1.99299870e-03
3.21609843e-01 1.44575652e-02 4.24969073e-03 1.09773074e-02 -1.86887909e-03
3.23096417e-01 1.44725202e-02 4.21787746e-03 1.10244430e-02 -1.74970677e-03
3.24582195e-01 1.44861158e-02 4.17889026e-03 1.10714385e-02 -1.63566934e-03
3.26067172e-01 1.44978915e-02 4.13323994e-03 1.11176337e-02 -1.52687399e-03
3.27551345e-01 1.45073824e-02 4.08144165e-03 1.11623851e-02 -1.42335226e-03
3.29034710e-01 1.45141297e-02 4.02400906e-03 1.12050781e-02 -1.32506588e-03
3.30517264e-01 1.45176923e-02 3.96144899e-03 1.12451381e-02 -1.23191345e-03
3.31999003e-01 1.45176581e-02 3.89425671e-03 1.12820416e-02 -1.14373802e-03
3.33479923e-01 1.45136551e-02 3.82291179e-03 1.13153263e-02 -1.06033519e-03
3.34960021e-01 1.45053622e-02 3.74787459e-03 1.13446009e-02 -9.81461811e-04
3.36439292e-01 1.44925193e-02 3.66958356e-03 1.13695531e-02 -9.06844850e-04
3.37917734e-01 1.44749368e-02 3.58845308e-03 1.13899577e-02 -8.36190544e-04
3.39395342e-01 1.44525042e-02 3.50487206e-03 1.14056819e-02 -7.69193452e-04
3.40872114e-01 1.44251977e-02 3.41920326e-03 1.14166911e-02 -7.05545369e-04
3.42348044e-01 1.43930860e-02 3.33178311e-03 1.14230517e-02 -6.44943896e-04
3.43823131e-01 1.43563356e-02 3.24292223e-03 1.14249331e-02 -5.87100548e-04
3.45297369e-01 1.43152142e-02 3.15290646e-03 1.14226089e-02 -5.31748250e-04
3.46770756e-01 1.42700923e-02 3.06199837e-03 1.14164548e-02 -4.78648108e-04
3.48243288e-01 1.42214440e-02 2.97043911e-03 1.14069469e-02 -4.27595356e-04
3.49714961e-01 1.41698453e-02 2.87845072e-03 1.13946574e-02 -3.78424382e-04
3.51185772e-01 1.41159710e-02 2.78623860e-03 1.13802487e-02 -3.31012765e-04
3.52655716e-01 1.40605908e-02 2.69399414e-03 1.13644670e-02 -2.85284287e-04
3.54124791e-01 1.40045622e-02 2.60189754e-03 1.13481339e-02 -2.41210865e-04
3.55592992e-01 1.39488237e-02 2.51012049e-03 1.13321370e-02 -1.98813418e-04
3.57060317e-01 1.38943849e-02 2.41882897e-03 1.13174196e-02 -1.58161659e-04
3.58526760e-01 1.38423167e-02 2.32818572e-03 1.13049689e-02 -1.19372843e-04
3.59992320e-01 1.37937392e-02 2.23835265e-03 1.12958045e-02 -8.26095314e-05
3.61456992e-01 1.37498095e-02 2.14949288e-03 1.12909652e-02 -4.80764066e-05
3.62920772e-01 1.37117081e-02 2.06177259e-03 1.12914960e-02 -1.60162455e-05
3.64383658e-01 1.36806245e-02 1.97536234e-03 1.12984345e-02 1.32948783e-05
3.65845645e-01 1.36577429e-02 1.89043820e-03 1.13127979e-02 3.95530509e-05
3.67306729e-01 1.36442276e-02 1.80718228e-03 1.13355689e-02 6.24325219e-05
3.68766908e-01 1.36412075e-02 1.72578300e-03 1.13676835e-02 8.15921369e-05
3.70226177e-01 1.36497619e-02 1.64643486e-03 1.14100175e-02 9.66820712e-05
3.71684534e-01 1.36709060e-02 1.56933781e-03 1.14633756e-02 1.07350739e-04
3.73141973e-01 1.37055770e-02 1.49469624e-03 1.15284794e-02 1.13251748e-04
3.74598493e-01 1.37546216e-02 1.42271767e-03 1.16059578e-02 1.14050774e-04
3.76054088e-01 1.38187835e-02 1.35361103e-03 1.16963379e-02 1.09432237e-04
3.77508756e-01 1.38986930e-02 1.28758474e-03 1.18000370e-02 9.91056577e-05
3.78962493e-01 1.39948570e-02 1.22484456e-03 1.19173566e-02 8.28115882e-05
3.80415296e-01 1.41076515e-02 1.16559128e-03 1.20484769e-02 6.03270277e-05
3.81867160e-01 1.42373146e-02 1.11001830e-03 1.21934534e-02 3.14702282e-05
3.83318083e-01 1.43839420e-02 1.05830920e-03 1.23522149e-02 -3.89517697e-06
3.84768060e-01 1.45474834e-02 1.01063529e-03 1.25245633e-02 -4.58567813e-05
3.86217089e-01 1.47277419e-02 9.67153322e-04 1.27101742e-02 -9.44507935e-05
3.87665165e-01 1.49243735e-02 9.28003292e-04 1.29085999e-02 -1.49660235e-04
3.89112285e-01 1.51368901e-02 8.93306464e-04 1.31192732e-02 -2.11413963e-04
3.90558445e-01 1.53646630e-02 8.63163649e-04 1.33415135e-02 -2.79586511e-04
3.92003642e-01 1.56069288e-02 8.37653788e-04 1.35745331e-02 -3.53998736e-04
3.93447872e-01 1.58627968e-02 8.16832857e-04 1.38174456e-02 -4.34419251e-04
3.94891132e-01 1.61312573e-02 8.00733144e-04 1.40692756e-02 -5.20566573e-04
3.96333418e-01 1.64111928e-02 7.89362897e-04 1.43289683e-02 -6.12111973e-04
3.97774727e-01 1.67013883e-02 7.82706377e-04 1.45954014e-02 -7.08682920e-04
3.99215055e-01 1.70005449e-02 7.80724288e-04 1.48673967e-02 -8.09867083e-04
4.00654398e-01 1.73072927e-02 7.83354604e-04 1.51437328e-02 -9.15216787e-04
4.02092753e-01 1.76202054e-02 7.90513750e-04 1.54231578e-02 -1.02425384e-03
4.03530117e-01 1.79378149e-02 8.02098125e-04 1.57044029e-02 -1.13647466e-03
4.04966485e-01 1.82586269e-02 8.17985934e-04 1.59861950e-02 -1.25135559e-03
4.06401855e-01 1.85811356e-02 8.38039272e-04 1.62672704e-02 -1.36835828e-03
4.07836222e-01 1.89038396e-02 8.62106426e-04 1.65463877e-02 -1.48693519e-03
4.09269584e-01 1.92252570e-02 8.90024340e-04 1.68223397e-02 -1.60653488e-03
4.10701936e-01 1.95439397e-02 9.21621170e-04 1.70939659e-02 -1.72660724e-03
4.12133276e-01 1.98584878e-02 9.56718897e-04 1.73601635e-02 -1.84660848e-03
4.13563599e-01 2.01675630e-02 9.95135907e-04 1.76198977e-02 -1.96600579e-03
4.14992902e-01 2.04699009e-02 1.03668950e-03 1.78722111e-02 -2.08428170e-03
4.16421181e-01 2.07643223e-02 1.08119826e-03 1.81162322e-02 -2.20093796e-03
4.17848434e-01 2.10497438e-02 1.12848421e-03 1.83511825e-02 -2.31549909e-03
4.19274656e-01 2.13251863e-02 1.17837479e-03 1.85763827e-02 -2.42751531e-03
4.20699844e-01 2.15897826e-02 1.23070442e-03 1.87912572e-02 -2.53656516e-03
4.22123995e-01 2.18427840e-02 1.28531588e-03 1.89953378e-02 -2.64225743e-03
4.23547105e-01 2.20835645e-02 1.34206121e-03 1.91882659e-02 -2.74423275e-03
4.24969170e-01 2.23116240e-02 1.40080228e-03 1.93697934e-02 -2.84216464e-03
4.26390187e-01 2.25265902e-02 1.46141100e-03 1.95397820e-02 -2.93576006e-03
4.27810152e-01 2.27282188e-02 1.52376903e-03 1.96982021e-02 -3.02475958e-03
4.29229063e-01 2.29163921e-02 1.58776720e-03 1.98451297e-02 -3.10893713e-03
4.30646915e-01 2.30911162e-02 1.65330451e-03 1.99807421e-02 -3.18809938e-03
4.32063705e-01 2.32525178e-02 1.72028675e-03 2.01053138e-02 -3.26208485e-03
4.33479429e-01 2.34008379e-02 1.78862486e-03 2.02192095e-02 -3.33076270e-03
4.34894084e-01 2.35364264e-02 1.85823300e-03 2.03228781e-02 -3.39403136e-03
4.36307667e-01 2.36597347e-02 1.92902637e-03 2.04168447e-02 -3.45181698e-03
4.37720174e-01 2.37713067e-02 2.00091888e-03 2.05017026e-02 -3.50407175e-03
4.39131601e-01 2.38717710e-02 2.07382075e-03 2.05781044e-02 -3.55077223e-03
4.40541946e-01 2.39618301e-02 2.14763599e-03 2.06467530e-02 -3.59191761e-03
4.41951203e-01 2.40422513e-02 2.22226001e-03 2.07083923e-02 -3.62752802e-03
4.43359371e-01 2.41138556e-02 2.29757727e-03 2.07637975e-02 -3.65764292e-03
4.44766446e-01 2.41775072e-02 2.37345907e-03 2.08137658e-02 -3.68231963e-03
4.46172424e-01 2.42341029e-02 2.44976166e-03 2.08591068e-02 -3.70163189e-03
4.47577301e-01 2.42845613e-02 2.52632458e-03 2.09006331e-02 -3.71566868e-03
4.48981074e-01 2.43298123e-02 2.60296937e-03 2.09391519e-02 -3.72453317e-03
4.50383741e-01 2.43707869e-02 2.67949870e-03 2.09754560e-02 -3.72834180e-03
4.51785296e-01 2.44084074e-02 2.75569594e-03 2.10103163e-02 -3.72722359e-03
4.53185738e-01 2.44435781e-02 2.83132520e-03 2.10444740e-02 -3.72131958e-03
4.54585061e-01 2.44771769e-02 2.90613191e-03 2.10786340e-02 -3.71078242e-03
4.55983264e-01 2.45100469e-02 2.97984391e-03 2.11134593e-02 -3.69577609e-03
4.57380342e-01 2.45429894e-02 3.05217304e-03 2.11495650e-02 -3.67647578e-03
4.58776292e-01 2.45767575e-02 3.12281730e-03 2.11875147e-02 -3.65306772e-03
4.60171111e-01 2.46120505e-02 3.19146346e-03 2.12278162e-02 -3.62574923e-03
4.61564795e-01 2.46495089e-02 3.25779019e-03 2.12709194e-02 -3.59472860e-03
4.62957340e-01 2.46897109e-02 3.32147158e-03 2.13172137e-02 -3.56022514e-03
4.64348744e-01 2.47331694e-02 3.38218102e-03 2.13670274e-02 -3.52246898e-03
4.65739003e-01 2.47803298e-02 3.43959548e-03 2.14206272e-02 -3.48170098e-03
4.67128113e-01 2.48315687e-02 3.49339996e-03 2.14782188e-02 -3.43817233e-03
4.68516071e-01 2.48871939e-02 3.54329210e-03 2.15399480e-02 -3.39214413e-03
4.69902874e-01 2.49474446e-02 3.58898698e-03 2.16059027e-02 -3.34388679e-03
4.71288518e-01 2.50124925e-02 3.63022182e-03 2.16761153e-02 -3.29367914e-03
4.72672999e-01 2.50824439e-02 3.66676061e-03 2.17505661e-02 -3.24180745e-03
4.74056315e-01 2.51573422e-02 3.69839867e-03 2.18291868e-02 -3.18856414e-03
4.75438462e-01 2.52371708e-02 3.72496676e-03 2.19118643e-02 -3.13424634e-03
4.76819436e-01 2.53218570e-02 3.74633505e-03 2.19984454e-02 -3.07915418e-03
4.78199234e-01 2.54112762e-02 3.76241646e-03 2.20887417e-02 -3.02358888e-03
4.79577853e-01 2.55052561e-02 3.77316968e-03 2.21825341e-02 -2.96785071e-03
4.80955289e-01 2.56035815e-02 3.77860142e-03 2.22795782e-02 -2.91223669e-03
4.82331539e-01 2.57059997e-02 3.77876821e-03 2.23796093e-02 -2.85703821e-03
4.83706600e-01 2.58122255e-02 3.77377737e-03 2.24823477e-02 -2.80253853e-03
4.85080468e-01 2.59219465e-02 3.76378735e-03 2.25875038e-02 -2.74901021e-03
4.86453139e-01 2.60348287e-02 3.74900722e-03 2.26947829e-02 -2.69671254e-03
4.87824611e-01 2.61505216e-02 3.72969552e-03 2.28038903e-02 -2.64588892e-03
4.89194880e-01 2.62686640e-02 3.70615824e-03 2.29145357e-02 -2.59676443e-03
4.90563942e-01 2.63888887e-02 3.67874606e-03 2.30264375e-02 -2.54954340e-03
4.91931794e-01 2.65108282e-02 3.64785093e-03 2.31393269e-02 -2.50440719e-03
4.93298434e-01 2.66341190e-02 3.61390188e-03 2.32529514e-02 -2.46151225e-03
4.94663856e-01 2.67584066e-02 3.57736026e-03 2.33670782e-02 -2.42098832e-03
4.96028059e-01 2.68833495e-02 3.53871432e-03 2.34814972e-02 -2.38293702e-03
4.97391039e-01 2.70086238e-02 3.49847342e-03 2.35960229e-02 -2.34743078e-03
4.98752791e-01 2.71339265e-02 3.45716168e-03 2.37104971e-02 -2.31451208e-03
5.00113314e-01 2.72589792e-02 3.41531145e-03 2.38247902e-02 -2.28419316e-03
5.01472604e-01 2.73835308e-02 3.37345643e-03 2.39388022e-02 -2.25645614e-03
5.02830656e-01 2.75073606e-02 3.33212475e-03 2.40524639e-02 -2.23125349e-03
5.04187469e-01 2.76302802e-02 3.29183204e-03 2.41657369e-02 -2.20850910e-03
5.05543038e-01 2.77521356e-02 3.25307450e-03 2.42786137e-02 -2.18811964e-03
5.06897361e-01 2.78728086e-02 3.21632235e-03 2.43911172e-02 -2.16995640e-03
5.08250433e-01 2.79922181e-02 3.18201338e-03 2.45033003e-02 -2.15386756e-03
5.09602252e-01 2.81103205e-02 3.15054709e-03 2.46152442e-02 -2.13968084e-03
5.10952815e-01 2.82271105e-02 3.12227923e-03 2.47270577e-02 -2.12720641e-03
5.12302117e-01 2.83426205e-02 3.09751698e-03 2.48388749e-02 -2.11624022e-03
5.13650155e-01 2.84569207e-02 3.07651479e-03 2.49508539e-02 -2.10656754e-03
5.14996927e-01 2.85701179e-02 3.05947096e-03 2.50631744e-02 -2.09796666e-03
5.16342429e-01 2.86823549e-02 3.04652504e-03 2.51760354e-02 -2.09021284e-03
5.17686658e-01 2.87938083e-02 3.03775603e-03 2.52896530e-02 -2.08308220e-03
5.19029610e-01 2.89046875e-02 3.03318152e-03 2.54042577e-02 -2.07635578e-03
5.20371281e-01 2.90152321e-02 3.03275765e-03 2.55200917e-02 -2.06982346e-03
5.21711670e-01 2.91257097e-02 3.03638001e-03 2.56374066e-02 -2.06328779e-03
5.23050772e-01 2.92364133e-02 3.04388541e-03 2.57564601e-02 -2.05656767e-03
5.24388584e-01 2.93476583e-02 3.05505453e-03 2.58775139e-02 -2.04950176e-03
5.25725102e-01 2.94597797e-02 3.06961535e-03 2.60008307e-02 -2.04195164e-03
5.27060325e-01 2.95731282e-02 3.08724736e-03 2.61266714e-02 -2.03380455e-03
5.28394247e-01 2.96880675e-02 3.10758652e-03 2.62552930e-02 -2.02497581e-03
5.29726866e-01 2.98049700e-02 3.13023080e-03 2.63869454e-02 -2.01541074e-03
5.31058179e-01 2.99242135e-02 3.15474627e-03 2.65218697e-02 -2.00508613e-03
5.32388182e-01 3.00461771e-02 3.18067370e-03 2.66602953e-02 -1.99401120e-03
5.33716872e-01 3.01712377e-02 3.20753545e-03 2.68024381e-02 -1.98222802e-03
5.35044246e-01 3.02997656e-02 3.23484264e-03 2.69484983e-02 -1.96981143e-03
5.36370301e-01 3.04321210e-02 3.26210252e-03 2.70986587e-02 -1.95686835e-03
5.37695032e-01 3.05686503e-02 3.28882579e-03 2.72530826e-02 -1.94353664e-03
5.39018438e-01 3.07096818e-02 3.31453392e-03 2.74119127e-02 -1.92998337e-03
5.40340514e-01 3.08555226e-02 3.33876625e-03 2.75752693e-02 -1.91640264e-03
5.41661258e-01 3.10064550e-02 3.36108685e-03 2.77432495e-02 -1.90301290e-03
5.42980666e-01 3.11627331e-02 3.38109098e-03 2.79159256e-02 -1.89005386e-03
5.44298735e-01 3.13245800e-02 3.39841108e-03 2.80933451e-02 -1.87778303e-03
5.45615461e-01 3.14921848e-02 3.41272223e-03 2.82755293e-02 -1.86647191e-03
5.46930842e-01 3.16657004e-02 3.42374694e-03 2.84624732e-02 -1.85640188e-03
5.48244874e-01 3.18452411e-02 3.43125930e-03 2.86541453e-02 -1.84785998e-03
5.49557555e-01 3.20308810e-02 3.43508831e-03 2.88504875e-02 -1.84113440e-03
5.50868879e-01 3.22226525e-02 3.43512052e-03 2.90514154e-02 -1.83650998e-03
5.52178845e-01 3.24205455e-02 3.43130176e-03 2.92568184e-02 -1.83426370e-03
5.53487450e-01 3.26245067e-02 3.42363804e-03 2.94665606e-02 -1.83466017e-03
5.54794689e-01 3.28344395e-02 3.41219566e-03 2.96804814e-02 -1.83794729e-03
5.56100561e-01 3.30502043e-02 3.39710041e-03 2.98983968e-02 -1.84435205e-03
5.57405060e-01 3.32716196e-02 3.37853601e-03 3.01201003e-02 -1.85407663e-03
5.58708186e-01 3.34984630e-02 3.35674168e-03 3.03453643e-02 -1.86729475e-03
5.60009933e-01 3.37304729e-02 3.33200900e-03 3.05739420e-02 -1.88414845e-03
5.61310299e-01 3.39673511e-02 3.30467811e-03 3.08055691e-02 -1.90474516e-03
5.62609281e-01 3.42087650e-02 3.27513313e-03 3.10399658e-02 -1.92915536e-03
5.63906875e-01 3.44543507e-02 3.24379715e-03 3.12768386e-02 -1.95741058e-03
5.65203079e-01 3.47037169e-02 3.21112661e-03 3.15158833e-02 -1.98950205e-03
5.66497889e-01 3.49564481e-02 3.17760531e-03 3.17567871e-02 -2.02537974e-03
5.67791302e-01 3.52121092e-02 3.14373802e-03 3.19992311e-02 -2.06495202e-03
5.69083314e-01 3.54702498e-02 3.11004393e-03 3.22428932e-02 -2.10808587e-03
5.70373923e-01 3.57304086e-02 3.07704980e-03 3.24874512e-02 -2.15460758e-03
5.71663126e-01 3.59921189e-02 3.04528317e-03 3.27325851e-02 -2.20430400e-03
5.72950918e-01 3.62549130e-02 3.01526550e-03 3.29779806e-02 -2.25692433e-03
5.74237298e-01 3.65183275e-02 2.98750542e-03 3.32233319e-02 -2.31218233e-03
5.75522261e-01 3.67819087e-02 2.96249216e-03 3.34683445e-02 -2.36975905e-03
5.76805805e-01 3.70452172e-02 2.94068931e-03 3.37127387e-02 -2.42930590e-03
5.78087927e-01 3.73078336e-02 2.92252882e-03 3.39562519e-02 -2.49044818e-03
5.79368623e-01 3.75693625e-02 2.90840545e-03 3.41986419e-02 -2.55278886e-03
5.80647890e-01 3.78294381e-02 2.89867175e-03 3.44396893e-02 -2.61591268e-03
5.81925725e-01 3.80877276e-02 2.89363347e-03 3.46792004e-02 -2.67939043e-03
5.83202125e-01 3.83439362e-02 2.89354560e-03 3.49170091e-02 -2.74278344e-03
5.84477087e-01 3.85978101e-02 2.89860907e-03 3.51529795e-02 -2.80564816e-03
5.85750607e-01 3.88491403e-02 2.90896799e-03 3.53870077e-02 -2.86754079e-03
5.87022683e-01 3.90977648e-02 2.92470764e-03 3.56190236e-02 -2.92802190e-03
5.88293311e-01 3.93435715e-02 2.94585320e-03 3.58489918e-02 -2.98666102e-03
5.89562488e-01 3.95864994e-02 2.97236905e-03 3.60769132e-02 -3.04304110e-03
5.90830212e-01 3.98265402e-02 3.00415888e-03 3.63028255e-02 -3.09676282e-03
5.92096478e-01 4.00637385e-02 3.04106645e-03 3.65268036e-02 -3.14744868e-03
5.93361284e-01 4.02981921e-02 3.08287701e-03 3.67489593e-02 -3.19474685e-03
5.94624627e-01 4.05300511e-02 3.12931946e-03 3.69694414e-02 -3.23833475e-03
5.95886503e-01 4.07595166e-02 3.18006901e-03 3.71884345e-02 -3.27792226e-03
5.97146909e-01 4.09868390e-02 3.23475057e-03 3.74061577e-02 -3.31325458e-03
5.98405843e-01 4.12123153e-02 3.29294260e-03 3.76228636e-02 -3.34411481e-03
5.99663302e-01 4.14362862e-02 3.35418153e-03 3.78388356e-02 -3.37032594e-03
6.00919281e-01 4.16591324e-02 3.41796662e-03 3.80543860e-02 -3.39175262e-03
6.02173778e-01 4.18812706e-02 3.48376525e-03 3.82698530e-02 -3.40830234e-03
6.03426791e-01 4.21031485e-02 3.55101856e-03 3.84855975e-02 -3.41992630e-03
6.04678315e-01 4.23252403e-02 3.61914738e-03 3.87020002e-02 -3.42661974e-03
6.05928348e-01 4.25480410e-02 3.68755843e-03 3.89194572e-02 -3.42842189e-03
6.07176887e-01 4.27720605e-02 3.75565066e-03 3.91383763e-02 -3.42541549e-03
6.08423928e-01 4.29978182e-02 3.82282177e-03 3.93591729e-02 -3.41772586e-03
6.09669468e-01 4.32258364e-02 3.88847471e-03 3.95822653e-02 -3.40551958e-03
6.10913506e-01 4.34566341e-02 3.95202419e-03 3.98080703e-02 -3.38900279e-03
6.12156036e-01 4.36907208e-02 4.01290317e-03 4.00369983e-02 -3.36841911e-03
6.13397057e-01 4.39285900e-02 4.07056912e-03 4.02694490e-02 -3.34404716e-03
6.14636565e-01 4.41707134e-02 4.12451014e-03 4.05058060e-02 -3.31619789e-03
6.15874558e-01 4.44175344e-02 4.17425081e-03 4.07464328e-02 -3.28521146e-03
6.17111031e-01 4.46694628e-02 4.21935768e-03 4.09916677e-02 -3.25145398e-03
6.18345983e-01 4.49268687e-02 4.25944443e-03 4.12418197e-02 -3.21531390e-03
6.19579410e-01 4.51900782e-02 4.29417655e-03 4.14971639e-02 -3.17719830e-03
6.20811308e-01 4.54593680e-02 4.32327557e-03 4.17579380e-02 -3.13752898e-03
6.22041676e-01 4.57349617e-02 4.34652272e-03 4.20243384e-02 -3.09673833e-03
6.23270509e-01 4.60170261e-02 4.36376205e-03 4.22965169e-02 -3.05526524e-03
6.24497806e-01 4.63056682e-02 4.37490290e-03 4.25745781e-02 -3.01355085e-03
6.25723562e-01 4.66009327e-02 4.37992173e-03 4.28585766e-02 -2.97203429e-03
6.26947776e-01 4.69028005e-02 4.37886325e-03 4.31485157e-02 -2.93114847e-03
6.28170443e-01 4.72111877e-02 4.37184091e-03 4.34443454e-02 -2.89131584e-03
6.29391561e-01 4.75259455e-02 4.35903655e-03 4.37459621e-02 -2.85294435e-03
6.30611126e-01 4.78468605e-02 4.34069942e-03 4.40532081e-02 -2.81642337e-03
6.31829137e-01 4.81736561e-02 4.31714445e-03 4.43658724e-02 -2.78211995e-03
6.33045589e-01 4.85059945e-02 4.28874970e-03 4.46836911e-02 -2.75037510e-03
6.34260480e-01 4.88434797e-02 4.25595320e-03 4.50063498e-02 -2.72150042e-03
6.35473807e-01 4.91856607e-02 4.21924901e-03 4.53334855e-02 -2.69577495e-03
6.36685567e-01 4.95320357e-02 4.17918266e-03 4.56646894e-02 -2.67344225e-03
6.37895757e-01 4.98820573e-02 4.13634588e-03 4.59995108e-02 -2.65470789e-03
6.39104373e-01 5.02351378e-02 4.09137076e-03 4.63374609e-02 -2.63973726e-03
6.40311414e-01 5.05906550e-02 4.04492344e-03 4.66780174e-02 -2.62865371e-03
6.41516875e-01 5.09479591e-02 3.99769715e-03 4.70206301e-02 -2.62153713e-03
6.42720754e-01 5.13063796e-02 3.95040499e-03 4.73647257e-02 -2.61842291e-03
6.43923048e-01 5.16652327e-02 3.90377222e-03 4.77097147e-02 -2.61930137e-03
6.45123754e-01 5.20238288e-02 3.85852839e-03 4.80549972e-02 -2.62411762e-03
6.46322869e-01 5.23814805e-02 3.81539921e-03 4.83999696e-02 -2.63277178e-03
6.47520390e-01 5.27375108e-02 3.77509832e-03 4.87440316e-02 -2.64511985e-03
6.48716314e-01 5.30912606e-02 3.73831912e-03 4.90865933e-02 -2.66097478e-03
6.49910639e-01 5.34420972e-02 3.70572659e-03 4.94270818e-02 -2.68010824e-03
6.51103360e-01 5.37894219e-02 3.67794937e-03 4.97649488e-02 -2.70225264e-03
6.52294476e-01 5.41326777e-02 3.65557210e-03 5.00996772e-02 -2.72710365e-03
6.53483983e-01 5.44713565e-02 3.63912815e-03 5.04307880e-02 -2.75432316e-03
6.54671879e-01 5.48050056e-02 3.62909279e-03 5.07578465e-02 -2.78354254e-03
6.55858160e-01 5.51332348e-02 3.62587701e-03 5.10804688e-02 -2.81436630e-03
6.57042824e-01 5.54557211e-02 3.62982189e-03 5.13983273e-02 -2.84637611e-03
6.58225867e-01 5.57722146e-02 3.64119380e-03 5.17111558e-02 -2.87913500e-03
6.59407287e-01 5.60825422e-02 3.66018039e-03 5.20187544e-02 -2.91219191e-03
6.60587080e-01 5.63866114e-02 3.68688745e-03 5.23209928e-02 -2.94508634e-03
6.61765245e-01 5.66844126e-02 3.72133667e-03 5.26178144e-02 -2.97735327e-03
6.62941778e-01 5.69760209e-02 3.76346451e-03 5.29092379e-02 -3.00852805e-03
6.64116675e-01 5.72615968e-02 3.81312191e-03 5.31953594e-02 -3.03815141e-03
6.65289935e-01 5.75413858e-02 3.87007520e-03 5.34763531e-02 -3.06577451e-03
6.66461554e-01 5.78157171e-02 3.93400800e-03 5.37524709e-02 -3.09096379e-03
6.67631530e-01 5.80850011e-02 4.00452410e-03 5.40240417e-02 -3.11330587e-03
6.68799859e-01 5.83497265e-02 4.08115147e-03 5.42914695e-02 -3.13241214e-03
6.69966538e-01 5.86104554e-02 4.16334720e-03 5.45552299e-02 -3.14792326e-03
6.71131566e-01 5.88678185e-02 4.25050342e-03 5.48158672e-02 -3.15951329e-03
6.72294938e-01 5.91225084e-02 4.34195405e-03 5.50739893e-02 -3.16689355e-03
6.73456652e-01 5.93752729e-02 4.43698241e-03 5.53302621e-02 -3.16981612e-03
6.74616706e-01 5.96269070e-02 4.53482955e-03 5.55854038e-02 -3.16807694e-03
6.75775095e-01 5.98782443e-02 4.63470315e-03 5.58401773e-02 -3.16151849e-03
6.76931818e-01 6.01301482e-02 4.73578705e-03 5.60953832e-02 -3.15003195e-03
6.78086872e-01 6.03835016e-02 4.83725102e-03 5.63518509e-02 -3.13355895e-03
6.79240254e-01 6.06391973e-02 4.93826099e-03 5.66104308e-02 -3.11209278e-03
6.80391960e-01 6.08981275e-02 5.03798926e-03 5.68719843e-02 -3.08567909e-03
6.81541988e-01 6.11611731e-02 5.13562480e-03 5.71373751e-02 -3.05441604e-03
6.82690336e-01 6.14291937e-02 5.23038345e-03 5.74074596e-02 -3.01845398e-03
6.83837000e-01 6.17030166e-02 5.32151778e-03 5.76830770e-02 -2.97799459e-03
6.84981977e-01 6.19834268e-02 5.40832664e-03 5.79650398e-02 -2.93328952e-03
6.86125265e-01 6.22711572e-02 5.49016405e-03 5.82541249e-02 -2.88463852e-03
6.87266861e-01 6.25668794e-02 5.56644759e-03 5.85510638e-02 -2.83238720e-03
6.88406763e-01 6.28711948e-02 5.63666588e-03 5.88565347e-02 -2.77692426e-03
6.89544966e-01 6.31846268e-02 5.70038526e-03 5.91711534e-02 -2.71867836e-03
6.90681469e-01 6.35076140e-02 5.75725543e-03 5.94954668e-02 -2.65811470e-03
6.91816268e-01 6.38405035e-02 5.80701407e-03 5.98299452e-02 -2.59573115e-03
6.92949362e-01 6.41835465e-02 5.84949023e-03 6.01749768e-02 -2.53205425e-03
6.94080746e-01 6.45368943e-02 5.88460663e-03 6.05308624e-02 -2.46763487e-03
6.95210419e-01 6.49005957e-02 5.91238062e-03 6.08978114e-02 -2.40304375e-03
6.96338377e-01 6.52745955e-02 5.93292395e-03 6.12759386e-02 -2.33886687e-03
6.97464618e-01 6.56587349e-02 5.94644118e-03 6.16652623e-02 -2.27570077e-03
6.98589139e-01 6.60527525e-02 5.95322690e-03 6.20657034e-02 -2.21414777e-03
6.99711937e-01 6.64562872e-02 5.95366171e-03 6.24770858e-02 -2.15481124e-03
7.00833010e-01 6.68688825e-02 5.94820692e-03 6.28991378e-02 -2.09829086e-03
7.01952354e-01 6.72899912e-02 5.93739827e-03 6.33314946e-02 -2.04517802e-03
7.03069967e-01 6.77189829e-02 5.92183845e-03 6.37737025e-02 -1.99605124e-03
7.04185846e-01 6.81551511e-02 5.90218876e-03 6.42252232e-02 -1.95147186e-03
7.05299989e-01 6.85977226e-02 5.87915993e-03 6.46854400e-02 -1.91197974e-03
7.06412392e-01 6.90458674e-02 5.85350211e-03 6.51536650e-02 -1.87808935e-03
7.07523053e-01 6.94987095e-02 5.82599440e-03 6.56291463e-02 -1.85028587e-03
7.08631969e-01 6.99553386e-02 5.79743383e-03 6.61110775e-02 -1.82902172e-03
7.09739137e-01 7.04148223e-02 5.76862406e-03 6.65986064e-02 -1.81471317e-03
7.10844555e-01 7.08762192e-02 5.74036396e-03 6.70908451e-02 -1.80773729e-03
7.11948220e-01 7.13385915e-02 5.71343611e-03 6.75868812e-02 -1.80842918e-03
7.13050130e-01 7.18010187e-02 5.68859557e-03 6.80857878e-02 -1.81707939e-03
7.14150280e-01 7.22626107e-02 5.66655887e-03 6.85866353e-02 -1.83393165e-03
7.15248670e-01 7.27225207e-02 5.64799351e-03 6.90885023e-02 -1.85918086e-03
7.16345296e-01 7.31799580e-02 5.63350804e-03 6.95904871e-02 -1.89297134e-03
7.17440155e-01 7.36342004e-02 5.62364299e-03 7.00917183e-02 -1.93539527e-03
7.18533244e-01 7.40846051e-02 5.61886250e-03 7.05913662e-02 -1.98649152e-03
7.19624562e-01 7.45306197e-02 5.61954713e-03 7.10886526e-02 -2.04624457e-03
7.20714105e-01 7.49717916e-02 5.62598764e-03 7.15828607e-02 -2.11458377e-03
7.21801870e-01 7.54077765e-02 5.63838003e-03 7.20733441e-02 -2.19138279e-03
7.22887856e-01 7.58383452e-02 5.65682182e-03 7.25595352e-02 -2.27645933e-03
7.23972059e-01 7.62633898e-02 5.68130960e-03 7.30409522e-02 -2.36957506e-03
7.25054476e-01 7.66829272e-02 5.71173805e-03 7.35172057e-02 -2.47043579e-03
7.26135105e-01 7.70971024e-02 5.74790017e-03 7.39880037e-02 -2.57869189e-03
7.27213943e-01 7.75061890e-02 5.78948905e-03 7.44531556e-02 -2.69393892e-03
7.28290988e-01 7.79105886e-02 5.83610087e-03 7.49125751e-02 -2.81571862e-03
7.29366237e-01 7.83108286e-02 5.88723930e-03 7.53662819e-02 -2.94352001e-03
7.30439687e-01 7.87075578e-02 5.94232111e-03 7.58144016e-02 -3.07678092e-03
7.31511336e-01 7.91015406e-02 6.00068305e-03 7.62571648e-02 -3.21488974e-03
7.32581181e-01 7.94936501e-02 6.06158974e-03 7.66949050e-02 -3.35718745e-03
7.33649219e-01 7.98848587e-02 6.12424264e-03 7.71280545e-02 -3.50297009e-03
7.34715448e-01 8.02762277e-02 6.18778991e-03 7.75571400e-02 -3.65149142e-03
7.35779864e-01 8.06688961e-02 6.25133702e-03 7.79827763e-02 -3.80196611e-03
7.36842467e-01 8.10640671e-02 6.31395799e-03 7.84056595e-02 -3.95357312e-03
7.37903252e-01 8.14629943e-02 6.37470712e-03 7.88265584e-02 -4.10545967e-03
7.38962217e-01 8.18669668e-02 6.43263107e-03 7.92463059e-02 -4.25674540e-03
7.40019360e-01 8.22772937e-02 6.48678112e-03 7.96657887e-02 -4.40652710e-03
7.41074678e-01 8.26952874e-02 6.53622547e-03 8.00859368e-02 -4.55388376e-03
7.42128168e-01 8.31222479e-02 6.58006139e-03 8.05077126e-02 -4.69788204e-03
7.43179828e-01 8.35594453e-02 6.61742711e-03 8.09320987e-02 -4.83758214e-03
7.44229655e-01 8.40081035e-02 6.64751327e-03 8.13600864e-02 -4.97204403e-03
7.45277647e-01 8.44693840e-02 6.66957385e-03 8.17926634e-02 -5.10033408e-03
7.46323801e-01 8.49443697e-02 6.68293630e-03 8.22308016e-02 -5.22153194e-03
7.47368114e-01 8.54340497e-02 6.68701096e-03 8.26754449e-02 -5.33473774e-03
7.48410585e-01 8.59393052e-02 6.68129943e-03 8.31274978e-02 -5.43907960e-03
7.49451209e-01 8.64608958e-02 6.66540198e-03 8.35878136e-02 -5.53372117e-03
7.50489985e-01 8.69994476e-02 6.63902380e-03 8.40571836e-02 -5.61786944e-03
7.51526911e-01 8.75554423e-02 6.60198002e-03 8.45363270e-02 -5.69078252e-03
7.52561982e-01 8.81292082e-02 6.55419950e-03 8.50258813e-02 -5.75177743e-03
7.53595199e-01 8.87209126e-02 6.49572736e-03 8.55263938e-02 -5.80023775e-03
7.54626556e-01 8.93305558e-02 6.42672607e-03 8.60383138e-02 -5.83562114e-03
7.55656053e-01 8.99579672e-02 6.34747535e-03 8.65619863e-02 -5.85746647e-03
7.56683685e-01 9.06028034e-02 6.25837059e-03 8.70976467e-02 -5.86540069e-03
7.57709452e-01 9.12645479e-02 6.15992010e-03 8.76454160e-02 -5.85914511e-03
7.58733350e-01 9.19425132e-02 6.05274101e-03 8.82052989e-02 -5.83852117e-03
7.59755377e-01 9.26358442e-02 5.93755400e-03 8.87771811e-02 -5.80345551e-03
7.60775531e-01 9.33435246e-02 5.81517683e-03 8.93608298e-02 -5.75398427e-03
7.61793808e-01 9.40643837e-02 5.68651689e-03 8.99558944e-02 -5.69025657e-03
7.62810206e-01 9.47971070e-02 5.55256271e-03 9.05619089e-02 -5.61253695e-03
7.63824724e-01 9.55402462e-02 5.41437457e-03 9.11782953e-02 -5.52120693e-03
7.64837357e-01 9.62922330e-02 5.27307446e-03 9.18043691e-02 -5.41676536e-03
7.65848104e-01 9.70513928e-02 5.12983529e-03 9.24393447e-02 -5.29982775e-03
7.66856963e-01 9.78159606e-02 4.98586960e-03 9.30823433e-02 -5.17112425e-03
7.67863930e-01 9.85840977e-02 4.84241792e-03 9.37324008e-02 -5.03149665e-03
7.68869004e-01 9.93539096e-02 4.70073684e-03 9.43884777e-02 -4.88189389e-03
7.69872181e-01 1.00123465e-01 4.56208690e-03 9.50494686e-02 -4.72336659e-03
7.70873460e-01 1.00890813e-01 4.42772059e-03 9.57142141e-02 -4.55706016e-03
7.71872838e-01 1.01654006e-01 4.29887038e-03 9.63815122e-02 -4.38420684e-03
7.72870312e-01 1.02411118e-01 4.17673705e-03 9.70501308e-02 -4.20611664e-03
7.73865880e-01 1.03160262e-01 4.06247837e-03 9.77188202e-02 -4.02416708e-03
7.74859540e-01 1.03899614e-01 3.95719831e-03 9.83863269e-02 -3.83979205e-03
7.75851289e-01 1.04627429e-01 3.86193681e-03 9.90514065e-02 -3.65446980e-03
7.76841124e-01 1.05342061e-01 3.77766027e-03 9.97128374e-02 -3.46971006e-03
7.77829044e-01 1.06041979e-01 3.70525277e-03 1.00369434e-01 -3.28704057e-03
7.78815045e-01 1.06725786e-01 3.64550824e-03 1.01020061e-01 -3.10799311e-03
7.79799126e-01 1.07392232e-01 3.59912353e-03 1.01663643e-01 -2.93408917e-03
7.80781283e-01 1.08040232e-01 3.56669239e-03 1.02299182e-01 -2.76682535e-03
7.81761515e-01 1.08668874e-01 3.54870064e-03 1.02925767e-01 -2.60765880e-03
7.82739819e-01 1.09277433e-01 3.54552228e-03 1.03542581e-01 -2.45799276e-03
7.83716193e-01 1.09865378e-01 3.55741674e-03 1.04148920e-01 -2.31916242e-03
7.84690634e-01 1.10432383e-01 3.58452727e-03 1.04744194e-01 -2.19242120e-03
7.85663139e-01 1.10978330e-01 3.62688036e-03 1.05327943e-01 -2.07892776e-03
7.86633708e-01 1.11503312e-01 3.68438633e-03 1.05899839e-01 -1.97973373e-03
7.87602336e-01 1.12007636e-01 3.75684093e-03 1.06459692e-01 -1.89577249e-03
7.88569022e-01 1.12491824e-01 3.84392801e-03 1.07007461e-01 -1.82784902e-03
7.89533763e-01 1.12956607e-01 3.94522317e-03 1.07543251e-01 -1.77663099e-03
7.90496556e-01 1.13402923e-01 4.06019836e-03 1.08067319e-01 -1.74264123e-03
7.91457401e-01 1.13831909e-01 4.18822739e-03 1.08580075e-01 -1.72625175e-03
7.92416293e-01 1.14244896e-01 4.32859219e-03 1.09082078e-01 -1.72767920e-03
7.93373232e-01 1.14643394e-01 4.48048990e-03 1.09574039e-01 -1.74698205e-03
7.94328214e-01 1.15029086e-01 4.64304056e-03 1.10056816e-01 -1.78405947e-03
7.95281236e-01 1.15403809e-01 4.81529542e-03 1.10531405e-01 -1.83865184e-03
7.96232298e-01 1.15769544e-01 4.99624572e-03 1.10998941e-01 -1.91034306e-03
7.97181396e-01 1.16128395e-01 5.18483191e-03 1.11460687e-01 -1.99856449e-03
7.98128528e-01 1.16482577e-01 5.37995313e-03 1.11918022e-01 -2.10260061e-03
7.99073691e-01 1.16834395e-01 5.58047695e-03 1.12372437e-01 -2.22159626e-03
8.00016884e-01 1.17186222e-01 5.78524923e-03 1.12825520e-01 -2.35456533e-03
8.00958104e-01 1.17540486e-01 5.99310399e-03 1.13278945e-01 -2.50040099e-03
8.01897349e-01 1.17899642e-01 6.20287322e-03 1.13734458e-01 -2.65788706e-03
8.02834616e-01 1.18266159e-01 6.41339654e-03 1.14193863e-01 -2.82571068e-03
8.03769903e-01 1.18642494e-01 6.62353067e-03 1.14659008e-01 -3.00247585e-03
8.04703207e-01 1.19031070e-01 6.83215845e-03 1.15131766e-01 -3.18671788e-03
8.05634528e-01 1.19434264e-01 7.03819760e-03 1.15614025e-01 -3.37691841e-03
8.06563861e-01 1.19854377e-01 7.24060891e-03 1.16107666e-01 -3.57152103e-03
8.07491206e-01 1.20293623e-01 7.43840389e-03 1.16614548e-01 -3.76894700e-03
8.08416559e-01 1.20754103e-01 7.63065183e-03 1.17136494e-01 -3.96761116e-03
8.09339918e-01 1.21237795e-01 7.81648618e-03 1.17675268e-01 -4.16593769e-03
8.10261281e-01 1.21746532e-01 7.99511020e-03 1.18232566e-01 -4.36237553e-03
8.11180646e-01 1.22281988e-01 8.16580183e-03 1.18809996e-01 -4.55541337e-03
8.12098011e-01 1.22845668e-01 8.32791782e-03 1.19409060e-01 -4.74359385e-03
8.13013373e-01 1.23438889e-01 8.48089690e-03 1.20031147e-01 -4.92552703e-03
8.13926729e-01 1.24062775e-01 8.62426224e-03 1.20677511e-01 -5.09990279e-03
8.14838079e-01 1.24718245e-01 8.75762297e-03 1.21349263e-01 -5.26550213e-03
8.15747419e-01 1.25406007e-01 8.88067477e-03 1.22047358e-01 -5.42120716e-03
8.16654747e-01 1.26126553e-01 8.99319974e-03 1.22772583e-01 -5.56600976e-03
8.17560061e-01 1.26880152e-01 9.09506525e-03 1.23525552e-01 -5.69901883e-03
8.18463359e-01 1.27666855e-01 9.18622205e-03 1.24306694e-01 -5.81946595e-03
8.19364639e-01 1.28486487e-01 9.26670152e-03 1.25116250e-01 -5.92670958e-03
8.20263897e-01 1.29338658e-01 9.33661217e-03 1.25954269e-01 -6.02023766e-03
8.21161133e-01 1.30222757e-01 9.39613533e-03 1.26820603e-01 -6.09966863e-03
8.22056344e-01 1.31137969e-01 9.44552025e-03 1.27714909e-01 -6.16475099e-03
8.22949527e-01 1.32083272e-01 9.48507846e-03 1.28636648e-01 -6.21536133e-03
8.23840681e-01 1.33057456e-01 9.51517762e-03 1.29585091e-01 -6.25150099e-03
8.24729804e-01 1.34059125e-01 9.53623481e-03 1.30559322e-01 -6.27329137e-03
8.25616892e-01 1.35086718e-01 9.54870943e-03 1.31558244e-01 -6.28096806e-03
8.26501944e-01 1.36138515e-01 9.55309567e-03 1.32580590e-01 -6.27487387e-03
8.27384958e-01 1.37212661e-01 9.54991477e-03 1.33624930e-01 -6.25545089e-03
8.28265931e-01 1.38307172e-01 9.53970699e-03 1.34689689e-01 -6.22323175e-03
8.29144862e-01 1.39419963e-01 9.52302357e-03 1.35773151e-01 -6.17883025e-03
8.30021748e-01 1.40548859e-01 9.50041857e-03 1.36873484e-01 -6.12293143e-03
8.30896587e-01 1.41691615e-01 9.47244082e-03 1.37988748e-01 -6.05628137e-03
8.31769377e-01 1.42845941e-01 9.43962600e-03 1.39116917e-01 -5.97967677e-03
8.32640115e-01 1.44009513e-01 9.40248899e-03 1.40255898e-01 -5.89395455e-03
8.33508800e-01 1.45180001e-01 9.36151651e-03 1.41403544e-01 -5.79998157e-03
8.34375430e-01 1.46355084e-01 9.31716022e-03 1.42557680e-01 -5.69864463e-03
8.35240002e-01 1.47532470e-01 9.26983024e-03 1.43716122e-01 -5.59084096e-03
8.36102514e-01 1.48709921e-01 9.21988934e-03 1.44876694e-01 -5.47746918e-03
8.36962964e-01 1.49885262e-01 9.16764769e-03 1.46037250e-01 -5.35942100e-03
8.37821349e-01 1.51056410e-01 9.11335840e-03 1.47195694e-01 -5.23757364e-03
8.38677669e-01 1.52221383e-01 9.05721374e-03 1.48350002e-01 -5.11278315e-03
8.39531921e-01 1.53378318e-01 8.99934229e-03 1.49498236e-01 -4.98587858e-03
8.40384102e-01 1.54525490e-01 8.93980691e-03 1.50638566e-01 -4.85765716e-03
8.41234210e-01 1.55661321e-01 8.87860361e-03 1.51769283e-01 -4.72888045e-03
8.42082244e-01 1.56784394e-01 8.81566140e-03 1.52888821e-01 -4.60027148e-03
8.42928201e-01 1.57893463e-01 8.75084304e-03 1.53995765e-01 -4.47251285e-03
8.43772079e-01 1.58987464e-01 8.68394681e-03 1.55088866e-01 -4.34624585e-03
8.44613877e-01 1.60065519e-01 8.61470921e-03 1.56167053e-01 -4.22207046e-03
8.45453591e-01 1.61126943e-01 8.54280857e-03 1.57229442e-01 -4.10054611e-03
8.46291221e-01 1.62171249e-01 8.46786967e-03 1.58275342e-01 -3.98219339e-03
8.47126763e-01 1.63198148e-01 8.38946913e-03 1.59304261e-01 -3.86749629e-03
8.47960216e-01 1.64207548e-01 8.30714174e-03 1.60315910e-01 -3.75690506e-03
8.48791578e-01 1.65199555e-01 8.22038748e-03 1.61310201e-01 -3.65083961e-03
8.49620847e-01 1.66174465e-01 8.12867931e-03 1.62287250e-01 -3.54969319e-03
8.50448020e-01 1.67132762e-01 8.03147156e-03 1.63247371e-01 -3.45383632e-03
8.51273096e-01 1.68075109e-01 7.92820888e-03 1.64191072e-01 -3.36362088e-03
8.52096073e-01 1.69002338e-01 7.81833563e-03 1.65119047e-01 -3.27938412e-03
8.52916948e-01 1.69915441e-01 7.70130563e-03 1.66032166e-01 -3.20145261e-03
8.53735720e-01 1.70815558e-01 7.57659212e-03 1.66931468e-01 -3.13014591e-03
8.54552386e-01 1.71703960e-01 7.44369787e-03 1.67818141e-01 -3.06577986e-03
8.55366945e-01 1.72582041e-01 7.30216530e-03 1.68693516e-01 -3.00866946e-03
8.56179395e-01 1.73451296e-01 7.15158642e-03 1.69559044e-01 -2.95913118e-03
8.56989732e-01 1.74313308e-01 6.99161263e-03 1.70416284e-01 -2.91748468e-03
8.57797957e-01 1.75169728e-01 6.82196407e-03 1.71266883e-01 -2.88405376e-03
8.58604066e-01 1.76022262e-01 6.64243848e-03 1.72112557e-01 -2.85916669e-03
8.59408057e-01 1.76872649e-01 6.45291953e-03 1.72955075e-01 -2.84315565e-03
8.60209930e-01 1.77722644e-01 6.25338431e-03 1.73796234e-01 -2.83635550e-03
8.61009680e-01 1.78574000e-01 6.04391007e-03 1.74637844e-01 -2.83910167e-03
8.61807307e-01 1.79428449e-01 5.82467995e-03 1.75481703e-01 -2.85172730e-03
8.62602809e-01 1.80287688e-01 5.59598773e-03 1.76329586e-01 -2.87455968e-03
8.63396184e-01 1.81153357e-01 5.35824134e-03 1.77183218e-01 -2.90791596e-03
8.64187429e-01 1.82027029e-01 5.11196532e-03 1.78044259e-01 -2.95209820e-03
8.64976543e-01 1.82910189e-01 4.85780184e-03 1.78914288e-01 -3.00738798e-03
8.65763524e-01 1.83804223e-01 4.59651047e-03 1.79794786e-01 -3.07404038e-03
8.66548370e-01 1.84710406e-01 4.32896664e-03 1.80687122e-01 -3.15227776e-03
8.67331079e-01 1.85629889e-01 4.05615854e-03 1.81592538e-01 -3.24228314e-03
8.68111648e-01 1.86563690e-01 3.77918279e-03 1.82512142e-01 -3.34419358e-03
8.68890077e-01 1.87512685e-01 3.49923864e-03 1.83446891e-01 -3.45809341e-03
8.69666363e-01 1.88477602e-01 3.21762073e-03 1.84397592e-01 -3.58400768e-03
8.70440504e-01 1.89459017e-01 2.93571066e-03 1.85364889e-01 -3.72189576e-03
8.71212499e-01 1.90457347e-01 2.65496717e-03 1.86349262e-01 -3.87164537e-03
8.71982345e-01 1.91472856e-01 2.37691509e-03 1.87351027e-01 -4.03306708e-03
8.72750041e-01 1.92505648e-01 2.10313332e-03 1.88370332e-01 -4.20588933e-03
8.73515584e-01 1.93555674e-01 1.83524159e-03 1.89407164e-01 -4.38975432e-03
8.74278973e-01 1.94622734e-01 1.57488645e-03 1.90461348e-01 -4.58421458e-03
8.75040206e-01 1.95706486e-01 1.32372647e-03 1.91532559e-01 -4.78873055e-03
8.75799281e-01 1.96806448e-01 1.08341672e-03 1.92620325e-01 -5.00266904e-03
8.76556196e-01 1.97922014e-01 8.55592893e-04 1.93724040e-01 -5.22530287e-03
8.77310949e-01 1.99052456e-01 6.41854998e-04 1.94842973e-01 -5.45581151e-03
8.78063539e-01 2.00196946e-01 4.43750969e-04 1.95976283e-01 -5.69328295e-03
8.78813963e-01 2.01354560e-01 2.62760267e-04 1.97123032e-01 -5.93671667e-03
8.79562220e-01 2.02524297e-01 1.00277702e-04 1.98282197e-01 -6.18502783e-03
8.80308308e-01 2.03705092e-01 -4.24023789e-05 1.99452694e-01 -6.43705256e-03
8.81052225e-01 2.04895832e-01 -1.64101322e-04 2.00633386e-01 -6.69155441e-03
8.81793969e-01 2.06095374e-01 -2.63770669e-04 2.01823105e-01 -6.94723187e-03
8.82533538e-01 2.07302556e-01 -3.40505735e-04 2.03020669e-01 -7.20272693e-03
8.83270931e-01 2.08516220e-01 -3.93558102e-04 2.04224900e-01 -7.45663452e-03
8.84006145e-01 2.09735223e-01 -4.22346875e-04 2.05434637e-01 -7.70751284e-03
8.84739180e-01 2.10958458e-01 -4.26468546e-04 2.06648760e-01 -7.95389442e-03
8.85470032e-01 2.12184864e-01 -4.05705323e-04 2.07866202e-01 -8.19429783e-03
8.86198701e-01 2.13413447e-01 -3.60031823e-04 2.09085966e-01 -8.42723981e-03
8.86925184e-01 2.14643288e-01 -2.89620008e-04 2.10307139e-01 -8.65124786e-03
8.87649480e-01 2.15873563e-01 -1.94842275e-04 2.11528905e-01 -8.86487299e-03
8.88371587e-01 2.17103549e-01 -7.62726434e-05 2.12750560e-01 -9.06670259e-03
8.89091503e-01 2.18332639e-01 6.53140150e-05 2.13971520e-01 -9.25537318e-03
8.89809227e-01 2.19560347e-01 2.28944735e-04 2.15191333e-01 -9.42958300e-03
8.90524756e-01 2.20786322e-01 4.13453203e-04 2.16409683e-01 -9.58810416e-03
8.91238089e-01 2.22010347e-01 6.17486482e-04 2.17626397e-01 -9.72979437e-03
8.91949223e-01 2.23232349e-01 8.39513667e-04 2.18841452e-01 -9.85360792e-03
8.92658159e-01 2.24452399e-01 1.07783642e-03 2.20054973e-01 -9.95860596e-03
8.93364892e-01 2.25670714e-01 1.33060128e-03 2.21267233e-01 -1.00439658e-02
8.94069423e-01 2.26887655e-01 1.59581371e-03 2.22478654e-01 -1.01089893e-02
8.94771748e-01 2.28103726e-01 1.87135366e-03 2.23689801e-01 -1.01531100e-02
8.95471867e-01 2.29319566e-01 2.15499256e-03 2.24901377e-01 -1.01758991e-02
8.96169778e-01 2.30535946e-01 2.44441161e-03 2.26114216e-01 -1.01770702e-02
8.96865478e-01 2.31753760e-01 2.73722111e-03 2.27329271e-01 -1.01564826e-02
8.97558967e-01 2.32974015e-01 3.03098075e-03 2.28547606e-01 -1.01141432e-02
8.98250242e-01 2.34197821e-01 3.32322053e-03 2.29770384e-01 -1.00502072e-02
8.98939302e-01 2.35426375e-01 3.61146218e-03 2.30998850e-01 -9.96497721e-03
8.99626145e-01 2.36660952e-01 3.89324092e-03 2.32234319e-01 -9.85890056e-03
9.00310769e-01 2.37902889e-01 4.16612712e-03 2.33478158e-01 -9.73256599e-03
9.00993173e-01 2.39153565e-01 4.42774790e-03 2.34731773e-01 -9.58669830e-03
9.01673355e-01 2.40414391e-01 4.67580828e-03 2.35996586e-01 -9.42215202e-03
9.02351313e-01 2.41686790e-01 4.90811164e-03 2.37274023e-01 -9.23990365e-03
9.03027046e-01 2.42972178e-01 5.12257945e-03 2.38565490e-01 -9.04104285e-03
9.03700552e-01 2.44271949e-01 5.31726981e-03 2.39872362e-01 -8.82676250e-03
9.04371830e-01 2.45587459e-01 5.49039486e-03 2.41195959e-01 -8.59834778e-03
9.05040876e-01 2.46920005e-01 5.64033659e-03 2.42537532e-01 -8.35716440e-03
9.05707691e-01 2.48270813e-01 5.76566122e-03 2.43898247e-01 -8.10464613e-03
9.06372273e-01 2.49641018e-01 5.86513167e-03 2.45279168e-01 -7.84228167e-03
9.07034619e-01 2.51031653e-01 5.93771823e-03 2.46681241e-01 -7.57160116e-03
9.07694728e-01 2.52443632e-01 5.98260713e-03 2.48105285e-01 -7.29416223e-03
9.08352599e-01 2.53877740e-01 5.99920708e-03 2.49551975e-01 -7.01153607e-03
9.09008229e-01 2.55334621e-01 5.98715363e-03 2.51021837e-01 -6.72529330e-03
9.09661618e-01 2.56814767e-01 5.94631130e-03 2.52515234e-01 -6.43699010e-03
9.10312763e-01 2.58318515e-01 5.87677348e-03 2.54032364e-01 -6.14815455e-03
9.10961663e-01 2.59846034e-01 5.77886011e-03 2.55573255e-01 -5.86027339e-03
9.11608317e-01 2.61397329e-01 5.65311318e-03 2.57137757e-01 -5.57477938e-03
9.12252723e-01 2.62972233e-01 5.50029009e-03 2.58725550e-01 -5.29303927e-03
9.12894879e-01 2.64570408e-01 5.32135491e-03 2.60336138e-01 -5.01634265e-03
9.13534783e-01 2.66191349e-01 5.11746773e-03 2.61968859e-01 -4.74589166e-03
9.14172435e-01 2.67834390e-01 4.88997214e-03 2.63622885e-01 -4.48279172e-03
9.14807832e-01 2.69498702e-01 4.64038103e-03 2.65297237e-01 -4.22804343e-03
9.15440973e-01 2.71183312e-01 4.37036081e-03 2.66990786e-01 -3.98253555e-03
9.16071856e-01 2.72887104e-01 4.08171434e-03 2.68702276e-01 -3.74703935e-03
9.16700480e-01 2.74608836e-01 3.77636260e-03 2.70430327e-01 -3.52220409e-03
9.17326844e-01 2.76347152e-01 3.45632544e-03 2.72173457e-01 -3.30855402e-03
9.17950945e-01 2.78100596e-01 3.12370155e-03 2.73930099e-01 -3.10648652e-03
9.18572782e-01 2.79867630e-01 2.78064785e-03 2.75698613e-01 -2.91627178e-03
9.19192354e-01 2.81646652e-01 2.42935861e-03 2.77477312e-01 -2.73805365e-03
9.19809659e-01 2.83436011e-01 2.07204442e-03 2.79264480e-01 -2.57185190e-03
9.20424696e-01 2.85234033e-01 1.71091125e-03 2.81058390e-01 -2.41756568e-03
9.21037462e-01 2.87039033e-01 1.34813987e-03 2.82857330e-01 -2.27497823e-03
9.21647958e-01 2.88849343e-01 9.85865848e-04 2.84659619e-01 -2.14376267e-03
9.22256180e-01 2.90663328e-01 6.26160176e-04 2.86463633e-01 -2.02348888e-03
9.22862128e-01 2.92479404e-01 2.71010948e-04 2.88267823e-01 -1.91363133e-03
9.23465800e-01 2.94296067e-01 -7.76939147e-05 2.90070735e-01 -1.81357769e-03
9.24067195e-01 2.96111903e-01 -4.18182645e-04 2.91871032e-01 -1.72263828e-03
9.24666310e-01 2.97925612e-01 -7.48814175e-04 2.93667510e-01 -1.64005602e-03
9.25263146e-01 2.99736023e-01 -1.06809113e-03 2.95459115e-01 -1.56501694e-03
9.25857699e-01 3.01542112e-01 -1.37467116e-03 2.97244961e-01 -1.49666094e-03
9.26449969e-01 3.03343019e-01 -1.66737646e-03 2.99024341e-01 -1.43409286e-03
9.27039955e-01 3.05138054e-01 -1.94520151e-03 3.00796739e-01 -1.37639355e-03
9.27627654e-01 3.06926717e-01 -2.20731889e-03 3.02561843e-01 -1.32263086e-03
9.28213065e-01 3.08708703e-01 -2.45308316e-03 3.04319550e-01 -1.27187044e-03
9.28796187e-01 3.10483912e-01 -2.68203283e-03 3.06069970e-01 -1.22318624e-03
9.29377019e-01 3.12252451e-01 -2.89389043e-03 3.07813433e-01 -1.17567045e-03
9.29955559e-01 3.14014642e-01 -3.08856060e-03 3.09550488e-01 -1.12844295e-03
9.30531805e-01 3.15771018e-01 -3.26612642e-03 3.11281900e-01 -1.08065999e-03
9.31105757e-01 3.17522326e-01 -3.42684397e-03 3.13008645e-01 -1.03152214e-03
9.31677412e-01 3.19269521e-01 -3.57113512e-03 3.14731909e-01 -9.80281262e-04
9.32246769e-01 3.21013763e-01 -3.69957886e-03 3.16453071e-01 -9.26246635e-04
9.32813828e-01 3.22756404e-01 -3.81290103e-03 3.18173699e-01 -8.68789972e-04
9.33378586e-01 3.24498985e-01 -3.91196282e-03 3.19895534e-01 -8.07349411e-04
9.33941042e-01 3.26243215e-01 -3.99774805e-03 3.21620472e-01 -7.41432391e-04
9.34501195e-01 3.27990967e-01 -4.07134937e-03 3.23350553e-01 -6.70617415e-04
9.35059043e-01 3.29744253e-01 -4.13395366e-03 3.25087938e-01 -5.94554705e-04
9.35614585e-01 3.31505215e-01 -4.18682665e-03 3.26834890e-01 -5.12965747e-04
9.36167820e-01 3.33276101e-01 -4.23129703e-03 3.28593755e-01 -4.25641785e-04
9.36718746e-01 3.35059245e-01 -4.26874018e-03 3.30366939e-01 -3.32441286e-04
9.37267362e-01 3.36857051e-01 -4.30056178e-03 3.32156883e-01 -2.33286455e-04
9.37813667e-01 3.38671967e-01 -4.32818127e-03 3.33966045e-01 -1.28158879e-04
9.38357658e-01 3.40506464e-01 -4.35301558e-03 3.35796874e-01 -1.70943705e-05
9.38899336e-01 3.42363017e-01 -4.37646314e-03 3.37651788e-01 9.98228578e-05
9.39438698e-01 3.44244078e-01 -4.39988837e-03 3.39533149e-01 2.22466603e-04
9.39975743e-01 3.46152055e-01 -4.42460679e-03 3.41443249e-01 3.50675531e-04
9.40510470e-01 3.48089296e-01 -4.45187090e-03 3.43384278e-01 4.84260354e-04
9.41042878e-01 3.50058060e-01 -4.48285702e-03 3.45358316e-01 6.23011211e-04
9.41572965e-01 3.52060501e-01 -4.51865310e-03 3.47367307e-01 7.66705094e-04
9.42100730e-01 3.54098651e-01 -4.56024769e-03 3.49413043e-01 9.15113200e-04
9.42626171e-01 3.56174399e-01 -4.60852017e-03 3.51497154e-01 1.06800807e-03
9.43149288e-01 3.58289475e-01 -4.66423226e-03 3.53621089e-01 1.22517036e-03
9.43670079e-01 3.60445439e-01 -4.72802090e-03 3.55786111e-01 1.38639518e-03
9.44188542e-01 3.62643665e-01 -4.80039269e-03 3.57993281e-01 1.55149780e-03
9.44704677e-01 3.64885331e-01 -4.88171964e-03 3.60243459e-01 1.72031866e-03
9.45218483e-01 3.67171412e-01 -4.97223654e-03 3.62537293e-01 1.89272763e-03
9.45729957e-01 3.69502671e-01 -5.07203981e-03 3.64875223e-01 2.06862728e-03
9.46239099e-01 3.71879655e-01 -5.18108784e-03 3.67257476e-01 2.24795533e-03
9.46745907e-01 3.74302695e-01 -5.29920284e-03 3.69684070e-01 2.43068597e-03
9.47250380e-01 3.76771904e-01 -5.42607408e-03 3.72154820e-01 2.61683022e-03
9.47752518e-01 3.79287178e-01 -5.56126264e-03 3.74669346e-01 2.80643518e-03
9.48252318e-01 3.81848205e-01 -5.70420735e-03 3.77227077e-01 2.99958225e-03
9.48749779e-01 3.84454466e-01 -5.85423210e-03 3.79827265e-01 3.19638428e-03
9.49244901e-01 3.87105249e-01 -6.01055426e-03 3.82468999e-01 3.39698173e-03
9.49737681e-01 3.89799653e-01 -6.17229421e-03 3.85151215e-01 3.60153789e-03
9.50228120e-01 3.92536610e-01 -6.33848579e-03 3.87872716e-01 3.81023323e-03
9.50716215e-01 3.95314889e-01 -6.50808762e-03 3.90632185e-01 4.02325894e-03
9.51201965e-01 3.98133120e-01 -6.67999512e-03 3.93428206e-01 4.24080987e-03
9.51685370e-01 4.00989809e-01 -6.85305313e-03 3.96259284e-01 4.46307689e-03
9.52166428e-01 4.03883356e-01 -7.02606892e-03 3.99123860e-01 4.69023881e-03
9.52645137e-01 4.06812075e-01 -7.19782557e-03 4.02020336e-01 4.92245416e-03
9.53121497e-01 4.09774220e-01 -7.36709544e-03 4.04947094e-01 5.15985277e-03
9.53595507e-01 4.12768001e-01 -7.53265365e-03 4.07902519e-01 5.40252745e-03
9.54067164e-01 4.15791612e-01 -7.69329144e-03 4.10885017e-01 5.65052594e-03
9.54536469e-01 4.18843249e-01 -7.84782916e-03 4.13893039e-01 5.90384326e-03
9.55003420e-01 4.21921143e-01 -7.99512889e-03 4.16925101e-01 6.16241463e-03
9.55468016e-01 4.25023576e-01 -8.13410643e-03 4.19979804e-01 6.42610914e-03
9.55930255e-01 4.28148908e-01 -8.26374256e-03 4.23055855e-01 6.69472434e-03
9.56390137e-01 4.31295603e-01 -8.38309345e-03 4.26152087e-01 6.96798183e-03
9.56847660e-01 4.34462253e-01 -8.49130010e-03 4.29267477e-01 7.24552416e-03
9.57302823e-01 4.37647600e-01 -8.58759669e-03 4.32401164e-01 7.52691288e-03
9.57755626e-01 4.40850559e-01 -8.67131770e-03 4.35552469e-01 7.81162813e-03
9.58206066e-01 4.44070243e-01 -8.74190382e-03 4.38720906e-01 8.09906967e-03
9.58654144e-01 4.47305985e-01 -8.79890646e-03 4.41906205e-01 8.38855947e-03
9.59099857e-01 4.50557355e-01 -8.84199084e-03 4.45108323e-01 8.67934595e-03
9.59543205e-01 4.53824184e-01 -8.87093770e-03 4.48327455e-01 8.97060971e-03
9.59984187e-01 4.57106582e-01 -8.88564338e-03 4.51564055e-01 9.26147104e-03
9.60422801e-01 4.60404957e-01 -8.88611860e-03 4.54818838e-01 9.55099880e-03
9.60859046e-01 4.63720026e-01 -8.87248560e-03 4.58092802e-01 9.83822101e-03
9.61292922e-01 4.67052839e-01 -8.84497391e-03 4.61387227e-01 1.01221366e-02
9.61724427e-01 4.70404786e-01 -8.80391465e-03 4.64703696e-01 1.04017289e-02
9.62153561e-01 4.73777611e-01 -8.74973357e-03 4.68044094e-01 1.06759796e-02
9.62580321e-01 4.77173425e-01 -8.68294271e-03 4.71410619e-01 1.09438843e-02
9.63004708e-01 4.80594714e-01 -8.60413100e-03 4.74805793e-01 1.12044690e-02
9.63426720e-01 4.84044346e-01 -8.51395374e-03 4.78232460e-01 1.14568063e-02
9.63846355e-01 4.87525579e-01 -8.41312117e-03 4.81693799e-01 1.17000334e-02
9.64263614e-01 4.91042066e-01 -8.30238629e-03 4.85193322e-01 1.19333686e-02
9.64678495e-01 4.94597856e-01 -8.18253202e-03 4.88734884e-01 1.21561297e-02
9.65090997e-01 4.98197396e-01 -8.05435799e-03 4.92322681e-01 1.23677500e-02
9.65501118e-01 5.01845536e-01 -7.91866694e-03 4.95961253e-01 1.25677957e-02
9.65908859e-01 5.05547519e-01 -7.77625115e-03 4.99655487e-01 1.27559810e-02
9.66314217e-01 5.09308987e-01 -7.62787894e-03 5.03410618e-01 1.29321831e-02
9.66717192e-01 5.13135970e-01 -7.47428144e-03 5.07232226e-01 1.30964556e-02
9.67117784e-01 5.17034885e-01 -7.31613990e-03 5.11126240e-01 1.32490399e-02
9.67515990e-01 5.21012526e-01 -7.15407370e-03 5.15098931e-01 1.33903759e-02
9.67911810e-01 5.25076058e-01 -6.98862919e-03 5.19156914e-01 1.35211100e-02
9.68305243e-01 5.29233008e-01 -6.82026965e-03 5.23307144e-01 1.36421012e-02
9.68696288e-01 5.33491254e-01 -6.64936642e-03 5.27556911e-01 1.37544247e-02
9.69084944e-01 5.37859014e-01 -6.47619148e-03 5.31913841e-01 1.38593737e-02
9.69471210e-01 5.42344838e-01 -6.30091151e-03 5.36385886e-01 1.39584583e-02
9.69855086e-01 5.46957591e-01 -6.12358365e-03 5.40981321e-01 1.40534014e-02
9.70236569e-01 5.51706445e-01 -5.94415300e-03 5.45708741e-01 1.41461331e-02
9.70615660e-01 5.56600865e-01 -5.76245196e-03 5.50577053e-01 1.42387810e-02
9.70992357e-01 5.61650596e-01 -5.57820153e-03 5.55595471e-01 1.43336595e-02
9.71366659e-01 5.66865651e-01 -5.39101451e-03 5.60773509e-01 1.44332547e-02
9.71738566e-01 5.72256301e-01 -5.20040066e-03 5.66120978e-01 1.45402084e-02
9.72108076e-01 5.77833061e-01 -5.00577386e-03 5.71647975e-01 1.46572986e-02
9.72475189e-01 5.83606677e-01 -4.80646112e-03 5.77364884e-01 1.47874184e-02
9.72839904e-01 5.89588123e-01 -4.60171341e-03 5.83282361e-01 1.49335524e-02
9.73202220e-01 5.95788582e-01 -4.39071833e-03 5.89411336e-01 1.50987509e-02
9.73562135e-01 6.02219444e-01 -4.17261427e-03 5.95763006e-01 1.52861034e-02
9.73919650e-01 6.08892295e-01 -3.94650610e-03 6.02348824e-01 1.54987097e-02
9.74274762e-01 6.15818910e-01 -3.71148216e-03 6.09180501e-01 1.57396499e-02
9.74627472e-01 6.23011246e-01 -3.46663233e-03 6.16269996e-01 1.60119537e-02
9.74977778e-01 6.30481440e-01 -3.21106700e-03 6.23629514e-01 1.63185695e-02
9.75325680e-01 6.38241798e-01 -2.94393666e-03 6.31271497e-01 1.66623320e-02
9.75671177e-01 6.46304796e-01 -2.66445193e-03 6.39208621e-01 1.70459307e-02
9.76014267e-01 6.54683069e-01 -2.37190372e-03 6.47453791e-01 1.74718787e-02
9.76354950e-01 6.63389415e-01 -2.06568324e-03 6.56020132e-01 1.79424816e-02
9.76693226e-01 6.72436783e-01 -1.74530162e-03 6.64920982e-01 1.84598077e-02
9.77029093e-01 6.81838272e-01 -1.41040881e-03 6.74169886e-01 1.90256597e-02
9.77362550e-01 6.91607122e-01 -1.06081158e-03 6.83780582e-01 1.96415477e-02
9.77693597e-01 7.01756709e-01 -6.96490158e-04 6.93766992e-01 2.03086639e-02
9.78022233e-01 7.12300533e-01 -3.17613472e-04 7.04143206e-01 2.10278607e-02
9.78348456e-01 7.23252212e-01 7.54474698e-05 7.14923470e-01 2.17996296e-02
9.78672267e-01 7.34625461e-01 4.82108177e-04 7.26122162e-01 2.26240847e-02
9.78993665e-01 7.46434083e-01 9.01561532e-04 7.37753773e-01 2.35009483e-02
9.79312648e-01 7.58691945e-01 1.33277110e-03 7.49832879e-01 2.44295397e-02
9.79629216e-01 7.71412957e-01 1.77446705e-03 7.62374118e-01 2.54087687e-02
9.79943368e-01 7.84611046e-01 2.22514490e-03 7.75392150e-01 2.64371317e-02
9.80255103e-01 7.98300127e-01 2.68306715e-03 7.88901628e-01 2.75127122e-02
9.80564421e-01 8.12494068e-01 3.14626796e-03 8.02917154e-01 2.86331862e-02
9.80871321e-01 8.27206654e-01 3.61256084e-03 8.17453238e-01 2.97958305e-02
9.81175801e-01 8.42451548e-01 4.07954954e-03 8.32524251e-01 3.09975362e-02
9.81477862e-01 8.58242247e-01 4.54464197e-03 8.48144376e-01 3.22348269e-02
9.81777503e-01 8.74592038e-01 5.00506723e-03 8.64327560e-01 3.35038805e-02
9.82074722e-01 8.91513950e-01 5.45789564e-03 8.81087455e-01 3.48005564e-02
9.82369519e-01 9.09020709e-01 5.90006158e-03 8.98437375e-01 3.61204259e-02
9.82661894e-01 9.27124691e-01 6.32838918e-03 9.16390235e-01 3.74588084e-02
9.82951845e-01 9.45837877e-01 6.73962049e-03 9.34958509e-01 3.88108109e-02
9.83239372e-01 9.65171815e-01 7.13044599e-03 9.54154182e-01 4.01713713e-02
9.83524474e-01 9.85137584e-01 7.49753730e-03 9.73988714e-01 4.15353066e-02
9.83807150e-01 1.00574577e+00 7.83758164e-03 9.94473006e-01 4.28973635e-02
9.84087401e-01 1.02700644e+00 8.14731781e-03 1.01561738e+00 4.42522732e-02
9.84365224e-01 1.04892916e+00 8.42357349e-03 1.03743158e+00 4.55948089e-02
9.84640620e-01 1.07152297e+00 8.66330328e-03 1.05992478e+00 4.69198451e-02
9.84913588e-01 1.09479646e+00 8.86362733e-03 1.08310559e+00 4.82224208e-02
9.85184126e-01 1.11875780e+00 9.02187003e-03 1.10698216e+00 4.94978020e-02
9.85452235e-01 1.14341480e+00 9.13559850e-03 1.13156219e+00 5.07415478e-02
9.85717914e-01 1.16877505e+00 9.20266027e-03 1.15685308e+00 5.19495748e-02
9.85981162e-01 1.19484604e+00 9.22122006e-03 1.18286208e+00 5.31182234e-02
9.86241978e-01 1.22163531e+00 9.18979486e-03 1.20959641e+00 5.42443217e-02
9.86500362e-01 1.24915072e+00 9.10728726e-03 1.23706353e+00 5.53252495e-02
9.86756313e-01 1.27740066e+00 8.97301641e-03 1.26527138e+00 5.63589988e-02
9.87009830e-01 1.30639434e+00 8.78674625e-03 1.29422863e+00 5.73442329e-02
9.87260914e-01 1.33614217e+00 8.54871068e-03 1.32394514e+00 5.82803407e-02
9.87509562e-01 1.36665614e+00 8.25963530e-03 1.35443224e+00 5.91674870e-02
9.87755776e-01 1.39795026e+00 7.92075534e-03 1.38570328e+00 6.00066579e-02
9.87999553e-01 1.43004107e+00 7.53382944e-03 1.41777408e+00 6.07997000e-02
9.88240894e-01 1.46294821e+00 7.10114907e-03 1.45066353e+00 6.15493525e-02
9.88479797e-01 1.49669500e+00 6.62554332e-03 1.48439419e+00 6.22592723e-02
9.88716263e-01 1.53130915e+00 6.11037868e-03 1.51899297e+00 6.29340507e-02
9.88950290e-01 1.56682344e+00 5.55955389e-03 1.55449187e+00 6.35792210e-02
9.89181879e-01 1.60327652e+00 4.97748943e-03 1.59092875e+00 6.42012564e-02
9.89411028e-01 1.64071373e+00 4.36911177e-03 1.62834818e+00 6.48075576e-02
9.89637737e-01 1.67918796e+00 3.73983220e-03 1.66680231e+00 6.54064306e-02
9.89862005e-01 1.71876056e+00 3.09552024e-03 1.70635178e+00 6.60070516e-02
9.90083833e-01 1.75950230e+00 2.44247172e-03 1.74706672e+00 6.66194221e-02
9.90303218e-01 1.80149432e+00 1.78737152e-03 1.78902766e+00 6.72543111e-02
9.90520161e-01 1.84482916e+00 1.13725122e-03 1.83232661e+00 6.79231857e-02
9.90734662e-01 1.88961172e+00 4.99441805e-04 1.87706803e+00 6.86381300e-02
9.90946719e-01 1.93596030e+00 -1.18478375e-04 1.92336986e+00 6.94117519e-02
9.91156332e-01 1.98400758e+00 -7.08740031e-04 1.97136452e+00 7.02570786e-02
9.91363501e-01 2.03390161e+00 -1.26344342e-03 2.02119992e+00 7.11874408e-02
9.91568226e-01 2.08580674e+00 -1.77462251e-03 2.07304038e+00 7.22163465e-02
9.91770504e-01 2.13990453e+00 -2.23431231e-03 2.12706755e+00 7.33573449e-02
9.91970337e-01 2.19639457e+00 -2.63461898e-03 2.18348124e+00 7.46238815e-02
9.92167724e-01 2.25549523e+00 -2.96779206e-03 2.24250016e+00 7.60291448e-02
9.92362663e-01 2.31744433e+00 -3.22629831e-03 2.30436262e+00 7.75859068e-02
9.92555155e-01 2.38249969e+00 -3.40289654e-03 2.36932707e+00 7.93063581e-02
9.92745200e-01 2.45093956e+00 -3.49071267e-03 2.43767251e+00 8.12019384e-02
9.92932796e-01 2.52306291e+00 -3.48331453e-03 2.50969879e+00 8.32831654e-02
9.93117944e-01 2.59918954e+00 -3.37478550e-03 2.58572673e+00 8.55594625e-02
9.93300642e-01 2.67966006e+00 -3.15979635e-03 2.66609807e+00 8.80389886e-02
9.93480891e-01 2.76483566e+00 -2.83367457e-03 2.75117525e+00 9.07284696e-02
9.93658689e-01 2.85509764e+00 -2.39247033e-03 2.84134091e+00 9.36330369e-02
9.93834037e-01 2.95084680e+00 -1.83301849e-03 2.93699731e+00 9.67560712e-02
9.94006934e-01 3.05250256e+00 -1.15299575e-03 3.03856537e+00 1.00099057e-01
9.94177380e-01 3.16050184e+00 -3.50972383e-04 3.14648359e+00 1.03661448e-01
9.94345374e-01 3.27529767e+00 5.73542272e-04 3.26120665e+00 1.07440545e-01
9.94510915e-01 3.39735762e+00 1.62006114e-03 3.38320376e+00 1.11431392e-01
9.94674004e-01 3.52716192e+00 2.78708820e-03 3.51295683e+00 1.15626687e-01
9.94834640e-01 3.66520130e+00 4.07209537e-03 3.65095823e+00 1.20016709e-01
9.94992823e-01 3.81197458e+00 5.47150781e-03 3.79770843e+00 1.24589279e-01
9.95148552e-01 3.96798607e+00 6.98069842e-03 3.95371330e+00 1.29329726e-01
9.95301826e-01 4.13374258e+00 8.59399152e-03 4.11948118e+00 1.34220888e-01
9.95452646e-01 4.30975031e+00 1.03046764e-02 4.29551968e+00 1.39243140e-01
9.95601011e-01 4.49651143e+00 1.21050305e-02 4.48233228e+00 1.44374438e-01
9.95746921e-01 4.69452044e+00 1.39863529e-02 4.68041465e+00 1.49590399e-01
9.95890375e-01 4.90426036e+00 1.59390077e-02 4.89025085e+00 1.54864404e-01
9.96031373e-01 5.12619870e+00 1.79524774e-02 5.11230924e+00 1.60167731e-01
9.96169914e-01 5.36078325e+00 2.00154257e-02 5.34703830e+00 1.65469713e-01
9.96305999e-01 5.60843780e+00 2.21157707e-02 5.59486231e+00 1.70737925e-01
9.96439627e-01 5.86955764e+00 2.42407662e-02 5.85617685e+00 1.75938392e-01
9.96570797e-01 6.14450508e+00 2.63770920e-02 6.13134429e+00 1.81035833e-01
9.96699510e-01 6.43360487e+00 2.85109526e-02 6.42068923e+00 1.85993914e-01
9.96825765e-01 6.73713959e+00 3.06281827e-02 6.72449387e+00 1.90775535e-01
9.96949561e-01 7.05534513e+00 3.27143591e-02 7.04299349e+00 1.95343130e-01
9.97070899e-01 7.38840614e+00 3.47549189e-02 7.37637191e+00 1.99658985e-01
9.97189778e-01 7.73645169e+00 3.67352813e-02 7.72475714e+00 2.03685575e-01
9.97306197e-01 8.09955094e+00 3.86409741e-02 8.08821709e+00 2.07385905e-01
9.97420157e-01 8.47770917e+00 4.04577615e-02 8.46675555e+00 2.10723866e-01
9.97531657e-01 8.87086386e+00 4.21717740e-02 8.86030835e+00 2.13664594e-01
9.97640697e-01 9.27888115e+00 4.37696380e-02 9.26873980e+00 2.16174828e-01
9.97747277e-01 9.70155261e+00 4.52386037e-02 9.69183946e+00 2.18223271e-01
9.97851396e-01 1.01385923e+01 4.65666713e-02 1.01293193e+01 2.19780940e-01
9.97953055e-01 1.05896342e+01 4.77427123e-02 1.05808110e+01 2.20821508e-01
9.98052252e-01 1.10542304e+01 4.87565866e-02 1.10458643e+01 2.21321634e-01
9.98148988e-01 1.15318490e+01 4.95992523e-02 1.15239449e+01 2.21261270e-01
9.98243262e-01 1.20218735e+01 5.02628684e-02 1.20144339e+01 2.20623956e-01
9.98335074e-01 1.25236018e+01 5.07408880e-02 1.25166266e+01 2.19397079e-01
9.98424424e-01 1.30362464e+01 5.10281422e-02 1.30297333e+01 2.17572113e-01
9.98511312e-01 1.35589347e+01 5.11209121e-02 1.35528788e+01 2.15144818e-01
9.98595738e-01 1.40907104e+01 5.10169892e-02 1.40851046e+01 2.12115416e-01
9.98677701e-01 1.46305351e+01 5.07157230e-02 1.46253699e+01 2.08488717e-01
9.98757201e-01 1.51772904e+01 5.02180542e-02 1.51725542e+01 2.04274212e-01
9.98834237e-01 1.57297811e+01 4.95265347e-02 1.57254605e+01 1.99486127e-01
9.98908811e-01 1.62867387e+01 4.86453319e-02 1.62828183e+01 1.94143425e-01
9.98980921e-01 1.68468256e+01 4.75802182e-02 1.68432884e+01 1.88269771e-01
9.99050567e-01 1.74086396e+01 4.63385455e-02 1.74054673e+01 1.81893450e-01
9.99117750e-01 1.79707197e+01 4.49292043e-02 1.79678926e+01 1.75047234e-01
9.99182468e-01 1.85315515e+01 4.33625671e-02 1.85290489e+01 1.67768213e-01
9.99244723e-01 1.90895737e+01 4.16504179e-02 1.90873743e+01 1.60097576e-01
9.99304513e-01 1.96431852e+01 3.98058666e-02 1.96412672e+01 1.52080349e-01
9.99361839e-01 2.01907525e+01 3.78432500e-02 2.01890935e+01 1.43765092e-01
9.99416700e-01 2.07306168e+01 3.57780198e-02 2.07291946e+01 1.35203564e-01
9.99469096e-01 2.12611030e+01 3.36266183e-02 2.12598954e+01 1.26450334e-01
9.99519028e-01 2.17805274e+01 3.14063436e-02 2.17795128e+01 1.17562382e-01
9.99566494e-01 2.22872068e+01 2.91352049e-02 2.22863639e+01 1.08598653e-01
9.99611495e-01 2.27794670e+01 2.68317688e-02 2.27787755e+01 9.96195881e-02
9.99654032e-01 2.32556519e+01 2.45150000e-02 2.32550925e+01 9.06866452e-02
9.99694102e-01 2.37141329e+01 2.22040947e-02 2.37136873e+01 8.18617883e-02
9.99731708e-01 2.41533175e+01 1.99183120e-02 2.41529685e+01 7.32069749e-02
9.99766848e-01 2.45716581e+01 1.76768015e-02 2.45713902e+01 6.47836319e-02
9.99799522e-01 2.49676616e+01 1.54984317e-02 2.49674605e+01 5.66521319e-02
9.99829731e-01 2.53398974e+01 1.34016189e-02 2.53397502e+01 4.88712720e-02
9.99857474e-01 2.56870058e+01 1.14041589e-02 2.56869014e+01 4.14977615e-02
9.99882751e-01 2.60077065e+01 9.52306413e-03 2.60076350e+01 3.45857241e-02
9.99905562e-01 2.63008057e+01 7.77440654e-03 2.63007588e+01 2.81862189e-02
9.99925908e-01 2.65652035e+01 6.17316857e-03 2.65651743e+01 2.23467855e-02
9.99943787e-01 2.67999006e+01 4.73310364e-03 2.67998837e+01 1.71110181e-02
9.99959200e-01 2.70040045e+01 3.46660765e-03 2.70039955e+01 1.25181727e-02
9.99972148e-01 2.71767347e+01 2.38460260e-03 2.71767305e+01 8.60281173e-03
9.99982629e-01 2.73174277e+01 1.49643354e-03 2.73174261e+01 5.39448865e-03
9.99990644e-01 2.74255415e+01 8.09779035e-04 2.74255410e+01 2.91747364e-03
9.99996193e-01 2.75006599e+01 3.30570753e-04 2.75006598e+01 1.19050336e-03
9.99999277e-01 2.75425086e+01 6.28531149e-05 2.75425086e+01 2.26306156e-04
