-9.99999277e-01 4.83584083e-02 -4.25050799e-06 -4.83584049e-02 8.41669632e-06
-9.99996193e-01 4.82835297e-02 -2.23641478e-05 -4.82834354e-02 4.42996207e-05
-9.99990644e-01 4.81492639e-02 -5.48235588e-05 -4.81486953e-02 1.08662426e-04
-9.99982629e-01 4.79563432e-02 -1.01416754e-04 -4.79543872e-02 2.01189238e-04
-9.99972148e-01 4.77058579e-02 -1.61829792e-04 -4.77008428e-02 3.21407218e-04
-9.99959200e-01 4.73992254e-02 -2.35654472e-04 -4.73884993e-02 4.68700431e-04
-9.99943787e-01 4.70381778e-02 -3.22391469e-04 -4.70178962e-02 6.42314290e-04
-9.99925908e-01 4.66247499e-02 -4.21453596e-04 -4.65896744e-02 8.41359878e-04
-9.99905562e-01 4.61612647e-02 -5.32169555e-04 -4.61045748e-02 1.06481885e-03
-9.99882751e-01 4.56503179e-02 -6.53788178e-04 -4.55634377e-02 1.31154898e-03
-9.99857474e-01 4.50947597e-02 -7.85483164e-04 -4.49672013e-02 1.58029036e-03
-9.99829731e-01 4.44976754e-02 -9.26358257e-04 -4.43169002e-02 1.86967215e-03
-9.99799522e-01 4.38623650e-02 -1.07545284e-03 -4.36136641e-02 2.17821997e-03
-9.99766848e-01 4.31923204e-02 -1.23174792e-03 -4.28587158e-02 2.50436368e-03
-9.99731708e-01 4.24912024e-02 -1.39417242e-03 -4.20533694e-02 2.84644576e-03
-9.99694102e-01 4.17628163e-02 -1.56160976e-03 -4.11990284e-02 3.20272994e-03
-9.99654032e-01 4.10110868e-02 -1.73290471e-03 -4.02971829e-02 3.57141027e-03
-9.99611495e-01 4.02400327e-02 -1.90687038e-03 -3.93494076e-02 3.95062046e-03
-9.99566494e-01 3.94537404e-02 -2.08229541e-03 -3.83573589e-02 4.33844338e-03
-9.99519028e-01 3.86563384e-02 -2.25795122e-03 -3.73227722e-02 4.73292084e-03
-9.99469096e-01 3.78519706e-02 -2.43259930e-03 -3.62474585e-02 5.13206335e-03
-9.99416700e-01 3.70447709e-02 -2.60499851e-03 -3.51333013e-02 5.53386001e-03
-9.99361839e-01 3.62388377e-02 -2.77391235e-03 -3.39822533e-02 5.93628836e-03
-9.99304513e-01 3.54382091e-02 -2.93811608e-03 -3.27963325e-02 6.33732414e-03
-9.99244723e-01 3.46468386e-02 -3.09640374e-03 -3.15776183e-02 6.73495101e-03
-9.99182468e-01 3.38685723e-02 -3.24759495e-03 -3.03282476e-02 7.12716995e-03
-9.99117750e-01 3.31071272e-02 -3.39054156e-03 -2.90504104e-02 7.51200858e-03
-9.99050567e-01 3.23660698e-02 -3.52413391e-03 -2.77463454e-02 7.88753011e-03
-9.98980921e-01 3.16487974e-02 -3.64730687e-03 -2.64183353e-02 8.25184202e-03
-9.98908811e-01 3.09585198e-02 -3.75904557e-03 -2.50687023e-02 8.60310435e-03
-9.98834237e-01 3.02982434e-02 -3.85839069e-03 -2.36998027e-02 8.93953765e-03
-9.98757201e-01 2.96707565e-02 -3.94444337e-03 -2.23140221e-02 9.25943042e-03
-9.98677701e-01 2.90786163e-02 -4.01636977e-03 -2.09137701e-02 9.56114615e-03
-9.98595738e-01 2.85241383e-02 -4.07340513e-03 -1.95014750e-02 9.84312988e-03
-9.98511312e-01 2.80093868e-02 -4.11485736e-03 -1.80795779e-02 1.01039142e-02
-9.98424424e-01 2.75361676e-02 -4.14011024e-03 -1.66505279e-02 1.03421248e-02
-9.98335074e-01 2.71060228e-02 -4.14862605e-03 -1.52167757e-02 1.05564853e-02
-9.98243262e-01 2.67202271e-02 -4.13994777e-03 -1.37807681e-02 1.07458218e-02
-9.98148988e-01 2.63797861e-02 -4.11370081e-03 -1.23449425e-02 1.09090669e-02
-9.98052252e-01 2.60854363e-02 -4.06959413e-03 -1.09117207e-02 1.10452624e-02
-9.97953055e-01 2.58376472e-02 -4.00742105e-03 -9.48350333e-03 1.11535628e-02
-9.97851396e-01 2.56366245e-02 -3.92705940e-03 -8.06266388e-03 1.12332368e-02
-9.97747277e-01 2.54823157e-02 -3.82847135e-03 -6.65154306e-03 1.12836692e-02
-9.97640697e-01 2.53744163e-02 -3.71170265e-03 -5.25244296e-03 1.13043619e-02
-9.97531657e-01 2.53123785e-02 -3.57688150e-03 -3.86762143e-03 1.12949346e-02
-9.97420157e-01 2.52954201e-02 -3.42421697e-03 -2.49928643e-03 1.12551243e-02
-9.97306197e-01 2.53225358e-02 -3.25399696e-03 -1.14959064e-03 1.11847853e-02
-9.97189778e-01 2.53925086e-02 -3.06658588e-03 1.79373978e-04 1.10838878e-02
-9.97070899e-01 2.55039228e-02 -2.86242180e-03 1.48558131e-03 1.09525166e-02
-9.96949561e-01 2.56551778e-02 -2.64201340e-03 2.76707618e-03 1.07908688e-02
-9.96825765e-01 2.58445025e-02 -2.40593651e-03 4.02197916e-03 1.05992518e-02
-9.96699510e-01 2.60699703e-02 -2.15483040e-03 5.24849124e-03 1.03780804e-02
-9.96570797e-01 2.63295147e-02 -1.88939374e-03 6.44489824e-03 1.01278732e-02
-9.96439627e-01 2.66209455e-02 -1.61038043e-03 7.60957497e-03 9.84924933e-03
-9.96305999e-01 2.69419645e-02 -1.31859512e-03 8.74098916e-03 9.54292448e-03
-9.96169914e-01 2.72901824e-02 -1.01488860e-03 9.83770510e-03 9.20970649e-03
-9.96031373e-01 2.76631346e-02 -7.00153023e-04 1.08983870e-02 8.85049087e-03
-9.95890375e-01 2.80582977e-02 -3.75317027e-04 1.19218020e-02 8.46625595e-03
-9.95746921e-01 2.84731055e-02 -4.13407563e-05 1.29068230e-02 8.05805774e-03
-9.95601011e-01 2.89049644e-02 3.00789178e-04 1.38524307e-02 7.62702468e-03
-9.95452646e-01 2.93512692e-02 6.50064759e-04 1.47577163e-02 7.17435208e-03
-9.95301826e-01 2.98094171e-02 1.00546164e-03 1.56218826e-02 6.70129651e-03
-9.95148552e-01 3.02768226e-02 1.36594415e-03 1.64442454e-02 6.20916989e-03
-9.94992823e-01 3.07509307e-02 1.73047035e-03 1.72242347e-02 5.69933366e-03
-9.94834640e-01 3.12292297e-02 2.09799684e-03 1.79613952e-02 5.17319267e-03
-9.94674004e-01 3.17092631e-02 2.46748363e-03 1.86553865e-02 4.63218916e-03
-9.94510915e-01 3.21886412e-02 2.83789877e-03 1.93059825e-02 4.07779657e-03
-9.94345374e-01 3.26650508e-02 3.20822287e-03 1.99130714e-02 3.51151348e-03
-9.94177380e-01 3.31362654e-02 3.57745344e-03 2.04766545e-02 2.93485743e-03
-9.94006934e-01 3.36001528e-02 3.94460904e-03 2.09968446e-02 2.34935884e-03
-9.93834037e-01 3.40546834e-02 4.30873318e-03 2.14738645e-02 1.75655502e-03
-9.93658689e-01 3.44979364e-02 4.66889807e-03 2.19080446e-02 1.15798419e-03
-9.93480891e-01 3.49281054e-02 5.02420803e-03 2.22998205e-02 5.55179694e-04
-9.93300642e-01 3.53435034e-02 5.37380270e-03 2.26497302e-02 -5.03356956e-05
-9.93117944e-01 3.57425662e-02 5.71686000e-03 2.29584106e-02 -6.57055327e-04
-9.92932796e-01 3.61238554e-02 6.05259875e-03 2.32265939e-02 -1.26349401e-03
-9.92745200e-01 3.64860600e-02 6.38028105e-03 2.34551037e-02 -1.86819315e-03
-9.92555155e-01 3.68279982e-02 6.69921436e-03 2.36448506e-02 -2.46972573e-03
-9.92362663e-01 3.71486167e-02 7.00875328e-03 2.37968275e-02 -3.06670095e-03
-9.92167724e-01 3.74469907e-02 7.30830104e-03 2.39121052e-02 -3.65776868e-03
-9.91970337e-01 3.77223225e-02 7.59731069e-03 2.39918263e-02 -4.24162362e-03
-9.91770504e-01 3.79739391e-02 7.87528599e-03 2.40372005e-02 -4.81700920e-03
-9.91568226e-01 3.82012901e-02 8.14178204e-03 2.40494988e-02 -5.38272110e-03
-9.91363501e-01 3.84039440e-02 8.39640560e-03 2.40300473e-02 -5.93761052e-03
-9.91156332e-01 3.85815841e-02 8.63881514e-03 2.39802216e-02 -6.48058715e-03
-9.90946719e-01 3.87340050e-02 8.86872060e-03 2.39014401e-02 -7.01062170e-03
-9.90734662e-01 3.88611069e-02 9.08588297e-03 2.37951582e-02 -7.52674819e-03
-9.90520161e-01 3.89628910e-02 9.29011353e-03 2.36628615e-02 -8.02806587e-03
-9.90303218e-01 3.90394537e-02 9.48127292e-03 2.35060597e-02 -8.51374074e-03
-9.90083833e-01 3.90909812e-02 9.65926998e-03 2.33262796e-02 -8.98300680e-03
-9.89862005e-01 3.91177432e-02 9.82406039e-03 2.31250594e-02 -9.43516690e-03
-9.89637737e-01 3.91200868e-02 9.97564511e-03 2.29039413e-02 -9.86959324e-03
-9.89411028e-01 3.90984305e-02 1.01140687e-02 2.26644662e-02 -1.02857276e-02
-9.89181879e-01 3.90532575e-02 1.02394173e-02 2.24081666e-02 -1.06830812e-02
-9.88950290e-01 3.89851101e-02 1.03518171e-02 2.21365610e-02 -1.10612340e-02
-9.88716263e-01 3.88945826e-02 1.04514315e-02 2.18511477e-02 -1.14198344e-02
-9.88479797e-01 3.87823159e-02 1.05384595e-02 2.15533995e-02 -1.17585977e-02
-9.88240894e-01 3.86489910e-02 1.06131333e-02 2.12447577e-02 -1.20773049e-02
-9.87999553e-01 3.84953233e-02 1.06757158e-02 2.09266274e-02 -1.23758012e-02
-9.87755776e-01 3.83220571e-02 1.07264983e-02 2.06003724e-02 -1.26539941e-02
-9.87509562e-01 3.81299598e-02 1.07657984e-02 2.02673106e-02 -1.29118510e-02
-9.87260914e-01 3.79198172e-02 1.07939571e-02 1.99287098e-02 -1.31493974e-02
-9.87009830e-01 3.76924283e-02 1.08113366e-02 1.95857842e-02 -1.33667141e-02
-9.86756313e-01 3.74486007e-02 1.08183184e-02 1.92396904e-02 -1.35639346e-02
-9.86500362e-01 3.71891468e-02 1.08153001e-02 1.88915249e-02 -1.37412424e-02
-9.86241978e-01 3.69148793e-02 1.08026939e-02 1.85423212e-02 -1.38988681e-02
-9.85981162e-01 3.66266082e-02 1.07809242e-02 1.81930481e-02 -1.40370863e-02
-9.85717914e-01 3.63251371e-02 1.07504253e-02 1.78446073e-02 -1.41562127e-02
-9.85452235e-01 3.60112608e-02 1.07116394e-02 1.74978328e-02 -1.42566010e-02
-9.85184126e-01 3.56857627e-02 1.06650148e-02 1.71534899e-02 -1.43386397e-02
-9.84913588e-01 3.53494122e-02 1.06110039e-02 1.68122747e-02 -1.44027489e-02
-9.84640620e-01 3.50029637e-02 1.05500618e-02 1.64748146e-02 -1.44493777e-02
-9.84365224e-01 3.46471546e-02 1.04826440e-02 1.61416687e-02 -1.44790006e-02
-9.84087401e-01 3.42827043e-02 1.04092054e-02 1.58133288e-02 -1.44921145e-02
-9.83807150e-01 3.39103132e-02 1.03301990e-02 1.54902207e-02 -1.44892365e-02
-9.83524474e-01 3.35306628e-02 1.02460738e-02 1.51727064e-02 -1.44709002e-02
-9.83239372e-01 3.31444145e-02 1.01572745e-02 1.48610860e-02 -1.44376537e-02
-9.82951845e-01 3.27522104e-02 1.00642397e-02 1.45556003e-02 -1.43900567e-02
-9.82661894e-01 3.23546731e-02 9.96740143e-03 1.42564338e-02 -1.43286781e-02
-9.82369519e-01 3.19524059e-02 9.86718370e-03 1.39637180e-02 -1.42540937e-02
-9.82074722e-01 3.15459941e-02 9.76400200e-03 1.36775343e-02 -1.41668840e-02
-9.81777503e-01 3.11360049e-02 9.65826243e-03 1.33979185e-02 -1.40676326e-02
-9.81477862e-01 3.07229891e-02 9.55036099e-03 1.31248638e-02 -1.39569237e-02
-9.81175801e-01 3.03074813e-02 9.44068301e-03 1.28583257e-02 -1.38353411e-02
-9.80871321e-01 2.98900013e-02 9.32960250e-03 1.25982255e-02 -1.37034663e-02
-9.80564421e-01 2.94710554e-02 9.21748167e-03 1.23444547e-02 -1.35618771e-02
-9.80255103e-01 2.90511370e-02 9.10467046e-03 1.20968796e-02 -1.34111468e-02
-9.79943368e-01 2.86307283e-02 8.99150606e-03 1.18553451e-02 -1.32518429e-02
-9.79629216e-01 2.82103007e-02 8.87831252e-03 1.16196793e-02 -1.30845260e-02
-9.79312648e-01 2.77903166e-02 8.76540033e-03 1.13896975e-02 -1.29097496e-02
-9.78993665e-01 2.73712299e-02 8.65306606e-03 1.11652064e-02 -1.27280590e-02
-9.78672267e-01 2.69534870e-02 8.54159200e-03 1.09460078e-02 -1.25399909e-02
-9.78348456e-01 2.65375278e-02 8.43124580e-03 1.07319027e-02 -1.23460731e-02
-9.78022233e-01 2.61237862e-02 8.32228013e-03 1.05226944e-02 -1.21468242e-02
-9.77693597e-01 2.57126907e-02 8.21493232e-03 1.03181922e-02 -1.19427533e-02
-9.77362550e-01 2.53046652e-02 8.10942407e-03 1.01182142e-02 -1.17343599e-02
-9.77029093e-01 2.49001289e-02 8.00596109e-03 9.92259024e-03 -1.15221337e-02
-9.76693226e-01 2.44994966e-02 7.90473278e-03 9.73116413e-03 -1.13065550e-02
-9.76354950e-01 2.41031789e-02 7.80591197e-03 9.54379596e-03 -1.10880942e-02
-9.76014267e-01 2.37115820e-02 7.70965458e-03 9.36036385e-03 -1.08672118e-02
-9.75671177e-01 2.33251074e-02 7.61609936e-03 9.18076540e-03 -1.06443591e-02
-9.75325680e-01 2.29441515e-02 7.52536766e-03 9.00491885e-03 -1.04199777e-02
-9.74977778e-01 2.25691053e-02 7.43756320e-03 8.83276376e-03 -1.01944995e-02
-9.74627472e-01 2.22003533e-02 7.35277190e-03 8.66426149e-03 -9.96834703e-03
-9.74274762e-01 2.18382731e-02 7.27106174e-03 8.49939528e-03 -9.74193338e-03
-9.73919650e-01 2.14832342e-02 7.19248267e-03 8.33816992e-03 -9.51566199e-03
-9.73562135e-01 2.11355975e-02 7.11706660e-03 8.18061124e-03 -9.28992674e-03
-9.73202220e-01 2.07957134e-02 7.04482741e-03 8.02676516e-03 -9.06511176e-03
-9.72839904e-01 2.04639214e-02 6.97576113e-03 7.87669656e-03 -8.84159127e-03
-9.72475189e-01 2.01405484e-02 6.90984603e-03 7.73048776e-03 -8.61972934e-03
-9.72108076e-01 1.98259076e-02 6.84704299e-03 7.58823691e-03 -8.39987962e-03
-9.71738566e-01 1.95202969e-02 6.78729582e-03 7.45005599e-03 -8.18238496e-03
-9.71366659e-01 1.92239982e-02 6.73053173e-03 7.31606876e-03 -7.96757704e-03
-9.70992357e-01 1.89372753e-02 6.67666189e-03 7.18640847e-03 -7.75577585e-03
-9.70615660e-01 1.86603729e-02 6.62558209e-03 7.06121544e-03 -7.54728924e-03
-9.70236569e-01 1.83935155e-02 6.57717351e-03 6.94063457e-03 -7.34241226e-03
-9.69855086e-01 1.81369056e-02 6.53130356e-03 6.82481276e-03 -7.14142659e-03
-9.69471210e-01 1.78907230e-02 6.48782689e-03 6.71389631e-03 -6.94459988e-03
-9.69084944e-01 1.76551234e-02 6.44658636e-03 6.60802826e-03 -6.75218499e-03
-9.68696288e-01 1.74302374e-02 6.40741428e-03 6.50734583e-03 -6.56441929e-03
-9.68305243e-01 1.72161694e-02 6.37013358e-03 6.41197790e-03 -6.38152392e-03
-9.67911810e-01 1.70129969e-02 6.33455915e-03 6.32204251e-03 -6.20370296e-03
-9.67515990e-01 1.68207698e-02 6.30049920e-03 6.23764457e-03 -6.03114273e-03
-9.67117784e-01 1.66395094e-02 6.26775672e-03 6.15887363e-03 -5.86401098e-03
-9.66717192e-01 1.64692084e-02 6.23613093e-03 6.08580191e-03 -5.70245612e-03
-9.66314217e-01 1.63098300e-02 6.20541882e-03 6.01848240e-03 -5.54660655e-03
-9.65908859e-01 1.61613083e-02 6.17541667e-03 5.95694730e-03 -5.39656996e-03
-9.65501118e-01 1.60235478e-02 6.14592161e-03 5.90120655e-03 -5.25243266e-03
-9.65090997e-01 1.58964233e-02 6.11673312e-03 5.85124676e-03 -5.11425905e-03
-9.64678495e-01 1.57797808e-02 6.08765461e-03 5.80703023e-03 -4.98209110e-03
-9.64263614e-01 1.56734373e-02 6.05849478e-03 5.76849437e-03 -4.85594792e-03
-9.63846355e-01 1.55771815e-02 6.02906916e-03 5.73555133e-03 -4.73582545e-03
-9.63426720e-01 1.54907748e-02 5.99920135e-03 5.70808788e-03 -4.62169621e-03
-9.63004708e-01 1.54139515e-02 5.96872435e-03 5.68596563e-03 -4.51350918e-03
-9.62580321e-01 1.53464206e-02 5.93748168e-03 5.66902146e-03 -4.41118983e-03
-9.62153561e-01 1.52878661e-02 5.90532848e-03 5.65706827e-03 -4.31464020e-03
-9.61724427e-01 1.52379490e-02 5.87213239e-03 5.64989595e-03 -4.22373916e-03
-9.61292922e-01 1.51963082e-02 5.83777436e-03 5.64727260e-03 -4.13834282e-03
-9.60859046e-01 1.51625625e-02 5.80214931e-03 5.64894601e-03 -4.05828505e-03
-9.60422801e-01 1.51363116e-02 5.76516662e-03 5.65464535e-03 -3.98337809e-03
-9.59984187e-01 1.51171385e-02 5.72675049e-03 5.66408300e-03 -3.91341347e-03
-9.59543205e-01 1.51046110e-02 5.68684006e-03 5.67695667e-03 -3.84816283e-03
-9.59099857e-01 1.50982839e-02 5.64538949e-03 5.69295160e-03 -3.78737913e-03
-9.58654144e-01 1.50977006e-02 5.60236777e-03 5.71174291e-03 -3.73079779e-03
-9.58206066e-01 1.51023958e-02 5.55775841e-03 5.73299802e-03 -3.67813810e-03
-9.57755626e-01 1.51118971e-02 5.51155894e-03 5.75637929e-03 -3.62910469e-03
-9.57302823e-01 1.51257275e-02 5.46378032e-03 5.78154654e-03 -3.58338915e-03
-9.56847660e-01 1.51434078e-02 5.41444610e-03 5.80815971e-03 -3.54067173e-03
-9.56390137e-01 1.51644583e-02 5.36359151e-03 5.83588152e-03 -3.50062318e-03
-9.55930255e-01 1.51884016e-02 5.31126242e-03 5.86438007e-03 -3.46290664e-03
-9.55468016e-01 1.52147648e-02 5.25751414e-03 5.89333139e-03 -3.42717966e-03
-9.55003420e-01 1.52430813e-02 5.20241014e-03 5.92242195e-03 -3.39309622e-03
-9.54536469e-01 1.52728936e-02 5.14602069e-03 5.95135105e-03 -3.36030884e-03
-9.54067164e-01 1.53037550e-02 5.08842139e-03 5.97983307e-03 -3.32847073e-03
-9.53595507e-01 1.53352319e-02 5.02969168e-03 6.00759962e-03 -3.29723796e-03
-9.53121497e-01 1.53669060e-02 4.96991330e-03 6.03440144e-03 -3.26627159e-03
-9.52645137e-01 1.53983758e-02 4.90916870e-03 6.06001022e-03 -3.23523984e-03
-9.52166428e-01 1.54292587e-02 4.84753949e-03 6.08422012e-03 -3.20382022e-03
-9.51685370e-01 1.54591928e-02 4.78510489e-03 6.10684914e-03 -3.17170158e-03
-9.51201965e-01 1.54878384e-02 4.72194021e-03 6.12774019e-03 -3.13858615e-03
-9.50716215e-01 1.55148792e-02 4.65811535e-03 6.14676204e-03 -3.10419145e-03
-9.50228120e-01 1.55400242e-02 4.59369346e-03 6.16380984e-03 -3.06825217e-03
-9.49737681e-01 1.55630084e-02 4.52872959e-03 6.17880558e-03 -3.03052185e-03
-9.49244901e-01 1.55835936e-02 4.46326954e-03 6.19169815e-03 -2.99077452e-03
-9.48749779e-01 1.56015700e-02 4.39734870e-03 6.20246319e-03 -2.94880615e-03
-9.48252318e-01 1.56167559e-02 4.33099118e-03 6.21110274e-03 -2.90443599e-03
-9.47752518e-01 1.56289989e-02 4.26420895e-03 6.21764456e-03 -2.85750773e-03
-9.47250380e-01 1.56381756e-02 4.19700122e-03 6.22214123e-03 -2.80789044e-03
-9.46745907e-01 1.56441920e-02 4.12935397e-03 6.22466909e-03 -2.75547945e-03
-9.46239099e-01 1.56469833e-02 4.06123962e-03 6.22532685e-03 -2.70019690e-03
-9.45729957e-01 1.56465134e-02 3.99261688e-03 6.22423407e-03 -2.64199220e-03
-9.45218483e-01 1.56427746e-02 3.92343086e-03 6.22152947e-03 -2.58084229e-03
-9.44704677e-01 1.56357868e-02 3.85361322e-03 6.21736898e-03 -2.51675160e-03
-9.44188542e-01 1.56255966e-02 3.78308267e-03 6.21192375e-03 -2.44975195e-03
-9.43670079e-01 1.56122764e-02 3.71174549e-03 6.20537795e-03 -2.37990214e-03
-9.43149288e-01 1.55959227e-02 3.63949631e-03 6.19792650e-03 -2.30728741e-03
-9.42626171e-01 1.55766553e-02 3.56621906e-03 6.18977275e-03 -2.23201867e-03
-9.42100730e-01 1.55546153e-02 3.49178802e-03 6.18112601e-03 -2.15423159e-03
-9.41572965e-01 1.55299637e-02 3.41606907e-03 6.17219913e-03 -2.07408544e-03
-9.41042878e-01 1.55028794e-02 3.33892104e-03 6.16320606e-03 -1.99176185e-03
-9.40510470e-01 1.54735577e-02 3.26019717e-03 6.15435938e-03 -1.90746333e-03
-9.39975743e-01 1.54422076e-02 3.17974674e-03 6.14586790e-03 -1.82141172e-03
-9.39438698e-01 1.54090504e-02 3.09741666e-03 6.13793436e-03 -1.73384643e-03
-9.38899336e-01 1.53743172e-02 3.01305325e-03 6.13075314e-03 -1.64502261e-03
-9.38357658e-01 1.53382471e-02 2.92650402e-03 6.12450812e-03 -1.55520923e-03
-9.37813667e-01 1.53010845e-02 2.83761943e-03 6.11937068e-03 -1.46468702e-03
-9.37267362e-01 1.52630775e-02 2.74625472e-03 6.11549785e-03 -1.37374640e-03
-9.36718746e-01 1.52244753e-02 2.65227172e-03 6.11303057e-03 -1.28268529e-03
-9.36167820e-01 1.51855264e-02 2.55554057e-03 6.11209219e-03 -1.19180694e-03
-9.35614585e-01 1.51464763e-02 2.45594146e-03 6.11278717e-03 -1.10141776e-03
-9.35059043e-01 1.51075658e-02 2.35336622e-03 6.11519994e-03 -1.01182503e-03
-9.34501195e-01 1.50690289e-02 2.24771986e-03 6.11939400e-03 -9.23334828e-04
-9.33941042e-01 1.50310911e-02 2.13892199e-03 6.12541126e-03 -8.36249791e-04
-9.33378586e-01 1.49939679e-02 2.02690809e-03 6.13327161e-03 -7.50867079e-04
-9.32813828e-01 1.49578631e-02 1.91163063e-03 6.14297265e-03 -6.67476341e-04
-9.32246769e-01 1.49229674e-02 1.79306006e-03 6.15448977e-03 -5.86357793e-04
-9.31677412e-01 1.48894577e-02 1.67118559e-03 6.16777637e-03 -5.07780393e-04
-9.31105757e-01 1.48574954e-02 1.54601578e-03 6.18276432e-03 -4.32000142e-04
-9.30531805e-01 1.48272261e-02 1.41757894e-03 6.19936465e-03 -3.59258516e-04
-9.29955559e-01 1.47987788e-02 1.28592337e-03 6.21746848e-03 -2.89781040e-04
-9.29377019e-01 1.47722653e-02 1.15111730e-03 6.23694806e-03 -2.23776028e-04
-9.28796187e-01 1.47477801e-02 1.01324870e-03 6.25765806e-03 -1.61433481e-04
-9.28213065e-01 1.47254002e-02 8.72424852e-04 6.27943704e-03 -1.02924162e-04
-9.27627654e-01 1.47051856e-02 7.28771699e-04 6.30210898e-03 -4.83988567e-05
-9.27039955e-01 1.46871789e-02 5.82433013e-04 6.32548506e-03 2.01218427e-06
-9.26449969e-01 1.46714062e-02 4.33569360e-04 6.34936544e-03 4.81996128e-05
-9.25857699e-01 1.46578777e-02 2.82356877e-04 6.37354122e-03 9.00751590e-05
-9.25263146e-01 1.46465884e-02 1.28985885e-04 6.39779643e-03 1.27571616e-04
-9.24666310e-01 1.46375191e-02 -2.63406660e-05 6.42191004e-03 1.60642639e-04
-9.24067195e-01 1.46306370e-02 -1.83408885e-04 6.44565806e-03 1.89262355e-04
-9.23465800e-01 1.46258976e-02 -3.41995757e-04 6.46881561e-03 2.13424798e-04
-9.22862128e-01 1.46232453e-02 -5.01871058e-04 6.49115893e-03 2.33143168e-04
-9.22256180e-01 1.46226149e-02 -6.62799353e-04 6.51246744e-03 2.48448932e-04
-9.21647958e-01 1.46239329e-02 -8.24542057e-04 6.53252569e-03 2.59390765e-04
-9.21037462e-01 1.46271192e-02 -9.86859518e-04 6.55112517e-03 2.66033356e-04
-9.20424696e-01 1.46320881e-02 -1.14951313e-03 6.56806619e-03 2.68456081e-04
-9.19809659e-01 1.46387497e-02 -1.31226739e-03 6.58315943e-03 2.66751563e-04
-9.19192354e-01 1.46470118e-02 -1.47489200e-03 6.59622755e-03 2.61024133e-04
-9.18572782e-01 1.46567806e-02 -1.63716376e-03 6.60710654e-03 2.51388211e-04
-9.17950945e-01 1.46679624e-02 -1.79886855e-03 6.61564696e-03 2.37966612e-04
-9.17326844e-01 1.46804647e-02 -1.95980303e-03 6.62171500e-03 2.20888811e-04
-9.16700480e-01 1.46941972e-02 -2.11977632e-03 6.62519339e-03 2.00289177e-04
-9.16071856e-01 1.47090730e-02 -2.27861148e-03 6.62598212e-03 1.76305189e-04
-9.15440973e-01 1.47250093e-02 -2.43614678e-03 6.62399894e-03 1.49075661e-04
-9.14807832e-01 1.47419284e-02 -2.59223683e-03 6.61917977e-03 1.18738992e-04
-9.14172435e-01 1.47597581e-02 -2.74675349e-03 6.61147887e-03 8.54314554e-05
-9.13534783e-01 1.47784321e-02 -2.89958649e-03 6.60086882e-03 4.92855476e-05
-9.12894879e-01 1.47978910e-02 -3.05064392e-03 6.58734036e-03 1.04284170e-05
-9.12252723e-01 1.48180814e-02 -3.19985240e-03 6.57090209e-03 -3.10196182e-05
-9.11608317e-01 1.48389571e-02 -3.34715699e-03 6.55157998e-03 -7.49464421e-05
-9.10961663e-01 1.48604778e-02 -3.49252094e-03 6.52941674e-03 -1.21249390e-04
-9.10312763e-01 1.48826100e-02 -3.63592509e-03 6.50447110e-03 -1.69836362e-04
-9.09661618e-01 1.49053257e-02 -3.77736709e-03 6.47681694e-03 -2.20626789e-04
-9.09008229e-01 1.49286022e-02 -3.91686034e-03 6.44654232e-03 -2.73552440e-04
-9.08352599e-01 1.49524217e-02 -4.05443275e-03 6.41374845e-03 -3.28558059e-04
-9.07694728e-01 1.49767699e-02 -4.19012525e-03 6.37854863e-03 -3.85601834e-04
-9.07034619e-01 1.50016356e-02 -4.32399011e-03 6.34106702e-03 -4.44655682e-04
-9.06372273e-01 1.50270099e-02 -4.45608910e-03 6.30143753e-03 -5.05705348e-04
-9.05707691e-01 1.50528846e-02 -4.58649147e-03 6.25980259e-03 -5.68750322e-04
-9.05040876e-01 1.50792517e-02 -4.71527185e-03 6.21631194e-03 -6.33803570e-04
-9.04371830e-01 1.51061018e-02 -4.84250799e-03 6.17112151e-03 -7.00891082e-04
-9.03700552e-01 1.51334236e-02 -4.96827842e-03 6.12439225e-03 -7.70051235e-04
-9.03027046e-01 1.51612022e-02 -5.09266018e-03 6.07628903e-03 -8.41333990e-04
-9.02351313e-01 1.51894186e-02 -5.21572638e-03 6.02697965e-03 -9.14799917e-04
-9.01673355e-01 1.52180481e-02 -5.33754389e-03 5.97663383e-03 -9.90519064e-04
-9.00993173e-01 1.52470600e-02 -5.45817102e-03 5.92542239e-03 -1.06856968e-03
-9.00310769e-01 1.52764160e-02 -5.57765537e-03 5.87351647e-03 -1.14903681e-03
-8.99626145e-01 1.53060701e-02 -5.69603167e-03 5.82108681e-03 -1.23201076e-03
-8.98939302e-01 1.53359676e-02 -5.81331989e-03 5.76830319e-03 -1.31758546e-03
-8.98250242e-01 1.53660446e-02 -5.92952346e-03 5.71533398e-03 -1.40585676e-03
-8.97558967e-01 1.53962280e-02 -6.04462771e-03 5.66234572e-03 -1.49692062e-03
-8.96865478e-01 1.54264345e-02 -6.15859857e-03 5.60950291e-03 -1.59087127e-03
-8.96169778e-01 1.54565714e-02 -6.27138148e-03 5.55696780e-03 -1.68779937e-03
-8.95471867e-01 1.54865362e-02 -6.38290063e-03 5.50490034e-03 -1.78779008e-03
-8.94771748e-01 1.55162171e-02 -6.49305848e-03 5.45345818e-03 -1.89092121e-03
-8.94069423e-01 1.55454935e-02 -6.60173554e-03 5.40279679e-03 -1.99726136e-03
-8.93364892e-01 1.55742364e-02 -6.70879060e-03 5.35306959e-03 -2.10686813e-03
-8.92658159e-01 1.56023096e-02 -6.81406112e-03 5.30442818e-03 -2.21978637e-03
-8.91949223e-01 1.56295704e-02 -6.91736414e-03 5.25702262e-03 -2.33604656e-03
-8.91238089e-01 1.56558710e-02 -7.01849737e-03 5.21100168e-03 -2.45566323e-03
-8.90524756e-01 1.56810595e-02 -7.11724066e-03 5.16651319e-03 -2.57863356e-03
-8.89809227e-01 1.57049816e-02 -7.21335788e-03 5.12370428e-03 -2.70493612e-03
-8.89091503e-01 1.57274822e-02 -7.30659893e-03 5.08272174e-03 -2.83452971e-03
-8.88371587e-01 1.57484069e-02 -7.39670223e-03 5.04371223e-03 -2.96735241e-03
-8.87649480e-01 1.57676039e-02 -7.48339731e-03 5.00682249e-03 -3.10332080e-03
-8.86925184e-01 1.57849259e-02 -7.56640778e-03 4.97219950e-03 -3.24232937e-03
-8.86198701e-01 1.58002318e-02 -7.64545442e-03 4.93999056e-03 -3.38425017e-03
-8.85470032e-01 1.58133886e-02 -7.72025853e-03 4.91034326e-03 -3.52893253e-03
-8.84739180e-01 1.58242738e-02 -7.79054533e-03 4.88340537e-03 -3.67620319e-03
-8.84006145e-01 1.58327765e-02 -7.85604761e-03 4.85932462e-03 -3.82586647e-03
-8.83270931e-01 1.58387999e-02 -7.91650931e-03 4.83824835e-03 -3.97770476e-03
-8.82533538e-01 1.58422630e-02 -7.97168925e-03 4.82032307e-03 -4.13147915e-03
-8.81793969e-01 1.58431019e-02 -8.02136475e-03 4.80569383e-03 -4.28693036e-03
-8.81052225e-01 1.58412717e-02 -8.06533528e-03 4.79450353e-03 -4.44377976e-03
-8.80308308e-01 1.58367479e-02 -8.10342594e-03 4.78689204e-03 -4.60173071e-03
-8.79562220e-01 1.58295274e-02 -8.13549087e-03 4.78299522e-03 -4.76046998e-03
-8.78813963e-01 1.58196301e-02 -8.16141641e-03 4.78294380e-03 -4.91966942e-03
-8.78063539e-01 1.58070990e-02 -8.18112408e-03 4.78686216e-03 -5.07898775e-03
-8.77310949e-01 1.57920017e-02 -8.19457331e-03 4.79486697e-03 -5.23807257e-03
-8.76556196e-01 1.57744302e-02 -8.20176375e-03 4.80706577e-03 -5.39656238e-03
-8.75799281e-01 1.57545015e-02 -8.20273745e-03 4.82355542e-03 -5.55408888e-03
-8.75040206e-01 1.57323574e-02 -8.19758044e-03 4.84442051e-03 -5.71027924e-03
-8.74278973e-01 1.57081639e-02 -8.18642413e-03 4.86973170e-03 -5.86475851e-03
-8.73515584e-01 1.56821111e-02 -8.16944610e-03 4.89954400e-03 -6.01715209e-03
-8.72750041e-01 1.56544122e-02 -8.14687059e-03 4.93389513e-03 -6.16708825e-03
-8.71982345e-01 1.56253021e-02 -8.11896847e-03 4.97280375e-03 -6.31420063e-03
-8.71212499e-01 1.55950366e-02 -8.08605673e-03 5.01626780e-03 -6.45813084e-03
-8.70440504e-01 1.55638904e-02 -8.04849754e-03 5.06426289e-03 -6.59853089e-03
-8.69666363e-01 1.55321554e-02 -8.00669682e-03 5.11674072e-03 -6.73506574e-03
-8.68890077e-01 1.55001388e-02 -7.96110232e-03 5.17362764e-03 -6.86741568e-03
-8.68111648e-01 1.54681607e-02 -7.91220130e-03 5.23482332e-03 -6.99527870e-03
-8.67331079e-01 1.54365519e-02 -7.86051766e-03 5.30019952e-03 -7.11837274e-03
-8.66548370e-01 1.54056511e-02 -7.80660875e-03 5.36959910e-03 -7.23643779e-03
-8.65763524e-01 1.53758024e-02 -7.75106173e-03 5.44283516e-03 -7.34923792e-03
-8.64976543e-01 1.53473524e-02 -7.69448956e-03 5.51969040e-03 -7.45656315e-03
-8.64187429e-01 1.53206474e-02 -7.63752665e-03 5.59991670e-03 -7.55823110e-03
-8.63396184e-01 1.52960304e-02 -7.58082421e-03 5.68323498e-03 -7.65408858e-03
-8.62602809e-01 1.52738381e-02 -7.52504534e-03 5.76933525e-03 -7.74401286e-03
-8.61807307e-01 1.52543982e-02 -7.47085990e-03 5.85787699e-03 -7.82791285e-03
-8.61009680e-01 1.52380262e-02 -7.41893917e-03 5.94848976e-03 -7.90573005e-03
-8.60209930e-01 1.52250227e-02 -7.36995046e-03 6.04077410e-03 -7.97743922e-03
-8.59408057e-01 1.52156707e-02 -7.32455158e-03 6.13430278e-03 -8.04304896e-03
-8.58604066e-01 1.52102329e-02 -7.28338533e-03 6.22862224e-03 -8.10260195e-03
-8.57797957e-01 1.52089491e-02 -7.24707393e-03 6.32325439e-03 -8.15617505e-03
-8.56989732e-01 1.52120343e-02 -7.21621367e-03 6.41769867e-03 -8.20387912e-03
-8.56179395e-01 1.52196763e-02 -7.19136957e-03 6.51143435e-03 -8.24585864e-03
-8.55366945e-01 1.52320336e-02 -7.17307028e-03 6.60392321e-03 -8.28229116e-03
-8.54552386e-01 1.52492344e-02 -7.16180319e-03 6.69461230e-03 -8.31338643e-03
-8.53735720e-01 1.52713747e-02 -7.15800982e-03 6.78293707e-03 -8.33938539e-03
-8.52916948e-01 1.52985173e-02 -7.16208150e-03 6.86832464e-03 -8.36055897e-03
-8.52096073e-01 1.53306913e-02 -7.17435552e-03 6.95019730e-03 -8.37720666e-03
-8.51273096e-01 1.53678911e-02 -7.19511152e-03 7.02797617e-03 -8.38965486e-03
-8.50448020e-01 1.54100764e-02 -7.22456845e-03 7.10108498e-03 -8.39825516e-03
-8.49620847e-01 1.54571723e-02 -7.26288192e-03 7.16895396e-03 -8.40338234e-03
-8.48791578e-01 1.55090697e-02 -7.31014209e-03 7.23102385e-03 -8.40543226e-03
-8.47960216e-01 1.55656256e-02 -7.36637201e-03 7.28674993e-03 -8.40481966e-03
-8.47126763e-01 1.56266646e-02 -7.43152654e-03 7.33560605e-03 -8.40197576e-03
-8.46291221e-01 1.56919797e-02 -7.50549182e-03 7.37708868e-03 -8.39734576e-03
-8.45453591e-01 1.57613338e-02 -7.58808522e-03 7.41072088e-03 -8.39138630e-03
-8.44613877e-01 1.58344619e-02 -7.67905592e-03 7.43605619e-03 -8.38456275e-03
-8.43772079e-01 1.59110722e-02 -7.77808597e-03 7.45268240e-03 -8.37734649e-03
-8.42928201e-01 1.59908492e-02 -7.88479197e-03 7.46022519e-03 -8.37021214e-03
-8.42082244e-01 1.60734554e-02 -7.99872712e-03 7.45835150e-03 -8.36363475e-03
-8.41234210e-01 1.61585340e-02 -8.11938399e-03 7.44677278e-03 -8.35808690e-03
-8.40384102e-01 1.62457116e-02 -8.24619759e-03 7.42524793e-03 -8.35403594e-03
-8.39531921e-01 1.63346011e-02 -8.37854898e-03 7.39358596e-03 -8.35194109e-03
-8.38677669e-01 1.64248042e-02 -8.51576934e-03 7.35164838e-03 -8.35225069e-03
-8.37821349e-01 1.65159146e-02 -8.65714433e-03 7.29935120e-03 -8.35539939e-03
-8.36962964e-01 1.66075205e-02 -8.80191894e-03 7.23666663e-03 -8.36180554e-03
-8.36102514e-01 1.66992083e-02 -8.94930252e-03 7.16362437e-03 -8.37186847e-03
-8.35240002e-01 1.67905646e-02 -9.09847422e-03 7.08031254e-03 -8.38596605e-03
-8.34375430e-01 1.68811797e-02 -9.24858855e-03 6.98687816e-03 -8.40445220e-03
-8.33508800e-01 1.69706498e-02 -9.39878119e-03 6.88352728e-03 -8.42765463e-03
-8.32640115e-01 1.70585802e-02 -9.54817493e-03 6.77052463e-03 -8.45587268e-03
-8.31769377e-01 1.71445874e-02 -9.69588569e-03 6.64819285e-03 -8.48937526e-03
-8.30896587e-01 1.72283016e-02 -9.84102855e-03 6.51691140e-03 -8.52839901e-03
-8.30021748e-01 1.73093688e-02 -9.98272389e-03 6.37711484e-03 -8.57314661e-03
-8.29144862e-01 1.73874532e-02 -1.01201033e-02 6.22929096e-03 -8.62378528e-03
-8.28265931e-01 1.74622382e-02 -1.02523157e-02 6.07397825e-03 -8.68044547e-03
-8.27384958e-01 1.75334287e-02 -1.03785328e-02 5.91176319e-03 -8.74321972e-03
-8.26501944e-01 1.76007522e-02 -1.04979549e-02 5.74327705e-03 -8.81216180e-03
-8.25616892e-01 1.76639598e-02 -1.06098163e-02 5.56919235e-03 -8.88728600e-03
-8.24729804e-01 1.77228274e-02 -1.07133902e-02 5.39021908e-03 -8.96856671e-03
-8.23840681e-01 1.77771560e-02 -1.08079936e-02 5.20710049e-03 -9.05593816e-03
-8.22949527e-01 1.78267723e-02 -1.08929919e-02 5.02060872e-03 -9.14929446e-03
-8.22056344e-01 1.78715289e-02 -1.09678028e-02 4.83154016e-03 -9.24848985e-03
-8.21161133e-01 1.79113041e-02 -1.10319000e-02 4.64071054e-03 -9.35333916e-03
-8.20263897e-01 1.79460019e-02 -1.10848167e-02 4.44894996e-03 -9.46361861e-03
-8.19364639e-01 1.79755513e-02 -1.11261481e-02 4.25709769e-03 -9.57906673e-03
-8.18463359e-01 1.79999056e-02 -1.11555542e-02 4.06599695e-03 -9.69938558e-03
-8.17560061e-01 1.80190419e-02 -1.11727616e-02 3.87648957e-03 -9.82424223e-03
-8.16654747e-01 1.80329598e-02 -1.11775648e-02 3.68941070e-03 -9.95327037e-03
-8.15747419e-01 1.80416802e-02 -1.11698273e-02 3.50558345e-03 -1.00860723e-02
-8.14838079e-01 1.80452443e-02 -1.11494823e-02 3.32581375e-03 -1.02222208e-02
-8.13926729e-01 1.80437120e-02 -1.11165324e-02 3.15088510e-03 -1.03612620e-02
-8.13013373e-01 1.80371607e-02 -1.10710494e-02 2.98155368e-03 -1.05027171e-02
-8.12098011e-01 1.80256832e-02 -1.10131733e-02 2.81854348e-03 -1.06460855e-02
-8.11180646e-01 1.80093870e-02 -1.09431109e-02 2.66254171e-03 -1.07908479e-02
-8.10261281e-01 1.79883919e-02 -1.08611344e-02 2.51419449e-03 -1.09364685e-02
-8.09339918e-01 1.79628289e-02 -1.07675784e-02 2.37410275e-03 -1.10823990e-02
-8.08416559e-01 1.79328384e-02 -1.06628381e-02 2.24281849e-03 -1.12280810e-02
-8.07491206e-01 1.78985686e-02 -1.05473661e-02 2.12084138e-03 -1.13729501e-02
-8.06563861e-01 1.78601744e-02 -1.04216689e-02 2.00861569e-03 -1.15164386e-02
-8.05634528e-01 1.78178155e-02 -1.02863034e-02 1.90652768e-03 -1.16579793e-02
-8.04703207e-01 1.77716554e-02 -1.01418731e-02 1.81490330e-03 -1.17970088e-02
-8.03769903e-01 1.77218600e-02 -9.98902379e-03 1.73400638e-03 -1.19329712e-02
-8.02834616e-01 1.76685967e-02 -9.82843932e-03 1.66403722e-03 -1.20653212e-02
-8.01897349e-01 1.76120330e-02 -9.66083695e-03 1.60513167e-03 -1.21935275e-02
-8.00958104e-01 1.75523360e-02 -9.48696268e-03 1.55736054e-03 -1.23170767e-02
-8.00016884e-01 1.74896715e-02 -9.30758643e-03 1.52072962e-03 -1.24354755e-02
-7.99073691e-01 1.74242034e-02 -9.12349716e-03 1.49518001e-03 -1.25482548e-02
-7.98128528e-01 1.73560933e-02 -8.93549790e-03 1.48058892e-03 -1.26549720e-02
-7.97181396e-01 1.72855001e-02 -8.74440084e-03 1.47677099e-03 -1.27552142e-02
-7.96232298e-01 1.72125798e-02 -8.55102242e-03 1.48347985e-03 -1.28486006e-02
-7.95281236e-01 1.71374854e-02 -8.35617842e-03 1.50041026e-03 -1.29347850e-02
-7.94328214e-01 1.70603671e-02 -8.16067927e-03 1.52720052e-03 -1.30134581e-02
-7.93373232e-01 1.69813723e-02 -7.96532536e-03 1.56343526e-03 -1.30843492e-02
-7.92416293e-01 1.69006459e-02 -7.77090259e-03 1.60864860e-03 -1.31472283e-02
-7.91457401e-01 1.68183307e-02 -7.57817807e-03 1.66232754e-03 -1.32019072e-02
-7.90496556e-01 1.67345680e-02 -7.38789598e-03 1.72391573e-03 -1.32482409e-02
-7.89533763e-01 1.66494977e-02 -7.20077376e-03 1.79281740e-03 -1.32861283e-02
-7.88569022e-01 1.65632593e-02 -7.01749849e-03 1.86840152e-03 -1.33155132e-02
-7.87602336e-01 1.64759921e-02 -6.83872352e-03 1.95000618e-03 -1.33363841e-02
-7.86633708e-01 1.63878362e-02 -6.66506544e-03 2.03694307e-03 -1.33487745e-02
-7.85663139e-01 1.62989330e-02 -6.49710132e-03 2.12850208e-03 -1.33527626e-02
-7.84690634e-01 1.62094254e-02 -6.33536625e-03 2.22395597e-03 -1.33484706e-02
-7.83716193e-01 1.61194592e-02 -6.18035124e-03 2.32256510e-03 -1.33360639e-02
-7.82739819e-01 1.60291830e-02 -6.03250142e-03 2.42358210e-03 -1.33157500e-02
-7.81761515e-01 1.59387488e-02 -5.89221454e-03 2.52625660e-03 -1.32877769e-02
-7.80781283e-01 1.58483127e-02 -5.75983985e-03 2.62983976e-03 -1.32524315e-02
-7.79799126e-01 1.57580349e-02 -5.63567726e-03 2.73358884e-03 -1.32100378e-02
-7.78815045e-01 1.56680804e-02 -5.51997686e-03 2.83677155e-03 -1.31609541e-02
-7.77829044e-01 1.55786186e-02 -5.41293872e-03 2.93867024e-03 -1.31055716e-02
-7.76841124e-01 1.54898238e-02 -5.31471303e-03 3.03858591e-03 -1.30443108e-02
-7.75851289e-01 1.54018748e-02 -5.22540047e-03 3.13584207e-03 -1.29776194e-02
-7.74859540e-01 1.53149550e-02 -5.14505294e-03 3.22978822e-03 -1.29059688e-02
-7.73865880e-01 1.52292520e-02 -5.07367450e-03 3.31980322e-03 -1.28298517e-02
-7.72870312e-01 1.51449567e-02 -5.01122255e-03 3.40529828e-03 -1.27497782e-02
-7.71872838e-01 1.50622636e-02 -4.95760931e-03 3.48571970e-03 -1.26662730e-02
-7.70873460e-01 1.49813691e-02 -4.91270342e-03 3.56055132e-03 -1.25798719e-02
-7.69872181e-01 1.49024716e-02 -4.87633179e-03 3.62931663e-03 -1.24911183e-02
-7.68869004e-01 1.48257697e-02 -4.84828162e-03 3.69158053e-03 -1.24005598e-02
-7.67863930e-01 1.47514617e-02 -4.82830256e-03 3.74695087e-03 -1.23087452e-02
-7.66856963e-01 1.46797444e-02 -4.81610897e-03 3.79507955e-03 -1.22162206e-02
-7.65848104e-01 1.46108116e-02 -4.81138235e-03 3.83566339e-03 -1.21235264e-02
-7.64837357e-01 1.45448527e-02 -4.81377383e-03 3.86844459e-03 -1.20311938e-02
-7.63824724e-01 1.44820517e-02 -4.82290671e-03 3.89321099e-03 -1.19397420e-02
-7.62810206e-01 1.44225854e-02 -4.83837911e-03 3.90979591e-03 -1.18496749e-02
-7.61793808e-01 1.43666221e-02 -4.85976656e-03 3.91807780e-03 -1.17614784e-02
-7.60775531e-01 1.43143197e-02 -4.88662473e-03 3.91797959e-03 -1.16756175e-02
-7.59755377e-01 1.42658248e-02 -4.91849202e-03 3.90946770e-03 -1.15925339e-02
-7.58733350e-01 1.42212705e-02 -4.95489226e-03 3.89255094e-03 -1.15126434e-02
-7.57709452e-01 1.41807755e-02 -4.99533731e-03 3.86727909e-03 -1.14363338e-02
-7.56683685e-01 1.41444422e-02 -5.03932960e-03 3.83374130e-03 -1.13639633e-02
-7.55656053e-01 1.41123555e-02 -5.08636472e-03 3.79206430e-03 -1.12958579e-02
-7.54626556e-01 1.40845818e-02 -5.13593381e-03 3.74241049e-03 -1.12323109e-02
-7.53595199e-01 1.40611671e-02 -5.18752599e-03 3.68497582e-03 -1.11735806e-02
-7.52561982e-01 1.40421365e-02 -5.24063066e-03 3.61998761e-03 -1.11198901e-02
-7.51526911e-01 1.40274932e-02 -5.29473969e-03 3.54770224e-03 -1.10714258e-02
-7.50489985e-01 1.40172174e-02 -5.34934962e-03 3.46840278e-03 -1.10283374e-02
-7.49451209e-01 1.40112657e-02 -5.40396364e-03 3.38239656e-03 -1.09907369e-02
-7.48410585e-01 1.40095710e-02 -5.45809358e-03 3.29001271e-03 -1.09586992e-02
-7.47368114e-01 1.40120415e-02 -5.51126175e-03 3.19159968e-03 -1.09322617e-02
-7.46323801e-01 1.40185613e-02 -5.56300267e-03 3.08752280e-03 -1.09114249e-02
-7.45277647e-01 1.40289898e-02 -5.61286474e-03 2.97816182e-03 -1.08961530e-02
-7.44229655e-01 1.40431627e-02 -5.66041180e-03 2.86390853e-03 -1.08863746e-02
-7.43179828e-01 1.40608915e-02 -5.70522460e-03 2.74516441e-03 -1.08819837e-02
-7.42128168e-01 1.40819652e-02 -5.74690210e-03 2.62233834e-03 -1.08828411e-02
-7.41074678e-01 1.41061504e-02 -5.78506282e-03 2.49584449e-03 -1.08887754e-02
-7.40019360e-01 1.41331924e-02 -5.81934594e-03 2.36610016e-03 -1.08995850e-02
-7.38962217e-01 1.41628171e-02 -5.84941242e-03 2.23352385e-03 -1.09150395e-02
-7.37903252e-01 1.41947314e-02 -5.87494595e-03 2.09853334e-03 -1.09348817e-02
-7.36842467e-01 1.42286258e-02 -5.89565388e-03 1.96154402e-03 -1.09588297e-02
-7.35779864e-01 1.42641751e-02 -5.91126799e-03 1.82296719e-03 -1.09865785e-02
-7.34715448e-01 1.43010413e-02 -5.92154520e-03 1.68320863e-03 -1.10178029e-02
-7.33649219e-01 1.43388748e-02 -5.92626822e-03 1.54266718e-03 -1.10521595e-02
-7.32581181e-01 1.43773170e-02 -5.92524602e-03 1.40173354e-03 -1.10892887e-02
-7.31511336e-01 1.44160020e-02 -5.91831432e-03 1.26078913e-03 -1.11288177e-02
-7.30439687e-01 1.44545596e-02 -5.90533591e-03 1.12020515e-03 -1.11703625e-02
-7.29366237e-01 1.44926169e-02 -5.88620085e-03 9.80341686e-04 -1.12135305e-02
-7.28290988e-01 1.45298011e-02 -5.86082670e-03 8.41546979e-04 -1.12579232e-02
-7.27213943e-01 1.45657416e-02 -5.82915850e-03 7.04156796e-04 -1.13031380e-02
-7.26135105e-01 1.46000725e-02 -5.79116874e-03 5.68493908e-04 -1.13487714e-02
-7.25054476e-01 1.46324348e-02 -5.74685720e-03 4.34867669e-04 -1.13944205e-02
-7.23972059e-01 1.46624788e-02 -5.69625068e-03 3.03573685e-04 -1.14396861e-02
-7.22887856e-01 1.46898662e-02 -5.63940265e-03 1.74893569e-04 -1.14841745e-02
-7.21801870e-01 1.47142719e-02 -5.57639276e-03 4.90947722e-05 -1.15274995e-02
-7.20714105e-01 1.47353865e-02 -5.50732624e-03 -7.35695099e-05 -1.15692847e-02
-7.19624562e-01 1.47529175e-02 -5.43233321e-03 -1.92860379e-04 -1.16091654e-02
-7.18533244e-01 1.47665917e-02 -5.35156787e-03 -3.08553216e-04 -1.16467902e-02
-7.17440155e-01 1.47761557e-02 -5.26520758e-03 -4.20437620e-04 -1.16818226e-02
-7.16345296e-01 1.47813783e-02 -5.17345182e-03 -5.28317309e-04 -1.17139428e-02
-7.15248670e-01 1.47820507e-02 -5.07652107e-03 -6.32009991e-04 -1.17428490e-02
-7.14150280e-01 1.47779881e-02 -4.97465552e-03 -7.31347206e-04 -1.17682582e-02
-7.13050130e-01 1.47690300e-02 -4.86811380e-03 -8.26174153e-04 -1.17899078e-02
-7.11948220e-01 1.47550407e-02 -4.75717148e-03 -9.16349509e-04 -1.18075559e-02
-7.10844555e-01 1.47359098e-02 -4.64211957e-03 -1.00174523e-03 -1.18209826e-02
-7.09739137e-01 1.47115522e-02 -4.52326291e-03 -1.08224635e-03 -1.18299899e-02
-7.08631969e-01 1.46819078e-02 -4.40091847e-03 -1.15775079e-03 -1.18344028e-02
-7.07523053e-01 1.46469412e-02 -4.27541363e-03 -1.22816916e-03 -1.18340687e-02
-7.06412392e-01 1.46066413e-02 -4.14708436e-03 -1.29342457e-03 -1.18288581e-02
-7.05299989e-01 1.45610203e-02 -4.01627338e-03 -1.35345244e-03 -1.18186641e-02
-7.04185846e-01 1.45101129e-02 -3.88332829e-03 -1.40820032e-03 -1.18034022e-02
-7.03069967e-01 1.44539752e-02 -3.74859968e-03 -1.45762772e-03 -1.17830101e-02
-7.01952354e-01 1.43926832e-02 -3.61243919e-03 -1.50170599e-03 -1.17574468e-02
-7.00833010e-01 1.43263318e-02 -3.47519771e-03 -1.54041806e-03 -1.17266922e-02
-6.99711937e-01 1.42550329e-02 -3.33722343e-03 -1.57375842e-03 -1.16907461e-02
-6.98589139e-01 1.41789142e-02 -3.19886005e-03 -1.60173285e-03 -1.16496274e-02
-6.97464618e-01 1.40981170e-02 -3.06044501e-03 -1.62435836e-03 -1.16033731e-02
-6.96338377e-01 1.40127948e-02 -2.92230777e-03 -1.64166299e-03 -1.15520372e-02
-6.95210419e-01 1.39231113e-02 -2.78476818e-03 -1.65368568e-03 -1.14956896e-02
-6.94080746e-01 1.38292388e-02 -2.64813498e-03 -1.66047608e-03 -1.14344146e-02
-6.92949362e-01 1.37313563e-02 -2.51270434e-03 -1.66209442e-03 -1.13683101e-02
-6.91816268e-01 1.36296476e-02 -2.37875855e-03 -1.65861131e-03 -1.12974859e-02
-6.90681469e-01 1.35242996e-02 -2.24656491e-03 -1.65010751e-03 -1.12220626e-02
-6.89544966e-01 1.34155008e-02 -2.11637460e-03 -1.63667378e-03 -1.11421702e-02
-6.88406763e-01 1.33034396e-02 -1.98842189e-03 -1.61841057e-03 -1.10579471e-02
-6.87266861e-01 1.31883029e-02 -1.86292336e-03 -1.59542778e-03 -1.09695383e-02
-6.86125265e-01 1.30702746e-02 -1.74007734e-03 -1.56784452e-03 -1.08770946e-02
-6.84981977e-01 1.29495343e-02 -1.62006353e-03 -1.53578871e-03 -1.07807714e-02
-6.83837000e-01 1.28262565e-02 -1.50304277e-03 -1.49939683e-03 -1.06807270e-02
-6.82690336e-01 1.27006097e-02 -1.38915697e-03 -1.45881346e-03 -1.05771225e-02
-6.81541988e-01 1.25727551e-02 -1.27852924e-03 -1.41419093e-03 -1.04701199e-02
-6.80391960e-01 1.24428467e-02 -1.17126414e-03 -1.36568890e-03 -1.03598819e-02
-6.79240254e-01 1.23110303e-02 -1.06744815e-03 -1.31347384e-03 -1.02465706e-02
-6.78086872e-01 1.21774435e-02 -9.67150260e-04 -1.25771859e-03 -1.01303471e-02
-6.76931818e-01 1.20422159e-02 -8.70422692e-04 -1.19860182e-03 -1.00113707e-02
-6.75775095e-01 1.19054685e-02 -7.77301796e-04 -1.13630748e-03 -9.88979874e-03
-6.74616706e-01 1.17673147e-02 -6.87809049e-04 -1.07102426e-03 -9.76578571e-03
-6.73456652e-01 1.16278602e-02 -6.01952178e-04 -1.00294496e-03 -9.63948338e-03
-6.72294938e-01 1.14872037e-02 -5.19726374e-04 -9.32265907e-04 -9.51104051e-03
-6.71131566e-01 1.13454377e-02 -4.41115594e-04 -8.59186350e-04 -9.38060272e-03
-6.69966538e-01 1.12026493e-02 -3.66093937e-04 -7.83907786e-04 -9.24831262e-03
-6.68799859e-01 1.10589210e-02 -2.94627061e-04 -7.06633347e-04 -9.11430988e-03
-6.67631530e-01 1.09143319e-02 -2.26673645e-04 -6.27567145e-04 -8.97873148e-03
-6.66461554e-01 1.07689587e-02 -1.62186859e-04 -5.46913636e-04 -8.84171202e-03
-6.65289935e-01 1.06228766e-02 -1.01115840e-04 -4.64876977e-04 -8.70338408e-03
-6.64116675e-01 1.04761611e-02 -4.34071466e-05 -3.81660397e-04 -8.56387869e-03
-6.62941778e-01 1.03288887e-02 1.09938245e-05 -2.97465590e-04 -8.42332584e-03
-6.61765245e-01 1.01811383e-02 6.21414707e-05 -2.12492112e-04 -8.28185498e-03
-6.60587080e-01 1.00329924e-02 1.10088688e-04 -1.26936811e-04 -8.13959569e-03
-6.59407287e-01 9.88453808e-03 1.54885658e-04 -4.09932821e-05 -7.99667821e-03
-6.58225867e-01 9.73586848e-03 1.96578737e-04 4.51486471e-05 -7.85323409e-03
-6.57042824e-01 9.58708344e-03 2.35209450e-04 1.31303400e-04 -7.70939684e-03
-6.55858160e-01 9.43829063e-03 2.70813618e-04 2.17290091e-04 -7.56530249e-03
-6.54671879e-01 9.28960634e-03 3.03420610e-04 3.02932931e-04 -7.42109019e-03
-6.53483983e-01 9.14115618e-03 3.33052744e-04 3.88061582e-04 -7.27690277e-03
-6.52294476e-01 8.99307564e-03 3.59724830e-04 4.72511477e-04 -7.13288724e-03
-6.51103360e-01 8.84551057e-03 3.83443872e-04 5.56124079e-04 -6.98919523e-03
-6.49910639e-01 8.69861739e-03 4.04208927e-04 6.38747106e-04 -6.84598335e-03
-6.48716314e-01 8.55256326e-03 4.22011118e-04 7.20234698e-04 -6.70341354e-03
-6.47520390e-01 8.40752600e-03 4.36833809e-04 8.00447533e-04 -6.56165324e-03
-6.46322869e-01 8.26369390e-03 4.48652930e-04 8.79252906e-04 -6.42087556e-03
-6.45123754e-01 8.12126529e-03 4.57437454e-04 9.56524743e-04 -6.28125929e-03
-6.43923048e-01 7.98044803e-03 4.63150023e-04 1.03214359e-03 -6.14298884e-03
-6.42720754e-01 7.84145876e-03 4.65747703e-04 1.10599652e-03 -6.00625404e-03
-6.41516875e-01 7.70452202e-03 4.65182864e-04 1.17797705e-03 -5.87124992e-03
-6.40311414e-01 7.56986924e-03 4.61404188e-04 1.24798500e-03 -5.73817627e-03
-6.39104373e-01 7.43773757e-03 4.54357765e-04 1.31592623e-03 -5.60723717e-03
-6.37895757e-01 7.30836855e-03 4.43988288e-04 1.38171254e-03 -5.47864037e-03
-6.36685567e-01 7.18200668e-03 4.30240317e-04 1.44526130e-03 -5.35259663e-03
-6.35473807e-01 7.05889793e-03 4.13059611e-04 1.50649528e-03 -5.22931886e-03
-6.34260480e-01 6.93928811e-03 3.92394491e-04 1.56534230e-03 -5.10902130e-03
-6.33045589e-01 6.82342116e-03 3.68197241e-04 1.62173492e-03 -4.99191849e-03
-6.31829137e-01 6.71153745e-03 3.40425510e-04 1.67561016e-03 -4.87822422e-03
-6.30611126e-01 6.60387196e-03 3.09043715e-04 1.72690916e-03 -4.76815046e-03
-6.29391561e-01 6.50065250e-03 2.74024409e-04 1.77557685e-03 -4.66190612e-03
-6.28170443e-01 6.40209795e-03 2.35349621e-04 1.82156165e-03 -4.55969587e-03
-6.26947776e-01 6.30841645e-03 1.93012124e-04 1.86481516e-03 -4.46171884e-03
-6.25723562e-01 6.21980368e-03 1.47016644e-04 1.90529189e-03 -4.36816737e-03
-6.24497806e-01 6.13644120e-03 9.73809730e-05 1.94294895e-03 -4.27922569e-03
-6.23270509e-01 6.05849486e-03 4.41369841e-05 1.97774585e-03 -4.19506863e-03
-6.22041676e-01 5.98611329e-03 -1.26684689e-05 2.00964426e-03 -4.11586035e-03
-6.20811308e-01 5.91942651e-03 -7.29727753e-05 2.03860784e-03 -4.04175305e-03
-6.19579410e-01 5.85854468e-03 -1.36696928e-04 2.06460210e-03 -3.97288582e-03
-6.18345983e-01 5.80355698e-03 -2.03745025e-04 2.08759427e-03 -3.90938340e-03
-6.17111031e-01 5.75453061e-03 -2.74003925e-04 2.10755328e-03 -3.85135513e-03
-6.15874558e-01 5.71151000e-03 -3.47343058e-04 2.12444968e-03 -3.79889390e-03
-6.14636565e-01 5.67451617e-03 -4.23614391e-04 2.13825572e-03 -3.75207526e-03
-6.13397057e-01 5.64354626e-03 -5.02652557e-04 2.14894537e-03 -3.71095648e-03
-6.12156036e-01 5.61857325e-03 -5.84275152e-04 2.15649447e-03 -3.67557594e-03
-6.10913506e-01 5.59954582e-03 -6.68283182e-04 2.16088088e-03 -3.64595237e-03
-6.09669468e-01 5.58638852e-03 -7.54461670e-04 2.16208466e-03 -3.62208447e-03
-6.08423928e-01 5.57900194e-03 -8.42580419e-04 2.16008836e-03 -3.60395044e-03
-6.07176887e-01 5.57726323e-03 -9.32394913e-04 2.15487726e-03 -3.59150776e-03
-6.05928348e-01 5.58102670e-03 -1.02364736e-03 2.14643972e-03 -3.58469309e-03
-6.04678315e-01 5.59012463e-03 -1.11606788e-03 2.13476752e-03 -3.58342229e-03
-6.03426791e-01 5.60436818e-03 -1.20937574e-03 2.11985627e-03 -3.58759053e-03
-6.02173778e-01 5.62354857e-03 -1.30328084e-03 2.10170577e-03 -3.59707265e-03
-6.00919281e-01 5.64743826e-03 -1.39748510e-03 2.08032052e-03 -3.61172354e-03
-5.99663302e-01 5.67579236e-03 -1.49168409e-03 2.05571008e-03 -3.63137871e-03
-5.98405843e-01 5.70835014e-03 -1.58556868e-03 2.02788958e-03 -3.65585499e-03
-5.97146909e-01 5.74483654e-03 -1.67882665e-03 1.99688018e-03 -3.68495132e-03
-5.95886503e-01 5.78496393e-03 -1.77114448e-03 1.96270948e-03 -3.71844969e-03
-5.94624627e-01 5.82843379e-03 -1.86220908e-03 1.92541202e-03 -3.75611616e-03
-5.93361284e-01 5.87493852e-03 -1.95170949e-03 1.88502969e-03 -3.79770199e-03
-5.92096478e-01 5.92416325e-03 -2.03933868e-03 1.84161212e-03 -3.84294488e-03
-5.90830212e-01 5.97578770e-03 -2.12479523e-03 1.79521710e-03 -3.89157027e-03
-5.89562488e-01 6.02948800e-03 -2.20778498e-03 1.74591089e-03 -3.94329267e-03
-5.88293311e-01 6.08493853e-03 -2.28802270e-03 1.69376856e-03 -3.99781719e-03
-5.87022683e-01 6.14181372e-03 -2.36523358e-03 1.63887424e-03 -4.05484093e-03
-5.85750607e-01 6.19978978e-03 -2.43915476e-03 1.58132129e-03 -4.11405454e-03
-5.84477087e-01 6.25854639e-03 -2.50953665e-03 1.52121253e-03 -4.17514377e-03
-5.83202125e-01 6.31776837e-03 -2.57614425e-03 1.45866026e-03 -4.23779104e-03
-5.81925725e-01 6.37714714e-03 -2.63875829e-03 1.39378632e-03 -4.30167698e-03
-5.80647890e-01 6.43638219e-03 -2.69717628e-03 1.32672204e-03 -4.36648196e-03
-5.79368623e-01 6.49518244e-03 -2.75121343e-03 1.25760813e-03 -4.43188770e-03
-5.78087927e-01 6.55326742e-03 -2.80070343e-03 1.18659450e-03 -4.49757870e-03
-5.76805805e-01 6.61036840e-03 -2.84549913e-03 1.11383995e-03 -4.56324372e-03
-5.75522261e-01 6.66622936e-03 -2.88547300e-03 1.03951191e-03 -4.62857723e-03
-5.74237298e-01 6.72060784e-03 -2.92051753e-03 9.63785951e-04 -4.69328069e-03
-5.72950918e-01 6.77327565e-03 -2.95054546e-03 8.86845348e-04 -4.75706389e-03
-5.71663126e-01 6.82401948e-03 -2.97548988e-03 8.08880485e-04 -4.81964613e-03
-5.70373923e-01 6.87264136e-03 -2.99530415e-03 7.30088240e-04 -4.88075736e-03
-5.69083314e-01 6.91895895e-03 -3.00996179e-03 6.50671273e-04 -4.94013917e-03
-5.67791302e-01 6.96280582e-03 -3.01945609e-03 5.70837265e-04 -4.99754581e-03
-5.66497889e-01 7.00403146e-03 -3.02379977e-03 4.90798089e-04 -5.05274496e-03
-5.65203079e-01 7.04250130e-03 -3.02302441e-03 4.10768934e-04 -5.10551851e-03
-5.63906875e-01 7.07809655e-03 -3.01717978e-03 3.30967370e-04 -5.15566318e-03
-5.62609281e-01 7.11071396e-03 -3.00633315e-03 2.51612383e-04 -5.20299108e-03
-5.61310299e-01 7.14026549e-03 -2.99056847e-03 1.72923361e-04 -5.24733012e-03
-5.60009933e-01 7.16667789e-03 -2.96998542e-03 9.51190618e-05 -5.28852433e-03
-5.58708186e-01 7.18989223e-03 -2.94469851e-03 1.84165565e-05 -5.32643408e-03
-5.57405060e-01 7.20986328e-03 -2.91483601e-03 -5.69698416e-05 -5.36093622e-03
-5.56100561e-01 7.22655895e-03 -2.88053894e-03 -1.30829650e-04 -5.39192406e-03
-5.54794689e-01 7.23995960e-03 -2.84195992e-03 -2.02957287e-04 -5.41930732e-03
-5.53487450e-01 7.25005736e-03 -2.79926211e-03 -2.73153130e-04 -5.44301195e-03
-5.52178845e-01 7.25685536e-03 -2.75261806e-03 -3.41224552e-04 -5.46297986e-03
-5.50868879e-01 7.26036703e-03 -2.70220858e-03 -4.06986932e-04 -5.47916859e-03
-5.49557555e-01 7.26061534e-03 -2.64822165e-03 -4.70264621e-04 -5.49155091e-03
-5.48244874e-01 7.25763201e-03 -2.59085130e-03 -5.30891873e-04 -5.50011430e-03
-5.46930842e-01 7.25145682e-03 -2.53029654e-03 -5.88713711e-04 -5.50486041e-03
-5.45615461e-01 7.24213684e-03 -2.46676036e-03 -6.43586747e-04 -5.50580445e-03
-5.44298735e-01 7.22972577e-03 -2.40044870e-03 -6.95379918e-04 -5.50297456e-03
-5.42980666e-01 7.21428320e-03 -2.33156956e-03 -7.43975166e-04 -5.49641107e-03
-5.41661258e-01 7.19587405e-03 -2.26033205e-03 -7.89268025e-04 -5.48616577e-03
-5.40340514e-01 7.17456791e-03 -2.18694562e-03 -8.31168134e-04 -5.47230119e-03
-5.39018438e-01 7.15043851e-03 -2.11161925e-03 -8.69599651e-04 -5.45488976e-03
-5.37695032e-01 7.12356322e-03 -2.03456078e-03 -9.04501589e-04 -5.43401306e-03
-5.36370301e-01 7.09402258e-03 -1.95597628e-03 -9.35828043e-04 -5.40976098e-03
-5.35044246e-01 7.06189988e-03 -1.87606945e-03 -9.63548329e-04 -5.38223095e-03
-5.33716872e-01 7.02728084e-03 -1.79504113e-03 -9.87647023e-04 -5.35152712e-03
-5.32388182e-01 6.99025327e-03 -1.71308889e-03 -1.00812390e-03 -5.31775962e-03
-5.31058179e-01 6.95090683e-03 -1.63040664e-03 -1.02499378e-03 -5.28104374e-03
-5.29726866e-01 6.90933281e-03 -1.54718429e-03 -1.03828625e-03 -5.24149927e-03
-5.28394247e-01 6.86562399e-03 -1.46360754e-03 -1.04804538e-03 -5.19924972e-03
-5.27060325e-01 6.81987451e-03 -1.37985766e-03 -1.05432918e-03 -5.15442168e-03
-5.25725102e-01 6.77217979e-03 -1.29611134e-03 -1.05720918e-03 -5.10714421e-03
-5.24388584e-01 6.72263650e-03 -1.21254055e-03 -1.05676973e-03 -5.05754822e-03
-5.23050772e-01 6.67134254e-03 -1.12931252e-03 -1.05310738e-03 -5.00576590e-03
-5.21711670e-01 6.61839705e-03 -1.04658968e-03 -1.04633007e-03 -4.95193026e-03
-5.20371281e-01 6.56390046e-03 -9.64529633e-04 -1.03655634e-03 -4.89617466e-03
-5.19029610e-01 6.50795456e-03 -8.83285200e-04 -1.02391439e-03 -4.83863236e-03
-5.17686658e-01 6.45066251e-03 -8.03004420e-04 -1.00854121e-03 -4.77943623e-03
-5.16342429e-01 6.39212899e-03 -7.23830606e-04 -9.90581557e-04 -4.71871836e-03
-5.14996927e-01 6.33246023e-03 -6.45902383e-04 -9.70186948e-04 -4.65660984e-03
-5.13650155e-01 6.27176407e-03 -5.69353738e-04 -9.47514616e-04 -4.59324052e-03
-5.12302117e-01 6.21015005e-03 -4.94314057e-04 -9.22726452e-04 -4.52873881e-03
-5.10952815e-01 6.14772944e-03 -4.20908168e-04 -8.95987925e-04 -4.46323156e-03
-5.09602252e-01 6.08461528e-03 -3.49256356e-04 -8.67467018e-04 -4.39684395e-03
-5.08250433e-01 6.02092237e-03 -2.79474375e-04 -8.37333154e-04 -4.32969939e-03
-5.06897361e-01 5.95676727e-03 -2.11673444e-04 -8.05756145e-04 -4.26191951e-03
-5.05543038e-01 5.89226821e-03 -1.45960214e-04 -7.72905169e-04 -4.19362409e-03
-5.04187469e-01 5.82754509e-03 -8.24367240e-05 -7.38947768e-04 -4.12493111e-03
-5.02830656e-01 5.76271925e-03 -2.12003367e-05 -7.04048891e-04 -4.05595674e-03
-5.01472604e-01 5.69791341e-03 3.76563530e-05 -6.68369982e-04 -3.98681535e-03
-5.00113314e-01 5.63325145e-03 9.40456239e-05 -6.32068115e-04 -3.91761957e-03
-4.98752791e-01 5.56885813e-03 1.47884756e-04 -5.95295194e-04 -3.84848030e-03
-4.97391039e-01 5.50485889e-03 1.99096173e-04 -5.58197211e-04 -3.77950674e-03
-4.96028059e-01 5.44137951e-03 2.47607604e-04 -5.20913570e-04 -3.71080644e-03
-4.94663856e-01 5.37854574e-03 2.93352253e-04 -4.83576483e-04 -3.64248527e-03
-4.93298434e-01 5.31648294e-03 3.36268982e-04 -4.46310446e-04 -3.57464744e-03
-4.91931794e-01 5.25531568e-03 3.76302500e-04 -4.09231783e-04 -3.50739545e-03
-4.90563942e-01 5.19516723e-03 4.13403553e-04 -3.72448271e-04 -3.44083007e-03
-4.89194880e-01 5.13615910e-03 4.47529113e-04 -3.36058849e-04 -3.37505025e-03
-4.87824611e-01 5.07841057e-03 4.78642572e-04 -3.00153398e-04 -3.31015300e-03
-4.86453139e-01 5.02203808e-03 5.06713913e-04 -2.64812603e-04 -3.24623331e-03
-4.85080468e-01 4.96715476e-03 5.31719883e-04 -2.30107898e-04 -3.18338390e-03
-4.83706600e-01 4.91386978e-03 5.53644143e-04 -1.96101474e-04 -3.12169512e-03
-4.82331539e-01 4.86228785e-03 5.72477402e-04 -1.62846367e-04 -3.06125467e-03
-4.80955289e-01 4.81250857e-03 5.88217533e-04 -1.30386619e-04 -3.00214734e-03
-4.79577853e-01 4.76462590e-03 6.00869656e-04 -9.87574917e-05 -2.94445475e-03
-4.78199234e-01 4.71872754e-03 6.10446205e-04 -6.79857519e-05 -2.88825502e-03
-4.76819436e-01 4.67489438e-03 6.16966955e-04 -3.80900083e-05 -2.83362244e-03
-4.75438462e-01 4.63319995e-03 6.20459027e-04 -9.08109897e-06 -2.78062709e-03
-4.74056315e-01 4.59370990e-03 6.20956858e-04 1.90374765e-05 -2.72933450e-03
-4.72672999e-01 4.55648147e-03 6.18502138e-04 4.62690846e-05 -2.67980521e-03
-4.71288518e-01 4.52156301e-03 6.13143710e-04 7.26234539e-05 -2.63209444e-03
-4.69902874e-01 4.48899359e-03 6.04937448e-04 9.81161434e-05 -2.58625158e-03
-4.68516071e-01 4.45880254e-03 5.93946091e-04 1.22767991e-04 -2.54231991e-03
-4.67128113e-01 4.43100917e-03 5.80239051e-04 1.46604546e-04 -2.50033610e-03
-4.65739003e-01 4.40562240e-03 5.63892194e-04 1.69655498e-04 -2.46032989e-03
-4.64348744e-01 4.38264056e-03 5.44987588e-04 1.91954098e-04 -2.42232371e-03
-4.62957340e-01 4.36205120e-03 5.23613228e-04 2.13536584e-04 -2.38633233e-03
-4.61564795e-01 4.34383095e-03 4.99862738e-04 2.34441622e-04 -2.35236256e-03
-4.60171111e-01 4.32794546e-03 4.73835051e-04 2.54709752e-04 -2.32041301e-03
-4.58776292e-01 4.31434939e-03 4.45634078e-04 2.74382861e-04 -2.29047382e-03
-4.57380342e-01 4.30298652e-03 4.15368354e-04 2.93503674e-04 -2.26252649e-03
-4.55983264e-01 4.29378985e-03 3.83150681e-04 3.12115275e-04 -2.23654380e-03
-4.54585061e-01 4.28668182e-03 3.49097760e-04 3.30260656e-04 -2.21248969e-03
-4.53185738e-01 4.28157461e-03 3.13329825e-04 3.47982306e-04 -2.19031927e-03
-4.51785296e-01 4.27837048e-03 2.75970265e-04 3.65321825e-04 -2.16997892e-03
-4.50383741e-01 4.27696216e-03 2.37145262e-04 3.82319588e-04 -2.15140635e-03
-4.48981074e-01 4.27723339e-03 1.96983429e-04 3.99014436e-04 -2.13453088e-03
-4.47577301e-01 4.27905944e-03 1.55615454e-04 4.15443417e-04 -2.11927365e-03
-4.46172424e-01 4.28230771e-03 1.13173760e-04 4.31641558e-04 -2.10554800e-03
-4.44766446e-01 4.28683847e-03 6.97921742e-05 4.47641683e-04 -2.09325987e-03
-4.43359371e-01 4.29250552e-03 2.56056173e-05 4.63474263e-04 -2.08230833e-03
-4.41951203e-01 4.29915702e-03 -1.92501975e-05 4.79167310e-04 -2.07258607e-03
-4.40541946e-01 4.30663635e-03 -6.46390433e-05 4.94746298e-04 -2.06398009e-03
-4.39131601e-01 4.31478291e-03 -1.10424442e-04 5.10234123e-04 -2.05637238e-03
-4.37720174e-01 4.32343312e-03 -1.56469909e-04 5.25651096e-04 -2.04964062e-03
-4.36307667e-01 4.33242135e-03 -2.02639182e-04 5.41014953e-04 -2.04365906e-03
-4.34894084e-01 4.34158086e-03 -2.48796427e-04 5.56340897e-04 -2.03829933e-03
-4.33479429e-01 4.35074487e-03 -2.94806442e-04 5.71641666e-04 -2.03343132e-03
-4.32063705e-01 4.35974753e-03 -3.40534828e-04 5.86927604e-04 -2.02892417e-03
-4.30646915e-01 4.36842496e-03 -3.85848168e-04 6.02206765e-04 -2.02464716e-03
-4.29229063e-01 4.37661627e-03 -4.30614182e-04 6.17485012e-04 -2.02047073e-03
-4.27810152e-01 4.38416461e-03 -4.74701883e-04 6.32766130e-04 -2.01626747e-03
-4.26390187e-01 4.39091815e-03 -5.17981725e-04 6.48051949e-04 -2.01191308e-03
-4.24969170e-01 4.39673109e-03 -5.60325753e-04 6.63342457e-04 -2.00728739e-03
-4.23547105e-01 4.40146462e-03 -6.01607755e-04 6.78635916e-04 -2.00227530e-03
-4.22123995e-01 4.40498787e-03 -6.41703415e-04 6.93928979e-04 -1.99676776e-03
-4.20699844e-01 4.40717879e-03 -6.80490481e-04 7.09216787e-04 -1.99066264e-03
-4.19274656e-01 4.40792500e-03 -7.17848942e-04 7.24493069e-04 -1.98386562e-03
-4.17848434e-01 4.40712461e-03 -7.53661217e-04 7.39750224e-04 -1.97629102e-03
-4.16421181e-01 4.40468695e-03 -7.87812366e-04 7.54979389e-04 -1.96786253e-03
-4.14992902e-01 4.40053325e-03 -8.20190315e-04 7.70170502e-04 -1.95851394e-03
-4.13563599e-01 4.39459726e-03 -8.50686114e-04 7.85312340e-04 -1.94818972e-03
-4.12133276e-01 4.38682578e-03 -8.79194205e-04 8.00392547e-04 -1.93684559e-03
-4.10701936e-01 4.37717914e-03 -9.05612724e-04 8.15397653e-04 -1.92444894e-03
-4.09269584e-01 4.36563156e-03 -9.29843831e-04 8.30313068e-04 -1.91097925e-03
-4.07836222e-01 4.35217146e-03 -9.51794058e-04 8.45123072e-04 -1.89642828e-03
-4.06401855e-01 4.33680168e-03 -9.71374691e-04 8.59810794e-04 -1.88080030e-03
-4.04966485e-01 4.31953958e-03 -9.88502176e-04 8.74358169e-04 -1.86411215e-03
-4.03530117e-01 4.30041710e-03 -1.00309855e-03 8.88745909e-04 -1.84639318e-03
-4.02092753e-01 4.27948067e-03 -1.01509188e-03 9.02953443e-04 -1.82768513e-03
-4.00654398e-01 4.25679105e-03 -1.02441677e-03 9.16958877e-04 -1.80804189e-03
-3.99215055e-01 4.23242311e-03 -1.03101480e-03 9.30738941e-04 -1.78752917e-03
-3.97774727e-01 4.20646549e-03 -1.03483507e-03 9.44268938e-04 -1.76622403e-03
-3.96333418e-01 4.17902013e-03 -1.03583471e-03 9.57522710e-04 -1.74421439e-03
-3.94891132e-01 4.15020178e-03 -1.03397936e-03 9.70472597e-04 -1.72159836e-03
-3.93447872e-01 4.12013739e-03 -1.02924372e-03 9.83089423e-04 -1.69848355e-03
-3.92003642e-01 4.08896540e-03 -1.02161205e-03 9.95342488e-04 -1.67498627e-03
-3.90558445e-01 4.05683497e-03 -1.01107867e-03 1.00719957e-03 -1.65123067e-03
-3.89112285e-01 4.02390514e-03 -9.97648428e-04 1.01862699e-03 -1.62734776e-03
-3.87665165e-01 3.99034391e-03 -9.81337158e-04 1.02958961e-03 -1.60347447e-03
-3.86217089e-01 3.95632724e-03 -9.62172103e-04 1.04005096e-03 -1.57975256e-03
-3.84768060e-01 3.92203796e-03 -9.40192291e-04 1.04997333e-03 -1.55632751e-03
-3.83318083e-01 3.88766475e-03 -9.15448875e-04 1.05931790e-03 -1.53334742e-03
-3.81867160e-01 3.85340089e-03 -8.88005413e-04 1.06804492e-03 -1.51096186e-03
-3.80415296e-01 3.81944312e-03 -8.57938096e-04 1.07611386e-03 -1.48932062e-03
-3.78962493e-01 3.78599035e-03 -8.25335901e-04 1.08348370e-03 -1.46857261e-03
-3.77508756e-01 3.75324246e-03 -7.90300681e-04 1.09011313e-03 -1.44886462e-03
-3.76054088e-01 3.72139896e-03 -7.52947174e-04 1.09596088e-03 -1.43034017e-03
-3.74598493e-01 3.69065768e-03 -7.13402929e-04 1.10098597e-03 -1.41313835e-03
-3.73141973e-01 3.66121353e-03 -6.71808145e-04 1.10514814e-03 -1.39739268e-03
-3.71684534e-01 3.63325712e-03 -6.28315420e-04 1.10840812e-03 -1.38323004e-03
-3.70226177e-01 3.60697352e-03 -5.83089410e-04 1.11072810e-03 -1.37076959e-03
-3.68766908e-01 3.58254097e-03 -5.36306378e-04 1.11207207e-03 -1.36012182e-03
-3.67306729e-01 3.56012962e-03 -4.88153663e-04 1.11240631e-03 -1.35138758e-03
-3.65845645e-01 3.53990036e-03 -4.38829036e-04 1.11169975e-03 -1.34465722e-03
-3.64383658e-01 3.52200360e-03 -3.88539965e-04 1.10992449e-03 -1.34000980e-03
-3.62920772e-01 3.50657822e-03 -3.37502775e-04 1.10705618e-03 -1.33751235e-03
-3.61456992e-01 3.49375046e-03 -2.85941725e-04 1.10307452e-03 -1.33721927e-03
-3.59992320e-01 3.48363297e-03 -2.34087981e-04 1.09796366e-03 -1.33917174e-03
-3.58526760e-01 3.47632390e-03 -1.82178507e-04 1.09171264e-03 -1.34339729e-03
-3.57060317e-01 3.47190605e-03 -1.30454873e-04 1.08431582e-03 -1.34990942e-03
-3.55592992e-01 3.47044614e-03 -7.91619841e-05 1.07577326e-03 -1.35870731e-03
-3.54124791e-01 3.47199417e-03 -2.85467438e-05 1.06609106e-03 -1.36977568e-03
-3.52655716e-01 3.47658287e-03 2.11433473e-05 1.05528171e-03 -1.38308469e-03
-3.51185772e-01 3.48422727e-03 6.96616436e-05 1.04336441e-03 -1.39858995e-03
-3.49714961e-01 3.49492435e-03 1.16763850e-04 1.03036527e-03 -1.41623267e-03
-3.48243288e-01 3.50865284e-03 1.62209551e-04 1.01631754e-03 -1.43593982e-03
-3.46770756e-01 3.52537311e-03 2.05763758e-04 1.00126178e-03 -1.45762448e-03
-3.45297369e-01 3.54502719e-03 2.47198469e-04 9.85245933e-04 -1.48118621e-03
-3.43823131e-01 3.56753895e-03 2.86294228e-04 9.68325376e-04 -1.50651156e-03
-3.42348044e-01 3.59281427e-03 3.22841663e-04 9.50562900e-04 -1.53347458e-03
-3.40872114e-01 3.62074153e-03 3.56643007e-04 9.32028631e-04 -1.56193756e-03
-3.39395342e-01 3.65119205e-03 3.87513564e-04 9.12799871e-04 -1.59175167e-03
-3.37917734e-01 3.68402073e-03 4.15283140e-04 8.92960893e-04 -1.62275783e-03
-3.36439292e-01 3.71906680e-03 4.39797391e-04 8.72602654e-04 -1.65478752e-03
-3.34960021e-01 3.75615467e-03 4.60919102e-04 8.51822443e-04 -1.68766375e-03
-3.33479923e-01 3.79509491e-03 4.78529379e-04 8.30723474e-04 -1.72120204e-03
-3.31999003e-01 3.83568530e-03 4.92528721e-04 8.09414399e-04 -1.75521142e-03
-3.30517264e-01 3.87771201e-03 5.02838004e-04 7.88008770e-04 -1.78949555e-03
-3.29034710e-01 3.92095087e-03 5.09399315e-04 7.66624437e-04 -1.82385382e-03
-3.27551345e-01 3.96516868e-03 5.12176671e-04 7.45382891e-04 -1.85808249e-03
-3.26067172e-01 4.01012470e-03 5.11156589e-04 7.24408556e-04 -1.89197589e-03
-3.24582195e-01 4.05557205e-03 5.06348502e-04 7.03828033e-04 -1.92532758e-03
-3.23096417e-01 4.10125933e-03 4.97785026e-04 6.83769306e-04 -1.95793156e-03
-3.21609843e-01 4.14693216e-03 4.85522058e-04 6.64360908e-04 -1.98958348e-03
-3.20122475e-01 4.19233482e-03 4.69638715e-04 6.45731063e-04 -2.02008183e-03
-3.18634318e-01 4.23721193e-03 4.50237101e-04 6.28006803e-04 -2.04922915e-03
-3.17145375e-01 4.28131005e-03 4.27441902e-04 6.11313072e-04 -2.07683320e-03
-3.15655650e-01 4.32437941e-03 4.01399816e-04 5.95771827e-04 -2.10270807e-03
-3.14165146e-01 4.36617549e-03 3.72278815e-04 5.81501129e-04 -2.12667537e-03
-3.12673868e-01 4.40646070e-03 3.40267238e-04 5.68614258e-04 -2.14856527e-03
-3.11181819e-01 4.44500596e-03 3.05572732e-04 5.57218831e-04 -2.16821751e-03
-3.09689002e-01 4.48159218e-03 2.68421033e-04 5.47415958e-04 -2.18548247e-03
-3.08195421e-01 4.51601182e-03 2.29054604e-04 5.39299421e-04 -2.20022204e-03
-3.06701080e-01 4.54807024e-03 1.87731135e-04 5.32954897e-04 -2.21231049e-03
-3.05205983e-01 4.57758702e-03 1.44721921e-04 5.28459235e-04 -2.22163533e-03
-3.03710134e-01 4.60439720e-03 1.00310118e-04 5.25879781e-04 -2.22809797e-03
-3.02213535e-01 4.62835240e-03 5.47889000e-05 5.25273768e-04 -2.23161443e-03
-3.00716191e-01 4.64932180e-03 8.45953191e-06 5.26687777e-04 -2.23211590e-03
-2.99218105e-01 4.66719304e-03 -3.83706383e-05 5.30157273e-04 -2.22954920e-03
-2.97719282e-01 4.68187296e-03 -8.53902413e-05 5.35706211e-04 -2.22387721e-03
-2.96219724e-01 4.69328824e-03 -1.32285991e-04 5.43346742e-04 -2.21507917e-03
-2.94719436e-01 4.70138580e-03 -1.78744815e-04 5.53078989e-04 -2.20315088e-03
-2.93218420e-01 4.70613321e-03 -2.24455994e-04 5.64890929e-04 -2.18810481e-03
-2.91716682e-01 4.70751881e-03 -2.69113290e-04 5.78758354e-04 -2.16997016e-03
-2.90214224e-01 4.70555174e-03 -3.12417049e-04 5.94644935e-04 -2.14879270e-03
-2.88711051e-01 4.70026183e-03 -3.54076266e-04 6.12502373e-04 -2.12463466e-03
-2.87207166e-01 4.69169931e-03 -3.93810577e-04 6.32270650e-04 -2.09757441e-03
-2.85702572e-01 4.67993436e-03 -4.31352191e-04 6.53878360e-04 -2.06770607e-03
-2.84197274e-01 4.66505657e-03 -4.66447712e-04 6.77243143e-04 -2.03513908e-03
-2.82691274e-01 4.64717422e-03 -4.98859868e-04 7.02272195e-04 -1.99999757e-03
-2.81184578e-01 4.62641339e-03 -5.28369111e-04 7.28862864e-04 -1.96241974e-03
-2.79677188e-01 4.60291706e-03 -5.54775083e-04 7.56903318e-04 -1.92255711e-03
-2.78169109e-01 4.57684394e-03 -5.77897933e-04 7.86273291e-04 -1.88057366e-03
-2.76660343e-01 4.54836732e-03 -5.97579485e-04 8.16844893e-04 -1.83664492e-03
-2.75150895e-01 4.51767372e-03 -6.13684228e-04 8.48483469e-04 -1.79095704e-03
-2.73640769e-01 4.48496155e-03 -6.26100140e-04 8.81048522e-04 -1.74370566e-03
-2.72129968e-01 4.45043958e-03 -6.34739328e-04 9.14394670e-04 -1.69509487e-03
-2.70618495e-01 4.41432548e-03 -6.39538481e-04 9.48372636e-04 -1.64533599e-03
-2.69106356e-01 4.37684418e-03 -6.40459141e-04 9.82830276e-04 -1.59464640e-03
-2.67593552e-01 4.33822627e-03 -6.37487778e-04 1.01761361e-03 -1.54324829e-03
-2.66080089e-01 4.29870636e-03 -6.30635681e-04 1.05256786e-03 -1.49136733e-03
-2.64565969e-01 4.25852142e-03 -6.19938657e-04 1.08753851e-03 -1.43923146e-03
-2.63051197e-01 4.21790916e-03 -6.05456557e-04 1.12237232e-03 -1.38706951e-03
-2.61535776e-01 4.17710634e-03 -5.87272615e-04 1.15691838e-03 -1.33510992e-03
-2.60019711e-01 4.13634723e-03 -5.65492620e-04 1.19102903e-03 -1.28357940e-03
-2.58503004e-01 4.09586203e-03 -5.40243930e-04 1.22456089e-03 -1.23270167e-03
-2.56985659e-01 4.05587537e-03 -5.11674329e-04 1.25737573e-03 -1.18269618e-03
-2.55467681e-01 4.01660487e-03 -4.79950748e-04 1.28934131e-03 -1.13377683e-03
-2.53949073e-01 3.97825980e-03 -4.45257851e-04 1.32033224e-03 -1.08615083e-03
-2.52429838e-01 3.94103982e-03 -4.07796514e-04 1.35023068e-03 -1.04001748e-03
-2.50909981e-01 3.90513382e-03 -3.67782201e-04 1.37892702e-03 -9.95567113e-04
-2.49389505e-01 3.87071881e-03 -3.25443245e-04 1.40632049e-03 -9.52980049e-04
-2.47868414e-01 3.83795904e-03 -2.81019075e-04 1.43231966e-03 -9.12425605e-04
-2.46346712e-01 3.80700514e-03 -2.34758370e-04 1.45684293e-03 -8.74061215e-04
-2.44824402e-01 3.77799341e-03 -1.86917190e-04 1.47981882e-03 -8.38031605e-04
-2.43301489e-01 3.75104525e-03 -1.37757074e-04 1.50118631e-03 -8.04468071e-04
-2.41777975e-01 3.72626669e-03 -8.75431381e-05 1.52089500e-03 -7.73487826e-04
-2.40253865e-01 3.70374812e-03 -3.65421766e-05 1.53890524e-03 -7.45193459e-04
-2.38729163e-01 3.68356402e-03 1.49792055e-05 1.55518813e-03 -7.19672473e-04
-2.37203872e-01 3.66577297e-03 6.67564242e-05 1.56972547e-03 -6.96996934e-04
-2.35677996e-01 3.65041765e-03 1.18528693e-04 1.58250965e-03 -6.77223211e-04
-2.34151539e-01 3.63752506e-03 1.70040732e-04 1.59354342e-03 -6.60391818e-04
-2.32624504e-01 3.62710680e-03 2.21044396e-04 1.60283960e-03 -6.46527351e-04
-2.31096895e-01 3.61915947e-03 2.71300211e-04 1.61042075e-03 -6.35638534e-04
-2.29568717e-01 3.61366518e-03 3.20578812e-04 1.61631874e-03 -6.27718352e-04
-2.28039973e-01 3.61059217e-03 3.68662263e-04 1.62057431e-03 -6.22744283e-04
-2.26510666e-01 3.60989549e-03 4.15345261e-04 1.62323652e-03 -6.20678623e-04
-2.24980800e-01 3.61151779e-03 4.60436213e-04 1.62436221e-03 -6.21468898e-04
-2.23450380e-01 3.61539013e-03 5.03758182e-04 1.62401539e-03 -6.25048364e-04
-2.21919408e-01 3.62143290e-03 5.45149694e-04 1.62226661e-03 -6.31336582e-04
-2.20387890e-01 3.62955679e-03 5.84465409e-04 1.61919229e-03 -6.40240077e-04
-2.18855828e-01 3.63966377e-03 6.21576647e-04 1.61487407e-03 -6.51653059e-04
-2.17323226e-01 3.65164809e-03 6.56371777e-04 1.60939812e-03 -6.65458212e-04
-2.15790088e-01 3.66539738e-03 6.88756468e-04 1.60285441e-03 -6.81527546e-04
-2.14256418e-01 3.68079367e-03 7.18653792e-04 1.59533608e-03 -6.99723293e-04
-2.12722219e-01 3.69771444e-03 7.46004205e-04 1.58693871e-03 -7.19898851e-04
-2.11187496e-01 3.71603369e-03 7.70765389e-04 1.57775968e-03 -7.41899777e-04
-2.09652252e-01 3.73562298e-03 7.92911976e-04 1.56789753e-03 -7.65564793e-04
-2.08116491e-01 3.75635242e-03 8.12435145e-04 1.55745129e-03 -7.90726836e-04
-2.06580217e-01 3.77809165e-03 8.29342119e-04 1.54651993e-03 -8.17214116e-04
-2.05043433e-01 3.80071078e-03 8.43655551e-04 1.53520176e-03 -8.44851186e-04
-2.03506144e-01 3.82408128e-03 8.55412815e-04 1.52359394e-03 -8.73460019e-04
-2.01968353e-01 3.84807683e-03 8.64665220e-04 1.51179196e-03 -9.02861083e-04
-2.00430064e-01 3.87257407e-03 8.71477136e-04 1.49988918e-03 -9.32874402e-04
-1.98891280e-01 3.89745335e-03 8.75925064e-04 1.48797647e-03 -9.63320610e-04
-1.97352006e-01 3.92259936e-03 8.78096643e-04 1.47614179e-03 -9.94021975e-04
-1.95812245e-01 3.94790175e-03 8.78089615e-04 1.46446992e-03 -1.02480340e-03
-1.94272002e-01 3.97325563e-03 8.76010756e-04 1.45304213e-03 -1.05549339e-03
-1.92731279e-01 3.99856200e-03 8.71974773e-04 1.44193600e-03 -1.08592497e-03
-1.91190081e-01 4.02372817e-03 8.66103196e-04 1.43122522e-03 -1.11593660e-03
-1.89648411e-01 4.04866803e-03 8.58523253e-04 1.42097938e-03 -1.14537297e-03
-1.88106274e-01 4.07330232e-03 8.49366760e-04 1.41126397e-03 -1.17408580e-03
-1.86563673e-01 4.09755877e-03 8.38769016e-04 1.40214020e-03 -1.20193459e-03
-1.85020611e-01 4.12137222e-03 8.26867715e-04 1.39366502e-03 -1.22878723e-03
-1.83477094e-01 4.14468465e-03 8.13801902e-04 1.38589110e-03 -1.25452066e-03
-1.81933124e-01 4.16744519e-03 7.99710944e-04 1.37886685e-03 -1.27902137e-03
-1.80388705e-01 4.18961002e-03 7.84733566e-04 1.37263645e-03 -1.30218589e-03
-1.78843841e-01 4.21114223e-03 7.69006919e-04 1.36723994e-03 -1.32392115e-03
-1.77298536e-01 4.23201169e-03 7.52665709e-04 1.36271330e-03 -1.34414486e-03
-1.75752795e-01 4.25219478e-03 7.35841391e-04 1.35908852e-03 -1.36278572e-03
-1.74206619e-01 4.27167418e-03 7.18661416e-04 1.35639377e-03 -1.37978362e-03
-1.72660014e-01 4.29043854e-03 7.01248552e-04 1.35465344e-03 -1.39508973e-03
-1.71112983e-01 4.30848219e-03 6.83720273e-04 1.35388835e-03 -1.40866657e-03
-1.69565531e-01 4.32580477e-03 6.66188218e-04 1.35411581e-03 -1.42048793e-03
-1.68017660e-01 4.34241088e-03 6.48757725e-04 1.35534976e-03 -1.43053879e-03
-1.66469374e-01 4.35830969e-03 6.31527433e-04 1.35760092e-03 -1.43881514e-03
-1.64920678e-01 4.37351458e-03 6.14588969e-04 1.36087689e-03 -1.44532375e-03
-1.63371576e-01 4.38804269e-03 5.98026693e-04 1.36518224e-03 -1.45008182e-03
-1.61822070e-01 4.40191459e-03 5.81917522e-04 1.37051865e-03 -1.45311666e-03
-1.60272166e-01 4.41515381e-03 5.66330827e-04 1.37688496e-03 -1.45446526e-03
-1.58721866e-01 4.42778653e-03 5.51328388e-04 1.38427732e-03 -1.45417378e-03
-1.57171175e-01 4.43984113e-03 5.36964419e-04 1.39268917e-03 -1.45229707e-03
-1.55620096e-01 4.45134787e-03 5.23285657e-04 1.40211138e-03 -1.44889803e-03
-1.54068633e-01 4.46233849e-03 5.10331500e-04 1.41253228e-03 -1.44404708e-03
-1.52516790e-01 4.47284591e-03 4.98134206e-04 1.42393767e-03 -1.43782144e-03
-1.50964572e-01 4.48290390e-03 4.86719138e-04 1.43631091e-03 -1.43030446e-03
-1.49411981e-01 4.49254678e-03 4.76105057e-04 1.44963290e-03 -1.42158493e-03
-1.47859021e-01 4.50180912e-03 4.66304450e-04 1.46388213e-03 -1.41175636e-03
-1.46305697e-01 4.51072553e-03 4.57323897e-04 1.47903468e-03 -1.40091620e-03
-1.44752012e-01 4.51933036e-03 4.49164472e-04 1.49506424e-03 -1.38916509e-03
-1.43197970e-01 4.52765757e-03 4.41822160e-04 1.51194216e-03 -1.37660614e-03
-1.41643575e-01 4.53574046e-03 4.35288304e-04 1.52963740e-03 -1.36334412e-03
-1.40088830e-01 4.54361159e-03 4.29550061e-04 1.54811663e-03 -1.34948474e-03
-1.38533740e-01 4.55130257e-03 4.24590876e-04 1.56734419e-03 -1.33513391e-03
-1.36978309e-01 4.55884394e-03 4.20390951e-04 1.58728220e-03 -1.32039700e-03
-1.35422539e-01 4.56626514e-03 4.16927729e-04 1.60789056e-03 -1.30537814e-03
-1.33866436e-01 4.57359433e-03 4.14176360e-04 1.62912701e-03 -1.29017959e-03
-1.32310002e-01 4.58085843e-03 4.12110171e-04 1.65094726e-03 -1.27490102e-03
-1.30753243e-01 4.58808299e-03 4.10701119e-04 1.67330504e-03 -1.25963899e-03
-1.29196160e-01 4.59529221e-03 4.09920227e-04 1.69615224e-03 -1.24448632e-03
-1.27638760e-01 4.60250888e-03 4.09738007e-04 1.71943902e-03 -1.22953161e-03
-1.26081044e-01 4.60975446e-03 4.10124852e-04 1.74311400e-03 -1.21485874e-03
-1.24523017e-01 4.61704899e-03 4.11051411e-04 1.76712439e-03 -1.20054646e-03
-1.22964684e-01 4.62441117e-03 4.12488928e-04 1.79141623e-03 -1.18666802e-03
-1.21406047e-01 4.63185840e-03 4.14409558e-04 1.81593456e-03 -1.17329086e-03
-1.19847110e-01 4.63940674e-03 4.16786643e-04 1.84062370e-03 -1.16047633e-03
-1.18287878e-01 4.64707106e-03 4.19594964e-04 1.86542746e-03 -1.14827950e-03
-1.16728355e-01 4.65486498e-03 4.22810943e-04 1.89028946e-03 -1.13674902e-03
-1.15168543e-01 4.66280099e-03 4.26412827e-04 1.91515338e-03 -1.12592703e-03
-1.13608448e-01 4.67089050e-03 4.30380819e-04 1.93996327e-03 -1.11584912e-03
-1.12048072e-01 4.67914383e-03 4.34697182e-04 1.96466386e-03 -1.10654435e-03
-1.10487420e-01 4.68757037e-03 4.39346302e-04 1.98920090e-03 -1.09803538e-03
-1.08926495e-01 4.69617854e-03 4.44314718e-04 2.01352145e-03 -1.09033855e-03
-1.07365302e-01 4.70497589e-03 4.49591116e-04 2.03757424e-03 -1.08346406e-03
-1.05803844e-01 4.71396917e-03 4.55166288e-04 2.06131000e-03 -1.07741626e-03
-1.04242126e-01 4.72316436e-03 4.61033056e-04 2.08468174e-03 -1.07219388e-03
-1.02680150e-01 4.73256672e-03 4.67186177e-04 2.10764511e-03 -1.06779034e-03
-1.01117920e-01 4.74218087e-03 4.73622204e-04 2.13015868e-03 -1.06419414e-03
-9.95554419e-02 4.75201081e-03 4.80339335e-04 2.15218424e-03 -1.06138920e-03
-9.79927178e-02 4.76205998e-03 4.87337229e-04 2.17368703e-03 -1.05935532e-03
-9.64297521e-02 4.77233133e-03 4.94616810e-04 2.19463604e-03 -1.05806856e-03
-9.48665486e-02 4.78282733e-03 5.02180045e-04 2.21500418e-03 -1.05750172e-03
-9.33031111e-02 4.79355003e-03 5.10029717e-04 2.23476851e-03 -1.05762481e-03
-9.17394435e-02 4.80450111e-03 5.18169178e-04 2.25391034e-03 -1.05840550e-03
-9.01755497e-02 4.81568191e-03 5.26602106e-04 2.27241541e-03 -1.05980958e-03
-8.86114334e-02 4.82709348e-03 5.35332241e-04 2.29027393e-03 -1.06180147e-03
-8.70470987e-02 4.83873661e-03 5.44363141e-04 2.30748064e-03 -1.06434461e-03
-8.54825493e-02 4.85061189e-03 5.53697920e-04 2.32403481e-03 -1.06740196e-03
-8.39177890e-02 4.86271970e-03 5.63339010e-04 2.33994021e-03 -1.07093640e-03
-8.23528218e-02 4.87506029e-03 5.73287917e-04 2.35520499e-03 -1.07491112e-03
-8.07876515e-02 4.88763382e-03 5.83544998e-04 2.36984162e-03 -1.07928998e-03
-7.92222820e-02 4.90044032e-03 5.94109249e-04 2.38386668e-03 -1.08403789e-03
-7.76567171e-02 4.91347983e-03 6.04978111e-04 2.39730064e-03 -1.08912106e-03
-7.60909607e-02 4.92675232e-03 6.16147300e-04 2.41016765e-03 -1.09450730e-03
-7.45250166e-02 4.94025779e-03 6.27610649e-04 2.42249524e-03 -1.10016622e-03
-7.29588887e-02 4.95399628e-03 6.39359983e-04 2.43431400e-03 -1.10606943e-03
-7.13925810e-02 4.96796783e-03 6.51385014e-04 2.44565723e-03 -1.11219065e-03
-6.98260971e-02 4.98217261e-03 6.63673266e-04 2.45656058e-03 -1.11850579e-03
-6.82594410e-02 4.99661081e-03 6.76210027e-04 2.46706159e-03 -1.12499303e-03
-6.66926166e-02 5.01128273e-03 6.88978323e-04 2.47719936e-03 -1.13163278e-03
-6.51256278e-02 5.02618876e-03 7.01958926e-04 2.48701401e-03 -1.13840763e-03
-6.35584783e-02 5.04132938e-03 7.15130392e-04 2.49654632e-03 -1.14530226e-03
-6.19911720e-02 5.05670513e-03 7.28469119e-04 2.50583723e-03 -1.15230334e-03
-6.04237129e-02 5.07231664e-03 7.41949440e-04 2.51492738e-03 -1.15939929e-03
-5.88561048e-02 5.08816458e-03 7.55543731e-04 2.52385672e-03 -1.16658011e-03
-5.72883515e-02 5.10424964e-03 7.69222556e-04 2.53266399e-03 -1.17383710e-03
-5.57204570e-02 5.12057254e-03 7.82954826e-04 2.54138639e-03 -1.18116265e-03
-5.41524250e-02 5.13713392e-03 7.96707976e-04 2.55005911e-03 -1.18854987e-03
-5.25842595e-02 5.15393437e-03 8.10448173e-04 2.55871502e-03 -1.19599231e-03
-5.10159643e-02 5.17097435e-03 8.24140524e-04 2.56738429e-03 -1.20348360e-03
-4.94475433e-02 5.18825416e-03 8.37749307e-04 2.57609412e-03 -1.21101716e-03
-4.78790003e-02 5.20577388e-03 8.51238211e-04 2.58486848e-03 -1.21858580e-03
-4.63103392e-02 5.22353328e-03 8.64570581e-04 2.59372785e-03 -1.22618140e-03
-4.47415640e-02 5.24153182e-03 8.77709671e-04 2.60268916e-03 -1.23379455e-03
-4.31726784e-02 5.25976856e-03 8.90618893e-04 2.61176555e-03 -1.24141429e-03
-4.16036863e-02 5.27824208e-03 9.03262073e-04 2.62096642e-03 -1.24902772e-03
-4.00345917e-02 5.29695048e-03 9.15603693e-04 2.63029736e-03 -1.25661978e-03
-3.84653983e-02 5.31589123e-03 9.27609135e-04 2.63976023e-03 -1.26417297e-03
-3.68961100e-02 5.33506122e-03 9.39244909e-04 2.64935326e-03 -1.27166715e-03
-3.53267308e-02 5.35445663e-03 9.50478868e-04 2.65907123e-03 -1.27907934e-03
-3.37572644e-02 5.37407291e-03 9.61280414e-04 2.66890566e-03 -1.28638359e-03
-3.21877148e-02 5.39390476e-03 9.71620681e-04 2.67884510e-03 -1.29355091e-03
-3.06180858e-02 5.41394608e-03 9.81472701e-04 2.68887546e-03 -1.30054918e-03
-2.90483813e-02 5.43418995e-03 9.90811550e-04 2.69898036e-03 -1.30734322e-03
-2.74786051e-02 5.45462864e-03 9.99614468e-04 2.70914156e-03 -1.31389480e-03
-2.59087612e-02 5.47525358e-03 1.00786096e-03 2.71933940e-03 -1.32016276e-03
-2.43388534e-02 5.49605539e-03 1.01553287e-03 2.72955327e-03 -1.32610323e-03
-2.27688855e-02 5.51702394e-03 1.02261444e-03 2.73976215e-03 -1.33166978e-03
-2.11988616e-02 5.53814833e-03 1.02909231e-03 2.74994511e-03 -1.33681376e-03
-1.96287853e-02 5.55941698e-03 1.03495554e-03 2.76008188e-03 -1.34148460e-03
-1.80586606e-02 5.58081770e-03 1.04019559e-03 2.77015340e-03 -1.34563021e-03
-1.64884914e-02 5.60233778e-03 1.04480625e-03 2.78014237e-03 -1.34919736e-03
-1.49182815e-02 5.62396406e-03 1.04878357e-03 2.79003379e-03 -1.35213222e-03
-1.33480349e-02 5.64568307e-03 1.05212580e-03 2.79981551e-03 -1.35438081e-03
-1.17777553e-02 5.66748112e-03 1.05483324e-03 2.80947874e-03 -1.35588958e-03
-1.02074466e-02 5.68934447e-03 1.05690813e-03 2.81901854e-03 -1.35660594e-03
-8.63711283e-03 5.71125947e-03 1.05835449e-03 2.82843426e-03 -1.35647891e-03
-7.06675773e-03 5.73321267e-03 1.05917798e-03 2.83772994e-03 -1.35545971e-03
-5.49638519e-03 5.75519104e-03 1.05938571e-03 2.84691471e-03 -1.35350236e-03
-3.92599911e-03 5.77718209e-03 1.05898607e-03 2.85600304e-03 -1.35056433e-03
-2.35560334e-03 5.79917407e-03 1.05798854e-03 2.86501506e-03 -1.34660720e-03
-7.85201758e-04 5.82115609e-03 1.05640352e-03 2.87397665e-03 -1.34159721e-03
7.85201758e-04 5.84311835e-03 1.05424210e-03 2.88291965e-03 -1.33550591e-03
2.35560334e-03 5.86505227e-03 1.05151591e-03 2.89188185e-03 -1.32831071e-03
3.92599911e-03 5.88695060e-03 1.04823693e-03 2.90090696e-03 -1.31999547e-03
5.49638519e-03 5.90880768e-03 1.04441730e-03 2.91004453e-03 -1.31055096e-03
7.06675773e-03 5.93061944e-03 1.04006919e-03 2.91934978e-03 -1.29997536e-03
8.63711283e-03 5.95238363e-03 1.03520461e-03 2.92888331e-03 -1.28827468e-03
1.02074466e-02 5.97409988e-03 1.02983530e-03 2.93871078e-03 -1.27546311e-03
1.17777553e-02 5.99576977e-03 1.02397263e-03 2.94890255e-03 -1.26156334e-03
1.33480349e-02 6.01739695e-03 1.01762744e-03 2.95953316e-03 -1.24660682e-03
1.49182815e-02 6.03898713e-03 1.01081005e-03 2.97068083e-03 -1.23063391e-03
1.64884914e-02 6.06054816e-03 1.00353014e-03 2.98242687e-03 -1.21369399e-03
1.80586606e-02 6.08208999e-03 9.95796764e-04 2.99485500e-03 -1.19584551e-03
1.96287853e-02 6.10362467e-03 9.87618325e-04 3.00805067e-03 -1.17715594e-03
2.11988616e-02 6.12516632e-03 9.79002614e-04 3.02210036e-03 -1.15770166e-03
2.27688855e-02 6.14673102e-03 9.69956859e-04 3.03709072e-03 -1.13756774e-03
2.43388534e-02 6.16833675e-03 9.60487801e-04 3.05310787e-03 -1.11684772e-03
2.59087612e-02 6.19000328e-03 9.50601807e-04 3.07023651e-03 -1.09564321e-03
2.74786051e-02 6.21175199e-03 9.40304999e-04 3.08855913e-03 -1.07406351e-03
2.90483813e-02 6.23360576e-03 9.29603415e-04 3.10815519e-03 -1.05222512e-03
3.06180858e-02 6.25558878e-03 9.18503190e-04 3.12910027e-03 -1.03025114e-03
3.21877148e-02 6.27772635e-03 9.07010765e-04 3.15146528e-03 -1.00827074e-03
3.37572644e-02 6.30004468e-03 8.95133114e-04 3.17531572e-03 -9.86418382e-04
3.53267308e-02 6.32257067e-03 8.82877990e-04 3.20071089e-03 -9.64833155e-04
3.68961100e-02 6.34533168e-03 8.70254189e-04 3.22770322e-03 -9.43657967e-04
3.84653983e-02 6.36835530e-03 8.57271828e-04 3.25633761e-03 -9.23038724e-04
4.00345917e-02 6.39166911e-03 8.43942632e-04 3.28665086e-03 -9.03123471e-04
4.16036863e-02 6.41530044e-03 8.30280232e-04 3.31867110e-03 -8.84061499e-04
4.31726784e-02 6.43927615e-03 8.16300464e-04 3.35241739e-03 -8.66002431e-04
4.47415640e-02 6.46362238e-03 8.02021670e-04 3.38789929e-03 -8.49095287e-04
4.63103392e-02 6.48836432e-03 7.87464998e-04 3.42511659e-03 -8.33487546e-04
4.78790003e-02 6.51352605e-03 7.72654696e-04 3.46405905e-03 -8.19324202e-04
4.94475433e-02 6.53913026e-03 7.57618385e-04 3.50470630e-03 -8.06746823e-04
5.10159643e-02 6.56519815e-03 7.42387333e-04 3.54702778e-03 -7.95892623e-04
5.25842595e-02 6.59174921e-03 7.26996698e-04 3.59098277e-03 -7.86893551e-04
5.41524250e-02 6.61880110e-03 7.11485754e-04 3.63652050e-03 -7.79875408e-04
5.57204570e-02 6.64636950e-03 6.95898091e-04 3.68358040e-03 -7.74956988e-04
5.72883515e-02 6.67446805e-03 6.80281777e-04 3.73209233e-03 -7.72249264e-04
5.88561048e-02 6.70310824e-03 6.64689498e-04 3.78197700e-03 -7.71854605e-04
6.04237129e-02 6.73229935e-03 6.49178654e-04 3.83314638e-03 -7.73866051e-04
6.19911720e-02 6.76204843e-03 6.33811412e-04 3.88550425e-03 -7.78366632e-04
6.35584783e-02 6.79236028e-03 6.18654722e-04 3.93894675e-03 -7.85428746e-04
6.51256278e-02 6.82323750e-03 6.03780285e-04 3.99336302e-03 -7.95113594e-04
6.66926166e-02 6.85468044e-03 5.89264473e-04 4.04863593e-03 -8.07470676e-04
6.82594410e-02 6.88668736e-03 5.75188201e-04 4.10464277e-03 -8.22537360e-04
6.98260971e-02 6.91925442e-03 5.61636749e-04 4.16125604e-03 -8.40338503e-04
7.13925810e-02 6.95237579e-03 5.48699526e-04 4.21834428e-03 -8.60886150e-04
7.29588887e-02 6.98604379e-03 5.36469798e-04 4.27577285e-03 -8.84179301e-04
7.45250166e-02 7.02024895e-03 5.25044344e-04 4.33340483e-03 -9.10203741e-04
7.60909607e-02 7.05498018e-03 5.14523085e-04 4.39110181e-03 -9.38931946e-04
7.76567171e-02 7.09022488e-03 5.05008640e-04 4.44872476e-03 -9.70323046e-04
7.92222820e-02 7.12596907e-03 4.96605856e-04 4.50613488e-03 -1.00432287e-03
8.07876515e-02 7.16219758e-03 4.89421275e-04 4.56319438e-03 -1.04086404e-03
8.23528218e-02 7.19889410e-03 4.83562575e-04 4.61976731e-03 -1.07986614e-03
8.39177890e-02 7.23604139e-03 4.79137960e-04 4.67572031e-03 -1.12123593e-03
8.54825493e-02 7.27362137e-03 4.76255518e-04 4.73092332e-03 -1.16486765e-03
8.70470987e-02 7.31161526e-03 4.75022552e-04 4.78525029e-03 -1.21064333e-03
8.86114334e-02 7.35000368e-03 4.75544880e-04 4.83857980e-03 -1.25843319e-03
9.01755497e-02 7.38876672e-03 4.77926112e-04 4.89079565e-03 -1.30809608e-03
9.17394435e-02 7.42788405e-03 4.82266920e-04 4.94178741e-03 -1.35947997e-03
9.33031111e-02 7.46733497e-03 4.88664280e-04 4.99145084e-03 -1.41242243e-03
9.48665486e-02 7.50709847e-03 4.97210726e-04 5.03968838e-03 -1.46675125e-03
9.64297521e-02 7.54715321e-03 5.07993591e-04 5.08640943e-03 -1.52228496e-03
9.79927178e-02 7.58747758e-03 5.21094260e-04 5.13153070e-03 -1.57883351e-03
9.95554419e-02 7.62804963e-03 5.36587431e-04 5.17497641e-03 -1.63619891e-03
1.01117920e-01 7.66884705e-03 5.54540395e-04 5.21667848e-03 -1.69417586e-03
1.02680150e-01 7.70984715e-03 5.75012335e-04 5.25657664e-03 -1.75255248e-03
1.04242126e-01 7.75102671e-03 5.98053661e-04 5.29461847e-03 -1.81111098e-03
1.05803844e-01 7.79236191e-03 6.23705363e-04 5.33075945e-03 -1.86962844e-03
1.07365302e-01 7.83382825e-03 6.51998416e-04 5.36496287e-03 -1.92787745e-03
1.08926495e-01 7.87540033e-03 6.82953217e-04 5.39719978e-03 -1.98562692e-03
1.10487420e-01 7.91705181e-03 7.16579074e-04 5.42744883e-03 -2.04264279e-03
1.12048072e-01 7.95875513e-03 7.52873741e-04 5.45569613e-03 -2.09868881e-03
1.13608448e-01 8.00048143e-03 7.91823006e-04 5.48193505e-03 -2.15352722e-03
1.15168543e-01 8.04220034e-03 8.33400335e-04 5.50616597e-03 -2.20691961e-03
1.16728355e-01 8.08387978e-03 8.77566575e-04 5.52839607e-03 -2.25862756e-03
1.18287878e-01 8.12548581e-03 9.24269714e-04 5.54863905e-03 -2.30841348e-03
1.19847110e-01 8.16698242e-03 9.73444706e-04 5.56691488e-03 -2.35604134e-03
1.21406047e-01 8.20833138e-03 1.02501335e-03 5.58324950e-03 -2.40127742e-03
1.22964684e-01 8.24949208e-03 1.07888424e-03 5.59767455e-03 -2.44389104e-03
1.24523017e-01 8.29042136e-03 1.13495278e-03 5.61022714e-03 -2.48365541e-03
1.26081044e-01 8.33107340e-03 1.19310122e-03 5.62094952e-03 -2.52034827e-03
1.27638760e-01 8.37139964e-03 1.25319884e-03 5.62988891e-03 -2.55375274e-03
1.29196160e-01 8.41134866e-03 1.31510209e-03 5.63709720e-03 -2.58365809e-03
1.30753243e-01 8.45086617e-03 1.37865487e-03 5.64263080e-03 -2.60986045e-03
1.32310002e-01 8.48989498e-03 1.44368882e-03 5.64655042e-03 -2.63216366e-03
1.33866436e-01 8.52837507e-03 1.51002368e-03 5.64892092e-03 -2.65038000e-03
1.35422539e-01 8.56624360e-03 1.57746768e-03 5.64981118e-03 -2.66433105e-03
1.36978309e-01 8.60343509e-03 1.64581806e-03 5.64929402e-03 -2.67384844e-03
1.38533740e-01 8.63988158e-03 1.71486151e-03 5.64744606e-03 -2.67877469e-03
1.40088830e-01 8.67551281e-03 1.78437477e-03 5.64434777e-03 -2.67896405e-03
1.41643575e-01 8.71025655e-03 1.85412522e-03 5.64008335e-03 -2.67428330e-03
1.43197970e-01 8.74403888e-03 1.92387149e-03 5.63474084e-03 -2.66461263e-03
1.44752012e-01 8.77678463e-03 1.99336420e-03 5.62841205e-03 -2.64984648e-03
1.46305697e-01 8.80841776e-03 2.06234663e-03 5.62119270e-03 -2.62989438e-03
1.47859021e-01 8.83886193e-03 2.13055552e-03 5.61318245e-03 -2.60468185e-03
1.49411981e-01 8.86804101e-03 2.19772183e-03 5.60448498e-03 -2.57415125e-03
1.50964572e-01 8.89587969e-03 2.26357157e-03 5.59520813e-03 -2.53826264e-03
1.52516790e-01 8.92230419e-03 2.32782672e-03 5.58546393e-03 -2.49699465e-03
1.54068633e-01 8.94724292e-03 2.39020608e-03 5.57536877e-03 -2.45034535e-03
1.55620096e-01 8.97062727e-03 2.45042620e-03 5.56504347e-03 -2.39833304e-03
1.57171175e-01 8.99239243e-03 2.50820241e-03 5.55461336e-03 -2.34099709e-03
1.58721866e-01 9.01247822e-03 2.56324977e-03 5.54420835e-03 -2.27839877e-03
1.60272166e-01 9.03082993e-03 2.61528416e-03 5.53396298e-03 -2.21062191e-03
1.61822070e-01 9.04739928e-03 2.66402332e-03 5.52401646e-03 -2.13777369e-03
1.63371576e-01 9.06214532e-03 2.70918801e-03 5.51451261e-03 -2.05998527e-03
1.64920678e-01 9.07503535e-03 2.75050314e-03 5.50559984e-03 -1.97741236e-03
1.66469374e-01 9.08604585e-03 2.78769898e-03 5.49743106e-03 -1.89023579e-03
1.68017660e-01 9.09516344e-03 2.82051238e-03 5.49016347e-03 -1.79866189e-03
1.69565531e-01 9.10238579e-03 2.84868806e-03 5.48395842e-03 -1.70292291e-03
1.71112983e-01 9.10772248e-03 2.87197992e-03 5.47898111e-03 -1.60327722e-03
1.72660014e-01 9.11119589e-03 2.89015236e-03 5.47540029e-03 -1.50000945e-03
1.74206619e-01 9.11284200e-03 2.90298170e-03 5.47338782e-03 -1.39343048e-03
1.75752795e-01 9.11271116e-03 2.91025758e-03 5.47311826e-03 -1.28387737e-03
1.77298536e-01 9.11086876e-03 2.91178436e-03 5.47476831e-03 -1.17171300e-03
1.78843841e-01 9.10739586e-03 2.90738267e-03 5.47851624e-03 -1.05732569e-03
1.80388705e-01 9.10238971e-03 2.89689082e-03 5.48454116e-03 -9.41128607e-04
1.81933124e-01 9.09596422e-03 2.88016635e-03 5.49302235e-03 -8.23558943e-04
1.83477094e-01 9.08825021e-03 2.85708748e-03 5.50413841e-03 -7.05076992e-04
1.85020611e-01 9.07939570e-03 2.82755470e-03 5.51806642e-03 -5.86164984e-04
1.86563673e-01 9.06956595e-03 2.79149217e-03 5.53498097e-03 -4.67325745e-04
1.88106274e-01 9.05894343e-03 2.74884926e-03 5.55505321e-03 -3.49081146e-04
1.89648411e-01 9.04772763e-03 2.69960196e-03 5.57844980e-03 -2.31970353e-04
1.91190081e-01 9.03613472e-03 2.64375425e-03 5.60533184e-03 -1.16547872e-04
1.92731279e-01 9.02439709e-03 2.58133950e-03 5.63585374e-03 -3.38138656e-06
1.94272002e-01 9.01276271e-03 2.51242165e-03 5.67016210e-03 1.06950596e-04
1.95812245e-01 9.00149434e-03 2.43709648e-03 5.70839453e-03 2.13861308e-04
1.97352006e-01 8.99086856e-03 2.35549257e-03 5.75067852e-03 3.16758466e-04
1.98891280e-01 8.98117471e-03 2.26777234e-03 5.79713022e-03 4.15047197e-04
2.00430064e-01 8.97271361e-03 2.17413285e-03 5.84785334e-03 5.08133137e-04
2.01968353e-01 8.96579614e-03 2.07480643e-03 5.90293801e-03 5.95425683e-04
2.03506144e-01 8.96074169e-03 1.97006119e-03 5.96245966e-03 6.76341386e-04
2.05043433e-01 8.95787651e-03 1.86020135e-03 6.02647803e-03 7.50307466e-04
2.06580217e-01 8.95753183e-03 1.74556736e-03 6.09503614e-03 8.16765429e-04
2.08116491e-01 8.96004193e-03 1.62653573e-03 6.16815938e-03 8.75174763e-04
2.09652252e-01 8.96574211e-03 1.50351877e-03 6.24585470e-03 9.25016691e-04
2.11187496e-01 8.97496651e-03 1.37696400e-03 6.32810985e-03 9.65797952e-04
2.12722219e-01 8.98804592e-03 1.24735326e-03 6.41489278e-03 9.97054582e-04
2.14256418e-01 9.00530541e-03 1.11520170e-03 6.50615104e-03 1.01835567e-03
2.15790088e-01 9.02706205e-03 9.81056359e-04 6.60181144e-03 1.02930707e-03
2.17323226e-01 9.05362251e-03 8.45494551e-04 6.70177978e-03 1.02955497e-03
2.18855828e-01 9.08528062e-03 7.09121920e-04 6.80594065e-03 1.01878942e-03
2.20387890e-01 9.12231505e-03 5.72570246e-04 6.91415749e-03 9.96747673e-04
2.21919408e-01 9.16498687e-03 4.36494954e-04 7.02627272e-03 9.63217280e-04
2.23450380e-01 9.21353730e-03 3.01572350e-04 7.14210803e-03 9.18039071e-04
2.24980800e-01 9.26818539e-03 1.68496583e-04 7.26146482e-03 8.61109815e-04
2.26510666e-01 9.32912589e-03 3.79763512e-05 7.38412483e-03 7.92384625e-04
2.28039973e-01 9.39652717e-03 -8.92686398e-05 7.50985087e-03 7.11879047e-04
2.29568717e-01 9.47052927e-03 -2.12511453e-04 7.63838770e-03 6.19670820e-04
2.31096895e-01 9.55124212e-03 -3.31021907e-04 7.76946311e-03 5.15901258e-04
2.32624504e-01 9.63874387e-03 -4.44070755e-04 7.90278906e-03 4.00776265e-04
2.34151539e-01 9.73307946e-03 -5.50934028e-04 8.03806297e-03 2.74566927e-04
2.35677996e-01 9.83425932e-03 -6.50897524e-04 8.17496921e-03 1.37609684e-04
2.37203872e-01 9.94225836e-03 -7.43261397e-04 8.31318056e-03 -9.69392980e-06
2.38729163e-01 1.00570150e-02 -8.27344837e-04 8.45235992e-03 -1.66878011e-04
2.40253865e-01 1.01784309e-02 -9.02490781e-04 8.59216196e-03 -3.33413456e-04
2.41777975e-01 1.03063699e-02 -9.68070643e-04 8.73223497e-03 -5.08709606e-04
2.43301489e-01 1.04406588e-02 -1.02348901e-03 8.87222270e-03 -6.92116337e-04
2.44824402e-01 1.05810866e-02 -1.06818827e-03 9.01176625e-03 -8.82926626e-04
2.46346712e-01 1.07274055e-02 -1.10165313e-03 9.15050601e-03 -1.08037955e-03
2.47868414e-01 1.08793313e-02 -1.12341504e-03 9.28808359e-03 -1.28366373e-03
2.49389505e-01 1.10365441e-02 -1.13305630e-03 9.42414378e-03 -1.49192119e-03
2.50909981e-01 1.11986899e-02 -1.13021413e-03 9.55833643e-03 -1.70425161e-03
2.52429838e-01 1.13653812e-02 -1.11458431e-03 9.69031836e-03 -1.91971699e-03
2.53949073e-01 1.15361995e-02 -1.08592461e-03 9.81975516e-03 -2.13734658e-03
2.55467681e-01 1.17106964e-02 -1.04405788e-03 9.94632300e-03 -2.35614219e-03
2.56985659e-01 1.18883959e-02 -9.88874744e-04 1.00697102e-02 -2.57508378e-03
2.58503004e-01 1.20687968e-02 -9.20335929e-04 1.01896190e-02 -2.79313524e-03
2.60019711e-01 1.22513746e-02 -8.38474123e-04 1.03057668e-02 -3.00925038e-03
2.61535776e-01 1.24355845e-02 -7.43395428e-04 1.04178877e-02 -3.22237913e-03
2.63051197e-01 1.26208642e-02 -6.35280313e-04 1.05257335e-02 -3.43147376e-03
2.64565969e-01 1.28066361e-02 -5.14384085e-04 1.06290752e-02 -3.63549527e-03
2.66080089e-01 1.29923111e-02 -3.81036848e-04 1.07277035e-02 -3.83341964e-03
2.67593552e-01 1.31772908e-02 -2.35642955e-04 1.08214297e-02 -4.02424423e-03
2.69106356e-01 1.33609712e-02 -7.86799331e-05 1.09100864e-02 -4.20699395e-03
2.70618495e-01 1.35427457e-02 8.93031123e-05 1.09935282e-02 -4.38072738e-03
2.72129968e-01 1.37220079e-02 2.67687610e-04 1.10716315e-02 -4.54454268e-03
2.73640769e-01 1.38981554e-02 4.55788149e-04 1.11442952e-02 -4.69758327e-03
2.75150895e-01 1.40705923e-02 6.52855606e-04 1.12114403e-02 -4.83904326e-03
2.76660343e-01 1.42387330e-02 8.58080748e-04 1.12730100e-02 -4.96817260e-03
2.78169109e-01 1.44020045e-02 1.07059831e-03 1.13289696e-02 -5.08428178e-03
2.79677188e-01 1.45598500e-02 1.28949148e-03 1.13793056e-02 -5.18674627e-03
2.81184578e-01 1.47117316e-02 1.51379684e-03 1.14240258e-02 -5.27501042e-03
2.82691274e-01 1.48571330e-02 1.74250966e-03 1.14631582e-02 -5.34859102e-03
2.84197274e-01 1.49955622e-02 1.97458948e-03 1.14967506e-02 -5.40708032e-03
2.85702572e-01 1.51265543e-02 2.20896608e-03 1.15248697e-02 -5.45014854e-03
2.87207166e-01 1.52496736e-02 2.44454568e-03 1.15476001e-02 -5.47754595e-03
2.88711051e-01 1.53645160e-02 2.68021730e-03 1.15650439e-02 -5.48910430e-03
2.90214224e-01 1.54707109e-02 2.91485935e-03 1.15773189e-02 -5.48473783e-03
2.91716682e-01 1.55679235e-02 3.14734636e-03 1.15845585e-02 -5.46444368e-03
2.93218420e-01 1.56558563e-02 3.37655569e-03 1.15869103e-02 -5.42830176e-03
2.94719436e-01 1.57342506e-02 3.60137433e-03 1.15845350e-02 -5.37647411e-03
2.96219724e-01 1.58028883e-02 3.82070569e-03 1.15776056e-02 -5.30920371e-03
2.97719282e-01 1.58615926e-02 4.03347627e-03 1.15663066e-02 -5.22681281e-03
2.99218105e-01 1.59102294e-02 4.23864220e-03 1.15508330e-02 -5.12970071e-03
3.00716191e-01 1.59487079e-02 4.43519566e-03 1.15313892e-02 -5.01834115e-03
3.02213535e-01 1.59769816e-02 4.62217102e-03 1.15081887e-02 -4.89327914e-03
3.03710134e-01 1.59950486e-02 4.79865075e-03 1.14814528e-02 -4.75512750e-03
3.05205983e-01 1.60029517e-02 4.96377101e-03 1.14514108e-02 -4.60456284e-03
3.06701080e-01 1.60007791e-02 5.11672692e-03 1.14182984e-02 -4.44232140e-03
3.08195421e-01 1.59886637e-02 5.25677740e-03 1.13823580e-02 -4.26919433e-03
3.09689002e-01 1.59667835e-02 5.38324960e-03 1.13438381e-02 -4.08602288e-03
3.11181819e-01 1.59353608e-02 5.49554296e-03 1.13029927e-02 -3.89369323e-03
3.12673868e-01 1.58946620e-02 5.59313266e-03 1.12600814e-02 -3.69313115e-03
3.14165146e-01 1.58449966e-02 5.67557268e-03 1.12153691e-02 -3.48529647e-03
3.15655650e-01 1.57867167e-02 5.74249831e-03 1.11691256e-02 -3.27117749e-03
3.17145375e-01 1.57202156e-02 5.79362809e-03 1.11216262e-02 -3.05178520e-03
3.18634318e-01 1.56459269e-02 5.82876527e-03 1.10731510e-02 -2.82814754e-03
3.20122475e-01 1.55643234e-02 5.84779866e-03 1.10239852e-02 -2.60130365e-03
3.21609843e-01 1.54759150e-02 5.85070297e-03 1.09744194e-02 -2.37229806e-03
3.23096417e-01 1.53812478e-02 5.83753857e-03 1.09247492e-02 -2.14217509e-03
3.24582195e-01 1.52809018e-02 5.80845073e-03 1.08752756e-02 -1.91197327e-03
3.26067172e-01 1.51754897e-02 5.76366827e-03 1.08263049e-02 -1.68271987e-03
3.27551345e-01 1.50656539e-02 5.70350178e-03 1.07781486e-02 -1.45542573e-03
3.29034710e-01 1.49520651e-02 5.62834122e-03 1.07311239e-02 -1.23108016e-03
3.30517264e-01 1.48354199e-02 5.53865314e-03 1.06855528e-02 -1.01064612e-03
3.31999003e-01 1.47164379e-02 5.43497737e-03 1.06417626e-02 -7.95055699e-04
3.33479923e-01 1.45958595e-02 5.31792332e-03 1.06000856e-02 -5.85205797e-04
3.34960021e-01 1.44744433e-02 5.18816582e-03 1.05608583e-02 -3.81954156e-04
3.36439292e-01 1.43529627e-02 5.04644069e-03 1.05244214e-02 -1.86115677e-04
3.37917734e-01 1.42322035e-02 4.89353985e-03 1.04911191e-02 1.54091556e-06
3.39395342e-01 1.41129606e-02 4.73030624e-03 1.04612986e-02 1.80296088e-04
3.40872114e-01 1.39960347e-02 4.55762843e-03 1.04353088e-02 3.49482150e-04
3.42348044e-01 1.38822291e-02 4.37643499e-03 1.04135000e-02 5.08485560e-04
3.43823131e-01 1.37723463e-02 4.18768875e-03 1.03962222e-02 6.56748873e-04
3.45297369e-01 1.36671846e-02 3.99238089e-03 1.03838245e-02 7.93772328e-04
3.46770756e-01 1.35675345e-02 3.79152490e-03 1.03766531e-02 9.19115085e-04
3.48243288e-01 1.34741750e-02 3.58615054e-03 1.03750503e-02 1.03239610e-03
3.49714961e-01 1.33878699e-02 3.37729780e-03 1.03793527e-02 1.13329468e-03
3.51185772e-01 1.33093644e-02 3.16601083e-03 1.03898897e-02 1.22155064e-03
3.52655716e-01 1.32393814e-02 2.95333202e-03 1.04069811e-02 1.29696421e-03
3.54124791e-01 1.31786173e-02 2.74029612e-03 1.04309358e-02 1.35939560e-03
3.55592992e-01 1.31277392e-02 2.52792461e-03 1.04620495e-02 1.40876419e-03
3.57060317e-01 1.30873804e-02 2.31722012e-03 1.05006027e-02 1.44504758e-03
3.58526760e-01 1.30581377e-02 2.10916122e-03 1.05468586e-02 1.46828019e-03
3.59992320e-01 1.30405673e-02 1.90469735e-03 1.06010608e-02 1.47855178e-03
3.61456992e-01 1.30351820e-02 1.70474409e-03 1.06634314e-02 1.47600563e-03
3.62920772e-01 1.30424477e-02 1.51017874e-03 1.07341689e-02 1.46083647e-03
3.64383658e-01 1.30627806e-02 1.32183621e-03 1.08134457e-02 1.43328834e-03
3.65845645e-01 1.30965444e-02 1.14050529e-03 1.09014068e-02 1.39365219e-03
3.67306729e-01 1.31440475e-02 9.66925282e-04 1.09981669e-02 1.34226328e-03
3.68766908e-01 1.32055408e-02 8.01783005e-04 1.11038097e-02 1.27949853e-03
3.70226177e-01 1.32812158e-02 6.45710246e-04 1.12183853e-02 1.20577372e-03
3.71684534e-01 1.33712025e-02 4.99281575e-04 1.13419092e-02 1.12154060e-03
3.73141973e-01 1.34755681e-02 3.63012593e-04 1.14743604e-02 1.02728386e-03
3.74598493e-01 1.35943156e-02 2.37358594e-04 1.16156810e-02 9.23518159e-04
3.76054088e-01 1.37273834e-02 1.22713638e-04 1.17657745e-02 8.10785014e-04
3.77508756e-01 1.38746442e-02 1.94100329e-05 1.19245057e-02 6.89649724e-04
3.78962493e-01 1.40359057e-02 -7.22817849e-05 1.20916996e-02 5.60698270e-04
3.80415296e-01 1.42109099e-02 -1.52152976e-04 1.22671418e-02 4.24534243e-04
3.81867160e-01 1.43993345e-02 -2.20055653e-04 1.24505780e-02 2.81775795e-04
3.83318083e-01 1.46007939e-02 -2.75901874e-04 1.26417150e-02 1.33052642e-04
3.84768060e-01 1.48148400e-02 -3.19662299e-04 1.28402204e-02 -2.09968711e-05
3.86217089e-01 1.50409647e-02 -3.51364523e-04 1.30457245e-02 -1.79728636e-04
3.87665165e-01 1.52786019e-02 -3.71091122e-04 1.32578209e-02 -3.42495556e-04
3.89112285e-01 1.55271297e-02 -3.78977424e-04 1.34760680e-02 -5.08650222e-04
3.90558445e-01 1.57858740e-02 -3.75209036e-04 1.36999909e-02 -6.77547485e-04
3.92003642e-01 1.60541111e-02 -3.60019163e-04 1.39290836e-02 -8.48546912e-04
3.93447872e-01 1.63310720e-02 -3.33685732e-04 1.41628110e-02 -1.02101512e-03
3.94891132e-01 1.66159457e-02 -2.96528369e-04 1.44006117e-02 -1.19432797e-03
3.96333418e-01 1.69078838e-02 -2.48905243e-04 1.46419003e-02 -1.36787267e-03
3.97774727e-01 1.72060051e-02 -1.91209814e-04 1.48860713e-02 -1.54104966e-03
3.99215055e-01 1.75094000e-02 -1.23867520e-04 1.51325014e-02 -1.71327445e-03
4.00654398e-01 1.78171353e-02 -4.73324186e-05 1.53805534e-02 -1.88397927e-03
4.02092753e-01 1.81282601e-02 3.79161747e-05 1.56295793e-02 -2.05261456e-03
4.03530117e-01 1.84418101e-02 1.31377033e-04 1.58789245e-02 -2.21865039e-03
4.04966485e-01 1.87568135e-02 2.32530321e-04 1.61279311e-02 -2.38157769e-03
4.06401855e-01 1.90722964e-02 3.40840827e-04 1.63759417e-02 -2.54090933e-03
4.07836222e-01 1.93872881e-02 4.55761108e-04 1.66223036e-02 -2.69618114e-03
4.09269584e-01 1.97008265e-02 5.76734522e-04 1.68663721e-02 -2.84695279e-03
4.10701936e-01 2.00119636e-02 7.03198132e-04 1.71075149e-02 -2.99280846e-03
4.12133276e-01 2.03197709e-02 8.34585463e-04 1.73451154e-02 -3.13335753e-03
4.13563599e-01 2.06233445e-02 9.70329106e-04 1.75785766e-02 -3.26823508e-03
4.14992902e-01 2.09218101e-02 1.10986314e-03 1.78073247e-02 -3.39710235e-03
4.16421181e-01 2.12143279e-02 1.25262541e-03 1.80308122e-02 -3.51964702e-03
4.17848434e-01 2.15000972e-02 1.39805957e-03 1.82485219e-02 -3.63558349e-03
4.19274656e-01 2.17783609e-02 1.54561696e-03 1.84599690e-02 -3.74465306e-03
4.20699844e-01 2.20484092e-02 1.69475834e-03 1.86647048e-02 -3.84662403e-03
4.22123995e-01 2.23095838e-02 1.84495539e-03 1.88623187e-02 -3.94129172e-03
4.23547105e-01 2.25612811e-02 1.99569201e-03 1.90524409e-02 -4.02847849e-03
4.24969170e-01 2.28029554e-02 2.14646552e-03 1.92347444e-02 -4.10803365e-03
4.26390187e-01 2.30341211e-02 2.29678760e-03 1.94089468e-02 -4.17983332e-03
4.27810152e-01 2.32543557e-02 2.44618518e-03 1.95748115e-02 -4.24378035e-03
4.29229063e-01 2.34633010e-02 2.59420108e-03 1.97321494e-02 -4.29980404e-03
4.30646915e-01 2.36606647e-02 2.74039457e-03 1.98808191e-02 -4.34786000e-03
4.32063705e-01 2.38462218e-02 2.88434185e-03 2.00207279e-02 -4.38792982e-03
4.33479429e-01 2.40198143e-02 3.02563634e-03 2.01518317e-02 -4.42002086e-03
4.34894084e-01 2.41813523e-02 3.16388895e-03 2.02741350e-02 -4.44416587e-03
4.36307667e-01 2.43308127e-02 3.29872823e-03 2.03876904e-02 -4.46042268e-03
4.37720174e-01 2.44682392e-02 3.42980053e-03 2.04925973e-02 -4.46887385e-03
4.39131601e-01 2.45937406e-02 3.55677006e-03 2.05890018e-02 -4.46962621e-03
4.40541946e-01 2.47074895e-02 3.67931892e-03 2.06770942e-02 -4.46281049e-03
4.41951203e-01 2.48097202e-02 3.79714717e-03 2.07571078e-02 -4.44858079e-03
4.43359371e-01 2.49007262e-02 3.90997288e-03 2.08293172e-02 -4.42711411e-03
4.44766446e-01 2.49808579e-02 4.01753214e-03 2.08940352e-02 -4.39860976e-03
4.46172424e-01 2.50505187e-02 4.11957918e-03 2.09516112e-02 -4.36328878e-03
4.47577301e-01 2.51101628e-02 4.21588646e-03 2.10024280e-02 -4.32139326e-03
4.48981074e-01 2.51602903e-02 4.30624481e-03 2.10468989e-02 -4.27318562e-03
4.50383741e-01 2.52014443e-02 4.39046364e-03 2.10854649e-02 -4.21894785e-03
4.51785296e-01 2.52342063e-02 4.46837114e-03 2.11185915e-02 -4.15898061e-03
4.53185738e-01 2.52591920e-02 4.53981459e-03 2.11467650e-02 -4.09360237e-03
4.54585061e-01 2.52770466e-02 4.60466065e-03 2.11704896e-02 -4.02314834e-03
4.55983264e-01 2.52884407e-02 4.66279577e-03 2.11902835e-02 -3.94796945e-03
4.57380342e-01 2.52940654e-02 4.71412655e-03 2.12066758e-02 -3.86843114e-03
4.58776292e-01 2.52946274e-02 4.75858020e-03 2.12202027e-02 -3.78491214e-03
4.60171111e-01 2.52908446e-02 4.79610497e-03 2.12314041e-02 -3.69780312e-03
4.61564795e-01 2.52834412e-02 4.82667062e-03 2.12408203e-02 -3.60750526e-03
4.62957340e-01 2.52731431e-02 4.85026888e-03 2.12489886e-02 -3.51442880e-03
4.64348744e-01 2.52606736e-02 4.86691392e-03 2.12564397e-02 -3.41899141e-03
4.65739003e-01 2.52467485e-02 4.87664271e-03 2.12636952e-02 -3.32161653e-03
4.67128113e-01 2.52320722e-02 4.87951546e-03 2.12712642e-02 -3.22273167e-03
4.68516071e-01 2.52173336e-02 4.87561590e-03 2.12796403e-02 -3.12276660e-03
4.69902874e-01 2.52032020e-02 4.86505156e-03 2.12892995e-02 -3.02215151e-03
4.71288518e-01 2.51903237e-02 4.84795388e-03 2.13006974e-02 -2.92131508e-03
4.72672999e-01 2.51793184e-02 4.82447833e-03 2.13142669e-02 -2.82068258e-03
4.74056315e-01 2.51707763e-02 4.79480432e-03 2.13304166e-02 -2.72067391e-03
4.75438462e-01 2.51652552e-02 4.75913503e-03 2.13495287e-02 -2.62170161e-03
4.76819436e-01 2.51632781e-02 4.71769709e-03 2.13719575e-02 -2.52416887e-03
4.78199234e-01 2.51653309e-02 4.67074009e-03 2.13980284e-02 -2.42846764e-03
4.79577853e-01 2.51718606e-02 4.61853601e-03 2.14280367e-02 -2.33497663e-03
4.80955289e-01 2.51832740e-02 4.56137835e-03 2.14622471e-02 -2.24405949e-03
4.82331539e-01 2.51999362e-02 4.49958126e-03 2.15008927e-02 -2.15606294e-03
4.83706600e-01 2.52221703e-02 4.43347833e-03 2.15441756e-02 -2.07131509e-03
4.85080468e-01 2.52502567e-02 4.36342135e-03 2.15922661e-02 -1.99012374e-03
4.86453139e-01 2.52844326e-02 4.28977882e-03 2.16453038e-02 -1.91277488e-03
4.87824611e-01 2.53248931e-02 4.21293433e-03 2.17033974e-02 -1.83953126e-03
4.89194880e-01 2.53717911e-02 4.13328475e-03 2.17666257e-02 -1.77063113e-03
4.90563942e-01 2.54252382e-02 4.05123832e-03 2.18350389e-02 -1.70628711e-03
4.91931794e-01 2.54853062e-02 3.96721260e-03 2.19086592e-02 -1.64668525e-03
4.93298434e-01 2.55520281e-02 3.88163224e-03 2.19874824e-02 -1.59198424e-03
4.94663856e-01 2.56254003e-02 3.79492673e-03 2.20714794e-02 -1.54231479e-03
4.96028059e-01 2.57053839e-02 3.70752800e-03 2.21605979e-02 -1.49777930e-03
4.97391039e-01 2.57919075e-02 3.61986798e-03 2.22547640e-02 -1.45845157e-03
4.98752791e-01 2.58848687e-02 3.53237611e-03 2.23538840e-02 -1.42437686e-03
5.00113314e-01 2.59841375e-02 3.44547686e-03 2.24578467e-02 -1.39557208e-03
5.01472604e-01 2.60895582e-02 3.35958717e-03 2.25665251e-02 -1.37202619e-03
5.02830656e-01 2.62009523e-02 3.27511400e-03 2.26797786e-02 -1.35370084e-03
5.04187469e-01 2.63181215e-02 3.19245187e-03 2.27974548e-02 -1.34053114e-03
5.05543038e-01 2.64408501e-02 3.11198052e-03 2.29193922e-02 -1.33242670e-03
5.06897361e-01 2.65689083e-02 3.03406262e-03 2.30454214e-02 -1.32927282e-03
5.08250433e-01 2.67020548e-02 2.95904164e-03 2.31753679e-02 -1.33093182e-03
5.09602252e-01 2.68400395e-02 2.88723982e-03 2.33090535e-02 -1.33724457e-03
5.10952815e-01 2.69826064e-02 2.81895634e-03 2.34462985e-02 -1.34803217e-03
5.12302117e-01 2.71294963e-02 2.75446565e-03 2.35869234e-02 -1.36309776e-03
5.13650155e-01 2.72804490e-02 2.69401602e-03 2.37307503e-02 -1.38222838e-03
5.14996927e-01 2.74352062e-02 2.63782829e-03 2.38776049e-02 -1.40519699e-03
5.16342429e-01 2.75935133e-02 2.58609480e-03 2.40273175e-02 -1.43176459e-03
5.17686658e-01 2.77551217e-02 2.53897868e-03 2.41797247e-02 -1.46168226e-03
5.19029610e-01 2.79197907e-02 2.49661325e-03 2.43346701e-02 -1.49469339e-03
5.20371281e-01 2.80872888e-02 2.45910175e-03 2.44920055e-02 -1.53053583e-03
5.21711670e-01 2.82573959e-02 2.42651733e-03 2.46515914e-02 -1.56894401e-03
5.23050772e-01 2.84299039e-02 2.39890321e-03 2.48132981e-02 -1.60965111e-03
5.24388584e-01 2.86046182e-02 2.37627320e-03 2.49770059e-02 -1.65239111e-03
5.25725102e-01 2.87813579e-02 2.35861238e-03 2.51426052e-02 -1.69690076e-03
5.27060325e-01 2.89599572e-02 2.34587802e-03 2.53099970e-02 -1.74292151e-03
5.28394247e-01 2.91402650e-02 2.33800080e-03 2.54790927e-02 -1.79020129e-03
5.29726866e-01 2.93221455e-02 2.33488612e-03 2.56498137e-02 -1.83849617e-03
5.31058179e-01 2.95054781e-02 2.33641570e-03 2.58220918e-02 -1.88757186e-03
5.32388182e-01 2.96901568e-02 2.34244929e-03 2.59958677e-02 -1.93720509e-03
5.33716872e-01 2.98760900e-02 2.35282658e-03 2.61710915e-02 -1.98718481e-03
5.35044246e-01 3.00632000e-02 2.36736918e-03 2.63477214e-02 -2.03731317e-03
5.36370301e-01 3.02514218e-02 2.38588278e-03 2.65257230e-02 -2.08740640e-03
5.37695032e-01 3.04407027e-02 2.40815934e-03 2.67050688e-02 -2.13729543e-03
5.39018438e-01 3.06310006e-02 2.43397936e-03 2.68857370e-02 -2.18682636e-03
5.40340514e-01 3.08222836e-02 2.46311415e-03 2.70677105e-02 -2.23586070e-03
5.41661258e-01 3.10145282e-02 2.49532818e-03 2.72509765e-02 -2.28427549e-03
5.42980666e-01 3.12077182e-02 2.53038132e-03 2.74355246e-02 -2.33196317e-03
5.44298735e-01 3.14018434e-02 2.56803110e-03 2.76213469e-02 -2.37883131e-03
5.45615461e-01 3.15968986e-02 2.60803489e-03 2.78084361e-02 -2.42480215e-03
5.46930842e-01 3.17928815e-02 2.65015197e-03 2.79967852e-02 -2.46981201e-03
5.48244874e-01 3.19897924e-02 2.69414550e-03 2.81863864e-02 -2.51381054e-03
5.49557555e-01 3.21876320e-02 2.73978437e-03 2.83772305e-02 -2.55675987e-03
5.50868879e-01 3.23864011e-02 2.78684491e-03 2.85693059e-02 -2.59863353e-03
5.52178845e-01 3.25860990e-02 2.83511235e-03 2.87625980e-02 -2.63941547e-03
5.53487450e-01 3.27867225e-02 2.88438225e-03 2.89570889e-02 -2.67909883e-03
5.54794689e-01 3.29882657e-02 2.93446158e-03 2.91527571e-02 -2.71768469e-03
5.56100561e-01 3.31907184e-02 2.98516975e-03 2.93495764e-02 -2.75518087e-03
5.57405060e-01 3.33940662e-02 3.03633928e-03 2.95475168e-02 -2.79160056e-03
5.58708186e-01 3.35982897e-02 3.08781644e-03 2.97465437e-02 -2.82696104e-03
5.60009933e-01 3.38033645e-02 3.13946148e-03 2.99466180e-02 -2.86128244e-03
5.61310299e-01 3.40092609e-02 3.19114885e-03 3.01476966e-02 -2.89458642e-03
5.62609281e-01 3.42159441e-02 3.24276706e-03 3.03497325e-02 -2.92689501e-03
5.63906875e-01 3.44233742e-02 3.29421844e-03 3.05526751e-02 -2.95822947e-03
5.65203079e-01 3.46315068e-02 3.34541866e-03 3.07564712e-02 -2.98860925e-03
5.66497889e-01 3.48402934e-02 3.39629609e-03 3.09610648e-02 -3.01805101e-03
5.67791302e-01 3.50496820e-02 3.44679105e-03 3.11663987e-02 -3.04656782e-03
5.69083314e-01 3.52596179e-02 3.49685477e-03 3.13724146e-02 -3.07416842e-03
5.70373923e-01 3.54700446e-02 3.54644840e-03 3.15790544e-02 -3.10085663e-03
5.71663126e-01 3.56809046e-02 3.59554179e-03 3.17862609e-02 -3.12663090e-03
5.72950918e-01 3.58921407e-02 3.64411219e-03 3.19939787e-02 -3.15148402e-03
5.74237298e-01 3.61036972e-02 3.69214290e-03 3.22021555e-02 -3.17540294e-03
5.75522261e-01 3.63155204e-02 3.73962192e-03 3.24107426e-02 -3.19836878e-03
5.76805805e-01 3.65275606e-02 3.78654041e-03 3.26196961e-02 -3.22035691e-03
5.78087927e-01 3.67397727e-02 3.83289135e-03 3.28289781e-02 -3.24133727e-03
5.79368623e-01 3.69521176e-02 3.87866804e-03 3.30385570e-02 -3.26127478e-03
5.80647890e-01 3.71645630e-02 3.92386273e-03 3.32484090e-02 -3.28012984e-03
5.81925725e-01 3.73770850e-02 3.96846527e-03 3.34585182e-02 -3.29785902e-03
5.83202125e-01 3.75896686e-02 4.01246184e-03 3.36688778e-02 -3.31441582e-03
5.84477087e-01 3.78023087e-02 4.05583375e-03 3.38794904e-02 -3.32975153e-03
5.85750607e-01 3.80150109e-02 4.09855638e-03 3.40903686e-02 -3.34381620e-03
5.87022683e-01 3.82277920e-02 4.14059823e-03 3.43015351e-02 -3.35655963e-03
5.88293311e-01 3.84406807e-02 4.18192010e-03 3.45130231e-02 -3.36793246e-03
5.89562488e-01 3.86537177e-02 4.22247438e-03 3.47248762e-02 -3.37788730e-03
5.90830212e-01 3.88669562e-02 4.26220461e-03 3.49371485e-02 -3.38637984e-03
5.92096478e-01 3.90804614e-02 4.30104506e-03 3.51499041e-02 -3.39336997e-03
5.93361284e-01 3.92943107e-02 4.33892060e-03 3.53632170e-02 -3.39882295e-03
5.94624627e-01 3.95085934e-02 4.37574665e-03 3.55771702e-02 -3.40271046e-03
5.95886503e-01 3.97234098e-02 4.41142938e-03 3.57918554e-02 -3.40501169e-03
5.97146909e-01 3.99388710e-02 4.44586606e-03 3.60073718e-02 -3.40571428e-03
5.98405843e-01 4.01550978e-02 4.47894554e-03 3.62238254e-02 -3.40481524e-03
5.99663302e-01 4.03722195e-02 4.51054895e-03 3.64413279e-02 -3.40232178e-03
6.00919281e-01 4.05903734e-02 4.54055053e-03 3.66599954e-02 -3.39825199e-03
6.02173778e-01 4.08097028e-02 4.56881866e-03 3.68799470e-02 -3.39263547e-03
6.03426791e-01 4.10303560e-02 4.59521691e-03 3.71013039e-02 -3.38551373e-03
6.04678315e-01 4.12524849e-02 4.61960540e-03 3.73241875e-02 -3.37694055e-03
6.05928348e-01 4.14762433e-02 4.64184207e-03 3.75487179e-02 -3.36698213e-03
6.07176887e-01 4.17017854e-02 4.66178424e-03 3.77750130e-02 -3.35571715e-03
6.08423928e-01 4.19292639e-02 4.67929010e-03 3.80031861e-02 -3.34323660e-03
6.09669468e-01 4.21588286e-02 4.69422036e-03 3.82333451e-02 -3.32964346e-03
6.10913506e-01 4.23906247e-02 4.70643991e-03 3.84655907e-02 -3.31505233e-03
6.12156036e-01 4.26247913e-02 4.71581951e-03 3.87000149e-02 -3.29958870e-03
6.13397057e-01 4.28614592e-02 4.72223750e-03 3.89366999e-02 -3.28338829e-03
6.14636565e-01 4.31007504e-02 4.72558150e-03 3.91757167e-02 -3.26659603e-03
6.15874558e-01 4.33427757e-02 4.72575002e-03 3.94171236e-02 -3.24936508e-03
6.17111031e-01 4.35876339e-02 4.72265415e-03 3.96609656e-02 -3.23185552e-03
6.18345983e-01 4.38354107e-02 4.71621904e-03 3.99072734e-02 -3.21423314e-03
6.19579410e-01 4.40861773e-02 4.70638538e-03 4.01560624e-02 -3.19666787e-03
6.20811308e-01 4.43399896e-02 4.69311075e-03 4.04073323e-02 -3.17933233e-03
6.22041676e-01 4.45968876e-02 4.67637083e-03 4.06610664e-02 -3.16240013e-03
6.23270509e-01 4.48568948e-02 4.65616053e-03 4.09172319e-02 -3.14604419e-03
6.24497806e-01 4.51200176e-02 4.63249488e-03 4.11757790e-02 -3.13043496e-03
6.25723562e-01 4.53862455e-02 4.60540983e-03 4.14366419e-02 -3.11573862e-03
6.26947776e-01 4.56555509e-02 4.57496284e-03 4.16997386e-02 -3.10211529e-03
6.28170443e-01 4.59278892e-02 4.54123330e-03 4.19649715e-02 -3.08971717e-03
6.29391561e-01 4.62031991e-02 4.50432276e-03 4.22322282e-02 -3.07868677e-03
6.30611126e-01 4.64814037e-02 4.46435492e-03 4.25013825e-02 -3.06915513e-03
6.31829137e-01 4.67624105e-02 4.42147550e-03 4.27722953e-02 -3.06124018e-03
6.33045589e-01 4.70461130e-02 4.37585181e-03 4.30448157e-02 -3.05504504e-03
6.34260480e-01 4.73323912e-02 4.32767222e-03 4.33187830e-02 -3.05065661e-03
6.35473807e-01 4.76211132e-02 4.27714533e-03 4.35940276e-02 -3.04814410e-03
6.36685567e-01 4.79121361e-02 4.22449904e-03 4.38703732e-02 -3.04755782e-03
6.37895757e-01 4.82053081e-02 4.16997939e-03 4.41476385e-02 -3.04892805e-03
6.39104373e-01 4.85004693e-02 4.11384918e-03 4.44256386e-02 -3.05226417e-03
6.40311414e-01 4.87974538e-02 4.05638654e-03 4.47041880e-02 -3.05755390e-03
6.41516875e-01 4.90960911e-02 3.99788322e-03 4.49831016e-02 -3.06476274e-03
6.42720754e-01 4.93962080e-02 3.93864285e-03 4.52621974e-02 -3.07383370e-03
6.43923048e-01 4.96976301e-02 3.87897898e-03 4.55412985e-02 -3.08468719e-03
6.45123754e-01 5.00001835e-02 3.81921311e-03 4.58202349e-02 -3.09722113e-03
6.46322869e-01 5.03036967e-02 3.75967261e-03 4.60988459e-02 -3.11131137e-03
6.47520390e-01 5.06080019e-02 3.70068850e-03 4.63769819e-02 -3.12681227e-03
6.48716314e-01 5.09129367e-02 3.64259328e-03 4.66545061e-02 -3.14355759e-03
6.49910639e-01 5.12183454e-02 3.58571875e-03 4.69312968e-02 -3.16136154e-03
6.51103360e-01 5.15240806e-02 3.53039370e-03 4.72072485e-02 -3.18002019e-03
6.52294476e-01 5.18300041e-02 3.47694177e-03 4.74822741e-02 -3.19931296e-03
6.53483983e-01 5.21359883e-02 3.42567927e-03 4.77563055e-02 -3.21900449e-03
6.54671879e-01 5.24419167e-02 3.37691309e-03 4.80292953e-02 -3.23884656e-03
6.55858160e-01 5.27476853e-02 3.33093868e-03 4.83012177e-02 -3.25858037e-03
6.57042824e-01 5.30532023e-02 3.28803812e-03 4.85720693e-02 -3.27793888e-03
6.58225867e-01 5.33583895e-02 3.24847838e-03 4.88418694e-02 -3.29664937e-03
6.59407287e-01 5.36631818e-02 3.21250965e-03 4.91106606e-02 -3.31443611e-03
6.60587080e-01 5.39675277e-02 3.18036380e-03 4.93785090e-02 -3.33102321e-03
6.61765245e-01 5.42713889e-02 3.15225312e-03 4.96455036e-02 -3.34613750e-03
6.62941778e-01 5.45747403e-02 3.12836912e-03 4.99117565e-02 -3.35951150e-03
6.64116675e-01 5.48775692e-02 3.10888157e-03 5.01774016e-02 -3.37088648e-03
6.65289935e-01 5.51798750e-02 3.09393773e-03 5.04425945e-02 -3.38001545e-03
6.66461554e-01 5.54816681e-02 3.08366180e-03 5.07075105e-02 -3.38666622e-03
6.67631530e-01 5.57829695e-02 3.07815450e-03 5.09723442e-02 -3.39062433e-03
6.68799859e-01 5.60838091e-02 3.07749291e-03 5.12373073e-02 -3.39169599e-03
6.69966538e-01 5.63842251e-02 3.08173052e-03 5.15026271e-02 -3.38971087e-03
6.71131566e-01 5.66842627e-02 3.09089742e-03 5.17685445e-02 -3.38452472e-03
6.72294938e-01 5.69839723e-02 3.10500068e-03 5.20353120e-02 -3.37602189e-03
6.73456652e-01 5.72834090e-02 3.12402496e-03 5.23031915e-02 -3.36411763e-03
6.74616706e-01 5.75826304e-02 3.14793324e-03 5.25724518e-02 -3.34876014e-03
6.75775095e-01 5.78816958e-02 3.17666768e-03 5.28433663e-02 -3.32993241e-03
6.76931818e-01 5.81806645e-02 3.21015066e-03 5.31162104e-02 -3.30765374e-03
6.78086872e-01 5.84795948e-02 3.24828591e-03 5.33912587e-02 -3.28198106e-03
6.79240254e-01 5.87785423e-02 3.29095977e-03 5.36687828e-02 -3.25300979e-03
6.80391960e-01 5.90775593e-02 3.33804247e-03 5.39490488e-02 -3.22087452e-03
6.81541988e-01 5.93766931e-02 3.38938953e-03 5.42323140e-02 -3.18574921e-03
6.82690336e-01 5.96759858e-02 3.44484317e-03 5.45188253e-02 -3.14784713e-03
6.83837000e-01 5.99754727e-02 3.50423375e-03 5.48088163e-02 -3.10742039e-03
6.84981977e-01 6.02751824e-02 3.56738119e-03 5.51025053e-02 -3.06475911e-03
6.86125265e-01 6.05751359e-02 3.63409642e-03 5.54000928e-02 -3.02019017e-03
6.87266861e-01 6.08753466e-02 3.70418273e-03 5.57017599e-02 -2.97407570e-03
6.88406763e-01 6.11758202e-02 3.77743707e-03 5.60076667e-02 -2.92681105e-03
6.89544966e-01 6.14765545e-02 3.85365134e-03 5.63179503e-02 -2.87882255e-03
6.90681469e-01 6.17775406e-02 3.93261348e-03 5.66327236e-02 -2.83056483e-03
6.91816268e-01 6.20787626e-02 4.01410859e-03 5.69520746e-02 -2.78251784e-03
6.92949362e-01 6.23801991e-02 4.09791979e-03 5.72760655e-02 -2.73518355e-03
6.94080746e-01 6.26818238e-02 4.18382906e-03 5.76047317e-02 -2.68908238e-03
6.95210419e-01 6.29836068e-02 4.27161792e-03 5.79380824e-02 -2.64474933e-03
6.96338377e-01 6.32855163e-02 4.36106793e-03 5.82761001e-02 -2.60272989e-03
6.97464618e-01 6.35875200e-02 4.45196112e-03 5.86187412e-02 -2.56357578e-03
6.98589139e-01 6.38895868e-02 4.54408020e-03 5.89659366e-02 -2.52784043e-03
6.99711937e-01 6.41916890e-02 4.63720868e-03 5.93175929e-02 -2.49607439e-03
7.00833010e-01 6.44938039e-02 4.73113085e-03 5.96735931e-02 -2.46882061e-03
7.01952354e-01 6.47959166e-02 4.82563161e-03 6.00337988e-02 -2.44660964e-03
7.03069967e-01 6.50980216e-02 4.92049622e-03 6.03980514e-02 -2.42995483e-03
7.04185846e-01 6.54001252e-02 5.01550986e-03 6.07661745e-02 -2.41934754e-03
7.05299989e-01 6.57022482e-02 5.11045721e-03 6.11379759e-02 -2.41525235e-03
7.06412392e-01 6.60044274e-02 5.20512186e-03 6.15132500e-02 -2.41810241e-03
7.07523053e-01 6.63067185e-02 5.29928567e-03 6.18917806e-02 -2.42829497e-03
7.08631969e-01 6.66091979e-02 5.39272813e-03 6.22733432e-02 -2.44618695e-03
7.09739137e-01 6.69119643e-02 5.48522566e-03 6.26577086e-02 -2.47209083e-03
7.10844555e-01 6.72151414e-02 5.57655090e-03 6.30446447e-02 -2.50627077e-03
7.11948220e-01 6.75188785e-02 5.66647205e-03 6.34339206e-02 -2.54893901e-03
7.13050130e-01 6.78233529e-02 5.75475220e-03 6.38253086e-02 -2.60025254e-03
7.14150280e-01 6.81287701e-02 5.84114875e-03 6.42185877e-02 -2.66031023e-03
7.15248670e-01 6.84353653e-02 5.92541291e-03 6.46135464e-02 -2.72915027e-03
7.16345296e-01 6.87434039e-02 6.00728929e-03 6.50099851e-02 -2.80674799e-03
7.17440155e-01 6.90531812e-02 6.08651561e-03 6.54077192e-02 -2.89301425e-03
7.18533244e-01 6.93650228e-02 6.16282254e-03 6.58065815e-02 -2.98779413e-03
7.19624562e-01 6.96792840e-02 6.23593369e-03 6.62064240e-02 -3.09086623e-03
7.20714105e-01 6.99963485e-02 6.30556581e-03 6.66071205e-02 -3.20194238e-03
7.21801870e-01 7.03166277e-02 6.37142909e-03 6.70085684e-02 -3.32066786e-03
7.22887856e-01 7.06405582e-02 6.43322775e-03 6.74106897e-02 -3.44662221e-03
7.23972059e-01 7.09686006e-02 6.49066073e-03 6.78134328e-02 -3.57932046e-03
7.25054476e-01 7.13012362e-02 6.54342262e-03 6.82167730e-02 -3.71821493e-03
7.26135105e-01 7.16389645e-02 6.59120486e-03 6.86207134e-02 -3.86269752e-03
7.27213943e-01 7.19823000e-02 6.63369701e-03 6.90252846e-02 -4.01210255e-03
7.28290988e-01 7.23317682e-02 6.67058834e-03 6.94305454e-02 -4.16571001e-03
7.29366237e-01 7.26879019e-02 6.70156959e-03 6.98365814e-02 -4.32274937e-03
7.30439687e-01 7.30512367e-02 6.72633483e-03 7.02435046e-02 -4.48240381e-03
7.31511336e-01 7.34223068e-02 6.74458362e-03 7.06514524e-02 -4.64381488e-03
7.32581181e-01 7.38016397e-02 6.75602323e-03 7.10605854e-02 -4.80608760e-03
7.33649219e-01 7.41897517e-02 6.76037105e-03 7.14710862e-02 -4.96829591e-03
7.34715448e-01 7.45871424e-02 6.75735712e-03 7.18831568e-02 -5.12948846e-03
7.35779864e-01 7.49942894e-02 6.74672671e-03 7.22970159e-02 -5.28869475e-03
7.36842467e-01 7.54116434e-02 6.72824305e-03 7.27128968e-02 -5.44493149e-03
7.37903252e-01 7.58396225e-02 6.70169001e-03 7.31310435e-02 -5.59720926e-03
7.38962217e-01 7.62786069e-02 6.66687494e-03 7.35517083e-02 -5.74453925e-03
7.40019360e-01 7.67289340e-02 6.62363133e-03 7.39751479e-02 -5.88594026e-03
7.41074678e-01 7.71908931e-02 6.57182160e-03 7.44016198e-02 -6.02044569e-03
7.42128168e-01 7.76647208e-02 6.51133967e-03 7.48313790e-02 -6.14711063e-03
7.43179828e-01 7.81505966e-02 6.44211358e-03 7.52646738e-02 -6.26501894e-03
7.44229655e-01 7.86486383e-02 6.36410784e-03 7.57017426e-02 -6.37329024e-03
7.45277647e-01 7.91588985e-02 6.27732576e-03 7.61428099e-02 -6.47108683e-03
7.46323801e-01 7.96813611e-02 6.18181148e-03 7.65880824e-02 -6.55762042e-03
7.47368114e-01 8.02159387e-02 6.07765182e-03 7.70377462e-02 -6.63215865e-03
7.48410585e-01 8.07624696e-02 5.96497799e-03 7.74919625e-02 -6.69403136e-03
7.49451209e-01 8.13207167e-02 5.84396686e-03 7.79508652e-02 -6.74263656e-03
7.50489985e-01 8.18903658e-02 5.71484209e-03 7.84145577e-02 -6.77744599e-03
7.51526911e-01 8.24710251e-02 5.57787488e-03 7.88831100e-02 -6.79801031e-03
7.52561982e-01 8.30622256e-02 5.43338446e-03 7.93565568e-02 -6.80396384e-03
7.53595199e-01 8.36634215e-02 5.28173817e-03 7.98348952e-02 -6.79502878e-03
7.54626556e-01 8.42739918e-02 5.12335124e-03 8.03180830e-02 -6.77101893e-03
7.55656053e-01 8.48932424e-02 4.95868624e-03 8.08060381e-02 -6.73184278e-03
7.56683685e-01 8.55204089e-02 4.78825207e-03 8.12986369e-02 -6.67750606e-03
7.57709452e-01 8.61546603e-02 4.61260274e-03 8.17957147e-02 -6.60811363e-03
7.58733350e-01 8.67951032e-02 4.43233562e-03 8.22970651e-02 -6.52387071e-03
7.59755377e-01 8.74407865e-02 4.24808948e-03 8.28024415e-02 -6.42508338e-03
7.60775531e-01 8.80907068e-02 4.06054208e-03 8.33115575e-02 -6.31215854e-03
7.61793808e-01 8.87438152e-02 3.87040753e-03 8.38240887e-02 -6.18560293e-03
7.62810206e-01 8.93990230e-02 3.67843317e-03 8.43396749e-02 -6.04602164e-03
7.63824724e-01 9.00552097e-02 3.48539633e-03 8.48579222e-02 -5.89411581e-03
7.64837357e-01 9.07112302e-02 3.29210068e-03 8.53784065e-02 -5.73067961e-03
7.65848104e-01 9.13659233e-02 3.09937237e-03 8.59006766e-02 -5.55659651e-03
7.66856963e-01 9.20181195e-02 2.90805592e-03 8.64242577e-02 -5.37283495e-03
7.67863930e-01 9.26666504e-02 2.71900991e-03 8.69486565e-02 -5.18044321e-03
7.68869004e-01 9.33103571e-02 2.53310250e-03 8.74733646e-02 -4.98054372e-03
7.69872181e-01 9.39480997e-02 2.35120681e-03 8.79978642e-02 -4.77432671e-03
7.70873460e-01 9.45787662e-02 2.17419614e-03 8.85216327e-02 -4.56304332e-03
7.71872838e-01 9.52012818e-02 2.00293918e-03 8.90441485e-02 -4.34799812e-03
7.72870312e-01 9.58146178e-02 1.83829512e-03 8.95648960e-02 -4.13054117e-03
7.73865880e-01 9.64178010e-02 1.68110876e-03 9.00833716e-02 -3.91205963e-03
7.74859540e-01 9.70099217e-02 1.53220570e-03 9.05990893e-02 -3.69396893e-03
7.75851289e-01 9.75901429e-02 1.39238747e-03 9.11115864e-02 -3.47770369e-03
7.76841124e-01 9.81577076e-02 1.26242689e-03 9.16204293e-02 -3.26470826e-03
7.77829044e-01 9.87119469e-02 1.14306344e-03 9.21252191e-02 -3.05642714e-03
7.78815045e-01 9.92522867e-02 1.03499887e-03 9.26255972e-02 -2.85429522e-03
7.79799126e-01 9.97782543e-02 9.38892906e-04 9.31212503e-02 -2.65972789e-03
7.80781283e-01 1.00289484e-01 8.55359297e-04 9.36119157e-02 -2.47411124e-03
7.81761515e-01 1.00785724e-01 7.84961980e-04 9.40973859e-02 -2.29879226e-03
7.82739819e-01 1.01266835e-01 7.28211587e-04 9.45775133e-02 -2.13506917e-03
7.83716193e-01 1.01732804e-01 6.85562215e-04 9.50522136e-02 -1.98418201e-03
7.84690634e-01 1.02183735e-01 6.57408511e-04 9.55214698e-02 -1.84730344e-03
7.85663139e-01 1.02619860e-01 6.44083085e-04 9.59853352e-02 -1.72552996e-03
7.86633708e-01 1.03041536e-01 6.45854266e-04 9.64439358e-02 -1.61987347e-03
7.87602336e-01 1.03449246e-01 6.62924208e-04 9.68974721e-02 -1.53125339e-03
7.88569022e-01 1.03843596e-01 6.95427372e-04 9.73462209e-02 -1.46048924e-03
7.89533763e-01 1.04225316e-01 7.43429366e-04 9.77905356e-02 -1.40829394e-03
7.90496556e-01 1.04595257e-01 8.06926172e-04 9.82308464e-02 -1.37526763e-03
7.91457401e-01 1.04954385e-01 8.85843750e-04 9.86676599e-02 -1.36189231e-03
7.92416293e-01 1.05303776e-01 9.80038012e-04 9.91015579e-02 -1.36852722e-03
7.93373232e-01 1.05644616e-01 1.08929518e-03 9.95331951e-02 -1.39540497e-03
7.94328214e-01 1.05978188e-01 1.21333249e-03 9.99632970e-02 -1.44262856e-03
7.95281236e-01 1.06305867e-01 1.35179931e-03 1.00392656e-01 -1.51016923e-03
7.96232298e-01 1.06629116e-01 1.50427853e-03 1.00822130e-01 -1.59786526e-03
7.97181396e-01 1.06949470e-01 1.67028834e-03 1.01252633e-01 -1.70542157e-03
7.98128528e-01 1.07268534e-01 1.84928431e-03 1.01685135e-01 -1.83241035e-03
7.99073691e-01 1.07587967e-01 2.04066181e-03 1.02120654e-01 -1.97827255e-03
8.00016884e-01 1.07909479e-01 2.24375865e-03 1.02560249e-01 -2.14232027e-03
8.00958104e-01 1.08234810e-01 2.45785807e-03 1.03005018e-01 -2.32374012e-03
8.01897349e-01 1.08565729e-01 2.68219189e-03 1.03456083e-01 -2.52159744e-03
8.02834616e-01 1.08904017e-01 2.91594394e-03 1.03914590e-01 -2.73484135e-03
8.03769903e-01 1.09251455e-01 3.15825372e-03 1.04381698e-01 -2.96231071e-03
8.04703207e-01 1.09609817e-01 3.40822015e-03 1.04858569e-01 -3.20274080e-03
8.05634528e-01 1.09980853e-01 3.66490553e-03 1.05346366e-01 -3.45477083e-03
8.06563861e-01 1.10366280e-01 3.92733967e-03 1.05846235e-01 -3.71695212e-03
8.07491206e-01 1.10767768e-01 4.19452401e-03 1.06359307e-01 -3.98775692e-03
8.08416559e-01 1.11186935e-01 4.46543597e-03 1.06886683e-01 -4.26558789e-03
8.09339918e-01 1.11625328e-01 4.73903322e-03 1.07429425e-01 -4.54878800e-03
8.10261281e-01 1.12084418e-01 5.01425807e-03 1.07988553e-01 -4.83565103e-03
8.11180646e-01 1.12565587e-01 5.29004183e-03 1.08565032e-01 -5.12443237e-03
8.12098011e-01 1.13070120e-01 5.56530921e-03 1.09159767e-01 -5.41336015e-03
8.13013373e-01 1.13599198e-01 5.83898258e-03 1.09773592e-01 -5.70064665e-03
8.13926729e-01 1.14153884e-01 6.10998634e-03 1.10407271e-01 -5.98449984e-03
8.14838079e-01 1.14735123e-01 6.37725102e-03 1.11061479e-01 -6.26313504e-03
8.15747419e-01 1.15343729e-01 6.63971748e-03 1.11736810e-01 -6.53478652e-03
8.16654747e-01 1.15980384e-01 6.89634086e-03 1.12433758e-01 -6.79771912e-03
8.17560061e-01 1.16645630e-01 7.14609448e-03 1.13152724e-01 -7.05023962e-03
8.18463359e-01 1.17339868e-01 7.38797355e-03 1.13894004e-01 -7.29070792e-03
8.19364639e-01 1.18063353e-01 7.62099882e-03 1.14657788e-01 -7.51754796e-03
8.20263897e-01 1.18816194e-01 7.84421996e-03 1.15444160e-01 -7.72925813e-03
8.21161133e-01 1.19598351e-01 8.05671881e-03 1.16253090e-01 -7.92442136e-03
8.22056344e-01 1.20409637e-01 8.25761249e-03 1.17084441e-01 -8.10171459e-03
8.22949527e-01 1.21249719e-01 8.44605630e-03 1.17937961e-01 -8.25991769e-03
8.23840681e-01 1.22118120e-01 8.62124637e-03 1.18813289e-01 -8.39792176e-03
8.24729804e-01 1.23014221e-01 8.78242221e-03 1.19709955e-01 -8.51473665e-03
8.25616892e-01 1.23937269e-01 8.92886902e-03 1.20627381e-01 -8.60949778e-03
8.26501944e-01 1.24886379e-01 9.05991977e-03 1.21564886e-01 -8.68147217e-03
8.27384958e-01 1.25860538e-01 9.17495717e-03 1.22521686e-01 -8.73006359e-03
8.28265931e-01 1.26858617e-01 9.27341534e-03 1.23496907e-01 -8.75481686e-03
8.29144862e-01 1.27879377e-01 9.35478141e-03 1.24489579e-01 -8.75542124e-03
8.30021748e-01 1.28921475e-01 9.41859678e-03 1.25498652e-01 -8.73171292e-03
8.30896587e-01 1.29983476e-01 9.46445836e-03 1.26522997e-01 -8.68367653e-03
8.31769377e-01 1.31063861e-01 9.49201951e-03 1.27561416e-01 -8.61144574e-03
8.32640115e-01 1.32161036e-01 9.50099088e-03 1.28612648e-01 -8.51530288e-03
8.33508800e-01 1.33273347e-01 9.49114104e-03 1.29675378e-01 -8.39567765e-03
8.34375430e-01 1.34399087e-01 9.46229700e-03 1.30748246e-01 -8.25314486e-03
8.35240002e-01 1.35536509e-01 9.41434452e-03 1.31829856e-01 -8.08842125e-03
8.36102514e-01 1.36683837e-01 9.34722835e-03 1.32918785e-01 -7.90236141e-03
8.36962964e-01 1.37839275e-01 9.26095226e-03 1.34013592e-01 -7.69595288e-03
8.37821349e-01 1.39001026e-01 9.15557899e-03 1.35112828e-01 -7.47031030e-03
8.38677669e-01 1.40167294e-01 9.03123008e-03 1.36215046e-01 -7.22666889e-03
8.39531921e-01 1.41336302e-01 8.88808556e-03 1.37318810e-01 -6.96637704e-03
8.40384102e-01 1.42506302e-01 8.72638352e-03 1.38422703e-01 -6.69088830e-03
8.41234210e-01 1.43675583e-01 8.54641962e-03 1.39525341e-01 -6.40175267e-03
8.42082244e-01 1.44842483e-01 8.34854646e-03 1.40625374e-01 -6.10060723e-03
8.42928201e-01 1.46005400e-01 8.13317285e-03 1.41721504e-01 -5.78916635e-03
8.43772079e-01 1.47162802e-01 7.90076303e-03 1.42812485e-01 -5.46921132e-03
8.44613877e-01 1.48313232e-01 7.65183573e-03 1.43897136e-01 -5.14257959e-03
8.45453591e-01 1.49455319e-01 7.38696317e-03 1.44974344e-01 -4.81115370e-03
8.46291221e-01 1.50587785e-01 7.10676997e-03 1.46043075e-01 -4.47684993e-03
8.47126763e-01 1.51709453e-01 6.81193194e-03 1.47102378e-01 -4.14160669e-03
8.47960216e-01 1.52819248e-01 6.50317481e-03 1.48151390e-01 -3.80737286e-03
8.48791578e-01 1.53916210e-01 6.18127277e-03 1.49189339e-01 -3.47609601e-03
8.49620847e-01 1.54999490e-01 5.84704700e-03 1.50215553e-01 -3.14971073e-03
8.50448020e-01 1.56068359e-01 5.50136404e-03 1.51229457e-01 -2.83012691e-03
8.51273096e-01 1.57122209e-01 5.14513401e-03 1.52230582e-01 -2.51921835e-03
8.52096073e-01 1.58160553e-01 4.77930877e-03 1.53218561e-01 -2.21881148e-03
8.52916948e-01 1.59183028e-01 4.40487987e-03 1.54193132e-01 -1.93067444e-03
8.53735720e-01 1.60189393e-01 4.02287645e-03 1.55154140e-01 -1.65650656e-03
8.54552386e-01 1.61179531e-01 3.63436288e-03 1.56101534e-01 -1.39792823e-03
8.55366945e-01 1.62153444e-01 3.24043636e-03 1.57035365e-01 -1.15647129e-03
8.56179395e-01 1.63111252e-01 2.84222426e-03 1.57955788e-01 -9.33570002e-04
8.56989732e-01 1.64053189e-01 2.44088138e-03 1.58863057e-01 -7.30552645e-04
8.57797957e-01 1.64979601e-01 2.03758696e-03 1.59757519e-01 -5.48633731e-04
8.58604066e-01 1.65890940e-01 1.63354156e-03 1.60639615e-01 -3.88906988e-04
8.59408057e-01 1.66787758e-01 1.22996377e-03 1.61509873e-01 -2.52339084e-04
8.60209930e-01 1.67670703e-01 8.28086673e-04 1.62368905e-01 -1.39764146e-04
8.61009680e-01 1.68540510e-01 4.29154225e-04 1.63217396e-01 -5.18791153e-05
8.61807307e-01 1.69398000e-01 3.44173620e-05 1.64056107e-01 1.07600518e-05
8.62602809e-01 1.70244067e-01 -3.54870015e-04 1.64885863e-01 4.77412960e-05
8.63396184e-01 1.71079672e-01 -7.37455242e-04 1.65707548e-01 5.87984809e-05
8.64187429e-01 1.71905840e-01 -1.11209126e-03 1.66522097e-01 4.38125155e-05
8.64976543e-01 1.72723645e-01 -1.47754115e-03 1.67330495e-01 2.81157212e-06
8.65763524e-01 1.73534209e-01 -1.83258278e-03 1.68133762e-01 -6.40295984e-05
8.66548370e-01 1.74338690e-01 -2.17601360e-03 1.68932954e-01 -1.56391245e-04
8.67331079e-01 1.75138276e-01 -2.50665558e-03 1.69729151e-01 -2.73811074e-04
8.68111648e-01 1.75934177e-01 -2.82336017e-03 1.70523452e-01 -4.15687565e-04
8.68890077e-01 1.76727618e-01 -3.12501345e-03 1.71316968e-01 -5.81284123e-04
8.69666363e-01 1.77519830e-01 -3.41054118e-03 1.72110819e-01 -7.69734025e-04
8.70440504e-01 1.78312046e-01 -3.67891400e-03 1.72906121e-01 -9.80046139e-04
8.71212499e-01 1.79105491e-01 -3.92915261e-03 1.73703989e-01 -1.21111136e-03
8.71982345e-01 1.79901377e-01 -4.16033284e-03 1.74505523e-01 -1.46170972e-03
8.72750041e-01 1.80700898e-01 -4.37159074e-03 1.75311807e-01 -1.73051812e-03
8.73515584e-01 1.81505225e-01 -4.56212758e-03 1.76123907e-01 -2.01611867e-03
8.74278973e-01 1.82315498e-01 -4.73121464e-03 1.76942858e-01 -2.31700746e-03
8.75040206e-01 1.83132823e-01 -4.87819794e-03 1.77769671e-01 -2.63160385e-03
8.75799281e-01 1.83958270e-01 -5.00250268e-03 1.78605320e-01 -2.95826014e-03
8.76556196e-01 1.84792866e-01 -5.10363751e-03 1.79450745e-01 -3.29527148e-03
8.77310949e-01 1.85637594e-01 -5.18119850e-03 1.80306845e-01 -3.64088616e-03
8.78063539e-01 1.86493391e-01 -5.23487282e-03 1.81174481e-01 -3.99331597e-03
8.78813963e-01 1.87361144e-01 -5.26444203e-03 1.82054468e-01 -4.35074667e-03
8.79562220e-01 1.88241690e-01 -5.26978507e-03 1.82947580e-01 -4.71134862e-03
8.80308308e-01 1.89135816e-01 -5.25088076e-03 1.83854543e-01 -5.07328719e-03
8.81052225e-01 1.90044257e-01 -5.20780988e-03 1.84776041e-01 -5.43473326e-03
8.81793969e-01 1.90967694e-01 -5.14075683e-03 1.85712710e-01 -5.79387337e-03
8.82533538e-01 1.91906759e-01 -5.05001069e-03 1.86665140e-01 -6.14891981e-03
8.83270931e-01 1.92862034e-01 -4.93596582e-03 1.87633880e-01 -6.49812027e-03
8.84006145e-01 1.93834050e-01 -4.79912191e-03 1.88619432e-01 -6.83976717e-03
8.84739180e-01 1.94823291e-01 -4.64008341e-03 1.89622256e-01 -7.17220664e-03
8.85470032e-01 1.95830194e-01 -4.45955840e-03 1.90642773e-01 -7.49384695e-03
8.86198701e-01 1.96855155e-01 -4.25835692e-03 1.91681360e-01 -7.80316640e-03
8.86925184e-01 1.97898525e-01 -4.03738860e-03 1.92738361e-01 -8.09872078e-03
8.87649480e-01 1.98960616e-01 -3.79765974e-03 1.93814081e-01 -8.37915004e-03
8.88371587e-01 2.00041706e-01 -3.54026977e-03 1.94908791e-01 -8.64318448e-03
8.89091503e-01 2.01142036e-01 -3.26640713e-03 1.96022730e-01 -8.88965016e-03
8.89809227e-01 2.02261816e-01 -2.97734455e-03 1.97156109e-01 -9.11747366e-03
8.90524756e-01 2.03401227e-01 -2.67443373e-03 1.98309107e-01 -9.32568615e-03
8.91238089e-01 2.04560425e-01 -2.35909953e-03 1.99481881e-01 -9.51342667e-03
8.91949223e-01 2.05739539e-01 -2.03283358e-03 2.00674560e-01 -9.67994472e-03
8.92658159e-01 2.06938680e-01 -1.69718740e-03 2.01887253e-01 -9.82460210e-03
8.93364892e-01 2.08157937e-01 -1.35376515e-03 2.03120046e-01 -9.94687402e-03
8.94069423e-01 2.09397383e-01 -1.00421578e-03 2.04373008e-01 -1.00463495e-02
8.94771748e-01 2.10657073e-01 -6.50225020e-04 2.05646186e-01 -1.01227310e-02
8.95471867e-01 2.11937053e-01 -2.93506849e-04 2.06939612e-01 -1.01758334e-02
8.96169778e-01 2.13237351e-01 6.42051825e-05 2.08253303e-01 -1.02055824e-02
8.96865478e-01 2.14557987e-01 4.21166918e-04 2.09587257e-01 -1.02120122e-02
8.97558967e-01 2.15898968e-01 7.75632703e-04 2.10941460e-01 -1.01952625e-02
8.98250242e-01 2.17260292e-01 1.12586461e-03 2.12315881e-01 -1.01555749e-02
8.98939302e-01 2.18641948e-01 1.47014168e-03 2.13710475e-01 -1.00932893e-02
8.99626145e-01 2.20043913e-01 1.80676921e-03 2.15125183e-01 -1.00088388e-02
9.00310769e-01 2.21466156e-01 2.13408786e-03 2.16559929e-01 -9.90274537e-03
9.00993173e-01 2.22908634e-01 2.45048271e-03 2.18014623e-01 -9.77561420e-03
9.01673355e-01 2.24371293e-01 2.75439203e-03 2.19489158e-01 -9.62812806e-03
9.02351313e-01 2.25854068e-01 3.04431581e-03 2.20983410e-01 -9.46104140e-03
9.03027046e-01 2.27356879e-01 3.31882397e-03 2.22497238e-01 -9.27517418e-03
9.03700552e-01 2.28879633e-01 3.57656409e-03 2.24030481e-01 -9.07140548e-03
9.04371830e-01 2.30422221e-01 3.81626880e-03 2.25582962e-01 -8.85066700e-03
9.05040876e-01 2.31984517e-01 4.03676256e-03 2.27154479e-01 -8.61393648e-03
9.05707691e-01 2.33566378e-01 4.23696790e-03 2.28744813e-01 -8.36223110e-03
9.06372273e-01 2.35167637e-01 4.41591111e-03 2.30353720e-01 -8.09660086e-03
9.07034619e-01 2.36788111e-01 4.57272715e-03 2.31980936e-01 -7.81812204e-03
9.07694728e-01 2.38427591e-01 4.70666401e-03 2.33626172e-01 -7.52789080e-03
9.08352599e-01 2.40085845e-01 4.81708624e-03 2.35289115e-01 -7.22701686e-03
9.09008229e-01 2.41762618e-01 4.90347774e-03 2.36969430e-01 -6.91661744e-03
9.09661618e-01 2.43457627e-01 4.96544384e-03 2.38666755e-01 -6.59781134e-03
9.10312763e-01 2.45170565e-01 5.00271251e-03 2.40380707e-01 -6.27171334e-03
9.10961663e-01 2.46901097e-01 5.01513481e-03 2.42110879e-01 -5.93942885e-03
9.11608317e-01 2.48648861e-01 5.00268453e-03 2.43856840e-01 -5.60204889e-03
9.12252723e-01 2.50413470e-01 4.96545706e-03 2.45618138e-01 -5.26064533e-03
9.12894879e-01 2.52194510e-01 4.90366740e-03 2.47394302e-01 -4.91626658e-03
9.13534783e-01 2.53991543e-01 4.81764749e-03 2.49184841e-01 -4.56993353e-03
9.14172435e-01 2.55804106e-01 4.70784271e-03 2.50989247e-01 -4.22263594e-03
9.14807832e-01 2.57631716e-01 4.57480775e-03 2.52806998e-01 -3.87532912e-03
9.15440973e-01 2.59473866e-01 4.41920170e-03 2.54637560e-01 -3.52893108e-03
9.16071856e-01 2.61330035e-01 4.24178261e-03 2.56480391e-01 -3.18431998e-03
9.16700480e-01 2.63199686e-01 4.04340134e-03 2.58334942e-01 -2.84233195e-03
9.17326844e-01 2.65082268e-01 3.82499495e-03 2.60200661e-01 -2.50375933e-03
9.17950945e-01 2.66977224e-01 3.58757960e-03 2.62076999e-01 -2.16934916e-03
9.18572782e-01 2.68883990e-01 3.33224297e-03 2.63963411e-01 -1.83980211e-03
9.19192354e-01 2.70802003e-01 3.06013634e-03 2.65859363e-01 -1.51577169e-03
9.19809659e-01 2.72730702e-01 2.77246641e-03 2.67764331e-01 -1.19786367e-03
9.20424696e-01 2.74669535e-01 2.47048681e-03 2.69677813e-01 -8.86635987e-04
9.21037462e-01 2.76617961e-01 2.15548952e-03 2.71599328e-01 -5.82598684e-04
9.21647958e-01 2.78575459e-01 1.82879616e-03 2.73528422e-01 -2.86214257e-04
9.22256180e-01 2.80541529e-01 1.49174924e-03 2.75464671e-01 2.10186229e-06
9.22862128e-01 2.82515698e-01 1.14570349e-03 2.77407691e-01 2.81980612e-04
9.23465800e-01 2.84497526e-01 7.92017307e-04 2.79357135e-01 5.53098432e-04
9.24067195e-01 2.86486612e-01 4.32044317e-04 2.81312702e-01 8.15176255e-04
9.24666310e-01 2.88482594e-01 6.71252808e-05 2.83274141e-01 1.06797837e-03
9.25263146e-01 2.90485161e-01 -3.01419775e-04 2.85241254e-01 1.31131117e-03
9.25857699e-01 2.92494052e-01 -6.72299023e-04 2.87213898e-01 1.54502187e-03
9.26449969e-01 2.94509061e-01 -1.04425589e-03 2.89191992e-01 1.76899707e-03
9.27039955e-01 2.96530045e-01 -1.41607567e-03 2.91175516e-01 1.98316137e-03
9.27627654e-01 2.98556922e-01 -1.78659155e-03 2.93164518e-01 2.18747588e-03
9.28213065e-01 3.00589679e-01 -2.15469018e-03 2.95159112e-01 2.38193676e-03
9.28796187e-01 3.02628372e-01 -2.51931662e-03 2.97159484e-01 2.56657376e-03
9.29377019e-01 3.04673131e-01 -2.87947862e-03 2.99165889e-01 2.74144871e-03
9.29955559e-01 3.06724158e-01 -3.23425035e-03 3.01178656e-01 2.90665411e-03
9.30531805e-01 3.08781735e-01 -3.58277543e-03 3.03198184e-01 3.06231164e-03
9.31105757e-01 3.10846215e-01 -3.92426929e-03 3.05224947e-01 3.20857082e-03
9.31677412e-01 3.12918034e-01 -4.25802093e-03 3.07259487e-01 3.34560757e-03
9.32246769e-01 3.14997699e-01 -4.58339392e-03 3.09302420e-01 3.47362289e-03
9.32813828e-01 3.17085795e-01 -4.89982687e-03 3.11354427e-01 3.59284150e-03
9.33378586e-01 3.19182983e-01 -5.20683312e-03 3.13416257e-01 3.70351054e-03
9.33941042e-01 3.21289991e-01 -5.50399996e-03 3.15488721e-01 3.80589830e-03
9.34501195e-01 3.23407619e-01 -5.79098716e-03 3.17572689e-01 3.90029288e-03
9.35059043e-01 3.25536731e-01 -6.06752495e-03 3.19669088e-01 3.98700098e-03
9.35614585e-01 3.27678253e-01 -6.33341156e-03 3.21778895e-01 4.06634655e-03
9.36167820e-01 3.29833166e-01 -6.58851018e-03 3.23903132e-01 4.13866954e-03
9.36718746e-01 3.32002503e-01 -6.83274550e-03 3.26042865e-01 4.20432453e-03
9.37267362e-01 3.34187341e-01 -7.06609991e-03 3.28199191e-01 4.26367943e-03
9.37813667e-01 3.36388798e-01 -7.28860933e-03 3.30373238e-01 4.31711404e-03
9.38357658e-01 3.38608021e-01 -7.50035872e-03 3.32566155e-01 4.36501867e-03
9.38899336e-01 3.40846185e-01 -7.70147736e-03 3.34779108e-01 4.40779258e-03
9.39438698e-01 3.43104479e-01 -7.89213403e-03 3.37013270e-01 4.44584250e-03
9.39975743e-01 3.45384104e-01 -8.07253193e-03 3.39269814e-01 4.47958095e-03
9.40510470e-01 3.47686261e-01 -8.24290363e-03 3.41549909e-01 4.50942462e-03
9.41042878e-01 3.50012144e-01 -8.40350592e-03 3.43854707e-01 4.53579256e-03
9.41572965e-01 3.52362931e-01 -8.55461482e-03 3.46185343e-01 4.55910440e-03
9.42100730e-01 3.54739776e-01 -8.69652052e-03 3.48542918e-01 4.57977844e-03
9.42626171e-01 3.57143800e-01 -8.82952253e-03 3.50928500e-01 4.59822971e-03
9.43149288e-01 3.59576084e-01 -8.95392505e-03 3.53343111e-01 4.61486794e-03
9.43670079e-01 3.62037656e-01 -9.07003248e-03 3.55787723e-01 4.63009554e-03
9.44188542e-01 3.64529490e-01 -9.17814526e-03 3.58263251e-01 4.64430546e-03
9.44704677e-01 3.67052492e-01 -9.27855595e-03 3.60770542e-01 4.65787909e-03
9.45218483e-01 3.69607497e-01 -9.37154567e-03 3.63310377e-01 4.67118411e-03
9.45729957e-01 3.72195258e-01 -9.45738093e-03 3.65883456e-01 4.68457237e-03
9.46239099e-01 3.74816443e-01 -9.53631076e-03 3.68490398e-01 4.69837778e-03
9.46745907e-01 3.77471627e-01 -9.60856431e-03 3.71131738e-01 4.71291423e-03
9.47250380e-01 3.80161287e-01 -9.67434881e-03 3.73807916e-01 4.72847359e-03
9.47752518e-01 3.82885801e-01 -9.73384798e-03 3.76519279e-01 4.74532378e-03
9.48252318e-01 3.85645438e-01 -9.78722087e-03 3.79266076e-01 4.76370697e-03
9.48749779e-01 3.88440361e-01 -9.83460106e-03 3.82048459e-01 4.78383788e-03
9.49244901e-01 3.91270621e-01 -9.87609633e-03 3.84866474e-01 4.80590228e-03
9.49737681e-01 3.94136161e-01 -9.91178876e-03 3.87720069e-01 4.83005560e-03
9.50228120e-01 3.97036810e-01 -9.94173510e-03 3.90609090e-01 4.85642183e-03
9.50716215e-01 3.99972290e-01 -9.96596765e-03 3.93533283e-01 4.88509258e-03
9.51201965e-01 4.02942216e-01 -9.98449539e-03 3.96492297e-01 4.91612640e-03
9.51685370e-01 4.05946098e-01 -9.99730548e-03 3.99485686e-01 4.94954841e-03
9.52166428e-01 4.08983349e-01 -1.00043650e-02 4.02512914e-01 4.98535018e-03
9.52645137e-01 4.12053289e-01 -1.00056231e-02 4.05573360e-01 5.02348994e-03
9.53121497e-01 4.15155151e-01 -1.00010130e-02 4.08666324e-01 5.06389307e-03
9.53595507e-01 4.18288093e-01 -9.99045463e-03 4.11791036e-01 5.10645301e-03
9.54067164e-01 4.21451203e-01 -9.97385728e-03 4.14946661e-01 5.15103242e-03
9.54536469e-01 4.24643514e-01 -9.95112207e-03 4.18132313e-01 5.19746479e-03
9.55003420e-01 4.27864011e-01 -9.92214488e-03 4.21347060e-01 5.24555628e-03
9.55468016e-01 4.31111649e-01 -9.88681906e-03 4.24589939e-01 5.29508809e-03
9.55930255e-01 4.34385362e-01 -9.84503826e-03 4.27859966e-01 5.34581899e-03
9.56390137e-01 4.37684082e-01 -9.79669911e-03 4.31156152e-01 5.39748837e-03
9.56847660e-01 4.41006752e-01 -9.74170391e-03 4.34477512e-01 5.44981950e-03
9.57302823e-01 4.44352342e-01 -9.67996311e-03 4.37823085e-01 5.50252316e-03
9.57755626e-01 4.47719868e-01 -9.61139769e-03 4.41191946e-01 5.55530160e-03
9.58206066e-01 4.51108411e-01 -9.53594131e-03 4.44583222e-01 5.60785271e-03
9.58654144e-01 4.54517131e-01 -9.45354226e-03 4.47996109e-01 5.65987448e-03
9.59099857e-01 4.57945288e-01 -9.36416519e-03 4.51429890e-01 5.71106971e-03
9.59543205e-01 4.61392263e-01 -9.26779252e-03 4.54883950e-01 5.76115080e-03
9.59984187e-01 4.64857572e-01 -9.16442563e-03 4.58357793e-01 5.80984481e-03
9.60422801e-01 4.68340889e-01 -9.05408571e-03 4.61851063e-01 5.85689857e-03
9.60859046e-01 4.71842063e-01 -8.93681430e-03 4.65363556e-01 5.90208381e-03
9.61292922e-01 4.75361137e-01 -8.81267358e-03 4.68895243e-01 5.94520241e-03
9.61724427e-01 4.78898365e-01 -8.68174624e-03 4.72446280e-01 5.98609155e-03
9.62153561e-01 4.82454228e-01 -8.54413519e-03 4.76017031e-01 6.02462877e-03
9.62580321e-01 4.86029454e-01 -8.39996282e-03 4.79608078e-01 6.06073695e-03
9.63004708e-01 4.89625030e-01 -8.24937005e-03 4.83220240e-01 6.09438910e-03
9.63426720e-01 4.93242217e-01 -8.09251514e-03 4.86854584e-01 6.12561293e-03
9.63846355e-01 4.96882563e-01 -7.92957218e-03 4.90512439e-01 6.15449510e-03
9.64263614e-01 5.00547914e-01 -7.76072936e-03 4.94195410e-01 6.18118521e-03
9.64678495e-01 5.04240427e-01 -7.58618714e-03 4.97905385e-01 6.20589939e-03
9.65090997e-01 5.07962573e-01 -7.40615609e-03 5.01644545e-01 6.22892348e-03
9.65501118e-01 5.11717146e-01 -7.22085477e-03 5.05415373e-01 6.25061581e-03
9.65908859e-01 5.15507271e-01 -7.03050738e-03 5.09220658e-01 6.27140941e-03
9.66314217e-01 5.19336401e-01 -6.83534144e-03 5.13063502e-01 6.29181382e-03
9.66717192e-01 5.23208319e-01 -6.63558538e-03 5.16947317e-01 6.31241626e-03
9.67117784e-01 5.27127142e-01 -6.43146621e-03 5.20875833e-01 6.33388230e-03
9.67515990e-01 5.31097310e-01 -6.22320722e-03 5.24853090e-01 6.35695594e-03
9.67911810e-01 5.35123586e-01 -6.01102580e-03 5.28883439e-01 6.38245912e-03
9.68305243e-01 5.39211046e-01 -5.79513134e-03 5.32971538e-01 6.41129063e-03
9.68696288e-01 5.43365073e-01 -5.57572341e-03 5.37122339e-01 6.44442445e-03
9.69084944e-01 5.47591341e-01 -5.35299007e-03 5.41341089e-01 6.48290750e-03
9.69471210e-01 5.51895809e-01 -5.12710642e-03 5.45633312e-01 6.52785690e-03
9.69855086e-01 5.56284700e-01 -4.89823352e-03 5.50004804e-01 6.58045656e-03
9.70236569e-01 5.60764491e-01 -4.66651744e-03 5.54461616e-01 6.64195345e-03
9.70615660e-01 5.65341896e-01 -4.43208884e-03 5.59010043e-01 6.71365325e-03
9.70992357e-01 5.70023845e-01 -4.19506269e-03 5.63656608e-01 6.79691565e-03
9.71366659e-01 5.74817471e-01 -3.95553845e-03 5.68408051e-01 6.89314923e-03
9.71738566e-01 5.79730091e-01 -3.71360058e-03 5.73271309e-01 7.00380607e-03
9.72108076e-01 5.84769186e-01 -3.46931942e-03 5.78253506e-01 7.13037596e-03
9.72475189e-01 5.89942389e-01 -3.22275237e-03 5.83361932e-01 7.27438054e-03
9.72839904e-01 5.95257465e-01 -2.97394546e-03 5.88604039e-01 7.43736717e-03
9.73202220e-01 6.00722297e-01 -2.72293521e-03 5.93987419e-01 7.62090273e-03
9.73562135e-01 6.06344876e-01 -2.46975083e-03 5.99519802e-01 7.82656741e-03
9.73919650e-01 6.12133288e-01 -2.21441664e-03 6.05209040e-01 8.05594850e-03
9.74274762e-01 6.18095709e-01 -1.95695480e-03 6.11063109e-01 8.31063431e-03
9.74627472e-01 6.24240401e-01 -1.69738814e-03 6.17090100e-01 8.59220818e-03
9.74977778e-01 6.30575710e-01 -1.43574327e-03 6.23298226e-01 8.90224280e-03
9.75325680e-01 6.37110073e-01 -1.17205372e-03 6.29695823e-01 9.24229472e-03
9.75671177e-01 6.43852026e-01 -9.06363145e-04 6.36291364e-01 9.61389924e-03
9.76014267e-01 6.50810218e-01 -6.38728605e-04 6.43093471e-01 1.00185657e-02
9.76354950e-01 6.57993437e-01 -3.69223719e-04 6.50110939e-01 1.04577730e-02
9.76693226e-01 6.65410631e-01 -9.79417672e-05 6.57352764e-01 1.09329661e-02
9.77029093e-01 6.73070945e-01 1.75001383e-04 6.64828174e-01 1.14455523e-02
9.77362550e-01 6.80983765e-01 4.49464574e-04 6.72546673e-01 1.19968984e-02
9.77693597e-01 6.89158764e-01 7.25278916e-04 6.80518091e-01 1.25883289e-02
9.78022233e-01 6.97605961e-01 1.00224569e-03 6.88752640e-01 1.32211236e-02
9.78348456e-01 7.06335789e-01 1.28013463e-03 6.97260976e-01 1.38965167e-02
9.78672267e-01 7.15359167e-01 1.55868262e-03 7.06054281e-01 1.46156965e-02
9.78993665e-01 7.24687589e-01 1.83759290e-03 7.15144339e-01 1.53798045e-02
9.79312648e-01 7.34333210e-01 2.11653476e-03 7.24543630e-01 1.61899365e-02
9.79629216e-01 7.44308957e-01 2.39514379e-03 7.34265435e-01 1.70471431e-02
9.79943368e-01 7.54628636e-01 2.67302273e-03 7.44323944e-01 1.79524311e-02
9.80255103e-01 7.65307056e-01 2.94974291e-03 7.54734373e-01 1.89067652e-02
9.80564421e-01 7.76360158e-01 3.22484630e-03 7.65513101e-01 1.99110700e-02
9.80871321e-01 7.87805157e-01 3.49784816e-03 7.76677802e-01 2.09662321e-02
9.81175801e-01 7.99660691e-01 3.76824039e-03 7.88247598e-01 2.20731027e-02
9.81477862e-01 8.11946978e-01 4.03549538e-03 8.00243208e-01 2.32325005e-02
9.81777503e-01 8.24685982e-01 4.29907054e-03 8.12687119e-01 2.44452137e-02
9.82074722e-01 8.37901585e-01 4.55841333e-03 8.25603754e-01 2.57120030e-02
9.82369519e-01 8.51619770e-01 4.81296687e-03 8.39019653e-01 2.70336038e-02
9.82661894e-01 8.65868807e-01 5.06217599e-03 8.52963656e-01 2.84107288e-02
9.82951845e-01 8.80679441e-01 5.30549373e-03 8.67467095e-01 2.98440694e-02
9.83239372e-01 8.96085095e-01 5.54238817e-03 8.82563988e-01 3.13342974e-02
9.83524474e-01 9.12122068e-01 5.77234965e-03 8.98291241e-01 3.28820661e-02
9.83807150e-01 9.28829735e-01 5.99489807e-03 9.14688847e-01 3.44880105e-02
9.84087401e-01 9.46250754e-01 6.20959051e-03 9.31800089e-01 3.61527471e-02
9.84365224e-01 9.64431272e-01 6.41602873e-03 9.49671746e-01 3.78768729e-02
9.84640620e-01 9.83421123e-01 6.61386677e-03 9.68354293e-01 3.96609634e-02
9.84913588e-01 1.00327404e+00 6.80281835e-03 9.87902100e-01 4.15055699e-02
9.85184126e-01 1.02404783e+00 6.98266406e-03 1.00837363e+00 4.34112158e-02
9.85452235e-01 1.04580458e+00 7.15325824e-03 1.02983163e+00 4.53783917e-02
9.85717914e-01 1.06861087e+00 7.31453542e-03 1.05234331e+00 4.74075497e-02
9.85981162e-01 1.09253787e+00 7.46651627e-03 1.07598052e+00 4.94990966e-02
9.86241978e-01 1.11766159e+00 7.60931285e-03 1.10081991e+00 5.16533856e-02
9.86500362e-01 1.14406297e+00 7.74313328e-03 1.12694310e+00 5.38707072e-02
9.86756313e-01 1.17182806e+00 7.86828546e-03 1.15443678e+00 5.61512793e-02
9.87009830e-01 1.20104812e+00 7.98518005e-03 1.18339288e+00 5.84952351e-02
9.87260914e-01 1.23181973e+00 8.09433240e-03 1.21390863e+00 6.09026114e-02
9.87509562e-01 1.26424487e+00 8.19636343e-03 1.24608667e+00 6.33733345e-02
9.87755776e-01 1.29843099e+00 8.29199954e-03 1.28003510e+00 6.59072058e-02
9.87999553e-01 1.33449108e+00 8.38207122e-03 1.31586755e+00 6.85038869e-02
9.88240894e-01 1.37254361e+00 8.46751061e-03 1.35370315e+00 7.11628826e-02
9.88479797e-01 1.41271262e+00 8.54934776e-03 1.39366654e+00 7.38835244e-02
9.88716263e-01 1.45512758e+00 8.62870571e-03 1.43588786e+00 7.66649528e-02
9.88950290e-01 1.49992341e+00 8.70679430e-03 1.48050263e+00 7.95060992e-02
9.89181879e-01 1.54724033e+00 8.78490277e-03 1.52765168e+00 8.24056676e-02
9.89411028e-01 1.59722375e+00 8.86439117e-03 1.57748103e+00 8.53621154e-02
9.89637737e-01 1.65002408e+00 8.94668055e-03 1.63014166e+00 8.83736357e-02
9.89862005e-01 1.70579657e+00 9.03324208e-03 1.68578939e+00 9.14381378e-02
9.90083833e-01 1.76470102e+00 9.12558510e-03 1.74458459e+00 9.45532293e-02
9.90303218e-01 1.82690155e+00 9.22524413e-03 1.80669191e+00 9.77161988e-02
9.90520161e-01 1.89256626e+00 9.33376510e-03 1.87227997e+00 1.00923998e-01
9.90734662e-01 1.96186691e+00 9.45269063e-03 1.94152099e+00 1.04173227e-01
9.90946719e-01 2.03497846e+00 9.58354482e-03 2.01459042e+00 1.07460116e-01
9.91156332e-01 2.11207872e+00 9.72781730e-03 2.09166650e+00 1.10780518e-01
9.91363501e-01 2.19334783e+00 9.88694698e-03 2.17292975e+00 1.14129889e-01
9.91568226e-01 2.27896773e+00 1.00623055e-02 2.25856252e+00 1.17503283e-01
9.91770504e-01 2.36912166e+00 1.02551805e-02 2.34874836e+00 1.20895343e-01
9.91970337e-01 2.46399354e+00 1.04667589e-02 2.44367148e+00 1.24300291e-01
9.92167724e-01 2.56376732e+00 1.06981109e-02 2.54351608e+00 1.27711930e-01
9.92362663e-01 2.66862633e+00 1.09501731e-02 2.64846571e+00 1.31123639e-01
9.92555155e-01 2.77875259e+00 1.12237337e-02 2.75870252e+00 1.34528374e-01
9.92745200e-01 2.89432603e+00 1.15194172e-02 2.87440657e+00 1.37918675e-01
9.92932796e-01 3.01552375e+00 1.18376707e-02 2.99575498e+00 1.41286672e-01
9.93117944e-01 3.14251917e+00 1.21787509e-02 3.12292119e+00 1.44624097e-01
9.93300642e-01 3.27548122e+00 1.25427124e-02 3.25607406e+00 1.47922297e-01
9.93480891e-01 3.41457350e+00 1.29293972e-02 3.39537705e+00 1.51172251e-01
9.93658689e-01 3.55995331e+00 1.33384263e-02 3.54098729e+00 1.54364593e-01
9.93834037e-01 3.71177081e+00 1.37691920e-02 3.69305467e+00 1.57489636e-01
9.94006934e-01 3.87016805e+00 1.42208532e-02 3.85172093e+00 1.60537401e-01
9.94177380e-01 4.03527803e+00 1.46923310e-02 4.01711868e+00 1.63497645e-01
9.94345374e-01 4.20722375e+00 1.51823081e-02 4.18937046e+00 1.66359905e-01
9.94510915e-01 4.38611722e+00 1.56892288e-02 4.36858775e+00 1.69113527e-01
9.94674004e-01 4.57205850e+00 1.62113020e-02 4.55487002e+00 1.71747717e-01
9.94834640e-01 4.76513471e+00 1.67465061e-02 4.74830373e+00 1.74251584e-01
9.94992823e-01 4.96541910e+00 1.72925960e-02 4.94896139e+00 1.76614188e-01
9.95148552e-01 5.17297004e+00 1.78471128e-02 5.15690058e+00 1.78824595e-01
9.95301826e-01 5.38783010e+00 1.84073949e-02 5.37216301e+00 1.80871929e-01
9.95452646e-01 5.61002513e+00 1.89705924e-02 5.59477361e+00 1.82745435e-01
9.95601011e-01 5.83956335e+00 1.95336827e-02 5.82473961e+00 1.84434532e-01
9.95746921e-01 6.07643447e+00 2.00934884e-02 6.06204967e+00 1.85928884e-01
9.95890375e-01 6.32060884e+00 2.06466977e-02 6.30667308e+00 1.87218456e-01
9.96031373e-01 6.57203671e+00 2.11898856e-02 6.55855891e+00 1.88293584e-01
9.96169914e-01 6.83064740e+00 2.17195377e-02 6.81763531e+00 1.89145039e-01
9.96305999e-01 7.09634864e+00 2.22320755e-02 7.08380879e+00 1.89764098e-01
9.96439627e-01 7.36902592e+00 2.27238822e-02 7.35696359e+00 1.90142605e-01
9.96570797e-01 7.64854193e+00 2.31913306e-02 7.63696110e+00 1.90273042e-01
9.96699510e-01 7.93473598e+00 2.36308117e-02 7.92363934e+00 1.90148595e-01
9.96825765e-01 8.22742363e+00 2.40387637e-02 8.21681254e+00 1.89763214e-01
9.96949561e-01 8.52639627e+00 2.44117019e-02 8.51627077e+00 1.89111682e-01
9.97070899e-01 8.83142085e+00 2.47462484e-02 8.82177966e+00 1.88189673e-01
9.97189778e-01 9.14223972e+00 2.50391625e-02 9.13308022e+00 1.86993806e-01
9.97306197e-01 9.45857046e+00 2.52873697e-02 9.44988875e+00 1.85521708e-01
9.97420157e-01 9.78010590e+00 2.54879914e-02 9.77189678e+00 1.83772054e-01
9.97531657e-01 1.01065142e+01 2.56383728e-02 1.00987712e+01 1.81744622e-01
9.97640697e-01 1.04374391e+01 2.57361102e-02 1.04301546e+01 1.79440331e-01
9.97747277e-01 1.07725000e+01 2.57790770e-02 1.07656652e+01 1.76861276e-01
9.97851396e-01 1.11112928e+01 2.57654474e-02 1.11048977e+01 1.74010761e-01
9.97953055e-01 1.14533897e+01 2.56937196e-02 1.14474233e+01 1.70893322e-01
9.98052252e-01 1.17983406e+01 2.55627351e-02 1.17927910e+01 1.67514744e-01
9.98148988e-01 1.21456734e+01 2.53716974e-02 1.21405275e+01 1.63882075e-01
9.98243262e-01 1.24948946e+01 2.51201872e-02 1.24901388e+01 1.60003627e-01
9.98335074e-01 1.28454910e+01 2.48081751e-02 1.28411106e+01 1.55888973e-01
9.98424424e-01 1.31969300e+01 2.44360314e-02 1.31929098e+01 1.51548936e-01
9.98511312e-01 1.35486611e+01 2.40045334e-02 1.35449854e+01 1.46995572e-01
9.98595738e-01 1.39001172e+01 2.35148685e-02 1.38967697e+01 1.42242140e-01
9.98677701e-01 1.42507159e+01 2.29686353e-02 1.42476799e+01 1.37303068e-01
9.98757201e-01 1.45998610e+01 2.23678404e-02 1.45971196e+01 1.32193913e-01
9.98834237e-01 1.49469441e+01 2.17148929e-02 1.49444799e+01 1.26931306e-01
9.98908811e-01 1.52913460e+01 2.10125944e-02 1.52891419e+01 1.21532896e-01
9.98980921e-01 1.56324388e+01 2.02641268e-02 1.56304775e+01 1.16017284e-01
9.99050567e-01 1.59695876e+01 1.94730362e-02 1.59678519e+01 1.10403948e-01
9.99117750e-01 1.63021522e+01 1.86432140e-02 1.63006251e+01 1.04713166e-01
9.99182468e-01 1.66294894e+01 1.77788747e-02 1.66281542e+01 9.89659258e-02
9.99244723e-01 1.69509547e+01 1.68845307e-02 1.69497951e+01 9.31838320e-02
9.99304513e-01 1.72659044e+01 1.59649652e-02 1.72649045e+01 8.73890089e-02
9.99361839e-01 1.75736979e+01 1.50252012e-02 1.75728425e+01 8.16039953e-02
9.99416700e-01 1.78736998e+01 1.40704695e-02 1.78729740e+01 7.58516357e-02
9.99469096e-01 1.81652818e+01 1.31061738e-02 1.81646716e+01 7.01549680e-02
9.99519028e-01 1.84478250e+01 1.21378545e-02 1.84473171e+01 6.45371074e-02
9.99566494e-01 1.87207222e+01 1.11711502e-02 1.87203040e+01 5.90211283e-02
9.99611495e-01 1.89833798e+01 1.02117594e-02 1.89830397e+01 5.36299436e-02
9.99654032e-01 1.92352203e+01 9.26539976e-03 1.92349473e+01 4.83861837e-02
9.99694102e-01 1.94756840e+01 8.33776754e-03 1.94754682e+01 4.33120754e-02
9.99731708e-01 1.97042313e+01 7.43449692e-03 1.97040635e+01 3.84293205e-02
9.99766848e-01 1.99203446e+01 6.56111908e-03 1.99202166e+01 3.37589771e-02
9.99799522e-01 2.01235304e+01 5.72302180e-03 2.01234348e+01 2.93213421e-02
9.99829731e-01 2.03133209e+01 4.92540988e-03 2.03132514e+01 2.51358375e-02
9.99857474e-01 2.04892761e+01 4.17326660e-03 2.04892271e+01 2.12209003e-02
9.99882751e-01 2.06509855e+01 3.47131672e-03 2.06509521e+01 1.75938773e-02
9.99905562e-01 2.07980693e+01 2.82399108e-03 2.07980475e+01 1.42709252e-02
9.99925908e-01 2.09301804e+01 2.23539333e-03 2.09301668e+01 1.12669172e-02
9.99943787e-01 2.10470052e+01 1.70926901e-03 2.10469974e+01 8.59535591e-03
9.99959200e-01 2.11482657e+01 1.24897716e-03 2.11482615e+01 6.26829455e-03
9.99972148e-01 2.12337196e+01 8.57464791e-04 2.12337176e+01 4.29626562e-03
9.99982629e-01 2.13031620e+01 5.37244315e-04 2.13031613e+01 2.68821799e-03
9.99990644e-01 2.13564263e+01 2.90373857e-04 2.13564260e+01 1.45146116e-03
9.99996193e-01 2.13933849e+01 1.18438688e-04 2.13933849e+01 5.91607686e-04
9.99999277e-01 2.14139571e+01 2.25089401e-05 2.14139571e+01 1.12389133e-04
