-9.99999277e-01 2.24120492e-02 -1.78368091e-06 -2.24120481e-02 4.17031745e-06
-9.99996193e-01 2.23889787e-02 -9.38543094e-06 -2.23889477e-02 2.19506025e-05
-9.99990644e-01 2.23475945e-02 -2.30099180e-05 -2.23474073e-02 5.38468142e-05
-9.99982629e-01 2.22880948e-02 -4.25719994e-05 -2.22874508e-02 9.97091040e-05
-9.99972148e-01 2.22107765e-02 -6.79453782e-05 -2.22091245e-02 1.59312738e-04
-9.99959200e-01 2.21160262e-02 -9.89657601e-05 -2.21124913e-02 2.32364894e-04
-9.99943787e-01 2.20043172e-02 -1.35432077e-04 -2.19976291e-02 3.18506765e-04
-9.99925908e-01 2.18762067e-02 -1.77107749e-04 -2.18646321e-02 4.17315586e-04
-9.99905562e-01 2.17323325e-02 -2.23722131e-04 -2.17136105e-02 5.28306930e-04
-9.99882751e-01 2.15734092e-02 -2.74972154e-04 -2.15446915e-02 6.50937311e-04
-9.99857474e-01 2.14002243e-02 -3.30524162e-04 -2.13580194e-02 7.84607094e-04
-9.99829731e-01 2.12136331e-02 -3.90015924e-04 -2.11537567e-02 9.28663694e-04
-9.99799522e-01 2.10145544e-02 -4.53058821e-04 -2.09320842e-02 1.08240505e-03
-9.99766848e-01 2.08039649e-02 -5.19240182e-04 -2.06932020e-02 1.24508333e-03
-9.99731708e-01 2.05828934e-02 -5.88125759e-04 -2.04373301e-02 1.41590891e-03
-9.99694102e-01 2.03524153e-02 -6.59262332e-04 -2.01647090e-02 1.59405450e-03
-9.99654032e-01 2.01136463e-02 -7.32180409e-04 -1.98756004e-02 1.77865948e-03
-9.99611495e-01 1.98677359e-02 -8.06397023e-04 -1.95702879e-02 1.96883440e-03
-9.99566494e-01 1.96158612e-02 -8.81418598e-04 -1.92490776e-02 2.16366558e-03
-9.99519028e-01 1.93592201e-02 -9.56743865e-04 -1.89122985e-02 2.36221981e-03
-9.99469096e-01 1.90990249e-02 -1.03186681e-03 -1.85603033e-02 2.56354915e-03
-9.99416700e-01 1.88364950e-02 -1.10627966e-03 -1.81934688e-02 2.76669573e-03
-9.99361839e-01 1.85728509e-02 -1.17947579e-03 -1.78121960e-02 2.97069658e-03
-9.99304513e-01 1.83093070e-02 -1.25095276e-03 -1.74169110e-02 3.17458846e-03
-9.99244723e-01 1.80470654e-02 -1.32021509e-03 -1.70080648e-02 3.37741264e-03
-9.99182468e-01 1.77873090e-02 -1.38677722e-03 -1.65861333e-02 3.57821960e-03
-9.99117750e-01 1.75311958e-02 -1.45016620e-03 -1.61516179e-02 3.77607362e-03
-9.99050567e-01 1.72798524e-02 -1.50992437e-03 -1.57050447e-02 3.97005727e-03
-9.98980921e-01 1.70343685e-02 -1.56561194e-03 -1.52469650e-02 4.15927577e-03
-9.98908811e-01 1.67957911e-02 -1.61680944e-03 -1.47779543e-02 4.34286112e-03
-9.98834237e-01 1.65651193e-02 -1.66311998e-03 -1.42986123e-02 4.51997612e-03
-9.98757201e-01 1.63432996e-02 -1.70417142e-03 -1.38095620e-02 4.68981804e-03
-9.98677701e-01 1.61312215e-02 -1.73961837e-03 -1.33114491e-02 4.85162225e-03
-9.98595738e-01 1.59297127e-02 -1.76914397e-03 -1.28049410e-02 5.00466539e-03
-9.98511312e-01 1.57395362e-02 -1.79246151e-03 -1.22907260e-02 5.14826844e-03
-9.98424424e-01 1.55613866e-02 -1.80931592e-03 -1.17695117e-02 5.28179939e-03
-9.98335074e-01 1.53958872e-02 -1.81948490e-03 -1.12420240e-02 5.40467572e-03
-9.98243262e-01 1.52435879e-02 -1.82278006e-03 -1.07090056e-02 5.51636647e-03
-9.98148988e-01 1.51049630e-02 -1.81904765e-03 -1.01712143e-02 5.61639407e-03
-9.98052252e-01 1.49804102e-02 -1.80816920e-03 -9.62942145e-03 5.70433585e-03
-9.97953055e-01 1.48702492e-02 -1.79006190e-03 -9.08440982e-03 5.77982518e-03
-9.97851396e-01 1.47747213e-02 -1.76467878e-03 -8.53697196e-03 5.84255234e-03
-9.97747277e-01 1.46939897e-02 -1.73200867e-03 -7.98790795e-03 5.89226504e-03
-9.97640697e-01 1.46281398e-02 -1.69207596e-03 -7.43802326e-03 5.92876861e-03
-9.97531657e-01 1.45771799e-02 -1.64494015e-03 -6.88812654e-03 5.95192592e-03
-9.97420157e-01 1.45410429e-02 -1.59069518e-03 -6.33902726e-03 5.96165693e-03
-9.97306197e-01 1.45195879e-02 -1.52946859e-03 -5.79153333e-03 5.95793798e-03
-9.97189778e-01 1.45126024e-02 -1.46142052e-03 -5.24644865e-03 5.94080078e-03
-9.97070899e-01 1.45198051e-02 -1.38674247e-03 -4.70457063e-03 5.91033111e-03
-9.96949561e-01 1.45408485e-02 -1.30565595e-03 -4.16668771e-03 5.86666727e-03
-9.96825765e-01 1.45753226e-02 -1.21841095e-03 -3.63357679e-03 5.80999825e-03
-9.96699510e-01 1.46227581e-02 -1.12528426e-03 -3.10600076e-03 5.74056173e-03
-9.96570797e-01 1.46826305e-02 -1.02657768e-03 -2.58470597e-03 5.65864175e-03
-9.96439627e-01 1.47543643e-02 -9.22616117e-04 -2.07041981e-03 5.56456630e-03
-9.96305999e-01 1.48373373e-02 -8.13745551e-04 -1.56384827e-03 5.45870466e-03
-9.96169914e-01 1.49308850e-02 -7.00330935e-04 -1.06567356e-03 5.34146459e-03
-9.96031373e-01 1.50343057e-02 -5.82754014e-04 -5.76551892e-04 5.21328940e-03
-9.95890375e-01 1.51468648e-02 -4.61411089e-04 -9.71112500e-05 5.07465485e-03
-9.95746921e-01 1.52678001e-02 -3.36710733e-04 3.72050678e-04 4.92606605e-03
-9.95601011e-01 1.53963266e-02 -2.09071482e-04 8.30368463e-04 4.76805419e-03
-9.95452646e-01 1.55316416e-02 -7.89195102e-05 1.27731078e-03 4.60117325e-03
-9.95301826e-01 1.56729297e-02 5.33136919e-05 1.71238208e-03 4.42599669e-03
-9.95148552e-01 1.58193674e-02 1.87193623e-04 2.13512418e-03 4.24311412e-03
-9.94992823e-01 1.59701285e-02 3.22285047e-04 2.54511759e-03 4.05312797e-03
-9.94834640e-01 1.61243884e-02 4.58154227e-04 2.94198275e-03 3.85665022e-03
-9.94674004e-01 1.62813287e-02 5.94371098e-04 3.32538110e-03 3.65429912e-03
-9.94510915e-01 1.64401420e-02 7.30511375e-04 3.69501586e-03 3.44669608e-03
-9.94345374e-01 1.66000359e-02 8.66158575e-04 4.05063274e-03 3.23446249e-03
-9.94177380e-01 1.67602372e-02 1.00090595e-03 4.39202040e-03 3.01821685e-03
-9.94006934e-01 1.69199953e-02 1.13435832e-03 4.71901069e-03 2.79857180e-03
-9.93834037e-01 1.70785864e-02 1.26613379e-03 5.03147878e-03 2.57613146e-03
-9.93658689e-01 1.72353161e-02 1.39586533e-03 5.32934295e-03 2.35148880e-03
-9.93480891e-01 1.73895230e-02 1.52320230e-03 5.61256433e-03 2.12522323e-03
-9.93300642e-01 1.75405809e-02 1.64781172e-03 5.88114635e-03 1.89789833e-03
-9.93117944e-01 1.76879015e-02 1.76937951e-03 6.13513402e-03 1.67005978e-03
-9.92932796e-01 1.78309363e-02 1.88761156e-03 6.37461303e-03 1.44223344e-03
-9.92745200e-01 1.79691783e-02 2.00223461e-03 6.59970866e-03 1.21492364e-03
-9.92555155e-01 1.81021638e-02 2.11299701e-03 6.81058451e-03 9.88611691e-04
-9.92362663e-01 1.82294729e-02 2.21966939e-03 7.00744109e-03 7.63754530e-04
-9.92167724e-01 1.83507306e-02 2.32204508e-03 7.19051420e-03 5.40783623e-04
-9.91970337e-01 1.84656072e-02 2.41994045e-03 7.36007323e-03 3.20104039e-04
-9.91770504e-01 1.85738187e-02 2.51319506e-03 7.51641925e-03 1.02093723e-04
-9.91568226e-01 1.86751259e-02 2.60167175e-03 7.65988301e-03 -1.12897028e-04
-9.91363501e-01 1.87693347e-02 2.68525648e-03 7.79082287e-03 -3.24545905e-04
-9.91156332e-01 1.88562948e-02 2.76385813e-03 7.90962253e-03 -5.32558735e-04
-9.90946719e-01 1.89358992e-02 2.83740813e-03 8.01668878e-03 -7.36669460e-04
-9.90734662e-01 1.90080824e-02 2.90585995e-03 8.11244908e-03 -9.36639932e-04
-9.90520161e-01 1.90728191e-02 2.96918855e-03 8.19734920e-03 -1.13225955e-03
-9.90303218e-01 1.91301226e-02 3.02738961e-03 8.27185066e-03 -1.32334476e-03
-9.90083833e-01 1.91800429e-02 3.08047880e-03 8.33642833e-03 -1.50973835e-03
-9.89862005e-01 1.92226643e-02 3.12849082e-03 8.39156783e-03 -1.69130872e-03
-9.89637737e-01 1.92581035e-02 3.17147846e-03 8.43776310e-03 -1.86794891e-03
-9.89411028e-01 1.92865068e-02 3.20951155e-03 8.47551385e-03 -2.03957562e-03
-9.89181879e-01 1.93080482e-02 3.24267585e-03 8.50532314e-03 -2.20612804e-03
-9.88950290e-01 1.93229262e-02 3.27107187e-03 8.52769495e-03 -2.36756669e-03
-9.88716263e-01 1.93313617e-02 3.29481370e-03 8.54313183e-03 -2.52387211e-03
-9.88479797e-01 1.93335950e-02 3.31402774e-03 8.55213260e-03 -2.67504353e-03
-9.88240894e-01 1.93298829e-02 3.32885145e-03 8.55519020e-03 -2.82109750e-03
-9.87999553e-01 1.93204965e-02 3.33943208e-03 8.55278952e-03 -2.96206644e-03
-9.87755776e-01 1.93057182e-02 3.34592537e-03 8.54540547e-03 -3.09799722e-03
-9.87509562e-01 1.92858391e-02 3.34849428e-03 8.53350106e-03 -3.22894972e-03
-9.87260914e-01 1.92611563e-02 3.34730775e-03 8.51752567e-03 -3.35499535e-03
-9.87009830e-01 1.92319706e-02 3.34253939e-03 8.49791341e-03 -3.47621564e-03
-9.86756313e-01 1.91985840e-02 3.33436635e-03 8.47508166e-03 -3.59270083e-03
-9.86500362e-01 1.91612972e-02 3.32296805e-03 8.44942973e-03 -3.70454847e-03
-9.86241978e-01 1.91204078e-02 3.30852511e-03 8.42133768e-03 -3.81186211e-03
-9.85981162e-01 1.90762080e-02 3.29121821e-03 8.39116529e-03 -3.91475001e-03
-9.85717914e-01 1.90289825e-02 3.27122709e-03 8.35925118e-03 -4.01332393e-03
-9.85452235e-01 1.89790074e-02 3.24872955e-03 8.32591215e-03 -4.10769793e-03
-9.85184126e-01 1.89265478e-02 3.22390055e-03 8.29144255e-03 -4.19798735e-03
-9.84913588e-01 1.88718571e-02 3.19691133e-03 8.25611397e-03 -4.28430775e-03
-9.84640620e-01 1.88151753e-02 3.16792870e-03 8.22017492e-03 -4.36677402e-03
-9.84365224e-01 1.87567283e-02 3.13711426e-03 8.18385084e-03 -4.44549951e-03
-9.84087401e-01 1.86967266e-02 3.10462384e-03 8.14734407e-03 -4.52059533e-03
-9.83807150e-01 1.86353651e-02 3.07060688e-03 8.11083415e-03 -4.59216964e-03
-9.83524474e-01 1.85728222e-02 3.03520602e-03 8.07447811e-03 -4.66032711e-03
-9.83239372e-01 1.85092595e-02 2.99855665e-03 8.03841097e-03 -4.72516840e-03
-9.82951845e-01 1.84448221e-02 2.96078660e-03 8.00274636e-03 -4.78678985e-03
-9.82661894e-01 1.83796379e-02 2.92201590e-03 7.96757724e-03 -4.84528308e-03
-9.82369519e-01 1.83138182e-02 2.88235658e-03 7.93297673e-03 -4.90073487e-03
-9.82074722e-01 1.82474579e-02 2.84191259e-03 7.89899903e-03 -4.95322695e-03
-9.81777503e-01 1.81806360e-02 2.80077973e-03 7.86568046e-03 -5.00283600e-03
-9.81477862e-01 1.81134162e-02 2.75904570e-03 7.83304056e-03 -5.04963363e-03
-9.81175801e-01 1.80458473e-02 2.71679015e-03 7.80108324e-03 -5.09368650e-03
-9.80871321e-01 1.79779644e-02 2.67408488e-03 7.76979801e-03 -5.13505650e-03
-9.80564421e-01 1.79097899e-02 2.63099395e-03 7.73916129e-03 -5.17380089e-03
-9.80255103e-01 1.78413338e-02 2.58757401e-03 7.70913764e-03 -5.20997266e-03
-9.79943368e-01 1.77725957e-02 2.54387452e-03 7.67968118e-03 -5.24362079e-03
-9.79629216e-01 1.77035650e-02 2.49993813e-03 7.65073687e-03 -5.27479063e-03
-9.79312648e-01 1.76342230e-02 2.45580100e-03 7.62224190e-03 -5.30352429e-03
-9.78993665e-01 1.75645433e-02 2.41149318e-03 7.59412702e-03 -5.32986108e-03
-9.78672267e-01 1.74944935e-02 2.36703907e-03 7.56631786e-03 -5.35383792e-03
-9.78348456e-01 1.74240363e-02 2.32245784e-03 7.53873624e-03 -5.37548983e-03
-9.78022233e-01 1.73531307e-02 2.27776384e-03 7.51130146e-03 -5.39485038e-03
-9.77693597e-01 1.72817333e-02 2.23296710e-03 7.48393145e-03 -5.41195220e-03
-9.77362550e-01 1.72097994e-02 2.18807377e-03 7.45654403e-03 -5.42682737e-03
-9.77029093e-01 1.71372842e-02 2.14308661e-03 7.42905795e-03 -5.43950796e-03
-9.76693226e-01 1.70641438e-02 2.09800540e-03 7.40139396e-03 -5.45002644e-03
-9.76354950e-01 1.69903365e-02 2.05282745e-03 7.37347581e-03 -5.45841608e-03
-9.76014267e-01 1.69158234e-02 2.00754802e-03 7.34523110e-03 -5.46471140e-03
-9.75671177e-01 1.68405697e-02 1.96216072e-03 7.31659212e-03 -5.46894852e-03
-9.75325680e-01 1.67645450e-02 1.91665795e-03 7.28749657e-03 -5.47116548e-03
-9.74977778e-01 1.66877248e-02 1.87103130e-03 7.25788822e-03 -5.47140257e-03
-9.74627472e-01 1.66100905e-02 1.82527186e-03 7.22771744e-03 -5.46970261e-03
-9.74274762e-01 1.65316300e-02 1.77937063e-03 7.19694169e-03 -5.46611113e-03
-9.73919650e-01 1.64523386e-02 1.73331878e-03 7.16552586e-03 -5.46067661e-03
-9.73562135e-01 1.63722190e-02 1.68710793e-03 7.13344255e-03 -5.45345058e-03
-9.73202220e-01 1.62912817e-02 1.64073045e-03 7.10067230e-03 -5.44448772e-03
-9.72839904e-01 1.62095450e-02 1.59417964e-03 7.06720365e-03 -5.43384595e-03
-9.72475189e-01 1.61270354e-02 1.54744994e-03 7.03303316e-03 -5.42158640e-03
-9.72108076e-01 1.60437872e-02 1.50053707e-03 6.99816536e-03 -5.40777339e-03
-9.71738566e-01 1.59598427e-02 1.45343818e-03 6.96261260e-03 -5.39247435e-03
-9.71366659e-01 1.58752518e-02 1.40615193e-03 6.92639480e-03 -5.37575969e-03
-9.70992357e-01 1.57900718e-02 1.35867854e-03 6.88953920e-03 -5.35770269e-03
-9.70615660e-01 1.57043670e-02 1.31101988e-03 6.85207998e-03 -5.33837926e-03
-9.70236569e-01 1.56182084e-02 1.26317941e-03 6.81405785e-03 -5.31786770e-03
-9.69855086e-01 1.55316729e-02 1.21516221e-03 6.77551956e-03 -5.29624851e-03
-9.69471210e-01 1.54448433e-02 1.16697490e-03 6.73651743e-03 -5.27360406e-03
-9.69084944e-01 1.53578070e-02 1.11862560e-03 6.69710874e-03 -5.25001825e-03
-9.68696288e-01 1.52706558e-02 1.07012381e-03 6.65735519e-03 -5.22557627e-03
-9.68305243e-01 1.51834851e-02 1.02148034e-03 6.61732222e-03 -5.20036415e-03
-9.67911810e-01 1.50963933e-02 9.72707145e-04 6.57707842e-03 -5.17446848e-03
-9.67515990e-01 1.50094809e-02 9.23817193e-04 6.53669486e-03 -5.14797601e-03
-9.67117784e-01 1.49228496e-02 8.74824324e-04 6.49624441e-03 -5.12097326e-03
-9.66717192e-01 1.48366021e-02 8.25743070e-04 6.45580110e-03 -5.09354619e-03
-9.66314217e-01 1.47508407e-02 7.76588487e-04 6.41543945e-03 -5.06577976e-03
-9.65908859e-01 1.46656671e-02 7.27375976e-04 6.37523381e-03 -5.03775764e-03
-9.65501118e-01 1.45811813e-02 6.78121102e-04 6.33525773e-03 -5.00956180e-03
-9.65090997e-01 1.44974809e-02 6.28839408e-04 6.29558339e-03 -4.98127218e-03
-9.64678495e-01 1.44146609e-02 5.79546234e-04 6.25628095e-03 -4.95296636e-03
-9.64263614e-01 1.43328125e-02 5.30256540e-04 6.21741804e-03 -4.92471928e-03
-9.63846355e-01 1.42520227e-02 4.80984731e-04 6.17905923e-03 -4.89660290e-03
-9.63426720e-01 1.41723739e-02 4.31744488e-04 6.14126556e-03 -4.86868599e-03
-9.63004708e-01 1.40939433e-02 3.82548618e-04 6.10409411e-03 -4.84103388e-03
-9.62580321e-01 1.40168022e-02 3.33408898e-04 6.06759757e-03 -4.81370822e-03
-9.62153561e-01 1.39410162e-02 2.84335946e-04 6.03182398e-03 -4.78676687e-03
-9.61724427e-01 1.38666443e-02 2.35339096e-04 5.99681633e-03 -4.76026369e-03
-9.61292922e-01 1.37937388e-02 1.86426291e-04 5.96261241e-03 -4.73424847e-03
-9.60859046e-01 1.37223452e-02 1.37603991e-04 5.92924459e-03 -4.70876685e-03
-9.60422801e-01 1.36525023e-02 8.88770958e-05 5.89673967e-03 -4.68386023e-03
-9.59984187e-01 1.35842413e-02 4.02488848e-05 5.86511878e-03 -4.65956583e-03
-9.59543205e-01 1.35175867e-02 -8.27902654e-06 5.83439741e-03 -4.63591664e-03
-9.59099857e-01 1.34525557e-02 -5.67067124e-05 5.80458534e-03 -4.61294151e-03
-9.58654144e-01 1.33891588e-02 -1.05035946e-04 5.77568676e-03 -4.59066523e-03
-9.58206066e-01 1.33273996e-02 -1.53270190e-04 5.74770037e-03 -4.56910863e-03
-9.57755626e-01 1.32672749e-02 -2.01414574e-04 5.72061951e-03 -4.54828872e-03
-9.57302823e-01 1.32087755e-02 -2.49475851e-04 5.69443237e-03 -4.52821888e-03
-9.56847660e-01 1.31518861e-02 -2.97462343e-04 5.66912222e-03 -4.50890902e-03
-9.56390137e-01 1.30965857e-02 -3.45383865e-04 5.64466769e-03 -4.49036581e-03
-9.55930255e-01 1.30428480e-02 -3.93251640e-04 5.62104304e-03 -4.47259292e-03
-9.55468016e-01 1.29906420e-02 -4.41078202e-04 5.59821852e-03 -4.45559125e-03
-9.55003420e-01 1.29399322e-02 -4.88877279e-04 5.57616069e-03 -4.43935921e-03
-9.54536469e-01 1.28906792e-02 -5.36663671e-04 5.55483281e-03 -4.42389297e-03
-9.54067164e-01 1.28428404e-02 -5.84453119e-04 5.53419523e-03 -4.40918680e-03
-9.53595507e-01 1.27963700e-02 -6.32262158e-04 5.51420580e-03 -4.39523330e-03
-9.53121497e-01 1.27512201e-02 -6.80107970e-04 5.49482024e-03 -4.38202374e-03
-9.52645137e-01 1.27073407e-02 -7.28008228e-04 5.47599258e-03 -4.36954831e-03
-9.52166428e-01 1.26646809e-02 -7.75980932e-04 5.45767560e-03 -4.35779647e-03
-9.51685370e-01 1.26231886e-02 -8.24044250e-04 5.43982119e-03 -4.34675720e-03
-9.51201965e-01 1.25828117e-02 -8.72216345e-04 5.42238077e-03 -4.33641926e-03
-9.50716215e-01 1.25434981e-02 -9.20515214e-04 5.40530572e-03 -4.32677154e-03
-9.50228120e-01 1.25051966e-02 -9.68958515e-04 5.38854771e-03 -4.31780321e-03
-9.49737681e-01 1.24678570e-02 -1.01756341e-03 5.37205911e-03 -4.30950407e-03
-9.49244901e-01 1.24314307e-02 -1.06634640e-03 5.35579327e-03 -4.30186470e-03
-9.48749779e-01 1.23958711e-02 -1.11532315e-03 5.33970493e-03 -4.29487671e-03
-9.48252318e-01 1.23611340e-02 -1.16450840e-03 5.32375045e-03 -4.28853290e-03
-9.47752518e-01 1.23271777e-02 -1.21391572e-03 5.30788812e-03 -4.28282747e-03
-9.47250380e-01 1.22939637e-02 -1.26355748e-03 5.29207838e-03 -4.27775610e-03
-9.46745907e-01 1.22614564e-02 -1.31344463e-03 5.27628408e-03 -4.27331615e-03
-9.46239099e-01 1.22296240e-02 -1.36358665e-03 5.26047062e-03 -4.26950670e-03
-9.45729957e-01 1.21984379e-02 -1.41399141e-03 5.24460615e-03 -4.26632864e-03
-9.45218483e-01 1.21678736e-02 -1.46466507e-03 5.22866164e-03 -4.26378472e-03
-9.44704677e-01 1.21379101e-02 -1.51561201e-03 5.21261107e-03 -4.26187958e-03
-9.44188542e-01 1.21085305e-02 -1.56683476e-03 5.19643140e-03 -4.26061976e-03
-9.43670079e-01 1.20797217e-02 -1.61833389e-03 5.18010267e-03 -4.26001361e-03
-9.43149288e-01 1.20514743e-02 -1.67010804e-03 5.16360799e-03 -4.26007135e-03
-9.42626171e-01 1.20237829e-02 -1.72215383e-03 5.14693349e-03 -4.26080491e-03
-9.42100730e-01 1.19966457e-02 -1.77446586e-03 5.13006834e-03 -4.26222787e-03
-9.41572965e-01 1.19700644e-02 -1.82703669e-03 5.11300461e-03 -4.26435537e-03
-9.41042878e-01 1.19440439e-02 -1.87985683e-03 5.09573723e-03 -4.26720393e-03
-9.40510470e-01 1.19185926e-02 -1.93291482e-03 5.07826382e-03 -4.27079137e-03
-9.39975743e-01 1.18937216e-02 -1.98619717e-03 5.06058459e-03 -4.27513657e-03
-9.39438698e-01 1.18694447e-02 -2.03968849e-03 5.04270220e-03 -4.28025938e-03
-9.38899336e-01 1.18457782e-02 -2.09337146e-03 5.02462154e-03 -4.28618036e-03
-9.38357658e-01 1.18227403e-02 -2.14722696e-03 5.00634959e-03 -4.29292063e-03
-9.37813667e-01 1.18003514e-02 -2.20123413e-03 4.98789521e-03 -4.30050164e-03
-9.37267362e-01 1.17786332e-02 -2.25537043e-03 4.96926895e-03 -4.30894497e-03
-9.36718746e-01 1.17576084e-02 -2.30961177e-03 4.95048283e-03 -4.31827214e-03
-9.36167820e-01 1.17373010e-02 -2.36393259e-03 4.93155013e-03 -4.32850434e-03
-9.35614585e-01 1.17177353e-02 -2.41830599e-03 4.91248520e-03 -4.33966230e-03
-9.35059043e-01 1.16989358e-02 -2.47270382e-03 4.89330322e-03 -4.35176599e-03
-9.34501195e-01 1.16809270e-02 -2.52709686e-03 4.87402002e-03 -4.36483448e-03
-9.33941042e-01 1.16637330e-02 -2.58145489e-03 4.85465184e-03 -4.37888573e-03
-9.33378586e-01 1.16473773e-02 -2.63574687e-03 4.83521518e-03 -4.39393636e-03
-9.32813828e-01 1.16318823e-02 -2.68994106e-03 4.81572656e-03 -4.41000152e-03
-9.32246769e-01 1.16172693e-02 -2.74400515e-03 4.79620241e-03 -4.42709471e-03
-9.31677412e-01 1.16035580e-02 -2.79790646e-03 4.77665882e-03 -4.44522760e-03
-9.31105757e-01 1.15907666e-02 -2.85161199e-03 4.75711146e-03 -4.46440992e-03
-9.30531805e-01 1.15789111e-02 -2.90508867e-03 4.73757539e-03 -4.48464929e-03
-9.29955559e-01 1.15680057e-02 -2.95830342e-03 4.71806497e-03 -4.50595118e-03
-9.29377019e-01 1.15580622e-02 -3.01122333e-03 4.69859372e-03 -4.52831876e-03
-9.28796187e-01 1.15490902e-02 -3.06381580e-03 4.67917424e-03 -4.55175282e-03
-9.28213065e-01 1.15410965e-02 -3.11604866e-03 4.65981812e-03 -4.57625178e-03
-9.27627654e-01 1.15340857e-02 -3.16789033e-03 4.64053590e-03 -4.60181155e-03
-9.27039955e-01 1.15280595e-02 -3.21930989e-03 4.62133700e-03 -4.62842562e-03
-9.26449969e-01 1.15230172e-02 -3.27027726e-03 4.60222967e-03 -4.65608497e-03
-9.25857699e-01 1.15189552e-02 -3.32076328e-03 4.58322101e-03 -4.68477813e-03
-9.25263146e-01 1.15158673e-02 -3.37073983e-03 4.56431696e-03 -4.71449118e-03
-9.24666310e-01 1.15137449e-02 -3.42017990e-03 4.54552228e-03 -4.74520787e-03
-9.24067195e-01 1.15125767e-02 -3.46905773e-03 4.52684060e-03 -4.77690958e-03
-9.23465800e-01 1.15123488e-02 -3.51734883e-03 4.50827446e-03 -4.80957550e-03
-9.22862128e-01 1.15130452e-02 -3.56503012e-03 4.48982531e-03 -4.84318267e-03
-9.22256180e-01 1.15146476e-02 -3.61207993e-03 4.47149363e-03 -4.87770611e-03
-9.21647958e-01 1.15171354e-02 -3.65847808e-03 4.45327894e-03 -4.91311893e-03
-9.21037462e-01 1.15204863e-02 -3.70420592e-03 4.43517989e-03 -4.94939247e-03
-9.20424696e-01 1.15246760e-02 -3.74924638e-03 4.41719435e-03 -4.98649646e-03
-9.19809659e-01 1.15296786e-02 -3.79358395e-03 4.39931945e-03 -5.02439912e-03
-9.19192354e-01 1.15354669e-02 -3.83720472e-03 4.38155170e-03 -5.06306737e-03
-9.18572782e-01 1.15420120e-02 -3.88009639e-03 4.36388707e-03 -5.10246696e-03
-9.17950945e-01 1.15492845e-02 -3.92224822e-03 4.34632105e-03 -5.14256265e-03
-9.17326844e-01 1.15572534e-02 -3.96365107e-03 4.32884876e-03 -5.18331838e-03
-9.16700480e-01 1.15658875e-02 -4.00429732e-03 4.31146502e-03 -5.22469742e-03
-9.16071856e-01 1.15751548e-02 -4.04418085e-03 4.29416444e-03 -5.26666256e-03
-9.15440973e-01 1.15850229e-02 -4.08329699e-03 4.27694148e-03 -5.30917625e-03
-9.14807832e-01 1.15954592e-02 -4.12164247e-03 4.25979054e-03 -5.35220080e-03
-9.14172435e-01 1.16064310e-02 -4.15921537e-03 4.24270598e-03 -5.39569851e-03
-9.13534783e-01 1.16179058e-02 -4.19601502e-03 4.22568226e-03 -5.43963181e-03
-9.12894879e-01 1.16298512e-02 -4.23204191e-03 4.20871389e-03 -5.48396346e-03
-9.12252723e-01 1.16422353e-02 -4.26729766e-03 4.19179558e-03 -5.52865660e-03
-9.11608317e-01 1.16550266e-02 -4.30178489e-03 4.17492217e-03 -5.57367496e-03
-9.10961663e-01 1.16681940e-02 -4.33550712e-03 4.15808873e-03 -5.61898295e-03
-9.10312763e-01 1.16817073e-02 -4.36846870e-03 4.14129057e-03 -5.66454573e-03
-9.09661618e-01 1.16955369e-02 -4.40067466e-03 4.12452322e-03 -5.71032935e-03
-9.09008229e-01 1.17096540e-02 -4.43213066e-03 4.10778247e-03 -5.75630084e-03
-9.08352599e-01 1.17240308e-02 -4.46284284e-03 4.09106432e-03 -5.80242823e-03
-9.07694728e-01 1.17386400e-02 -4.49281772e-03 4.07436501e-03 -5.84868065e-03
-9.07034619e-01 1.17534555e-02 -4.52206210e-03 4.05768101e-03 -5.89502838e-03
-9.06372273e-01 1.17684520e-02 -4.55058296e-03 4.04100893e-03 -5.94144287e-03
-9.05707691e-01 1.17836049e-02 -4.57838732e-03 4.02434557e-03 -5.98789676e-03
-9.05040876e-01 1.17988906e-02 -4.60548215e-03 4.00768781e-03 -6.03436389e-03
-9.04371830e-01 1.18142863e-02 -4.63187429e-03 3.99103263e-03 -6.08081933e-03
-9.03700552e-01 1.18297698e-02 -4.65757032e-03 3.97437705e-03 -6.12723932e-03
-9.03027046e-01 1.18453198e-02 -4.68257647e-03 3.95771804e-03 -6.17360128e-03
-9.02351313e-01 1.18609154e-02 -4.70689856e-03 3.94105256e-03 -6.21988377e-03
-9.01673355e-01 1.18765365e-02 -4.73054188e-03 3.92437741e-03 -6.26606644e-03
-9.00993173e-01 1.18921633e-02 -4.75351114e-03 3.90768928e-03 -6.31212999e-03
-9.00310769e-01 1.19077764e-02 -4.77581038e-03 3.89098464e-03 -6.35805612e-03
-8.99626145e-01 1.19233569e-02 -4.79744293e-03 3.87425972e-03 -6.40382743e-03
-8.98939302e-01 1.19388858e-02 -4.81841133e-03 3.85751046e-03 -6.44942740e-03
-8.98250242e-01 1.19543446e-02 -4.83871732e-03 3.84073249e-03 -6.49484028e-03
-8.97558967e-01 1.19697146e-02 -4.85836176e-03 3.82392108e-03 -6.54005100e-03
-8.96865478e-01 1.19849771e-02 -4.87734464e-03 3.80707111e-03 -6.58504515e-03
-8.96169778e-01 1.20001136e-02 -4.89566505e-03 3.79017709e-03 -6.62980884e-03
-8.95471867e-01 1.20151049e-02 -4.91332115e-03 3.77323309e-03 -6.67432861e-03
-8.94771748e-01 1.20299321e-02 -4.93031022e-03 3.75623276e-03 -6.71859141e-03
-8.94069423e-01 1.20445756e-02 -4.94662861e-03 3.73916936e-03 -6.76258447e-03
-8.93364892e-01 1.20590157e-02 -4.96227181e-03 3.72203569e-03 -6.80629522e-03
-8.92658159e-01 1.20732321e-02 -4.97723445e-03 3.70482419e-03 -6.84971122e-03
-8.91949223e-01 1.20872043e-02 -4.99151035e-03 3.68752693e-03 -6.89282012e-03
-8.91238089e-01 1.21009113e-02 -5.00509257e-03 3.67013561e-03 -6.93560954e-03
-8.90524756e-01 1.21143316e-02 -5.01797344e-03 3.65264165e-03 -6.97806705e-03
-8.89809227e-01 1.21274432e-02 -5.03014467e-03 3.63503622e-03 -7.02018008e-03
-8.89091503e-01 1.21402239e-02 -5.04159737e-03 3.61731028e-03 -7.06193590e-03
-8.88371587e-01 1.21526509e-02 -5.05232216e-03 3.59945466e-03 -7.10332155e-03
-8.87649480e-01 1.21647010e-02 -5.06230924e-03 3.58146013e-03 -7.14432385e-03
-8.86925184e-01 1.21763510e-02 -5.07154849e-03 3.56331742e-03 -7.18492931e-03
-8.86198701e-01 1.21875770e-02 -5.08002956e-03 3.54501740e-03 -7.22512415e-03
-8.85470032e-01 1.21983553e-02 -5.08774195e-03 3.52655105e-03 -7.26489428e-03
-8.84739180e-01 1.22086618e-02 -5.09467515e-03 3.50790963e-03 -7.30422531e-03
-8.84006145e-01 1.22184725e-02 -5.10081869e-03 3.48908472e-03 -7.34310252e-03
-8.83270931e-01 1.22277636e-02 -5.10616231e-03 3.47006833e-03 -7.38151090e-03
-8.82533538e-01 1.22365112e-02 -5.11069601e-03 3.45085298e-03 -7.41943515e-03
-8.81793969e-01 1.22446918e-02 -5.11441021e-03 3.43143179e-03 -7.45685972e-03
-8.81052225e-01 1.22522825e-02 -5.11729580e-03 3.41179857e-03 -7.49376885e-03
-8.80308308e-01 1.22592605e-02 -5.11934428e-03 3.39194791e-03 -7.53014656e-03
-8.79562220e-01 1.22656039e-02 -5.12054785e-03 3.37187526e-03 -7.56597678e-03
-8.78813963e-01 1.22712914e-02 -5.12089953e-03 3.35157699e-03 -7.60124331e-03
-8.78063539e-01 1.22763028e-02 -5.12039321e-03 3.33105048e-03 -7.63592994e-03
-8.77310949e-01 1.22806186e-02 -5.11902378e-03 3.31029418e-03 -7.67002047e-03
-8.76556196e-01 1.22842205e-02 -5.11678719e-03 3.28930769e-03 -7.70349879e-03
-8.75799281e-01 1.22870915e-02 -5.11368054e-03 3.26809175e-03 -7.73634894e-03
-8.75040206e-01 1.22892157e-02 -5.10970214e-03 3.24664836e-03 -7.76855518e-03
-8.74278973e-01 1.22905787e-02 -5.10485159e-03 3.22498075e-03 -7.80010204e-03
-8.73515584e-01 1.22911677e-02 -5.09912982e-03 3.20309345e-03 -7.83097441e-03
-8.72750041e-01 1.22909714e-02 -5.09253912e-03 3.18099227e-03 -7.86115760e-03
-8.71982345e-01 1.22899801e-02 -5.08508322e-03 3.15868431e-03 -7.89063740e-03
-8.71212499e-01 1.22881858e-02 -5.07676727e-03 3.13617796e-03 -7.91940016e-03
-8.70440504e-01 1.22855825e-02 -5.06759791e-03 3.11348290e-03 -7.94743281e-03
-8.69666363e-01 1.22821658e-02 -5.05758323e-03 3.09061003e-03 -7.97472300e-03
-8.68890077e-01 1.22779331e-02 -5.04673280e-03 3.06757144e-03 -8.00125906e-03
-8.68111648e-01 1.22728838e-02 -5.03505764e-03 3.04438038e-03 -8.02703014e-03
-8.67331079e-01 1.22670193e-02 -5.02257021e-03 3.02105121e-03 -8.05202617e-03
-8.66548370e-01 1.22603424e-02 -5.00928440e-03 2.99759926e-03 -8.07623800e-03
-8.65763524e-01 1.22528582e-02 -4.99521543e-03 2.97404084e-03 -8.09965735e-03
-8.64976543e-01 1.22445735e-02 -4.98037989e-03 2.95039308e-03 -8.12227690e-03
-8.64187429e-01 1.22354966e-02 -4.96479560e-03 2.92667388e-03 -8.14409027e-03
-8.63396184e-01 1.22256378e-02 -4.94848160e-03 2.90290178e-03 -8.16509210e-03
-8.62602809e-01 1.22150089e-02 -4.93145804e-03 2.87909585e-03 -8.18527799e-03
-8.61807307e-01 1.22036234e-02 -4.91374615e-03 2.85527560e-03 -8.20464457e-03
-8.61009680e-01 1.21914960e-02 -4.89536809e-03 2.83146081e-03 -8.22318948e-03
-8.60209930e-01 1.21786430e-02 -4.87634691e-03 2.80767146e-03 -8.24091136e-03
-8.59408057e-01 1.21650819e-02 -4.85670643e-03 2.78392757e-03 -8.25780983e-03
-8.58604066e-01 1.21508312e-02 -4.83647114e-03 2.76024909e-03 -8.27388552e-03
-8.57797957e-01 1.21359107e-02 -4.81566610e-03 2.73665576e-03 -8.28913998e-03
-8.56989732e-01 1.21203409e-02 -4.79431683e-03 2.71316697e-03 -8.30357574e-03
-8.56179395e-01 1.21041431e-02 -4.77244919e-03 2.68980168e-03 -8.31719619e-03
-8.55366945e-01 1.20873393e-02 -4.75008930e-03 2.66657825e-03 -8.33000561e-03
-8.54552386e-01 1.20699518e-02 -4.72726338e-03 2.64351433e-03 -8.34200911e-03
-8.53735720e-01 1.20520035e-02 -4.70399769e-03 2.62062680e-03 -8.35321258e-03
-8.52916948e-01 1.20335174e-02 -4.68031838e-03 2.59793158e-03 -8.36362265e-03
-8.52096073e-01 1.20145166e-02 -4.65625139e-03 2.57544359e-03 -8.37324668e-03
-8.51273096e-01 1.19950242e-02 -4.63182239e-03 2.55317664e-03 -8.38209262e-03
-8.50448020e-01 1.19750629e-02 -4.60705660e-03 2.53114335e-03 -8.39016908e-03
-8.49620847e-01 1.19546555e-02 -4.58197875e-03 2.50935508e-03 -8.39748517e-03
-8.48791578e-01 1.19338240e-02 -4.55661299e-03 2.48782186e-03 -8.40405053e-03
-8.47960216e-01 1.19125901e-02 -4.53098275e-03 2.46655235e-03 -8.40987521e-03
-8.47126763e-01 1.18909748e-02 -4.50511073e-03 2.44555378e-03 -8.41496969e-03
-8.46291221e-01 1.18689984e-02 -4.47901876e-03 2.42483194e-03 -8.41934479e-03
-8.45453591e-01 1.18466803e-02 -4.45272780e-03 2.40439117e-03 -8.42301160e-03
-8.44613877e-01 1.18240391e-02 -4.42625781e-03 2.38423432e-03 -8.42598150e-03
-8.43772079e-01 1.18010925e-02 -4.39962776e-03 2.36436280e-03 -8.42826606e-03
-8.42928201e-01 1.17778571e-02 -4.37285554e-03 2.34477657e-03 -8.42987702e-03
-8.42082244e-01 1.17543485e-02 -4.34595795e-03 2.32547417e-03 -8.43082627e-03
-8.41234210e-01 1.17305811e-02 -4.31895067e-03 2.30645279e-03 -8.43112577e-03
-8.40384102e-01 1.17065684e-02 -4.29184823e-03 2.28770830e-03 -8.43078758e-03
-8.39531921e-01 1.16823226e-02 -4.26466403e-03 2.26923531e-03 -8.42982377e-03
-8.38677669e-01 1.16578550e-02 -4.23741029e-03 2.25102727e-03 -8.42824645e-03
-8.37821349e-01 1.16331756e-02 -4.21009808e-03 2.23307653e-03 -8.42606769e-03
-8.36962964e-01 1.16082933e-02 -4.18273735e-03 2.21537444e-03 -8.42329959e-03
-8.36102514e-01 1.15832163e-02 -4.15533692e-03 2.19791144e-03 -8.41995415e-03
-8.35240002e-01 1.15579513e-02 -4.12790454e-03 2.18067720e-03 -8.41604339e-03
-8.34375430e-01 1.15325044e-02 -4.10044689e-03 2.16366068e-03 -8.41157922e-03
-8.33508800e-01 1.15068807e-02 -4.07296965e-03 2.14685030e-03 -8.40657353e-03
-8.32640115e-01 1.14810843e-02 -4.04547754e-03 2.13023402e-03 -8.40103812e-03
-8.31769377e-01 1.14551189e-02 -4.01797434e-03 2.11379948e-03 -8.39498476e-03
-8.30896587e-01 1.14289872e-02 -3.99046302e-03 2.09753414e-03 -8.38842514e-03
-8.30021748e-01 1.14026914e-02 -3.96294571e-03 2.08142539e-03 -8.38137091e-03
-8.29144862e-01 1.13762330e-02 -3.93542385e-03 2.06546066e-03 -8.37383367e-03
-8.28265931e-01 1.13496133e-02 -3.90789819e-03 2.04962757e-03 -8.36582498e-03
-8.27384958e-01 1.13228332e-02 -3.88036891e-03 2.03391406e-03 -8.35735635e-03
-8.26501944e-01 1.12958932e-02 -3.85283565e-03 2.01830847e-03 -8.34843930e-03
-8.25616892e-01 1.12687935e-02 -3.82529762e-03 2.00279968e-03 -8.33908530e-03
-8.24729804e-01 1.12415346e-02 -3.79775365e-03 1.98737720e-03 -8.32930581e-03
-8.23840681e-01 1.12141166e-02 -3.77020225e-03 1.97203130e-03 -8.31911230e-03
-8.22949527e-01 1.11865397e-02 -3.74264172e-03 1.95675305e-03 -8.30851622e-03
-8.22056344e-01 1.11588044e-02 -3.71507018e-03 1.94153446e-03 -8.29752903e-03
-8.21161133e-01 1.11309113e-02 -3.68748567e-03 1.92636853e-03 -8.28616217e-03
-8.20263897e-01 1.11028610e-02 -3.65988620e-03 1.91124930e-03 -8.27442710e-03
-8.19364639e-01 1.10746548e-02 -3.63226979e-03 1.89617195e-03 -8.26233524e-03
-8.18463359e-01 1.10462942e-02 -3.60463459e-03 1.88113280e-03 -8.24989803e-03
-8.17560061e-01 1.10177809e-02 -3.57697885e-03 1.86612937e-03 -8.23712686e-03
-8.16654747e-01 1.09891171e-02 -3.54930106e-03 1.85116038e-03 -8.22403308e-03
-8.15747419e-01 1.09603058e-02 -3.52159992e-03 1.83622580e-03 -8.21062798e-03
-8.14838079e-01 1.09313498e-02 -3.49387442e-03 1.82132683e-03 -8.19692278e-03
-8.13926729e-01 1.09022530e-02 -3.46612388e-03 1.80646588e-03 -8.18292860e-03
-8.13013373e-01 1.08730193e-02 -3.43834796e-03 1.79164655e-03 -8.16865642e-03
-8.12098011e-01 1.08436533e-02 -3.41054670e-03 1.77687362e-03 -8.15411706e-03
-8.11180646e-01 1.08141599e-02 -3.38272053e-03 1.76215301e-03 -8.13932117e-03
-8.10261281e-01 1.07845444e-02 -3.35487029e-03 1.74749169e-03 -8.12427916e-03
-8.09339918e-01 1.07548127e-02 -3.32699725e-03 1.73289765e-03 -8.10900117e-03
-8.08416559e-01 1.07249706e-02 -3.29910308e-03 1.71837982e-03 -8.09349706e-03
-8.07491206e-01 1.06950246e-02 -3.27118991e-03 1.70394800e-03 -8.07777634e-03
-8.06563861e-01 1.06649812e-02 -3.24326026e-03 1.68961278e-03 -8.06184811e-03
-8.05634528e-01 1.06348470e-02 -3.21531708e-03 1.67538541e-03 -8.04572109e-03
-8.04703207e-01 1.06046289e-02 -3.18736371e-03 1.66127774e-03 -8.02940349e-03
-8.03769903e-01 1.05743338e-02 -3.15940386e-03 1.64730213e-03 -8.01290303e-03
-8.02834616e-01 1.05439685e-02 -3.13144161e-03 1.63347129e-03 -7.99622686e-03
-8.01897349e-01 1.05135396e-02 -3.10348138e-03 1.61979821e-03 -7.97938153e-03
-8.00958104e-01 1.04830538e-02 -3.07552787e-03 1.60629605e-03 -7.96237298e-03
-8.00016884e-01 1.04525173e-02 -3.04758609e-03 1.59297801e-03 -7.94520645e-03
-7.99073691e-01 1.04219362e-02 -3.01966128e-03 1.57985722e-03 -7.92788648e-03
-7.98128528e-01 1.03913161e-02 -2.99175890e-03 1.56694666e-03 -7.91041687e-03
-7.97181396e-01 1.03606621e-02 -2.96388458e-03 1.55425898e-03 -7.89280065e-03
-7.96232298e-01 1.03299790e-02 -2.93604411e-03 1.54180649e-03 -7.87504007e-03
-7.95281236e-01 1.02992708e-02 -2.90824338e-03 1.52960095e-03 -7.85713656e-03
-7.94328214e-01 1.02685410e-02 -2.88048836e-03 1.51765358e-03 -7.83909074e-03
-7.93373232e-01 1.02377925e-02 -2.85278505e-03 1.50597488e-03 -7.82090237e-03
-7.92416293e-01 1.02070274e-02 -2.82513949e-03 1.49457457e-03 -7.80257040e-03
-7.91457401e-01 1.01762471e-02 -2.79755766e-03 1.48346155e-03 -7.78409296e-03
-7.90496556e-01 1.01454523e-02 -2.77004550e-03 1.47264375e-03 -7.76546733e-03
-7.89533763e-01 1.01146428e-02 -2.74260888e-03 1.46212813e-03 -7.74669002e-03
-7.88569022e-01 1.00838178e-02 -2.71525355e-03 1.45192061e-03 -7.72775672e-03
-7.87602336e-01 1.00529756e-02 -2.68798510e-03 1.44202597e-03 -7.70866241e-03
-7.86633708e-01 1.00221137e-02 -2.66080902e-03 1.43244790e-03 -7.68940132e-03
-7.85663139e-01 9.99122891e-03 -2.63373058e-03 1.42318889e-03 -7.66996705e-03
-7.84690634e-01 9.96031739e-03 -2.60675487e-03 1.41425024e-03 -7.65035252e-03
-7.83716193e-01 9.92937450e-03 -2.57988678e-03 1.40563206e-03 -7.63055014e-03
-7.82739819e-01 9.89839501e-03 -2.55313100e-03 1.39733327e-03 -7.61055177e-03
-7.81761515e-01 9.86737309e-03 -2.52649198e-03 1.38935155e-03 -7.59034886e-03
-7.80781283e-01 9.83630239e-03 -2.49997394e-03 1.38168345e-03 -7.56993248e-03
-7.79799126e-01 9.80517608e-03 -2.47358090e-03 1.37432433e-03 -7.54929340e-03
-7.78815045e-01 9.77398698e-03 -2.44731661e-03 1.36726844e-03 -7.52842220e-03
-7.77829044e-01 9.74272757e-03 -2.42118465e-03 1.36050897e-03 -7.50730932e-03
-7.76841124e-01 9.71139013e-03 -2.39518835e-03 1.35403804e-03 -7.48594517e-03
-7.75851289e-01 9.67996680e-03 -2.36933084e-03 1.34784684e-03 -7.46432019e-03
-7.74859540e-01 9.64844968e-03 -2.34361506e-03 1.34192563e-03 -7.44242500e-03
-7.73865880e-01 9.61683095e-03 -2.31804378e-03 1.33626382e-03 -7.42025042e-03
-7.72870312e-01 9.58510292e-03 -2.29261957e-03 1.33085008e-03 -7.39778762e-03
-7.71872838e-01 9.55325817e-03 -2.26734487e-03 1.32567237e-03 -7.37502819e-03
-7.70873460e-01 9.52128964e-03 -2.24222200e-03 1.32071806e-03 -7.35196421e-03
-7.69872181e-01 9.48919071e-03 -2.21725313e-03 1.31597400e-03 -7.32858839e-03
-7.68869004e-01 9.45695532e-03 -2.19244036e-03 1.31142661e-03 -7.30489410e-03
-7.67863930e-01 9.42457802e-03 -2.16778571e-03 1.30706197e-03 -7.28087550e-03
-7.66856963e-01 9.39205414e-03 -2.14329113e-03 1.30286593e-03 -7.25652758e-03
-7.65848104e-01 9.35937977e-03 -2.11895853e-03 1.29882415e-03 -7.23184626e-03
-7.64837357e-01 9.32655193e-03 -2.09478980e-03 1.29492227e-03 -7.20682845e-03
-7.63824724e-01 9.29356857e-03 -2.07078685e-03 1.29114591e-03 -7.18147209e-03
-7.62810206e-01 9.26042869e-03 -2.04695156e-03 1.28748084e-03 -7.15577625e-03
-7.61793808e-01 9.22713236e-03 -2.02328586e-03 1.28391300e-03 -7.12974114e-03
-7.60775531e-01 9.19368078e-03 -1.99979174e-03 1.28042863e-03 -7.10336813e-03
-7.59755377e-01 9.16007630e-03 -1.97647122e-03 1.27701430e-03 -7.07665986e-03
-7.58733350e-01 9.12632249e-03 -1.95332638e-03 1.27365703e-03 -7.04962018e-03
-7.57709452e-01 9.09242413e-03 -1.93035938e-03 1.27034434e-03 -7.02225419e-03
-7.56683685e-01 9.05838720e-03 -1.90757248e-03 1.26706430e-03 -6.99456826e-03
-7.55656053e-01 9.02421891e-03 -1.88496799e-03 1.26380561e-03 -6.96657002e-03
-7.54626556e-01 8.98992769e-03 -1.86254833e-03 1.26055761e-03 -6.93826831e-03
-7.53595199e-01 8.95552313e-03 -1.84031600e-03 1.25731039e-03 -6.90967321e-03
-7.52561982e-01 8.92101597e-03 -1.81827357e-03 1.25405478e-03 -6.88079597e-03
-7.51526911e-01 8.88641807e-03 -1.79642370e-03 1.25078239e-03 -6.85164896e-03
-7.50489985e-01 8.85174232e-03 -1.77476913e-03 1.24748564e-03 -6.82224566e-03
-7.49451209e-01 8.81700259e-03 -1.75331264e-03 1.24415780e-03 -6.79260057e-03
-7.48410585e-01 8.78221368e-03 -1.73205708e-03 1.24079296e-03 -6.76272912e-03
-7.47368114e-01 8.74739120e-03 -1.71100534e-03 1.23738606e-03 -6.73264766e-03
-7.46323801e-01 8.71255152e-03 -1.69016033e-03 1.23393290e-03 -6.70237332e-03
-7.45277647e-01 8.67771163e-03 -1.66952496e-03 1.23043009e-03 -6.67192394e-03
-7.44229655e-01 8.64288907e-03 -1.64910214e-03 1.22687511e-03 -6.64131797e-03
-7.43179828e-01 8.60810181e-03 -1.62889476e-03 1.22326621e-03 -6.61057438e-03
-7.42128168e-01 8.57336813e-03 -1.60890566e-03 1.21960244e-03 -6.57971256e-03
-7.41074678e-01 8.53870652e-03 -1.58913761e-03 1.21588361e-03 -6.54875218e-03
-7.40019360e-01 8.50413555e-03 -1.56959328e-03 1.21211025e-03 -6.51771314e-03
-7.38962217e-01 8.46967374e-03 -1.55027527e-03 1.20828356e-03 -6.48661539e-03
-7.37903252e-01 8.43533946e-03 -1.53118600e-03 1.20440540e-03 -6.45547885e-03
-7.36842467e-01 8.40115077e-03 -1.51232778e-03 1.20047824e-03 -6.42432331e-03
-7.35779864e-01 8.36712536e-03 -1.49370273e-03 1.19650508e-03 -6.39316830e-03
-7.34715448e-01 8.33328037e-03 -1.47531278e-03 1.19248946e-03 -6.36203297e-03
-7.33649219e-01 8.29963231e-03 -1.45715967e-03 1.18843533e-03 -6.33093602e-03
-7.32581181e-01 8.26619696e-03 -1.43924489e-03 1.18434710e-03 -6.29989555e-03
-7.31511336e-01 8.23298923e-03 -1.42156968e-03 1.18022950e-03 -6.26892898e-03
-7.30439687e-01 8.20002309e-03 -1.40413506e-03 1.17608756e-03 -6.23805297e-03
-7.29366237e-01 8.16731146e-03 -1.38694173e-03 1.17192657e-03 -6.20728331e-03
-7.28290988e-01 8.13486616e-03 -1.36999013e-03 1.16775204e-03 -6.17663485e-03
-7.27213943e-01 8.10269778e-03 -1.35328040e-03 1.16356960e-03 -6.14612141e-03
-7.26135105e-01 8.07081569e-03 -1.33681240e-03 1.15938500e-03 -6.11575574e-03
-7.25054476e-01 8.03922789e-03 -1.32058563e-03 1.15520405e-03 -6.08554941e-03
-7.23972059e-01 8.00794107e-03 -1.30459933e-03 1.15103256e-03 -6.05551283e-03
-7.22887856e-01 7.97696047e-03 -1.28885240e-03 1.14687635e-03 -6.02565514e-03
-7.21801870e-01 7.94628995e-03 -1.27334344e-03 1.14274113e-03 -5.99598422e-03
-7.20714105e-01 7.91593190e-03 -1.25807071e-03 1.13863254e-03 -5.96650664e-03
-7.19624562e-01 7.88588729e-03 -1.24303221e-03 1.13455610e-03 -5.93722769e-03
-7.18533244e-01 7.85615566e-03 -1.22822562e-03 1.13051714e-03 -5.90815132e-03
-7.17440155e-01 7.82673513e-03 -1.21364832e-03 1.12652085e-03 -5.87928018e-03
-7.16345296e-01 7.79762246e-03 -1.19929743e-03 1.12257220e-03 -5.85061563e-03
-7.15248670e-01 7.76881304e-03 -1.18516981e-03 1.11867592e-03 -5.82215777e-03
-7.14150280e-01 7.74030102e-03 -1.17126206e-03 1.11483654e-03 -5.79390546e-03
-7.13050130e-01 7.71207927e-03 -1.15757056e-03 1.11105834e-03 -5.76585637e-03
-7.11948220e-01 7.68413955e-03 -1.14409146e-03 1.10734534e-03 -5.73800704e-03
-7.10844555e-01 7.65647252e-03 -1.13082074e-03 1.10370132e-03 -5.71035293e-03
-7.09739137e-01 7.62906784e-03 -1.11775419e-03 1.10012979e-03 -5.68288848e-03
-7.08631969e-01 7.60191430e-03 -1.10488745e-03 1.09663404e-03 -5.65560720e-03
-7.07523053e-01 7.57499986e-03 -1.09221605e-03 1.09321709e-03 -5.62850174e-03
-7.06412392e-01 7.54831180e-03 -1.07973539e-03 1.08988173e-03 -5.60156397e-03
-7.05299989e-01 7.52183682e-03 -1.06744081e-03 1.08663053e-03 -5.57478508e-03
-7.04185846e-01 7.49556113e-03 -1.05532758e-03 1.08346584e-03 -5.54815567e-03
-7.03069967e-01 7.46947060e-03 -1.04339095e-03 1.08038982e-03 -5.52166584e-03
-7.01952354e-01 7.44355084e-03 -1.03162615e-03 1.07740443e-03 -5.49530531e-03
-7.00833010e-01 7.41778733e-03 -1.02002843e-03 1.07451146e-03 -5.46906348e-03
-6.99711937e-01 7.39216558e-03 -1.00859307e-03 1.07171257e-03 -5.44292958e-03
-6.98589139e-01 7.36667116e-03 -9.97315417e-04 1.06900925e-03 -5.41689274e-03
-6.97464618e-01 7.34128990e-03 -9.86190905e-04 1.06640291e-03 -5.39094208e-03
-6.96338377e-01 7.31600794e-03 -9.75215059e-04 1.06389484e-03 -5.36506686e-03
-6.95210419e-01 7.29081186e-03 -9.64383534e-04 1.06148623e-03 -5.33925651e-03
-6.94080746e-01 7.26568878e-03 -9.53692119e-04 1.05917823e-03 -5.31350078e-03
-6.92949362e-01 7.24062646e-03 -9.43136766e-04 1.05697194e-03 -5.28778977e-03
-6.91816268e-01 7.21561338e-03 -9.32713594e-04 1.05486838e-03 -5.26211409e-03
-6.90681469e-01 7.19063884e-03 -9.22418913e-04 1.05286860e-03 -5.23646486e-03
-6.89544966e-01 7.16569301e-03 -9.12249230e-04 1.05097359e-03 -5.21083383e-03
-6.88406763e-01 7.14076701e-03 -9.02201262e-04 1.04918437e-03 -5.18521345e-03
-6.87266861e-01 7.11585297e-03 -8.92271947e-04 1.04750194e-03 -5.15959689e-03
-6.86125265e-01 7.09094409e-03 -8.82458448e-04 1.04592731e-03 -5.13397815e-03
-6.84981977e-01 7.06603466e-03 -8.72758162e-04 1.04446152e-03 -5.10835205e-03
-6.83837000e-01 7.04112011e-03 -8.63168722e-04 1.04310560e-03 -5.08271430e-03
-6.82690336e-01 7.01619702e-03 -8.53688003e-04 1.04186061e-03 -5.05706153e-03
-6.81541988e-01 6.99126312e-03 -8.44314119e-04 1.04072763e-03 -5.03139131e-03
-6.80391960e-01 6.96631734e-03 -8.35045426e-04 1.03970771e-03 -5.00570214e-03
-6.79240254e-01 6.94135976e-03 -8.25880521e-04 1.03880195e-03 -4.97999349e-03
-6.78086872e-01 6.91639160e-03 -8.16818233e-04 1.03801142e-03 -4.95426580e-03
-6.76931818e-01 6.89141523e-03 -8.07857626e-04 1.03733716e-03 -4.92852043e-03
-6.75775095e-01 6.86643408e-03 -7.98997990e-04 1.03678021e-03 -4.90275969e-03
-6.74616706e-01 6.84145267e-03 -7.90238832e-04 1.03634156e-03 -4.87698679e-03
-6.73456652e-01 6.81647651e-03 -7.81579874e-04 1.03602213e-03 -4.85120583e-03
-6.72294938e-01 6.79151205e-03 -7.73021039e-04 1.03582280e-03 -4.82542173e-03
-6.71131566e-01 6.76656664e-03 -7.64562447e-04 1.03574435e-03 -4.79964024e-03
-6.69966538e-01 6.74164848e-03 -7.56204399e-04 1.03578746e-03 -4.77386785e-03
-6.68799859e-01 6.71676649e-03 -7.47947372e-04 1.03595271e-03 -4.74811173e-03
-6.67631530e-01 6.69193027e-03 -7.39792006e-04 1.03624053e-03 -4.72237972e-03
-6.66461554e-01 6.66715005e-03 -7.31739089e-04 1.03665121e-03 -4.69668024e-03
-6.65289935e-01 6.64243653e-03 -7.23789553e-04 1.03718486e-03 -4.67102222e-03
-6.64116675e-01 6.61780089e-03 -7.15944456e-04 1.03784144e-03 -4.64541505e-03
-6.62941778e-01 6.59325462e-03 -7.08204972e-04 1.03862069e-03 -4.61986852e-03
-6.61765245e-01 6.56880948e-03 -7.00572380e-04 1.03952214e-03 -4.59439271e-03
-6.60587080e-01 6.54447741e-03 -6.93048052e-04 1.04054513e-03 -4.56899797e-03
-6.59407287e-01 6.52027043e-03 -6.85633439e-04 1.04168873e-03 -4.54369482e-03
-6.58225867e-01 6.49620059e-03 -6.78330063e-04 1.04295179e-03 -4.51849390e-03
-6.57042824e-01 6.47227982e-03 -6.71139503e-04 1.04433291e-03 -4.49340587e-03
-6.55858160e-01 6.44851994e-03 -6.64063386e-04 1.04583042e-03 -4.46844138e-03
-6.54671879e-01 6.42493251e-03 -6.57103376e-04 1.04744242e-03 -4.44361099e-03
-6.53483983e-01 6.40152880e-03 -6.50261160e-04 1.04916671e-03 -4.41892512e-03
-6.52294476e-01 6.37831973e-03 -6.43538444e-04 1.05100087e-03 -4.39439397e-03
-6.51103360e-01 6.35531576e-03 -6.36936938e-04 1.05294219e-03 -4.37002748e-03
-6.49910639e-01 6.33252689e-03 -6.30458351e-04 1.05498772e-03 -4.34583528e-03
-6.48716314e-01 6.30996258e-03 -6.24104378e-04 1.05713427e-03 -4.32182665e-03
-6.47520390e-01 6.28763171e-03 -6.17876693e-04 1.05937840e-03 -4.29801046e-03
-6.46322869e-01 6.26554255e-03 -6.11776942e-04 1.06171644e-03 -4.27439514e-03
-6.45123754e-01 6.24370271e-03 -6.05806731e-04 1.06414452e-03 -4.25098866e-03
-6.43923048e-01 6.22211915e-03 -5.99967623e-04 1.06665856e-03 -4.22779849e-03
-6.42720754e-01 6.20079811e-03 -5.94261125e-04 1.06925431e-03 -4.20483160e-03
-6.41516875e-01 6.17974514e-03 -5.88688687e-04 1.07192733e-03 -4.18209440e-03
-6.40311414e-01 6.15896508e-03 -5.83251686e-04 1.07467306e-03 -4.15959276e-03
-6.39104373e-01 6.13846206e-03 -5.77951428e-04 1.07748680e-03 -4.13733201e-03
-6.37895757e-01 6.11823950e-03 -5.72789134e-04 1.08036376e-03 -4.11531691e-03
-6.36685567e-01 6.09830013e-03 -5.67765935e-04 1.08329906e-03 -4.09355167e-03
-6.35473807e-01 6.07864600e-03 -5.62882866e-04 1.08628777e-03 -4.07203996e-03
-6.34260480e-01 6.05927851e-03 -5.58140859e-04 1.08932492e-03 -4.05078491e-03
-6.33045589e-01 6.04019842e-03 -5.53540734e-04 1.09240554e-03 -4.02978913e-03
-6.31829137e-01 6.02140591e-03 -5.49083192e-04 1.09552467e-03 -4.00905472e-03
-6.30611126e-01 6.00290058e-03 -5.44768812e-04 1.09867739e-03 -3.98858330e-03
-6.29391561e-01 5.98468152e-03 -5.40598037e-04 1.10185883e-03 -3.96837604e-03
-6.28170443e-01 5.96674730e-03 -5.36571175e-04 1.10506423e-03 -3.94843367e-03
-6.26947776e-01 5.94909610e-03 -5.32688383e-04 1.10828891e-03 -3.92875652e-03
-6.25723562e-01 5.93172564e-03 -5.28949668e-04 1.11152832e-03 -3.90934454e-03
-6.24497806e-01 5.91463334e-03 -5.25354875e-04 1.11477806e-03 -3.89019732e-03
-6.23270509e-01 5.89781626e-03 -5.21903679e-04 1.11803389e-03 -3.87131418e-03
-6.22041676e-01 5.88127125e-03 -5.18595584e-04 1.12129174e-03 -3.85269411e-03
-6.20811308e-01 5.86499491e-03 -5.15429910e-04 1.12454772e-03 -3.83433588e-03
-6.19579410e-01 5.84898367e-03 -5.12405790e-04 1.12779816e-03 -3.81623803e-03
-6.18345983e-01 5.83323384e-03 -5.09522160e-04 1.13103959e-03 -3.79839890e-03
-6.17111031e-01 5.81774166e-03 -5.06777758e-04 1.13426874e-03 -3.78081670e-03
-6.15874558e-01 5.80250331e-03 -5.04171115e-04 1.13748258e-03 -3.76348946e-03
-6.14636565e-01 5.78751496e-03 -5.01700550e-04 1.14067830e-03 -3.74641515e-03
-6.13397057e-01 5.77277282e-03 -4.99364165e-04 1.14385329e-03 -3.72959161e-03
-6.12156036e-01 5.75827317e-03 -4.97159843e-04 1.14700519e-03 -3.71301664e-03
-6.10913506e-01 5.74401236e-03 -4.95085240e-04 1.15013182e-03 -3.69668799e-03
-6.09669468e-01 5.72998688e-03 -4.93137789e-04 1.15323124e-03 -3.68060338e-03
-6.08423928e-01 5.71619335e-03 -4.91314692e-04 1.15630169e-03 -3.66476050e-03
-6.07176887e-01 5.70262855e-03 -4.89612921e-04 1.15934159e-03 -3.64915703e-03
-6.05928348e-01 5.68928944e-03 -4.88029217e-04 1.16234955e-03 -3.63379068e-03
-6.04678315e-01 5.67617316e-03 -4.86560095e-04 1.16532431e-03 -3.61865912e-03
-6.03426791e-01 5.66327705e-03 -4.85201838e-04 1.16826479e-03 -3.60376004e-03
-6.02173778e-01 5.65059865e-03 -4.83950509e-04 1.17117001e-03 -3.58909115e-03
-6.00919281e-01 5.63813571e-03 -4.82801946e-04 1.17403908e-03 -3.57465014e-03
-5.99663302e-01 5.62588615e-03 -4.81751775e-04 1.17687123e-03 -3.56043468e-03
-5.98405843e-01 5.61384810e-03 -4.80795413e-04 1.17966572e-03 -3.54644244e-03
-5.97146909e-01 5.60201990e-03 -4.79928076e-04 1.18242186e-03 -3.53267106e-03
-5.95886503e-01 5.59040002e-03 -4.79144787e-04 1.18513900e-03 -3.51911813e-03
-5.94624627e-01 5.57898711e-03 -4.78440389e-04 1.18781647e-03 -3.50578117e-03
-5.93361284e-01 5.56777997e-03 -4.77809554e-04 1.19045357e-03 -3.49265765e-03
-5.92096478e-01 5.55677753e-03 -4.77246797e-04 1.19304958e-03 -3.47974493e-03
-5.90830212e-01 5.54597881e-03 -4.76746489e-04 1.19560370e-03 -3.46704026e-03
-5.89562488e-01 5.53538293e-03 -4.76302874e-04 1.19811507e-03 -3.45454077e-03
-5.88293311e-01 5.52498909e-03 -4.75910082e-04 1.20058269e-03 -3.44224342e-03
-5.87022683e-01 5.51479651e-03 -4.75562150e-04 1.20300550e-03 -3.43014502e-03
-5.85750607e-01 5.50480446e-03 -4.75253035e-04 1.20538227e-03 -3.41824218e-03
-5.84477087e-01 5.49501219e-03 -4.74976639e-04 1.20771165e-03 -3.40653132e-03
-5.83202125e-01 5.48541896e-03 -4.74726825e-04 1.20999213e-03 -3.39500861e-03
-5.81925725e-01 5.47602396e-03 -4.74497438e-04 1.21222204e-03 -3.38367001e-03
-5.80647890e-01 5.46682635e-03 -4.74282327e-04 1.21439957e-03 -3.37251119e-03
-5.79368623e-01 5.45782520e-03 -4.74075365e-04 1.21652273e-03 -3.36152758e-03
-5.78087927e-01 5.44901950e-03 -4.73870473e-04 1.21858935e-03 -3.35071434e-03
-5.76805805e-01 5.44040811e-03 -4.73661641e-04 1.22059711e-03 -3.34006631e-03
-5.75522261e-01 5.43198979e-03 -4.73442950e-04 1.22254355e-03 -3.32957806e-03
-5.74237298e-01 5.42376316e-03 -4.73208592e-04 1.22442605e-03 -3.31924387e-03
-5.72950918e-01 5.41572671e-03 -4.72952899e-04 1.22624184e-03 -3.30905771e-03
-5.71663126e-01 5.40787878e-03 -4.72670355e-04 1.22798805e-03 -3.29901327e-03
-5.70373923e-01 5.40021753e-03 -4.72355625e-04 1.22966169e-03 -3.28910393e-03
-5.69083314e-01 5.39274102e-03 -4.72003571e-04 1.23125969e-03 -3.27932280e-03
-5.67791302e-01 5.38544711e-03 -4.71609273e-04 1.23277893e-03 -3.26966273e-03
-5.66497889e-01 5.37833352e-03 -4.71168050e-04 1.23421623e-03 -3.26011629e-03
-5.65203079e-01 5.37139785e-03 -4.70675473e-04 1.23556841e-03 -3.25067583e-03
-5.63906875e-01 5.36463752e-03 -4.70127388e-04 1.23683230e-03 -3.24133346e-03
-5.62609281e-01 5.35804984e-03 -4.69519927e-04 1.23800479e-03 -3.23208111e-03
-5.61310299e-01 5.35163198e-03 -4.68849523e-04 1.23908284e-03 -3.22291051e-03
-5.60009933e-01 5.34538103e-03 -4.68112927e-04 1.24006353e-03 -3.21381325e-03
-5.58708186e-01 5.33929395e-03 -4.67307211e-04 1.24094409e-03 -3.20478080e-03
-5.57405060e-01 5.33336761e-03 -4.66429787e-04 1.24172192e-03 -3.19580454e-03
-5.56100561e-01 5.32759884e-03 -4.65478408e-04 1.24239467e-03 -3.18687578e-03
-5.54794689e-01 5.32198439e-03 -4.64451178e-04 1.24296023e-03 -3.17798582e-03
-5.53487450e-01 5.31652096e-03 -4.63346556e-04 1.24341677e-03 -3.16912594e-03
-5.52178845e-01 5.31120526e-03 -4.62163358e-04 1.24376283e-03 -3.16028749e-03
-5.50868879e-01 5.30603393e-03 -4.60900759e-04 1.24399728e-03 -3.15146188e-03
-5.49557555e-01 5.30100367e-03 -4.59558289e-04 1.24411941e-03 -3.14264064e-03
-5.48244874e-01 5.29611116e-03 -4.58135838e-04 1.24412895e-03 -3.13381544e-03
-5.46930842e-01 5.29135312e-03 -4.56633641e-04 1.24402609e-03 -3.12497816e-03
-5.45615461e-01 5.28672629e-03 -4.55052281e-04 1.24381153e-03 -3.11612085e-03
-5.44298735e-01 5.28222749e-03 -4.53392675e-04 1.24348648e-03 -3.10723587e-03
-5.42980666e-01 5.27785356e-03 -4.51656069e-04 1.24305272e-03 -3.09831582e-03
-5.41661258e-01 5.27360143e-03 -4.49844021e-04 1.24251262e-03 -3.08935365e-03
-5.40340514e-01 5.26946806e-03 -4.47958395e-04 1.24186913e-03 -3.08034262e-03
-5.39018438e-01 5.26545049e-03 -4.46001341e-04 1.24112583e-03 -3.07127640e-03
-5.37695032e-01 5.26154584e-03 -4.43975282e-04 1.24028693e-03 -3.06214903e-03
-5.36370301e-01 5.25775127e-03 -4.41882897e-04 1.23935729e-03 -3.05295500e-03
-5.35044246e-01 5.25406399e-03 -4.39727104e-04 1.23834244e-03 -3.04368922e-03
-5.33716872e-01 5.25048125e-03 -4.37511038e-04 1.23724856e-03 -3.03434707e-03
-5.32388182e-01 5.24700035e-03 -4.35238031e-04 1.23608250e-03 -3.02492441e-03
-5.31058179e-01 5.24361860e-03 -4.32911595e-04 1.23485177e-03 -3.01541759e-03
-5.29726866e-01 5.24033331e-03 -4.30535398e-04 1.23356454e-03 -3.00582345e-03
-5.28394247e-01 5.23714178e-03 -4.28113240e-04 1.23222963e-03 -2.99613936e-03
-5.27060325e-01 5.23404126e-03 -4.25649032e-04 1.23085651e-03 -2.98636319e-03
-5.25725102e-01 5.23102896e-03 -4.23146776e-04 1.22945525e-03 -2.97649332e-03
-5.24388584e-01 5.22810200e-03 -4.20610536e-04 1.22803655e-03 -2.96652866e-03
-5.23050772e-01 5.22525740e-03 -4.18044420e-04 1.22661168e-03 -2.95646860e-03
-5.21711670e-01 5.22249203e-03 -4.15452555e-04 1.22519245e-03 -2.94631308e-03
-5.20371281e-01 5.21980261e-03 -4.12839061e-04 1.22379121e-03 -2.93606250e-03
-5.19029610e-01 5.21718569e-03 -4.10208037e-04 1.22242081e-03 -2.92571777e-03
-5.17686658e-01 5.21463757e-03 -4.07563529e-04 1.22109454e-03 -2.91528024e-03
-5.16342429e-01 5.21215435e-03 -4.04909514e-04 1.21982613e-03 -2.90475176e-03
-5.14996927e-01 5.20973183e-03 -4.02249878e-04 1.21862966e-03 -2.89413460e-03
-5.13650155e-01 5.20736553e-03 -3.99588397e-04 1.21751957e-03 -2.88343145e-03
-5.12302117e-01 5.20505064e-03 -3.96928715e-04 1.21651059e-03 -2.87264541e-03
-5.10952815e-01 5.20278203e-03 -3.94274327e-04 1.21561768e-03 -2.86177998e-03
-5.09602252e-01 5.20055419e-03 -3.91628562e-04 1.21485601e-03 -2.85083901e-03
-5.08250433e-01 5.19836124e-03 -3.88994566e-04 1.21424090e-03 -2.83982669e-03
-5.06897361e-01 5.19619690e-03 -3.86375286e-04 1.21378773e-03 -2.82874752e-03
-5.05543038e-01 5.19405449e-03 -3.83773460e-04 1.21351197e-03 -2.81760633e-03
-5.04187469e-01 5.19192690e-03 -3.81191596e-04 1.21342904e-03 -2.80640819e-03
-5.02830656e-01 5.18980662e-03 -3.78631970e-04 1.21355431e-03 -2.79515844e-03
-5.01472604e-01 5.18768570e-03 -3.76096609e-04 1.21390304e-03 -2.78386264e-03
-5.00113314e-01 5.18555577e-03 -3.73587286e-04 1.21449029e-03 -2.77252657e-03
-4.98752791e-01 5.18340807e-03 -3.71105509e-04 1.21533093e-03 -2.76115618e-03
-4.97391039e-01 5.18123341e-03 -3.68652518e-04 1.21643951e-03 -2.74975760e-03
-4.96028059e-01 5.17902222e-03 -3.66229278e-04 1.21783028e-03 -2.73833709e-03
-4.94663856e-01 5.17676459e-03 -3.63836478e-04 1.21951709e-03 -2.72690107e-03
-4.93298434e-01 5.17445025e-03 -3.61474526e-04 1.22151335e-03 -2.71545604e-03
-4.91931794e-01 5.17206863e-03 -3.59143550e-04 1.22383199e-03 -2.70400860e-03
-4.90563942e-01 5.16960887e-03 -3.56843401e-04 1.22648540e-03 -2.69256545e-03
-4.89194880e-01 5.16705991e-03 -3.54573648e-04 1.22948539e-03 -2.68113335e-03
-4.87824611e-01 5.16441047e-03 -3.52333591e-04 1.23284314e-03 -2.66971908e-03
-4.86453139e-01 5.16164915e-03 -3.50122255e-04 1.23656915e-03 -2.65832952e-03
-4.85080468e-01 5.15876444e-03 -3.47938407e-04 1.24067322e-03 -2.64697154e-03
-4.83706600e-01 5.15574481e-03 -3.45780553e-04 1.24516438e-03 -2.63565206e-03
-4.82331539e-01 5.15257876e-03 -3.43646952e-04 1.25005087e-03 -2.62437799e-03
-4.80955289e-01 5.14925487e-03 -3.41535624e-04 1.25534010e-03 -2.61315626e-03
-4.79577853e-01 5.14576189e-03 -3.39444362e-04 1.26103862e-03 -2.60199382e-03
-4.78199234e-01 5.14208877e-03 -3.37370740e-04 1.26715206e-03 -2.59089759e-03
-4.76819436e-01 5.13822477e-03 -3.35312128e-04 1.27368514e-03 -2.57987448e-03
-4.75438462e-01 5.13415951e-03 -3.33265707e-04 1.28064164e-03 -2.56893142e-03
-4.74056315e-01 5.12988304e-03 -3.31228479e-04 1.28802432e-03 -2.55807527e-03
-4.72672999e-01 5.12538592e-03 -3.29197287e-04 1.29583498e-03 -2.54731292e-03
-4.71288518e-01 5.12065931e-03 -3.27168829e-04 1.30407437e-03 -2.53665118e-03
-4.69902874e-01 5.11569501e-03 -3.25139675e-04 1.31274220e-03 -2.52609687e-03
-4.68516071e-01 5.11048555e-03 -3.23106284e-04 1.32183713e-03 -2.51565673e-03
-4.67128113e-01 5.10502425e-03 -3.21065024e-04 1.33135676e-03 -2.50533749e-03
-4.65739003e-01 5.09930530e-03 -3.19012192e-04 1.34129759e-03 -2.49514580e-03
-4.64348744e-01 5.09332384e-03 -3.16944030e-04 1.35165505e-03 -2.48508826e-03
-4.62957340e-01 5.08707597e-03 -3.14856746e-04 1.36242346e-03 -2.47517140e-03
-4.61564795e-01 5.08055886e-03 -3.12746538e-04 1.37359606e-03 -2.46540166e-03
-4.60171111e-01 5.07377080e-03 -3.10609611e-04 1.38516499e-03 -2.45578540e-03
-4.58776292e-01 5.06671122e-03 -3.08442200e-04 1.39712130e-03 -2.44632885e-03
-4.57380342e-01 5.05938077e-03 -3.06240590e-04 1.40945495e-03 -2.43703815e-03
-4.55983264e-01 5.05178133e-03 -3.04001141e-04 1.42215482e-03 -2.42791929e-03
-4.54585061e-01 5.04391607e-03 -3.01720306e-04 1.43520873e-03 -2.41897809e-03
-4.53185738e-01 5.03578948e-03 -2.99394656e-04 1.44860345e-03 -2.41022022e-03
-4.51785296e-01 5.02740737e-03 -2.97020898e-04 1.46232470e-03 -2.40165114e-03
-4.50383741e-01 5.01877690e-03 -2.94595902e-04 1.47635720e-03 -2.39327611e-03
-4.48981074e-01 5.00990660e-03 -2.92116716e-04 1.49068467e-03 -2.38510014e-03
-4.47577301e-01 5.00080637e-03 -2.89580595e-04 1.50528986e-03 -2.37712797e-03
-4.46172424e-01 4.99148745e-03 -2.86985016e-04 1.52015461e-03 -2.36936406e-03
-4.44766446e-01 4.98196245e-03 -2.84327699e-04 1.53525982e-03 -2.36181256e-03
-4.43359371e-01 4.97224531e-03 -2.81606631e-04 1.55058554e-03 -2.35447725e-03
-4.41951203e-01 4.96235126e-03 -2.78820080e-04 1.56611098e-03 -2.34736158e-03
-4.40541946e-01 4.95229684e-03 -2.75966618e-04 1.58181460e-03 -2.34046855e-03
-4.39131601e-01 4.94209980e-03 -2.73045137e-04 1.59767406e-03 -2.33380078e-03
-4.37720174e-01 4.93177911e-03 -2.70054864e-04 1.61366637e-03 -2.32736039e-03
-4.36307667e-01 4.92135485e-03 -2.66995382e-04 1.62976789e-03 -2.32114903e-03
-4.34894084e-01 4.91084821e-03 -2.63866637e-04 1.64595439e-03 -2.31516784e-03
-4.33479429e-01 4.90028141e-03 -2.60668960e-04 1.66220111e-03 -2.30941741e-03
-4.32063705e-01 4.88967759e-03 -2.57403074e-04 1.67848285e-03 -2.30389777e-03
-4.30646915e-01 4.87906081e-03 -2.54070104e-04 1.69477398e-03 -2.29860834e-03
-4.29229063e-01 4.86845588e-03 -2.50671590e-04 1.71104855e-03 -2.29354795e-03
-4.27810152e-01 4.85788837e-03 -2.47209492e-04 1.72728036e-03 -2.28871476e-03
-4.26390187e-01 4.84738444e-03 -2.43686198e-04 1.74344302e-03 -2.28410631e-03
-4.24969170e-01 4.83697081e-03 -2.40104527e-04 1.75951002e-03 -2.27971943e-03
-4.23547105e-01 4.82667462e-03 -2.36467729e-04 1.77545483e-03 -2.27555031e-03
-4.22123995e-01 4.81652335e-03 -2.32779491e-04 1.79125097e-03 -2.27159440e-03
-4.20699844e-01 4.80654472e-03 -2.29043931e-04 1.80687211e-03 -2.26784648e-03
-4.19274656e-01 4.79676660e-03 -2.25265595e-04 1.82229212e-03 -2.26430059e-03
-4.17848434e-01 4.78721687e-03 -2.21449452e-04 1.83748517e-03 -2.26095011e-03
-4.16421181e-01 4.77792335e-03 -2.17600889e-04 1.85242587e-03 -2.25778768e-03
-4.14992902e-01 4.76891367e-03 -2.13725693e-04 1.86708927e-03 -2.25480526e-03
-4.13563599e-01 4.76021518e-03 -2.09830047e-04 1.88145103e-03 -2.25199412e-03
-4.12133276e-01 4.75185485e-03 -2.05920513e-04 1.89548745e-03 -2.24934489e-03
-4.10701936e-01 4.74385913e-03 -2.02004011e-04 1.90917561e-03 -2.24684752e-03
-4.09269584e-01 4.73625391e-03 -1.98087806e-04 1.92249342e-03 -2.24449136e-03
-4.07836222e-01 4.72906435e-03 -1.94179483e-04 1.93541975e-03 -2.24226519e-03
-4.06401855e-01 4.72231483e-03 -1.90286925e-04 1.94793447e-03 -2.24015719e-03
-4.04966485e-01 4.71602885e-03 -1.86418287e-04 1.96001857e-03 -2.23815506e-03
-4.03530117e-01 4.71022890e-03 -1.82581969e-04 1.97165423e-03 -2.23624600e-03
-4.02092753e-01 4.70493644e-03 -1.78786585e-04 1.98282493e-03 -2.23441680e-03
-4.00654398e-01 4.70017173e-03 -1.75040934e-04 1.99351547e-03 -2.23265385e-03
-3.99215055e-01 4.69595382e-03 -1.71353963e-04 2.00371208e-03 -2.23094324e-03
-3.97774727e-01 4.69230044e-03 -1.67734734e-04 2.01340253e-03 -2.22927076e-03
-3.96333418e-01 4.68922794e-03 -1.64192388e-04 2.02257609e-03 -2.22762201e-03
-3.94891132e-01 4.68675121e-03 -1.60736105e-04 2.03122372e-03 -2.22598243e-03
-3.93447872e-01 4.68488364e-03 -1.57375065e-04 2.03933801e-03 -2.22433740e-03
-3.92003642e-01 4.68363703e-03 -1.54118408e-04 2.04691330e-03 -2.22267226e-03
-3.90558445e-01 4.68302159e-03 -1.50975190e-04 2.05394571e-03 -2.22097241e-03
-3.89112285e-01 4.68304584e-03 -1.47954343e-04 2.06043316e-03 -2.21922338e-03
-3.87665165e-01 4.68371662e-03 -1.45064632e-04 2.06637541e-03 -2.21741089e-03
-3.86217089e-01 4.68503902e-03 -1.42314607e-04 2.07177410e-03 -2.21552093e-03
-3.84768060e-01 4.68701637e-03 -1.39712564e-04 2.07663272e-03 -2.21353981e-03
-3.83318083e-01 4.68965021e-03 -1.37266499e-04 2.08095666e-03 -2.21145426e-03
-3.81867160e-01 4.69294030e-03 -1.34984062e-04 2.08475321e-03 -2.20925149e-03
-3.80415296e-01 4.69688457e-03 -1.32872518e-04 2.08803150e-03 -2.20691925e-03
-3.78962493e-01 4.70147917e-03 -1.30938700e-04 2.09080256e-03 -2.20444590e-03
-3.77508756e-01 4.70671840e-03 -1.29188969e-04 2.09307922e-03 -2.20182048e-03
-3.76054088e-01 4.71259482e-03 -1.27629172e-04 2.09487613e-03 -2.19903278e-03
-3.74598493e-01 4.71909914e-03 -1.26264604e-04 2.09620969e-03 -2.19607335e-03
-3.73141973e-01 4.72622037e-03 -1.25099968e-04 2.09709800e-03 -2.19293364e-03
-3.71684534e-01 4.73394575e-03 -1.24139340e-04 2.09756083e-03 -2.18960596e-03
-3.70226177e-01 4.74226084e-03 -1.23386132e-04 2.09761951e-03 -2.18608359e-03
-3.68766908e-01 4.75114952e-03 -1.22843063e-04 2.09729690e-03 -2.18236079e-03
-3.67306729e-01 4.76059406e-03 -1.22512126e-04 2.09661725e-03 -2.17843287e-03
-3.65845645e-01 4.77057515e-03 -1.22394563e-04 2.09560620e-03 -2.17429617e-03
-3.64383658e-01 4.78107200e-03 -1.22490838e-04 2.09429058e-03 -2.16994813e-03
-3.62920772e-01 4.79206232e-03 -1.22800619e-04 2.09269840e-03 -2.16538728e-03
-3.61456992e-01 4.80352245e-03 -1.23322753e-04 2.09085867e-03 -2.16061331e-03
-3.59992320e-01 4.81542743e-03 -1.24055259e-04 2.08880135e-03 -2.15562698e-03
-3.58526760e-01 4.82775101e-03 -1.24995310e-04 2.08655718e-03 -2.15043021e-03
-3.57060317e-01 4.84046581e-03 -1.26139224e-04 2.08415758e-03 -2.14502606e-03
-3.55592992e-01 4.85354335e-03 -1.27482467e-04 2.08163455e-03 -2.13941868e-03
-3.54124791e-01 4.86695415e-03 -1.29019642e-04 2.07902048e-03 -2.13361331e-03
-3.52655716e-01 4.88066782e-03 -1.30744501e-04 2.07634808e-03 -2.12761629e-03
-3.51185772e-01 4.89465317e-03 -1.32649945e-04 2.07365020e-03 -2.12143499e-03
-3.49714961e-01 4.90887828e-03 -1.34728039e-04 2.07095976e-03 -2.11507779e-03
-3.48243288e-01 4.92331063e-03 -1.36970027e-04 2.06830953e-03 -2.10855403e-03
-3.46770756e-01 4.93791719e-03 -1.39366347e-04 2.06573208e-03 -2.10187400e-03
-3.45297369e-01 4.95266450e-03 -1.41906661e-04 2.06325958e-03 -2.09504881e-03
-3.43823131e-01 4.96751883e-03 -1.44579874e-04 2.06092373e-03 -2.08809044e-03
-3.42348044e-01 4.98244627e-03 -1.47374170e-04 2.05875559e-03 -2.08101157e-03
-3.40872114e-01 4.99741281e-03 -1.50277048e-04 2.05678549e-03 -2.07382559e-03
-3.39395342e-01 5.01238451e-03 -1.53275355e-04 2.05504287e-03 -2.06654651e-03
-3.37917734e-01 5.02732756e-03 -1.56355336e-04 2.05355622e-03 -2.05918885e-03
-3.36439292e-01 5.04220845e-03 -1.59502672e-04 2.05235292e-03 -2.05176763e-03
-3.34960021e-01 5.05699402e-03 -1.62702537e-04 2.05145916e-03 -2.04429822e-03
-3.33479923e-01 5.07165166e-03 -1.65939645e-04 2.05089985e-03 -2.03679632e-03
-3.31999003e-01 5.08614932e-03 -1.69198310e-04 2.05069851e-03 -2.02927784e-03
-3.30517264e-01 5.10045574e-03 -1.72462502e-04 2.05087721e-03 -2.02175882e-03
-3.29034710e-01 5.11454046e-03 -1.75715909e-04 2.05145647e-03 -2.01425535e-03
-3.27551345e-01 5.12837399e-03 -1.78942003e-04 2.05245524e-03 -2.00678349e-03
-3.26067172e-01 5.14192791e-03 -1.82124104e-04 2.05389078e-03 -1.99935919e-03
-3.24582195e-01 5.15517495e-03 -1.85245449e-04 2.05577865e-03 -1.99199818e-03
-3.23096417e-01 5.16808913e-03 -1.88289260e-04 2.05813266e-03 -1.98471591e-03
-3.21609843e-01 5.18064582e-03 -1.91238819e-04 2.06096486e-03 -1.97752747e-03
-3.20122475e-01 5.19282187e-03 -1.94077536e-04 2.06428547e-03 -1.97044750e-03
-3.18634318e-01 5.20459567e-03 -1.96789024e-04 2.06810292e-03 -1.96349012e-03
-3.17145375e-01 5.21594727e-03 -1.99357172e-04 2.07242379e-03 -1.95666888e-03
-3.15655650e-01 5.22685841e-03 -2.01766217e-04 2.07725288e-03 -1.94999664e-03
-3.14165146e-01 5.23731263e-03 -2.04000820e-04 2.08259316e-03 -1.94348556e-03
-3.12673868e-01 5.24729534e-03 -2.06046133e-04 2.08844585e-03 -1.93714701e-03
-3.11181819e-01 5.25679385e-03 -2.07887876e-04 2.09481040e-03 -1.93099154e-03
-3.09689002e-01 5.26579745e-03 -2.09512404e-04 2.10168455e-03 -1.92502879e-03
-3.08195421e-01 5.27429745e-03 -2.10906774e-04 2.10906439e-03 -1.91926749e-03
-3.06701080e-01 5.28228719e-03 -2.12058813e-04 2.11694439e-03 -1.91371539e-03
-3.05205983e-01 5.28976211e-03 -2.12957179e-04 2.12531746e-03 -1.90837927e-03
-3.03710134e-01 5.29671974e-03 -2.13591424e-04 2.13417503e-03 -1.90326485e-03
-3.02213535e-01 5.30315973e-03 -2.13952049e-04 2.14350710e-03 -1.89837683e-03
-3.00716191e-01 5.30908384e-03 -2.14030559e-04 2.15330237e-03 -1.89371884e-03
-2.99218105e-01 5.31449593e-03 -2.13819512e-04 2.16354822e-03 -1.88929345e-03
-2.97719282e-01 5.31940196e-03 -2.13312563e-04 2.17423091e-03 -1.88510215e-03
-2.96219724e-01 5.32380996e-03 -2.12504506e-04 2.18533559e-03 -1.88114538e-03
-2.94719436e-01 5.32772997e-03 -2.11391311e-04 2.19684640e-03 -1.87742254e-03
-2.93218420e-01 5.33117404e-03 -2.09970152e-04 2.20874660e-03 -1.87393197e-03
-2.91716682e-01 5.33415614e-03 -2.08239432e-04 2.22101862e-03 -1.87067101e-03
-2.90214224e-01 5.33669211e-03 -2.06198804e-04 2.23364420e-03 -1.86763603e-03
-2.88711051e-01 5.33879959e-03 -2.03849183e-04 2.24660445e-03 -1.86482243e-03
-2.87207166e-01 5.34049793e-03 -2.01192755e-04 2.25987994e-03 -1.86222471e-03
-2.85702572e-01 5.34180814e-03 -1.98232975e-04 2.27345084e-03 -1.85983650e-03
-2.84197274e-01 5.34275273e-03 -1.94974563e-04 2.28729696e-03 -1.85765061e-03
-2.82691274e-01 5.34335565e-03 -1.91423493e-04 2.30139788e-03 -1.85565910e-03
-2.81184578e-01 5.34364219e-03 -1.87586970e-04 2.31573303e-03 -1.85385330e-03
-2.79677188e-01 5.34363881e-03 -1.83473410e-04 2.33028175e-03 -1.85222389e-03
-2.78169109e-01 5.34337307e-03 -1.79092403e-04 2.34502342e-03 -1.85076097e-03
-2.76660343e-01 5.34287349e-03 -1.74454678e-04 2.35993751e-03 -1.84945411e-03
-2.75150895e-01 5.34216938e-03 -1.69572055e-04 2.37500365e-03 -1.84829241e-03
-2.73640769e-01 5.34129075e-03 -1.64457392e-04 2.39020173e-03 -1.84726461e-03
-2.72129968e-01 5.34026815e-03 -1.59124532e-04 2.40551196e-03 -1.84635909e-03
-2.70618495e-01 5.33913254e-03 -1.53588234e-04 2.42091491e-03 -1.84556401e-03
-2.69106356e-01 5.33791511e-03 -1.47864104e-04 2.43639162e-03 -1.84486732e-03
-2.67593552e-01 5.33664718e-03 -1.41968520e-04 2.45192359e-03 -1.84425687e-03
-2.66080089e-01 5.33536005e-03 -1.35918552e-04 2.46749291e-03 -1.84372046e-03
-2.64565969e-01 5.33408481e-03 -1.29731872e-04 2.48308221e-03 -1.84324593e-03
-2.63051197e-01 5.33285226e-03 -1.23426670e-04 2.49867482e-03 -1.84282117e-03
-2.61535776e-01 5.33169273e-03 -1.17021554e-04 2.51425470e-03 -1.84243425e-03
-2.60019711e-01 5.33063598e-03 -1.10535455e-04 2.52980653e-03 -1.84207345e-03
-2.58503004e-01 5.32971101e-03 -1.03987525e-04 2.54531573e-03 -1.84172730e-03
-2.56985659e-01 5.32894600e-03 -9.73970339e-05 2.56076850e-03 -1.84138467e-03
-2.55467681e-01 5.32836816e-03 -9.07832632e-05 2.57615180e-03 -1.84103482e-03
-2.53949073e-01 5.32800360e-03 -8.41654002e-05 2.59145341e-03 -1.84066740e-03
-2.52429838e-01 5.32787725e-03 -7.75624296e-05 2.60666193e-03 -1.84027255e-03
-2.50909981e-01 5.32801276e-03 -7.09930264e-05 2.62176679e-03 -1.83984091e-03
-2.49389505e-01 5.32843239e-03 -6.44754483e-05 2.63675825e-03 -1.83936367e-03
-2.47868414e-01 5.32915694e-03 -5.80274304e-05 2.65162744e-03 -1.83883259e-03
-2.46346712e-01 5.33020569e-03 -5.16660812e-05 2.66636631e-03 -1.83824002e-03
-2.44824402e-01 5.33159630e-03 -4.54077812e-05 2.68096769e-03 -1.83757895e-03
-2.43301489e-01 5.33334481e-03 -3.92680856e-05 2.69542525e-03 -1.83684298e-03
-2.41777975e-01 5.33546556e-03 -3.32616299e-05 2.70973349e-03 -1.83602640e-03
-2.40253865e-01 5.33797117e-03 -2.74020412e-05 2.72388778e-03 -1.83512411e-03
-2.38729163e-01 5.34087252e-03 -2.17018543e-05 2.73788432e-03 -1.83413170e-03
-2.37203872e-01 5.34417873e-03 -1.61724340e-05 2.75172013e-03 -1.83304542e-03
-2.35677996e-01 5.34789718e-03 -1.08239042e-05 2.76539308e-03 -1.83186214e-03
-2.34151539e-01 5.35203351e-03 -5.66508400e-06 2.77890184e-03 -1.83057940e-03
-2.32624504e-01 5.35659162e-03 -7.03431420e-07 2.79224586e-03 -1.82919537e-03
-2.31096895e-01 5.36157375e-03 4.05500407e-06 2.80542543e-03 -1.82770880e-03
-2.29568717e-01 5.36698046e-03 8.60562069e-06 2.81844158e-03 -1.82611906e-03
-2.28039973e-01 5.37281074e-03 1.29452942e-05 2.83129614e-03 -1.82442607e-03
-2.26510666e-01 5.37906200e-03 1.70723980e-05 2.84399166e-03 -1.82263027e-03
-2.24980800e-01 5.38573021e-03 2.09868139e-05 2.85653145e-03 -1.82073263e-03
-2.23450380e-01 5.39280990e-03 2.46899321e-05 2.86891955e-03 -1.81873458e-03
-2.21919408e-01 5.40029431e-03 2.81846416e-05 2.88116068e-03 -1.81663801e-03
-2.20387890e-01 5.40817540e-03 3.14753096e-05 2.89326026e-03 -1.81444518e-03
-2.18855828e-01 5.41644402e-03 3.45677509e-05 2.90522437e-03 -1.81215874e-03
-2.17323226e-01 5.42508992e-03 3.74691872e-05 2.91705975e-03 -1.80978168e-03
-2.15790088e-01 5.43410193e-03 4.01881951e-05 2.92877374e-03 -1.80731727e-03
-2.14256418e-01 5.44346801e-03 4.27346454e-05 2.94037428e-03 -1.80476903e-03
-2.12722219e-01 5.45317535e-03 4.51196316e-05 2.95186987e-03 -1.80214072e-03
-2.11187496e-01 5.46321051e-03 4.73553894e-05 2.96326957e-03 -1.79943626e-03
-2.09652252e-01 5.47355950e-03 4.94552073e-05 2.97458291e-03 -1.79665974e-03
-2.08116491e-01 5.48420786e-03 5.14333282e-05 2.98581991e-03 -1.79381535e-03
-2.06580217e-01 5.49514081e-03 5.33048439e-05 2.99699101e-03 -1.79090736e-03
-2.05043433e-01 5.50634332e-03 5.50855814e-05 3.00810705e-03 -1.78794010e-03
-2.03506144e-01 5.51780020e-03 5.67919835e-05 3.01917920e-03 -1.78491791e-03
-2.01968353e-01 5.52949621e-03 5.84409832e-05 3.03021894e-03 -1.78184513e-03
-2.00430064e-01 5.54141613e-03 6.00498728e-05 3.04123800e-03 -1.77872609e-03
-1.98891280e-01 5.55354484e-03 6.16361703e-05 3.05224829e-03 -1.77556506e-03
-1.97352006e-01 5.56586742e-03 6.32174811e-05 3.06326187e-03 -1.77236624e-03
-1.95812245e-01 5.57836920e-03 6.48113590e-05 3.07429088e-03 -1.76913376e-03
-1.94272002e-01 5.59103581e-03 6.64351651e-05 3.08534748e-03 -1.76587165e-03
-1.92731279e-01 5.60385329e-03 6.81059278e-05 3.09644377e-03 -1.76258384e-03
-1.91190081e-01 5.61680805e-03 6.98402026e-05 3.10759174e-03 -1.75927417e-03
-1.89648411e-01 5.62988700e-03 7.16539356e-05 3.11880320e-03 -1.75594635e-03
-1.88106274e-01 5.64307754e-03 7.35623291e-05 3.13008971e-03 -1.75260400e-03
-1.86563673e-01 5.65636758e-03 7.55797122e-05 3.14146249e-03 -1.74925061e-03
-1.85020611e-01 5.66974557e-03 7.77194165e-05 3.15293236e-03 -1.74588960e-03
-1.83477094e-01 5.68320052e-03 7.99936589e-05 3.16450968e-03 -1.74252426e-03
-1.81933124e-01 5.69672200e-03 8.24134315e-05 3.17620423e-03 -1.73915783e-03
-1.80388705e-01 5.71030013e-03 8.49884003e-05 3.18802519e-03 -1.73579346e-03
-1.78843841e-01 5.72392556e-03 8.77268134e-05 3.19998103e-03 -1.73243424e-03
-1.77298536e-01 5.73758950e-03 9.06354194e-05 3.21207945e-03 -1.72908322e-03
-1.75752795e-01 5.75128364e-03 9.37193974e-05 3.22432729e-03 -1.72574343e-03
-1.74206619e-01 5.76500018e-03 9.69822985e-05 3.23673052e-03 -1.72241788e-03
-1.72660014e-01 5.77873176e-03 1.00426001e-04 3.24929412e-03 -1.71910958e-03
-1.71112983e-01 5.79247144e-03 1.04050676e-04 3.26202203e-03 -1.71582157e-03
-1.69565531e-01 5.80621268e-03 1.07854772e-04 3.27491712e-03 -1.71255694e-03
-1.68017660e-01 5.81994929e-03 1.11835007e-04 3.28798112e-03 -1.70931881e-03
-1.66469374e-01 5.83367539e-03 1.15986380e-04 3.30121459e-03 -1.70611038e-03
-1.64920678e-01 5.84738537e-03 1.20302196e-04 3.31461688e-03 -1.70293495e-03
-1.63371576e-01 5.86107385e-03 1.24774102e-04 3.32818611e-03 -1.69979589e-03
-1.61822070e-01 5.87473566e-03 1.29392143e-04 3.34191913e-03 -1.69669670e-03
-1.60272166e-01 5.88836576e-03 1.34144828e-04 3.35581153e-03 -1.69364096e-03
-1.58721866e-01 5.90195928e-03 1.39019211e-04 3.36985764e-03 -1.69063241e-03
-1.57171175e-01 5.91551140e-03 1.44000990e-04 3.38405053e-03 -1.68767487e-03
-1.55620096e-01 5.92901741e-03 1.49074608e-04 3.39838202e-03 -1.68477232e-03
-1.54068633e-01 5.94247262e-03 1.54223379e-04 3.41284274e-03 -1.68192881e-03
-1.52516790e-01 5.95587239e-03 1.59429618e-04 3.42742212e-03 -1.67914853e-03
-1.50964572e-01 5.96921208e-03 1.64674781e-04 3.44210851e-03 -1.67643576e-03
-1.49411981e-01 5.98248710e-03 1.69939621e-04 3.45688918e-03 -1.67379485e-03
-1.47859021e-01 5.99569283e-03 1.75204345e-04 3.47175042e-03 -1.67123022e-03
-1.46305697e-01 6.00882472e-03 1.80448783e-04 3.48667764e-03 -1.66874634e-03
-1.44752012e-01 6.02187824e-03 1.85652561e-04 3.50165543e-03 -1.66634767e-03
-1.43197970e-01 6.03484893e-03 1.90795279e-04 3.51666768e-03 -1.66403869e-03
-1.41643575e-01 6.04773241e-03 1.95856693e-04 3.53169772e-03 -1.66182380e-03
-1.40088830e-01 6.06052444e-03 2.00816899e-04 3.54672840e-03 -1.65970733e-03
-1.38533740e-01 6.07322095e-03 2.05656513e-04 3.56174226e-03 -1.65769348e-03
-1.36978309e-01 6.08581809e-03 2.10356857e-04 3.57672165e-03 -1.65578630e-03
-1.35422539e-01 6.09831227e-03 2.14900134e-04 3.59164889e-03 -1.65398961e-03
-1.33866436e-01 6.11070026e-03 2.19269608e-04 3.60650642e-03 -1.65230700e-03
-1.32310002e-01 6.12297920e-03 2.23449765e-04 3.62127697e-03 -1.65074174e-03
-1.30753243e-01 6.13514671e-03 2.27426480e-04 3.63594370e-03 -1.64929673e-03
-1.29196160e-01 6.14720098e-03 2.31187168e-04 3.65049040e-03 -1.64797452e-03
-1.27638760e-01 6.15914076e-03 2.34720922e-04 3.66490161e-03 -1.64677714e-03
-1.26081044e-01 6.17096555e-03 2.38018645e-04 3.67916287e-03 -1.64570618e-03
-1.24523017e-01 6.18267558e-03 2.41073165e-04 3.69326080e-03 -1.64476263e-03
-1.22964684e-01 6.19427196e-03 2.43879337e-04 3.70718332e-03 -1.64394691e-03
-1.21406047e-01 6.20575671e-03 2.46434129e-04 3.72091978e-03 -1.64325877e-03
-1.19847110e-01 6.21713286e-03 2.48736688e-04 3.73446117e-03 -1.64269729e-03
-1.18287878e-01 6.22840451e-03 2.50788395e-04 3.74780019e-03 -1.64226082e-03
-1.16728355e-01 6.23957691e-03 2.52592899e-04 3.76093146e-03 -1.64194692e-03
-1.15168543e-01 6.25065650e-03 2.54156127e-04 3.77385161e-03 -1.64175237e-03
-1.13608448e-01 6.26165098e-03 2.55486280e-04 3.78655944e-03 -1.64167312e-03
-1.12048072e-01 6.27256937e-03 2.56593810e-04 3.79905596e-03 -1.64170427e-03
-1.10487420e-01 6.28342201e-03 2.57491373e-04 3.81134458e-03 -1.64184004e-03
-1.08926495e-01 6.29422065e-03 2.58193762e-04 3.82343109e-03 -1.64207377e-03
-1.07365302e-01 6.30497839e-03 2.58717826e-04 3.83532379e-03 -1.64239794e-03
-1.05803844e-01 6.31570979e-03 2.59082364e-04 3.84703350e-03 -1.64280414e-03
-1.04242126e-01 6.32643075e-03 2.59307998e-04 3.85857363e-03 -1.64328306e-03
-1.02680150e-01 6.33715861e-03 2.59417037e-04 3.86996012e-03 -1.64382457e-03
-1.01117920e-01 6.34791203e-03 2.59433315e-04 3.88121147e-03 -1.64441771e-03
-9.95554419e-02 6.35871099e-03 2.59382014e-04 3.89234874e-03 -1.64505072e-03
-9.79927178e-02 6.36957675e-03 2.59289476e-04 3.90339541e-03 -1.64571106e-03
-9.64297521e-02 6.38053175e-03 2.59182996e-04 3.91437738e-03 -1.64638553e-03
-9.48665486e-02 6.39159952e-03 2.59090606e-04 3.92532285e-03 -1.64706026e-03
-9.33031111e-02 6.40280462e-03 2.59040847e-04 3.93626220e-03 -1.64772080e-03
-9.17394435e-02 6.41417250e-03 2.59062531e-04 3.94722785e-03 -1.64835219e-03
-9.01755497e-02 6.42572940e-03 2.59184495e-04 3.95825412e-03 -1.64893905e-03
-8.86114334e-02 6.43750218e-03 2.59435356e-04 3.96937703e-03 -1.64946566e-03
-8.70470987e-02 6.44951822e-03 2.59843249e-04 3.98063412e-03 -1.64991604e-03
-8.54825493e-02 6.46180520e-03 2.60435581e-04 3.99206423e-03 -1.65027409e-03
-8.39177890e-02 6.47439099e-03 2.61238772e-04 4.00370728e-03 -1.65052365e-03
-8.23528218e-02 6.48730344e-03 2.62278001e-04 4.01560400e-03 -1.65064864e-03
-8.07876515e-02 6.50057018e-03 2.63576969e-04 4.02779570e-03 -1.65063318e-03
-7.92222820e-02 6.51421847e-03 2.65157650e-04 4.04032397e-03 -1.65046169e-03
-7.76567171e-02 6.52827496e-03 2.67040066e-04 4.05323041e-03 -1.65011902e-03
-7.60909607e-02 6.54276551e-03 2.69242069e-04 4.06655637e-03 -1.64959059e-03
-7.45250166e-02 6.55771497e-03 2.71779135e-04 4.08034256e-03 -1.64886247e-03
-7.29588887e-02 6.57314699e-03 2.74664176e-04 4.09462887e-03 -1.64792159e-03
-7.13925810e-02 6.58908381e-03 2.77907365e-04 4.10945395e-03 -1.64675576e-03
-6.98260971e-02 6.60554604e-03 2.81515987e-04 4.12485499e-03 -1.64535388e-03
-6.82594410e-02 6.62255248e-03 2.85494302e-04 4.14086737e-03 -1.64370602e-03
-6.66926166e-02 6.64011995e-03 2.89843439e-04 4.15752437e-03 -1.64180355e-03
-6.51256278e-02 6.65826304e-03 2.94561307e-04 4.17485689e-03 -1.63963924e-03
-6.35584783e-02 6.67699402e-03 2.99642536e-04 4.19289316e-03 -1.63720738e-03
-6.19911720e-02 6.69632259e-03 3.05078436e-04 4.21165845e-03 -1.63450386e-03
-6.04237129e-02 6.71625582e-03 3.10856990e-04 4.23117484e-03 -1.63152629e-03
-5.88561048e-02 6.73679794e-03 3.16962871e-04 4.25146100e-03 -1.62827408e-03
-5.72883515e-02 6.75795027e-03 3.23377489e-04 4.27253188e-03 -1.62474849e-03
-5.57204570e-02 6.77971108e-03 3.30079058e-04 4.29439862e-03 -1.62095269e-03
-5.41524250e-02 6.80207556e-03 3.37042700e-04 4.31706828e-03 -1.61689187e-03
-5.25842595e-02 6.82503571e-03 3.44240570e-04 4.34054374e-03 -1.61257320e-03
-5.10159643e-02 6.84858032e-03 3.51642009e-04 4.36482352e-03 -1.60800592e-03
-4.94475433e-02 6.87269495e-03 3.59213728e-04 4.38990175e-03 -1.60320133e-03
-4.78790003e-02 6.89736193e-03 3.66920006e-04 4.41576804e-03 -1.59817279e-03
-4.63103392e-02 6.92256041e-03 3.74722924e-04 4.44240742e-03 -1.59293570e-03
-4.47415640e-02 6.94826637e-03 3.82582613e-04 4.46980040e-03 -1.58750748e-03
-4.31726784e-02 6.97445274e-03 3.90457527e-04 4.49792294e-03 -1.58190756e-03
-4.16036863e-02 7.00108946e-03 3.98304733e-04 4.52674648e-03 -1.57615724e-03
-4.00345917e-02 7.02814364e-03 4.06080219e-04 4.55623808e-03 -1.57027971e-03
-3.84653983e-02 7.05557969e-03 4.13739219e-04 4.58636049e-03 -1.56429991e-03
-3.68961100e-02 7.08335948e-03 4.21236544e-04 4.61707233e-03 -1.55824442e-03
-3.53267308e-02 7.11144255e-03 4.28526934e-04 4.64832823e-03 -1.55214138e-03
-3.37572644e-02 7.13978631e-03 4.35565406e-04 4.68007908e-03 -1.54602036e-03
-3.21877148e-02 7.16834628e-03 4.42307617e-04 4.71227224e-03 -1.53991217e-03
-3.06180858e-02 7.19707635e-03 4.48710222e-04 4.74485183e-03 -1.53384876e-03
-2.90483813e-02 7.22592903e-03 4.54731238e-04 4.77775899e-03 -1.52786301e-03
-2.74786051e-02 7.25485574e-03 4.60330398e-04 4.81093225e-03 -1.52198859e-03
-2.59087612e-02 7.28380713e-03 4.65469505e-04 4.84430783e-03 -1.51625975e-03
-2.43388534e-02 7.31273337e-03 4.70112776e-04 4.87782003e-03 -1.51071110e-03
-2.27688855e-02 7.34158444e-03 4.74227170e-04 4.91140161e-03 -1.50537746e-03
-2.11988616e-02 7.37031054e-03 4.77782707e-04 4.94498417e-03 -1.50029360e-03
-1.96287853e-02 7.39886233e-03 4.80752768e-04 4.97849861e-03 -1.49549407e-03
-1.80586606e-02 7.42719131e-03 4.83114375e-04 5.01187550e-03 -1.49101290e-03
-1.64884914e-02 7.45525018e-03 4.84848449e-04 5.04504557e-03 -1.48688348e-03
-1.49182815e-02 7.48299310e-03 4.85940045e-04 5.07794011e-03 -1.48313826e-03
-1.33480349e-02 7.51037610e-03 4.86378558e-04 5.11049143e-03 -1.47980852e-03
-1.17777553e-02 7.53735733e-03 4.86157905e-04 5.14263330e-03 -1.47692423e-03
-1.02074466e-02 7.56389741e-03 4.85276672e-04 5.17430139e-03 -1.47451373e-03
-8.63711283e-03 7.58995975e-03 4.83738232e-04 5.20543368e-03 -1.47260359e-03
-7.06675773e-03 7.61551076e-03 4.81550830e-04 5.23597094e-03 -1.47121834e-03
-5.49638519e-03 7.64052019e-03 4.78727630e-04 5.26585706e-03 -1.47038035e-03
-3.92599911e-03 7.66496135e-03 4.75286735e-04 5.29503951e-03 -1.47010955e-03
-2.35560334e-03 7.68881133e-03 4.71251162e-04 5.32346966e-03 -1.47042331e-03
-7.85201758e-04 7.71205123e-03 4.66648788e-04 5.35110318e-03 -1.47133625e-03
7.85201758e-04 7.73466631e-03 4.61512256e-04 5.37790033e-03 -1.47286010e-03
2.35560334e-03 7.75664616e-03 4.55878846e-04 5.40382628e-03 -1.47500354e-03
3.92599911e-03 7.77798484e-03 4.49790312e-04 5.42885137e-03 -1.47777208e-03
5.49638519e-03 7.79868093e-03 4.43292685e-04 5.45295135e-03 -1.48116798e-03
7.06675773e-03 7.81873765e-03 4.36436036e-04 5.47610763e-03 -1.48519012e-03
8.63711283e-03 7.83816287e-03 4.29274215e-04 5.49830736e-03 -1.48983398e-03
1.02074466e-02 7.85696912e-03 4.21864558e-04 5.51954367e-03 -1.49509153e-03
1.17777553e-02 7.87517354e-03 4.14267555e-04 5.53981568e-03 -1.50095124e-03
1.33480349e-02 7.89279787e-03 4.06546506e-04 5.55912862e-03 -1.50739808e-03
1.49182815e-02 7.90986831e-03 3.98767139e-04 5.57749383e-03 -1.51441350e-03
1.64884914e-02 7.92641541e-03 3.90997216e-04 5.59492873e-03 -1.52197548e-03
1.80586606e-02 7.94247396e-03 3.83306110e-04 5.61145679e-03 -1.53005857e-03
1.96287853e-02 7.95808274e-03 3.75764373e-04 5.62710739e-03 -1.53863399e-03
2.11988616e-02 7.97328434e-03 3.68443285e-04 5.64191573e-03 -1.54766973e-03
2.27688855e-02 7.98812494e-03 3.61414390e-04 5.65592264e-03 -1.55713062e-03
2.43388534e-02 8.00265402e-03 3.54749034e-04 5.66917436e-03 -1.56697853e-03
2.59087612e-02 8.01692406e-03 3.48517886e-04 5.68172229e-03 -1.57717248e-03
2.74786051e-02 8.03099026e-03 3.42790467e-04 5.69362272e-03 -1.58766887e-03
2.90483813e-02 8.04491020e-03 3.37634672e-04 5.70493655e-03 -1.59842160e-03
3.06180858e-02 8.05874347e-03 3.33116311e-04 5.71572888e-03 -1.60938237e-03
3.21877148e-02 8.07255132e-03 3.29298641e-04 5.72606870e-03 -1.62050083e-03
3.37572644e-02 8.08639629e-03 3.26241927e-04 5.73602845e-03 -1.63172490e-03
3.53267308e-02 8.10034180e-03 3.24003005e-04 5.74568364e-03 -1.64300094e-03
3.68961100e-02 8.11445179e-03 3.22634868e-04 5.75511240e-03 -1.65427412e-03
3.84653983e-02 8.12879026e-03 3.22186278e-04 5.76439501e-03 -1.66548861e-03
4.00345917e-02 8.14342095e-03 3.22701395e-04 5.77361346e-03 -1.67658792e-03
4.16036863e-02 8.15840686e-03 3.24219434e-04 5.78285094e-03 -1.68751518e-03
4.31726784e-02 8.17380990e-03 3.26774353e-04 5.79219139e-03 -1.69821346e-03
4.47415640e-02 8.18969048e-03 3.30394574e-04 5.80171899e-03 -1.70862605e-03
4.63103392e-02 8.20610713e-03 3.35102736e-04 5.81151765e-03 -1.71869677e-03
4.78790003e-02 8.22311615e-03 3.40915481e-04 5.82167059e-03 -1.72837031e-03
4.94475433e-02 8.24077123e-03 3.47843280e-04 5.83225977e-03 -1.73759249e-03
5.10159643e-02 8.25912312e-03 3.55890301e-04 5.84336549e-03 -1.74631060e-03
5.25842595e-02 8.27821935e-03 3.65054308e-04 5.85506591e-03 -1.75447368e-03
5.41524250e-02 8.29810385e-03 3.75326609e-04 5.86743659e-03 -1.76203281e-03
5.57204570e-02 8.31881679e-03 3.86692041e-04 5.88055006e-03 -1.76894139e-03
5.72883515e-02 8.34039423e-03 3.99128996e-04 5.89447547e-03 -1.77515542e-03
5.88561048e-02 8.36286799e-03 4.12609490e-04 5.90927813e-03 -1.78063375e-03
6.04237129e-02 8.38626541e-03 4.27099272e-04 5.92501923e-03 -1.78533832e-03
6.19911720e-02 8.41060921e-03 4.42557974e-04 5.94175546e-03 -1.78923440e-03
6.35584783e-02 8.43591736e-03 4.58939302e-04 5.95953875e-03 -1.79229078e-03
6.51256278e-02 8.46220300e-03 4.76191261e-04 5.97841597e-03 -1.79448000e-03
6.66926166e-02 8.48947437e-03 4.94256418e-04 5.99842875e-03 -1.79577847e-03
6.82594410e-02 8.51773479e-03 5.13072210e-04 6.01961326e-03 -1.79616669e-03
6.98260971e-02 8.54698266e-03 5.32571267e-04 6.04200002e-03 -1.79562931e-03
7.13925810e-02 8.57721150e-03 5.52681784e-04 6.06561383e-03 -1.79415530e-03
7.29588887e-02 8.60841005e-03 5.73327911e-04 6.09047369e-03 -1.79173801e-03
7.45250166e-02 8.64056234e-03 5.94430174e-04 6.11659268e-03 -1.78837521e-03
7.60909607e-02 8.67364784e-03 6.15905916e-04 6.14397803e-03 -1.78406918e-03
7.76567171e-02 8.70764164e-03 6.37669764e-04 6.17263113e-03 -1.77882668e-03
7.92222820e-02 8.74251464e-03 6.59634109e-04 6.20254755e-03 -1.77265898e-03
8.07876515e-02 8.77823374e-03 6.81709603e-04 6.23371719e-03 -1.76558179e-03
8.23528218e-02 8.81476216e-03 7.03805666e-04 6.26612440e-03 -1.75761521e-03
8.39177890e-02 8.85205965e-03 7.25830999e-04 6.29974814e-03 -1.74878367e-03
8.54825493e-02 8.89008279e-03 7.47694111e-04 6.33456219e-03 -1.73911579e-03
8.70470987e-02 8.92878534e-03 7.69303833e-04 6.37053537e-03 -1.72864431e-03
8.86114334e-02 8.96811855e-03 7.90569843e-04 6.40763180e-03 -1.71740585e-03
9.01755497e-02 9.00803147e-03 8.11403177e-04 6.44581120e-03 -1.70544085e-03
9.17394435e-02 9.04847138e-03 8.31716738e-04 6.48502918e-03 -1.69279326e-03
9.33031111e-02 9.08938407e-03 8.51425788e-04 6.52523754e-03 -1.67951045e-03
9.48665486e-02 9.13071429e-03 8.70448425e-04 6.56638469e-03 -1.66564288e-03
9.64297521e-02 9.17240605e-03 8.88706051e-04 6.60841595e-03 -1.65124392e-03
9.79927178e-02 9.21440307e-03 9.06123805e-04 6.65127394e-03 -1.63636958e-03
9.95554419e-02 9.25664911e-03 9.22630985e-04 6.69489899e-03 -1.62107820e-03
1.01117920e-01 9.29908832e-03 9.38161440e-04 6.73922951e-03 -1.60543021e-03
1.02680150e-01 9.34166567e-03 9.52653928e-04 6.78420238e-03 -1.58948783e-03
1.04242126e-01 9.38432723e-03 9.66052457e-04 6.82975339e-03 -1.57331475e-03
1.05803844e-01 9.42702058e-03 9.78306576e-04 6.87581761e-03 -1.55697581e-03
1.07365302e-01 9.46969508e-03 9.89371650e-04 6.92232977e-03 -1.54053673e-03
1.08926495e-01 9.51230220e-03 9.99209089e-04 6.96922472e-03 -1.52406373e-03
1.10487420e-01 9.55479583e-03 1.00778654e-03 7.01643772e-03 -1.50762326e-03
1.12048072e-01 9.59713254e-03 1.01507805e-03 7.06390489e-03 -1.49128167e-03
1.13608448e-01 9.63927182e-03 1.02106417e-03 7.11156353e-03 -1.47510488e-03
1.15168543e-01 9.68117631e-03 1.02573207e-03 7.15935245e-03 -1.45915804e-03
1.16728355e-01 9.72281200e-03 1.02907554e-03 7.20721234e-03 -1.44350530e-03
1.18287878e-01 9.76414845e-03 1.03109500e-03 7.25508604e-03 -1.42820943e-03
1.19847110e-01 9.80515885e-03 1.03179752e-03 7.30291883e-03 -1.41333155e-03
1.21406047e-01 9.84582022e-03 1.03119665e-03 7.35065869e-03 -1.39893087e-03
1.22964684e-01 9.88611347e-03 1.02931239e-03 7.39825656e-03 -1.38506439e-03
1.24523017e-01 9.92602347e-03 1.02617103e-03 7.44566654e-03 -1.37178667e-03
1.26081044e-01 9.96553908e-03 1.02180492e-03 7.49284606e-03 -1.35914955e-03
1.27638760e-01 1.00046532e-02 1.01625231e-03 7.53975607e-03 -1.34720196e-03
1.29196160e-01 1.00433626e-02 1.00955709e-03 7.58636117e-03 -1.33598968e-03
1.30753243e-01 1.00816681e-02 1.00176851e-03 7.63262970e-03 -1.32555515e-03
1.32310002e-01 1.01195745e-02 9.92940869e-04 7.67853384e-03 -1.31593731e-03
1.33866436e-01 1.01570900e-02 9.83133197e-04 7.72404966e-03 -1.30717144e-03
1.35422539e-01 1.01942268e-02 9.72408904e-04 7.76915714e-03 -1.29928901e-03
1.36978309e-01 1.02310005e-02 9.60835403e-04 7.81384017e-03 -1.29231758e-03
1.38533740e-01 1.02674299e-02 9.48483724e-04 7.85808656e-03 -1.28628068e-03
1.40088830e-01 1.03035371e-02 9.35428099e-04 7.90188793e-03 -1.28119779e-03
1.41643575e-01 1.03393472e-02 9.21745553e-04 7.94523970e-03 -1.27708423e-03
1.43197970e-01 1.03748877e-02 9.07515466e-04 7.98814096e-03 -1.27395114e-03
1.44752012e-01 1.04101890e-02 8.92819138e-04 8.03059437e-03 -1.27180551e-03
1.46305697e-01 1.04452835e-02 8.77739349e-04 8.07260603e-03 -1.27065015e-03
1.47859021e-01 1.04802055e-02 8.62359913e-04 8.11418530e-03 -1.27048374e-03
1.49411981e-01 1.05149913e-02 8.46765233e-04 8.15534468e-03 -1.27130086e-03
1.50964572e-01 1.05496784e-02 8.31039859e-04 8.19609959e-03 -1.27309211e-03
1.52516790e-01 1.05843055e-02 8.15268059e-04 8.23646819e-03 -1.27584415e-03
1.54068633e-01 1.06189123e-02 7.99533384e-04 8.27647116e-03 -1.27953984e-03
1.55620096e-01 1.06535390e-02 7.83918259e-04 8.31613152e-03 -1.28415834e-03
1.57171175e-01 1.06882263e-02 7.68503573e-04 8.35547437e-03 -1.28967530e-03
1.58721866e-01 1.07230146e-02 7.53368296e-04 8.39452667e-03 -1.29606297e-03
1.60272166e-01 1.07579446e-02 7.38589104e-04 8.43331704e-03 -1.30329038e-03
1.61822070e-01 1.07930561e-02 7.24240029e-04 8.47187547e-03 -1.31132357e-03
1.63371576e-01 1.08283884e-02 7.10392125e-04 8.51023315e-03 -1.32012574e-03
1.64920678e-01 1.08639798e-02 6.97113159e-04 8.54842219e-03 -1.32965748e-03
1.66469374e-01 1.08998675e-02 6.84467325e-04 8.58647540e-03 -1.33987698e-03
1.68017660e-01 1.09360873e-02 6.72514982e-04 8.62442610e-03 -1.35074027e-03
1.69565531e-01 1.09726732e-02 6.61312420e-04 8.66230784e-03 -1.36220146e-03
1.71112983e-01 1.10096578e-02 6.50911648e-04 8.70015426e-03 -1.37421293e-03
1.72660014e-01 1.10470715e-02 6.41360216e-04 8.73799883e-03 -1.38672566e-03
1.74206619e-01 1.10849429e-02 6.32701056e-04 8.77587467e-03 -1.39968939e-03
1.75752795e-01 1.11232980e-02 6.24972362e-04 8.81381441e-03 -1.41305293e-03
1.77298536e-01 1.11621610e-02 6.18207486e-04 8.85184994e-03 -1.42676435e-03
1.78843841e-01 1.12015533e-02 6.12434874e-04 8.89001234e-03 -1.44077129e-03
1.80388705e-01 1.12414941e-02 6.07678020e-04 8.92833167e-03 -1.45502118e-03
1.81933124e-01 1.12820000e-02 6.03955453e-04 8.96683686e-03 -1.46946144e-03
1.83477094e-01 1.13230851e-02 6.01280749e-04 9.00555560e-03 -1.48403977e-03
1.85020611e-01 1.13647609e-02 5.99662573e-04 9.04451420e-03 -1.49870438e-03
1.86563673e-01 1.14070363e-02 5.99104737e-04 9.08373755e-03 -1.51340414e-03
1.88106274e-01 1.14499179e-02 5.99606293e-04 9.12324901e-03 -1.52808890e-03
1.89648411e-01 1.14934096e-02 6.01161643e-04 9.16307036e-03 -1.54270960e-03
1.91190081e-01 1.15375130e-02 6.03760673e-04 9.20322174e-03 -1.55721852e-03
1.92731279e-01 1.15822274e-02 6.07388906e-04 9.24372162e-03 -1.57156944e-03
1.94272002e-01 1.16275496e-02 6.12027680e-04 9.28458678e-03 -1.58571782e-03
1.95812245e-01 1.16734745e-02 6.17654331e-04 9.32583231e-03 -1.59962096e-03
1.97352006e-01 1.17199948e-02 6.24242409e-04 9.36747159e-03 -1.61323815e-03
1.98891280e-01 1.17671013e-02 6.31761895e-04 9.40951631e-03 -1.62653077e-03
2.00430064e-01 1.18147830e-02 6.40179437e-04 9.45197651e-03 -1.63946247e-03
2.01968353e-01 1.18630273e-02 6.49458599e-04 9.49486059e-03 -1.65199921e-03
2.03506144e-01 1.19118199e-02 6.59560112e-04 9.53817539e-03 -1.66410940e-03
2.05043433e-01 1.19611453e-02 6.70442142e-04 9.58192618e-03 -1.67576395e-03
2.06580217e-01 1.20109868e-02 6.82060557e-04 9.62611680e-03 -1.68693633e-03
2.08116491e-01 1.20613266e-02 6.94369200e-04 9.67074965e-03 -1.69760265e-03
2.09652252e-01 1.21121459e-02 7.07320170e-04 9.71582582e-03 -1.70774163e-03
2.11187496e-01 1.21634253e-02 7.20864097e-04 9.76134512e-03 -1.71733469e-03
2.12722219e-01 1.22151448e-02 7.34950418e-04 9.80730619e-03 -1.72636590e-03
2.14256418e-01 1.22672839e-02 7.49527655e-04 9.85370660e-03 -1.73482199e-03
2.15790088e-01 1.23198221e-02 7.64543684e-04 9.90054288e-03 -1.74269234e-03
2.17323226e-01 1.23727384e-02 7.79946006e-04 9.94781066e-03 -1.74996893e-03
2.18855828e-01 1.24260121e-02 7.95682001e-04 9.99550474e-03 -1.75664627e-03
2.20387890e-01 1.24796226e-02 8.11699187e-04 1.00436192e-02 -1.76272141e-03
2.21919408e-01 1.25335496e-02 8.27945459e-04 1.00921474e-02 -1.76819380e-03
2.23450380e-01 1.25877732e-02 8.44369328e-04 1.01410823e-02 -1.77306523e-03
2.24980800e-01 1.26422741e-02 8.60920142e-04 1.01904162e-02 -1.77733976e-03
2.26510666e-01 1.26970336e-02 8.77548297e-04 1.02401412e-02 -1.78102361e-03
2.28039973e-01 1.27520339e-02 8.94205438e-04 1.02902488e-02 -1.78412506e-03
2.29568717e-01 1.28072577e-02 9.10844645e-04 1.03407307e-02 -1.78665431e-03
2.31096895e-01 1.28626890e-02 9.27420606e-04 1.03915780e-02 -1.78862340e-03
2.32624504e-01 1.29183125e-02 9.43889775e-04 1.04427822e-02 -1.79004606e-03
2.34151539e-01 1.29741142e-02 9.60210515e-04 1.04943343e-02 -1.79093759e-03
2.35677996e-01 1.30300811e-02 9.76343227e-04 1.05462258e-02 -1.79131474e-03
2.37203872e-01 1.30862012e-02 9.92250469e-04 1.05984480e-02 -1.79119555e-03
2.38729163e-01 1.31424639e-02 1.00789705e-03 1.06509925e-02 -1.79059922e-03
2.40253865e-01 1.31988597e-02 1.02325010e-03 1.07038512e-02 -1.78954600e-03
2.41777975e-01 1.32553803e-02 1.03827918e-03 1.07570162e-02 -1.78805702e-03
2.43301489e-01 1.33120186e-02 1.05295630e-03 1.08104800e-02 -1.78615418e-03
2.44824402e-01 1.33687688e-02 1.06725596e-03 1.08642353e-02 -1.78385999e-03
2.46346712e-01 1.34256261e-02 1.08115518e-03 1.09182753e-02 -1.78119746e-03
2.47868414e-01 1.34825873e-02 1.09463354e-03 1.09725937e-02 -1.77818996e-03
2.49389505e-01 1.35396498e-02 1.10767314e-03 1.10271845e-02 -1.77486109e-03
2.50909981e-01 1.35968126e-02 1.12025859e-03 1.10820424e-02 -1.77123458e-03
2.52429838e-01 1.36540755e-02 1.13237702e-03 1.11371624e-02 -1.76733414e-03
2.53949073e-01 1.37114395e-02 1.14401799e-03 1.11925401e-02 -1.76318340e-03
2.55467681e-01 1.37689065e-02 1.15517350e-03 1.12481717e-02 -1.75880576e-03
2.56985659e-01 1.38264795e-02 1.16583786e-03 1.13040538e-02 -1.75422429e-03
2.58503004e-01 1.38841622e-02 1.17600770e-03 1.13601837e-02 -1.74946170e-03
2.60019711e-01 1.39419594e-02 1.18568183e-03 1.14165592e-02 -1.74454017e-03
2.61535776e-01 1.39998763e-02 1.19486120e-03 1.14731787e-02 -1.73948136e-03
2.63051197e-01 1.40579193e-02 1.20354879e-03 1.15300410e-02 -1.73430625e-03
2.64565969e-01 1.41160951e-02 1.21174949e-03 1.15871457e-02 -1.72903518e-03
2.66080089e-01 1.41744112e-02 1.21947006e-03 1.16444928e-02 -1.72368769e-03
2.67593552e-01 1.42328755e-02 1.22671897e-03 1.17020830e-02 -1.71828258e-03
2.69106356e-01 1.42914966e-02 1.23350629e-03 1.17599173e-02 -1.71283777e-03
2.70618495e-01 1.43502833e-02 1.23984362e-03 1.18179974e-02 -1.70737035e-03
2.72129968e-01 1.44092450e-02 1.24574393e-03 1.18763256e-02 -1.70189652e-03
2.73640769e-01 1.44683913e-02 1.25122148e-03 1.19349045e-02 -1.69643158e-03
2.75150895e-01 1.45277319e-02 1.25629166e-03 1.19937374e-02 -1.69098990e-03
2.76660343e-01 1.45872771e-02 1.26097092e-03 1.20528280e-02 -1.68558496e-03
2.78169109e-01 1.46470370e-02 1.26527662e-03 1.21121803e-02 -1.68022933e-03
2.79677188e-01 1.47070220e-02 1.26922694e-03 1.21717991e-02 -1.67493467e-03
2.81184578e-01 1.47672426e-02 1.27284074e-03 1.22316894e-02 -1.66971176e-03
2.82691274e-01 1.48277092e-02 1.27613747e-03 1.22918565e-02 -1.66457053e-03
2.84197274e-01 1.48884323e-02 1.27913706e-03 1.23523064e-02 -1.65952004e-03
2.85702572e-01 1.49494224e-02 1.28185982e-03 1.24130451e-02 -1.65456857e-03
2.87207166e-01 1.50106898e-02 1.28432631e-03 1.24740793e-02 -1.64972360e-03
2.88711051e-01 1.50722447e-02 1.28655730e-03 1.25354157e-02 -1.64499190e-03
2.90214224e-01 1.51340974e-02 1.28857362e-03 1.25970615e-02 -1.64037950e-03
2.91716682e-01 1.51962577e-02 1.29039611e-03 1.26590239e-02 -1.63589178e-03
2.93218420e-01 1.52587355e-02 1.29204553e-03 1.27213107e-02 -1.63153350e-03
2.94719436e-01 1.53215403e-02 1.29354248e-03 1.27839296e-02 -1.62730883e-03
2.96219724e-01 1.53846817e-02 1.29490733e-03 1.28468885e-02 -1.62322141e-03
2.97719282e-01 1.54481688e-02 1.29616016e-03 1.29101955e-02 -1.61927438e-03
2.99218105e-01 1.55120105e-02 1.29732069e-03 1.29738588e-02 -1.61547043e-03
3.00716191e-01 1.55762155e-02 1.29840822e-03 1.30378867e-02 -1.61181182e-03
3.02213535e-01 1.56407922e-02 1.29944162e-03 1.31022873e-02 -1.60830046e-03
3.03710134e-01 1.57057489e-02 1.30043923e-03 1.31670690e-02 -1.60493789e-03
3.05205983e-01 1.57710934e-02 1.30141886e-03 1.32322401e-02 -1.60172538e-03
3.06701080e-01 1.58368334e-02 1.30239772e-03 1.32978085e-02 -1.59866391e-03
3.08195421e-01 1.59029762e-02 1.30339245e-03 1.33637825e-02 -1.59575422e-03
3.09689002e-01 1.59695290e-02 1.30441902e-03 1.34301699e-02 -1.59299684e-03
3.11181819e-01 1.60364984e-02 1.30549278e-03 1.34969784e-02 -1.59039210e-03
3.12673868e-01 1.61038912e-02 1.30662840e-03 1.35642156e-02 -1.58794017e-03
3.14165146e-01 1.61717135e-02 1.30783985e-03 1.36318887e-02 -1.58564103e-03
3.15655650e-01 1.62399712e-02 1.30914045e-03 1.37000048e-02 -1.58349456e-03
3.17145375e-01 1.63086703e-02 1.31054278e-03 1.37685706e-02 -1.58150046e-03
3.18634318e-01 1.63778160e-02 1.31205876e-03 1.38375924e-02 -1.57965831e-03
3.20122475e-01 1.64474136e-02 1.31369958e-03 1.39070763e-02 -1.57796757e-03
3.21609843e-01 1.65174680e-02 1.31547577e-03 1.39770281e-02 -1.57642753e-03
3.23096417e-01 1.65879840e-02 1.31739713e-03 1.40474528e-02 -1.57503737e-03
3.24582195e-01 1.66589660e-02 1.31947280e-03 1.41183555e-02 -1.57379608e-03
3.26067172e-01 1.67304182e-02 1.32171123e-03 1.41897406e-02 -1.57270253e-03
3.27551345e-01 1.68023447e-02 1.32412021e-03 1.42616121e-02 -1.57175535e-03
3.29034710e-01 1.68747491e-02 1.32670686e-03 1.43339736e-02 -1.57095302e-03
3.30517264e-01 1.69476352e-02 1.32947766e-03 1.44068281e-02 -1.57029377e-03
3.31999003e-01 1.70210063e-02 1.33243844e-03 1.44801785e-02 -1.56977560e-03
3.33479923e-01 1.70948656e-02 1.33559441e-03 1.45540269e-02 -1.56939622e-03
3.34960021e-01 1.71692162e-02 1.33895016e-03 1.46283753e-02 -1.56915309e-03
3.36439292e-01 1.72440610e-02 1.34250965e-03 1.47032249e-02 -1.56904333e-03
3.37917734e-01 1.73194027e-02 1.34627628e-03 1.47785769e-02 -1.56906372e-03
3.39395342e-01 1.73952440e-02 1.35025282e-03 1.48544317e-02 -1.56921069e-03
3.40872114e-01 1.74715875e-02 1.35444149e-03 1.49307898e-02 -1.56948027e-03
3.42348044e-01 1.75484355e-02 1.35884391e-03 1.50076510e-02 -1.56986810e-03
3.43823131e-01 1.76257905e-02 1.36346114e-03 1.50850150e-02 -1.57036937e-03
3.45297369e-01 1.77036547e-02 1.36829369e-03 1.51628811e-02 -1.57097884e-03
3.46770756e-01 1.77820305e-02 1.37334149e-03 1.52412485e-02 -1.57169081e-03
3.48243288e-01 1.78609202e-02 1.37860395e-03 1.53201161e-02 -1.57249911e-03
3.49714961e-01 1.79403260e-02 1.38407988e-03 1.53994828e-02 -1.57339706e-03
3.51185772e-01 1.80202502e-02 1.38976759e-03 1.54793472e-02 -1.57437753e-03
3.52655716e-01 1.81006952e-02 1.39566481e-03 1.55597081e-02 -1.57543288e-03
3.54124791e-01 1.81816635e-02 1.40176875e-03 1.56405640e-02 -1.57655499e-03
3.55592992e-01 1.82631575e-02 1.40807606e-03 1.57219137e-02 -1.57773527e-03
3.57060317e-01 1.83451799e-02 1.41458285e-03 1.58037560e-02 -1.57896465e-03
3.58526760e-01 1.84277334e-02 1.42128469e-03 1.58860899e-02 -1.58023363e-03
3.59992320e-01 1.85108210e-02 1.42817661e-03 1.59689144e-02 -1.58153228e-03
3.61456992e-01 1.85944457e-02 1.43525310e-03 1.60522290e-02 -1.58285027e-03
3.62920772e-01 1.86786108e-02 1.44250810e-03 1.61360334e-02 -1.58417690e-03
3.64383658e-01 1.87633198e-02 1.44993503e-03 1.62203277e-02 -1.58550116e-03
3.65845645e-01 1.88485763e-02 1.45752677e-03 1.63051123e-02 -1.58681173e-03
3.67306729e-01 1.89343842e-02 1.46527568e-03 1.63903880e-02 -1.58809708e-03
3.68766908e-01 1.90207476e-02 1.47317359e-03 1.64761563e-02 -1.58934548e-03
3.70226177e-01 1.91076711e-02 1.48121183e-03 1.65624189e-02 -1.59054506e-03
3.71684534e-01 1.91951591e-02 1.48938122e-03 1.66491783e-02 -1.59168389e-03
3.73141973e-01 1.92832166e-02 1.49767211e-03 1.67364375e-02 -1.59275004e-03
3.74598493e-01 1.93718487e-02 1.50607434e-03 1.68241999e-02 -1.59373161e-03
3.76054088e-01 1.94610609e-02 1.51457735e-03 1.69124697e-02 -1.59461685e-03
3.77508756e-01 1.95508587e-02 1.52317009e-03 1.70012518e-02 -1.59539422e-03
3.78962493e-01 1.96412482e-02 1.53184115e-03 1.70905515e-02 -1.59605242e-03
3.80415296e-01 1.97322354e-02 1.54057869e-03 1.71803748e-02 -1.59658052e-03
3.81867160e-01 1.98238267e-02 1.54937056e-03 1.72707285e-02 -1.59696800e-03
3.83318083e-01 1.99160286e-02 1.55820425e-03 1.73616197e-02 -1.59720485e-03
3.84768060e-01 2.00088479e-02 1.56706700e-03 1.74530562e-02 -1.59728160e-03
3.86217089e-01 2.01022915e-02 1.57594578e-03 1.75450465e-02 -1.59718946e-03
3.87665165e-01 2.01963664e-02 1.58482736e-03 1.76375996e-02 -1.59692032e-03
3.89112285e-01 2.02910797e-02 1.59369836e-03 1.77307248e-02 -1.59646689e-03
3.90558445e-01 2.03864388e-02 1.60254531e-03 1.78244321e-02 -1.59582270e-03
3.92003642e-01 2.04824507e-02 1.61135465e-03 1.79187317e-02 -1.59498220e-03
3.93447872e-01 2.05791228e-02 1.62011285e-03 1.80136344e-02 -1.59394081e-03
3.94891132e-01 2.06764622e-02 1.62880641e-03 1.81091510e-02 -1.59269496e-03
3.96333418e-01 2.07744762e-02 1.63742198e-03 1.82052928e-02 -1.59124216e-03
3.97774727e-01 2.08731717e-02 1.64594636e-03 1.83020711e-02 -1.58958102e-03
3.99215055e-01 2.09725556e-02 1.65436660e-03 1.83994973e-02 -1.58771131e-03
4.00654398e-01 2.10726346e-02 1.66267006e-03 1.84975831e-02 -1.58563394e-03
4.02092753e-01 2.11734150e-02 1.67084449e-03 1.85963397e-02 -1.58335104e-03
4.03530117e-01 2.12749029e-02 1.67887805e-03 1.86957786e-02 -1.58086592e-03
4.04966485e-01 2.13771042e-02 1.68675942e-03 1.87959108e-02 -1.57818311e-03
4.06401855e-01 2.14800242e-02 1.69447787e-03 1.88967471e-02 -1.57530836e-03
4.07836222e-01 2.15836679e-02 1.70202328e-03 1.89982981e-02 -1.57224857e-03
4.09269584e-01 2.16880397e-02 1.70938628e-03 1.91005738e-02 -1.56901186e-03
4.10701936e-01 2.17931436e-02 1.71655822e-03 1.92035837e-02 -1.56560745e-03
4.12133276e-01 2.18989830e-02 1.72353131e-03 1.93073367e-02 -1.56204569e-03
4.13563599e-01 2.20055608e-02 1.73029866e-03 1.94118411e-02 -1.55833798e-03
4.14992902e-01 2.21128792e-02 1.73685430e-03 1.95171045e-02 -1.55449673e-03
4.16421181e-01 2.22209398e-02 1.74319327e-03 1.96231336e-02 -1.55053528e-03
4.17848434e-01 2.23297436e-02 1.74931166e-03 1.97299344e-02 -1.54646787e-03
4.19274656e-01 2.24392907e-02 1.75520665e-03 1.98375119e-02 -1.54230950e-03
4.20699844e-01 2.25495807e-02 1.76087654e-03 1.99458702e-02 -1.53807589e-03
4.22123995e-01 2.26606124e-02 1.76632081e-03 2.00550124e-02 -1.53378341e-03
4.23547105e-01 2.27723839e-02 1.77154011e-03 2.01649406e-02 -1.52944891e-03
4.24969170e-01 2.28848926e-02 1.77653632e-03 2.02756558e-02 -1.52508970e-03
4.26390187e-01 2.29981352e-02 1.78131254e-03 2.03871581e-02 -1.52072337e-03
4.27810152e-01 2.31121077e-02 1.78587309e-03 2.04994463e-02 -1.51636774e-03
4.29229063e-01 2.32268053e-02 1.79022355e-03 2.06125184e-02 -1.51204071e-03
4.30646915e-01 2.33422226e-02 1.79437072e-03 2.07263711e-02 -1.50776017e-03
4.32063705e-01 2.34583537e-02 1.79832261e-03 2.08410003e-02 -1.50354385e-03
4.33479429e-01 2.35751919e-02 1.80208842e-03 2.09564006e-02 -1.49940924e-03
4.34894084e-01 2.36927300e-02 1.80567853e-03 2.10725658e-02 -1.49537342e-03
4.36307667e-01 2.38109603e-02 1.80910444e-03 2.11894887e-02 -1.49145302e-03
4.37720174e-01 2.39298747e-02 1.81237872e-03 2.13071614e-02 -1.48766403e-03
4.39131601e-01 2.40494645e-02 1.81551500e-03 2.14255747e-02 -1.48402173e-03
4.40541946e-01 2.41697207e-02 1.81852786e-03 2.15447192e-02 -1.48054057e-03
4.41951203e-01 2.42906342e-02 1.82143280e-03 2.16645843e-02 -1.47723405e-03
4.43359371e-01 2.44121955e-02 1.82424613e-03 2.17851591e-02 -1.47411467e-03
4.44766446e-01 2.45343948e-02 1.82698496e-03 2.19064321e-02 -1.47119377e-03
4.46172424e-01 2.46572225e-02 1.82966701e-03 2.20283912e-02 -1.46848149e-03
4.47577301e-01 2.47806689e-02 1.83231063e-03 2.21510242e-02 -1.46598670e-03
4.48981074e-01 2.49047244e-02 1.83493460e-03 2.22743184e-02 -1.46371687e-03
4.50383741e-01 2.50293793e-02 1.83755813e-03 2.23982611e-02 -1.46167808e-03
4.51785296e-01 2.51546245e-02 1.84020066e-03 2.25228397e-02 -1.45987491e-03
4.53185738e-01 2.52804509e-02 1.84288182e-03 2.26480412e-02 -1.45831045e-03
4.54585061e-01 2.54068500e-02 1.84562129e-03 2.27738533e-02 -1.45698620e-03
4.55983264e-01 2.55338138e-02 1.84843870e-03 2.29002637e-02 -1.45590212e-03
4.57380342e-01 2.56613346e-02 1.85135348e-03 2.30272605e-02 -1.45505656e-03
4.58776292e-01 2.57894056e-02 1.85438479e-03 2.31548323e-02 -1.45444630e-03
4.60171111e-01 2.59180206e-02 1.85755141e-03 2.32829684e-02 -1.45406655e-03
4.61564795e-01 2.60471740e-02 1.86087156e-03 2.34116588e-02 -1.45391093e-03
4.62957340e-01 2.61768613e-02 1.86436286e-03 2.35408940e-02 -1.45397157e-03
4.64348744e-01 2.63070788e-02 1.86804220e-03 2.36706659e-02 -1.45423911e-03
4.65739003e-01 2.64378237e-02 1.87192560e-03 2.38009669e-02 -1.45470274e-03
4.67128113e-01 2.65690944e-02 1.87602817e-03 2.39317907e-02 -1.45535030e-03
4.68516071e-01 2.67008900e-02 1.88036396e-03 2.40631321e-02 -1.45616834e-03
4.69902874e-01 2.68332109e-02 1.88494590e-03 2.41949871e-02 -1.45714219e-03
4.71288518e-01 2.69660588e-02 1.88978569e-03 2.43273528e-02 -1.45825604e-03
4.72672999e-01 2.70994363e-02 1.89489378e-03 2.44602277e-02 -1.45949307e-03
4.74056315e-01 2.72333472e-02 1.90027921e-03 2.45936117e-02 -1.46083554e-03
4.75438462e-01 2.73677965e-02 1.90594963e-03 2.47275061e-02 -1.46226488e-03
4.76819436e-01 2.75027905e-02 1.91191121e-03 2.48619134e-02 -1.46376183e-03
4.78199234e-01 2.76383364e-02 1.91816861e-03 2.49968376e-02 -1.46530656e-03
4.79577853e-01 2.77744430e-02 1.92472491e-03 2.51322842e-02 -1.46687880e-03
4.80955289e-01 2.79111198e-02 1.93158165e-03 2.52682600e-02 -1.46845792e-03
4.82331539e-01 2.80483777e-02 1.93873877e-03 2.54047730e-02 -1.47002314e-03
4.83706600e-01 2.81862286e-02 1.94619461e-03 2.55418330e-02 -1.47155358e-03
4.85080468e-01 2.83246854e-02 1.95394594e-03 2.56794506e-02 -1.47302845e-03
4.86453139e-01 2.84637621e-02 1.96198796e-03 2.58176381e-02 -1.47442715e-03
4.87824611e-01 2.86034736e-02 1.97031431e-03 2.59564088e-02 -1.47572938e-03
4.89194880e-01 2.87438357e-02 1.97891717e-03 2.60957772e-02 -1.47691533e-03
4.90563942e-01 2.88848650e-02 1.98778722e-03 2.62357589e-02 -1.47796571e-03
4.91931794e-01 2.90265788e-02 1.99691378e-03 2.63763703e-02 -1.47886193e-03
4.93298434e-01 2.91689952e-02 2.00628482e-03 2.65176292e-02 -1.47958619e-03
4.94663856e-01 2.93121328e-02 2.01588708e-03 2.66595538e-02 -1.48012157e-03
4.96028059e-01 2.94560108e-02 2.02570611e-03 2.68021632e-02 -1.48045215e-03
4.97391039e-01 2.96006486e-02 2.03572640e-03 2.69454773e-02 -1.48056307e-03
4.98752791e-01 2.97460663e-02 2.04593145e-03 2.70895162e-02 -1.48044062e-03
5.00113314e-01 2.98922840e-02 2.05630390e-03 2.72343009e-02 -1.48007231e-03
5.01472604e-01 3.00393221e-02 2.06682563e-03 2.73798524e-02 -1.47944694e-03
5.02830656e-01 3.01872009e-02 2.07747787e-03 2.75261921e-02 -1.47855462e-03
5.04187469e-01 3.03359409e-02 2.08824133e-03 2.76733416e-02 -1.47738683e-03
5.05543038e-01 3.04855624e-02 2.09909632e-03 2.78213223e-02 -1.47593645e-03
5.06897361e-01 3.06360856e-02 2.11002289e-03 2.79701559e-02 -1.47419775e-03
5.08250433e-01 3.07875304e-02 2.12100091e-03 2.81198638e-02 -1.47216643e-03
5.09602252e-01 3.09399163e-02 2.13201026e-03 2.82704670e-02 -1.46983961e-03
5.10952815e-01 3.10932626e-02 2.14303090e-03 2.84219864e-02 -1.46721577e-03
5.12302117e-01 3.12475880e-02 2.15404306e-03 2.85744426e-02 -1.46429478e-03
5.13650155e-01 3.14029106e-02 2.16502728e-03 2.87278554e-02 -1.46107786e-03
5.14996927e-01 3.15592482e-02 2.17596459e-03 2.88822444e-02 -1.45756747e-03
5.16342429e-01 3.17166177e-02 2.18683661e-03 2.90376283e-02 -1.45376733e-03
5.17686658e-01 3.18750354e-02 2.19762564e-03 2.91940256e-02 -1.44968234e-03
5.19029610e-01 3.20345172e-02 2.20831480e-03 2.93514536e-02 -1.44531846e-03
5.20371281e-01 3.21950779e-02 2.21888808e-03 2.95099293e-02 -1.44068270e-03
5.21711670e-01 3.23567318e-02 2.22933046e-03 2.96694688e-02 -1.43578298e-03
5.23050772e-01 3.25194922e-02 2.23962799e-03 2.98300875e-02 -1.43062807e-03
5.24388584e-01 3.26833721e-02 2.24976784e-03 2.99918001e-02 -1.42522749e-03
5.25725102e-01 3.28483835e-02 2.25973838e-03 3.01546206e-02 -1.41959140e-03
5.27060325e-01 3.30145375e-02 2.26952924e-03 3.03185620e-02 -1.41373052e-03
5.28394247e-01 3.31818450e-02 2.27913131e-03 3.04836369e-02 -1.40765599e-03
5.29726866e-01 3.33503158e-02 2.28853682e-03 3.06498573e-02 -1.40137931e-03
5.31058179e-01 3.35199594e-02 2.29773934e-03 3.08172344e-02 -1.39491220e-03
5.32388182e-01 3.36907844e-02 2.30673379e-03 3.09857788e-02 -1.38826653e-03
5.33716872e-01 3.38627992e-02 2.31551643e-03 3.11555009e-02 -1.38145419e-03
5.35044246e-01 3.40360117e-02 2.32408486e-03 3.13264102e-02 -1.37448701e-03
5.36370301e-01 3.42104291e-02 2.33243801e-03 3.14985164e-02 -1.36737666e-03
5.37695032e-01 3.43860587e-02 2.34057606e-03 3.16718284e-02 -1.36013457e-03
5.39018438e-01 3.45629073e-02 2.34850048e-03 3.18463552e-02 -1.35277184e-03
5.40340514e-01 3.47409815e-02 2.35621388e-03 3.20221056e-02 -1.34529919e-03
5.41661258e-01 3.49202879e-02 2.36372002e-03 3.21990884e-02 -1.33772683e-03
5.42980666e-01 3.51008331e-02 2.37102372e-03 3.23773122e-02 -1.33006450e-03
5.44298735e-01 3.52826236e-02 2.37813078e-03 3.25567862e-02 -1.32232131e-03
5.45615461e-01 3.54656662e-02 2.38504789e-03 3.27375194e-02 -1.31450578e-03
5.46930842e-01 3.56499679e-02 2.39178255e-03 3.29195213e-02 -1.30662577e-03
5.48244874e-01 3.58355358e-02 2.39834298e-03 3.31028018e-02 -1.29868848e-03
5.49557555e-01 3.60223776e-02 2.40473801e-03 3.32873712e-02 -1.29070040e-03
5.50868879e-01 3.62105013e-02 2.41097698e-03 3.34732403e-02 -1.28266736e-03
5.52178845e-01 3.63999153e-02 2.41706963e-03 3.36604207e-02 -1.27459449e-03
5.53487450e-01 3.65906289e-02 2.42302600e-03 3.38489243e-02 -1.26648627e-03
5.54794689e-01 3.67826515e-02 2.42885631e-03 3.40387641e-02 -1.25834654e-03
5.56100561e-01 3.69759935e-02 2.43457089e-03 3.42299536e-02 -1.25017854e-03
5.57405060e-01 3.71706659e-02 2.44018002e-03 3.44225071e-02 -1.24198496e-03
5.58708186e-01 3.73666802e-02 2.44569387e-03 3.46164397e-02 -1.23376801e-03
5.60009933e-01 3.75640488e-02 2.45112238e-03 3.48117672e-02 -1.22552942e-03
5.61310299e-01 3.77627849e-02 2.45647518e-03 3.50085065e-02 -1.21727061e-03
5.62609281e-01 3.79629021e-02 2.46176149e-03 3.52066749e-02 -1.20899266e-03
5.63906875e-01 3.81644150e-02 2.46699003e-03 3.54062906e-02 -1.20069647e-03
5.65203079e-01 3.83673386e-02 2.47216897e-03 3.56073724e-02 -1.19238279e-03
5.66497889e-01 3.85716888e-02 2.47730584e-03 3.58099399e-02 -1.18405235e-03
5.67791302e-01 3.87774817e-02 2.48240747e-03 3.60140131e-02 -1.17570593e-03
5.69083314e-01 3.89847343e-02 2.48747996e-03 3.62196124e-02 -1.16734446e-03
5.70373923e-01 3.91934637e-02 2.49252861e-03 3.64267587e-02 -1.15896908e-03
5.71663126e-01 3.94036877e-02 2.49755792e-03 3.66354732e-02 -1.15058131e-03
5.72950918e-01 3.96154239e-02 2.50257154e-03 3.68457770e-02 -1.14218303e-03
5.74237298e-01 3.98286905e-02 2.50757230e-03 3.70576915e-02 -1.13377668e-03
5.75522261e-01 4.00435055e-02 2.51256215e-03 3.72712377e-02 -1.12536526e-03
5.76805805e-01 4.02598867e-02 2.51754223e-03 3.74864364e-02 -1.11695244e-03
5.78087927e-01 4.04778520e-02 2.52251286e-03 3.77033078e-02 -1.10854262e-03
5.79368623e-01 4.06974187e-02 2.52747358e-03 3.79218718e-02 -1.10014100e-03
5.80647890e-01 4.09186036e-02 2.53242319e-03 3.81421471e-02 -1.09175363e-03
5.81925725e-01 4.11414229e-02 2.53735981e-03 3.83641516e-02 -1.08338748e-03
5.83202125e-01 4.13658921e-02 2.54228093e-03 3.85879021e-02 -1.07505042e-03
5.84477087e-01 4.15920255e-02 2.54718348e-03 3.88134138e-02 -1.06675128e-03
5.85750607e-01 4.18198366e-02 2.55206391e-03 3.90407006e-02 -1.05849988e-03
5.87022683e-01 4.20493373e-02 2.55691829e-03 3.92697746e-02 -1.05030698e-03
5.88293311e-01 4.22805383e-02 2.56174237e-03 3.95006459e-02 -1.04218432e-03
5.89562488e-01 4.25134487e-02 2.56653171e-03 3.97333226e-02 -1.03414455e-03
5.90830212e-01 4.27480757e-02 2.57128174e-03 3.99678107e-02 -1.02620123e-03
5.92096478e-01 4.29844251e-02 2.57598791e-03 4.02041136e-02 -1.01836875e-03
5.93361284e-01 4.32225002e-02 2.58064577e-03 4.04422323e-02 -1.01066229e-03
5.94624627e-01 4.34623025e-02 2.58525108e-03 4.06821651e-02 -1.00309772e-03
5.95886503e-01 4.37038312e-02 2.58979992e-03 4.09239075e-02 -9.95691528e-04
5.97146909e-01 4.39470834e-02 2.59428879e-03 4.11674523e-02 -9.88460706e-04
5.98405843e-01 4.41920534e-02 2.59871475e-03 4.14127890e-02 -9.81422656e-04
5.99663302e-01 4.44387336e-02 2.60307547e-03 4.16599045e-02 -9.74595049e-04
6.00919281e-01 4.46871133e-02 2.60736936e-03 4.19087823e-02 -9.67995700e-04
6.02173778e-01 4.49371799e-02 2.61159567e-03 4.21594031e-02 -9.61642427e-04
6.03426791e-01 4.51889177e-02 2.61575453e-03 4.24117442e-02 -9.55552899e-04
6.04678315e-01 4.54423088e-02 2.61984708e-03 4.26657802e-02 -9.49744478e-04
6.05928348e-01 4.56973328e-02 2.62387553e-03 4.29214826e-02 -9.44234063e-04
6.07176887e-01 4.59539667e-02 2.62784318e-03 4.31788199e-02 -9.39037918e-04
6.08423928e-01 4.62121851e-02 2.63175452e-03 4.34377577e-02 -9.34171510e-04
6.09669468e-01 4.64719604e-02 2.63561525e-03 4.36982593e-02 -9.29649331e-04
6.10913506e-01 4.67332629e-02 2.63943229e-03 4.39602851e-02 -9.25484737e-04
6.12156036e-01 4.69960606e-02 2.64321383e-03 4.42237933e-02 -9.21689773e-04
6.13397057e-01 4.72603199e-02 2.64696932e-03 4.44887400e-02 -9.18275016e-04
6.14636565e-01 4.75260051e-02 2.65070945e-03 4.47550793e-02 -9.15249408e-04
6.15874558e-01 4.77930795e-02 2.65444613e-03 4.50227636e-02 -9.12620109e-04
6.17111031e-01 4.80615047e-02 2.65819247e-03 4.52917442e-02 -9.10392348e-04
6.18345983e-01 4.83312414e-02 2.66196273e-03 4.55619709e-02 -9.08569291e-04
6.19579410e-01 4.86022494e-02 2.66577224e-03 4.58333932e-02 -9.07151912e-04
6.20811308e-01 4.88744882e-02 2.66963735e-03 4.61059597e-02 -9.06138888e-04
6.22041676e-01 4.91479169e-02 2.67357534e-03 4.63796192e-02 -9.05526494e-04
6.23270509e-01 4.94224947e-02 2.67760430e-03 4.66543208e-02 -9.05308522e-04
6.24497806e-01 4.96981810e-02 2.68174306e-03 4.69300141e-02 -9.05476215e-04
6.25723562e-01 4.99749363e-02 2.68601104e-03 4.72066499e-02 -9.06018214e-04
6.26947776e-01 5.02527218e-02 2.69042816e-03 4.74841803e-02 -9.06920529e-04
6.28170443e-01 5.05315002e-02 2.69501464e-03 4.77625594e-02 -9.08166522e-04
6.29391561e-01 5.08112358e-02 2.69979094e-03 4.80417434e-02 -9.09736916e-04
6.30611126e-01 5.10918952e-02 2.70477753e-03 4.83216913e-02 -9.11609816e-04
6.31829137e-01 5.13734471e-02 2.70999482e-03 4.86023648e-02 -9.13760760e-04
6.33045589e-01 5.16558632e-02 2.71546291e-03 4.88837295e-02 -9.16162779e-04
6.34260480e-01 5.19391180e-02 2.72120150e-03 4.91657543e-02 -9.18786490e-04
6.35473807e-01 5.22231895e-02 2.72722970e-03 4.94484127e-02 -9.21600192e-04
6.36685567e-01 5.25080594e-02 2.73356588e-03 4.97316822e-02 -9.24570002e-04
6.37895757e-01 5.27937134e-02 2.74022750e-03 5.00155457e-02 -9.27659992e-04
6.39104373e-01 5.30801413e-02 2.74723094e-03 5.02999908e-02 -9.30832355e-04
6.40311414e-01 5.33673376e-02 2.75459138e-03 5.05850106e-02 -9.34047585e-04
6.41516875e-01 5.36553014e-02 2.76232264e-03 5.08706040e-02 -9.37264673e-04
6.42720754e-01 5.39440368e-02 2.77043702e-03 5.11567757e-02 -9.40441318e-04
6.43923048e-01 5.42335530e-02 2.77894522e-03 5.14435364e-02 -9.43534157e-04
6.45123754e-01 5.45238645e-02 2.78785615e-03 5.17309032e-02 -9.46498999e-04
6.46322869e-01 5.48149913e-02 2.79717687e-03 5.20188994e-02 -9.49291074e-04
6.47520390e-01 5.51069587e-02 2.80691250e-03 5.23075548e-02 -9.51865295e-04
6.48716314e-01 5.53997979e-02 2.81706607e-03 5.25969056e-02 -9.54176520e-04
6.49910639e-01 5.56935454e-02 2.82763852e-03 5.28869946e-02 -9.56179824e-04
6.51103360e-01 5.59882433e-02 2.83862862e-03 5.31778710e-02 -9.57830774e-04
6.52294476e-01 5.62839395e-02 2.85003291e-03 5.34695902e-02 -9.59085701e-04
6.53483983e-01 5.65806869e-02 2.86184569e-03 5.37622142e-02 -9.59901982e-04
6.54671879e-01 5.68785443e-02 2.87405902e-03 5.40558105e-02 -9.60238303e-04
6.55858160e-01 5.71775751e-02 2.88666271e-03 5.43504530e-02 -9.60054936e-04
6.57042824e-01 5.74778481e-02 2.89964437e-03 5.46462209e-02 -9.59313990e-04
6.58225867e-01 5.77794366e-02 2.91298943e-03 5.49431987e-02 -9.57979668e-04
6.59407287e-01 5.80824186e-02 2.92668119e-03 5.52414760e-02 -9.56018505e-04
6.60587080e-01 5.83868761e-02 2.94070094e-03 5.55411470e-02 -9.53399595e-04
6.61765245e-01 5.86928950e-02 2.95502803e-03 5.58423099e-02 -9.50094805e-04
6.62941778e-01 5.90005647e-02 2.96963994e-03 5.61450670e-02 -9.46078966e-04
6.64116675e-01 5.93099778e-02 2.98451246e-03 5.64495236e-02 -9.41330054e-04
6.65289935e-01 5.96212293e-02 2.99961981e-03 5.67557880e-02 -9.35829346e-04
6.66461554e-01 5.99344167e-02 3.01493478e-03 5.70639706e-02 -9.29561555e-04
6.67631530e-01 6.02496393e-02 3.03042888e-03 5.73741837e-02 -9.22514946e-04
6.68799859e-01 6.05669974e-02 3.04607257e-03 5.76865407e-02 -9.14681422e-04
6.69966538e-01 6.08865922e-02 3.06183537e-03 5.80011554e-02 -9.06056591e-04
6.71131566e-01 6.12085254e-02 3.07768610e-03 5.83181420e-02 -8.96639808e-04
6.72294938e-01 6.15328983e-02 3.09359309e-03 5.86376139e-02 -8.86434187e-04
6.73456652e-01 6.18598112e-02 3.10952433e-03 5.89596831e-02 -8.75446592e-04
6.74616706e-01 6.21893635e-02 3.12544775e-03 5.92844602e-02 -8.63687596e-04
6.75775095e-01 6.25216526e-02 3.14133136e-03 5.96120532e-02 -8.51171421e-04
6.76931818e-01 6.28567735e-02 3.15714351e-03 5.99425671e-02 -8.37915848e-04
6.78086872e-01 6.31948185e-02 3.17285310e-03 6.02761035e-02 -8.23942104e-04
6.79240254e-01 6.35358764e-02 3.18842976e-03 6.06127600e-02 -8.09274720e-04
6.80391960e-01 6.38800324e-02 3.20384408e-03 6.09526293e-02 -7.93941374e-04
6.81541988e-01 6.42273672e-02 3.21906780e-03 6.12957993e-02 -7.77972702e-04
6.82690336e-01 6.45779569e-02 3.23407400e-03 6.16423521e-02 -7.61402099e-04
6.83837000e-01 6.49318726e-02 3.24883729e-03 6.19923641e-02 -7.44265488e-04
6.84981977e-01 6.52891797e-02 3.26333396e-03 6.23459050e-02 -7.26601083e-04
6.86125265e-01 6.56499380e-02 3.27754218e-03 6.27030378e-02 -7.08449127e-04
6.87266861e-01 6.60142011e-02 3.29144210e-03 6.30638187e-02 -6.89851623e-04
6.88406763e-01 6.63820161e-02 3.30501602e-03 6.34282961e-02 -6.70852046e-04
6.89544966e-01 6.67534236e-02 3.31824850e-03 6.37965112e-02 -6.51495052e-04
6.90681469e-01 6.71284576e-02 3.33112644e-03 6.41684975e-02 -6.31826176e-04
6.91816268e-01 6.75071448e-02 3.34363918e-03 6.45442804e-02 -6.11891522e-04
6.92949362e-01 6.78895053e-02 3.35577858e-03 6.49238776e-02 -5.91737457e-04
6.94080746e-01 6.82755519e-02 3.36753903e-03 6.53072988e-02 -5.71410299e-04
6.95210419e-01 6.86652905e-02 3.37891753e-03 6.56945459e-02 -5.50956011e-04
6.96338377e-01 6.90587201e-02 3.38991366e-03 6.60856130e-02 -5.30419892e-04
6.97464618e-01 6.94558328e-02 3.40052956e-03 6.64804866e-02 -5.09846285e-04
6.98589139e-01 6.98566140e-02 3.41076998e-03 6.68791459e-02 -4.89278289e-04
6.99711937e-01 7.02610426e-02 3.42064212e-03 6.72815627e-02 -4.68757478e-04
7.00833010e-01 7.06690913e-02 3.43015567e-03 6.76877022e-02 -4.48323642e-04
7.01952354e-01 7.10807269e-02 3.43932265e-03 6.80975232e-02 -4.28014537e-04
7.03069967e-01 7.14959107e-02 3.44815738e-03 6.85109781e-02 -4.07865656e-04
7.04185846e-01 7.19145986e-02 3.45667627e-03 6.89280140e-02 -3.87910016e-04
7.05299989e-01 7.23367418e-02 3.46489781e-03 6.93485727e-02 -3.68177970e-04
7.06412392e-01 7.27622872e-02 3.47284232e-03 6.97725914e-02 -3.48697036e-04
7.07523053e-01 7.31911778e-02 3.48053183e-03 7.02000034e-02 -3.29491755e-04
7.08631969e-01 7.36233533e-02 3.48798993e-03 7.06307384e-02 -3.10583567e-04
7.09739137e-01 7.40587504e-02 3.49524158e-03 7.10647231e-02 -2.91990719e-04
7.10844555e-01 7.44973038e-02 3.50231288e-03 7.15018821e-02 -2.73728195e-04
7.11948220e-01 7.49389463e-02 3.50923095e-03 7.19421385e-02 -2.55807671e-04
7.13050130e-01 7.53836099e-02 3.51602365e-03 7.23854142e-02 -2.38237500e-04
7.14150280e-01 7.58312256e-02 3.52271944e-03 7.28316310e-02 -2.21022720e-04
7.15248670e-01 7.62817250e-02 3.52934713e-03 7.32807109e-02 -2.04165089e-04
7.16345296e-01 7.67350400e-02 3.53593571e-03 7.37325770e-02 -1.87663150e-04
7.17440155e-01 7.71911037e-02 3.54251409e-03 7.41871540e-02 -1.71512308e-04
7.18533244e-01 7.76498514e-02 3.54911096e-03 7.46443688e-02 -1.55704949e-04
7.19624562e-01 7.81112205e-02 3.55575456e-03 7.51041511e-02 -1.40230563e-04
7.20714105e-01 7.85751511e-02 3.56247247e-03 7.55664342e-02 -1.25075901e-04
7.21801870e-01 7.90415871e-02 3.56929147e-03 7.60311553e-02 -1.10225146e-04
7.22887856e-01 7.95104761e-02 3.57623735e-03 7.64982559e-02 -9.56601004e-05
7.23972059e-01 7.99817701e-02 3.58333472e-03 7.69676827e-02 -8.13603957e-05
7.25054476e-01 8.04554256e-02 3.59060689e-03 7.74393877e-02 -6.73037083e-05
7.26135105e-01 8.09314046e-02 3.59807572e-03 7.79133285e-02 -5.34659916e-05
7.27213943e-01 8.14096743e-02 3.60576151e-03 7.83894691e-02 -3.98217157e-05
7.28290988e-01 8.18902077e-02 3.61368287e-03 7.88677796e-02 -2.63441154e-05
7.29366237e-01 8.23729837e-02 3.62185664e-03 7.93482370e-02 -1.30054410e-05
7.30439687e-01 8.28579876e-02 3.63029782e-03 7.98308249e-02 2.22787245e-07
7.31511336e-01 8.33452107e-02 3.63901951e-03 8.03155340e-02 1.33695256e-05
7.32581181e-01 8.38346509e-02 3.64803283e-03 8.08023618e-02 2.64639558e-05
7.33649219e-01 8.43263125e-02 3.65734698e-03 8.12913131e-02 3.95352399e-05
7.34715448e-01 8.48202062e-02 3.66696916e-03 8.17823995e-02 5.26122811e-05
7.35779864e-01 8.53163491e-02 3.67690459e-03 8.22756395e-02 6.57234960e-05
7.36842467e-01 8.58147645e-02 3.68715660e-03 8.27710584e-02 7.88965979e-05
7.37903252e-01 8.63154818e-02 3.69772658e-03 8.32686881e-02 9.21583939e-05
7.38962217e-01 8.68185364e-02 3.70861415e-03 8.37685666e-02 1.05534599e-04
7.40019360e-01 8.73239692e-02 3.71981712e-03 8.42707382e-02 1.19049666e-04
7.41074678e-01 8.78318265e-02 3.73133168e-03 8.47752525e-02 1.32726636e-04
7.42128168e-01 8.83421596e-02 3.74315245e-03 8.52821648e-02 1.46587012e-04
7.43179828e-01 8.88550244e-02 3.75527260e-03 8.57915348e-02 1.60650646e-04
7.44229655e-01 8.93704812e-02 3.76768402e-03 8.63034271e-02 1.74935661e-04
7.45277647e-01 8.98885940e-02 3.78037737e-03 8.68179099e-02 1.89458382e-04
7.46323801e-01 9.04094302e-02 3.79334231e-03 8.73350550e-02 2.04233309e-04
7.47368114e-01 9.09330601e-02 3.80656762e-03 8.78549372e-02 2.19273093e-04
7.48410585e-01 9.14595566e-02 3.82004132e-03 8.83776335e-02 2.34588556e-04
7.49451209e-01 9.19889944e-02 3.83375088e-03 8.89032231e-02 2.50188720e-04
7.50489985e-01 9.25214497e-02 3.84768334e-03 8.94317864e-02 2.66080870e-04
7.51526911e-01 9.30569997e-02 3.86182549e-03 8.99634046e-02 2.82270632e-04
7.52561982e-01 9.35957222e-02 3.87616402e-03 9.04981593e-02 2.98762077e-04
7.53595199e-01 9.41376949e-02 3.89068567e-03 9.10361319e-02 3.15557846e-04
7.54626556e-01 9.46829952e-02 3.90537738e-03 9.15774032e-02 3.32659288e-04
7.55656053e-01 9.52316996e-02 3.92022643e-03 9.21220528e-02 3.50066625e-04
7.56683685e-01 9.57838835e-02 3.93522057e-03 9.26701588e-02 3.67779121e-04
7.57709452e-01 9.63396205e-02 3.95034815e-03 9.32217974e-02 3.85795278e-04
7.58733350e-01 9.68989824e-02 3.96559820e-03 9.37770426e-02 4.04113029e-04
7.59755377e-01 9.74620389e-02 3.98096059e-03 9.43359658e-02 4.22729951e-04
7.60775531e-01 9.80288570e-02 3.99642606e-03 9.48986356e-02 4.41643480e-04
7.61793808e-01 9.85995012e-02 4.01198631e-03 9.54651175e-02 4.60851128e-04
7.62810206e-01 9.91740330e-02 4.02763406e-03 9.60354738e-02 4.80350708e-04
7.63824724e-01 9.97525111e-02 4.04336308e-03 9.66097638e-02 5.00140549e-04
7.64837357e-01 1.00334991e-01 4.05916825e-03 9.71880432e-02 5.20219716e-04
7.65848104e-01 1.00921526e-01 4.07504550e-03 9.77703644e-02 5.40588215e-04
7.66856963e-01 1.01512165e-01 4.09099188e-03 9.83567769e-02 5.61247197e-04
7.67863930e-01 1.02106956e-01 4.10700547e-03 9.89473266e-02 5.82199144e-04
7.68869004e-01 1.02705942e-01 4.12308539e-03 9.95420569e-02 6.03448042e-04
7.69872181e-01 1.03309165e-01 4.13923169e-03 1.00141008e-01 6.24999542e-04
7.70873460e-01 1.03916666e-01 4.15544533e-03 1.00744219e-01 6.46861093e-04
7.71872838e-01 1.04528481e-01 4.17172807e-03 1.01351725e-01 6.69042065e-04
7.72870312e-01 1.05144646e-01 4.18808234e-03 1.01963561e-01 6.91553841e-04
7.73865880e-01 1.05765198e-01 4.20451118e-03 1.02579760e-01 7.14409888e-04
7.74859540e-01 1.06390169e-01 4.22101808e-03 1.03200354e-01 7.37625803e-04
7.75851289e-01 1.07019595e-01 4.23760686e-03 1.03825376e-01 7.61219325e-04
7.76841124e-01 1.07653508e-01 4.25428151e-03 1.04454858e-01 7.85210333e-04
7.77829044e-01 1.08291945e-01 4.27104605e-03 1.05088833e-01 8.09620798e-04
7.78815045e-01 1.08934941e-01 4.28790438e-03 1.05727336e-01 8.34474719e-04
7.79799126e-01 1.09582534e-01 4.30486008e-03 1.06370402e-01 8.59798026e-04
7.80781283e-01 1.10234765e-01 4.32191631e-03 1.07018071e-01 8.85618449e-04
7.81761515e-01 1.10891677e-01 4.33907559e-03 1.07670386e-01 9.11965366e-04
7.82739819e-01 1.11553316e-01 4.35633968e-03 1.08327390e-01 9.38869615e-04
7.83716193e-01 1.12219734e-01 4.37370938e-03 1.08989134e-01 9.66363291e-04
7.84690634e-01 1.12890984e-01 4.39118443e-03 1.09655673e-01 9.94479505e-04
7.85663139e-01 1.13567128e-01 4.40876330e-03 1.10327066e-01 1.02325212e-03
7.86633708e-01 1.14248230e-01 4.42644312e-03 1.11003378e-01 1.05271549e-03
7.87602336e-01 1.14934361e-01 4.44421952e-03 1.11684679e-01 1.08290414e-03
7.88569022e-01 1.15625598e-01 4.46208650e-03 1.12371048e-01 1.11385244e-03
7.89533763e-01 1.16322025e-01 4.48003638e-03 1.13062568e-01 1.14559431e-03
7.90496556e-01 1.17023731e-01 4.49805969e-03 1.13759330e-01 1.17816283e-03
7.91457401e-01 1.17730812e-01 4.51614510e-03 1.14461432e-01 1.21158993e-03
7.92416293e-01 1.18443373e-01 4.53427938e-03 1.15168978e-01 1.24590600e-03
7.93373232e-01 1.19161522e-01 4.55244738e-03 1.15882081e-01 1.28113954e-03
7.94328214e-01 1.19885378e-01 4.57063202e-03 1.16600860e-01 1.31731683e-03
7.95281236e-01 1.20615063e-01 4.58881429e-03 1.17325439e-01 1.35446152e-03
7.96232298e-01 1.21350707e-01 4.60697332e-03 1.18055952e-01 1.39259434e-03
7.97181396e-01 1.22092447e-01 4.62508640e-03 1.18792537e-01 1.43173272e-03
7.98128528e-01 1.22840425e-01 4.64312908e-03 1.19535338e-01 1.47189051e-03
7.99073691e-01 1.23594787e-01 4.66107529e-03 1.20284506e-01 1.51307767e-03
8.00016884e-01 1.24355684e-01 4.67889743e-03 1.21040195e-01 1.55529998e-03
8.00958104e-01 1.25123274e-01 4.69656652e-03 1.21802563e-01 1.59855880e-03
8.01897349e-01 1.25897715e-01 4.71405241e-03 1.22571774e-01 1.64285087e-03
8.02834616e-01 1.26679169e-01 4.73132392e-03 1.23347991e-01 1.68816806e-03
8.03769903e-01 1.27467800e-01 4.74834907e-03 1.24131381e-01 1.73449729e-03
8.04703207e-01 1.28263771e-01 4.76509529e-03 1.24922111e-01 1.78182034e-03
8.05634528e-01 1.29067249e-01 4.78152967e-03 1.25720348e-01 1.83011382e-03
8.06563861e-01 1.29878395e-01 4.79761922e-03 1.26526259e-01 1.87934912e-03
8.07491206e-01 1.30697372e-01 4.81333111e-03 1.27340006e-01 1.92949238e-03
8.08416559e-01 1.31524336e-01 4.82863297e-03 1.28161749e-01 1.98050459e-03
8.09339918e-01 1.32359442e-01 4.84349319e-03 1.28991643e-01 2.03234165e-03
8.10261281e-01 1.33202837e-01 4.85788117e-03 1.29829838e-01 2.08495449e-03
8.11180646e-01 1.34054664e-01 4.87176765e-03 1.30676476e-01 2.13828930e-03
8.12098011e-01 1.34915055e-01 4.88512499e-03 1.31531691e-01 2.19228772e-03
8.13013373e-01 1.35784135e-01 4.89792749e-03 1.32395609e-01 2.24688711e-03
8.13926729e-01 1.36662019e-01 4.91015166e-03 1.33268344e-01 2.30202090e-03
8.14838079e-01 1.37548811e-01 4.92177649e-03 1.34149999e-01 2.35761891e-03
8.15747419e-01 1.38444601e-01 4.93278379e-03 1.35040665e-01 2.41360777e-03
8.16654747e-01 1.39349469e-01 4.94315841e-03 1.35940419e-01 2.46991134e-03
8.17560061e-01 1.40263479e-01 4.95288848e-03 1.36849323e-01 2.52645119e-03
8.18463359e-01 1.41186680e-01 4.96196569e-03 1.37767425e-01 2.58314711e-03
8.19364639e-01 1.42119106e-01 4.97038549e-03 1.38694757e-01 2.63991763e-03
8.20263897e-01 1.43060776e-01 4.97814727e-03 1.39631334e-01 2.69668060e-03
8.21161133e-01 1.44011690e-01 4.98525458e-03 1.40577153e-01 2.75335375e-03
8.22056344e-01 1.44971832e-01 4.99171521e-03 1.41532196e-01 2.80985529e-03
8.22949527e-01 1.45941168e-01 4.99754138e-03 1.42496423e-01 2.86610456e-03
8.23840681e-01 1.46919648e-01 5.00274979e-03 1.43469781e-01 2.92202261e-03
8.24729804e-01 1.47907203e-01 5.00736169e-03 1.44452195e-01 2.97753285e-03
8.25616892e-01 1.48903745e-01 5.01140293e-03 1.45443575e-01 3.03256169e-03
8.26501944e-01 1.49909171e-01 5.01490395e-03 1.46443812e-01 3.08703914e-03
8.27384958e-01 1.50923360e-01 5.01789972e-03 1.47452780e-01 3.14089945e-03
8.28265931e-01 1.51946175e-01 5.02042970e-03 1.48470338e-01 3.19408169e-03
8.29144862e-01 1.52977463e-01 5.02253774e-03 1.49496325e-01 3.24653034e-03
8.30021748e-01 1.54017056e-01 5.02427191e-03 1.50530571e-01 3.29819586e-03
8.30896587e-01 1.55064771e-01 5.02568436e-03 1.51572887e-01 3.34903521e-03
8.31769377e-01 1.56120415e-01 5.02683109e-03 1.52623075e-01 3.39901233e-03
8.32640115e-01 1.57183781e-01 5.02777172e-03 1.53680923e-01 3.44809863e-03
8.33508800e-01 1.58254653e-01 5.02856924e-03 1.54746210e-01 3.49627336e-03
8.34375430e-01 1.59332805e-01 5.02928964e-03 1.55818707e-01 3.54352406e-03
8.35240002e-01 1.60418007e-01 5.03000167e-03 1.56898178e-01 3.58984679e-03
8.36102514e-01 1.61510021e-01 5.03077639e-03 1.57984383e-01 3.63524645e-03
8.36962964e-01 1.62608607e-01 5.03168686e-03 1.59077078e-01 3.67973701e-03
8.37821349e-01 1.63713525e-01 5.03280767e-03 1.60176018e-01 3.72334162e-03
8.38677669e-01 1.64824532e-01 5.03421455e-03 1.61280962e-01 3.76609274e-03
8.39531921e-01 1.65941393e-01 5.03598388e-03 1.62391667e-01 3.80803216e-03
8.40384102e-01 1.67063874e-01 5.03819228e-03 1.63507902e-01 3.84921097e-03
8.41234210e-01 1.68191750e-01 5.04091607e-03 1.64629439e-01 3.88968948e-03
8.42082244e-01 1.69324807e-01 5.04423082e-03 1.65756063e-01 3.92953707e-03
8.42928201e-01 1.70462840e-01 5.04821086e-03 1.66887571e-01 3.96883195e-03
8.43772079e-01 1.71605661e-01 5.05292874e-03 1.68023772e-01 4.00766087e-03
8.44613877e-01 1.72753096e-01 5.05845476e-03 1.69164497e-01 4.04611881e-03
8.45453591e-01 1.73904991e-01 5.06485650e-03 1.70309592e-01 4.08430855e-03
8.46291221e-01 1.75061214e-01 5.07219826e-03 1.71458926e-01 4.12234019e-03
8.47126763e-01 1.76221653e-01 5.08054065e-03 1.72612392e-01 4.16033069e-03
8.47960216e-01 1.77386223e-01 5.08994009e-03 1.73769908e-01 4.19840320e-03
8.48791578e-01 1.78554866e-01 5.10044836e-03 1.74931418e-01 4.23668653e-03
8.49620847e-01 1.79727550e-01 5.11211219e-03 1.76096898e-01 4.27531443e-03
8.50448020e-01 1.80904277e-01 5.12497283e-03 1.77266352e-01 4.31442488e-03
8.51273096e-01 1.82085078e-01 5.13906571e-03 1.78439819e-01 4.35415935e-03
8.52096073e-01 1.83270018e-01 5.15442004e-03 1.79617369e-01 4.39466201e-03
8.52916948e-01 1.84459196e-01 5.17105853e-03 1.80799108e-01 4.43607892e-03
8.53735720e-01 1.85652747e-01 5.18899707e-03 1.81985177e-01 4.47855721e-03
8.54552386e-01 1.86850842e-01 5.20824453e-03 1.83175755e-01 4.52224420e-03
8.55366945e-01 1.88053688e-01 5.22880251e-03 1.84371057e-01 4.56728654e-03
8.56179395e-01 1.89261530e-01 5.25066520e-03 1.85571335e-01 4.61382938e-03
8.56989732e-01 1.90474648e-01 5.27381921e-03 1.86776878e-01 4.66201544e-03
8.57797957e-01 1.91693363e-01 5.29824356e-03 1.87988015e-01 4.71198419e-03
8.58604066e-01 1.92918029e-01 5.32390956e-03 1.89205109e-01 4.76387097e-03
8.59408057e-01 1.94149040e-01 5.35078088e-03 1.90428562e-01 4.81780616e-03
8.60209930e-01 1.95386822e-01 5.37881357e-03 1.91658809e-01 4.87391436e-03
8.61009680e-01 1.96631838e-01 5.40795616e-03 1.92896322e-01 4.93231361e-03
8.61807307e-01 1.97884585e-01 5.43814982e-03 1.94141607e-01 4.99311464e-03
8.62602809e-01 1.99145589e-01 5.46932852e-03 1.95395198e-01 5.05642013e-03
8.63396184e-01 2.00415410e-01 5.50141928e-03 1.96657664e-01 5.12232404e-03
8.64187429e-01 2.01694634e-01 5.53434247e-03 1.97929600e-01 5.19091101e-03
8.64976543e-01 2.02983875e-01 5.56801208e-03 1.99211626e-01 5.26225576e-03
8.65763524e-01 2.04283771e-01 5.60233609e-03 2.00504390e-01 5.33642257e-03
8.66548370e-01 2.05594980e-01 5.63721689e-03 2.01808558e-01 5.41346484e-03
8.67331079e-01 2.06918182e-01 5.67255171e-03 2.03124816e-01 5.49342466e-03
8.68111648e-01 2.08254072e-01 5.70823304e-03 2.04453867e-01 5.57633250e-03
8.68890077e-01 2.09603358e-01 5.74414918e-03 2.05796427e-01 5.66220693e-03
8.69666363e-01 2.10966761e-01 5.78018473e-03 2.07153220e-01 5.75105442e-03
8.70440504e-01 2.12345006e-01 5.81622118e-03 2.08524981e-01 5.84286923e-03
8.71212499e-01 2.13738825e-01 5.85213742e-03 2.09912445e-01 5.93763331e-03
8.71982345e-01 2.15148951e-01 5.88781037e-03 2.11316351e-01 6.03531636e-03
8.72750041e-01 2.16576113e-01 5.92311561e-03 2.12737433e-01 6.13587588e-03
8.73515584e-01 2.18021036e-01 5.95792793e-03 2.14176420e-01 6.23925732e-03
8.74278973e-01 2.19484435e-01 5.99212200e-03 2.15634032e-01 6.34539433e-03
8.75040206e-01 2.20967014e-01 6.02557298e-03 2.17110975e-01 6.45420904e-03
8.75799281e-01 2.22469460e-01 6.05815719e-03 2.18607939e-01 6.56561238e-03
8.76556196e-01 2.23992442e-01 6.08975265e-03 2.20125597e-01 6.67950454e-03
8.77310949e-01 2.25536606e-01 6.12023979e-03 2.21664596e-01 6.79577546e-03
8.78063539e-01 2.27102575e-01 6.14950199e-03 2.23225562e-01 6.91430530e-03
8.78813963e-01 2.28690942e-01 6.17742620e-03 2.24809088e-01 7.03496509e-03
8.79562220e-01 2.30302270e-01 6.20390353e-03 2.26415738e-01 7.15761737e-03
8.80308308e-01 2.31937088e-01 6.22882977e-03 2.28046043e-01 7.28211683e-03
8.81052225e-01 2.33595890e-01 6.25210594e-03 2.29700495e-01 7.40831110e-03
8.81793969e-01 2.35279131e-01 6.27363877e-03 2.31379550e-01 7.53604146e-03
8.82533538e-01 2.36987224e-01 6.29334121e-03 2.33083620e-01 7.66514368e-03
8.83270931e-01 2.38720542e-01 6.31113281e-03 2.34813078e-01 7.79544883e-03
8.84006145e-01 2.40479412e-01 6.32694018e-03 2.36568248e-01 7.92678413e-03
8.84739180e-01 2.42264117e-01 6.34069730e-03 2.38349412e-01 8.05897384e-03
8.85470032e-01 2.44074890e-01 6.35234589e-03 2.40156801e-01 8.19184010e-03
8.86198701e-01 2.45911919e-01 6.36183566e-03 2.41990602e-01 8.32520386e-03
8.86925184e-01 2.47775343e-01 6.36912453e-03 2.43850950e-01 8.45888576e-03
8.87649480e-01 2.49665251e-01 6.37417889e-03 2.45737932e-01 8.59270701e-03
8.88371587e-01 2.51581683e-01 6.37697368e-03 2.47651584e-01 8.72649029e-03
8.89091503e-01 2.53524629e-01 6.37749251e-03 2.49591893e-01 8.86006061e-03
8.89809227e-01 2.55494033e-01 6.37572774e-03 2.51558798e-01 8.99324618e-03
8.90524756e-01 2.57489786e-01 6.37168045e-03 2.53552189e-01 9.12587923e-03
8.91238089e-01 2.59511737e-01 6.36536042e-03 2.55571908e-01 9.25779685e-03
8.91949223e-01 2.61559684e-01 6.35678605e-03 2.57617749e-01 9.38884174e-03
8.92658159e-01 2.63633382e-01 6.34598421e-03 2.59689463e-01 9.51886297e-03
8.93364892e-01 2.65732544e-01 6.33299009e-03 2.61786757e-01 9.64771671e-03
8.94069423e-01 2.67856840e-01 6.31784695e-03 2.63909296e-01 9.77526690e-03
8.94771748e-01 2.70005901e-01 6.30060588e-03 2.66056704e-01 9.90138587e-03
8.95471867e-01 2.72179322e-01 6.28132550e-03 2.68228571e-01 1.00259550e-02
8.96169778e-01 2.74376662e-01 6.26007162e-03 2.70424450e-01 1.01488650e-02
8.96865478e-01 2.76597450e-01 6.23691684e-03 2.72643862e-01 1.02700169e-02
8.97558967e-01 2.78841185e-01 6.21194018e-03 2.74886300e-01 1.03893220e-02
8.98250242e-01 2.81107342e-01 6.18522663e-03 2.77151230e-01 1.05067025e-02
8.98939302e-01 2.83395371e-01 6.15686666e-03 2.79438096e-01 1.06220919e-02
8.99626145e-01 2.85704705e-01 6.12695573e-03 2.81746322e-01 1.07354350e-02
9.00310769e-01 2.88034762e-01 6.09559381e-03 2.84075317e-01 1.08466884e-02
9.00993173e-01 2.90384946e-01 6.06288479e-03 2.86424477e-01 1.09558206e-02
9.01673355e-01 2.92754655e-01 6.02893596e-03 2.88793190e-01 1.10628121e-02
9.02351313e-01 2.95143280e-01 5.99385743e-03 2.91180839e-01 1.11676554e-02
9.03027046e-01 2.97550214e-01 5.95776155e-03 2.93586805e-01 1.12703552e-02
9.03700552e-01 2.99974852e-01 5.92076233e-03 2.96010472e-01 1.13709281e-02
9.04371830e-01 3.02416595e-01 5.88297483e-03 2.98451233e-01 1.14694027e-02
9.05040876e-01 3.04874857e-01 5.84451459e-03 3.00908490e-01 1.15658194e-02
9.05707691e-01 3.07349064e-01 5.80549705e-03 3.03381658e-01 1.16602300e-02
9.06372273e-01 3.09838664e-01 5.76603690e-03 3.05870171e-01 1.17526978e-02
9.07034619e-01 3.12343124e-01 5.72624758e-03 3.08373488e-01 1.18432972e-02
9.07694728e-01 3.14861939e-01 5.68624066e-03 3.10891089e-01 1.19321130e-02
9.08352599e-01 3.17394632e-01 5.64612531e-03 3.13422487e-01 1.20192404e-02
9.09008229e-01 3.19940760e-01 5.60600776e-03 3.15967226e-01 1.21047847e-02
9.09661618e-01 3.22499916e-01 5.56599076e-03 3.18524885e-01 1.21888601e-02
9.10312763e-01 3.25071732e-01 5.52617309e-03 3.21095086e-01 1.22715900e-02
9.10961663e-01 3.27655884e-01 5.48664911e-03 3.23677491e-01 1.23531060e-02
9.11608317e-01 3.30252091e-01 5.44750828e-03 3.26271809e-01 1.24335474e-02
9.12252723e-01 3.32860122e-01 5.40883474e-03 3.28877794e-01 1.25130605e-02
9.12894879e-01 3.35479797e-01 5.37070692e-03 3.31495256e-01 1.25917982e-02
9.13534783e-01 3.38110988e-01 5.33319718e-03 3.34124055e-01 1.26699191e-02
9.14172435e-01 3.40753623e-01 5.29637148e-03 3.36764107e-01 1.27475866e-02
9.14807832e-01 3.43407686e-01 5.26028907e-03 3.39415386e-01 1.28249687e-02
9.15440973e-01 3.46073221e-01 5.22500223e-03 3.42077925e-01 1.29022368e-02
9.16071856e-01 3.48750332e-01 5.19055605e-03 3.44751818e-01 1.29795650e-02
9.16700480e-01 3.51439183e-01 5.15698822e-03 3.47437221e-01 1.30571296e-02
9.17326844e-01 3.54140002e-01 5.12432890e-03 3.50134354e-01 1.31351077e-02
9.17950945e-01 3.56853079e-01 5.09260056e-03 3.52843498e-01 1.32136770e-02
9.18572782e-01 3.59578768e-01 5.06181795e-03 3.55565000e-01 1.32930146e-02
9.19192354e-01 3.62317487e-01 5.03198800e-03 3.58299273e-01 1.33732964e-02
9.19809659e-01 3.65069714e-01 5.00310984e-03 3.61046791e-01 1.34546960e-02
9.20424696e-01 3.67835995e-01 4.97517483e-03 3.63808094e-01 1.35373839e-02
9.21037462e-01 3.70616934e-01 4.94816663e-03 3.66583785e-01 1.36215270e-02
9.21647958e-01 3.73413198e-01 4.92206126e-03 3.69374530e-01 1.37072873e-02
9.22256180e-01 3.76225514e-01 4.89682729e-03 3.72181053e-01 1.37948214e-02
9.22862128e-01 3.79054666e-01 4.87242597e-03 3.75004141e-01 1.38842796e-02
9.23465800e-01 3.81901494e-01 4.84881146e-03 3.77844636e-01 1.39758050e-02
9.24067195e-01 3.84766895e-01 4.82593103e-03 3.80703437e-01 1.40695330e-02
9.24666310e-01 3.87651814e-01 4.80372538e-03 3.83581495e-01 1.41655902e-02
9.25263146e-01 3.90557248e-01 4.78212889e-03 3.86479812e-01 1.42640939e-02
9.25857699e-01 3.93484238e-01 4.76106998e-03 3.89399435e-01 1.43651514e-02
9.26449969e-01 3.96433868e-01 4.74047143e-03 3.92341459e-01 1.44688593e-02
9.27039955e-01 3.99407261e-01 4.72025081e-03 3.95307015e-01 1.45753030e-02
9.27627654e-01 4.02405576e-01 4.70032083e-03 3.98297272e-01 1.46845559e-02
9.28213065e-01 4.05430002e-01 4.68058982e-03 4.01313431e-01 1.47966791e-02
9.28796187e-01 4.08481755e-01 4.66096216e-03 4.04356721e-01 1.49117208e-02
9.29377019e-01 4.11562074e-01 4.64133872e-03 4.07428395e-01 1.50297160e-02
9.29955559e-01 4.14672215e-01 4.62161741e-03 4.10529724e-01 1.51506862e-02
9.30531805e-01 4.17813447e-01 4.60169366e-03 4.13661991e-01 1.52746389e-02
9.31105757e-01 4.20987047e-01 4.58146093e-03 4.16826489e-01 1.54015676e-02
9.31677412e-01 4.24194294e-01 4.56081126e-03 4.20024514e-01 1.55314516e-02
9.32246769e-01 4.27436463e-01 4.53963581e-03 4.23257358e-01 1.56642560e-02
9.32813828e-01 4.30714821e-01 4.51782543e-03 4.26526305e-01 1.57999315e-02
9.33378586e-01 4.34030623e-01 4.49527120e-03 4.29832627e-01 1.59384148e-02
9.33941042e-01 4.37385101e-01 4.47186503e-03 4.33177574e-01 1.60796288e-02
9.34501195e-01 4.40779465e-01 4.44750021e-03 4.36562373e-01 1.62234826e-02
9.35059043e-01 4.44214891e-01 4.42207200e-03 4.39988217e-01 1.63698721e-02
9.35614585e-01 4.47692520e-01 4.39547821e-03 4.43456264e-01 1.65186805e-02
9.36167820e-01 4.51213452e-01 4.36761976e-03 4.46967630e-01 1.66697786e-02
9.36718746e-01 4.54778738e-01 4.33840125e-03 4.50523380e-01 1.68230259e-02
9.37267362e-01 4.58389376e-01 4.30773153e-03 4.54124528e-01 1.69782709e-02
9.37813667e-01 4.62046307e-01 4.27552425e-03 4.57772029e-01 1.71353523e-02
9.38357658e-01 4.65750410e-01 4.24169843e-03 4.61466772e-01 1.72940997e-02
9.38899336e-01 4.69502496e-01 4.20617892e-03 4.65209581e-01 1.74543348e-02
9.39438698e-01 4.73303302e-01 4.16889701e-03 4.69001203e-01 1.76158725e-02
9.39975743e-01 4.77153494e-01 4.12979084e-03 4.72842312e-01 1.77785218e-02
9.40510470e-01 4.81053656e-01 4.08880594e-03 4.76733497e-01 1.79420875e-02
9.41042878e-01 4.85004289e-01 4.04589565e-03 4.80675265e-01 1.81063713e-02
9.41572965e-01 4.89005811e-01 4.00102155e-03 4.84668038e-01 1.82711733e-02
9.42100730e-01 4.93058550e-01 3.95415389e-03 4.88712145e-01 1.84362935e-02
9.42626171e-01 4.97162749e-01 3.90527194e-03 4.92807827e-01 1.86015331e-02
9.43149288e-01 5.01318556e-01 3.85436433e-03 4.96955231e-01 1.87666962e-02
9.43670079e-01 5.05526034e-01 3.80142938e-03 5.01154415e-01 1.89315918e-02
9.44188542e-01 5.09785150e-01 3.74647536e-03 5.05405340e-01 1.90960345e-02
9.44704677e-01 5.14095785e-01 3.68952071e-03 5.09707879e-01 1.92598470e-02
9.45218483e-01 5.18457732e-01 3.63059425e-03 5.14061814e-01 1.94228613e-02
9.45729957e-01 5.22870696e-01 3.56973532e-03 5.18466838e-01 1.95849205e-02
9.46239099e-01 5.27334302e-01 3.50699391e-03 5.22922563e-01 1.97458800e-02
9.46745907e-01 5.31848095e-01 3.44243067e-03 5.27428517e-01 1.99056098e-02
9.47250380e-01 5.36411545e-01 3.37611697e-03 5.31984153e-01 2.00639951e-02
9.47752518e-01 5.41024054e-01 3.30813482e-03 5.36588856e-01 2.02209384e-02
9.48252318e-01 5.45684961e-01 3.23857682e-03 5.41241942e-01 2.03763607e-02
9.48749779e-01 5.50393548e-01 3.16754598e-03 5.45942675e-01 2.05302026e-02
9.49244901e-01 5.55149050e-01 3.09515552e-03 5.50690265e-01 2.06824256e-02
9.49737681e-01 5.59950662e-01 3.02152866e-03 5.55483886e-01 2.08330132e-02
9.50228120e-01 5.64797548e-01 2.94679826e-03 5.60322675e-01 2.09819715e-02
9.50716215e-01 5.69688851e-01 2.87110650e-03 5.65205754e-01 2.11293305e-02
9.51201965e-01 5.74623703e-01 2.79460442e-03 5.70132229e-01 2.12751442e-02
9.51685370e-01 5.79601239e-01 2.71745146e-03 5.75101209e-01 2.14194914e-02
9.52166428e-01 5.84620605e-01 2.63981494e-03 5.80111816e-01 2.15624756e-02
9.52645137e-01 5.89680970e-01 2.56186947e-03 5.85163195e-01 2.17042256e-02
9.53121497e-01 5.94781545e-01 2.48379628e-03 5.90254533e-01 2.18448948e-02
9.53595507e-01 5.99921586e-01 2.40578259e-03 5.95385063e-01 2.19846616e-02
9.54067164e-01 6.05100416e-01 2.32802079e-03 6.00554085e-01 2.21237280e-02
9.54536469e-01 6.10317435e-01 2.25070771e-03 6.05760979e-01 2.22623198e-02
9.55003420e-01 6.15572133e-01 2.17404377e-03 6.11005215e-01 2.24006849e-02
9.55468016e-01 6.20864106e-01 2.09823209e-03 6.16286370e-01 2.25390927e-02
9.55930255e-01 6.26193066e-01 2.02347759e-03 6.21604141e-01 2.26778323e-02
9.56390137e-01 6.31558859e-01 1.94998603e-03 6.26958357e-01 2.28172114e-02
9.56847660e-01 6.36961474e-01 1.87796302e-03 6.32348997e-01 2.29575542e-02
9.57302823e-01 6.42401060e-01 1.80761302e-03 6.37776197e-01 2.30991994e-02
9.57755626e-01 6.47877933e-01 1.73913831e-03 6.43240267e-01 2.32424983e-02
9.58206066e-01 6.53392593e-01 1.67273796e-03 6.48741699e-01 2.33878126e-02
9.58654144e-01 6.58945733e-01 1.60860673e-03 6.54281182e-01 2.35355113e-02
9.59099857e-01 6.64538246e-01 1.54693404e-03 6.59859607e-01 2.36859687e-02
9.59543205e-01 6.70171239e-01 1.48790289e-03 6.65478082e-01 2.38395613e-02
9.59984187e-01 6.75846038e-01 1.43168883e-03 6.71137936e-01 2.39966653e-02
9.60422801e-01 6.81564196e-01 1.37845889e-03 6.76840727e-01 2.41576533e-02
9.60859046e-01 6.87327498e-01 1.32837059e-03 6.82588247e-01 2.43228912e-02
9.61292922e-01 6.93137967e-01 1.28157093e-03 6.88382526e-01 2.44927356e-02
9.61724427e-01 6.98997863e-01 1.23819543e-03 6.94225836e-01 2.46675304e-02
9.62153561e-01 7.04909688e-01 1.19836726e-03 7.00120690e-01 2.48476040e-02
9.62580321e-01 7.10876184e-01 1.16219632e-03 7.06069845e-01 2.50332659e-02
9.63004708e-01 7.16900330e-01 1.12977848e-03 7.12076295e-01 2.52248041e-02
9.63426720e-01 7.22985341e-01 1.10119481e-03 7.18143267e-01 2.54224821e-02
9.63846355e-01 7.29134659e-01 1.07651095e-03 7.24274223e-01 2.56265364e-02
9.64263614e-01 7.35351947e-01 1.05577646e-03 7.30472840e-01 2.58371736e-02
9.64678495e-01 7.41641083e-01 1.03902438e-03 7.36743012e-01 2.60545683e-02
9.65090997e-01 7.48006141e-01 1.02627078e-03 7.43088830e-01 2.62788611e-02
9.65501118e-01 7.54451389e-01 1.01751447e-03 7.49514576e-01 2.65101562e-02
9.65908859e-01 7.60981265e-01 1.01273674e-03 7.56024701e-01 2.67485205e-02
9.66314217e-01 7.67600367e-01 1.01190132e-03 7.62623817e-01 2.69939818e-02
9.66717192e-01 7.74313431e-01 1.01495435e-03 7.69316670e-01 2.72465280e-02
9.67117784e-01 7.81125318e-01 1.02182453e-03 7.76108128e-01 2.75061068e-02
9.67515990e-01 7.88040985e-01 1.03242335e-03 7.83003155e-01 2.77726250e-02
9.67911810e-01 7.95065472e-01 1.04664548e-03 7.90006792e-01 2.80459491e-02
9.68305243e-01 8.02203873e-01 1.06436926e-03 7.97124133e-01 2.83259060e-02
9.68696288e-01 8.09461315e-01 1.08545734e-03 8.04360300e-01 2.86122835e-02
9.69084944e-01 8.16842934e-01 1.10975742e-03 8.11720419e-01 2.89048328e-02
9.69471210e-01 8.24353847e-01 1.13710313e-03 8.19209598e-01 2.92032696e-02
9.69855086e-01 8.31999134e-01 1.16731508e-03 8.26832897e-01 2.95072771e-02
9.70236569e-01 8.39783805e-01 1.20020191e-03 8.34595304e-01 2.98165087e-02
9.70615660e-01 8.47712780e-01 1.23556165e-03 8.42501713e-01 3.01305916e-02
9.70992357e-01 8.55790864e-01 1.27318301e-03 8.50556896e-01 3.04491306e-02
9.71366659e-01 8.64022725e-01 1.31284689e-03 8.58765484e-01 3.07717123e-02
9.71738566e-01 8.72412867e-01 1.35432798e-03 8.67131941e-01 3.10979100e-02
9.72108076e-01 8.80965618e-01 1.39739645e-03 8.75660545e-01 3.14272889e-02
9.72475189e-01 8.89685103e-01 1.44181971e-03 8.84355369e-01 3.17594116e-02
9.72839904e-01 8.98575232e-01 1.48736430e-03 8.93220268e-01 3.20938443e-02
9.73202220e-01 9.07639687e-01 1.53379779e-03 9.02258858e-01 3.24301624e-02
9.73562135e-01 9.16881908e-01 1.58089084e-03 9.11474515e-01 3.27679580e-02
9.73919650e-01 9.26305085e-01 1.62841919e-03 9.20870357e-01 3.31068461e-02
9.74274762e-01 9.35912157e-01 1.67616578e-03 9.30449250e-01 3.34464717e-02
9.74627472e-01 9.45705810e-01 1.72392285e-03 9.40213799e-01 3.37865172e-02
9.74977778e-01 9.55688479e-01 1.77149409e-03 9.50166360e-01 3.41267097e-02
9.75325680e-01 9.65862359e-01 1.81869674e-03 9.60309043e-01 3.44668281e-02
9.75671177e-01 9.76229415e-01 1.86536371e-03 9.70643729e-01 3.48067108e-02
9.76014267e-01 9.86791405e-01 1.91134563e-03 9.81172091e-01 3.51462628e-02
9.76354950e-01 9.97549900e-01 1.95651293e-03 9.91895610e-01 3.54854629e-02
9.76693226e-01 1.00850631e+00 2.00075775e-03 1.00281561e+00 3.58243704e-02
9.77029093e-01 1.01966194e+00 2.04399586e-03 1.01393331e+00 3.61631324e-02
9.77362550e-01 1.03101798e+00 2.08616842e-03 1.02524983e+00 3.65019895e-02
9.77693597e-01 1.04257562e+00 2.12724367e-03 1.03676626e+00 3.68412820e-02
9.78022233e-01 1.05433606e+00 2.16721848e-03 1.04848373e+00 3.71814553e-02
9.78348456e-01 1.06630056e+00 2.20611975e-03 1.06040345e+00 3.75230650e-02
9.78672267e-01 1.07847056e+00 2.24400565e-03 1.07252675e+00 3.78667811e-02
9.78993665e-01 1.09084768e+00 2.28096671e-03 1.08485523e+00 3.82133913e-02
9.79312648e-01 1.10343386e+00 2.31712667e-03 1.09739077e+00 3.85638044e-02
9.79629216e-01 1.11623141e+00 2.35264321e-03 1.11013563e+00 3.89190519e-02
9.79943368e-01 1.12924312e+00 2.38770838e-03 1.12309257e+00 3.92802894e-02
9.80255103e-01 1.14247233e+00 2.42254887e-03 1.13626491e+00 3.96487969e-02
9.80564421e-01 1.15592306e+00 2.45742602e-03 1.14965665e+00 4.00259781e-02
9.80871321e-01 1.16960011e+00 2.49263556e-03 1.16327261e+00 4.04133583e-02
9.81175801e-01 1.18350915e+00 2.52850717e-03 1.17711846e+00 4.08125824e-02
9.81477862e-01 1.19765686e+00 2.56540372e-03 1.19120092e+00 4.12254101e-02
9.81777503e-01 1.21205105e+00 2.60372023e-03 1.20552784e+00 4.16537116e-02
9.82074722e-01 1.22670077e+00 2.64388267e-03 1.22010833e+00 4.20994613e-02
9.82369519e-01 1.24161643e+00 2.68634633e-03 1.23495287e+00 4.25647302e-02
9.82661894e-01 1.25680995e+00 2.73159411e-03 1.25007349e+00 4.30516782e-02
9.82951845e-01 1.27229487e+00 2.78013437e-03 1.26548382e+00 4.35625437e-02
9.83239372e-01 1.28808650e+00 2.83249862e-03 1.28119931e+00 4.40996334e-02
9.83524474e-01 1.30420203e+00 2.88923895e-03 1.29723727e+00 4.46653105e-02
9.83807150e-01 1.32066064e+00 2.95092516e-03 1.31361708e+00 4.52619814e-02
9.84087401e-01 1.33748369e+00 3.01814171e-03 1.33036025e+00 4.58920821e-02
9.84365224e-01 1.35469477e+00 3.09148436e-03 1.34749059e+00 4.65580633e-02
9.84640620e-01 1.37231988e+00 3.17155670e-03 1.36503430e+00 4.72623741e-02
9.84913588e-01 1.39038751e+00 3.25896642e-03 1.38302009e+00 4.80074457e-02
9.85184126e-01 1.40892874e+00 3.35432137e-03 1.40147932e+00 4.87956736e-02
9.85452235e-01 1.42797739e+00 3.45822551e-03 1.42044605e+00 4.96293993e-02
9.85717914e-01 1.44757007e+00 3.57127472e-03 1.43995717e+00 5.05108914e-02
9.85981162e-01 1.46774626e+00 3.69405240e-03 1.46005248e+00 5.14423263e-02
9.86241978e-01 1.48854845e+00 3.82712511e-03 1.48077474e+00 5.24257683e-02
9.86500362e-01 1.51002212e+00 3.97103798e-03 1.50216976e+00 5.34631493e-02
9.86756313e-01 1.53221585e+00 4.12631024e-03 1.52428647e+00 5.45562488e-02
9.87009830e-01 1.55518135e+00 4.29343055e-03 1.54717689e+00 5.57066730e-02
9.87260914e-01 1.57897346e+00 4.47285248e-03 1.57089623e+00 5.69158350e-02
9.87509562e-01 1.60365019e+00 4.66498999e-03 1.59550285e+00 5.81849344e-02
9.87755776e-01 1.62927271e+00 4.87021291e-03 1.62105827e+00 5.95149377e-02
9.87999553e-01 1.65590532e+00 5.08884257e-03 1.64762715e+00 6.09065588e-02
9.88240894e-01 1.68361540e+00 5.32114762e-03 1.67527724e+00 6.23602408e-02
9.88479797e-01 1.71247338e+00 5.56733984e-03 1.70407935e+00 6.38761376e-02
9.88716263e-01 1.74255265e+00 5.82757031e-03 1.73410721e+00 6.54540974e-02
9.88950290e-01 1.77392947e+00 6.10192570e-03 1.76543744e+00 6.70936470e-02
9.89181879e-01 1.80668283e+00 6.39042482e-03 1.79814938e+00 6.87939764e-02
9.89411028e-01 1.84089435e+00 6.69301546e-03 1.83232501e+00 7.05539265e-02
9.89637737e-01 1.87664811e+00 7.00957156e-03 1.86804871e+00 7.23719766e-02
9.89862005e-01 1.91403045e+00 7.33989063e-03 1.90540716e+00 7.42462345e-02
9.90083833e-01 1.95312979e+00 7.68369163e-03 1.94448910e+00 7.61744281e-02
9.90303218e-01 1.99403644e+00 8.04061315e-03 1.98538510e+00 7.81538987e-02
9.90520161e-01 2.03684229e+00 8.41021204e-03 2.02818734e+00 8.01815965e-02
9.90734662e-01 2.08164061e+00 8.79196243e-03 2.07298933e+00 8.22540779e-02
9.90946719e-01 2.12852572e+00 9.18525523e-03 2.11988562e+00 8.43675055e-02
9.91156332e-01 2.17759272e+00 9.58939805e-03 2.16897153e+00 8.65176494e-02
9.91363501e-01 2.22893717e+00 1.00036156e-02 2.22034278e+00 8.86998916e-02
9.91568226e-01 2.28265470e+00 1.04270507e-02 2.27409517e+00 9.09092327e-02
9.91770504e-01 2.33884071e+00 1.08587655e-02 2.33032423e+00 9.31403004e-02
9.91970337e-01 2.39758996e+00 1.12977433e-02 2.38912479e+00 9.53873611e-02
9.92167724e-01 2.45899618e+00 1.17428914e-02 2.45059068e+00 9.76443337e-02
9.92362663e-01 2.52315166e+00 1.21930433e-02 2.51481420e+00 9.99048053e-02
9.92555155e-01 2.59014684e+00 1.26469628e-02 2.58188581e+00 1.02162050e-01
9.92745200e-01 2.66006986e+00 1.31033472e-02 2.65189361e+00 1.04409052e-01
9.92932796e-01 2.73300613e+00 1.35608322e-02 2.72492295e+00 1.06638523e-01
9.93117944e-01 2.80903785e+00 1.40179964e-02 2.80105595e+00 1.08842936e-01
9.93300642e-01 2.88824358e+00 1.44733667e-02 2.88037102e+00 1.11014545e-01
9.93480891e-01 2.97069776e+00 1.49254240e-02 2.96294245e+00 1.13145422e-01
9.93658689e-01 3.05647021e+00 1.53726093e-02 3.04883987e+00 1.15227484e-01
9.93834037e-01 3.14562572e+00 1.58133304e-02 3.13812784e+00 1.17252528e-01
9.94006934e-01 3.23822352e+00 1.62459684e-02 3.23086533e+00 1.19212267e-01
9.94177380e-01 3.33431682e+00 1.66688853e-02 3.32710526e+00 1.21098367e-01
9.94345374e-01 3.43395237e+00 1.70804313e-02 3.42689408e+00 1.22902486e-01
9.94510915e-01 3.53716999e+00 1.74789524e-02 3.53027124e+00 1.24616311e-01
9.94674004e-01 3.64400211e+00 1.78627988e-02 3.63726881e+00 1.26231601e-01
9.94834640e-01 3.75447333e+00 1.82303328e-02 3.74791100e+00 1.27740230e-01
9.94992823e-01 3.86860002e+00 1.85799371e-02 3.86221374e+00 1.29134223e-01
9.95148552e-01 3.98638989e+00 1.89100233e-02 3.98018433e+00 1.30405807e-01
9.95301826e-01 4.10784162e+00 1.92190402e-02 4.10182095e+00 1.31547446e-01
9.95452646e-01 4.23294445e+00 1.95054826e-02 4.22711240e+00 1.32551889e-01
9.95601011e-01 4.36167791e+00 1.97678994e-02 4.35603770e+00 1.33412208e-01
9.95746921e-01 4.49401141e+00 2.00049019e-02 4.48856575e+00 1.34121843e-01
9.95890375e-01 4.62990403e+00 2.02151722e-02 4.62465513e+00 1.34674642e-01
9.96031373e-01 4.76930418e+00 2.03974713e-02 4.76425372e+00 1.35064899e-01
9.96169914e-01 4.91214943e+00 2.05506464e-02 4.90729856e+00 1.35287397e-01
9.96305999e-01 5.05836627e+00 2.06736389e-02 5.05371564e+00 1.35337440e-01
9.96439627e-01 5.20786998e+00 2.07654913e-02 5.20341969e+00 1.35210891e-01
9.96570797e-01 5.36056447e+00 2.08253539e-02 5.35631409e+00 1.34904206e-01
9.96699510e-01 5.51634221e+00 2.08524914e-02 5.51229082e+00 1.34414461e-01
9.96825765e-01 5.67508416e+00 2.08462887e-02 5.67123032e+00 1.33739388e-01
9.96949561e-01 5.83665980e+00 2.08062562e-02 5.83300156e+00 1.32877392e-01
9.97070899e-01 6.00092712e+00 2.07320347e-02 5.99746208e+00 1.31827583e-01
9.97189778e-01 6.16773272e+00 2.06233999e-02 6.16445799e+00 1.30589790e-01
9.97306197e-01 6.33691192e+00 2.04802656e-02 6.33382417e+00 1.29164578e-01
9.97420157e-01 6.50828892e+00 2.03026873e-02 6.50538441e+00 1.27553267e-01
9.97531657e-01 6.68167703e+00 2.00908639e-02 6.67895160e+00 1.25757937e-01
9.97640697e-01 6.85687889e+00 1.98451401e-02 6.85432800e+00 1.23781435e-01
9.97747277e-01 7.03368678e+00 1.95660066e-02 7.03130556e+00 1.21627382e-01
9.97851396e-01 7.21188297e+00 1.92541010e-02 7.20966622e+00 1.19300167e-01
9.97953055e-01 7.39124009e+00 1.89102068e-02 7.38918231e+00 1.16804945e-01
9.98052252e-01 7.57152155e+00 1.85352523e-02 7.56961699e+00 1.14147627e-01
9.98148988e-01 7.75248205e+00 1.81303088e-02 7.75072473e+00 1.11334871e-01
9.98243262e-01 7.93386803e+00 1.76965874e-02 7.93225178e+00 1.08374061e-01
9.98335074e-01 8.11541828e+00 1.72354360e-02 8.11393675e+00 1.05273290e-01
9.98424424e-01 8.29686449e+00 1.67483347e-02 8.29551122e+00 1.02041333e-01
9.98511312e-01 8.47793188e+00 1.62368908e-02 8.47670031e+00 9.86876243e-02
9.98595738e-01 8.65833988e+00 1.57028335e-02 8.65722338e+00 9.52222206e-02
9.98677701e-01 8.83780280e+00 1.51480072e-02 8.83679474e+00 9.16557699e-02
9.98757201e-01 9.01603058e+00 1.45743646e-02 9.01512430e+00 8.79994721e-02
9.98834237e-01 9.19272951e+00 1.39839592e-02 9.19191842e+00 8.42650372e-02
9.98908811e-01 9.36760303e+00 1.33789367e-02 9.36688059e+00 8.04646417e-02
9.98980921e-01 9.54035253e+00 1.27615267e-02 9.53971230e+00 7.66108804e-02
9.99050567e-01 9.71067816e+00 1.21340330e-02 9.71011384e+00 7.27167172e-02
9.99117750e-01 9.87827966e+00 1.14988242e-02 9.87778510e+00 6.87954324e-02
9.99182468e-01 1.00428573e+01 1.08583231e-02 1.00424265e+01 6.48605684e-02
9.99244723e-01 1.02041125e+01 1.02149965e-02 1.02037397e+01 6.09258731e-02
9.99304513e-01 1.03617490e+01 9.57134398e-03 1.03614287e+01 5.70052424e-02
9.99361839e-01 1.05154736e+01 8.92988716e-03 1.05152005e+01 5.31126606e-02
9.99416700e-01 1.06649970e+01 8.29315803e-03 1.06647661e+01 4.92621401e-02
9.99469096e-01 1.08100348e+01 7.66368757e-03 1.08098413e+01 4.54676606e-02
9.99519028e-01 1.09503080e+01 7.04399417e-03 1.09501475e+01 4.17431076e-02
9.99566494e-01 1.10855445e+01 6.43657201e-03 1.10854127e+01 3.81022107e-02
9.99611495e-01 1.12154794e+01 5.84387948e-03 1.12153725e+01 3.45584826e-02
9.99654032e-01 1.13398559e+01 5.26832767e-03 1.13397703e+01 3.11251584e-02
9.99694102e-01 1.14584264e+01 4.71226911e-03 1.14583589e+01 2.78151356e-02
9.99731708e-01 1.15709530e+01 4.17798660e-03 1.15709006e+01 2.46409153e-02
9.99766848e-01 1.16772084e+01 3.66768241e-03 1.16771685e+01 2.16145454e-02
9.99799522e-01 1.17769765e+01 3.18346781e-03 1.17769468e+01 1.87475651e-02
9.99829731e-01 1.18700533e+01 2.72735293e-03 1.18700318e+01 1.60509515e-02
9.99857474e-01 1.19562474e+01 2.30123713e-03 1.19562323e+01 1.35350689e-02
9.99882751e-01 1.20353807e+01 1.90689984e-03 1.20353704e+01 1.12096205e-02
9.99905562e-01 1.21072888e+01 1.54599202e-03 1.21072821e+01 9.08360319e-03
9.99925908e-01 1.21718219e+01 1.22002807e-03 1.21718177e+01 7.16526528e-03
9.99943787e-01 1.22288450e+01 9.30378568e-04 1.22288426e+01 5.46206799e-03
9.99959200e-01 1.22782383e+01 6.78263514e-04 1.22782370e+01 3.98065010e-03
9.99972148e-01 1.23198979e+01 4.64746418e-04 1.23198973e+01 2.72679661e-03
9.99982629e-01 1.23537361e+01 2.90729001e-04 1.23537358e+01 1.70541091e-03
9.99990644e-01 1.23796813e+01 1.56946515e-04 1.23796812e+01 9.20489959e-04
9.99996193e-01 1.23976791e+01 6.39626066e-05 1.23976791e+01 3.75096357e-04
9.99999277e-01 1.24076954e+01 1.21502899e-05 1.24076954e+01 7.12484106e-05
