-9.99999277e-01 5.45240577e-02 -2.65702764e-06 -5.45240559e-02 9.10120055e-06
-9.99996193e-01 5.44611896e-02 -1.39831891e-05 -5.44611384e-02 4.79130854e-05
-9.99990644e-01 5.43483396e-02 -3.42924514e-05 -5.43480311e-02 1.17573171e-04
-9.99982629e-01 5.41859181e-02 -6.34741952e-05 -5.41848559e-02 2.17814074e-04
-9.99972148e-01 5.39745482e-02 -1.01363322e-04 -5.39718222e-02 3.48230537e-04
-9.99959200e-01 5.37150435e-02 -1.47744546e-04 -5.37092065e-02 5.08293224e-04
-9.99943787e-01 5.34084025e-02 -2.02353687e-04 -5.33973501e-02 6.97351975e-04
-9.99925908e-01 5.30558038e-02 -2.64878910e-04 -5.30366588e-02 9.14638599e-04
-9.99905562e-01 5.26586010e-02 -3.34962122e-04 -5.26276016e-02 1.15926998e-03
-9.99882751e-01 5.22183161e-02 -4.12200569e-04 -5.21707105e-02 1.43025158e-03
-9.99857474e-01 5.17366333e-02 -4.96148628e-04 -5.16665795e-02 1.72648142e-03
-9.99829731e-01 5.12153911e-02 -5.86319779e-04 -5.11158636e-02 2.04675437e-03
-9.99799522e-01 5.06565745e-02 -6.82188763e-04 -5.05192785e-02 2.38976694e-03
-9.99766848e-01 5.00623062e-02 -7.83193905e-04 -4.98775989e-02 2.75412243e-03
-9.99731708e-01 4.94348370e-02 -8.88739596e-04 -4.91916577e-02 3.13833632e-03
-9.99694102e-01 4.87765364e-02 -9.98198923e-04 -4.84623449e-02 3.54084218e-03
-9.99654032e-01 4.80898822e-02 -1.11091643e-03 -4.76906062e-02 3.95999771e-03
-9.99611495e-01 4.73774495e-02 -1.22621102e-03 -4.68774417e-02 4.39409115e-03
-9.99566494e-01 4.66419001e-02 -1.34337891e-03 -4.60239045e-02 4.84134794e-03
-9.99519028e-01 4.58859709e-02 -1.46169676e-03 -4.51310988e-02 5.29993752e-03
-9.99469096e-01 4.51124621e-02 -1.58042485e-03 -4.42001791e-02 5.76798043e-03
-9.99416700e-01 4.43242258e-02 -1.69881026e-03 -4.32323477e-02 6.24355549e-03
-9.99361839e-01 4.35241538e-02 -1.81609021e-03 -4.22288533e-02 6.72470713e-03
-9.99304513e-01 4.27151657e-02 -1.93149538e-03 -4.11909893e-02 7.20945286e-03
-9.99244723e-01 4.19001967e-02 -2.04425322e-03 -4.01200916e-02 7.69579072e-03
-9.99182468e-01 4.10821859e-02 -2.15359134e-03 -3.90175368e-02 8.18170685e-03
-9.99117750e-01 4.02640641e-02 -2.25874085e-03 -3.78847401e-02 8.66518303e-03
-9.99050567e-01 3.94487426e-02 -2.35893967e-03 -3.67231530e-02 9.14420420e-03
-9.98980921e-01 3.86391008e-02 -2.45343581e-03 -3.55342614e-02 9.61676590e-03
-9.98908811e-01 3.78379758e-02 -2.54149062e-03 -3.43195832e-02 1.00808817e-02
-9.98834237e-01 3.70481510e-02 -2.62238193e-03 -3.30806661e-02 1.05345903e-02
-9.98757201e-01 3.62723455e-02 -2.69540717e-03 -3.18190849e-02 1.09759631e-02
-9.98677701e-01 3.55132040e-02 -2.75988632e-03 -3.05364395e-02 1.14031103e-02
-9.98595738e-01 3.47732869e-02 -2.81516483e-03 -2.92343523e-02 1.18141887e-02
-9.98511312e-01 3.40550609e-02 -2.86061636e-03 -2.79144653e-02 1.22074074e-02
-9.98424424e-01 3.33608907e-02 -2.89564543e-03 -2.65784382e-02 1.25810346e-02
-9.98335074e-01 3.26930300e-02 -2.91968991e-03 -2.52279452e-02 1.29334033e-02
-9.98243262e-01 3.20536143e-02 -2.93222337e-03 -2.38646729e-02 1.32629171e-02
-9.98148988e-01 3.14446538e-02 -2.93275723e-03 -2.24903172e-02 1.35680559e-02
-9.98052252e-01 3.08680265e-02 -2.92084282e-03 -2.11065807e-02 1.38473806e-02
-9.97953055e-01 3.03254731e-02 -2.89607317e-03 -1.97151702e-02 1.40995382e-02
-9.97851396e-01 2.98185908e-02 -2.85808467e-03 -1.83177938e-02 1.43232660e-02
-9.97747277e-01 2.93488298e-02 -2.80655853e-03 -1.69161583e-02 1.45173957e-02
-9.97640697e-01 2.89174885e-02 -2.74122207e-03 -1.55119662e-02 1.46808571e-02
-9.97531657e-01 2.85257111e-02 -2.66184971e-03 -1.41069133e-02 1.48126811e-02
-9.97420157e-01 2.81744843e-02 -2.56826390e-03 -1.27026857e-02 1.49120030e-02
-9.97306197e-01 2.78646361e-02 -2.46033571e-03 -1.13009572e-02 1.49780646e-02
-9.97189778e-01 2.75968344e-02 -2.33798532e-03 -9.90338670e-03 1.50102166e-02
-9.97070899e-01 2.73715862e-02 -2.20118222e-03 -8.51161517e-03 1.50079198e-02
-9.96949561e-01 2.71892380e-02 -2.04994526e-03 -7.12726338e-03 1.49707465e-02
-9.96825765e-01 2.70499765e-02 -1.88434248e-03 -5.75192908e-03 1.48983816e-02
-9.96699510e-01 2.69538297e-02 -1.70449070e-03 -4.38718445e-03 1.47906226e-02
-9.96570797e-01 2.69006695e-02 -1.51055496e-03 -3.03457358e-03 1.46473797e-02
-9.96439627e-01 2.68902133e-02 -1.30274774e-03 -1.69560997e-03 1.44686756e-02
-9.96305999e-01 2.69220281e-02 -1.08132801e-03 -3.71774098e-04 1.42546446e-02
-9.96169914e-01 2.69955332e-02 -8.46600076e-04 9.35488929e-04 1.40055310e-02
-9.96031373e-01 2.71100049e-02 -5.98912251e-04 2.22477169e-03 1.37216884e-02
-9.95890375e-01 2.72645810e-02 -3.38655375e-04 3.49470665e-03 1.34035768e-02
-9.95746921e-01 2.74582657e-02 -6.62611599e-05 4.74396837e-03 1.30517610e-02
-9.95601011e-01 2.76899352e-02 2.17799608e-04 5.97127547e-03 1.26669078e-02
-9.95452646e-01 2.79583432e-02 5.13019011e-04 7.17539270e-03 1.22497830e-02
-9.95301826e-01 2.82621278e-02 8.18854067e-04 8.35513276e-03 1.18012479e-02
-9.95148552e-01 2.85998174e-02 1.13472892e-03 9.50935813e-03 1.13222563e-02
-9.94992823e-01 2.89698375e-02 1.46003715e-03 1.06369827e-02 1.08138501e-02
-9.94834640e-01 2.93705182e-02 1.79414413e-03 1.17369733e-02 1.02771557e-02
-9.94674004e-01 2.98001013e-02 2.13638955e-03 1.28083514e-02 9.71337920e-03
-9.94510915e-01 3.02567474e-02 2.48608994e-03 1.38501942e-02 9.12380211e-03
-9.94345374e-01 3.07385442e-02 2.84254126e-03 1.48616357e-02 8.50977660e-03
-9.94177380e-01 3.12435135e-02 3.20502159e-03 1.58418685e-02 7.87272044e-03
-9.94006934e-01 3.17696197e-02 3.57279379e-03 1.67901440e-02 7.21411197e-03
-9.93834037e-01 3.23147773e-02 3.94510820e-03 1.77057737e-02 6.53548483e-03
-9.93658689e-01 3.28768589e-02 4.32120538e-03 1.85881297e-02 5.83842260e-03
-9.93480891e-01 3.34537034e-02 4.70031880e-03 1.94366455e-02 5.12455330e-03
-9.93300642e-01 3.40431233e-02 5.08167755e-03 2.02508164e-02 4.39554390e-03
-9.93117944e-01 3.46429133e-02 5.46450897e-03 2.10301998e-02 3.65309466e-03
-9.92932796e-01 3.52508572e-02 5.84804131e-03 2.17744151e-02 2.89893353e-03
-9.92745200e-01 3.58647364e-02 6.23150628e-03 2.24831445e-02 2.13481046e-03
-9.92555155e-01 3.64823367e-02 6.61414159e-03 2.31561321e-02 1.36249175e-03
-9.92362663e-01 3.71014562e-02 6.99519334e-03 2.37931841e-02 5.83754420e-04
-9.92167724e-01 3.77199119e-02 7.37391843e-03 2.43941687e-02 -1.99619393e-04
-9.91970337e-01 3.83355471e-02 7.74958679e-03 2.49590150e-02 -9.85847958e-04
-9.91770504e-01 3.89462381e-02 8.12148358e-03 2.54877129e-02 -1.77315542e-03
-9.91568226e-01 3.95499002e-02 8.48891121e-03 2.59803121e-02 -2.55977714e-03
-9.91363501e-01 4.01444948e-02 8.85119133e-03 2.64369213e-02 -3.34396496e-03
-9.91156332e-01 4.07280345e-02 9.20766666e-03 2.68577074e-02 -4.12399234e-03
-9.90946719e-01 4.12985893e-02 9.55770267e-03 2.72428940e-02 -4.89815927e-03
-9.90734662e-01 4.18542917e-02 9.90068919e-03 2.75927607e-02 -5.66479714e-03
-9.90520161e-01 4.23933420e-02 1.02360418e-02 2.79076411e-02 -6.42227339e-03
-9.90303218e-01 4.29140130e-02 1.05632033e-02 2.81879220e-02 -7.16899591e-03
-9.90083833e-01 4.34146540e-02 1.08816446e-02 2.84340415e-02 -7.90341736e-03
-9.89862005e-01 4.38936954e-02 1.11908662e-02 2.86464873e-02 -8.62403919e-03
-9.89637737e-01 4.43496524e-02 1.14903984e-02 2.88257952e-02 -9.32941549e-03
-9.89411028e-01 4.47811277e-02 1.17798030e-02 2.89725470e-02 -1.00181566e-02
-9.89181879e-01 4.51868155e-02 1.20586730e-02 2.90873689e-02 -1.06889324e-02
-9.88950290e-01 4.55655033e-02 1.23266336e-02 2.91709291e-02 -1.13404757e-02
-9.88716263e-01 4.59160749e-02 1.25833427e-02 2.92239362e-02 -1.19715846e-02
-9.88479797e-01 4.62375117e-02 1.28284905e-02 2.92471366e-02 -1.25811258e-02
-9.88240894e-01 4.65288948e-02 1.30618003e-02 2.92413127e-02 -1.31680365e-02
-9.87999553e-01 4.67894062e-02 1.32830279e-02 2.92072803e-02 -1.37313264e-02
-9.87755776e-01 4.70183292e-02 1.34919619e-02 2.91458866e-02 -1.42700799e-02
-9.87509562e-01 4.72150498e-02 1.36884231e-02 2.90580080e-02 -1.47834578e-02
-9.87260914e-01 4.73790558e-02 1.38722646e-02 2.89445471e-02 -1.52706979e-02
-9.87009830e-01 4.75099379e-02 1.40433706e-02 2.88064310e-02 -1.57311168e-02
-9.86756313e-01 4.76073881e-02 1.42016566e-02 2.86446087e-02 -1.61641102e-02
-9.86500362e-01 4.76711998e-02 1.43470684e-02 2.84600485e-02 -1.65691536e-02
-9.86241978e-01 4.77012662e-02 1.44795812e-02 2.82537358e-02 -1.69458027e-02
-9.85981162e-01 4.76975790e-02 1.45991992e-02 2.80266706e-02 -1.72936931e-02
-9.85717914e-01 4.76602270e-02 1.47059543e-02 2.77798651e-02 -1.76125402e-02
-9.85452235e-01 4.75893937e-02 1.47999058e-02 2.75143415e-02 -1.79021387e-02
-9.85184126e-01 4.74853554e-02 1.48811384e-02 2.72311292e-02 -1.81623621e-02
-9.84913588e-01 4.73484788e-02 1.49497622e-02 2.69312632e-02 -1.83931612e-02
-9.84640620e-01 4.71792178e-02 1.50059109e-02 2.66157809e-02 -1.85945635e-02
-9.84365224e-01 4.69781110e-02 1.50497412e-02 2.62857206e-02 -1.87666713e-02
-9.84087401e-01 4.67457784e-02 1.50814310e-02 2.59421192e-02 -1.89096604e-02
-9.83807150e-01 4.64829180e-02 1.51011789e-02 2.55860094e-02 -1.90237784e-02
-9.83524474e-01 4.61903023e-02 1.51092028e-02 2.52184185e-02 -1.91093421e-02
-9.83239372e-01 4.58687745e-02 1.51057383e-02 2.48403657e-02 -1.91667360e-02
-9.82951845e-01 4.55192447e-02 1.50910380e-02 2.44528607e-02 -1.91964095e-02
-9.82661894e-01 4.51426859e-02 1.50653700e-02 2.40569011e-02 -1.91988747e-02
-9.82369519e-01 4.47401298e-02 1.50290171e-02 2.36534713e-02 -1.91747035e-02
-9.82074722e-01 4.43126626e-02 1.49822748e-02 2.32435402e-02 -1.91245246e-02
-9.81777503e-01 4.38614207e-02 1.49254509e-02 2.28280600e-02 -1.90490213e-02
-9.81477862e-01 4.33875863e-02 1.48588640e-02 2.24079643e-02 -1.89489278e-02
-9.81175801e-01 4.28923827e-02 1.47828423e-02 2.19841667e-02 -1.88250261e-02
-9.80871321e-01 4.23770701e-02 1.46977226e-02 2.15575594e-02 -1.86781431e-02
-9.80564421e-01 4.18429410e-02 1.46038489e-02 2.11290118e-02 -1.85091472e-02
-9.80255103e-01 4.12913155e-02 1.45015718e-02 2.06993695e-02 -1.83189446e-02
-9.79943368e-01 4.07235371e-02 1.43912471e-02 2.02694530e-02 -1.81084763e-02
-9.79629216e-01 4.01409676e-02 1.42732347e-02 1.98400566e-02 -1.78787143e-02
-9.79312648e-01 3.95449832e-02 1.41478979e-02 1.94119475e-02 -1.76306583e-02
-9.78993665e-01 3.89369698e-02 1.40156021e-02 1.89858651e-02 -1.73653319e-02
-9.78672267e-01 3.83183187e-02 1.38767141e-02 1.85625198e-02 -1.70837795e-02
-9.78348456e-01 3.76904221e-02 1.37316014e-02 1.81425930e-02 -1.67870625e-02
-9.78022233e-01 3.70546691e-02 1.35806306e-02 1.77267357e-02 -1.64762557e-02
-9.77693597e-01 3.64124419e-02 1.34241675e-02 1.73155688e-02 -1.61524441e-02
-9.77362550e-01 3.57651109e-02 1.32625754e-02 1.69096818e-02 -1.58167190e-02
-9.77029093e-01 3.51140318e-02 1.30962152e-02 1.65096333e-02 -1.54701753e-02
-9.76693226e-01 3.44605413e-02 1.29254440e-02 1.61159504e-02 -1.51139075e-02
-9.76354950e-01 3.38059539e-02 1.27506148e-02 1.57291283e-02 -1.47490068e-02
-9.76014267e-01 3.31515578e-02 1.25720754e-02 1.53496306e-02 -1.43765577e-02
-9.75671177e-01 3.24986126e-02 1.23901685e-02 1.49778889e-02 -1.39976350e-02
-9.75325680e-01 3.18483454e-02 1.22052303e-02 1.46143035e-02 -1.36133011e-02
-9.74977778e-01 3.12019482e-02 1.20175906e-02 1.42592425e-02 -1.32246023e-02
-9.74627472e-01 3.05605752e-02 1.18275717e-02 1.39130432e-02 -1.28325670e-02
-9.74274762e-01 2.99253402e-02 1.16354885e-02 1.35760113e-02 -1.24382021e-02
-9.73919650e-01 2.92973139e-02 1.14416474e-02 1.32484219e-02 -1.20424912e-02
-9.73562135e-01 2.86775226e-02 1.12463465e-02 1.29305196e-02 -1.16463917e-02
-9.73202220e-01 2.80669451e-02 1.10498745e-02 1.26225190e-02 -1.12508328e-02
-9.72839904e-01 2.74665121e-02 1.08525110e-02 1.23246055e-02 -1.08567131e-02
-9.72475189e-01 2.68771036e-02 1.06545257e-02 1.20369351e-02 -1.04648991e-02
-9.72108076e-01 2.62995482e-02 1.04561783e-02 1.17596360e-02 -1.00762226e-02
-9.71738566e-01 2.57346218e-02 1.02577181e-02 1.14928082e-02 -9.69147983e-03
-9.71366659e-01 2.51830464e-02 1.00593837e-02 1.12365252e-02 -9.31142942e-03
-9.70992357e-01 2.46454897e-02 9.86140297e-03 1.09908340e-02 -8.93679117e-03
-9.70615660e-01 2.41225643e-02 9.66399263e-03 1.07557562e-02 -8.56824486e-03
-9.70236569e-01 2.36148274e-02 9.46735819e-03 1.05312888e-02 -8.20642922e-03
-9.69855086e-01 2.31227805e-02 9.27169376e-03 1.03174050e-02 -7.85194103e-03
-9.69471210e-01 2.26468698e-02 9.07718190e-03 1.01140551e-02 -7.50533439e-03
-9.69084944e-01 2.21874858e-02 8.88399358e-03 9.92116744e-03 -7.16712022e-03
-9.68696288e-01 2.17449642e-02 8.69228807e-03 9.73864913e-03 -6.83776583e-03
-9.68305243e-01 2.13195861e-02 8.50221289e-03 9.56638733e-03 -6.51769467e-03
-9.67911810e-01 2.09115787e-02 8.31390380e-03 9.40425002e-03 -6.20728632e-03
-9.67515990e-01 2.05211166e-02 8.12748480e-03 9.25208709e-03 -5.90687650e-03
-9.67117784e-01 2.01483222e-02 7.94306819e-03 9.10973130e-03 -5.61675733e-03
-9.66717192e-01 1.97932670e-02 7.76075456e-03 8.97699934e-03 -5.33717773e-03
-9.66314217e-01 1.94559734e-02 7.58063292e-03 8.85369289e-03 -5.06834390e-03
-9.65908859e-01 1.91364153e-02 7.40278080e-03 8.73959963e-03 -4.81042001e-03
-9.65501118e-01 1.88345204e-02 7.22726433e-03 8.63449436e-03 -4.56352896e-03
-9.65090997e-01 1.85501711e-02 7.05413844e-03 8.53814001e-03 -4.32775336e-03
-9.64678495e-01 1.82832069e-02 6.88344700e-03 8.45028873e-03 -4.10313652e-03
-9.64263614e-01 1.80334259e-02 6.71522301e-03 8.37068298e-03 -3.88968362e-03
-9.63846355e-01 1.78005867e-02 6.54948882e-03 8.29905654e-03 -3.68736303e-03
-9.63426720e-01 1.75844108e-02 6.38625635e-03 8.23513560e-03 -3.49610761e-03
-9.63004708e-01 1.73845839e-02 6.22552735e-03 8.17863983e-03 -3.31581624e-03
-9.62580321e-01 1.72007588e-02 6.06729365e-03 8.12928337e-03 -3.14635536e-03
-9.62153561e-01 1.70325572e-02 5.91153749e-03 8.08677587e-03 -2.98756061e-03
-9.61724427e-01 1.68795721e-02 5.75823176e-03 8.05082351e-03 -2.83923855e-03
-9.61292922e-01 1.67413699e-02 5.60734036e-03 8.02113000e-03 -2.70116842e-03
-9.60859046e-01 1.66174925e-02 5.45881853e-03 7.99739748e-03 -2.57310403e-03
-9.60422801e-01 1.65074603e-02 5.31261320e-03 7.97932755e-03 -2.45477560e-03
-9.59984187e-01 1.64107737e-02 5.16866332e-03 7.96662211e-03 -2.34589170e-03
-9.59543205e-01 1.63269159e-02 5.02690027e-03 7.95898427e-03 -2.24614124e-03
-9.59099857e-01 1.62553550e-02 4.88724827e-03 7.95611922e-03 -2.15519541e-03
-9.58654144e-01 1.61955465e-02 4.74962470e-03 7.95773502e-03 -2.07270975e-03
-9.58206066e-01 1.61469354e-02 4.61394057e-03 7.96354336e-03 -1.99832609e-03
-9.57755626e-01 1.61089582e-02 4.48010095e-03 7.97326036e-03 -1.93167461e-03
-9.57302823e-01 1.60810457e-02 4.34800534e-03 7.98660721e-03 -1.87237583e-03
-9.56847660e-01 1.60626246e-02 4.21754816e-03 8.00331082e-03 -1.82004258e-03
-9.56390137e-01 1.60531198e-02 4.08861913e-03 8.02310447e-03 -1.77428201e-03
-9.55930255e-01 1.60519566e-02 3.96110381e-03 8.04572834e-03 -1.73469744e-03
-9.55468016e-01 1.60585625e-02 3.83488397e-03 8.07093000e-03 -1.70089034e-03
-9.55003420e-01 1.60723690e-02 3.70983808e-03 8.09846490e-03 -1.67246212e-03
-9.54536469e-01 1.60928138e-02 3.58584178e-03 8.12809675e-03 -1.64901594e-03
-9.54067164e-01 1.61193423e-02 3.46276833e-03 8.15959789e-03 -1.63015841e-03
-9.53595507e-01 1.61514091e-02 3.34048909e-03 8.19274959e-03 -1.61550131e-03
-9.53121497e-01 1.61884802e-02 3.21887398e-03 8.22734226e-03 -1.60466315e-03
-9.52645137e-01 1.62300337e-02 3.09779195e-03 8.26317569e-03 -1.59727069e-03
-9.52166428e-01 1.62755619e-02 2.97711144e-03 8.30005915e-03 -1.59296036e-03
-9.51685370e-01 1.63245721e-02 2.85670089e-03 8.33781148e-03 -1.59137965e-03
-9.51201965e-01 1.63765880e-02 2.73642912e-03 8.37626113e-03 -1.59218833e-03
-9.50716215e-01 1.64311508e-02 2.61616589e-03 8.41524614e-03 -1.59505963e-03
-9.50228120e-01 1.64878203e-02 2.49578226e-03 8.45461404e-03 -1.59968128e-03
-9.49737681e-01 1.65461752e-02 2.37515113e-03 8.49422177e-03 -1.60575653e-03
-9.49244901e-01 1.66058147e-02 2.25414763e-03 8.53393548e-03 -1.61300496e-03
-9.48749779e-01 1.66663585e-02 2.13264957e-03 8.57363032e-03 -1.62116330e-03
-9.48252318e-01 1.67274476e-02 2.01053789e-03 8.61319021e-03 -1.62998603e-03
-9.47752518e-01 1.67887447e-02 1.88769705e-03 8.65250750e-03 -1.63924598e-03
-9.47250380e-01 1.68499344e-02 1.76401549e-03 8.69148271e-03 -1.64873476e-03
-9.46745907e-01 1.69107238e-02 1.63938596e-03 8.73002407e-03 -1.65826311e-03
-9.46239099e-01 1.69708421e-02 1.51370599e-03 8.76804720e-03 -1.66766117e-03
-9.45729957e-01 1.70300409e-02 1.38687820e-03 8.80547467e-03 -1.67677860e-03
-9.45218483e-01 1.70880940e-02 1.25881072e-03 8.84223553e-03 -1.68548464e-03
-9.44704677e-01 1.71447975e-02 1.12941748e-03 8.87826487e-03 -1.69366808e-03
-9.44188542e-01 1.71999690e-02 9.98618589e-04 8.91350334e-03 -1.70123709e-03
-9.43670079e-01 1.72534477e-02 8.66340615e-04 8.94789664e-03 -1.70811902e-03
-9.43149288e-01 1.73050935e-02 7.32516910e-04 8.98139503e-03 -1.71426007e-03
-9.42626171e-01 1.73547869e-02 5.97087872e-04 9.01395285e-03 -1.71962493e-03
-9.42100730e-01 1.74024282e-02 4.60001206e-04 9.04552799e-03 -1.72419627e-03
-9.41572965e-01 1.74479369e-02 3.21212165e-04 9.07608139e-03 -1.72797422e-03
-9.41042878e-01 1.74912505e-02 1.80683762e-04 9.10557658e-03 -1.73097578e-03
-9.40510470e-01 1.75323246e-02 3.83869669e-05 9.13397918e-03 -1.73323411e-03
-9.39975743e-01 1.75711310e-02 -1.05699126e-04 9.16125644e-03 -1.73479786e-03
-9.39438698e-01 1.76076576e-02 -2.51587147e-04 9.18737684e-03 -1.73573034e-03
-9.38899336e-01 1.76419072e-02 -3.99281335e-04 9.21230958e-03 -1.73610875e-03
-9.38357658e-01 1.76738964e-02 -5.48777434e-04 9.23602428e-03 -1.73602327e-03
-9.37813667e-01 1.77036547e-02 -7.00062627e-04 9.25849057e-03 -1.73557622e-03
-9.37267362e-01 1.77312236e-02 -8.53115489e-04 9.27967775e-03 -1.73488109e-03
-9.36718746e-01 1.77566552e-02 -1.00790597e-03 9.29955453e-03 -1.73406163e-03
-9.36167820e-01 1.77800118e-02 -1.16439540e-03 9.31808870e-03 -1.73325085e-03
-9.35614585e-01 1.78013641e-02 -1.32253652e-03 9.33524695e-03 -1.73259008e-03
-9.35059043e-01 1.78207908e-02 -1.48227358e-03 9.35099467e-03 -1.73222798e-03
-9.34501195e-01 1.78383771e-02 -1.64354236e-03 9.36529580e-03 -1.73231952e-03
-9.33941042e-01 1.78542140e-02 -1.80627037e-03 9.37811270e-03 -1.73302504e-03
-9.33378586e-01 1.78683972e-02 -1.97037692e-03 9.38940609e-03 -1.73450925e-03
-9.32813828e-01 1.78810260e-02 -2.13577335e-03 9.39913504e-03 -1.73694027e-03
-9.32246769e-01 1.78922027e-02 -2.30236319e-03 9.40725696e-03 -1.74048867e-03
-9.31677412e-01 1.79020313e-02 -2.47004240e-03 9.41372764e-03 -1.74532654e-03
-9.31105757e-01 1.79106169e-02 -2.63869962e-03 9.41850140e-03 -1.75162659e-03
-9.30531805e-01 1.79180648e-02 -2.80821642e-03 9.42153114e-03 -1.75956128e-03
-9.29955559e-01 1.79244797e-02 -2.97846764e-03 9.42276856e-03 -1.76930190e-03
-9.29377019e-01 1.79299648e-02 -3.14932168e-03 9.42216436e-03 -1.78101782e-03
-9.28796187e-01 1.79346216e-02 -3.32064084e-03 9.41966844e-03 -1.79487565e-03
-9.28213065e-01 1.79385487e-02 -3.49228168e-03 9.41523021e-03 -1.81103848e-03
-9.27627654e-01 1.79418416e-02 -3.66409544e-03 9.40879887e-03 -1.82966519e-03
-9.27039955e-01 1.79445918e-02 -3.83592838e-03 9.40032372e-03 -1.85090976e-03
-9.26449969e-01 1.79468869e-02 -4.00762224e-03 9.38975455e-03 -1.87492058e-03
-9.25857699e-01 1.79488096e-02 -4.17901464e-03 9.37704195e-03 -1.90183992e-03
-9.25263146e-01 1.79504375e-02 -4.34993955e-03 9.36213774e-03 -1.93180331e-03
-9.24666310e-01 1.79518431e-02 -4.52022771e-03 9.34499539e-03 -1.96493903e-03
-9.24067195e-01 1.79530929e-02 -4.68970714e-03 9.32557037e-03 -2.00136767e-03
-9.23465800e-01 1.79542478e-02 -4.85820356e-03 9.30382065e-03 -2.04120162e-03
-9.22862128e-01 1.79553626e-02 -5.02554090e-03 9.27970710e-03 -2.08454473e-03
-9.22256180e-01 1.79564860e-02 -5.19154178e-03 9.25319391e-03 -2.13149195e-03
-9.21647958e-01 1.79576605e-02 -5.35602799e-03 9.22424906e-03 -2.18212896e-03
-9.21037462e-01 1.79589223e-02 -5.51882095e-03 9.19284474e-03 -2.23653196e-03
-9.20424696e-01 1.79603015e-02 -5.67974223e-03 9.15895777e-03 -2.29476741e-03
-9.19809659e-01 1.79618218e-02 -5.83861403e-03 9.12257006e-03 -2.35689179e-03
-9.19192354e-01 1.79635010e-02 -5.99525961e-03 9.08366895e-03 -2.42295149e-03
-9.18572782e-01 1.79653509e-02 -6.14950380e-03 9.04224769e-03 -2.49298267e-03
-9.17950945e-01 1.79673776e-02 -6.30117346e-03 8.99830574e-03 -2.56701115e-03
-9.17326844e-01 1.79695814e-02 -6.45009791e-03 8.95184919e-03 -2.64505234e-03
-9.16700480e-01 1.79719574e-02 -6.59610937e-03 8.90289107e-03 -2.72711125e-03
-9.16071856e-01 1.79744953e-02 -6.73904340e-03 8.85145169e-03 -2.81318248e-03
-9.15440973e-01 1.79771800e-02 -6.87873934e-03 8.79755889e-03 -2.90325024e-03
-9.14807832e-01 1.79799920e-02 -7.01504064e-03 8.74124836e-03 -2.99728842e-03
-9.14172435e-01 1.79829072e-02 -7.14779531e-03 8.68256383e-03 -3.09526068e-03
-9.13534783e-01 1.79858976e-02 -7.27685625e-03 8.62155729e-03 -3.19712056e-03
-9.12894879e-01 1.79889313e-02 -7.40208163e-03 8.55828917e-03 -3.30281163e-03
-9.12252723e-01 1.79919734e-02 -7.52333520e-03 8.49282849e-03 -3.41226766e-03
-9.11608317e-01 1.79949857e-02 -7.64048661e-03 8.42525294e-03 -3.52541278e-03
-9.10961663e-01 1.79979274e-02 -7.75341175e-03 8.35564895e-03 -3.64216170e-03
-9.10312763e-01 1.80007555e-02 -7.86199296e-03 8.28411178e-03 -3.76241995e-03
-9.09661618e-01 1.80034247e-02 -7.96611937e-03 8.21074543e-03 -3.88608413e-03
-9.09008229e-01 1.80058885e-02 -8.06568708e-03 8.13566268e-03 -4.01304214e-03
-9.08352599e-01 1.80080988e-02 -8.16059945e-03 8.05898497e-03 -4.14317352e-03
-9.07694728e-01 1.80100068e-02 -8.25076729e-03 7.98084230e-03 -4.27634969e-03
-9.07034619e-01 1.80115631e-02 -8.33610906e-03 7.90137306e-03 -4.41243433e-03
-9.06372273e-01 1.80127181e-02 -8.41655106e-03 7.82072385e-03 -4.55128365e-03
-9.05707691e-01 1.80134221e-02 -8.49202760e-03 7.73904926e-03 -4.69274678e-03
-9.05040876e-01 1.80136263e-02 -8.56248117e-03 7.65651157e-03 -4.83666609e-03
-9.04371830e-01 1.80132824e-02 -8.62786259e-03 7.57328046e-03 -4.98287762e-03
-9.03700552e-01 1.80123433e-02 -8.68813113e-03 7.48953265e-03 -5.13121140e-03
-9.03027046e-01 1.80107633e-02 -8.74325465e-03 7.40545153e-03 -5.28149188e-03
-9.02351313e-01 1.80084986e-02 -8.79320975e-03 7.32122670e-03 -5.43353835e-03
-9.01673355e-01 1.80055073e-02 -8.83798182e-03 7.23705356e-03 -5.58716530e-03
-9.00993173e-01 1.80017499e-02 -8.87756521e-03 7.15313275e-03 -5.74218294e-03
-9.00310769e-01 1.79971894e-02 -8.91196328e-03 7.06966967e-03 -5.89839752e-03
-8.99626145e-01 1.79917918e-02 -8.94118854e-03 6.98687385e-03 -6.05561188e-03
-8.98939302e-01 1.79855262e-02 -8.96526271e-03 6.90495841e-03 -6.21362586e-03
-8.98250242e-01 1.79783651e-02 -8.98421680e-03 6.82413935e-03 -6.37223674e-03
-8.97558967e-01 1.79702846e-02 -8.99809123e-03 6.74463493e-03 -6.53123975e-03
-8.96865478e-01 1.79612645e-02 -9.00693588e-03 6.66666493e-03 -6.69042852e-03
-8.96169778e-01 1.79512886e-02 -9.01081014e-03 6.59044996e-03 -6.84959558e-03
-8.95471867e-01 1.79403453e-02 -9.00978303e-03 6.51621063e-03 -7.00853284e-03
-8.94771748e-01 1.79284268e-02 -9.00393323e-03 6.44416683e-03 -7.16703208e-03
-8.94069423e-01 1.79155302e-02 -8.99334914e-03 6.37453688e-03 -7.32488545e-03
-8.93364892e-01 1.79016572e-02 -8.97812893e-03 6.30753668e-03 -7.48188598e-03
-8.92658159e-01 1.78868143e-02 -8.95838059e-03 6.24337892e-03 -7.63782809e-03
-8.91949223e-01 1.78710127e-02 -8.93422192e-03 6.18227211e-03 -7.79250808e-03
-8.91238089e-01 1.78542688e-02 -8.90578061e-03 6.12441980e-03 -7.94572467e-03
-8.90524756e-01 1.78366039e-02 -8.87319418e-03 6.07001959e-03 -8.09727947e-03
-8.89809227e-01 1.78180444e-02 -8.83660999e-03 6.01926229e-03 -8.24697756e-03
-8.89091503e-01 1.77986219e-02 -8.79618522e-03 5.97233095e-03 -8.39462793e-03
-8.88371587e-01 1.77783727e-02 -8.75208678e-03 5.92940002e-03 -8.54004404e-03
-8.87649480e-01 1.77573387e-02 -8.70449126e-03 5.89063436e-03 -8.68304432e-03
-8.86925184e-01 1.77355663e-02 -8.65358480e-03 5.85618840e-03 -8.82345265e-03
-8.86198701e-01 1.77131072e-02 -8.59956296e-03 5.82620521e-03 -8.96109891e-03
-8.85470032e-01 1.76900177e-02 -8.54263055e-03 5.80081565e-03 -9.09581942e-03
-8.84739180e-01 1.76663588e-02 -8.48300140e-03 5.78013748e-03 -9.22745746e-03
-8.84006145e-01 1.76421963e-02 -8.42089816e-03 5.76427458e-03 -9.35586375e-03
-8.83270931e-01 1.76176000e-02 -8.35655193e-03 5.75331609e-03 -9.48089690e-03
-8.82533538e-01 1.75926441e-02 -8.29020202e-03 5.74733566e-03 -9.60242389e-03
-8.81793969e-01 1.75674068e-02 -8.22209551e-03 5.74639076e-03 -9.72032047e-03
-8.81052225e-01 1.75419698e-02 -8.15248680e-03 5.75052193e-03 -9.83447165e-03
-8.80308308e-01 1.75164183e-02 -8.08163721e-03 5.75975219e-03 -9.94477204e-03
-8.79562220e-01 1.74908406e-02 -8.00981434e-03 5.77408646e-03 -1.00511263e-02
-8.78813963e-01 1.74653278e-02 -7.93729156e-03 5.79351100e-03 -1.01534495e-02
-8.78063539e-01 1.74399733e-02 -7.86434734e-03 5.81799301e-03 -1.02516674e-02
-8.77310949e-01 1.74148726e-02 -7.79126453e-03 5.84748016e-03 -1.03457169e-02
-8.76556196e-01 1.73901230e-02 -7.71832961e-03 5.88190038e-03 -1.04355461e-02
-8.75799281e-01 1.73658228e-02 -7.64583190e-03 5.92116153e-03 -1.05211150e-02
-8.75040206e-01 1.73420713e-02 -7.57406266e-03 5.96515129e-03 -1.06023953e-02
-8.74278973e-01 1.73189680e-02 -7.50331418e-03 6.01373709e-03 -1.06793706e-02
-8.73515584e-01 1.72966125e-02 -7.43387883e-03 6.06676610e-03 -1.07520372e-02
-8.72750041e-01 1.72751036e-02 -7.36604798e-03 6.12406538e-03 -1.08204033e-02
-8.71982345e-01 1.72545391e-02 -7.30011100e-03 6.18544206e-03 -1.08844899e-02
-8.71212499e-01 1.72350153e-02 -7.23635410e-03 6.25068364e-03 -1.09443302e-02
-8.70440504e-01 1.72166264e-02 -7.17505923e-03 6.31955840e-03 -1.09999703e-02
-8.69666363e-01 1.71994640e-02 -7.11650284e-03 6.39181592e-03 -1.10514686e-02
-8.68890077e-01 1.71836169e-02 -7.06095474e-03 6.46718762e-03 -1.10988959e-02
-8.68111648e-01 1.71691699e-02 -7.00867684e-03 6.54538755e-03 -1.11423355e-02
-8.67331079e-01 1.71562043e-02 -6.95992190e-03 6.62611308e-03 -1.11818826e-02
-8.66548370e-01 1.71447963e-02 -6.91493232e-03 6.70904592e-03 -1.12176446e-02
-8.65763524e-01 1.71350177e-02 -6.87393885e-03 6.79385300e-03 -1.12497404e-02
-8.64976543e-01 1.71269344e-02 -6.83715939e-03 6.88018766e-03 -1.12783003e-02
-8.64187429e-01 1.71206067e-02 -6.80479772e-03 6.96769077e-03 -1.13034656e-02
-8.63396184e-01 1.71160887e-02 -6.77704236e-03 7.05599200e-03 -1.13253883e-02
-8.62602809e-01 1.71134274e-02 -6.75406533e-03 7.14471120e-03 -1.13442306e-02
-8.61807307e-01 1.71126634e-02 -6.73602109e-03 7.23345982e-03 -1.13601640e-02
-8.61009680e-01 1.71138293e-02 -6.72304543e-03 7.32184241e-03 -1.13733696e-02
-8.60209930e-01 1.71169507e-02 -6.71525445e-03 7.40945819e-03 -1.13840366e-02
-8.59408057e-01 1.71220447e-02 -6.71274363e-03 7.49590267e-03 -1.13923623e-02
-8.58604066e-01 1.71291207e-02 -6.71558691e-03 7.58076934e-03 -1.13985511e-02
-8.57797957e-01 1.71381796e-02 -6.72383596e-03 7.66365141e-03 -1.14028140e-02
-8.56989732e-01 1.71492137e-02 -6.73751941e-03 7.74414354e-03 -1.14053676e-02
-8.56179395e-01 1.71622071e-02 -6.75664232e-03 7.82184366e-03 -1.14064335e-02
-8.55366945e-01 1.71771348e-02 -6.78118559e-03 7.89635476e-03 -1.14062372e-02
-8.54552386e-01 1.71939635e-02 -6.81110567e-03 7.96728670e-03 -1.14050078e-02
-8.53735720e-01 1.72126511e-02 -6.84633420e-03 8.03425806e-03 -1.14029764e-02
-8.52916948e-01 1.72331471e-02 -6.88677791e-03 8.09689791e-03 -1.14003758e-02
-8.52096073e-01 1.72553924e-02 -6.93231862e-03 8.15484762e-03 -1.13974392e-02
-8.51273096e-01 1.72793196e-02 -6.98281326e-03 8.20776260e-03 -1.13943996e-02
-8.50448020e-01 1.73048536e-02 -7.03809421e-03 8.25531402e-03 -1.13914883e-02
-8.49620847e-01 1.73319110e-02 -7.09796960e-03 8.29719049e-03 -1.13889346e-02
-8.48791578e-01 1.73604011e-02 -7.16222385e-03 8.33309963e-03 -1.13869643e-02
-8.47960216e-01 1.73902262e-02 -7.23061830e-03 8.36276965e-03 -1.13857991e-02
-8.47126763e-01 1.74212814e-02 -7.30289201e-03 8.38595075e-03 -1.13856555e-02
-8.46291221e-01 1.74534556e-02 -7.37876262e-03 8.40241654e-03 -1.13867439e-02
-8.45453591e-01 1.74866319e-02 -7.45792744e-03 8.41196526e-03 -1.13892676e-02
-8.44613877e-01 1.75206876e-02 -7.54006458e-03 8.41442100e-03 -1.13934219e-02
-8.43772079e-01 1.75554952e-02 -7.62483424e-03 8.40963468e-03 -1.13993934e-02
-8.42928201e-01 1.75909228e-02 -7.71188012e-03 8.39748503e-03 -1.14073590e-02
-8.42082244e-01 1.76268344e-02 -7.80083087e-03 8.37787937e-03 -1.14174850e-02
-8.41234210e-01 1.76630908e-02 -7.89130179e-03 8.35075430e-03 -1.14299267e-02
-8.40384102e-01 1.76995502e-02 -7.98289644e-03 8.31607618e-03 -1.14448271e-02
-8.39531921e-01 1.77360686e-02 -8.07520845e-03 8.27384159e-03 -1.14623168e-02
-8.38677669e-01 1.77725003e-02 -8.16782341e-03 8.22407750e-03 -1.14825130e-02
-8.37821349e-01 1.78086989e-02 -8.26032072e-03 8.16684140e-03 -1.15055190e-02
-8.36962964e-01 1.78445179e-02 -8.35227563e-03 8.10222124e-03 -1.15314239e-02
-8.36102514e-01 1.78798108e-02 -8.44326120e-03 8.03033519e-03 -1.15603017e-02
-8.35240002e-01 1.79144323e-02 -8.53285039e-03 7.95133132e-03 -1.15922115e-02
-8.34375430e-01 1.79482388e-02 -8.62061808e-03 7.86538704e-03 -1.16271966e-02
-8.33508800e-01 1.79810886e-02 -8.70614315e-03 7.77270845e-03 -1.16652846e-02
-8.32640115e-01 1.80128431e-02 -8.78901059e-03 7.67352955e-03 -1.17064874e-02
-8.31769377e-01 1.80433666e-02 -8.86881345e-03 7.56811124e-03 -1.17508004e-02
-8.30896587e-01 1.80725278e-02 -8.94515498e-03 7.45674025e-03 -1.17982033e-02
-8.30021748e-01 1.81001995e-02 -9.01765047e-03 7.33972790e-03 -1.18486595e-02
-8.29144862e-01 1.81262595e-02 -9.08592929e-03 7.21740873e-03 -1.19021168e-02
-8.28265931e-01 1.81505909e-02 -9.14963666e-03 7.09013902e-03 -1.19585070e-02
-8.27384958e-01 1.81730827e-02 -9.20843548e-03 6.95829522e-03 -1.20177468e-02
-8.26501944e-01 1.81936301e-02 -9.26200799e-03 6.82227219e-03 -1.20797375e-02
-8.25616892e-01 1.82121350e-02 -9.31005742e-03 6.68248144e-03 -1.21443660e-02
-8.24729804e-01 1.82285060e-02 -9.35230939e-03 6.53934921e-03 -1.22115051e-02
-8.23840681e-01 1.82426592e-02 -9.38851338e-03 6.39331453e-03 -1.22810140e-02
-8.22949527e-01 1.82545181e-02 -9.41844393e-03 6.24482717e-03 -1.23527390e-02
-8.22056344e-01 1.82640140e-02 -9.44190177e-03 6.09434550e-03 -1.24265142e-02
-8.21161133e-01 1.82710860e-02 -9.45871482e-03 5.94233444e-03 -1.25021623e-02
-8.20263897e-01 1.82756817e-02 -9.46873903e-03 5.78926320e-03 -1.25794954e-02
-8.19364639e-01 1.82777564e-02 -9.47185907e-03 5.63560311e-03 -1.26583161e-02
-8.18463359e-01 1.82772743e-02 -9.46798889e-03 5.48182543e-03 -1.27384181e-02
-8.17560061e-01 1.82742076e-02 -9.45707212e-03 5.32839911e-03 -1.28195872e-02
-8.16654747e-01 1.82685370e-02 -9.43908228e-03 5.17578862e-03 -1.29016029e-02
-8.15747419e-01 1.82602517e-02 -9.41402291e-03 5.02445176e-03 -1.29842387e-02
-8.14838079e-01 1.82493492e-02 -9.38192745e-03 4.87483750e-03 -1.30672637e-02
-8.13926729e-01 1.82358354e-02 -9.34285906e-03 4.72738397e-03 -1.31504436e-02
-8.13013373e-01 1.82197243e-02 -9.29691019e-03 4.58251634e-03 -1.32335418e-02
-8.12098011e-01 1.82010380e-02 -9.24420212e-03 4.44064492e-03 -1.33163206e-02
-8.11180646e-01 1.81798065e-02 -9.18488420e-03 4.30216325e-03 -1.33985424e-02
-8.10261281e-01 1.81560678e-02 -9.11913310e-03 4.16744631e-03 -1.34799710e-02
-8.09339918e-01 1.81298673e-02 -9.04715182e-03 4.03684887e-03 -1.35603724e-02
-8.08416559e-01 1.81012577e-02 -8.96916861e-03 3.91070384e-03 -1.36395163e-02
-8.07491206e-01 1.80702990e-02 -8.88543578e-03 3.78932084e-03 -1.37171774e-02
-8.06563861e-01 1.80370581e-02 -8.79622832e-03 3.67298486e-03 -1.37931358e-02
-8.05634528e-01 1.80016086e-02 -8.70184254e-03 3.56195500e-03 -1.38671792e-02
-8.04703207e-01 1.79640303e-02 -8.60259449e-03 3.45646347e-03 -1.39391028e-02
-8.03769903e-01 1.79244093e-02 -8.49881831e-03 3.35671456e-03 -1.40087114e-02
-8.02834616e-01 1.78828374e-02 -8.39086458e-03 3.26288390e-03 -1.40758195e-02
-8.01897349e-01 1.78394122e-02 -8.27909852e-03 3.17511780e-03 -1.41402528e-02
-8.00958104e-01 1.77942361e-02 -8.16389811e-03 3.09353274e-03 -1.42018489e-02
-8.00016884e-01 1.77474167e-02 -8.04565225e-03 3.01821507e-03 -1.42604582e-02
-7.99073691e-01 1.76990661e-02 -7.92475880e-03 2.94922074e-03 -1.43159443e-02
-7.98128528e-01 1.76493009e-02 -7.80162263e-03 2.88657533e-03 -1.43681853e-02
-7.97181396e-01 1.75982413e-02 -7.67665361e-03 2.83027414e-03 -1.44170739e-02
-7.96232298e-01 1.75460113e-02 -7.55026464e-03 2.78028246e-03 -1.44625180e-02
-7.95281236e-01 1.74927383e-02 -7.42286966e-03 2.73653594e-03 -1.45044414e-02
-7.94328214e-01 1.74385525e-02 -7.29488165e-03 2.69894122e-03 -1.45427841e-02
-7.93373232e-01 1.73835866e-02 -7.16671069e-03 2.66737655e-03 -1.45775023e-02
-7.92416293e-01 1.73279759e-02 -7.03876201e-03 2.64169266e-03 -1.46085689e-02
-7.91457401e-01 1.72718574e-02 -6.91143413e-03 2.62171370e-03 -1.46359735e-02
-7.90496556e-01 1.72153697e-02 -6.78511700e-03 2.60723835e-03 -1.46597224e-02
-7.89533763e-01 1.71586524e-02 -6.66019021e-03 2.59804096e-03 -1.46798386e-02
-7.88569022e-01 1.71018463e-02 -6.53702134e-03 2.59387292e-03 -1.46963614e-02
-7.87602336e-01 1.70450925e-02 -6.41596422e-03 2.59446402e-03 -1.47093466e-02
-7.86633708e-01 1.69885320e-02 -6.29735748e-03 2.59952397e-03 -1.47188656e-02
-7.85663139e-01 1.69323059e-02 -6.18152299e-03 2.60874396e-03 -1.47250056e-02
-7.84690634e-01 1.68765542e-02 -6.06876456e-03 2.62179836e-03 -1.47278683e-02
-7.83716193e-01 1.68214161e-02 -5.95936660e-03 2.63834637e-03 -1.47275701e-02
-7.82739819e-01 1.67670292e-02 -5.85359301e-03 2.65803387e-03 -1.47242410e-02
-7.81761515e-01 1.67135293e-02 -5.75168606e-03 2.68049519e-03 -1.47180238e-02
-7.80781283e-01 1.66610499e-02 -5.65386551e-03 2.70535498e-03 -1.47090735e-02
-7.79799126e-01 1.66097217e-02 -5.56032771e-03 2.73223011e-03 -1.46975564e-02
-7.78815045e-01 1.65596723e-02 -5.47124493e-03 2.76073155e-03 -1.46836489e-02
-7.77829044e-01 1.65110257e-02 -5.38676474e-03 2.79046628e-03 -1.46675368e-02
-7.76841124e-01 1.64639020e-02 -5.30700956e-03 2.82103920e-03 -1.46494141e-02
-7.75851289e-01 1.64184168e-02 -5.23207628e-03 2.85205500e-03 -1.46294819e-02
-7.74859540e-01 1.63746807e-02 -5.16203607e-03 2.88312005e-03 -1.46079474e-02
-7.73865880e-01 1.63327993e-02 -5.09693422e-03 2.91384422e-03 -1.45850224e-02
-7.72870312e-01 1.62928721e-02 -5.03679020e-03 2.94384270e-03 -1.45609225e-02
-7.71872838e-01 1.62549926e-02 -4.98159774e-03 2.97273772e-03 -1.45358657e-02
-7.70873460e-01 1.62192478e-02 -4.93132512e-03 3.00016026e-03 -1.45100711e-02
-7.69872181e-01 1.61857173e-02 -4.88591550e-03 3.02575168e-03 -1.44837578e-02
-7.68869004e-01 1.61544738e-02 -4.84528740e-03 3.04916530e-03 -1.44571436e-02
-7.67863930e-01 1.61255815e-02 -4.80933526e-03 3.07006785e-03 -1.44304437e-02
-7.66856963e-01 1.60990970e-02 -4.77793016e-03 3.08814091e-03 -1.44038698e-02
-7.65848104e-01 1.60750678e-02 -4.75092052e-03 3.10308222e-03 -1.43776284e-02
-7.64837357e-01 1.60535326e-02 -4.72813306e-03 3.11460690e-03 -1.43519202e-02
-7.63824724e-01 1.60345210e-02 -4.70937368e-03 3.12244857e-03 -1.43269384e-02
-7.62810206e-01 1.60180527e-02 -4.69442857e-03 3.12636041e-03 -1.43028680e-02
-7.61793808e-01 1.60041375e-02 -4.68306528e-03 3.12611608e-03 -1.42798847e-02
-7.60775531e-01 1.59927754e-02 -4.67503395e-03 3.12151053e-03 -1.42581537e-02
-7.59755377e-01 1.59839556e-02 -4.67006854e-03 3.11236075e-03 -1.42378291e-02
-7.58733350e-01 1.59776571e-02 -4.66788817e-03 3.09850632e-03 -1.42190525e-02
-7.57709452e-01 1.59738479e-02 -4.66819852e-03 3.07980999e-03 -1.42019527e-02
-7.56683685e-01 1.59724853e-02 -4.67069320e-03 3.05615802e-03 -1.41866446e-02
-7.55656053e-01 1.59735158e-02 -4.67505526e-03 3.02746048e-03 -1.41732288e-02
-7.54626556e-01 1.59768747e-02 -4.68095869e-03 2.99365140e-03 -1.41617906e-02
-7.53595199e-01 1.59824865e-02 -4.68806991e-03 2.95468891e-03 -1.41523998e-02
-7.52561982e-01 1.59902650e-02 -4.69604940e-03 2.91055511e-03 -1.41451104e-02
-7.51526911e-01 1.60001129e-02 -4.70455318e-03 2.86125602e-03 -1.41399595e-02
-7.50489985e-01 1.60119226e-02 -4.71323446e-03 2.80682127e-03 -1.41369679e-02
-7.49451209e-01 1.60255759e-02 -4.72174520e-03 2.74730383e-03 -1.41361394e-02
-7.48410585e-01 1.60409445e-02 -4.72973767e-03 2.68277952e-03 -1.41374608e-02
-7.47368114e-01 1.60578902e-02 -4.73686603e-03 2.61334656e-03 -1.41409017e-02
-7.46323801e-01 1.60762652e-02 -4.74278790e-03 2.53912490e-03 -1.41464149e-02
-7.45277647e-01 1.60959128e-02 -4.74716585e-03 2.46025559e-03 -1.41539364e-02
-7.44229655e-01 1.61166672e-02 -4.74966895e-03 2.37690000e-03 -1.41633855e-02
-7.43179828e-01 1.61383549e-02 -4.74997417e-03 2.28923897e-03 -1.41746653e-02
-7.42128168e-01 1.61607942e-02 -4.74776786e-03 2.19747194e-03 -1.41876628e-02
-7.41074678e-01 1.61837967e-02 -4.74274712e-03 2.10181596e-03 -1.42022497e-02
-7.40019360e-01 1.62071672e-02 -4.73462108e-03 2.00250472e-03 -1.42182828e-02
-7.38962217e-01 1.62307048e-02 -4.72311223e-03 1.89978741e-03 -1.42356046e-02
-7.37903252e-01 1.62542033e-02 -4.70795757e-03 1.79392767e-03 -1.42540440e-02
-7.36842467e-01 1.62774521e-02 -4.68890977e-03 1.68520241e-03 -1.42734170e-02
-7.35779864e-01 1.63002368e-02 -4.66573828e-03 1.57390062e-03 -1.42935277e-02
-7.34715448e-01 1.63223401e-02 -4.63823021e-03 1.46032213e-03 -1.43141687e-02
-7.33649219e-01 1.63435425e-02 -4.60619137e-03 1.34477643e-03 -1.43351226e-02
-7.32581181e-01 1.63636229e-02 -4.56944699e-03 1.22758133e-03 -1.43561626e-02
-7.31511336e-01 1.63823600e-02 -4.52784252e-03 1.10906175e-03 -1.43770535e-02
-7.30439687e-01 1.63995322e-02 -4.48124425e-03 9.89548396e-04 -1.43975530e-02
-7.29366237e-01 1.64149195e-02 -4.42953987e-03 8.69376506e-04 -1.44174126e-02
-7.28290988e-01 1.64283033e-02 -4.37263894e-03 7.48884544e-04 -1.44363784e-02
-7.27213943e-01 1.64394680e-02 -4.31047326e-03 6.28412935e-04 -1.44541930e-02
-7.26135105e-01 1.64482013e-02 -4.24299710e-03 5.08302800e-04 -1.44705959e-02
-7.25054476e-01 1.64542954e-02 -4.17018740e-03 3.88894712e-04 -1.44853248e-02
-7.23972059e-01 1.64575472e-02 -4.09204382e-03 2.70527465e-04 -1.44981171e-02
-7.22887856e-01 1.64577597e-02 -4.00858875e-03 1.53536875e-04 -1.45087107e-02
-7.21801870e-01 1.64547424e-02 -3.91986711e-03 3.82546065e-05 -1.45168455e-02
-7.20714105e-01 1.64483121e-02 -3.82594616e-03 -7.49929653e-05 -1.45222639e-02
-7.19624562e-01 1.64382932e-02 -3.72691520e-03 -1.85885860e-04 -1.45247126e-02
-7.18533244e-01 1.64245191e-02 -3.62288511e-03 -2.94111556e-04 -1.45239436e-02
-7.17440155e-01 1.64068321e-02 -3.51398784e-03 -3.99366009e-04 -1.45197147e-02
-7.16345296e-01 1.63850841e-02 -3.40037586e-03 -5.01354635e-04 -1.45117914e-02
-7.15248670e-01 1.63591376e-02 -3.28222140e-03 -5.99793228e-04 -1.44999472e-02
-7.14150280e-01 1.63288653e-02 -3.15971574e-03 -6.94408847e-04 -1.44839649e-02
-7.13050130e-01 1.62941515e-02 -3.03306837e-03 -7.84940635e-04 -1.44636376e-02
-7.11948220e-01 1.62548918e-02 -2.90250600e-03 -8.71140593e-04 -1.44387694e-02
-7.10844555e-01 1.62109936e-02 -2.76827165e-03 -9.52774291e-04 -1.44091765e-02
-7.09739137e-01 1.61623764e-02 -2.63062358e-03 -1.02962153e-03 -1.43746876e-02
-7.08631969e-01 1.61089722e-02 -2.48983415e-03 -1.10147692e-03 -1.43351449e-02
-7.07523053e-01 1.60507254e-02 -2.34618869e-03 -1.16815046e-03 -1.42904049e-02
-7.06412392e-01 1.59875934e-02 -2.19998431e-03 -1.22946797e-03 -1.42403388e-02
-7.05299989e-01 1.59195459e-02 -2.05152862e-03 -1.28527153e-03 -1.41848329e-02
-7.04185846e-01 1.58465658e-02 -1.90113848e-03 -1.33541985e-03 -1.41237897e-02
-7.03069967e-01 1.57686487e-02 -1.74913870e-03 -1.37978853e-03 -1.40571277e-02
-7.01952354e-01 1.56858031e-02 -1.59586070e-03 -1.41827031e-03 -1.39847820e-02
-7.00833010e-01 1.55980500e-02 -1.44164120e-03 -1.45077527e-03 -1.39067048e-02
-6.99711937e-01 1.55054233e-02 -1.28682090e-03 -1.47723089e-03 -1.38228653e-02
-6.98589139e-01 1.54079691e-02 -1.13174310e-03 -1.49758216e-03 -1.37332503e-02
-6.97464618e-01 1.53057458e-02 -9.76752394e-04 -1.51179152e-03 -1.36378636e-02
-6.96338377e-01 1.51988238e-02 -8.22193383e-04 -1.51983885e-03 -1.35367270e-02
-6.95210419e-01 1.50872854e-02 -6.68409358e-04 -1.52172132e-03 -1.34298794e-02
-6.94080746e-01 1.49712241e-02 -5.15741048e-04 -1.51745325e-03 -1.33173773e-02
-6.92949362e-01 1.48507449e-02 -3.64525394e-04 -1.50706583e-03 -1.31992942e-02
-6.91816268e-01 1.47259633e-02 -2.15094360e-04 -1.49060693e-03 -1.30757211e-02
-6.90681469e-01 1.45970055e-02 -6.77737891e-05 -1.46814071e-03 -1.29467652e-02
-6.89544966e-01 1.44640077e-02 7.71176927e-05 -1.43974727e-03 -1.28125505e-02
-6.88406763e-01 1.43271157e-02 2.19269713e-04 -1.40552224e-03 -1.26732171e-02
-6.87266861e-01 1.41864847e-02 3.58381137e-04 -1.36557634e-03 -1.25289205e-02
-6.86125265e-01 1.40422788e-02 4.94160986e-04 -1.32003487e-03 -1.23798316e-02
-6.84981977e-01 1.38946704e-02 6.26329294e-04 -1.26903717e-03 -1.22261358e-02
-6.83837000e-01 1.37438401e-02 7.54617895e-04 -1.21273607e-03 -1.20680326e-02
-6.82690336e-01 1.35899759e-02 8.78771139e-04 -1.15129728e-03 -1.19057350e-02
-6.81541988e-01 1.34332729e-02 9.98546537e-04 -1.08489879e-03 -1.17394687e-02
-6.80391960e-01 1.32739328e-02 1.11371534e-03 -1.01373018e-03 -1.15694716e-02
-6.79240254e-01 1.31121635e-02 1.22406303e-03 -9.37991942e-04 -1.13959929e-02
-6.78086872e-01 1.29481788e-02 1.32938975e-03 -8.57894830e-04 -1.12192924e-02
-6.76931818e-01 1.27821974e-02 1.42951066e-03 -7.73659093e-04 -1.10396397e-02
-6.75775095e-01 1.26144430e-02 1.52425622e-03 -6.85513764e-04 -1.08573137e-02
-6.74616706e-01 1.24451434e-02 1.61347238e-03 -5.93695913e-04 -1.06726012e-02
-6.73456652e-01 1.22745305e-02 1.69702074e-03 -4.98449891e-04 -1.04857963e-02
-6.72294938e-01 1.21028392e-02 1.77477863e-03 -4.00026566e-04 -1.02971999e-02
-6.71131566e-01 1.19303074e-02 1.84663907e-03 -2.98682559e-04 -1.01071180e-02
-6.69966538e-01 1.17571756e-02 1.91251078e-03 -1.94679471e-04 -9.91586172e-03
-6.68799859e-01 1.15836857e-02 1.97231801e-03 -8.82831147e-05 -9.72374578e-03
-6.67631530e-01 1.14100815e-02 2.02600041e-03 2.02372532e-05 -9.53108783e-03
-6.66461554e-01 1.12366075e-02 2.07351279e-03 1.30609694e-04 -9.33820747e-03
-6.65289935e-01 1.10635086e-02 2.11482485e-03 2.42560341e-04 -9.14542542e-03
-6.64116675e-01 1.08910298e-02 2.14992089e-03 3.55814151e-04 -8.95306255e-03
-6.62941778e-01 1.07194154e-02 2.17879942e-03 4.70095633e-04 -8.76143904e-03
-6.61765245e-01 1.05489088e-02 2.20147280e-03 5.85129575e-04 -8.57087343e-03
-6.60587080e-01 1.03797518e-02 2.21796682e-03 7.00641750e-04 -8.38168181e-03
-6.59407287e-01 1.02121841e-02 2.22832024e-03 8.16359609e-04 -8.19417691e-03
-6.58225867e-01 1.00464428e-02 2.23258435e-03 9.32012953e-04 -8.00866729e-03
-6.57042824e-01 9.88276228e-03 2.23082245e-03 1.04733459e-03 -7.82545647e-03
-6.55858160e-01 9.72137291e-03 2.22310938e-03 1.16206096e-03 -7.64484218e-03
-6.54671879e-01 9.56250124e-03 2.20953098e-03 1.27593275e-03 -7.46711550e-03
-6.53483983e-01 9.40636911e-03 2.19018361e-03 1.38869551e-03 -7.29256017e-03
-6.52294476e-01 9.25319330e-03 2.16517359e-03 1.50010016e-03 -7.12145180e-03
-6.51103360e-01 9.10318491e-03 2.13461672e-03 1.60990359e-03 -6.95405719e-03
-6.49910639e-01 8.95654889e-03 2.09863774e-03 1.71786914e-03 -6.79063365e-03
-6.48716314e-01 8.81348356e-03 2.05736984e-03 1.82376710e-03 -6.63142832e-03
-6.47520390e-01 8.67418003e-03 2.01095412e-03 1.92737518e-03 -6.47667759e-03
-6.46322869e-01 8.53882176e-03 1.95953914e-03 2.02847893e-03 -6.32660650e-03
-6.45123754e-01 8.40758401e-03 1.90328044e-03 2.12687216e-03 -6.18142819e-03
-6.43923048e-01 8.28063342e-03 1.84234007e-03 2.22235732e-03 -6.04134339e-03
-6.42720754e-01 8.15812748e-03 1.77688611e-03 2.31474585e-03 -5.90653993e-03
-6.41516875e-01 8.04021409e-03 1.70709231e-03 2.40385851e-03 -5.77719234e-03
-6.40311414e-01 7.92703113e-03 1.63313762e-03 2.48952568e-03 -5.65346140e-03
-6.39104373e-01 7.81870600e-03 1.55520580e-03 2.57158762e-03 -5.53549382e-03
-6.37895757e-01 7.71535526e-03 1.47348507e-03 2.64989473e-03 -5.42342191e-03
-6.36685567e-01 7.61708420e-03 1.38816773e-03 2.72430776e-03 -5.31736331e-03
-6.35473807e-01 7.52398652e-03 1.29944980e-03 2.79469798e-03 -5.21742072e-03
-6.34260480e-01 7.43614399e-03 1.20753072e-03 2.86094737e-03 -5.12368176e-03
-6.33045589e-01 7.35362616e-03 1.11261302e-03 2.92294874e-03 -5.03621878e-03
-6.31829137e-01 7.27649007e-03 1.01490203e-03 2.98060583e-03 -4.95508876e-03
-6.30611126e-01 7.20478004e-03 9.14605568e-04 3.03383342e-03 -4.88033328e-03
-6.29391561e-01 7.13852748e-03 8.11933684e-04 3.08255735e-03 -4.81197844e-03
-6.28170443e-01 7.07775073e-03 7.07098385e-04 3.12671458e-03 -4.75003494e-03
-6.26947776e-01 7.02245494e-03 6.00313373e-04 3.16625318e-03 -4.69449809e-03
-6.25723562e-01 6.97263201e-03 4.91793791e-04 3.20113232e-03 -4.64534798e-03
-6.24497806e-01 6.92826056e-03 3.81755970e-04 3.23132222e-03 -4.60254958e-03
-6.23270509e-01 6.88930596e-03 2.70417179e-04 3.25680407e-03 -4.56605296e-03
-6.22041676e-01 6.85572036e-03 1.57995380e-04 3.27756997e-03 -4.53579351e-03
-6.20811308e-01 6.82744286e-03 4.47089741e-05 3.29362279e-03 -4.51169222e-03
-6.19579410e-01 6.80439960e-03 -6.92234492e-05 3.30497605e-03 -4.49365603e-03
-6.18345983e-01 6.78650404e-03 -1.83583370e-04 3.31165373e-03 -4.48157811e-03
-6.17111031e-01 6.77365716e-03 -2.98152601e-04 3.31369012e-03 -4.47533832e-03
-6.15874558e-01 6.76574777e-03 -4.12713554e-04 3.31112962e-03 -4.47480361e-03
-6.14636565e-01 6.76265290e-03 -5.27049524e-04 3.30402647e-03 -4.47982849e-03
-6.13397057e-01 6.76423813e-03 -6.40944968e-04 3.29244455e-03 -4.49025553e-03
-6.12156036e-01 6.77035808e-03 -7.54185804e-04 3.27645710e-03 -4.50591590e-03
-6.10913506e-01 6.78085688e-03 -8.66559716e-04 3.25614642e-03 -4.52662991e-03
-6.09669468e-01 6.79556864e-03 -9.77856469e-04 3.23160361e-03 -4.55220762e-03
-6.08423928e-01 6.81431811e-03 -1.08786823e-03 3.20292818e-03 -4.58244948e-03
-6.07176887e-01 6.83692117e-03 -1.19638992e-03 3.17022778e-03 -4.61714691e-03
-6.05928348e-01 6.86318553e-03 -1.30321954e-03 3.13361777e-03 -4.65608304e-03
-6.04678315e-01 6.89291137e-03 -1.40815851e-03 3.09322093e-03 -4.69903336e-03
-6.03426791e-01 6.92589200e-03 -1.51101207e-03 3.04916699e-03 -4.74576643e-03
-6.02173778e-01 6.96191462e-03 -1.61158961e-03 3.00159228e-03 -4.79604460e-03
-6.00919281e-01 7.00076102e-03 -1.70970509e-03 2.95063929e-03 -4.84962478e-03
-5.99663302e-01 7.04220835e-03 -1.80517734e-03 2.89645623e-03 -4.90625915e-03
-5.98405843e-01 7.08602986e-03 -1.89783051e-03 2.83919661e-03 -4.96569591e-03
-5.97146909e-01 7.13199571e-03 -1.98749441e-03 2.77901877e-03 -5.02768011e-03
-5.95886503e-01 7.17987371e-03 -2.07400491e-03 2.71608542e-03 -5.09195433e-03
-5.94624627e-01 7.22943014e-03 -2.15720428e-03 2.65056317e-03 -5.15825951e-03
-5.93361284e-01 7.28043051e-03 -2.23694160e-03 2.58262205e-03 -5.22633568e-03
-5.92096478e-01 7.33264037e-03 -2.31307310e-03 2.51243500e-03 -5.29592276e-03
-5.90830212e-01 7.38582604e-03 -2.38546249e-03 2.44017742e-03 -5.36676125e-03
-5.89562488e-01 7.43975538e-03 -2.45398134e-03 2.36602664e-03 -5.43859305e-03
-5.88293311e-01 7.49419857e-03 -2.51850936e-03 2.29016145e-03 -5.51116210e-03
-5.87022683e-01 7.54892877e-03 -2.57893476e-03 2.21276158e-03 -5.58421519e-03
-5.85750607e-01 7.60372289e-03 -2.63515448e-03 2.13400721e-03 -5.65750258e-03
-5.84477087e-01 7.65836222e-03 -2.68707448e-03 2.05407849e-03 -5.73077873e-03
-5.83202125e-01 7.71263310e-03 -2.73461002e-03 1.97315502e-03 -5.80380292e-03
-5.81925725e-01 7.76632753e-03 -2.77768581e-03 1.89141540e-03 -5.87633988e-03
-5.80647890e-01 7.81924378e-03 -2.81623627e-03 1.80903673e-03 -5.94816042e-03
-5.79368623e-01 7.87118693e-03 -2.85020567e-03 1.72619413e-03 -6.01904197e-03
-5.78087927e-01 7.92196937e-03 -2.87954825e-03 1.64306032e-03 -6.08876916e-03
-5.76805805e-01 7.97141133e-03 -2.90422837e-03 1.55980515e-03 -6.15713429e-03
-5.75522261e-01 8.01934124e-03 -2.92422054e-03 1.47659514e-03 -6.22393782e-03
-5.74237298e-01 8.06559623e-03 -2.93950950e-03 1.39359312e-03 -6.28898883e-03
-5.72950918e-01 8.11002240e-03 -2.95009022e-03 1.31095778e-03 -6.35210539e-03
-5.71663126e-01 8.15247518e-03 -2.95596789e-03 1.22884331e-03 -6.41311498e-03
-5.70373923e-01 8.19281962e-03 -2.95715784e-03 1.14739902e-03 -6.47185474e-03
-5.69083314e-01 8.23093057e-03 -2.95368550e-03 1.06676902e-03 -6.52817183e-03
-5.67791302e-01 8.26669293e-03 -2.94558625e-03 9.87091857e-04 -6.58192364e-03
-5.66497889e-01 8.30000176e-03 -2.93290530e-03 9.08500258e-04 -6.63297801e-03
-5.65203079e-01 8.33076240e-03 -2.91569749e-03 8.31120830e-04 -6.68121339e-03
-5.63906875e-01 8.35889055e-03 -2.89402708e-03 7.55073820e-04 -6.72651899e-03
-5.62609281e-01 8.38431228e-03 -2.86796757e-03 6.80472883e-04 -6.76879484e-03
-5.61310299e-01 8.40696403e-03 -2.83760137e-03 6.07424891e-04 -6.80795186e-03
-5.60009933e-01 8.42679256e-03 -2.80301955e-03 5.36029759e-04 -6.84391186e-03
-5.58708186e-01 8.44375490e-03 -2.76432154e-03 4.66380305e-04 -6.87660750e-03
-5.57405060e-01 8.45781816e-03 -2.72161478e-03 3.98562135e-04 -6.90598225e-03
-5.56100561e-01 8.46895946e-03 -2.67501438e-03 3.32653558e-04 -6.93199026e-03
-5.54794689e-01 8.47716572e-03 -2.62464276e-03 2.68725529e-04 -6.95459624e-03
-5.53487450e-01 8.48243344e-03 -2.57062925e-03 2.06841622e-04 -6.97377526e-03
-5.52178845e-01 8.48476847e-03 -2.51310970e-03 1.47058033e-04 -6.98951259e-03
-5.50868879e-01 8.48418578e-03 -2.45222610e-03 8.94236040e-05 -7.00180340e-03
-5.49557555e-01 8.48070914e-03 -2.38812611e-03 3.39798883e-05 -7.01065255e-03
-5.48244874e-01 8.47437081e-03 -2.32096269e-03 -1.92387695e-05 -7.01607426e-03
-5.46930842e-01 8.46521125e-03 -2.25089364e-03 -7.02051188e-05 -7.01809179e-03
-5.45615461e-01 8.45327874e-03 -2.17808118e-03 -1.18898864e-04 -7.01673711e-03
-5.44298735e-01 8.43862906e-03 -2.10269150e-03 -1.65306501e-04 -7.01205052e-03
-5.42980666e-01 8.42132505e-03 -2.02489436e-03 -2.09421128e-04 -7.00408025e-03
-5.41661258e-01 8.40143628e-03 -1.94486263e-03 -2.51242231e-04 -6.99288208e-03
-5.40340514e-01 8.37903864e-03 -1.86277187e-03 -2.90775455e-04 -6.97851890e-03
-5.39018438e-01 8.35421390e-03 -1.77879993e-03 -3.28032343e-04 -6.96106024e-03
-5.37695032e-01 8.32704931e-03 -1.69312649e-03 -3.63030063e-04 -6.94058188e-03
-5.36370301e-01 8.29763720e-03 -1.60593270e-03 -3.95791116e-04 -6.91716534e-03
-5.35044246e-01 8.26607448e-03 -1.51740075e-03 -4.26343029e-04 -6.89089742e-03
-5.33716872e-01 8.23246228e-03 -1.42771350e-03 -4.54718024e-04 -6.86186976e-03
-5.32388182e-01 8.19690547e-03 -1.33705408e-03 -4.80952689e-04 -6.83017828e-03
-5.31058179e-01 8.15951222e-03 -1.24560556e-03 -5.05087625e-04 -6.79592280e-03
-5.29726866e-01 8.12039358e-03 -1.15355053e-03 -5.27167086e-04 -6.75920648e-03
-5.28394247e-01 8.07966300e-03 -1.06107083e-03 -5.47238621e-04 -6.72013537e-03
-5.27060325e-01 8.03743593e-03 -9.68347132e-04 -5.65352695e-04 -6.67881792e-03
-5.25725102e-01 7.99382937e-03 -8.75558701e-04 -5.81562315e-04 -6.63536454e-03
-5.24388584e-01 7.94896142e-03 -7.82883022e-04 -5.95922655e-04 -6.58988711e-03
-5.23050772e-01 7.90295085e-03 -6.90495525e-04 -6.08490678e-04 -6.54249852e-03
-5.21711670e-01 7.85591671e-03 -5.98569290e-04 -6.19324758e-04 -6.49331225e-03
-5.20371281e-01 7.80797786e-03 -5.07274770e-04 -6.28484306e-04 -6.44244192e-03
-5.19029610e-01 7.75925259e-03 -4.16779516e-04 -6.36029409e-04 -6.39000087e-03
-5.17686658e-01 7.70985820e-03 -3.27247919e-04 -6.42020464e-04 -6.33610177e-03
-5.16342429e-01 7.65991061e-03 -2.38840961e-04 -6.46517832e-04 -6.28085622e-03
-5.14996927e-01 7.60952397e-03 -1.51715965e-04 -6.49581494e-04 -6.22437439e-03
-5.13650155e-01 7.55881028e-03 -6.60263662e-05 -6.51270724e-04 -6.16676466e-03
-5.12302117e-01 7.50787902e-03 1.80785236e-05 -6.51643777e-04 -6.10813326e-03
-5.10952815e-01 7.45683679e-03 1.00453735e-04 -6.50757587e-04 -6.04858402e-03
-5.09602252e-01 7.40578699e-03 1.80958858e-04 -6.48667486e-04 -5.98821801e-03
-5.08250433e-01 7.35482946e-03 2.59458257e-04 -6.45426943e-04 -5.92713332e-03
-5.06897361e-01 7.30406019e-03 3.35821270e-04 -6.41087311e-04 -5.86542476e-03
-5.05543038e-01 7.25357100e-03 4.09922418e-04 -6.35697612e-04 -5.80318368e-03
-5.04187469e-01 7.20344929e-03 4.81641599e-04 -6.29304324e-04 -5.74049774e-03
-5.02830656e-01 7.15377772e-03 5.50864278e-04 -6.21951208e-04 -5.67745072e-03
-5.01472604e-01 7.10463401e-03 6.17481683e-04 -6.13679141e-04 -5.61412238e-03
-5.00113314e-01 7.05609070e-03 6.81390981e-04 -6.04525988e-04 -5.55058831e-03
-4.98752791e-01 7.00821493e-03 7.42495468e-04 -5.94526484e-04 -5.48691985e-03
-4.97391039e-01 6.96106825e-03 8.00704735e-04 -5.83712153e-04 -5.42318395e-03
-4.96028059e-01 6.91470648e-03 8.55934847e-04 -5.72111238e-04 -5.35944313e-03
-4.94663856e-01 6.86917952e-03 9.08108505e-04 -5.59748671e-04 -5.29575546e-03
-4.93298434e-01 6.82453128e-03 9.57155207e-04 -5.46646051e-04 -5.23217450e-03
-4.91931794e-01 6.78079956e-03 1.00301140e-03 -5.32821661e-04 -5.16874933e-03
-4.90563942e-01 6.73801597e-03 1.04562063e-03 -5.18290499e-04 -5.10552455e-03
-4.89194880e-01 6.69620589e-03 1.08493368e-03 -5.03064338e-04 -5.04254037e-03
-4.87824611e-01 6.65538848e-03 1.12090869e-03 -4.87151807e-04 -4.97983261e-03
-4.86453139e-01 6.61557662e-03 1.15351129e-03 -4.70558493e-04 -4.91743285e-03
-4.85080468e-01 6.57677700e-03 1.18271473e-03 -4.53287071e-04 -4.85536849e-03
-4.83706600e-01 6.53899018e-03 1.20849991e-03 -4.35337444e-04 -4.79366292e-03
-4.82331539e-01 6.50221062e-03 1.23085555e-03 -4.16706914e-04 -4.73233560e-03
-4.80955289e-01 6.46642687e-03 1.24977819e-03 -3.97390363e-04 -4.67140230e-03
-4.79577853e-01 6.43162163e-03 1.26527232e-03 -3.77380459e-04 -4.61087518e-03
-4.78199234e-01 6.39777200e-03 1.27735036e-03 -3.56667868e-04 -4.55076308e-03
-4.76819436e-01 6.36484960e-03 1.28603269e-03 -3.35241493e-04 -4.49107165e-03
-4.75438462e-01 6.33282085e-03 1.29134771e-03 -3.13088715e-04 -4.43180359e-03
-4.74056315e-01 6.30164717e-03 1.29333177e-03 -2.90195656e-04 -4.37295892e-03
-4.72672999e-01 6.27128528e-03 1.29202919e-03 -2.66547441e-04 -4.31453514e-03
-4.71288518e-01 6.24168745e-03 1.28749216e-03 -2.42128481e-04 -4.25652755e-03
-4.69902874e-01 6.21280188e-03 1.27978071e-03 -2.16922751e-04 -4.19892950e-03
-4.68516071e-01 6.18457297e-03 1.26896258e-03 -1.90914084e-04 -4.14173261e-03
-4.67128113e-01 6.15694175e-03 1.25511315e-03 -1.64086459e-04 -4.08492709e-03
-4.65739003e-01 6.12984615e-03 1.23831524e-03 -1.36424299e-04 -4.02850200e-03
-4.64348744e-01 6.10322152e-03 1.21865902e-03 -1.07912764e-04 -3.97244553e-03
-4.62957340e-01 6.07700091e-03 1.19624176e-03 -7.85380436e-05 -3.91674527e-03
-4.61564795e-01 6.05111558e-03 1.17116766e-03 -4.82876458e-05 -3.86138853e-03
-4.60171111e-01 6.02549540e-03 1.14354761e-03 -1.71506839e-05 -3.80636257e-03
-4.58776292e-01 6.00006929e-03 1.11349892e-03 1.48818476e-05 -3.75165492e-03
-4.57380342e-01 5.97476565e-03 1.08114506e-03 4.78168022e-05 -3.69725364e-03
-4.55983264e-01 5.94951287e-03 1.04661533e-03 8.16586222e-05 -3.64314759e-03
-4.54585061e-01 5.92423969e-03 1.01004458e-03 1.16409090e-04 -3.58932670e-03
-4.53185738e-01 5.89887578e-03 9.71572808e-04 1.52067092e-04 -3.53578224e-03
-4.51785296e-01 5.87335207e-03 9.31344826e-04 1.88628399e-04 -3.48250705e-03
-4.50383741e-01 5.84760129e-03 8.89509864e-04 2.26085456e-04 -3.42949575e-03
-4.48981074e-01 5.82155838e-03 8.46221155e-04 2.64427197e-04 -3.37674506e-03
-4.47577301e-01 5.79516091e-03 8.01635511e-04 3.03638872e-04 -3.32425390e-03
-4.46172424e-01 5.76834955e-03 7.55912874e-04 3.43701894e-04 -3.27202367e-03
-4.44766446e-01 5.74106844e-03 7.09215858e-04 3.84593706e-04 -3.22005840e-03
-4.43359371e-01 5.71326558e-03 6.61709267e-04 4.26287672e-04 -3.16836494e-03
-4.41951203e-01 5.68489327e-03 6.13559607e-04 4.68752981e-04 -3.11695306e-03
-4.40541946e-01 5.65590840e-03 5.64934582e-04 5.11954586e-04 -3.06583566e-03
-4.39131601e-01 5.62627281e-03 5.16002579e-04 5.55853151e-04 -3.01502882e-03
-4.37720174e-01 5.59595363e-03 4.66932148e-04 6.00405035e-04 -2.96455191e-03
-4.36307667e-01 5.56492354e-03 4.17891470e-04 6.45562289e-04 -2.91442766e-03
-4.34894084e-01 5.53316103e-03 3.69047818e-04 6.91272685e-04 -2.86468222e-03
-4.33479429e-01 5.50065065e-03 3.20567024e-04 7.37479761e-04 -2.81534518e-03
-4.32063705e-01 5.46738320e-03 2.72612934e-04 7.84122896e-04 -2.76644956e-03
-4.30646915e-01 5.43335592e-03 2.25346866e-04 8.31137410e-04 -2.71803183e-03
-4.29229063e-01 5.39857262e-03 1.78927070e-04 8.78454678e-04 -2.67013181e-03
-4.27810152e-01 5.36304377e-03 1.33508195e-04 9.26002280e-04 -2.62279266e-03
-4.26390187e-01 5.32678661e-03 8.92407581e-05 9.73704166e-04 -2.57606073e-03
-4.24969170e-01 5.28982515e-03 4.62706201e-05 1.02148085e-03 -2.52998551e-03
-4.23547105e-01 5.25219021e-03 4.73847605e-06 1.06924960e-03 -2.48461945e-03
-4.22123995e-01 5.21391937e-03 -3.52206461e-05 1.11692471e-03 -2.44001781e-03
-4.20699844e-01 5.17505691e-03 -7.34778725e-05 1.16441773e-03 -2.39623847e-03
-4.19274656e-01 5.13565369e-03 -1.09910954e-04 1.21163773e-03 -2.35334174e-03
-4.17848434e-01 5.09576704e-03 -1.44404718e-04 1.25849161e-03 -2.31139012e-03
-4.16421181e-01 5.05546058e-03 -1.76851504e-04 1.30488439e-03 -2.27044806e-03
-4.14992902e-01 5.01480400e-03 -2.07151573e-04 1.35071958e-03 -2.23058167e-03
-4.13563599e-01 4.97387286e-03 -2.35213497e-04 1.39589947e-03 -2.19185848e-03
-4.12133276e-01 4.93274825e-03 -2.60954521e-04 1.44032549e-03 -2.15434709e-03
-4.10701936e-01 4.89151658e-03 -2.84300898e-04 1.48389862e-03 -2.11811686e-03
-4.09269584e-01 4.85026916e-03 -3.05188195e-04 1.52651974e-03 -2.08323761e-03
-4.07836222e-01 4.80910189e-03 -3.23561572e-04 1.56809001e-03 -2.04977922e-03
-4.06401855e-01 4.76811487e-03 -3.39376021e-04 1.60851128e-03 -2.01781132e-03
-4.04966485e-01 4.72741195e-03 -3.52596579e-04 1.64768651e-03 -1.98740290e-03
-4.03530117e-01 4.68710032e-03 -3.63198499e-04 1.68552013e-03 -1.95862192e-03
-4.02092753e-01 4.64729006e-03 -3.71167394e-04 1.72191853e-03 -1.93153496e-03
-4.00654398e-01 4.60809363e-03 -3.76499330e-04 1.75679037e-03 -1.90620680e-03
-3.99215055e-01 4.56962536e-03 -3.79200894e-04 1.79004710e-03 -1.88270005e-03
-3.97774727e-01 4.53200100e-03 -3.79289209e-04 1.82160330e-03 -1.86107478e-03
-3.96333418e-01 4.49533712e-03 -3.76791921e-04 1.85137710e-03 -1.84138811e-03
-3.94891132e-01 4.45975060e-03 -3.71747133e-04 1.87929060e-03 -1.82369380e-03
-3.93447872e-01 4.42535807e-03 -3.64203304e-04 1.90527024e-03 -1.80804196e-03
-3.92003642e-01 4.39227538e-03 -3.54219104e-04 1.92924721e-03 -1.79447860e-03
-3.90558445e-01 4.36061699e-03 -3.41863227e-04 1.95115779e-03 -1.78304531e-03
-3.89112285e-01 4.33049545e-03 -3.27214157e-04 1.97094375e-03 -1.77377892e-03
-3.87665165e-01 4.30202083e-03 -3.10359898e-04 1.98855263e-03 -1.76671117e-03
-3.86217089e-01 4.27530014e-03 -2.91397655e-04 2.00393813e-03 -1.76186838e-03
-3.84768060e-01 4.25043681e-03 -2.70433480e-04 2.01706040e-03 -1.75927118e-03
-3.83318083e-01 4.22753010e-03 -2.47581869e-04 2.02788628e-03 -1.75893422e-03
-3.81867160e-01 4.20667464e-03 -2.22965328e-04 2.03638963e-03 -1.76086594e-03
-3.80415296e-01 4.18795982e-03 -1.96713889e-04 2.04255154e-03 -1.76506833e-03
-3.78962493e-01 4.17146937e-03 -1.68964601e-04 2.04636052e-03 -1.77153672e-03
-3.77508756e-01 4.15728083e-03 -1.39860973e-04 2.04781274e-03 -1.78025964e-03
-3.76054088e-01 4.14546509e-03 -1.09552389e-04 2.04691212e-03 -1.79121864e-03
-3.74598493e-01 4.13608597e-03 -7.81934886e-05 2.04367054e-03 -1.80438819e-03
-3.73141973e-01 4.12919979e-03 -4.59435208e-05 2.03810785e-03 -1.81973561e-03
-3.71684534e-01 4.12485501e-03 -1.29656630e-05 2.03025200e-03 -1.83722097e-03
-3.70226177e-01 4.12309183e-03 2.05736790e-05 2.02013904e-03 -1.85679713e-03
-3.68766908e-01 4.12394192e-03 5.45055965e-05 2.00781313e-03 -1.87840971e-03
-3.67306729e-01 4.12742809e-03 8.86594219e-05 1.99332646e-03 -1.90199715e-03
-3.65845645e-01 4.13356407e-03 1.22863490e-04 1.97673926e-03 -1.92749079e-03
-3.64383658e-01 4.14235426e-03 1.56945910e-04 1.95811961e-03 -1.95481497e-03
-3.62920772e-01 4.15379359e-03 1.90735352e-04 1.93754333e-03 -1.98388719e-03
-3.61456992e-01 4.16786738e-03 2.24061833e-04 1.91509379e-03 -2.01461828e-03
-3.59992320e-01 4.18455122e-03 2.56757511e-04 1.89086170e-03 -2.04691263e-03
-3.58526760e-01 4.20381093e-03 2.88657475e-04 1.86494486e-03 -2.08066840e-03
-3.57060317e-01 4.22560260e-03 3.19600527e-04 1.83744784e-03 -2.11577782e-03
-3.55592992e-01 4.24987254e-03 3.49429962e-04 1.80848170e-03 -2.15212749e-03
-3.54124791e-01 4.27655744e-03 3.77994325e-04 1.77816358e-03 -2.18959873e-03
-3.52655716e-01 4.30558447e-03 4.05148163e-04 1.74661639e-03 -2.22806790e-03
-3.51185772e-01 4.33687143e-03 4.30752739e-04 1.71396828e-03 -2.26740685e-03
-3.49714961e-01 4.37032700e-03 4.54676739e-04 1.68035231e-03 -2.30748328e-03
-3.48243288e-01 4.40585100e-03 4.76796936e-04 1.64590586e-03 -2.34816121e-03
-3.46770756e-01 4.44333465e-03 4.96998828e-04 1.61077019e-03 -2.38930142e-03
-3.45297369e-01 4.48266100e-03 5.15177235e-04 1.57508991e-03 -2.43076195e-03
-3.43823131e-01 4.52370524e-03 5.31236862e-04 1.53901236e-03 -2.47239860e-03
-3.42348044e-01 4.56633518e-03 5.45092811e-04 1.50268715e-03 -2.51406541e-03
-3.40872114e-01 4.61041169e-03 5.56671051e-04 1.46626544e-03 -2.55561519e-03
-3.39395342e-01 4.65578924e-03 5.65908834e-04 1.42989943e-03 -2.59690012e-03
-3.37917734e-01 4.70231642e-03 5.72755063e-04 1.39374172e-03 -2.63777220e-03
-3.36439292e-01 4.74983653e-03 5.77170600e-04 1.35794464e-03 -2.67808388e-03
-3.34960021e-01 4.79818816e-03 5.79128520e-04 1.32265967e-03 -2.71768856e-03
-3.33479923e-01 4.84720587e-03 5.78614302e-04 1.28803677e-03 -2.75644119e-03
-3.31999003e-01 4.89672083e-03 5.75625962e-04 1.25422374e-03 -2.79419879e-03
-3.30517264e-01 4.94656148e-03 5.70174117e-04 1.22136561e-03 -2.83082102e-03
-3.29034710e-01 4.99655426e-03 5.62281995e-04 1.18960398e-03 -2.86617075e-03
-3.27551345e-01 5.04652435e-03 5.51985373e-04 1.15907644e-03 -2.90011452e-03
-3.26067172e-01 5.09629636e-03 5.39332451e-04 1.12991589e-03 -2.93252315e-03
-3.24582195e-01 5.14569508e-03 5.24383663e-04 1.10225005e-03 -2.96327221e-03
-3.23096417e-01 5.19454625e-03 5.07211426e-04 1.07620078e-03 -2.99224251e-03
-3.21609843e-01 5.24267730e-03 4.87899820e-04 1.05188361e-03 -3.01932061e-03
-3.20122475e-01 5.28991809e-03 4.66544207e-04 1.02940717e-03 -3.04439923e-03
-3.18634318e-01 5.33610163e-03 4.43250798e-04 1.00887271e-03 -3.06737774e-03
-3.17145375e-01 5.38106488e-03 4.18136148e-04 9.90373634e-04 -3.08816253e-03
-3.15655650e-01 5.42464939e-03 3.91326601e-04 9.73995046e-04 -3.10666740e-03
-3.14165146e-01 5.46670204e-03 3.62957686e-04 9.59813376e-04 -3.12281393e-03
-3.12673868e-01 5.50707574e-03 3.33173454e-04 9.47896006e-04 -3.13653180e-03
-3.11181819e-01 5.54563002e-03 3.02125771e-04 9.38300963e-04 -3.14775905e-03
-3.09689002e-01 5.58223172e-03 2.69973571e-04 9.31076634e-04 -3.15644241e-03
-3.08195421e-01 5.61675556e-03 2.36882063e-04 9.26261540e-04 -3.16253747e-03
-3.06701080e-01 5.64908469e-03 2.03021905e-04 9.23884148e-04 -3.16600886e-03
-3.05205983e-01 5.67911124e-03 1.68568351e-04 9.23962737e-04 -3.16683046e-03
-3.03710134e-01 5.70673674e-03 1.33700365e-04 9.26505308e-04 -3.16498548e-03
-3.02213535e-01 5.73187264e-03 9.85997189e-05 9.31509538e-04 -3.16046654e-03
-3.00716191e-01 5.75444062e-03 6.34500689e-05 9.38962800e-04 -3.15327570e-03
-2.99218105e-01 5.77437298e-03 2.84360266e-05 9.48842212e-04 -3.14342448e-03
-2.97719282e-01 5.79161291e-03 -6.25778152e-06 9.61114752e-04 -3.13093384e-03
-2.96219724e-01 5.80611472e-03 -4.04476522e-05 9.75737417e-04 -3.11583403e-03
-2.94719436e-01 5.81784403e-03 -7.39517404e-05 9.92657426e-04 -3.09816457e-03
-2.93218420e-01 5.82677791e-03 -1.06590984e-04 1.01181248e-03 -3.07797402e-03
-2.91716682e-01 5.83290492e-03 -1.38190015e-04 1.03313106e-03 -3.05531982e-03
-2.90214224e-01 5.83622515e-03 -1.68578047e-04 1.05653277e-03 -3.03026805e-03
-2.88711051e-01 5.83675017e-03 -1.97589742e-04 1.08192875e-03 -3.00289319e-03
-2.87207166e-01 5.83450295e-03 -2.25066045e-04 1.10922207e-03 -2.97327779e-03
-2.85702572e-01 5.82951765e-03 -2.50854981e-04 1.13830824e-03 -2.94151213e-03
-2.84197274e-01 5.82183950e-03 -2.74812421e-04 1.16907568e-03 -2.90769390e-03
-2.82691274e-01 5.81152445e-03 -2.96802794e-04 1.20140630e-03 -2.87192777e-03
-2.81184578e-01 5.79863893e-03 -3.16699760e-04 1.23517604e-03 -2.83432494e-03
-2.79677188e-01 5.78325944e-03 -3.34386827e-04 1.27025549e-03 -2.79500276e-03
-2.78169109e-01 5.76547215e-03 -3.49757917e-04 1.30651052e-03 -2.75408417e-03
-2.76660343e-01 5.74537247e-03 -3.62717871e-04 1.34380289e-03 -2.71169727e-03
-2.75150895e-01 5.72306451e-03 -3.73182898e-04 1.38199096e-03 -2.66797476e-03
-2.73640769e-01 5.69866059e-03 -3.81080956e-04 1.42093034e-03 -2.62305339e-03
-2.72129968e-01 5.67228063e-03 -3.86352076e-04 1.46047461e-03 -2.57707345e-03
-2.70618495e-01 5.64405155e-03 -3.88948613e-04 1.50047596e-03 -2.53017817e-03
-2.69106356e-01 5.61410666e-03 -3.88835438e-04 1.54078596e-03 -2.48251316e-03
-2.67593552e-01 5.58258497e-03 -3.85990055e-04 1.58125619e-03 -2.43422580e-03
-2.66080089e-01 5.54963053e-03 -3.80402655e-04 1.62173900e-03 -2.38546467e-03
-2.64565969e-01 5.51539173e-03 -3.72076103e-04 1.66208814e-03 -2.33637896e-03
-2.63051197e-01 5.48002057e-03 -3.61025855e-04 1.70215946e-03 -2.28711786e-03
-2.61535776e-01 5.44367196e-03 -3.47279812e-04 1.74181158e-03 -2.23782998e-03
-2.60019711e-01 5.40650299e-03 -3.30878109e-04 1.78090651e-03 -2.18866278e-03
-2.58503004e-01 5.36867219e-03 -3.11872842e-04 1.81931029e-03 -2.13976197e-03
-2.56985659e-01 5.33033884e-03 -2.90327732e-04 1.85689356e-03 -2.09127095e-03
-2.55467681e-01 5.29166222e-03 -2.66317736e-04 1.89353214e-03 -2.04333028e-03
-2.53949073e-01 5.25280091e-03 -2.39928596e-04 1.92910759e-03 -1.99607715e-03
-2.52429838e-01 5.21391214e-03 -2.11256343e-04 1.96350766e-03 -1.94964482e-03
-2.50909981e-01 5.17515106e-03 -1.80406750e-04 1.99662680e-03 -1.90416217e-03
-2.49389505e-01 5.13667013e-03 -1.47494736e-04 2.02836660e-03 -1.85975322e-03
-2.47868414e-01 5.09861850e-03 -1.12643735e-04 2.05863613e-03 -1.81653668e-03
-2.46346712e-01 5.06114140e-03 -7.59850219e-05 2.08735234e-03 -1.77462552e-03
-2.44824402e-01 5.02437956e-03 -3.76570134e-05 2.11444035e-03 -1.73412661e-03
-2.43301489e-01 4.98846872e-03 2.19546854e-06 2.13983373e-03 -1.69514032e-03
-2.41777975e-01 4.95353909e-03 4.34219516e-05 2.16347468e-03 -1.65776024e-03
-2.40253865e-01 4.91971494e-03 8.58670897e-05 2.18531427e-03 -1.62207284e-03
-2.38729163e-01 4.88711414e-03 1.29371455e-04 2.20531252e-03 -1.58815724e-03
-2.37203872e-01 4.85584779e-03 1.73772338e-04 2.22343853e-03 -1.55608499e-03
-2.35677996e-01 4.82601993e-03 2.18904559e-04 2.23967049e-03 -1.52591983e-03
-2.34151539e-01 4.79772717e-03 2.64601275e-04 2.25399568e-03 -1.49771762e-03
-2.32624504e-01 4.77105851e-03 3.10694787e-04 2.26641048e-03 -1.47152613e-03
-2.31096895e-01 4.74609509e-03 3.57017342e-04 2.27692021e-03 -1.44738505e-03
-2.29568717e-01 4.72291005e-03 4.03401919e-04 2.28553904e-03 -1.42532588e-03
-2.28039973e-01 4.70156840e-03 4.49683002e-04 2.29228983e-03 -1.40537194e-03
-2.26510666e-01 4.68212694e-03 4.95697339e-04 2.29720390e-03 -1.38753843e-03
-2.24980800e-01 4.66463424e-03 5.41284666e-04 2.30032082e-03 -1.37183245e-03
-2.23450380e-01 4.64913061e-03 5.86288419e-04 2.30168808e-03 -1.35825312e-03
-2.21919408e-01 4.63564818e-03 6.30556404e-04 2.30136083e-03 -1.34679174e-03
-2.20387890e-01 4.62421096e-03 6.73941443e-04 2.29940151e-03 -1.33743188e-03
-2.18855828e-01 4.61483497e-03 7.16301982e-04 2.29587949e-03 -1.33014967e-03
-2.17323226e-01 4.60752836e-03 7.57502660e-04 2.29087067e-03 -1.32491393e-03
-2.15790088e-01 4.60229163e-03 7.97414840e-04 2.28445706e-03 -1.32168652e-03
-2.14256418e-01 4.59911780e-03 8.35917095e-04 2.27672630e-03 -1.32042253e-03
-2.12722219e-01 4.59799270e-03 8.72895657e-04 2.26777128e-03 -1.32107067e-03
-2.11187496e-01 4.59889518e-03 9.08244811e-04 2.25768956e-03 -1.32357352e-03
-2.09652252e-01 4.60179743e-03 9.41867252e-04 2.24658297e-03 -1.32786795e-03
-2.08116491e-01 4.60666526e-03 9.73674391e-04 2.23455702e-03 -1.33388542e-03
-2.06580217e-01 4.61345845e-03 1.00358661e-03 2.22172045e-03 -1.34155244e-03
-2.05043433e-01 4.62213107e-03 1.03153349e-03 2.20818466e-03 -1.35079091e-03
-2.03506144e-01 4.63263183e-03 1.05745393e-03 2.19406324e-03 -1.36151855e-03
-2.01968353e-01 4.64490446e-03 1.08129633e-03 2.17947137e-03 -1.37364935e-03
-2.00430064e-01 4.65888804e-03 1.10301860e-03 2.16452534e-03 -1.38709396e-03
-1.98891280e-01 4.67451740e-03 1.12258819e-03 2.14934204e-03 -1.40176016e-03
-1.97352006e-01 4.69172350e-03 1.13998211e-03 2.13403837e-03 -1.41755328e-03
-1.95812245e-01 4.71043380e-03 1.15518682e-03 2.11873082e-03 -1.43437666e-03
-1.94272002e-01 4.73057261e-03 1.16819810e-03 2.10353487e-03 -1.45213210e-03
-1.92731279e-01 4.75206151e-03 1.17902096e-03 2.08856457e-03 -1.47072025e-03
-1.91190081e-01 4.77481969e-03 1.18766939e-03 2.07393204e-03 -1.49004112e-03
-1.89648411e-01 4.79876431e-03 1.19416615e-03 2.05974700e-03 -1.50999445e-03
-1.88106274e-01 4.82381087e-03 1.19854250e-03 2.04611629e-03 -1.53048016e-03
-1.86563673e-01 4.84987354e-03 1.20083791e-03 2.03314352e-03 -1.55139875e-03
-1.85020611e-01 4.87686550e-03 1.20109970e-03 2.02092857e-03 -1.57265170e-03
-1.83477094e-01 4.90469928e-03 1.19938268e-03 2.00956727e-03 -1.59414187e-03
-1.81933124e-01 4.93328705e-03 1.19574879e-03 1.99915099e-03 -1.61577384e-03
-1.80388705e-01 4.96254094e-03 1.19026667e-03 1.98976632e-03 -1.63745430e-03
-1.78843841e-01 4.99237329e-03 1.18301119e-03 1.98149472e-03 -1.65909235e-03
-1.77298536e-01 5.02269698e-03 1.17406305e-03 1.97441228e-03 -1.68059986e-03
-1.75752795e-01 5.05342566e-03 1.16350827e-03 1.96858940e-03 -1.70189173e-03
-1.74206619e-01 5.08447398e-03 1.15143772e-03 1.96409057e-03 -1.72288619e-03
-1.72660014e-01 5.11575785e-03 1.13794662e-03 1.96097416e-03 -1.74350505e-03
-1.71112983e-01 5.14719467e-03 1.12313402e-03 1.95929225e-03 -1.76367394e-03
-1.69565531e-01 5.17870350e-03 1.10710233e-03 1.95909043e-03 -1.78332250e-03
-1.68017660e-01 5.21020527e-03 1.08995676e-03 1.96040773e-03 -1.80238461e-03
-1.66469374e-01 5.24162299e-03 1.07180482e-03 1.96327647e-03 -1.82079852e-03
-1.64920678e-01 5.27288187e-03 1.05275582e-03 1.96772225e-03 -1.83850704e-03
-1.63371576e-01 5.30390954e-03 1.03292037e-03 1.97376386e-03 -1.85545758e-03
-1.61822070e-01 5.33463613e-03 1.01240983e-03 1.98141329e-03 -1.87160235e-03
-1.60272166e-01 5.36499447e-03 9.91335884e-04 1.99067577e-03 -1.88689836e-03
-1.58721866e-01 5.39492018e-03 9.69810008e-04 2.00154980e-03 -1.90130749e-03
-1.57171175e-01 5.42435181e-03 9.47943031e-04 2.01402723e-03 -1.91479656e-03
-1.55620096e-01 5.45323093e-03 9.25844674e-04 2.02809338e-03 -1.92733728e-03
-1.54068633e-01 5.48150228e-03 9.03623121e-04 2.04372713e-03 -1.93890630e-03
-1.52516790e-01 5.50911382e-03 8.81384599e-04 2.06090117e-03 -1.94948514e-03
-1.50964572e-01 5.53601682e-03 8.59232989e-04 2.07958209e-03 -1.95906014e-03
-1.49411981e-01 5.56216599e-03 8.37269451e-04 2.09973066e-03 -1.96762243e-03
-1.47859021e-01 5.58751951e-03 8.15592077e-04 2.12130201e-03 -1.97516779e-03
-1.46305697e-01 5.61203913e-03 7.94295566e-04 2.14424596e-03 -1.98169660e-03
-1.44752012e-01 5.63569023e-03 7.73470930e-04 2.16850722e-03 -1.98721369e-03
-1.43197970e-01 5.65844186e-03 7.53205214e-04 2.19402574e-03 -1.99172823e-03
-1.41643575e-01 5.68026684e-03 7.33581258e-04 2.22073704e-03 -1.99525354e-03
-1.40088830e-01 5.70114176e-03 7.14677479e-04 2.24857249e-03 -1.99780699e-03
-1.38533740e-01 5.72104705e-03 6.96567675e-04 2.27745972e-03 -1.99940980e-03
-1.36978309e-01 5.73996702e-03 6.79320870e-04 2.30732295e-03 -2.00008683e-03
-1.35422539e-01 5.75788988e-03 6.63001179e-04 2.33808337e-03 -1.99986643e-03
-1.33866436e-01 5.77480778e-03 6.47667699e-04 2.36965956e-03 -1.99878025e-03
-1.32310002e-01 5.79071679e-03 6.33374431e-04 2.40196783e-03 -1.99686295e-03
-1.30753243e-01 5.80561696e-03 6.20170231e-04 2.43492269e-03 -1.99415208e-03
-1.29196160e-01 5.81951229e-03 6.08098783e-04 2.46843719e-03 -1.99068780e-03
-1.27638760e-01 5.83241071e-03 5.97198597e-04 2.50242339e-03 -1.98651266e-03
-1.26081044e-01 5.84432410e-03 5.87503037e-04 2.53679270e-03 -1.98167137e-03
-1.24523017e-01 5.85526822e-03 5.79040369e-04 2.57145636e-03 -1.97621058e-03
-1.22964684e-01 5.86526270e-03 5.71833830e-04 2.60632579e-03 -1.97017862e-03
-1.21406047e-01 5.87433098e-03 5.65901719e-04 2.64131302e-03 -1.96362524e-03
-1.19847110e-01 5.88250023e-03 5.61257513e-04 2.67633106e-03 -1.95660141e-03
-1.18287878e-01 5.88980129e-03 5.57909993e-04 2.71129427e-03 -1.94915905e-03
-1.16728355e-01 5.89626858e-03 5.55863390e-04 2.74611877e-03 -1.94135077e-03
-1.15168543e-01 5.90193996e-03 5.55117552e-04 2.78072274e-03 -1.93322966e-03
-1.13608448e-01 5.90685667e-03 5.55668112e-04 2.81502679e-03 -1.92484902e-03
-1.12048072e-01 5.91106314e-03 5.57506681e-04 2.84895426e-03 -1.91626212e-03
-1.10487420e-01 5.91460685e-03 5.60621041e-04 2.88243154e-03 -1.90752197e-03
-1.08926495e-01 5.91753820e-03 5.64995353e-04 2.91538834e-03 -1.89868106e-03
-1.07365302e-01 5.91991027e-03 5.70610366e-04 2.94775793e-03 -1.88979116e-03
-1.05803844e-01 5.92177865e-03 5.77443634e-04 2.97947743e-03 -1.88090306e-03
-1.04242126e-01 5.92320125e-03 5.85469736e-04 3.01048793e-03 -1.87206635e-03
-1.02680150e-01 5.92423802e-03 5.94660497e-04 3.04073476e-03 -1.86332921e-03
-1.01117920e-01 5.92495073e-03 6.04985206e-04 3.07016761e-03 -1.85473817e-03
-9.95554419e-02 5.92540274e-03 6.16410839e-04 3.09874064e-03 -1.84633793e-03
-9.79927178e-02 5.92565869e-03 6.28902268e-04 3.12641264e-03 -1.83817112e-03
-9.64297521e-02 5.92578422e-03 6.42422475e-04 3.15314707e-03 -1.83027816e-03
-9.48665486e-02 5.92584570e-03 6.56932756e-04 3.17891210e-03 -1.82269700e-03
-9.33031111e-02 5.92590991e-03 6.72392917e-04 3.20368068e-03 -1.81546299e-03
-9.17394435e-02 5.92604372e-03 6.88761462e-04 3.22743048e-03 -1.80860870e-03
-9.01755497e-02 5.92631380e-03 7.05995773e-04 3.25014391e-03 -1.80216373e-03
-8.86114334e-02 5.92678625e-03 7.24052277e-04 3.27180802e-03 -1.79615460e-03
-8.70470987e-02 5.92752632e-03 7.42886605e-04 3.29241447e-03 -1.79060459e-03
-8.54825493e-02 5.92859805e-03 7.62453737e-04 3.31195939e-03 -1.78553360e-03
-8.39177890e-02 5.93006393e-03 7.82708136e-04 3.33044325e-03 -1.78095805e-03
-8.23528218e-02 5.93198463e-03 8.03603871e-04 3.34787077e-03 -1.77689078e-03
-8.07876515e-02 5.93441858e-03 8.25094724e-04 3.36425067e-03 -1.77334092e-03
-7.92222820e-02 5.93742177e-03 8.47134285e-04 3.37959557e-03 -1.77031389e-03
-7.76567171e-02 5.94104733e-03 8.69676040e-04 3.39392175e-03 -1.76781126e-03
-7.60909607e-02 5.94534532e-03 8.92673437e-04 3.40724894e-03 -1.76583074e-03
-7.45250166e-02 5.95036239e-03 9.16079949e-04 3.41960011e-03 -1.76436617e-03
-7.29588887e-02 5.95614155e-03 9.39849120e-04 3.43100124e-03 -1.76340748e-03
-7.13925810e-02 5.96272186e-03 9.63934600e-04 3.44148108e-03 -1.76294068e-03
-6.98260971e-02 5.97013828e-03 9.88290175e-04 3.45107088e-03 -1.76294794e-03
-6.82594410e-02 5.97842139e-03 1.01286978e-03 3.45980419e-03 -1.76340758e-03
-6.66926166e-02 5.98759722e-03 1.03762750e-03 3.46771657e-03 -1.76429413e-03
-6.51256278e-02 5.99768710e-03 1.06251760e-03 3.47484538e-03 -1.76557847e-03
-6.35584783e-02 6.00870752e-03 1.08749446e-03 3.48122950e-03 -1.76722785e-03
-6.19911720e-02 6.02066999e-03 1.11251264e-03 3.48690915e-03 -1.76920606e-03
-6.04237129e-02 6.03358100e-03 1.13752678e-03 3.49192558e-03 -1.77147355e-03
-5.88561048e-02 6.04744192e-03 1.16249165e-03 3.49632094e-03 -1.77398759e-03
-5.72883515e-02 6.06224905e-03 1.18736206e-03 3.50013799e-03 -1.77670245e-03
-5.57204570e-02 6.07799356e-03 1.21209291e-03 3.50341998e-03 -1.77956962e-03
-5.41524250e-02 6.09466155e-03 1.23663910e-03 3.50621040e-03 -1.78253797e-03
-5.25842595e-02 6.11223417e-03 1.26095553e-03 3.50855287e-03 -1.78555407e-03
-5.10159643e-02 6.13068768e-03 1.28499708e-03 3.51049097e-03 -1.78856236e-03
-4.94475433e-02 6.14999359e-03 1.30871861e-03 3.51206808e-03 -1.79150549e-03
-4.78790003e-02 6.17011887e-03 1.33207489e-03 3.51332733e-03 -1.79432458e-03
-4.63103392e-02 6.19102612e-03 1.35502064e-03 3.51431144e-03 -1.79695954e-03
-4.47415640e-02 6.21267380e-03 1.37751053e-03 3.51506270e-03 -1.79934939e-03
-4.31726784e-02 6.23501653e-03 1.39949913e-03 3.51562288e-03 -1.80143260e-03
-4.16036863e-02 6.25800535e-03 1.42094098e-03 3.51603319e-03 -1.80314745e-03
-4.00345917e-02 6.28158802e-03 1.44179058e-03 3.51633429e-03 -1.80443237e-03
-3.84653983e-02 6.30570941e-03 1.46200243e-03 3.51656626e-03 -1.80522636e-03
-3.68961100e-02 6.33031184e-03 1.48153105e-03 3.51676864e-03 -1.80546934e-03
-3.53267308e-02 6.35533544e-03 1.50033107e-03 3.51698045e-03 -1.80510256e-03
-3.37572644e-02 6.38071861e-03 1.51835724e-03 3.51724022e-03 -1.80406897e-03
-3.21877148e-02 6.40639839e-03 1.53556453e-03 3.51758609e-03 -1.80231369e-03
-3.06180858e-02 6.43231091e-03 1.55190821e-03 3.51805586e-03 -1.79978433e-03
-2.90483813e-02 6.45839185e-03 1.56734393e-03 3.51868707e-03 -1.79643147e-03
-2.74786051e-02 6.48457686e-03 1.58182785e-03 3.51951711e-03 -1.79220901e-03
-2.59087612e-02 6.51080206e-03 1.59531670e-03 3.52058329e-03 -1.78707460e-03
-2.43388534e-02 6.53700446e-03 1.60776798e-03 3.52192298e-03 -1.78099002e-03
-2.27688855e-02 6.56312242e-03 1.61914002e-03 3.52357367e-03 -1.77392157e-03
-2.11988616e-02 6.58909616e-03 1.62939220e-03 3.52557314e-03 -1.76584043e-03
-1.96287853e-02 6.61486814e-03 1.63848503e-03 3.52795948e-03 -1.75672303e-03
-1.80586606e-02 6.64038352e-03 1.64638037e-03 3.53077127e-03 -1.74655138e-03
-1.64884914e-02 6.66559063e-03 1.65304158e-03 3.53404763e-03 -1.73531343e-03
-1.49182815e-02 6.69044131e-03 1.65843369e-03 3.53782832e-03 -1.72300330e-03
-1.33480349e-02 6.71489135e-03 1.66252362e-03 3.54215379e-03 -1.70962165e-03
-1.17777553e-02 6.73890084e-03 1.66528032e-03 3.54706528e-03 -1.69517585e-03
-1.02074466e-02 6.76243454e-03 1.66667503e-03 3.55260484e-03 -1.67968027e-03
-8.63711283e-03 6.78546217e-03 1.66668142e-03 3.55881538e-03 -1.66315643e-03
-7.06675773e-03 6.80795871e-03 1.66527585e-03 3.56574066e-03 -1.64563321e-03
-5.49638519e-03 6.82990467e-03 1.66243754e-03 3.57342531e-03 -1.62714693e-03
-3.92599911e-03 6.85128632e-03 1.65814878e-03 3.58191479e-03 -1.60774147e-03
-2.35560334e-03 6.87209586e-03 1.65239515e-03 3.59125533e-03 -1.58746834e-03
-7.85201758e-04 6.89233160e-03 1.64516574e-03 3.60149388e-03 -1.56638666e-03
7.85201758e-04 6.91199805e-03 1.63645331e-03 3.61267802e-03 -1.54456317e-03
2.35560334e-03 6.93110602e-03 1.62625453e-03 3.62485580e-03 -1.52207215e-03
3.92599911e-03 6.94967266e-03 1.61457017e-03 3.63807567e-03 -1.49899531e-03
5.49638519e-03 6.96772142e-03 1.60140526e-03 3.65238624e-03 -1.47542164e-03
7.06675773e-03 6.98528206e-03 1.58676932e-03 3.66783615e-03 -1.45144722e-03
8.63711283e-03 7.00239052e-03 1.57067648e-03 3.68447383e-03 -1.42717497e-03
1.02074466e-02 7.01908880e-03 1.55314569e-03 3.70234725e-03 -1.40271438e-03
1.17777553e-02 7.03542481e-03 1.53420085e-03 3.72150374e-03 -1.37818116e-03
1.33480349e-02 7.05145214e-03 1.51387095e-03 3.74198961e-03 -1.35369688e-03
1.49182815e-02 7.06722981e-03 1.49219024e-03 3.76384997e-03 -1.32938854e-03
1.64884914e-02 7.08282201e-03 1.46919825e-03 3.78712835e-03 -1.30538813e-03
1.80586606e-02 7.09829772e-03 1.44494000e-03 3.81186640e-03 -1.28183212e-03
1.96287853e-02 7.11373041e-03 1.41946599e-03 3.83810357e-03 -1.25886091e-03
2.11988616e-02 7.12919760e-03 1.39283235e-03 3.86587676e-03 -1.23661826e-03
2.27688855e-02 7.14478047e-03 1.36510079e-03 3.89521999e-03 -1.21525068e-03
2.43388534e-02 7.16056336e-03 1.33633872e-03 3.92616401e-03 -1.19490676e-03
2.59087612e-02 7.17663335e-03 1.30661917e-03 3.95873600e-03 -1.17573652e-03
2.74786051e-02 7.19307968e-03 1.27602086e-03 3.99295917e-03 -1.15789067e-03
2.90483813e-02 7.20999327e-03 1.24462809e-03 4.02885247e-03 -1.14151990e-03
3.06180858e-02 7.22746620e-03 1.21253071e-03 4.06643020e-03 -1.12677412e-03
3.21877148e-02 7.24559106e-03 1.17982403e-03 4.10570171e-03 -1.11380166e-03
3.37572644e-02 7.26446047e-03 1.14660873e-03 4.14667107e-03 -1.10274850e-03
3.53267308e-02 7.28416646e-03 1.11299069e-03 4.18933681e-03 -1.09375747e-03
3.68961100e-02 7.30479988e-03 1.07908084e-03 4.23369159e-03 -1.08696741e-03
3.84653983e-02 7.32644981e-03 1.04499500e-03 4.27972201e-03 -1.08251240e-03
4.00345917e-02 7.34920299e-03 1.01085364e-03 4.32740829e-03 -1.08052090e-03
4.16036863e-02 7.37314325e-03 9.76781620e-04 4.37672416e-03 -1.08111496e-03
4.31726784e-02 7.39835091e-03 9.42907979e-04 4.42763662e-03 -1.08440943e-03
4.47415640e-02 7.42490222e-03 9.09365594e-04 4.48010584e-03 -1.09051113e-03
4.63103392e-02 7.45286886e-03 8.76290875e-04 4.53408501e-03 -1.09951812e-03
4.78790003e-02 7.48231736e-03 8.43823411e-04 4.58952030e-03 -1.11151896e-03
4.94475433e-02 7.51330862e-03 8.12105600e-04 4.64635082e-03 -1.12659193e-03
5.10159643e-02 7.54589745e-03 7.81282243e-04 4.70450860e-03 -1.14480439e-03
5.25842595e-02 7.58013207e-03 7.51500115e-04 4.76391863e-03 -1.16621209e-03
5.41524250e-02 7.61605373e-03 7.22907514e-04 4.82449897e-03 -1.19085858e-03
5.57204570e-02 7.65369631e-03 6.95653782e-04 4.88616084e-03 -1.21877461e-03
5.72883515e-02 7.69308596e-03 6.69888805e-04 4.94880878e-03 -1.24997761e-03
5.88561048e-02 7.73424076e-03 6.45762484e-04 5.01234087e-03 -1.28447121e-03
6.04237129e-02 7.77717048e-03 6.23424197e-04 5.07664894e-03 -1.32224480e-03
6.19911720e-02 7.82187633e-03 6.03022229e-04 5.14161887e-03 -1.36327319e-03
6.35584783e-02 7.86835073e-03 5.84703189e-04 5.20713089e-03 -1.40751627e-03
6.51256278e-02 7.91657719e-03 5.68611410e-04 5.27305995e-03 -1.45491878e-03
6.66926166e-02 7.96653018e-03 5.54888338e-04 5.33927607e-03 -1.50541011e-03
6.82594410e-02 8.01817506e-03 5.43671896e-04 5.40564482e-03 -1.55890422e-03
6.98260971e-02 8.07146807e-03 5.35095855e-04 5.47202771e-03 -1.61529955e-03
7.13925810e-02 8.12635633e-03 5.29289179e-04 5.53828271e-03 -1.67447905e-03
7.29588887e-02 8.18277794e-03 5.26375379e-04 5.60426475e-03 -1.73631031e-03
7.45250166e-02 8.24066203e-03 5.26471854e-04 5.66982626e-03 -1.80064569e-03
7.60909607e-02 8.29992898e-03 5.29689233e-04 5.73481773e-03 -1.86732255e-03
7.76567171e-02 8.36049058e-03 5.36130725e-04 5.79908826e-03 -1.93616361e-03
7.92222820e-02 8.42225026e-03 5.45891468e-04 5.86248622e-03 -2.00697729e-03
8.07876515e-02 8.48510342e-03 5.59057888e-04 5.92485978e-03 -2.07955818e-03
8.23528218e-02 8.54893768e-03 5.75707071e-04 5.98605758e-03 -2.15368758e-03
8.39177890e-02 8.61363330e-03 5.95906149e-04 6.04592936e-03 -2.22913407e-03
8.54825493e-02 8.67906354e-03 6.19711702e-04 6.10432660e-03 -2.30565420e-03
8.70470987e-02 8.74509511e-03 6.47169185e-04 6.16110311e-03 -2.38299322e-03
8.86114334e-02 8.81158864e-03 6.78312378e-04 6.21611575e-03 -2.46088585e-03
9.01755497e-02 8.87839914e-03 7.13162860e-04 6.26922500e-03 -2.53905717e-03
9.17394435e-02 8.94537657e-03 7.51729523e-04 6.32029562e-03 -2.61722354e-03
9.33031111e-02 9.01236637e-03 7.94008111e-04 6.36919727e-03 -2.69509355e-03
9.48665486e-02 9.07921006e-03 8.39980807e-04 6.41580512e-03 -2.77236905e-03
9.64297521e-02 9.14574582e-03 8.89615852e-04 6.46000044e-03 -2.84874622e-03
9.79927178e-02 9.21180912e-03 9.42867212e-04 6.50167120e-03 -2.92391675e-03
9.95554419e-02 9.27723337e-03 9.99674297e-04 6.54071262e-03 -2.99756889e-03
1.01117920e-01 9.34185057e-03 1.05996172e-03 6.57702771e-03 -3.06938877e-03
1.02680150e-01 9.40549201e-03 1.12363912e-03 6.61052780e-03 -3.13906154e-03
1.04242126e-01 9.46798891e-03 1.19060104e-03 6.64113303e-03 -3.20627266e-03
1.05803844e-01 9.52917316e-03 1.26072682e-03 6.66877281e-03 -3.27070920e-03
1.07365302e-01 9.58887798e-03 1.33388067e-03 6.69338626e-03 -3.33206114e-03
1.08926495e-01 9.64693869e-03 1.40991163e-03 6.71492266e-03 -3.39002263e-03
1.10487420e-01 9.70319333e-03 1.48865375e-03 6.73334175e-03 -3.44429338e-03
1.12048072e-01 9.75748347e-03 1.56992624e-03 6.74861415e-03 -3.49457996e-03
1.13608448e-01 9.80965484e-03 1.65353374e-03 6.76072163e-03 -3.54059711e-03
1.15168543e-01 9.85955809e-03 1.73926663e-03 6.76965739e-03 -3.58206909e-03
1.16728355e-01 9.90704944e-03 1.82690139e-03 6.77542631e-03 -3.61873093e-03
1.18287878e-01 9.95199144e-03 1.91620109e-03 6.77804515e-03 -3.65032980e-03
1.19847110e-01 9.99425360e-03 2.00691589e-03 6.77754271e-03 -3.67662617e-03
1.21406047e-01 1.00337130e-02 2.09878362e-03 6.77395998e-03 -3.69739516e-03
1.22964684e-01 1.00702553e-02 2.19153047e-03 6.76735019e-03 -3.71242764e-03
1.24523017e-01 1.01037746e-02 2.28487166e-03 6.75777890e-03 -3.72153149e-03
1.26081044e-01 1.01341751e-02 2.37851228e-03 6.74532398e-03 -3.72453263e-03
1.27638760e-01 1.01613708e-02 2.47214810e-03 6.73007559e-03 -3.72127617e-03
1.29196160e-01 1.01852867e-02 2.56546652e-03 6.71213615e-03 -3.71162742e-03
1.30753243e-01 1.02058589e-02 2.65814750e-03 6.69162015e-03 -3.69547280e-03
1.32310002e-01 1.02230355e-02 2.74986464e-03 6.66865408e-03 -3.67272082e-03
1.33866436e-01 1.02367768e-02 2.84028621e-03 6.64337622e-03 -3.64330287e-03
1.35422539e-01 1.02470561e-02 2.92907634e-03 6.61593639e-03 -3.60717400e-03
1.36978309e-01 1.02538598e-02 3.01589615e-03 6.58649570e-03 -3.56431363e-03
1.38533740e-01 1.02571881e-02 3.10040501e-03 6.55522625e-03 -3.51472613e-03
1.40088830e-01 1.02570551e-02 3.18226180e-03 6.52231079e-03 -3.45844140e-03
1.41643575e-01 1.02534894e-02 3.26112619e-03 6.48794230e-03 -3.39551527e-03
1.43197970e-01 1.02465343e-02 3.33666001e-03 6.45232362e-03 -3.32602989e-03
1.44752012e-01 1.02362479e-02 3.40852860e-03 6.41566695e-03 -3.25009399e-03
1.46305697e-01 1.02227035e-02 3.47640214e-03 6.37819338e-03 -3.16784307e-03
1.47859021e-01 1.02059897e-02 3.53995714e-03 6.34013231e-03 -3.07943943e-03
1.49411981e-01 1.01862106e-02 3.59887776e-03 6.30172096e-03 -2.98507220e-03
1.50964572e-01 1.01634857e-02 3.65285729e-03 6.26320367e-03 -2.88495718e-03
1.52516790e-01 1.01379499e-02 3.70159950e-03 6.22483133e-03 -2.77933664e-03
1.54068633e-01 1.01097538e-02 3.74482014e-03 6.18686067e-03 -2.66847895e-03
1.55620096e-01 1.00790632e-02 3.78224822e-03 6.14955355e-03 -2.55267819e-03
1.57171175e-01 1.00460591e-02 3.81362751e-03 6.11317625e-03 -2.43225356e-03
1.58721866e-01 1.00109376e-02 3.83871781e-03 6.07799864e-03 -2.30754876e-03
1.60272166e-01 9.97390926e-03 3.85729630e-03 6.04429345e-03 -2.17893121e-03
1.61822070e-01 9.93519933e-03 3.86915887e-03 6.01233537e-03 -2.04679121e-03
1.63371576e-01 9.89504688e-03 3.87412130e-03 5.98240024e-03 -1.91154094e-03
1.64920678e-01 9.85370449e-03 3.87202053e-03 5.95476414e-03 -1.77361338e-03
1.66469374e-01 9.81143777e-03 3.86271578e-03 5.92970253e-03 -1.63346117e-03
1.68017660e-01 9.76852468e-03 3.84608963e-03 5.90748924e-03 -1.49155528e-03
1.69565531e-01 9.72525489e-03 3.82204906e-03 5.88839560e-03 -1.34838367e-03
1.71112983e-01 9.68192908e-03 3.79052641e-03 5.87268945e-03 -1.20444976e-03
1.72660014e-01 9.63885809e-03 3.75148023e-03 5.86063415e-03 -1.06027089e-03
1.74206619e-01 9.59636210e-03 3.70489610e-03 5.85248761e-03 -9.16376653e-04
1.75752795e-01 9.55476965e-03 3.65078735e-03 5.84850130e-03 -7.73307143e-04
1.77298536e-01 9.51441670e-03 3.58919563e-03 5.84891920e-03 -6.31611111e-04
1.78843841e-01 9.47564551e-03 3.52019147e-03 5.85397686e-03 -4.91844065e-04
1.80388705e-01 9.43880356e-03 3.44387468e-03 5.86390035e-03 -3.54566289e-04
1.81933124e-01 9.40424237e-03 3.36037466e-03 5.87890529e-03 -2.20340797e-04
1.83477094e-01 9.37231622e-03 3.26985062e-03 5.89919585e-03 -8.97312261e-05
1.85020611e-01 9.34338090e-03 3.17249164e-03 5.92496377e-03 3.67003198e-05
1.86563673e-01 9.31779235e-03 3.06851665e-03 5.95638738e-03 1.58395471e-04
1.88106274e-01 9.29590529e-03 2.95817429e-03 5.99363074e-03 2.74801834e-04
1.89648411e-01 9.27807175e-03 2.84174263e-03 6.03684262e-03 3.85375254e-04
1.91190081e-01 9.26463964e-03 2.71952877e-03 6.08615571e-03 4.89582112e-04
1.92731279e-01 9.25595124e-03 2.59186832e-03 6.14168571e-03 5.86901620e-04
1.94272002e-01 9.25234165e-03 2.45912476e-03 6.20353056e-03 6.76828122e-04
1.95812245e-01 9.25413730e-03 2.32168865e-03 6.27176966e-03 7.58873397e-04
1.97352006e-01 9.26165431e-03 2.17997670e-03 6.34646316e-03 8.32568930e-04
1.98891280e-01 9.27519699e-03 2.03443077e-03 6.42765128e-03 8.97468170e-04
2.00430064e-01 9.29505625e-03 1.88551671e-03 6.51535373e-03 9.53148738e-04
2.01968353e-01 9.32150800e-03 1.73372303e-03 6.60956915e-03 9.99214600e-04
2.03506144e-01 9.35481167e-03 1.57955951e-03 6.71027464e-03 1.03529817e-03
2.05043433e-01 9.39520862e-03 1.42355566e-03 6.81742533e-03 1.06106235e-03
2.06580217e-01 9.44292069e-03 1.26625909e-03 6.93095410e-03 1.07620248e-03
2.08116491e-01 9.49814872e-03 1.10823371e-03 7.05077127e-03 1.08044823e-03
2.09652252e-01 9.56107115e-03 9.50057864e-04 7.17676445e-03 1.07356534e-03
2.11187496e-01 9.63184267e-03 7.92322347e-04 7.30879847e-03 1.05535729e-03
2.12722219e-01 9.71059292e-03 6.35628333e-04 7.44671534e-03 1.02566683e-03
2.14256418e-01 9.79742525e-03 4.80585193e-04 7.59033436e-03 9.84377376e-04
2.15790088e-01 9.89241565e-03 3.27808237e-04 7.73945230e-03 9.31414288e-04
2.17323226e-01 9.99561162e-03 1.77916382e-04 7.89384371e-03 8.66745957e-04
2.18855828e-01 1.01070313e-02 3.15297405e-05 8.05326120e-03 7.90384771e-04
2.20387890e-01 1.02266624e-02 -1.10732842e-04 8.21743600e-03 7.02387894e-04
2.21919408e-01 1.03544620e-02 -2.48256307e-04 8.38607848e-03 6.02857874e-04
2.23450380e-01 1.04903551e-02 -3.80431940e-04 8.55887880e-03 4.91943072e-04
2.24980800e-01 1.06342349e-02 -5.06659965e-04 8.73550770e-03 3.69837895e-04
2.26510666e-01 1.07859621e-02 -6.26352146e-04 8.91561731e-03 2.36782849e-04
2.28039973e-01 1.09453646e-02 -7.38934413e-04 9.09884212e-03 9.30643773e-05
2.29568717e-01 1.11122375e-02 -8.43849473e-04 9.28480000e-03 -6.09854863e-05
2.31096895e-01 1.12863431e-02 -9.40559412e-04 9.47309331e-03 -2.24989682e-04
2.32624504e-01 1.14674113e-02 -1.02854826e-03 9.66331016e-03 -3.98526888e-04
2.34151539e-01 1.16551398e-02 -1.10732453e-03 9.85502559e-03 -5.81132490e-04
2.35677996e-01 1.18491944e-02 -1.17642370e-03 1.00478031e-02 -7.72299767e-04
2.37203872e-01 1.20492103e-02 -1.23541061e-03 1.02411958e-02 -9.71481268e-04
2.38729163e-01 1.22547920e-02 -1.28388180e-03 1.04347483e-02 -1.17809040e-03
2.40253865e-01 1.24655151e-02 -1.32146776e-03 1.06279979e-02 -1.39150323e-03
2.41777975e-01 1.26809270e-02 -1.34783507e-03 1.08204766e-02 -1.61106043e-03
2.43301489e-01 1.29005484e-02 -1.36268841e-03 1.10117122e-02 -1.83606948e-03
2.44824402e-01 1.31238744e-02 -1.36577243e-03 1.12012307e-02 -2.06580701e-03
2.46346712e-01 1.33503763e-02 -1.35687356e-03 1.13885575e-02 -2.29952132e-03
2.47868414e-01 1.35795035e-02 -1.33582155e-03 1.15732193e-02 -2.53643506e-03
2.49389505e-01 1.38106848e-02 -1.30249093e-03 1.17547462e-02 -2.77574809e-03
2.50909981e-01 1.40433310e-02 -1.25680227e-03 1.19326731e-02 -3.01664046e-03
2.52429838e-01 1.42768364e-02 -1.19872324e-03 1.21065415e-02 -3.25827552e-03
2.53949073e-01 1.45105815e-02 -1.12826952e-03 1.22759019e-02 -3.49980315e-03
2.55467681e-01 1.47439350e-02 -1.04550547e-03 1.24403148e-02 -3.74036313e-03
2.56985659e-01 1.49762563e-02 -9.50544628e-04 1.25993530e-02 -3.97908852e-03
2.58503004e-01 1.52068981e-02 -8.43549927e-04 1.27526030e-02 -4.21510919e-03
2.60019711e-01 1.54352087e-02 -7.24733792e-04 1.28996672e-02 -4.44755540e-03
2.61535776e-01 1.56605348e-02 -5.94357936e-04 1.30401650e-02 -4.67556134e-03
2.63051197e-01 1.58822242e-02 -4.52732960e-04 1.31737348e-02 -4.89826881e-03
2.64565969e-01 1.60996284e-02 -3.00217728e-04 1.33000352e-02 -5.11483083e-03
2.66080089e-01 1.63121056e-02 -1.37218502e-04 1.34187470e-02 -5.32441526e-03
2.67593552e-01 1.65190229e-02 3.58121398e-05 1.35295742e-02 -5.52620842e-03
2.69106356e-01 1.67197596e-02 2.18376620e-04 1.36322453e-02 -5.71941858e-03
2.70618495e-01 1.69137099e-02 4.09933895e-04 1.37265151e-02 -5.90327952e-03
2.72129968e-01 1.71002852e-02 6.09901206e-04 1.38121652e-02 -6.07705387e-03
2.73640769e-01 1.72789172e-02 8.17656049e-04 1.38890053e-02 -6.24003645e-03
2.75150895e-01 1.74490604e-02 1.03253835e-03 1.39568744e-02 -6.39155748e-03
2.76660343e-01 1.76101946e-02 1.25385281e-03 1.40156414e-02 -6.53098557e-03
2.78169109e-01 1.77618273e-02 1.48087152e-03 1.40652058e-02 -6.65773071e-03
2.79677188e-01 1.79034964e-02 1.71283662e-03 1.41054987e-02 -6.77124699e-03
2.81184578e-01 1.80347723e-02 1.94896328e-03 1.41364829e-02 -6.87103518e-03
2.82691274e-01 1.81552601e-02 2.18844268e-03 1.41581535e-02 -6.95664509e-03
2.84197274e-01 1.82646015e-02 2.43044529e-03 1.41705383e-02 -7.02767782e-03
2.85702572e-01 1.83624773e-02 2.67412413e-03 1.41736978e-02 -7.08378765e-03
2.87207166e-01 1.84486083e-02 2.91861823e-03 1.41677253e-02 -7.12468387e-03
2.88711051e-01 1.85227577e-02 3.16305616e-03 1.41527468e-02 -7.15013222e-03
2.90214224e-01 1.85847322e-02 3.40655965e-03 1.41289210e-02 -7.15995621e-03
2.91716682e-01 1.86343835e-02 3.64824723e-03 1.40964385e-02 -7.15403815e-03
2.93218420e-01 1.86716090e-02 3.88723798e-03 1.40555221e-02 -7.13231988e-03
2.94719436e-01 1.86963533e-02 4.12265525e-03 1.40064256e-02 -7.09480334e-03
2.96219724e-01 1.87086086e-02 4.35363041e-03 1.39494335e-02 -7.04155076e-03
2.97719282e-01 1.87084154e-02 4.57930659e-03 1.38848601e-02 -6.97268472e-03
2.99218105e-01 1.86958627e-02 4.79884238e-03 1.38130486e-02 -6.88838783e-03
3.00716191e-01 1.86710884e-02 5.01141552e-03 1.37343703e-02 -6.78890222e-03
3.02213535e-01 1.86342790e-02 5.21622643e-03 1.36492232e-02 -6.67452874e-03
3.03710134e-01 1.85856697e-02 5.41250181e-03 1.35580312e-02 -6.54562594e-03
3.05205983e-01 1.85255435e-02 5.59949794e-03 1.34612426e-02 -6.40260871e-03
3.06701080e-01 1.84542310e-02 5.77650409e-03 1.33593286e-02 -6.24594681e-03
3.08195421e-01 1.83721093e-02 5.94284557e-03 1.32527821e-02 -6.07616306e-03
3.09689002e-01 1.82796011e-02 6.09788680e-03 1.31421162e-02 -5.89383133e-03
3.11181819e-01 1.81771733e-02 6.24103410e-03 1.30278623e-02 -5.69957430e-03
3.12673868e-01 1.80653358e-02 6.37173842e-03 1.29105689e-02 -5.49406108e-03
3.14165146e-01 1.79446396e-02 6.48949770e-03 1.27907992e-02 -5.27800452e-03
3.15655650e-01 1.78156755e-02 6.59385923e-03 1.26691302e-02 -5.05215842e-03
3.17145375e-01 1.76790715e-02 6.68442162e-03 1.25461500e-02 -4.81731457e-03
3.18634318e-01 1.75354911e-02 6.76083667e-03 1.24224565e-02 -4.57429956e-03
3.20122475e-01 1.73856312e-02 6.82281090e-03 1.22986552e-02 -4.32397152e-03
3.21609843e-01 1.72302190e-02 6.87010691e-03 1.21753573e-02 -4.06721669e-03
3.23096417e-01 1.70700102e-02 6.90254445e-03 1.20531780e-02 -3.80494595e-03
3.24582195e-01 1.69057859e-02 6.92000129e-03 1.19327340e-02 -3.53809114e-03
3.26067172e-01 1.67383496e-02 6.92241372e-03 1.18146418e-02 -3.26760137e-03
3.27551345e-01 1.65685248e-02 6.90977694e-03 1.16995158e-02 -2.99443931e-03
3.29034710e-01 1.63971516e-02 6.88214504e-03 1.15879658e-02 -2.71957734e-03
3.30517264e-01 1.62250838e-02 6.83963083e-03 1.14805957e-02 -2.44399372e-03
3.31999003e-01 1.60531855e-02 6.78240534e-03 1.13780006e-02 -2.16866879e-03
3.33479923e-01 1.58823281e-02 6.71069709e-03 1.12807658e-02 -1.89458107e-03
3.34960021e-01 1.57133870e-02 6.62479112e-03 1.11894640e-02 -1.62270348e-03
3.36439292e-01 1.55472380e-02 6.52502775e-03 1.11046538e-02 -1.35399958e-03
3.37917734e-01 1.53847546e-02 6.41180109e-03 1.10268778e-02 -1.08941982e-03
3.39395342e-01 1.52268037e-02 6.28555736e-03 1.09566605e-02 -8.29897888e-04
3.40872114e-01 1.50742432e-02 6.14679292e-03 1.08945066e-02 -5.76347158e-04
3.42348044e-01 1.49279181e-02 5.99605217e-03 1.08408994e-02 -3.29657224e-04
3.43823131e-01 1.47886576e-02 5.83392518e-03 1.07962990e-02 -9.06905410e-05
3.45297369e-01 1.46572714e-02 5.66104515e-03 1.07611405e-02 1.39720792e-04
3.46770756e-01 1.45345469e-02 5.47808567e-03 1.07358328e-02 3.60778120e-04
3.48243288e-01 1.44212460e-02 5.28575790e-03 1.07207566e-02 5.71719158e-04
3.49714961e-01 1.43181020e-02 5.08480748e-03 1.07162636e-02 7.71820763e-04
3.51185772e-01 1.42258169e-02 4.87601140e-03 1.07226747e-02 9.60401521e-04
3.52655716e-01 1.41450580e-02 4.66017471e-03 1.07402792e-02 1.13682416e-03
3.54124791e-01 1.40764560e-02 4.43812711e-03 1.07693330e-02 1.30049779e-03
3.55592992e-01 1.40206019e-02 4.21071950e-03 1.08100586e-02 1.45087986e-03
3.57060317e-01 1.39780449e-02 3.97882042e-03 1.08626431e-02 1.58747804e-03
3.58526760e-01 1.39492896e-02 3.74331247e-03 1.09272383e-02 1.70985181e-03
3.59992320e-01 1.39347947e-02 3.50508867e-03 1.10039594e-02 1.81761378e-03
3.61456992e-01 1.39349706e-02 3.26504876e-03 1.10928848e-02 1.91043094e-03
3.62920772e-01 1.39501776e-02 3.02409563e-03 1.11940553e-02 1.98802556e-03
3.64383658e-01 1.39807245e-02 2.78313158e-03 1.13074744e-02 2.05017589e-03
3.65845645e-01 1.40268676e-02 2.54305478e-03 1.14331073e-02 2.09671669e-03
3.67306729e-01 1.40888088e-02 2.30475566e-03 1.15708814e-02 2.12753944e-03
3.68766908e-01 1.41666955e-02 2.06911339e-03 1.17206864e-02 2.14259245e-03
3.70226177e-01 1.42606194e-02 1.83699250e-03 1.18823741e-02 2.14188062e-03
3.71684534e-01 1.43706159e-02 1.60923949e-03 1.20557590e-02 2.12546505e-03
3.73141973e-01 1.44966645e-02 1.38667960e-03 1.22406189e-02 2.09346244e-03
3.74598493e-01 1.46386881e-02 1.17011369e-03 1.24366952e-02 2.04604423e-03
3.76054088e-01 1.47965536e-02 9.60315290e-04 1.26436939e-02 1.98343559e-03
3.77508756e-01 1.49700720e-02 7.58027675e-04 1.28612864e-02 1.90591417e-03
3.78962493e-01 1.51589995e-02 5.63961227e-04 1.30891104e-02 1.81380867e-03
3.80415296e-01 1.53630380e-02 3.78790874e-04 1.33267711e-02 1.70749723e-03
3.81867160e-01 1.55818362e-02 2.03153731e-04 1.35738427e-02 1.58740563e-03
3.83318083e-01 1.58149914e-02 3.76469126e-05 1.38298692e-02 1.45400534e-03
3.84768060e-01 1.60620504e-02 -1.17174466e-04 1.40943666e-02 1.30781142e-03
3.86217089e-01 1.63225117e-02 -2.60799099e-04 1.43668241e-02 1.14938021e-03
3.87665165e-01 1.65958272e-02 -3.92761099e-04 1.46467058e-02 9.79306953e-04
3.89112285e-01 1.68814044e-02 -5.12641408e-04 1.49334526e-02 7.98223279e-04
3.90558445e-01 1.71786089e-02 -6.20069000e-04 1.52264843e-02 6.06794533e-04
3.92003642e-01 1.74867666e-02 -7.14721879e-04 1.55252012e-02 4.05717040e-04
3.93447872e-01 1.78051665e-02 -7.96327873e-04 1.58289866e-02 1.95715260e-04
3.94891132e-01 1.81330636e-02 -8.64665209e-04 1.61372088e-02 -2.24611291e-05
3.96333418e-01 1.84696818e-02 -9.19562890e-04 1.64492230e-02 -2.48040218e-04
3.97774727e-01 1.88142169e-02 -9.60900860e-04 1.67643742e-02 -4.80230911e-04
3.99215055e-01 1.91658398e-02 -9.88609970e-04 1.70819990e-02 -7.18226005e-04
4.00654398e-01 1.95236999e-02 -1.00267173e-03 1.74014282e-02 -9.61205307e-04
4.02092753e-01 1.98869283e-02 -1.00311790e-03 1.77219890e-02 -1.20833876e-03
4.03530117e-01 2.02546415e-02 -9.90029802e-04 1.80430076e-02 -1.45878958e-03
4.04966485e-01 2.06259448e-02 -9.63537586e-04 1.83638117e-02 -1.71171737e-03
4.06401855e-01 2.09999355e-02 -9.23819170e-04 1.86837324e-02 -1.96628126e-03
4.07836222e-01 2.13757070e-02 -8.71099096e-04 1.90021070e-02 -2.22164293e-03
4.09269584e-01 2.17523520e-02 -8.05647185e-04 1.93182815e-02 -2.47696968e-03
4.10701936e-01 2.21289663e-02 -7.27777042e-04 1.96316125e-02 -2.73143739e-03
4.12133276e-01 2.25046520e-02 -6.37844409e-04 1.99414696e-02 -2.98423343e-03
4.13563599e-01 2.28785212e-02 -5.36245369e-04 2.02472380e-02 -3.23455948e-03
4.14992902e-01 2.32496994e-02 -4.23414425e-04 2.05483200e-02 -3.48163431e-03
4.16421181e-01 2.36173289e-02 -2.99822452e-04 2.08441379e-02 -3.72469638e-03
4.17848434e-01 2.39805718e-02 -1.65974533e-04 2.11341353e-02 -3.96300641e-03
4.19274656e-01 2.43386137e-02 -2.24076944e-05 2.14177794e-02 -4.19584981e-03
4.20699844e-01 2.46906658e-02 1.30311456e-04 2.16945625e-02 -4.42253898e-03
4.22123995e-01 2.50359689e-02 2.91589173e-04 2.19640044e-02 -4.64241547e-03
4.23547105e-01 2.53737955e-02 4.60807089e-04 2.22256530e-02 -4.85485205e-03
4.24969170e-01 2.57034522e-02 6.37324794e-04 2.24790866e-02 -5.05925454e-03
4.26390187e-01 2.60242830e-02 8.20482469e-04 2.27239150e-02 -5.25506365e-03
4.27810152e-01 2.63356706e-02 1.00960356e-03 2.29597804e-02 -5.44175647e-03
4.29229063e-01 2.66370391e-02 1.20399746e-03 2.31863590e-02 -5.61884798e-03
4.30646915e-01 2.69278556e-02 1.40296227e-03 2.34033616e-02 -5.78589227e-03
4.32063705e-01 2.72076320e-02 1.60578750e-03 2.36105344e-02 -5.94248368e-03
4.33479429e-01 2.74759264e-02 1.81175682e-03 2.38076598e-02 -6.08825770e-03
4.34894084e-01 2.77323444e-02 2.02015073e-03 2.39945569e-02 -6.22289177e-03
4.36307667e-01 2.79765400e-02 2.23024936e-03 2.41710817e-02 -6.34610588e-03
4.37720174e-01 2.82082168e-02 2.44133503e-03 2.43371274e-02 -6.45766298e-03
4.39131601e-01 2.84271280e-02 2.65269493e-03 2.44926246e-02 -6.55736925e-03
4.40541946e-01 2.86330774e-02 2.86362370e-03 2.46375408e-02 -6.64507420e-03
4.41951203e-01 2.88259192e-02 3.07342594e-03 2.47718807e-02 -6.72067061e-03
4.43359371e-01 2.90055579e-02 3.28141866e-03 2.48956853e-02 -6.78409426e-03
4.44766446e-01 2.91719483e-02 3.48693364e-03 2.50090317e-02 -6.83532359e-03
4.46172424e-01 2.93250949e-02 3.68931975e-03 2.51120325e-02 -6.87437909e-03
4.47577301e-01 2.94650512e-02 3.88794514e-03 2.52048348e-02 -6.90132265e-03
4.48981074e-01 2.95919187e-02 4.08219933e-03 2.52876194e-02 -6.91625672e-03
4.50383741e-01 2.97058462e-02 4.27149522e-03 2.53605997e-02 -6.91932326e-03
4.51785296e-01 2.98070280e-02 4.45527095e-03 2.54240206e-02 -6.91070272e-03
4.53185738e-01 2.98957029e-02 4.63299170e-03 2.54781574e-02 -6.89061270e-03
4.54585061e-01 2.99721527e-02 4.80415133e-03 2.55233143e-02 -6.85930664e-03
4.55983264e-01 3.00366999e-02 4.96827386e-03 2.55598229e-02 -6.81707235e-03
4.57380342e-01 3.00897063e-02 5.12491489e-03 2.55880407e-02 -6.76423037e-03
4.58776292e-01 3.01315709e-02 5.27366284e-03 2.56083498e-02 -6.70113238e-03
4.60171111e-01 3.01627275e-02 5.41414003e-03 2.56211548e-02 -6.62815934e-03
4.61564795e-01 3.01836429e-02 5.54600370e-03 2.56268812e-02 -6.54571971e-03
4.62957340e-01 3.01948141e-02 5.66894679e-03 2.56259740e-02 -6.45424751e-03
4.64348744e-01 3.01967661e-02 5.78269863e-03 2.56188952e-02 -6.35420037e-03
4.65739003e-01 3.01900495e-02 5.88702548e-03 2.56061227e-02 -6.24605746e-03
4.67128113e-01 3.01752380e-02 5.98173090e-03 2.55881476e-02 -6.13031746e-03
4.68516071e-01 3.01529252e-02 6.06665598e-03 2.55654732e-02 -6.00749643e-03
4.69902874e-01 3.01237230e-02 6.14167946e-03 2.55386122e-02 -5.87812571e-03
4.71288518e-01 3.00882580e-02 6.20671765e-03 2.55080856e-02 -5.74274976e-03
4.72672999e-01 3.00471696e-02 6.26172426e-03 2.54744202e-02 -5.60192402e-03
4.74056315e-01 3.00011070e-02 6.30669002e-03 2.54381471e-02 -5.45621276e-03
4.75438462e-01 2.99507265e-02 6.34164225e-03 2.53997995e-02 -5.30618697e-03
4.76819436e-01 2.98966892e-02 6.36664425e-03 2.53599113e-02 -5.15242221e-03
4.78199234e-01 2.98396585e-02 6.38179453e-03 2.53190147e-02 -4.99549655e-03
4.79577853e-01 2.97802974e-02 6.38722599e-03 2.52776393e-02 -4.83598855e-03
4.80955289e-01 2.97192660e-02 6.38310492e-03 2.52363094e-02 -4.67447519e-03
4.82331539e-01 2.96572196e-02 6.36962992e-03 2.51955433e-02 -4.51152997e-03
4.83706600e-01 2.95948060e-02 6.34703067e-03 2.51558508e-02 -4.34772096e-03
4.85080468e-01 2.95326637e-02 6.31556667e-03 2.51177324e-02 -4.18360903e-03
4.86453139e-01 2.94714193e-02 6.27552582e-03 2.50816776e-02 -4.01974602e-03
4.87824611e-01 2.94116863e-02 6.22722294e-03 2.50481634e-02 -3.85667308e-03
4.89194880e-01 2.93540623e-02 6.17099822e-03 2.50176530e-02 -3.69491904e-03
4.90563942e-01 2.92991280e-02 6.10721556e-03 2.49905946e-02 -3.53499886e-03
4.91931794e-01 2.92474453e-02 6.03626089e-03 2.49674204e-02 -3.37741221e-03
4.93298434e-01 2.91995556e-02 5.95854040e-03 2.49485454e-02 -3.22264209e-03
4.94663856e-01 2.91559787e-02 5.87447877e-03 2.49343662e-02 -3.07115355e-03
4.96028059e-01 2.91172113e-02 5.78451727e-03 2.49252606e-02 -2.92339254e-03
4.97391039e-01 2.90837260e-02 5.68911193e-03 2.49215862e-02 -2.77978479e-03
4.98752791e-01 2.90559701e-02 5.58873162e-03 2.49236802e-02 -2.64073485e-03
5.00113314e-01 2.90343649e-02 5.48385614e-03 2.49318583e-02 -2.50662518e-03
5.01472604e-01 2.90193048e-02 5.37497430e-03 2.49464147e-02 -2.37781537e-03
5.02830656e-01 2.90111566e-02 5.26258197e-03 2.49676209e-02 -2.25464143e-03
5.04187469e-01 2.90102591e-02 5.14718022e-03 2.49957259e-02 -2.13741519e-03
5.05543038e-01 2.90169226e-02 5.02927337e-03 2.50309559e-02 -2.02642378e-03
5.06897361e-01 2.90314287e-02 4.90936712e-03 2.50735137e-02 -1.92192921e-03
5.08250433e-01 2.90540299e-02 4.78796672e-03 2.51235788e-02 -1.82416809e-03
5.09602252e-01 2.90849498e-02 4.66557516e-03 2.51813074e-02 -1.73335132e-03
5.10952815e-01 2.91243830e-02 4.54269138e-03 2.52468323e-02 -1.64966398e-03
5.12302117e-01 2.91724952e-02 4.41980854e-03 2.53202632e-02 -1.57326529e-03
5.13650155e-01 2.92294235e-02 4.29741238e-03 2.54016867e-02 -1.50428854e-03
5.14996927e-01 2.92952767e-02 4.17597959e-03 2.54911664e-02 -1.44284129e-03
5.16342429e-01 2.93701356e-02 4.05597627e-03 2.55887438e-02 -1.38900546e-03
5.17686658e-01 2.94540539e-02 3.93785641e-03 2.56944379e-02 -1.34283759e-03
5.19029610e-01 2.95470583e-02 3.82206054e-03 2.58082463e-02 -1.30436918e-03
5.20371281e-01 2.96491494e-02 3.70901431e-03 2.59301455e-02 -1.27360703e-03
5.21711670e-01 2.97603022e-02 3.59912732e-03 2.60600911e-02 -1.25053370e-03
5.23050772e-01 2.98804675e-02 3.49279182e-03 2.61980191e-02 -1.23510801e-03
5.24388584e-01 3.00095719e-02 3.39038172e-03 2.63438460e-02 -1.22726559e-03
5.25725102e-01 3.01475193e-02 3.29225145e-03 2.64974698e-02 -1.22691950e-03
5.27060325e-01 3.02941916e-02 3.19873512e-03 2.66587705e-02 -1.23396086e-03
5.28394247e-01 3.04494500e-02 3.11014558e-03 2.68276114e-02 -1.24825960e-03
5.29726866e-01 3.06131355e-02 3.02677368e-03 2.70038393e-02 -1.26966520e-03
5.31058179e-01 3.07850705e-02 2.94888756e-03 2.71872859e-02 -1.29800747e-03
5.32388182e-01 3.09650597e-02 2.87673207e-03 2.73777684e-02 -1.33309739e-03
5.33716872e-01 3.11528911e-02 2.81052819e-03 2.75750904e-02 -1.37472799e-03
5.35044246e-01 3.13483376e-02 2.75047263e-03 2.77790433e-02 -1.42267525e-03
5.36370301e-01 3.15511577e-02 2.69673742e-03 2.79894065e-02 -1.47669904e-03
5.37695032e-01 3.17610969e-02 2.64946967e-03 2.82059494e-02 -1.53654409e-03
5.39018438e-01 3.19778889e-02 2.60879134e-03 2.84284313e-02 -1.60194097e-03
5.40340514e-01 3.22012572e-02 2.57479910e-03 2.86566034e-02 -1.67260713e-03
5.41661258e-01 3.24309155e-02 2.54756427e-03 2.88902091e-02 -1.74824794e-03
5.42980666e-01 3.26665698e-02 2.52713289e-03 2.91289855e-02 -1.82855774e-03
5.44298735e-01 3.29079190e-02 2.51352574e-03 2.93726642e-02 -1.91322093e-03
5.45615461e-01 3.31546566e-02 2.50673856e-03 2.96209725e-02 -2.00191309e-03
5.46930842e-01 3.34064717e-02 2.50674225e-03 2.98736341e-02 -2.09430210e-03
5.48244874e-01 3.36630501e-02 2.51348319e-03 3.01303706e-02 -2.19004921e-03
5.49557555e-01 3.39240757e-02 2.52688359e-03 3.03909021e-02 -2.28881027e-03
5.50868879e-01 3.41892317e-02 2.54684193e-03 3.06549482e-02 -2.39023682e-03
5.52178845e-01 3.44582016e-02 2.57323346e-03 3.09222294e-02 -2.49397725e-03
5.53487450e-01 3.47306705e-02 2.60591075e-03 3.11924674e-02 -2.59967800e-03
5.54794689e-01 3.50063260e-02 2.64470432e-03 3.14653868e-02 -2.70698467e-03
5.56100561e-01 3.52848597e-02 2.68942328e-03 3.17407151e-02 -2.81554325e-03
5.57405060e-01 3.55659677e-02 2.73985614e-03 3.20181844e-02 -2.92500119e-03
5.58708186e-01 3.58493520e-02 2.79577150e-03 3.22975317e-02 -3.03500862e-03
5.60009933e-01 3.61347216e-02 2.85691900e-03 3.25784999e-02 -3.14521947e-03
5.61310299e-01 3.64217929e-02 2.92303014e-03 3.28608386e-02 -3.25529260e-03
5.62609281e-01 3.67102911e-02 2.99381930e-03 3.31443044e-02 -3.36489290e-03
5.63906875e-01 3.69999509e-02 3.06898469e-03 3.34286625e-02 -3.47369239e-03
5.65203079e-01 3.72905172e-02 3.14820945e-03 3.37136861e-02 -3.58137131e-03
5.66497889e-01 3.75817459e-02 3.23116274e-03 3.39991581e-02 -3.68761910e-03
5.67791302e-01 3.78734045e-02 3.31750086e-03 3.42848709e-02 -3.79213550e-03
5.69083314e-01 3.81652730e-02 3.40686851e-03 3.45706271e-02 -3.89463143e-03
5.70373923e-01 3.84571442e-02 3.49889999e-03 3.48562400e-02 -3.99482999e-03
5.71663126e-01 3.87488243e-02 3.59322048e-03 3.51415340e-02 -4.09246733e-03
5.72950918e-01 3.90401333e-02 3.68944738e-03 3.54263444e-02 -4.18729349e-03
5.74237298e-01 3.93309052e-02 3.78719165e-03 3.57105185e-02 -4.27907319e-03
5.75522261e-01 3.96209887e-02 3.88605921e-03 3.59939151e-02 -4.36758658e-03
5.76805805e-01 3.99102472e-02 3.98565237e-03 3.62764047e-02 -4.45262989e-03
5.78087927e-01 4.01985589e-02 4.08557124e-03 3.65578701e-02 -4.53401606e-03
5.79368623e-01 4.04858166e-02 4.18541526e-03 3.68382058e-02 -4.61157529e-03
5.80647890e-01 4.07719285e-02 4.28478462e-03 3.71173182e-02 -4.68515549e-03
5.81925725e-01 4.10568173e-02 4.38328183e-03 3.73951255e-02 -4.75462270e-03
5.83202125e-01 4.13404206e-02 4.48051320e-03 3.76715575e-02 -4.81986139e-03
5.84477087e-01 4.16226901e-02 4.57609036e-03 3.79465554e-02 -4.88077469e-03
5.85750607e-01 4.19035920e-02 4.66963179e-03 3.82200716e-02 -4.93728460e-03
5.87022683e-01 4.21831062e-02 4.76076433e-03 3.84920691e-02 -4.98933198e-03
5.88293311e-01 4.24612258e-02 4.84912471e-03 3.87625214e-02 -5.03687659e-03
5.89562488e-01 4.27379567e-02 4.93436098e-03 3.90314122e-02 -5.07989697e-03
5.90830212e-01 4.30133172e-02 5.01613403e-03 3.92987344e-02 -5.11839025e-03
5.92096478e-01 4.32873372e-02 5.09411898e-03 3.95644901e-02 -5.15237186e-03
5.93361284e-01 4.35600573e-02 5.16800663e-03 3.98286899e-02 -5.18187514e-03
5.94624627e-01 4.38315284e-02 5.23750474e-03 4.00913521e-02 -5.20695092e-03
5.95886503e-01 4.41018108e-02 5.30233940e-03 4.03525026e-02 -5.22766697e-03
5.97146909e-01 4.43709731e-02 5.36225625e-03 4.06121738e-02 -5.24410732e-03
5.98405843e-01 4.46390916e-02 5.41702165e-03 4.08704042e-02 -5.25637162e-03
5.99663302e-01 4.49062494e-02 5.46642380e-03 4.11272375e-02 -5.26457431e-03
6.00919281e-01 4.51725351e-02 5.51027382e-03 4.13827223e-02 -5.26884374e-03
6.02173778e-01 4.54380424e-02 5.54840660e-03 4.16369112e-02 -5.26932130e-03
6.03426791e-01 4.57028686e-02 5.58068179e-03 4.18898601e-02 -5.26616036e-03
6.04678315e-01 4.59671136e-02 5.60698445e-03 4.21416276e-02 -5.25952523e-03
6.05928348e-01 4.62308795e-02 5.62722579e-03 4.23922745e-02 -5.24959009e-03
6.07176887e-01 4.64942690e-02 5.64134370e-03 4.26418628e-02 -5.23653777e-03
6.08423928e-01 4.67573846e-02 5.64930320e-03 4.28904553e-02 -5.22055858e-03
6.09669468e-01 4.70203277e-02 5.65109678e-03 4.31381153e-02 -5.20184909e-03
6.10913506e-01 4.72831977e-02 5.64674459e-03 4.33849055e-02 -5.18061088e-03
6.12156036e-01 4.75460912e-02 5.63629457e-03 4.36308877e-02 -5.15704923e-03
6.13397057e-01 4.78091006e-02 5.61982235e-03 4.38761226e-02 -5.13137187e-03
6.14636565e-01 4.80723140e-02 5.59743116e-03 4.41206690e-02 -5.10378770e-03
6.15874558e-01 4.83358141e-02 5.56925148e-03 4.43645835e-02 -5.07450550e-03
6.17111031e-01 4.85996774e-02 5.53544064e-03 4.46079203e-02 -5.04373270e-03
6.18345983e-01 4.88639737e-02 5.49618229e-03 4.48507308e-02 -5.01167412e-03
6.19579410e-01 4.91287657e-02 5.45168568e-03 4.50930634e-02 -4.97853078e-03
6.20811308e-01 4.93941080e-02 5.40218488e-03 4.53349634e-02 -4.94449877e-03
6.22041676e-01 4.96600472e-02 5.34793785e-03 4.55764727e-02 -4.90976812e-03
6.23270509e-01 4.99266214e-02 5.28922538e-03 4.58176300e-02 -4.87452178e-03
6.24497806e-01 5.01938597e-02 5.22634992e-03 4.60584708e-02 -4.83893461e-03
6.25723562e-01 5.04617822e-02 5.15963433e-03 4.62990272e-02 -4.80317251e-03
6.26947776e-01 5.07304000e-02 5.08942046e-03 4.65393283e-02 -4.76739159e-03
6.28170443e-01 5.09997152e-02 5.01606766e-03 4.67794003e-02 -4.73173740e-03
6.29391561e-01 5.12697206e-02 4.93995125e-03 4.70192669e-02 -4.69634435e-03
6.30611126e-01 5.15404003e-02 4.86146078e-03 4.72589493e-02 -4.66133509e-03
6.31829137e-01 5.18117299e-02 4.78099835e-03 4.74984669e-02 -4.62682014e-03
6.33045589e-01 5.20836765e-02 4.69897676e-03 4.77378374e-02 -4.59289750e-03
6.34260480e-01 5.23561994e-02 4.61581766e-03 4.79770775e-02 -4.55965242e-03
6.35473807e-01 5.26292506e-02 4.53194960e-03 4.82162033e-02 -4.52715734e-03
6.36685567e-01 5.29027752e-02 4.44780610e-03 4.84552307e-02 -4.49547180e-03
6.37895757e-01 5.31767121e-02 4.36382362e-03 4.86941763e-02 -4.46464262e-03
6.39104373e-01 5.34509947e-02 4.28043957e-03 4.89330577e-02 -4.43470407e-03
6.40311414e-01 5.37255516e-02 4.19809030e-03 4.91718941e-02 -4.40567821e-03
6.41516875e-01 5.40003076e-02 4.11720904e-03 4.94107070e-02 -4.37757534e-03
6.42720754e-01 5.42751843e-02 4.03822394e-03 4.96495209e-02 -4.35039454e-03
6.43923048e-01 5.45501009e-02 3.96155607e-03 4.98883638e-02 -4.32412426e-03
6.45123754e-01 5.48249756e-02 3.88761748e-03 5.01272679e-02 -4.29874314e-03
6.46322869e-01 5.50997261e-02 3.81680927e-03 5.03662701e-02 -4.27422076e-03
6.47520390e-01 5.53742707e-02 3.74951981e-03 5.06054126e-02 -4.25051860e-03
6.48716314e-01 5.56485293e-02 3.68612290e-03 5.08447438e-02 -4.22759100e-03
6.49910639e-01 5.59224244e-02 3.62697610e-03 5.10843181e-02 -4.20538620e-03
6.51103360e-01 5.61958818e-02 3.57241910e-03 5.13241973e-02 -4.18384750e-03
6.52294476e-01 5.64688321e-02 3.52277222e-03 5.15644501e-02 -4.16291435e-03
6.53483983e-01 5.67412111e-02 3.47833494e-03 5.18051533e-02 -4.14252360e-03
6.54671879e-01 5.70129609e-02 3.43938461e-03 5.20463915e-02 -4.12261070e-03
6.55858160e-01 5.72840308e-02 3.40617526e-03 5.22882580e-02 -4.10311096e-03
6.57042824e-01 5.75543782e-02 3.37893647e-03 5.25308543e-02 -4.08396078e-03
6.58225867e-01 5.78239692e-02 3.35787247e-03 5.27742908e-02 -4.06509893e-03
6.59407287e-01 5.80927795e-02 3.34316124e-03 5.30186866e-02 -4.04646773e-03
6.60587080e-01 5.83607947e-02 3.33495386e-03 5.32641695e-02 -4.02801431e-03
6.61765245e-01 5.86280115e-02 3.33337391e-03 5.35108760e-02 -4.00969171e-03
6.62941778e-01 5.88944378e-02 3.33851707e-03 5.37589508e-02 -3.99146004e-03
6.64116675e-01 5.91600931e-02 3.35045075e-03 5.40085472e-02 -3.97328752e-03
6.65289935e-01 5.94250092e-02 3.36921400e-03 5.42598259e-02 -3.95515145e-03
6.66461554e-01 5.96892301e-02 3.39481742e-03 5.45129554e-02 -3.93703910e-03
6.67631530e-01 5.99528127e-02 3.42724327e-03 5.47681107e-02 -3.91894855e-03
6.68799859e-01 6.02158265e-02 3.46644568e-03 5.50254735e-02 -3.90088937e-03
6.69966538e-01 6.04783537e-02 3.51235103e-03 5.52852308e-02 -3.88288320e-03
6.71131566e-01 6.07404893e-02 3.56485834e-03 5.55475747e-02 -3.86496429e-03
6.72294938e-01 6.10023410e-02 3.62383990e-03 5.58127014e-02 -3.84717979e-03
6.73456652e-01 6.12640288e-02 3.68914191e-03 5.60808101e-02 -3.82959004e-03
6.74616706e-01 6.15256847e-02 3.76058528e-03 5.63521026e-02 -3.81226865e-03
6.75775095e-01 6.17874526e-02 3.83796650e-03 5.66267816e-02 -3.79530244e-03
6.76931818e-01 6.20494875e-02 3.92105856e-03 5.69050504e-02 -3.77879133e-03
6.78086872e-01 6.23119551e-02 4.00961203e-03 5.71871112e-02 -3.76284797e-03
6.79240254e-01 6.25750314e-02 4.10335613e-03 5.74731644e-02 -3.74759734e-03
6.80391960e-01 6.28389017e-02 4.20199989e-03 5.77634073e-02 -3.73317611e-03
6.81541988e-01 6.31037601e-02 4.30523339e-03 5.80580330e-02 -3.71973199e-03
6.82690336e-01 6.33698085e-02 4.41272900e-03 5.83572292e-02 -3.70742285e-03
6.83837000e-01 6.36372562e-02 4.52414268e-03 5.86611769e-02 -3.69641574e-03
6.84981977e-01 6.39063184e-02 4.63911534e-03 5.89700495e-02 -3.68688579e-03
6.86125265e-01 6.41772158e-02 4.75727413e-03 5.92840117e-02 -3.67901507e-03
6.87266861e-01 6.44501736e-02 4.87823383e-03 5.96032181e-02 -3.67299119e-03
6.88406763e-01 6.47254203e-02 5.00159826e-03 5.99278123e-02 -3.66900598e-03
6.89544966e-01 6.50031867e-02 5.12696157e-03 6.02579257e-02 -3.66725397e-03
6.90681469e-01 6.52837053e-02 5.25390967e-03 6.05936769e-02 -3.66793081e-03
6.91816268e-01 6.55672089e-02 5.38202155e-03 6.09351704e-02 -3.67123172e-03
6.92949362e-01 6.58539296e-02 5.51087062e-03 6.12824960e-02 -3.67734974e-03
6.94080746e-01 6.61440980e-02 5.64002604e-03 6.16357278e-02 -3.68647411e-03
6.95210419e-01 6.64379424e-02 5.76905400e-03 6.19949235e-02 -3.69878846e-03
6.96338377e-01 6.67356870e-02 5.89751896e-03 6.23601242e-02 -3.71446915e-03
6.97464618e-01 6.70375520e-02 6.02498494e-03 6.27313532e-02 -3.73368353e-03
6.98589139e-01 6.73437519e-02 6.15101666e-03 6.31086162e-02 -3.75658818e-03
6.99711937e-01 6.76544949e-02 6.27518075e-03 6.34919005e-02 -3.78332731e-03
7.00833010e-01 6.79699820e-02 6.39704686e-03 6.38811750e-02 -3.81403109e-03
7.01952354e-01 6.82904062e-02 6.51618876e-03 6.42763900e-02 -3.84881410e-03
7.03069967e-01 6.86159516e-02 6.63218542e-03 6.46774771e-02 -3.88777388e-03
7.04185846e-01 6.89467927e-02 6.74462201e-03 6.50843495e-02 -3.93098946e-03
7.05299989e-01 6.92830936e-02 6.85309095e-03 6.54969020e-02 -3.97852013e-03
7.06412392e-01 6.96250078e-02 6.95719282e-03 6.59150112e-02 -4.03040425e-03
7.07523053e-01 6.99726766e-02 7.05653733e-03 6.63385359e-02 -4.08665815e-03
7.08631969e-01 7.03262296e-02 7.15074427e-03 6.67673179e-02 -4.14727528e-03
7.09739137e-01 7.06857834e-02 7.23944432e-03 6.72011820e-02 -4.21222535e-03
7.10844555e-01 7.10514415e-02 7.32228001e-03 6.76399372e-02 -4.28145377e-03
7.11948220e-01 7.14232937e-02 7.39890649e-03 6.80833772e-02 -4.35488115e-03
7.13050130e-01 7.18014157e-02 7.46899245e-03 6.85312809e-02 -4.43240300e-03
7.14150280e-01 7.21858687e-02 7.53222087e-03 6.89834140e-02 -4.51388961e-03
7.15248670e-01 7.25766993e-02 7.58828989e-03 6.94395293e-02 -4.59918608e-03
7.16345296e-01 7.29739390e-02 7.63691358e-03 6.98993679e-02 -4.68811254e-03
7.17440155e-01 7.33776038e-02 7.67782277e-03 7.03626606e-02 -4.78046454e-03
7.18533244e-01 7.37876947e-02 7.71076581e-03 7.08291284e-02 -4.87601361e-03
7.19624562e-01 7.42041965e-02 7.73550940e-03 7.12984841e-02 -4.97450804e-03
7.20714105e-01 7.46270786e-02 7.75183933e-03 7.17704334e-02 -5.07567375e-03
7.21801870e-01 7.50562943e-02 7.75956131e-03 7.22446760e-02 -5.17921538e-03
7.22887856e-01 7.54917810e-02 7.75850174e-03 7.27209067e-02 -5.28481754e-03
7.23972059e-01 7.59334603e-02 7.74850848e-03 7.31988168e-02 -5.39214623e-03
7.25054476e-01 7.63812375e-02 7.72945160e-03 7.36780953e-02 -5.50085033e-03
7.26135105e-01 7.68350021e-02 7.70122418e-03 7.41584299e-02 -5.61056332e-03
7.27213943e-01 7.72946276e-02 7.66374306e-03 7.46395084e-02 -5.72090508e-03
7.28290988e-01 7.77599719e-02 7.61694955e-03 7.51210198e-02 -5.83148383e-03
7.29366237e-01 7.82308769e-02 7.56081017e-03 7.56026554e-02 -5.94189811e-03
7.30439687e-01 7.87071692e-02 7.49531733e-03 7.60841098e-02 -6.05173896e-03
7.31511336e-01 7.91886599e-02 7.42049003e-03 7.65650822e-02 -6.16059210e-03
7.32581181e-01 7.96751452e-02 7.33637445e-03 7.70452773e-02 -6.26804018e-03
7.33649219e-01 8.01664061e-02 7.24304459e-03 7.75244062e-02 -6.37366512e-03
7.34715448e-01 8.06622093e-02 7.14060280e-03 7.80021873e-02 -6.47705046e-03
7.35779864e-01 8.11623072e-02 7.02918024e-03 7.84783476e-02 -6.57778372e-03
7.36842467e-01 8.16664384e-02 6.90893739e-03 7.89526228e-02 -6.67545878e-03
7.37903252e-01 8.21743282e-02 6.78006433e-03 7.94247589e-02 -6.76967826e-03
7.38962217e-01 8.26856887e-02 6.64278112e-03 7.98945121e-02 -6.86005586e-03
7.40019360e-01 8.32002201e-02 6.49733794e-03 8.03616502e-02 -6.94621866e-03
7.41074678e-01 8.37176104e-02 6.34401523e-03 8.08259526e-02 -7.02780938e-03
7.42128168e-01 8.42375368e-02 6.18312373e-03 8.12872113e-02 -7.10448851e-03
7.43179828e-01 8.47596660e-02 6.01500437e-03 8.17452314e-02 -7.17593647e-03
7.44229655e-01 8.52836551e-02 5.84002809e-03 8.21998310e-02 -7.24185557e-03
7.45277647e-01 8.58091526e-02 5.65859553e-03 8.26508425e-02 -7.30197188e-03
7.46323801e-01 8.63357988e-02 5.47113657e-03 8.30981123e-02 -7.35603702e-03
7.47368114e-01 8.68632275e-02 5.27810981e-03 8.35415014e-02 -7.40382976e-03
7.48410585e-01 8.73910666e-02 5.08000180e-03 8.39808856e-02 -7.44515751e-03
7.49451209e-01 8.79189393e-02 4.87732627e-03 8.44161559e-02 -7.47985766e-03
7.50489985e-01 8.84464653e-02 4.67062312e-03 8.48472188e-02 -7.50779870e-03
7.51526911e-01 8.89732623e-02 4.46045729e-03 8.52739962e-02 -7.52888122e-03
7.52561982e-01 8.94989469e-02 4.24741751e-03 8.56964260e-02 -7.54303874e-03
7.53595199e-01 9.00231364e-02 4.03211488e-03 8.61144617e-02 -7.55023827e-03
7.54626556e-01 9.05454502e-02 3.81518129e-03 8.65280733e-02 -7.55048082e-03
7.55656053e-01 9.10655110e-02 3.59726776e-03 8.69372467e-02 -7.54380155e-03
7.56683685e-01 9.15829468e-02 3.37904254e-03 8.73419845e-02 -7.53026987e-03
7.57709452e-01 9.20973926e-02 3.16118919e-03 8.77423056e-02 -7.50998924e-03
7.58733350e-01 9.26084914e-02 2.94440442e-03 8.81382455e-02 -7.48309686e-03
7.59755377e-01 9.31158968e-02 2.72939588e-03 8.85298564e-02 -7.44976306e-03
7.60775531e-01 9.36192742e-02 2.51687977e-03 8.89172072e-02 -7.41019059e-03
7.61793808e-01 9.41183028e-02 2.30757838e-03 8.93003837e-02 -7.36461367e-03
7.62810206e-01 9.46126773e-02 2.10221753e-03 8.96794887e-02 -7.31329688e-03
7.63824724e-01 9.51021097e-02 1.90152390e-03 9.00546420e-02 -7.25653381e-03
7.64837357e-01 9.55863311e-02 1.70622222e-03 9.04259802e-02 -7.19464567e-03
7.65848104e-01 9.60650936e-02 1.51703254e-03 9.07936572e-02 -7.12797956e-03
7.66856963e-01 9.65381719e-02 1.33466728e-03 9.11578441e-02 -7.05690670e-03
7.67863930e-01 9.70053651e-02 1.15982834e-03 9.15187288e-02 -6.98182053e-03
7.68869004e-01 9.74664982e-02 9.93204104e-04 9.18765166e-02 -6.90313456e-03
7.69872181e-01 9.79214241e-02 8.35466523e-04 9.22314298e-02 -6.82128020e-03
7.70873460e-01 9.83700245e-02 6.87268082e-04 9.25837076e-02 -6.73670445e-03
7.71872838e-01 9.88122119e-02 5.49238869e-04 9.29336063e-02 -6.64986747e-03
7.72870312e-01 9.92479307e-02 4.21983621e-04 9.32813989e-02 -6.56124008e-03
7.73865880e-01 9.96771586e-02 3.06078840e-04 9.36273751e-02 -6.47130118e-03
7.74859540e-01 1.00099907e-01 2.02069954e-04 9.39718412e-02 -6.38053515e-03
7.75851289e-01 1.00516224e-01 1.10468559e-04 9.43151192e-02 -6.28942914e-03
7.76841124e-01 1.00926191e-01 3.17497460e-05 9.46575476e-02 -6.19847040e-03
7.77829044e-01 1.01329930e-01 -3.36504632e-05 9.49994798e-02 -6.10814357e-03
7.78815045e-01 1.01727597e-01 -8.53375625e-05 9.53412848e-02 -6.01892797e-03
7.79799126e-01 1.02119387e-01 -1.22960875e-04 9.56833458e-02 -5.93129491e-03
7.80781283e-01 1.02505533e-01 -1.46215718e-04 9.60260602e-02 -5.84570506e-03
7.81761515e-01 1.02886305e-01 -1.54845410e-04 9.63698388e-02 -5.76260587e-03
7.82739819e-01 1.03262012e-01 -1.48643103e-04 9.67151050e-02 -5.68242899e-03
7.83716193e-01 1.03632999e-01 -1.27453431e-04 9.70622942e-02 -5.60558787e-03
7.84690634e-01 1.03999647e-01 -9.11739666e-05 9.74118527e-02 -5.53247542e-03
7.85663139e-01 1.04362375e-01 -3.97564720e-05 9.77642368e-02 -5.46346171e-03
7.86633708e-01 1.04721635e-01 2.67920632e-05 9.81199121e-02 -5.39889191e-03
7.87602336e-01 1.05077914e-01 1.08408603e-04 9.84793519e-02 -5.33908430e-03
7.88569022e-01 1.05431731e-01 2.04973471e-04 9.88430364e-02 -5.28432843e-03
7.89533763e-01 1.05783635e-01 3.16309995e-04 9.92114510e-02 -5.23488345e-03
7.90496556e-01 1.06134204e-01 4.42184375e-04 9.95850855e-02 -5.19097658e-03
7.91457401e-01 1.06484044e-01 5.82305801e-04 9.99644323e-02 -5.15280187e-03
7.92416293e-01 1.06833785e-01 7.36326808e-04 1.00349985e-01 -5.12051897e-03
7.93373232e-01 1.07184081e-01 9.03843867e-04 1.00742236e-01 -5.09425223e-03
7.94328214e-01 1.07535605e-01 1.08439822e-03 1.01141677e-01 -5.07409000e-03
7.95281236e-01 1.07889048e-01 1.27747696e-03 1.01548796e-01 -5.06008403e-03
7.96232298e-01 1.08245116e-01 1.48251431e-03 1.01964074e-01 -5.05224917e-03
7.97181396e-01 1.08604527e-01 1.69889322e-03 1.02387986e-01 -5.05056328e-03
7.98128528e-01 1.08968008e-01 1.92594706e-03 1.02820998e-01 -5.05496734e-03
7.99073691e-01 1.09336294e-01 2.16296163e-03 1.03263564e-01 -5.06536570e-03
8.00016884e-01 1.09710120e-01 2.40917737e-03 1.03716128e-01 -5.08162671e-03
8.00958104e-01 1.10090224e-01 2.66379174e-03 1.04179116e-01 -5.10358340e-03
8.01897349e-01 1.10477337e-01 2.92596178e-03 1.04652939e-01 -5.13103441e-03
8.02834616e-01 1.10872187e-01 3.19480691e-03 1.05137991e-01 -5.16374523e-03
8.03769903e-01 1.11275491e-01 3.46941187e-03 1.05634644e-01 -5.20144945e-03
8.04703207e-01 1.11687953e-01 3.74882979e-03 1.06143249e-01 -5.24385037e-03
8.05634528e-01 1.12110259e-01 4.03208546e-03 1.06664132e-01 -5.29062268e-03
8.06563861e-01 1.12543079e-01 4.31817869e-03 1.07197596e-01 -5.34141437e-03
8.07491206e-01 1.12987057e-01 4.60608780e-03 1.07743916e-01 -5.39584875e-03
8.08416559e-01 1.13442814e-01 4.89477324e-03 1.08303336e-01 -5.45352671e-03
8.09339918e-01 1.13910942e-01 5.18318126e-03 1.08876074e-01 -5.51402900e-03
8.10261281e-01 1.14392000e-01 5.47024766e-03 1.09462314e-01 -5.57691869e-03
8.11180646e-01 1.14886515e-01 5.75490163e-03 1.10062207e-01 -5.64174381e-03
8.12098011e-01 1.15394976e-01 6.03606961e-03 1.10675871e-01 -5.70803993e-03
8.13013373e-01 1.15917835e-01 6.31267918e-03 1.11303390e-01 -5.77533295e-03
8.13926729e-01 1.16455499e-01 6.58366294e-03 1.11944809e-01 -5.84314191e-03
8.14838079e-01 1.17008336e-01 6.84796244e-03 1.12600140e-01 -5.91098182e-03
8.15747419e-01 1.17576666e-01 7.10453203e-03 1.13269355e-01 -5.97836655e-03
8.16654747e-01 1.18160762e-01 7.35234272e-03 1.13952389e-01 -6.04481178e-03
8.17560061e-01 1.18760850e-01 7.59038597e-03 1.14649139e-01 -6.10983779e-03
8.18463359e-01 1.19377106e-01 7.81767742e-03 1.15359463e-01 -6.17297245e-03
8.19364639e-01 1.20009654e-01 8.03326054e-03 1.16083182e-01 -6.23375398e-03
8.20263897e-01 1.20658567e-01 8.23621017e-03 1.16820077e-01 -6.29173375e-03
8.21161133e-01 1.21323867e-01 8.42563599e-03 1.17569893e-01 -6.34647902e-03
8.22056344e-01 1.22005523e-01 8.60068586e-03 1.18332334e-01 -6.39757551e-03
8.22949527e-01 1.22703450e-01 8.76054900e-03 1.19107072e-01 -6.44462999e-03
8.23840681e-01 1.23417512e-01 8.90445905e-03 1.19893738e-01 -6.48727262e-03
8.24729804e-01 1.24147520e-01 9.03169697e-03 1.20691932e-01 -6.52515926e-03
8.25616892e-01 1.24893233e-01 9.14159379e-03 1.21501218e-01 -6.55797360e-03
8.26501944e-01 1.25654362e-01 9.23353317e-03 1.22321126e-01 -6.58542909e-03
8.27384958e-01 1.26430564e-01 9.30695377e-03 1.23151157e-01 -6.60727079e-03
8.28265931e-01 1.27221451e-01 9.36135144e-03 1.23990782e-01 -6.62327693e-03
8.29144862e-01 1.28026585e-01 9.39628124e-03 1.24839442e-01 -6.63326039e-03
8.30021748e-01 1.28845484e-01 9.41135915e-03 1.25696554e-01 -6.63706989e-03
8.30896587e-01 1.29677624e-01 9.40626374e-03 1.26561510e-01 -6.63459100e-03
8.31769377e-01 1.30522436e-01 9.38073744e-03 1.27433678e-01 -6.62574700e-03
8.32640115e-01 1.31379314e-01 9.33458772e-03 1.28312408e-01 -6.61049940e-03
8.33508800e-01 1.32247615e-01 9.26768800e-03 1.29197032e-01 -6.58884834e-03
8.34375430e-01 1.33126660e-01 9.17997830e-03 1.30086867e-01 -6.56083272e-03
8.35240002e-01 1.34015740e-01 9.07146575e-03 1.30981214e-01 -6.52653012e-03
8.36102514e-01 1.34914116e-01 8.94222475e-03 1.31879369e-01 -6.48605649e-03
8.36962964e-01 1.35821022e-01 8.79239701e-03 1.32780614e-01 -6.43956559e-03
8.37821349e-01 1.36735672e-01 8.62219132e-03 1.33684230e-01 -6.38724829e-03
8.38677669e-01 1.37657257e-01 8.43188302e-03 1.34589494e-01 -6.32933153e-03
8.39531921e-01 1.38584953e-01 8.22181339e-03 1.35495683e-01 -6.26607718e-03
8.40384102e-01 1.39517922e-01 7.99238869e-03 1.36402078e-01 -6.19778065e-03
8.41234210e-01 1.40455316e-01 7.74407900e-03 1.37307962e-01 -6.12476931e-03
8.42082244e-01 1.41396280e-01 7.47741692e-03 1.38212631e-01 -6.04740070e-03
8.42928201e-01 1.42339955e-01 7.19299595e-03 1.39115388e-01 -5.96606062e-03
8.43772079e-01 1.43285484e-01 6.89146873e-03 1.40015551e-01 -5.88116101e-03
8.44613877e-01 1.44232012e-01 6.57354508e-03 1.40912455e-01 -5.79313769e-03
8.45453591e-01 1.45178692e-01 6.23998978e-03 1.41805452e-01 -5.70244794e-03
8.46291221e-01 1.46124684e-01 5.89162023e-03 1.42693917e-01 -5.60956803e-03
8.47126763e-01 1.47069167e-01 5.52930392e-03 1.43577247e-01 -5.51499058e-03
8.47960216e-01 1.48011331e-01 5.15395565e-03 1.44454867e-01 -5.41922178e-03
8.48791578e-01 1.48950391e-01 4.76653471e-03 1.45326230e-01 -5.32277867e-03
8.49620847e-01 1.49885583e-01 4.36804179e-03 1.46190820e-01 -5.22618624e-03
8.50448020e-01 1.50816169e-01 3.95951580e-03 1.47048152e-01 -5.12997453e-03
8.51273096e-01 1.51741442e-01 3.54203053e-03 1.47897779e-01 -5.03467570e-03
8.52096073e-01 1.52660725e-01 3.11669123e-03 1.48739289e-01 -4.94082111e-03
8.52916948e-01 1.53573380e-01 2.68463098e-03 1.49572311e-01 -4.84893836e-03
8.53735720e-01 1.54478803e-01 2.24700705e-03 1.50396511e-01 -4.75954842e-03
8.54552386e-01 1.55376431e-01 1.80499714e-03 1.51211601e-01 -4.67316274e-03
8.55366945e-01 1.56265747e-01 1.35979546e-03 1.52017334e-01 -4.59028046e-03
8.56179395e-01 1.57146275e-01 9.12608896e-04 1.52813511e-01 -4.51138568e-03
8.56989732e-01 1.58017589e-01 4.64652937e-04 1.53599975e-01 -4.43694483e-03
8.57797957e-01 1.58879312e-01 1.71477146e-05 1.54376621e-01 -4.36740412e-03
8.58604066e-01 1.59731116e-01 -4.28686087e-04 1.55143390e-01 -4.30318717e-03
8.59408057e-01 1.60572727e-01 -8.71631297e-04 1.55900271e-01 -4.24469266e-03
8.60209930e-01 1.61403926e-01 -1.31047834e-03 1.56647304e-01 -4.19229228e-03
8.61009680e-01 1.62224549e-01 -1.74402932e-03 1.57384580e-01 -4.14632869e-03
8.61807307e-01 1.63034486e-01 -2.17110204e-03 1.58112238e-01 -4.10711377e-03
8.62602809e-01 1.63833688e-01 -2.59053405e-03 1.58830470e-01 -4.07492692e-03
8.63396184e-01 1.64622161e-01 -3.00118658e-03 1.59539516e-01 -4.05001369e-03
8.64187429e-01 1.65399972e-01 -3.40194846e-03 1.60239668e-01 -4.03258448e-03
8.64976543e-01 1.66167243e-01 -3.79173990e-03 1.60931267e-01 -4.02281348e-03
8.65763524e-01 1.66924159e-01 -4.16951626e-03 1.61614703e-01 -4.02083785e-03
8.66548370e-01 1.67670960e-01 -4.53427164e-03 1.62290414e-01 -4.02675704e-03
8.67331079e-01 1.68407946e-01 -4.88504238e-03 1.62958888e-01 -4.04063236e-03
8.68111648e-01 1.69135472e-01 -5.22091044e-03 1.63620656e-01 -4.06248672e-03
8.68890077e-01 1.69853952e-01 -5.54100659e-03 1.64276294e-01 -4.09230463e-03
8.69666363e-01 1.70563853e-01 -5.84451348e-03 1.64926424e-01 -4.13003235e-03
8.70440504e-01 1.71265698e-01 -6.13066855e-03 1.65571707e-01 -4.17557823e-03
8.71212499e-01 1.71960061e-01 -6.39876667e-03 1.66212845e-01 -4.22881331e-03
8.71982345e-01 1.72647566e-01 -6.64816272e-03 1.66850578e-01 -4.28957208e-03
8.72750041e-01 1.73328887e-01 -6.87827383e-03 1.67485680e-01 -4.35765332e-03
8.73515584e-01 1.74004742e-01 -7.08858149e-03 1.68118959e-01 -4.43282131e-03
8.74278973e-01 1.74675894e-01 -7.27863341e-03 1.68751252e-01 -4.51480701e-03
8.75040206e-01 1.75343146e-01 -7.44804511e-03 1.69383425e-01 -4.60330952e-03
8.75799281e-01 1.76007341e-01 -7.59650135e-03 1.70016367e-01 -4.69799758e-03
8.76556196e-01 1.76669354e-01 -7.72375721e-03 1.70650990e-01 -4.79851132e-03
8.77310949e-01 1.77330094e-01 -7.82963900e-03 1.71288223e-01 -4.90446399e-03
8.78063539e-01 1.77990495e-01 -7.91404485e-03 1.71929010e-01 -5.01544392e-03
8.78813963e-01 1.78651519e-01 -7.97694504e-03 1.72574307e-01 -5.13101646e-03
8.79562220e-01 1.79314147e-01 -8.01838213e-03 1.73225075e-01 -5.25072607e-03
8.80308308e-01 1.79979375e-01 -8.03847072e-03 1.73882282e-01 -5.37409846e-03
8.81052225e-01 1.80648214e-01 -8.03739699e-03 1.74546894e-01 -5.50064274e-03
8.81793969e-01 1.81321682e-01 -8.01541798e-03 1.75219874e-01 -5.62985364e-03
8.82533538e-01 1.82000802e-01 -7.97286059e-03 1.75902176e-01 -5.76121374e-03
8.83270931e-01 1.82686597e-01 -7.91012028e-03 1.76594745e-01 -5.89419570e-03
8.84006145e-01 1.83380083e-01 -7.82765954e-03 1.77298506e-01 -6.02826450e-03
8.84739180e-01 1.84082270e-01 -7.72600612e-03 1.78014367e-01 -6.16287964e-03
8.85470032e-01 1.84794153e-01 -7.60575096e-03 1.78743211e-01 -6.29749730e-03
8.86198701e-01 1.85516709e-01 -7.46754589e-03 1.79485895e-01 -6.43157248e-03
8.86925184e-01 1.86250894e-01 -7.31210116e-03 1.80243240e-01 -6.56456109e-03
8.87649480e-01 1.86997635e-01 -7.14018260e-03 1.81016036e-01 -6.69592193e-03
8.88371587e-01 1.87757831e-01 -6.95260874e-03 1.81805031e-01 -6.82511862e-03
8.89091503e-01 1.88532344e-01 -6.75024759e-03 1.82610931e-01 -6.95162146e-03
8.89809227e-01 1.89321998e-01 -6.53401333e-03 1.83434396e-01 -7.07490918e-03
8.90524756e-01 1.90127575e-01 -6.30486270e-03 1.84276034e-01 -7.19447060e-03
8.91238089e-01 1.90949809e-01 -6.06379142e-03 1.85136405e-01 -7.30980615e-03
8.91949223e-01 1.91789385e-01 -5.81183025e-03 1.86016008e-01 -7.42042932e-03
8.92658159e-01 1.92646935e-01 -5.55004111e-03 1.86915289e-01 -7.52586801e-03
8.93364892e-01 1.93523035e-01 -5.27951295e-03 1.87834629e-01 -7.62566568e-03
8.94069423e-01 1.94418202e-01 -5.00135766e-03 1.88774350e-01 -7.71938250e-03
8.94771748e-01 1.95332892e-01 -4.71670578e-03 1.89734707e-01 -7.80659629e-03
8.95471867e-01 1.96267500e-01 -4.42670222e-03 1.90715893e-01 -7.88690335e-03
8.96169778e-01 1.97222352e-01 -4.13250199e-03 1.91718029e-01 -7.95991923e-03
8.96865478e-01 1.98197713e-01 -3.83526583e-03 1.92741174e-01 -8.02527934e-03
8.97558967e-01 1.99193776e-01 -3.53615587e-03 1.93785314e-01 -8.08263944e-03
8.98250242e-01 2.00210670e-01 -3.23633138e-03 1.94850372e-01 -8.13167605e-03
8.98939302e-01 2.01248454e-01 -2.93694449e-03 1.95936200e-01 -8.17208675e-03
8.99626145e-01 2.02307120e-01 -2.63913600e-03 1.97042585e-01 -8.20359036e-03
9.00310769e-01 2.03386594e-01 -2.34403127e-03 1.98169249e-01 -8.22592710e-03
9.00993173e-01 2.04486733e-01 -2.05273625e-03 1.99315849e-01 -8.23885853e-03
9.01673355e-01 2.05607334e-01 -1.76633356e-03 2.00481981e-01 -8.24216757e-03
9.02351313e-01 2.06748127e-01 -1.48587876e-03 2.01667183e-01 -8.23565832e-03
9.03027046e-01 2.07908785e-01 -1.21239681e-03 2.02870936e-01 -8.21915592e-03
9.03700552e-01 2.09088921e-01 -9.46878564e-04 2.04092668e-01 -8.19250627e-03
9.04371830e-01 2.10288094e-01 -6.90277627e-04 2.05331758e-01 -8.15557574e-03
9.05040876e-01 2.11505815e-01 -4.43507272e-04 2.06587539e-01 -8.10825090e-03
9.05707691e-01 2.12741545e-01 -2.07437639e-04 2.07859306e-01 -8.05043806e-03
9.06372273e-01 2.13994702e-01 1.71068618e-05 2.09146316e-01 -7.98206301e-03
9.07034619e-01 2.15264670e-01 2.29349917e-04 2.10447796e-01 -7.90307052e-03
9.07694728e-01 2.16550796e-01 4.28565424e-04 2.11762949e-01 -7.81342402e-03
9.08352599e-01 2.17852401e-01 6.14079370e-04 2.13090956e-01 -7.71310513e-03
9.09008229e-01 2.19168784e-01 7.85271440e-04 2.14430988e-01 -7.60211333e-03
9.09661618e-01 2.20499229e-01 9.41576382e-04 2.15782207e-01 -7.48046553e-03
9.10312763e-01 2.21843007e-01 1.08248509e-03 2.17143775e-01 -7.34819572e-03
9.10961663e-01 2.23199387e-01 1.20754546e-03 2.18514858e-01 -7.20535463e-03
9.11608317e-01 2.24567642e-01 1.31636291e-03 2.19894639e-01 -7.05200943e-03
9.12252723e-01 2.25947050e-01 1.40860075e-03 2.21282317e-01 -6.88824343e-03
9.12894879e-01 2.27336907e-01 1.48398017e-03 2.22677119e-01 -6.71415583e-03
9.13534783e-01 2.28736533e-01 1.54228008e-03 2.24078304e-01 -6.52986150e-03
9.14172435e-01 2.30145273e-01 1.58333663e-03 2.25485172e-01 -6.33549085e-03
9.14807832e-01 2.31562509e-01 1.60704251e-03 2.26897071e-01 -6.13118963e-03
9.15440973e-01 2.32987666e-01 1.61334606e-03 2.28313399e-01 -5.91711888e-03
9.16071856e-01 2.34420216e-01 1.60225008e-03 2.29733619e-01 -5.69345484e-03
9.16700480e-01 2.35859686e-01 1.57381053e-03 2.31157255e-01 -5.46038893e-03
9.17326844e-01 2.37305660e-01 1.52813490e-03 2.32583907e-01 -5.21812776e-03
9.17950945e-01 2.38757794e-01 1.46538054e-03 2.34013250e-01 -4.96689318e-03
9.18572782e-01 2.40215809e-01 1.38575272e-03 2.35445045e-01 -4.70692232e-03
9.19192354e-01 2.41679506e-01 1.28950257e-03 2.36879139e-01 -4.43846767e-03
9.19809659e-01 2.43148766e-01 1.17692486e-03 2.38315472e-01 -4.16179724e-03
9.20424696e-01 2.44623554e-01 1.04835569e-03 2.39754082e-01 -3.87719462e-03
9.21037462e-01 2.46103925e-01 9.04170069e-04 2.41195105e-01 -3.58495913e-03
9.21647958e-01 2.47590026e-01 7.44779339e-04 2.42638781e-01 -3.28540594e-03
9.22256180e-01 2.49082098e-01 5.70628620e-04 2.44085458e-01 -2.97886620e-03
9.22862128e-01 2.50580478e-01 3.82194134e-04 2.45535588e-01 -2.66568714e-03
9.23465800e-01 2.52085604e-01 1.79980514e-04 2.46989734e-01 -2.34623217e-03
9.24067195e-01 2.53598010e-01 -3.54819174e-05 2.48448568e-01 -2.02088096e-03
9.24666310e-01 2.55118333e-01 -2.63639867e-04 2.49912870e-01 -1.69002945e-03
9.25263146e-01 2.56647307e-01 -5.03919789e-04 2.51383531e-01 -1.35408985e-03
9.25857699e-01 2.58185766e-01 -7.55730569e-04 2.52861548e-01 -1.01349063e-03
9.26449969e-01 2.59734638e-01 -1.01846617e-03 2.54348021e-01 -6.68676385e-04
9.27039955e-01 2.61294950e-01 -1.29150823e-03 2.55844156e-01 -3.20107694e-04
9.27627654e-01 2.62867817e-01 -1.57422856e-03 2.57351255e-01 3.17390897e-05
9.28213065e-01 2.64454444e-01 -1.86599163e-03 2.58870716e-01 3.86372131e-04
9.28796187e-01 2.66056118e-01 -2.16615687e-03 2.60404026e-01 7.43284467e-04
9.29377019e-01 2.67674207e-01 -2.47408092e-03 2.61952755e-01 1.10195444e-03
9.29955559e-01 2.69310150e-01 -2.78911979e-03 2.63518553e-01 1.46184622e-03
9.30531805e-01 2.70965457e-01 -3.11063085e-03 2.65103141e-01 1.82241038e-03
9.31105757e-01 2.72641695e-01 -3.43797469e-03 2.66708302e-01 2.18308463e-03
9.31677412e-01 2.74340487e-01 -3.77051688e-03 2.68335877e-01 2.54329454e-03
9.32246769e-01 2.76063500e-01 -4.10762961e-03 2.69987754e-01 2.90245443e-03
9.32813828e-01 2.77812439e-01 -4.44869308e-03 2.71665857e-01 3.25996835e-03
9.33378586e-01 2.79589039e-01 -4.79309688e-03 2.73372143e-01 3.61523109e-03
9.33941042e-01 2.81395054e-01 -5.14024112e-03 2.75108585e-01 3.96762934e-03
9.34501195e-01 2.83232249e-01 -5.48953749e-03 2.76877167e-01 4.31654291e-03
9.35059043e-01 2.85102390e-01 -5.84041011e-03 2.78679871e-01 4.66134605e-03
9.35614585e-01 2.87007233e-01 -6.19229628e-03 2.80518667e-01 5.00140888e-03
9.36167820e-01 2.88948516e-01 -6.54464709e-03 2.82395501e-01 5.33609883e-03
9.36718746e-01 2.90927947e-01 -6.89692785e-03 2.84312287e-01 5.66478222e-03
9.37267362e-01 2.92947194e-01 -7.24861849e-03 2.86270892e-01 5.98682590e-03
9.37813667e-01 2.95007876e-01 -7.59921369e-03 2.88273128e-01 6.30159897e-03
9.38357658e-01 2.97111551e-01 -7.94822306e-03 2.90320740e-01 6.60847452e-03
9.38899336e-01 2.99259706e-01 -8.29517106e-03 2.92415394e-01 6.90683148e-03
9.39438698e-01 3.01453748e-01 -8.63959696e-03 2.94558667e-01 7.19605652e-03
9.39975743e-01 3.03694992e-01 -8.98105458e-03 2.96752036e-01 7.47554592e-03
9.40510470e-01 3.05984656e-01 -9.31911204e-03 2.98996870e-01 7.74470761e-03
9.41042878e-01 3.08323845e-01 -9.65335141e-03 3.01294416e-01 8.00296313e-03
9.41572965e-01 3.10713548e-01 -9.98336829e-03 3.03645794e-01 8.24974964e-03
9.42100730e-01 3.13154626e-01 -1.03087713e-02 3.06051985e-01 8.48452205e-03
9.42626171e-01 3.15647807e-01 -1.06291818e-02 3.08513822e-01 8.70675497e-03
9.43149288e-01 3.18193676e-01 -1.09442328e-02 3.11031986e-01 8.91594488e-03
9.43670079e-01 3.20792669e-01 -1.12535691e-02 3.13606995e-01 9.11161211e-03
9.44188542e-01 3.23445069e-01 -1.15568462e-02 3.16239199e-01 9.29330297e-03
9.44704677e-01 3.26150999e-01 -1.18537300e-02 3.18928774e-01 9.46059170e-03
9.45218483e-01 3.28910415e-01 -1.21438959e-02 3.21675718e-01 9.61308260e-03
9.45729957e-01 3.31723106e-01 -1.24270287e-02 3.24479845e-01 9.75041191e-03
9.46239099e-01 3.34588692e-01 -1.27028216e-02 3.27340782e-01 9.87224986e-03
9.46745907e-01 3.37506616e-01 -1.29709760e-02 3.30257970e-01 9.97830250e-03
9.47250380e-01 3.40476149e-01 -1.32312006e-02 3.33230657e-01 1.00683136e-02
9.47752518e-01 3.43496386e-01 -1.34832117e-02 3.36257903e-01 1.01420666e-02
9.48252318e-01 3.46566250e-01 -1.37267318e-02 3.39338577e-01 1.01993861e-02
9.48749779e-01 3.49684488e-01 -1.39614901e-02 3.42471361e-01 1.02401397e-02
9.49244901e-01 3.52849683e-01 -1.41872217e-02 3.45654750e-01 1.02642397e-02
9.49737681e-01 3.56060247e-01 -1.44036674e-02 3.48887058e-01 1.02716447e-02
9.50228120e-01 3.59314435e-01 -1.46105736e-02 3.52166422e-01 1.02623608e-02
9.50716215e-01 3.62610346e-01 -1.48076923e-02 3.55490809e-01 1.02364435e-02
9.51201965e-01 3.65945931e-01 -1.49947803e-02 3.58858022e-01 1.01939983e-02
9.51685370e-01 3.69319000e-01 -1.51716001e-02 3.62265706e-01 1.01351829e-02
9.52166428e-01 3.72727234e-01 -1.53379194e-02 3.65711362e-01 1.00602076e-02
9.52645137e-01 3.76168193e-01 -1.54935108e-02 3.69192355e-01 9.96933661e-03
9.53121497e-01 3.79639327e-01 -1.56381528e-02 3.72705924e-01 9.86288931e-03
9.53595507e-01 3.83137988e-01 -1.57716291e-02 3.76249196e-01 9.74124078e-03
9.54067164e-01 3.86661445e-01 -1.58937293e-02 3.79819200e-01 9.60482283e-03
9.54536469e-01 3.90206898e-01 -1.60042488e-02 3.83412882e-01 9.45412464e-03
9.55003420e-01 3.93771492e-01 -1.61029894e-02 3.87027117e-01 9.28969338e-03
9.55468016e-01 3.97352332e-01 -1.61897593e-02 3.90658732e-01 9.11213479e-03
9.55930255e-01 4.00946506e-01 -1.62643735e-02 3.94304518e-01 8.92211353e-03
9.56390137e-01 4.04551097e-01 -1.63266541e-02 3.97961253e-01 8.72035357e-03
9.56847660e-01 4.08163204e-01 -1.63764308e-02 4.01625720e-01 8.50763838e-03
9.57302823e-01 4.11779964e-01 -1.64135410e-02 4.05294725e-01 8.28481103e-03
9.57755626e-01 4.15398570e-01 -1.64378305e-02 4.08965124e-01 8.05277426e-03
9.58206066e-01 4.19016297e-01 -1.64491534e-02 4.12633842e-01 7.81249033e-03
9.58654144e-01 4.22630519e-01 -1.64473729e-02 4.16297895e-01 7.56498084e-03
9.59099857e-01 4.26238734e-01 -1.64323615e-02 4.19954420e-01 7.31132641e-03
9.59543205e-01 4.29838593e-01 -1.64040011e-02 4.23600693e-01 7.05266625e-03
9.59984187e-01 4.33427918e-01 -1.63621839e-02 4.27234158e-01 6.79019756e-03
9.60422801e-01 4.37004729e-01 -1.63068120e-02 4.30852455e-01 6.52517494e-03
9.60859046e-01 4.40567275e-01 -1.62377983e-02 4.34453442e-01 6.25890952e-03
9.61292922e-01 4.44114054e-01 -1.61550664e-02 4.38035229e-01 5.99276803e-03
9.61724427e-01 4.47643844e-01 -1.60585512e-02 4.41596203e-01 5.72817177e-03
9.62153561e-01 4.51155730e-01 -1.59481988e-02 4.45135055e-01 5.46659541e-03
9.62580321e-01 4.54649133e-01 -1.58239667e-02 4.48650813e-01 5.20956559e-03
9.63004708e-01 4.58123835e-01 -1.56858245e-02 4.52142871e-01 4.95865950e-03
9.63426720e-01 4.61580013e-01 -1.55337536e-02 4.55611017e-01 4.71550318e-03
9.63846355e-01 4.65018267e-01 -1.53677475e-02 4.59055469e-01 4.48176977e-03
9.64263614e-01 4.68439648e-01 -1.51878119e-02 4.62476897e-01 4.25917755e-03
9.64678495e-01 4.71845688e-01 -1.49939652e-02 4.65876466e-01 4.04948778e-03
9.65090997e-01 4.75238432e-01 -1.47862380e-02 4.69255858e-01 3.85450248e-03
9.65501118e-01 4.78620470e-01 -1.45646739e-02 4.72617308e-01 3.67606193e-03
9.65908859e-01 4.81994962e-01 -1.43293291e-02 4.75963636e-01 3.51604205e-03
9.66314217e-01 4.85365673e-01 -1.40802731e-02 4.79298278e-01 3.37635162e-03
9.66717192e-01 4.88737004e-01 -1.38175881e-02 4.82625318e-01 3.25892927e-03
9.67117784e-01 4.92114019e-01 -1.35413698e-02 4.85949521e-01 3.16574033e-03
9.67515990e-01 4.95502480e-01 -1.32517273e-02 4.89276367e-01 3.09877347e-03
9.67911810e-01 4.98908875e-01 -1.29487833e-02 4.92612076e-01 3.06003720e-03
9.68305243e-01 5.02340447e-01 -1.26326744e-02 4.95963647e-01 3.05155612e-03
9.68696288e-01 5.05805226e-01 -1.23035511e-02 4.99338886e-01 3.07536708e-03
9.69084944e-01 5.09312061e-01 -1.19615783e-02 5.02746437e-01 3.13351506e-03
9.69471210e-01 5.12870645e-01 -1.16069355e-02 5.06195816e-01 3.22804897e-03
9.69855086e-01 5.16491545e-01 -1.12398170e-02 5.09697433e-01 3.36101720e-03
9.70236569e-01 5.20186232e-01 -1.08604324e-02 5.13262634e-01 3.53446307e-03
9.70615660e-01 5.23967110e-01 -1.04690067e-02 5.16903717e-01 3.75042007e-03
9.70992357e-01 5.27847539e-01 -1.00657812e-02 5.20633972e-01 4.01090697e-03
9.71366659e-01 5.31841867e-01 -9.65101328e-03 5.24467699e-01 4.31792279e-03
9.71738566e-01 5.35965450e-01 -9.22497717e-03 5.28420242e-01 4.67344162e-03
9.72108076e-01 5.40234684e-01 -8.78796439e-03 5.32508011e-01 5.07940731e-03
9.72475189e-01 5.44667022e-01 -8.34028414e-03 5.36748509e-01 5.53772809e-03
9.72839904e-01 5.49281004e-01 -7.88226379e-03 5.41160353e-01 6.05027101e-03
9.73202220e-01 5.54096273e-01 -7.41424930e-03 5.45763301e-01 6.61885637e-03
9.73562135e-01 5.59133602e-01 -6.93660573e-03 5.50578268e-01 7.24525205e-03
9.73919650e-01 5.64414907e-01 -6.44971763e-03 5.55627353e-01 7.93116772e-03
9.74274762e-01 5.69963271e-01 -5.95398945e-03 5.60933850e-01 8.67824913e-03
9.74627472e-01 5.75802962e-01 -5.44984597e-03 5.66522274e-01 9.48807225e-03
9.74977778e-01 5.81959443e-01 -4.93773256e-03 5.72418367e-01 1.03621375e-02
9.75325680e-01 5.88459389e-01 -4.41811550e-03 5.78649122e-01 1.13018637e-02
9.75671177e-01 5.95330703e-01 -3.89148217e-03 5.85242785e-01 1.23085829e-02
9.76014267e-01 6.02602521e-01 -3.35834123e-03 5.92228876e-01 1.33835337e-02
9.76354950e-01 6.10305225e-01 -2.81922257e-03 5.99638189e-01 1.45278564e-02
9.76693226e-01 6.18470448e-01 -2.27467739e-03 6.07502804e-01 1.57425871e-02
9.77029093e-01 6.27131083e-01 -1.72527794e-03 6.15856087e-01 1.70286518e-02
9.77362550e-01 6.36321281e-01 -1.17161730e-03 6.24732698e-01 1.83868617e-02
9.77693597e-01 6.46076453e-01 -6.14308969e-04 6.34168585e-01 1.98179073e-02
9.78022233e-01 6.56433273e-01 -5.39863262e-05 6.44200986e-01 2.13223537e-02
9.78348456e-01 6.67429671e-01 5.08698027e-04 6.54868421e-01 2.29006356e-02
9.78672267e-01 6.79104827e-01 1.07307310e-03 6.66210689e-01 2.45530521e-02
9.78993665e-01 6.91499163e-01 1.63845050e-03 6.78268853e-01 2.62797629e-02
9.79312648e-01 7.04654332e-01 2.20412552e-03 6.91085230e-01 2.80807831e-02
9.79629216e-01 7.18613206e-01 2.76937850e-03 7.04703378e-01 2.99559799e-02
9.79943368e-01 7.33419856e-01 3.33347623e-03 7.19168072e-01 3.19050682e-02
9.80255103e-01 7.49119536e-01 3.89567357e-03 7.34525288e-01 3.39276070e-02
9.80564421e-01 7.65758658e-01 4.45521523e-03 7.50822179e-01 3.60229963e-02
9.80871321e-01 7.83384771e-01 5.01133772e-03 7.68107041e-01 3.81904741e-02
9.81175801e-01 8.02046527e-01 5.56327136e-03 7.86429292e-01 4.04291133e-02
9.81477862e-01 8.21793653e-01 6.11024257e-03 8.05839432e-01 4.27378197e-02
9.81777503e-01 8.42676916e-01 6.65147618e-03 8.26389007e-01 4.51153294e-02
9.82074722e-01 8.64748085e-01 7.18619789e-03 8.48130572e-01 4.75602074e-02
9.82369519e-01 8.88059888e-01 7.71363686e-03 8.71117641e-01 5.00708460e-02
9.82661894e-01 9.12665966e-01 8.23302838e-03 8.95404648e-01 5.26454637e-02
9.82951845e-01 9.38620831e-01 8.74361663e-03 9.21046887e-01 5.52821044e-02
9.83239372e-01 9.65979803e-01 9.24465747e-03 9.48100465e-01 5.79786368e-02
9.83524474e-01 9.94798964e-01 9.73542131e-03 9.76622238e-01 6.07327550e-02
9.83807150e-01 1.02513509e+00 1.02151960e-02 1.00666975e+00 6.35419780e-02
9.84087401e-01 1.05704560e+00 1.06832896e-02 1.03830118e+00 6.64036510e-02
9.84365224e-01 1.09058847e+00 1.11390335e-02 1.07157525e+00 6.93149461e-02
9.84640620e-01 1.12582218e+00 1.15817848e-02 1.10655115e+00 7.22728642e-02
9.84913588e-01 1.16280561e+00 1.20109298e-02 1.14328849e+00 7.52742362e-02
9.85184126e-01 1.20159801e+00 1.24258857e-02 1.18184721e+00 7.83157258e-02
9.85452235e-01 1.24225887e+00 1.28261040e-02 1.22228745e+00 8.13938318e-02
9.85717914e-01 1.28484784e+00 1.32110726e-02 1.26466951e+00 8.45048915e-02
9.85981162e-01 1.32942466e+00 1.35803179e-02 1.30905376e+00 8.76450833e-02
9.86241978e-01 1.37604904e+00 1.39334075e-02 1.35550049e+00 9.08104316e-02
9.86500362e-01 1.42478058e+00 1.42699514e-02 1.40406984e+00 9.39968101e-02
9.86756313e-01 1.47567864e+00 1.45896042e-02 1.45482172e+00 9.71999469e-02
9.87009830e-01 1.52880225e+00 1.48920664e-02 1.50781564e+00 1.00415429e-01
9.87260914e-01 1.58421000e+00 1.51770857e-02 1.56311065e+00 1.03638710e-01
9.87509562e-01 1.64195990e+00 1.54444580e-02 1.62076516e+00 1.06865110e-01
9.87755776e-01 1.70210927e+00 1.56940279e-02 1.68083689e+00 1.10089831e-01
9.87999553e-01 1.76471463e+00 1.59256894e-02 1.74338269e+00 1.13307955e-01
9.88240894e-01 1.82983154e+00 1.61393860e-02 1.80845842e+00 1.16514456e-01
9.88479797e-01 1.89751449e+00 1.63351102e-02 1.87611882e+00 1.19704206e-01
9.88716263e-01 1.96781675e+00 1.65129034e-02 1.94641736e+00 1.22871983e-01
9.88950290e-01 2.04079022e+00 1.66728553e-02 2.01940612e+00 1.26012479e-01
9.89181879e-01 2.11648531e+00 1.68151021e-02 2.09513562e+00 1.29120310e-01
9.89411028e-01 2.19495076e+00 1.69398261e-02 2.17365468e+00 1.32190024e-01
9.89637737e-01 2.27623351e+00 1.70472532e-02 2.25501026e+00 1.35216111e-01
9.89862005e-01 2.36037854e+00 1.71376517e-02 2.33924732e+00 1.38193014e-01
9.90083833e-01 2.44742870e+00 1.72113295e-02 2.42640863e+00 1.41115138e-01
9.90303218e-01 2.53742454e+00 1.72686323e-02 2.51653465e+00 1.43976861e-01
9.90520161e-01 2.63040419e+00 1.73099405e-02 2.60966331e+00 1.46772545e-01
9.90734662e-01 2.72640312e+00 1.73356665e-02 2.70582990e+00 1.49496552e-01
9.90946719e-01 2.82545406e+00 1.73462515e-02 2.80506686e+00 1.52143248e-01
9.91156332e-01 2.92758675e+00 1.73421627e-02 2.90740364e+00 1.54707022e-01
9.91363501e-01 3.03282779e+00 1.73238892e-02 3.01286650e+00 1.57182297e-01
9.91568226e-01 3.14120052e+00 1.72919394e-02 3.12147836e+00 1.59563543e-01
9.91770504e-01 3.25272475e+00 1.72468368e-02 3.23325860e+00 1.61845289e-01
9.91970337e-01 3.36741668e+00 1.71891166e-02 3.34822291e+00 1.64022140e-01
9.92167724e-01 3.48528865e+00 1.71193220e-02 3.46638314e+00 1.66088788e-01
9.92362663e-01 3.60634902e+00 1.70380008e-02 3.58774705e+00 1.68040028e-01
9.92555155e-01 3.73060197e+00 1.69457014e-02 3.71231822e+00 1.69870774e-01
9.92745200e-01 3.85804733e+00 1.68429696e-02 3.84009585e+00 1.71576071e-01
9.92932796e-01 3.98868044e+00 1.67303449e-02 3.97107457e+00 1.73151110e-01
9.93117944e-01 4.12249195e+00 1.66083574e-02 4.10524432e+00 1.74591246e-01
9.93300642e-01 4.25946766e+00 1.64775246e-02 4.24259017e+00 1.75892014e-01
9.93480891e-01 4.39958840e+00 1.63383482e-02 4.38309215e+00 1.77049139e-01
9.93658689e-01 4.54282981e+00 1.61913118e-02 4.52672511e+00 1.78058556e-01
9.93834037e-01 4.68916228e+00 1.60368778e-02 4.67345860e+00 1.78916424e-01
9.94006934e-01 4.83855072e+00 1.58754855e-02 4.82325669e+00 1.79619143e-01
9.94177380e-01 4.99095449e+00 1.57075492e-02 4.97607785e+00 1.80163365e-01
9.94345374e-01 5.14632723e+00 1.55334560e-02 5.13187484e+00 1.80546015e-01
9.94510915e-01 5.30461677e+00 1.53535650e-02 5.29059459e+00 1.80764302e-01
9.94674004e-01 5.46576499e+00 1.51682060e-02 5.45217807e+00 1.80815732e-01
9.94834640e-01 5.62970776e+00 1.49776785e-02 5.61656021e+00 1.80698128e-01
9.94992823e-01 5.79637479e+00 1.47822518e-02 5.78366980e+00 1.80409637e-01
9.95148552e-01 5.96568960e+00 1.45821647e-02 5.95342945e+00 1.79948751e-01
9.95301826e-01 6.13756944e+00 1.43776258e-02 6.12575546e+00 1.79314312e-01
9.95452646e-01 6.31192522e+00 1.41688143e-02 6.30055782e+00 1.78505529e-01
9.95601011e-01 6.48866146e+00 1.39558810e-02 6.47774015e+00 1.77521989e-01
9.95746921e-01 6.66767631e+00 1.37389492e-02 6.65719967e+00 1.76363666e-01
9.95890375e-01 6.84886146e+00 1.35181169e-02 6.83882720e+00 1.75030933e-01
9.96031373e-01 7.03210220e+00 1.32934586e-02 7.02250715e+00 1.73524570e-01
9.96169914e-01 7.21727742e+00 1.30650271e-02 7.20811754e+00 1.71845771e-01
9.96305999e-01 7.40425962e+00 1.28328567e-02 7.39553007e+00 1.69996155e-01
9.96439627e-01 7.59291499e+00 1.25969652e-02 7.58461011e+00 1.67977766e-01
9.96570797e-01 7.78310346e+00 1.23573574e-02 7.77521680e+00 1.65793085e-01
9.96699510e-01 7.97467876e+00 1.21140278e-02 7.96720316e+00 1.63445027e-01
9.96825765e-01 8.16748858e+00 1.18669640e-02 8.16041615e+00 1.60936947e-01
9.96949561e-01 8.36137464e+00 1.16161503e-02 8.35469681e+00 1.58272642e-01
9.97070899e-01 8.55617285e+00 1.13615708e-02 8.54988044e+00 1.55456346e-01
9.97189778e-01 8.75171346e+00 1.11032130e-02 8.74579668e+00 1.52492734e-01
9.97306197e-01 8.94782123e+00 1.08410716e-02 8.94226975e+00 1.49386914e-01
9.97420157e-01 9.14431566e+00 1.05751517e-02 9.13911865e+00 1.46144426e-01
9.97531657e-01 9.34101116e+00 1.03054724e-02 9.33615733e+00 1.42771233e-01
9.97640697e-01 9.53771732e+00 1.00320700e-02 9.53319498e+00 1.39273713e-01
9.97747277e-01 9.73423916e+00 9.75500136e-03 9.73003624e+00 1.35658653e-01
9.97851396e-01 9.93037737e+00 9.47434700e-03 9.92648151e+00 1.31933234e-01
9.97953055e-01 1.01259286e+01 9.19021380e-03 1.01223272e+01 1.28105020e-01
9.98052252e-01 1.03206860e+01 8.90273773e-03 1.03173662e+01 1.24181944e-01
9.98148988e-01 1.05144389e+01 8.61208623e-03 1.05113878e+01 1.20172293e-01
9.98243262e-01 1.07069742e+01 8.31846024e-03 1.07041786e+01 1.16084685e-01
9.98335074e-01 1.08980756e+01 8.02209607e-03 1.08955225e+01 1.11928060e-01
9.98424424e-01 1.10875248e+01 7.72326675e-03 1.10852010e+01 1.07711651e-01
9.98511312e-01 1.12751015e+01 7.42228322e-03 1.12729939e+01 1.03444963e-01
9.98595738e-01 1.14605840e+01 7.11949498e-03 1.14586797e+01 9.91377548e-02
9.98677701e-01 1.16437494e+01 6.81529051e-03 1.16420356e+01 9.48000085e-02
9.98757201e-01 1.18243743e+01 6.51009718e-03 1.18228383e+01 9.04419064e-02
9.98834237e-01 1.20022352e+01 6.20438085e-03 1.20008646e+01 8.60738027e-02
9.98908811e-01 1.21771085e+01 5.89864505e-03 1.21758912e+01 8.17061951e-02
9.98980921e-01 1.23487717e+01 5.59342973e-03 1.23476959e+01 7.73496954e-02
9.99050567e-01 1.25170033e+01 5.28930966e-03 1.25160576e+01 7.30149990e-02
9.99117750e-01 1.26815837e+01 4.98689249e-03 1.26807570e+01 6.87128534e-02
9.99182468e-01 1.28422951e+01 4.68681633e-03 1.28415768e+01 6.44540262e-02
9.99244723e-01 1.29989228e+01 4.38974708e-03 1.29983027e+01 6.02492725e-02
9.99304513e-01 1.31512550e+01 4.09637540e-03 1.31507234e+01 5.61093015e-02
9.99361839e-01 1.32990834e+01 3.80741337e-03 1.32986311e+01 5.20447433e-02
9.99416700e-01 1.34422041e+01 3.52359087e-03 1.34418224e+01 4.80661145e-02
9.99469096e-01 1.35804176e+01 3.24565172e-03 1.35800983e+01 4.41837851e-02
9.99519028e-01 1.37135296e+01 2.97434955e-03 1.37132651e+01 4.04079441e-02
9.99566494e-01 1.38413512e+01 2.71044357e-03 1.38411345e+01 3.67485660e-02
9.99611495e-01 1.39636997e+01 2.45469410e-03 1.39635242e+01 3.32153778e-02
9.99654032e-01 1.40803988e+01 2.20785804e-03 1.40802585e+01 2.98178258e-02
9.99694102e-01 1.41912790e+01 1.97068427e-03 1.41911685e+01 2.65650436e-02
9.99731708e-01 1.42961782e+01 1.74390895e-03 1.42960926e+01 2.34658209e-02
9.99766848e-01 1.43949422e+01 1.52825088e-03 1.43948771e+01 2.05285726e-02
9.99799522e-01 1.44874247e+01 1.32440689e-03 1.44873763e+01 1.77613100e-02
9.99829731e-01 1.45734881e+01 1.13304731e-03 1.45734530e+01 1.51716120e-02
9.99857474e-01 1.46530037e+01 9.54811545e-04 1.46529790e+01 1.27665986e-02
9.99882751e-01 1.47258519e+01 7.90303835e-04 1.47258351e+01 1.05529055e-02
9.99905562e-01 1.47919228e+01 6.40089202e-04 1.47919119e+01 8.53666025e-03
9.99925908e-01 1.48511162e+01 5.04689624e-04 1.48511095e+01 6.72345998e-03
9.99943787e-01 1.49033421e+01 3.84580479e-04 1.49033382e+01 5.11835137e-03
9.99959200e-01 1.49485209e+01 2.80187287e-04 1.49485188e+01 3.72581209e-03
9.99972148e-01 1.49865833e+01 1.91882763e-04 1.49865823e+01 2.54973435e-03
9.99982629e-01 1.50174711e+01 1.19984212e-04 1.50174708e+01 1.59341023e-03
9.99990644e-01 1.50411370e+01 6.47512025e-05 1.50411369e+01 8.59518005e-04
9.99996193e-01 1.50575450e+01 2.63831296e-05 1.50575450e+01 3.50103943e-04
9.99999277e-01 1.50666734e+01 5.01110678e-06 1.50666734e+01 6.64857124e-05
