-9.99999277e-01 4.68320752e-02 -1.08842472e-05 -4.68320630e-02 1.39196677e-05
-9.99996193e-01 4.67272338e-02 -5.72422775e-05 -4.67268963e-02 7.31421127e-05
-9.99990644e-01 4.65399366e-02 -1.40211724e-04 -4.65379043e-02 1.78875615e-04
-9.99982629e-01 4.62723848e-02 -2.59074397e-04 -4.62654095e-02 3.29763687e-04
-9.99972148e-01 4.59277705e-02 -4.12777050e-04 -4.59099402e-02 5.23841377e-04
-9.99959200e-01 4.55101977e-02 -5.99955329e-04 -4.54722052e-02 7.58581650e-04
-9.99943787e-01 4.50246195e-02 -8.18947218e-04 -4.49530991e-02 1.03093272e-03
-9.99925908e-01 4.44767671e-02 -1.06780794e-03 -4.43537128e-02 1.33736130e-03
-9.99905562e-01 4.38730672e-02 -1.34432704e-03 -4.36753451e-02 1.67390218e-03
-9.99882751e-01 4.32205507e-02 -1.64604768e-03 -4.29195141e-02 2.03621384e-03
-9.99857474e-01 4.25267537e-02 -1.97028785e-03 -4.20879703e-02 2.41963895e-03
-9.99829731e-01 4.17996110e-02 -2.31416332e-03 -4.11827081e-02 2.81926918e-03
-9.99799522e-01 4.10473463e-02 -2.67461221e-03 -4.02059769e-02 3.23001317e-03
-9.99766848e-01 4.02783586e-02 -3.04842062e-03 -3.91602906e-02 3.64666672e-03
-9.99731708e-01 3.95011080e-02 -3.43224942e-03 -3.80484348e-02 4.06398416e-03
-9.99694102e-01 3.87240016e-02 -3.82266170e-03 -3.68734723e-02 4.47674982e-03
-9.99654032e-01 3.79552826e-02 -4.21615062e-03 -3.56387445e-02 4.87984861e-03
-9.99611495e-01 3.72029231e-02 -4.60916758e-03 -3.43478704e-02 5.26833460e-03
-9.99566494e-01 3.64745226e-02 -4.99815022e-03 -3.30047413e-02 5.63749666e-03
-9.99519028e-01 3.57772140e-02 -5.37955027e-03 -3.16135118e-02 5.98292027e-03
-9.99469096e-01 3.51175780e-02 -5.74986077e-03 -3.01785863e-02 6.30054445e-03
-9.99416700e-01 3.45015676e-02 -6.10564266e-03 -2.87046018e-02 6.58671327e-03
-9.99361839e-01 3.39344432e-02 -6.44355042e-03 -2.71964060e-02 6.83822093e-03
-9.99304513e-01 3.34207190e-02 -6.76035667e-03 -2.56590310e-02 7.05235009e-03
-9.99244723e-01 3.29641222e-02 -7.05297554e-03 -2.40976638e-02 7.22690275e-03
-9.99182468e-01 3.25675641e-02 -7.31848464e-03 -2.25176120e-02 7.36022333e-03
-9.99117750e-01 3.22331248e-02 -7.55414561e-03 -2.09242676e-02 7.45121382e-03
-9.99050567e-01 3.19620499e-02 -7.75742304e-03 -1.93230663e-02 7.49934067e-03
-9.98980921e-01 3.17547596e-02 -7.92600182e-03 -1.77194456e-02 7.50463351e-03
-9.98908811e-01 3.16108706e-02 -8.05780264e-03 -1.61188011e-02 7.46767579e-03
-9.98834237e-01 3.15292284e-02 -8.15099582e-03 -1.45264409e-02 7.38958760e-03
-9.98757201e-01 3.15079504e-02 -8.20401327e-03 -1.29475405e-02 7.27200093e-03
-9.98677701e-01 3.15444789e-02 -8.21555864e-03 -1.13870975e-02 7.11702788e-03
-9.98595738e-01 3.16356422e-02 -8.18461550e-03 -9.84988755e-03 6.92722244e-03
-9.98511312e-01 3.17777226e-02 -8.11045375e-03 -8.34042208e-03 6.70553630e-03
-9.98424424e-01 3.19665311e-02 -7.99263402e-03 -6.86290858e-03 6.45526964e-03
-9.98335074e-01 3.21974856e-02 -7.83101018e-03 -5.42121391e-03 6.18001756e-03
-9.98243262e-01 3.24656928e-02 -7.62572997e-03 -4.01883165e-03 5.88361301e-03
-9.98148988e-01 3.27660319e-02 -7.37723362e-03 -2.65885374e-03 5.57006720e-03
-9.98052252e-01 3.30932380e-02 -7.08625061e-03 -1.34394711e-03 5.24350830e-03
-9.97953055e-01 3.34419848e-02 -6.75379450e-03 -7.63356090e-05 4.90811949e-03
-9.97851396e-01 3.38069648e-02 -6.38115576e-03 1.14221230e-03 4.56807718e-03
-9.97747277e-01 3.41829659e-02 -5.96989282e-03 2.31039000e-03 4.22749036e-03
-9.97640697e-01 3.45649429e-02 -5.52182112e-03 3.42735304e-03 3.89034210e-03
-9.97531657e-01 3.49480840e-02 -5.03900035e-03 4.49271340e-03 3.56043376e-03
-9.97420157e-01 3.53278696e-02 -4.52371983e-03 5.50652776e-03 3.24133305e-03
-9.97306197e-01 3.57001250e-02 -3.97848217e-03 6.46927988e-03 2.93632637e-03
-9.97189778e-01 3.60610641e-02 -3.40598511e-03 7.38185749e-03 2.64837625e-03
-9.97070899e-01 3.64073252e-02 -2.80910181e-03 8.24552402e-03 2.38008448e-03
-9.96949561e-01 3.67359985e-02 -2.19085952e-03 9.06188559e-03 2.13366121e-03
-9.96825765e-01 3.70446443e-02 -1.55441686e-03 9.83285398e-03 1.91090061e-03
-9.96699510e-01 3.73313029e-02 -9.03039789e-04 1.05606060e-02 1.71316326e-03
-9.96570797e-01 3.75944962e-02 -2.40076420e-04 1.12475401e-02 1.54136539e-03
-9.96439627e-01 3.78332208e-02 4.31069118e-04 1.18962309e-02 1.39597510e-03
-9.96305999e-01 3.80469336e-02 1.10696357e-03 1.25093824e-02 1.27701554e-03
-9.96169914e-01 3.82355306e-02 1.78417201e-03 1.30897805e-02 1.18407475e-03
-9.96031373e-01 3.83993190e-02 2.45928552e-03 1.36402461e-02 1.11632205e-03
-9.95890375e-01 3.85389835e-02 3.12894901e-03 1.41635888e-02 1.07253056e-03
-9.95746921e-01 3.86555484e-02 3.78988863e-03 1.46625624e-02 1.05110540e-03
-9.95601011e-01 3.87503351e-02 4.43893881e-03 1.51398233e-02 1.05011710e-03
-9.95452646e-01 3.88249170e-02 5.07306828e-03 1.55978915e-02 1.06733958e-03
-9.95301826e-01 3.88810721e-02 5.68940507e-03 1.60391150e-02 1.10029205e-03
-9.95148552e-01 3.89207344e-02 6.28525995e-03 1.64656395e-02 1.14628416e-03
-9.94992823e-01 3.89459447e-02 6.85814816e-03 1.68793813e-02 1.20246360e-03
-9.94834640e-01 3.89588030e-02 7.40580905e-03 1.72820062e-02 1.26586545e-03
-9.94674004e-01 3.89614206e-02 7.92622335e-03 1.76749129e-02 1.33346239e-03
-9.94510915e-01 3.89558760e-02 8.41762794e-03 1.80592223e-02 1.40221506e-03
-9.94345374e-01 3.89441723e-02 8.87852767e-03 1.84357716e-02 1.46912185e-03
-9.94177380e-01 3.89281988e-02 9.30770423e-03 1.88051143e-02 1.53126709e-03
-9.94006934e-01 3.89096961e-02 9.70422185e-03 1.91675246e-02 1.58586729e-03
-9.93834037e-01 3.88902261e-02 1.00674296e-02 1.95230078e-02 1.63031447e-03
-9.93658689e-01 3.88711457e-02 1.03969605e-02 1.98713142e-02 1.66221595e-03
-9.93480891e-01 3.88535866e-02 1.06927270e-02 2.02119581e-02 1.67943029e-03
-9.93300642e-01 3.88384395e-02 1.09549131e-02 2.05442405e-02 1.68009853e-03
-9.93117944e-01 3.88263432e-02 1.11839637e-02 2.08672744e-02 1.66267056e-03
-9.92932796e-01 3.88176798e-02 1.13805698e-02 2.11800135e-02 1.62592619e-03
-9.92745200e-01 3.88125736e-02 1.15456517e-02 2.14812830e-02 1.56899064e-03
-9.92555155e-01 3.88108961e-02 1.16803387e-02 2.17698115e-02 1.49134435e-03
-9.92362663e-01 3.88122740e-02 1.17859471e-02 2.20442640e-02 1.39282694e-03
-9.92167724e-01 3.88161032e-02 1.18639551e-02 2.23032754e-02 1.27363548e-03
-9.91970337e-01 3.88215648e-02 1.19159768e-02 2.25454834e-02 1.13431702e-03
-9.91770504e-01 3.88276457e-02 1.19437344e-02 2.27695604e-02 9.75755628e-04
-9.91568226e-01 3.88331617e-02 1.19490293e-02 2.29742444e-02 7.99154312e-04
-9.91363501e-01 3.88367829e-02 1.19337134e-02 2.31583673e-02 6.06011982e-04
-9.91156332e-01 3.88370614e-02 1.18996591e-02 2.33208811e-02 3.98096049e-04
-9.90946719e-01 3.88324596e-02 1.18487313e-02 2.34608815e-02 1.77411044e-04
-9.90734662e-01 3.88213805e-02 1.17827586e-02 2.35776280e-02 -5.38361563e-05
-9.90520161e-01 3.88021974e-02 1.17035074e-02 2.36705604e-02 -2.93273926e-04
-9.90303218e-01 3.87732839e-02 1.16126564e-02 2.37393124e-02 -5.38405676e-04
-9.90083833e-01 3.87330433e-02 1.15117745e-02 2.37837208e-02 -7.86651189e-04
-9.89862005e-01 3.86799372e-02 1.14022998e-02 2.38038312e-02 -1.03538882e-03
-9.89637737e-01 3.86125119e-02 1.12855228e-02 2.37998997e-02 -1.28199790e-03
-9.89411028e-01 3.85294236e-02 1.11625719e-02 2.37723912e-02 -1.52390070e-03
-9.89181879e-01 3.84294620e-02 1.10344024e-02 2.37219742e-02 -1.75860322e-03
-9.88950290e-01 3.83115697e-02 1.09017893e-02 2.36495117e-02 -1.98373425e-03
-9.88716263e-01 3.81748612e-02 1.07653230e-02 2.35560497e-02 -2.19708214e-03
-9.88479797e-01 3.80186371e-02 1.06254095e-02 2.34428026e-02 -2.39662861e-03
-9.88240894e-01 3.78423967e-02 1.04822735e-02 2.33111360e-02 -2.58057917e-03
-9.87999553e-01 3.76458468e-02 1.03359656e-02 2.31625475e-02 -2.74738977e-03
-9.87755776e-01 3.74289074e-02 1.01863722e-02 2.29986466e-02 -2.89578915e-03
-9.87509562e-01 3.71917144e-02 1.00332290e-02 2.28211315e-02 -3.02479678e-03
-9.87260914e-01 3.69346195e-02 9.87613751e-03 2.26317671e-02 -3.13373599e-03
-9.87009830e-01 3.66581865e-02 9.71458376e-03 2.24323612e-02 -3.22224218e-03
-9.86756313e-01 3.63631850e-02 9.54795923e-03 2.22247410e-02 -3.29026617e-03
-9.86500362e-01 3.60505814e-02 9.37558381e-03 2.20107300e-02 -3.33807248e-03
-9.86241978e-01 3.57215272e-02 9.19672991e-03 2.17921254e-02 -3.36623274e-03
-9.85981162e-01 3.53773451e-02 9.01064758e-03 2.15706768e-02 -3.37561444e-03
-9.85717914e-01 3.50195127e-02 8.81658993e-03 2.13480662e-02 -3.36736511e-03
-9.85452235e-01 3.46496447e-02 8.61383864e-03 2.11258889e-02 -3.34289236e-03
-9.85184126e-01 3.42694734e-02 8.40172884e-03 2.09056374e-02 -3.30384003e-03
-9.84913588e-01 3.38808275e-02 8.17967299e-03 2.06886867e-02 -3.25206096e-03
-9.84640620e-01 3.34856108e-02 7.94718338e-03 2.04762812e-02 -3.18958683e-03
-9.84365224e-01 3.30857793e-02 7.70389275e-03 2.02695253e-02 -3.11859549e-03
-9.84087401e-01 3.26833188e-02 7.44957266e-03 2.00693748e-02 -3.04137642e-03
-9.83807150e-01 3.22802213e-02 7.18414934e-03 1.98766319e-02 -2.96029488e-03
-9.83524474e-01 3.18784631e-02 6.90771660e-03 1.96919418e-02 -2.87775522e-03
-9.83239372e-01 3.14799821e-02 6.62054574e-03 1.95157922e-02 -2.79616405e-03
-9.82951845e-01 3.10866568e-02 6.32309212e-03 1.93485143e-02 -2.71789380e-03
-9.82661894e-01 3.07002863e-02 6.01599836e-03 1.91902866e-02 -2.64524721e-03
-9.82369519e-01 3.03225710e-02 5.70009409e-03 1.90411404e-02 -2.58042330e-03
-9.82074722e-01 2.99550956e-02 5.37639223e-03 1.89009671e-02 -2.52548538e-03
-9.81777503e-01 2.95993140e-02 5.04608191e-03 1.87695270e-02 -2.48233146e-03
-9.81477862e-01 2.92565350e-02 4.71051809e-03 1.86464601e-02 -2.45266762e-03
-9.81175801e-01 2.89279118e-02 4.37120815e-03 1.85312972e-02 -2.43798456e-03
-9.80871321e-01 2.86144323e-02 4.02979553e-03 1.84234728e-02 -2.43953777e-03
-9.80564421e-01 2.83169125e-02 3.68804089e-03 1.83223386e-02 -2.45833149e-03
-9.80255103e-01 2.80359920e-02 3.34780096e-03 1.82271770e-02 -2.49510670e-03
-9.79943368e-01 2.77721322e-02 3.01100549e-03 1.81372159e-02 -2.55033322e-03
-9.79629216e-01 2.75256161e-02 2.67963267e-03 1.80516426e-02 -2.62420597e-03
-9.79312648e-01 2.72965516e-02 2.35568352e-03 1.79696185e-02 -2.71664541e-03
-9.78993665e-01 2.70848760e-02 2.04115546e-03 1.78902929e-02 -2.82730205e-03
-9.78672267e-01 2.68903634e-02 1.73801575e-03 1.78128164e-02 -2.95556491e-03
-9.78348456e-01 2.67126331e-02 1.44817502e-03 1.77363541e-02 -3.10057366e-03
-9.78022233e-01 2.65511614e-02 1.17346144e-03 1.76600976e-02 -3.26123427e-03
-9.77693597e-01 2.64052931e-02 9.15595845e-04 1.75832759e-02 -3.43623779e-03
-9.77362550e-01 2.62742559e-02 6.76168293e-04 1.75051659e-02 -3.62408195e-03
-9.77029093e-01 2.61571753e-02 4.56616335e-04 1.74251012e-02 -3.82309518e-03
-9.76693226e-01 2.60530904e-02 2.58205372e-04 1.73424797e-02 -4.03146254e-03
-9.76354950e-01 2.59609700e-02 8.20113659e-05 1.72567701e-02 -4.24725328e-03
-9.76014267e-01 2.58797301e-02 -7.10938417e-05 1.71675171e-02 -4.46844948e-03
-9.75671177e-01 2.58082503e-02 -2.00454401e-04 1.70743451e-02 -4.69297520e-03
-9.75325680e-01 2.57453906e-02 -3.05639357e-04 1.69769605e-02 -4.91872595e-03
-9.74977778e-01 2.56900071e-02 -3.86448489e-04 1.68751524e-02 -5.14359770e-03
-9.74627472e-01 2.56409683e-02 -4.42915005e-04 1.67687929e-02 -5.36551523e-03
-9.74274762e-01 2.55971687e-02 -4.75305108e-04 1.66578349e-02 -5.58245937e-03
-9.73919650e-01 2.55575424e-02 -4.84114454e-04 1.65423093e-02 -5.79249254e-03
-9.73562135e-01 2.55210748e-02 -4.70061600e-04 1.64223215e-02 -5.99378259e-03
-9.73202220e-01 2.54868130e-02 -4.34078552e-04 1.62980456e-02 -6.18462428e-03
-9.72839904e-01 2.54538744e-02 -3.77298611e-04 1.61697187e-02 -6.36345838e-03
-9.72475189e-01 2.54214533e-02 -3.01041691e-04 1.60376342e-02 -6.52888802e-03
-9.72108076e-01 2.53888258e-02 -2.06797376e-04 1.59021338e-02 -6.67969227e-03
-9.71738566e-01 2.53553534e-02 -9.62059710e-05 1.57635995e-02 -6.81483665e-03
-9.71366659e-01 2.53204834e-02 2.89621659e-05 1.56224448e-02 -6.93348066e-03
-9.70992357e-01 2.52837487e-02 1.66828681e-04 1.54791057e-02 -7.03498221e-03
-9.70615660e-01 2.52447654e-02 3.15430367e-04 1.53340318e-02 -7.11889912e-03
-9.70236569e-01 2.52032286e-02 4.72743041e-04 1.51876767e-02 -7.18498754e-03
-9.69855086e-01 2.51589069e-02 6.36705832e-04 1.50404891e-02 -7.23319774e-03
-9.69471210e-01 2.51116357e-02 8.05245534e-04 1.48929039e-02 -7.26366708e-03
-9.69084944e-01 2.50613090e-02 9.76300698e-04 1.47453342e-02 -7.27671073e-03
-9.68696288e-01 2.50078706e-02 1.14784514e-03 1.45981629e-02 -7.27281004e-03
-9.68305243e-01 2.49513047e-02 1.31791059e-03 1.44517359e-02 -7.25259907e-03
-9.67911810e-01 2.48916259e-02 1.48460809e-03 1.43063555e-02 -7.21684947e-03
-9.67515990e-01 2.48288687e-02 1.64614810e-03 1.41622752e-02 -7.16645402e-03
-9.67117784e-01 2.47630779e-02 1.80085874e-03 1.40196949e-02 -7.10240910e-03
-9.66717192e-01 2.46942988e-02 1.94720233e-03 1.38787578e-02 -7.02579653e-03
-9.66314217e-01 2.46225676e-02 2.08378973e-03 1.37395479e-02 -6.93776494e-03
-9.65908859e-01 2.45479032e-02 2.20939255e-03 1.36020891e-02 -6.83951112e-03
-9.65501118e-01 2.44702999e-02 2.32295292e-03 1.34663451e-02 -6.73226152e-03
-9.65090997e-01 2.43897208e-02 2.42359098e-03 1.33322208e-02 -6.61725432e-03
-9.64678495e-01 2.43060930e-02 2.51060978e-03 1.31995650e-02 -6.49572216e-03
-9.64263614e-01 2.42193037e-02 2.58349775e-03 1.30681736e-02 -6.36887598e-03
-9.63846355e-01 2.41291981e-02 2.64192870e-03 1.29377948e-02 -6.23788994e-03
-9.63426720e-01 2.40355791e-02 2.68575938e-03 1.28081345e-02 -6.10388785e-03
-9.63004708e-01 2.39382080e-02 2.71502473e-03 1.26788635e-02 -5.96793100e-03
-9.62580321e-01 2.38368068e-02 2.72993089e-03 1.25496242e-02 -5.83100776e-03
-9.62153561e-01 2.37310625e-02 2.73084611e-03 1.24200395e-02 -5.69402485e-03
-9.61724427e-01 2.36206323e-02 2.71828975e-03 1.22897214e-02 -5.55780046e-03
-9.61292922e-01 2.35051501e-02 2.69291956e-03 1.21582797e-02 -5.42305907e-03
-9.60859046e-01 2.33842343e-02 2.65551734e-03 1.20253318e-02 -5.29042822e-03
-9.60422801e-01 2.32574964e-02 2.60697344e-03 1.18905118e-02 -5.16043694e-03
-9.59984187e-01 2.31245503e-02 2.54827005e-03 1.17534801e-02 -5.03351590e-03
-9.59543205e-01 2.29850225e-02 2.48046376e-03 1.16139319e-02 -4.90999921e-03
-9.59099857e-01 2.28385619e-02 2.40466752e-03 1.14716063e-02 -4.79012762e-03
-9.58654144e-01 2.26848504e-02 2.32203233e-03 1.13262938e-02 -4.67405324e-03
-9.58206066e-01 2.25236130e-02 2.23372887e-03 1.11778434e-02 -4.56184529e-03
-9.57755626e-01 2.23546271e-02 2.14092937e-03 1.10261694e-02 -4.45349709e-03
-9.57302823e-01 2.21777325e-02 2.04478995e-03 1.08712558e-02 -4.34893381e-03
-9.56847660e-01 2.19928385e-02 1.94643375e-03 1.07131607e-02 -4.24802103e-03
-9.56390137e-01 2.17999325e-02 1.84693490e-03 1.05520192e-02 -4.15057378e-03
-9.55930255e-01 2.15990849e-02 1.74730383e-03 1.03880444e-02 -4.05636598e-03
-9.55468016e-01 2.13904549e-02 1.64847382e-03 1.02215280e-02 -3.96514009e-03
-9.55003420e-01 2.11742930e-02 1.55128919e-03 1.00528388e-02 -3.87661675e-03
-9.54536469e-01 2.09509434e-02 1.45649518e-03 9.88241962e-03 -3.79050428e-03
-9.54067164e-01 2.07208439e-02 1.36472968e-03 9.71078404e-03 -3.70650801e-03
-9.53595507e-01 2.04845248e-02 1.27651690e-03 9.53851048e-03 -3.62433901e-03
-9.53121497e-01 2.02426058e-02 1.19226303e-03 9.36623587e-03 -3.54372242e-03
-9.52645137e-01 1.99957914e-02 1.11225400e-03 9.19464796e-03 -3.46440507e-03
-9.52166428e-01 1.97448651e-02 1.03665527e-03 9.02447665e-03 -3.38616238e-03
-9.51685370e-01 1.94906820e-02 9.65513692e-04 8.85648446e-03 -3.30880435e-03
-9.51201965e-01 1.92341605e-02 8.98761280e-04 8.69145625e-03 -3.23218075e-03
-9.50716215e-01 1.89762722e-02 8.36220988e-04 8.53018853e-03 -3.15618533e-03
-9.50228120e-01 1.87180318e-02 7.77614197e-04 8.37347823e-03 -3.08075904e-03
-9.49737681e-01 1.84604856e-02 7.22569875e-04 8.22211147e-03 -3.00589225e-03
-9.49244901e-01 1.82046999e-02 6.70635200e-04 8.07685223e-03 -2.93162601e-03
-9.48749779e-01 1.79517493e-02 6.21287468e-04 7.93843128e-03 -2.85805229e-03
-9.48252318e-01 1.77027038e-02 5.73947065e-04 7.80753550e-03 -2.78531326e-03
-9.47752518e-01 1.74586178e-02 5.27991277e-04 7.68479774e-03 -2.71359967e-03
-9.47250380e-01 1.72205178e-02 4.82768686e-04 7.57078747e-03 -2.64314829e-03
-9.46745907e-01 1.69893919e-02 4.37613905e-04 7.46600229e-03 -2.57423861e-03
-9.46239099e-01 1.67661790e-02 3.91862384e-04 7.37086047e-03 -2.50718867e-03
-9.45729957e-01 1.65517596e-02 3.44865034e-04 7.28569468e-03 -2.44235035e-03
-9.45218483e-01 1.63469477e-02 2.96002398e-04 7.21074693e-03 -2.38010393e-03
-9.44704677e-01 1.61524829e-02 2.44698122e-04 7.14616487e-03 -2.32085216e-03
-9.44188542e-01 1.59690251e-02 1.90431496e-04 7.09199951e-03 -2.26501399e-03
-9.43670079e-01 1.57971495e-02 1.32748819e-04 7.04820424e-03 -2.21301784e-03
-9.43149288e-01 1.56373434e-02 7.12734047e-05 7.01463540e-03 -2.16529476e-03
-9.42626171e-01 1.54900042e-02 5.71402932e-06 6.99105418e-03 -2.12227135e-03
-9.42100730e-01 1.53554391e-02 -6.41283182e-05 6.97712991e-03 -2.08436271e-03
-9.41572965e-01 1.52338657e-02 -1.38355518e-04 6.97244459e-03 -2.05196546e-03
-9.41042878e-01 1.51254141e-02 -2.16969319e-04 6.97649867e-03 -2.02545091e-03
-9.40510470e-01 1.50301303e-02 -2.99870321e-04 6.98871797e-03 -2.00515844e-03
-9.39975743e-01 1.49479801e-02 -3.86858952e-04 7.00846144e-03 -1.99138935e-03
-9.39438698e-01 1.48788547e-02 -4.77638441e-04 7.03502994e-03 -1.98440101e-03
-9.38899336e-01 1.48225765e-02 -5.71819717e-04 7.06767556e-03 -1.98440171e-03
-9.38357658e-01 1.47789061e-02 -6.68928174e-04 7.10561158e-03 -1.99154593e-03
-9.37813667e-01 1.47475489e-02 -7.68412160e-04 7.14802275e-03 -2.00593044e-03
-9.37267362e-01 1.47281632e-02 -8.69653051e-04 7.19407579e-03 -2.02759105e-03
-9.36718746e-01 1.47203677e-02 -9.71976732e-04 7.24292998e-03 -2.05650020e-03
-9.36167820e-01 1.47237489e-02 -1.07466626e-03 7.29374754e-03 -2.09256537e-03
-9.35614585e-01 1.47378690e-02 -1.17697551e-03 7.34570386e-03 -2.13562840e-03
-9.35059043e-01 1.47622730e-02 -1.27814352e-03 7.39799721e-03 -2.18546567e-03
-9.34501195e-01 1.47964956e-02 -1.37740930e-03 7.44985797e-03 -2.24178922e-03
-9.33941042e-01 1.48400676e-02 -1.47402679e-03 7.50055710e-03 -2.30424878e-03
-9.33378586e-01 1.48925213e-02 -1.56727978e-03 7.54941394e-03 -2.37243474e-03
-9.32813828e-01 1.49533958e-02 -1.65649642e-03 7.59580304e-03 -2.44588190e-03
-9.32246769e-01 1.50222412e-02 -1.74106308e-03 7.63916004e-03 -2.52407419e-03
-9.31677412e-01 1.50986218e-02 -1.82043730e-03 7.67898660e-03 -2.60645014e-03
-9.31105757e-01 1.51821188e-02 -1.89415965e-03 7.71485418e-03 -2.69240899e-03
-9.30531805e-01 1.52723319e-02 -1.96186415e-03 7.74640685e-03 -2.78131762e-03
-9.29955559e-01 1.53688807e-02 -2.02328716e-03 7.77336291e-03 -2.87251794e-03
-9.29377019e-01 1.54714040e-02 -2.07827451e-03 7.79551548e-03 -2.96533478e-03
-9.28796187e-01 1.55795600e-02 -2.12678677e-03 7.81273207e-03 -3.05908416e-03
-9.28213065e-01 1.56930244e-02 -2.16890251e-03 7.82495306e-03 -3.15308186e-03
-9.27627654e-01 1.58114890e-02 -2.20481953e-03 7.83218931e-03 -3.24665207e-03
-9.27039955e-01 1.59346588e-02 -2.23485395e-03 7.83451879e-03 -3.33913607e-03
-9.26449969e-01 1.60622499e-02 -2.25943731e-03 7.83208252e-03 -3.42990084e-03
-9.25857699e-01 1.61939855e-02 -2.27911157e-03 7.82507964e-03 -3.51834744e-03
-9.25263146e-01 1.63295935e-02 -2.29452213e-03 7.81376191e-03 -3.60391892e-03
-9.24666310e-01 1.64688023e-02 -2.30640910e-03 7.79842772e-03 -3.68610791e-03
-9.24067195e-01 1.66113379e-02 -2.31559683e-03 7.77941555e-03 -3.76446349e-03
-9.23465800e-01 1.67569205e-02 -2.32298192e-03 7.75709722e-03 -3.83859738e-03
-9.22862128e-01 1.69052610e-02 -2.32951999e-03 7.73187075e-03 -3.90818932e-03
-9.22256180e-01 1.70560587e-02 -2.33621135e-03 7.70415326e-03 -3.97299159e-03
-9.21647958e-01 1.72089988e-02 -2.34408587e-03 7.67437372e-03 -4.03283244e-03
-9.21037462e-01 1.73637499e-02 -2.35418731e-03 7.64296583e-03 -4.08761864e-03
-9.20424696e-01 1.75199630e-02 -2.36755736e-03 7.61036100e-03 -4.13733680e-03
-9.19809659e-01 1.76772702e-02 -2.38521973e-03 7.57698167e-03 -4.18205366e-03
-9.19192354e-01 1.78352843e-02 -2.40816450e-03 7.54323484e-03 -4.22191525e-03
-9.18572782e-01 1.79935992e-02 -2.43733298e-03 7.50950614e-03 -4.25714491e-03
-9.17950945e-01 1.81517905e-02 -2.47360351e-03 7.47615422e-03 -4.28804025e-03
-9.17326844e-01 1.83094168e-02 -2.51777817e-03 7.44350581e-03 -4.31496905e-03
-9.16700480e-01 1.84660217e-02 -2.57057090e-03 7.41185130e-03 -4.33836418e-03
-9.16071856e-01 1.86211364e-02 -2.63259702e-03 7.38144090e-03 -4.35871766e-03
-9.15440973e-01 1.87742825e-02 -2.70436441e-03 7.35248158e-03 -4.37657386e-03
-9.14807832e-01 1.89249757e-02 -2.78626653e-03 7.32513459e-03 -4.39252203e-03
-9.14172435e-01 1.90727294e-02 -2.87857725e-03 7.29951376e-03 -4.40718826e-03
-9.13534783e-01 1.92170591e-02 -2.98144770e-03 7.27568451e-03 -4.42122696e-03
-9.12894879e-01 1.93574869e-02 -3.09490510e-03 7.25366354e-03 -4.43531205e-03
-9.12252723e-01 1.94935463e-02 -3.21885357e-03 7.23341931e-03 -4.45012800e-03
-9.11608317e-01 1.96247866e-02 -3.35307688e-03 7.21487316e-03 -4.46636080e-03
-9.10961663e-01 1.97507784e-02 -3.49724309e-03 7.19790119e-03 -4.48468905e-03
-9.10312763e-01 1.98711182e-02 -3.65091094e-03 7.18233670e-03 -4.50577534e-03
-9.09661618e-01 1.99854330e-02 -3.81353790e-03 7.16797333e-03 -4.53025794e-03
-9.09008229e-01 2.00933853e-02 -3.98448961e-03 7.15456878e-03 -4.55874309e-03
-9.08352599e-01 2.01946772e-02 -4.16305063e-03 7.14184894e-03 -4.59179784e-03
-9.07694728e-01 2.02890544e-02 -4.34843627e-03 7.12951266e-03 -4.62994362e-03
-9.07034619e-01 2.03763104e-02 -4.53980515e-03 7.11723677e-03 -4.67365065e-03
-9.06372273e-01 2.04562888e-02 -4.73627246e-03 7.10468152e-03 -4.72333314e-03
-9.05707691e-01 2.05288870e-02 -4.93692345e-03 7.09149627e-03 -4.77934552e-03
-9.05040876e-01 2.05940578e-02 -5.14082708e-03 7.07732530e-03 -4.84197953e-03
-9.04371830e-01 2.06518111e-02 -5.34704945e-03 7.06181380e-03 -4.91146231e-03
-9.03700552e-01 2.07022151e-02 -5.55466692e-03 7.04461381e-03 -4.98795544e-03
-9.03027046e-01 2.07453965e-02 -5.76277849e-03 7.02539009e-03 -5.07155490e-03
-9.02351313e-01 2.07815401e-02 -5.97051745e-03 7.00382585e-03 -5.16229200e-03
-9.01673355e-01 2.08108878e-02 -6.17706194e-03 6.97962819e-03 -5.26013501e-03
-9.00993173e-01 2.08337370e-02 -6.38164432e-03 6.95253323e-03 -5.36499164e-03
-9.00310769e-01 2.08504383e-02 -6.58355926e-03 6.92231077e-03 -5.47671221e-03
-8.99626145e-01 2.08613922e-02 -6.78217031e-03 6.88876852e-03 -5.59509336e-03
-8.98939302e-01 2.08670454e-02 -6.97691502e-03 6.85175568e-03 -5.71988224e-03
-8.98250242e-01 2.08678868e-02 -7.16730842e-03 6.81116593e-03 -5.85078111e-03
-8.97558967e-01 2.08644423e-02 -7.35294495e-03 6.76693967e-03 -5.98745215e-03
-8.96865478e-01 2.08572696e-02 -7.53349880e-03 6.71906559e-03 -6.12952250e-03
-8.96169778e-01 2.08469518e-02 -7.70872270e-03 6.66758138e-03 -6.27658926e-03
-8.95471867e-01 2.08340919e-02 -7.87844528e-03 6.61257370e-03 -6.42822451e-03
-8.94771748e-01 2.08193052e-02 -8.04256706e-03 6.55417731e-03 -6.58398011e-03
-8.94069423e-01 2.08032129e-02 -8.20105522e-03 6.49257339e-03 -6.74339233e-03
-8.93364892e-01 2.07864350e-02 -8.35393726e-03 6.42798704e-03 -6.90598614e-03
-8.92658159e-01 2.07695825e-02 -8.50129381e-03 6.36068410e-03 -7.07127916e-03
-8.91949223e-01 2.07532507e-02 -8.64325065e-03 6.29096719e-03 -7.23878516e-03
-8.91238089e-01 2.07380117e-02 -8.77997023e-03 6.21917110e-03 -7.40801717e-03
-8.90524756e-01 2.07244076e-02 -8.91164285e-03 6.14565760e-03 -7.57849011e-03
-8.89809227e-01 2.07129434e-02 -9.03847771e-03 6.07080982e-03 -7.74972298e-03
-8.89091503e-01 2.07040812e-02 -9.16069399e-03 5.99502616e-03 -7.92124064e-03
-8.88371587e-01 2.06982337e-02 -9.27851228e-03 5.91871389e-03 -8.09257511e-03
-8.87649480e-01 2.06957593e-02 -9.39214635e-03 5.84228268e-03 -8.26326661e-03
-8.86925184e-01 2.06969575e-02 -9.50179563e-03 5.76613797e-03 -8.43286425e-03
-8.86198701e-01 2.07020646e-02 -9.60763835e-03 5.69067447e-03 -8.60092643e-03
-8.85470032e-01 2.07112508e-02 -9.70982572e-03 5.61626980e-03 -8.76702117e-03
-8.84739180e-01 2.07246181e-02 -9.80847698e-03 5.54327848e-03 -8.93072622e-03
-8.84006145e-01 2.07421986e-02 -9.90367564e-03 5.47202637e-03 -9.09162925e-03
-8.83270931e-01 2.07639547e-02 -9.99546685e-03 5.40280558e-03 -9.24932804e-03
-8.82533538e-01 2.07897790e-02 -1.00838559e-02 5.33587016e-03 -9.40343074e-03
-8.81793969e-01 2.08194965e-02 -1.01688080e-02 5.27143239e-03 -9.55355643e-03
-8.81052225e-01 2.08528669e-02 -1.02502491e-02 5.20966002e-03 -9.69933578e-03
-8.80308308e-01 2.08895884e-02 -1.03280680e-02 5.15067429e-03 -9.84041210e-03
-8.79562220e-01 2.09293017e-02 -1.04021193e-02 5.09454902e-03 -9.97644264e-03
-8.78813963e-01 2.09715958e-02 -1.04722275e-02 5.04131052e-03 -1.01071002e-02
-8.78063539e-01 2.10160138e-02 -1.05381915e-02 4.99093861e-03 -1.02320753e-02
-8.77310949e-01 2.10620596e-02 -1.05997906e-02 4.94336849e-03 -1.03510780e-02
-8.76556196e-01 2.11092057e-02 -1.06567901e-02 4.89849367e-03 -1.04638410e-02
-8.75799281e-01 2.11569001e-02 -1.07089476e-02 4.85616964e-03 -1.05701223e-02
-8.75040206e-01 2.12045755e-02 -1.07560202e-02 4.81621851e-03 -1.06697080e-02
-8.74278973e-01 2.12516565e-02 -1.07977704e-02 4.77843426e-03 -1.07624155e-02
-8.73515584e-01 2.12975685e-02 -1.08339731e-02 4.74258865e-03 -1.08480966e-02
-8.72750041e-01 2.13417458e-02 -1.08644215e-02 4.70843767e-03 -1.09266406e-02
-8.71982345e-01 2.13836390e-02 -1.08889330e-02 4.67572828e-03 -1.09979771e-02
-8.71212499e-01 2.14227229e-02 -1.09073541e-02 4.64420543e-03 -1.10620784e-02
-8.70440504e-01 2.14585027e-02 -1.09195651e-02 4.61361912e-03 -1.11189616e-02
-8.69666363e-01 2.14905205e-02 -1.09254832e-02 4.58373143e-03 -1.11686904e-02
-8.68890077e-01 2.15183600e-02 -1.09250655e-02 4.55432324e-03 -1.12113761e-02
-8.68111648e-01 2.15416509e-02 -1.09183104e-02 4.52520060e-03 -1.12471772e-02
-8.67331079e-01 2.15600719e-02 -1.09052581e-02 4.49620054e-03 -1.12762999e-02
-8.66548370e-01 2.15733522e-02 -1.08859903e-02 4.46719624e-03 -1.12989956e-02
-8.65763524e-01 2.15812725e-02 -1.08606285e-02 4.43810133e-03 -1.13155592e-02
-8.64976543e-01 2.15836640e-02 -1.08293315e-02 4.40887334e-03 -1.13263254e-02
-8.64187429e-01 2.15804068e-02 -1.07922919e-02 4.37951609e-03 -1.13316647e-02
-8.63396184e-01 2.15714264e-02 -1.07497320e-02 4.35008100e-03 -1.13319778e-02
-8.62602809e-01 2.15566897e-02 -1.07018984e-02 4.32066732e-03 -1.13276897e-02
-8.61807307e-01 2.15361993e-02 -1.06490565e-02 4.29142112e-03 -1.13192424e-02
-8.61009680e-01 2.15099872e-02 -1.05914844e-02 4.26253316e-03 -1.13070875e-02
-8.60209930e-01 2.14781077e-02 -1.05294666e-02 4.23423563e-03 -1.12916773e-02
-8.59408057e-01 2.14406291e-02 -1.04632872e-02 4.20679776e-03 -1.12734565e-02
-8.58604066e-01 2.13976257e-02 -1.03932237e-02 4.18052043e-03 -1.12528524e-02
-8.57797957e-01 2.13491688e-02 -1.03195405e-02 4.15572983e-03 -1.12302658e-02
-8.56989732e-01 2.12953182e-02 -1.02424836e-02 4.13277041e-03 -1.12060617e-02
-8.56179395e-01 2.12361137e-02 -1.01622745e-02 4.11199697e-03 -1.11805602e-02
-8.55366945e-01 2.11715665e-02 -1.00791069e-02 4.09376644e-03 -1.11540280e-02
-8.54552386e-01 2.11016522e-02 -9.99314209e-03 4.07842919e-03 -1.11266701e-02
-8.53735720e-01 2.10263043e-02 -9.90450693e-03 4.06632020e-03 -1.10986235e-02
-8.52916948e-01 2.09454081e-02 -9.81329238e-03 4.05775026e-03 -1.10699510e-02
-8.52096073e-01 2.08587973e-02 -9.71955325e-03 4.05299737e-03 -1.10406366e-02
-8.51273096e-01 2.07662510e-02 -9.62330927e-03 4.05229856e-03 -1.10105826e-02
-8.50448020e-01 2.06674930e-02 -9.52454742e-03 4.05584224e-03 -1.09796087e-02
-8.49620847e-01 2.05621927e-02 -9.42322562e-03 4.06376135e-03 -1.09474517e-02
-8.48791578e-01 2.04499679e-02 -9.31927754e-03 4.07612743e-03 -1.09137686e-02
-8.47960216e-01 2.03303897e-02 -9.21261866e-03 4.09294572e-03 -1.08781405e-02
-8.47126763e-01 2.02029895e-02 -9.10315339e-03 4.11415151e-03 -1.08400794e-02
-8.46291221e-01 2.00672678e-02 -8.99078312e-03 4.13960772e-03 -1.07990360e-02
-8.45453591e-01 1.99227050e-02 -8.87541504e-03 4.16910391e-03 -1.07544105e-02
-8.44613877e-01 1.97687740e-02 -8.75697160e-03 4.20235669e-03 -1.07055644e-02
-8.43772079e-01 1.96049546e-02 -8.63540031e-03 4.23901160e-03 -1.06518343e-02
-8.42928201e-01 1.94307489e-02 -8.51068381e-03 4.27864644e-03 -1.05925476e-02
-8.42082244e-01 1.92456983e-02 -8.38284981e-03 4.32077600e-03 -1.05270385e-02
-8.41234210e-01 1.90494017e-02 -8.25198074e-03 4.36485815e-03 -1.04546662e-02
-8.40384102e-01 1.88415330e-02 -8.11822295e-03 4.41030122e-03 -1.03748331e-02
-8.39531921e-01 1.86218605e-02 -7.98179503e-03 4.45647246e-03 -1.02870033e-02
-8.38677669e-01 1.83902647e-02 -7.84299518e-03 4.50270755e-03 -1.01907219e-02
-8.37821349e-01 1.81467567e-02 -7.70220730e-03 4.54832091e-03 -1.00856332e-02
-8.36962964e-01 1.78914947e-02 -7.55990571e-03 4.59261670e-03 -9.97149886e-03
-8.36102514e-01 1.76247999e-02 -7.41665821e-03 4.63490022e-03 -9.84821473e-03
-8.35240002e-01 1.73471700e-02 -7.27312729e-03 4.67448963e-03 -9.71582609e-03
-8.34375430e-01 1.70592911e-02 -7.13006958e-03 4.71072755e-03 -9.57454146e-03
-8.33508800e-01 1.67620470e-02 -6.98833320e-03 4.74299265e-03 -9.42474409e-03
-8.32640115e-01 1.64565251e-02 -6.84885310e-03 4.77071063e-03 -9.26700103e-03
-8.31769377e-01 1.61440202e-02 -6.71264429e-03 4.79336474e-03 -9.10206951e-03
-8.30896587e-01 1.58260340e-02 -6.58079312e-03 4.81050534e-03 -8.93090022e-03
-8.30021748e-01 1.55042717e-02 -6.45444649e-03 4.82175847e-03 -8.75463757e-03
-8.29144862e-01 1.51806344e-02 -6.33479925e-03 4.82683325e-03 -8.57461650e-03
-8.28265931e-01 1.48572082e-02 -6.22307985e-03 4.82552792e-03 -8.39235589e-03
-8.27384958e-01 1.45362490e-02 -6.12053448e-03 4.81773436e-03 -8.20954852e-03
-8.26501944e-01 1.42201644e-02 -6.02840989e-03 4.80344111e-03 -8.02804758e-03
-8.25616892e-01 1.39114914e-02 -5.94793513e-03 4.78273468e-03 -7.84984981e-03
-8.24729804e-01 1.36128704e-02 -5.88030253e-03 4.75579921e-03 -7.67707550e-03
-8.23840681e-01 1.33270177e-02 -5.82664820e-03 4.72291446e-03 -7.51194538e-03
-8.22949527e-01 1.30566931e-02 -5.78803235e-03 4.68445208e-03 -7.35675492e-03
-8.22056344e-01 1.28046668e-02 -5.76541985e-03 4.64087033e-03 -7.21384619e-03
-8.21161133e-01 1.25736841e-02 -5.75966123e-03 4.59270721e-03 -7.08557768e-03
-8.20263897e-01 1.23664280e-02 -5.77147462e-03 4.54057224e-03 -6.97429258e-03
-8.19364639e-01 1.21854816e-02 -5.80142886e-03 4.48513696e-03 -6.88228596e-03
-8.18463359e-01 1.20332905e-02 -5.84992811e-03 4.42712429e-03 -6.81177126e-03
-8.17560061e-01 1.19121248e-02 -5.91719830e-03 4.36729699e-03 -6.76484681e-03
-8.16654747e-01 1.18240427e-02 -6.00327574e-03 4.30644547e-03 -6.74346265e-03
-8.15747419e-01 1.17708552e-02 -6.10799799e-03 4.24537499e-03 -6.74938847e-03
-8.14838079e-01 1.17540938e-02 -6.23099741e-03 4.18489267e-03 -6.78418298e-03
-8.13926729e-01 1.17749797e-02 -6.37169734e-03 4.12579445e-03 -6.84916540e-03
-8.13013373e-01 1.18343980e-02 -6.52931132e-03 4.06885222e-03 -6.94538949e-03
-8.12098011e-01 1.19328740e-02 -6.70284510e-03 4.01480140e-03 -7.07362057e-03
-8.11180646e-01 1.20705552e-02 -6.89110183e-03 3.96432910e-03 -7.23431605e-03
-8.10261281e-01 1.22471976e-02 -7.09269014e-03 3.91806320e-03 -7.42760979e-03
-8.09339918e-01 1.24621563e-02 -7.30603518e-03 3.87656243e-03 -7.65330059e-03
-8.08416559e-01 1.27143829e-02 -7.52939255e-03 3.84030765e-03 -7.91084512e-03
-8.07491206e-01 1.30024268e-02 -7.76086481e-03 3.80969453e-03 -8.19935549e-03
-8.06563861e-01 1.33244434e-02 -7.99842057e-03 3.78502763e-03 -8.51760150e-03
-8.05634528e-01 1.36782066e-02 -8.23991568e-03 3.76651618e-03 -8.86401772e-03
-8.04703207e-01 1.40611280e-02 -8.48311648e-03 3.75427136e-03 -9.23671526e-03
-8.03769903e-01 1.44702802e-02 -8.72572463e-03 3.74830539e-03 -9.63349823e-03
-8.02834616e-01 1.49024263e-02 -8.96540316e-03 3.74853222e-03 -1.00518845e-02
-8.01897349e-01 1.53540528e-02 -9.19980356e-03 3.75476992e-03 -1.04891310e-02
-8.00958104e-01 1.58214074e-02 -9.42659327e-03 3.76674467e-03 -1.09422623e-02
-8.00016884e-01 1.63005408e-02 -9.64348336e-03 3.78409623e-03 -1.14081031e-02
-7.99073691e-01 1.67873504e-02 -9.84825595e-03 3.80638490e-03 -1.18833135e-02
-7.98128528e-01 1.72776282e-02 -1.00387909e-02 3.83309968e-03 -1.23644271e-02
-7.97181396e-01 1.77671086e-02 -1.02130916e-02 3.86366760e-03 -1.28478903e-02
-7.96232298e-01 1.82515191e-02 -1.03693090e-02 3.89746395e-03 -1.33301038e-02
-7.95281236e-01 1.87266298e-02 -1.05057644e-02 3.93382329e-03 -1.38074643e-02
-7.94328214e-01 1.91883038e-02 -1.06209694e-02 3.97205099e-03 -1.42764067e-02
-7.93373232e-01 1.96325457e-02 -1.07136446e-02 4.01143513e-03 -1.47334455e-02
-7.92416293e-01 2.00555483e-02 -1.07827342e-02 4.05125847e-03 -1.51752152e-02
-7.91457401e-01 2.04537375e-02 -1.08274191e-02 4.09081040e-03 -1.55985092e-02
-7.90496556e-01 2.08238131e-02 -1.08471260e-02 4.12939853e-03 -1.60003163e-02
-7.89533763e-01 2.11627866e-02 -1.08415344e-02 4.16635977e-03 -1.63778544e-02
-7.88569022e-01 2.14680139e-02 -1.08105792e-02 4.20107079e-03 -1.67286009e-02
-7.87602336e-01 2.17372244e-02 -1.07544511e-02 4.23295748e-03 -1.70503195e-02
-7.86633708e-01 2.19685435e-02 -1.06735933e-02 4.26150350e-03 -1.73410831e-02
-7.85663139e-01 2.21605109e-02 -1.05686953e-02 4.28625760e-03 -1.75992921e-02
-7.84690634e-01 2.23120924e-02 -1.04406833e-02 4.30683966e-03 -1.78236879e-02
-7.83716193e-01 2.24226864e-02 -1.02907089e-02 4.32294537e-03 -1.80133623e-02
-7.82739819e-01 2.24921239e-02 -1.01201332e-02 4.33434943e-03 -1.81677620e-02
-7.81761515e-01 2.25206639e-02 -9.93051081e-03 4.34090738e-03 -1.82866871e-02
-7.80781283e-01 2.25089815e-02 -9.72356992e-03 4.34255579e-03 -1.83702871e-02
-7.79799126e-01 2.24581522e-02 -9.50119144e-03 4.33931113e-03 -1.84190500e-02
-7.78815045e-01 2.23696302e-02 -9.26538646e-03 4.33126710e-03 -1.84337888e-02
-7.77829044e-01 2.22452219e-02 -9.01827238e-03 4.31859063e-03 -1.84156228e-02
-7.76841124e-01 2.20870561e-02 -8.76204834e-03 4.30151670e-03 -1.83659561e-02
-7.75851289e-01 2.18975496e-02 -8.49897007e-03 4.28034181e-03 -1.82864519e-02
-7.74859540e-01 2.16793700e-02 -8.23132460e-03 4.25541663e-03 -1.81790047e-02
-7.73865880e-01 2.14353960e-02 -7.96140511e-03 4.22713762e-03 -1.80457097e-02
-7.72870312e-01 2.11686757e-02 -7.69148630e-03 4.19593800e-03 -1.78888303e-02
-7.71872838e-01 2.08823841e-02 -7.42380051e-03 4.16227815e-03 -1.77107648e-02
-7.70873460e-01 2.05797792e-02 -7.16051498e-03 4.12663565e-03 -1.75140114e-02
-7.69872181e-01 2.02641593e-02 -6.90371036e-03 4.08949511e-03 -1.73011340e-02
-7.68869004e-01 1.99388199e-02 -6.65536086e-03 4.05133801e-03 -1.70747273e-02
-7.67863930e-01 1.96070128e-02 -6.41731614e-03 4.01263269e-03 -1.68373834e-02
-7.66856963e-01 1.92719067e-02 -6.19128513e-03 3.97382475e-03 -1.65916592e-02
-7.65848104e-01 1.89365505e-02 -5.97882193e-03 3.93532783e-03 -1.63400459e-02
-7.64837357e-01 1.86038392e-02 -5.78131390e-03 3.89751523e-03 -1.60849403e-02
-7.63824724e-01 1.82764832e-02 -5.59997192e-03 3.86071215e-03 -1.58286191e-02
-7.62810206e-01 1.79569818e-02 -5.43582304e-03 3.82518901e-03 -1.55732150e-02
-7.61793808e-01 1.76475997e-02 -5.28970528e-03 3.79115570e-03 -1.53206969e-02
-7.60775531e-01 1.73503487e-02 -5.16226475e-03 3.75875700e-03 -1.50728532e-02
-7.59755377e-01 1.70669727e-02 -5.05395491e-03 3.72806912e-03 -1.48312777e-02
-7.58733350e-01 1.67989381e-02 -4.96503789e-03 3.69909758e-03 -1.45973596e-02
-7.57709452e-01 1.65474274e-02 -4.89558790e-03 3.67177618e-03 -1.43722771e-02
-7.56683685e-01 1.63133381e-02 -4.84549634e-03 3.64596738e-03 -1.41569940e-02
-7.55656053e-01 1.60972848e-02 -4.81447869e-03 3.62146375e-03 -1.39522597e-02
-7.54626556e-01 1.58996061e-02 -4.80208292e-03 3.59799077e-03 -1.37586124e-02
-7.53595199e-01 1.57203741e-02 -4.80769922e-03 3.57521056e-03 -1.35763856e-02
-7.52561982e-01 1.55594080e-02 -4.83057092e-03 3.55272689e-03 -1.34057165e-02
-7.51526911e-01 1.54162904e-02 -4.86980639e-03 3.53009090e-03 -1.32465580e-02
-7.50489985e-01 1.52903861e-02 -4.92439170e-03 3.50680789e-03 -1.30986916e-02
-7.49451209e-01 1.51808630e-02 -4.99320392e-03 3.48234467e-03 -1.29617430e-02
-7.48410585e-01 1.50867150e-02 -5.07502480e-03 3.45613762e-03 -1.28351988e-02
-7.47368114e-01 1.50067856e-02 -5.16855472e-03 3.42760116e-03 -1.27184243e-02
-7.46323801e-01 1.49397931e-02 -5.27242671e-03 3.39613653e-03 -1.26106823e-02
-7.45277647e-01 1.48843556e-02 -5.38522037e-03 3.36114084e-03 -1.25111517e-02
-7.44229655e-01 1.48390163e-02 -5.50547560e-03 3.32201608e-03 -1.24189471e-02
-7.43179828e-01 1.48022684e-02 -5.63170593e-03 3.27817803e-03 -1.23331372e-02
-7.42128168e-01 1.47725791e-02 -5.76241143e-03 3.22906502e-03 -1.22527635e-02
-7.41074678e-01 1.47484124e-02 -5.89609101e-03 3.17414625e-03 -1.21768573e-02
-7.40019360e-01 1.47282508e-02 -6.03125412e-03 3.11292969e-03 -1.21044561e-02
-7.38962217e-01 1.47106155e-02 -6.16643169e-03 3.04496938e-03 -1.20346192e-02
-7.37903252e-01 1.46940841e-02 -6.30018628e-03 2.96987204e-03 -1.19664407e-02
-7.36842467e-01 1.46773066e-02 -6.43112148e-03 2.88730297e-03 -1.18990621e-02
-7.35779864e-01 1.46590200e-02 -6.55789040e-03 2.79699106e-03 -1.18316823e-02
-7.34715448e-01 1.46380591e-02 -6.67920337e-03 2.69873302e-03 -1.17635666e-02
-7.33649219e-01 1.46133666e-02 -6.79383469e-03 2.59239659e-03 -1.16940533e-02
-7.32581181e-01 1.45839999e-02 -6.90062863e-03 2.47792290e-03 -1.16225590e-02
-7.31511336e-01 1.45491367e-02 -6.99850453e-03 2.35532787e-03 -1.15485823e-02
-7.30439687e-01 1.45080772e-02 -7.08646111e-03 2.22470262e-03 -1.14717051e-02
-7.29366237e-01 1.44602455e-02 -7.16357997e-03 2.08621307e-03 -1.13915934e-02
-7.28290988e-01 1.44051885e-02 -7.22902841e-03 1.94009859e-03 -1.13079958e-02
-7.27213943e-01 1.43425731e-02 -7.28206144e-03 1.78666983e-03 -1.12207414e-02
-7.26135105e-01 1.42721827e-02 -7.32202321e-03 1.62630580e-03 -1.11297365e-02
-7.25054476e-01 1.41939107e-02 -7.34834778e-03 1.45945024e-03 -1.10349594e-02
-7.23972059e-01 1.41077550e-02 -7.36055930e-03 1.28660732e-03 -1.09364560e-02
-7.22887856e-01 1.40138097e-02 -7.35827167e-03 1.10833685e-03 -1.08343337e-02
-7.21801870e-01 1.39122573e-02 -7.34118770e-03 9.25248967e-04 -1.07287549e-02
-7.20714105e-01 1.38033601e-02 -7.30909783e-03 7.37998438e-04 -1.06199304e-02
-7.19624562e-01 1.36874506e-02 -7.26187842e-03 5.47278724e-04 -1.05081131e-02
-7.18533244e-01 1.35649230e-02 -7.19948973e-03 3.53815781e-04 -1.03935908e-02
-7.17440155e-01 1.34362236e-02 -7.12197346e-03 1.58361763e-04 -1.02766798e-02
-7.16345296e-01 1.33018421e-02 -7.02945015e-03 -3.83113143e-05 -1.01577185e-02
-7.15248670e-01 1.31623025e-02 -6.92211616e-03 -2.35417869e-04 -1.00370611e-02
-7.14150280e-01 1.30181552e-02 -6.80024053e-03 -4.32164939e-04 -9.91507230e-03
-7.13050130e-01 1.28699689e-02 -6.66416161e-03 -6.27758183e-04 -9.79212148e-03
-7.11948220e-01 1.27183234e-02 -6.51428351e-03 -8.21407645e-04 -9.66857833e-03
-7.10844555e-01 1.25638030e-02 -6.35107240e-03 -1.01233323e-03 -9.54480835e-03
-7.09739137e-01 1.24069901e-02 -6.17505272e-03 -1.19976982e-03 -9.42116904e-03
-7.08631969e-01 1.22484600e-02 -5.98680324e-03 -1.38297209e-03 -9.29800653e-03
-7.07523053e-01 1.20887763e-02 -5.78695311e-03 -1.56121880e-03 -9.17565274e-03
-7.06412392e-01 1.19284860e-02 -5.57617777e-03 -1.73381684e-03 -9.05442282e-03
-7.05299989e-01 1.17681165e-02 -5.35519488e-03 -1.90010466e-03 -8.93461314e-03
-7.04185846e-01 1.16081722e-02 -5.12476024e-03 -2.05945545e-03 -8.81649949e-03
-7.03069967e-01 1.14491320e-02 -4.88566358e-03 -2.21127976e-03 -8.70033564e-03
-7.01952354e-01 1.12914471e-02 -4.63872454e-03 -2.35502774e-03 -8.58635205e-03
-7.00833010e-01 1.11355391e-02 -4.38478850e-03 -2.49019105e-03 -8.47475492e-03
-6.99711937e-01 1.09817988e-02 -4.12472255e-03 -2.61630428e-03 -8.36572525e-03
-6.98589139e-01 1.08305848e-02 -3.85941145e-03 -2.73294609e-03 -8.25941807e-03
-6.97464618e-01 1.06822229e-02 -3.58975363e-03 -2.83973999e-03 -8.15596176e-03
-6.96338377e-01 1.05370052e-02 -3.31665731e-03 -2.93635483e-03 -8.05545744e-03
-6.95210419e-01 1.03951896e-02 -3.04103660e-03 -3.02250505e-03 -7.95797833e-03
-6.94080746e-01 1.02569997e-02 -2.76380772e-03 -3.09795062e-03 -7.86356929e-03
-6.92949362e-01 1.01226243e-02 -2.48588532e-03 -3.16249689e-03 -7.77224627e-03
-6.91816268e-01 9.99221734e-03 -2.20817877e-03 -3.21599414e-03 -7.68399590e-03
-6.90681469e-01 9.86589808e-03 -1.93158866e-03 -3.25833708e-03 -7.59877519e-03
-6.89544966e-01 9.74375112e-03 -1.65700331e-03 -3.28946421e-03 -7.51651127e-03
-6.88406763e-01 9.62582668e-03 -1.38529535e-03 -3.30935704e-03 -7.43710136e-03
-6.87266861e-01 9.51214106e-03 -1.11731843e-03 -3.31803931e-03 -7.36041289e-03
-6.86125265e-01 9.40267723e-03 -8.53903959e-04 -3.31557607e-03 -7.28628387e-03
-6.84981977e-01 9.29738557e-03 -5.95858018e-04 -3.30207280e-03 -7.21452357e-03
-6.83837000e-01 9.19618491e-03 -3.43958248e-04 -3.27767443e-03 -7.14491346e-03
-6.82690336e-01 9.09896375e-03 -9.89509159e-05 -3.24256434e-03 -7.07720858e-03
-6.81541988e-01 9.00558174e-03 1.38451966e-04 -3.19696341e-03 -7.01113931e-03
-6.80391960e-01 8.91587146e-03 3.67575407e-04 -3.14112889e-03 -6.94641345e-03
-6.79240254e-01 8.82964049e-03 5.87784099e-04 -3.07535342e-03 -6.88271893e-03
-6.78086872e-01 8.74667373e-03 7.98484967e-04 -2.99996389e-03 -6.81972681e-03
-6.76931818e-01 8.66673614e-03 9.99129587e-04 -2.91532028e-03 -6.75709478e-03
-6.75775095e-01 8.58957561e-03 1.18921646e-03 -2.82181446e-03 -6.69447116e-03
-6.74616706e-01 8.51492629e-03 1.36829316e-03 -2.71986893e-03 -6.63149919e-03
-6.73456652e-01 8.44251203e-03 1.53595823e-03 -2.60993545e-03 -6.56782173e-03
-6.72294938e-01 8.37205015e-03 1.69186301e-03 -2.49249361e-03 -6.50308635e-03
-6.71131566e-01 8.30325537e-03 1.83571315e-03 -2.36804925e-03 -6.43695050e-03
-6.69966538e-01 8.23584388e-03 1.96726993e-03 -2.23713282e-03 -6.36908702e-03
-6.68799859e-01 8.16953749e-03 2.08635132e-03 -2.10029753e-03 -6.29918963e-03
-6.67631530e-01 8.10406786e-03 2.19283277e-03 -1.95811744e-03 -6.22697841e-03
-6.66461554e-01 8.03918063e-03 2.28664771e-03 -1.81118540e-03 -6.15220526e-03
-6.65289935e-01 7.97463956e-03 2.36778767e-03 -1.66011072e-03 -6.07465902e-03
-6.64116675e-01 7.91023033e-03 2.43630217e-03 -1.50551687e-03 -5.99417041e-03
-6.62941778e-01 7.84576429e-03 2.49229810e-03 -1.34803889e-03 -5.91061640e-03
-6.61765245e-01 7.78108174e-03 2.53593889e-03 -1.18832067e-03 -5.82392421e-03
-6.60587080e-01 7.71605496e-03 2.56744316e-03 -1.02701216e-03 -5.73407457e-03
-6.59407287e-01 7.65059069e-03 2.58708306e-03 -8.64766345e-04 -5.64110432e-03
-6.58225867e-01 7.58463218e-03 2.59518219e-03 -7.02236180e-04 -5.54510829e-03
-6.57042824e-01 7.51816071e-03 2.59211312e-03 -5.40071374e-04 -5.44624018e-03
-6.55858160e-01 7.45119643e-03 2.57829452e-03 -3.78915106e-04 -5.34471273e-03
-6.54671879e-01 7.38379870e-03 2.55418797e-03 -2.19400674e-04 -5.24079681e-03
-6.53483983e-01 7.31606571e-03 2.52029437e-03 -6.21481048e-05 -5.13481968e-03
-6.52294476e-01 7.24813352e-03 2.47715005e-03 9.22392484e-05 -5.02716218e-03
-6.51103360e-01 7.18017434e-03 2.42532256e-03 2.43178095e-04 -4.91825516e-03
-6.49910639e-01 7.11239436e-03 2.36540630e-03 3.90108546e-04 -4.80857485e-03
-6.48716314e-01 7.04503082e-03 2.29801784e-03 5.32497377e-04 -4.69863753e-03
-6.47520390e-01 6.97834861e-03 2.22379111e-03 6.69841181e-04 -4.58899340e-03
-6.46322869e-01 6.91263633e-03 2.14337255e-03 8.01669380e-04 -4.48021977e-03
-6.45123754e-01 6.84820191e-03 2.05741615e-03 9.27547054e-04 -4.37291370e-03
-6.43923048e-01 6.78536782e-03 1.96657850e-03 1.04707758e-03 -4.26768420e-03
-6.42720754e-01 6.72446604e-03 1.87151394e-03 1.15990499e-03 -4.16514411e-03
-6.41516875e-01 6.66583270e-03 1.77286986e-03 1.26571615e-03 -4.06590180e-03
-6.40311414e-01 6.60980271e-03 1.67128213e-03 1.36424252e-03 -3.97055281e-03
-6.39104373e-01 6.55670426e-03 1.56737088e-03 1.45526170e-03 -3.87967161e-03
-6.37895757e-01 6.50685339e-03 1.46173647e-03 1.53859856e-03 -3.79380356e-03
-6.36685567e-01 6.46054870e-03 1.35495592e-03 1.61412607e-03 -3.71345730e-03
-6.35473807e-01 6.41806628e-03 1.24757968e-03 1.68176568e-03 -3.63909764e-03
-6.34260480e-01 6.37965500e-03 1.14012890e-03 1.74148739e-03 -3.57113899e-03
-6.33045589e-01 6.34553208e-03 1.03309311e-03 1.79330930e-03 -3.50993971e-03
-6.31829137e-01 6.31587925e-03 9.26928406e-04 1.83729691e-03 -3.45579711e-03
-6.30611126e-01 6.29083931e-03 8.22056230e-04 1.87356191e-03 -3.40894349e-03
-6.29391561e-01 6.27051341e-03 7.18862546e-04 1.90226054e-03 -3.36954317e-03
-6.28170443e-01 6.25495880e-03 6.17697605e-04 1.92359172e-03 -3.33769046e-03
-6.26947776e-01 6.24418738e-03 5.18876183e-04 1.93779463e-03 -3.31340878e-03
-6.25723562e-01 6.23816478e-03 4.22678294e-04 1.94514601e-03 -3.29665084e-03
-6.24497806e-01 6.23681025e-03 3.29350345e-04 1.94595719e-03 -3.28729978e-03
-6.23270509e-01 6.23999715e-03 2.39106687e-04 1.94057070e-03 -3.28517146e-03
-6.22041676e-01 6.24755416e-03 1.52131528e-04 1.92935666e-03 -3.29001765e-03
-6.20811308e-01 6.25926705e-03 6.85811272e-05 1.91270902e-03 -3.30153011e-03
-6.19579410e-01 6.27488115e-03 -1.14137646e-05 1.89104143e-03 -3.31934551e-03
-6.18345983e-01 6.29410431e-03 -8.77452974e-05 1.86478315e-03 -3.34305108e-03
-6.17111031e-01 6.31661039e-03 -1.60325813e-04 1.83437471e-03 -3.37219085e-03
-6.15874558e-01 6.34204319e-03 -2.29085101e-04 1.80026357e-03 -3.40627238e-03
-6.14636565e-01 6.37002071e-03 -2.93967694e-04 1.76289984e-03 -3.44477388e-03
-6.13397057e-01 6.40013979e-03 -3.54930260e-04 1.72273189e-03 -3.48715150e-03
-6.12156036e-01 6.43198092e-03 -4.11939165e-04 1.68020220e-03 -3.53284679e-03
-6.10913506e-01 6.46511319e-03 -4.64968267e-04 1.63574327e-03 -3.58129408e-03
-6.09669468e-01 6.49909934e-03 -5.13996976e-04 1.58977376e-03 -3.63192776e-03
-6.08423928e-01 6.53350081e-03 -5.59008653e-04 1.54269486e-03 -3.68418919e-03
-6.07176887e-01 6.56788266e-03 -5.99989363e-04 1.49488692e-03 -3.73753328e-03
-6.05928348e-01 6.60181837e-03 -6.36927018e-04 1.44670643e-03 -3.79143460e-03
-6.04678315e-01 6.63489445e-03 -6.69810931e-04 1.39848339e-03 -3.84539282e-03
-6.03426791e-01 6.66671468e-03 -6.98631782e-04 1.35051896e-03 -3.89893759e-03
-6.02173778e-01 6.69690412e-03 -7.23381994e-04 1.30308371e-03 -3.95163261e-03
-6.00919281e-01 6.72511268e-03 -7.44056507e-04 1.25641612e-03 -4.00307899e-03
-5.99663302e-01 6.75101826e-03 -7.60653920e-04 1.21072165e-03 -4.05291780e-03
-5.98405843e-01 6.77432947e-03 -7.73177969e-04 1.16617229e-03 -4.10083182e-03
-5.97146909e-01 6.79478789e-03 -7.81639296e-04 1.12290646e-03 -4.14654647e-03
-5.95886503e-01 6.81216975e-03 -7.86057453e-04 1.08102951e-03 -4.18982997e-03
-5.94624627e-01 6.82628723e-03 -7.86463087e-04 1.04061460e-03 -4.23049277e-03
-5.93361284e-01 6.83698917e-03 -7.82900234e-04 1.00170397e-03 -4.26838624e-03
-5.92096478e-01 6.84416137e-03 -7.75428650e-04 9.64310736e-04 -4.30340072e-03
-5.90830212e-01 6.84772630e-03 -7.64126118e-04 9.28420962e-04 -4.33546308e-03
-5.89562488e-01 6.84764250e-03 -7.49090642e-04 8.93996106e-04 -4.36453366e-03
-5.88293311e-01 6.84390344e-03 -7.30442462e-04 8.60975775e-04 -4.39060289e-03
-5.87022683e-01 6.83653603e-03 -7.08325827e-04 8.29280722e-04 -4.41368758e-03
-5.85750607e-01 6.82559880e-03 -6.82910443e-04 7.98816050e-04 -4.43382695e-03
-5.84477087e-01 6.81117965e-03 -6.54392546e-04 7.69474566e-04 -4.45107858e-03
-5.83202125e-01 6.79339351e-03 -6.22995551e-04 7.41140227e-04 -4.46551426e-03
-5.81925725e-01 6.77237952e-03 -5.88970221e-04 7.13691630e-04 -4.47721590e-03
-5.80647890e-01 6.74829826e-03 -5.52594325e-04 6.87005481e-04 -4.48627164e-03
-5.79368623e-01 6.72132865e-03 -5.14171773e-04 6.60959992e-04 -4.49277204e-03
-5.78087927e-01 6.69166485e-03 -4.74031196e-04 6.35438148e-04 -4.49680664e-03
-5.76805805e-01 6.65951306e-03 -4.32523983e-04 6.10330795e-04 -4.49846080e-03
-5.75522261e-01 6.62508830e-03 -3.90021787e-04 5.85539501e-04 -4.49781297e-03
-5.74237298e-01 6.58861125e-03 -3.46913516e-04 5.60979139e-04 -4.49493233e-03
-5.72950918e-01 6.55030508e-03 -3.03601852e-04 5.36580168e-04 -4.48987688e-03
-5.71663126e-01 6.51039248e-03 -2.60499342e-04 5.12290551e-04 -4.48269205e-03
-5.70373923e-01 6.46909272e-03 -2.18024115e-04 4.88077322e-04 -4.47340974e-03
-5.69083314e-01 6.42661890e-03 -1.76595293e-04 4.63927734e-04 -4.46204783e-03
-5.67791302e-01 6.38317545e-03 -1.36628171e-04 4.39850019e-04 -4.44861014e-03
-5.66497889e-01 6.33895576e-03 -9.85292445e-05 4.15873721e-04 -4.43308688e-03
-5.65203079e-01 6.29414006e-03 -6.26911678e-05 3.92049617e-04 -4.41545544e-03
-5.63906875e-01 6.24889360e-03 -2.94877342e-05 3.68449229e-04 -4.39568162e-03
-5.62609281e-01 6.20336508e-03 7.31035458e-07 3.45163948e-04 -4.37372108e-03
-5.61310299e-01 6.15768528e-03 2.76436064e-05 3.22303776e-04 -4.34952123e-03
-5.60009933e-01 6.11196615e-03 5.09613591e-05 2.99995732e-04 -4.32302322e-03
-5.58708186e-01 6.06630000e-03 7.04326528e-05 2.78381939e-04 -4.29416418e-03
-5.57405060e-01 6.02075919e-03 8.58464462e-05 2.57617436e-04 -4.26287958e-03
-5.56100561e-01 5.97539594e-03 9.70354066e-05 2.37867763e-04 -4.22910570e-03
-5.54794689e-01 5.93024262e-03 1.03878447e-04 2.19306345e-04 -4.19278208e-03
-5.53487450e-01 5.88531219e-03 1.06302640e-04 2.02111748e-04 -4.15385400e-03
-5.52178845e-01 5.84059905e-03 1.04284471e-04 1.86464831e-04 -4.11227491e-03
-5.50868879e-01 5.79608012e-03 9.78503983e-05 1.72545862e-04 -4.06800874e-03
-5.49557555e-01 5.75171619e-03 8.70767099e-05 1.60531640e-04 -4.02103208e-03
-5.48244874e-01 5.70745359e-03 7.20886667e-05 1.50592669e-04 -3.97133626e-03
-5.46930842e-01 5.66322603e-03 5.30589475e-05 1.42890435e-04 -3.91892911e-03
-5.45615461e-01 5.61895671e-03 3.02054125e-05 1.37574826e-04 -3.86383671e-03
-5.44298735e-01 5.57456065e-03 3.78822032e-06 1.34781741e-04 -3.80610471e-03
-5.42980666e-01 5.52994712e-03 -2.58936587e-05 1.34630911e-04 -3.74579956e-03
-5.41661258e-01 5.48502230e-03 -5.85064772e-05 1.37223980e-04 -3.68300946e-03
-5.40340514e-01 5.43969201e-03 -9.36862322e-05 1.42642856e-04 -3.61784501e-03
-5.39018438e-01 5.39386453e-03 -1.31043599e-04 1.50948367e-04 -3.55043970e-03
-5.37695032e-01 5.34745346e-03 -1.70169206e-04 1.62179220e-04 -3.48095010e-03
-5.36370301e-01 5.30038060e-03 -2.10639153e-04 1.76351295e-04 -3.40955579e-03
-5.35044246e-01 5.25257876e-03 -2.52020712e-04 1.93457247e-04 -3.33645914e-03
-5.33716872e-01 5.20399453e-03 -2.93878092e-04 2.13466450e-04 -3.26188475e-03
-5.32388182e-01 5.15459090e-03 -3.35778205e-04 2.36325237e-04 -3.18607875e-03
-5.31058179e-01 5.10434974e-03 -3.77296326e-04 2.61957460e-04 -3.10930787e-03
-5.29726866e-01 5.05327402e-03 -4.18021577e-04 2.90265322e-04 -3.03185827e-03
-5.28394247e-01 5.00138980e-03 -4.57562144e-04 3.21130478e-04 -2.95403421e-03
-5.27060325e-01 4.94874799e-03 -4.95550158e-04 3.54415376e-04 -2.87615648e-03
-5.25725102e-01 4.89542565e-03 -5.31646167e-04 3.89964805e-04 -2.79856072e-03
-5.24388584e-01 4.84152699e-03 -5.65543135e-04 4.27607627e-04 -2.72159546e-03
-5.23050772e-01 4.78718399e-03 -5.96969928e-04 4.67158657e-04 -2.64562008e-03
-5.21711670e-01 4.73255654e-03 -6.25694228e-04 5.08420650e-04 -2.57100255e-03
-5.20371281e-01 4.67783213e-03 -6.51524846e-04 5.51186388e-04 -2.49811700e-03
-5.19029610e-01 4.62322509e-03 -6.74313418e-04 5.95240792e-04 -2.42734117e-03
-5.17686658e-01 4.56897531e-03 -6.93955453e-04 6.40363076e-04 -2.35905366e-03
-5.16342429e-01 4.51534656e-03 -7.10390750e-04 6.86328864e-04 -2.29363114e-03
-5.14996927e-01 4.46262422e-03 -7.23603170e-04 7.32912276e-04 -2.23144532e-03
-5.13650155e-01 4.41111263e-03 -7.33619793e-04 7.79887946e-04 -2.17285987e-03
-5.12302117e-01 4.36113196e-03 -7.40509475e-04 8.27032934e-04 -2.11822727e-03
-5.10952815e-01 4.31301468e-03 -7.44380842e-04 8.74128535e-04 -2.06788551e-03
-5.09602252e-01 4.26710162e-03 -7.45379767e-04 9.20961946e-04 -2.02215486e-03
-5.08250433e-01 4.22373778e-03 -7.43686365e-04 9.67327792e-04 -1.98133447e-03
-5.06897361e-01 4.18326774e-03 -7.39511567e-04 1.01302949e-03 -1.94569915e-03
-5.05543038e-01 4.14603101e-03 -7.33093335e-04 1.05788043e-03 -1.91549606e-03
-5.04187469e-01 4.11235709e-03 -7.24692568e-04 1.10170502e-03 -1.89094156e-03
-5.02830656e-01 4.08256051e-03 -7.14588781e-04 1.14433953e-03 -1.87221818e-03
-5.01472604e-01 4.05693592e-03 -7.03075607e-04 1.18563276e-03 -1.85947176e-03
-5.00113314e-01 4.03575318e-03 -6.90456201e-04 1.22544654e-03 -1.85280880e-03
-4.98752791e-01 4.01925265e-03 -6.77038615e-04 1.26365611e-03 -1.85229411e-03
-4.97391039e-01 4.00764069e-03 -6.63131199e-04 1.30015027e-03 -1.85794874e-03
-4.96028059e-01 4.00108559e-03 -6.49038111e-04 1.33483144e-03 -1.86974827e-03
-4.94663856e-01 3.99971372e-03 -6.35054981e-04 1.36761559e-03 -1.88762158e-03
-4.93298434e-01 4.00360636e-03 -6.21464802e-04 1.39843200e-03 -1.91144999e-03
-4.91931794e-01 4.01279690e-03 -6.08534090e-04 1.42722298e-03 -1.94106695e-03
-4.90563942e-01 4.02726877e-03 -5.96509382e-04 1.45394343e-03 -1.97625818e-03
-4.89194880e-01 4.04695398e-03 -5.85614088e-04 1.47856038e-03 -2.01676249e-03
-4.87824611e-01 4.07173235e-03 -5.76045767e-04 1.50105242e-03 -2.06227304e-03
-4.86453139e-01 4.10143154e-03 -5.67973841e-04 1.52140911e-03 -2.11243926e-03
-4.85080468e-01 4.13582778e-03 -5.61537769e-04 1.53963033e-03 -2.16686938e-03
-4.83706600e-01 4.17464741e-03 -5.56845728e-04 1.55572563e-03 -2.22513348e-03
-4.82331539e-01 4.21756919e-03 -5.53973773e-04 1.56971353e-03 -2.28676716e-03
-4.80955289e-01 4.26422733e-03 -5.52965518e-04 1.58162085e-03 -2.35127572e-03
-4.79577853e-01 4.31421530e-03 -5.53832320e-04 1.59148204e-03 -2.41813892e-03
-4.78199234e-01 4.36709024e-03 -5.56553951e-04 1.59933853e-03 -2.48681609e-03
-4.76819436e-01 4.42237812e-03 -5.61079764e-04 1.60523806e-03 -2.55675176e-03
-4.75438462e-01 4.47957935e-03 -5.67330308e-04 1.60923410e-03 -2.62738152e-03
-4.74056315e-01 4.53817490e-03 -5.75199381e-04 1.61138528e-03 -2.69813828e-03
-4.72672999e-01 4.59763287e-03 -5.84556481e-04 1.61175485e-03 -2.76845854e-03
-4.71288518e-01 4.65741527e-03 -5.95249607e-04 1.61041017e-03 -2.83778895e-03
-4.69902874e-01 4.71698506e-03 -6.07108381e-04 1.60742232e-03 -2.90559270e-03
-4.68516071e-01 4.77581327e-03 -6.19947434e-04 1.60286562e-03 -2.97135591e-03
-4.67128113e-01 4.83338602e-03 -6.33569992e-04 1.59681733e-03 -3.03459381e-03
-4.65739003e-01 4.88921148e-03 -6.47771623e-04 1.58935731e-03 -3.09485659e-03
-4.64348744e-01 4.94282652e-03 -6.62344075e-04 1.58056775e-03 -3.15173490e-03
-4.62957340e-01 4.99380302e-03 -6.77079142e-04 1.57053292e-03 -3.20486483e-03
-4.61564795e-01 5.04175364e-03 -6.91772501e-04 1.55933901e-03 -3.25393234e-03
-4.60171111e-01 5.08633706e-03 -7.06227452e-04 1.54707390e-03 -3.29867698e-03
-4.58776292e-01 5.12726254e-03 -7.20258500e-04 1.53382707e-03 -3.33889498e-03
-4.57380342e-01 5.16429368e-03 -7.33694721e-04 1.51968945e-03 -3.37444141e-03
-4.55983264e-01 5.19725139e-03 -7.46382846e-04 1.50475332e-03 -3.40523161e-03
-4.54585061e-01 5.22601595e-03 -7.58190017e-04 1.48911220e-03 -3.43124166e-03
-4.53185738e-01 5.25052811e-03 -7.69006153e-04 1.47286077e-03 -3.45250800e-03
-4.51785296e-01 5.27078931e-03 -7.78745896e-04 1.45609475e-03 -3.46912611e-03
-4.50383741e-01 5.28686080e-03 -7.87350082e-04 1.43891080e-03 -3.48124826e-03
-4.48981074e-01 5.29886191e-03 -7.94786709e-04 1.42140639e-03 -3.48908040e-03
-4.47577301e-01 5.30696730e-03 -8.01051386e-04 1.40367963e-03 -3.49287824e-03
-4.46172424e-01 5.31140333e-03 -8.06167233e-04 1.38582909e-03 -3.49294244e-03
-4.44766446e-01 5.31244358e-03 -8.10184229e-04 1.36795359e-03 -3.48961317e-03
-4.43359371e-01 5.31040357e-03 -8.13178020e-04 1.35015190e-03 -3.48326399e-03
-4.41951203e-01 5.30563478e-03 -8.15248175e-04 1.33252247e-03 -3.47429517e-03
-4.40541946e-01 5.29851811e-03 -8.16515938e-04 1.31516300e-03 -3.46312657e-03
-4.39131601e-01 5.28945680e-03 -8.17121476e-04 1.29817012e-03 -3.45019024e-03
-4.37720174e-01 5.27886904e-03 -8.17220698e-04 1.28163881e-03 -3.43592274e-03
-4.36307667e-01 5.26718029e-03 -8.16981651e-04 1.26566197e-03 -3.42075744e-03
-4.34894084e-01 5.25481548e-03 -8.16580597e-04 1.25032979e-03 -3.40511684e-03
-4.33479429e-01 5.24219135e-03 -8.16197793e-04 1.23572914e-03 -3.38940508e-03
-4.32063705e-01 5.22970879e-03 -8.16013071e-04 1.22194290e-03 -3.37400080e-03
-4.30646915e-01 5.21774564e-03 -8.16201290e-04 1.20904927e-03 -3.35925034e-03
-4.29229063e-01 5.20664981e-03 -8.16927738e-04 1.19712100e-03 -3.34546165e-03
-4.27810152e-01 5.19673303e-03 -8.18343571e-04 1.18622470e-03 -3.33289868e-03
-4.26390187e-01 5.18826521e-03 -8.20581374e-04 1.17642002e-03 -3.32177673e-03
-4.24969170e-01 5.18146965e-03 -8.23750936e-04 1.16775891e-03 -3.31225851e-03
-4.23547105e-01 5.17651905e-03 -8.27935319e-04 1.16028490e-03 -3.30445118e-03
-4.22123995e-01 5.17353250e-03 -8.33187307e-04 1.15403241e-03 -3.29840440e-03
-4.20699844e-01 5.17257348e-03 -8.39526312e-04 1.14902604e-03 -3.29410937e-03
-4.19274656e-01 5.17364886e-03 -8.46935807e-04 1.14528003e-03 -3.29149892e-03
-4.17848434e-01 5.17670904e-03 -8.55361354e-04 1.14279771e-03 -3.29044867e-03
-4.16421181e-01 5.18164907e-03 -8.64709282e-04 1.14157111e-03 -3.29077920e-03
-4.14992902e-01 5.18831090e-03 -8.74846054e-04 1.14158062e-03 -3.29225928e-03
-4.13563599e-01 5.19648662e-03 -8.85598364e-04 1.14279479e-03 -3.29460996e-03
-4.12133276e-01 5.20592261e-03 -8.96753983e-04 1.14517028e-03 -3.29750960e-03
-4.10701936e-01 5.21632468e-03 -9.08063354e-04 1.14865191e-03 -3.30059971e-03
-4.09269584e-01 5.22736393e-03 -9.19241950e-04 1.15317286e-03 -3.30349146e-03
-4.07836222e-01 5.23868327e-03 -9.29973347e-04 1.15865507e-03 -3.30577275e-03
-4.06401855e-01 5.24990463e-03 -9.39913010e-04 1.16500967e-03 -3.30701580e-03
-4.04966485e-01 5.26063647e-03 -9.48692724e-04 1.17213771e-03 -3.30678498e-03
-4.03530117e-01 5.27048164e-03 -9.55925618e-04 1.17993087e-03 -3.30464493e-03
-4.02092753e-01 5.27904544e-03 -9.61211709e-04 1.18827240e-03 -3.30016861e-03
-4.00654398e-01 5.28594354e-03 -9.64143894e-04 1.19703817e-03 -3.29294534e-03
-3.99215055e-01 5.29080986e-03 -9.64314280e-04 1.20609777e-03 -3.28258849e-03
-3.97774727e-01 5.29330405e-03 -9.61320768e-04 1.21531571e-03 -3.26874289e-03
-3.96333418e-01 5.29311857e-03 -9.54773781e-04 1.22455274e-03 -3.25109163e-03
-3.94891132e-01 5.28998509e-03 -9.44303020e-04 1.23366712e-03 -3.22936221e-03
-3.93447872e-01 5.28368025e-03 -9.29564144e-04 1.24251599e-03 -3.20333200e-03
-3.92003642e-01 5.27403043e-03 -9.10245252e-04 1.25095666e-03 -3.17283272e-03
-3.90558445e-01 5.26091571e-03 -8.86073064e-04 1.25884792e-03 -3.13775407e-03
-3.89112285e-01 5.24427268e-03 -8.56818684e-04 1.26605126e-03 -3.09804627e-03
-3.87665165e-01 5.22409617e-03 -8.22302852e-04 1.27243204e-03 -3.05372153e-03
-3.86217089e-01 5.20043983e-03 -7.82400581e-04 1.27786054e-03 -3.00485449e-03
-3.84768060e-01 5.17341556e-03 -7.37045105e-04 1.28221288e-03 -2.95158143e-03
-3.83318083e-01 5.14319167e-03 -6.86231052e-04 1.28537179e-03 -2.89409845e-03
-3.81867160e-01 5.10998996e-03 -6.30016789e-04 1.28722732e-03 -2.83265857e-03
-3.80415296e-01 5.07408170e-03 -5.68525890e-04 1.28767724e-03 -2.76756777e-03
-3.78962493e-01 5.03578244e-03 -5.01947688e-04 1.28662741e-03 -2.69918008e-03
-3.77508756e-01 4.99544602e-03 -4.30536907e-04 1.28399196e-03 -2.62789183e-03
-3.76054088e-01 4.95345761e-03 -3.54612347e-04 1.27969322e-03 -2.55413509e-03
-3.74598493e-01 4.91022612e-03 -2.74554670e-04 1.27366166e-03 -2.47837046e-03
-3.73141973e-01 4.86617591e-03 -1.90803280e-04 1.26583559e-03 -2.40107938e-03
-3.71684534e-01 4.82173823e-03 -1.03852366e-04 1.25616078e-03 -2.32275598e-03
-3.70226177e-01 4.77734229e-03 -1.42461577e-05 1.24459001e-03 -2.24389881e-03
-3.68766908e-01 4.73340630e-03 7.74265440e-05 1.23108261e-03 -2.16500235e-03
-3.67306729e-01 4.69032860e-03 1.70538463e-04 1.21560385e-03 -2.08654873e-03
-3.65845645e-01 4.64847911e-03 2.64430495e-04 1.19812453e-03 -2.00899955e-03
-3.64383658e-01 4.60819117e-03 3.58418790e-04 1.17862042e-03 -1.93278821e-03
-3.62920772e-01 4.56975412e-03 4.51802182e-04 1.15707199e-03 -1.85831266e-03
-3.61456992e-01 4.53340656e-03 5.43869833e-04 1.13346409e-03 -1.78592886e-03
-3.59992320e-01 4.49933069e-03 6.33909000e-04 1.10778590e-03 -1.71594503e-03
-3.58526760e-01 4.46764766e-03 7.21212794e-04 1.08003099e-03 -1.64861675e-03
-3.57060317e-01 4.43841412e-03 8.05087831e-04 1.05019770e-03 -1.58414314e-03
-3.55592992e-01 4.41162015e-03 8.84861662e-04 1.01828960e-03 -1.52266402e-03
-3.54124791e-01 4.38718846e-03 9.59889879e-04 9.84316375e-04 -1.46425821e-03
-3.52655716e-01 4.36497509e-03 1.02956281e-03 9.48294826e-04 -1.40894307e-03
-3.51185772e-01 4.34477150e-03 1.09331169e-03 9.10250216e-04 -1.35667513e-03
-3.49714961e-01 4.32630815e-03 1.15061431e-03 8.70217838e-04 -1.30735194e-03
-3.48243288e-01 4.30925941e-03 1.20099994e-03 8.28244818e-04 -1.26081505e-03
-3.46770756e-01 4.29324983e-03 1.24405360e-03 7.84392130e-04 -1.21685411e-03
-3.45297369e-01 4.27786165e-03 1.27941964e-03 7.38736784e-04 -1.17521196e-03
-3.43823131e-01 4.26264346e-03 1.30680447e-03 6.91374140e-04 -1.13559073e-03
-3.42348044e-01 4.24711978e-03 1.32597858e-03 6.42420307e-04 -1.09765869e-03
-3.40872114e-01 4.23080148e-03 1.33677773e-03 5.92014551e-04 -1.06105789e-03
-3.39395342e-01 4.21319690e-03 1.33910345e-03 5.40321663e-04 -1.02541231e-03
-3.37917734e-01 4.19382328e-03 1.33292273e-03 4.87534200e-04 -9.90336518e-04
-3.36439292e-01 4.17221851e-03 1.31826702e-03 4.33874542e-04 -9.55444507e-04
-3.34960021e-01 4.14795285e-03 1.29523058e-03 3.79596672e-04 -9.20358735e-04
-3.33479923e-01 4.12064042e-03 1.26396821e-03 3.24987608e-04 -8.84719053e-04
-3.31999003e-01 4.08995024e-03 1.22469239e-03 2.70368419e-04 -8.48191435e-04
-3.30517264e-01 4.05561659e-03 1.17767004e-03 2.16094740e-04 -8.10476324e-04
-3.29034710e-01 4.01744849e-03 1.12321868e-03 1.62556726e-04 -7.71316440e-04
-3.27551345e-01 3.97533809e-03 1.06170242e-03 1.10178384e-04 -7.30503905e-04
-3.26067172e-01 3.92926776e-03 9.93527554e-04 5.94162394e-05 -6.87886540e-04
-3.24582195e-01 3.87931577e-03 9.19137980e-04 1.07572829e-05 -6.43373227e-04
-3.23096417e-01 3.82566033e-03 8.39010514e-04 -3.52838116e-05 -5.96938211e-04
-3.21609843e-01 3.76858199e-03 7.53650086e-04 -7.81682239e-05 -5.48624272e-04
-3.20122475e-01 3.70846415e-03 6.63584959e-04 -1.17337270e-04 -4.98544684e-04
-3.18634318e-01 3.64579183e-03 5.69361990e-04 -1.52217414e-04 -4.46883925e-04
-3.17145375e-01 3.58114850e-03 4.71542000e-04 -1.82225976e-04 -3.93897102e-04
-3.15655650e-01 3.51521106e-03 3.70695288e-04 -2.06777482e-04 -3.39908106e-04
-3.14165146e-01 3.44874302e-03 2.67397338e-04 -2.25290591e-04 -2.85306492e-04
-3.12673868e-01 3.38258590e-03 1.62224750e-04 -2.37195516e-04 -2.30543149e-04
-3.11181819e-01 3.31764908e-03 5.57514150e-05 -2.41941840e-04 -1.76124813e-04
-3.09689002e-01 3.25489811e-03 -5.14550427e-05 -2.39006619e-04 -1.22607507e-04
-3.08195421e-01 3.19534170e-03 -1.58836544e-04 -2.27902636e-04 -7.05890201e-05
-3.06701080e-01 3.14001765e-03 -2.65847552e-04 -2.08186702e-04 -2.07005294e-05
-3.05205983e-01 3.08997787e-03 -3.71957782e-04 -1.79467825e-04 2.64024767e-05
-3.03710134e-01 3.04627273e-03 -4.76654637e-04 -1.41415137e-04 7.00498457e-05
-3.02213535e-01 3.00993505e-03 -5.79445369e-04 -9.37654079e-05 1.09566809e-04
-3.00716191e-01 2.98196397e-03 -6.79858985e-04 -3.63300121e-05 1.44284267e-04
-2.99218105e-01 2.96330891e-03 -7.77447910e-04 3.09988009e-05 1.73549148e-04
-2.97719282e-01 2.95485401e-03 -8.71789427e-04 1.08242466e-04 1.96734654e-04
-2.96219724e-01 2.95740325e-03 -9.62486910e-04 1.95331623e-04 2.13250243e-04
-2.94719436e-01 2.97166649e-03 -1.04917086e-03 2.92102701e-04 2.22551168e-04
-2.93218420e-01 2.99824671e-03 -1.13149981e-03 3.98295688e-04 2.24147424e-04
-2.91716682e-01 3.03762869e-03 -1.20916098e-03 5.13553143e-04 2.17611950e-04
-2.90214224e-01 3.09016928e-03 -1.28187096e-03 6.37420527e-04 2.02587953e-04
-2.88711051e-01 3.15608949e-03 -1.34937606e-03 7.69347893e-04 1.78795245e-04
-2.87207166e-01 3.23546850e-03 -1.41145276e-03 9.08692948e-04 1.46035466e-04
-2.85702572e-01 3.32823977e-03 -1.46790790e-03 1.05472549e-03 1.04196143e-04
-2.84197274e-01 3.43418922e-03 -1.51857884e-03 1.20663315e-03 5.32534914e-05
-2.82691274e-01 3.55295566e-03 -1.56333354e-03 1.36352850e-03 -6.72606128e-06
-2.81184578e-01 3.68403332e-03 -1.60207048e-03 1.52445726e-03 -7.55856634e-05
-2.79677188e-01 3.82677658e-03 -1.63471861e-03 1.68840765e-03 -1.53079130e-04
-2.78169109e-01 3.98040675e-03 -1.66123707e-03 1.85432080e-03 -2.38873314e-04
-2.76660343e-01 4.14402086e-03 -1.68161489e-03 2.02110183e-03 -3.32551717e-04
-2.75150895e-01 4.31660215e-03 -1.69587059e-03 2.18763181e-03 -4.33619270e-04
-2.73640769e-01 4.49703238e-03 -1.70405162e-03 2.35278003e-03 -5.41508202e-04
-2.72129968e-01 4.68410545e-03 -1.70623374e-03 2.51541672e-03 -6.55584900e-04
-2.70618495e-01 4.87654233e-03 -1.70252020e-03 2.67442586e-03 -7.75157635e-04
-2.69106356e-01 5.07300694e-03 -1.69304091e-03 2.82871789e-03 -8.99485036e-04
-2.67593552e-01 5.27212274e-03 -1.67795135e-03 2.97724218e-03 -1.02778517e-03
-2.66080089e-01 5.47248979e-03 -1.65743139e-03 3.11899901e-03 -1.15924504e-03
-2.64565969e-01 5.67270196e-03 -1.63168404e-03 3.25305093e-03 -1.29303048e-03
-2.63051197e-01 5.87136407e-03 -1.60093393e-03 3.37853321e-03 -1.42829605e-03
-2.61535776e-01 6.06710863e-03 -1.56542576e-03 3.49466337e-03 -1.56419505e-03
-2.60019711e-01 6.25861192e-03 -1.52542260e-03 3.60074954e-03 -1.69988932e-03
-2.58503004e-01 6.44460921e-03 -1.48120400e-03 3.69619748e-03 -1.83455869e-03
-2.56985659e-01 6.62390887e-03 -1.43306411e-03 3.78051631e-03 -1.96741003e-03
-2.55467681e-01 6.79540511e-03 -1.38130957e-03 3.85332270e-03 -2.09768572e-03
-2.53949073e-01 6.95808926e-03 -1.32625743e-03 3.91434356e-03 -2.22467134e-03
-2.52429838e-01 7.11105938e-03 -1.26823292e-03 3.96341718e-03 -2.34770267e-03
-2.50909981e-01 7.25352804e-03 -1.20756721e-03 4.00049283e-03 -2.46617167e-03
-2.49389505e-01 7.38482835e-03 -1.14459516e-03 4.02562879e-03 -2.57953162e-03
-2.47868414e-01 7.50441793e-03 -1.07965302e-03 4.03898890e-03 -2.68730113e-03
-2.46346712e-01 7.61188109e-03 -1.01307618e-03 4.04083779e-03 -2.78906715e-03
-2.44824402e-01 7.70692900e-03 -9.45196979e-04 4.03153468e-03 -2.88448691e-03
-2.43301489e-01 7.78939804e-03 -8.76342481e-04 4.01152613e-03 -2.97328878e-03
-2.41777975e-01 7.85924635e-03 -8.06832460e-04 3.98133764e-03 -3.05527204e-03
-2.40253865e-01 7.91654875e-03 -7.36977407e-04 3.94156447e-03 -3.13030568e-03
-2.38729163e-01 7.96149010e-03 -6.67076689e-04 3.89286170e-03 -3.19832625e-03
-2.37203872e-01 7.99435732e-03 -5.97416848e-04 3.83593379e-03 -3.25933476e-03
-2.35677996e-01 8.01553024e-03 -5.28270057e-04 3.77152380e-03 -3.31339280e-03
-2.34151539e-01 8.02547143e-03 -4.59892752e-04 3.70040244e-03 -3.36061793e-03
-2.32624504e-01 8.02471537e-03 -3.92524445e-04 3.62335723e-03 -3.40117847e-03
-2.31096895e-01 8.01385693e-03 -3.26386739e-04 3.54118183e-03 -3.43528775e-03
-2.29568717e-01 7.99353966e-03 -2.61682531e-04 3.45466579e-03 -3.46319801e-03
-2.28039973e-01 7.96444392e-03 -1.98595430e-04 3.36458488e-03 -3.48519396e-03
-2.26510666e-01 7.92727511e-03 -1.37289377e-04 3.27169213e-03 -3.50158628e-03
-2.24980800e-01 7.88275224e-03 -7.79084666e-05 3.17670969e-03 -3.51270499e-03
-2.23450380e-01 7.83159703e-03 -2.05769703e-05 3.08032170e-03 -3.51889297e-03
-2.21919408e-01 7.77452363e-03 3.46004464e-05 2.98316814e-03 -3.52049965e-03
-2.20387890e-01 7.71222926e-03 8.75383258e-05 2.88583990e-03 -3.51787497e-03
-2.18855828e-01 7.64538575e-03 1.38169846e-04 2.78887485e-03 -3.51136382e-03
-2.17323226e-01 7.57463221e-03 1.86446088e-04 2.69275524e-03 -3.50130079e-03
-2.15790088e-01 7.50056879e-03 2.32335164e-04 2.59790618e-03 -3.48800568e-03
-2.14256418e-01 7.42375175e-03 2.75821214e-04 2.50469526e-03 -3.47177942e-03
-2.12722219e-01 7.34468969e-03 3.16903289e-04 2.41343331e-03 -3.45290083e-03
-2.11187496e-01 7.26384106e-03 3.55594157e-04 2.32437618e-03 -3.43162389e-03
-2.09652252e-01 7.18161289e-03 3.91919024e-04 2.23772734e-03 -3.40817588e-03
-2.08116491e-01 7.09836068e-03 4.25914213e-04 2.15364149e-03 -3.38275614e-03
-2.06580217e-01 7.01438943e-03 4.57625813e-04 2.07222871e-03 -3.35553558e-03
-2.05043433e-01 6.92995563e-03 4.87108314e-04 1.99355926e-03 -3.32665686e-03
-2.03506144e-01 6.84527020e-03 5.14423267e-04 1.91766888e-03 -3.29623523e-03
-2.01968353e-01 6.76050221e-03 5.39637959e-04 1.84456423e-03 -3.26436002e-03
-2.00430064e-01 6.67578325e-03 5.62824158e-04 1.77422870e-03 -3.23109659e-03
-1.98891280e-01 6.59121228e-03 5.84056914e-04 1.70662806e-03 -3.19648885e-03
-1.97352006e-01 6.50686095e-03 6.03413463e-04 1.64171608e-03 -3.16056219e-03
-1.95812245e-01 6.42277901e-03 6.20972225e-04 1.57943996e-03 -3.12332669e-03
-1.94272002e-01 6.33899992e-03 6.36811928e-04 1.51974527e-03 -3.08478067e-03
-1.92731279e-01 6.25554631e-03 6.51010864e-04 1.46258059e-03 -3.04491431e-03
-1.91190081e-01 6.17243534e-03 6.63646288e-04 1.40790147e-03 -3.00371344e-03
-1.89648411e-01 6.08968363e-03 6.74793974e-04 1.35567386e-03 -2.96116325e-03
-1.88106274e-01 6.00731194e-03 6.84527922e-04 1.30587685e-03 -2.91725196e-03
-1.86563673e-01 5.92534915e-03 6.92920237e-04 1.25850468e-03 -2.87197431e-03
-1.85020611e-01 5.84383582e-03 7.00041163e-04 1.21356801e-03 -2.82533473e-03
-1.83477094e-01 5.76282701e-03 7.05959284e-04 1.17109455e-03 -2.77735027e-03
-1.81933124e-01 5.68239443e-03 7.10741880e-04 1.13112884e-03 -2.72805312e-03
-1.80388705e-01 5.60262791e-03 7.14455423e-04 1.09373149e-03 -2.67749269e-03
-1.78843841e-01 5.52363610e-03 7.17166217e-04 1.05897770e-03 -2.62573714e-03
-1.77298536e-01 5.44554653e-03 7.18941155e-04 1.02695528e-03 -2.57287453e-03
-1.75752795e-01 5.36850495e-03 7.19848575e-04 9.97762084e-04 -2.51901327e-03
-1.74206619e-01 5.29267403e-03 7.19959198e-04 9.71503171e-04 -2.46428214e-03
-1.72660014e-01 5.21823153e-03 7.19347125e-04 9.48287542e-04 -2.40882966e-03
-1.71112983e-01 5.14536792e-03 7.18090858e-04 9.28224708e-04 -2.35282298e-03
-1.69565531e-01 5.07428357e-03 7.16274328e-04 9.11421135e-04 -2.29644620e-03
-1.68017660e-01 5.00518564e-03 7.13987881e-04 8.97976657e-04 -2.23989820e-03
-1.66469374e-01 4.93828462e-03 7.11329219e-04 8.87980985e-04 -2.18339002e-03
-1.64920678e-01 4.87379080e-03 7.08404224e-04 8.81510371e-04 -2.12714183e-03
-1.63371576e-01 4.81191064e-03 7.05327672e-04 8.78624538e-04 -2.07137957e-03
-1.61822070e-01 4.75284310e-03 7.02223771e-04 8.79363941e-04 -2.01633129e-03
-1.60272166e-01 4.69677617e-03 6.99226510e-04 8.83747429e-04 -1.96222324e-03
-1.58721866e-01 4.64388355e-03 6.96479789e-04 8.91770368e-04 -1.90927593e-03
-1.57171175e-01 4.59432153e-03 6.94137292e-04 9.03403257e-04 -1.85770002e-03
-1.55620096e-01 4.54822635e-03 6.92362087e-04 9.18590887e-04 -1.80769230e-03
-1.54068633e-01 4.50571179e-03 6.91325932e-04 9.37252042e-04 -1.75943179e-03
-1.52516790e-01 4.46686727e-03 6.91208278e-04 9.59279744e-04 -1.71307594e-03
-1.50964572e-01 4.43175645e-03 6.92194947e-04 9.84542057e-04 -1.66875721e-03
-1.49411981e-01 4.40041625e-03 6.94476493e-04 1.01288339e-03 -1.62657991e-03
-1.47859021e-01 4.37285641e-03 6.98246246e-04 1.04412631e-03 -1.58661749e-03
-1.46305697e-01 4.34905952e-03 7.03698053e-04 1.07807374e-03 -1.54891028e-03
-1.44752012e-01 4.32898163e-03 7.11023721e-04 1.11451163e-03 -1.51346375e-03
-1.43197970e-01 4.31255317e-03 7.20410211e-04 1.15321185e-03 -1.48024741e-03
-1.41643575e-01 4.29968050e-03 7.32036592e-04 1.19393540e-03 -1.44919423e-03
-1.40088830e-01 4.29024768e-03 7.46070804e-04 1.23643577e-03 -1.42020072e-03
-1.38533740e-01 4.28411874e-03 7.62666285e-04 1.28046245e-03 -1.39312774e-03
-1.36978309e-01 4.28114012e-03 7.81958502e-04 1.32576437e-03 -1.36780186e-03
-1.35422539e-01 4.28114348e-03 8.04061443e-04 1.37209341e-03 -1.34401743e-03
-1.33866436e-01 4.28394862e-03 8.29064156e-04 1.41920768e-03 -1.32153925e-03
-1.32310002e-01 4.28936649e-03 8.57027367e-04 1.46687470e-03 -1.30010586e-03
-1.30753243e-01 4.29720238e-03 8.87980275e-04 1.51487428e-03 -1.27943338e-03
-1.29196160e-01 4.30725903e-03 9.21917585e-04 1.56300109e-03 -1.25921982e-03
-1.27638760e-01 4.31933966e-03 9.58796840e-04 1.61106692e-03 -1.23914985e-03
-1.26081044e-01 4.33325098e-03 9.98536139e-04 1.65890246e-03 -1.21889996e-03
-1.24523017e-01 4.34880596e-03 1.04101229e-03 1.70635880e-03 -1.19814385e-03
-1.22964684e-01 4.36582644e-03 1.08605948e-03 1.75330836e-03 -1.17655805e-03
-1.21406047e-01 4.38414547e-03 1.13346847e-03 1.79964544e-03 -1.15382763e-03
-1.19847110e-01 4.40360939e-03 1.18298647e-03 1.84528631e-03 -1.12965190e-03
-1.18287878e-01 4.42407958e-03 1.23431755e-03 1.89016889e-03 -1.10375009e-03
-1.16728355e-01 4.44543391e-03 1.28712386e-03 1.93425202e-03 -1.07586671e-03
-1.15168543e-01 4.46756783e-03 1.34102743e-03 1.97751429e-03 -1.04577672e-03
-1.13608448e-01 4.49039512e-03 1.39561273e-03 2.01995265e-03 -1.01329028e-03
-1.12048072e-01 4.51384829e-03 1.45042993e-03 2.06158059e-03 -9.78257021e-04
-1.10487420e-01 4.53787866e-03 1.50499880e-03 2.10242615e-03 -9.40569702e-04
-1.08926495e-01 4.56245604e-03 1.55881330e-03 2.14252976e-03 -9.00167314e-04
-1.07365302e-01 4.58756819e-03 1.61134672e-03 2.18194187e-03 -8.57037403e-04
-1.05803844e-01 4.61321991e-03 1.66205741e-03 2.22072054e-03 -8.11217652e-04
-1.04242126e-01 4.63943189e-03 1.71039493e-03 2.25892903e-03 -7.62796648e-04
-1.02680150e-01 4.66623932e-03 1.75580667e-03 2.29663340e-03 -7.11913799e-04
-1.01117920e-01 4.69369027e-03 1.79774462e-03 2.33390022e-03 -6.58758405e-04
-9.95554419e-02 4.72184394e-03 1.83567253e-03 2.37079439e-03 -6.03567848e-04
-9.79927178e-02 4.75076869e-03 1.86907296e-03 2.40737723e-03 -5.46624946e-04
-9.64297521e-02 4.78054001e-03 1.89745447e-03 2.44370473e-03 -4.88254480e-04
-9.48665486e-02 4.81123846e-03 1.92035856e-03 2.47982612e-03 -4.28818940e-04
-9.33031111e-02 4.84294746e-03 1.93736637e-03 2.51578273e-03 -3.68713558e-04
-9.17394435e-02 4.87575122e-03 1.94810504e-03 2.55160716e-03 -3.08360680e-04
-9.01755497e-02 4.90973257e-03 1.95225349e-03 2.58732284e-03 -2.48203592e-04
-8.86114334e-02 4.94497100e-03 1.94954774e-03 2.62294388e-03 -1.88699864e-04
-8.70470987e-02 4.98154065e-03 1.93978535e-03 2.65847534e-03 -1.30314349e-04
-8.54825493e-02 5.01950858e-03 1.92282915e-03 2.69391379e-03 -7.35119320e-05
-8.39177890e-02 5.05893310e-03 1.89861016e-03 2.72924822e-03 -1.87501665e-05
-8.23528218e-02 5.09986234e-03 1.86712939e-03 2.76446130e-03 3.35280805e-05
-8.07876515e-02 5.14233299e-03 1.82845879e-03 2.79953088e-03 8.29018416e-05
-7.92222820e-02 5.18636934e-03 1.78274113e-03 2.83443176e-03 1.28978988e-04
-7.76567171e-02 5.23198246e-03 1.73018874e-03 2.86913769e-03 1.71402769e-04
-7.60909607e-02 5.27916975e-03 1.67108135e-03 2.90362353e-03 2.09857816e-04
-7.45250166e-02 5.32791472e-03 1.60576272e-03 2.93786757e-03 2.44075514e-04
-7.29588887e-02 5.37818702e-03 1.53463642e-03 2.97185391e-03 2.73838603e-04
-7.13925810e-02 5.42994278e-03 1.45816061e-03 3.00557489e-03 2.98984933e-04
-6.98260971e-02 5.48312526e-03 1.37684186e-03 3.03903348e-03 3.19410284e-04
-6.82594410e-02 5.53766573e-03 1.29122838e-03 3.07224567e-03 3.35070169e-04
-6.66926166e-02 5.59348460e-03 1.20190235e-03 3.10524265e-03 3.45980579e-04
-6.51256278e-02 5.65049285e-03 1.10947191e-03 3.13807292e-03 3.52217634e-04
-6.35584783e-02 5.70859367e-03 1.01456249e-03 3.17080409e-03 3.53916114e-04
-6.19911720e-02 5.76768428e-03 9.17808074e-04 3.20352449e-03 3.51266882e-04
-6.04237129e-02 5.82765797e-03 8.19842136e-04 3.23634445e-03 3.44513225e-04
-5.88561048e-02 5.88840625e-03 7.21288695e-04 3.26939726e-03 3.33946142e-04
-5.72883515e-02 5.94982111e-03 6.22753477e-04 3.30283968e-03 3.19898660e-04
-5.57204570e-02 6.01179737e-03 5.24815404e-04 3.33685212e-03 3.02739248e-04
-5.41524250e-02 6.07423503e-03 4.28018535e-04 3.37163837e-03 2.82864435e-04
-5.25842595e-02 6.13704164e-03 3.32864614e-04 3.40742482e-03 2.60690744e-04
-5.10159643e-02 6.20013451e-03 2.39806348e-04 3.44445926e-03 2.36646082e-04
-4.94475433e-02 6.26344290e-03 1.49241533e-04 3.48300921e-03 2.11160719e-04
-4.78790003e-02 6.32690998e-03 6.15081578e-05 3.52335971e-03 1.84658019e-04
-4.63103392e-02 6.39049458e-03 -2.31194512e-05 3.56581070e-03 1.57545082e-04
-4.47415640e-02 6.45417268e-03 -1.04433350e-04 3.61067388e-03 1.30203470e-04
-4.31726784e-02 6.51793856e-03 -1.82293515e-04 3.65826919e-03 1.02980173e-04
-4.16036863e-02 6.58180565e-03 -2.56628161e-04 3.70892076e-03 7.61789989e-05
-4.00345917e-02 6.64580689e-03 -3.27432824e-04 3.76295262e-03 5.00525523e-05
-3.84653983e-02 6.70999477e-03 -3.94768225e-04 3.82068391e-03 2.47949459e-05
-3.68961100e-02 6.77444079e-03 -4.58756929e-04 3.88242391e-03 5.35410767e-07
-3.53267308e-02 6.83923458e-03 -5.19578864e-04 3.94846672e-03 -2.26670671e-05
-3.37572644e-02 6.90448245e-03 -5.77465758e-04 4.01908587e-03 -4.48279587e-05
-3.21877148e-02 6.97030545e-03 -6.32694593e-04 4.09452866e-03 -6.60401499e-05
-3.06180858e-02 7.03683699e-03 -6.85580178e-04 4.17501056e-03 -8.64755580e-05
-2.90483813e-02 7.10422002e-03 -7.36466968e-04 4.26070958e-03 -1.06385345e-04
-2.74786051e-02 7.17260368e-03 -7.85720259e-04 4.35176073e-03 -1.26098687e-04
-2.59087612e-02 7.24213967e-03 -8.33716924e-04 4.44825074e-03 -1.46020078e-04
-2.43388534e-02 7.31297823e-03 -8.80835825e-04 4.55021292e-03 -1.66625183e-04
-2.27688855e-02 7.38526380e-03 -9.27448092e-04 4.65762245e-03 -1.88455266e-04
-2.11988616e-02 7.45913051e-03 -9.73907419e-04 4.77039215e-03 -2.12110248e-04
-1.96287853e-02 7.53469754e-03 -1.02054055e-03 4.88836865e-03 -2.38240487e-04
-1.80586606e-02 7.61206433e-03 -1.06763814e-03 5.01132925e-03 -2.67537363e-04
-1.64884914e-02 7.69130591e-03 -1.11544611e-03 5.13897946e-03 -3.00722818e-04
-1.49182815e-02 7.77246831e-03 -1.16415774e-03 5.27095127e-03 -3.38537971e-04
-1.33480349e-02 7.85556420e-03 -1.21390649e-03 5.40680222e-03 -3.81730987e-04
-1.17777553e-02 7.94056878e-03 -1.26475992e-03 5.54601539e-03 -4.31044375e-04
-1.02074466e-02 8.02741617e-03 -1.31671453e-03 5.68800029e-03 -4.87201892e-04
-8.63711283e-03 8.11599619e-03 -1.36969190e-03 5.83209475e-03 -5.50895271e-04
-7.06675773e-03 8.20615181e-03 -1.42353606e-03 5.97756773e-03 -6.22770966e-04
-5.49638519e-03 8.29767719e-03 -1.47801215e-03 6.12362322e-03 -7.03417126e-04
-3.92599911e-03 8.39031650e-03 -1.53280648e-03 6.26940510e-03 -7.93351004e-04
-2.35560334e-03 8.48376348e-03 -1.58752801e-03 6.41400299e-03 -8.93007013e-04
-7.85201758e-04 8.57766189e-03 -1.64171112e-03 6.55645909e-03 -1.00272562e-03
7.85201758e-04 8.67160679e-03 -1.69481989e-03 6.69577590e-03 -1.12274325e-03
2.35560334e-03 8.76514670e-03 -1.74625355e-03 6.83092486e-03 -1.25318345e-03
3.92599911e-03 8.85778675e-03 -1.79535331e-03 6.96085571e-03 -1.39404933e-03
5.49638519e-03 8.94899255e-03 -1.84141027e-03 7.08450657e-03 -1.54521754e-03
7.06675773e-03 9.03819508e-03 -1.88367444e-03 7.20081468e-03 -1.70643393e-03
8.63711283e-03 9.12479626e-03 -1.92136467e-03 7.30872750e-03 -1.87731080e-03
1.02074466e-02 9.20817531e-03 -1.95367943e-03 7.40721426e-03 -2.05732602e-03
1.17777553e-02 9.28769584e-03 -1.97980815e-03 7.49527767e-03 -2.24582399e-03
1.33480349e-02 9.36271338e-03 -1.99894313e-03 7.57196576e-03 -2.44201838e-03
1.49182815e-02 9.43258350e-03 -2.01029171e-03 7.63638353e-03 -2.64499676e-03
1.64884914e-02 9.49667022e-03 -2.01308862e-03 7.68770450e-03 -2.85372704e-03
1.80586606e-02 9.55435465e-03 -2.00660822e-03 7.72518177e-03 -3.06706564e-03
1.96287853e-02 9.60504378e-03 -1.99017654e-03 7.74815851e-03 -3.28376725e-03
2.11988616e-02 9.64817911e-03 -1.96318292e-03 7.75607784e-03 -3.50249627e-03
2.27688855e-02 9.68324518e-03 -1.92509103e-03 7.74849173e-03 -3.72183952e-03
2.43388534e-02 9.70977776e-03 -1.87544911e-03 7.72506901e-03 -3.94032028e-03
2.59087612e-02 9.72737152e-03 -1.81389937e-03 7.68560213e-03 -4.15641333e-03
2.74786051e-02 9.73568711e-03 -1.74018620e-03 7.63001279e-03 -4.36856096e-03
2.90483813e-02 9.73445754e-03 -1.65416323e-03 7.55835611e-03 -4.57518956e-03
3.06180858e-02 9.72349367e-03 -1.55579912e-03 7.47082339e-03 -4.77472674e-03
3.21877148e-02 9.70268874e-03 -1.44518176e-03 7.36774341e-03 -4.96561864e-03
3.37572644e-02 9.67202190e-03 -1.32252116e-03 7.24958206e-03 -5.14634723e-03
3.53267308e-02 9.63156057e-03 -1.18815059e-03 7.11694050e-03 -5.31544744e-03
3.68961100e-02 9.58146165e-03 -1.04252626e-03 6.97055160e-03 -5.47152384e-03
3.84653983e-02 9.52197154e-03 -8.86225215e-04 6.81127491e-03 -5.61326655e-03
4.00345917e-02 9.45342489e-03 -7.19941771e-04 6.64009003e-03 -5.73946639e-03
4.16036863e-02 9.37624219e-03 -5.44482251e-04 6.45808855e-03 -5.84902891e-03
4.31726784e-02 9.29092611e-03 -3.60758220e-04 6.26646450e-03 -5.94098710e-03
4.47415640e-02 9.19805671e-03 -1.69778260e-04 6.06650368e-03 -6.01451272e-03
4.63103392e-02 9.09828559e-03 2.73616337e-05 5.85957165e-03 -6.06892605e-03
4.78790003e-02 8.99232906e-03 2.29488907e-04 5.64710086e-03 -6.10370390e-03
4.94475433e-02 8.88096030e-03 4.35366416e-04 5.43057678e-03 -6.11848579e-03
5.10159643e-02 8.76500091e-03 6.43705365e-04 5.21152348e-03 -6.11307831e-03
5.25842595e-02 8.64531167e-03 8.53179052e-04 4.99148858e-03 -6.08745743e-03
5.41524250e-02 8.52278284e-03 1.06243723e-03 4.77202801e-03 -6.04176892e-03
5.57204570e-02 8.39832416e-03 1.27012089e-03 4.55469054e-03 -5.97632674e-03
5.72883515e-02 8.27285451e-03 1.47487734e-03 4.34100248e-03 -5.89160951e-03
5.88561048e-02 8.14729167e-03 1.67537524e-03 4.13245262e-03 -5.78825507e-03
6.04237129e-02 8.02254209e-03 1.87031952e-03 3.93047769e-03 -5.66705317e-03
6.19911720e-02 7.89949094e-03 2.05846593e-03 3.73644842e-03 -5.52893654e-03
6.35584783e-02 7.77899262e-03 2.23863503e-03 3.55165649e-03 -5.37497024e-03
6.51256278e-02 7.66186182e-03 2.40972538e-03 3.37730249e-03 -5.20633967e-03
6.66926166e-02 7.54886518e-03 2.57072584e-03 3.21448506e-03 -5.02433714e-03
6.82594410e-02 7.44071388e-03 2.72072675e-03 3.06419123e-03 -4.83034747e-03
6.98260971e-02 7.33805704e-03 2.85892980e-03 2.92728828e-03 -4.62583258e-03
7.13925810e-02 7.24147621e-03 2.98465660e-03 2.80451706e-03 -4.41231536e-03
7.29588887e-02 7.15148080e-03 3.09735560e-03 2.69648686e-03 -4.19136301e-03
7.45250166e-02 7.06850477e-03 3.19660751e-03 2.60367195e-03 -3.96457018e-03
7.60909607e-02 6.99290433e-03 3.28212895e-03 2.52640972e-03 -3.73354187e-03
7.76567171e-02 6.92495692e-03 3.35377437e-03 2.46490051e-03 -3.49987664e-03
7.92222820e-02 6.86486122e-03 3.41153623e-03 2.41920903e-03 -3.26514999e-03
8.07876515e-02 6.81273842e-03 3.45554338e-03 2.38926742e-03 -3.03089847e-03
8.23528218e-02 6.76863439e-03 3.48605770e-03 2.37487974e-03 -2.79860440e-03
8.39177890e-02 6.73252307e-03 3.50346907e-03 2.37572798e-03 -2.56968162e-03
8.54825493e-02 6.70431061e-03 3.50828865e-03 2.39137931e-03 -2.34546232e-03
8.70470987e-02 6.68384046e-03 3.50114072e-03 2.42129461e-03 -2.12718510e-03
8.86114334e-02 6.67089915e-03 3.48275309e-03 2.46483795e-03 -1.91598450e-03
9.01755497e-02 6.66522274e-03 3.45394619e-03 2.52128712e-03 -1.71288193e-03
9.17394435e-02 6.66650368e-03 3.41562118e-03 2.58984477e-03 -1.51877834e-03
9.33031111e-02 6.67439817e-03 3.36874701e-03 2.66965020e-03 -1.33444846e-03
9.48665486e-02 6.68853360e-03 3.31434684e-03 2.75979158e-03 -1.16053678e-03
9.64297521e-02 6.70851624e-03 3.25348390e-03 2.85931831e-03 -9.97555311e-04
9.79927178e-02 6.73393881e-03 3.18724699e-03 2.96725352e-03 -8.45883020e-04
9.95554419e-02 6.76438795e-03 3.11673590e-03 3.08260639e-03 -7.05767031e-04
1.01117920e-01 6.79945138e-03 3.04304694e-03 3.20438424e-03 -5.77325450e-04
1.02680150e-01 6.83872469e-03 2.96725876e-03 3.33160414e-03 -4.60551788e-04
1.04242126e-01 6.88181766e-03 2.89041866e-03 3.46330393e-03 -3.55320875e-04
1.05803844e-01 6.92835994e-03 2.81352971e-03 3.59855252e-03 -2.61396142e-04
1.07365302e-01 6.97800611e-03 2.73753861e-03 3.73645936e-03 -1.78438164e-04
1.08926495e-01 7.03044004e-03 2.66332478e-03 3.87618294e-03 -1.06014285e-04
1.10487420e-01 7.08537836e-03 2.59169055e-03 4.01693822e-03 -4.36091804e-05
1.12048072e-01 7.14257323e-03 2.52335274e-03 4.15800300e-03 9.36380873e-06
1.13608448e-01 7.20181422e-03 2.45893572e-03 4.29872307e-03 5.35507704e-05
1.15168543e-01 7.26292931e-03 2.39896593e-03 4.43851617e-03 8.96449155e-05
1.16728355e-01 7.32578511e-03 2.34386810e-03 4.57687476e-03 1.18374066e-04
1.18287878e-01 7.39028626e-03 2.29396306e-03 4.71336751e-03 1.40488126e-04
1.19847110e-01 7.45637397e-03 2.24946717e-03 4.84763963e-03 1.56746722e-04
1.21406047e-01 7.52402397e-03 2.21049340e-03 4.97941203e-03 1.67907190e-04
1.22964684e-01 7.59324365e-03 2.17705400e-03 5.10847938e-03 1.74713081e-04
1.24523017e-01 7.66406867e-03 2.14906463e-03 5.23470711e-03 1.77883352e-04
1.26081044e-01 7.73655910e-03 2.12634996e-03 5.35802744e-03 1.78102378e-04
1.27638760e-01 7.81079498e-03 2.10865048e-03 5.47843459e-03 1.76010927e-04
1.29196160e-01 7.88687171e-03 2.09563058e-03 5.59597919e-03 1.72198201e-04
1.30753243e-01 7.96489510e-03 2.08688753e-03 5.71076207e-03 1.67195050e-04
1.32310002e-01 8.04497624e-03 2.08196133e-03 5.82292749e-03 1.61468425e-04
1.33866436e-01 8.12722646e-03 2.08034526e-03 5.93265600e-03 1.55417121e-04
1.35422539e-01 8.21175218e-03 2.08149679e-03 6.04015705e-03 1.49368845e-04
1.36978309e-01 8.29865002e-03 2.08484884e-03 6.14566136e-03 1.43578626e-04
1.38533740e-01 8.38800210e-03 2.08982109e-03 6.24941342e-03 1.38228531e-04
1.40088830e-01 8.47987170e-03 2.09583114e-03 6.35166396e-03 1.33428677e-04
1.41643575e-01 8.57429923e-03 2.10230540e-03 6.45266278e-03 1.29219471e-04
1.43197970e-01 8.67129880e-03 2.10868942e-03 6.55265178e-03 1.25574995e-04
1.44752012e-01 8.77085521e-03 2.11445765e-03 6.65185860e-03 1.22407473e-04
1.46305697e-01 8.87292159e-03 2.11912227e-03 6.75049074e-03 1.19572669e-04
1.47859021e-01 8.97741765e-03 2.12224114e-03 6.84873024e-03 1.16876131e-04
1.49411981e-01 9.08422854e-03 2.12342463e-03 6.94672925e-03 1.14080125e-04
1.50964572e-01 9.19320449e-03 2.12234134e-03 7.04460622e-03 1.10911125e-04
1.52516790e-01 9.30416097e-03 2.11872245e-03 7.14244298e-03 1.07067696e-04
1.54068633e-01 9.41687971e-03 2.11236488e-03 7.24028267e-03 1.02228642e-04
1.55620096e-01 9.53111019e-03 2.10313310e-03 7.33812857e-03 9.60612303e-05
1.57171175e-01 9.64657192e-03 2.09095955e-03 7.43594376e-03 8.82293697e-05
1.58721866e-01 9.76295720e-03 2.07584383e-03 7.53365171e-03 7.84015747e-05
1.60272166e-01 9.87993449e-03 2.05785057e-03 7.63113770e-03 6.62585841e-05
1.61822070e-01 9.99715226e-03 2.03710617e-03 7.72825103e-03 5.15004982e-05
1.63371576e-01 1.01142432e-02 2.01379437e-03 7.82480802e-03 3.38533178e-05
1.64920678e-01 1.02308289e-02 1.98815087e-03 7.92059575e-03 1.30747777e-05
1.66469374e-01 1.03465247e-02 1.96045708e-03 8.01537630e-03 -1.10406148e-05
1.68017660e-01 1.04609448e-02 1.93103312e-03 8.10889165e-03 -3.86574083e-05
1.69565531e-01 1.05737074e-02 1.90023029e-03 8.20086901e-03 -6.98959584e-05
1.71112983e-01 1.06844400e-02 1.86842301e-03 8.29102642e-03 -1.04830136e-04
1.72660014e-01 1.07927842e-02 1.83600067e-03 8.37907867e-03 -1.43486011e-04
1.74206619e-01 1.08984014e-02 1.80335924e-03 8.46474330e-03 -1.85841503e-04
1.75752795e-01 1.10009766e-02 1.77089301e-03 8.54774669e-03 -2.31826990e-04
1.77298536e-01 1.11002239e-02 1.73898661e-03 8.62782992e-03 -2.81326816e-04
1.78843841e-01 1.11958893e-02 1.70800737e-03 8.70475458e-03 -3.34181657e-04
1.80388705e-01 1.12877555e-02 1.67829816e-03 8.77830817e-03 -3.90191670e-04
1.81933124e-01 1.13756439e-02 1.65017103e-03 8.84830909e-03 -4.49120328e-04
1.83477094e-01 1.14594176e-02 1.62390146e-03 8.91461118e-03 -5.10698857e-04
1.85020611e-01 1.15389832e-02 1.59972360e-03 8.97710760e-03 -5.74631162e-04
1.86563673e-01 1.16142919e-02 1.57782642e-03 9.03573408e-03 -6.40599120e-04
1.88106274e-01 1.16853396e-02 1.55835085e-03 9.09047139e-03 -7.08268133e-04
1.89648411e-01 1.17521674e-02 1.54138798e-03 9.14134710e-03 -7.77292813e-04
1.91190081e-01 1.18148601e-02 1.52697833e-03 9.18843644e-03 -8.47322669e-04
1.92731279e-01 1.18735450e-02 1.51511217e-03 9.23186232e-03 -9.18007698e-04
1.94272002e-01 1.19283892e-02 1.50573088e-03 9.27179457e-03 -9.89003747e-04
1.95812245e-01 1.19795972e-02 1.49872925e-03 9.30844822e-03 -1.05997755e-03
1.97352006e-01 1.20274074e-02 1.49395879e-03 9.34208105e-03 -1.13061135e-03
1.98891280e-01 1.20720877e-02 1.49123178e-03 9.37299031e-03 -1.20060700e-03
2.00430064e-01 1.21139316e-02 1.49032613e-03 9.40150866e-03 -1.26968949e-03
2.01968353e-01 1.21532534e-02 1.49099087e-03 9.42799958e-03 -1.33760988e-03
2.03506144e-01 1.21903825e-02 1.49295211e-03 9.45285200e-03 -1.40414748e-03
2.05043433e-01 1.22256591e-02 1.49591943e-03 9.47647460e-03 -1.46911144e-03
2.06580217e-01 1.22594281e-02 1.49959250e-03 9.49928958e-03 -1.53234150e-03
2.08116491e-01 1.22920337e-02 1.50366782e-03 9.52172624e-03 -1.59370819e-03
2.09652252e-01 1.23238147e-02 1.50784542e-03 9.54421428e-03 -1.65311223e-03
2.11187496e-01 1.23550987e-02 1.51183545e-03 9.56717713e-03 -1.71048338e-03
2.12722219e-01 1.23861974e-02 1.51536443e-03 9.59102529e-03 -1.76577868e-03
2.14256418e-01 1.24174023e-02 1.51818117e-03 9.61614982e-03 -1.81898015e-03
2.15790088e-01 1.24489805e-02 1.52006209e-03 9.64291621e-03 -1.87009208e-03
2.17323226e-01 1.24811709e-02 1.52081601e-03 9.67165853e-03 -1.91913798e-03
2.18855828e-01 1.25141814e-02 1.52028823e-03 9.70267426e-03 -1.96615719e-03
2.20387890e-01 1.25481867e-02 1.51836383e-03 9.73621954e-03 -2.01120142e-03
2.21919408e-01 1.25833261e-02 1.51497019e-03 9.77250528e-03 -2.05433114e-03
2.23450380e-01 1.26197033e-02 1.51007867e-03 9.81169389e-03 -2.09561199e-03
2.24980800e-01 1.26573853e-02 1.50370543e-03 9.85389699e-03 -2.13511141e-03
2.26510666e-01 1.26964033e-02 1.49591141e-03 9.89917383e-03 -2.17289529e-03
2.28039973e-01 1.27367540e-02 1.48680147e-03 9.94753074e-03 -2.20902511e-03
2.29568717e-01 1.27784012e-02 1.47652276e-03 9.99892139e-03 -2.24355525e-03
2.31096895e-01 1.28212783e-02 1.46526230e-03 1.00532480e-02 -2.27653088e-03
2.32624504e-01 1.28652918e-02 1.45324398e-03 1.01103635e-02 -2.30798616e-03
2.34151539e-01 1.29103245e-02 1.44072484e-03 1.01700743e-02 -2.33794306e-03
2.35677996e-01 1.29562397e-02 1.42799096e-03 1.02321441e-02 -2.36641066e-03
2.37203872e-01 1.30028862e-02 1.41535286e-03 1.02962983e-02 -2.39338491e-03
2.38729163e-01 1.30501022e-02 1.40314064e-03 1.03622288e-02 -2.41884903e-03
2.40253865e-01 1.30977210e-02 1.39169886e-03 1.04296002e-02 -2.44277429e-03
2.41777975e-01 1.31455757e-02 1.38138141e-03 1.04980550e-02 -2.46512128e-03
2.43301489e-01 1.31935039e-02 1.37254626e-03 1.05672204e-02 -2.48584163e-03
2.44824402e-01 1.32413532e-02 1.36555045e-03 1.06367147e-02 -2.50487998e-03
2.46346712e-01 1.32889852e-02 1.36074516e-03 1.07061536e-02 -2.52217627e-03
2.47868414e-01 1.33362798e-02 1.35847117e-03 1.07751573e-02 -2.53766826e-03
2.49389505e-01 1.33831395e-02 1.35905460e-03 1.08433561e-02 -2.55129404e-03
2.50909981e-01 1.34294918e-02 1.36280309e-03 1.09103968e-02 -2.56299466e-03
2.52429838e-01 1.34752925e-02 1.37000249e-03 1.09759485e-02 -2.57271661e-03
2.53949073e-01 1.35205274e-02 1.38091402e-03 1.10397073e-02 -2.58041418e-03
2.55467681e-01 1.35652132e-02 1.39577200e-03 1.11014008e-02 -2.58605154e-03
2.56985659e-01 1.36093985e-02 1.41478206e-03 1.11607923e-02 -2.58960450e-03
2.58503004e-01 1.36531631e-02 1.43811993e-03 1.12176836e-02 -2.59106185e-03
2.60019711e-01 1.36966166e-02 1.46593077e-03 1.12719171e-02 -2.59042629e-03
2.61535776e-01 1.37398968e-02 1.49832887e-03 1.13233778e-02 -2.58771473e-03
2.63051197e-01 1.37831670e-02 1.53539791e-03 1.13719933e-02 -2.58295822e-03
2.64565969e-01 1.38266121e-02 1.57719148e-03 1.14177337e-02 -2.57620116e-03
2.66080089e-01 1.38704350e-02 1.62373401e-03 1.14606109e-02 -2.56750004e-03
2.67593552e-01 1.39148515e-02 1.67502185e-03 1.15006765e-02 -2.55692157e-03
2.69106356e-01 1.39600854e-02 1.73102454e-03 1.15380192e-02 -2.54454037e-03
2.70618495e-01 1.40063630e-02 1.79168621e-03 1.15727617e-02 -2.53043608e-03
2.72129968e-01 1.40539070e-02 1.85692691e-03 1.16050571e-02 -2.51469018e-03
2.73640769e-01 1.41029306e-02 1.92664392e-03 1.16350841e-02 -2.49738239e-03
2.75150895e-01 1.41536317e-02 2.00071287e-03 1.16630432e-02 -2.47858690e-03
2.76660343e-01 1.42061867e-02 2.07898873e-03 1.16891513e-02 -2.45836839e-03
2.78169109e-01 1.42607452e-02 2.16130645e-03 1.17136366e-02 -2.43677811e-03
2.79677188e-01 1.43174245e-02 2.24748137e-03 1.17367340e-02 -2.41385003e-03
2.81184578e-01 1.43763046e-02 2.33730929e-03 1.17586798e-02 -2.38959715e-03
2.82691274e-01 1.44374246e-02 2.43056613e-03 1.17797073e-02 -2.36400820e-03
2.84197274e-01 1.45007789e-02 2.52700734e-03 1.18000421e-02 -2.33704484e-03
2.85702572e-01 1.45663143e-02 2.62636690e-03 1.18198983e-02 -2.30863932e-03
2.87207166e-01 1.46339290e-02 2.72835606e-03 1.18394749e-02 -2.27869295e-03
2.88711051e-01 1.47034712e-02 2.83266179e-03 1.18589529e-02 -2.24707520e-03
2.90214224e-01 1.47747395e-02 2.93894510e-03 1.18784935e-02 -2.21362382e-03
2.91716682e-01 1.48474846e-02 3.04683916e-03 1.18982359e-02 -2.17814572e-03
2.93218420e-01 1.49214110e-02 3.15594739e-03 1.19182969e-02 -2.14041894e-03
2.94719436e-01 1.49961809e-02 3.26584169e-03 1.19387710e-02 -2.10019553e-03
2.96219724e-01 1.50714184e-02 3.37606074e-03 1.19597307e-02 -2.05720546e-03
2.97719282e-01 1.51467150e-02 3.48610858e-03 1.19812280e-02 -2.01116148e-03
2.99218105e-01 1.52216355e-02 3.59545362e-03 1.20032967e-02 -1.96176494e-03
3.00716191e-01 1.52957252e-02 3.70352808e-03 1.20259551e-02 -1.90871242e-03
3.02213535e-01 1.53685178e-02 3.80972807e-03 1.20492090e-02 -1.85170317e-03
3.03710134e-01 1.54395433e-02 3.91341428e-03 1.20730555e-02 -1.79044717e-03
3.05205983e-01 1.55083367e-02 4.01391355e-03 1.20974872e-02 -1.72467376e-03
3.06701080e-01 1.55744469e-02 4.11052125e-03 1.21224967e-02 -1.65414059e-03
3.08195421e-01 1.56374459e-02 4.20250450e-03 1.21480806e-02 -1.57864279e-03
3.09689002e-01 1.56969372e-02 4.28910652e-03 1.21742443e-02 -1.49802218e-03
3.11181819e-01 1.57525650e-02 4.36955178e-03 1.22010066e-02 -1.41217628e-03
3.12673868e-01 1.58040221e-02 4.44305221e-03 1.22284035e-02 -1.32106697e-03
3.14165146e-01 1.58510575e-02 4.50881440e-03 1.22564921e-02 -1.22472862e-03
3.15655650e-01 1.58934838e-02 4.56604765e-03 1.22853542e-02 -1.12327538e-03
3.17145375e-01 1.59311825e-02 4.61397287e-03 1.23150989e-02 -1.01690765e-03
3.18634318e-01 1.59641099e-02 4.65183223e-03 1.23458648e-02 -9.05917286e-04
3.20122475e-01 1.59923003e-02 4.67889947e-03 1.23778215e-02 -7.90691628e-04
3.21609843e-01 1.60158690e-02 4.69449060e-03 1.24111699e-02 -6.71716033e-04
3.23096417e-01 1.60350135e-02 4.69797503e-03 1.24461426e-02 -5.49574869e-04
3.24582195e-01 1.60500138e-02 4.68878680e-03 1.24830019e-02 -4.24950847e-04
3.26067172e-01 1.60612305e-02 4.66643574e-03 1.25220387e-02 -2.98622619e-04
3.27551345e-01 1.60691024e-02 4.63051841e-03 1.25635688e-02 -1.71460608e-04
3.29034710e-01 1.60741421e-02 4.58072860e-03 1.26079297e-02 -4.44210541e-05
3.30517264e-01 1.60769302e-02 4.51686714e-03 1.26554758e-02 8.14616955e-05
3.31999003e-01 1.60781089e-02 4.43885081e-03 1.27065731e-02 2.05084603e-04
3.33479923e-01 1.60783739e-02 4.34672017e-03 1.27615935e-02 3.25286960e-04
3.34960021e-01 1.60784647e-02 4.24064616e-03 1.28209079e-02 4.40862901e-04
3.36439292e-01 1.60791555e-02 4.12093513e-03 1.28848795e-02 5.50575248e-04
3.37917734e-01 1.60812436e-02 3.98803235e-03 1.29538567e-02 6.53170500e-04
3.39395342e-01 1.60855383e-02 3.84252365e-03 1.30281653e-02 7.47394767e-04
3.40872114e-01 1.60928490e-02 3.68513527e-03 1.31081014e-02 8.32010410e-04
3.42348044e-01 1.61039735e-02 3.51673165e-03 1.31939242e-02 9.05813127e-04
3.43823131e-01 1.61196854e-02 3.33831126e-03 1.32858484e-02 9.67649229e-04
3.45297369e-01 1.61407227e-02 3.15100040e-03 1.33840385e-02 1.01643282e-03
3.46770756e-01 1.61677760e-02 2.95604492e-03 1.34886020e-02 1.05116260e-03
3.48243288e-01 1.62014781e-02 2.75480002e-03 1.35995846e-02 1.07093799e-03
3.49714961e-01 1.62423937e-02 2.54871819e-03 1.37169657e-02 1.07497437e-03
3.51185772e-01 1.62910107e-02 2.33933534e-03 1.38406552e-02 1.06261700e-03
3.52655716e-01 1.63477321e-02 2.12825543e-03 1.39704904e-02 1.03335358e-03
3.54124791e-01 1.64128698e-02 1.91713367e-03 1.41062359e-02 9.86825032e-04
3.55592992e-01 1.64866393e-02 1.70765852e-03 1.42475827e-02 9.22834408e-04
3.57060317e-01 1.65691567e-02 1.50153290e-03 1.43941501e-02 8.41353680e-04
3.58526760e-01 1.66604365e-02 1.30045462e-03 1.45454879e-02 7.42528284e-04
3.59992320e-01 1.67603921e-02 1.10609657e-03 1.47010806e-02 6.26679315e-04
3.61456992e-01 1.68688368e-02 9.20086849e-04 1.48603526e-02 4.94303268e-04
3.62920772e-01 1.69854879e-02 7.43989111e-04 1.50226743e-02 3.46069315e-04
3.64383658e-01 1.71099713e-02 5.79283579e-04 1.51873699e-02 1.82814108e-04
3.65845645e-01 1.72418286e-02 4.27348893e-04 1.53537257e-02 5.53416360e-06
3.67306729e-01 1.73805252e-02 2.89445170e-04 1.55210000e-02 -1.84624096e-04
3.68766908e-01 1.75254602e-02 1.66698536e-04 1.56884333e-02 -3.86376502e-04
3.70226177e-01 1.76759771e-02 6.00873916e-05 1.58552593e-02 -5.98315353e-04
3.71684534e-01 1.78313757e-02 -2.95693515e-05 1.60207161e-02 -8.18925456e-04
3.73141973e-01 1.79909256e-02 -1.01621861e-04 1.61840585e-02 -1.04660179e-03
3.74598493e-01 1.81538790e-02 -1.55596633e-04 1.63445696e-02 -1.27966854e-03
3.76054088e-01 1.83194851e-02 -1.91201261e-04 1.65015725e-02 -1.51639911e-03
3.77508756e-01 1.84870041e-02 -2.08326658e-04 1.66544425e-02 -1.75503702e-03
3.78962493e-01 1.86557211e-02 -2.07046654e-04 1.68026172e-02 -1.99381719e-03
3.80415296e-01 1.88249601e-02 -1.87614999e-04 1.69456079e-02 -2.23098726e-03
3.81867160e-01 1.89940969e-02 -1.50459799e-04 1.70830085e-02 -2.46482887e-03
3.83318083e-01 1.91625715e-02 -9.61754721e-05 1.72145042e-02 -2.69367826e-03
3.84768060e-01 1.93298993e-02 -2.55123698e-05 1.73398790e-02 -2.91594608e-03
3.86217089e-01 1.94956807e-02 6.06357819e-05 1.74590213e-02 -3.13013607e-03
3.87665165e-01 1.96596100e-02 1.61246396e-04 1.75719288e-02 -3.33486223e-03
3.89112285e-01 1.98214819e-02 2.75184260e-04 1.76787109e-02 -3.52886436e-03
3.90558445e-01 1.99811964e-02 4.01219209e-04 1.77795904e-02 -3.71102169e-03
3.92003642e-01 2.01387616e-02 5.38044955e-04 1.78749025e-02 -3.88036430e-03
3.93447872e-01 2.02942951e-02 6.84298732e-04 1.79650926e-02 -4.03608239e-03
3.94891132e-01 2.04480223e-02 8.38581449e-04 1.80507121e-02 -4.17753302e-03
3.96333418e-01 2.06002733e-02 9.99477995e-04 1.81324129e-02 -4.30424445e-03
3.97774727e-01 2.07514774e-02 1.16557738e-03 1.82109392e-02 -4.41591794e-03
3.99215055e-01 2.09021559e-02 1.33549232e-03 1.82871183e-02 -4.51242699e-03
4.00654398e-01 2.10529124e-02 1.50787807e-03 1.83618504e-02 -4.59381415e-03
4.02092753e-01 2.12044217e-02 1.68145003e-03 1.84360956e-02 -4.66028536e-03
4.03530117e-01 2.13574168e-02 1.85499997e-03 1.85108607e-02 -4.71220212e-03
4.04966485e-01 2.15126745e-02 2.02741054e-03 1.85871848e-02 -4.75007141e-03
4.06401855e-01 2.16710000e-02 2.19766798e-03 1.86661237e-02 -4.77453380e-03
4.07836222e-01 2.18332097e-02 2.36487259e-03 1.87487337e-02 -4.78634973e-03
4.09269584e-01 2.20001145e-02 2.52824706e-03 1.88360552e-02 -4.78638447e-03
4.10701936e-01 2.21725014e-02 2.68714247e-03 1.89290960e-02 -4.77559173e-03
4.12133276e-01 2.23511159e-02 2.84104178e-03 1.90288143e-02 -4.75499642e-03
4.13563599e-01 2.25366440e-02 2.98956098e-03 1.91361027e-02 -4.72567681e-03
4.14992902e-01 2.27296948e-02 3.13244783e-03 1.92517720e-02 -4.68874632e-03
4.16421181e-01 2.29307842e-02 3.26957817e-03 1.93765366e-02 -4.64533523e-03
4.17848434e-01 2.31403191e-02 3.40095011e-03 1.95110003e-02 -4.59657276e-03
4.19274656e-01 2.33585836e-02 3.52667604e-03 1.96556434e-02 -4.54356960e-03
4.20699844e-01 2.35857263e-02 3.64697276e-03 1.98108119e-02 -4.48740128e-03
4.22123995e-01 2.38217502e-02 3.76214992e-03 1.99767080e-02 -4.42909264e-03
4.23547105e-01 2.40665035e-02 3.87259697e-03 2.01533820e-02 -4.36960350e-03
4.24969170e-01 2.43196744e-02 3.97876895e-03 2.03407274e-02 -4.30981592e-03
4.26390187e-01 2.45807866e-02 4.08117126e-03 2.05384768e-02 -4.25052309e-03
4.27810152e-01 2.48491988e-02 4.18034395e-03 2.07462009e-02 -4.19242001e-03
4.29229063e-01 2.51241060e-02 4.27684549e-03 2.09633099e-02 -4.13609612e-03
4.30646915e-01 2.54045437e-02 4.37123668e-03 2.11890561e-02 -4.08202992e-03
4.32063705e-01 2.56893948e-02 4.46406467e-03 2.14225404e-02 -4.03058562e-03
4.33479429e-01 2.59773994e-02 4.55584759e-03 2.16627199e-02 -3.98201185e-03
4.34894084e-01 2.62671666e-02 4.64705997e-03 2.19084178e-02 -3.93644240e-03
4.36307667e-01 2.65571887e-02 4.73811926e-03 2.21583362e-02 -3.89389891e-03
4.37720174e-01 2.68458583e-02 4.82937355e-03 2.24110698e-02 -3.85429542e-03
4.39131601e-01 2.71314865e-02 4.92109091e-03 2.26651219e-02 -3.81744474e-03
4.40541946e-01 2.74123232e-02 5.01345028e-03 2.29189223e-02 -3.78306635e-03
4.41951203e-01 2.76865791e-02 5.10653426e-03 2.31708455e-02 -3.75079584e-03
4.43359371e-01 2.79524483e-02 5.20032379e-03 2.34192312e-02 -3.72019556e-03
4.44766446e-01 2.82081318e-02 5.29469483e-03 2.36624045e-02 -3.69076635e-03
4.46172424e-01 2.84518618e-02 5.38941707e-03 2.38986977e-02 -3.66196013e-03
4.47577301e-01 2.86819259e-02 5.48415474e-03 2.41264714e-02 -3.63319312e-03
4.48981074e-01 2.88966906e-02 5.57846941e-03 2.43441358e-02 -3.60385946e-03
4.50383741e-01 2.90946249e-02 5.67182472e-03 2.45501721e-02 -3.57334504e-03
4.51785296e-01 2.92743219e-02 5.76359305e-03 2.47431528e-02 -3.54104121e-03
4.53185738e-01 2.94345205e-02 5.85306393e-03 2.49217606e-02 -3.50635831e-03
4.54585061e-01 2.95741236e-02 5.93945401e-03 2.50848069e-02 -3.46873865e-03
4.55983264e-01 2.96922162e-02 6.02191860e-03 2.52312486e-02 -3.42766889e-03
4.57380342e-01 2.97880795e-02 6.09956430e-03 2.53602021e-02 -3.38269147e-03
4.58776292e-01 2.98612040e-02 6.17146288e-03 2.54709570e-02 -3.33341508e-03
4.60171111e-01 2.99112993e-02 6.23666584e-03 2.55629861e-02 -3.27952394e-03
4.61564795e-01 2.99383004e-02 6.29421969e-03 2.56359540e-02 -3.22078575e-03
4.62957340e-01 2.99423726e-02 6.34318161e-03 2.56897228e-02 -3.15705825e-03
4.64348744e-01 2.99239119e-02 6.38263519e-03 2.57243556e-02 -3.08829430e-03
4.65739003e-01 2.98835434e-02 6.41170624e-03 2.57401165e-02 -3.01454534e-03
4.67128113e-01 2.98221160e-02 6.42957813e-03 2.57374695e-02 -2.93596336e-03
4.68516071e-01 2.97406946e-02 6.43550675e-03 2.57170733e-02 -2.85280110e-03
4.69902874e-01 2.96405495e-02 6.42883465e-03 2.56797745e-02 -2.76541084e-03
4.71288518e-01 2.95231429e-02 6.40900428e-03 2.56265982e-02 -2.67424146e-03
4.72672999e-01 2.93901129e-02 6.37557012e-03 2.55587359e-02 -2.57983402e-03
4.74056315e-01 2.92432560e-02 6.32820949e-03 2.54775322e-02 -2.48281593e-03
4.75438462e-01 2.90845066e-02 6.26673193e-03 2.53844683e-02 -2.38389371e-03
4.76819436e-01 2.89159158e-02 6.19108707e-03 2.52811455e-02 -2.28384448e-03
4.78199234e-01 2.87396286e-02 6.10137069e-03 2.51692655e-02 -2.18350630e-03
4.79577853e-01 2.85578596e-02 5.99782915e-03 2.50506113e-02 -2.08376759e-03
4.80955289e-01 2.83728692e-02 5.88086181e-03 2.49270260e-02 -1.98555555e-03
4.82331539e-01 2.81869383e-02 5.75102173e-03 2.48003917e-02 -1.88982396e-03
4.83706600e-01 2.80023442e-02 5.60901425e-03 2.46726081e-02 -1.79754042e-03
4.85080468e-01 2.78213362e-02 5.45569381e-03 2.45455710e-02 -1.70967320e-03
4.86453139e-01 2.76461122e-02 5.29205874e-03 2.44211517e-02 -1.62717784e-03
4.87824611e-01 2.74787966e-02 5.11924417e-03 2.43011763e-02 -1.55098382e-03
4.89194880e-01 2.73214194e-02 4.93851318e-03 2.41874071e-02 -1.48198126e-03
4.90563942e-01 2.71758970e-02 4.75124613e-03 2.40815237e-02 -1.42100800e-03
4.91931794e-01 2.70440151e-02 4.55892839e-03 2.39851073e-02 -1.36883713e-03
4.93298434e-01 2.69274130e-02 4.36313646e-03 2.38996254e-02 -1.32616519e-03
4.94663856e-01 2.68275715e-02 4.16552275e-03 2.38264188e-02 -1.29360115e-03
4.96028059e-01 2.67458015e-02 3.96779908e-03 2.37666909e-02 -1.27165634e-03
4.97391039e-01 2.66832370e-02 3.77171907e-03 2.37214983e-02 -1.26073546e-03
4.98752791e-01 2.66408284e-02 3.57905969e-03 2.36917448e-02 -1.26112884e-03
5.00113314e-01 2.66193404e-02 3.39160198e-03 2.36781763e-02 -1.27300596e-03
5.01472604e-01 2.66193511e-02 3.21111142e-03 2.36813788e-02 -1.29641046e-03
5.02830656e-01 2.66412539e-02 3.03931789e-03 2.37017785e-02 -1.33125658e-03
5.04187469e-01 2.66852611e-02 2.87789565e-03 2.37396437e-02 -1.37732721e-03
5.05543038e-01 2.67514111e-02 2.72844347e-03 2.37950886e-02 -1.43427359e-03
5.06897361e-01 2.68395754e-02 2.59246516e-03 2.38680798e-02 -1.50161655e-03
5.08250433e-01 2.69494691e-02 2.47135086e-03 2.39584434e-02 -1.57874951e-03
5.09602252e-01 2.70806619e-02 2.36635911e-03 2.40658746e-02 -1.66494304e-03
5.10952815e-01 2.72325909e-02 2.27860016e-03 2.41899481e-02 -1.75935110e-03
5.12302117e-01 2.74045738e-02 2.20902061e-03 2.43301292e-02 -1.86101873e-03
5.13650155e-01 2.75958230e-02 2.15838971e-03 2.44857871e-02 -1.96889138e-03
5.14996927e-01 2.78054608e-02 2.12728745e-03 2.46562075e-02 -2.08182547e-03
5.16342429e-01 2.80325337e-02 2.11609463e-03 2.48406059e-02 -2.19860032e-03
5.17686658e-01 2.82760272e-02 2.12498523e-03 2.50381418e-02 -2.31793121e-03
5.19029610e-01 2.85348804e-02 2.15392104e-03 2.52479318e-02 -2.43848347e-03
5.20371281e-01 2.88080000e-02 2.20264887e-03 2.54690631e-02 -2.55888730e-03
5.21711670e-01 2.90942730e-02 2.27070024e-03 2.57006063e-02 -2.67775341e-03
5.23050772e-01 2.93925792e-02 2.35739391e-03 2.59416273e-02 -2.79368898e-03
5.24388584e-01 2.97018024e-02 2.46184094e-03 2.61911986e-02 -2.90531397e-03
5.25725102e-01 3.00208404e-02 2.58295258e-03 2.64484097e-02 -3.01127747e-03
5.27060325e-01 3.03486134e-02 2.71945085e-03 2.67123763e-02 -3.11027388e-03
5.28394247e-01 3.06840717e-02 2.86988165e-03 2.69822478e-02 -3.20105876e-03
5.29726866e-01 3.10262014e-02 3.03263044e-03 2.72572148e-02 -3.28246403e-03
5.31058179e-01 3.13740291e-02 3.20594025e-03 2.75365138e-02 -3.35341248e-03
5.32388182e-01 3.17266255e-02 3.38793189e-03 2.78194319e-02 -3.41293115e-03
5.33716872e-01 3.20831068e-02 3.57662603e-03 2.81053097e-02 -3.46016370e-03
5.35044246e-01 3.24426361e-02 3.76996700e-03 2.83935424e-02 -3.49438122e-03
5.36370301e-01 3.28044230e-02 3.96584795e-03 2.86835814e-02 -3.51499168e-03
5.37695032e-01 3.31677222e-02 4.16213713e-03 2.89749328e-02 -3.52154765e-03
5.39018438e-01 3.35318316e-02 4.35670474e-03 2.92671568e-02 -3.51375218e-03
5.40340514e-01 3.38960899e-02 4.54745027e-03 2.95598649e-02 -3.49146292e-03
5.41661258e-01 3.42598732e-02 4.73232966e-03 2.98527174e-02 -3.45469424e-03
5.42980666e-01 3.46225913e-02 4.90938208e-03 3.01454196e-02 -3.40361727e-03
5.44298735e-01 3.49836845e-02 5.07675582e-03 3.04377182e-02 -3.33855817e-03
5.45615461e-01 3.53426198e-02 5.23273297e-03 3.07293971e-02 -3.25999416e-03
5.46930842e-01 3.56988870e-02 5.37575244e-03 3.10202728e-02 -3.16854784e-03
5.48244874e-01 3.60519963e-02 5.50443093e-03 3.13101909e-02 -3.06497956e-03
5.49557555e-01 3.64014746e-02 5.61758165e-03 3.15990211e-02 -2.95017806e-03
5.50868879e-01 3.67468637e-02 5.71423022e-03 3.18866539e-02 -2.82514955e-03
5.52178845e-01 3.70877187e-02 5.79362775e-03 3.21729972e-02 -2.69100534e-03
5.53487450e-01 3.74236068e-02 5.85526061e-03 3.24579726e-02 -2.54894817e-03
5.54794689e-01 3.77541070e-02 5.89885688e-03 3.27415132e-02 -2.40025759e-03
5.56100561e-01 3.80788110e-02 5.92438924e-03 3.30235613e-02 -2.24627446e-03
5.57405060e-01 3.83973238e-02 5.93207421e-03 3.33040670e-02 -2.08838484e-03
5.58708186e-01 3.87092665e-02 5.92236779e-03 3.35829872e-02 -1.92800358e-03
5.60009933e-01 3.90142780e-02 5.89595744e-03 3.38602849e-02 -1.76655783e-03
5.61310299e-01 3.93120193e-02 5.85375059e-03 3.41359295e-02 -1.60547066e-03
5.62609281e-01 3.96021766e-02 5.79685972e-03 3.44098969e-02 -1.44614507e-03
5.63906875e-01 3.98844659e-02 5.72658431e-03 3.46821712e-02 -1.28994874e-03
5.65203079e-01 4.01586375e-02 5.64438992e-03 3.49527451e-02 -1.13819952e-03
5.66497889e-01 4.04244809e-02 5.55188467e-03 3.52216220e-02 -9.92152038e-04
5.67791302e-01 4.06818296e-02 5.45079357e-03 3.54888170e-02 -8.52985596e-04
5.69083314e-01 4.09305661e-02 5.34293099e-03 3.57543596e-02 -7.21793416e-04
5.70373923e-01 4.11706262e-02 5.23017190e-03 3.60182945e-02 -5.99573478e-04
5.71663126e-01 4.14020037e-02 5.11442211e-03 3.62806836e-02 -4.87221001e-04
5.72950918e-01 4.16247540e-02 4.99758831e-03 3.65416073e-02 -3.85522644e-04
5.74237298e-01 4.18389975e-02 4.88154804e-03 3.68011657e-02 -2.95152481e-04
5.75522261e-01 4.20449223e-02 4.76812051e-03 3.70594794e-02 -2.16669737e-04
5.76805805e-01 4.22427857e-02 4.65903839e-03 3.73166896e-02 -1.50518283e-04
5.78087927e-01 4.24329157e-02 4.55592132e-03 3.75729581e-02 -9.70278071e-05
5.79368623e-01 4.26157107e-02 4.46025142e-03 3.78284669e-02 -5.64165840e-05
5.80647890e-01 4.27916387e-02 4.37335138e-03 3.80834169e-02 -2.87957257e-05
5.81925725e-01 4.29612356e-02 4.29636533e-03 3.83380261e-02 -1.41747611e-05
5.83202125e-01 4.31251023e-02 4.23024298e-03 3.85925281e-02 -1.24683830e-05
5.84477087e-01 4.32839010e-02 4.17572718e-03 3.88471689e-02 -2.35041751e-05
5.85750607e-01 4.34383506e-02 4.13334518e-03 3.91022042e-02 -4.70311177e-05
5.87022683e-01 4.35892212e-02 4.10340372e-03 3.93578964e-02 -8.27286619e-05
5.88293311e-01 4.37373277e-02 4.08598798e-03 3.96145103e-02 -1.30216157e-04
5.89562488e-01 4.38835230e-02 4.08096444e-03 3.98723102e-02 -1.89062412e-04
5.90830212e-01 4.40286905e-02 4.08798761e-03 4.01315550e-02 -2.58795185e-04
5.92096478e-01 4.41737362e-02 4.10651033e-03 4.03924954e-02 -3.38910387e-04
5.93361284e-01 4.43195804e-02 4.13579768e-03 4.06553692e-02 -4.28880823e-04
5.94624627e-01 4.44671491e-02 4.17494401e-03 4.09203983e-02 -5.28164286e-04
5.95886503e-01 4.46173656e-02 4.22289286e-03 4.11877850e-02 -6.36210861e-04
5.97146909e-01 4.47711423e-02 4.27845939e-03 4.14577093e-02 -7.52469310e-04
5.98405843e-01 4.49293721e-02 4.34035487e-03 4.17303263e-02 -8.76392437e-04
5.99663302e-01 4.50929209e-02 4.40721274e-03 4.20057646e-02 -1.00744136e-03
6.00919281e-01 4.52626199e-02 4.47761579e-03 4.22841245e-02 -1.14508868e-03
6.02173778e-01 4.54392590e-02 4.55012392e-03 4.25654776e-02 -1.28882043e-03
6.03426791e-01 4.56235806e-02 4.62330203e-03 4.28498669e-02 -1.43813705e-03
6.04678315e-01 4.58162739e-02 4.69574732e-03 4.31373074e-02 -1.59255313e-03
6.05928348e-01 4.60179709e-02 4.76611579e-03 4.34277873e-02 -1.75159629e-03
6.07176887e-01 4.62292420e-02 4.83314719e-03 4.37212705e-02 -1.91480510e-03
6.08423928e-01 4.64505936e-02 4.89568808e-03 4.40176987e-02 -2.08172627e-03
6.09669468e-01 4.66824660e-02 4.95271262e-03 4.43169953e-02 -2.25191125e-03
6.10913506e-01 4.69252320e-02 5.00334062e-03 4.46190685e-02 -2.42491230e-03
6.12156036e-01 4.71791973e-02 5.04685261e-03 4.49238158e-02 -2.60027839e-03
6.13397057e-01 4.74446006e-02 5.08270162e-03 4.52311284e-02 -2.77755087e-03
6.14636565e-01 4.77216149e-02 5.11052160e-03 4.55408958e-02 -2.95625934e-03
6.15874558e-01 4.80103500e-02 5.13013214e-03 4.58530104e-02 -3.13591768e-03
6.17111031e-01 4.83108544e-02 5.14153967e-03 4.61673721e-02 -3.31602051e-03
6.18345983e-01 4.86231192e-02 5.14493503e-03 4.64838928e-02 -3.49604030e-03
6.19579410e-01 4.89470807e-02 5.14068746e-03 4.68025007e-02 -3.67542509e-03
6.20811308e-01 4.92826249e-02 5.12933537e-03 4.71231436e-02 -3.85359713e-03
6.22041676e-01 4.96295913e-02 5.11157378e-03 4.74457922e-02 -4.02995236e-03
6.23270509e-01 4.99877765e-02 5.08823907e-03 4.77704429e-02 -4.20386100e-03
6.24497806e-01 5.03569386e-02 5.06029106e-03 4.80971189e-02 -4.37466904e-03
6.25723562e-01 5.07368009e-02 5.02879299e-03 4.84258716e-02 -4.54170092e-03
6.26947776e-01 5.11270555e-02 4.99488971e-03 4.87567804e-02 -4.70426314e-03
6.28170443e-01 5.15273666e-02 4.95978460e-03 4.90899519e-02 -4.86164892e-03
6.29391561e-01 5.19373735e-02 4.92471555e-03 4.94255183e-02 -5.01314371e-03
6.30611126e-01 5.23566928e-02 4.89093063e-03 4.97636344e-02 -5.15803160e-03
6.31829137e-01 5.27849209e-02 4.85966378e-03 5.01044740e-02 -5.29560232e-03
6.33045589e-01 5.32216350e-02 4.83211106e-03 5.04482260e-02 -5.42515883e-03
6.34260480e-01 5.36663947e-02 4.80940788e-03 5.07950888e-02 -5.54602529e-03
6.35473807e-01 5.41187420e-02 4.79260756e-03 5.11452644e-02 -5.65755522e-03
6.36685567e-01 5.45782020e-02 4.78266178e-03 5.14989529e-02 -5.75913968e-03
6.37895757e-01 5.50442821e-02 4.78040301e-03 5.18563448e-02 -5.85021525e-03
6.39104373e-01 5.55164719e-02 4.78652942e-03 5.22176149e-02 -5.93027173e-03
6.40311414e-01 5.59942420e-02 4.80159239e-03 5.25829151e-02 -5.99885920e-03
6.41516875e-01 5.64770429e-02 4.82598686e-03 5.29523671e-02 -6.05559446e-03
6.42720754e-01 5.69643042e-02 4.85994462e-03 5.33260566e-02 -6.10016657e-03
6.43923048e-01 5.74554334e-02 4.90353060e-03 5.37040264e-02 -6.13234139e-03
6.45123754e-01 5.79498147e-02 4.95664217e-03 5.40862716e-02 -6.15196508e-03
6.46322869e-01 5.84468085e-02 5.01901138e-03 5.44727342e-02 -6.15896629e-03
6.47520390e-01 5.89457511e-02 5.09021009e-03 5.48632996e-02 -6.15335725e-03
6.48716314e-01 5.94459542e-02 5.16965774e-03 5.52577940e-02 -6.13523348e-03
6.49910639e-01 5.99467062e-02 5.25663157e-03 5.56559826e-02 -6.10477231e-03
6.51103360e-01 6.04472730e-02 5.35027915e-03 5.60575693e-02 -6.06223011e-03
6.52294476e-01 6.09468997e-02 5.44963267e-03 5.64621980e-02 -6.00793846e-03
6.53483983e-01 6.14448135e-02 5.55362503e-03 5.68694545e-02 -5.94229918e-03
6.54671879e-01 6.19402268e-02 5.66110705e-03 5.72788707e-02 -5.86577841e-03
6.55858160e-01 6.24323416e-02 5.77086565e-03 5.76899294e-02 -5.77890004e-03
6.57042824e-01 6.29203542e-02 5.88164260e-03 5.81020708e-02 -5.68223835e-03
6.58225867e-01 6.34034605e-02 5.99215345e-03 5.85147000e-02 -5.57641031e-03
6.59407287e-01 6.38808632e-02 6.10110628e-03 5.89271954e-02 -5.46206765e-03
6.60587080e-01 6.43517779e-02 6.20722004e-03 5.93389187e-02 -5.33988882e-03
6.61765245e-01 6.48154411e-02 6.30924205e-03 5.97492247e-02 -5.21057112e-03
6.62941778e-01 6.52711178e-02 6.40596441e-03 6.01574722e-02 -5.07482326e-03
6.64116675e-01 6.57181099e-02 6.49623916e-03 6.05630353e-02 -4.93335831e-03
6.65289935e-01 6.61557647e-02 6.57899186e-03 6.09653145e-02 -4.78688745e-03
6.66461554e-01 6.65834830e-02 6.65323351e-03 6.13637478e-02 -4.63611452e-03
6.67631530e-01 6.70007275e-02 6.71807058e-03 6.17578213e-02 -4.48173156e-03
6.68799859e-01 6.74070306e-02 6.77271326e-03 6.21470794e-02 -4.32441534e-03
6.69966538e-01 6.78020019e-02 6.81648163e-03 6.25311338e-02 -4.16482511e-03
6.71131566e-01 6.81853349e-02 6.84880997e-03 6.29096716e-02 -4.00360137e-03
6.72294938e-01 6.85568129e-02 6.86924918e-03 6.32824622e-02 -3.84136589e-03
6.73456652e-01 6.89163139e-02 6.87746732e-03 6.36493622e-02 -3.67872272e-03
6.74616706e-01 6.92638144e-02 6.87324849e-03 6.40103193e-02 -3.51626033e-03
6.75775095e-01 6.95993918e-02 6.85649018e-03 6.43653741e-02 -3.35455450e-03
6.76931818e-01 6.99232258e-02 6.82719913e-03 6.47146599e-02 -3.19417210e-03
6.78086872e-01 7.02355982e-02 6.78548611e-03 6.50584006e-02 -3.03567540e-03
6.79240254e-01 7.05368907e-02 6.73155957e-03 6.53969070e-02 -2.87962679e-03
6.80391960e-01 7.08275823e-02 6.66571859e-03 6.57305710e-02 -2.72659366e-03
6.81541988e-01 7.11082439e-02 6.58834519e-03 6.60598579e-02 -2.57715325e-03
6.82690336e-01 7.13795328e-02 6.49989626e-03 6.63852971e-02 -2.43189730e-03
6.83837000e-01 7.16421845e-02 6.40089529e-03 6.67074712e-02 -2.29143602e-03
6.84981977e-01 7.18970043e-02 6.29192415e-03 6.70270042e-02 -2.15640158e-03
6.86125265e-01 7.21448568e-02 6.17361496e-03 6.73445481e-02 -2.02745039e-03
6.87266861e-01 7.23866557e-02 6.04664230e-03 6.76607690e-02 -1.90526450e-03
6.88406763e-01 7.26233513e-02 5.91171584e-03 6.79763327e-02 -1.79055149e-03
6.89544966e-01 7.28559184e-02 5.76957347e-03 6.82918901e-02 -1.68404311e-03
6.90681469e-01 7.30853441e-02 5.62097504e-03 6.86080630e-02 -1.58649219e-03
6.91816268e-01 7.33126144e-02 5.46669668e-03 6.89254304e-02 -1.49866818e-03
6.92949362e-01 7.35387020e-02 5.30752579e-03 6.92445151e-02 -1.42135085e-03
6.94080746e-01 7.37645543e-02 5.14425659e-03 6.95657729e-02 -1.35532263e-03
6.95210419e-01 7.39910818e-02 4.97768632e-03 6.98895817e-02 -1.30135929e-03
6.96338377e-01 7.42191478e-02 4.80861189e-03 7.02162338e-02 -1.26021936e-03
6.97464618e-01 7.44495593e-02 4.63782698e-03 7.05459300e-02 -1.23263226e-03
6.98589139e-01 7.46830589e-02 4.46611952e-03 7.08787755e-02 -1.21928558e-03
6.99711937e-01 7.49203191e-02 4.29426935e-03 7.12147789e-02 -1.22081148e-03
7.00833010e-01 7.51619378e-02 4.12304610e-03 7.15538539e-02 -1.23777283e-03
7.01952354e-01 7.54084357e-02 3.95320699e-03 7.18958236e-02 -1.27064912e-03
7.03069967e-01 7.56602562e-02 3.78549466e-03 7.22404271e-02 -1.31982269e-03
7.04185846e-01 7.59177671e-02 3.62063473e-03 7.25873297e-02 -1.38556553e-03
7.05299989e-01 7.61812640e-02 3.45933323e-03 7.29361348e-02 -1.46802709e-03
7.06412392e-01 7.64509763e-02 3.30227354e-03 7.32863986e-02 -1.56722342e-03
7.07523053e-01 7.67270746e-02 3.15011317e-03 7.36376465e-02 -1.68302804e-03
7.08631969e-01 7.70096804e-02 3.00347992e-03 7.39893916e-02 -1.81516478e-03
7.09739137e-01 7.72988763e-02 2.86296787e-03 7.43411547e-02 -1.96320311e-03
7.10844555e-01 7.75947185e-02 2.72913286e-03 7.46924842e-02 -2.12655592e-03
7.11948220e-01 7.78972496e-02 2.60248770e-03 7.50429777e-02 -2.30448033e-03
7.13050130e-01 7.82065123e-02 2.48349718e-03 7.53923026e-02 -2.49608139e-03
7.14150280e-01 7.85225628e-02 2.37257287e-03 7.57402163e-02 -2.70031900e-03
7.15248670e-01 7.88454845e-02 2.27006804e-03 7.60865850e-02 -2.91601792e-03
7.16345296e-01 7.91754010e-02 2.17627254e-03 7.64314009e-02 -3.14188108e-03
7.17440155e-01 7.95124875e-02 2.09140818e-03 7.67747970e-02 -3.37650579e-03
7.18533244e-01 7.98569809e-02 2.01562442e-03 7.71170583e-02 -3.61840299e-03
7.19624562e-01 8.02091886e-02 1.94899477e-03 7.74586303e-02 -3.86601908e-03
7.20714105e-01 8.05694933e-02 1.89151406e-03 7.78001230e-02 -4.11776008e-03
7.21801870e-01 8.09383566e-02 1.84309666e-03 7.81423107e-02 -4.37201780e-03
7.22887856e-01 8.13163184e-02 1.80357587e-03 7.84861273e-02 -4.62719752e-03
7.23972059e-01 8.17039933e-02 1.77270477e-03 7.88326560e-02 -4.88174665e-03
7.25054476e-01 8.21020632e-02 1.75015836e-03 7.91831145e-02 -5.13418392e-03
7.26135105e-01 8.25112656e-02 1.73553741e-03 7.95388343e-02 -5.38312842e-03
7.27213943e-01 8.29323788e-02 1.72837393e-03 7.99012359e-02 -5.62732797e-03
7.28290988e-01 8.33662021e-02 1.72813839e-03 8.02717973e-02 -5.86568614e-03
7.29366237e-01 8.38135329e-02 1.73424854e-03 8.06520197e-02 -6.09728728e-03
7.30439687e-01 8.42751397e-02 1.74608007e-03 8.10433872e-02 -6.32141902e-03
7.31511336e-01 8.47517315e-02 1.76297878e-03 8.14473238e-02 -6.53759158e-03
7.32581181e-01 8.52439245e-02 1.78427424e-03 8.18651464e-02 -6.74555339e-03
7.33649219e-01 8.57522063e-02 1.80929490e-03 8.22980158e-02 -6.94530247e-03
7.34715448e-01 8.62768971e-02 1.83738413e-03 8.27468860e-02 -7.13709315e-03
7.35779864e-01 8.68181110e-02 1.86791736e-03 8.32124528e-02 -7.32143779e-03
7.36842467e-01 8.73757154e-02 1.90031968e-03 8.36951022e-02 -7.49910320e-03
7.37903252e-01 8.79492910e-02 1.93408377e-03 8.41948608e-02 -7.67110156e-03
7.38962217e-01 8.85380935e-02 1.96878782e-03 8.47113484e-02 -7.83867575e-03
7.40019360e-01 8.91410160e-02 2.00411298e-03 8.52437337e-02 -8.00327918e-03
7.41074678e-01 8.97565553e-02 2.03986008e-03 8.57906955e-02 -8.16655014e-03
7.42128168e-01 9.03827815e-02 2.07596510e-03 8.63503891e-02 -8.33028100e-03
7.43179828e-01 9.10173128e-02 2.11251311e-03 8.69204196e-02 -8.49638258e-03
7.44229655e-01 9.16572960e-02 2.14975031e-03 8.74978233e-02 -8.66684417e-03
7.45277647e-01 9.22993933e-02 2.18809365e-03 8.80790577e-02 -8.84368970e-03
7.46323801e-01 9.29397770e-02 2.22813790e-03 8.86600013e-02 -9.02893084e-03
7.47368114e-01 9.35741320e-02 2.27065972e-03 8.92359635e-02 -9.22451765e-03
7.48410585e-01 9.41976680e-02 2.31661849e-03 8.98017058e-02 -9.43228772e-03
7.49451209e-01 9.48051399e-02 2.36715371e-03 9.03514734e-02 -9.65391453e-03
7.50489985e-01 9.53908793e-02 2.42357877e-03 9.08790394e-02 -9.89085621e-03
7.51526911e-01 9.59488354e-02 2.48737104e-03 9.13777600e-02 -1.01443053e-02
7.52561982e-01 9.64726258e-02 2.56015810e-03 9.18406406e-02 -1.04151411e-02
7.53595199e-01 9.69555985e-02 2.64370035e-03 9.22604138e-02 -1.07038846e-02
7.54626556e-01 9.73909022e-02 2.73986984e-03 9.26296275e-02 -1.10106580e-02
7.55656053e-01 9.77715676e-02 2.85062570e-03 9.29407421e-02 -1.13351494e-02
7.56683685e-01 9.80905961e-02 2.97798631e-03 9.31862370e-02 -1.16765825e-02
7.57709452e-01 9.83410571e-02 3.12399846e-03 9.33587247e-02 -1.20336945e-02
7.58733350e-01 9.85161920e-02 3.29070401e-03 9.34510702e-02 -1.24047198e-02
7.59755377e-01 9.86095240e-02 3.48010439e-03 9.34565158e-02 -1.27873826e-02
7.60775531e-01 9.86149720e-02 3.69412341e-03 9.33688083e-02 -1.31788977e-02
7.61793808e-01 9.85269678e-02 3.93456903e-03 9.31823275e-02 -1.35759803e-02
7.62810206e-01 9.83405736e-02 4.20309452e-03 9.28922138e-02 -1.39748641e-02
7.63824724e-01 9.80515997e-02 4.50115982e-03 9.24944928e-02 -1.43713292e-02
7.64837357e-01 9.76567200e-02 4.82999351e-03 9.19861956e-02 -1.47607382e-02
7.65848104e-01 9.71535818e-02 5.19055629e-03 9.13654709e-02 -1.51380813e-02
7.66856963e-01 9.65409114e-02 5.58350636e-03 9.06316900e-02 -1.54980298e-02
7.67863930e-01 9.58186094e-02 6.00916762e-03 8.97855387e-02 -1.58349964e-02
7.68869004e-01 9.49878375e-02 6.46750110e-03 8.88290980e-02 -1.61432035e-02
7.69872181e-01 9.40510928e-02 6.95808032e-03 8.77659093e-02 -1.64167563e-02
7.70873460e-01 9.30122683e-02 7.48007107e-03 8.66010232e-02 -1.66497224e-02
7.71872838e-01 9.18766983e-02 8.03221623e-03 8.53410313e-02 -1.68362138e-02
7.72870312e-01 9.06511873e-02 8.61282584e-03 8.39940780e-02 -1.69704728e-02
7.73865880e-01 8.93440207e-02 9.21977304e-03 8.25698526e-02 -1.70469592e-02
7.74859540e-01 8.79649564e-02 9.85049595e-03 8.10795614e-02 -1.70604373e-02
7.75851289e-01 8.65251968e-02 1.05020058e-02 7.95358772e-02 -1.70060620e-02
7.76841124e-01 8.50373407e-02 1.11709013e-02 7.79528688e-02 -1.68794622e-02
7.77829044e-01 8.35153140e-02 1.18533896e-02 7.63459080e-02 -1.66768209e-02
7.78815045e-01 8.19742807e-02 1.25453128e-02 7.47315570e-02 -1.63949489e-02
7.79799126e-01 8.04305332e-02 1.32421816e-02 7.31274348e-02 -1.60313532e-02
7.80781283e-01 7.89013634e-02 1.39392133e-02 7.15520656e-02 -1.55842970e-02
7.81761515e-01 7.74049153e-02 1.46313763e-02 7.00247092e-02 -1.50528511e-02
7.82739819e-01 7.59600205e-02 1.53134389e-02 6.85651758e-02 -1.44369357e-02
7.83716193e-01 7.45860185e-02 1.59800221e-02 6.71936273e-02 -1.37373512e-02
7.84690634e-01 7.33025625e-02 1.66256570e-02 6.59303664e-02 -1.29557979e-02
7.85663139e-01 7.21294146e-02 1.72448438e-02 6.47956179e-02 -1.20948845e-02
7.86633708e-01 7.10862320e-02 1.78321141e-02 6.38093022e-02 -1.11581230e-02
7.87602336e-01 7.01923455e-02 1.83820935e-02 6.29908067e-02 -1.01499130e-02
7.88569022e-01 6.94665358e-02 1.88895657e-02 6.23587553e-02 -9.07551235e-03
7.89533763e-01 6.89268081e-02 1.93495350e-02 6.19307814e-02 -7.94099641e-03
7.90496556e-01 6.85901690e-02 1.97572882e-02 6.17233060e-02 -6.75320563e-03
7.91457401e-01 6.84724090e-02 2.01084540e-02 6.17513244e-02 -5.51968188e-03
7.92416293e-01 6.85878929e-02 2.03990595e-02 6.20282044e-02 -4.24859464e-03
7.93373232e-01 6.89493619e-02 2.06255822e-02 6.25654996e-02 -2.94865777e-03
7.94328214e-01 6.95677495e-02 2.07849979e-02 6.33727789e-02 -1.62903811e-03
7.95281236e-01 7.04520147e-02 2.08748226e-02 6.44574772e-02 -2.99257067e-04
7.96232298e-01 7.16089952e-02 2.08931486e-02 6.58247667e-02 1.03091357e-03
7.97181396e-01 7.30432819e-02 2.08386737e-02 6.74774544e-02 2.35155989e-03
7.98128528e-01 7.47571180e-02 2.07107234e-02 6.94159035e-02 3.65273700e-03
7.99073691e-01 7.67503243e-02 2.05092648e-02 7.16379842e-02 4.92458112e-03
8.00016884e-01 7.90202515e-02 2.02349138e-02 7.41390515e-02 6.15742146e-03
8.00958104e-01 8.15617615e-02 1.98889335e-02 7.69119536e-02 7.34188989e-03
8.01897349e-01 8.43672377e-02 1.94732244e-02 7.99470687e-02 8.46902712e-03
8.02834616e-01 8.74266252e-02 1.89903075e-02 8.32323720e-02 9.53038376e-03
8.03769903e-01 9.07275008e-02 1.84432983e-02 8.67535312e-02 1.05181149e-02
8.04703207e-01 9.42551717e-02 1.78358748e-02 9.04940306e-02 1.14250667e-02
8.05634528e-01 9.79928026e-02 1.71722374e-02 9.44353211e-02 1.22448541e-02
8.06563861e-01 1.01921570e-01 1.64570626e-02 9.85569959e-02 1.29719283e-02
8.07491206e-01 1.06020840e-01 1.56954511e-02 1.02836989e-01 1.36016332e-02
8.08416559e-01 1.10268373e-01 1.48928703e-02 1.07251794e-01 1.41302499e-02
8.09339918e-01 1.14640545e-01 1.40550928e-02 1.11776702e-01 1.45550291e-02
8.10261281e-01 1.19112587e-01 1.31881314e-02 1.16386051e-01 1.48742105e-02
8.11180646e-01 1.23658843e-01 1.22981712e-02 1.21053492e-01 1.50870295e-02
8.12098011e-01 1.28253036e-01 1.13915005e-02 1.25752261e-01 1.51937111e-02
8.13013373e-01 1.32868544e-01 1.04744409e-02 1.30455455e-01 1.51954508e-02
8.13926729e-01 1.37478679e-01 9.55327784e-03 1.35136310e-01 1.50943833e-02
8.14838079e-01 1.42056969e-01 8.63419208e-03 1.39768481e-01 1.48935402e-02
8.15747419e-01 1.46577435e-01 7.72319414e-03 1.44326307e-01 1.45967957e-02
8.16654747e-01 1.51014863e-01 6.82606141e-03 1.48785076e-01 1.42088035e-02
8.17560061e-01 1.55345068e-01 5.94827955e-03 1.53121275e-01 1.37349240e-02
8.18463359e-01 1.59545139e-01 5.09498867e-03 1.57312821e-01 1.31811442e-02
8.19364639e-01 1.63593673e-01 4.27093511e-03 1.61339274e-01 1.25539910e-02
8.20263897e-01 1.67470984e-01 3.48042940e-03 1.65182033e-01 1.18604398e-02
8.21161133e-01 1.71159299e-01 2.72731093e-03 1.68824506e-01 1.11078196e-02
8.22056344e-01 1.74642915e-01 2.01491970e-03 1.72252250e-01 1.03037152e-02
8.22949527e-01 1.77908342e-01 1.34607556e-03 1.75453090e-01 9.45586988e-03
8.23840681e-01 1.80944411e-01 7.23064968e-04 1.78417205e-01 8.57208837e-03
8.24729804e-01 1.83742353e-01 1.47635448e-04 1.81137186e-01 7.66014210e-03
8.25616892e-01 1.86295847e-01 -3.79002433e-04 1.83608062e-01 6.72767828e-03
8.26501944e-01 1.88601041e-01 -8.56165651e-04 1.85827303e-01 5.78213389e-03
8.27384958e-01 1.90656537e-01 -1.28368224e-03 1.87794778e-01 4.83065575e-03
8.28265931e-01 1.92463346e-01 -1.66186814e-03 1.89512704e-01 3.88002777e-03
8.29144862e-01 1.94024819e-01 -1.99149789e-03 1.90985550e-01 2.93660632e-03
8.30021748e-01 1.95346541e-01 -2.27376975e-03 1.92219925e-01 2.00626450e-03
8.30896587e-01 1.96436207e-01 -2.51026600e-03 1.93224437e-01 1.09434584e-03
8.31769377e-01 1.97303471e-01 -2.70290912e-03 1.94009534e-01 2.05627895e-04
8.32640115e-01 1.97959770e-01 -2.85391471e-03 1.94587320e-01 -6.55703900e-04
8.33508800e-01 1.98418132e-01 -2.96574191e-03 1.94971362e-01 -1.48607217e-03
8.34375430e-01 1.98692969e-01 -3.04104240e-03 1.95176476e-01 -2.28251331e-03
8.35240002e-01 1.98799855e-01 -3.08260864e-03 1.95218507e-01 -3.04267330e-03
8.36102514e-01 1.98755295e-01 -3.09332241e-03 1.95114099e-01 -3.76479395e-03
8.36962964e-01 1.98576487e-01 -3.07610441e-03 1.94880468e-01 -4.44769017e-03
8.37821349e-01 1.98281085e-01 -3.03386585e-03 1.94535162e-01 -5.09071906e-03
8.38677669e-01 1.97886958e-01 -2.96946269e-03 1.94095837e-01 -5.69374146e-03
8.39531921e-01 1.97411958e-01 -2.88565342e-03 1.93580030e-01 -6.25707705e-03
8.40384102e-01 1.96873690e-01 -2.78506077e-03 1.93004947e-01 -6.78145399e-03
8.41234210e-01 1.96289301e-01 -2.67013822e-03 1.92387257e-01 -7.26795410e-03
8.42082244e-01 1.95675272e-01 -2.54314153e-03 1.91742906e-01 -7.71795486e-03
8.42928201e-01 1.95047234e-01 -2.40610570e-03 1.91086942e-01 -8.13306929e-03
8.43772079e-01 1.94419803e-01 -2.26082776e-03 1.90433367e-01 -8.51508494e-03
8.44613877e-01 1.93806428e-01 -2.10885531e-03 1.89795004e-01 -8.86590308e-03
8.45453591e-01 1.93219271e-01 -1.95148106e-03 1.89183384e-01 -9.18747941e-03
8.46291221e-01 1.92669103e-01 -1.78974307e-03 1.88608664e-01 -9.48176705e-03
8.47126763e-01 1.92165228e-01 -1.62443076e-03 1.88079561e-01 -9.75066309e-03
8.47960216e-01 1.91715433e-01 -1.45609615e-03 1.87603315e-01 -9.99595950e-03
8.48791578e-01 1.91325961e-01 -1.28507009e-03 1.87185675e-01 -1.02192992e-02
8.49620847e-01 1.91001507e-01 -1.11148302e-03 1.86830905e-01 -1.04221381e-02
8.50448020e-01 1.90745243e-01 -9.35289600e-04 1.86541819e-01 -1.06057132e-02
8.51273096e-01 1.90558866e-01 -7.56296680e-04 1.86319834e-01 -1.07710184e-02
8.52096073e-01 1.90442662e-01 -5.74193913e-04 1.86165040e-01 -1.09187864e-02
8.52916948e-01 1.90395592e-01 -3.88586299e-04 1.86076294e-01 -1.10494789e-02
8.53735720e-01 1.90415404e-01 -1.99027916e-04 1.86051330e-01 -1.11632835e-02
8.54552386e-01 1.90498750e-01 -5.05609686e-06 1.86086875e-01 -1.12601184e-02
8.55366945e-01 1.90641321e-01 1.93774696e-04 1.86178788e-01 -1.13396434e-02
8.56179395e-01 1.90837994e-01 3.97860029e-04 1.86322199e-01 -1.14012781e-02
8.56989732e-01 1.91082987e-01 6.07514379e-04 1.86511660e-01 -1.14442258e-02
8.57797957e-01 1.91370012e-01 8.22942404e-04 1.86741298e-01 -1.14675030e-02
8.58604066e-01 1.91692445e-01 1.04421318e-03 1.87004964e-01 -1.14699738e-02
8.59408057e-01 1.92043478e-01 1.27123794e-03 1.87296394e-01 -1.14503881e-02
8.60209930e-01 1.92416285e-01 1.50375176e-03 1.87609348e-01 -1.14074230e-02
8.61009680e-01 1.92804169e-01 1.74129959e-03 1.87937756e-01 -1.13397262e-02
8.61807307e-01 1.93200704e-01 1.98322676e-03 1.88275850e-01 -1.12459617e-02
8.62602809e-01 1.93599876e-01 2.22867440e-03 1.88618287e-01 -1.11248542e-02
8.63396184e-01 1.93996196e-01 2.47657954e-03 1.88960253e-01 -1.09752347e-02
8.64187429e-01 1.94384811e-01 2.72568006e-03 1.89297564e-01 -1.07960836e-02
8.64976543e-01 1.94761593e-01 2.97452437e-03 1.89626738e-01 -1.05865717e-02
8.65763524e-01 1.95123212e-01 3.22148544e-03 1.89945064e-01 -1.03460983e-02
8.66548370e-01 1.95467194e-01 3.46477903e-03 1.90250643e-01 -1.00743251e-02
8.67331079e-01 1.95791957e-01 3.70248567e-03 1.90542414e-01 -9.77120587e-03
8.68111648e-01 1.96096828e-01 3.93257592e-03 1.90820167e-01 -9.43701046e-03
8.68890077e-01 1.96382046e-01 4.15293837e-03 1.91084532e-01 -9.07234392e-03
8.69666363e-01 1.96648744e-01 4.36140977e-03 1.91336957e-01 -8.67815903e-03
8.70440504e-01 1.96898909e-01 4.55580679e-03 1.91579662e-01 -8.25576287e-03
8.71212499e-01 1.97135338e-01 4.73395857e-03 1.91815587e-01 -7.80681696e-03
8.71982345e-01 1.97361562e-01 4.89373960e-03 1.92048322e-01 -7.33333098e-03
8.72750041e-01 1.97581776e-01 5.03310201e-03 1.92282021e-01 -6.83765017e-03
8.73515584e-01 1.97800736e-01 5.15010688e-03 1.92521315e-01 -6.32243671e-03
8.74278973e-01 1.98023669e-01 5.24295381e-03 1.92771207e-01 -5.79064522e-03
8.75040206e-01 1.98256152e-01 5.31000808e-03 1.93036970e-01 -5.24549299e-03
8.75799281e-01 1.98504006e-01 5.34982506e-03 1.93324030e-01 -4.69042530e-03
8.76556196e-01 1.98773171e-01 5.36117123e-03 1.93637858e-01 -4.12907658e-03
8.77310949e-01 1.99069594e-01 5.34304148e-03 1.93983854e-01 -3.56522793e-03
8.78063539e-01 1.99399102e-01 5.29467230e-03 1.94367237e-01 -3.00276188e-03
8.78813963e-01 1.99767294e-01 5.21555075e-03 1.94792940e-01 -2.44561505e-03
8.79562220e-01 2.00179429e-01 5.10541887e-03 1.95265508e-01 -1.89772962e-03
8.80308308e-01 2.00640324e-01 4.96427364e-03 1.95789006e-01 -1.36300437e-03
8.81052225e-01 2.01154261e-01 4.79236240e-03 1.96366941e-01 -8.45246225e-04
8.81793969e-01 2.01724908e-01 4.59017392e-03 1.97002184e-01 -3.48122989e-04
8.82533538e-01 2.02355246e-01 4.35842537e-03 1.97696917e-01 1.24881757e-04
8.83270931e-01 2.03047514e-01 4.09804535e-03 1.98452588e-01 5.70510953e-04
8.84006145e-01 2.03803170e-01 3.81015350e-03 1.99269877e-01 9.85772783e-04
8.84739180e-01 2.04622859e-01 3.49603710e-03 2.00148683e-01 1.36797518e-03
8.85470032e-01 2.05506407e-01 3.15712512e-03 2.01088120e-01 1.71475551e-03
8.86198701e-01 2.06452822e-01 2.79496034e-03 2.02086534e-01 2.02410502e-03
8.86925184e-01 2.07460313e-01 2.41117007e-03 2.03141531e-01 2.29438750e-03
8.87649480e-01 2.08526326e-01 2.00743624e-03 2.04250016e-01 2.52435200e-03
8.88371587e-01 2.09647593e-01 1.58546527e-03 2.05408252e-01 2.71313935e-03
8.89091503e-01 2.10820188e-01 1.14695862e-03 2.06611924e-01 2.86028227e-03
8.89809227e-01 2.12039607e-01 6.93584447e-04 2.07856223e-01 2.96569932e-03
8.90524756e-01 2.13300848e-01 2.26951101e-04 2.09135925e-01 3.02968257e-03
8.91238089e-01 2.14598503e-01 -2.51417043e-04 2.10445495e-01 3.05287937e-03
8.91949223e-01 2.15926861e-01 -7.40100843e-04 2.11779182e-01 3.03626843e-03
8.92658159e-01 2.17280013e-01 -1.23780430e-03 2.13131129e-01 2.98113079e-03
8.93364892e-01 2.18651959e-01 -1.74336872e-03 2.14495476e-01 2.88901602e-03
8.94069423e-01 2.20036720e-01 -2.25578280e-03 2.15866472e-01 2.76170434e-03
8.94771748e-01 2.21428449e-01 -2.77418840e-03 2.17238582e-01 2.60116535e-03
8.95471867e-01 2.22821539e-01 -3.29788188e-03 2.18606584e-01 2.40951398e-03
8.96169778e-01 2.24210725e-01 -3.82631084e-03 2.19965674e-01 2.18896464e-03
8.96865478e-01 2.25591185e-01 -4.35906645e-03 2.21311551e-01 1.94178411e-03
8.97558967e-01 2.26958628e-01 -4.89587136e-03 2.22640504e-01 1.67024431e-03
8.98250242e-01 2.28309375e-01 -5.43656344e-03 2.23949480e-01 1.37657553e-03
8.98939302e-01 2.29640431e-01 -5.98107569e-03 2.25236147e-01 1.06292119e-03
8.99626145e-01 2.30949539e-01 -6.52941262e-03 2.26498939e-01 7.31294798e-04
9.00310769e-01 2.32235233e-01 -7.08162362e-03 2.27737096e-01 3.83539952e-04
9.00993173e-01 2.33496863e-01 -7.63777380e-03 2.28950682e-01 2.12942124e-05
9.01673355e-01 2.34734614e-01 -8.19791288e-03 2.30140592e-01 -3.54042566e-04
9.02351313e-01 2.35949514e-01 -8.76204274e-03 2.31308545e-01 -7.41334749e-04
9.03027046e-01 2.37143414e-01 -9.33008435e-03 2.32457062e-01 -1.13973176e-03
9.03700552e-01 2.38318973e-01 -9.90184455e-03 2.33589433e-01 -1.54868275e-03
9.04371830e-01 2.39479606e-01 -1.04769837e-02 2.34709661e-01 -1.96794482e-03
9.05040876e-01 2.40629443e-01 -1.10549846e-02 2.35822408e-01 -2.39758439e-03
9.05707691e-01 2.41773254e-01 -1.16351233e-02 2.36932915e-01 -2.83797174e-03
9.06372273e-01 2.42916376e-01 -1.22164428e-02 2.38046923e-01 -3.28976857e-03
9.07034619e-01 2.44064625e-01 -1.27977301e-02 2.39170575e-01 -3.75390873e-03
9.07694728e-01 2.45224202e-01 -1.33774967e-02 2.40310321e-01 -4.23157230e-03
9.08352599e-01 2.46401585e-01 -1.39539637e-02 2.41472805e-01 -4.72415325e-03
9.09008229e-01 2.47603424e-01 -1.45250515e-02 2.42664757e-01 -5.23322135e-03
9.09661618e-01 2.48836425e-01 -1.50883751e-02 2.43892877e-01 -5.76047861e-03
9.10312763e-01 2.50107236e-01 -1.56412436e-02 2.45163722e-01 -6.30771096e-03
9.10961663e-01 2.51422333e-01 -1.61806667e-02 2.46483591e-01 -6.87673605e-03
9.11608317e-01 2.52787900e-01 -1.67033659e-02 2.47858414e-01 -7.46934774e-03
9.12252723e-01 2.54209724e-01 -1.72057916e-02 2.49293644e-01 -8.08725839e-03
9.12894879e-01 2.55693087e-01 -1.76841454e-02 2.50794157e-01 -8.73203967e-03
9.13534783e-01 2.57242662e-01 -1.81344090e-02 2.52364159e-01 -9.40506314e-03
9.14172435e-01 2.58862427e-01 -1.85523761e-02 2.54007099e-01 -1.01074413e-02
9.14807832e-01 2.60555578e-01 -1.89336912e-02 2.55725599e-01 -1.08399703e-02
9.15440973e-01 2.62324458e-01 -1.92738916e-02 2.57521389e-01 -1.16030758e-02
9.16071856e-01 2.64170499e-01 -1.95684528e-02 2.59395259e-01 -1.23967615e-02
9.16700480e-01 2.66094171e-01 -1.98128382e-02 2.61347016e-01 -1.32205635e-02
9.17326844e-01 2.68094952e-01 -2.00025509e-02 2.63375468e-01 -1.40735094e-02
9.17950945e-01 2.70171303e-01 -2.01331871e-02 2.65478410e-01 -1.49540843e-02
9.18572782e-01 2.72320663e-01 -2.02004915e-02 2.67652628e-01 -1.58602038e-02
9.19192354e-01 2.74539459e-01 -2.02004122e-02 2.69893922e-01 -1.67891948e-02
9.19809659e-01 2.76823128e-01 -2.01291566e-02 2.72197135e-01 -1.77377850e-02
9.20424696e-01 2.79166149e-01 -1.99832450e-02 2.74556199e-01 -1.87021011e-02
9.21037462e-01 2.81562097e-01 -1.97595638e-02 2.76964196e-01 -1.96776765e-02
9.21647958e-01 2.84003706e-01 -1.94554149e-02 2.79413426e-01 -2.06594679e-02
9.22256180e-01 2.86482937e-01 -1.90685633e-02 2.81895490e-01 -2.16418819e-02
9.22862128e-01 2.88991070e-01 -1.85972797e-02 2.84401381e-01 -2.26188105e-02
9.23465800e-01 2.91518796e-01 -1.80403799e-02 2.86921588e-01 -2.35836764e-02
9.24067195e-01 2.94056322e-01 -1.73972582e-02 2.89446194e-01 -2.45294859e-02
9.24666310e-01 2.96593478e-01 -1.66679163e-02 2.91965001e-01 -2.54488913e-02
9.25263146e-01 2.99119842e-01 -1.58529859e-02 2.94467638e-01 -2.63342595e-02
9.25857699e-01 3.01624850e-01 -1.49537448e-02 2.96943688e-01 -2.71777484e-02
9.26449969e-01 3.04097930e-01 -1.39721277e-02 2.99382805e-01 -2.79713888e-02
9.27039955e-01 3.06528622e-01 -1.29107296e-02 3.01774842e-01 -2.87071702e-02
9.27627654e-01 3.08906702e-01 -1.17728021e-02 3.04109964e-01 -2.93771319e-02
9.28213065e-01 3.11222309e-01 -1.05622446e-02 3.06378771e-01 -2.99734551e-02
9.28796187e-01 3.13466058e-01 -9.28358688e-03 3.08572405e-01 -3.04885567e-02
9.29377019e-01 3.15629162e-01 -7.94196686e-03 3.10682659e-01 -3.09151837e-02
9.29955559e-01 3.17703535e-01 -6.54310120e-03 3.12702078e-01 -3.12465047e-02
9.30531805e-01 3.19681894e-01 -5.09325026e-03 3.14624045e-01 -3.14762003e-02
9.31105757e-01 3.21557851e-01 -3.59917748e-03 3.16442864e-01 -3.15985485e-02
9.31677412e-01 3.23325996e-01 -2.06810351e-03 3.18153834e-01 -3.16085049e-02
9.32246769e-01 3.24981970e-01 -5.07655832e-04 3.19753303e-01 -3.15017766e-02
9.32813828e-01 3.26522520e-01 1.07418590e-03 3.21238723e-01 -3.12748888e-02
9.33378586e-01 3.27945552e-01 2.66914795e-03 3.22608680e-01 -3.09252417e-02
9.33941042e-01 3.29250162e-01 4.26872361e-03 3.23862920e-01 -3.04511590e-02
9.34501195e-01 3.30436662e-01 5.86423659e-03 3.25002361e-01 -2.98519255e-02
9.35059043e-01 3.31506587e-01 7.44690607e-03 3.26029090e-01 -2.91278133e-02
9.35614585e-01 3.32462687e-01 9.00791278e-03 3.26946348e-01 -2.82800970e-02
9.36167820e-01 3.33308916e-01 1.05384654e-02 3.27758506e-01 -2.73110570e-02
9.36718746e-01 3.34050397e-01 1.20298666e-02 3.28471022e-01 -2.62239701e-02
9.37267362e-01 3.34693378e-01 1.34735785e-02 3.29090396e-01 -2.50230890e-02
9.37813667e-01 3.35245182e-01 1.48612858e-02 3.29624108e-01 -2.37136090e-02
9.38357658e-01 3.35714134e-01 1.61849578e-02 3.30080546e-01 -2.23016233e-02
9.38899336e-01 3.36109490e-01 1.74369068e-02 3.30468929e-01 -2.07940681e-02
9.39438698e-01 3.36441348e-01 1.86098440e-02 3.30799218e-01 -1.91986558e-02
9.39975743e-01 3.36720553e-01 1.96969314e-02 3.31082023e-01 -1.75237998e-02
9.40510470e-01 3.36958595e-01 2.06918298e-02 3.31328502e-01 -1.57785302e-02
9.41042878e-01 3.37167504e-01 2.15887421e-02 3.31550255e-01 -1.39724019e-02
9.41572965e-01 3.37359731e-01 2.23824524e-02 3.31759220e-01 -1.21153964e-02
9.42100730e-01 3.37548034e-01 2.30683597e-02 3.31967556e-01 -1.02178185e-02
9.42626171e-01 3.37745362e-01 2.36425066e-02 3.32187537e-01 -8.29018920e-03
9.43149288e-01 3.37964729e-01 2.41016029e-02 3.32431437e-01 -6.34313620e-03
9.43670079e-01 3.38219100e-01 2.44430433e-02 3.32711421e-01 -4.38728374e-03
9.44188542e-01 3.38521269e-01 2.46649205e-02 3.33039439e-01 -2.43314259e-03
9.44704677e-01 3.38883748e-01 2.47660325e-02 3.33427121e-01 -4.91002304e-04
9.45218483e-01 3.39318655e-01 2.47458845e-02 3.33885679e-01 1.42917337e-03
9.45729957e-01 3.39837610e-01 2.46046864e-02 3.34425816e-01 3.31784623e-03
9.46239099e-01 3.40451637e-01 2.43433447e-02 3.35057640e-01 5.16599751e-03
9.46745907e-01 3.41171076e-01 2.39634498e-02 3.35790583e-01 6.96521445e-03
9.47250380e-01 3.42005501e-01 2.34672594e-02 3.36633339e-01 8.70776886e-03
9.47752518e-01 3.42963651e-01 2.28576773e-02 3.37593800e-01 1.03866862e-02
9.48252318e-01 3.44053364e-01 2.21382282e-02 3.38679008e-01 1.19958051e-02
9.48749779e-01 3.45281535e-01 2.13130296e-02 3.39895116e-01 1.35298257e-02
9.49244901e-01 3.46654072e-01 2.03867599e-02 3.41247360e-01 1.49843470e-02
9.49737681e-01 3.48175876e-01 1.93646246e-02 3.42740043e-01 1.63558932e-02
9.50228120e-01 3.49850822e-01 1.82523187e-02 3.44376528e-01 1.76419273e-02
9.50716215e-01 3.51681759e-01 1.70559887e-02 3.46159245e-01 1.88408538e-02
9.51201965e-01 3.53670521e-01 1.57821915e-02 3.48089703e-01 1.99520098e-02
9.51685370e-01 3.55817951e-01 1.44378527e-02 3.50168522e-01 2.09756438e-02
9.52166428e-01 3.58123929e-01 1.30302235e-02 3.52395463e-01 2.19128852e-02
9.52645137e-01 3.60587421e-01 1.15668377e-02 3.54769483e-01 2.27657023e-02
9.53121497e-01 3.63206533e-01 1.00554667e-02 3.57288781e-01 2.35368509e-02
9.53595507e-01 3.65978571e-01 8.50407610e-03 3.59950866e-01 2.42298153e-02
9.54067164e-01 3.68900118e-01 6.92078141e-03 3.62752628e-01 2.48487401e-02
9.54536469e-01 3.71967107e-01 5.31380427e-03 3.65690410e-01 2.53983563e-02
9.55003420e-01 3.75174914e-01 3.69142938e-03 3.68760093e-01 2.58839014e-02
9.55468016e-01 3.78518441e-01 2.06196201e-03 3.71957180e-01 2.63110353e-02
9.55930255e-01 3.81992213e-01 4.33686409e-04 3.75276887e-01 2.66857525e-02
9.56390137e-01 3.85590479e-01 -1.18517483e-03 3.78714227e-01 2.70142935e-02
9.56847660e-01 3.89307301e-01 -2.78650029e-03 3.82264106e-01 2.73030538e-02
9.57302823e-01 3.93136659e-01 -4.36230812e-03 3.85921410e-01 2.75584948e-02
9.57755626e-01 3.97072543e-01 -5.90479317e-03 3.89681094e-01 2.77870554e-02
9.58206066e-01 4.01109050e-01 -7.40636295e-03 3.93538265e-01 2.79950669e-02
9.58654144e-01 4.05240468e-01 -8.85967214e-03 3.97488264e-01 2.81886716e-02
9.59099857e-01 4.09461368e-01 -1.02576559e-02 4.01526740e-01 2.83737459e-02
9.59543205e-01 4.13766677e-01 -1.15935617e-02 4.05649722e-01 2.85558298e-02
9.59984187e-01 4.18151751e-01 -1.28609799e-02 4.09853675e-01 2.87400624e-02
9.60422801e-01 4.22612442e-01 -1.40538730e-02 4.14135563e-01 2.89311248e-02
9.60859046e-01 4.27145150e-01 -1.51666028e-02 4.18492888e-01 2.91331907e-02
9.61292922e-01 4.31746870e-01 -1.61939573e-02 4.22923733e-01 2.93498855e-02
9.61724427e-01 4.36415230e-01 -1.71311748e-02 4.27426786e-01 2.95842541e-02
9.62153561e-01 4.41148521e-01 -1.79739670e-02 4.32001364e-01 2.98387369e-02
9.62580321e-01 4.45945711e-01 -1.87185407e-02 4.36647417e-01 3.01151557e-02
9.63004708e-01 4.50806455e-01 -1.93616169e-02 4.41365533e-01 3.04147076e-02
9.63426720e-01 4.55731092e-01 -1.99004486e-02 4.46156929e-01 3.07379682e-02
9.63846355e-01 4.60720637e-01 -2.03328362e-02 4.51023430e-01 3.10849032e-02
9.64263614e-01 4.65776759e-01 -2.06571409e-02 4.55967449e-01 3.14548879e-02
9.64678495e-01 4.70901756e-01 -2.08722957e-02 4.60991947e-01 3.18467345e-02
9.65090997e-01 4.76098517e-01 -2.09778135e-02 4.66100398e-01 3.22587266e-02
9.65501118e-01 4.81370479e-01 -2.09737926e-02 4.71296739e-01 3.26886602e-02
9.65908859e-01 4.86721581e-01 -2.08609193e-02 4.76585319e-01 3.31338898e-02
9.66314217e-01 4.92156211e-01 -2.06404673e-02 4.81970839e-01 3.35913808e-02
9.66717192e-01 4.97679144e-01 -2.03142933e-02 4.87458297e-01 3.40577644e-02
9.67117784e-01 5.03295485e-01 -1.98848295e-02 4.93052918e-01 3.45293974e-02
9.67515990e-01 5.09010603e-01 -1.93550722e-02 4.98760092e-01 3.50024231e-02
9.67911810e-01 5.14830065e-01 -1.87285660e-02 5.04585309e-01 3.54728349e-02
9.68305243e-01 5.20759573e-01 -1.80093845e-02 5.10534090e-01 3.59365396e-02
9.68696288e-01 5.26804895e-01 -1.72021065e-02 5.16611921e-01 3.63894210e-02
9.69084944e-01 5.32971804e-01 -1.63117882e-02 5.22824196e-01 3.68274024e-02
9.69471210e-01 5.39266010e-01 -1.53439307e-02 5.29176148e-01 3.72465066e-02
9.69855086e-01 5.45693107e-01 -1.43044436e-02 5.35672796e-01 3.76429144e-02
9.70236569e-01 5.52258511e-01 -1.31996047e-02 5.42318894e-01 3.80130181e-02
9.70615660e-01 5.58967409e-01 -1.20360149e-02 5.49118875e-01 3.83534719e-02
9.70992357e-01 5.65824708e-01 -1.08205505e-02 5.56076814e-01 3.86612377e-02
9.71366659e-01 5.72834995e-01 -9.56031040e-03 5.63196388e-01 3.89336247e-02
9.71738566e-01 5.80002495e-01 -8.26256209e-03 5.70480840e-01 3.91683237e-02
9.72108076e-01 5.87331038e-01 -6.93468322e-03 5.77932958e-01 3.93634358e-02
9.72475189e-01 5.94824032e-01 -5.58410179e-03 5.85555054e-01 3.95174941e-02
9.72839904e-01 6.02484443e-01 -4.21823440e-03 5.93348948e-01 3.96294783e-02
9.73202220e-01 6.10314775e-01 -2.84442333e-03 6.01315965e-01 3.96988240e-02
9.73562135e-01 6.18317064e-01 -1.46987324e-03 6.09456936e-01 3.97254239e-02
9.73919650e-01 6.26492875e-01 -1.01587982e-04 6.17772203e-01 3.97096228e-02
9.74274762e-01 6.34843305e-01 1.25369150e-03 6.26261637e-01 3.96522064e-02
9.74627472e-01 6.43368994e-01 2.58954760e-03 6.34924657e-01 3.95543835e-02
9.74977778e-01 6.52070148e-01 3.89994396e-03 6.43760264e-01 3.94177625e-02
9.75325680e-01 6.60946555e-01 5.17927998e-03 6.52767076e-01 3.92443220e-02
9.75671177e-01 6.69997629e-01 6.42244127e-03 6.61943369e-01 3.90363770e-02
9.76014267e-01 6.79222443e-01 7.62484515e-03 6.71287139e-01 3.87965406e-02
9.76354950e-01 6.88619788e-01 8.78248048e-03 6.80796155e-01 3.85276811e-02
9.76693226e-01 6.98188221e-01 9.89194117e-03 6.90468032e-01 3.82328774e-02
9.77029093e-01 7.07926142e-01 1.09504525e-02 7.00300308e-01 3.79153710e-02
9.77362550e-01 7.17831869e-01 1.19558902e-02 7.10290530e-01 3.75785163e-02
9.77693597e-01 7.27903724e-01 1.29067907e-02 7.20436352e-01 3.72257313e-02
9.78022233e-01 7.38140131e-01 1.38023535e-02 7.30735637e-01 3.68604466e-02
9.78348456e-01 7.48539726e-01 1.46424346e-02 7.41186575e-01 3.64860571e-02
9.78672267e-01 7.59101473e-01 1.54275305e-02 7.51787800e-01 3.61058734e-02
9.78993665e-01 7.69824798e-01 1.61587532e-02 7.62538529e-01 3.57230772e-02
9.79312648e-01 7.80709721e-01 1.68377964e-02 7.73438701e-01 3.53406794e-02
9.79629216e-01 7.91757016e-01 1.74668928e-02 7.84489125e-01 3.49614815e-02
9.79943368e-01 8.02968360e-01 1.80487623e-02 7.95691641e-01 3.45880427e-02
9.80255103e-01 8.14346508e-01 1.85865530e-02 8.07049285e-01 3.42226514e-02
9.80564421e-01 8.25895467e-01 1.90837739e-02 8.18566457e-01 3.38673029e-02
9.80871321e-01 8.37620677e-01 1.95442213e-02 8.30249101e-01 3.35236833e-02
9.81175801e-01 8.49529201e-01 1.99718997e-02 8.42104883e-01 3.31931599e-02
9.81477862e-01 8.61629913e-01 2.03709368e-02 8.54143370e-01 3.28767792e-02
9.81777503e-01 8.73933690e-01 2.07454961e-02 8.66376215e-01 3.25752707e-02
9.82074722e-01 8.86453600e-01 2.10996856e-02 8.78817332e-01 3.22890600e-02
9.82369519e-01 8.99205091e-01 2.14374665e-02 8.91483067e-01 3.20182870e-02
9.82661894e-01 9.12206163e-01 2.17625607e-02 9.04392367e-01 3.17628332e-02
9.82951845e-01 9.25477543e-01 2.20783614e-02 9.17566927e-01 3.15223542e-02
9.83239372e-01 9.39042832e-01 2.23878448e-02 9.31031337e-01 3.12963205e-02
9.83524474e-01 9.52928647e-01 2.26934876e-02 9.44813195e-01 3.10840627e-02
9.83807150e-01 9.67164738e-01 2.29971899e-02 9.58943217e-01 3.08848242e-02
9.84087401e-01 9.81784076e-01 2.33002046e-02 9.73455312e-01 3.06978170e-02
9.84365224e-01 9.96822928e-01 2.36030766e-02 9.88386634e-01 3.05222832e-02
9.84640620e-01 1.01232089e+00 2.39055906e-02 1.00377761e+00 3.03575596e-02
9.84913588e-01 1.02832089e+00 2.42067303e-02 1.01967191e+00 3.02031439e-02
9.85184126e-01 1.04486917e+00 2.45046498e-02 1.03611646e+00 3.00587640e-02
9.85452235e-01 1.06201520e+00 2.47966573e-02 1.05316131e+00 2.99244472e-02
9.85717914e-01 1.07981161e+00 2.50792124e-02 1.07085956e+00 2.98005883e-02
9.85981162e-01 1.09831404e+00 2.53479381e-02 1.08926718e+00 2.96880175e-02
9.86241978e-01 1.11758094e+00 2.55976460e-02 1.10844289e+00 2.95880649e-02
9.86500362e-01 1.13767340e+00 2.58223775e-02 1.12844789e+00 2.95026213e-02
9.86756313e-01 1.15865491e+00 2.60154580e-02 1.14934566e+00 2.94341950e-02
9.87009830e-01 1.18059107e+00 2.61695662e-02 1.17120168e+00 2.93859616e-02
9.87260914e-01 1.20354932e+00 2.62768168e-02 1.19408313e+00 2.93618083e-02
9.87509562e-01 1.22759861e+00 2.63288555e-02 1.21805863e+00 2.93663697e-02
9.87755776e-01 1.25280914e+00 2.63169672e-02 1.24319788e+00 2.94050553e-02
9.87999553e-01 1.27925195e+00 2.62321934e-02 1.26957136e+00 2.94840672e-02
9.88240894e-01 1.30699871e+00 2.60654599e-02 1.29725007e+00 2.96104086e-02
9.88479797e-01 1.33612132e+00 2.58077123e-02 1.32630520e+00 2.97918807e-02
9.88716263e-01 1.36669173e+00 2.54500571e-02 1.35680787e+00 3.00370683e-02
9.88950290e-01 1.39878165e+00 2.49839075e-02 1.38882895e+00 3.03553152e-02
9.89181879e-01 1.43246240e+00 2.44011311e-02 1.42243888e+00 3.07566857e-02
9.89411028e-01 1.46780477e+00 2.36941978e-02 1.45770755e+00 3.12519158e-02
9.89637737e-01 1.50487898e+00 2.28563265e-02 1.49470430e+00 3.18523516e-02
9.89862005e-01 1.54375473e+00 2.18816260e-02 1.53349796e+00 3.25698759e-02
9.90083833e-01 1.58450134e+00 2.07652314e-02 1.57415702e+00 3.34168234e-02
9.90303218e-01 1.62718798e+00 1.95034310e-02 1.61674988e+00 3.44058845e-02
9.90520161e-01 1.67188408e+00 1.80937824e-02 1.66134528e+00 3.55499986e-02
9.90734662e-01 1.71865978e+00 1.65352174e-02 1.70801275e+00 3.68622372e-02
9.90946719e-01 1.76758656e+00 1.48281305e-02 1.75682331e+00 3.83556778e-02
9.91156332e-01 1.81873808e+00 1.29744534e-02 1.80785025e+00 4.00432694e-02
9.91363501e-01 1.87219102e+00 1.09777098e-02 1.86117002e+00 4.19376907e-02
9.91568226e-01 1.92802616e+00 8.84305310e-03 1.91686336e+00 4.40512023e-02
9.91770504e-01 1.98632960e+00 6.57728273e-03 1.97501645e+00 4.63954933e-02
9.91970337e-01 2.04719410e+00 4.18884015e-03 2.03572231e+00 4.89815244e-02
9.92167724e-01 2.11072052e+00 1.68778349e-03 2.09908225e+00 5.18193690e-02
9.92362663e-01 2.17701942e+00 -9.14259647e-04 2.16520745e+00 5.49180527e-02
9.92555155e-01 2.24621276e+00 -3.60416082e-03 2.23422067e+00 5.82853938e-02
9.92745200e-01 2.31843568e+00 -6.36738077e-03 2.30625802e+00 6.19278457e-02
9.92932796e-01 2.39383830e+00 -9.18807996e-03 2.38147077e+00 6.58503435e-02
9.93117944e-01 2.47258764e+00 -1.20492488e-02 2.46002727e+00 7.00561545e-02
9.93300642e-01 2.55486949e+00 -1.49328561e-02 2.54211476e+00 7.45467375e-02
9.93480891e-01 2.64089028e+00 -1.78200149e-02 2.62794129e+00 7.93216091e-02
9.93658689e-01 2.73087887e+00 -2.06911624e-02 2.71773747e+00 8.43782208e-02
9.93834037e-01 2.82508832e+00 -2.35262541e-02 2.81175822e+00 8.97118479e-02
9.94006934e-01 2.92379743e+00 -2.63049677e-02 2.91028429e+00 9.53154911e-02
9.94177380e-01 3.02731221e+00 -2.90069158e-02 3.01362371e+00 1.01179794e-01
9.94345374e-01 3.13596705e+00 -3.16118643e-02 3.12211294e+00 1.07292974e-01
9.94510915e-01 3.25012570e+00 -3.40999536e-02 3.23611785e+00 1.13640777e-01
9.94674004e-01 3.37018191e+00 -3.64519202e-02 3.35603430e+00 1.20206442e-01
9.94834640e-01 3.49655979e+00 -3.86493154e-02 3.48228849e+00 1.26970693e-01
9.94992823e-01 3.62971373e+00 -4.06747185e-02 3.61533683e+00 1.33911752e-01
9.95148552e-01 3.77012794e+00 -4.25119417e-02 3.75566551e+00 1.41005366e-01
9.95301826e-01 3.91831551e+00 -4.41462239e-02 3.90378951e+00 1.48224866e-01
9.95452646e-01 4.07481706e+00 -4.55644102e-02 4.06025119e+00 1.55541248e-01
9.95601011e-01 4.24019881e+00 -4.67551160e-02 4.22561836e+00 1.62923270e-01
9.95746921e-01 4.41505010e+00 -4.77088713e-02 4.40048184e+00 1.70337585e-01
9.95890375e-01 4.59998049e+00 -4.84182456e-02 4.58545239e+00 1.77748887e-01
9.96031373e-01 4.79561613e+00 -4.88779493e-02 4.78115722e+00 1.85120091e-01
9.96169914e-01 5.00259568e+00 -4.90849111e-02 4.98823582e+00 1.92412529e-01
9.96305999e-01 5.22156568e+00 -4.90383310e-02 5.20733530e+00 1.99586173e-01
9.96439627e-01 5.45317528e+00 -4.87397054e-02 5.43910514e+00 2.06599881e-01
9.96570797e-01 5.69807051e+00 -4.81928272e-02 5.68419145e+00 2.13411658e-01
9.96699510e-01 5.95688807e+00 -4.74037574e-02 5.94323072e+00 2.19978948e-01
9.96825765e-01 6.23024859e+00 -4.63807704e-02 6.21684311e+00 2.26258932e-01
9.96949561e-01 6.51874947e+00 -4.51342728e-02 6.50562532e+00 2.32208850e-01
9.97070899e-01 6.82295746e+00 -4.36766967e-02 6.81014308e+00 2.37786334e-01
9.97189778e-01 7.14340077e+00 -4.20223680e-02 7.13092337e+00 2.42949755e-01
9.97306197e-01 7.48056108e+00 -4.01873527e-02 7.46844636e+00 2.47658578e-01
9.97420157e-01 7.83486529e+00 -3.81892815e-02 7.82313724e+00 2.51873721e-01
9.97531657e-01 8.20667726e+00 -3.60471554e-02 8.19535790e+00 2.55557921e-01
9.97640697e-01 8.59628950e+00 -3.37811350e-02 8.58539872e+00 2.58676096e-01
9.97747277e-01 9.00391496e+00 -3.14123157e-02 8.99347032e+00 2.61195711e-01
9.97851396e-01 9.42967907e+00 -2.89624916e-02 9.41969568e+00 2.63087125e-01
9.97953055e-01 9.87361200e+00 -2.64539116e-02 9.86410235e+00 2.64323939e-01
9.98052252e-01 1.03356414e+01 -2.39090296e-02 1.03266153e+01 2.64883320e-01
9.98148988e-01 1.08155854e+01 -2.13502531e-02 1.08070498e+01 2.64746317e-01
9.98243262e-01 1.13131467e+01 -1.87996934e-02 1.13051059e+01 2.63898145e-01
9.98335074e-01 1.18279067e+01 -1.62789191e-02 1.18203622e+01 2.62328453e-01
9.98424424e-01 1.23593210e+01 -1.38087180e-02 1.23522713e+01 2.60031550e-01
9.98511312e-01 1.29067155e+01 -1.14088694e-02 1.29001564e+01 2.57006615e-01
9.98595738e-01 1.34692831e+01 -9.09792880e-03 1.34632079e+01 2.53257856e-01
9.98677701e-01 1.40460825e+01 -6.89303021e-03 1.40404819e+01 2.48794642e-01
9.98757201e-01 1.46360370e+01 -4.80970598e-03 1.46308991e+01 2.43631582e-01
9.98834237e-01 1.52379348e+01 -2.86172797e-03 1.52332456e+01 2.37788575e-01
9.98908811e-01 1.58504308e+01 -1.06097157e-03 1.58461743e+01 2.31290798e-01
9.98980921e-01 1.64720496e+01 5.82695708e-04 1.64682077e+01 2.24168659e-01
9.99050567e-01 1.71011890e+01 2.06149971e-03 1.70977423e+01 2.16457697e-01
9.99117750e-01 1.77361261e+01 3.36981802e-03 1.77330536e+01 2.08198433e-01
9.99182468e-01 1.83750235e+01 4.50421075e-03 1.83723029e+01 1.99436171e-01
9.99244723e-01 1.90159371e+01 5.46342330e-03 1.90135456e+01 1.90220755e-01
9.99304513e-01 1.96568255e+01 6.24836113e-03 1.96547393e+01 1.80606273e-01
9.99361839e-01 2.02955601e+01 6.86203710e-03 2.02937553e+01 1.70650720e-01
9.99416700e-01 2.09299364e+01 7.30949197e-03 2.09283889e+01 1.60415612e-01
9.99469096e-01 2.15576864e+01 7.59768935e-03 2.15563722e+01 1.49965566e-01
9.99519028e-01 2.21764918e+01 7.73538644e-03 2.21753874e+01 1.39367835e-01
9.99566494e-01 2.27839986e+01 7.73298241e-03 2.27830811e+01 1.28691812e-01
9.99611495e-01 2.33778312e+01 7.60234650e-03 2.33770784e+01 1.18008506e-01
9.99654032e-01 2.39556082e+01 7.35662807e-03 2.39549991e+01 1.07389993e-01
9.99694102e-01 2.45149584e+01 7.01005131e-03 2.45144732e+01 9.69088376e-02
9.99731708e-01 2.50535369e+01 6.57769723e-03 2.50531569e+01 8.66375150e-02
9.99766848e-01 2.55690411e+01 6.07527597e-03 2.55687493e+01 7.66478112e-02
9.99799522e-01 2.60592276e+01 5.51889238e-03 2.60590085e+01 6.70102265e-02
9.99829731e-01 2.65219279e+01 4.92480811e-03 2.65217676e+01 5.77933790e-02
9.99857474e-01 2.69550646e+01 4.30920325e-03 2.69549508e+01 4.90634186e-02
9.99882751e-01 2.73566670e+01 3.68794079e-03 2.73565890e+01 4.08834546e-02
9.99905562e-01 2.77248853e+01 3.07633702e-03 2.77248342e+01 3.33130052e-02
9.99925908e-01 2.80580053e+01 2.48894089e-03 2.80579736e+01 2.64074733e-02
9.99943787e-01 2.83544613e+01 1.93932524e-03 2.83544429e+01 2.02176549e-02
9.99959200e-01 2.86128481e+01 1.43989272e-03 2.86128383e+01 1.47892853e-02
9.99972148e-01 2.88319323e+01 1.00169890e-03 2.88319277e+01 1.01626279e-02
9.99982629e-01 2.90106617e+01 6.34294856e-04 2.90106599e+01 6.37210843e-03
9.99990644e-01 2.91481741e+01 3.45590922e-04 2.91481736e+01 3.44599694e-03
9.99996193e-01 2.92438057e+01 1.41741162e-04 2.92438056e+01 1.40611671e-03
9.99999277e-01 2.92971131e+01 2.70199591e-05 2.92971131e+01 2.67286833e-04
