-9.99999277e-01 1.81207567e-02 -1.53862718e-07 -1.81207565e-02 2.01220757e-06
-9.99996193e-01 1.81121293e-02 -8.10465391e-07 -1.81121243e-02 1.05975509e-05
-9.99990644e-01 1.80966271e-02 -1.99081384e-06 -1.80965973e-02 2.60242770e-05
-9.99982629e-01 1.80742800e-02 -3.69357853e-06 -1.80741771e-02 4.82633564e-05
-9.99972148e-01 1.80451350e-02 -5.91649658e-06 -1.80448708e-02 7.72684089e-05
-9.99959200e-01 1.80092543e-02 -8.65658261e-06 -1.80086880e-02 1.12978494e-04
-9.99943787e-01 1.79667145e-02 -1.19101546e-05 -1.79656407e-02 1.55318490e-04
-9.99925908e-01 1.79176062e-02 -1.56728454e-05 -1.79157433e-02 2.04199301e-04
-9.99905562e-01 1.78620342e-02 -1.99396134e-05 -1.78590124e-02 2.59518050e-04
-9.99882751e-01 1.78001169e-02 -2.47047532e-05 -1.77954671e-02 3.21158303e-04
-9.99857474e-01 1.77319865e-02 -2.99619089e-05 -1.77251288e-02 3.88990308e-04
-9.99829731e-01 1.76577882e-02 -3.57040871e-05 -1.76480214e-02 4.62871268e-04
-9.99799522e-01 1.75776801e-02 -4.19236728e-05 -1.75641712e-02 5.42645640e-04
-9.99766848e-01 1.74918328e-02 -4.86124453e-05 -1.74736069e-02 6.28145455e-04
-9.99731708e-01 1.74004294e-02 -5.57615962e-05 -1.73763598e-02 7.19190668e-04
-9.99694102e-01 1.73036645e-02 -6.33617487e-05 -1.72724635e-02 8.15589533e-04
-9.99654032e-01 1.72017441e-02 -7.14029774e-05 -1.71619545e-02 9.17138998e-04
-9.99611495e-01 1.70948852e-02 -7.98748301e-05 -1.70448715e-02 1.02362513e-03
-9.99566494e-01 1.69833152e-02 -8.87663504e-05 -1.69212562e-02 1.13482355e-03
-9.99519028e-01 1.68672713e-02 -9.80661010e-05 -1.67911526e-02 1.25049990e-03
-9.99469096e-01 1.67470005e-02 -1.07762189e-04 -1.66546077e-02 1.37041034e-03
-9.99416700e-01 1.66227584e-02 -1.17842290e-04 -1.65116710e-02 1.49430202e-03
-9.99361839e-01 1.64948089e-02 -1.28293678e-04 -1.63623950e-02 1.62191363e-03
-9.99304513e-01 1.63634238e-02 -1.39103249e-04 -1.62068348e-02 1.75297594e-03
-9.99244723e-01 1.62288822e-02 -1.50257551e-04 -1.60450485e-02 1.88721231e-03
-9.99182468e-01 1.60914695e-02 -1.61742813e-04 -1.58770969e-02 2.02433930e-03
-9.99117750e-01 1.59514772e-02 -1.73544975e-04 -1.57030440e-02 2.16406724e-03
-9.99050567e-01 1.58092022e-02 -1.85649717e-04 -1.55229565e-02 2.30610082e-03
-9.98980921e-01 1.56649460e-02 -1.98042491e-04 -1.53369043e-02 2.45013967e-03
-9.98908811e-01 1.55190141e-02 -2.10708550e-04 -1.51449602e-02 2.59587902e-03
-9.98834237e-01 1.53717155e-02 -2.23632983e-04 -1.49472001e-02 2.74301027e-03
-9.98757201e-01 1.52233619e-02 -2.36800745e-04 -1.47437029e-02 2.89122164e-03
-9.98677701e-01 1.50742671e-02 -2.50196689e-04 -1.45345509e-02 3.04019879e-03
-9.98595738e-01 1.49247461e-02 -2.63805598e-04 -1.43198292e-02 3.18962546e-03
-9.98511312e-01 1.47751149e-02 -2.77612218e-04 -1.40996264e-02 3.33918412e-03
-9.98424424e-01 1.46256893e-02 -2.91601294e-04 -1.38740340e-02 3.48855657e-03
-9.98335074e-01 1.44767846e-02 -3.05757594e-04 -1.36431469e-02 3.63742461e-03
-9.98243262e-01 1.43287150e-02 -3.20065952e-04 -1.34070632e-02 3.78547065e-03
-9.98148988e-01 1.41817923e-02 -3.34511290e-04 -1.31658842e-02 3.93237838e-03
-9.98052252e-01 1.40363261e-02 -3.49078658e-04 -1.29197146e-02 4.07783333e-03
-9.97953055e-01 1.38926226e-02 -3.63753262e-04 -1.26686620e-02 4.22152355e-03
-9.97851396e-01 1.37509840e-02 -3.78520495e-04 -1.24128378e-02 4.36314022e-03
-9.97747277e-01 1.36117082e-02 -3.93365967e-04 -1.21523561e-02 4.50237821e-03
-9.97640697e-01 1.34750878e-02 -4.08275541e-04 -1.18873345e-02 4.63893670e-03
-9.97531657e-01 1.33414096e-02 -4.23235356e-04 -1.16178940e-02 4.77251978e-03
-9.97420157e-01 1.32109543e-02 -4.38231857e-04 -1.13441585e-02 4.90283701e-03
-9.97306197e-01 1.30839954e-02 -4.53251828e-04 -1.10662554e-02 5.02960394e-03
-9.97189778e-01 1.29607992e-02 -4.68282415e-04 -1.07843148e-02 5.15254272e-03
-9.97070899e-01 1.28416237e-02 -4.83311155e-04 -1.04984706e-02 5.27138258e-03
-9.96949561e-01 1.27267185e-02 -4.98325999e-04 -1.02088592e-02 5.38586034e-03
-9.96825765e-01 1.26163242e-02 -5.13315342e-04 -9.91562031e-03 5.49572093e-03
-9.96699510e-01 1.25106718e-02 -5.28268042e-04 -9.61889672e-03 5.60071784e-03
-9.96570797e-01 1.24099823e-02 -5.43173444e-04 -9.31883404e-03 5.70061357e-03
-9.96439627e-01 1.23144665e-02 -5.58021403e-04 -9.01558080e-03 5.79518010e-03
-9.96305999e-01 1.22243241e-02 -5.72802305e-04 -8.70928840e-03 5.88419924e-03
-9.96169914e-01 1.21397437e-02 -5.87507084e-04 -8.40011095e-03 5.96746307e-03
-9.96031373e-01 1.20609023e-02 -6.02127240e-04 -8.08820527e-03 6.04477429e-03
-9.95890375e-01 1.19879650e-02 -6.16654860e-04 -7.77373076e-03 6.11594655e-03
-9.95746921e-01 1.19210847e-02 -6.31082629e-04 -7.45684934e-03 6.18080477e-03
-9.95601011e-01 1.18604019e-02 -6.45403845e-04 -7.13772535e-03 6.23918547e-03
-9.95452646e-01 1.18060441e-02 -6.59612433e-04 -6.81652544e-03 6.29093696e-03
-9.95301826e-01 1.17581260e-02 -6.73702958e-04 -6.49341845e-03 6.33591967e-03
-9.95148552e-01 1.17167491e-02 -6.87670631e-04 -6.16857537e-03 6.37400629e-03
-9.94992823e-01 1.16820017e-02 -7.01511319e-04 -5.84216912e-03 6.40508200e-03
-9.94834640e-01 1.16539584e-02 -7.15221553e-04 -5.51437452e-03 6.42904464e-03
-9.94674004e-01 1.16326803e-02 -7.28798534e-04 -5.18536810e-03 6.44580480e-03
-9.94510915e-01 1.16182150e-02 -7.42240135e-04 -4.85532801e-03 6.45528597e-03
-9.94345374e-01 1.16105962e-02 -7.55544904e-04 -4.52443386e-03 6.45742460e-03
-9.94177380e-01 1.16098440e-02 -7.68712068e-04 -4.19286658e-03 6.45217014e-03
-9.94006934e-01 1.16159648e-02 -7.81741527e-04 -3.86080827e-03 6.43948512e-03
-9.93834037e-01 1.16289512e-02 -7.94633859e-04 -3.52844208e-03 6.41934509e-03
-9.93658689e-01 1.16487824e-02 -8.07390311e-04 -3.19595200e-03 6.39173861e-03
-9.93480891e-01 1.16754241e-02 -8.20012795e-04 -2.86352275e-03 6.35666721e-03
-9.93300642e-01 1.17088283e-02 -8.32503884e-04 -2.53133959e-03 6.31414530e-03
-9.93117944e-01 1.17489343e-02 -8.44866803e-04 -2.19958817e-03 6.26420006e-03
-9.92932796e-01 1.17956680e-02 -8.57105419e-04 -1.86845431e-03 6.20687132e-03
-9.92745200e-01 1.18489426e-02 -8.69224229e-04 -1.53812393e-03 6.14221138e-03
-9.92555155e-01 1.19086588e-02 -8.81228354e-04 -1.20878274e-03 6.07028486e-03
-9.92362663e-01 1.19747047e-02 -8.93123517e-04 -8.80616180e-04 5.99116845e-03
-9.92167724e-01 1.20469568e-02 -9.04916034e-04 -5.53809163e-04 5.90495075e-03
-9.91970337e-01 1.21252794e-02 -9.16612797e-04 -2.28545923e-04 5.81173194e-03
-9.91770504e-01 1.22095259e-02 -9.28221255e-04 9.49901761e-05 5.71162356e-03
-9.91568226e-01 1.22995381e-02 -9.39749397e-04 4.16616830e-04 5.60474821e-03
-9.91363501e-01 1.23951477e-02 -9.51205731e-04 7.36152979e-04 5.49123920e-03
-9.91156332e-01 1.24961757e-02 -9.62599264e-04 1.05341900e-03 5.37124026e-03
-9.90946719e-01 1.26024336e-02 -9.73939481e-04 1.36823688e-03 5.24490515e-03
-9.90734662e-01 1.27137231e-02 -9.85236319e-04 1.68043042e-03 5.11239734e-03
-9.90520161e-01 1.28298374e-02 -9.96500145e-04 1.98982545e-03 4.97388956e-03
-9.90303218e-01 1.29505607e-02 -1.00774173e-03 2.29624994e-03 4.82956343e-03
-9.90083833e-01 1.30756697e-02 -1.01897223e-03 2.59953426e-03 4.67960905e-03
-9.89862005e-01 1.32049332e-02 -1.03020315e-03 2.89951136e-03 4.52422455e-03
-9.89637737e-01 1.33381131e-02 -1.04144631e-03 3.19601688e-03 4.36361566e-03
-9.89411028e-01 1.34749650e-02 -1.05271384e-03 3.48888945e-03 4.19799524e-03
-9.89181879e-01 1.36152382e-02 -1.06401814e-03 3.77797075e-03 4.02758282e-03
-9.88950290e-01 1.37586769e-02 -1.07537183e-03 4.06310579e-03 3.85260413e-03
-9.88716263e-01 1.39050203e-02 -1.08678776e-03 4.34414301e-03 3.67329062e-03
-9.88479797e-01 1.40540033e-02 -1.09827895e-03 4.62093448e-03 3.48987895e-03
-9.88240894e-01 1.42053569e-02 -1.10985857e-03 4.89333608e-03 3.30261051e-03
-9.87999553e-01 1.43588092e-02 -1.12153991e-03 5.16120764e-03 3.11173091e-03
-9.87755776e-01 1.45140854e-02 -1.13333633e-03 5.42441311e-03 2.91748947e-03
-9.87509562e-01 1.46709087e-02 -1.14526126e-03 5.68282071e-03 2.72013873e-03
-9.87260914e-01 1.48290009e-02 -1.15732815e-03 5.93630309e-03 2.51993393e-03
-9.87009830e-01 1.49880828e-02 -1.16955046e-03 6.18473746e-03 2.31713248e-03
-9.86756313e-01 1.51478747e-02 -1.18194157e-03 6.42800574e-03 2.11199351e-03
-9.86500362e-01 1.53080973e-02 -1.19451482e-03 6.66599467e-03 1.90477728e-03
-9.86241978e-01 1.54684719e-02 -1.20728344e-03 6.89859598e-03 1.69574475e-03
-9.85981162e-01 1.56287211e-02 -1.22026052e-03 7.12570649e-03 1.48515704e-03
-9.85717914e-01 1.57885692e-02 -1.23345900e-03 7.34722818e-03 1.27327494e-03
-9.85452235e-01 1.59477431e-02 -1.24689162e-03 7.56306838e-03 1.06035844e-03
-9.85184126e-01 1.61059724e-02 -1.26057090e-03 7.77313982e-03 8.46666212e-04
-9.84913588e-01 1.62629900e-02 -1.27450909e-03 7.97736071e-03 6.32455186e-04
-9.84640620e-01 1.64185329e-02 -1.28871818e-03 8.17565487e-03 4.17980045e-04
-9.84365224e-01 1.65723422e-02 -1.30320983e-03 8.36795178e-03 2.03492784e-04
-9.84087401e-01 1.67241641e-02 -1.31799539e-03 8.55418665e-03 -1.07577291e-05
-9.83807150e-01 1.68737499e-02 -1.33308583e-03 8.73430050e-03 -2.24526191e-04
-9.83524474e-01 1.70208568e-02 -1.34849172e-03 8.90824020e-03 -4.37571280e-04
-9.83239372e-01 1.71652478e-02 -1.36422323e-03 9.07595852e-03 -6.49656062e-04
-9.82951845e-01 1.73066930e-02 -1.38029010e-03 9.23741418e-03 -8.60548384e-04
-9.82661894e-01 1.74449691e-02 -1.39670158e-03 9.39257185e-03 -1.07002125e-03
-9.82369519e-01 1.75798601e-02 -1.41346646e-03 9.54140223e-03 -1.27785319e-03
-9.82074722e-01 1.77111579e-02 -1.43059303e-03 9.68388198e-03 -1.48382858e-03
-9.81777503e-01 1.78386623e-02 -1.44808903e-03 9.81999381e-03 -1.68773801e-03
-9.81477862e-01 1.79621815e-02 -1.46596167e-03 9.94972642e-03 -1.88937857e-03
-9.81175801e-01 1.80815322e-02 -1.48421761e-03 1.00730745e-02 -2.08855417e-03
-9.80871321e-01 1.81965401e-02 -1.50286292e-03 1.01900388e-02 -2.28507576e-03
-9.80564421e-01 1.83070401e-02 -1.52190307e-03 1.03006258e-02 -2.47876166e-03
-9.80255103e-01 1.84128763e-02 -1.54134294e-03 1.04048482e-02 -2.66943776e-03
-9.79943368e-01 1.85139026e-02 -1.56118679e-03 1.05027243e-02 -2.85693775e-03
-9.79629216e-01 1.86099826e-02 -1.58143824e-03 1.05942784e-02 -3.04110332e-03
-9.79312648e-01 1.87009896e-02 -1.60210027e-03 1.06795404e-02 -3.22178433e-03
-9.78993665e-01 1.87868074e-02 -1.62317522e-03 1.07585460e-02 -3.39883902e-03
-9.78672267e-01 1.88673296e-02 -1.64466478e-03 1.08313365e-02 -3.57213408e-03
-9.78348456e-01 1.89424604e-02 -1.66656996e-03 1.08979586e-02 -3.74154483e-03
-9.78022233e-01 1.90121141e-02 -1.68889111e-03 1.09584646e-02 -3.90695533e-03
-9.77693597e-01 1.90762155e-02 -1.71162792e-03 1.10129120e-02 -4.06825840e-03
-9.77362550e-01 1.91346999e-02 -1.73477941e-03 1.10613636e-02 -4.22535576e-03
-9.77029093e-01 1.91875131e-02 -1.75834392e-03 1.11038872e-02 -4.37815803e-03
-9.76693226e-01 1.92346110e-02 -1.78231913e-03 1.11405557e-02 -4.52658476e-03
-9.76354950e-01 1.92759602e-02 -1.80670205e-03 1.11714468e-02 -4.67056447e-03
-9.76014267e-01 1.93115375e-02 -1.83148902e-03 1.11966431e-02 -4.81003460e-03
-9.75671177e-01 1.93413300e-02 -1.85667575e-03 1.12162314e-02 -4.94494148e-03
-9.75325680e-01 1.93653350e-02 -1.88225726e-03 1.12303034e-02 -5.07524033e-03
-9.74977778e-01 1.93835596e-02 -1.90822796e-03 1.12389547e-02 -5.20089514e-03
-9.74627472e-01 1.93960211e-02 -1.93458162e-03 1.12422853e-02 -5.32187861e-03
-9.74274762e-01 1.94027462e-02 -1.96131138e-03 1.12403991e-02 -5.43817206e-03
-9.73919650e-01 1.94037715e-02 -1.98840978e-03 1.12334037e-02 -5.54976529e-03
-9.73562135e-01 1.93991427e-02 -2.01586875e-03 1.12214105e-02 -5.65665647e-03
-9.73202220e-01 1.93889148e-02 -2.04367966e-03 1.12045342e-02 -5.75885199e-03
-9.72839904e-01 1.93731515e-02 -2.07183330e-03 1.11828930e-02 -5.85636626e-03
-9.72475189e-01 1.93519257e-02 -2.10031989e-03 1.11566079e-02 -5.94922161e-03
-9.72108076e-01 1.93253181e-02 -2.12912916e-03 1.11258032e-02 -6.03744803e-03
-9.71738566e-01 1.92934179e-02 -2.15825030e-03 1.10906057e-02 -6.12108299e-03
-9.71366659e-01 1.92563223e-02 -2.18767199e-03 1.10511446e-02 -6.20017125e-03
-9.70992357e-01 1.92141357e-02 -2.21738247e-03 1.10075518e-02 -6.27476459e-03
-9.70615660e-01 1.91669701e-02 -2.24736952e-03 1.09599612e-02 -6.34492162e-03
-9.70236569e-01 1.91149444e-02 -2.27762046e-03 1.09085085e-02 -6.41070748e-03
-9.69855086e-01 1.90581840e-02 -2.30812225e-03 1.08533315e-02 -6.47219365e-03
-9.69471210e-01 1.89968207e-02 -2.33886142e-03 1.07945692e-02 -6.52945760e-03
-9.69084944e-01 1.89309923e-02 -2.36982418e-03 1.07323624e-02 -6.58258261e-03
-9.68696288e-01 1.88608420e-02 -2.40099637e-03 1.06668526e-02 -6.63165741e-03
-9.68305243e-01 1.87865185e-02 -2.43236356e-03 1.05981827e-02 -6.67677594e-03
-9.67911810e-01 1.87081752e-02 -2.46391101e-03 1.05264962e-02 -6.71803706e-03
-9.67515990e-01 1.86259701e-02 -2.49562372e-03 1.04519371e-02 -6.75554422e-03
-9.67117784e-01 1.85400653e-02 -2.52748649e-03 1.03746501e-02 -6.78940517e-03
-9.66717192e-01 1.84506267e-02 -2.55948388e-03 1.02947797e-02 -6.81973168e-03
-9.66314217e-01 1.83578236e-02 -2.59160031e-03 1.02124708e-02 -6.84663922e-03
-9.65908859e-01 1.82618284e-02 -2.62382003e-03 1.01278679e-02 -6.87024663e-03
-9.65501118e-01 1.81628160e-02 -2.65612718e-03 1.00411153e-02 -6.89067582e-03
-9.65090997e-01 1.80609636e-02 -2.68850579e-03 9.95235651e-03 -6.90805151e-03
-9.64678495e-01 1.79564505e-02 -2.72093985e-03 9.86173459e-03 -6.92250082e-03
-9.64263614e-01 1.78494572e-02 -2.75341329e-03 9.76939159e-03 -6.93415305e-03
-9.63846355e-01 1.77401656e-02 -2.78591004e-03 9.67546851e-03 -6.94313934e-03
-9.63426720e-01 1.76287584e-02 -2.81841406e-03 9.58010513e-03 -6.94959235e-03
-9.63004708e-01 1.75154186e-02 -2.85090932e-03 9.48343981e-03 -6.95364599e-03
-9.62580321e-01 1.74003295e-02 -2.88337988e-03 9.38560937e-03 -6.95543510e-03
-9.62153561e-01 1.72836738e-02 -2.91580990e-03 9.28674894e-03 -6.95509515e-03
-9.61724427e-01 1.71656339e-02 -2.94818365e-03 9.18699175e-03 -6.95276198e-03
-9.61292922e-01 1.70463912e-02 -2.98048556e-03 9.08646905e-03 -6.94857148e-03
-9.60859046e-01 1.69261258e-02 -3.01270021e-03 8.98530995e-03 -6.94265935e-03
-9.60422801e-01 1.68050162e-02 -3.04481239e-03 8.88364127e-03 -6.93516081e-03
-9.59984187e-01 1.66832391e-02 -3.07680710e-03 8.78158741e-03 -6.92621030e-03
-9.59543205e-01 1.65609690e-02 -3.10866959e-03 8.67927027e-03 -6.91594132e-03
-9.59099857e-01 1.64383778e-02 -3.14038537e-03 8.57680908e-03 -6.90448606e-03
-9.58654144e-01 1.63156348e-02 -3.17194023e-03 8.47432030e-03 -6.89197527e-03
-9.58206066e-01 1.61929064e-02 -3.20332025e-03 8.37191756e-03 -6.87853795e-03
-9.57755626e-01 1.60703554e-02 -3.23451186e-03 8.26971149e-03 -6.86430117e-03
-9.57302823e-01 1.59481415e-02 -3.26550181e-03 8.16780969e-03 -6.84938982e-03
-9.56847660e-01 1.58264203e-02 -3.29627722e-03 8.06631659e-03 -6.83392647e-03
-9.56390137e-01 1.57053436e-02 -3.32682557e-03 7.96533343e-03 -6.81803110e-03
-9.55930255e-01 1.55850591e-02 -3.35713475e-03 7.86495813e-03 -6.80182096e-03
-9.55468016e-01 1.54657102e-02 -3.38719304e-03 7.76528524e-03 -6.78541041e-03
-9.55003420e-01 1.53474355e-02 -3.41698915e-03 7.66640590e-03 -6.76891071e-03
-9.54536469e-01 1.52303691e-02 -3.44651219e-03 7.56840776e-03 -6.75242991e-03
-9.54067164e-01 1.51146403e-02 -3.47575174e-03 7.47137496e-03 -6.73607268e-03
-9.53595507e-01 1.50003733e-02 -3.50469783e-03 7.37538805e-03 -6.71994022e-03
-9.53121497e-01 1.48876873e-02 -3.53334092e-03 7.28052399e-03 -6.70413009e-03
-9.52645137e-01 1.47766961e-02 -3.56167198e-03 7.18685610e-03 -6.68873612e-03
-9.52166428e-01 1.46675083e-02 -3.58968241e-03 7.09445404e-03 -6.67384835e-03
-9.51685370e-01 1.45602272e-02 -3.61736412e-03 7.00338382e-03 -6.65955288e-03
-9.51201965e-01 1.44549502e-02 -3.64470947e-03 6.91370775e-03 -6.64593185e-03
-9.50716215e-01 1.43517697e-02 -3.67171135e-03 6.82548446e-03 -6.63306334e-03
-9.50228120e-01 1.42507722e-02 -3.69836310e-03 6.73876890e-03 -6.62102132e-03
-9.49737681e-01 1.41520385e-02 -3.72465855e-03 6.65361236e-03 -6.60987563e-03
-9.49244901e-01 1.40556440e-02 -3.75059203e-03 6.57006244e-03 -6.59969192e-03
-9.48749779e-01 1.39616583e-02 -3.77615835e-03 6.48816311e-03 -6.59053166e-03
-9.48252318e-01 1.38701453e-02 -3.80135280e-03 6.40795475e-03 -6.58245206e-03
-9.47752518e-01 1.37811634e-02 -3.82617114e-03 6.32947412e-03 -6.57550616e-03
-9.47250380e-01 1.36947654e-02 -3.85060964e-03 6.25275443e-03 -6.56974277e-03
-9.46745907e-01 1.36109983e-02 -3.87466498e-03 6.17782541e-03 -6.56520648e-03
-9.46239099e-01 1.35299038e-02 -3.89833434e-03 6.10471330e-03 -6.56193775e-03
-9.45729957e-01 1.34515180e-02 -3.92161533e-03 6.03344092e-03 -6.55997289e-03
-9.45218483e-01 1.33758717e-02 -3.94450603e-03 5.96402775e-03 -6.55934409e-03
-9.44704677e-01 1.33029904e-02 -3.96700493e-03 5.89648995e-03 -6.56007952e-03
-9.44188542e-01 1.32328942e-02 -3.98911094e-03 5.83084045e-03 -6.56220335e-03
-9.43670079e-01 1.31655981e-02 -4.01082339e-03 5.76708899e-03 -6.56573584e-03
-9.43149288e-01 1.31011123e-02 -4.03214200e-03 5.70524223e-03 -6.57069339e-03
-9.42626171e-01 1.30394417e-02 -4.05306688e-03 5.64530378e-03 -6.57708862e-03
-9.42100730e-01 1.29805868e-02 -4.07359851e-03 5.58727431e-03 -6.58493048e-03
-9.41572965e-01 1.29245431e-02 -4.09373771e-03 5.53115160e-03 -6.59422431e-03
-9.41042878e-01 1.28713016e-02 -4.11348567e-03 5.47693066e-03 -6.60497196e-03
-9.40510470e-01 1.28208492e-02 -4.13284386e-03 5.42460379e-03 -6.61717187e-03
-9.39975743e-01 1.27731681e-02 -4.15181410e-03 5.37416066e-03 -6.63081920e-03
-9.39438698e-01 1.27282367e-02 -4.17039848e-03 5.32558841e-03 -6.64590592e-03
-9.38899336e-01 1.26860292e-02 -4.18859935e-03 5.27887177e-03 -6.66242094e-03
-9.38357658e-01 1.26465164e-02 -4.20641933e-03 5.23399311e-03 -6.68035022e-03
-9.37813667e-01 1.26096649e-02 -4.22386127e-03 5.19093255e-03 -6.69967689e-03
-9.37267362e-01 1.25754384e-02 -4.24092824e-03 5.14966807e-03 -6.72038137e-03
-9.36718746e-01 1.25437968e-02 -4.25762351e-03 5.11017559e-03 -6.74244151e-03
-9.36167820e-01 1.25146972e-02 -4.27395052e-03 5.07242909e-03 -6.76583272e-03
-9.35614585e-01 1.24880935e-02 -4.28991288e-03 5.03640066e-03 -6.79052805e-03
-9.35059043e-01 1.24639370e-02 -4.30551434e-03 5.00206068e-03 -6.81649842e-03
-9.34501195e-01 1.24421763e-02 -4.32075875e-03 4.96937785e-03 -6.84371263e-03
-9.33941042e-01 1.24227576e-02 -4.33565009e-03 4.93831932e-03 -6.87213760e-03
-9.33378586e-01 1.24056246e-02 -4.35019242e-03 4.90885077e-03 -6.90173844e-03
-9.32813828e-01 1.23907192e-02 -4.36438984e-03 4.88093656e-03 -6.93247858e-03
-9.32246769e-01 1.23779811e-02 -4.37824652e-03 4.85453976e-03 -6.96431995e-03
-9.31677412e-01 1.23673485e-02 -4.39176665e-03 4.82962230e-03 -6.99722305e-03
-9.31105757e-01 1.23587578e-02 -4.40495442e-03 4.80614504e-03 -7.03114713e-03
-9.30531805e-01 1.23521441e-02 -4.41781402e-03 4.78406789e-03 -7.06605027e-03
-9.29955559e-01 1.23474411e-02 -4.43034959e-03 4.76334989e-03 -7.10188957e-03
-9.29377019e-01 1.23445815e-02 -4.44256526e-03 4.74394930e-03 -7.13862118e-03
-9.28796187e-01 1.23434970e-02 -4.45446508e-03 4.72582370e-03 -7.17620052e-03
-9.28213065e-01 1.23441186e-02 -4.46605301e-03 4.70893009e-03 -7.21458234e-03
-9.27627654e-01 1.23463766e-02 -4.47733294e-03 4.69322497e-03 -7.25372083e-03
-9.27039955e-01 1.23502008e-02 -4.48830864e-03 4.67866442e-03 -7.29356978e-03
-9.26449969e-01 1.23555206e-02 -4.49898374e-03 4.66520421e-03 -7.33408265e-03
-9.25857699e-01 1.23622654e-02 -4.50936177e-03 4.65279986e-03 -7.37521269e-03
-9.25263146e-01 1.23703642e-02 -4.51944607e-03 4.64140673e-03 -7.41691303e-03
-9.24666310e-01 1.23797464e-02 -4.52923985e-03 4.63098010e-03 -7.45913680e-03
-9.24067195e-01 1.23903413e-02 -4.53874612e-03 4.62147525e-03 -7.50183720e-03
-9.23465800e-01 1.24020787e-02 -4.54796771e-03 4.61284753e-03 -7.54496763e-03
-9.22862128e-01 1.24148887e-02 -4.55690728e-03 4.60505244e-03 -7.58848173e-03
-9.22256180e-01 1.24287020e-02 -4.56556724e-03 4.59804568e-03 -7.63233349e-03
-9.21647958e-01 1.24434498e-02 -4.57394982e-03 4.59178325e-03 -7.67647732e-03
-9.21037462e-01 1.24590642e-02 -4.58205703e-03 4.58622147e-03 -7.72086814e-03
-9.20424696e-01 1.24754780e-02 -4.58989062e-03 4.58131708e-03 -7.76546142e-03
-9.19809659e-01 1.24926250e-02 -4.59745215e-03 4.57702729e-03 -7.81021327e-03
-9.19192354e-01 1.25104399e-02 -4.60474290e-03 4.57330982e-03 -7.85508050e-03
-9.18572782e-01 1.25288585e-02 -4.61176394e-03 4.57012297e-03 -7.90002066e-03
-9.17950945e-01 1.25478178e-02 -4.61851607e-03 4.56742566e-03 -7.94499212e-03
-9.17326844e-01 1.25672559e-02 -4.62499985e-03 4.56517748e-03 -7.98995407e-03
-9.16700480e-01 1.25871123e-02 -4.63121560e-03 4.56333874e-03 -8.03486663e-03
-9.16071856e-01 1.26073278e-02 -4.63716338e-03 4.56187051e-03 -8.07969083e-03
-9.15440973e-01 1.26278444e-02 -4.64284300e-03 4.56073465e-03 -8.12438869e-03
-9.14807832e-01 1.26486056e-02 -4.64825402e-03 4.55989385e-03 -8.16892320e-03
-9.14172435e-01 1.26695566e-02 -4.65339576e-03 4.55931168e-03 -8.21325842e-03
-9.13534783e-01 1.26906437e-02 -4.65826729e-03 4.55895260e-03 -8.25735943e-03
-9.12894879e-01 1.27118150e-02 -4.66286745e-03 4.55878199e-03 -8.30119241e-03
-9.12252723e-01 1.27330200e-02 -4.66719484e-03 4.55876619e-03 -8.34472459e-03
-9.11608317e-01 1.27542099e-02 -4.67124783e-03 4.55887249e-03 -8.38792433e-03
-9.10961663e-01 1.27753373e-02 -4.67502456e-03 4.55906919e-03 -8.43076110e-03
-9.10312763e-01 1.27963567e-02 -4.67852297e-03 4.55932561e-03 -8.47320548e-03
-9.09661618e-01 1.28172237e-02 -4.68174078e-03 4.55961206e-03 -8.51522914e-03
-9.09008229e-01 1.28378960e-02 -4.68467551e-03 4.55989993e-03 -8.55680492e-03
-9.08352599e-01 1.28583327e-02 -4.68732450e-03 4.56016161e-03 -8.59790673e-03
-9.07694728e-01 1.28784944e-02 -4.68968490e-03 4.56037059e-03 -8.63850960e-03
-9.07034619e-01 1.28983435e-02 -4.69175369e-03 4.56050139e-03 -8.67858967e-03
-9.06372273e-01 1.29178438e-02 -4.69352769e-03 4.56052960e-03 -8.71812416e-03
-9.05707691e-01 1.29369609e-02 -4.69500359e-03 4.56043187e-03 -8.75709136e-03
-9.05040876e-01 1.29556616e-02 -4.69617791e-03 4.56018594e-03 -8.79547062e-03
-9.04371830e-01 1.29739145e-02 -4.69704707e-03 4.55977058e-03 -8.83324235e-03
-9.03700552e-01 1.29916898e-02 -4.69760739e-03 4.55916562e-03 -8.87038795e-03
-9.03027046e-01 1.30089588e-02 -4.69785506e-03 4.55835197e-03 -8.90688986e-03
-9.02351313e-01 1.30256947e-02 -4.69778622e-03 4.55731156e-03 -8.94273148e-03
-9.01673355e-01 1.30418718e-02 -4.69739693e-03 4.55602734e-03 -8.97789717e-03
-9.00993173e-01 1.30574659e-02 -4.69668317e-03 4.55448331e-03 -9.01237222e-03
-9.00310769e-01 1.30724544e-02 -4.69564092e-03 4.55266447e-03 -9.04614284e-03
-8.99626145e-01 1.30868158e-02 -4.69426611e-03 4.55055682e-03 -9.07919611e-03
-8.98939302e-01 1.31005298e-02 -4.69255467e-03 4.54814733e-03 -9.11151999e-03
-8.98250242e-01 1.31135778e-02 -4.69050251e-03 4.54542394e-03 -9.14310324e-03
-8.97558967e-01 1.31259420e-02 -4.68810559e-03 4.54237554e-03 -9.17393545e-03
-8.96865478e-01 1.31376060e-02 -4.68535989e-03 4.53899196e-03 -9.20400696e-03
-8.96169778e-01 1.31485547e-02 -4.68226143e-03 4.53526392e-03 -9.23330887e-03
-8.95471867e-01 1.31587739e-02 -4.67880631e-03 4.53118305e-03 -9.26183301e-03
-8.94771748e-01 1.31682507e-02 -4.67499070e-03 4.52674184e-03 -9.28957189e-03
-8.94069423e-01 1.31769730e-02 -4.67081085e-03 4.52193363e-03 -9.31651869e-03
-8.93364892e-01 1.31849300e-02 -4.66626314e-03 4.51675258e-03 -9.34266724e-03
-8.92658159e-01 1.31921119e-02 -4.66134406e-03 4.51119368e-03 -9.36801196e-03
-8.91949223e-01 1.31985096e-02 -4.65605023e-03 4.50525266e-03 -9.39254789e-03
-8.91238089e-01 1.32041151e-02 -4.65037842e-03 4.49892606e-03 -9.41627062e-03
-8.90524756e-01 1.32089212e-02 -4.64432557e-03 4.49221110e-03 -9.43917628e-03
-8.89809227e-01 1.32129218e-02 -4.63788879e-03 4.48510576e-03 -9.46126152e-03
-8.89091503e-01 1.32161114e-02 -4.63106537e-03 4.47760866e-03 -9.48252349e-03
-8.88371587e-01 1.32184853e-02 -4.62385280e-03 4.46971913e-03 -9.50295982e-03
-8.87649480e-01 1.32200397e-02 -4.61624880e-03 4.46143711e-03 -9.52256858e-03
-8.86925184e-01 1.32207713e-02 -4.60825127e-03 4.45276316e-03 -9.54134830e-03
-8.86198701e-01 1.32206779e-02 -4.59985839e-03 4.44369843e-03 -9.55929790e-03
-8.85470032e-01 1.32197575e-02 -4.59106853e-03 4.43424463e-03 -9.57641674e-03
-8.84739180e-01 1.32180092e-02 -4.58188036e-03 4.42440404e-03 -9.59270454e-03
-8.84006145e-01 1.32154324e-02 -4.57229277e-03 4.41417942e-03 -9.60816140e-03
-8.83270931e-01 1.32120274e-02 -4.56230494e-03 4.40357406e-03 -9.62278778e-03
-8.82533538e-01 1.32077948e-02 -4.55191630e-03 4.39259171e-03 -9.63658451e-03
-8.81793969e-01 1.32027361e-02 -4.54112660e-03 4.38123657e-03 -9.64955272e-03
-8.81052225e-01 1.31968529e-02 -4.52993583e-03 4.36951326e-03 -9.66169391e-03
-8.80308308e-01 1.31901479e-02 -4.51834430e-03 4.35742682e-03 -9.67300986e-03
-8.79562220e-01 1.31826238e-02 -4.50635262e-03 4.34498266e-03 -9.68350270e-03
-8.78813963e-01 1.31742841e-02 -4.49396169e-03 4.33218657e-03 -9.69317484e-03
-8.78063539e-01 1.31651326e-02 -4.48117270e-03 4.31904468e-03 -9.70202902e-03
-8.77310949e-01 1.31551739e-02 -4.46798717e-03 4.30556343e-03 -9.71006825e-03
-8.76556196e-01 1.31444127e-02 -4.45440693e-03 4.29174956e-03 -9.71729585e-03
-8.75799281e-01 1.31328543e-02 -4.44043408e-03 4.27761012e-03 -9.72371544e-03
-8.75040206e-01 1.31205045e-02 -4.42607107e-03 4.26315240e-03 -9.72933092e-03
-8.74278973e-01 1.31073694e-02 -4.41132065e-03 4.24838395e-03 -9.73414648e-03
-8.73515584e-01 1.30934556e-02 -4.39618586e-03 4.23331255e-03 -9.73816662e-03
-8.72750041e-01 1.30787702e-02 -4.38067006e-03 4.21794617e-03 -9.74139612e-03
-8.71982345e-01 1.30633206e-02 -4.36477691e-03 4.20229302e-03 -9.74384004e-03
-8.71212499e-01 1.30471147e-02 -4.34851037e-03 4.18636144e-03 -9.74550377e-03
-8.70440504e-01 1.30301606e-02 -4.33187468e-03 4.17015998e-03 -9.74639298e-03
-8.69666363e-01 1.30124672e-02 -4.31487441e-03 4.15369731e-03 -9.74651363e-03
-8.68890077e-01 1.29940433e-02 -4.29751436e-03 4.13698225e-03 -9.74587202e-03
-8.68111648e-01 1.29748984e-02 -4.27979967e-03 4.12002373e-03 -9.74447473e-03
-8.67331079e-01 1.29550425e-02 -4.26173570e-03 4.10283081e-03 -9.74232866e-03
-8.66548370e-01 1.29344856e-02 -4.24332812e-03 4.08541263e-03 -9.73944103e-03
-8.65763524e-01 1.29132384e-02 -4.22458283e-03 4.06777842e-03 -9.73581938e-03
-8.64976543e-01 1.28913120e-02 -4.20550599e-03 4.04993748e-03 -9.73147158e-03
-8.64187429e-01 1.28687176e-02 -4.18610400e-03 4.03189917e-03 -9.72640581e-03
-8.63396184e-01 1.28454670e-02 -4.16638350e-03 4.01367291e-03 -9.72063061e-03
-8.62602809e-01 1.28215724e-02 -4.14635135e-03 3.99526815e-03 -9.71415482e-03
-8.61807307e-01 1.27970463e-02 -4.12601463e-03 3.97669438e-03 -9.70698765e-03
-8.61009680e-01 1.27719015e-02 -4.10538060e-03 3.95796111e-03 -9.69913864e-03
-8.60209930e-01 1.27461513e-02 -4.08445673e-03 3.93907786e-03 -9.69061765e-03
-8.59408057e-01 1.27198093e-02 -4.06325068e-03 3.92005415e-03 -9.68143491e-03
-8.58604066e-01 1.26928894e-02 -4.04177027e-03 3.90089951e-03 -9.67160100e-03
-8.57797957e-01 1.26654060e-02 -4.02002347e-03 3.88162344e-03 -9.66112681e-03
-8.56989732e-01 1.26373739e-02 -3.99801840e-03 3.86223543e-03 -9.65002361e-03
-8.56179395e-01 1.26088079e-02 -3.97576334e-03 3.84274494e-03 -9.63830299e-03
-8.55366945e-01 1.25797235e-02 -3.95326665e-03 3.82316142e-03 -9.62597689e-03
-8.54552386e-01 1.25501363e-02 -3.93053684e-03 3.80349423e-03 -9.61305759e-03
-8.53735720e-01 1.25200625e-02 -3.90758248e-03 3.78375274e-03 -9.59955770e-03
-8.52916948e-01 1.24895182e-02 -3.88441225e-03 3.76394623e-03 -9.58549016e-03
-8.52096073e-01 1.24585203e-02 -3.86103489e-03 3.74408392e-03 -9.57086825e-03
-8.51273096e-01 1.24270856e-02 -3.83745922e-03 3.72417501e-03 -9.55570553e-03
-8.50448020e-01 1.23952313e-02 -3.81369407e-03 3.70422857e-03 -9.54001591e-03
-8.49620847e-01 1.23629750e-02 -3.78974833e-03 3.68425364e-03 -9.52381359e-03
-8.48791578e-01 1.23303344e-02 -3.76563091e-03 3.66425916e-03 -9.50711305e-03
-8.47960216e-01 1.22973275e-02 -3.74135071e-03 3.64425399e-03 -9.48992907e-03
-8.47126763e-01 1.22639726e-02 -3.71691667e-03 3.62424691e-03 -9.47227669e-03
-8.46291221e-01 1.22302880e-02 -3.69233765e-03 3.60424659e-03 -9.45417122e-03
-8.45453591e-01 1.21962926e-02 -3.66762254e-03 3.58426161e-03 -9.43562820e-03
-8.44613877e-01 1.21620051e-02 -3.64278017e-03 3.56430045e-03 -9.41666343e-03
-8.43772079e-01 1.21274445e-02 -3.61781930e-03 3.54437147e-03 -9.39729288e-03
-8.42928201e-01 1.20926300e-02 -3.59274867e-03 3.52448294e-03 -9.37753278e-03
-8.42082244e-01 1.20575808e-02 -3.56757690e-03 3.50464299e-03 -9.35739948e-03
-8.41234210e-01 1.20223163e-02 -3.54231256e-03 3.48485965e-03 -9.33690956e-03
-8.40384102e-01 1.19868560e-02 -3.51696413e-03 3.46514082e-03 -9.31607969e-03
-8.39531921e-01 1.19512194e-02 -3.49153995e-03 3.44549426e-03 -9.29492670e-03
-8.38677669e-01 1.19154260e-02 -3.46604828e-03 3.42592762e-03 -9.27346753e-03
-8.37821349e-01 1.18794955e-02 -3.44049725e-03 3.40644840e-03 -9.25171919e-03
-8.36962964e-01 1.18434474e-02 -3.41489486e-03 3.38706396e-03 -9.22969877e-03
-8.36102514e-01 1.18073011e-02 -3.38924897e-03 3.36778152e-03 -9.20742339e-03
-8.35240002e-01 1.17710762e-02 -3.36356728e-03 3.34860816e-03 -9.18491020e-03
-8.34375430e-01 1.17347921e-02 -3.33785736e-03 3.32955081e-03 -9.16217635e-03
-8.33508800e-01 1.16984681e-02 -3.31212660e-03 3.31061623e-03 -9.13923896e-03
-8.32640115e-01 1.16621232e-02 -3.28638223e-03 3.29181104e-03 -9.11611509e-03
-8.31769377e-01 1.16257764e-02 -3.26063131e-03 3.27314169e-03 -9.09282175e-03
-8.30896587e-01 1.15894466e-02 -3.23488071e-03 3.25461448e-03 -9.06937584e-03
-8.30021748e-01 1.15531523e-02 -3.20913712e-03 3.23623551e-03 -9.04579413e-03
-8.29144862e-01 1.15169118e-02 -3.18340705e-03 3.21801074e-03 -9.02209325e-03
-8.28265931e-01 1.14807432e-02 -3.15769681e-03 3.19994596e-03 -8.99828967e-03
-8.27384958e-01 1.14446642e-02 -3.13201251e-03 3.18204675e-03 -8.97439964e-03
-8.26501944e-01 1.14086924e-02 -3.10636008e-03 3.16431853e-03 -8.95043921e-03
-8.25616892e-01 1.13728447e-02 -3.08074522e-03 3.14676655e-03 -8.92642417e-03
-8.24729804e-01 1.13371379e-02 -3.05517344e-03 3.12939586e-03 -8.90237006e-03
-8.23840681e-01 1.13015884e-02 -3.02965005e-03 3.11221131e-03 -8.87829211e-03
-8.22949527e-01 1.12662120e-02 -3.00418015e-03 3.09521757e-03 -8.85420524e-03
-8.22056344e-01 1.12310242e-02 -2.97876862e-03 3.07841913e-03 -8.83012404e-03
-8.21161133e-01 1.11960401e-02 -2.95342017e-03 3.06182027e-03 -8.80606271e-03
-8.20263897e-01 1.11612740e-02 -2.92813925e-03 3.04542507e-03 -8.78203511e-03
-8.19364639e-01 1.11267401e-02 -2.90293014e-03 3.02923741e-03 -8.75805467e-03
-8.18463359e-01 1.10924517e-02 -2.87779691e-03 3.01326098e-03 -8.73413440e-03
-8.17560061e-01 1.10584218e-02 -2.85274342e-03 2.99749925e-03 -8.71028687e-03
-8.16654747e-01 1.10246627e-02 -2.82777333e-03 2.98195550e-03 -8.68652418e-03
-8.15747419e-01 1.09911862e-02 -2.80289010e-03 2.96663278e-03 -8.66285797e-03
-8.14838079e-01 1.09580034e-02 -2.77809699e-03 2.95153397e-03 -8.63929935e-03
-8.13926729e-01 1.09251248e-02 -2.75339708e-03 2.93666170e-03 -8.61585895e-03
-8.13013373e-01 1.08925602e-02 -2.72879324e-03 2.92201843e-03 -8.59254685e-03
-8.12098011e-01 1.08603190e-02 -2.70428818e-03 2.90760637e-03 -8.56937261e-03
-8.11180646e-01 1.08284097e-02 -2.67988439e-03 2.89342756e-03 -8.54634523e-03
-8.10261281e-01 1.07968402e-02 -2.65558421e-03 2.87948379e-03 -8.52347312e-03
-8.09339918e-01 1.07656177e-02 -2.63138981e-03 2.86577668e-03 -8.50076415e-03
-8.08416559e-01 1.07347487e-02 -2.60730317e-03 2.85230760e-03 -8.47822558e-03
-8.07491206e-01 1.07042390e-02 -2.58332611e-03 2.83907775e-03 -8.45586410e-03
-8.06563861e-01 1.06740939e-02 -2.55946031e-03 2.82608809e-03 -8.43368579e-03
-8.05634528e-01 1.06443176e-02 -2.53570728e-03 2.81333938e-03 -8.41169611e-03
-8.04703207e-01 1.06149139e-02 -2.51206837e-03 2.80083220e-03 -8.38989995e-03
-8.03769903e-01 1.05858859e-02 -2.48854483e-03 2.78856689e-03 -8.36830155e-03
-8.02834616e-01 1.05572358e-02 -2.46513772e-03 2.77654361e-03 -8.34690456e-03
-8.01897349e-01 1.05289651e-02 -2.44184801e-03 2.76476232e-03 -8.32571203e-03
-8.00958104e-01 1.05010749e-02 -2.41867653e-03 2.75322276e-03 -8.30472637e-03
-8.00016884e-01 1.04735652e-02 -2.39562400e-03 2.74192451e-03 -8.28394940e-03
-7.99073691e-01 1.04464355e-02 -2.37269101e-03 2.73086694e-03 -8.26338234e-03
-7.98128528e-01 1.04196848e-02 -2.34987805e-03 2.72004923e-03 -8.24302580e-03
-7.97181396e-01 1.03933110e-02 -2.32718552e-03 2.70947037e-03 -8.22287981e-03
-7.96232298e-01 1.03673118e-02 -2.30461373e-03 2.69912919e-03 -8.20294382e-03
-7.95281236e-01 1.03416838e-02 -2.28216288e-03 2.68902432e-03 -8.18321668e-03
-7.94328214e-01 1.03164233e-02 -2.25983310e-03 2.67915423e-03 -8.16369671e-03
-7.93373232e-01 1.02915259e-02 -2.23762445e-03 2.66951722e-03 -8.14438165e-03
-7.92416293e-01 1.02669865e-02 -2.21553692e-03 2.66011142e-03 -8.12526871e-03
-7.91457401e-01 1.02427995e-02 -2.19357042e-03 2.65093482e-03 -8.10635459e-03
-7.90496556e-01 1.02189585e-02 -2.17172481e-03 2.64198523e-03 -8.08763545e-03
-7.89533763e-01 1.01954570e-02 -2.14999990e-03 2.63326033e-03 -8.06910698e-03
-7.88569022e-01 1.01722876e-02 -2.12839546e-03 2.62475766e-03 -8.05076437e-03
-7.87602336e-01 1.01494424e-02 -2.10691121e-03 2.61647460e-03 -8.03260236e-03
-7.86633708e-01 1.01269131e-02 -2.08554683e-03 2.60840842e-03 -8.01461525e-03
-7.85663139e-01 1.01046910e-02 -2.06430196e-03 2.60055626e-03 -7.99679691e-03
-7.84690634e-01 1.00827670e-02 -2.04317624e-03 2.59291515e-03 -7.97914081e-03
-7.83716193e-01 1.00611312e-02 -2.02216927e-03 2.58548199e-03 -7.96164005e-03
-7.82739819e-01 1.00397738e-02 -2.00128062e-03 2.57825358e-03 -7.94428736e-03
-7.81761515e-01 1.00186842e-02 -1.98050988e-03 2.57122663e-03 -7.92707512e-03
-7.80781283e-01 9.99785191e-03 -1.95985660e-03 2.56439776e-03 -7.90999541e-03
-7.79799126e-01 9.97726571e-03 -1.93932034e-03 2.55776348e-03 -7.89304003e-03
-7.78815045e-01 9.95691433e-03 -1.91890064e-03 2.55132025e-03 -7.87620048e-03
-7.77829044e-01 9.93678617e-03 -1.89859708e-03 2.54506444e-03 -7.85946805e-03
-7.76841124e-01 9.91686942e-03 -1.87840920e-03 2.53899237e-03 -7.84283379e-03
-7.75851289e-01 9.89715205e-03 -1.85833658e-03 2.53310028e-03 -7.82628855e-03
-7.74859540e-01 9.87762188e-03 -1.83837878e-03 2.52738439e-03 -7.80982303e-03
-7.73865880e-01 9.85826656e-03 -1.81853542e-03 2.52184084e-03 -7.79342777e-03
-7.72870312e-01 9.83907365e-03 -1.79880608e-03 2.51646577e-03 -7.77709320e-03
-7.71872838e-01 9.82003062e-03 -1.77919040e-03 2.51125527e-03 -7.76080963e-03
-7.70873460e-01 9.80112486e-03 -1.75968801e-03 2.50620541e-03 -7.74456733e-03
-7.69872181e-01 9.78234375e-03 -1.74029859e-03 2.50131224e-03 -7.72835651e-03
-7.68869004e-01 9.76367466e-03 -1.72102182e-03 2.49657181e-03 -7.71216735e-03
-7.67863930e-01 9.74510499e-03 -1.70185742e-03 2.49198017e-03 -7.69599003e-03
-7.66856963e-01 9.72662220e-03 -1.68280512e-03 2.48753336e-03 -7.67981479e-03
-7.65848104e-01 9.70821381e-03 -1.66386468e-03 2.48322744e-03 -7.66363186e-03
-7.64837357e-01 9.68986746e-03 -1.64503590e-03 2.47905849e-03 -7.64743160e-03
-7.63824724e-01 9.67157091e-03 -1.62631860e-03 2.47502262e-03 -7.63120444e-03
-7.62810206e-01 9.65331210e-03 -1.60771261e-03 2.47111594e-03 -7.61494090e-03
-7.61793808e-01 9.63507912e-03 -1.58921781e-03 2.46733463e-03 -7.59863169e-03
-7.60775531e-01 9.61686029e-03 -1.57083411e-03 2.46367489e-03 -7.58226763e-03
-7.59755377e-01 9.59864414e-03 -1.55256143e-03 2.46013297e-03 -7.56583975e-03
-7.58733350e-01 9.58041947e-03 -1.53439974e-03 2.45670517e-03 -7.54933926e-03
-7.57709452e-01 9.56217532e-03 -1.51634901e-03 2.45338787e-03 -7.53275760e-03
-7.56683685e-01 9.54390104e-03 -1.49840926e-03 2.45017747e-03 -7.51608642e-03
-7.55656053e-01 9.52558629e-03 -1.48058054e-03 2.44707047e-03 -7.49931765e-03
-7.54626556e-01 9.50722106e-03 -1.46286289e-03 2.44406343e-03 -7.48244347e-03
-7.53595199e-01 9.48879569e-03 -1.44525642e-03 2.44115298e-03 -7.46545633e-03
-7.52561982e-01 9.47030085e-03 -1.42776124e-03 2.43833584e-03 -7.44834901e-03
-7.51526911e-01 9.45172763e-03 -1.41037749e-03 2.43560879e-03 -7.43111457e-03
-7.50489985e-01 9.43306748e-03 -1.39310532e-03 2.43296873e-03 -7.41374640e-03
-7.49451209e-01 9.41431228e-03 -1.37594492e-03 2.43041260e-03 -7.39623822e-03
-7.48410585e-01 9.39545431e-03 -1.35889649e-03 2.42793748e-03 -7.37858410e-03
-7.47368114e-01 9.37648627e-03 -1.34196025e-03 2.42554052e-03 -7.36077846e-03
-7.46323801e-01 9.35740131e-03 -1.32513644e-03 2.42321896e-03 -7.34281608e-03
-7.45277647e-01 9.33819303e-03 -1.30842531e-03 2.42097014e-03 -7.32469212e-03
-7.44229655e-01 9.31885547e-03 -1.29182714e-03 2.41879152e-03 -7.30640208e-03
-7.43179828e-01 9.29938315e-03 -1.27534221e-03 2.41668062e-03 -7.28794189e-03
-7.42128168e-01 9.27977101e-03 -1.25897083e-03 2.41463511e-03 -7.26930783e-03
-7.41074678e-01 9.26001451e-03 -1.24271329e-03 2.41265272e-03 -7.25049657e-03
-7.40019360e-01 9.24010956e-03 -1.22656994e-03 2.41073131e-03 -7.23150520e-03
-7.38962217e-01 9.22005254e-03 -1.21054109e-03 2.40886882e-03 -7.21233116e-03
-7.37903252e-01 9.19984030e-03 -1.19462709e-03 2.40706330e-03 -7.19297233e-03
-7.36842467e-01 9.17947018e-03 -1.17882830e-03 2.40531291e-03 -7.17342694e-03
-7.35779864e-01 9.15893998e-03 -1.16314506e-03 2.40361591e-03 -7.15369364e-03
-7.34715448e-01 9.13824798e-03 -1.14757773e-03 2.40197064e-03 -7.13377145e-03
-7.33649219e-01 9.11739293e-03 -1.13212670e-03 2.40037556e-03 -7.11365979e-03
-7.32581181e-01 9.09637402e-03 -1.11679232e-03 2.39882922e-03 -7.09335846e-03
-7.31511336e-01 9.07519092e-03 -1.10157497e-03 2.39733026e-03 -7.07286763e-03
-7.30439687e-01 9.05384375e-03 -1.08647503e-03 2.39587743e-03 -7.05218786e-03
-7.29366237e-01 9.03233307e-03 -1.07149287e-03 2.39446954e-03 -7.03132005e-03
-7.28290988e-01 9.01065988e-03 -1.05662888e-03 2.39310552e-03 -7.01026549e-03
-7.27213943e-01 8.98882560e-03 -1.04188344e-03 2.39178436e-03 -6.98902579e-03
-7.26135105e-01 8.96683210e-03 -1.02725693e-03 2.39050517e-03 -6.96760292e-03
-7.25054476e-01 8.94468161e-03 -1.01274972e-03 2.38926709e-03 -6.94599919e-03
-7.23972059e-01 8.92237681e-03 -9.98362208e-04 2.38806937e-03 -6.92421722e-03
-7.22887856e-01 8.89992073e-03 -9.84094760e-04 2.38691132e-03 -6.90225995e-03
-7.21801870e-01 8.87731680e-03 -9.69947756e-04 2.38579234e-03 -6.88013065e-03
-7.20714105e-01 8.85456880e-03 -9.55921573e-04 2.38471187e-03 -6.85783283e-03
-7.19624562e-01 8.83168088e-03 -9.42016586e-04 2.38366943e-03 -6.83537033e-03
-7.18533244e-01 8.80865751e-03 -9.28233165e-04 2.38266458e-03 -6.81274724e-03
-7.17440155e-01 8.78550348e-03 -9.14571684e-04 2.38169696e-03 -6.78996790e-03
-7.16345296e-01 8.76222392e-03 -9.01032510e-04 2.38076624e-03 -6.76703692e-03
-7.15248670e-01 8.73882421e-03 -8.87616010e-04 2.37987215e-03 -6.74395913e-03
-7.14150280e-01 8.71531006e-03 -8.74322550e-04 2.37901444e-03 -6.72073957e-03
-7.13050130e-01 8.69168742e-03 -8.61152494e-04 2.37819293e-03 -6.69738349e-03
-7.11948220e-01 8.66796248e-03 -8.48106204e-04 2.37740745e-03 -6.67389636e-03
-7.10844555e-01 8.64414170e-03 -8.35184040e-04 2.37665786e-03 -6.65028379e-03
-7.09739137e-01 8.62023173e-03 -8.22386362e-04 2.37594406e-03 -6.62655158e-03
-7.08631969e-01 8.59623943e-03 -8.09713529e-04 2.37526597e-03 -6.60270569e-03
-7.07523053e-01 8.57217188e-03 -7.97165898e-04 2.37462350e-03 -6.57875221e-03
-7.06412392e-01 8.54803629e-03 -7.84743826e-04 2.37401661e-03 -6.55469734e-03
-7.05299989e-01 8.52384006e-03 -7.72447669e-04 2.37344524e-03 -6.53054742e-03
-7.04185846e-01 8.49959072e-03 -7.60277783e-04 2.37290935e-03 -6.50630887e-03
-7.03069967e-01 8.47529593e-03 -7.48234524e-04 2.37240890e-03 -6.48198822e-03
-7.01952354e-01 8.45096347e-03 -7.36318246e-04 2.37194383e-03 -6.45759204e-03
-7.00833010e-01 8.42660122e-03 -7.24529306e-04 2.37151410e-03 -6.43312699e-03
-6.99711937e-01 8.40221712e-03 -7.12868058e-04 2.37111964e-03 -6.40859976e-03
-6.98589139e-01 8.37781921e-03 -7.01334858e-04 2.37076036e-03 -6.38401709e-03
-6.97464618e-01 8.35341557e-03 -6.89930061e-04 2.37043619e-03 -6.35938574e-03
-6.96338377e-01 8.32901432e-03 -6.78654022e-04 2.37014699e-03 -6.33471246e-03
-6.95210419e-01 8.30462360e-03 -6.67507097e-04 2.36989262e-03 -6.31000403e-03
-6.94080746e-01 8.28025159e-03 -6.56489640e-04 2.36967293e-03 -6.28526721e-03
-6.92949362e-01 8.25590645e-03 -6.45602006e-04 2.36948771e-03 -6.26050873e-03
-6.91816268e-01 8.23159632e-03 -6.34844547e-04 2.36933673e-03 -6.23573530e-03
-6.90681469e-01 8.20732935e-03 -6.24217616e-04 2.36921974e-03 -6.21095359e-03
-6.89544966e-01 8.18311363e-03 -6.13721562e-04 2.36913644e-03 -6.18617019e-03
-6.88406763e-01 8.15895719e-03 -6.03356734e-04 2.36908649e-03 -6.16139166e-03
-6.87266861e-01 8.13486803e-03 -5.93123477e-04 2.36906950e-03 -6.13662448e-03
-6.86125265e-01 8.11085408e-03 -5.83022133e-04 2.36908508e-03 -6.11187506e-03
-6.84981977e-01 8.08692316e-03 -5.73053040e-04 2.36913275e-03 -6.08714971e-03
-6.83837000e-01 8.06308304e-03 -5.63216530e-04 2.36921202e-03 -6.06245466e-03
-6.82690336e-01 8.03934137e-03 -5.53512929e-04 2.36932233e-03 -6.03779602e-03
-6.81541988e-01 8.01570570e-03 -5.43942558e-04 2.36946309e-03 -6.01317981e-03
-6.80391960e-01 7.99218345e-03 -5.34505728e-04 2.36963367e-03 -5.98861193e-03
-6.79240254e-01 7.96878195e-03 -5.25202742e-04 2.36983338e-03 -5.96409817e-03
-6.78086872e-01 7.94550837e-03 -5.16033893e-04 2.37006148e-03 -5.93964419e-03
-6.76931818e-01 7.92236975e-03 -5.06999461e-04 2.37031722e-03 -5.91525552e-03
-6.75775095e-01 7.89937300e-03 -4.98099714e-04 2.37059975e-03 -5.89093755e-03
-6.74616706e-01 7.87652485e-03 -4.89334907e-04 2.37090823e-03 -5.86669553e-03
-6.73456652e-01 7.85383191e-03 -4.80705276e-04 2.37124173e-03 -5.84253460e-03
-6.72294938e-01 7.83130061e-03 -4.72211041e-04 2.37159933e-03 -5.81845972e-03
-6.71131566e-01 7.80893720e-03 -4.63852404e-04 2.37198001e-03 -5.79447571e-03
-6.69966538e-01 7.78674779e-03 -4.55629544e-04 2.37238276e-03 -5.77058726e-03
-6.68799859e-01 7.76473829e-03 -4.47542619e-04 2.37280650e-03 -5.74679889e-03
-6.67631530e-01 7.74291444e-03 -4.39591762e-04 2.37325014e-03 -5.72311497e-03
-6.66461554e-01 7.72128181e-03 -4.31777080e-04 2.37371254e-03 -5.69953972e-03
-6.65289935e-01 7.69984576e-03 -4.24098652e-04 2.37419253e-03 -5.67607720e-03
-6.64116675e-01 7.67861149e-03 -4.16556527e-04 2.37468891e-03 -5.65273132e-03
-6.62941778e-01 7.65758399e-03 -4.09150720e-04 2.37520047e-03 -5.62950584e-03
-6.61765245e-01 7.63676805e-03 -4.01881215e-04 2.37572595e-03 -5.60640435e-03
-6.60587080e-01 7.61616830e-03 -3.94747959e-04 2.37626410e-03 -5.58343029e-03
-6.59407287e-01 7.59578915e-03 -3.87750860e-04 2.37681362e-03 -5.56058695e-03
-6.58225867e-01 7.57563481e-03 -3.80889787e-04 2.37737323e-03 -5.53787745e-03
-6.57042824e-01 7.55570931e-03 -3.74164566e-04 2.37794160e-03 -5.51530479e-03
-6.55858160e-01 7.53601647e-03 -3.67574982e-04 2.37851744e-03 -5.49287178e-03
-6.54671879e-01 7.51655992e-03 -3.61120770e-04 2.37909940e-03 -5.47058110e-03
-6.53483983e-01 7.49734307e-03 -3.54801620e-04 2.37968618e-03 -5.44843530e-03
-6.52294476e-01 7.47836915e-03 -3.48617171e-04 2.38027645e-03 -5.42643674e-03
-6.51103360e-01 7.45964120e-03 -3.42567012e-04 2.38086890e-03 -5.40458768e-03
-6.49910639e-01 7.44116203e-03 -3.36650677e-04 2.38146223e-03 -5.38289020e-03
-6.48716314e-01 7.42293429e-03 -3.30867644e-04 2.38205515e-03 -5.36134628e-03
-6.47520390e-01 7.40496040e-03 -3.25217337e-04 2.38264638e-03 -5.33995773e-03
-6.46322869e-01 7.38724260e-03 -3.19699120e-04 2.38323468e-03 -5.31872624e-03
-6.45123754e-01 7.36978294e-03 -3.14312296e-04 2.38381882e-03 -5.29765337e-03
-6.43923048e-01 7.35258324e-03 -3.09056109e-04 2.38439761e-03 -5.27674054e-03
-6.42720754e-01 7.33564517e-03 -3.03929737e-04 2.38496987e-03 -5.25598907e-03
-6.41516875e-01 7.31897019e-03 -2.98932297e-04 2.38553448e-03 -5.23540012e-03
-6.40311414e-01 7.30255956e-03 -2.94062838e-04 2.38609034e-03 -5.21497477e-03
-6.39104373e-01 7.28641435e-03 -2.89320344e-04 2.38663642e-03 -5.19471394e-03
-6.37895757e-01 7.27053546e-03 -2.84703733e-04 2.38717171e-03 -5.17461847e-03
-6.36685567e-01 7.25492357e-03 -2.80211852e-04 2.38769526e-03 -5.15468908e-03
-6.35473807e-01 7.23957922e-03 -2.75843481e-04 2.38820617e-03 -5.13492638e-03
-6.34260480e-01 7.22450271e-03 -2.71597330e-04 2.38870360e-03 -5.11533085e-03
-6.33045589e-01 7.20969420e-03 -2.67472039e-04 2.38918676e-03 -5.09590292e-03
-6.31829137e-01 7.19515365e-03 -2.63466179e-04 2.38965494e-03 -5.07664287e-03
-6.30611126e-01 7.18088084e-03 -2.59578247e-04 2.39010747e-03 -5.05755091e-03
-6.29391561e-01 7.16687538e-03 -2.55806675e-04 2.39054377e-03 -5.03862715e-03
-6.28170443e-01 7.15313669e-03 -2.52149820e-04 2.39096333e-03 -5.01987160e-03
-6.26947776e-01 7.13966402e-03 -2.48605971e-04 2.39136568e-03 -5.00128419e-03
-6.25723562e-01 7.12645645e-03 -2.45173347e-04 2.39175047e-03 -4.98286477e-03
-6.24497806e-01 7.11351289e-03 -2.41850097e-04 2.39211740e-03 -4.96461309e-03
-6.23270509e-01 7.10083206e-03 -2.38634304e-04 2.39246624e-03 -4.94652883e-03
-6.22041676e-01 7.08841254e-03 -2.35523981e-04 2.39279687e-03 -4.92861159e-03
-6.20811308e-01 7.07625273e-03 -2.32517074e-04 2.39310922e-03 -4.91086088e-03
-6.19579410e-01 7.06435085e-03 -2.29611467e-04 2.39340333e-03 -4.89327614e-03
-6.18345983e-01 7.05270498e-03 -2.26804975e-04 2.39367930e-03 -4.87585676e-03
-6.17111031e-01 7.04131302e-03 -2.24095354e-04 2.39393733e-03 -4.85860203e-03
-6.15874558e-01 7.03017273e-03 -2.21480298e-04 2.39417771e-03 -4.84151118e-03
-6.14636565e-01 7.01928169e-03 -2.18957441e-04 2.39440080e-03 -4.82458338e-03
-6.13397057e-01 7.00863735e-03 -2.16524358e-04 2.39460706e-03 -4.80781773e-03
-6.12156036e-01 6.99823697e-03 -2.14178573e-04 2.39479702e-03 -4.79121327e-03
-6.10913506e-01 6.98807769e-03 -2.11917551e-04 2.39497133e-03 -4.77476896e-03
-6.09669468e-01 6.97815649e-03 -2.09738709e-04 2.39513069e-03 -4.75848372e-03
-6.08423928e-01 6.96847020e-03 -2.07639415e-04 2.39527590e-03 -4.74235641e-03
-6.07176887e-01 6.95901550e-03 -2.05616991e-04 2.39540785e-03 -4.72638582e-03
-6.05928348e-01 6.94978894e-03 -2.03668712e-04 2.39552752e-03 -4.71057069e-03
-6.04678315e-01 6.94078692e-03 -2.01791817e-04 2.39563596e-03 -4.69490970e-03
-6.03426791e-01 6.93200570e-03 -1.99983503e-04 2.39573430e-03 -4.67940149e-03
-6.02173778e-01 6.92344141e-03 -1.98240933e-04 2.39582376e-03 -4.66404463e-03
-6.00919281e-01 6.91509005e-03 -1.96561238e-04 2.39590565e-03 -4.64883765e-03
-5.99663302e-01 6.90694748e-03 -1.94941519e-04 2.39598134e-03 -4.63377902e-03
-5.98405843e-01 6.89900943e-03 -1.93378851e-04 2.39605228e-03 -4.61886716e-03
-5.97146909e-01 6.89127153e-03 -1.91870287e-04 2.39612000e-03 -4.60410046e-03
-5.95886503e-01 6.88372926e-03 -1.90412859e-04 2.39618610e-03 -4.58947724e-03
-5.94624627e-01 6.87637800e-03 -1.89003584e-04 2.39625225e-03 -4.57499578e-03
-5.93361284e-01 6.86921300e-03 -1.87639465e-04 2.39632018e-03 -4.56065431e-03
-5.92096478e-01 6.86222943e-03 -1.86317496e-04 2.39639169e-03 -4.54645103e-03
-5.90830212e-01 6.85542232e-03 -1.85034666e-04 2.39646865e-03 -4.53238408e-03
-5.89562488e-01 6.84878660e-03 -1.83787959e-04 2.39655298e-03 -4.51845156e-03
-5.88293311e-01 6.84231713e-03 -1.82574362e-04 2.39664665e-03 -4.50465154e-03
-5.87022683e-01 6.83600864e-03 -1.81390865e-04 2.39675170e-03 -4.49098202e-03
-5.85750607e-01 6.82985579e-03 -1.80234467e-04 2.39687021e-03 -4.47744098e-03
-5.84477087e-01 6.82385314e-03 -1.79102176e-04 2.39700431e-03 -4.46402637e-03
-5.83202125e-01 6.81799519e-03 -1.77991018e-04 2.39715617e-03 -4.45073608e-03
-5.81925725e-01 6.81227633e-03 -1.76898034e-04 2.39732800e-03 -4.43756796e-03
-5.80647890e-01 6.80669091e-03 -1.75820289e-04 2.39752206e-03 -4.42451985e-03
-5.79368623e-01 6.80123320e-03 -1.74754871e-04 2.39774062e-03 -4.41158953e-03
-5.78087927e-01 6.79589740e-03 -1.73698898e-04 2.39798600e-03 -4.39877474e-03
-5.76805805e-01 6.79067767e-03 -1.72649518e-04 2.39826055e-03 -4.38607321e-03
-5.75522261e-01 6.78556809e-03 -1.71603915e-04 2.39856661e-03 -4.37348263e-03
-5.74237298e-01 6.78056274e-03 -1.70559309e-04 2.39890659e-03 -4.36100064e-03
-5.72950918e-01 6.77565562e-03 -1.69512962e-04 2.39928288e-03 -4.34862487e-03
-5.71663126e-01 6.77084071e-03 -1.68462180e-04 2.39969788e-03 -4.33635291e-03
-5.70373923e-01 6.76611197e-03 -1.67404315e-04 2.40015403e-03 -4.32418234e-03
-5.69083314e-01 6.76146332e-03 -1.66336771e-04 2.40065374e-03 -4.31211068e-03
-5.67791302e-01 6.75688870e-03 -1.65257000e-04 2.40119946e-03 -4.30013545e-03
-5.66497889e-01 6.75238199e-03 -1.64162513e-04 2.40179360e-03 -4.28825416e-03
-5.65203079e-01 6.74793712e-03 -1.63050876e-04 2.40243858e-03 -4.27646425e-03
-5.63906875e-01 6.74354799e-03 -1.61919716e-04 2.40313683e-03 -4.26476319e-03
-5.62609281e-01 6.73920851e-03 -1.60766722e-04 2.40389075e-03 -4.25314840e-03
-5.61310299e-01 6.73491264e-03 -1.59589647e-04 2.40470272e-03 -4.24161730e-03
-5.60009933e-01 6.73065433e-03 -1.58386311e-04 2.40557512e-03 -4.23016729e-03
-5.58708186e-01 6.72642758e-03 -1.57154602e-04 2.40651030e-03 -4.21879575e-03
-5.57405060e-01 6.72222642e-03 -1.55892479e-04 2.40751058e-03 -4.20750004e-03
-5.56100561e-01 6.71804493e-03 -1.54597972e-04 2.40857826e-03 -4.19627755e-03
-5.54794689e-01 6.71387724e-03 -1.53269186e-04 2.40971561e-03 -4.18512561e-03
-5.53487450e-01 6.70971754e-03 -1.51904299e-04 2.41092488e-03 -4.17404159e-03
-5.52178845e-01 6.70556010e-03 -1.50501569e-04 2.41220825e-03 -4.16302282e-03
-5.50868879e-01 6.70139923e-03 -1.49059328e-04 2.41356791e-03 -4.15206665e-03
-5.49557555e-01 6.69722936e-03 -1.47575990e-04 2.41500595e-03 -4.14117042e-03
-5.48244874e-01 6.69304498e-03 -1.46050046e-04 2.41652448e-03 -4.13033149e-03
-5.46930842e-01 6.68884068e-03 -1.44480070e-04 2.41812552e-03 -4.11954720e-03
-5.45615461e-01 6.68461116e-03 -1.42864716e-04 2.41981106e-03 -4.10881492e-03
-5.44298735e-01 6.68035122e-03 -1.41202722e-04 2.42158304e-03 -4.09813201e-03
-5.42980666e-01 6.67605579e-03 -1.39492906e-04 2.42344334e-03 -4.08749585e-03
-5.41661258e-01 6.67171989e-03 -1.37734172e-04 2.42539379e-03 -4.07690384e-03
-5.40340514e-01 6.66733869e-03 -1.35925505e-04 2.42743618e-03 -4.06635339e-03
-5.39018438e-01 6.66290751e-03 -1.34065975e-04 2.42957222e-03 -4.05584192e-03
-5.37695032e-01 6.65842177e-03 -1.32154735e-04 2.43180357e-03 -4.04536690e-03
-5.36370301e-01 6.65387707e-03 -1.30191021e-04 2.43413183e-03 -4.03492579e-03
-5.35044246e-01 6.64926915e-03 -1.28174153e-04 2.43655853e-03 -4.02451610e-03
-5.33716872e-01 6.64459391e-03 -1.26103534e-04 2.43908516e-03 -4.01413536e-03
-5.32388182e-01 6.63984742e-03 -1.23978651e-04 2.44171312e-03 -4.00378111e-03
-5.31058179e-01 6.63502590e-03 -1.21799072e-04 2.44444375e-03 -3.99345097e-03
-5.29726866e-01 6.63012578e-03 -1.19564446e-04 2.44727832e-03 -3.98314255e-03
-5.28394247e-01 6.62514363e-03 -1.17274507e-04 2.45021805e-03 -3.97285352e-03
-5.27060325e-01 6.62007623e-03 -1.14929066e-04 2.45326407e-03 -3.96258160e-03
-5.25725102e-01 6.61492055e-03 -1.12528016e-04 2.45641745e-03 -3.95232453e-03
-5.24388584e-01 6.60967374e-03 -1.10071327e-04 2.45967918e-03 -3.94208010e-03
-5.23050772e-01 6.60433317e-03 -1.07559050e-04 2.46305018e-03 -3.93184617e-03
-5.21711670e-01 6.59889637e-03 -1.04991310e-04 2.46653132e-03 -3.92162061e-03
-5.20371281e-01 6.59336113e-03 -1.02368312e-04 2.47012335e-03 -3.91140139e-03
-5.19029610e-01 6.58772541e-03 -9.96903323e-05 2.47382699e-03 -3.90118649e-03
-5.17686658e-01 6.58198739e-03 -9.69577237e-05 2.47764286e-03 -3.89097398e-03
-5.16342429e-01 6.57614547e-03 -9.41709111e-05 2.48157152e-03 -3.88076196e-03
-5.14996927e-01 6.57019827e-03 -9.13303909e-05 2.48561344e-03 -3.87054862e-03
-5.13650155e-01 6.56414462e-03 -8.84367302e-05 2.48976901e-03 -3.86033219e-03
-5.12302117e-01 6.55798358e-03 -8.54905649e-05 2.49403857e-03 -3.85011097e-03
-5.10952815e-01 6.55171442e-03 -8.24925988e-05 2.49842235e-03 -3.83988334e-03
-5.09602252e-01 6.54533665e-03 -7.94436021e-05 2.50292052e-03 -3.82964773e-03
-5.08250433e-01 6.53884999e-03 -7.63444101e-05 2.50753317e-03 -3.81940266e-03
-5.06897361e-01 6.53225441e-03 -7.31959215e-05 2.51226031e-03 -3.80914670e-03
-5.05543038e-01 6.52555007e-03 -6.99990974e-05 2.51710187e-03 -3.79887852e-03
-5.04187469e-01 6.51873739e-03 -6.67549597e-05 2.52205770e-03 -3.78859684e-03
-5.02830656e-01 6.51181700e-03 -6.34645894e-05 2.52712756e-03 -3.77830047e-03
-5.01472604e-01 6.50478975e-03 -6.01291255e-05 2.53231116e-03 -3.76798830e-03
-5.00113314e-01 6.49765673e-03 -5.67497634e-05 2.53760809e-03 -3.75765930e-03
-4.98752791e-01 6.49041924e-03 -5.33277532e-05 2.54301790e-03 -3.74731252e-03
-4.97391039e-01 6.48307882e-03 -4.98643986e-05 2.54854002e-03 -3.73694710e-03
-4.96028059e-01 6.47563720e-03 -4.63610549e-05 2.55417382e-03 -3.72656224e-03
-4.94663856e-01 6.46809636e-03 -4.28191282e-05 2.55991859e-03 -3.71615726e-03
-4.93298434e-01 6.46045848e-03 -3.92400730e-05 2.56577353e-03 -3.70573153e-03
-4.91931794e-01 6.45272596e-03 -3.56253916e-05 2.57173775e-03 -3.69528455e-03
-4.90563942e-01 6.44490139e-03 -3.19766320e-05 2.57781030e-03 -3.68481586e-03
-4.89194880e-01 6.43698760e-03 -2.82953864e-05 2.58399013e-03 -3.67432512e-03
-4.87824611e-01 6.42898760e-03 -2.45832903e-05 2.59027611e-03 -3.66381208e-03
-4.86453139e-01 6.42090461e-03 -2.08420201e-05 2.59666702e-03 -3.65327656e-03
-4.85080468e-01 6.41274203e-03 -1.70732924e-05 2.60316158e-03 -3.64271848e-03
-4.83706600e-01 6.40450348e-03 -1.32788620e-05 2.60975839e-03 -3.63213786e-03
-4.82331539e-01 6.39619274e-03 -9.46052058e-06 2.61645600e-03 -3.62153479e-03
-4.80955289e-01 6.38781379e-03 -5.62009520e-06 2.62325286e-03 -3.61090947e-03
-4.79577853e-01 6.37937077e-03 -1.75944678e-06 2.63014733e-03 -3.60026219e-03
-4.78199234e-01 6.37086802e-03 2.11953142e-06 2.63713770e-03 -3.58959331e-03
-4.76819436e-01 6.36231000e-03 6.01491526e-06 2.64422216e-03 -3.57890331e-03
-4.75438462e-01 6.35370139e-03 9.92475129e-06 2.65139882e-03 -3.56819272e-03
-4.74056315e-01 6.34504697e-03 1.38470582e-05 2.65866573e-03 -3.55746220e-03
-4.72672999e-01 6.33635170e-03 1.77798285e-05 2.66602081e-03 -3.54671248e-03
-4.71288518e-01 6.32762069e-03 2.17210296e-05 2.67346194e-03 -3.53594437e-03
-4.69902874e-01 6.31885916e-03 2.56686061e-05 2.68098688e-03 -3.52515879e-03
-4.68516071e-01 6.31007246e-03 2.96204806e-05 2.68859334e-03 -3.51435672e-03
-4.67128113e-01 6.30126610e-03 3.35745556e-05 2.69627892e-03 -3.50353925e-03
-4.65739003e-01 6.29244566e-03 3.75287150e-05 2.70404115e-03 -3.49270752e-03
-4.64348744e-01 6.28361687e-03 4.14808258e-05 2.71187749e-03 -3.48186280e-03
-4.62957340e-01 6.27478553e-03 4.54287395e-05 2.71978528e-03 -3.47100639e-03
-4.61564795e-01 6.26595754e-03 4.93702938e-05 2.72776183e-03 -3.46013970e-03
-4.60171111e-01 6.25713891e-03 5.33033144e-05 2.73580433e-03 -3.44926422e-03
-4.58776292e-01 6.24833571e-03 5.72256162e-05 2.74390992e-03 -3.43838150e-03
-4.57380342e-01 6.23955408e-03 6.11350056e-05 2.75207564e-03 -3.42749317e-03
-4.55983264e-01 6.23080024e-03 6.50292815e-05 2.76029848e-03 -3.41660092e-03
-4.54585061e-01 6.22208046e-03 6.89062376e-05 2.76857533e-03 -3.40570653e-03
-4.53185738e-01 6.21340107e-03 7.27636637e-05 2.77690302e-03 -3.39481184e-03
-4.51785296e-01 6.20476841e-03 7.65993480e-05 2.78527833e-03 -3.38391875e-03
-4.50383741e-01 6.19618890e-03 8.04110782e-05 2.79369792e-03 -3.37302920e-03
-4.48981074e-01 6.18766895e-03 8.41966437e-05 2.80215845e-03 -3.36214524e-03
-4.47577301e-01 6.17921500e-03 8.79538376e-05 2.81065646e-03 -3.35126893e-03
-4.46172424e-01 6.17083352e-03 9.16804582e-05 2.81918846e-03 -3.34040241e-03
-4.44766446e-01 6.16253095e-03 9.53743110e-05 2.82775089e-03 -3.32954785e-03
-4.43359371e-01 6.15431375e-03 9.90332109e-05 2.83634014e-03 -3.31870747e-03
-4.41951203e-01 6.14618837e-03 1.02654984e-04 2.84495255e-03 -3.30788355e-03
-4.40541946e-01 6.13816121e-03 1.06237468e-04 2.85358441e-03 -3.29707840e-03
-4.39131601e-01 6.13023869e-03 1.09778518e-04 2.86223196e-03 -3.28629436e-03
-4.37720174e-01 6.12242715e-03 1.13276005e-04 2.87089140e-03 -3.27553380e-03
-4.36307667e-01 6.11473292e-03 1.16727820e-04 2.87955891e-03 -3.26479915e-03
-4.34894084e-01 6.10716226e-03 1.20131872e-04 2.88823060e-03 -3.25409281e-03
-4.33479429e-01 6.09972139e-03 1.23486098e-04 2.89690260e-03 -3.24341726e-03
-4.32063705e-01 6.09241645e-03 1.26788457e-04 2.90557097e-03 -3.23277495e-03
-4.30646915e-01 6.08525351e-03 1.30036936e-04 2.91423179e-03 -3.22216838e-03
-4.29229063e-01 6.07823857e-03 1.33229553e-04 2.92288109e-03 -3.21160003e-03
-4.27810152e-01 6.07137755e-03 1.36364357e-04 2.93151492e-03 -3.20107240e-03
-4.26390187e-01 6.06467627e-03 1.39439430e-04 2.94012933e-03 -3.19058800e-03
-4.24969170e-01 6.05814044e-03 1.42452891e-04 2.94872034e-03 -3.18014931e-03
-4.23547105e-01 6.05177567e-03 1.45402897e-04 2.95728400e-03 -3.16975882e-03
-4.22123995e-01 6.04558748e-03 1.48287646e-04 2.96581639e-03 -3.15941901e-03
-4.20699844e-01 6.03958124e-03 1.51105377e-04 2.97431358e-03 -3.14913233e-03
-4.19274656e-01 6.03376222e-03 1.53854377e-04 2.98277169e-03 -3.13890123e-03
-4.17848434e-01 6.02813555e-03 1.56532975e-04 2.99118686e-03 -3.12872812e-03
-4.16421181e-01 6.02270621e-03 1.59139553e-04 2.99955527e-03 -3.11861537e-03
-4.14992902e-01 6.01747906e-03 1.61672542e-04 3.00787317e-03 -3.10856535e-03
-4.13563599e-01 6.01245881e-03 1.64130428e-04 3.01613684e-03 -3.09858036e-03
-4.12133276e-01 6.00765000e-03 1.66511752e-04 3.02434262e-03 -3.08866267e-03
-4.10701936e-01 6.00305703e-03 1.68815111e-04 3.03248694e-03 -3.07881451e-03
-4.09269584e-01 5.99868413e-03 1.71039161e-04 3.04056629e-03 -3.06903804e-03
-4.07836222e-01 5.99453536e-03 1.73182624e-04 3.04857724e-03 -3.05933539e-03
-4.06401855e-01 5.99061461e-03 1.75244279e-04 3.05651647e-03 -3.04970861e-03
-4.04966485e-01 5.98692559e-03 1.77222975e-04 3.06438073e-03 -3.04015969e-03
-4.03530117e-01 5.98347184e-03 1.79117626e-04 3.07216691e-03 -3.03069057e-03
-4.02092753e-01 5.98025670e-03 1.80927217e-04 3.07987198e-03 -3.02130311e-03
-4.00654398e-01 5.97728333e-03 1.82650800e-04 3.08749304e-03 -3.01199908e-03
-3.99215055e-01 5.97455469e-03 1.84287505e-04 3.09502733e-03 -3.00278019e-03
-3.97774727e-01 5.97207356e-03 1.85836530e-04 3.10247222e-03 -2.99364807e-03
-3.96333418e-01 5.96984250e-03 1.87297153e-04 3.10982521e-03 -2.98460426e-03
-3.94891132e-01 5.96786388e-03 1.88668728e-04 3.11708396e-03 -2.97565021e-03
-3.93447872e-01 5.96613987e-03 1.89950688e-04 3.12424629e-03 -2.96678727e-03
-3.92003642e-01 5.96467241e-03 1.91142544e-04 3.13131019e-03 -2.95801673e-03
-3.90558445e-01 5.96346327e-03 1.92243891e-04 3.13827379e-03 -2.94933974e-03
-3.89112285e-01 5.96251396e-03 1.93254404e-04 3.14513542e-03 -2.94075738e-03
-3.87665165e-01 5.96182581e-03 1.94173844e-04 3.15189360e-03 -2.93227062e-03
-3.86217089e-01 5.96139992e-03 1.95002055e-04 3.15854703e-03 -2.92388033e-03
-3.84768060e-01 5.96123718e-03 1.95738966e-04 3.16509460e-03 -2.91558728e-03
-3.83318083e-01 5.96133827e-03 1.96384594e-04 3.17153542e-03 -2.90739211e-03
-3.81867160e-01 5.96170362e-03 1.96939042e-04 3.17786877e-03 -2.89929538e-03
-3.80415296e-01 5.96233347e-03 1.97402501e-04 3.18409420e-03 -2.89129752e-03
-3.78962493e-01 5.96322783e-03 1.97775249e-04 3.19021141e-03 -2.88339887e-03
-3.77508756e-01 5.96438648e-03 1.98057655e-04 3.19622039e-03 -2.87559964e-03
-3.76054088e-01 5.96580900e-03 1.98250176e-04 3.20212129e-03 -2.86789994e-03
-3.74598493e-01 5.96749474e-03 1.98353356e-04 3.20791455e-03 -2.86029976e-03
-3.73141973e-01 5.96944281e-03 1.98367832e-04 3.21360079e-03 -2.85279897e-03
-3.71684534e-01 5.97165213e-03 1.98294327e-04 3.21918090e-03 -2.84539736e-03
-3.70226177e-01 5.97412139e-03 1.98133655e-04 3.22465600e-03 -2.83809458e-03
-3.68766908e-01 5.97684905e-03 1.97886719e-04 3.23002744e-03 -2.83089018e-03
-3.67306729e-01 5.97983338e-03 1.97554509e-04 3.23529683e-03 -2.82378359e-03
-3.65845645e-01 5.98307241e-03 1.97138106e-04 3.24046600e-03 -2.81677415e-03
-3.64383658e-01 5.98656397e-03 1.96638676e-04 3.24553706e-03 -2.80986109e-03
-3.62920772e-01 5.99030568e-03 1.96057473e-04 3.25051231e-03 -2.80304351e-03
-3.61456992e-01 5.99429495e-03 1.95395838e-04 3.25539435e-03 -2.79632044e-03
-3.59992320e-01 5.99852897e-03 1.94655196e-04 3.26018598e-03 -2.78969079e-03
-3.58526760e-01 6.00300476e-03 1.93837058e-04 3.26489027e-03 -2.78315339e-03
-3.57060317e-01 6.00771910e-03 1.92943018e-04 3.26951050e-03 -2.77670694e-03
-3.55592992e-01 6.01266861e-03 1.91974751e-04 3.27405023e-03 -2.77035009e-03
-3.54124791e-01 6.01784968e-03 1.90934015e-04 3.27851320e-03 -2.76408137e-03
-3.52655716e-01 6.02325855e-03 1.89822647e-04 3.28290342e-03 -2.75789925e-03
-3.51185772e-01 6.02889123e-03 1.88642561e-04 3.28722511e-03 -2.75180209e-03
-3.49714961e-01 6.03474359e-03 1.87395750e-04 3.29148271e-03 -2.74578819e-03
-3.48243288e-01 6.04081130e-03 1.86084281e-04 3.29568088e-03 -2.73985577e-03
-3.46770756e-01 6.04708985e-03 1.84710294e-04 3.29982449e-03 -2.73400300e-03
-3.45297369e-01 6.05357459e-03 1.83276002e-04 3.30391861e-03 -2.72822795e-03
-3.43823131e-01 6.06026067e-03 1.81783688e-04 3.30796850e-03 -2.72252867e-03
-3.42348044e-01 6.06714312e-03 1.80235701e-04 3.31197963e-03 -2.71690311e-03
-3.40872114e-01 6.07421678e-03 1.78634458e-04 3.31595762e-03 -2.71134921e-03
-3.39395342e-01 6.08147638e-03 1.76982440e-04 3.31990829e-03 -2.70586484e-03
-3.37917734e-01 6.08891648e-03 1.75282189e-04 3.32383760e-03 -2.70044785e-03
-3.36439292e-01 6.09653152e-03 1.73536308e-04 3.32775168e-03 -2.69509604e-03
-3.34960021e-01 6.10431580e-03 1.71747456e-04 3.33165679e-03 -2.68980718e-03
-3.33479923e-01 6.11226350e-03 1.69918350e-04 3.33555934e-03 -2.68457903e-03
-3.31999003e-01 6.12036871e-03 1.68051757e-04 3.33946585e-03 -2.67940932e-03
-3.30517264e-01 6.12862536e-03 1.66150498e-04 3.34338294e-03 -2.67429577e-03
-3.29034710e-01 6.13702732e-03 1.64217439e-04 3.34731735e-03 -2.66923611e-03
-3.27551345e-01 6.14556834e-03 1.62255496e-04 3.35127589e-03 -2.66422804e-03
-3.26067172e-01 6.15424211e-03 1.60267624e-04 3.35526545e-03 -2.65926930e-03
-3.24582195e-01 6.16304220e-03 1.58256824e-04 3.35929298e-03 -2.65435761e-03
-3.23096417e-01 6.17196214e-03 1.56226132e-04 3.36336547e-03 -2.64949071e-03
-3.21609843e-01 6.18099537e-03 1.54178623e-04 3.36748997e-03 -2.64466639e-03
-3.20122475e-01 6.19013529e-03 1.52117403e-04 3.37167351e-03 -2.63988245e-03
-3.18634318e-01 6.19937524e-03 1.50045612e-04 3.37592317e-03 -2.63513670e-03
-3.17145375e-01 6.20870852e-03 1.47966417e-04 3.38024599e-03 -2.63042704e-03
-3.15655650e-01 6.21812841e-03 1.45883011e-04 3.38464900e-03 -2.62575136e-03
-3.14165146e-01 6.22762813e-03 1.43798612e-04 3.38913919e-03 -2.62110764e-03
-3.12673868e-01 6.23720091e-03 1.41716457e-04 3.39372351e-03 -2.61649390e-03
-3.11181819e-01 6.24683996e-03 1.39639805e-04 3.39840883e-03 -2.61190820e-03
-3.09689002e-01 6.25653851e-03 1.37571928e-04 3.40320196e-03 -2.60734870e-03
-3.08195421e-01 6.26628976e-03 1.35516111e-04 3.40810960e-03 -2.60281360e-03
-3.06701080e-01 6.27608696e-03 1.33475654e-04 3.41313834e-03 -2.59830119e-03
-3.05205983e-01 6.28592337e-03 1.31453860e-04 3.41829466e-03 -2.59380981e-03
-3.03710134e-01 6.29579229e-03 1.29454043e-04 3.42358490e-03 -2.58933792e-03
-3.02213535e-01 6.30568705e-03 1.27479518e-04 3.42901525e-03 -2.58488403e-03
-3.00716191e-01 6.31560103e-03 1.25533599e-04 3.43459172e-03 -2.58044674e-03
-2.99218105e-01 6.32552770e-03 1.23619601e-04 3.44032016e-03 -2.57602476e-03
-2.97719282e-01 6.33546057e-03 1.21740835e-04 3.44620624e-03 -2.57161687e-03
-2.96219724e-01 6.34539323e-03 1.19900604e-04 3.45225539e-03 -2.56722195e-03
-2.94719436e-01 6.35531936e-03 1.18102202e-04 3.45847286e-03 -2.56283900e-03
-2.93218420e-01 6.36523274e-03 1.16348912e-04 3.46486365e-03 -2.55846708e-03
-2.91716682e-01 6.37512725e-03 1.14644001e-04 3.47143252e-03 -2.55410538e-03
-2.90214224e-01 6.38499686e-03 1.12990723e-04 3.47818401e-03 -2.54975316e-03
-2.88711051e-01 6.39483569e-03 1.11392310e-04 3.48512235e-03 -2.54540982e-03
-2.87207166e-01 6.40463798e-03 1.09851972e-04 3.49225153e-03 -2.54107483e-03
-2.85702572e-01 6.41439810e-03 1.08372896e-04 3.49957526e-03 -2.53674777e-03
-2.84197274e-01 6.42411056e-03 1.06958243e-04 3.50709695e-03 -2.53242832e-03
-2.82691274e-01 6.43377004e-03 1.05611144e-04 3.51481970e-03 -2.52811628e-03
-2.81184578e-01 6.44337135e-03 1.04334697e-04 3.52274634e-03 -2.52381151e-03
-2.79677188e-01 6.45290951e-03 1.03131968e-04 3.53087934e-03 -2.51951401e-03
-2.78169109e-01 6.46237967e-03 1.02005985e-04 3.53922089e-03 -2.51522384e-03
-2.76660343e-01 6.47177719e-03 1.00959737e-04 3.54777285e-03 -2.51094117e-03
-2.75150895e-01 6.48109762e-03 9.99961694e-05 3.55653672e-03 -2.50666626e-03
-2.73640769e-01 6.49033670e-03 9.91181852e-05 3.56551370e-03 -2.50239947e-03
-2.72129968e-01 6.49949037e-03 9.83286387e-05 3.57470465e-03 -2.49814121e-03
-2.70618495e-01 6.50855478e-03 9.76303344e-05 3.58411006e-03 -2.49389202e-03
-2.69106356e-01 6.51752631e-03 9.70260243e-05 3.59373013e-03 -2.48965246e-03
-2.67593552e-01 6.52640154e-03 9.65184045e-05 3.60356468e-03 -2.48542322e-03
-2.66080089e-01 6.53517730e-03 9.61101132e-05 3.61361320e-03 -2.48120501e-03
-2.64565969e-01 6.54385064e-03 9.58037273e-05 3.62387485e-03 -2.47699865e-03
-2.63051197e-01 6.55241885e-03 9.56017597e-05 3.63434844e-03 -2.47280497e-03
-2.61535776e-01 6.56087948e-03 9.55066563e-05 3.64503245e-03 -2.46862489e-03
-2.60019711e-01 6.56923029e-03 9.55207934e-05 3.65592503e-03 -2.46445938e-03
-2.58503004e-01 6.57746935e-03 9.56464744e-05 3.66702401e-03 -2.46030941e-03
-2.56985659e-01 6.58559493e-03 9.58859266e-05 3.67832687e-03 -2.45617604e-03
-2.55467681e-01 6.59360559e-03 9.62412987e-05 3.68983082e-03 -2.45206032e-03
-2.53949073e-01 6.60150015e-03 9.67146571e-05 3.70153272e-03 -2.44796334e-03
-2.52429838e-01 6.60927771e-03 9.73079829e-05 3.71342915e-03 -2.44388622e-03
-2.50909981e-01 6.61693761e-03 9.80231690e-05 3.72551641e-03 -2.43983006e-03
-2.49389505e-01 6.62447948e-03 9.88620164e-05 3.73779049e-03 -2.43579599e-03
-2.47868414e-01 6.63190323e-03 9.98262313e-05 3.75024712e-03 -2.43178513e-03
-2.46346712e-01 6.63920902e-03 1.00917421e-04 3.76288178e-03 -2.42779859e-03
-2.44824402e-01 6.64639733e-03 1.02137093e-04 3.77568969e-03 -2.42383746e-03
-2.43301489e-01 6.65346887e-03 1.03486647e-04 3.78866584e-03 -2.41990282e-03
-2.41777975e-01 6.66042466e-03 1.04967376e-04 3.80180498e-03 -2.41599570e-03
-2.40253865e-01 6.66726598e-03 1.06580461e-04 3.81510167e-03 -2.41211712e-03
-2.38729163e-01 6.67399441e-03 1.08326967e-04 3.82855028e-03 -2.40826802e-03
-2.37203872e-01 6.68061177e-03 1.10207841e-04 3.84214496e-03 -2.40444934e-03
-2.35677996e-01 6.68712019e-03 1.12223906e-04 3.85587974e-03 -2.40066192e-03
-2.34151539e-01 6.69352207e-03 1.14375862e-04 3.86974849e-03 -2.39690656e-03
-2.32624504e-01 6.69982006e-03 1.16664278e-04 3.88374492e-03 -2.39318398e-03
-2.31096895e-01 6.70601709e-03 1.19089590e-04 3.89786266e-03 -2.38949484e-03
-2.29568717e-01 6.71211637e-03 1.21652097e-04 3.91209523e-03 -2.38583971e-03
-2.28039973e-01 6.71812137e-03 1.24351963e-04 3.92643606e-03 -2.38221909e-03
-2.26510666e-01 6.72403579e-03 1.27189202e-04 3.94087853e-03 -2.37863335e-03
-2.24980800e-01 6.72986362e-03 1.30163689e-04 3.95541597e-03 -2.37508282e-03
-2.23450380e-01 6.73560910e-03 1.33275144e-04 3.97004168e-03 -2.37156768e-03
-2.21919408e-01 6.74127669e-03 1.36523137e-04 3.98474896e-03 -2.36808805e-03
-2.20387890e-01 6.74687112e-03 1.39907082e-04 3.99953111e-03 -2.36464390e-03
-2.18855828e-01 6.75239733e-03 1.43426234e-04 4.01438147e-03 -2.36123512e-03
-2.17323226e-01 6.75786052e-03 1.47079685e-04 4.02929343e-03 -2.35786147e-03
-2.15790088e-01 6.76326607e-03 1.50866364e-04 4.04426044e-03 -2.35452260e-03
-2.14256418e-01 6.76861962e-03 1.54785032e-04 4.05927603e-03 -2.35121804e-03
-2.12722219e-01 6.77392699e-03 1.58834282e-04 4.07433384e-03 -2.34794720e-03
-2.11187496e-01 6.77919422e-03 1.63012533e-04 4.08942764e-03 -2.34470936e-03
-2.09652252e-01 6.78442752e-03 1.67318029e-04 4.10455132e-03 -2.34150368e-03
-2.08116491e-01 6.78963330e-03 1.71748841e-04 4.11969893e-03 -2.33832920e-03
-2.06580217e-01 6.79481815e-03 1.76302859e-04 4.13486472e-03 -2.33518485e-03
-2.05043433e-01 6.79998882e-03 1.80977794e-04 4.15004308e-03 -2.33206941e-03
-2.03506144e-01 6.80515222e-03 1.85771177e-04 4.16522865e-03 -2.32898155e-03
-2.01968353e-01 6.81031541e-03 1.90680354e-04 4.18041628e-03 -2.32591983e-03
-2.00430064e-01 6.81548558e-03 1.95702491e-04 4.19560105e-03 -2.32288268e-03
-1.98891280e-01 6.82067005e-03 2.00834569e-04 4.21077828e-03 -2.31986842e-03
-1.97352006e-01 6.82587627e-03 2.06073384e-04 4.22594359e-03 -2.31687525e-03
-1.95812245e-01 6.83111179e-03 2.11415550e-04 4.24109284e-03 -2.31390129e-03
-1.94272002e-01 6.83638425e-03 2.16857493e-04 4.25622220e-03 -2.31094453e-03
-1.92731279e-01 6.84170139e-03 2.22395461e-04 4.27132814e-03 -2.30800286e-03
-1.91190081e-01 6.84707099e-03 2.28025515e-04 4.28640745e-03 -2.30507409e-03
-1.89648411e-01 6.85250094e-03 2.33743538e-04 4.30145721e-03 -2.30215594e-03
-1.88106274e-01 6.85799915e-03 2.39545230e-04 4.31647487e-03 -2.29924604e-03
-1.86563673e-01 6.86357357e-03 2.45426118e-04 4.33145820e-03 -2.29634195e-03
-1.85020611e-01 6.86923218e-03 2.51381550e-04 4.34640531e-03 -2.29344117e-03
-1.83477094e-01 6.87498299e-03 2.57406703e-04 4.36131468e-03 -2.29054112e-03
-1.81933124e-01 6.88083398e-03 2.63496584e-04 4.37618514e-03 -2.28763920e-03
-1.80388705e-01 6.88679314e-03 2.69646036e-04 4.39101587e-03 -2.28473273e-03
-1.78843841e-01 6.89286845e-03 2.75849737e-04 4.40580642e-03 -2.28181902e-03
-1.77298536e-01 6.89906782e-03 2.82102212e-04 4.42055673e-03 -2.27889535e-03
-1.75752795e-01 6.90539915e-03 2.88397829e-04 4.43526707e-03 -2.27595897e-03
-1.74206619e-01 6.91187026e-03 2.94730812e-04 4.44993810e-03 -2.27300714e-03
-1.72660014e-01 6.91848889e-03 3.01095243e-04 4.46457083e-03 -2.27003712e-03
-1.71112983e-01 6.92526272e-03 3.07485066e-04 4.47916666e-03 -2.26704617e-03
-1.69565531e-01 6.93219932e-03 3.13894101e-04 4.49372732e-03 -2.26403159e-03
-1.68017660e-01 6.93930615e-03 3.20316040e-04 4.50825492e-03 -2.26099071e-03
-1.66469374e-01 6.94659055e-03 3.26744468e-04 4.52275190e-03 -2.25792090e-03
-1.64920678e-01 6.95405973e-03 3.33172857e-04 4.53722105e-03 -2.25481959e-03
-1.63371576e-01 6.96172075e-03 3.39594585e-04 4.55166551e-03 -2.25168428e-03
-1.61822070e-01 6.96958052e-03 3.46002940e-04 4.56608873e-03 -2.24851255e-03
-1.60272166e-01 6.97764579e-03 3.52391129e-04 4.58049449e-03 -2.24530206e-03
-1.58721866e-01 6.98592311e-03 3.58752291e-04 4.59488685e-03 -2.24205057e-03
-1.57171175e-01 6.99441886e-03 3.65079504e-04 4.60927021e-03 -2.23875596e-03
-1.55620096e-01 7.00313920e-03 3.71365794e-04 4.62364921e-03 -2.23541623e-03
-1.54068633e-01 7.01209011e-03 3.77604151e-04 4.63802879e-03 -2.23202952e-03
-1.52516790e-01 7.02127732e-03 3.83787537e-04 4.65241413e-03 -2.22859408e-03
-1.50964572e-01 7.03070635e-03 3.89908896e-04 4.66681064e-03 -2.22510835e-03
-1.49411981e-01 7.04038246e-03 3.95961172e-04 4.68122398e-03 -2.22157093e-03
-1.47859021e-01 7.05031067e-03 4.01937313e-04 4.69566000e-03 -2.21798056e-03
-1.46305697e-01 7.06049576e-03 4.07830291e-04 4.71012474e-03 -2.21433619e-03
-1.44752012e-01 7.07094222e-03 4.13633110e-04 4.72462442e-03 -2.21063696e-03
-1.43197970e-01 7.08165427e-03 4.19338822e-04 4.73916540e-03 -2.20688221e-03
-1.41643575e-01 7.09263586e-03 4.24940540e-04 4.75375420e-03 -2.20307147e-03
-1.40088830e-01 7.10389065e-03 4.30431450e-04 4.76839742e-03 -2.19920450e-03
-1.38533740e-01 7.11542200e-03 4.35804827e-04 4.78310179e-03 -2.19528128e-03
-1.36978309e-01 7.12723296e-03 4.41054047e-04 4.79787408e-03 -2.19130202e-03
-1.35422539e-01 7.13932630e-03 4.46172603e-04 4.81272114e-03 -2.18726717e-03
-1.33866436e-01 7.15170446e-03 4.51154120e-04 4.82764984e-03 -2.18317739e-03
-1.32310002e-01 7.16436957e-03 4.55992364e-04 4.84266707e-03 -2.17903363e-03
-1.30753243e-01 7.17732343e-03 4.60681265e-04 4.85777969e-03 -2.17483705e-03
-1.29196160e-01 7.19056754e-03 4.65214923e-04 4.87299456e-03 -2.17058909e-03
-1.27638760e-01 7.20410305e-03 4.69587630e-04 4.88831845e-03 -2.16629142e-03
-1.26081044e-01 7.21793080e-03 4.73793879e-04 4.90375810e-03 -2.16194599e-03
-1.24523017e-01 7.23205129e-03 4.77828378e-04 4.91932010e-03 -2.15755499e-03
-1.22964684e-01 7.24646470e-03 4.81686071e-04 4.93501097e-03 -2.15312087e-03
-1.21406047e-01 7.26117086e-03 4.85362144e-04 4.95083708e-03 -2.14864635e-03
-1.19847110e-01 7.27616929e-03 4.88852044e-04 4.96680462e-03 -2.14413439e-03
-1.18287878e-01 7.29145917e-03 4.92151490e-04 4.98291963e-03 -2.13958820e-03
-1.16728355e-01 7.30703935e-03 4.95256487e-04 4.99918794e-03 -2.13501128e-03
-1.15168543e-01 7.32290835e-03 4.98163343e-04 5.01561516e-03 -2.13040732e-03
-1.13608448e-01 7.33906438e-03 5.00868674e-04 5.03220667e-03 -2.12578028e-03
-1.12048072e-01 7.35550530e-03 5.03369423e-04 5.04896759e-03 -2.12113438e-03
-1.10487420e-01 7.37222868e-03 5.05662869e-04 5.06590279e-03 -2.11647403e-03
-1.08926495e-01 7.38923178e-03 5.07746640e-04 5.08301681e-03 -2.11180388e-03
-1.07365302e-01 7.40651151e-03 5.09618724e-04 5.10031393e-03 -2.10712879e-03
-1.05803844e-01 7.42406452e-03 5.11277476e-04 5.11779808e-03 -2.10245385e-03
-1.04242126e-01 7.44188715e-03 5.12721633e-04 5.13547288e-03 -2.09778431e-03
-1.02680150e-01 7.45997544e-03 5.13950322e-04 5.15334160e-03 -2.09312562e-03
-1.01117920e-01 7.47832516e-03 5.14963064e-04 5.17140713e-03 -2.08848343e-03
-9.95554419e-02 7.49693179e-03 5.15759789e-04 5.18967201e-03 -2.08386351e-03
-9.79927178e-02 7.51579055e-03 5.16340841e-04 5.20813841e-03 -2.07927180e-03
-9.64297521e-02 7.53489640e-03 5.16706980e-04 5.22680809e-03 -2.07471439e-03
-9.48665486e-02 7.55424407e-03 5.16859395e-04 5.24568243e-03 -2.07019747e-03
-9.33031111e-02 7.57382801e-03 5.16799705e-04 5.26476240e-03 -2.06572735e-03
-9.17394435e-02 7.59364248e-03 5.16529961e-04 5.28404855e-03 -2.06131042e-03
-9.01755497e-02 7.61368151e-03 5.16052657e-04 5.30354104e-03 -2.05695316e-03
-8.86114334e-02 7.63393891e-03 5.15370723e-04 5.32323961e-03 -2.05266210e-03
-8.70470987e-02 7.65440831e-03 5.14487534e-04 5.34314356e-03 -2.04844382e-03
-8.54825493e-02 7.67508315e-03 5.13406906e-04 5.36325180e-03 -2.04430490e-03
-8.39177890e-02 7.69595670e-03 5.12133100e-04 5.38356282e-03 -2.04025196e-03
-8.23528218e-02 7.71702208e-03 5.10670815e-04 5.40407467e-03 -2.03629160e-03
-8.07876515e-02 7.73827226e-03 5.09025191e-04 5.42478502e-03 -2.03243036e-03
-7.92222820e-02 7.75970008e-03 5.07201803e-04 5.44569111e-03 -2.02867476e-03
-7.76567171e-02 7.78129825e-03 5.05206656e-04 5.46678979e-03 -2.02503124e-03
-7.60909607e-02 7.80305941e-03 5.03046184e-04 5.48807752e-03 -2.02150615e-03
-7.45250166e-02 7.82497608e-03 5.00727237e-04 5.50955035e-03 -2.01810575e-03
-7.29588887e-02 7.84704073e-03 4.98257079e-04 5.53120400e-03 -2.01483613e-03
-7.13925810e-02 7.86924574e-03 4.95643379e-04 5.55303378e-03 -2.01170327e-03
-6.98260971e-02 7.89158348e-03 4.92894198e-04 5.57503467e-03 -2.00871298e-03
-6.82594410e-02 7.91404628e-03 4.90017983e-04 5.59720131e-03 -2.00587085e-03
-6.66926166e-02 7.93662644e-03 4.87023552e-04 5.61952802e-03 -2.00318230e-03
-6.51256278e-02 7.95931628e-03 4.83920083e-04 5.64200879e-03 -2.00065250e-03
-6.35584783e-02 7.98210814e-03 4.80717101e-04 5.66463733e-03 -1.99828639e-03
-6.19911720e-02 8.00499438e-03 4.77424464e-04 5.68740709e-03 -1.99608865e-03
-6.04237129e-02 8.02796740e-03 4.74052343e-04 5.71031125e-03 -1.99406364e-03
-5.88561048e-02 8.05101970e-03 4.70611213e-04 5.73334275e-03 -1.99221548e-03
-5.72883515e-02 8.07414382e-03 4.67111829e-04 5.75649431e-03 -1.99054792e-03
-5.57204570e-02 8.09733240e-03 4.63565210e-04 5.77975848e-03 -1.98906440e-03
-5.41524250e-02 8.12057821e-03 4.59982622e-04 5.80312761e-03 -1.98776802e-03
-5.25842595e-02 8.14387412e-03 4.56375556e-04 5.82659392e-03 -1.98666149e-03
-5.10159643e-02 8.16721316e-03 4.52755705e-04 5.85014950e-03 -1.98574716e-03
-4.94475433e-02 8.19058848e-03 4.49134948e-04 5.87378632e-03 -1.98502697e-03
-4.78790003e-02 8.21399342e-03 4.45525322e-04 5.89749630e-03 -1.98450246e-03
-4.63103392e-02 8.23742150e-03 4.41939003e-04 5.92127129e-03 -1.98417476e-03
-4.47415640e-02 8.26086643e-03 4.38388279e-04 5.94510311e-03 -1.98404455e-03
-4.31726784e-02 8.28432212e-03 4.34885529e-04 5.96898359e-03 -1.98411209e-03
-4.16036863e-02 8.30778272e-03 4.31443197e-04 5.99290458e-03 -1.98437716e-03
-4.00345917e-02 8.33124258e-03 4.28073763e-04 6.01685799e-03 -1.98483912e-03
-3.84653983e-02 8.35469632e-03 4.24789724e-04 6.04083579e-03 -1.98549684e-03
-3.68961100e-02 8.37813881e-03 4.21603562e-04 6.06483005e-03 -1.98634871e-03
-3.53267308e-02 8.40156518e-03 4.18527720e-04 6.08883300e-03 -1.98739267e-03
-3.37572644e-02 8.42497084e-03 4.15574575e-04 6.11283699e-03 -1.98862616e-03
-3.21877148e-02 8.44835149e-03 4.12756411e-04 6.13683458e-03 -1.99004614e-03
-3.06180858e-02 8.47170313e-03 4.10085389e-04 6.16081851e-03 -1.99164909e-03
-2.90483813e-02 8.49502206e-03 4.07573526e-04 6.18478177e-03 -1.99343101e-03
-2.74786051e-02 8.51830488e-03 4.05232660e-04 6.20871761e-03 -1.99538740e-03
-2.59087612e-02 8.54154854e-03 4.03074427e-04 6.23261954e-03 -1.99751331e-03
-2.43388534e-02 8.56475031e-03 4.01110234e-04 6.25648140e-03 -1.99980329e-03
-2.27688855e-02 8.58790778e-03 3.99351229e-04 6.28029733e-03 -2.00225143e-03
-2.11988616e-02 8.61101889e-03 3.97808278e-04 6.30406185e-03 -2.00485135e-03
-1.96287853e-02 8.63408192e-03 3.96491933e-04 6.32776982e-03 -2.00759623e-03
-1.80586606e-02 8.65709552e-03 3.95412413e-04 6.35141652e-03 -2.01047879e-03
-1.64884914e-02 8.68005868e-03 3.94579571e-04 6.37499762e-03 -2.01349132e-03
-1.49182815e-02 8.70297074e-03 3.94002873e-04 6.39850923e-03 -2.01662568e-03
-1.33480349e-02 8.72583141e-03 3.93691371e-04 6.42194791e-03 -2.01987334e-03
-1.17777553e-02 8.74864076e-03 3.93653682e-04 6.44531068e-03 -2.02322534e-03
-1.02074466e-02 8.77139921e-03 3.93897959e-04 6.46859504e-03 -2.02667239e-03
-8.63711283e-03 8.79410757e-03 3.94431876e-04 6.49179897e-03 -2.03020480e-03
-7.06675773e-03 8.81676697e-03 3.95262598e-04 6.51492099e-03 -2.03381254e-03
-5.49638519e-03 8.83937893e-03 3.96396766e-04 6.53796010e-03 -2.03748527e-03
-3.92599911e-03 8.86194533e-03 3.97840475e-04 6.56091586e-03 -2.04121235e-03
-2.35560334e-03 8.88446838e-03 3.99599254e-04 6.58378835e-03 -2.04498283e-03
-7.85201758e-04 8.90695066e-03 4.01678049e-04 6.60657820e-03 -2.04878553e-03
7.85201758e-04 8.92939510e-03 4.04081207e-04 6.62928659e-03 -2.05260902e-03
2.35560334e-03 8.95180497e-03 4.06812459e-04 6.65191525e-03 -2.05644168e-03
3.92599911e-03 8.97418385e-03 4.09874906e-04 6.67446647e-03 -2.06027167e-03
5.49638519e-03 8.99653570e-03 4.13271008e-04 6.69694312e-03 -2.06408702e-03
7.06675773e-03 9.01886475e-03 4.17002568e-04 6.71934859e-03 -2.06787561e-03
8.63711283e-03 9.04117559e-03 4.21070724e-04 6.74168687e-03 -2.07162525e-03
1.02074466e-02 9.06347309e-03 4.25475942e-04 6.76396248e-03 -2.07532363e-03
1.17777553e-02 9.08576243e-03 4.30218005e-04 6.78618049e-03 -2.07895842e-03
1.33480349e-02 9.10804907e-03 4.35296010e-04 6.80834653e-03 -2.08251729e-03
1.49182815e-02 9.13033877e-03 4.40708358e-04 6.83046676e-03 -2.08598788e-03
1.64884914e-02 9.15263753e-03 4.46452761e-04 6.85254787e-03 -2.08935792e-03
1.80586606e-02 9.17495162e-03 4.52526229e-04 6.87459706e-03 -2.09261519e-03
1.96287853e-02 9.19728755e-03 4.58925079e-04 6.89662203e-03 -2.09574758e-03
2.11988616e-02 9.21965209e-03 4.65644934e-04 6.91863100e-03 -2.09874313e-03
2.27688855e-02 9.24205218e-03 4.72680725e-04 6.94063264e-03 -2.10159003e-03
2.43388534e-02 9.26449501e-03 4.80026696e-04 6.96263608e-03 -2.10427668e-03
2.59087612e-02 9.28698795e-03 4.87676414e-04 6.98465092e-03 -2.10679172e-03
2.74786051e-02 9.30953853e-03 4.95622775e-04 7.00668714e-03 -2.10912403e-03
2.90483813e-02 9.33215449e-03 5.03858013e-04 7.02875517e-03 -2.11126281e-03
3.06180858e-02 9.35484367e-03 5.12373715e-04 7.05086580e-03 -2.11319755e-03
3.21877148e-02 9.37761407e-03 5.21160831e-04 7.07303017e-03 -2.11491813e-03
3.37572644e-02 9.40047383e-03 5.30209689e-04 7.09525977e-03 -2.11641478e-03
3.53267308e-02 9.42343115e-03 5.39510015e-04 7.11756639e-03 -2.11767815e-03
3.68961100e-02 9.44649435e-03 5.49050945e-04 7.13996212e-03 -2.11869933e-03
3.84653983e-02 9.46967183e-03 5.58821052e-04 7.16245930e-03 -2.11946987e-03
4.00345917e-02 9.49297202e-03 5.68808361e-04 7.18507050e-03 -2.11998181e-03
4.16036863e-02 9.51640342e-03 5.79000371e-04 7.20780850e-03 -2.12022773e-03
4.31726784e-02 9.53997453e-03 5.89384086e-04 7.23068625e-03 -2.12020071e-03
4.47415640e-02 9.56369388e-03 5.99946033e-04 7.25371683e-03 -2.11989443e-03
4.63103392e-02 9.58756999e-03 6.10672291e-04 7.27691346e-03 -2.11930313e-03
4.78790003e-02 9.61161135e-03 6.21548519e-04 7.30028943e-03 -2.11842166e-03
4.94475433e-02 9.63582641e-03 6.32559987e-04 7.32385808e-03 -2.11724552e-03
5.10159643e-02 9.66022359e-03 6.43691601e-04 7.34763278e-03 -2.11577082e-03
5.25842595e-02 9.68481121e-03 6.54927941e-04 7.37162689e-03 -2.11399436e-03
5.41524250e-02 9.70959753e-03 6.66253287e-04 7.39585371e-03 -2.11191360e-03
5.57204570e-02 9.73459069e-03 6.77651657e-04 7.42032651e-03 -2.10952669e-03
5.72883515e-02 9.75979873e-03 6.89106840e-04 7.44505840e-03 -2.10683248e-03
5.88561048e-02 9.78522956e-03 7.00602428e-04 7.47006239e-03 -2.10383054e-03
6.04237129e-02 9.81089093e-03 7.12121855e-04 7.49535132e-03 -2.10052116e-03
6.19911720e-02 9.83679046e-03 7.23648434e-04 7.52093782e-03 -2.09690536e-03
6.35584783e-02 9.86293557e-03 7.35165389e-04 7.54683430e-03 -2.09298489e-03
6.51256278e-02 9.88933352e-03 7.46655900e-04 7.57305289e-03 -2.08876223e-03
6.66926166e-02 9.91599136e-03 7.58103131e-04 7.59960547e-03 -2.08424062e-03
6.82594410e-02 9.94291594e-03 7.69490278e-04 7.62650357e-03 -2.07942401e-03
6.98260971e-02 9.97011388e-03 7.80800601e-04 7.65375838e-03 -2.07431712e-03
7.13925810e-02 9.99759157e-03 7.92017464e-04 7.68138072e-03 -2.06892539e-03
7.29588887e-02 1.00253552e-02 8.03124373e-04 7.70938102e-03 -2.06325497e-03
7.45250166e-02 1.00534105e-02 8.14105014e-04 7.73776926e-03 -2.05731276e-03
7.60909607e-02 1.00817634e-02 8.24943296e-04 7.76655498e-03 -2.05110635e-03
7.76567171e-02 1.01104190e-02 8.35623379e-04 7.79574725e-03 -2.04464406e-03
7.92222820e-02 1.01393825e-02 8.46129722e-04 7.82535464e-03 -2.03793486e-03
8.07876515e-02 1.01686587e-02 8.56447112e-04 7.85538520e-03 -2.03098842e-03
8.23528218e-02 1.01982520e-02 8.66560707e-04 7.88584645e-03 -2.02381506e-03
8.39177890e-02 1.02281668e-02 8.76456067e-04 7.91674533e-03 -2.01642574e-03
8.54825493e-02 1.02584068e-02 8.86119191e-04 7.94808822e-03 -2.00883202e-03
8.70470987e-02 1.02889758e-02 8.95536551e-04 7.97988091e-03 -2.00104610e-03
8.86114334e-02 1.03198768e-02 9.04695126e-04 8.01212858e-03 -1.99308072e-03
9.01755497e-02 1.03511130e-02 9.13582436e-04 8.04483580e-03 -1.98494916e-03
9.17394435e-02 1.03826870e-02 9.22186569e-04 8.07800649e-03 -1.97666526e-03
9.33031111e-02 1.04146009e-02 9.30496214e-04 8.11164394e-03 -1.96824333e-03
9.48665486e-02 1.04468570e-02 9.38500691e-04 8.14575080e-03 -1.95969815e-03
9.64297521e-02 1.04794567e-02 9.46189976e-04 8.18032906e-03 -1.95104494e-03
9.79927178e-02 1.05124015e-02 9.53554728e-04 8.21538003e-03 -1.94229931e-03
9.95554419e-02 1.05456924e-02 9.60586315e-04 8.25090439e-03 -1.93347725e-03
1.01117920e-01 1.05793300e-02 9.67276835e-04 8.28690212e-03 -1.92459508e-03
1.02680150e-01 1.06133147e-02 9.73619141e-04 8.32337255e-03 -1.91566944e-03
1.04242126e-01 1.06476466e-02 9.79606855e-04 8.36031435e-03 -1.90671719e-03
1.05803844e-01 1.06823255e-02 9.85234394e-04 8.39772553e-03 -1.89775547e-03
1.07365302e-01 1.07173507e-02 9.90496978e-04 8.43560342e-03 -1.88880156e-03
1.08926495e-01 1.07527214e-02 9.95390650e-04 8.47394472e-03 -1.87987291e-03
1.10487420e-01 1.07884364e-02 9.99912290e-04 8.51274548e-03 -1.87098709e-03
1.12048072e-01 1.08244942e-02 1.00405962e-03 8.55200114e-03 -1.86216173e-03
1.13608448e-01 1.08608932e-02 1.00783121e-03 8.59170649e-03 -1.85341447e-03
1.15168543e-01 1.08976313e-02 1.01122651e-03 8.63185572e-03 -1.84476297e-03
1.16728355e-01 1.09347062e-02 1.01424580e-03 8.67244243e-03 -1.83622481e-03
1.18287878e-01 1.09721153e-02 1.01689027e-03 8.71345966e-03 -1.82781750e-03
1.19847110e-01 1.10098558e-02 1.01916195e-03 8.75489986e-03 -1.81955840e-03
1.21406047e-01 1.10479247e-02 1.02106375e-03 8.79675497e-03 -1.81146469e-03
1.22964684e-01 1.10863188e-02 1.02259943e-03 8.83901637e-03 -1.80355334e-03
1.24523017e-01 1.11250344e-02 1.02377363e-03 8.88167499e-03 -1.79584106e-03
1.26081044e-01 1.11640679e-02 1.02459181e-03 8.92472125e-03 -1.78834426e-03
1.27638760e-01 1.12034154e-02 1.02506030e-03 8.96814512e-03 -1.78107901e-03
1.29196160e-01 1.12430728e-02 1.02518625e-03 9.01193617e-03 -1.77406101e-03
1.30753243e-01 1.12830358e-02 1.02497761e-03 9.05608354e-03 -1.76730554e-03
1.32310002e-01 1.13232999e-02 1.02444316e-03 9.10057602e-03 -1.76082742e-03
1.33866436e-01 1.13638607e-02 1.02359243e-03 9.14540203e-03 -1.75464098e-03
1.35422539e-01 1.14047133e-02 1.02243574e-03 9.19054970e-03 -1.74876002e-03
1.36978309e-01 1.14458529e-02 1.02098413e-03 9.23600687e-03 -1.74319780e-03
1.38533740e-01 1.14872747e-02 1.01924937e-03 9.28176110e-03 -1.73796695e-03
1.40088830e-01 1.15289734e-02 1.01724392e-03 9.32779977e-03 -1.73307950e-03
1.41643575e-01 1.15709440e-02 1.01498091e-03 9.37411002e-03 -1.72854681e-03
1.43197970e-01 1.16131814e-02 1.01247409e-03 9.42067887e-03 -1.72437955e-03
1.44752012e-01 1.16556802e-02 1.00973785e-03 9.46749320e-03 -1.72058768e-03
1.46305697e-01 1.16984351e-02 1.00678712e-03 9.51453978e-03 -1.71718040e-03
1.47859021e-01 1.17414409e-02 1.00363740e-03 9.56180534e-03 -1.71416616e-03
1.49411981e-01 1.17846922e-02 1.00030468e-03 9.60927658e-03 -1.71155260e-03
1.50964572e-01 1.18281836e-02 9.96805440e-04 9.65694019e-03 -1.70934658e-03
1.52516790e-01 1.18719100e-02 9.93156583e-04 9.70478291e-03 -1.70755408e-03
1.54068633e-01 1.19158659e-02 9.89375414e-04 9.75279157e-03 -1.70618028e-03
1.55620096e-01 1.19600461e-02 9.85479600e-04 9.80095307e-03 -1.70522945e-03
1.57171175e-01 1.20044455e-02 9.81487122e-04 9.84925448e-03 -1.70470501e-03
1.58721866e-01 1.20490590e-02 9.77416242e-04 9.89768301e-03 -1.70460948e-03
1.60272166e-01 1.20938815e-02 9.73285459e-04 9.94622610e-03 -1.70494447e-03
1.61822070e-01 1.21389080e-02 9.69113465e-04 9.99487141e-03 -1.70571070e-03
1.63371576e-01 1.21841339e-02 9.64919104e-04 1.00436069e-02 -1.70690796e-03
1.64920678e-01 1.22295542e-02 9.60721330e-04 1.00924207e-02 -1.70853513e-03
1.66469374e-01 1.22751645e-02 9.56539159e-04 1.01413014e-02 -1.71059018e-03
1.68017660e-01 1.23209603e-02 9.52391632e-04 1.01902380e-02 -1.71307016e-03
1.69565531e-01 1.23669374e-02 9.48297765e-04 1.02392196e-02 -1.71597119e-03
1.71112983e-01 1.24130916e-02 9.44276510e-04 1.02882360e-02 -1.71928850e-03
1.72660014e-01 1.24594190e-02 9.40346707e-04 1.03372773e-02 -1.72301643e-03
1.74206619e-01 1.25059157e-02 9.36527045e-04 1.03863341e-02 -1.72714840e-03
1.75752795e-01 1.25525783e-02 9.32836015e-04 1.04353973e-02 -1.73167698e-03
1.77298536e-01 1.25994034e-02 9.29291870e-04 1.04844586e-02 -1.73659387e-03
1.78843841e-01 1.26463878e-02 9.25912581e-04 1.05335101e-02 -1.74188991e-03
1.80388705e-01 1.26935286e-02 9.22715798e-04 1.05825443e-02 -1.74755512e-03
1.81933124e-01 1.27408230e-02 9.19718807e-04 1.06315545e-02 -1.75357873e-03
1.83477094e-01 1.27882686e-02 9.16938489e-04 1.06805343e-02 -1.75994914e-03
1.85020611e-01 1.28358631e-02 9.14391287e-04 1.07294782e-02 -1.76665403e-03
1.86563673e-01 1.28836045e-02 9.12093161e-04 1.07783811e-02 -1.77368032e-03
1.88106274e-01 1.29314910e-02 9.10059556e-04 1.08272385e-02 -1.78101423e-03
1.89648411e-01 1.29795211e-02 9.08305364e-04 1.08760468e-02 -1.78864130e-03
1.91190081e-01 1.30276936e-02 9.06844892e-04 1.09248026e-02 -1.79654642e-03
1.92731279e-01 1.30760075e-02 9.05691829e-04 1.09735035e-02 -1.80471387e-03
1.94272002e-01 1.31244619e-02 9.04859211e-04 1.10221477e-02 -1.81312735e-03
1.95812245e-01 1.31730565e-02 9.04359398e-04 1.10707339e-02 -1.82177000e-03
1.97352006e-01 1.32217910e-02 9.04204041e-04 1.11192617e-02 -1.83062446e-03
1.98891280e-01 1.32706654e-02 9.04404058e-04 1.11677311e-02 -1.83967292e-03
2.00430064e-01 1.33196801e-02 9.04969608e-04 1.12161429e-02 -1.84889712e-03
2.01968353e-01 1.33688356e-02 9.05910070e-04 1.12644985e-02 -1.85827840e-03
2.03506144e-01 1.34181328e-02 9.07234021e-04 1.13128002e-02 -1.86779777e-03
2.05043433e-01 1.34675728e-02 9.08949220e-04 1.13610506e-02 -1.87743593e-03
2.06580217e-01 1.35171569e-02 9.11062585e-04 1.14092531e-02 -1.88717331e-03
2.08116491e-01 1.35668867e-02 9.13580187e-04 1.14574118e-02 -1.89699014e-03
2.09652252e-01 1.36167641e-02 9.16507231e-04 1.15055313e-02 -1.90686644e-03
2.11187496e-01 1.36667912e-02 9.19848047e-04 1.15536170e-02 -1.91678212e-03
2.12722219e-01 1.37169704e-02 9.23606083e-04 1.16016748e-02 -1.92671702e-03
2.14256418e-01 1.37673042e-02 9.27783897e-04 1.16497111e-02 -1.93665091e-03
2.15790088e-01 1.38177956e-02 9.32383155e-04 1.16977331e-02 -1.94656358e-03
2.17323226e-01 1.38684475e-02 9.37404627e-04 1.17457483e-02 -1.95643486e-03
2.18855828e-01 1.39192633e-02 9.42848189e-04 1.17937649e-02 -1.96624469e-03
2.20387890e-01 1.39702464e-02 9.48712824e-04 1.18417917e-02 -1.97597313e-03
2.21919408e-01 1.40214006e-02 9.54996629e-04 1.18898379e-02 -1.98560045e-03
2.23450380e-01 1.40727299e-02 9.61696818e-04 1.19379132e-02 -1.99510711e-03
2.24980800e-01 1.41242382e-02 9.68809736e-04 1.19860278e-02 -2.00447389e-03
2.26510666e-01 1.41759300e-02 9.76330865e-04 1.20341922e-02 -2.01368184e-03
2.28039973e-01 1.42278097e-02 9.84254841e-04 1.20824176e-02 -2.02271239e-03
2.29568717e-01 1.42798820e-02 9.92575466e-04 1.21307154e-02 -2.03154736e-03
2.31096895e-01 1.43321517e-02 1.00128573e-03 1.21790974e-02 -2.04016902e-03
2.32624504e-01 1.43846238e-02 1.01037782e-03 1.22275757e-02 -2.04856009e-03
2.34151539e-01 1.44373035e-02 1.01984316e-03 1.22761628e-02 -2.05670384e-03
2.35677996e-01 1.44901959e-02 1.02967241e-03 1.23248715e-02 -2.06458406e-03
2.37203872e-01 1.45433066e-02 1.03985550e-03 1.23737149e-02 -2.07218514e-03
2.38729163e-01 1.45966409e-02 1.05038168e-03 1.24227062e-02 -2.07949210e-03
2.40253865e-01 1.46502046e-02 1.06123950e-03 1.24718589e-02 -2.08649059e-03
2.41777975e-01 1.47040033e-02 1.07241688e-03 1.25211868e-02 -2.09316696e-03
2.43301489e-01 1.47580429e-02 1.08390113e-03 1.25707035e-02 -2.09950827e-03
2.44824402e-01 1.48123293e-02 1.09567897e-03 1.26204231e-02 -2.10550232e-03
2.46346712e-01 1.48668684e-02 1.10773659e-03 1.26703597e-02 -2.11113766e-03
2.47868414e-01 1.49216662e-02 1.12005965e-03 1.27205274e-02 -2.11640365e-03
2.49389505e-01 1.49767289e-02 1.13263334e-03 1.27709403e-02 -2.12129045e-03
2.50909981e-01 1.50320626e-02 1.14544242e-03 1.28216126e-02 -2.12578905e-03
2.52429838e-01 1.50876733e-02 1.15847124e-03 1.28725586e-02 -2.12989129e-03
2.53949073e-01 1.51435673e-02 1.17170379e-03 1.29237923e-02 -2.13358987e-03
2.55467681e-01 1.51997508e-02 1.18512376e-03 1.29753278e-02 -2.13687838e-03
2.56985659e-01 1.52562300e-02 1.19871452e-03 1.30271791e-02 -2.13975128e-03
2.58503004e-01 1.53130111e-02 1.21245924e-03 1.30793601e-02 -2.14220393e-03
2.60019711e-01 1.53701002e-02 1.22634087e-03 1.31318844e-02 -2.14423260e-03
2.61535776e-01 1.54275035e-02 1.24034219e-03 1.31847656e-02 -2.14583448e-03
2.63051197e-01 1.54852272e-02 1.25444591e-03 1.32380171e-02 -2.14700766e-03
2.64565969e-01 1.55432774e-02 1.26863463e-03 1.32916520e-02 -2.14775113e-03
2.66080089e-01 1.56016600e-02 1.28289092e-03 1.33456832e-02 -2.14806483e-03
2.67593552e-01 1.56603812e-02 1.29719738e-03 1.34001232e-02 -2.14794956e-03
2.69106356e-01 1.57194468e-02 1.31153666e-03 1.34549845e-02 -2.14740706e-03
2.70618495e-01 1.57788627e-02 1.32589149e-03 1.35102792e-02 -2.14643994e-03
2.72129968e-01 1.58386348e-02 1.34024474e-03 1.35660189e-02 -2.14505172e-03
2.73640769e-01 1.58987688e-02 1.35457948e-03 1.36222150e-02 -2.14324675e-03
2.75150895e-01 1.59592702e-02 1.36887897e-03 1.36788786e-02 -2.14103027e-03
2.76660343e-01 1.60201448e-02 1.38312673e-03 1.37360204e-02 -2.13840836e-03
2.78169109e-01 1.60813980e-02 1.39730657e-03 1.37936506e-02 -2.13538790e-03
2.79677188e-01 1.61430350e-02 1.41140266e-03 1.38517791e-02 -2.13197659e-03
2.81184578e-01 1.62050613e-02 1.42539949e-03 1.39104155e-02 -2.12818291e-03
2.82691274e-01 1.62674819e-02 1.43928200e-03 1.39695687e-02 -2.12401610e-03
2.84197274e-01 1.63303019e-02 1.45303554e-03 1.40292474e-02 -2.11948610e-03
2.85702572e-01 1.63935263e-02 1.46664593e-03 1.40894598e-02 -2.11460361e-03
2.87207166e-01 1.64571599e-02 1.48009951e-03 1.41502137e-02 -2.10937994e-03
2.88711051e-01 1.65212073e-02 1.49338314e-03 1.42115163e-02 -2.10382711e-03
2.90214224e-01 1.65856732e-02 1.50648423e-03 1.42733745e-02 -2.09795770e-03
2.91716682e-01 1.66505620e-02 1.51939080e-03 1.43357946e-02 -2.09178491e-03
2.93218420e-01 1.67158782e-02 1.53209147e-03 1.43987827e-02 -2.08532246e-03
2.94719436e-01 1.67816258e-02 1.54457549e-03 1.44623440e-02 -2.07858460e-03
2.96219724e-01 1.68478090e-02 1.55683280e-03 1.45264838e-02 -2.07158604e-03
2.97719282e-01 1.69144318e-02 1.56885399e-03 1.45912064e-02 -2.06434194e-03
2.99218105e-01 1.69814981e-02 1.58063035e-03 1.46565159e-02 -2.05686785e-03
3.00716191e-01 1.70490115e-02 1.59215391e-03 1.47224160e-02 -2.04917968e-03
3.02213535e-01 1.71169757e-02 1.60341739e-03 1.47889098e-02 -2.04129368e-03
3.03710134e-01 1.71853942e-02 1.61441430e-03 1.48560001e-02 -2.03322636e-03
3.05205983e-01 1.72542703e-02 1.62513886e-03 1.49236892e-02 -2.02499447e-03
3.06701080e-01 1.73236073e-02 1.63558608e-03 1.49919788e-02 -2.01661498e-03
3.08195421e-01 1.73934083e-02 1.64575173e-03 1.50608705e-02 -2.00810499e-03
3.09689002e-01 1.74636765e-02 1.65563236e-03 1.51303652e-02 -1.99948174e-03
3.11181819e-01 1.75344146e-02 1.66522528e-03 1.52004636e-02 -1.99076253e-03
3.12673868e-01 1.76056256e-02 1.67452862e-03 1.52711659e-02 -1.98196470e-03
3.14165146e-01 1.76773121e-02 1.68354123e-03 1.53424721e-02 -1.97310557e-03
3.15655650e-01 1.77494769e-02 1.69226279e-03 1.54143815e-02 -1.96420244e-03
3.17145375e-01 1.78221223e-02 1.70069371e-03 1.54868934e-02 -1.95527249e-03
3.18634318e-01 1.78952509e-02 1.70883518e-03 1.55600066e-02 -1.94633279e-03
3.20122475e-01 1.79688650e-02 1.71668916e-03 1.56337195e-02 -1.93740022e-03
3.21609843e-01 1.80429669e-02 1.72425832e-03 1.57080305e-02 -1.92849147e-03
3.23096417e-01 1.81175589e-02 1.73154610e-03 1.57829373e-02 -1.91962299e-03
3.24582195e-01 1.81926429e-02 1.73855662e-03 1.58584378e-02 -1.91081091e-03
3.26067172e-01 1.82682212e-02 1.74529473e-03 1.59345293e-02 -1.90207107e-03
3.27551345e-01 1.83442958e-02 1.75176596e-03 1.60112089e-02 -1.89341896e-03
3.29034710e-01 1.84208685e-02 1.75797650e-03 1.60884738e-02 -1.88486964e-03
3.30517264e-01 1.84979414e-02 1.76393319e-03 1.61663206e-02 -1.87643780e-03
3.31999003e-01 1.85755162e-02 1.76964348e-03 1.62447459e-02 -1.86813762e-03
3.33479923e-01 1.86535948e-02 1.77511544e-03 1.63237464e-02 -1.85998283e-03
3.34960021e-01 1.87321790e-02 1.78035771e-03 1.64033182e-02 -1.85198664e-03
3.36439292e-01 1.88112706e-02 1.78537945e-03 1.64834575e-02 -1.84416169e-03
3.37917734e-01 1.88908714e-02 1.79019039e-03 1.65641607e-02 -1.83652009e-03
3.39395342e-01 1.89709830e-02 1.79480071e-03 1.66454236e-02 -1.82907332e-03
3.40872114e-01 1.90516073e-02 1.79922108e-03 1.67272422e-02 -1.82183226e-03
3.42348044e-01 1.91327459e-02 1.80346258e-03 1.68096127e-02 -1.81480716e-03
3.43823131e-01 1.92144005e-02 1.80753671e-03 1.68925309e-02 -1.80800758e-03
3.45297369e-01 1.92965730e-02 1.81145533e-03 1.69759927e-02 -1.80144242e-03
3.46770756e-01 1.93792650e-02 1.81523063e-03 1.70599943e-02 -1.79511991e-03
3.48243288e-01 1.94624784e-02 1.81887512e-03 1.71445315e-02 -1.78904753e-03
3.49714961e-01 1.95462149e-02 1.82240155e-03 1.72296006e-02 -1.78323207e-03
3.51185772e-01 1.96304763e-02 1.82582293e-03 1.73151977e-02 -1.77767958e-03
3.52655716e-01 1.97152646e-02 1.82915246e-03 1.74013191e-02 -1.77239537e-03
3.54124791e-01 1.98005815e-02 1.83240350e-03 1.74879612e-02 -1.76738399e-03
3.55592992e-01 1.98864292e-02 1.83558954e-03 1.75751205e-02 -1.76264928e-03
3.57060317e-01 1.99728095e-02 1.83872416e-03 1.76627937e-02 -1.75819427e-03
3.58526760e-01 2.00597244e-02 1.84182100e-03 1.77509777e-02 -1.75402128e-03
3.59992320e-01 2.01471762e-02 1.84489373e-03 1.78396694e-02 -1.75013184e-03
3.61456992e-01 2.02351670e-02 1.84795600e-03 1.79288662e-02 -1.74652676e-03
3.62920772e-01 2.03236990e-02 1.85102140e-03 1.80185655e-02 -1.74320607e-03
3.64383658e-01 2.04127745e-02 1.85410348e-03 1.81087648e-02 -1.74016908e-03
3.65845645e-01 2.05023958e-02 1.85721563e-03 1.81994622e-02 -1.73741436e-03
3.67306729e-01 2.05925656e-02 1.86037112e-03 1.82906557e-02 -1.73493974e-03
3.68766908e-01 2.06832862e-02 1.86358302e-03 1.83823437e-02 -1.73274237e-03
3.70226177e-01 2.07745603e-02 1.86686421e-03 1.84745250e-02 -1.73081865e-03
3.71684534e-01 2.08663906e-02 1.87022732e-03 1.85671984e-02 -1.72916435e-03
3.73141973e-01 2.09587799e-02 1.87368469e-03 1.86603632e-02 -1.72777452e-03
3.74598493e-01 2.10517310e-02 1.87724837e-03 1.87540190e-02 -1.72664359e-03
3.76054088e-01 2.11452471e-02 1.88093010e-03 1.88481655e-02 -1.72576535e-03
3.77508756e-01 2.12393310e-02 1.88474122e-03 1.89428029e-02 -1.72513296e-03
3.78962493e-01 2.13339861e-02 1.88869273e-03 1.90379317e-02 -1.72473902e-03
3.80415296e-01 2.14292155e-02 1.89279519e-03 1.91335526e-02 -1.72457554e-03
3.81867160e-01 2.15250227e-02 1.89705875e-03 1.92296667e-02 -1.72463400e-03
3.83318083e-01 2.16214111e-02 1.90149309e-03 1.93262755e-02 -1.72490535e-03
3.84768060e-01 2.17183843e-02 1.90610744e-03 1.94233807e-02 -1.72538006e-03
3.86217089e-01 2.18159459e-02 1.91091051e-03 1.95209844e-02 -1.72604814e-03
3.87665165e-01 2.19140997e-02 1.91591051e-03 1.96190890e-02 -1.72689915e-03
3.89112285e-01 2.20128497e-02 1.92111514e-03 1.97176972e-02 -1.72792226e-03
3.90558445e-01 2.21121998e-02 1.92653153e-03 1.98168122e-02 -1.72910625e-03
3.92003642e-01 2.22121540e-02 1.93216627e-03 1.99164373e-02 -1.73043958e-03
3.93447872e-01 2.23127166e-02 1.93802538e-03 2.00165762e-02 -1.73191038e-03
3.94891132e-01 2.24138919e-02 1.94411431e-03 2.01172331e-02 -1.73350649e-03
3.96333418e-01 2.25156843e-02 1.95043790e-03 2.02184123e-02 -1.73521552e-03
3.97774727e-01 2.26180983e-02 1.95700043e-03 2.03201186e-02 -1.73702487e-03
3.99215055e-01 2.27211384e-02 1.96380557e-03 2.04223568e-02 -1.73892172e-03
4.00654398e-01 2.28248093e-02 1.97085636e-03 2.05251324e-02 -1.74089315e-03
4.02092753e-01 2.29291160e-02 1.97815528e-03 2.06284510e-02 -1.74292607e-03
4.03530117e-01 2.30340632e-02 1.98570418e-03 2.07323184e-02 -1.74500736e-03
4.04966485e-01 2.31396559e-02 1.99350430e-03 2.08367409e-02 -1.74712380e-03
4.06401855e-01 2.32458993e-02 2.00155631e-03 2.09417250e-02 -1.74926218e-03
4.07836222e-01 2.33527985e-02 2.00986023e-03 2.10472775e-02 -1.75140930e-03
4.09269584e-01 2.34603587e-02 2.01841555e-03 2.11534053e-02 -1.75355200e-03
4.10701936e-01 2.35685854e-02 2.02722112e-03 2.12601157e-02 -1.75567721e-03
4.12133276e-01 2.36774840e-02 2.03627525e-03 2.13674162e-02 -1.75777196e-03
4.13563599e-01 2.37870599e-02 2.04557566e-03 2.14753147e-02 -1.75982341e-03
4.14992902e-01 2.38973189e-02 2.05511954e-03 2.15838191e-02 -1.76181892e-03
4.16421181e-01 2.40082666e-02 2.06490349e-03 2.16929377e-02 -1.76374603e-03
4.17848434e-01 2.41199087e-02 2.07492364e-03 2.18026787e-02 -1.76559250e-03
4.19274656e-01 2.42322511e-02 2.08517556e-03 2.19130509e-02 -1.76734637e-03
4.20699844e-01 2.43452998e-02 2.09565435e-03 2.20240629e-02 -1.76899594e-03
4.22123995e-01 2.44590607e-02 2.10635460e-03 2.21357239e-02 -1.77052983e-03
4.23547105e-01 2.45735398e-02 2.11727046e-03 2.22480429e-02 -1.77193700e-03
4.24969170e-01 2.46887433e-02 2.12839563e-03 2.23610293e-02 -1.77320676e-03
4.26390187e-01 2.48046774e-02 2.13972339e-03 2.24746923e-02 -1.77432881e-03
4.27810152e-01 2.49213484e-02 2.15124661e-03 2.25890416e-02 -1.77529323e-03
4.29229063e-01 2.50387624e-02 2.16295779e-03 2.27040869e-02 -1.77609054e-03
4.30646915e-01 2.51569260e-02 2.17484906e-03 2.28198379e-02 -1.77671170e-03
4.32063705e-01 2.52758454e-02 2.18691222e-03 2.29363045e-02 -1.77714814e-03
4.33479429e-01 2.53955272e-02 2.19913877e-03 2.30534966e-02 -1.77739173e-03
4.34894084e-01 2.55159779e-02 2.21151991e-03 2.31714244e-02 -1.77743488e-03
4.36307667e-01 2.56372040e-02 2.22404658e-03 2.32900978e-02 -1.77727047e-03
4.37720174e-01 2.57592122e-02 2.23670951e-03 2.34095270e-02 -1.77689190e-03
4.39131601e-01 2.58820091e-02 2.24949918e-03 2.35297222e-02 -1.77629312e-03
4.40541946e-01 2.60056014e-02 2.26240592e-03 2.36506937e-02 -1.77546861e-03
4.41951203e-01 2.61299958e-02 2.27541988e-03 2.37724515e-02 -1.77441337e-03
4.43359371e-01 2.62551990e-02 2.28853108e-03 2.38950061e-02 -1.77312300e-03
4.44766446e-01 2.63812179e-02 2.30172946e-03 2.40183675e-02 -1.77159362e-03
4.46172424e-01 2.65080593e-02 2.31500485e-03 2.41425461e-02 -1.76982193e-03
4.47577301e-01 2.66357300e-02 2.32834703e-03 2.42675521e-02 -1.76780520e-03
4.48981074e-01 2.67642370e-02 2.34174577e-03 2.43933956e-02 -1.76554126e-03
4.50383741e-01 2.68935870e-02 2.35519083e-03 2.45200868e-02 -1.76302850e-03
4.51785296e-01 2.70237870e-02 2.36867199e-03 2.46476358e-02 -1.76026588e-03
4.53185738e-01 2.71548441e-02 2.38217908e-03 2.47760526e-02 -1.75725294e-03
4.54585061e-01 2.72867650e-02 2.39570200e-03 2.49053473e-02 -1.75398974e-03
4.55983264e-01 2.74195569e-02 2.40923075e-03 2.50355296e-02 -1.75047693e-03
4.57380342e-01 2.75532266e-02 2.42275545e-03 2.51666095e-02 -1.74671569e-03
4.58776292e-01 2.76877813e-02 2.43626636e-03 2.52985967e-02 -1.74270773e-03
4.60171111e-01 2.78232279e-02 2.44975391e-03 2.54315010e-02 -1.73845529e-03
4.61564795e-01 2.79595734e-02 2.46320871e-03 2.55653317e-02 -1.73396115e-03
4.62957340e-01 2.80968249e-02 2.47662160e-03 2.57000985e-02 -1.72922857e-03
4.64348744e-01 2.82349893e-02 2.48998360e-03 2.58358107e-02 -1.72426132e-03
4.65739003e-01 2.83740739e-02 2.50328602e-03 2.59724776e-02 -1.71906363e-03
4.67128113e-01 2.85140855e-02 2.51652042e-03 2.61101082e-02 -1.71364023e-03
4.68516071e-01 2.86550313e-02 2.52967863e-03 2.62487116e-02 -1.70799626e-03
4.69902874e-01 2.87969183e-02 2.54275280e-03 2.63882967e-02 -1.70213732e-03
4.71288518e-01 2.89397535e-02 2.55573538e-03 2.65288723e-02 -1.69606943e-03
4.72672999e-01 2.90835441e-02 2.56861913e-03 2.66704470e-02 -1.68979899e-03
4.74056315e-01 2.92282969e-02 2.58139719e-03 2.68130293e-02 -1.68333279e-03
4.75438462e-01 2.93740191e-02 2.59406301e-03 2.69566277e-02 -1.67667798e-03
4.76819436e-01 2.95207177e-02 2.60661044e-03 2.71012502e-02 -1.66984205e-03
4.78199234e-01 2.96683996e-02 2.61903368e-03 2.72469050e-02 -1.66283280e-03
4.79577853e-01 2.98170720e-02 2.63132732e-03 2.73936002e-02 -1.65565835e-03
4.80955289e-01 2.99667418e-02 2.64348635e-03 2.75413434e-02 -1.64832708e-03
4.82331539e-01 3.01174160e-02 2.65550613e-03 2.76901424e-02 -1.64084764e-03
4.83706600e-01 3.02691016e-02 2.66738245e-03 2.78400047e-02 -1.63322890e-03
4.85080468e-01 3.04218055e-02 2.67911148e-03 2.79909378e-02 -1.62547994e-03
4.86453139e-01 3.05755347e-02 2.69068984e-03 2.81429487e-02 -1.61761006e-03
4.87824611e-01 3.07302961e-02 2.70211452e-03 2.82960447e-02 -1.60962868e-03
4.89194880e-01 3.08860966e-02 2.71338294e-03 2.84502328e-02 -1.60154541e-03
4.90563942e-01 3.10429431e-02 2.72449294e-03 2.86055197e-02 -1.59336994e-03
4.91931794e-01 3.12008424e-02 2.73544276e-03 2.87619122e-02 -1.58511209e-03
4.93298434e-01 3.13598015e-02 2.74623106e-03 2.89194167e-02 -1.57678175e-03
4.94663856e-01 3.15198271e-02 2.75685690e-03 2.90780398e-02 -1.56838886e-03
4.96028059e-01 3.16809260e-02 2.76731975e-03 2.92377876e-02 -1.55994338e-03
4.97391039e-01 3.18431050e-02 2.77761948e-03 2.93986664e-02 -1.55145531e-03
4.98752791e-01 3.20063709e-02 2.78775633e-03 2.95606822e-02 -1.54293462e-03
5.00113314e-01 3.21707303e-02 2.79773096e-03 2.97238408e-02 -1.53439125e-03
5.01472604e-01 3.23361899e-02 2.80754437e-03 2.98881480e-02 -1.52583509e-03
5.02830656e-01 3.25027565e-02 2.81719796e-03 3.00536094e-02 -1.51727596e-03
5.04187469e-01 3.26704365e-02 2.82669348e-03 3.02202307e-02 -1.50872359e-03
5.05543038e-01 3.28392366e-02 2.83603302e-03 3.03880171e-02 -1.50018760e-03
5.06897361e-01 3.30091634e-02 2.84521902e-03 3.05569740e-02 -1.49167747e-03
5.08250433e-01 3.31802233e-02 2.85425424e-03 3.07271065e-02 -1.48320255e-03
5.09602252e-01 3.33524228e-02 2.86314177e-03 3.08984198e-02 -1.47477201e-03
5.10952815e-01 3.35257684e-02 2.87188499e-03 3.10709187e-02 -1.46639486e-03
5.12302117e-01 3.37002664e-02 2.88048756e-03 3.12446081e-02 -1.45807990e-03
5.13650155e-01 3.38759232e-02 2.88895344e-03 3.14194928e-02 -1.44983572e-03
5.14996927e-01 3.40527451e-02 2.89728685e-03 3.15955774e-02 -1.44167070e-03
5.16342429e-01 3.42307384e-02 2.90549223e-03 3.17728665e-02 -1.43359297e-03
5.17686658e-01 3.44099092e-02 2.91357427e-03 3.19513646e-02 -1.42561042e-03
5.19029610e-01 3.45902637e-02 2.92153790e-03 3.21310760e-02 -1.41773066e-03
5.20371281e-01 3.47718080e-02 2.92938823e-03 3.23120051e-02 -1.40996105e-03
5.21711670e-01 3.49545483e-02 2.93713055e-03 3.24941560e-02 -1.40230867e-03
5.23050772e-01 3.51384904e-02 2.94477034e-03 3.26775329e-02 -1.39478029e-03
5.24388584e-01 3.53236403e-02 2.95231322e-03 3.28621399e-02 -1.38738240e-03
5.25725102e-01 3.55100040e-02 2.95976497e-03 3.30479809e-02 -1.38012117e-03
5.27060325e-01 3.56975873e-02 2.96713149e-03 3.32350599e-02 -1.37300248e-03
5.28394247e-01 3.58863959e-02 2.97441877e-03 3.34233807e-02 -1.36603188e-03
5.29726866e-01 3.60764355e-02 2.98163292e-03 3.36129471e-02 -1.35921460e-03
5.31058179e-01 3.62677119e-02 2.98878012e-03 3.38037628e-02 -1.35255554e-03
5.32388182e-01 3.64602305e-02 2.99586661e-03 3.39958315e-02 -1.34605930e-03
5.33716872e-01 3.66539970e-02 3.00289868e-03 3.41891568e-02 -1.33973012e-03
5.35044246e-01 3.68490168e-02 3.00988265e-03 3.43837423e-02 -1.33357192e-03
5.36370301e-01 3.70452952e-02 3.01682487e-03 3.45795913e-02 -1.32758830e-03
5.37695032e-01 3.72428377e-02 3.02373170e-03 3.47767075e-02 -1.32178254e-03
5.39018438e-01 3.74416494e-02 3.03060947e-03 3.49750942e-02 -1.31615756e-03
5.40340514e-01 3.76417357e-02 3.03746451e-03 3.51747547e-02 -1.31071598e-03
5.41661258e-01 3.78431014e-02 3.04430311e-03 3.53756925e-02 -1.30546011e-03
5.42980666e-01 3.80457519e-02 3.05113152e-03 3.55779106e-02 -1.30039191e-03
5.44298735e-01 3.82496919e-02 3.05795593e-03 3.57814125e-02 -1.29551304e-03
5.45615461e-01 3.84549264e-02 3.06478245e-03 3.59862012e-02 -1.29082488e-03
5.46930842e-01 3.86614603e-02 3.07161712e-03 3.61922801e-02 -1.28632846e-03
5.48244874e-01 3.88692982e-02 3.07846591e-03 3.63996520e-02 -1.28202454e-03
5.49557555e-01 3.90784450e-02 3.08533467e-03 3.66083203e-02 -1.27791360e-03
5.50868879e-01 3.92889051e-02 3.09222914e-03 3.68182879e-02 -1.27399582e-03
5.52178845e-01 3.95006831e-02 3.09915496e-03 3.70295579e-02 -1.27027111e-03
5.53487450e-01 3.97137835e-02 3.10611765e-03 3.72421334e-02 -1.26673912e-03
5.54794689e-01 3.99282106e-02 3.11312258e-03 3.74560171e-02 -1.26339925e-03
5.56100561e-01 4.01439688e-02 3.12017500e-03 3.76712123e-02 -1.26025063e-03
5.57405060e-01 4.03610623e-02 3.12728003e-03 3.78877217e-02 -1.25729218e-03
5.58708186e-01 4.05794952e-02 3.13444262e-03 3.81055483e-02 -1.25452256e-03
5.60009933e-01 4.07992717e-02 3.14166759e-03 3.83246950e-02 -1.25194024e-03
5.61310299e-01 4.10203957e-02 3.14895959e-03 3.85451646e-02 -1.24954347e-03
5.62609281e-01 4.12428712e-02 3.15632314e-03 3.87669601e-02 -1.24733029e-03
5.63906875e-01 4.14667020e-02 3.16376258e-03 3.89900842e-02 -1.24529858e-03
5.65203079e-01 4.16918920e-02 3.17128210e-03 3.92145398e-02 -1.24344602e-03
5.66497889e-01 4.19184449e-02 3.17888572e-03 3.94403296e-02 -1.24177014e-03
5.67791302e-01 4.21463643e-02 3.18657732e-03 3.96674564e-02 -1.24026829e-03
5.69083314e-01 4.23756538e-02 3.19436061e-03 3.98959231e-02 -1.23893770e-03
5.70373923e-01 4.26063170e-02 3.20223912e-03 4.01257324e-02 -1.23777545e-03
5.71663126e-01 4.28383573e-02 3.21021626e-03 4.03568869e-02 -1.23677851e-03
5.72950918e-01 4.30717781e-02 3.21829527e-03 4.05893896e-02 -1.23594371e-03
5.74237298e-01 4.33065828e-02 3.22647923e-03 4.08232430e-02 -1.23526781e-03
5.75522261e-01 4.35427747e-02 3.23477108e-03 4.10584499e-02 -1.23474745e-03
5.76805805e-01 4.37803569e-02 3.24317361e-03 4.12950130e-02 -1.23437918e-03
5.78087927e-01 4.40193328e-02 3.25168947e-03 4.15329350e-02 -1.23415951e-03
5.79368623e-01 4.42597053e-02 3.26032118e-03 4.17722186e-02 -1.23408485e-03
5.80647890e-01 4.45014776e-02 3.26907112e-03 4.20128665e-02 -1.23415155e-03
5.81925725e-01 4.47446528e-02 3.27794156e-03 4.22548814e-02 -1.23435594e-03
5.83202125e-01 4.49892338e-02 3.28693462e-03 4.24982660e-02 -1.23469429e-03
5.84477087e-01 4.52352236e-02 3.29605234e-03 4.27430230e-02 -1.23516283e-03
5.85750607e-01 4.54826252e-02 3.30529663e-03 4.29891551e-02 -1.23575777e-03
5.87022683e-01 4.57314414e-02 3.31466931e-03 4.32366649e-02 -1.23647530e-03
5.88293311e-01 4.59816752e-02 3.32417211e-03 4.34855552e-02 -1.23731160e-03
5.89562488e-01 4.62333294e-02 3.33380665e-03 4.37358287e-02 -1.23826283e-03
5.90830212e-01 4.64864068e-02 3.34357449e-03 4.39874882e-02 -1.23932516e-03
5.92096478e-01 4.67409104e-02 3.35347712e-03 4.42405364e-02 -1.24049474e-03
5.93361284e-01 4.69968428e-02 3.36351596e-03 4.44949760e-02 -1.24176776e-03
5.94624627e-01 4.72542071e-02 3.37369236e-03 4.47508099e-02 -1.24314038e-03
5.95886503e-01 4.75130059e-02 3.38400764e-03 4.50080408e-02 -1.24460879e-03
5.97146909e-01 4.77732422e-02 3.39446307e-03 4.52666716e-02 -1.24616921e-03
5.98405843e-01 4.80349189e-02 3.40505987e-03 4.55267052e-02 -1.24781785e-03
5.99663302e-01 4.82980387e-02 3.41579926e-03 4.57881445e-02 -1.24955096e-03
6.00919281e-01 4.85626047e-02 3.42668240e-03 4.60509924e-02 -1.25136478e-03
6.02173778e-01 4.88286197e-02 3.43771049e-03 4.63152519e-02 -1.25325561e-03
6.03426791e-01 4.90960868e-02 3.44888467e-03 4.65809261e-02 -1.25521974e-03
6.04678315e-01 4.93650091e-02 3.46020611e-03 4.68480180e-02 -1.25725349e-03
6.05928348e-01 4.96353895e-02 3.47167597e-03 4.71165308e-02 -1.25935320e-03
6.07176887e-01 4.99072313e-02 3.48329544e-03 4.73864677e-02 -1.26151521e-03
6.08423928e-01 5.01805378e-02 3.49506571e-03 4.76578320e-02 -1.26373591e-03
6.09669468e-01 5.04553121e-02 3.50698800e-03 4.79306271e-02 -1.26601166e-03
6.10913506e-01 5.07315578e-02 3.51906357e-03 4.82048565e-02 -1.26833886e-03
6.12156036e-01 5.10092782e-02 3.53129369e-03 4.84805235e-02 -1.27071391e-03
6.13397057e-01 5.12884771e-02 3.54367967e-03 4.87576320e-02 -1.27313321e-03
6.14636565e-01 5.15691581e-02 3.55622290e-03 4.90361856e-02 -1.27559316e-03
6.15874558e-01 5.18513250e-02 3.56892476e-03 4.93161882e-02 -1.27809015e-03
6.17111031e-01 5.21349818e-02 3.58178671e-03 4.95976437e-02 -1.28062057e-03
6.18345983e-01 5.24201326e-02 3.59481026e-03 4.98805562e-02 -1.28318078e-03
6.19579410e-01 5.27067816e-02 3.60799696e-03 5.01649301e-02 -1.28576715e-03
6.20811308e-01 5.29949332e-02 3.62134842e-03 5.04507696e-02 -1.28837599e-03
6.22041676e-01 5.32845920e-02 3.63486632e-03 5.07380794e-02 -1.29100359e-03
6.23270509e-01 5.35757628e-02 3.64855238e-03 5.10268641e-02 -1.29364623e-03
6.24497806e-01 5.38684505e-02 3.66240837e-03 5.13171285e-02 -1.29630012e-03
6.25723562e-01 5.41626602e-02 3.67643614e-03 5.16088779e-02 -1.29896142e-03
6.26947776e-01 5.44583973e-02 3.69063757e-03 5.19021174e-02 -1.30162625e-03
6.28170443e-01 5.47556673e-02 3.70501461e-03 5.21968525e-02 -1.30429068e-03
6.29391561e-01 5.50544761e-02 3.71956927e-03 5.24930889e-02 -1.30695068e-03
6.30611126e-01 5.53548297e-02 3.73430358e-03 5.27908325e-02 -1.30960219e-03
6.31829137e-01 5.56567343e-02 3.74921965e-03 5.30900895e-02 -1.31224105e-03
6.33045589e-01 5.59601966e-02 3.76431961e-03 5.33908663e-02 -1.31486301e-03
6.34260480e-01 5.62652234e-02 3.77960565e-03 5.36931697e-02 -1.31746376e-03
6.35473807e-01 5.65718218e-02 3.79507997e-03 5.39970065e-02 -1.32003886e-03
6.36685567e-01 5.68799993e-02 3.81074482e-03 5.43023841e-02 -1.32258380e-03
6.37895757e-01 5.71897636e-02 3.82660247e-03 5.46093100e-02 -1.32509395e-03
6.39104373e-01 5.75011228e-02 3.84265521e-03 5.49177920e-02 -1.32756459e-03
6.40311414e-01 5.78140853e-02 3.85890535e-03 5.52278386e-02 -1.32999088e-03
6.41516875e-01 5.81286599e-02 3.87535519e-03 5.55394581e-02 -1.33236784e-03
6.42720754e-01 5.84448557e-02 3.89200705e-03 5.58526596e-02 -1.33469040e-03
6.43923048e-01 5.87626822e-02 3.90886323e-03 5.61674524e-02 -1.33695336e-03
6.45123754e-01 5.90821493e-02 3.92592601e-03 5.64838461e-02 -1.33915138e-03
6.46322869e-01 5.94032673e-02 3.94319768e-03 5.68018509e-02 -1.34127902e-03
6.47520390e-01 5.97260469e-02 3.96068045e-03 5.71214774e-02 -1.34333068e-03
6.48716314e-01 6.00504993e-02 3.97837654e-03 5.74427364e-02 -1.34530064e-03
6.49910639e-01 6.03766360e-02 3.99628809e-03 5.77656394e-02 -1.34718305e-03
6.51103360e-01 6.07044690e-02 4.01441718e-03 5.80901983e-02 -1.34897193e-03
6.52294476e-01 6.10340109e-02 4.03276586e-03 5.84164254e-02 -1.35066117e-03
6.53483983e-01 6.13652746e-02 4.05133608e-03 5.87443337e-02 -1.35224451e-03
6.54671879e-01 6.16982735e-02 4.07012969e-03 5.90739364e-02 -1.35371557e-03
6.55858160e-01 6.20330216e-02 4.08914848e-03 5.94052474e-02 -1.35506786e-03
6.57042824e-01 6.23695334e-02 4.10839412e-03 5.97382811e-02 -1.35629475e-03
6.58225867e-01 6.27078238e-02 4.12786817e-03 6.00730526e-02 -1.35738947e-03
6.59407287e-01 6.30479084e-02 4.14757207e-03 6.04095772e-02 -1.35834516e-03
6.60587080e-01 6.33898031e-02 4.16750712e-03 6.07478713e-02 -1.35915484e-03
6.61765245e-01 6.37335247e-02 4.18767449e-03 6.10879513e-02 -1.35981141e-03
6.62941778e-01 6.40790904e-02 4.20807520e-03 6.14298347e-02 -1.36030767e-03
6.64116675e-01 6.44265177e-02 4.22871009e-03 6.17735393e-02 -1.36063634e-03
6.65289935e-01 6.47758252e-02 4.24957987e-03 6.21190837e-02 -1.36079003e-03
6.66461554e-01 6.51270318e-02 4.27068504e-03 6.24664871e-02 -1.36076127e-03
6.67631530e-01 6.54801569e-02 4.29202592e-03 6.28157692e-02 -1.36054254e-03
6.68799859e-01 6.58352208e-02 4.31360266e-03 6.31669506e-02 -1.36012623e-03
6.69966538e-01 6.61922442e-02 4.33541518e-03 6.35200524e-02 -1.35950468e-03
6.71131566e-01 6.65512484e-02 4.35746320e-03 6.38750963e-02 -1.35867019e-03
6.72294938e-01 6.69122557e-02 4.37974624e-03 6.42321051e-02 -1.35761501e-03
6.73456652e-01 6.72752885e-02 4.40226356e-03 6.45911018e-02 -1.35633140e-03
6.74616706e-01 6.76403702e-02 4.42501422e-03 6.49521103e-02 -1.35481156e-03
6.75775095e-01 6.80075249e-02 4.44799705e-03 6.53151553e-02 -1.35304774e-03
6.76931818e-01 6.83767770e-02 4.47121060e-03 6.56802620e-02 -1.35103215e-03
6.78086872e-01 6.87481520e-02 4.49465320e-03 6.60474566e-02 -1.34875707e-03
6.79240254e-01 6.91216757e-02 4.51832294e-03 6.64167658e-02 -1.34621479e-03
6.80391960e-01 6.94973747e-02 4.54221763e-03 6.67882170e-02 -1.34339766e-03
6.81541988e-01 6.98752764e-02 4.56633482e-03 6.71618385e-02 -1.34029810e-03
6.82690336e-01 7.02554085e-02 4.59067182e-03 6.75376592e-02 -1.33690860e-03
6.83837000e-01 7.06377998e-02 4.61522565e-03 6.79157087e-02 -1.33322175e-03
6.84981977e-01 7.10224795e-02 4.63999307e-03 6.82960174e-02 -1.32923025e-03
6.86125265e-01 7.14094776e-02 4.66497060e-03 6.86786165e-02 -1.32492692e-03
6.87266861e-01 7.17988245e-02 4.69015444e-03 6.90635376e-02 -1.32030471e-03
6.88406763e-01 7.21905515e-02 4.71554056e-03 6.94508133e-02 -1.31535675e-03
6.89544966e-01 7.25846905e-02 4.74112465e-03 6.98404768e-02 -1.31007631e-03
6.90681469e-01 7.29812741e-02 4.76690213e-03 7.02325621e-02 -1.30445686e-03
6.91816268e-01 7.33803353e-02 4.79286816e-03 7.06271037e-02 -1.29849206e-03
6.92949362e-01 7.37819080e-02 4.81901763e-03 7.10241368e-02 -1.29217580e-03
6.94080746e-01 7.41860266e-02 4.84534519e-03 7.14236975e-02 -1.28550218e-03
6.95210419e-01 7.45927260e-02 4.87184521e-03 7.18258222e-02 -1.27846555e-03
6.96338377e-01 7.50020418e-02 4.89851182e-03 7.22305483e-02 -1.27106052e-03
6.97464618e-01 7.54140103e-02 4.92533891e-03 7.26379135e-02 -1.26328197e-03
6.98589139e-01 7.58286682e-02 4.95232012e-03 7.30479564e-02 -1.25512508e-03
6.99711937e-01 7.62460529e-02 4.97944887e-03 7.34607158e-02 -1.24658530e-03
7.00833010e-01 7.66662020e-02 5.00671836e-03 7.38762315e-02 -1.23765842e-03
7.01952354e-01 7.70891541e-02 5.03412154e-03 7.42945435e-02 -1.22834055e-03
7.03069967e-01 7.75149480e-02 5.06165119e-03 7.47156925e-02 -1.21862812e-03
7.04185846e-01 7.79436230e-02 5.08929986e-03 7.51397197e-02 -1.20851793e-03
7.05299989e-01 7.83752190e-02 5.11705994e-03 7.55666667e-02 -1.19800714e-03
7.06412392e-01 7.88097762e-02 5.14492362e-03 7.59965756e-02 -1.18709326e-03
7.07523053e-01 7.92473353e-02 5.17288292e-03 7.64294889e-02 -1.17577420e-03
7.08631969e-01 7.96879374e-02 5.20092972e-03 7.68654495e-02 -1.16404825e-03
7.09739137e-01 8.01316239e-02 5.22905574e-03 7.73045007e-02 -1.15191410e-03
7.10844555e-01 8.05784367e-02 5.25725258e-03 7.77466860e-02 -1.13937085e-03
7.11948220e-01 8.10284178e-02 5.28551172e-03 7.81920493e-02 -1.12641799e-03
7.13050130e-01 8.14816097e-02 5.31382452e-03 7.86406349e-02 -1.11305546e-03
7.14150280e-01 8.19380550e-02 5.34218228e-03 7.90924870e-02 -1.09928360e-03
7.15248670e-01 8.23977966e-02 5.37057618e-03 7.95476502e-02 -1.08510317e-03
7.16345296e-01 8.28608776e-02 5.39899739e-03 8.00061693e-02 -1.07051538e-03
7.17440155e-01 8.33273413e-02 5.42743699e-03 8.04680892e-02 -1.05552184e-03
7.18533244e-01 8.37972311e-02 5.45588606e-03 8.09334547e-02 -1.04012463e-03
7.19624562e-01 8.42705906e-02 5.48433565e-03 8.14023110e-02 -1.02432621e-03
7.20714105e-01 8.47474632e-02 5.51277682e-03 8.18747029e-02 -1.00812953e-03
7.21801870e-01 8.52278927e-02 5.54120064e-03 8.23506755e-02 -9.91537901e-04
7.22887856e-01 8.57119227e-02 5.56959822e-03 8.28302736e-02 -9.74555108e-04
7.23972059e-01 8.61995968e-02 5.59796073e-03 8.33135420e-02 -9.57185330e-04
7.25054476e-01 8.66909584e-02 5.62627939e-03 8.38005253e-02 -9.39433164e-04
7.26135105e-01 8.71860511e-02 5.65454553e-03 8.42912679e-02 -9.21303612e-04
7.27213943e-01 8.76849181e-02 5.68275058e-03 8.47858140e-02 -9.02802070e-04
7.28290988e-01 8.81876025e-02 5.71088606e-03 8.52842075e-02 -8.83934327e-04
7.29366237e-01 8.86941473e-02 5.73894367e-03 8.57864919e-02 -8.64706545e-04
7.30439687e-01 8.92045949e-02 5.76691524e-03 8.62927104e-02 -8.45125252e-04
7.31511336e-01 8.97189879e-02 5.79479279e-03 8.68029058e-02 -8.25197331e-04
7.32581181e-01 9.02373681e-02 5.82256852e-03 8.73171205e-02 -8.04930000e-04
7.33649219e-01 9.07597773e-02 5.85023483e-03 8.78353962e-02 -7.84330805e-04
7.34715448e-01 9.12862567e-02 5.87778436e-03 8.83577742e-02 -7.63407597e-04
7.35779864e-01 9.18168471e-02 5.90520998e-03 8.88842953e-02 -7.42168516e-04
7.36842467e-01 9.23515889e-02 5.93250481e-03 8.94149996e-02 -7.20621977e-04
7.37903252e-01 9.28905219e-02 5.95966227e-03 8.99499266e-02 -6.98776645e-04
7.38962217e-01 9.34336853e-02 5.98667604e-03 9.04891149e-02 -6.76641419e-04
7.40019360e-01 9.39811179e-02 6.01354011e-03 9.10326026e-02 -6.54225405e-04
7.41074678e-01 9.45328577e-02 6.04024881e-03 9.15804271e-02 -6.31537902e-04
7.42128168e-01 9.50889423e-02 6.06679677e-03 9.21326247e-02 -6.08588370e-04
7.43179828e-01 9.56494083e-02 6.09317898e-03 9.26892312e-02 -5.85386413e-04
7.44229655e-01 9.62142918e-02 6.11939081e-03 9.32502812e-02 -5.61941747e-04
7.45277647e-01 9.67836282e-02 6.14542799e-03 9.38158087e-02 -5.38264180e-04
7.46323801e-01 9.73574520e-02 6.17128662e-03 9.43858466e-02 -5.14363584e-04
7.47368114e-01 9.79357969e-02 6.19696321e-03 9.49604271e-02 -4.90249866e-04
7.48410585e-01 9.85186959e-02 6.22245470e-03 9.55395810e-02 -4.65932941e-04
7.49451209e-01 9.91061811e-02 6.24775842e-03 9.61233385e-02 -4.41422702e-04
7.50489985e-01 9.96982838e-02 6.27287215e-03 9.67117286e-02 -4.16728995e-04
7.51526911e-01 1.00295034e-01 6.29779408e-03 9.73047794e-02 -3.91861586e-04
7.52561982e-01 1.00896462e-01 6.32252289e-03 9.79025178e-02 -3.66830130e-04
7.53595199e-01 1.01502596e-01 6.34705769e-03 9.85049697e-02 -3.41644145e-04
7.54626556e-01 1.02113463e-01 6.37139805e-03 9.91121599e-02 -3.16312977e-04
7.55656053e-01 1.02729090e-01 6.39554401e-03 9.97241123e-02 -2.90845771e-04
7.56683685e-01 1.03349503e-01 6.41949608e-03 1.00340849e-01 -2.65251440e-04
7.57709452e-01 1.03974726e-01 6.44325527e-03 1.00962393e-01 -2.39538634e-04
7.58733350e-01 1.04604784e-01 6.46682305e-03 1.01588763e-01 -2.13715707e-04
7.59755377e-01 1.05239699e-01 6.49020138e-03 1.02219980e-01 -1.87790689e-04
7.60775531e-01 1.05879493e-01 6.51339269e-03 1.02856062e-01 -1.61771251e-04
7.61793808e-01 1.06524188e-01 6.53639993e-03 1.03497026e-01 -1.35664677e-04
7.62810206e-01 1.07173802e-01 6.55922651e-03 1.04142888e-01 -1.09477833e-04
7.63824724e-01 1.07828355e-01 6.58187634e-03 1.04793663e-01 -8.32171333e-05
7.64837357e-01 1.08487865e-01 6.60435380e-03 1.05449366e-01 -5.68885166e-05
7.65848104e-01 1.09152350e-01 6.62666376e-03 1.06110011e-01 -3.04974110e-05
7.66856963e-01 1.09821825e-01 6.64881157e-03 1.06775608e-01 -4.04870754e-06
7.67863930e-01 1.10496306e-01 6.67080304e-03 1.07446171e-01 2.24532690e-05
7.68869004e-01 1.11175808e-01 6.69264447e-03 1.08121708e-01 4.90047874e-05
7.69872181e-01 1.11860344e-01 6.71434259e-03 1.08802230e-01 7.56027374e-05
7.70873460e-01 1.12549927e-01 6.73590461e-03 1.09487745e-01 1.02244656e-04
7.71872838e-01 1.13244569e-01 6.75733818e-03 1.10178262e-01 1.28928752e-04
7.72870312e-01 1.13944282e-01 6.77865136e-03 1.10873788e-01 1.55653933e-04
7.73865880e-01 1.14649077e-01 6.79985267e-03 1.11574329e-01 1.82419824e-04
7.74859540e-01 1.15358964e-01 6.82095102e-03 1.12279892e-01 2.09226796e-04
7.75851289e-01 1.16073951e-01 6.84195573e-03 1.12990481e-01 2.36075982e-04
7.76841124e-01 1.16794050e-01 6.86287652e-03 1.13706102e-01 2.62969300e-04
7.77829044e-01 1.17519267e-01 6.88372346e-03 1.14426759e-01 2.89909471e-04
7.78815045e-01 1.18249611e-01 6.90450700e-03 1.15152457e-01 3.16900038e-04
7.79799126e-01 1.18985090e-01 6.92523793e-03 1.15883198e-01 3.43945379e-04
7.80781283e-01 1.19725712e-01 6.94592737e-03 1.16618988e-01 3.71050727e-04
7.81761515e-01 1.20471483e-01 6.96658675e-03 1.17359828e-01 3.98222178e-04
7.82739819e-01 1.21222410e-01 6.98722779e-03 1.18105724e-01 4.25466708e-04
7.83716193e-01 1.21978501e-01 7.00786250e-03 1.18856677e-01 4.52792179e-04
7.84690634e-01 1.22739763e-01 7.02850312e-03 1.19612692e-01 4.80207354e-04
7.85663139e-01 1.23506202e-01 7.04916216e-03 1.20373773e-01 5.07721897e-04
7.86633708e-01 1.24277826e-01 7.06985231e-03 1.21139923e-01 5.35346386e-04
7.87602336e-01 1.25054643e-01 7.09058648e-03 1.21911147e-01 5.63092312e-04
7.88569022e-01 1.25836659e-01 7.11137774e-03 1.22687450e-01 5.90972085e-04
7.89533763e-01 1.26623884e-01 7.13223932e-03 1.23468837e-01 6.18999033e-04
7.90496556e-01 1.27416326e-01 7.15318457e-03 1.24255315e-01 6.47187403e-04
7.91457401e-01 1.28213994e-01 7.17422695e-03 1.25046890e-01 6.75552356e-04
7.92416293e-01 1.29016899e-01 7.19537998e-03 1.25843571e-01 7.04109968e-04
7.93373232e-01 1.29825050e-01 7.21665726e-03 1.26645366e-01 7.32877216e-04
7.94328214e-01 1.30638460e-01 7.23807241e-03 1.27452285e-01 7.61871979e-04
7.95281236e-01 1.31457142e-01 7.25963907e-03 1.28264340e-01 7.91113024e-04
7.96232298e-01 1.32281110e-01 7.28137082e-03 1.29081543e-01 8.20619996e-04
7.97181396e-01 1.33110378e-01 7.30328125e-03 1.29903909e-01 8.50413405e-04
7.98128528e-01 1.33944963e-01 7.32538384e-03 1.30731452e-01 8.80514614e-04
7.99073691e-01 1.34784883e-01 7.34769198e-03 1.31564191e-01 9.10945820e-04
8.00016884e-01 1.35630157e-01 7.37021896e-03 1.32402144e-01 9.41730039e-04
8.00958104e-01 1.36480807e-01 7.39297788e-03 1.33245332e-01 9.72891085e-04
8.01897349e-01 1.37336855e-01 7.41598170e-03 1.34093778e-01 1.00445355e-03
8.02834616e-01 1.38198327e-01 7.43924316e-03 1.34947509e-01 1.03644278e-03
8.03769903e-01 1.39065248e-01 7.46277478e-03 1.35806550e-01 1.06888487e-03
8.04703207e-01 1.39937648e-01 7.48658882e-03 1.36670933e-01 1.10180658e-03
8.05634528e-01 1.40815559e-01 7.51069726e-03 1.37540689e-01 1.13523540e-03
8.06563861e-01 1.41699014e-01 7.53511177e-03 1.38415853e-01 1.16919944e-03
8.07491206e-01 1.42588048e-01 7.55984370e-03 1.39296464e-01 1.20372743e-03
8.08416559e-01 1.43482701e-01 7.58490403e-03 1.40182562e-01 1.23884872e-03
8.09339918e-01 1.44383014e-01 7.61030335e-03 1.41074190e-01 1.27459320e-03
8.10261281e-01 1.45289031e-01 7.63605187e-03 1.41971396e-01 1.31099127e-03
8.11180646e-01 1.46200800e-01 7.66215933e-03 1.42874229e-01 1.34807386e-03
8.12098011e-01 1.47118371e-01 7.68863503e-03 1.43782742e-01 1.38587232e-03
8.13013373e-01 1.48041796e-01 7.71548780e-03 1.44696991e-01 1.42441845e-03
8.13926729e-01 1.48971133e-01 7.74272595e-03 1.45617038e-01 1.46374440e-03
8.14838079e-01 1.49906443e-01 7.77035726e-03 1.46542946e-01 1.50388269e-03
8.15747419e-01 1.50847787e-01 7.79838897e-03 1.47474782e-01 1.54486614e-03
8.16654747e-01 1.51795235e-01 7.82682775e-03 1.48412617e-01 1.58672782e-03
8.17560061e-01 1.52748856e-01 7.85567967e-03 1.49356527e-01 1.62950104e-03
8.18463359e-01 1.53708725e-01 7.88495018e-03 1.50306590e-01 1.67321929e-03
8.19364639e-01 1.54674921e-01 7.91464413e-03 1.51262891e-01 1.71791618e-03
8.20263897e-01 1.55647527e-01 7.94476567e-03 1.52225516e-01 1.76362543e-03
8.21161133e-01 1.56626628e-01 7.97531833e-03 1.53194557e-01 1.81038084e-03
8.22056344e-01 1.57612317e-01 8.00630491e-03 1.54170111e-01 1.85821618e-03
8.22949527e-01 1.58604688e-01 8.03772754e-03 1.55152278e-01 1.90716522e-03
8.23840681e-01 1.59603841e-01 8.06958761e-03 1.56141162e-01 1.95726162e-03
8.24729804e-01 1.60609880e-01 8.10188577e-03 1.57136874e-01 2.00853896e-03
8.25616892e-01 1.61622912e-01 8.13462195e-03 1.58139527e-01 2.06103062e-03
8.26501944e-01 1.62643051e-01 8.16779530e-03 1.59149240e-01 2.11476979e-03
8.27384958e-01 1.63670416e-01 8.20140419e-03 1.60166138e-01 2.16978941e-03
8.28265931e-01 1.64705127e-01 8.23544623e-03 1.61190347e-01 2.22612211e-03
8.29144862e-01 1.65747312e-01 8.26991820e-03 1.62222002e-01 2.28380019e-03
8.30021748e-01 1.66797103e-01 8.30481610e-03 1.63261241e-01 2.34285555e-03
8.30896587e-01 1.67854637e-01 8.34013512e-03 1.64308206e-01 2.40331969e-03
8.31769377e-01 1.68920056e-01 8.37586963e-03 1.65363046e-01 2.46522360e-03
8.32640115e-01 1.69993506e-01 8.41201316e-03 1.66425913e-01 2.52859780e-03
8.33508800e-01 1.71075138e-01 8.44855843e-03 1.67496966e-01 2.59347222e-03
8.34375430e-01 1.72165110e-01 8.48549731e-03 1.68576367e-01 2.65987622e-03
8.35240002e-01 1.73263583e-01 8.52282084e-03 1.69664285e-01 2.72783849e-03
8.36102514e-01 1.74370724e-01 8.56051923e-03 1.70760892e-01 2.79738707e-03
8.36962964e-01 1.75486705e-01 8.59858184e-03 1.71866367e-01 2.86854926e-03
8.37821349e-01 1.76611702e-01 8.63699720e-03 1.72980892e-01 2.94135163e-03
8.38677669e-01 1.77745897e-01 8.67575299e-03 1.74104656e-01 3.01581992e-03
8.39531921e-01 1.78889479e-01 8.71483608e-03 1.75237852e-01 3.09197907e-03
8.40384102e-01 1.80042638e-01 8.75423250e-03 1.76380678e-01 3.16985311e-03
8.41234210e-01 1.81205572e-01 8.79392744e-03 1.77533337e-01 3.24946521e-03
8.42082244e-01 1.82378483e-01 8.83390529e-03 1.78696037e-01 3.33083757e-03
8.42928201e-01 1.83561579e-01 8.87414962e-03 1.79868992e-01 3.41399142e-03
8.43772079e-01 1.84755072e-01 8.91464321e-03 1.81052419e-01 3.49894698e-03
8.44613877e-01 1.85959178e-01 8.95536802e-03 1.82246541e-01 3.58572346e-03
8.45453591e-01 1.87174121e-01 8.99630526e-03 1.83451585e-01 3.67433895e-03
8.46291221e-01 1.88400126e-01 9.03743534e-03 1.84667784e-01 3.76481049e-03
8.47126763e-01 1.89637426e-01 9.07873793e-03 1.85895374e-01 3.85715395e-03
8.47960216e-01 1.90886258e-01 9.12019193e-03 1.87134596e-01 3.95138408e-03
8.48791578e-01 1.92146861e-01 9.16177554e-03 1.88385698e-01 4.04751442e-03
8.49620847e-01 1.93419483e-01 9.20346622e-03 1.89648928e-01 4.14555731e-03
8.50448020e-01 1.94704373e-01 9.24524074e-03 1.90924542e-01 4.24552387e-03
8.51273096e-01 1.96001786e-01 9.28707519e-03 1.92212799e-01 4.34742394e-03
8.52096073e-01 1.97311981e-01 9.32894499e-03 1.93513962e-01 4.45126612e-03
8.52916948e-01 1.98635221e-01 9.37082493e-03 1.94828298e-01 4.55705767e-03
8.53735720e-01 1.99971774e-01 9.41268914e-03 1.96156078e-01 4.66480457e-03
8.54552386e-01 2.01321911e-01 9.45451120e-03 1.97497577e-01 4.77451144e-03
8.55366945e-01 2.02685908e-01 9.49626405e-03 1.98853074e-01 4.88618154e-03
8.56179395e-01 2.04064043e-01 9.53792013e-03 2.00222852e-01 4.99981680e-03
8.56989732e-01 2.05456599e-01 9.57945129e-03 2.01607195e-01 5.11541773e-03
8.57797957e-01 2.06863863e-01 9.62082891e-03 2.03006395e-01 5.23298344e-03
8.58604066e-01 2.08286124e-01 9.66202386e-03 2.04420741e-01 5.35251167e-03
8.59408057e-01 2.09723675e-01 9.70300656e-03 2.05850532e-01 5.47399869e-03
8.60209930e-01 2.11176813e-01 9.74374699e-03 2.07296063e-01 5.59743936e-03
8.61009680e-01 2.12645836e-01 9.78421471e-03 2.08757638e-01 5.72282711e-03
8.61807307e-01 2.14131046e-01 9.82437892e-03 2.10235560e-01 5.85015390e-03
8.62602809e-01 2.15632748e-01 9.86420846e-03 2.11730134e-01 5.97941026e-03
8.63396184e-01 2.17151247e-01 9.90367184e-03 2.13241670e-01 6.11058522e-03
8.64187429e-01 2.18686854e-01 9.94273727e-03 2.14770478e-01 6.24366638e-03
8.64976543e-01 2.20239880e-01 9.98137271e-03 2.16316871e-01 6.37863986e-03
8.65763524e-01 2.21810637e-01 1.00195459e-02 2.17881163e-01 6.51549031e-03
8.66548370e-01 2.23399440e-01 1.00572242e-02 2.19463670e-01 6.65420090e-03
8.67331079e-01 2.25006606e-01 1.00943752e-02 2.21064709e-01 6.79475333e-03
8.68111648e-01 2.26632451e-01 1.01309658e-02 2.22684600e-01 6.93712784e-03
8.68890077e-01 2.28277296e-01 1.01669633e-02 2.24323661e-01 7.08130320e-03
8.69666363e-01 2.29941459e-01 1.02023346e-02 2.25982213e-01 7.22725670e-03
8.70440504e-01 2.31625261e-01 1.02370465e-02 2.27660577e-01 7.37496419e-03
8.71212499e-01 2.33329021e-01 1.02710661e-02 2.29359074e-01 7.52440006e-03
8.71982345e-01 2.35053062e-01 1.03043602e-02 2.31078025e-01 7.67553724e-03
8.72750041e-01 2.36797704e-01 1.03368959e-02 2.32817752e-01 7.82834724e-03
8.73515584e-01 2.38563268e-01 1.03686400e-02 2.34578577e-01 7.98280013e-03
8.74278973e-01 2.40350074e-01 1.03995599e-02 2.36360819e-01 8.13886458e-03
8.75040206e-01 2.42158442e-01 1.04296227e-02 2.38164798e-01 8.29650783e-03
8.75799281e-01 2.43988690e-01 1.04587960e-02 2.39990834e-01 8.45569573e-03
8.76556196e-01 2.45841135e-01 1.04870473e-02 2.41839244e-01 8.61639277e-03
8.77310949e-01 2.47716094e-01 1.05143446e-02 2.43710344e-01 8.77856207e-03
8.78063539e-01 2.49613881e-01 1.05406559e-02 2.45604449e-01 8.94216539e-03
8.78813963e-01 2.51534809e-01 1.05659498e-02 2.47521872e-01 9.10716319e-03
8.79562220e-01 2.53479187e-01 1.05901951e-02 2.49462922e-01 9.27351460e-03
8.80308308e-01 2.55447323e-01 1.06133607e-02 2.51427909e-01 9.44117747e-03
8.81052225e-01 2.57439523e-01 1.06354163e-02 2.53417136e-01 9.61010839e-03
8.81793969e-01 2.59456089e-01 1.06563318e-02 2.55430907e-01 9.78026272e-03
8.82533538e-01 2.61497318e-01 1.06760776e-02 2.57469520e-01 9.95159460e-03
8.83270931e-01 2.63563508e-01 1.06946246e-02 2.59533272e-01 1.01240570e-02
8.84006145e-01 2.65654949e-01 1.07119440e-02 2.61622454e-01 1.02976017e-02
8.84739180e-01 2.67771929e-01 1.07280079e-02 2.63737355e-01 1.04721793e-02
8.85470032e-01 2.69914732e-01 1.07427886e-02 2.65878257e-01 1.06477396e-02
8.86198701e-01 2.72083637e-01 1.07562593e-02 2.68045440e-01 1.08242309e-02
8.86925184e-01 2.74278916e-01 1.07683937e-02 2.70239179e-01 1.10016008e-02
8.87649480e-01 2.76500840e-01 1.07791661e-02 2.72459743e-01 1.11797958e-02
8.88371587e-01 2.78749672e-01 1.07885515e-02 2.74707396e-01 1.13587616e-02
8.89091503e-01 2.81025671e-01 1.07965256e-02 2.76982396e-01 1.15384427e-02
8.89809227e-01 2.83329087e-01 1.08030649e-02 2.79284997e-01 1.17187829e-02
8.90524756e-01 2.85660169e-01 1.08081466e-02 2.81615444e-01 1.18997254e-02
8.91238089e-01 2.88019155e-01 1.08117487e-02 2.83973979e-01 1.20812124e-02
8.91949223e-01 2.90406278e-01 1.08138500e-02 2.86360834e-01 1.22631853e-02
8.92658159e-01 2.92821765e-01 1.08144300e-02 2.88776236e-01 1.24455852e-02
8.93364892e-01 2.95265835e-01 1.08134693e-02 2.91220406e-01 1.26283521e-02
8.94069423e-01 2.97738701e-01 1.08109493e-02 2.93693555e-01 1.28114260e-02
8.94771748e-01 3.00240566e-01 1.08068520e-02 2.96195888e-01 1.29947459e-02
8.95471867e-01 3.02771628e-01 1.08011609e-02 2.98727601e-01 1.31782508e-02
8.96169778e-01 3.05332074e-01 1.07938598e-02 3.01288885e-01 1.33618792e-02
8.96865478e-01 3.07922085e-01 1.07849339e-02 3.03879918e-01 1.35455691e-02
8.97558967e-01 3.10541834e-01 1.07743693e-02 3.06500874e-01 1.37292586e-02
8.98250242e-01 3.13191483e-01 1.07621530e-02 3.09151915e-01 1.39128855e-02
8.98939302e-01 3.15871187e-01 1.07482730e-02 3.11833196e-01 1.40963875e-02
8.99626145e-01 3.18581092e-01 1.07327186e-02 3.14544861e-01 1.42797024e-02
9.00310769e-01 3.21321334e-01 1.07154797e-02 3.17287047e-01 1.44627681e-02
9.00993173e-01 3.24092041e-01 1.06965478e-02 3.20059879e-01 1.46455224e-02
9.01673355e-01 3.26893329e-01 1.06759150e-02 3.22863475e-01 1.48279039e-02
9.02351313e-01 3.29725307e-01 1.06535749e-02 3.25697942e-01 1.50098509e-02
9.03027046e-01 3.32588073e-01 1.06295220e-02 3.28563375e-01 1.51913028e-02
9.03700552e-01 3.35481716e-01 1.06037520e-02 3.31459863e-01 1.53721989e-02
9.04371830e-01 3.38406314e-01 1.05762618e-02 3.34387481e-01 1.55524797e-02
9.05040876e-01 3.41361935e-01 1.05470492e-02 3.37346296e-01 1.57320861e-02
9.05707691e-01 3.44348639e-01 1.05161136e-02 3.40336363e-01 1.59109599e-02
9.06372273e-01 3.47366473e-01 1.04834553e-02 3.43357728e-01 1.60890439e-02
9.07034619e-01 3.50415476e-01 1.04490758e-02 3.46410426e-01 1.62662820e-02
9.07694728e-01 3.53495675e-01 1.04129780e-02 3.49494481e-01 1.64426191e-02
9.08352599e-01 3.56607089e-01 1.03751658e-02 3.52609907e-01 1.66180014e-02
9.09008229e-01 3.59749724e-01 1.03356445e-02 3.55756708e-01 1.67923767e-02
9.09661618e-01 3.62923580e-01 1.02944205e-02 3.58934874e-01 1.69656942e-02
9.10312763e-01 3.66128642e-01 1.02515016e-02 3.62144390e-01 1.71379046e-02
9.10961663e-01 3.69364889e-01 1.02068968e-02 3.65385227e-01 1.73089606e-02
9.11608317e-01 3.72632289e-01 1.01606162e-02 3.68657346e-01 1.74788165e-02
9.12252723e-01 3.75930800e-01 1.01126714e-02 3.71960698e-01 1.76474288e-02
9.12894879e-01 3.79260370e-01 1.00630751e-02 3.75295226e-01 1.78147561e-02
9.13534783e-01 3.82620940e-01 1.00118415e-02 3.78660860e-01 1.79807593e-02
9.14172435e-01 3.86012438e-01 9.95898588e-03 3.82057522e-01 1.81454015e-02
9.14807832e-01 3.89434788e-01 9.90452485e-03 3.85485124e-01 1.83086486e-02
9.15440973e-01 3.92887900e-01 9.84847634e-03 3.88943571e-01 1.84704689e-02
9.16071856e-01 3.96371682e-01 9.79085957e-03 3.92432757e-01 1.86308337e-02
9.16700480e-01 3.99886028e-01 9.73169504e-03 3.95952567e-01 1.87897170e-02
9.17326844e-01 4.03430829e-01 9.67100456e-03 3.99502879e-01 1.89470961e-02
9.17950945e-01 4.07005966e-01 9.60881122e-03 4.03083564e-01 1.91029513e-02
9.18572782e-01 4.10611314e-01 9.54513940e-03 4.06694484e-01 1.92572663e-02
9.19192354e-01 4.14246744e-01 9.48001478e-03 4.10335495e-01 1.94100283e-02
9.19809659e-01 4.17912119e-01 9.41346433e-03 4.14006448e-01 1.95612279e-02
9.20424696e-01 4.21607297e-01 9.34551628e-03 4.17707186e-01 1.97108596e-02
9.21037462e-01 4.25332131e-01 9.27620016e-03 4.21437547e-01 1.98589218e-02
9.21647958e-01 4.29086472e-01 9.20554677e-03 4.25197367e-01 2.00054166e-02
9.22256180e-01 4.32870167e-01 9.13358818e-03 4.28986475e-01 2.01503504e-02
9.22862128e-01 4.36683058e-01 9.06035772e-03 4.32804698e-01 2.02937339e-02
9.23465800e-01 4.40524989e-01 8.98588995e-03 4.36651861e-01 2.04355819e-02
9.24067195e-01 4.44395800e-01 8.91022070e-03 4.40527787e-01 2.05759139e-02
9.24666310e-01 4.48295332e-01 8.83338702e-03 4.44432298e-01 2.07147538e-02
9.25263146e-01 4.52223426e-01 8.75542718e-03 4.48365217e-01 2.08521301e-02
9.25857699e-01 4.56179926e-01 8.67638065e-03 4.52326367e-01 2.09880765e-02
9.26449969e-01 4.60164675e-01 8.59628813e-03 4.56315572e-01 2.11226311e-02
9.27039955e-01 4.64177524e-01 8.51519145e-03 4.60332662e-01 2.12558373e-02
9.27627654e-01 4.68218325e-01 8.43313364e-03 4.64377468e-01 2.13877434e-02
9.28213065e-01 4.72286937e-01 8.35015886e-03 4.68449827e-01 2.15184030e-02
9.28796187e-01 4.76383224e-01 8.26631241e-03 4.72549584e-01 2.16478749e-02
9.29377019e-01 4.80507061e-01 8.18164069e-03 4.76676588e-01 2.17762231e-02
9.29955559e-01 4.84658329e-01 8.09619119e-03 4.80830700e-01 2.19035170e-02
9.30531805e-01 4.88836919e-01 8.01001247e-03 4.85011788e-01 2.20298315e-02
9.31105757e-01 4.93042736e-01 7.92315415e-03 4.89219735e-01 2.21552470e-02
9.31677412e-01 4.97275697e-01 7.83566683e-03 4.93454432e-01 2.22798494e-02
9.32246769e-01 5.01535731e-01 7.74760214e-03 4.97715788e-01 2.24037300e-02
9.32813828e-01 5.05822785e-01 7.65901266e-03 5.02003726e-01 2.25269859e-02
9.33378586e-01 5.10136822e-01 7.56995192e-03 5.06318185e-01 2.26497197e-02
9.33941042e-01 5.14477824e-01 7.48047433e-03 5.10659124e-01 2.27720394e-02
9.34501195e-01 5.18845792e-01 7.39063521e-03 5.15026521e-01 2.28940589e-02
9.35059043e-01 5.23240750e-01 7.30049071e-03 5.19420376e-01 2.30158975e-02
9.35614585e-01 5.27662744e-01 7.21009778e-03 5.23840713e-01 2.31376800e-02
9.36167820e-01 5.32111845e-01 7.11951415e-03 5.28287581e-01 2.32595368e-02
9.36718746e-01 5.36588150e-01 7.02879829e-03 5.32761054e-01 2.33816037e-02
9.37267362e-01 5.41091786e-01 6.93800936e-03 5.37261236e-01 2.35040220e-02
9.37813667e-01 5.45622908e-01 6.84720719e-03 5.41788261e-01 2.36269381e-02
9.38357658e-01 5.50181703e-01 6.75645220e-03 5.46342295e-01 2.37505038e-02
9.38899336e-01 5.54768392e-01 6.66580541e-03 5.50923539e-01 2.38748758e-02
9.39438698e-01 5.59383230e-01 6.57532834e-03 5.55532228e-01 2.40002162e-02
9.39975743e-01 5.64026511e-01 6.48508302e-03 5.60168635e-01 2.41266916e-02
9.40510470e-01 5.68698565e-01 6.39513188e-03 5.64833074e-01 2.42544736e-02
9.41042878e-01 5.73399766e-01 6.30553775e-03 5.69525899e-01 2.43837383e-02
9.41572965e-01 5.78130528e-01 6.21636380e-03 5.74247509e-01 2.45146661e-02
9.42100730e-01 5.82891311e-01 6.12767346e-03 5.78998347e-01 2.46474418e-02
9.42626171e-01 5.87682621e-01 6.03953040e-03 5.83778904e-01 2.47822543e-02
9.43149288e-01 5.92505013e-01 5.95199846e-03 5.88589721e-01 2.49192961e-02
9.43670079e-01 5.97359091e-01 5.86514157e-03 5.93431390e-01 2.50587636e-02
9.44188542e-01 6.02245511e-01 5.77902375e-03 5.98304556e-01 2.52008563e-02
9.44704677e-01 6.07164986e-01 5.69370899e-03 6.03209920e-01 2.53457771e-02
9.45218483e-01 6.12118282e-01 5.60926122e-03 6.08148240e-01 2.54937315e-02
9.45729957e-01 6.17106225e-01 5.52574426e-03 6.13120333e-01 2.56449278e-02
9.46239099e-01 6.22129698e-01 5.44322171e-03 6.18127079e-01 2.57995764e-02
9.46745907e-01 6.27189651e-01 5.36175694e-03 6.23169420e-01 2.59578898e-02
9.47250380e-01 6.32287092e-01 5.28141297e-03 6.28248363e-01 2.61200820e-02
9.47752518e-01 6.37423097e-01 5.20225245e-03 6.33364982e-01 2.62863685e-02
9.48252318e-01 6.42598811e-01 5.12433758e-03 6.38520422e-01 2.64569657e-02
9.48749779e-01 6.47815446e-01 5.04773002e-03 6.43715896e-01 2.66320906e-02
9.49244901e-01 6.53074285e-01 4.97249082e-03 6.48952692e-01 2.68119604e-02
9.49737681e-01 6.58376685e-01 4.89868040e-03 6.54232171e-01 2.69967922e-02
9.50228120e-01 6.63724076e-01 4.82635841e-03 6.59555771e-01 2.71868025e-02
9.50716215e-01 6.69117964e-01 4.75558369e-03 6.64925007e-01 2.73822068e-02
9.51201965e-01 6.74559935e-01 4.68641421e-03 6.70341475e-01 2.75832194e-02
9.51685370e-01 6.80051650e-01 4.61890698e-03 6.75806850e-01 2.77900525e-02
9.52166428e-01 6.85594853e-01 4.55311795e-03 6.81322892e-01 2.80029163e-02
9.52645137e-01 6.91191372e-01 4.48910199e-03 6.86891442e-01 2.82220181e-02
9.53121497e-01 6.96843114e-01 4.42691279e-03 6.92514429e-01 2.84475621e-02
9.53595507e-01 7.02552073e-01 4.36660276e-03 6.98193868e-01 2.86797490e-02
9.54067164e-01 7.08320330e-01 4.30822298e-03 7.03931860e-01 2.89187750e-02
9.54536469e-01 7.14150050e-01 4.25182315e-03 7.09730597e-01 2.91648322e-02
9.55003420e-01 7.20043488e-01 4.19745144e-03 7.15592360e-01 2.94181071e-02
9.55468016e-01 7.26002988e-01 4.14515451e-03 7.21519522e-01 2.96787810e-02
9.55930255e-01 7.32030982e-01 4.09497735e-03 7.27514547e-01 2.99470290e-02
9.56390137e-01 7.38129994e-01 4.04696327e-03 7.33579990e-01 3.02230195e-02
9.56847660e-01 7.44302639e-01 4.00115376e-03 7.39718501e-01 3.05069139e-02
9.57302823e-01 7.50551622e-01 3.95758851e-03 7.45932823e-01 3.07988660e-02
9.57755626e-01 7.56879742e-01 3.91630523e-03 7.52225793e-01 3.10990214e-02
9.58206066e-01 7.63289889e-01 3.87733968e-03 7.58600342e-01 3.14075172e-02
9.58654144e-01 7.69785045e-01 3.84072552e-03 7.65059495e-01 3.17244813e-02
9.59099857e-01 7.76368285e-01 3.80649429e-03 7.71606371e-01 3.20500319e-02
9.59543205e-01 7.83042778e-01 3.77467533e-03 7.78244184e-01 3.23842772e-02
9.59984187e-01 7.89811782e-01 3.74529569e-03 7.84976241e-01 3.27273147e-02
9.60422801e-01 7.96678648e-01 3.71838012e-03 7.91805942e-01 3.30792306e-02
9.60859046e-01 8.03646818e-01 3.69395093e-03 7.98736781e-01 3.34400997e-02
9.61292922e-01 8.10719825e-01 3.67202802e-03 8.05772343e-01 3.38099846e-02
9.61724427e-01 8.17901291e-01 3.65262875e-03 8.12916305e-01 3.41889353e-02
9.62153561e-01 8.25194926e-01 3.63576790e-03 8.20172432e-01 3.45769887e-02
9.62580321e-01 8.32604528e-01 3.62145764e-03 8.27544579e-01 3.49741684e-02
9.63004708e-01 8.40133981e-01 3.60970746e-03 8.35036689e-01 3.53804837e-02
9.63426720e-01 8.47787254e-01 3.60052411e-03 8.42652790e-01 3.57959300e-02
9.63846355e-01 8.55568399e-01 3.59391158e-03 8.50396992e-01 3.62204874e-02
9.64263614e-01 8.63481546e-01 3.58987103e-03 8.58273491e-01 3.66541212e-02
9.64678495e-01 8.71530908e-01 3.58840077e-03 8.66286560e-01 3.70967811e-02
9.65090997e-01 8.79720773e-01 3.58949622e-03 8.74440550e-01 3.75484005e-02
9.65501118e-01 8.88055503e-01 3.59314984e-03 8.82739887e-01 3.80088969e-02
9.65908859e-01 8.96539532e-01 3.59935116e-03 8.91189070e-01 3.84781711e-02
9.66314217e-01 9.05177365e-01 3.60808669e-03 8.99792668e-01 3.89561068e-02
9.66717192e-01 9.13973569e-01 3.61933995e-03 9.08555315e-01 3.94425707e-02
9.67117784e-01 9.22932778e-01 3.63309142e-03 9.17481708e-01 3.99374118e-02
9.67515990e-01 9.32059684e-01 3.64931850e-03 9.26576607e-01 4.04404617e-02
9.67911810e-01 9.41359034e-01 3.66799557e-03 9.35844824e-01 4.09515337e-02
9.68305243e-01 9.50835630e-01 3.68909389e-03 9.45291225e-01 4.14704232e-02
9.68696288e-01 9.60494321e-01 3.71258167e-03 9.54920726e-01 4.19969073e-02
9.69084944e-01 9.70340000e-01 3.73842402e-03 9.64738284e-01 4.25307447e-02
9.69471210e-01 9.80377601e-01 3.76658299e-03 9.74748899e-01 4.30716755e-02
9.69855086e-01 9.90612094e-01 3.79701755e-03 9.84957603e-01 4.36194212e-02
9.70236569e-01 1.00104848e+00 3.82968360e-03 9.95369460e-01 4.41736847e-02
9.70615660e-01 1.01169178e+00 3.86453403e-03 1.00598956e+00 4.47341502e-02
9.70992357e-01 1.02254706e+00 3.90151868e-03 1.01682301e+00 4.53004833e-02
9.71366659e-01 1.03361936e+00 3.94058441e-03 1.02787494e+00 4.58723309e-02
9.71738566e-01 1.04491377e+00 3.98167510e-03 1.03915047e+00 4.64493215e-02
9.72108076e-01 1.05643537e+00 4.02473172e-03 1.05065475e+00 4.70310652e-02
9.72475189e-01 1.06818923e+00 4.06969232e-03 1.06239292e+00 4.76171536e-02
9.72839904e-01 1.08018043e+00 4.11649214e-03 1.07437009e+00 4.82071606e-02
9.73202220e-01 1.09241403e+00 4.16506359e-03 1.08659139e+00 4.88006419e-02
9.73562135e-01 1.10489507e+00 4.21533634e-03 1.09906190e+00 4.93971359e-02
9.73919650e-01 1.11762857e+00 4.26723738e-03 1.11178669e+00 4.99961635e-02
9.74274762e-01 1.13061951e+00 4.32069108e-03 1.12477080e+00 5.05972287e-02
9.74627472e-01 1.14387284e+00 4.37561925e-03 1.13801920e+00 5.11998187e-02
9.74977778e-01 1.15739345e+00 4.43194119e-03 1.15153685e+00 5.18034048e-02
9.75325680e-01 1.17118621e+00 4.48957382e-03 1.16532863e+00 5.24074422e-02
9.75671177e-01 1.18525589e+00 4.54843172e-03 1.17939938e+00 5.30113710e-02
9.76014267e-01 1.19960722e+00 4.60842724e-03 1.19375384e+00 5.36146163e-02
9.76354950e-01 1.21424485e+00 4.66947055e-03 1.20839670e+00 5.42165891e-02
9.76693226e-01 1.22917335e+00 4.73146980e-03 1.22333256e+00 5.48166865e-02
9.77029093e-01 1.24439720e+00 4.79433115e-03 1.23856592e+00 5.54142927e-02
9.77362550e-01 1.25992079e+00 4.85795891e-03 1.25410120e+00 5.60087793e-02
9.77693597e-01 1.27574838e+00 4.92225566e-03 1.26994269e+00 5.65995063e-02
9.78022233e-01 1.29188416e+00 4.98712231e-03 1.28609457e+00 5.71858225e-02
9.78348456e-01 1.30833216e+00 5.05245827e-03 1.30256092e+00 5.77670665e-02
9.78672267e-01 1.32509631e+00 5.11816153e-03 1.31934565e+00 5.83425673e-02
9.78993665e-01 1.34218040e+00 5.18412881e-03 1.33645258e+00 5.89116452e-02
9.79312648e-01 1.35958807e+00 5.25025567e-03 1.35388533e+00 5.94736127e-02
9.79629216e-01 1.37732281e+00 5.31643662e-03 1.37164742e+00 6.00277753e-02
9.79943368e-01 1.39538795e+00 5.38256530e-03 1.38974215e+00 6.05734322e-02
9.80255103e-01 1.41378666e+00 5.44853458e-03 1.40817271e+00 6.11098777e-02
9.80564421e-01 1.43252193e+00 5.51423670e-03 1.42694206e+00 6.16364016e-02
9.80871321e-01 1.45159657e+00 5.57956341e-03 1.44605301e+00 6.21522907e-02
9.81175801e-01 1.47101318e+00 5.64440614e-03 1.46550815e+00 6.26568295e-02
9.81477862e-01 1.49077419e+00 5.70865610e-03 1.48530988e+00 6.31493011e-02
9.81777503e-01 1.51088181e+00 5.77220448e-03 1.50546039e+00 6.36289886e-02
9.82074722e-01 1.53133804e+00 5.83494254e-03 1.52596165e+00 6.40951759e-02
9.82369519e-01 1.55214464e+00 5.89676180e-03 1.54681541e+00 6.45471490e-02
9.82661894e-01 1.57330316e+00 5.95755420e-03 1.56802317e+00 6.49841968e-02
9.82951845e-01 1.59481492e+00 6.01721221e-03 1.58958621e+00 6.54056125e-02
9.83239372e-01 1.61668096e+00 6.07562902e-03 1.61150555e+00 6.58106945e-02
9.83524474e-01 1.63890210e+00 6.13269870e-03 1.63378196e+00 6.61987478e-02
9.83807150e-01 1.66147889e+00 6.18831633e-03 1.65641595e+00 6.65690849e-02
9.84087401e-01 1.68441162e+00 6.24237814e-03 1.67940775e+00 6.69210270e-02
9.84365224e-01 1.70770029e+00 6.29478173e-03 1.70275733e+00 6.72539052e-02
9.84640620e-01 1.73134465e+00 6.34542617e-03 1.72646436e+00 6.75670618e-02
9.84913588e-01 1.75534413e+00 6.39421216e-03 1.75052823e+00 6.78598513e-02
9.85184126e-01 1.77969790e+00 6.44104222e-03 1.77494805e+00 6.81316414e-02
9.85452235e-01 1.80440480e+00 6.48582079e-03 1.79972260e+00 6.83818146e-02
9.85717914e-01 1.82946339e+00 6.52845443e-03 1.82485038e+00 6.86097690e-02
9.85981162e-01 1.85487192e+00 6.56885194e-03 1.85032957e+00 6.88149196e-02
9.86241978e-01 1.88062832e+00 6.60692451e-03 1.87615802e+00 6.89966994e-02
9.86500362e-01 1.90673019e+00 6.64258590e-03 1.90233327e+00 6.91545605e-02
9.86756313e-01 1.93317481e+00 6.67575253e-03 1.92885254e+00 6.92879752e-02
9.87009830e-01 1.95995915e+00 6.70634365e-03 1.95571271e+00 6.93964373e-02
9.87260914e-01 1.98707983e+00 6.73428151e-03 1.98291032e+00 6.94794630e-02
9.87509562e-01 2.01453312e+00 6.75949142e-03 2.01044158e+00 6.95365920e-02
9.87755776e-01 2.04231498e+00 6.78190195e-03 2.03830236e+00 6.95673885e-02
9.87999553e-01 2.07042101e+00 6.80144502e-03 2.06648818e+00 6.95714422e-02
9.88240894e-01 2.09884646e+00 6.81805605e-03 2.09499421e+00 6.95483696e-02
9.88479797e-01 2.12758623e+00 6.83167407e-03 2.12381527e+00 6.94978145e-02
9.88716263e-01 2.15663488e+00 6.84224180e-03 2.15294584e+00 6.94194492e-02
9.88950290e-01 2.18598661e+00 6.84970584e-03 2.18238003e+00 6.93129756e-02
9.89181879e-01 2.21563526e+00 6.85401672e-03 2.21211161e+00 6.91781255e-02
9.89411028e-01 2.24557433e+00 6.85512899e-03 2.24213396e+00 6.90146620e-02
9.89637737e-01 2.27579693e+00 6.85300137e-03 2.27244016e+00 6.88223799e-02
9.89862005e-01 2.30629586e+00 6.84759679e-03 2.30302288e+00 6.86011069e-02
9.90083833e-01 2.33706352e+00 6.83888253e-03 2.33387445e+00 6.83507037e-02
9.90303218e-01 2.36809198e+00 6.82683024e-03 2.36498687e+00 6.80710653e-02
9.90520161e-01 2.39937295e+00 6.81141605e-03 2.39635174e+00 6.77621211e-02
9.90734662e-01 2.43089778e+00 6.79262063e-03 2.42796034e+00 6.74238359e-02
9.90946719e-01 2.46265746e+00 6.77042926e-03 2.45980359e+00 6.70562102e-02
9.91156332e-01 2.49464266e+00 6.74483186e-03 2.49187206e+00 6.66592806e-02
9.91363501e-01 2.52684366e+00 6.71582308e-03 2.52415596e+00 6.62331206e-02
9.91568226e-01 2.55925043e+00 6.68340228e-03 2.55664519e+00 6.57778406e-02
9.91770504e-01 2.59185259e+00 6.64757365e-03 2.58932926e+00 6.52935883e-02
9.91970337e-01 2.62463941e+00 6.60834615e-03 2.62219740e+00 6.47805492e-02
9.92167724e-01 2.65759985e+00 6.56573359e-03 2.65523847e+00 6.42389466e-02
9.92362663e-01 2.69072251e+00 6.51975462e-03 2.68844101e+00 6.36690416e-02
9.92555155e-01 2.72399570e+00 6.47043275e-03 2.72179326e+00 6.30711338e-02
9.92745200e-01 2.75740739e+00 6.41779632e-03 2.75528311e+00 6.24455605e-02
9.92932796e-01 2.79094525e+00 6.36187854e-03 2.78889818e+00 6.17926976e-02
9.93117944e-01 2.82459665e+00 6.30271742e-03 2.82262577e+00 6.11129586e-02
9.93300642e-01 2.85834865e+00 6.24035578e-03 2.85645286e+00 6.04067951e-02
9.93480891e-01 2.89218802e+00 6.17484124e-03 2.89036619e+00 5.96746966e-02
9.93658689e-01 2.92610125e+00 6.10622613e-03 2.92435219e+00 5.89171898e-02
9.93834037e-01 2.96007458e+00 6.03456746e-03 2.95839701e+00 5.81348385e-02
9.94006934e-01 2.99409394e+00 5.95992691e-03 2.99248657e+00 5.73282433e-02
9.94177380e-01 3.02814503e+00 5.88237072e-03 3.02660651e+00 5.64980413e-02
9.94345374e-01 3.06221331e+00 5.80196963e-03 3.06074224e+00 5.56449051e-02
9.94510915e-01 3.09628398e+00 5.71879882e-03 3.09487891e+00 5.47695426e-02
9.94674004e-01 3.13034203e+00 5.63293785e-03 3.12900149e+00 5.38726965e-02
9.94834640e-01 3.16437223e+00 5.54447051e-03 3.16309469e+00 5.29551430e-02
9.94992823e-01 3.19835914e+00 5.45348476e-03 3.19714306e+00 5.20176918e-02
9.95148552e-01 3.23228713e+00 5.36007265e-03 3.23113093e+00 5.10611849e-02
9.95301826e-01 3.26614038e+00 5.26433017e-03 3.26504245e+00 5.00864957e-02
9.95452646e-01 3.29990291e+00 5.16635714e-03 3.29886162e+00 4.90945282e-02
9.95601011e-01 3.33355858e+00 5.06625710e-03 3.33257229e+00 4.80862159e-02
9.95746921e-01 3.36709109e+00 4.96413718e-03 3.36615813e+00 4.70625210e-02
9.95890375e-01 3.40048404e+00 4.86010797e-03 3.39960271e+00 4.60244333e-02
9.96031373e-01 3.43372086e+00 4.75428334e-03 3.43288949e+00 4.49729685e-02
9.96169914e-01 3.46678492e+00 4.64678035e-03 3.46600181e+00 4.39091680e-02
9.96305999e-01 3.49965948e+00 4.53771906e-03 3.49892293e+00 4.28340966e-02
9.96439627e-01 3.53232772e+00 4.42722236e-03 3.53163602e+00 4.17488422e-02
9.96570797e-01 3.56477276e+00 4.31541585e-03 3.56412422e+00 4.06545137e-02
9.96699510e-01 3.59697766e+00 4.20242764e-03 3.59637058e+00 3.95522400e-02
9.96825765e-01 3.62892547e+00 4.08838819e-03 3.62835815e+00 3.84431686e-02
9.96949561e-01 3.66059918e+00 3.97343012e-03 3.66006996e+00 3.73284641e-02
9.97070899e-01 3.69198181e+00 3.85768803e-03 3.69148903e+00 3.62093066e-02
9.97189778e-01 3.72305637e+00 3.74129832e-03 3.72259838e+00 3.50868902e-02
9.97306197e-01 3.75380591e+00 3.62439903e-03 3.75338109e+00 3.39624217e-02
9.97420157e-01 3.78421350e+00 3.50712958e-03 3.78382025e+00 3.28371187e-02
9.97531657e-01 3.81426229e+00 3.38963063e-03 3.81389903e+00 3.17122081e-02
9.97640697e-01 3.84393547e+00 3.27204387e-03 3.84360066e+00 3.05889245e-02
9.97747277e-01 3.87321636e+00 3.15451180e-03 3.87290846e+00 2.94685085e-02
9.97851396e-01 3.90208833e+00 3.03717756e-03 3.90180587e+00 2.83522050e-02
9.97953055e-01 3.93053491e+00 2.92018468e-03 3.93027642e+00 2.72412616e-02
9.98052252e-01 3.95853973e+00 2.80367693e-03 3.95830381e+00 2.61369268e-02
9.98148988e-01 3.98608661e+00 2.68779807e-03 3.98587186e+00 2.50404481e-02
9.98243262e-01 4.01315949e+00 2.57269166e-03 4.01296458e+00 2.39530707e-02
9.98335074e-01 4.03974252e+00 2.45850084e-03 4.03956614e+00 2.28760354e-02
9.98424424e-01 4.06582002e+00 2.34536815e-03 4.06566092e+00 2.18105770e-02
9.98511312e-01 4.09137655e+00 2.23343528e-03 4.09123351e+00 2.07579224e-02
9.98595738e-01 4.11639687e+00 2.12284290e-03 4.11626873e+00 1.97192892e-02
9.98677701e-01 4.14086599e+00 2.01373044e-03 4.14075161e+00 1.86958837e-02
9.98757201e-01 4.16476917e+00 1.90623588e-03 4.16466749e+00 1.76888990e-02
9.98834237e-01 4.18809195e+00 1.80049553e-03 4.18800193e+00 1.66995138e-02
9.98908811e-01 4.21082015e+00 1.69664389e-03 4.21074080e+00 1.57288902e-02
9.98980921e-01 4.23293988e+00 1.59481336e-03 4.23287026e+00 1.47781724e-02
9.99050567e-01 4.25443757e+00 1.49513414e-03 4.25437680e+00 1.38484847e-02
9.99117750e-01 4.27529997e+00 1.39773395e-03 4.27524721e+00 1.29409303e-02
9.99182468e-01 4.29551417e+00 1.30273789e-03 4.29546863e+00 1.20565890e-02
9.99244723e-01 4.31506762e+00 1.21026825e-03 4.31502856e+00 1.11965163e-02
9.99304513e-01 4.33394812e+00 1.12044429e-03 4.33391484e+00 1.03617415e-02
9.99361839e-01 4.35214387e+00 1.03338212e-03 4.35211572e+00 9.55326643e-03
9.99416700e-01 4.36964344e+00 9.49194476e-04 4.36961982e+00 8.77206349e-03
9.99469096e-01 4.38643581e+00 8.67990560e-04 4.38641615e+00 8.01907469e-03
9.99519028e-01 4.40251036e+00 7.89875893e-04 4.40249416e+00 7.29521005e-03
9.99566494e-01 4.41785691e+00 7.14952139e-04 4.41784370e+00 6.60134625e-03
9.99611495e-01 4.43246570e+00 6.43316961e-04 4.43245506e+00 5.93832532e-03
9.99654032e-01 4.44632744e+00 5.75063863e-04 4.44631897e+00 5.30695343e-03
9.99694102e-01 4.45943326e+00 5.10282057e-04 4.45942662e+00 4.70799961e-03
9.99731708e-01 4.47177478e+00 4.49056324e-04 4.47176965e+00 4.14219466e-03
9.99766848e-01 4.48334406e+00 3.91466883e-04 4.48334018e+00 3.61022999e-03
9.99799522e-01 4.49413369e+00 3.37589273e-04 4.49413081e+00 3.11275664e-03
9.99829731e-01 4.50413670e+00 2.87494234e-04 4.50413462e+00 2.65038424e-03
9.99857474e-01 4.51334663e+00 2.41247603e-04 4.51334517e+00 2.22368013e-03
9.99882751e-01 4.52175755e+00 1.98910208e-04 4.52175656e+00 1.83316849e-03
9.99905562e-01 4.52936399e+00 1.60537781e-04 4.52936335e+00 1.47932953e-03
9.99925908e-01 4.53616104e+00 1.26180868e-04 4.53616064e+00 1.16259878e-03
9.99943787e-01 4.54214427e+00 9.58847537e-05 4.54214404e+00 8.83366409e-04
9.99959200e-01 4.54730981e+00 6.96893907e-05 4.54730969e+00 6.41976641e-04
9.99972148e-01 4.55165429e+00 4.76293350e-05 4.55165424e+00 4.38727192e-04
9.99982629e-01 4.55517490e+00 2.97336860e-05 4.55517488e+00 2.73868751e-04
9.99990644e-01 4.55786934e+00 1.60260127e-05 4.55786934e+00 1.47604334e-04
9.99996193e-01 4.55973593e+00 6.52416142e-06 4.55973593e+00 6.00875392e-05
9.99999277e-01 4.56077384e+00 1.23857140e-06 4.56077384e+00 1.14070420e-05
