-9.99999277e-01 1.58323791e-02 1.29680298e-07 -1.58323789e-02 1.75534044e-06
-9.99996193e-01 1.58251881e-02 6.83005760e-07 -1.58251837e-02 9.24490778e-06
-9.99990644e-01 1.58122671e-02 1.67737130e-06 -1.58122405e-02 2.27034066e-05
-9.99982629e-01 1.57936410e-02 3.11109822e-06 -1.57935492e-02 4.21067737e-05
-9.99972148e-01 1.57693495e-02 4.98147229e-06 -1.57691137e-02 6.74163660e-05
-9.99959200e-01 1.57394446e-02 7.28492062e-06 -1.57389392e-02 9.85813887e-05
-9.99943787e-01 1.57039906e-02 1.00170323e-05 -1.57030324e-02 1.35539221e-04
-9.99925908e-01 1.56630636e-02 1.31725668e-05 -1.56614010e-02 1.78215584e-04
-9.99905562e-01 1.56167514e-02 1.67454611e-05 -1.56140545e-02 2.26524707e-04
-9.99882751e-01 1.55651535e-02 2.07288374e-05 -1.55610035e-02 2.80369503e-04
-9.99857474e-01 1.55083806e-02 2.51150116e-05 -1.55022600e-02 3.39641771e-04
-9.99829731e-01 1.54465547e-02 2.98955023e-05 -1.54378375e-02 4.04222418e-04
-9.99799522e-01 1.53798083e-02 3.50610418e-05 -1.53677510e-02 4.73981701e-04
-9.99766848e-01 1.53082849e-02 4.06015867e-05 -1.52920169e-02 5.48779494e-04
-9.99731708e-01 1.52321377e-02 4.65063303e-05 -1.52106532e-02 6.28465572e-04
-9.99694102e-01 1.51515303e-02 5.27637160e-05 -1.51236795e-02 7.12879918e-04
-9.99654032e-01 1.50666354e-02 5.93614510e-05 -1.50311170e-02 8.01853050e-04
-9.99611495e-01 1.49776352e-02 6.62865212e-05 -1.49329887e-02 8.95206364e-04
-9.99566494e-01 1.48847205e-02 7.35252072e-05 -1.48293193e-02 9.92752497e-04
-9.99519028e-01 1.47880904e-02 8.10631008e-05 -1.47201352e-02 1.09429571e-03
-9.99469096e-01 1.46879523e-02 8.88851227e-05 -1.46054649e-02 1.19963228e-03
-9.99416700e-01 1.45845205e-02 9.69755403e-05 -1.44853385e-02 1.30855091e-03
-9.99361839e-01 1.44780167e-02 1.05317987e-04 -1.43597884e-02 1.42083317e-03
-9.99304513e-01 1.43686692e-02 1.13895484e-04 -1.42288488e-02 1.53625392e-03
-9.99244723e-01 1.42567120e-02 1.22690455e-04 -1.40925561e-02 1.65458177e-03
-9.99182468e-01 1.41423850e-02 1.31684756e-04 -1.39509489e-02 1.77557956e-03
-9.99117750e-01 1.40259328e-02 1.40859690e-04 -1.38040680e-02 1.89900480e-03
-9.99050567e-01 1.39076048e-02 1.50196033e-04 -1.36519564e-02 2.02461019e-03
-9.98980921e-01 1.37876541e-02 1.59674058e-04 -1.34946596e-02 2.15214410e-03
-9.98908811e-01 1.36663376e-02 1.69273557e-04 -1.33322253e-02 2.28135107e-03
-9.98834237e-01 1.35439146e-02 1.78973866e-04 -1.31647039e-02 2.41197233e-03
-9.98757201e-01 1.34206471e-02 1.88753889e-04 -1.29921483e-02 2.54374628e-03
-9.98677701e-01 1.32967987e-02 1.98592128e-04 -1.28146137e-02 2.67640905e-03
-9.98595738e-01 1.31726344e-02 2.08466702e-04 -1.26321583e-02 2.80969500e-03
-9.98511312e-01 1.30484195e-02 2.18355380e-04 -1.24448427e-02 2.94333723e-03
-9.98424424e-01 1.29244198e-02 2.28235603e-04 -1.22527305e-02 3.07706812e-03
-9.98335074e-01 1.28009003e-02 2.38084516e-04 -1.20558880e-02 3.21061986e-03
-9.98243262e-01 1.26781253e-02 2.47878989e-04 -1.18543842e-02 3.34372496e-03
-9.98148988e-01 1.25563572e-02 2.57595652e-04 -1.16482911e-02 3.47611674e-03
-9.98052252e-01 1.24358566e-02 2.67210918e-04 -1.14376837e-02 3.60752990e-03
-9.97953055e-01 1.23168812e-02 2.76701016e-04 -1.12226398e-02 3.73770100e-03
-9.97851396e-01 1.21996857e-02 2.86042013e-04 -1.10032403e-02 3.86636897e-03
-9.97747277e-01 1.20845209e-02 2.95209850e-04 -1.07795690e-02 3.99327558e-03
-9.97640697e-01 1.19716335e-02 3.04180367e-04 -1.05517128e-02 4.11816599e-03
-9.97531657e-01 1.18612654e-02 3.12929330e-04 -1.03197617e-02 4.24078916e-03
-9.97420157e-01 1.17536534e-02 3.21432465e-04 -1.00838087e-02 4.36089839e-03
-9.97306197e-01 1.16490284e-02 3.29665484e-04 -9.84394983e-03 4.47825172e-03
-9.97189778e-01 1.15476153e-02 3.37604115e-04 -9.60028437e-03 4.59261241e-03
-9.97070899e-01 1.14496323e-02 3.45224129e-04 -9.35291454e-03 4.70374937e-03
-9.96949561e-01 1.13552905e-02 3.52501373e-04 -9.10194566e-03 4.81143757e-03
-9.96825765e-01 1.12647938e-02 3.59411791e-04 -8.84748612e-03 4.91545848e-03
-9.96699510e-01 1.11783379e-02 3.65931463e-04 -8.58964734e-03 5.01560040e-03
-9.96570797e-01 1.10961104e-02 3.72036625e-04 -8.32854377e-03 5.11165891e-03
-9.96439627e-01 1.10182904e-02 3.77703699e-04 -8.06429283e-03 5.20343717e-03
-9.96305999e-01 1.09450478e-02 3.82909322e-04 -7.79701490e-03 5.29074630e-03
-9.96169914e-01 1.08765435e-02 3.87630374e-04 -7.52683326e-03 5.37340566e-03
-9.96031373e-01 1.08129286e-02 3.91844002e-04 -7.25387405e-03 5.45124322e-03
-9.95890375e-01 1.07543445e-02 3.95527649e-04 -6.97826622e-03 5.52409577e-03
-9.95746921e-01 1.07009225e-02 3.98659081e-04 -6.70014145e-03 5.59180926e-03
-9.95601011e-01 1.06527835e-02 4.01216408e-04 -6.41963409e-03 5.65423898e-03
-9.95452646e-01 1.06100380e-02 4.03178116e-04 -6.13688110e-03 5.71124983e-03
-9.95301826e-01 1.05727856e-02 4.04523086e-04 -5.85202197e-03 5.76271652e-03
-9.95148552e-01 1.05411151e-02 4.05230620e-04 -5.56519861e-03 5.80852371e-03
-9.94992823e-01 1.05151043e-02 4.05280466e-04 -5.27655527e-03 5.84856624e-03
-9.94834640e-01 1.04948199e-02 4.04652837e-04 -4.98623845e-03 5.88274922e-03
-9.94674004e-01 1.04803172e-02 4.03328438e-04 -4.69439680e-03 5.91098816e-03
-9.94510915e-01 1.04716405e-02 4.01288484e-04 -4.40118098e-03 5.93320908e-03
-9.94345374e-01 1.04688226e-02 3.98514721e-04 -4.10674358e-03 5.94934857e-03
-9.94177380e-01 1.04718849e-02 3.94989448e-04 -3.81123898e-03 5.95935384e-03
-9.94006934e-01 1.04808376e-02 3.90695533e-04 -3.51482322e-03 5.96318278e-03
-9.93834037e-01 1.04956796e-02 3.85616437e-04 -3.21765389e-03 5.96080393e-03
-9.93658689e-01 1.05163986e-02 3.79736224e-04 -2.91988997e-03 5.95219649e-03
-9.93480891e-01 1.05429710e-02 3.73039583e-04 -2.62169168e-03 5.93735027e-03
-9.93300642e-01 1.05753623e-02 3.65511843e-04 -2.32322038e-03 5.91626567e-03
-9.93117944e-01 1.06135270e-02 3.57138987e-04 -2.02463837e-03 5.88895355e-03
-9.92932796e-01 1.06574088e-02 3.47907668e-04 -1.72610875e-03 5.85543518e-03
-9.92745200e-01 1.07069409e-02 3.37805219e-04 -1.42779530e-03 5.81574211e-03
-9.92555155e-01 1.07620460e-02 3.26819667e-04 -1.12986223e-03 5.76991601e-03
-9.92362663e-01 1.08226367e-02 3.14939747e-04 -8.32474109e-04 5.71800855e-03
-9.92167724e-01 1.08886155e-02 3.02154908e-04 -5.35795642e-04 5.66008118e-03
-9.91970337e-01 1.09598754e-02 2.88455323e-04 -2.39991508e-04 5.59620500e-03
-9.91770504e-01 1.10362997e-02 2.73831901e-04 5.47738096e-05 5.52646047e-03
-9.91568226e-01 1.11177629e-02 2.58276290e-04 3.48336199e-04 5.45093726e-03
-9.91363501e-01 1.12041302e-02 2.41780889e-04 6.40532103e-04 5.36973394e-03
-9.91156332e-01 1.12952588e-02 2.24338846e-04 9.31198691e-04 5.28295777e-03
-9.90946719e-01 1.13909973e-02 2.05944069e-04 1.22017405e-03 5.19072439e-03
-9.90734662e-01 1.14911868e-02 1.86591228e-04 1.50729735e-03 5.09315753e-03
-9.90520161e-01 1.15956607e-02 1.66275755e-04 1.79240905e-03 4.99038875e-03
-9.90303218e-01 1.17042456e-02 1.44993848e-04 2.07535105e-03 4.88255705e-03
-9.90083833e-01 1.18167611e-02 1.22742473e-04 2.35596691e-03 4.76980861e-03
-9.89862005e-01 1.19330207e-02 9.95193580e-05 2.63410199e-03 4.65229641e-03
-9.89637737e-01 1.20528321e-02 7.53229993e-05 2.90960366e-03 4.53017990e-03
-9.89411028e-01 1.21759975e-02 5.01526537e-05 3.18232146e-03 4.40362462e-03
-9.89181879e-01 1.23023141e-02 2.40083379e-05 3.45210731e-03 4.27280186e-03
-9.88950290e-01 1.24315744e-02 -3.10917651e-06 3.71881564e-03 4.13788824e-03
-9.88716263e-01 1.25635669e-02 -3.11983673e-05 3.98230359e-03 3.99906539e-03
-9.88479797e-01 1.26980765e-02 -6.02569679e-05 4.24243118e-03 3.85651948e-03
-9.88240894e-01 1.28348847e-02 -9.02819735e-05 4.49906146e-03 3.71044091e-03
-9.87999553e-01 1.29737703e-02 -1.21269649e-04 4.75206070e-03 3.56102385e-03
-9.87755776e-01 1.31145098e-02 -1.53215538e-04 5.00129853e-03 3.40846586e-03
-9.87509562e-01 1.32568778e-02 -1.86114469e-04 5.24664810e-03 3.25296750e-03
-9.87260914e-01 1.34006474e-02 -2.19960569e-04 5.48798622e-03 3.09473190e-03
-9.87009830e-01 1.35455910e-02 -2.54747271e-04 5.72519356e-03 2.93396435e-03
-9.86756313e-01 1.36914802e-02 -2.90467329e-04 5.95815470e-03 2.77087194e-03
-9.86500362e-01 1.38380868e-02 -3.27112824e-04 6.18675835e-03 2.60566310e-03
-9.86241978e-01 1.39851828e-02 -3.64675184e-04 6.41089744e-03 2.43854723e-03
-9.85981162e-01 1.41325411e-02 -4.03145190e-04 6.63046924e-03 2.26973428e-03
-9.85717914e-01 1.42799359e-02 -4.42512996e-04 6.84537553e-03 2.09943438e-03
-9.85452235e-01 1.44271431e-02 -4.82768139e-04 7.05552263e-03 1.92785741e-03
-9.85184126e-01 1.45739405e-02 -5.23899557e-04 7.26082157e-03 1.75521267e-03
-9.84913588e-01 1.47201087e-02 -5.65895602e-04 7.46118817e-03 1.58170845e-03
-9.84640620e-01 1.48654309e-02 -6.08744057e-04 7.65654314e-03 1.40755165e-03
-9.84365224e-01 1.50096940e-02 -6.52432153e-04 7.84681213e-03 1.23294747e-03
-9.84087401e-01 1.51526882e-02 -6.96946584e-04 8.03192585e-03 1.05809902e-03
-9.83807150e-01 1.52942078e-02 -7.42273526e-04 8.21182014e-03 8.83206932e-04
-9.83524474e-01 1.54340518e-02 -7.88398652e-04 8.38643598e-03 7.08469102e-04
-9.83239372e-01 1.55720235e-02 -8.35307153e-04 8.55571961e-03 5.34080295e-04
-9.82951845e-01 1.57079316e-02 -8.82983752e-04 8.71962252e-03 3.60231855e-04
-9.82661894e-01 1.58415899e-02 -9.31412725e-04 8.87810153e-03 1.87111394e-04
-9.82369519e-01 1.59728181e-02 -9.80577918e-04 9.03111881e-03 1.49024911e-05
-9.82074722e-01 1.61014417e-02 -1.03046277e-03 9.17864189e-03 -1.56215583e-04
-9.81777503e-01 1.62272924e-02 -1.08105031e-03 9.32064368e-03 -3.26068142e-04
-9.81477862e-01 1.63502084e-02 -1.13232322e-03 9.45710246e-03 -4.94485339e-04
-9.81175801e-01 1.64700347e-02 -1.18426381e-03 9.58800193e-03 -6.61302410e-04
-9.80871321e-01 1.65866229e-02 -1.23685404e-03 9.71333112e-03 -8.26359905e-04
-9.80564421e-01 1.66998321e-02 -1.29007559e-03 9.83308446e-03 -9.89503902e-04
-9.80255103e-01 1.68095283e-02 -1.34390981e-03 9.94726167e-03 -1.15058621e-03
-9.79943368e-01 1.69155852e-02 -1.39833777e-03 1.00558678e-02 -1.30946456e-03
-9.79629216e-01 1.70178839e-02 -1.45334028e-03 1.01589130e-02 -1.46600276e-03
-9.79312648e-01 1.71163135e-02 -1.50889792e-03 1.02564129e-02 -1.62007087e-03
-9.78993665e-01 1.72107706e-02 -1.56499103e-03 1.03483881e-02 -1.77154534e-03
-9.78672267e-01 1.73011599e-02 -1.62159973e-03 1.04348641e-02 -1.92030913e-03
-9.78348456e-01 1.73873940e-02 -1.67870397e-03 1.05158717e-02 -2.06625183e-03
-9.78022233e-01 1.74693936e-02 -1.73628352e-03 1.05914466e-02 -2.20926974e-03
-9.77693597e-01 1.75470876e-02 -1.79431798e-03 1.06616290e-02 -2.34926597e-03
-9.77362550e-01 1.76204127e-02 -1.85278682e-03 1.07264641e-02 -2.48615051e-03
-9.77029093e-01 1.76893140e-02 -1.91166939e-03 1.07860017e-02 -2.61984023e-03
-9.76693226e-01 1.77537445e-02 -1.97094491e-03 1.08402962e-02 -2.75025898e-03
-9.76354950e-01 1.78136655e-02 -2.03059254e-03 1.08894061e-02 -2.87733759e-03
-9.76014267e-01 1.78690459e-02 -2.09059134e-03 1.09333945e-02 -3.00101384e-03
-9.75671177e-01 1.79198630e-02 -2.15092030e-03 1.09723286e-02 -3.12123252e-03
-9.75325680e-01 1.79661017e-02 -2.21155838e-03 1.10062794e-02 -3.23794533e-03
-9.74977778e-01 1.80077549e-02 -2.27248450e-03 1.10353219e-02 -3.35111089e-03
-9.74627472e-01 1.80448228e-02 -2.33367756e-03 1.10595351e-02 -3.46069471e-03
-9.74274762e-01 1.80773137e-02 -2.39511644e-03 1.10790012e-02 -3.56666907e-03
-9.73919650e-01 1.81052427e-02 -2.45678005e-03 1.10938061e-02 -3.66901296e-03
-9.73562135e-01 1.81286326e-02 -2.51864728e-03 1.11040388e-02 -3.76771204e-03
-9.73202220e-01 1.81475132e-02 -2.58069708e-03 1.11097916e-02 -3.86275848e-03
-9.72839904e-01 1.81619211e-02 -2.64290842e-03 1.11111597e-02 -3.95415087e-03
-9.72475189e-01 1.81718998e-02 -2.70526035e-03 1.11082410e-02 -4.04189409e-03
-9.72108076e-01 1.81774992e-02 -2.76773193e-03 1.11011362e-02 -4.12599919e-03
-9.71738566e-01 1.81787756e-02 -2.83030235e-03 1.10899482e-02 -4.20648325e-03
-9.71366659e-01 1.81757914e-02 -2.89295083e-03 1.10747825e-02 -4.28336918e-03
-9.70992357e-01 1.81686149e-02 -2.95565670e-03 1.10557464e-02 -4.35668560e-03
-9.70615660e-01 1.81573200e-02 -3.01839940e-03 1.10329493e-02 -4.42646667e-03
-9.70236569e-01 1.81419861e-02 -3.08115845e-03 1.10065025e-02 -4.49275188e-03
-9.69855086e-01 1.81226977e-02 -3.14391349e-03 1.09765184e-02 -4.55558586e-03
-9.69471210e-01 1.80995441e-02 -3.20664431e-03 1.09431113e-02 -4.61501824e-03
-9.69084944e-01 1.80726194e-02 -3.26933078e-03 1.09063964e-02 -4.67110337e-03
-9.68696288e-01 1.80420219e-02 -3.33195293e-03 1.08664900e-02 -4.72390016e-03
-9.68305243e-01 1.80078543e-02 -3.39449093e-03 1.08235094e-02 -4.77347186e-03
-9.67911810e-01 1.79702227e-02 -3.45692510e-03 1.07775725e-02 -4.81988584e-03
-9.67515990e-01 1.79292370e-02 -3.51923589e-03 1.07287975e-02 -4.86321335e-03
-9.67117784e-01 1.78850104e-02 -3.58140392e-03 1.06773033e-02 -4.90352931e-03
-9.66717192e-01 1.78376590e-02 -3.64340999e-03 1.06232087e-02 -4.94091210e-03
-9.66314217e-01 1.77873015e-02 -3.70523502e-03 1.05666326e-02 -4.97544328e-03
-9.65908859e-01 1.77340592e-02 -3.76686015e-03 1.05076937e-02 -5.00720739e-03
-9.65501118e-01 1.76780553e-02 -3.82826665e-03 1.04465103e-02 -5.03629170e-03
-9.65090997e-01 1.76194152e-02 -3.88943600e-03 1.03832005e-02 -5.06278600e-03
-9.64678495e-01 1.75582655e-02 -3.95034986e-03 1.03178813e-02 -5.08678232e-03
-9.64263614e-01 1.74947343e-02 -4.01099005e-03 1.02506693e-02 -5.10837473e-03
-9.63846355e-01 1.74289507e-02 -4.07133861e-03 1.01816798e-02 -5.12765907e-03
-9.63426720e-01 1.73610445e-02 -4.13137775e-03 1.01110274e-02 -5.14473278e-03
-9.63004708e-01 1.72911459e-02 -4.19108989e-03 1.00388250e-02 -5.15969456e-03
-9.62580321e-01 1.72193857e-02 -4.25045764e-03 9.96518454e-03 -5.17264426e-03
-9.62153561e-01 1.71458941e-02 -4.30946383e-03 9.89021624e-03 -5.18368257e-03
-9.61724427e-01 1.70708014e-02 -4.36809147e-03 9.81402875e-03 -5.19291081e-03
-9.61292922e-01 1.69942373e-02 -4.42632379e-03 9.73672898e-03 -5.20043073e-03
-9.60859046e-01 1.69163307e-02 -4.48414425e-03 9.65842197e-03 -5.20634428e-03
-9.60422801e-01 1.68372094e-02 -4.54153650e-03 9.57921078e-03 -5.21075340e-03
-9.59984187e-01 1.67570002e-02 -4.59848442e-03 9.49919642e-03 -5.21375981e-03
-9.59543205e-01 1.66758281e-02 -4.65497212e-03 9.41847772e-03 -5.21546481e-03
-9.59099857e-01 1.65938169e-02 -4.71098393e-03 9.33715126e-03 -5.21596907e-03
-9.58654144e-01 1.65110882e-02 -4.76650441e-03 9.25531126e-03 -5.21537246e-03
-9.58206066e-01 1.64277616e-02 -4.82151836e-03 9.17304953e-03 -5.21377385e-03
-9.57755626e-01 1.63439546e-02 -4.87601082e-03 9.09045539e-03 -5.21127094e-03
-9.57302823e-01 1.62597823e-02 -4.92996706e-03 9.00761556e-03 -5.20796008e-03
-9.56847660e-01 1.61753570e-02 -4.98337262e-03 8.92461419e-03 -5.20393610e-03
-9.56390137e-01 1.60907886e-02 -5.03621327e-03 8.84153270e-03 -5.19929217e-03
-9.55930255e-01 1.60061840e-02 -5.08847507e-03 8.75844984e-03 -5.19411965e-03
-9.55468016e-01 1.59216471e-02 -5.14014431e-03 8.67544154e-03 -5.18850791e-03
-9.55003420e-01 1.58372786e-02 -5.19120758e-03 8.59258096e-03 -5.18254425e-03
-9.54536469e-01 1.57531760e-02 -5.24165172e-03 8.50993844e-03 -5.17631372e-03
-9.54067164e-01 1.56694337e-02 -5.29146386e-03 8.42758142e-03 -5.16989905e-03
-9.53595507e-01 1.55861422e-02 -5.34063144e-03 8.34557452e-03 -5.16338049e-03
-9.53121497e-01 1.55033890e-02 -5.38914217e-03 8.26397945e-03 -5.15683576e-03
-9.52645137e-01 1.54212576e-02 -5.43698408e-03 8.18285505e-03 -5.15033989e-03
-9.52166428e-01 1.53398281e-02 -5.48414548e-03 8.10225725e-03 -5.14396520e-03
-9.51685370e-01 1.52591766e-02 -5.53061505e-03 8.02223913e-03 -5.13778117e-03
-9.51201965e-01 1.51793758e-02 -5.57638174e-03 7.94285089e-03 -5.13185441e-03
-9.50716215e-01 1.51004944e-02 -5.62143488e-03 7.86413986e-03 -5.12624856e-03
-9.50228120e-01 1.50225973e-02 -5.66576410e-03 7.78615058e-03 -5.12102426e-03
-9.49737681e-01 1.49457456e-02 -5.70935943e-03 7.70892476e-03 -5.11623912e-03
-9.49244901e-01 1.48699966e-02 -5.75221122e-03 7.63250136e-03 -5.11194763e-03
-9.48749779e-01 1.47954036e-02 -5.79431021e-03 7.55691659e-03 -5.10820118e-03
-9.48252318e-01 1.47220162e-02 -5.83564751e-03 7.48220399e-03 -5.10504801e-03
-9.47752518e-01 1.46498802e-02 -5.87621462e-03 7.40839444e-03 -5.10253323e-03
-9.47250380e-01 1.45790377e-02 -5.91600343e-03 7.33551623e-03 -5.10069875e-03
-9.46745907e-01 1.45095268e-02 -5.95500627e-03 7.26359512e-03 -5.09958334e-03
-9.46239099e-01 1.44413822e-02 -5.99321585e-03 7.19265436e-03 -5.09922263e-03
-9.45729957e-01 1.43746346e-02 -6.03062532e-03 7.12271481e-03 -5.09964909e-03
-9.45218483e-01 1.43093115e-02 -6.06722828e-03 7.05379495e-03 -5.10089207e-03
-9.44704677e-01 1.42454366e-02 -6.10301877e-03 6.98591096e-03 -5.10297786e-03
-9.44188542e-01 1.41830302e-02 -6.13799127e-03 6.91907682e-03 -5.10592966e-03
-9.43670079e-01 1.41221093e-02 -6.17214077e-03 6.85330434e-03 -5.10976768e-03
-9.43149288e-01 1.40626874e-02 -6.20546269e-03 6.78860326e-03 -5.11450916e-03
-9.42626171e-01 1.40047750e-02 -6.23795297e-03 6.72498131e-03 -5.12016841e-03
-9.42100730e-01 1.39483795e-02 -6.26960805e-03 6.66244431e-03 -5.12675689e-03
-9.41572965e-01 1.38935050e-02 -6.30042485e-03 6.60099622e-03 -5.13428327e-03
-9.41042878e-01 1.38401530e-02 -6.33040083e-03 6.54063925e-03 -5.14275349e-03
-9.40510470e-01 1.37883220e-02 -6.35953396e-03 6.48137392e-03 -5.15217083e-03
-9.39975743e-01 1.37380077e-02 -6.38782276e-03 6.42319915e-03 -5.16253599e-03
-9.39438698e-01 1.36892035e-02 -6.41526629e-03 6.36611234e-03 -5.17384717e-03
-9.38899336e-01 1.36419000e-02 -6.44186414e-03 6.31010945e-03 -5.18610014e-03
-9.38357658e-01 1.35960856e-02 -6.46761649e-03 6.25518510e-03 -5.19928838e-03
-9.37813667e-01 1.35517464e-02 -6.49252406e-03 6.20133264e-03 -5.21340308e-03
-9.37267362e-01 1.35088665e-02 -6.51658815e-03 6.14854422e-03 -5.22843333e-03
-9.36718746e-01 1.34674278e-02 -6.53981064e-03 6.09681090e-03 -5.24436615e-03
-9.36167820e-01 1.34274103e-02 -6.56219399e-03 6.04612270e-03 -5.26118659e-03
-9.35614585e-01 1.33887925e-02 -6.58374126e-03 5.99646871e-03 -5.27887789e-03
-9.35059043e-01 1.33515509e-02 -6.60445609e-03 5.94783715e-03 -5.29742150e-03
-9.34501195e-01 1.33156608e-02 -6.62434271e-03 5.90021545e-03 -5.31679725e-03
-9.33941042e-01 1.32810959e-02 -6.64340597e-03 5.85359033e-03 -5.33698342e-03
-9.33378586e-01 1.32478286e-02 -6.66165130e-03 5.80794787e-03 -5.35795683e-03
-9.32813828e-01 1.32158303e-02 -6.67908474e-03 5.76327359e-03 -5.37969301e-03
-9.32246769e-01 1.31850713e-02 -6.69571294e-03 5.71955251e-03 -5.40216622e-03
-9.31677412e-01 1.31555209e-02 -6.71154313e-03 5.67676921e-03 -5.42534963e-03
-9.31105757e-01 1.31271476e-02 -6.72658316e-03 5.63490793e-03 -5.44921539e-03
-9.30531805e-01 1.30999193e-02 -6.74084147e-03 5.59395261e-03 -5.47373472e-03
-9.29955559e-01 1.30738033e-02 -6.75432709e-03 5.55388692e-03 -5.49887806e-03
-9.29377019e-01 1.30487664e-02 -6.76704964e-03 5.51469437e-03 -5.52461514e-03
-9.28796187e-01 1.30247749e-02 -6.77901932e-03 5.47635836e-03 -5.55091508e-03
-9.28213065e-01 1.30017950e-02 -6.79024691e-03 5.43886220e-03 -5.57774653e-03
-9.27627654e-01 1.29797926e-02 -6.80074377e-03 5.40218916e-03 -5.60507770e-03
-9.27039955e-01 1.29587337e-02 -6.81052179e-03 5.36632255e-03 -5.63287655e-03
-9.26449969e-01 1.29385841e-02 -6.81959344e-03 5.33124575e-03 -5.66111079e-03
-9.25857699e-01 1.29193099e-02 -6.82797171e-03 5.29694223e-03 -5.68974805e-03
-9.25263146e-01 1.29008772e-02 -6.83567012e-03 5.26339562e-03 -5.71875592e-03
-9.24666310e-01 1.28832525e-02 -6.84270271e-03 5.23058971e-03 -5.74810208e-03
-9.24067195e-01 1.28664026e-02 -6.84908400e-03 5.19850849e-03 -5.77775435e-03
-9.23465800e-01 1.28502946e-02 -6.85482900e-03 5.16713622e-03 -5.80768079e-03
-9.22862128e-01 1.28348963e-02 -6.85995320e-03 5.13645738e-03 -5.83784980e-03
-9.22256180e-01 1.28201758e-02 -6.86447251e-03 5.10645676e-03 -5.86823016e-03
-9.21647958e-01 1.28061020e-02 -6.86840328e-03 5.07711943e-03 -5.89879113e-03
-9.21037462e-01 1.27926444e-02 -6.87176227e-03 5.04843078e-03 -5.92950250e-03
-9.20424696e-01 1.27797731e-02 -6.87456662e-03 5.02037654e-03 -5.96033469e-03
-9.19809659e-01 1.27674590e-02 -6.87683384e-03 4.99294276e-03 -5.99125879e-03
-9.19192354e-01 1.27556740e-02 -6.87858175e-03 4.96611584e-03 -6.02224663e-03
-9.18572782e-01 1.27443904e-02 -6.87982851e-03 4.93988254e-03 -6.05327083e-03
-9.17950945e-01 1.27335819e-02 -6.88059257e-03 4.91422995e-03 -6.08430488e-03
-9.17326844e-01 1.27232225e-02 -6.88089262e-03 4.88914552e-03 -6.11532314e-03
-9.16700480e-01 1.27132877e-02 -6.88074758e-03 4.86461705e-03 -6.14630094e-03
-9.16071856e-01 1.27037534e-02 -6.88017661e-03 4.84063267e-03 -6.17721458e-03
-9.15440973e-01 1.26945968e-02 -6.87919898e-03 4.81718084e-03 -6.20804142e-03
-9.14807832e-01 1.26857959e-02 -6.87783417e-03 4.79425034e-03 -6.23875987e-03
-9.14172435e-01 1.26773299e-02 -6.87610172e-03 4.77183027e-03 -6.26934942e-03
-9.13534783e-01 1.26691786e-02 -6.87402126e-03 4.74991002e-03 -6.29979072e-03
-9.12894879e-01 1.26613230e-02 -6.87161248e-03 4.72847925e-03 -6.33006555e-03
-9.12252723e-01 1.26537451e-02 -6.86889506e-03 4.70752788e-03 -6.36015687e-03
-9.11608317e-01 1.26464278e-02 -6.86588867e-03 4.68704609e-03 -6.39004882e-03
-9.10961663e-01 1.26393550e-02 -6.86261292e-03 4.66702427e-03 -6.41972676e-03
-9.10312763e-01 1.26325114e-02 -6.85908731e-03 4.64745301e-03 -6.44917725e-03
-9.09661618e-01 1.26258829e-02 -6.85533124e-03 4.62832308e-03 -6.47838808e-03
-9.09008229e-01 1.26194560e-02 -6.85136390e-03 4.60962540e-03 -6.50734826e-03
-9.08352599e-01 1.26132182e-02 -6.84720433e-03 4.59135103e-03 -6.53604804e-03
-9.07694728e-01 1.26071581e-02 -6.84287127e-03 4.57349113e-03 -6.56447887e-03
-9.07034619e-01 1.26012647e-02 -6.83838324e-03 4.55603695e-03 -6.59263343e-03
-9.06372273e-01 1.25955282e-02 -6.83375841e-03 4.53897979e-03 -6.62050561e-03
-9.05707691e-01 1.25899395e-02 -6.82901460e-03 4.52231099e-03 -6.64809050e-03
-9.05040876e-01 1.25844900e-02 -6.82416927e-03 4.50602188e-03 -6.67538435e-03
-9.04371830e-01 1.25791722e-02 -6.81923942e-03 4.49010378e-03 -6.70238459e-03
-9.03700552e-01 1.25739789e-02 -6.81424161e-03 4.47454797e-03 -6.72908978e-03
-9.03027046e-01 1.25689038e-02 -6.80919190e-03 4.45934567e-03 -6.75549962e-03
-9.02351313e-01 1.25639412e-02 -6.80410581e-03 4.44448798e-03 -6.78161489e-03
-9.01673355e-01 1.25590859e-02 -6.79899830e-03 4.42996592e-03 -6.80743743e-03
-9.00993173e-01 1.25543333e-02 -6.79388373e-03 4.41577034e-03 -6.83297013e-03
-9.00310769e-01 1.25496791e-02 -6.78877581e-03 4.40189197e-03 -6.85821686e-03
-8.99626145e-01 1.25451197e-02 -6.78368758e-03 4.38832134e-03 -6.88318250e-03
-8.98939302e-01 1.25406518e-02 -6.77863141e-03 4.37504877e-03 -6.90787281e-03
-8.98250242e-01 1.25362725e-02 -6.77361889e-03 4.36206440e-03 -6.93229449e-03
-8.97558967e-01 1.25319792e-02 -6.76866087e-03 4.34935811e-03 -6.95645508e-03
-8.96865478e-01 1.25277696e-02 -6.76376742e-03 4.33691955e-03 -6.98036292e-03
-8.96169778e-01 1.25236417e-02 -6.75894776e-03 4.32473812e-03 -7.00402714e-03
-8.95471867e-01 1.25195938e-02 -6.75421027e-03 4.31280294e-03 -7.02745759e-03
-8.94771748e-01 1.25156240e-02 -6.74956248e-03 4.30110284e-03 -7.05066480e-03
-8.94069423e-01 1.25117311e-02 -6.74501100e-03 4.28962639e-03 -7.07365994e-03
-8.93364892e-01 1.25079135e-02 -6.74056151e-03 4.27836184e-03 -7.09645478e-03
-8.92658159e-01 1.25041699e-02 -6.73621878e-03 4.26729717e-03 -7.11906160e-03
-8.91949223e-01 1.25004991e-02 -6.73198658e-03 4.25642004e-03 -7.14149321e-03
-8.91238089e-01 1.24968997e-02 -6.72786774e-03 4.24571781e-03 -7.16376284e-03
-8.90524756e-01 1.24933704e-02 -6.72386408e-03 4.23517757e-03 -7.18588412e-03
-8.89809227e-01 1.24899098e-02 -6.71997639e-03 4.22478608e-03 -7.20787103e-03
-8.89091503e-01 1.24865163e-02 -6.71620447e-03 4.21452983e-03 -7.22973784e-03
-8.88371587e-01 1.24831883e-02 -6.71254707e-03 4.20439504e-03 -7.25149907e-03
-8.87649480e-01 1.24799241e-02 -6.70900191e-03 4.19436763e-03 -7.27316944e-03
-8.86925184e-01 1.24767216e-02 -6.70556565e-03 4.18443329e-03 -7.29476379e-03
-8.86198701e-01 1.24735787e-02 -6.70223390e-03 4.17457745e-03 -7.31629708e-03
-8.85470032e-01 1.24704930e-02 -6.69900124e-03 4.16478531e-03 -7.33778431e-03
-8.84739180e-01 1.24674618e-02 -6.69586115e-03 4.15504186e-03 -7.35924047e-03
-8.84006145e-01 1.24644822e-02 -6.69280611e-03 4.14533191e-03 -7.38068051e-03
-8.83270931e-01 1.24615511e-02 -6.68982750e-03 4.13564008e-03 -7.40211927e-03
-8.82533538e-01 1.24586648e-02 -6.68691571e-03 4.12595084e-03 -7.42357146e-03
-8.81793969e-01 1.24558197e-02 -6.68406004e-03 4.11624855e-03 -7.44505159e-03
-8.81052225e-01 1.24530116e-02 -6.68124882e-03 4.10651748e-03 -7.46657392e-03
-8.80308308e-01 1.24502360e-02 -6.67846933e-03 4.09674179e-03 -7.48815245e-03
-8.79562220e-01 1.24474881e-02 -6.67570788e-03 4.08690564e-03 -7.50980085e-03
-8.78813963e-01 1.24447629e-02 -6.67294978e-03 4.07699316e-03 -7.53153241e-03
-8.78063539e-01 1.24420547e-02 -6.67017939e-03 4.06698851e-03 -7.55336004e-03
-8.77310949e-01 1.24393579e-02 -6.66738014e-03 4.05687590e-03 -7.57529618e-03
-8.76556196e-01 1.24366661e-02 -6.66453454e-03 4.04663962e-03 -7.59735279e-03
-8.75799281e-01 1.24339729e-02 -6.66162420e-03 4.03626409e-03 -7.61954134e-03
-8.75040206e-01 1.24312714e-02 -6.65862989e-03 4.02573389e-03 -7.64187269e-03
-8.74278973e-01 1.24285543e-02 -6.65553154e-03 4.01503380e-03 -7.66435715e-03
-8.73515584e-01 1.24258142e-02 -6.65230828e-03 4.00414881e-03 -7.68700441e-03
-8.72750041e-01 1.24230430e-02 -6.64893847e-03 3.99306419e-03 -7.70982348e-03
-8.71982345e-01 1.24202327e-02 -6.64539975e-03 3.98176554e-03 -7.73282272e-03
-8.71212499e-01 1.24173746e-02 -6.64166907e-03 3.97023877e-03 -7.75600977e-03
-8.70440504e-01 1.24144601e-02 -6.63772273e-03 3.95847018e-03 -7.77939152e-03
-8.69666363e-01 1.24114799e-02 -6.63353640e-03 3.94644652e-03 -7.80297414e-03
-8.68890077e-01 1.24084248e-02 -6.62908520e-03 3.93415495e-03 -7.82676300e-03
-8.68111648e-01 1.24052852e-02 -6.62434372e-03 3.92158317e-03 -7.85076266e-03
-8.67331079e-01 1.24020511e-02 -6.61928607e-03 3.90871938e-03 -7.87497691e-03
-8.66548370e-01 1.23987126e-02 -6.61388594e-03 3.89555237e-03 -7.89940866e-03
-8.65763524e-01 1.23952593e-02 -6.60811662e-03 3.88207153e-03 -7.92406000e-03
-8.64976543e-01 1.23916809e-02 -6.60195108e-03 3.86826690e-03 -7.94893215e-03
-8.64187429e-01 1.23879668e-02 -6.59536201e-03 3.85412916e-03 -7.97402548e-03
-8.63396184e-01 1.23841062e-02 -6.58832186e-03 3.83964974e-03 -7.99933948e-03
-8.62602809e-01 1.23800883e-02 -6.58080291e-03 3.82482079e-03 -8.02487273e-03
-8.61807307e-01 1.23759021e-02 -6.57277731e-03 3.80963522e-03 -8.05062296e-03
-8.61009680e-01 1.23715367e-02 -6.56421714e-03 3.79408676e-03 -8.07658698e-03
-8.60209930e-01 1.23669810e-02 -6.55509448e-03 3.77816995e-03 -8.10276073e-03
-8.59408057e-01 1.23622239e-02 -6.54538143e-03 3.76188020e-03 -8.12913925e-03
-8.58604066e-01 1.23572543e-02 -6.53505020e-03 3.74521378e-03 -8.15571670e-03
-8.57797957e-01 1.23520613e-02 -6.52407315e-03 3.72816788e-03 -8.18248634e-03
-8.56989732e-01 1.23466337e-02 -6.51242285e-03 3.71074058e-03 -8.20944057e-03
-8.56179395e-01 1.23409606e-02 -6.50007213e-03 3.69293094e-03 -8.23657092e-03
-8.55366945e-01 1.23350313e-02 -6.48699414e-03 3.67473895e-03 -8.26386805e-03
-8.54552386e-01 1.23288349e-02 -6.47316241e-03 3.65616557e-03 -8.29132180e-03
-8.53735720e-01 1.23223610e-02 -6.45855090e-03 3.63721276e-03 -8.31892116e-03
-8.52916948e-01 1.23155991e-02 -6.44313406e-03 3.61788346e-03 -8.34665429e-03
-8.52096073e-01 1.23085389e-02 -6.42688687e-03 3.59818163e-03 -8.37450857e-03
-8.51273096e-01 1.23011705e-02 -6.40978492e-03 3.57811222e-03 -8.40247060e-03
-8.50448020e-01 1.22934841e-02 -6.39180444e-03 3.55768121e-03 -8.43052618e-03
-8.49620847e-01 1.22854701e-02 -6.37292235e-03 3.53689556e-03 -8.45866041e-03
-8.48791578e-01 1.22771193e-02 -6.35311634e-03 3.51576328e-03 -8.48685766e-03
-8.47960216e-01 1.22684227e-02 -6.33236487e-03 3.49429337e-03 -8.51510157e-03
-8.47126763e-01 1.22593717e-02 -6.31064729e-03 3.47249583e-03 -8.54337517e-03
-8.46291221e-01 1.22499578e-02 -6.28794380e-03 3.45038165e-03 -8.57166078e-03
-8.45453591e-01 1.22401732e-02 -6.26423557e-03 3.42796281e-03 -8.59994015e-03
-8.44613877e-01 1.22300102e-02 -6.23950474e-03 3.40525225e-03 -8.62819442e-03
-8.43772079e-01 1.22194615e-02 -6.21373449e-03 3.38226387e-03 -8.65640417e-03
-8.42928201e-01 1.22085204e-02 -6.18690905e-03 3.35901251e-03 -8.68454945e-03
-8.42082244e-01 1.21971803e-02 -6.15901375e-03 3.33551389e-03 -8.71260984e-03
-8.41234210e-01 1.21854352e-02 -6.13003509e-03 3.31178466e-03 -8.74056441e-03
-8.40384102e-01 1.21732795e-02 -6.09996072e-03 3.28784231e-03 -8.76839182e-03
-8.39531921e-01 1.21607081e-02 -6.06877950e-03 3.26370518e-03 -8.79607034e-03
-8.38677669e-01 1.21477162e-02 -6.03648155e-03 3.23939241e-03 -8.82357787e-03
-8.37821349e-01 1.21342997e-02 -6.00305821e-03 3.21492393e-03 -8.85089196e-03
-8.36962964e-01 1.21204546e-02 -5.96850217e-03 3.19032040e-03 -8.87798988e-03
-8.36102514e-01 1.21061777e-02 -5.93280737e-03 3.16560318e-03 -8.90484867e-03
-8.35240002e-01 1.20914662e-02 -5.89596914e-03 3.14079432e-03 -8.93144509e-03
-8.34375430e-01 1.20763176e-02 -5.85798412e-03 3.11591649e-03 -8.95775575e-03
-8.33508800e-01 1.20607301e-02 -5.81885035e-03 3.09099296e-03 -8.98375712e-03
-8.32640115e-01 1.20447022e-02 -5.77856723e-03 3.06604754e-03 -9.00942552e-03
-8.31769377e-01 1.20282332e-02 -5.73713554e-03 3.04110453e-03 -9.03473721e-03
-8.30896587e-01 1.20113225e-02 -5.69455749e-03 3.01618872e-03 -9.05966843e-03
-8.30021748e-01 1.19939701e-02 -5.65083667e-03 2.99132529e-03 -9.08419539e-03
-8.29144862e-01 1.19761766e-02 -5.60597807e-03 2.96653979e-03 -9.10829433e-03
-8.28265931e-01 1.19579430e-02 -5.55998810e-03 2.94185810e-03 -9.13194157e-03
-8.27384958e-01 1.19392708e-02 -5.51287456e-03 2.91730635e-03 -9.15511354e-03
-8.26501944e-01 1.19201618e-02 -5.46464666e-03 2.89291089e-03 -9.17778679e-03
-8.25616892e-01 1.19006185e-02 -5.41531498e-03 2.86869826e-03 -9.19993805e-03
-8.24729804e-01 1.18806436e-02 -5.36489147e-03 2.84469508e-03 -9.22154427e-03
-8.23840681e-01 1.18602405e-02 -5.31338947e-03 2.82092806e-03 -9.24258262e-03
-8.22949527e-01 1.18394128e-02 -5.26082364e-03 2.79742391e-03 -9.26303056e-03
-8.22056344e-01 1.18181646e-02 -5.20720998e-03 2.77420931e-03 -9.28286585e-03
-8.21161133e-01 1.17965004e-02 -5.15256578e-03 2.75131084e-03 -9.30206658e-03
-8.20263897e-01 1.17744252e-02 -5.09690963e-03 2.72875493e-03 -9.32061123e-03
-8.19364639e-01 1.17519441e-02 -5.04026137e-03 2.70656784e-03 -9.33847865e-03
-8.18463359e-01 1.17290630e-02 -4.98264206e-03 2.68477555e-03 -9.35564814e-03
-8.17560061e-01 1.17057876e-02 -4.92407396e-03 2.66340377e-03 -9.37209943e-03
-8.16654747e-01 1.16821245e-02 -4.86458050e-03 2.64247785e-03 -9.38781276e-03
-8.15747419e-01 1.16580801e-02 -4.80418623e-03 2.62202274e-03 -9.40276886e-03
-8.14838079e-01 1.16336616e-02 -4.74291680e-03 2.60206296e-03 -9.41694897e-03
-8.13926729e-01 1.16088760e-02 -4.68079890e-03 2.58262253e-03 -9.43033493e-03
-8.13013373e-01 1.15837309e-02 -4.61786024e-03 2.56372492e-03 -9.44290911e-03
-8.12098011e-01 1.15582341e-02 -4.55412951e-03 2.54539304e-03 -9.45465451e-03
-8.11180646e-01 1.15323934e-02 -4.48963631e-03 2.52764915e-03 -9.46555473e-03
-8.10261281e-01 1.15062172e-02 -4.42441112e-03 2.51051485e-03 -9.47559400e-03
-8.09339918e-01 1.14797138e-02 -4.35848528e-03 2.49401104e-03 -9.48475721e-03
-8.08416559e-01 1.14528917e-02 -4.29189087e-03 2.47815785e-03 -9.49302993e-03
-8.07491206e-01 1.14257597e-02 -4.22466075e-03 2.46297464e-03 -9.50039837e-03
-8.06563861e-01 1.13983267e-02 -4.15682844e-03 2.44847994e-03 -9.50684948e-03
-8.05634528e-01 1.13706015e-02 -4.08842809e-03 2.43469143e-03 -9.51237088e-03
-8.04703207e-01 1.13425932e-02 -4.01949447e-03 2.42162589e-03 -9.51695093e-03
-8.03769903e-01 1.13143110e-02 -3.95006283e-03 2.40929919e-03 -9.52057869e-03
-8.02834616e-01 1.12857641e-02 -3.88016892e-03 2.39772627e-03 -9.52324396e-03
-8.01897349e-01 1.12569616e-02 -3.80984891e-03 2.38692106e-03 -9.52493729e-03
-8.00958104e-01 1.12279129e-02 -3.73913935e-03 2.37689655e-03 -9.52564995e-03
-8.00016884e-01 1.11986272e-02 -3.66807707e-03 2.36766467e-03 -9.52537396e-03
-7.99073691e-01 1.11691138e-02 -3.59669919e-03 2.35923634e-03 -9.52410210e-03
-7.98128528e-01 1.11393818e-02 -3.52504302e-03 2.35162141e-03 -9.52182788e-03
-7.97181396e-01 1.11094403e-02 -3.45314601e-03 2.34482871e-03 -9.51854554e-03
-7.96232298e-01 1.10792985e-02 -3.38104574e-03 2.33886594e-03 -9.51425009e-03
-7.95281236e-01 1.10489653e-02 -3.30877980e-03 2.33373975e-03 -9.50893727e-03
-7.94328214e-01 1.10184495e-02 -3.23638577e-03 2.32945569e-03 -9.50260355e-03
-7.93373232e-01 1.09877600e-02 -3.16390119e-03 2.32601821e-03 -9.49524613e-03
-7.92416293e-01 1.09569053e-02 -3.09136348e-03 2.32343067e-03 -9.48686291e-03
-7.91457401e-01 1.09258939e-02 -3.01880987e-03 2.32169533e-03 -9.47745254e-03
-7.90496556e-01 1.08947340e-02 -2.94627740e-03 2.32081335e-03 -9.46701434e-03
-7.89533763e-01 1.08634338e-02 -2.87380285e-03 2.32078481e-03 -9.45554833e-03
-7.88569022e-01 1.08320011e-02 -2.80142267e-03 2.32160869e-03 -9.44305520e-03
-7.87602336e-01 1.08004437e-02 -2.72917297e-03 2.32328292e-03 -9.42953634e-03
-7.86633708e-01 1.07687690e-02 -2.65708946e-03 2.32580434e-03 -9.41499374e-03
-7.85663139e-01 1.07369843e-02 -2.58520739e-03 2.32916878e-03 -9.39943008e-03
-7.84690634e-01 1.07050965e-02 -2.51356154e-03 2.33337100e-03 -9.38284863e-03
-7.83716193e-01 1.06731124e-02 -2.44218617e-03 2.33840478e-03 -9.36525328e-03
-7.82739819e-01 1.06410384e-02 -2.37111495e-03 2.34426288e-03 -9.34664850e-03
-7.81761515e-01 1.06088809e-02 -2.30038099e-03 2.35093711e-03 -9.32703935e-03
-7.80781283e-01 1.05766456e-02 -2.23001674e-03 2.35841832e-03 -9.30643142e-03
-7.79799126e-01 1.05443383e-02 -2.16005398e-03 2.36669644e-03 -9.28483085e-03
-7.78815045e-01 1.05119643e-02 -2.09052382e-03 2.37576052e-03 -9.26224431e-03
-7.77829044e-01 1.04795287e-02 -2.02145663e-03 2.38559874e-03 -9.23867893e-03
-7.76841124e-01 1.04470362e-02 -1.95288203e-03 2.39619843e-03 -9.21414236e-03
-7.75851289e-01 1.04144913e-02 -1.88482886e-03 2.40754613e-03 -9.18864268e-03
-7.74859540e-01 1.03818982e-02 -1.81732518e-03 2.41962762e-03 -9.16218841e-03
-7.73865880e-01 1.03492607e-02 -1.75039822e-03 2.43242794e-03 -9.13478850e-03
-7.72870312e-01 1.03165824e-02 -1.68407438e-03 2.44593143e-03 -9.10645227e-03
-7.71872838e-01 1.02838664e-02 -1.61837921e-03 2.46012176e-03 -9.07718945e-03
-7.70873460e-01 1.02511158e-02 -1.55333742e-03 2.47498201e-03 -9.04701010e-03
-7.69872181e-01 1.02183332e-02 -1.48897280e-03 2.49049464e-03 -9.01592461e-03
-7.68869004e-01 1.01855210e-02 -1.42530831e-03 2.50664158e-03 -8.98394370e-03
-7.67863930e-01 1.01526810e-02 -1.36236598e-03 2.52340426e-03 -8.95107839e-03
-7.66856963e-01 1.01198152e-02 -1.30016698e-03 2.54076364e-03 -8.91733995e-03
-7.65848104e-01 1.00869250e-02 -1.23873156e-03 2.55870026e-03 -8.88273991e-03
-7.64837357e-01 1.00540116e-02 -1.17807910e-03 2.57719428e-03 -8.84729006e-03
-7.63824724e-01 1.00210759e-02 -1.11822807e-03 2.59622552e-03 -8.81100238e-03
-7.62810206e-01 9.98811853e-03 -1.05919606e-03 2.61577350e-03 -8.77388905e-03
-7.61793808e-01 9.95513994e-03 -1.00099976e-03 2.63581748e-03 -8.73596245e-03
-7.60775531e-01 9.92214025e-03 -9.43655022e-04 2.65633651e-03 -8.69723511e-03
-7.59755377e-01 9.88911940e-03 -8.87176799e-04 2.67730947e-03 -8.65771971e-03
-7.58733350e-01 9.85607708e-03 -8.31579209e-04 2.69871510e-03 -8.61742905e-03
-7.57709452e-01 9.82301277e-03 -7.76875526e-04 2.72053206e-03 -8.57637608e-03
-7.56683685e-01 9.78992574e-03 -7.23078201e-04 2.74273895e-03 -8.53457382e-03
-7.55656053e-01 9.75681509e-03 -6.70198878e-04 2.76531435e-03 -8.49203540e-03
-7.54626556e-01 9.72367972e-03 -6.18248412e-04 2.78823689e-03 -8.44877400e-03
-7.53595199e-01 9.69051839e-03 -5.67236890e-04 2.81148524e-03 -8.40480291e-03
-7.52561982e-01 9.65732969e-03 -5.17173647e-04 2.83503819e-03 -8.36013543e-03
-7.51526911e-01 9.62411208e-03 -4.68067297e-04 2.85887467e-03 -8.31478493e-03
-7.50489985e-01 9.59086392e-03 -4.19925749e-04 2.88297375e-03 -8.26876480e-03
-7.49451209e-01 9.55758344e-03 -3.72756233e-04 2.90731476e-03 -8.22208849e-03
-7.48410585e-01 9.52426880e-03 -3.26565329e-04 2.93187722e-03 -8.17476942e-03
-7.47368114e-01 9.49091807e-03 -2.81358989e-04 2.95664097e-03 -8.12682107e-03
-7.46323801e-01 9.45752928e-03 -2.37142567e-04 2.98158611e-03 -8.07825690e-03
-7.45277647e-01 9.42410040e-03 -1.93920846e-04 3.00669309e-03 -8.02909040e-03
-7.44229655e-01 9.39062940e-03 -1.51698064e-04 3.03194273e-03 -7.97933504e-03
-7.43179828e-01 9.35711423e-03 -1.10477946e-04 3.05731622e-03 -7.92900430e-03
-7.42128168e-01 9.32355286e-03 -7.02637332e-05 3.08279516e-03 -7.87811165e-03
-7.41074678e-01 9.28994327e-03 -3.10582078e-05 3.10836160e-03 -7.82667059e-03
-7.40019360e-01 9.25628351e-03 7.13627285e-06 3.13399800e-03 -7.77469457e-03
-7.38962217e-01 9.22257166e-03 4.43177489e-05 3.15968736e-03 -7.72219709e-03
-7.37903252e-01 9.18880591e-03 8.04846283e-05 3.18541311e-03 -7.66919162e-03
-7.36842467e-01 9.15498452e-03 1.15635658e-04 3.21115923e-03 -7.61569165e-03
-7.35779864e-01 9.12110590e-03 1.49769895e-04 3.23691020e-03 -7.56171068e-03
-7.34715448e-01 9.08716854e-03 1.82886677e-04 3.26265104e-03 -7.50726224e-03
-7.33649219e-01 9.05317111e-03 2.14985596e-04 3.28836734e-03 -7.45235985e-03
-7.32581181e-01 9.01911244e-03 2.46066469e-04 3.31404522e-03 -7.39701709e-03
-7.31511336e-01 8.98499152e-03 2.76129316e-04 3.33967137e-03 -7.34124757e-03
-7.30439687e-01 8.95080757e-03 3.05174326e-04 3.36523306e-03 -7.28506494e-03
-7.29366237e-01 8.91655997e-03 3.33201839e-04 3.39071813e-03 -7.22848290e-03
-7.28290988e-01 8.88224837e-03 3.60212321e-04 3.41611501e-03 -7.17151524e-03
-7.27213943e-01 8.84787264e-03 3.86206337e-04 3.44141270e-03 -7.11417578e-03
-7.26135105e-01 8.81343291e-03 4.11184532e-04 3.46660077e-03 -7.05647846e-03
-7.25054476e-01 8.77892955e-03 4.35147611e-04 3.49166939e-03 -6.99843730e-03
-7.23972059e-01 8.74436326e-03 4.58096317e-04 3.51660930e-03 -6.94006643e-03
-7.22887856e-01 8.70973499e-03 4.80031416e-04 3.54141178e-03 -6.88138010e-03
-7.21801870e-01 8.67504601e-03 5.00953675e-04 3.56606872e-03 -6.82239268e-03
-7.20714105e-01 8.64029793e-03 5.20863854e-04 3.59057253e-03 -6.76311870e-03
-7.19624562e-01 8.60549264e-03 5.39762684e-04 3.61491617e-03 -6.70357282e-03
-7.18533244e-01 8.57063241e-03 5.57650859e-04 3.63909315e-03 -6.64376990e-03
-7.17440155e-01 8.53571983e-03 5.74529027e-04 3.66309749e-03 -6.58372495e-03
-7.16345296e-01 8.50075788e-03 5.90397774e-04 3.68692371e-03 -6.52345319e-03
-7.15248670e-01 8.46574985e-03 6.05257623e-04 3.71056685e-03 -6.46297004e-03
-7.14150280e-01 8.43069946e-03 6.19109025e-04 3.73402241e-03 -6.40229113e-03
-7.13050130e-01 8.39561076e-03 6.31952353e-04 3.75728635e-03 -6.34143233e-03
-7.11948220e-01 8.36048822e-03 6.43787902e-04 3.78035509e-03 -6.28040976e-03
-7.10844555e-01 8.32533668e-03 6.54615887e-04 3.80322546e-03 -6.21923977e-03
-7.09739137e-01 8.29016138e-03 6.64436441e-04 3.82589471e-03 -6.15793899e-03
-7.08631969e-01 8.25496794e-03 6.73249620e-04 3.84836046e-03 -6.09652432e-03
-7.07523053e-01 8.21976240e-03 6.81055408e-04 3.87062071e-03 -6.03501296e-03
-7.06412392e-01 8.18455119e-03 6.87853718e-04 3.89267380e-03 -5.97342238e-03
-7.05299989e-01 8.14934115e-03 6.93644400e-04 3.91451838e-03 -5.91177039e-03
-7.04185846e-01 8.11413950e-03 6.98427254e-04 3.93615343e-03 -5.85007508e-03
-7.03069967e-01 8.07895389e-03 7.02202034e-04 3.95757816e-03 -5.78835487e-03
-7.01952354e-01 8.04379235e-03 7.04968464e-04 3.97879206e-03 -5.72662854e-03
-7.00833010e-01 8.00866331e-03 7.06726247e-04 3.99979486e-03 -5.66491516e-03
-6.99711937e-01 7.97357558e-03 7.07475085e-04 4.02058646e-03 -5.60323418e-03
-6.98589139e-01 7.93853838e-03 7.07214687e-04 4.04116697e-03 -5.54160537e-03
-6.97464618e-01 7.90356130e-03 7.05944794e-04 4.06153664e-03 -5.48004886e-03
-6.96338377e-01 7.86865432e-03 7.03665192e-04 4.08169586e-03 -5.41858513e-03
-6.95210419e-01 7.83382776e-03 7.00375733e-04 4.10164511e-03 -5.35723502e-03
-6.94080746e-01 7.79909233e-03 6.96076354e-04 4.12138499e-03 -5.29601971e-03
-6.92949362e-01 7.76445910e-03 6.90767102e-04 4.14091613e-03 -5.23496076e-03
-6.91816268e-01 7.72993945e-03 6.84448154e-04 4.16023920e-03 -5.17408006e-03
-6.90681469e-01 7.69554513e-03 6.77119839e-04 4.17935489e-03 -5.11339987e-03
-6.89544966e-01 7.66128819e-03 6.68782665e-04 4.19826389e-03 -5.05294276e-03
-6.88406763e-01 7.62718101e-03 6.59437342e-04 4.21696684e-03 -4.99273170e-03
-6.87266861e-01 7.59323626e-03 6.49084806e-04 4.23546434e-03 -4.93278993e-03
-6.86125265e-01 7.55946689e-03 6.37726250e-04 4.25375690e-03 -4.87314108e-03
-6.84981977e-01 7.52588614e-03 6.25363143e-04 4.27184497e-03 -4.81380906e-03
-6.83837000e-01 7.49250750e-03 6.11997264e-04 4.28972884e-03 -4.75481810e-03
-6.82690336e-01 7.45934470e-03 5.97630721e-04 4.30740871e-03 -4.69619273e-03
-6.81541988e-01 7.42641172e-03 5.82265985e-04 4.32488460e-03 -4.63795777e-03
-6.80391960e-01 7.39372272e-03 5.65905914e-04 4.34215637e-03 -4.58013831e-03
-6.79240254e-01 7.36129208e-03 5.48553779e-04 4.35922369e-03 -4.52275969e-03
-6.78086872e-01 7.32913434e-03 5.30213291e-04 4.37608605e-03 -4.46584751e-03
-6.76931818e-01 7.29726423e-03 5.10888631e-04 4.39274270e-03 -4.40942759e-03
-6.75775095e-01 7.26569660e-03 4.90584470e-04 4.40919266e-03 -4.35352594e-03
-6.74616706e-01 7.23444643e-03 4.69306000e-04 4.42543474e-03 -4.29816878e-03
-6.73456652e-01 7.20352879e-03 4.47058958e-04 4.44146745e-03 -4.24338249e-03
-6.72294938e-01 7.17295888e-03 4.23849648e-04 4.45728908e-03 -4.18919359e-03
-6.71131566e-01 7.14275191e-03 3.99684969e-04 4.47289761e-03 -4.13562871e-03
-6.69966538e-01 7.11292319e-03 3.74572432e-04 4.48829077e-03 -4.08271462e-03
-6.68799859e-01 7.08348802e-03 3.48520188e-04 4.50346597e-03 -4.03047811e-03
-6.67631530e-01 7.05446171e-03 3.21537049e-04 4.51842036e-03 -3.97894606e-03
-6.66461554e-01 7.02585958e-03 2.93632502e-04 4.53315075e-03 -3.92814535e-03
-6.65289935e-01 6.99769689e-03 2.64816734e-04 4.54765367e-03 -3.87810285e-03
-6.64116675e-01 6.96998885e-03 2.35100648e-04 4.56192534e-03 -3.82884540e-03
-6.62941778e-01 6.94275060e-03 2.04495877e-04 4.57596168e-03 -3.78039977e-03
-6.61765245e-01 6.91599718e-03 1.73014804e-04 4.58975827e-03 -3.73279265e-03
-6.60587080e-01 6.88974350e-03 1.40670570e-04 4.60331041e-03 -3.68605058e-03
-6.59407287e-01 6.86400435e-03 1.07477090e-04 4.61661308e-03 -3.64019995e-03
-6.58225867e-01 6.83879434e-03 7.34490638e-05 4.62966097e-03 -3.59526696e-03
-6.57042824e-01 6.81412790e-03 3.86019814e-05 4.64244846e-03 -3.55127758e-03
-6.55858160e-01 6.79001928e-03 2.95213438e-06 4.65496962e-03 -3.50825753e-03
-6.54671879e-01 6.76648249e-03 -3.34833804e-05 4.66721826e-03 -3.46623224e-03
-6.53483983e-01 6.74353128e-03 -7.06866562e-05 4.67918789e-03 -3.42522681e-03
-6.52294476e-01 6.72117916e-03 -1.08638975e-04 4.69087174e-03 -3.38526597e-03
-6.51103360e-01 6.69943936e-03 -1.47320804e-04 4.70226281e-03 -3.34637407e-03
-6.49910639e-01 6.67832478e-03 -1.86711803e-04 4.71335379e-03 -3.30857501e-03
-6.48716314e-01 6.65784803e-03 -2.26790821e-04 4.72413718e-03 -3.27189226e-03
-6.47520390e-01 6.63802134e-03 -2.67535905e-04 4.73460522e-03 -3.23634876e-03
-6.46322869e-01 6.61885661e-03 -3.08924305e-04 4.74474994e-03 -3.20196691e-03
-6.45123754e-01 6.60036536e-03 -3.50932483e-04 4.75456315e-03 -3.16876857e-03
-6.43923048e-01 6.58255868e-03 -3.93536127e-04 4.76403649e-03 -3.13677496e-03
-6.42720754e-01 6.56544729e-03 -4.36710156e-04 4.77316141e-03 -3.10600669e-03
-6.41516875e-01 6.54904144e-03 -4.80428741e-04 4.78192921e-03 -3.07648367e-03
-6.40311414e-01 6.53335095e-03 -5.24665318e-04 4.79033103e-03 -3.04822512e-03
-6.39104373e-01 6.51838518e-03 -5.69392605e-04 4.79835790e-03 -3.02124951e-03
-6.37895757e-01 6.50415299e-03 -6.14582624e-04 4.80600075e-03 -2.99557454e-03
-6.36685567e-01 6.49066277e-03 -6.60206718e-04 4.81325038e-03 -2.97121709e-03
-6.35473807e-01 6.47792237e-03 -7.06235579e-04 4.82009756e-03 -2.94819321e-03
-6.34260480e-01 6.46593913e-03 -7.52639270e-04 4.82653298e-03 -2.92651808e-03
-6.33045589e-01 6.45471987e-03 -7.99387250e-04 4.83254732e-03 -2.90620598e-03
-6.31829137e-01 6.44427083e-03 -8.46448404e-04 4.83813123e-03 -2.88727024e-03
-6.30611126e-01 6.43459769e-03 -8.93791068e-04 4.84327537e-03 -2.86972324e-03
-6.29391561e-01 6.42570558e-03 -9.41383067e-04 4.84797043e-03 -2.85357639e-03
-6.28170443e-01 6.41759902e-03 -9.89191738e-04 4.85220715e-03 -2.83884007e-03
-6.26947776e-01 6.41028194e-03 -1.03718397e-03 4.85597634e-03 -2.82552360e-03
-6.25723562e-01 6.40375766e-03 -1.08532624e-03 4.85926890e-03 -2.81363527e-03
-6.24497806e-01 6.39802891e-03 -1.13358463e-03 4.86207584e-03 -2.80318225e-03
-6.23270509e-01 6.39309775e-03 -1.18192490e-03 4.86438830e-03 -2.79417062e-03
-6.22041676e-01 6.38896566e-03 -1.23031249e-03 4.86619759e-03 -2.78660531e-03
-6.20811308e-01 6.38563343e-03 -1.27871258e-03 4.86749517e-03 -2.78049010e-03
-6.19579410e-01 6.38310125e-03 -1.32709011e-03 4.86827271e-03 -2.77582760e-03
-6.18345983e-01 6.38136864e-03 -1.37540984e-03 4.86852210e-03 -2.77261924e-03
-6.17111031e-01 6.38043445e-03 -1.42363639e-03 4.86823547e-03 -2.77086523e-03
-6.15874558e-01 6.38029690e-03 -1.47173427e-03 4.86740520e-03 -2.77056457e-03
-6.14636565e-01 6.38095352e-03 -1.51966791e-03 4.86602395e-03 -2.77171501e-03
-6.13397057e-01 6.38240119e-03 -1.56740176e-03 4.86408467e-03 -2.77431309e-03
-6.12156036e-01 6.38463610e-03 -1.61490025e-03 4.86158065e-03 -2.77835405e-03
-6.10913506e-01 6.38765380e-03 -1.66212790e-03 4.85850550e-03 -2.78383191e-03
-6.09669468e-01 6.39144913e-03 -1.70904932e-03 4.85485318e-03 -2.79073941e-03
-6.08423928e-01 6.39601630e-03 -1.75562929e-03 4.85061805e-03 -2.79906799e-03
-6.07176887e-01 6.40134881e-03 -1.80183276e-03 4.84579482e-03 -2.80880786e-03
-6.05928348e-01 6.40743952e-03 -1.84762495e-03 4.84037866e-03 -2.81994790e-03
-6.04678315e-01 6.41428059e-03 -1.89297132e-03 4.83436511e-03 -2.83247574e-03
-6.03426791e-01 6.42186354e-03 -1.93783768e-03 4.82775019e-03 -2.84637774e-03
-6.02173778e-01 6.43017922e-03 -1.98219020e-03 4.82053037e-03 -2.86163897e-03
-6.00919281e-01 6.43921780e-03 -2.02599544e-03 4.81270257e-03 -2.87824323e-03
-5.99663302e-01 6.44896884e-03 -2.06922041e-03 4.80426422e-03 -2.89617306e-03
-5.98405843e-01 6.45942119e-03 -2.11183261e-03 4.79521323e-03 -2.91540976e-03
-5.97146909e-01 6.47056311e-03 -2.15380007e-03 4.78554803e-03 -2.93593337e-03
-5.95886503e-01 6.48238220e-03 -2.19509137e-03 4.77526756e-03 -2.95772270e-03
-5.94624627e-01 6.49486541e-03 -2.23567569e-03 4.76437131e-03 -2.98075535e-03
-5.93361284e-01 6.50799910e-03 -2.27552286e-03 4.75285931e-03 -3.00500771e-03
-5.92096478e-01 6.52176901e-03 -2.31460336e-03 4.74073213e-03 -3.03045499e-03
-5.90830212e-01 6.53616025e-03 -2.35288841e-03 4.72799090e-03 -3.05707122e-03
-5.89562488e-01 6.55115735e-03 -2.39034994e-03 4.71463733e-03 -3.08482930e-03
-5.88293311e-01 6.56674426e-03 -2.42696065e-03 4.70067371e-03 -3.11370100e-03
-5.87022683e-01 6.58290435e-03 -2.46269405e-03 4.68610289e-03 -3.14365696e-03
-5.85750607e-01 6.59962042e-03 -2.49752450e-03 4.67092832e-03 -3.17466679e-03
-5.84477087e-01 6.61687472e-03 -2.53142718e-03 4.65515403e-03 -3.20669900e-03
-5.83202125e-01 6.63464898e-03 -2.56437818e-03 4.63878465e-03 -3.23972113e-03
-5.81925725e-01 6.65292437e-03 -2.59635450e-03 4.62182540e-03 -3.27369968e-03
-5.80647890e-01 6.67168158e-03 -2.62733404e-03 4.60428210e-03 -3.30860020e-03
-5.79368623e-01 6.69090079e-03 -2.65729570e-03 4.58616117e-03 -3.34438734e-03
-5.78087927e-01 6.71056170e-03 -2.68621932e-03 4.56746960e-03 -3.38102480e-03
-5.76805805e-01 6.73064352e-03 -2.71408574e-03 4.54821501e-03 -3.41847547e-03
-5.75522261e-01 6.75112506e-03 -2.74087682e-03 4.52840559e-03 -3.45670138e-03
-5.74237298e-01 6.77198464e-03 -2.76657542e-03 4.50805012e-03 -3.49566380e-03
-5.72950918e-01 6.79320020e-03 -2.79116544e-03 4.48715795e-03 -3.53532322e-03
-5.71663126e-01 6.81474927e-03 -2.81463186e-03 4.46573904e-03 -3.57563944e-03
-5.70373923e-01 6.83660900e-03 -2.83696068e-03 4.44380389e-03 -3.61657160e-03
-5.69083314e-01 6.85875617e-03 -2.85813897e-03 4.42136359e-03 -3.65807820e-03
-5.67791302e-01 6.88116724e-03 -2.87815489e-03 4.39842975e-03 -3.70011715e-03
-5.66497889e-01 6.90381831e-03 -2.89699767e-03 4.37501458e-03 -3.74264585e-03
-5.65203079e-01 6.92668521e-03 -2.91465760e-03 4.35113077e-03 -3.78562118e-03
-5.63906875e-01 6.94974348e-03 -2.93112608e-03 4.32679158e-03 -3.82899959e-03
-5.62609281e-01 6.97296838e-03 -2.94639556e-03 4.30201077e-03 -3.87273710e-03
-5.61310299e-01 6.99633497e-03 -2.96045960e-03 4.27680259e-03 -3.91678942e-03
-5.60009933e-01 7.01981805e-03 -2.97331280e-03 4.25118180e-03 -3.96111191e-03
-5.58708186e-01 7.04339226e-03 -2.98495086e-03 4.22516363e-03 -4.00565969e-03
-5.57405060e-01 7.06703205e-03 -2.99537053e-03 4.19876377e-03 -4.05038769e-03
-5.56100561e-01 7.09071172e-03 -3.00456962e-03 4.17199834e-03 -4.09525065e-03
-5.54794689e-01 7.11440547e-03 -3.01254696e-03 4.14488392e-03 -4.14020320e-03
-5.53487450e-01 7.13808738e-03 -3.01930245e-03 4.11743747e-03 -4.18519995e-03
-5.52178845e-01 7.16173146e-03 -3.02483699e-03 4.08967637e-03 -4.23019545e-03
-5.50868879e-01 7.18531167e-03 -3.02915250e-03 4.06161836e-03 -4.27514432e-03
-5.49557555e-01 7.20880194e-03 -3.03225187e-03 4.03328156e-03 -4.32000127e-03
-5.48244874e-01 7.23217623e-03 -3.03413900e-03 4.00468439e-03 -4.36472115e-03
-5.46930842e-01 7.25540848e-03 -3.03481872e-03 3.97584563e-03 -4.40925901e-03
-5.45615461e-01 7.27847272e-03 -3.03429682e-03 3.94678432e-03 -4.45357012e-03
-5.44298735e-01 7.30134305e-03 -3.03258001e-03 3.91751981e-03 -4.49761007e-03
-5.42980666e-01 7.32399368e-03 -3.02967588e-03 3.88807168e-03 -4.54133480e-03
-5.41661258e-01 7.34639894e-03 -3.02559294e-03 3.85845976e-03 -4.58470062e-03
-5.40340514e-01 7.36853334e-03 -3.02034051e-03 3.82870408e-03 -4.62766430e-03
-5.39018438e-01 7.39037156e-03 -3.01392879e-03 3.79882485e-03 -4.67018310e-03
-5.37695032e-01 7.41188852e-03 -3.00636876e-03 3.76884247e-03 -4.71221484e-03
-5.36370301e-01 7.43305935e-03 -2.99767220e-03 3.73877747e-03 -4.75371792e-03
-5.35044246e-01 7.45385949e-03 -2.98785166e-03 3.70865048e-03 -4.79465136e-03
-5.33716872e-01 7.47426464e-03 -2.97692041e-03 3.67848224e-03 -4.83497489e-03
-5.32388182e-01 7.49425085e-03 -2.96489245e-03 3.64829356e-03 -4.87464897e-03
-5.31058179e-01 7.51379452e-03 -2.95178245e-03 3.61810530e-03 -4.91363484e-03
-5.29726866e-01 7.53287243e-03 -2.93760575e-03 3.58793831e-03 -4.95189454e-03
-5.28394247e-01 7.55146177e-03 -2.92237831e-03 3.55781348e-03 -4.98939102e-03
-5.27060325e-01 7.56954017e-03 -2.90611671e-03 3.52775164e-03 -5.02608808e-03
-5.25725102e-01 7.58708571e-03 -2.88883811e-03 3.49777358e-03 -5.06195052e-03
-5.24388584e-01 7.60407697e-03 -2.87056020e-03 3.46790000e-03 -5.09694411e-03
-5.23050772e-01 7.62049306e-03 -2.85130121e-03 3.43815152e-03 -5.13103565e-03
-5.21711670e-01 7.63631362e-03 -2.83107988e-03 3.40854861e-03 -5.16419300e-03
-5.20371281e-01 7.65151886e-03 -2.80991540e-03 3.37911160e-03 -5.19638514e-03
-5.19029610e-01 7.66608960e-03 -2.78782742e-03 3.34986065e-03 -5.22758218e-03
-5.17686658e-01 7.68000726e-03 -2.76483599e-03 3.32081571e-03 -5.25775541e-03
-5.16342429e-01 7.69325393e-03 -2.74096156e-03 3.29199652e-03 -5.28687730e-03
-5.14996927e-01 7.70581236e-03 -2.71622497e-03 3.26342255e-03 -5.31492159e-03
-5.13650155e-01 7.71766601e-03 -2.69064736e-03 3.23511304e-03 -5.34186327e-03
-5.12302117e-01 7.72879904e-03 -2.66425021e-03 3.20708690e-03 -5.36767861e-03
-5.10952815e-01 7.73919636e-03 -2.63705529e-03 3.17936276e-03 -5.39234522e-03
-5.09602252e-01 7.74884365e-03 -2.60908463e-03 3.15195888e-03 -5.41584204e-03
-5.08250433e-01 7.75772737e-03 -2.58036051e-03 3.12489319e-03 -5.43814937e-03
-5.06897361e-01 7.76583480e-03 -2.55090544e-03 3.09818325e-03 -5.45924892e-03
-5.05543038e-01 7.77315404e-03 -2.52074209e-03 3.07184618e-03 -5.47912377e-03
-5.04187469e-01 7.77967403e-03 -2.48989336e-03 3.04589874e-03 -5.49775845e-03
-5.02830656e-01 7.78538459e-03 -2.45838227e-03 3.02035721e-03 -5.51513892e-03
-5.01472604e-01 7.79027640e-03 -2.42623198e-03 2.99523743e-03 -5.53125257e-03
-5.00113314e-01 7.79434107e-03 -2.39346578e-03 2.97055478e-03 -5.54608827e-03
-4.98752791e-01 7.79757111e-03 -2.36010703e-03 2.94632413e-03 -5.55963637e-03
-4.97391039e-01 7.79995995e-03 -2.32617921e-03 2.92255986e-03 -5.57188866e-03
-4.96028059e-01 7.80150198e-03 -2.29170581e-03 2.89927584e-03 -5.58283846e-03
-4.94663856e-01 7.80219253e-03 -2.25671040e-03 2.87648537e-03 -5.59248054e-03
-4.93298434e-01 7.80202792e-03 -2.22121657e-03 2.85420124e-03 -5.60081116e-03
-4.91931794e-01 7.80100542e-03 -2.18524792e-03 2.83243566e-03 -5.60782810e-03
-4.90563942e-01 7.79912330e-03 -2.14882803e-03 2.81120027e-03 -5.61353058e-03
-4.89194880e-01 7.79638082e-03 -2.11198049e-03 2.79050612e-03 -5.61791932e-03
-4.87824611e-01 7.79277825e-03 -2.07472885e-03 2.77036368e-03 -5.62099651e-03
-4.86453139e-01 7.78831684e-03 -2.03709661e-03 2.75078280e-03 -5.62276581e-03
-4.85080468e-01 7.78299887e-03 -1.99910723e-03 2.73177273e-03 -5.62323232e-03
-4.83706600e-01 7.77682763e-03 -1.96078408e-03 2.71334210e-03 -5.62240258e-03
-4.82331539e-01 7.76980740e-03 -1.92215048e-03 2.69549889e-03 -5.62028457e-03
-4.80955289e-01 7.76194350e-03 -1.88322966e-03 2.67825050e-03 -5.61688765e-03
-4.79577853e-01 7.75324223e-03 -1.84404473e-03 2.66160364e-03 -5.61222259e-03
-4.78199234e-01 7.74371092e-03 -1.80461872e-03 2.64556442e-03 -5.60630153e-03
-4.76819436e-01 7.73335788e-03 -1.76497453e-03 2.63013828e-03 -5.59913793e-03
-4.75438462e-01 7.72219244e-03 -1.72513496e-03 2.61533005e-03 -5.59074660e-03
-4.74056315e-01 7.71022488e-03 -1.68512266e-03 2.60114389e-03 -5.58114362e-03
-4.72672999e-01 7.69746648e-03 -1.64496016e-03 2.58758333e-03 -5.57034636e-03
-4.71288518e-01 7.68392949e-03 -1.60466983e-03 2.57465126e-03 -5.55837341e-03
-4.69902874e-01 7.66962710e-03 -1.56427392e-03 2.56234992e-03 -5.54524455e-03
-4.68516071e-01 7.65457344e-03 -1.52379450e-03 2.55068095e-03 -5.53098077e-03
-4.67128113e-01 7.63878358e-03 -1.48325350e-03 2.53964532e-03 -5.51560416e-03
-4.65739003e-01 7.62227349e-03 -1.44267268e-03 2.52924339e-03 -5.49913793e-03
-4.64348744e-01 7.60506001e-03 -1.40207363e-03 2.51947493e-03 -5.48160634e-03
-4.62957340e-01 7.58716088e-03 -1.36147776e-03 2.51033907e-03 -5.46303469e-03
-4.61564795e-01 7.56859466e-03 -1.32090633e-03 2.50183436e-03 -5.44344924e-03
-4.60171111e-01 7.54938077e-03 -1.28038038e-03 2.49395873e-03 -5.42287720e-03
-4.58776292e-01 7.52953939e-03 -1.23992079e-03 2.48670958e-03 -5.40134668e-03
-4.57380342e-01 7.50909151e-03 -1.19954825e-03 2.48008369e-03 -5.37888663e-03
-4.55983264e-01 7.48805885e-03 -1.15928324e-03 2.47407732e-03 -5.35552682e-03
-4.54585061e-01 7.46646387e-03 -1.11914605e-03 2.46868617e-03 -5.33129777e-03
-4.53185738e-01 7.44432970e-03 -1.07915678e-03 2.46390541e-03 -5.30623072e-03
-4.51785296e-01 7.42168014e-03 -1.03933530e-03 2.45972971e-03 -5.28035755e-03
-4.50383741e-01 7.39853962e-03 -9.99701290e-04 2.45615323e-03 -5.25371078e-03
-4.48981074e-01 7.37493318e-03 -9.60274199e-04 2.45316965e-03 -5.22632350e-03
-4.47577301e-01 7.35088641e-03 -9.21073266e-04 2.45077218e-03 -5.19822927e-03
-4.46172424e-01 7.32642542e-03 -8.82117500e-04 2.44895358e-03 -5.16946216e-03
-4.44766446e-01 7.30157682e-03 -8.43425683e-04 2.44770619e-03 -5.14005663e-03
-4.43359371e-01 7.27636768e-03 -8.05016361e-04 2.44702192e-03 -5.11004749e-03
-4.41951203e-01 7.25082548e-03 -7.66907839e-04 2.44689232e-03 -5.07946987e-03
-4.40541946e-01 7.22497808e-03 -7.29118175e-04 2.44730853e-03 -5.04835915e-03
-4.39131601e-01 7.19885368e-03 -6.91665175e-04 2.44826135e-03 -5.01675091e-03
-4.37720174e-01 7.17248078e-03 -6.54566386e-04 2.44974126e-03 -4.98468087e-03
-4.36307667e-01 7.14588812e-03 -6.17839089e-04 2.45173840e-03 -4.95218486e-03
-4.34894084e-01 7.11910467e-03 -5.81500291e-04 2.45424265e-03 -4.91929874e-03
-4.33479429e-01 7.09215959e-03 -5.45566720e-04 2.45724361e-03 -4.88605836e-03
-4.32063705e-01 7.06508214e-03 -5.10054816e-04 2.46073061e-03 -4.85249953e-03
-4.30646915e-01 7.03790169e-03 -4.74980719e-04 2.46469277e-03 -4.81865793e-03
-4.29229063e-01 7.01064765e-03 -4.40360267e-04 2.46911903e-03 -4.78456907e-03
-4.27810152e-01 6.98334943e-03 -4.06208984e-04 2.47399809e-03 -4.75026826e-03
-4.26390187e-01 6.95603640e-03 -3.72542069e-04 2.47931855e-03 -4.71579054e-03
-4.24969170e-01 6.92873786e-03 -3.39374389e-04 2.48506883e-03 -4.68117063e-03
-4.23547105e-01 6.90148296e-03 -3.06720466e-04 2.49123724e-03 -4.64644292e-03
-4.22123995e-01 6.87430070e-03 -2.74594472e-04 2.49781200e-03 -4.61164135e-03
-4.20699844e-01 6.84721985e-03 -2.43010213e-04 2.50478126e-03 -4.57679944e-03
-4.19274656e-01 6.82026894e-03 -2.11981120e-04 2.51213310e-03 -4.54195018e-03
-4.17848434e-01 6.79347620e-03 -1.81520238e-04 2.51985558e-03 -4.50712605e-03
-4.16421181e-01 6.76686950e-03 -1.51640214e-04 2.52793675e-03 -4.47235892e-03
-4.14992902e-01 6.74047634e-03 -1.22353286e-04 2.53636466e-03 -4.43768004e-03
-4.13563599e-01 6.71432382e-03 -9.36712706e-05 2.54512738e-03 -4.40312000e-03
-4.12133276e-01 6.68843855e-03 -6.56055511e-05 2.55421306e-03 -4.36870868e-03
-4.10701936e-01 6.66284665e-03 -3.81670646e-05 2.56360988e-03 -4.33447521e-03
-4.09269584e-01 6.63757369e-03 -1.13662900e-05 2.57330612e-03 -4.30044796e-03
-4.07836222e-01 6.61264467e-03 1.47867645e-05 2.58329016e-03 -4.26665446e-03
-4.06401855e-01 6.58808399e-03 4.02825740e-05 2.59355050e-03 -4.23312142e-03
-4.04966485e-01 6.56391536e-03 6.51121092e-05 2.60407578e-03 -4.19987467e-03
-4.03530117e-01 6.54016185e-03 8.92668495e-05 2.61485479e-03 -4.16693914e-03
-4.02092753e-01 6.51684578e-03 1.12738795e-04 2.62587647e-03 -4.13433882e-03
-4.00654398e-01 6.49398875e-03 1.35520479e-04 2.63712997e-03 -4.10209674e-03
-3.99215055e-01 6.47161154e-03 1.57604981e-04 2.64860462e-03 -4.07023498e-03
-3.97774727e-01 6.44973415e-03 1.78985936e-04 2.66028994e-03 -4.03877460e-03
-3.96333418e-01 6.42837575e-03 1.99657551e-04 2.67217571e-03 -4.00773563e-03
-3.94891132e-01 6.40755461e-03 2.19614612e-04 2.68425190e-03 -3.97713709e-03
-3.93447872e-01 6.38728813e-03 2.38852497e-04 2.69650875e-03 -3.94699694e-03
-3.92003642e-01 6.36759281e-03 2.57367188e-04 2.70893673e-03 -3.91733206e-03
-3.90558445e-01 6.34848420e-03 2.75155279e-04 2.72152658e-03 -3.88815828e-03
-3.89112285e-01 6.32997689e-03 2.92213989e-04 2.73426931e-03 -3.85949032e-03
-3.87665165e-01 6.31208452e-03 3.08541166e-04 2.74715618e-03 -3.83134184e-03
-3.86217089e-01 6.29481972e-03 3.24135303e-04 2.76017877e-03 -3.80372536e-03
-3.84768060e-01 6.27819412e-03 3.38995541e-04 2.77332890e-03 -3.77665234e-03
-3.83318083e-01 6.26221834e-03 3.53121678e-04 2.78659871e-03 -3.75013312e-03
-3.81867160e-01 6.24690198e-03 3.66514176e-04 2.79998061e-03 -3.72417694e-03
-3.80415296e-01 6.23225357e-03 3.79174169e-04 2.81346732e-03 -3.69879193e-03
-3.78962493e-01 6.21828063e-03 3.91103464e-04 2.82705184e-03 -3.67398516e-03
-3.77508756e-01 6.20498962e-03 4.02304551e-04 2.84072748e-03 -3.64976258e-03
-3.76054088e-01 6.19238593e-03 4.12780602e-04 2.85448783e-03 -3.62612908e-03
-3.74598493e-01 6.18047391e-03 4.22535476e-04 2.86832678e-03 -3.60308848e-03
-3.73141973e-01 6.16925687e-03 4.31573722e-04 2.88223851e-03 -3.58064356e-03
-3.71684534e-01 6.15873703e-03 4.39900576e-04 2.89621749e-03 -3.55879602e-03
-3.70226177e-01 6.14891558e-03 4.47521967e-04 2.91025846e-03 -3.53754658e-03
-3.68766908e-01 6.13979268e-03 4.54444508e-04 2.92435646e-03 -3.51689493e-03
-3.67306729e-01 6.13136744e-03 4.60675503e-04 2.93850680e-03 -3.49683977e-03
-3.65845645e-01 6.12363794e-03 4.66222935e-04 2.95270504e-03 -3.47737885e-03
-3.64383658e-01 6.11660125e-03 4.71095468e-04 2.96694702e-03 -3.45850897e-03
-3.62920772e-01 6.11025345e-03 4.75302439e-04 2.98122882e-03 -3.44022599e-03
-3.61456992e-01 6.10458962e-03 4.78853850e-04 2.99554679e-03 -3.42252491e-03
-3.59992320e-01 6.09960388e-03 4.81760365e-04 3.00989748e-03 -3.40539983e-03
-3.58526760e-01 6.09528940e-03 4.84033295e-04 3.02427770e-03 -3.38884404e-03
-3.57060317e-01 6.09163841e-03 4.85684592e-04 3.03868446e-03 -3.37284999e-03
-3.55592992e-01 6.08864223e-03 4.86726838e-04 3.05311499e-03 -3.35740938e-03
-3.54124791e-01 6.08629131e-03 4.87173231e-04 3.06756669e-03 -3.34251314e-03
-3.52655716e-01 6.08457523e-03 4.87037571e-04 3.08203719e-03 -3.32815148e-03
-3.51185772e-01 6.08348273e-03 4.86334247e-04 3.09652426e-03 -3.31431395e-03
-3.49714961e-01 6.08300176e-03 4.85078221e-04 3.11102585e-03 -3.30098944e-03
-3.48243288e-01 6.08311947e-03 4.83285008e-04 3.12554004e-03 -3.28816622e-03
-3.46770756e-01 6.08382229e-03 4.80970662e-04 3.14006508e-03 -3.27583200e-03
-3.45297369e-01 6.08509591e-03 4.78151756e-04 3.15459933e-03 -3.26397392e-03
-3.43823131e-01 6.08692535e-03 4.74845360e-04 3.16914126e-03 -3.25257865e-03
-3.42348044e-01 6.08929497e-03 4.71069018e-04 3.18368945e-03 -3.24163237e-03
-3.40872114e-01 6.09218853e-03 4.66840731e-04 3.19824257e-03 -3.23112083e-03
-3.39395342e-01 6.09558920e-03 4.62178929e-04 3.21279936e-03 -3.22102942e-03
-3.37917734e-01 6.09947961e-03 4.57102448e-04 3.22735864e-03 -3.21134313e-03
-3.36439292e-01 6.10384189e-03 4.51630507e-04 3.24191926e-03 -3.20204666e-03
-3.34960021e-01 6.10865770e-03 4.45782676e-04 3.25648013e-03 -3.19312445e-03
-3.33479923e-01 6.11390826e-03 4.39578856e-04 3.27104018e-03 -3.18456067e-03
-3.31999003e-01 6.11957443e-03 4.33039247e-04 3.28559836e-03 -3.17633930e-03
-3.30517264e-01 6.12563669e-03 4.26184318e-04 3.30015363e-03 -3.16844417e-03
-3.29034710e-01 6.13207522e-03 4.19034782e-04 3.31470494e-03 -3.16085896e-03
-3.27551345e-01 6.13886994e-03 4.11611564e-04 3.32925122e-03 -3.15356730e-03
-3.26067172e-01 6.14600053e-03 4.03935771e-04 3.34379138e-03 -3.14655273e-03
-3.24582195e-01 6.15344649e-03 3.96028659e-04 3.35832430e-03 -3.13979879e-03
-3.23096417e-01 6.16118716e-03 3.87911604e-04 3.37284880e-03 -3.13328905e-03
-3.21609843e-01 6.16920178e-03 3.79606068e-04 3.38736366e-03 -3.12700713e-03
-3.20122475e-01 6.17746953e-03 3.71133569e-04 3.40186760e-03 -3.12093673e-03
-3.18634318e-01 6.18596955e-03 3.62515647e-04 3.41635926e-03 -3.11506169e-03
-3.17145375e-01 6.19468101e-03 3.53773832e-04 3.43083722e-03 -3.10936599e-03
-3.15655650e-01 6.20358310e-03 3.44929610e-04 3.44529997e-03 -3.10383380e-03
-3.14165146e-01 6.21265514e-03 3.36004391e-04 3.45974590e-03 -3.09844952e-03
-3.12673868e-01 6.22187657e-03 3.27019476e-04 3.47417332e-03 -3.09319780e-03
-3.11181819e-01 6.23122697e-03 3.17996023e-04 3.48858046e-03 -3.08806354e-03
-3.09689002e-01 6.24068617e-03 3.08955017e-04 3.50296541e-03 -3.08303197e-03
-3.08195421e-01 6.25023420e-03 2.99917234e-04 3.51732619e-03 -3.07808864e-03
-3.06701080e-01 6.25985140e-03 2.90903212e-04 3.53166070e-03 -3.07321945e-03
-3.05205983e-01 6.26951840e-03 2.81933216e-04 3.54596674e-03 -3.06841070e-03
-3.03710134e-01 6.27921618e-03 2.73027208e-04 3.56024200e-03 -3.06364907e-03
-3.02213535e-01 6.28892612e-03 2.64204818e-04 3.57448406e-03 -3.05892166e-03
-3.00716191e-01 6.29862998e-03 2.55485310e-04 3.58869040e-03 -3.05421603e-03
-2.99218105e-01 6.30830998e-03 2.46887555e-04 3.60285839e-03 -3.04952019e-03
-2.97719282e-01 6.31794879e-03 2.38429999e-04 3.61698530e-03 -3.04482264e-03
-2.96219724e-01 6.32752961e-03 2.30130638e-04 3.63106829e-03 -3.04011234e-03
-2.94719436e-01 6.33703614e-03 2.22006990e-04 3.64510445e-03 -3.03537881e-03
-2.93218420e-01 6.34645264e-03 2.14076065e-04 3.65909076e-03 -3.03061203e-03
-2.91716682e-01 6.35576393e-03 2.06354343e-04 3.67302411e-03 -3.02580257e-03
-2.90214224e-01 6.36495545e-03 1.98857749e-04 3.68690132e-03 -3.02094149e-03
-2.88711051e-01 6.37401325e-03 1.91601627e-04 3.70071914e-03 -3.01602044e-03
-2.87207166e-01 6.38292400e-03 1.84600719e-04 3.71447424e-03 -3.01103160e-03
-2.85702572e-01 6.39167505e-03 1.77869147e-04 3.72816323e-03 -3.00596771e-03
-2.84197274e-01 6.40025440e-03 1.71420385e-04 3.74178269e-03 -3.00082211e-03
-2.82691274e-01 6.40865077e-03 1.65267250e-04 3.75532914e-03 -2.99558867e-03
-2.81184578e-01 6.41685355e-03 1.59421877e-04 3.76879906e-03 -2.99026184e-03
-2.79677188e-01 6.42485284e-03 1.53895704e-04 3.78218892e-03 -2.98483665e-03
-2.78169109e-01 6.43263949e-03 1.48699462e-04 3.79549517e-03 -2.97930868e-03
-2.76660343e-01 6.44020507e-03 1.43843157e-04 3.80871427e-03 -2.97367408e-03
-2.75150895e-01 6.44754186e-03 1.39336058e-04 3.82184266e-03 -2.96792957e-03
-2.73640769e-01 6.45464294e-03 1.35186692e-04 3.83487683e-03 -2.96207241e-03
-2.72129968e-01 6.46150207e-03 1.31402827e-04 3.84781327e-03 -2.95610041e-03
-2.70618495e-01 6.46811382e-03 1.27991472e-04 3.86064853e-03 -2.95001193e-03
-2.69106356e-01 6.47447347e-03 1.24958866e-04 3.87337921e-03 -2.94380584e-03
-2.67593552e-01 6.48057706e-03 1.22310477e-04 3.88600197e-03 -2.93748154e-03
-2.66080089e-01 6.48642137e-03 1.20050998e-04 3.89851354e-03 -2.93103893e-03
-2.64565969e-01 6.49200394e-03 1.18184345e-04 3.91091077e-03 -2.92447841e-03
-2.63051197e-01 6.49732303e-03 1.16713659e-04 3.92319056e-03 -2.91780086e-03
-2.61535776e-01 6.50237762e-03 1.15641305e-04 3.93534997e-03 -2.91100763e-03
-2.60019711e-01 6.50716743e-03 1.14968879e-04 3.94738615e-03 -2.90410050e-03
-2.58503004e-01 6.51169287e-03 1.14697212e-04 3.95929641e-03 -2.89708170e-03
-2.56985659e-01 6.51595506e-03 1.14826374e-04 3.97107819e-03 -2.88995388e-03
-2.55467681e-01 6.51995580e-03 1.15355684e-04 3.98272909e-03 -2.88272007e-03
-2.53949073e-01 6.52369756e-03 1.16283719e-04 3.99424690e-03 -2.87538368e-03
-2.52429838e-01 6.52718346e-03 1.17608327e-04 4.00562955e-03 -2.86794851e-03
-2.50909981e-01 6.53041727e-03 1.19326634e-04 4.01687520e-03 -2.86041865e-03
-2.49389505e-01 6.53340336e-03 1.21435062e-04 4.02798219e-03 -2.85279855e-03
-2.47868414e-01 6.53614672e-03 1.23929343e-04 4.03894907e-03 -2.84509294e-03
-2.46346712e-01 6.53865292e-03 1.26804534e-04 4.04977461e-03 -2.83730682e-03
-2.44824402e-01 6.54092807e-03 1.30055036e-04 4.06045782e-03 -2.82944546e-03
-2.43301489e-01 6.54297884e-03 1.33674612e-04 4.07099792e-03 -2.82151434e-03
-2.41777975e-01 6.54481239e-03 1.37656406e-04 4.08139440e-03 -2.81351916e-03
-2.40253865e-01 6.54643640e-03 1.41992965e-04 4.09164697e-03 -2.80546582e-03
-2.38729163e-01 6.54785900e-03 1.46676261e-04 4.10175562e-03 -2.79736035e-03
-2.37203872e-01 6.54908875e-03 1.51697714e-04 4.11172058e-03 -2.78920897e-03
-2.35677996e-01 6.55013464e-03 1.57048213e-04 4.12154237e-03 -2.78101796e-03
-2.34151539e-01 6.55100605e-03 1.62718146e-04 4.13122175e-03 -2.77279374e-03
-2.32624504e-01 6.55171271e-03 1.68697421e-04 4.14075979e-03 -2.76454278e-03
-2.31096895e-01 6.55226469e-03 1.74975494e-04 4.15015780e-03 -2.75627161e-03
-2.29568717e-01 6.55267237e-03 1.81541394e-04 4.15941739e-03 -2.74798678e-03
-2.28039973e-01 6.55294640e-03 1.88383756e-04 4.16854044e-03 -2.73969486e-03
-2.26510666e-01 6.55309769e-03 1.95490842e-04 4.17752911e-03 -2.73140239e-03
-2.24980800e-01 6.55313737e-03 2.02850572e-04 4.18638585e-03 -2.72311587e-03
-2.23450380e-01 6.55307674e-03 2.10450556e-04 4.19511337e-03 -2.71484176e-03
-2.21919408e-01 6.55292729e-03 2.18278119e-04 4.20371467e-03 -2.70658643e-03
-2.20387890e-01 6.55270065e-03 2.26320330e-04 4.21219302e-03 -2.69835615e-03
-2.18855828e-01 6.55240854e-03 2.34564036e-04 4.22055196e-03 -2.69015708e-03
-2.17323226e-01 6.55206276e-03 2.42995888e-04 4.22879530e-03 -2.68199523e-03
-2.15790088e-01 6.55167518e-03 2.51602370e-04 4.23692710e-03 -2.67387649e-03
-2.14256418e-01 6.55125767e-03 2.60369832e-04 4.24495170e-03 -2.66580654e-03
-2.12722219e-01 6.55082211e-03 2.69284515e-04 4.25287366e-03 -2.65779090e-03
-2.11187496e-01 6.55038036e-03 2.78332585e-04 4.26069781e-03 -2.64983487e-03
-2.09652252e-01 6.54994420e-03 2.87500157e-04 4.26842919e-03 -2.64194355e-03
-2.08116491e-01 6.54952535e-03 2.96773328e-04 4.27607309e-03 -2.63412180e-03
-2.06580217e-01 6.54913540e-03 3.06138201e-04 4.28363501e-03 -2.62637422e-03
-2.05043433e-01 6.54878583e-03 3.15580919e-04 4.29112065e-03 -2.61870519e-03
-2.03506144e-01 6.54848795e-03 3.25087682e-04 4.29853592e-03 -2.61111879e-03
-2.01968353e-01 6.54825291e-03 3.34644785e-04 4.30588692e-03 -2.60361884e-03
-2.00430064e-01 6.54809164e-03 3.44238637e-04 4.31317992e-03 -2.59620887e-03
-1.98891280e-01 6.54801486e-03 3.53855787e-04 4.32042136e-03 -2.58889210e-03
-1.97352006e-01 6.54803304e-03 3.63482950e-04 4.32761783e-03 -2.58167147e-03
-1.95812245e-01 6.54815639e-03 3.73107030e-04 4.33477606e-03 -2.57454961e-03
-1.94272002e-01 6.54839486e-03 3.82715144e-04 4.34190293e-03 -2.56752881e-03
-1.92731279e-01 6.54875807e-03 3.92294641e-04 4.34900540e-03 -2.56061107e-03
-1.91190081e-01 6.54925536e-03 4.01833126e-04 4.35609056e-03 -2.55379806e-03
-1.89648411e-01 6.54989573e-03 4.11318479e-04 4.36316559e-03 -2.54709113e-03
-1.88106274e-01 6.55068782e-03 4.20738873e-04 4.37023773e-03 -2.54049130e-03
-1.86563673e-01 6.55163993e-03 4.30082793e-04 4.37731429e-03 -2.53399928e-03
-1.85020611e-01 6.55276001e-03 4.39339055e-04 4.38440264e-03 -2.52761544e-03
-1.83477094e-01 6.55405561e-03 4.48496816e-04 4.39151016e-03 -2.52133985e-03
-1.81933124e-01 6.55553391e-03 4.57545595e-04 4.39864427e-03 -2.51517224e-03
-1.80388705e-01 6.55720167e-03 4.66475282e-04 4.40581240e-03 -2.50911205e-03
-1.78843841e-01 6.55906527e-03 4.75276154e-04 4.41302196e-03 -2.50315841e-03
-1.77298536e-01 6.56113069e-03 4.83938883e-04 4.42028033e-03 -2.49731015e-03
-1.75752795e-01 6.56340349e-03 4.92454547e-04 4.42759489e-03 -2.49156578e-03
-1.74206619e-01 6.56588881e-03 5.00814641e-04 4.43497294e-03 -2.48592357e-03
-1.72660014e-01 6.56859137e-03 5.09011084e-04 4.44242173e-03 -2.48038148e-03
-1.71112983e-01 6.57151550e-03 5.17036222e-04 4.44994844e-03 -2.47493723e-03
-1.69565531e-01 6.57466508e-03 5.24882839e-04 4.45756017e-03 -2.46958826e-03
-1.68017660e-01 6.57804360e-03 5.32544156e-04 4.46526390e-03 -2.46433179e-03
-1.66469374e-01 6.58165414e-03 5.40013840e-04 4.47306653e-03 -2.45916479e-03
-1.64920678e-01 6.58549936e-03 5.47286001e-04 4.48097481e-03 -2.45408405e-03
-1.63371576e-01 6.58958151e-03 5.54355195e-04 4.48899538e-03 -2.44908611e-03
-1.61822070e-01 6.59390247e-03 5.61216424e-04 4.49713472e-03 -2.44416736e-03
-1.60272166e-01 6.59846372e-03 5.67865135e-04 4.50539917e-03 -2.43932400e-03
-1.58721866e-01 6.60326635e-03 5.74297217e-04 4.51379491e-03 -2.43455208e-03
-1.57171175e-01 6.60831110e-03 5.80509002e-04 4.52232793e-03 -2.42984751e-03
-1.55620096e-01 6.61359833e-03 5.86497253e-04 4.53100406e-03 -2.42520608e-03
-1.54068633e-01 6.61912807e-03 5.92259167e-04 4.53982895e-03 -2.42062348e-03
-1.52516790e-01 6.62490000e-03 5.97792365e-04 4.54880803e-03 -2.41609530e-03
-1.50964572e-01 6.63091348e-03 6.03094888e-04 4.55794655e-03 -2.41161708e-03
-1.49411981e-01 6.63716757e-03 6.08165187e-04 4.56724954e-03 -2.40718430e-03
-1.47859021e-01 6.64366103e-03 6.13002119e-04 4.57672183e-03 -2.40279242e-03
-1.46305697e-01 6.65039234e-03 6.17604931e-04 4.58636803e-03 -2.39843688e-03
-1.44752012e-01 6.65735972e-03 6.21973262e-04 4.59619252e-03 -2.39411313e-03
-1.43197970e-01 6.66456114e-03 6.26107121e-04 4.60619948e-03 -2.38981667e-03
-1.41643575e-01 6.67199434e-03 6.30006887e-04 4.61639284e-03 -2.38554302e-03
-1.40088830e-01 6.67965686e-03 6.33673292e-04 4.62677631e-03 -2.38128778e-03
-1.38533740e-01 6.68754603e-03 6.37107410e-04 4.63735336e-03 -2.37704664e-03
-1.36978309e-01 6.69565903e-03 6.40310650e-04 4.64812726e-03 -2.37281540e-03
-1.35422539e-01 6.70399285e-03 6.43284740e-04 4.65910100e-03 -2.36858997e-03
-1.33866436e-01 6.71254438e-03 6.46031716e-04 4.67027739e-03 -2.36436643e-03
-1.32310002e-01 6.72131035e-03 6.48553910e-04 4.68165897e-03 -2.36014100e-03
-1.30753243e-01 6.73028743e-03 6.50853938e-04 4.69324807e-03 -2.35591011e-03
-1.29196160e-01 6.73947219e-03 6.52934687e-04 4.70504678e-03 -2.35167035e-03
-1.27638760e-01 6.74886114e-03 6.54799304e-04 4.71705698e-03 -2.34741857e-03
-1.26081044e-01 6.75845076e-03 6.56451180e-04 4.72928032e-03 -2.34315183e-03
-1.24523017e-01 6.76823749e-03 6.57893942e-04 4.74171822e-03 -2.33886744e-03
-1.22964684e-01 6.77821777e-03 6.59131438e-04 4.75437191e-03 -2.33456299e-03
-1.21406047e-01 6.78838807e-03 6.60167726e-04 4.76724239e-03 -2.33023633e-03
-1.19847110e-01 6.79874487e-03 6.61007060e-04 4.78033044e-03 -2.32588564e-03
-1.18287878e-01 6.80928472e-03 6.61653883e-04 4.79363666e-03 -2.32150937e-03
-1.16728355e-01 6.82000421e-03 6.62112811e-04 4.80716145e-03 -2.31710631e-03
-1.15168543e-01 6.83090005e-03 6.62388626e-04 4.82090500e-03 -2.31267558e-03
-1.13608448e-01 6.84196901e-03 6.62486260e-04 4.83486733e-03 -2.30821665e-03
-1.12048072e-01 6.85320801e-03 6.62410792e-04 4.84904827e-03 -2.30372933e-03
-1.10487420e-01 6.86461406e-03 6.62167433e-04 4.86344747e-03 -2.29921380e-03
-1.08926495e-01 6.87618435e-03 6.61761516e-04 4.87806442e-03 -2.29467059e-03
-1.07365302e-01 6.88791621e-03 6.61198494e-04 4.89289843e-03 -2.29010064e-03
-1.05803844e-01 6.89980713e-03 6.60483923e-04 4.90794866e-03 -2.28550524e-03
-1.04242126e-01 6.91185479e-03 6.59623461e-04 4.92321411e-03 -2.28088607e-03
-1.02680150e-01 6.92405705e-03 6.58622857e-04 4.93869364e-03 -2.27624519e-03
-1.01117920e-01 6.93641197e-03 6.57487946e-04 4.95438596e-03 -2.27158507e-03
-9.95554419e-02 6.94891782e-03 6.56224643e-04 4.97028965e-03 -2.26690855e-03
-9.79927178e-02 6.96157309e-03 6.54838937e-04 4.98640316e-03 -2.26221885e-03
-9.64297521e-02 6.97437648e-03 6.53336884e-04 5.00272479e-03 -2.25751958e-03
-9.48665486e-02 6.98732690e-03 6.51724609e-04 5.01925275e-03 -2.25281474e-03
-9.33031111e-02 7.00042351e-03 6.50008293e-04 5.03598511e-03 -2.24810869e-03
-9.17394435e-02 7.01366569e-03 6.48194178e-04 5.05291984e-03 -2.24340616e-03
-9.01755497e-02 7.02705305e-03 6.46288560e-04 5.07005479e-03 -2.23871224e-03
-8.86114334e-02 7.04058545e-03 6.44297788e-04 5.08738773e-03 -2.23403236e-03
-8.70470987e-02 7.05426294e-03 6.42228262e-04 5.10491629e-03 -2.22937231e-03
-8.54825493e-02 7.06808585e-03 6.40086433e-04 5.12263804e-03 -2.22473818e-03
-8.39177890e-02 7.08205468e-03 6.37878798e-04 5.14055043e-03 -2.22013638e-03
-8.23528218e-02 7.09617019e-03 6.35611908e-04 5.15865082e-03 -2.21557363e-03
-8.07876515e-02 7.11043333e-03 6.33292359e-04 5.17693648e-03 -2.21105690e-03
-7.92222820e-02 7.12484528e-03 6.30926798e-04 5.19540460e-03 -2.20659346e-03
-7.76567171e-02 7.13940739e-03 6.28521923e-04 5.21405228e-03 -2.20219078e-03
-7.60909607e-02 7.15412121e-03 6.26084484e-04 5.23287651e-03 -2.19785659e-03
-7.45250166e-02 7.16898847e-03 6.23621281e-04 5.25187421e-03 -2.19359880e-03
-7.29588887e-02 7.18401106e-03 6.21139172e-04 5.27104223e-03 -2.18942548e-03
-7.13925810e-02 7.19919103e-03 6.18645069e-04 5.29037729e-03 -2.18534490e-03
-6.98260971e-02 7.21453056e-03 6.16145943e-04 5.30987606e-03 -2.18136541e-03
-6.82594410e-02 7.23003196e-03 6.13648826e-04 5.32953510e-03 -2.17749548e-03
-6.66926166e-02 7.24569764e-03 6.11160811e-04 5.34935087e-03 -2.17374366e-03
-6.51256278e-02 7.26153011e-03 6.08689055e-04 5.36931976e-03 -2.17011852e-03
-6.35584783e-02 7.27753194e-03 6.06240780e-04 5.38943805e-03 -2.16662867e-03
-6.19911720e-02 7.29370577e-03 6.03823277e-04 5.40970192e-03 -2.16328270e-03
-6.04237129e-02 7.31005427e-03 6.01443905e-04 5.43010746e-03 -2.16008914e-03
-5.88561048e-02 7.32658011e-03 5.99110095e-04 5.45065064e-03 -2.15705645e-03
-5.72883515e-02 7.34328597e-03 5.96829346e-04 5.47132733e-03 -2.15419297e-03
-5.57204570e-02 7.36017450e-03 5.94609231e-04 5.49213330e-03 -2.15150692e-03
-5.41524250e-02 7.37724831e-03 5.92457396e-04 5.51306418e-03 -2.14900632e-03
-5.25842595e-02 7.39450992e-03 5.90381557e-04 5.53411551e-03 -2.14669898e-03
-5.10159643e-02 7.41196178e-03 5.88389500e-04 5.55528270e-03 -2.14459247e-03
-4.94475433e-02 7.42960620e-03 5.86489084e-04 5.57656102e-03 -2.14269408e-03
-4.78790003e-02 7.44744538e-03 5.84688233e-04 5.59794562e-03 -2.14101078e-03
-4.63103392e-02 7.46548134e-03 5.82994939e-04 5.61943154e-03 -2.13954920e-03
-4.47415640e-02 7.48371592e-03 5.81417251e-04 5.64101365e-03 -2.13831559e-03
-4.31726784e-02 7.50215076e-03 5.79963282e-04 5.66268670e-03 -2.13731575e-03
-4.16036863e-02 7.52078728e-03 5.78641194e-04 5.68444530e-03 -2.13655506e-03
-4.00345917e-02 7.53962663e-03 5.77459198e-04 5.70628390e-03 -2.13603842e-03
-3.84653983e-02 7.55866970e-03 5.76425546e-04 5.72819684e-03 -2.13577018e-03
-3.68961100e-02 7.57791709e-03 5.75548524e-04 5.75017826e-03 -2.13575415e-03
-3.53267308e-02 7.59736908e-03 5.74836443e-04 5.77222221e-03 -2.13599358e-03
-3.37572644e-02 7.61702562e-03 5.74297630e-04 5.79432253e-03 -2.13649108e-03
-3.21877148e-02 7.63688631e-03 5.73940420e-04 5.81647297e-03 -2.13724862e-03
-3.06180858e-02 7.65695037e-03 5.73773141e-04 5.83866708e-03 -2.13826752e-03
-2.90483813e-02 7.67721664e-03 5.73804106e-04 5.86089829e-03 -2.13954836e-03
-2.74786051e-02 7.69768357e-03 5.74041597e-04 5.88315987e-03 -2.14109102e-03
-2.59087612e-02 7.71834915e-03 5.74493854e-04 5.90544496e-03 -2.14289463e-03
-2.43388534e-02 7.73921099e-03 5.75169054e-04 5.92774656e-03 -2.14495754e-03
-2.27688855e-02 7.76026620e-03 5.76075303e-04 5.95005750e-03 -2.14727729e-03
-2.11988616e-02 7.78151148e-03 5.77220614e-04 5.97237053e-03 -2.14985061e-03
-1.96287853e-02 7.80294303e-03 5.78612890e-04 5.99467823e-03 -2.15267341e-03
-1.80586606e-02 7.82455659e-03 5.80259905e-04 6.01697310e-03 -2.15574072e-03
-1.64884914e-02 7.84634741e-03 5.82169286e-04 6.03924750e-03 -2.15904671e-03
-1.49182815e-02 7.86831027e-03 5.84348489e-04 6.06149370e-03 -2.16258469e-03
-1.33480349e-02 7.89043943e-03 5.86804781e-04 6.08370389e-03 -2.16634705e-03
-1.17777553e-02 7.91272869e-03 5.89545217e-04 6.10587017e-03 -2.17032530e-03
-1.02074466e-02 7.93517133e-03 5.92576614e-04 6.12798457e-03 -2.17451004e-03
-8.63711283e-03 7.95776016e-03 5.95905531e-04 6.15003908e-03 -2.17889097e-03
-7.06675773e-03 7.98048751e-03 5.99538245e-04 6.17202565e-03 -2.18345687e-03
-5.49638519e-03 8.00334520e-03 6.03480720e-04 6.19393619e-03 -2.18819561e-03
-3.92599911e-03 8.02632462e-03 6.07738589e-04 6.21576263e-03 -2.19309418e-03
-2.35560334e-03 8.04941667e-03 6.12317125e-04 6.23749689e-03 -2.19813865e-03
-7.85201758e-04 8.07261182e-03 6.17221212e-04 6.25913094e-03 -2.20331421e-03
7.85201758e-04 8.09590009e-03 6.22455323e-04 6.28065681e-03 -2.20860519e-03
2.35560334e-03 8.11927110e-03 6.28023490e-04 6.30206657e-03 -2.21399506e-03
3.92599911e-03 8.14271405e-03 6.33929279e-04 6.32335243e-03 -2.21946643e-03
5.49638519e-03 8.16621780e-03 6.40175762e-04 6.34450668e-03 -2.22500111e-03
7.06675773e-03 8.18977081e-03 6.46765487e-04 6.36552179e-03 -2.23058011e-03
8.63711283e-03 8.21336125e-03 6.53700458e-04 6.38639039e-03 -2.23618367e-03
1.02074466e-02 8.23697696e-03 6.60982103e-04 6.40710530e-03 -2.24179130e-03
1.17777553e-02 8.26060552e-03 6.68611247e-04 6.42765958e-03 -2.24738180e-03
1.33480349e-02 8.28423426e-03 6.76588092e-04 6.44804653e-03 -2.25293328e-03
1.49182815e-02 8.30785031e-03 6.84912186e-04 6.46825974e-03 -2.25842325e-03
1.64884914e-02 8.33144062e-03 6.93582398e-04 6.48829314e-03 -2.26382861e-03
1.80586606e-02 8.35499200e-03 7.02596901e-04 6.50814095e-03 -2.26912571e-03
1.96287853e-02 8.37849115e-03 7.11953140e-04 6.52779782e-03 -2.27429041e-03
2.11988616e-02 8.40192474e-03 7.21647816e-04 6.54725877e-03 -2.27929810e-03
2.27688855e-02 8.42527939e-03 7.31676862e-04 6.56651928e-03 -2.28412380e-03
2.43388534e-02 8.44854176e-03 7.42035426e-04 6.58557530e-03 -2.28874214e-03
2.59087612e-02 8.47169858e-03 7.52717849e-04 6.60442328e-03 -2.29312751e-03
2.74786051e-02 8.49473669e-03 7.63717648e-04 6.62306021e-03 -2.29725402e-03
2.90483813e-02 8.51764310e-03 7.75027506e-04 6.64148365e-03 -2.30109564e-03
3.06180858e-02 8.54040502e-03 7.86639249e-04 6.65969176e-03 -2.30462622e-03
3.21877148e-02 8.56300993e-03 7.98543843e-04 6.67768334e-03 -2.30781958e-03
3.37572644e-02 8.58544561e-03 8.10731375e-04 6.69545785e-03 -2.31064955e-03
3.53267308e-02 8.60770020e-03 8.23191050e-04 6.71301547e-03 -2.31309006e-03
3.68961100e-02 8.62976226e-03 8.35911185e-04 6.73035710e-03 -2.31511521e-03
3.84653983e-02 8.65162081e-03 8.48879197e-04 6.74748438e-03 -2.31669933e-03
4.00345917e-02 8.67326539e-03 8.62081611e-04 6.76439978e-03 -2.31781705e-03
4.16036863e-02 8.69468609e-03 8.75504053e-04 6.78110656e-03 -2.31844339e-03
4.31726784e-02 8.71587363e-03 8.89131253e-04 6.79760885e-03 -2.31855383e-03
4.47415640e-02 8.73681940e-03 9.02947053e-04 6.81391163e-03 -2.31812439e-03
4.63103392e-02 8.75751551e-03 9.16934410e-04 6.83002080e-03 -2.31713169e-03
4.78790003e-02 8.77795486e-03 9.31075410e-04 6.84594317e-03 -2.31555302e-03
4.94475433e-02 8.79813114e-03 9.45351277e-04 6.86168652e-03 -2.31336648e-03
5.10159643e-02 8.81803894e-03 9.59742387e-04 6.87725958e-03 -2.31055095e-03
5.25842595e-02 8.83767376e-03 9.74228292e-04 6.89267206e-03 -2.30708628e-03
5.41524250e-02 8.85703206e-03 9.88787732e-04 6.90793468e-03 -2.30295328e-03
5.57204570e-02 8.87611134e-03 1.00339866e-03 6.92305919e-03 -2.29813385e-03
5.72883515e-02 8.89491013e-03 1.01803829e-03 6.93805835e-03 -2.29261102e-03
5.88561048e-02 8.91342808e-03 1.03268306e-03 6.95294598e-03 -2.28636904e-03
6.04237129e-02 8.93166596e-03 1.04730876e-03 6.96773694e-03 -2.27939345e-03
6.19911720e-02 8.94962574e-03 1.06189049e-03 6.98244715e-03 -2.27167116e-03
6.35584783e-02 8.96731060e-03 1.07640271e-03 6.99709359e-03 -2.26319051e-03
6.51256278e-02 8.98472496e-03 1.09081931e-03 7.01169429e-03 -2.25394131e-03
6.66926166e-02 9.00187453e-03 1.10511364e-03 7.02626836e-03 -2.24391498e-03
6.82594410e-02 9.01876634e-03 1.11925853e-03 7.04083593e-03 -2.23310452e-03
6.98260971e-02 9.03540873e-03 1.13322635e-03 7.05541819e-03 -2.22150465e-03
7.13925810e-02 9.05181141e-03 1.14698909e-03 7.07003738e-03 -2.20911181e-03
7.29588887e-02 9.06798548e-03 1.16051838e-03 7.08471673e-03 -2.19592426e-03
7.45250166e-02 9.08394342e-03 1.17378554e-03 7.09948049e-03 -2.18194209e-03
7.60909607e-02 9.09969912e-03 1.18676166e-03 7.11435389e-03 -2.16716729e-03
7.76567171e-02 9.11526789e-03 1.19941766e-03 7.12936310e-03 -2.15160380e-03
7.92222820e-02 9.13066645e-03 1.21172432e-03 7.14453524e-03 -2.13525755e-03
8.07876515e-02 9.14591296e-03 1.22365238e-03 7.15989833e-03 -2.11813645e-03
8.23528218e-02 9.16102698e-03 1.23517259e-03 7.17548125e-03 -2.10025051e-03
8.39177890e-02 9.17602952e-03 1.24625576e-03 7.19131371e-03 -2.08161177e-03
8.54825493e-02 9.19094297e-03 1.25687288e-03 7.20742621e-03 -2.06223441e-03
8.70470987e-02 9.20579110e-03 1.26699512e-03 7.22385000e-03 -2.04213471e-03
8.86114334e-02 9.22059910e-03 1.27659397e-03 7.24061704e-03 -2.02133109e-03
9.01755497e-02 9.23539346e-03 1.28564125e-03 7.25775991e-03 -1.99984411e-03
9.17394435e-02 9.25020203e-03 1.29410924e-03 7.27531182e-03 -1.97769648e-03
9.33031111e-02 9.26505393e-03 1.30197071e-03 7.29330651e-03 -1.95491304e-03
9.48665486e-02 9.27997955e-03 1.30919904e-03 7.31177819e-03 -1.93152079e-03
9.64297521e-02 9.29501049e-03 1.31576825e-03 7.33076151e-03 -1.90754885e-03
9.79927178e-02 9.31017955e-03 1.32165309e-03 7.35029146e-03 -1.88302844e-03
9.95554419e-02 9.32552062e-03 1.32682914e-03 7.37040332e-03 -1.85799286e-03
1.01117920e-01 9.34106867e-03 1.33127287e-03 7.39113258e-03 -1.83247750e-03
1.02680150e-01 9.35685972e-03 1.33496169e-03 7.41251489e-03 -1.80651975e-03
1.04242126e-01 9.37293071e-03 1.33787407e-03 7.43458594e-03 -1.78015896e-03
1.05803844e-01 9.38931947e-03 1.33998959e-03 7.45738144e-03 -1.75343647e-03
1.07365302e-01 9.40606468e-03 1.34128902e-03 7.48093697e-03 -1.72639545e-03
1.08926495e-01 9.42320575e-03 1.34175438e-03 7.50528796e-03 -1.69908095e-03
1.10487420e-01 9.44078276e-03 1.34136902e-03 7.53046959e-03 -1.67153975e-03
1.12048072e-01 9.45883638e-03 1.34011769e-03 7.55651666e-03 -1.64382035e-03
1.13608448e-01 9.47740780e-03 1.33798663e-03 7.58346357e-03 -1.61597285e-03
1.15168543e-01 9.49653863e-03 1.33496358e-03 7.61134419e-03 -1.58804894e-03
1.16728355e-01 9.51627079e-03 1.33103790e-03 7.64019177e-03 -1.56010172e-03
1.18287878e-01 9.53664645e-03 1.32620059e-03 7.67003885e-03 -1.53218569e-03
1.19847110e-01 9.55770792e-03 1.32044437e-03 7.70091719e-03 -1.50435664e-03
1.21406047e-01 9.57949755e-03 1.31376374e-03 7.73285767e-03 -1.47667151e-03
1.22964684e-01 9.60205763e-03 1.30615502e-03 7.76589018e-03 -1.44918832e-03
1.24523017e-01 9.62543027e-03 1.29761639e-03 7.80004352e-03 -1.42196608e-03
1.26081044e-01 9.64965731e-03 1.28814797e-03 7.83534535e-03 -1.39506462e-03
1.27638760e-01 9.67478024e-03 1.27775181e-03 7.87182208e-03 -1.36854453e-03
1.29196160e-01 9.70084002e-03 1.26643200e-03 7.90949873e-03 -1.34246698e-03
1.30753243e-01 9.72787702e-03 1.25419462e-03 7.94839893e-03 -1.31689366e-03
1.32310002e-01 9.75593092e-03 1.24104784e-03 7.98854475e-03 -1.29188660e-03
1.33866436e-01 9.78504056e-03 1.22700191e-03 8.02995665e-03 -1.26750806e-03
1.35422539e-01 9.81524382e-03 1.21206920e-03 8.07265340e-03 -1.24382039e-03
1.36978309e-01 9.84657757e-03 1.19626420e-03 8.11665198e-03 -1.22088590e-03
1.38533740e-01 9.87907748e-03 1.17960354e-03 8.16196748e-03 -1.19876669e-03
1.40088830e-01 9.91277796e-03 1.16210599e-03 8.20861308e-03 -1.17752457e-03
1.41643575e-01 9.94771203e-03 1.14379249e-03 8.25659989e-03 -1.15722082e-03
1.43197970e-01 9.98391119e-03 1.12468611e-03 8.30593696e-03 -1.13791615e-03
1.44752012e-01 1.00214053e-02 1.10481206e-03 8.35663116e-03 -1.11967048e-03
1.46305697e-01 1.00602227e-02 1.08419770e-03 8.40868709e-03 -1.10254281e-03
1.47859021e-01 1.01003896e-02 1.06287247e-03 8.46210710e-03 -1.08659108e-03
1.49411981e-01 1.01419304e-02 1.04086791e-03 8.51689115e-03 -1.07187202e-03
1.50964572e-01 1.01848676e-02 1.01821761e-03 8.57303678e-03 -1.05844099e-03
1.52516790e-01 1.02292213e-02 9.94957199e-04 8.63053908e-03 -1.04635186e-03
1.54068633e-01 1.02750097e-02 9.71124269e-04 8.68939061e-03 -1.03565683e-03
1.55620096e-01 1.03222485e-02 9.46758362e-04 8.74958137e-03 -1.02640630e-03
1.57171175e-01 1.03709509e-02 9.21900907e-04 8.81109880e-03 -1.01864872e-03
1.58721866e-01 1.04211277e-02 8.96595167e-04 8.87392768e-03 -1.01243046e-03
1.60272166e-01 1.04727873e-02 8.70886176e-04 8.93805014e-03 -1.00779567e-03
1.61822070e-01 1.05259351e-02 8.44820677e-04 9.00344567e-03 -1.00478614e-03
1.63371576e-01 1.05805741e-02 8.18447049e-04 9.07009104e-03 -1.00344114e-03
1.64920678e-01 1.06367043e-02 7.91815231e-04 9.13796034e-03 -1.00379733e-03
1.66469374e-01 1.06943229e-02 7.64976640e-04 9.20702496e-03 -1.00588864e-03
1.68017660e-01 1.07534244e-02 7.37984090e-04 9.27725360e-03 -1.00974609e-03
1.69565531e-01 1.08140001e-02 7.10891696e-04 9.34861226e-03 -1.01539775e-03
1.71112983e-01 1.08760383e-02 6.83754785e-04 9.42106428e-03 -1.02286856e-03
1.72660014e-01 1.09395246e-02 6.56629791e-04 9.49457034e-03 -1.03218026e-03
1.74206619e-01 1.10044412e-02 6.29574158e-04 9.56908852e-03 -1.04335130e-03
1.75752795e-01 1.10707673e-02 6.02646227e-04 9.64457430e-03 -1.05639671e-03
1.77298536e-01 1.11384791e-02 5.75905130e-04 9.72098062e-03 -1.07132803e-03
1.78843841e-01 1.12075497e-02 5.49410671e-04 9.79825792e-03 -1.08815326e-03
1.80388705e-01 1.12779490e-02 5.23223212e-04 9.87635421e-03 -1.10687670e-03
1.81933124e-01 1.13496439e-02 4.97403552e-04 9.95521513e-03 -1.12749899e-03
1.83477094e-01 1.14225981e-02 4.72012799e-04 1.00347840e-02 -1.15001696e-03
1.85020611e-01 1.14967725e-02 4.47112249e-04 1.01150018e-02 -1.17442364e-03
1.86563673e-01 1.15721246e-02 4.22763254e-04 1.01958076e-02 -1.20070817e-03
1.88106274e-01 1.16486092e-02 3.99027094e-04 1.02771382e-02 -1.22885579e-03
1.89648411e-01 1.17261780e-02 3.75964841e-04 1.03589285e-02 -1.25884781e-03
1.91190081e-01 1.18047799e-02 3.53637229e-04 1.04411115e-02 -1.29066159e-03
1.92731279e-01 1.18843610e-02 3.32104518e-04 1.05236185e-02 -1.32427051e-03
1.94272002e-01 1.19648644e-02 3.11426358e-04 1.06063789e-02 -1.35964400e-03
1.95812245e-01 1.20462307e-02 2.91661651e-04 1.06893210e-02 -1.39674753e-03
1.97352006e-01 1.21283979e-02 2.72868418e-04 1.07723712e-02 -1.43554262e-03
1.98891280e-01 1.22113015e-02 2.55103661e-04 1.08554550e-02 -1.47598686e-03
2.00430064e-01 1.22948745e-02 2.38423228e-04 1.09384965e-02 -1.51803399e-03
2.01968353e-01 1.23790476e-02 2.22881676e-04 1.10214190e-02 -1.56163389e-03
2.03506144e-01 1.24637493e-02 2.08532142e-04 1.11041447e-02 -1.60673264e-03
2.05043433e-01 1.25489060e-02 1.95426203e-04 1.11865952e-02 -1.65327262e-03
2.06580217e-01 1.26344424e-02 1.83613755e-04 1.12686915e-02 -1.70119254e-03
2.08116491e-01 1.27202810e-02 1.73142876e-04 1.13503542e-02 -1.75042754e-03
2.09652252e-01 1.28063429e-02 1.64059707e-04 1.14315037e-02 -1.80090928e-03
2.11187496e-01 1.28925475e-02 1.56408325e-04 1.15120601e-02 -1.85256603e-03
2.12722219e-01 1.29788131e-02 1.50230624e-04 1.15919437e-02 -1.90532277e-03
2.14256418e-01 1.30650563e-02 1.45566200e-04 1.16710752e-02 -1.95910132e-03
2.15790088e-01 1.31511933e-02 1.42452237e-04 1.17493755e-02 -2.01382048e-03
2.17323226e-01 1.32371387e-02 1.40923399e-04 1.18267660e-02 -2.06939612e-03
2.18855828e-01 1.33228071e-02 1.41011726e-04 1.19031690e-02 -2.12574133e-03
2.20387890e-01 1.34081120e-02 1.42746537e-04 1.19785078e-02 -2.18276661e-03
2.21919408e-01 1.34929668e-02 1.46154330e-04 1.20527066e-02 -2.24037997e-03
2.23450380e-01 1.35772847e-02 1.51258700e-04 1.21256910e-02 -2.29848713e-03
2.24980800e-01 1.36609791e-02 1.58080249e-04 1.21973881e-02 -2.35699167e-03
2.26510666e-01 1.37439633e-02 1.66636515e-04 1.22677264e-02 -2.41579522e-03
2.28039973e-01 1.38261512e-02 1.76941894e-04 1.23366364e-02 -2.47479763e-03
2.29568717e-01 1.39074573e-02 1.89007579e-04 1.24040506e-02 -2.53389717e-03
2.31096895e-01 1.39877969e-02 2.02841500e-04 1.24699035e-02 -2.59299071e-03
2.32624504e-01 1.40670863e-02 2.18448271e-04 1.25341319e-02 -2.65197393e-03
2.34151539e-01 1.41452429e-02 2.35829145e-04 1.25966752e-02 -2.71074151e-03
2.35677996e-01 1.42221857e-02 2.54981978e-04 1.26574754e-02 -2.76918738e-03
2.37203872e-01 1.42978352e-02 2.75901196e-04 1.27164773e-02 -2.82720485e-03
2.38729163e-01 1.43721137e-02 2.98577772e-04 1.27736286e-02 -2.88468693e-03
2.40253865e-01 1.44449454e-02 3.22999209e-04 1.28288801e-02 -2.94152645e-03
2.41777975e-01 1.45162569e-02 3.49149535e-04 1.28821860e-02 -2.99761633e-03
2.43301489e-01 1.45859771e-02 3.77009297e-04 1.29335037e-02 -3.05284983e-03
2.44824402e-01 1.46540374e-02 4.06555574e-04 1.29827943e-02 -3.10712069e-03
2.46346712e-01 1.47203721e-02 4.37761988e-04 1.30300224e-02 -3.16032343e-03
2.47868414e-01 1.47849184e-02 4.70598726e-04 1.30751566e-02 -3.21235356e-03
2.49389505e-01 1.48476166e-02 5.05032576e-04 1.31181693e-02 -3.26310776e-03
2.50909981e-01 1.49084103e-02 5.41026957e-04 1.31590368e-02 -3.31248417e-03
2.52429838e-01 1.49672467e-02 5.78541976e-04 1.31977397e-02 -3.36038256e-03
2.53949073e-01 1.50240764e-02 6.17534472e-04 1.32342628e-02 -3.40670458e-03
2.55467681e-01 1.50788539e-02 6.57958084e-04 1.32685951e-02 -3.45135397e-03
2.56985659e-01 1.51315379e-02 6.99763319e-04 1.33007301e-02 -3.49423678e-03
2.58503004e-01 1.51820908e-02 7.42897628e-04 1.33306658e-02 -3.53526157e-03
2.60019711e-01 1.52304795e-02 7.87305493e-04 1.33584046e-02 -3.57433965e-03
2.61535776e-01 1.52766751e-02 8.32928516e-04 1.33839536e-02 -3.61138524e-03
2.63051197e-01 1.53206534e-02 8.79705519e-04 1.34073246e-02 -3.64631572e-03
2.64565969e-01 1.53623944e-02 9.27572650e-04 1.34285338e-02 -3.67905176e-03
2.66080089e-01 1.54018833e-02 9.76463498e-04 1.34476023e-02 -3.70951759e-03
2.67593552e-01 1.54391098e-02 1.02630921e-03 1.34645560e-02 -3.73764111e-03
2.69106356e-01 1.54740684e-02 1.07703860e-03 1.34794254e-02 -3.76335413e-03
2.70618495e-01 1.55067589e-02 1.12857833e-03 1.34922458e-02 -3.78659246e-03
2.72129968e-01 1.55371857e-02 1.18085298e-03 1.35030571e-02 -3.80729614e-03
2.73640769e-01 1.55653586e-02 1.23378525e-03 1.35119040e-02 -3.82540958e-03
2.75150895e-01 1.55912924e-02 1.28729607e-03 1.35188360e-02 -3.84088167e-03
2.76660343e-01 1.56150071e-02 1.34130476e-03 1.35239069e-02 -3.85366596e-03
2.78169109e-01 1.56365279e-02 1.39572921e-03 1.35271755e-02 -3.86372073e-03
2.79677188e-01 1.56558851e-02 1.45048600e-03 1.35287047e-02 -3.87100918e-03
2.81184578e-01 1.56731142e-02 1.50549062e-03 1.35285621e-02 -3.87549948e-03
2.82691274e-01 1.56882559e-02 1.56065758e-03 1.35268196e-02 -3.87716487e-03
2.84197274e-01 1.57013563e-02 1.61590063e-03 1.35235535e-02 -3.87598379e-03
2.85702572e-01 1.57124662e-02 1.67113292e-03 1.35188441e-02 -3.87193990e-03
2.87207166e-01 1.57216418e-02 1.72626714e-03 1.35127759e-02 -3.86502218e-03
2.88711051e-01 1.57289443e-02 1.78121578e-03 1.35054372e-02 -3.85522497e-03
2.90214224e-01 1.57344397e-02 1.83589122e-03 1.34969203e-02 -3.84254801e-03
2.91716682e-01 1.57381989e-02 1.89020598e-03 1.34873210e-02 -3.82699650e-03
2.93218420e-01 1.57402978e-02 1.94407286e-03 1.34767390e-02 -3.80858104e-03
2.94719436e-01 1.57408169e-02 1.99740516e-03 1.34652769e-02 -3.78731775e-03
2.96219724e-01 1.57398410e-02 2.05011683e-03 1.34530409e-02 -3.76322815e-03
2.97719282e-01 1.57374597e-02 2.10212266e-03 1.34401401e-02 -3.73633923e-03
2.99218105e-01 1.57337668e-02 2.15333846e-03 1.34266865e-02 -3.70668337e-03
3.00716191e-01 1.57288602e-02 2.20368128e-03 1.34127948e-02 -3.67429833e-03
3.02213535e-01 1.57228419e-02 2.25306951e-03 1.33985821e-02 -3.63922718e-03
3.03710134e-01 1.57158176e-02 2.30142313e-03 1.33841680e-02 -3.60151823e-03
3.05205983e-01 1.57078970e-02 2.34866383e-03 1.33696740e-02 -3.56122497e-03
3.06701080e-01 1.56991929e-02 2.39471521e-03 1.33552236e-02 -3.51840597e-03
3.08195421e-01 1.56898216e-02 2.43950293e-03 1.33409420e-02 -3.47312480e-03
3.09689002e-01 1.56799024e-02 2.48295490e-03 1.33269556e-02 -3.42544989e-03
3.11181819e-01 1.56695577e-02 2.52500140e-03 1.33133924e-02 -3.37545444e-03
3.12673868e-01 1.56589122e-02 2.56557524e-03 1.33003810e-02 -3.32321625e-03
3.14165146e-01 1.56480933e-02 2.60461194e-03 1.32880510e-02 -3.26881761e-03
3.15655650e-01 1.56372306e-02 2.64204985e-03 1.32765324e-02 -3.21234516e-03
3.17145375e-01 1.56264555e-02 2.67783028e-03 1.32659557e-02 -3.15388966e-03
3.18634318e-01 1.56159012e-02 2.71189764e-03 1.32564510e-02 -3.09354590e-03
3.20122475e-01 1.56057025e-02 2.74419957e-03 1.32481486e-02 -3.03141247e-03
3.21609843e-01 1.55959951e-02 2.77468705e-03 1.32411782e-02 -2.96759156e-03
3.23096417e-01 1.55869161e-02 2.80331450e-03 1.32356688e-02 -2.90218882e-03
3.24582195e-01 1.55786028e-02 2.83003992e-03 1.32317484e-02 -2.83531308e-03
3.26067172e-01 1.55711932e-02 2.85482495e-03 1.32295440e-02 -2.76707620e-03
3.27551345e-01 1.55648254e-02 2.87763497e-03 1.32291810e-02 -2.69759281e-03
3.29034710e-01 1.55596375e-02 2.89843917e-03 1.32307831e-02 -2.62698008e-03
3.30517264e-01 1.55557670e-02 2.91721065e-03 1.32344722e-02 -2.55535754e-03
3.31999003e-01 1.55533508e-02 2.93392646e-03 1.32403681e-02 -2.48284675e-03
3.33479923e-01 1.55525250e-02 2.94856764e-03 1.32485880e-02 -2.40957116e-03
3.34960021e-01 1.55534243e-02 2.96111933e-03 1.32592468e-02 -2.33565577e-03
3.36439292e-01 1.55561820e-02 2.97157071e-03 1.32724564e-02 -2.26122695e-03
3.37917734e-01 1.55609296e-02 2.97991512e-03 1.32883255e-02 -2.18641213e-03
3.39395342e-01 1.55677967e-02 2.98615003e-03 1.33069597e-02 -2.11133958e-03
3.40872114e-01 1.55769105e-02 2.99027705e-03 1.33284611e-02 -2.03613813e-03
3.42348044e-01 1.55883958e-02 2.99230195e-03 1.33529282e-02 -1.96093692e-03
3.43823131e-01 1.56023743e-02 2.99223466e-03 1.33804554e-02 -1.88586513e-03
3.45297369e-01 1.56189649e-02 2.99008920e-03 1.34111332e-02 -1.81105172e-03
3.46770756e-01 1.56382832e-02 2.98588372e-03 1.34450477e-02 -1.73662517e-03
3.48243288e-01 1.56604410e-02 2.97964042e-03 1.34822808e-02 -1.66271322e-03
3.49714961e-01 1.56855467e-02 2.97138552e-03 1.35229095e-02 -1.58944259e-03
3.51185772e-01 1.57137044e-02 2.96114922e-03 1.35670063e-02 -1.51693878e-03
3.52655716e-01 1.57450140e-02 2.94896561e-03 1.36146387e-02 -1.44532573e-03
3.54124791e-01 1.57795712e-02 2.93487262e-03 1.36658691e-02 -1.37472564e-03
3.55592992e-01 1.58174667e-02 2.91891193e-03 1.37207548e-02 -1.30525870e-03
3.57060317e-01 1.58587866e-02 2.90112889e-03 1.37793479e-02 -1.23704282e-03
3.58526760e-01 1.59036119e-02 2.88157243e-03 1.38416948e-02 -1.17019344e-03
3.59992320e-01 1.59520186e-02 2.86029494e-03 1.39078367e-02 -1.10482326e-03
3.61456992e-01 1.60040769e-02 2.83735215e-03 1.39778090e-02 -1.04104202e-03
3.62920772e-01 1.60598520e-02 2.81280307e-03 1.40516418e-02 -9.78956317e-04
3.64383658e-01 1.61194031e-02 2.78670979e-03 1.41293589e-02 -9.18669325e-04
3.65845645e-01 1.61827838e-02 2.75913740e-03 1.42109789e-02 -8.60280647e-04
3.67306729e-01 1.62500416e-02 2.73015381e-03 1.42965142e-02 -8.03886094e-04
3.68766908e-01 1.63212182e-02 2.69982966e-03 1.43859715e-02 -7.49577498e-04
3.70226177e-01 1.63963491e-02 2.66823811e-03 1.44793515e-02 -6.97442539e-04
3.71684534e-01 1.64754637e-02 2.63545473e-03 1.45766492e-02 -6.47564565e-04
3.73141973e-01 1.65585850e-02 2.60155730e-03 1.46778537e-02 -6.00022442e-04
3.74598493e-01 1.66457298e-02 2.56662569e-03 1.47829480e-02 -5.54890395e-04
3.76054088e-01 1.67369086e-02 2.53074163e-03 1.48919097e-02 -5.12237873e-04
3.77508756e-01 1.68321255e-02 2.49398860e-03 1.50047102e-02 -4.72129416e-04
3.78962493e-01 1.69313780e-02 2.45645161e-03 1.51213154e-02 -4.34624541e-04
3.80415296e-01 1.70346576e-02 2.41821703e-03 1.52416855e-02 -3.99777631e-04
3.81867160e-01 1.71419492e-02 2.37937241e-03 1.53657750e-02 -3.67637840e-04
3.83318083e-01 1.72532313e-02 2.34000629e-03 1.54935331e-02 -3.38249011e-04
3.84768060e-01 1.73684762e-02 2.30020801e-03 1.56249035e-02 -3.11649603e-04
3.86217089e-01 1.74876499e-02 2.26006753e-03 1.57598244e-02 -2.87872628e-04
3.87665165e-01 1.76107123e-02 2.21967524e-03 1.58982290e-02 -2.66945606e-04
3.89112285e-01 1.77376170e-02 2.17912175e-03 1.60400456e-02 -2.48890531e-04
3.90558445e-01 1.78683118e-02 2.13849772e-03 1.61851973e-02 -2.33723841e-04
3.92003642e-01 1.80027385e-02 2.09789368e-03 1.63336027e-02 -2.21456410e-04
3.93447872e-01 1.81408330e-02 2.05739981e-03 1.64851755e-02 -2.12093550e-04
3.94891132e-01 1.82825257e-02 2.01710576e-03 1.66398253e-02 -2.05635022e-04
3.96333418e-01 1.84277415e-02 1.97710049e-03 1.67974573e-02 -2.02075061e-04
3.97774727e-01 1.85763997e-02 1.93747205e-03 1.69579726e-02 -2.01402414e-04
3.99215055e-01 1.87284147e-02 1.89830742e-03 1.71212684e-02 -2.03600387e-04
4.00654398e-01 1.88836957e-02 1.85969233e-03 1.72872383e-02 -2.08646907e-04
4.02092753e-01 1.90421471e-02 1.82171107e-03 1.74557725e-02 -2.16514595e-04
4.03530117e-01 1.92036687e-02 1.78444634e-03 1.76267580e-02 -2.27170847e-04
4.04966485e-01 1.93681558e-02 1.74797907e-03 1.78000784e-02 -2.40577932e-04
4.06401855e-01 1.95354995e-02 1.71238826e-03 1.79756151e-02 -2.56693093e-04
4.07836222e-01 1.97055870e-02 1.67775080e-03 1.81532464e-02 -2.75468668e-04
4.09269584e-01 1.98783016e-02 1.64414138e-03 1.83328486e-02 -2.96852212e-04
4.10701936e-01 2.00535234e-02 1.61163225e-03 1.85142959e-02 -3.20786634e-04
4.12133276e-01 2.02311288e-02 1.58029316e-03 1.86974605e-02 -3.47210347e-04
4.13563599e-01 2.04109915e-02 1.55019120e-03 1.88822131e-02 -3.76057416e-04
4.14992902e-01 2.05929823e-02 1.52139064e-03 1.90684232e-02 -4.07257727e-04
4.16421181e-01 2.07769696e-02 1.49395285e-03 1.92559591e-02 -4.40737155e-04
4.17848434e-01 2.09628197e-02 1.46793616e-03 1.94446883e-02 -4.76417747e-04
4.19274656e-01 2.11503967e-02 1.44339577e-03 1.96344777e-02 -5.14217908e-04
4.20699844e-01 2.13395632e-02 1.42038362e-03 1.98251940e-02 -5.54052594e-04
4.22123995e-01 2.15301805e-02 1.39894835e-03 2.00167037e-02 -5.95833516e-04
4.23547105e-01 2.17221087e-02 1.37913516e-03 2.02088737e-02 -6.39469342e-04
4.24969170e-01 2.19152071e-02 1.36098575e-03 2.04015713e-02 -6.84865914e-04
4.26390187e-01 2.21093346e-02 1.34453828e-03 2.05946644e-02 -7.31926459e-04
4.27810152e-01 2.23043497e-02 1.32982727e-03 2.07880220e-02 -7.80551818e-04
4.29229063e-01 2.25001112e-02 1.31688356e-03 2.09815144e-02 -8.30640666e-04
4.30646915e-01 2.26964780e-02 1.30573430e-03 2.11750130e-02 -8.82089739e-04
4.32063705e-01 2.28933099e-02 1.29640286e-03 2.13683914e-02 -9.34794072e-04
4.33479429e-01 2.30904673e-02 1.28890884e-03 2.15615247e-02 -9.88647226e-04
4.34894084e-01 2.32878121e-02 1.28326805e-03 2.17542906e-02 -1.04354153e-03
4.36307667e-01 2.34852076e-02 1.27949247e-03 2.19465688e-02 -1.09936830e-03
4.37720174e-01 2.36825186e-02 1.27759030e-03 2.21382419e-02 -1.15601811e-03
4.39131601e-01 2.38796123e-02 1.27756593e-03 2.23291952e-02 -1.21338098e-03
4.40541946e-01 2.40763580e-02 1.27941997e-03 2.25193171e-02 -1.27134666e-03
4.41951203e-01 2.42726275e-02 1.28314926e-03 2.27084993e-02 -1.32980484e-03
4.43359371e-01 2.44682954e-02 1.28874692e-03 2.28966368e-02 -1.38864538e-03
4.44766446e-01 2.46632394e-02 1.29620240e-03 2.30836285e-02 -1.44775854e-03
4.46172424e-01 2.48573404e-02 1.30550150e-03 2.32693767e-02 -1.50703524e-03
4.47577301e-01 2.50504829e-02 1.31662645e-03 2.34537880e-02 -1.56636724e-03
4.48981074e-01 2.52425550e-02 1.32955595e-03 2.36367730e-02 -1.62564738e-03
4.50383741e-01 2.54334488e-02 1.34426528e-03 2.38182467e-02 -1.68476981e-03
4.51785296e-01 2.56230605e-02 1.36072634e-03 2.39981284e-02 -1.74363016e-03
4.53185738e-01 2.58112907e-02 1.37890777e-03 2.41763420e-02 -1.80212582e-03
4.54585061e-01 2.59980443e-02 1.39877501e-03 2.43528160e-02 -1.86015606e-03
4.55983264e-01 2.61832312e-02 1.42029043e-03 2.45274840e-02 -1.91762227e-03
4.57380342e-01 2.63667658e-02 1.44341343e-03 2.47002840e-02 -1.97442813e-03
4.58776292e-01 2.65485677e-02 1.46810051e-03 2.48711594e-02 -2.03047982e-03
4.60171111e-01 2.67285616e-02 1.49430546e-03 2.50400585e-02 -2.08568616e-03
4.61564795e-01 2.69066774e-02 1.52197944e-03 2.52069348e-02 -2.13995877e-03
4.62957340e-01 2.70828504e-02 1.55107108e-03 2.53717468e-02 -2.19321228e-03
4.64348744e-01 2.72570215e-02 1.58152669e-03 2.55344584e-02 -2.24536442e-03
4.65739003e-01 2.74291368e-02 1.61329032e-03 2.56950388e-02 -2.29633619e-03
4.67128113e-01 2.75991484e-02 1.64630395e-03 2.58534625e-02 -2.34605201e-03
4.68516071e-01 2.77670140e-02 1.68050762e-03 2.60097090e-02 -2.39443978e-03
4.69902874e-01 2.79326969e-02 1.71583957e-03 2.61637636e-02 -2.44143107e-03
4.71288518e-01 2.80961665e-02 1.75223640e-03 2.63156166e-02 -2.48696118e-03
4.72672999e-01 2.82573978e-02 1.78963322e-03 2.64652637e-02 -2.53096923e-03
4.74056315e-01 2.84163717e-02 1.82796383e-03 2.66127057e-02 -2.57339827e-03
4.75438462e-01 2.85730749e-02 1.86716081e-03 2.67579488e-02 -2.61419533e-03
4.76819436e-01 2.87275001e-02 1.90715577e-03 2.69010044e-02 -2.65331150e-03
4.78199234e-01 2.88796456e-02 1.94787945e-03 2.70418888e-02 -2.69070198e-03
4.79577853e-01 2.90295156e-02 1.98926188e-03 2.71806236e-02 -2.72632611e-03
4.80955289e-01 2.91771200e-02 2.03123258e-03 2.73172351e-02 -2.76014745e-03
4.82331539e-01 2.93224745e-02 2.07372068e-03 2.74517547e-02 -2.79213373e-03
4.83706600e-01 2.94656001e-02 2.11665512e-03 2.75842184e-02 -2.82225693e-03
4.85080468e-01 2.96065237e-02 2.15996478e-03 2.77146670e-02 -2.85049324e-03
4.86453139e-01 2.97452773e-02 2.20357864e-03 2.78431459e-02 -2.87682309e-03
4.87824611e-01 2.98818984e-02 2.24742597e-03 2.79697047e-02 -2.90123109e-03
4.89194880e-01 3.00164297e-02 2.29143642e-03 2.80943974e-02 -2.92370605e-03
4.90563942e-01 3.01489190e-02 2.33554027e-03 2.82172824e-02 -2.94424090e-03
4.91931794e-01 3.02794190e-02 2.37966849e-03 2.83384218e-02 -2.96283269e-03
4.93298434e-01 3.04079872e-02 2.42375292e-03 2.84578816e-02 -2.97948250e-03
4.94663856e-01 3.05346858e-02 2.46772644e-03 2.85757318e-02 -2.99419538e-03
4.96028059e-01 3.06595816e-02 2.51152309e-03 2.86920455e-02 -3.00698031e-03
4.97391039e-01 3.07827455e-02 2.55507819e-03 2.88068995e-02 -3.01785007e-03
4.98752791e-01 3.09042527e-02 2.59832850e-03 2.89203736e-02 -3.02682120e-03
5.00113314e-01 3.10241823e-02 2.64121235e-03 2.90325509e-02 -3.03391388e-03
5.01472604e-01 3.11426173e-02 2.68366974e-03 2.91435169e-02 -3.03915182e-03
5.02830656e-01 3.12596441e-02 2.72564249e-03 2.92533600e-02 -3.04256216e-03
5.04187469e-01 3.13753526e-02 2.76707433e-03 2.93621712e-02 -3.04417536e-03
5.05543038e-01 3.14898358e-02 2.80791101e-03 2.94700433e-02 -3.04402504e-03
5.06897361e-01 3.16031898e-02 2.84810045e-03 2.95770717e-02 -3.04214790e-03
5.08250433e-01 3.17155131e-02 2.88759275e-03 2.96833532e-02 -3.03858355e-03
5.09602252e-01 3.18269072e-02 2.92634037e-03 2.97889866e-02 -3.03337439e-03
5.10952815e-01 3.19374754e-02 2.96429817e-03 2.98940720e-02 -3.02656543e-03
5.12302117e-01 3.20473234e-02 3.00142350e-03 2.99987106e-02 -3.01820417e-03
5.13650155e-01 3.21565587e-02 3.03767628e-03 3.01030051e-02 -3.00834045e-03
5.14996927e-01 3.22652902e-02 3.07301904e-03 3.02070587e-02 -2.99702626e-03
5.16342429e-01 3.23736284e-02 3.10741702e-03 3.03109754e-02 -2.98431561e-03
5.17686658e-01 3.24816849e-02 3.14083822e-03 3.04148596e-02 -2.97026435e-03
5.19029610e-01 3.25895721e-02 3.17325340e-03 3.05188161e-02 -2.95493000e-03
5.20371281e-01 3.26974032e-02 3.20463619e-03 3.06229495e-02 -2.93837162e-03
5.21711670e-01 3.28052919e-02 3.23496306e-03 3.07273647e-02 -2.92064957e-03
5.23050772e-01 3.29133520e-02 3.26421341e-03 3.08321659e-02 -2.90182540e-03
5.24388584e-01 3.30216974e-02 3.29236953e-03 3.09374571e-02 -2.88196167e-03
5.25725102e-01 3.31304418e-02 3.31941665e-03 3.10433414e-02 -2.86112174e-03
5.27060325e-01 3.32396983e-02 3.34534295e-03 3.11499213e-02 -2.83936967e-03
5.28394247e-01 3.33495797e-02 3.37013954e-03 3.12572981e-02 -2.81676998e-03
5.29726866e-01 3.34601976e-02 3.39380048e-03 3.13655721e-02 -2.79338751e-03
5.31058179e-01 3.35716628e-02 3.41632274e-03 3.14748419e-02 -2.76928727e-03
5.32388182e-01 3.36840846e-02 3.43770620e-03 3.15852051e-02 -2.74453426e-03
5.33716872e-01 3.37975711e-02 3.45795361e-03 3.16967573e-02 -2.71919331e-03
5.35044246e-01 3.39122285e-02 3.47707057e-03 3.18095925e-02 -2.69332891e-03
5.36370301e-01 3.40281615e-02 3.49506552e-03 3.19238026e-02 -2.66700508e-03
5.37695032e-01 3.41454726e-02 3.51194962e-03 3.20394776e-02 -2.64028520e-03
5.39018438e-01 3.42642621e-02 3.52773678e-03 3.21567053e-02 -2.61323186e-03
5.40340514e-01 3.43846282e-02 3.54244358e-03 3.22755711e-02 -2.58590673e-03
5.41661258e-01 3.45066663e-02 3.55608918e-03 3.23961582e-02 -2.55837041e-03
5.42980666e-01 3.46304696e-02 3.56869529e-03 3.25185471e-02 -2.53068229e-03
5.44298735e-01 3.47561281e-02 3.58028610e-03 3.26428159e-02 -2.50290046e-03
5.45615461e-01 3.48837294e-02 3.59088818e-03 3.27690397e-02 -2.47508154e-03
5.46930842e-01 3.50133576e-02 3.60053042e-03 3.28972913e-02 -2.44728057e-03
5.48244874e-01 3.51450942e-02 3.60924394e-03 3.30276402e-02 -2.41955093e-03
5.49557555e-01 3.52790171e-02 3.61706199e-03 3.31601535e-02 -2.39194420e-03
5.50868879e-01 3.54152011e-02 3.62401990e-03 3.32948948e-02 -2.36451010e-03
5.52178845e-01 3.55537175e-02 3.63015493e-03 3.34319253e-02 -2.33729633e-03
5.53487450e-01 3.56946344e-02 3.63550619e-03 3.35713027e-02 -2.31034858e-03
5.54794689e-01 3.58380162e-02 3.64011456e-03 3.37130819e-02 -2.28371037e-03
5.56100561e-01 3.59839236e-02 3.64402256e-03 3.38573147e-02 -2.25742301e-03
5.57405060e-01 3.61324140e-02 3.64727425e-03 3.40040497e-02 -2.23152555e-03
5.58708186e-01 3.62835410e-02 3.64991512e-03 3.41533326e-02 -2.20605470e-03
5.60009933e-01 3.64373545e-02 3.65199196e-03 3.43052057e-02 -2.18104478e-03
5.61310299e-01 3.65939008e-02 3.65355279e-03 3.44597086e-02 -2.15652770e-03
5.62609281e-01 3.67532226e-02 3.65464669e-03 3.46168775e-02 -2.13253290e-03
5.63906875e-01 3.69153586e-02 3.65532372e-03 3.47767457e-02 -2.10908735e-03
5.65203079e-01 3.70803442e-02 3.65563480e-03 3.49393435e-02 -2.08621550e-03
5.66497889e-01 3.72482109e-02 3.65563155e-03 3.51046983e-02 -2.06393929e-03
5.67791302e-01 3.74189867e-02 3.65536622e-03 3.52728344e-02 -2.04227812e-03
5.69083314e-01 3.75926961e-02 3.65489157e-03 3.54437733e-02 -2.02124887e-03
5.70373923e-01 3.77693598e-02 3.65426069e-03 3.56175337e-02 -2.00086592e-03
5.71663126e-01 3.79489954e-02 3.65352695e-03 3.57941316e-02 -1.98114113e-03
5.72950918e-01 3.81316167e-02 3.65274384e-03 3.59735802e-02 -1.96208390e-03
5.74237298e-01 3.83172345e-02 3.65196487e-03 3.61558902e-02 -1.94370116e-03
5.75522261e-01 3.85058562e-02 3.65124343e-03 3.63410697e-02 -1.92599745e-03
5.76805805e-01 3.86974859e-02 3.65063271e-03 3.65291243e-02 -1.90897491e-03
5.78087927e-01 3.88921249e-02 3.65018554e-03 3.67200573e-02 -1.89263337e-03
5.79368623e-01 3.90897713e-02 3.64995434e-03 3.69138700e-02 -1.87697039e-03
5.80647890e-01 3.92904204e-02 3.64999092e-03 3.71105610e-02 -1.86198131e-03
5.81925725e-01 3.94940647e-02 3.65034646e-03 3.73101274e-02 -1.84765934e-03
5.83202125e-01 3.97006942e-02 3.65107135e-03 3.75125639e-02 -1.83399558e-03
5.84477087e-01 3.99102962e-02 3.65221509e-03 3.77178637e-02 -1.82097916e-03
5.85750607e-01 4.01228557e-02 3.65382622e-03 3.79260180e-02 -1.80859728e-03
5.87022683e-01 4.03383553e-02 3.65595218e-03 3.81370166e-02 -1.79683527e-03
5.88293311e-01 4.05567758e-02 3.65863923e-03 3.83508475e-02 -1.78567674e-03
5.89562488e-01 4.07780955e-02 3.66193239e-03 3.85674977e-02 -1.77510364e-03
5.90830212e-01 4.10022914e-02 3.66587529e-03 3.87869526e-02 -1.76509634e-03
5.92096478e-01 4.12293383e-02 3.67051015e-03 3.90091966e-02 -1.75563374e-03
5.93361284e-01 4.14592098e-02 3.67587762e-03 3.92342130e-02 -1.74669339e-03
5.94624627e-01 4.16918779e-02 3.68201680e-03 3.94619843e-02 -1.73825157e-03
5.95886503e-01 4.19273133e-02 3.68896507e-03 3.96924921e-02 -1.73028340e-03
5.97146909e-01 4.21654857e-02 3.69675809e-03 3.99257174e-02 -1.72276296e-03
5.98405843e-01 4.24063639e-02 3.70542969e-03 4.01616404e-02 -1.71566338e-03
5.99663302e-01 4.26499157e-02 3.71501184e-03 4.04002413e-02 -1.70895697e-03
6.00919281e-01 4.28961083e-02 3.72553457e-03 4.06414996e-02 -1.70261530e-03
6.02173778e-01 4.31449084e-02 3.73702592e-03 4.08853948e-02 -1.69660937e-03
6.03426791e-01 4.33962824e-02 3.74951190e-03 4.11319062e-02 -1.69090966e-03
6.04678315e-01 4.36501965e-02 3.76301645e-03 4.13810131e-02 -1.68548626e-03
6.05928348e-01 4.39066167e-02 3.77756138e-03 4.16326950e-02 -1.68030902e-03
6.07176887e-01 4.41655091e-02 3.79316636e-03 4.18869317e-02 -1.67534758e-03
6.08423928e-01 4.44268401e-02 3.80984886e-03 4.21437030e-02 -1.67057158e-03
6.09669468e-01 4.46905765e-02 3.82762415e-03 4.24029896e-02 -1.66595069e-03
6.10913506e-01 4.49566854e-02 3.84650526e-03 4.26647723e-02 -1.66145473e-03
6.12156036e-01 4.52251348e-02 3.86650299e-03 4.29290328e-02 -1.65705381e-03
6.13397057e-01 4.54958932e-02 3.88762586e-03 4.31957533e-02 -1.65271839e-03
6.14636565e-01 4.57689302e-02 3.90988012e-03 4.34649169e-02 -1.64841942e-03
6.15874558e-01 4.60442163e-02 3.93326976e-03 4.37365076e-02 -1.64412838e-03
6.17111031e-01 4.63217230e-02 3.95779648e-03 4.40105103e-02 -1.63981744e-03
6.18345983e-01 4.66014232e-02 3.98345974e-03 4.42869107e-02 -1.63545951e-03
6.19579410e-01 4.68832911e-02 4.01025671e-03 4.45656960e-02 -1.63102831e-03
6.20811308e-01 4.71673024e-02 4.03818234e-03 4.48468542e-02 -1.62649851e-03
6.22041676e-01 4.74534343e-02 4.06722935e-03 4.51303746e-02 -1.62184575e-03
6.23270509e-01 4.77416655e-02 4.09738824e-03 4.54162477e-02 -1.61704676e-03
6.24497806e-01 4.80319765e-02 4.12864735e-03 4.57044654e-02 -1.61207940e-03
6.25723562e-01 4.83243497e-02 4.16099286e-03 4.59950208e-02 -1.60692273e-03
6.26947776e-01 4.86187693e-02 4.19440886e-03 4.62879085e-02 -1.60155710e-03
6.28170443e-01 4.89152212e-02 4.22887733e-03 4.65831243e-02 -1.59596414e-03
6.29391561e-01 4.92136937e-02 4.26437824e-03 4.68806657e-02 -1.59012690e-03
6.30611126e-01 4.95141769e-02 4.30088956e-03 4.71805314e-02 -1.58402982e-03
6.31829137e-01 4.98166630e-02 4.33838731e-03 4.74827216e-02 -1.57765881e-03
6.33045589e-01 5.01211463e-02 4.37684563e-03 4.77872381e-02 -1.57100128e-03
6.34260480e-01 5.04276234e-02 4.41623683e-03 4.80940841e-02 -1.56404616e-03
6.35473807e-01 5.07360931e-02 4.45653143e-03 4.84032642e-02 -1.55678394e-03
6.36685567e-01 5.10465563e-02 4.49769823e-03 4.87147846e-02 -1.54920666e-03
6.37895757e-01 5.13590162e-02 4.53970437e-03 4.90286529e-02 -1.54130797e-03
6.39104373e-01 5.16734782e-02 4.58251543e-03 4.93448781e-02 -1.53308310e-03
6.40311414e-01 5.19899500e-02 4.62609543e-03 4.96634708e-02 -1.52452889e-03
6.41516875e-01 5.23084416e-02 4.67040696e-03 4.99844427e-02 -1.51564374e-03
6.42720754e-01 5.26289652e-02 4.71541124e-03 5.03078072e-02 -1.50642768e-03
6.43923048e-01 5.29515350e-02 4.76106817e-03 5.06335790e-02 -1.49688228e-03
6.45123754e-01 5.32761679e-02 4.80733643e-03 5.09617740e-02 -1.48701070e-03
6.46322869e-01 5.36028824e-02 4.85417354e-03 5.12924093e-02 -1.47681760e-03
6.47520390e-01 5.39316995e-02 4.90153598e-03 5.16255036e-02 -1.46630916e-03
6.48716314e-01 5.42626423e-02 4.94937923e-03 5.19610763e-02 -1.45549304e-03
6.49910639e-01 5.45957359e-02 4.99765785e-03 5.22991485e-02 -1.44437832e-03
6.51103360e-01 5.49310073e-02 5.04632561e-03 5.26397420e-02 -1.43297549e-03
6.52294476e-01 5.52684856e-02 5.09533551e-03 5.29828797e-02 -1.42129635e-03
6.53483983e-01 5.56082017e-02 5.14463993e-03 5.33285856e-02 -1.40935404e-03
6.54671879e-01 5.59501886e-02 5.19419068e-03 5.36768846e-02 -1.39716291e-03
6.55858160e-01 5.62944808e-02 5.24393909e-03 5.40278025e-02 -1.38473850e-03
6.57042824e-01 5.66411145e-02 5.29383610e-03 5.43813658e-02 -1.37209746e-03
6.58225867e-01 5.69901278e-02 5.34383234e-03 5.47376018e-02 -1.35925749e-03
6.59407287e-01 5.73415602e-02 5.39387826e-03 5.50965386e-02 -1.34623728e-03
6.60587080e-01 5.76954525e-02 5.44392415e-03 5.54582048e-02 -1.33305641e-03
6.61765245e-01 5.80518473e-02 5.49392028e-03 5.58226296e-02 -1.31973532e-03
6.62941778e-01 5.84107881e-02 5.54381695e-03 5.61898427e-02 -1.30629517e-03
6.64116675e-01 5.87723199e-02 5.59356462e-03 5.65598741e-02 -1.29275782e-03
6.65289935e-01 5.91364888e-02 5.64311396e-03 5.69327544e-02 -1.27914570e-03
6.66461554e-01 5.95033418e-02 5.69241594e-03 5.73085143e-02 -1.26548176e-03
6.67631530e-01 5.98729270e-02 5.74142193e-03 5.76871848e-02 -1.25178935e-03
6.68799859e-01 6.02452933e-02 5.79008376e-03 5.80687970e-02 -1.23809215e-03
6.69966538e-01 6.06204904e-02 5.83835385e-03 5.84533822e-02 -1.22441412e-03
6.71131566e-01 6.09985685e-02 5.88618523e-03 5.88409716e-02 -1.21077931e-03
6.72294938e-01 6.13795786e-02 5.93353165e-03 5.92315966e-02 -1.19721189e-03
6.73456652e-01 6.17635720e-02 5.98034766e-03 5.96252884e-02 -1.18373595e-03
6.74616706e-01 6.21506006e-02 6.02658870e-03 6.00220778e-02 -1.17037549e-03
6.75775095e-01 6.25407162e-02 6.07221112e-03 6.04219959e-02 -1.15715430e-03
6.76931818e-01 6.29339712e-02 6.11717232e-03 6.08250731e-02 -1.14409584e-03
6.78086872e-01 6.33304178e-02 6.16143080e-03 6.12313397e-02 -1.13122323e-03
6.79240254e-01 6.37301084e-02 6.20494618e-03 6.16408258e-02 -1.11855906e-03
6.80391960e-01 6.41330951e-02 6.24767936e-03 6.20535607e-02 -1.10612538e-03
6.81541988e-01 6.45394300e-02 6.28959249e-03 6.24695737e-02 -1.09394360e-03
6.82690336e-01 6.49491649e-02 6.33064910e-03 6.28888932e-02 -1.08203438e-03
6.83837000e-01 6.53623511e-02 6.37081414e-03 6.33115474e-02 -1.07041757e-03
6.84981977e-01 6.57790396e-02 6.41005401e-03 6.37375638e-02 -1.05911212e-03
6.86125265e-01 6.61992809e-02 6.44833667e-03 6.41669693e-02 -1.04813603e-03
6.87266861e-01 6.66231248e-02 6.48563163e-03 6.45997902e-02 -1.03750623e-03
6.88406763e-01 6.70506205e-02 6.52191006e-03 6.50360522e-02 -1.02723856e-03
6.89544966e-01 6.74818163e-02 6.55714480e-03 6.54757803e-02 -1.01734765e-03
6.90681469e-01 6.79167600e-02 6.59131040e-03 6.59189988e-02 -1.00784691e-03
6.91816268e-01 6.83554982e-02 6.62438320e-03 6.63657314e-02 -9.98748432e-04
6.92949362e-01 6.87980766e-02 6.65634132e-03 6.68160008e-02 -9.90062935e-04
6.94080746e-01 6.92445402e-02 6.68716473e-03 6.72698294e-02 -9.81799731e-04
6.95210419e-01 6.96949325e-02 6.71683528e-03 6.77272386e-02 -9.73966660e-04
6.96338377e-01 7.01492962e-02 6.74533670e-03 6.81882492e-02 -9.66570052e-04
6.97464618e-01 7.06076727e-02 6.77265466e-03 6.86528810e-02 -9.59614684e-04
6.98589139e-01 7.10701023e-02 6.79877678e-03 6.91211536e-02 -9.53103745e-04
6.99711937e-01 7.15366240e-02 6.82369266e-03 6.95930854e-02 -9.47038803e-04
7.00833010e-01 7.20072755e-02 6.84739388e-03 7.00686944e-02 -9.41419780e-04
7.01952354e-01 7.24820932e-02 6.86987400e-03 7.05479978e-02 -9.36244929e-04
7.03069967e-01 7.29611123e-02 6.89112862e-03 7.10310121e-02 -9.31510815e-04
7.04185846e-01 7.34443664e-02 6.91115535e-03 7.15177534e-02 -9.27212307e-04
7.05299989e-01 7.39318880e-02 6.92995382e-03 7.20082369e-02 -9.23342566e-04
7.06412392e-01 7.44237080e-02 6.94752567e-03 7.25024775e-02 -9.19893045e-04
7.07523053e-01 7.49198559e-02 6.96387459e-03 7.30004892e-02 -9.16853490e-04
7.08631969e-01 7.54203601e-02 6.97900625e-03 7.35022858e-02 -9.14211947e-04
7.09739137e-01 7.59252472e-02 6.99292834e-03 7.40078804e-02 -9.11954779e-04
7.10844555e-01 7.64345426e-02 7.00565054e-03 7.45172859e-02 -9.10066676e-04
7.11948220e-01 7.69482703e-02 7.01718450e-03 7.50305146e-02 -9.08530685e-04
7.13050130e-01 7.74664529e-02 7.02754384e-03 7.55475784e-02 -9.07328230e-04
7.14150280e-01 7.79891116e-02 7.03674410e-03 7.60684892e-02 -9.06439149e-04
7.15248670e-01 7.85162663e-02 7.04480272e-03 7.65932581e-02 -9.05841729e-04
7.16345296e-01 7.90479355e-02 7.05173905e-03 7.71218966e-02 -9.05512748e-04
7.17440155e-01 7.95841365e-02 7.05757425e-03 7.76544155e-02 -9.05427521e-04
7.18533244e-01 8.01248853e-02 7.06233132e-03 7.81908257e-02 -9.05559948e-04
7.19624562e-01 8.06701965e-02 7.06603502e-03 7.87311382e-02 -9.05882572e-04
7.20714105e-01 8.12200836e-02 7.06871186e-03 7.92753637e-02 -9.06366638e-04
7.21801870e-01 8.17745591e-02 7.07039002e-03 7.98235130e-02 -9.06982155e-04
7.22887856e-01 8.23336341e-02 7.07109933e-03 8.03755971e-02 -9.07697960e-04
7.23972059e-01 8.28973187e-02 7.07087123e-03 8.09316271e-02 -9.08481794e-04
7.25054476e-01 8.34656220e-02 7.06973868e-03 8.14916142e-02 -9.09300375e-04
7.26135105e-01 8.40385521e-02 7.06773615e-03 8.20555699e-02 -9.10119471e-04
7.27213943e-01 8.46161163e-02 7.06489952e-03 8.26235060e-02 -9.10903990e-04
7.28290988e-01 8.51983207e-02 7.06126605e-03 8.31954348e-02 -9.11618053e-04
7.29366237e-01 8.57851707e-02 7.05687432e-03 8.37713687e-02 -9.12225088e-04
7.30439687e-01 8.63766712e-02 7.05176413e-03 8.43513208e-02 -9.12687920e-04
7.31511336e-01 8.69728260e-02 7.04597648e-03 8.49353046e-02 -9.12968856e-04
7.32581181e-01 8.75736384e-02 7.03955347e-03 8.55233342e-02 -9.13029784e-04
7.33649219e-01 8.81791111e-02 7.03253825e-03 8.61154242e-02 -9.12832268e-04
7.34715448e-01 8.87892464e-02 7.02497492e-03 8.67115901e-02 -9.12337645e-04
7.35779864e-01 8.94040459e-02 7.01690849e-03 8.73118477e-02 -9.11507120e-04
7.36842467e-01 9.00235109e-02 7.00838478e-03 8.79162138e-02 -9.10301871e-04
7.37903252e-01 9.06476424e-02 6.99945036e-03 8.85247060e-02 -9.08683148e-04
7.38962217e-01 9.12764411e-02 6.99015244e-03 8.91373424e-02 -9.06612371e-04
7.40019360e-01 9.19099074e-02 6.98053883e-03 8.97541423e-02 -9.04051237e-04
7.41074678e-01 9.25480417e-02 6.97065784e-03 9.03751257e-02 -9.00961817e-04
7.42128168e-01 9.31908442e-02 6.96055820e-03 9.10003135e-02 -8.97306660e-04
7.43179828e-01 9.38383151e-02 6.95028897e-03 9.16297276e-02 -8.93048895e-04
7.44229655e-01 9.44904548e-02 6.93989947e-03 9.22633907e-02 -8.88152329e-04
7.45277647e-01 9.51472635e-02 6.92943918e-03 9.29013266e-02 -8.82581547e-04
7.46323801e-01 9.58087417e-02 6.91895769e-03 9.35435601e-02 -8.76302014e-04
7.47368114e-01 9.64748904e-02 6.90850455e-03 9.41901171e-02 -8.69280168e-04
7.48410585e-01 9.71457105e-02 6.89812926e-03 9.48410242e-02 -8.61483514e-04
7.49451209e-01 9.78212033e-02 6.88788113e-03 9.54963094e-02 -8.52880724e-04
7.50489985e-01 9.85013708e-02 6.87780924e-03 9.61560015e-02 -8.43441721e-04
7.51526911e-01 9.91862152e-02 6.86796230e-03 9.68201305e-02 -8.33137772e-04
7.52561982e-01 9.98757392e-02 6.85838863e-03 9.74887272e-02 -8.21941572e-04
7.53595199e-01 1.00569946e-01 6.84913602e-03 9.81618239e-02 -8.09827328e-04
7.54626556e-01 1.01268840e-01 6.84025169e-03 9.88394534e-02 -7.96770839e-04
7.55656053e-01 1.01972425e-01 6.83178217e-03 9.95216500e-02 -7.82749573e-04
7.56683685e-01 1.02680708e-01 6.82377327e-03 1.00208449e-01 -7.67742740e-04
7.57709452e-01 1.03393693e-01 6.81626996e-03 1.00899885e-01 -7.51731359e-04
7.58733350e-01 1.04111388e-01 6.80931628e-03 1.01595997e-01 -7.34698328e-04
7.59755377e-01 1.04833800e-01 6.80295533e-03 1.02296823e-01 -7.16628482e-04
7.60775531e-01 1.05560938e-01 6.79722912e-03 1.03002401e-01 -6.97508652e-04
7.61793808e-01 1.06292812e-01 6.79217856e-03 1.03712770e-01 -6.77327717e-04
7.62810206e-01 1.07029431e-01 6.78784332e-03 1.04427973e-01 -6.56076650e-04
7.63824724e-01 1.07770808e-01 6.78426186e-03 1.05148051e-01 -6.33748566e-04
7.64837357e-01 1.08516955e-01 6.78147124e-03 1.05873046e-01 -6.10338755e-04
7.65848104e-01 1.09267884e-01 6.77950718e-03 1.06603001e-01 -5.85844721e-04
7.66856963e-01 1.10023611e-01 6.77840392e-03 1.07337961e-01 -5.60266205e-04
7.67863930e-01 1.10784151e-01 6.77819416e-03 1.08077970e-01 -5.33605212e-04
7.68869004e-01 1.11549520e-01 6.77890906e-03 1.08823073e-01 -5.05866028e-04
7.69872181e-01 1.12319736e-01 6.78057814e-03 1.09573317e-01 -4.77055231e-04
7.70873460e-01 1.13094818e-01 6.78322925e-03 1.10328748e-01 -4.47181700e-04
7.71872838e-01 1.13874786e-01 6.78688851e-03 1.11089413e-01 -4.16256616e-04
7.72870312e-01 1.14659661e-01 6.79158029e-03 1.11855361e-01 -3.84293458e-04
7.73865880e-01 1.15449465e-01 6.79732714e-03 1.12626638e-01 -3.51307993e-04
7.74859540e-01 1.16244221e-01 6.80414977e-03 1.13403294e-01 -3.17318264e-04
7.75851289e-01 1.17043953e-01 6.81206702e-03 1.14185377e-01 -2.82344565e-04
7.76841124e-01 1.17848688e-01 6.82109583e-03 1.14972936e-01 -2.46409420e-04
7.77829044e-01 1.18658452e-01 6.83125121e-03 1.15766021e-01 -2.09537548e-04
7.78815045e-01 1.19473273e-01 6.84254621e-03 1.16564681e-01 -1.71755827e-04
7.79799126e-01 1.20293180e-01 6.85499193e-03 1.17368967e-01 -1.33093254e-04
7.80781283e-01 1.21118203e-01 6.86859745e-03 1.18178926e-01 -9.35808966e-05
7.81761515e-01 1.21948372e-01 6.88336990e-03 1.18994610e-01 -5.32518377e-05
7.82739819e-01 1.22783721e-01 6.89931438e-03 1.19816069e-01 -1.21411212e-05
7.83716193e-01 1.23624284e-01 6.91643401e-03 1.20643351e-01 2.97143121e-05
7.84690634e-01 1.24470093e-01 6.93472989e-03 1.21476507e-01 7.22756923e-05
7.85663139e-01 1.25321185e-01 6.95420114e-03 1.22315585e-01 1.15502493e-04
7.86633708e-01 1.26177597e-01 6.97484488e-03 1.23160636e-01 1.59352506e-04
7.87602336e-01 1.27039366e-01 6.99665629e-03 1.24011708e-01 2.03781928e-04
7.88569022e-01 1.27906531e-01 7.01962856e-03 1.24868851e-01 2.48745441e-04
7.89533763e-01 1.28779131e-01 7.04375298e-03 1.25732112e-01 2.94196305e-04
7.90496556e-01 1.29657207e-01 7.06901891e-03 1.26601539e-01 3.40086451e-04
7.91457401e-01 1.30540801e-01 7.09541385e-03 1.27477181e-01 3.86366580e-04
7.92416293e-01 1.31429954e-01 7.12292346e-03 1.28359084e-01 4.32986262e-04
7.93373232e-01 1.32324712e-01 7.15153158e-03 1.29247296e-01 4.79894042e-04
7.94328214e-01 1.33225116e-01 7.18122031e-03 1.30141863e-01 5.27037550e-04
7.95281236e-01 1.34131214e-01 7.21197001e-03 1.31042830e-01 5.74363605e-04
7.96232298e-01 1.35043051e-01 7.24375939e-03 1.31950244e-01 6.21818334e-04
7.97181396e-01 1.35960674e-01 7.27656552e-03 1.32864148e-01 6.69347288e-04
7.98128528e-01 1.36884130e-01 7.31036393e-03 1.33784588e-01 7.16895555e-04
7.99073691e-01 1.37813469e-01 7.34512863e-03 1.34711606e-01 7.64407882e-04
8.00016884e-01 1.38748739e-01 7.38083220e-03 1.35645247e-01 8.11828800e-04
8.00958104e-01 1.39689990e-01 7.41744583e-03 1.36585552e-01 8.59102742e-04
8.01897349e-01 1.40637274e-01 7.45493941e-03 1.37532564e-01 9.06174168e-04
8.02834616e-01 1.41590642e-01 7.49328159e-03 1.38486324e-01 9.52987690e-04
8.03769903e-01 1.42550146e-01 7.53243987e-03 1.39446873e-01 9.99488201e-04
8.04703207e-01 1.43515839e-01 7.57238062e-03 1.40414251e-01 1.04562099e-03
8.05634528e-01 1.44487775e-01 7.61306924e-03 1.41388499e-01 1.09133189e-03
8.06563861e-01 1.45466008e-01 7.65447017e-03 1.42369656e-01 1.13656737e-03
8.07491206e-01 1.46450594e-01 7.69654703e-03 1.43357759e-01 1.18127470e-03
8.08416559e-01 1.47441588e-01 7.73926264e-03 1.44352849e-01 1.22540202e-03
8.09339918e-01 1.48439046e-01 7.78257917e-03 1.45354963e-01 1.26889854e-03
8.10261281e-01 1.49443027e-01 7.82645819e-03 1.46364138e-01 1.31171459e-03
8.11180646e-01 1.50453586e-01 7.87086074e-03 1.47380412e-01 1.35380178e-03
8.12098011e-01 1.51470784e-01 7.91574749e-03 1.48403821e-01 1.39511310e-03
8.13013373e-01 1.52494679e-01 7.96107875e-03 1.49434403e-01 1.43560304e-03
8.13926729e-01 1.53525331e-01 8.00681462e-03 1.50472194e-01 1.47522772e-03
8.14838079e-01 1.54562800e-01 8.05291503e-03 1.51517230e-01 1.51394499e-03
8.15747419e-01 1.55607148e-01 8.09933989e-03 1.52569547e-01 1.55171452e-03
8.16654747e-01 1.56658436e-01 8.14604913e-03 1.53629183e-01 1.58849793e-03
8.17560061e-01 1.57716728e-01 8.19300283e-03 1.54696172e-01 1.62425888e-03
8.18463359e-01 1.58782086e-01 8.24016126e-03 1.55770552e-01 1.65896318e-03
8.19364639e-01 1.59854574e-01 8.28748506e-03 1.56852360e-01 1.69257887e-03
8.20263897e-01 1.60934258e-01 8.33493521e-03 1.57941631e-01 1.72507630e-03
8.21161133e-01 1.62021204e-01 8.38247322e-03 1.59038404e-01 1.75642826e-03
8.22056344e-01 1.63115476e-01 8.43006118e-03 1.60142715e-01 1.78661001e-03
8.22949527e-01 1.64217144e-01 8.47766183e-03 1.61254604e-01 1.81559938e-03
8.23840681e-01 1.65326275e-01 8.52523867e-03 1.62374108e-01 1.84337684e-03
8.24729804e-01 1.66442938e-01 8.57275603e-03 1.63501268e-01 1.86992558e-03
8.25616892e-01 1.67567204e-01 8.62017915e-03 1.64636123e-01 1.89523156e-03
8.26501944e-01 1.68699143e-01 8.66747426e-03 1.65778716e-01 1.91928353e-03
8.27384958e-01 1.69838827e-01 8.71460867e-03 1.66929087e-01 1.94207316e-03
8.28265931e-01 1.70986330e-01 8.76155081e-03 1.68087280e-01 1.96359502e-03
8.29144862e-01 1.72141726e-01 8.80827033e-03 1.69253339e-01 1.98384663e-03
8.30021748e-01 1.73305089e-01 8.85473816e-03 1.70427311e-01 2.00282852e-03
8.30896587e-01 1.74476497e-01 8.90092658e-03 1.71609241e-01 2.02054424e-03
8.31769377e-01 1.75656027e-01 8.94680926e-03 1.72799180e-01 2.03700038e-03
8.32640115e-01 1.76843759e-01 8.99236133e-03 1.73997176e-01 2.05220659e-03
8.33508800e-01 1.78039771e-01 9.03755945e-03 1.75203281e-01 2.06617560e-03
8.34375430e-01 1.79244147e-01 9.08238183e-03 1.76417550e-01 2.07892318e-03
8.35240002e-01 1.80456969e-01 9.12680831e-03 1.77640038e-01 2.09046820e-03
8.36102514e-01 1.81678321e-01 9.17082037e-03 1.78870801e-01 2.10083260e-03
8.36962964e-01 1.82908290e-01 9.21440120e-03 1.80109901e-01 2.11004134e-03
8.37821349e-01 1.84146964e-01 9.25753569e-03 1.81357399e-01 2.11812241e-03
8.38677669e-01 1.85394431e-01 9.30021052e-03 1.82613359e-01 2.12510682e-03
8.39531921e-01 1.86650783e-01 9.34241413e-03 1.83877847e-01 2.13102852e-03
8.40384102e-01 1.87916112e-01 9.38413678e-03 1.85150934e-01 2.13592441e-03
8.41234210e-01 1.89190513e-01 9.42537056e-03 1.86432690e-01 2.13983426e-03
8.42082244e-01 1.90474083e-01 9.46610937e-03 1.87723191e-01 2.14280067e-03
8.42928201e-01 1.91766919e-01 9.50634897e-03 1.89022514e-01 2.14486902e-03
8.43772079e-01 1.93069123e-01 9.54608697e-03 1.90330739e-01 2.14608740e-03
8.44613877e-01 1.94380796e-01 9.58532280e-03 1.91647950e-01 2.14650654e-03
8.45453591e-01 1.95702043e-01 9.62405777e-03 1.92974233e-01 2.14617976e-03
8.46291221e-01 1.97032970e-01 9.66229498e-03 1.94309678e-01 2.14516286e-03
8.47126763e-01 1.98373687e-01 9.70003936e-03 1.95654377e-01 2.14351404e-03
8.47960216e-01 1.99724304e-01 9.73729763e-03 1.97008429e-01 2.14129384e-03
8.48791578e-01 2.01084936e-01 9.77407829e-03 1.98371931e-01 2.13856502e-03
8.49620847e-01 2.02455697e-01 9.81039156e-03 1.99744988e-01 2.13539248e-03
8.50448020e-01 2.03836707e-01 9.84624939e-03 2.01127707e-01 2.13184314e-03
8.51273096e-01 2.05228085e-01 9.88166537e-03 2.02520198e-01 2.12798584e-03
8.52096073e-01 2.06629956e-01 9.91665475e-03 2.03922575e-01 2.12389126e-03
8.52916948e-01 2.08042446e-01 9.95123435e-03 2.05334958e-01 2.11963173e-03
8.53735720e-01 2.09465682e-01 9.98542251e-03 2.06757467e-01 2.11528122e-03
8.54552386e-01 2.10899797e-01 1.00192391e-02 2.08190230e-01 2.11091511e-03
8.55366945e-01 2.12344923e-01 1.00527053e-02 2.09633375e-01 2.10661016e-03
8.56179395e-01 2.13801199e-01 1.00858437e-02 2.11087037e-01 2.10244432e-03
8.56989732e-01 2.15268764e-01 1.01186783e-02 2.12551354e-01 2.09849662e-03
8.57797957e-01 2.16747760e-01 1.01512342e-02 2.14026468e-01 2.09484705e-03
8.58604066e-01 2.18238332e-01 1.01835376e-02 2.15512525e-01 2.09157643e-03
8.59408057e-01 2.19740630e-01 1.02156159e-02 2.17009675e-01 2.08876625e-03
8.60209930e-01 2.21254804e-01 1.02474976e-02 2.18518073e-01 2.08649856e-03
8.61009680e-01 2.22781008e-01 1.02792117e-02 2.20037877e-01 2.08485581e-03
8.61807307e-01 2.24319401e-01 1.03107886e-02 2.21569250e-01 2.08392073e-03
8.62602809e-01 2.25870141e-01 1.03422590e-02 2.23112360e-01 2.08377621e-03
8.63396184e-01 2.27433394e-01 1.03736544e-02 2.24667377e-01 2.08450509e-03
8.64187429e-01 2.29009324e-01 1.04050071e-02 2.26234476e-01 2.08619012e-03
8.64976543e-01 2.30598103e-01 1.04363496e-02 2.27813837e-01 2.08891374e-03
8.65763524e-01 2.32199902e-01 1.04677148e-02 2.29405643e-01 2.09275799e-03
8.66548370e-01 2.33814897e-01 1.04991362e-02 2.31010083e-01 2.09780434e-03
8.67331079e-01 2.35443267e-01 1.05306471e-02 2.32627347e-01 2.10413359e-03
8.68111648e-01 2.37085195e-01 1.05622811e-02 2.34257632e-01 2.11182571e-03
8.68890077e-01 2.38740865e-01 1.05940720e-02 2.35901138e-01 2.12095972e-03
8.69666363e-01 2.40410465e-01 1.06260531e-02 2.37558068e-01 2.13161354e-03
8.70440504e-01 2.42094187e-01 1.06582580e-02 2.39228630e-01 2.14386391e-03
8.71212499e-01 2.43792226e-01 1.06907195e-02 2.40913036e-01 2.15778621e-03
8.71982345e-01 2.45504777e-01 1.07234706e-02 2.42611500e-01 2.17345436e-03
8.72750041e-01 2.47232043e-01 1.07565433e-02 2.44324242e-01 2.19094071e-03
8.73515584e-01 2.48974226e-01 1.07899694e-02 2.46051485e-01 2.21031591e-03
8.74278973e-01 2.50731533e-01 1.08237798e-02 2.47793455e-01 2.23164880e-03
8.75040206e-01 2.52504173e-01 1.08580049e-02 2.49550381e-01 2.25500633e-03
8.75799281e-01 2.54292357e-01 1.08926741e-02 2.51322498e-01 2.28045340e-03
8.76556196e-01 2.56096302e-01 1.09278160e-02 2.53110041e-01 2.30805280e-03
8.77310949e-01 2.57916225e-01 1.09634579e-02 2.54913251e-01 2.33786512e-03
8.78063539e-01 2.59752346e-01 1.09996263e-02 2.56732369e-01 2.36994862e-03
8.78813963e-01 2.61604889e-01 1.10363464e-02 2.58567643e-01 2.40435917e-03
8.79562220e-01 2.63474079e-01 1.10736423e-02 2.60419321e-01 2.44115020e-03
8.80308308e-01 2.65360145e-01 1.11115364e-02 2.62287655e-01 2.48037256e-03
8.81052225e-01 2.67263318e-01 1.11500501e-02 2.64172899e-01 2.52207448e-03
8.81793969e-01 2.69183832e-01 1.11892031e-02 2.66075310e-01 2.56630153e-03
8.82533538e-01 2.71121921e-01 1.12290136e-02 2.67995148e-01 2.61309652e-03
8.83270931e-01 2.73077824e-01 1.12694981e-02 2.69932674e-01 2.66249948e-03
8.84006145e-01 2.75051782e-01 1.13106717e-02 2.71888152e-01 2.71454757e-03
8.84739180e-01 2.77044036e-01 1.13525475e-02 2.73861849e-01 2.76927510e-03
8.85470032e-01 2.79054830e-01 1.13951370e-02 2.75854033e-01 2.82671345e-03
8.86198701e-01 2.81084413e-01 1.14384497e-02 2.77864973e-01 2.88689105e-03
8.86925184e-01 2.83133030e-01 1.14824934e-02 2.79894940e-01 2.94983336e-03
8.87649480e-01 2.85200934e-01 1.15272740e-02 2.81944209e-01 3.01556286e-03
8.88371587e-01 2.87288375e-01 1.15727954e-02 2.84013053e-01 3.08409904e-03
8.89091503e-01 2.89395606e-01 1.16190595e-02 2.86101749e-01 3.15545839e-03
8.89809227e-01 2.91522883e-01 1.16660663e-02 2.88210573e-01 3.22965440e-03
8.90524756e-01 2.93670462e-01 1.17138137e-02 2.90339804e-01 3.30669760e-03
8.91238089e-01 2.95838601e-01 1.17622977e-02 2.92489720e-01 3.38659553e-03
8.91949223e-01 2.98027558e-01 1.18115122e-02 2.94660601e-01 3.46935278e-03
8.92658159e-01 3.00237593e-01 1.18614489e-02 2.96852727e-01 3.55497107e-03
8.93364892e-01 3.02468967e-01 1.19120978e-02 2.99066379e-01 3.64344919e-03
8.94069423e-01 3.04721943e-01 1.19634466e-02 3.01301838e-01 3.73478312e-03
8.94771748e-01 3.06996783e-01 1.20154811e-02 3.03559385e-01 3.82896605e-03
8.95471867e-01 3.09293751e-01 1.20681850e-02 3.05839301e-01 3.92598844e-03
8.96169778e-01 3.11613111e-01 1.21215400e-02 3.08141869e-01 4.02583807e-03
8.96865478e-01 3.13955127e-01 1.21755261e-02 3.10467369e-01 4.12850012e-03
8.97558967e-01 3.16320066e-01 1.22301211e-02 3.12816082e-01 4.23395723e-03
8.98250242e-01 3.18708193e-01 1.22853009e-02 3.15188289e-01 4.34218958e-03
8.98939302e-01 3.21119775e-01 1.23410397e-02 3.17584269e-01 4.45317500e-03
8.99626145e-01 3.23555077e-01 1.23973097e-02 3.20004304e-01 4.56688901e-03
9.00310769e-01 3.26014366e-01 1.24540815e-02 3.22448671e-01 4.68330496e-03
9.00993173e-01 3.28497910e-01 1.25113238e-02 3.24917649e-01 4.80239410e-03
9.01673355e-01 3.31005975e-01 1.25690040e-02 3.27411516e-01 4.92412571e-03
9.02351313e-01 3.33538828e-01 1.26270875e-02 3.29930547e-01 5.04846718e-03
9.03027046e-01 3.36096736e-01 1.26855383e-02 3.32475019e-01 5.17538414e-03
9.03700552e-01 3.38679965e-01 1.27443191e-02 3.35045206e-01 5.30484059e-03
9.04371830e-01 3.41288784e-01 1.28033910e-02 3.37641382e-01 5.43679898e-03
9.05040876e-01 3.43923458e-01 1.28627140e-02 3.40263820e-01 5.57122038e-03
9.05707691e-01 3.46584254e-01 1.29222467e-02 3.42912791e-01 5.70806460e-03
9.06372273e-01 3.49271438e-01 1.29819465e-02 3.45588565e-01 5.84729030e-03
9.07034619e-01 3.51985278e-01 1.30417701e-02 3.48291412e-01 5.98885515e-03
9.07694728e-01 3.54726039e-01 1.31016728e-02 3.51021601e-01 6.13271594e-03
9.08352599e-01 3.57493988e-01 1.31616093e-02 3.53779398e-01 6.27882878e-03
9.09008229e-01 3.60289391e-01 1.32215335e-02 3.56565070e-01 6.42714915e-03
9.09661618e-01 3.63112514e-01 1.32813985e-02 3.59378882e-01 6.57763214e-03
9.10312763e-01 3.65963624e-01 1.33411568e-02 3.62221099e-01 6.73023254e-03
9.10961663e-01 3.68842987e-01 1.34007607e-02 3.65091985e-01 6.88490499e-03
9.11608317e-01 3.71750871e-01 1.34601618e-02 3.67991802e-01 7.04160417e-03
9.12252723e-01 3.74687543e-01 1.35193116e-02 3.70920814e-01 7.20028489e-03
9.12894879e-01 3.77653270e-01 1.35781613e-02 3.73879282e-01 7.36090231e-03
9.13534783e-01 3.80648322e-01 1.36366622e-02 3.76867469e-01 7.52341202e-03
9.14172435e-01 3.83672967e-01 1.36947656e-02 3.79885636e-01 7.68777023e-03
9.14807832e-01 3.86727476e-01 1.37524229e-02 3.82934045e-01 7.85393395e-03
9.15440973e-01 3.89812121e-01 1.38095858e-02 3.86012959e-01 8.02186105e-03
9.16071856e-01 3.92927174e-01 1.38662063e-02 3.89122641e-01 8.19151050e-03
9.16700480e-01 3.96072910e-01 1.39222369e-02 3.92263353e-01 8.36284246e-03
9.17326844e-01 3.99249606e-01 1.39776308e-02 3.95435362e-01 8.53581846e-03
9.17950945e-01 4.02457540e-01 1.40323417e-02 3.98638932e-01 8.71040152e-03
9.18572782e-01 4.05696994e-01 1.40863243e-02 4.01874333e-01 8.88655629e-03
9.19192354e-01 4.08968251e-01 1.41395340e-02 4.05141834e-01 9.06424921e-03
9.19809659e-01 4.12271599e-01 1.41919272e-02 4.08441707e-01 9.24344862e-03
9.20424696e-01 4.15607327e-01 1.42434616e-02 4.11774227e-01 9.42412491e-03
9.21037462e-01 4.18975731e-01 1.42940958e-02 4.15139674e-01 9.60625065e-03
9.21647958e-01 4.22377109e-01 1.43437899e-02 4.18538329e-01 9.78980068e-03
9.22256180e-01 4.25811763e-01 1.43925053e-02 4.21970477e-01 9.97475229e-03
9.22862128e-01 4.29280004e-01 1.44402049e-02 4.25436411e-01 1.01610853e-02
9.23465800e-01 4.32782144e-01 1.44868531e-02 4.28936425e-01 1.03487821e-02
9.24067195e-01 4.36318503e-01 1.45324159e-02 4.32470822e-01 1.05378279e-02
9.24666310e-01 4.39889409e-01 1.45768611e-02 4.36039909e-01 1.07282108e-02
9.25263146e-01 4.43495196e-01 1.46201583e-02 4.39644001e-01 1.09199218e-02
9.25857699e-01 4.47136204e-01 1.46622788e-02 4.43283419e-01 1.11129548e-02
9.26449969e-01 4.50812785e-01 1.47031962e-02 4.46958493e-01 1.13073071e-02
9.27039955e-01 4.54525297e-01 1.47428856e-02 4.50669563e-01 1.15029789e-02
9.27627654e-01 4.58274108e-01 1.47813245e-02 4.54416977e-01 1.16999738e-02
9.28213065e-01 4.62059598e-01 1.48184925e-02 4.58201092e-01 1.18982988e-02
9.28796187e-01 4.65882157e-01 1.48543712e-02 4.62022278e-01 1.20979641e-02
9.29377019e-01 4.69742186e-01 1.48889444e-02 4.65880916e-01 1.22989835e-02
9.29955559e-01 4.73640099e-01 1.49221984e-02 4.69777398e-01 1.25013741e-02
9.30531805e-01 4.77576324e-01 1.49541215e-02 4.73712132e-01 1.27051567e-02
9.31105757e-01 4.81551303e-01 1.49847045e-02 4.77685538e-01 1.29103554e-02
9.31677412e-01 4.85565491e-01 1.50139404e-02 4.81698051e-01 1.31169980e-02
9.32246769e-01 4.89619361e-01 1.50418248e-02 4.85750123e-01 1.33251158e-02
9.32813828e-01 4.93713401e-01 1.50683554e-02 4.89842222e-01 1.35347435e-02
9.33378586e-01 4.97848118e-01 1.50935324e-02 4.93974834e-01 1.37459198e-02
9.33941042e-01 5.02024036e-01 1.51173584e-02 4.98148464e-01 1.39586863e-02
9.34501195e-01 5.06241700e-01 1.51398385e-02 5.02363636e-01 1.41730885e-02
9.35059043e-01 5.10501672e-01 1.51609799e-02 5.06620894e-01 1.43891753e-02
9.35614585e-01 5.14804540e-01 1.51807926e-02 5.10920806e-01 1.46069989e-02
9.36167820e-01 5.19150910e-01 1.51992886e-02 5.15263961e-01 1.48266150e-02
9.36718746e-01 5.23541414e-01 1.52164823e-02 5.19650972e-01 1.50480824e-02
9.37267362e-01 5.27976707e-01 1.52323905e-02 5.24082476e-01 1.52714633e-02
9.37813667e-01 5.32457470e-01 1.52470322e-02 5.28559139e-01 1.54968229e-02
9.38357658e-01 5.36984410e-01 1.52604288e-02 5.33081651e-01 1.57242296e-02
9.38899336e-01 5.41558262e-01 1.52726037e-02 5.37650731e-01 1.59537547e-02
9.39438698e-01 5.46179789e-01 1.52835824e-02 5.42267127e-01 1.61854721e-02
9.39975743e-01 5.50849785e-01 1.52933927e-02 5.46931620e-01 1.64194587e-02
9.40510470e-01 5.55569072e-01 1.53020643e-02 5.51645019e-01 1.66557938e-02
9.41042878e-01 5.60338507e-01 1.53096289e-02 5.56408167e-01 1.68945593e-02
9.41572965e-01 5.65158979e-01 1.53161201e-02 5.61221942e-01 1.71358393e-02
9.42100730e-01 5.70031410e-01 1.53215733e-02 5.66087257e-01 1.73797199e-02
9.42626171e-01 5.74956759e-01 1.53260256e-02 5.71005058e-01 1.76262894e-02
9.43149288e-01 5.79936019e-01 1.53295158e-02 5.75976333e-01 1.78756377e-02
9.43670079e-01 5.84970224e-01 1.53320844e-02 5.81002106e-01 1.81278565e-02
9.44188542e-01 5.90060443e-01 1.53337732e-02 5.86083441e-01 1.83830387e-02
9.44704677e-01 5.95207788e-01 1.53346255e-02 5.91221442e-01 1.86412785e-02
9.45218483e-01 6.00413409e-01 1.53346859e-02 5.96417257e-01 1.89026710e-02
9.45729957e-01 6.05678499e-01 1.53340000e-02 6.01672075e-01 1.91673123e-02
9.46239099e-01 6.11004295e-01 1.53326147e-02 6.06987131e-01 1.94352989e-02
9.46745907e-01 6.16392078e-01 1.53305779e-02 6.12363703e-01 1.97067275e-02
9.47250380e-01 6.21843172e-01 1.53279382e-02 6.17803117e-01 1.99816950e-02
9.47752518e-01 6.27358948e-01 1.53247451e-02 6.23306747e-01 2.02602981e-02
9.48252318e-01 6.32940826e-01 1.53210486e-02 6.28876013e-01 2.05426331e-02
9.48749779e-01 6.38590272e-01 1.53168992e-02 6.34512387e-01 2.08287956e-02
9.49244901e-01 6.44308802e-01 1.53123481e-02 6.40217388e-01 2.11188800e-02
9.49737681e-01 6.50097982e-01 1.53074465e-02 6.45992591e-01 2.14129797e-02
9.50228120e-01 6.55959427e-01 1.53022457e-02 6.51839618e-01 2.17111865e-02
9.50716215e-01 6.61894807e-01 1.52967973e-02 6.57760147e-01 2.20135904e-02
9.51201965e-01 6.67905841e-01 1.52911527e-02 6.63755910e-01 2.23202792e-02
9.51685370e-01 6.73994303e-01 1.52853628e-02 6.69828691e-01 2.26313384e-02
9.52166428e-01 6.80162022e-01 1.52794786e-02 6.75980332e-01 2.29468508e-02
9.52645137e-01 6.86410878e-01 1.52735504e-02 6.82212729e-01 2.32668960e-02
9.53121497e-01 6.92742809e-01 1.52676279e-02 6.88527835e-01 2.35915504e-02
9.53595507e-01 6.99159808e-01 1.52617600e-02 6.94927661e-01 2.39208869e-02
9.54067164e-01 7.05663925e-01 1.52559950e-02 7.01414273e-01 2.42549743e-02
9.54536469e-01 7.12257264e-01 1.52503800e-02 7.07989797e-01 2.45938772e-02
9.55003420e-01 7.18941988e-01 1.52449611e-02 7.14656418e-01 2.49376557e-02
9.55468016e-01 7.25720317e-01 1.52397832e-02 7.21416376e-01 2.52863648e-02
9.55930255e-01 7.32594527e-01 1.52348897e-02 7.28271972e-01 2.56400545e-02
9.56390137e-01 7.39566954e-01 1.52303228e-02 7.35225566e-01 2.59987693e-02
9.56847660e-01 7.46639990e-01 1.52261229e-02 7.42279576e-01 2.63625477e-02
9.57302823e-01 7.53816083e-01 1.52223288e-02 7.49436479e-01 2.67314222e-02
9.57755626e-01 7.61097742e-01 1.52189777e-02 7.56698809e-01 2.71054189e-02
9.58206066e-01 7.68487530e-01 1.52161044e-02 7.64069162e-01 2.74845571e-02
9.58654144e-01 7.75988068e-01 1.52137422e-02 7.71550188e-01 2.78688489e-02
9.59099857e-01 7.83602034e-01 1.52119221e-02 7.79144598e-01 2.82582993e-02
9.59543205e-01 7.91332162e-01 1.52106728e-02 7.86855156e-01 2.86529054e-02
9.59984187e-01 7.99181241e-01 1.52100208e-02 7.94684687e-01 2.90526566e-02
9.60422801e-01 8.07152114e-01 1.52099902e-02 8.02636068e-01 2.94575338e-02
9.60859046e-01 8.15247679e-01 1.52106025e-02 8.10712232e-01 2.98675098e-02
9.61292922e-01 8.23470887e-01 1.52118769e-02 8.18916167e-01 3.02825482e-02
9.61724427e-01 8.31824741e-01 1.52138297e-02 8.27250912e-01 3.07026040e-02
9.62153561e-01 8.40312293e-01 1.52164747e-02 8.35719558e-01 3.11276225e-02
9.62580321e-01 8.48936648e-01 1.52198227e-02 8.44325247e-01 3.15575398e-02
9.63004708e-01 8.57700955e-01 1.52238819e-02 8.53071170e-01 3.19922822e-02
9.63426720e-01 8.66608414e-01 1.52286574e-02 8.61960564e-01 3.24317658e-02
9.63846355e-01 8.75662267e-01 1.52341515e-02 8.70996713e-01 3.28758969e-02
9.64263614e-01 8.84865801e-01 1.52403635e-02 8.80182942e-01 3.33245710e-02
9.64678495e-01 8.94222344e-01 1.52472896e-02 8.89522623e-01 3.37776734e-02
9.65090997e-01 9.03735263e-01 1.52549229e-02 8.99019162e-01 3.42350784e-02
9.65501118e-01 9.13407962e-01 1.52632535e-02 9.08676007e-01 3.46966494e-02
9.65908859e-01 9.23243883e-01 1.52722683e-02 9.18496638e-01 3.51622390e-02
9.66314217e-01 9.33246498e-01 1.52819512e-02 9.28484572e-01 3.56316885e-02
9.66717192e-01 9.43419309e-01 1.52922828e-02 9.38643351e-01 3.61048276e-02
9.67117784e-01 9.53765848e-01 1.53032406e-02 9.48976549e-01 3.65814752e-02
9.67515990e-01 9.64289669e-01 1.53147989e-02 9.59487763e-01 3.70614381e-02
9.67911810e-01 9.74994350e-01 1.53269291e-02 9.70180610e-01 3.75445120e-02
9.68305243e-01 9.85883487e-01 1.53395992e-02 9.81058728e-01 3.80304809e-02
9.68696288e-01 9.96960691e-01 1.53527740e-02 9.92125771e-01 3.85191171e-02
9.69084944e-01 1.00822959e+00 1.53664157e-02 1.00338540e+00 3.90101814e-02
9.69471210e-01 1.01969381e+00 1.53804829e-02 1.01484129e+00 3.95034227e-02
9.69855086e-01 1.03135699e+00 1.53949315e-02 1.02649712e+00 3.99985787e-02
9.70236569e-01 1.04322278e+00 1.54097144e-02 1.03835657e+00 4.04953754e-02
9.70615660e-01 1.05529481e+00 1.54247814e-02 1.05042330e+00 4.09935271e-02
9.70992357e-01 1.06757671e+00 1.54400797e-02 1.06270100e+00 4.14927370e-02
9.71366659e-01 1.08007211e+00 1.54555535e-02 1.07519332e+00 4.19926970e-02
9.71738566e-01 1.09278461e+00 1.54711444e-02 1.08790390e+00 4.24930877e-02
9.72108076e-01 1.10571780e+00 1.54867912e-02 1.10083636e+00 4.29935788e-02
9.72475189e-01 1.11887524e+00 1.55024302e-02 1.11399430e+00 4.34938292e-02
9.72839904e-01 1.13226048e+00 1.55179953e-02 1.12738129e+00 4.39934871e-02
9.73202220e-01 1.14587702e+00 1.55334177e-02 1.14100086e+00 4.44921904e-02
9.73562135e-01 1.15972831e+00 1.55486266e-02 1.15485652e+00 4.49895668e-02
9.73919650e-01 1.17381781e+00 1.55635487e-02 1.16895171e+00 4.54852340e-02
9.74274762e-01 1.18814887e+00 1.55781090e-02 1.18328984e+00 4.59788003e-02
9.74627472e-01 1.20272482e+00 1.55922301e-02 1.19787425e+00 4.64698645e-02
9.74977778e-01 1.21754894e+00 1.56058329e-02 1.21270825e+00 4.69580165e-02
9.75325680e-01 1.23262444e+00 1.56188365e-02 1.22779506e+00 4.74428375e-02
9.75671177e-01 1.24795444e+00 1.56311583e-02 1.24313783e+00 4.79239006e-02
9.76014267e-01 1.26354201e+00 1.56427144e-02 1.25873965e+00 4.84007710e-02
9.76354950e-01 1.27939015e+00 1.56534192e-02 1.27460352e+00 4.88730063e-02
9.76693226e-01 1.29550175e+00 1.56631862e-02 1.29073236e+00 4.93401574e-02
9.77029093e-01 1.31187963e+00 1.56719275e-02 1.30712898e+00 4.98017684e-02
9.77362550e-01 1.32852650e+00 1.56795543e-02 1.32379612e+00 5.02573775e-02
9.77693597e-01 1.34544497e+00 1.56859771e-02 1.34073640e+00 5.07065174e-02
9.78022233e-01 1.36263755e+00 1.56911055e-02 1.35795233e+00 5.11487155e-02
9.78348456e-01 1.38010664e+00 1.56948489e-02 1.37544631e+00 5.15834950e-02
9.78672267e-01 1.39785451e+00 1.56971159e-02 1.39322060e+00 5.20103751e-02
9.78993665e-01 1.41588331e+00 1.56978153e-02 1.41127738e+00 5.24288716e-02
9.79312648e-01 1.43419506e+00 1.56968555e-02 1.42961864e+00 5.28384977e-02
9.79629216e-01 1.45279165e+00 1.56941451e-02 1.44824627e+00 5.32387642e-02
9.79943368e-01 1.47167481e+00 1.56895930e-02 1.46716201e+00 5.36291807e-02
9.80255103e-01 1.49084613e+00 1.56831084e-02 1.48636743e+00 5.40092558e-02
9.80564421e-01 1.51030707e+00 1.56746011e-02 1.50586396e+00 5.43784978e-02
9.80871321e-01 1.53005889e+00 1.56639817e-02 1.52565286e+00 5.47364158e-02
9.81175801e-01 1.55010270e+00 1.56511615e-02 1.54573524e+00 5.50825198e-02
9.81477862e-01 1.57043946e+00 1.56360531e-02 1.56611202e+00 5.54163219e-02
9.81777503e-01 1.59106991e+00 1.56185700e-02 1.58678393e+00 5.57373365e-02
9.82074722e-01 1.61199465e+00 1.55986272e-02 1.60775154e+00 5.60450816e-02
9.82369519e-01 1.63321407e+00 1.55761413e-02 1.62901522e+00 5.63390792e-02
9.82661894e-01 1.65472836e+00 1.55510303e-02 1.65057514e+00 5.66188560e-02
9.82951845e-01 1.67653752e+00 1.55232145e-02 1.67243126e+00 5.68839443e-02
9.83239372e-01 1.69864136e+00 1.54926156e-02 1.69458336e+00 5.71338828e-02
9.83524474e-01 1.72103945e+00 1.54591578e-02 1.71703098e+00 5.73682171e-02
9.83807150e-01 1.74373117e+00 1.54227675e-02 1.73977346e+00 5.75865007e-02
9.84087401e-01 1.76671566e+00 1.53833735e-02 1.76280992e+00 5.77882958e-02
9.84365224e-01 1.78999186e+00 1.53409073e-02 1.78613924e+00 5.79731738e-02
9.84640620e-01 1.81355846e+00 1.52953028e-02 1.80976008e+00 5.81407163e-02
9.84913588e-01 1.83741393e+00 1.52464970e-02 1.83367086e+00 5.82905159e-02
9.85184126e-01 1.86155648e+00 1.51944298e-02 1.85786976e+00 5.84221767e-02
9.85452235e-01 1.88598411e+00 1.51390444e-02 1.88235472e+00 5.85353155e-02
9.85717914e-01 1.91069454e+00 1.50802868e-02 1.90712342e+00 5.86295620e-02
9.85981162e-01 1.93568527e+00 1.50181069e-02 1.93217331e+00 5.87045601e-02
9.86241978e-01 1.96095353e+00 1.49524576e-02 1.95750157e+00 5.87599681e-02
9.86500362e-01 1.98649629e+00 1.48832958e-02 1.98310512e+00 5.87954599e-02
9.86756313e-01 2.01231026e+00 1.48105818e-02 2.00898062e+00 5.88107257e-02
9.87009830e-01 2.03839191e+00 1.47342798e-02 2.03512447e+00 5.88054722e-02
9.87260914e-01 2.06473741e+00 1.46543581e-02 2.06153281e+00 5.87794239e-02
9.87509562e-01 2.09134268e+00 1.45707887e-02 2.08820148e+00 5.87323235e-02
9.87755776e-01 2.11820336e+00 1.44835479e-02 2.11512609e+00 5.86639325e-02
9.87999553e-01 2.14531484e+00 1.43926162e-02 2.14230194e+00 5.85740321e-02
9.88240894e-01 2.17267219e+00 1.42979781e-02 2.16972408e+00 5.84624235e-02
9.88479797e-01 2.20027026e+00 1.41996227e-02 2.19738727e+00 5.83289288e-02
9.88716263e-01 2.22810358e+00 1.40975434e-02 2.22528600e+00 5.81733916e-02
9.88950290e-01 2.25616641e+00 1.39917381e-02 2.25341446e+00 5.79956772e-02
9.89181879e-01 2.28445274e+00 1.38822091e-02 2.28176660e+00 5.77956736e-02
9.89411028e-01 2.31295629e+00 1.37689634e-02 2.31033604e+00 5.75732916e-02
9.89637737e-01 2.34167047e+00 1.36520125e-02 2.33911617e+00 5.73284656e-02
9.89862005e-01 2.37058844e+00 1.35313726e-02 2.36810008e+00 5.70611541e-02
9.90083833e-01 2.39970306e+00 1.34070645e-02 2.39728057e+00 5.67713397e-02
9.90303218e-01 2.42900693e+00 1.32791137e-02 2.42665017e+00 5.64590300e-02
9.90520161e-01 2.45849236e+00 1.31475505e-02 2.45620115e+00 5.61242577e-02
9.90734662e-01 2.48815140e+00 1.30124099e-02 2.48592548e+00 5.57670809e-02
9.90946719e-01 2.51797580e+00 1.28737315e-02 2.51581488e+00 5.53875837e-02
9.91156332e-01 2.54795707e+00 1.27315597e-02 2.54586078e+00 5.49858761e-02
9.91363501e-01 2.57808644e+00 1.25859436e-02 2.57605436e+00 5.45620946e-02
9.91568226e-01 2.60835485e+00 1.24369369e-02 2.60638652e+00 5.41164019e-02
9.91770504e-01 2.63875302e+00 1.22845983e-02 2.63684791e+00 5.36489876e-02
9.91970337e-01 2.66927139e+00 1.21289907e-02 2.66742892e+00 5.31600682e-02
9.92167724e-01 2.69990013e+00 1.19701818e-02 2.69811967e+00 5.26498868e-02
9.92362663e-01 2.73062917e+00 1.18082439e-02 2.72891006e+00 5.21187136e-02
9.92555155e-01 2.76144822e+00 1.16432538e-02 2.75978972e+00 5.15668457e-02
9.92745200e-01 2.79234671e+00 1.14752926e-02 2.79074805e+00 5.09946071e-02
9.92932796e-01 2.82331385e+00 1.13044460e-02 2.82177421e+00 5.04023486e-02
9.93117944e-01 2.85433861e+00 1.11308040e-02 2.85285714e+00 4.97904479e-02
9.93300642e-01 2.88540975e+00 1.09544606e-02 2.88398554e+00 4.91593090e-02
9.93480891e-01 2.91651581e+00 1.07755143e-02 2.91514791e+00 4.85093624e-02
9.93658689e-01 2.94764509e+00 1.05940675e-02 2.94633252e+00 4.78410647e-02
9.93834037e-01 2.97878571e+00 1.04102266e-02 2.97752746e+00 4.71548983e-02
9.94006934e-01 3.00992560e+00 1.02241019e-02 3.00872061e+00 4.64513713e-02
9.94177380e-01 3.04105247e+00 1.00358075e-02 3.03989966e+00 4.57310168e-02
9.94345374e-01 3.07215385e+00 9.84546131e-03 3.07105211e+00 4.49943925e-02
9.94510915e-01 3.10321712e+00 9.65318460e-03 3.10216531e+00 4.42420808e-02
9.94674004e-01 3.13422948e+00 9.45910218e-03 3.13322642e+00 4.34746877e-02
9.94834640e-01 3.16517795e+00 9.26334220e-03 3.16422246e+00 4.26928423e-02
9.94992823e-01 3.19604943e+00 9.06603597e-03 3.19514030e+00 4.18971968e-02
9.95148552e-01 3.22683067e+00 8.86731789e-03 3.22596666e+00 4.10884252e-02
9.95301826e-01 3.25750827e+00 8.66732527e-03 3.25668814e+00 4.02672231e-02
9.95452646e-01 3.28806873e+00 8.46619818e-03 3.28729122e+00 3.94343068e-02
9.95601011e-01 3.31849844e+00 8.26407937e-03 3.31776228e+00 3.85904128e-02
9.95746921e-01 3.34878368e+00 8.06111403e-03 3.34808757e+00 3.77362968e-02
9.95890375e-01 3.37891063e+00 7.85744970e-03 3.37825329e+00 3.68727328e-02
9.96031373e-01 3.40886540e+00 7.65323609e-03 3.40824554e+00 3.60005127e-02
9.96169914e-01 3.43863402e+00 7.44862492e-03 3.43805035e+00 3.51204451e-02
9.96305999e-01 3.46820249e+00 7.24376975e-03 3.46765369e+00 3.42333546e-02
9.96439627e-01 3.49755672e+00 7.03882583e-03 3.49704151e+00 3.33400804e-02
9.96570797e-01 3.52668262e+00 6.83394991e-03 3.52619970e+00 3.24414761e-02
9.96699510e-01 3.55556605e+00 6.62930008e-03 3.55511414e+00 3.15384082e-02
9.96825765e-01 3.58419286e+00 6.42503559e-03 3.58377068e+00 3.06317549e-02
9.96949561e-01 3.61254892e+00 6.22131670e-03 3.61215520e+00 2.97224056e-02
9.97070899e-01 3.64062008e+00 6.01830444e-03 3.64025357e+00 2.88112596e-02
9.97189778e-01 3.66839223e+00 5.81616051e-03 3.66805169e+00 2.78992248e-02
9.97306197e-01 3.69585130e+00 5.61504703e-03 3.69553550e+00 2.69872168e-02
9.97420157e-01 3.72298324e+00 5.41512639e-03 3.72269098e+00 2.60761578e-02
9.97531657e-01 3.74977408e+00 5.21656109e-03 3.74950418e+00 2.51669752e-02
9.97640697e-01 3.77620992e+00 5.01951350e-03 3.77596121e+00 2.42606007e-02
9.97747277e-01 3.80227694e+00 4.82414572e-03 3.80204828e+00 2.33579689e-02
9.97851396e-01 3.82796141e+00 4.63061939e-03 3.82775168e+00 2.24600164e-02
9.97953055e-01 3.85324971e+00 4.43909549e-03 3.85305782e+00 2.15676802e-02
9.98052252e-01 3.87812834e+00 4.24973418e-03 3.87795324e+00 2.06818968e-02
9.98148988e-01 3.90258394e+00 4.06269459e-03 3.90242459e+00 1.98036006e-02
9.98243262e-01 3.92660328e+00 3.87813466e-03 3.92645868e+00 1.89337231e-02
9.98335074e-01 3.95017330e+00 3.69621095e-03 3.95004248e+00 1.80731916e-02
9.98424424e-01 3.97328111e+00 3.51707846e-03 3.97316312e+00 1.72229276e-02
9.98511312e-01 3.99591398e+00 3.34089047e-03 3.99580792e+00 1.63838458e-02
9.98595738e-01 4.01805939e+00 3.16779833e-03 4.01796439e+00 1.55568530e-02
9.98677701e-01 4.03970502e+00 2.99795131e-03 4.03962024e+00 1.47428467e-02
9.98757201e-01 4.06083877e+00 2.83149642e-03 4.06076341e+00 1.39427139e-02
9.98834237e-01 4.08144877e+00 2.66857826e-03 4.08138205e+00 1.31573298e-02
9.98908811e-01 4.10152337e+00 2.50933881e-03 4.10146457e+00 1.23875568e-02
9.98980921e-01 4.12105118e+00 2.35391731e-03 4.12099961e+00 1.16342432e-02
9.99050567e-01 4.14002109e+00 2.20245007e-03 4.13997608e+00 1.08982220e-02
9.99117750e-01 4.15842224e+00 2.05507033e-03 4.15838316e+00 1.01803097e-02
9.99182468e-01 4.17624404e+00 1.91190809e-03 4.17621032e+00 9.48130534e-03
9.99244723e-01 4.19347623e+00 1.77308997e-03 4.19344731e+00 8.80198921e-03
9.99304513e-01 4.21010883e+00 1.63873906e-03 4.21008419e+00 8.14312181e-03
9.99361839e-01 4.22613217e+00 1.50897479e-03 4.22611133e+00 7.50544277e-03
9.99416700e-01 4.24153691e+00 1.38391275e-03 4.24151942e+00 6.88966982e-03
9.99469096e-01 4.25631403e+00 1.26366461e-03 4.25629948e+00 6.29649775e-03
9.99519028e-01 4.27045486e+00 1.14833794e-03 4.27044288e+00 5.72659745e-03
9.99566494e-01 4.28395109e+00 1.03803614e-03 4.28394131e+00 5.18061493e-03
9.99611495e-01 4.29679474e+00 9.32858261e-04 4.29678686e+00 4.65917038e-03
9.99654032e-01 4.30897821e+00 8.32898920e-04 4.30897194e+00 4.16285733e-03
9.99694102e-01 4.32049427e+00 7.38248193e-04 4.32048935e+00 3.69224175e-03
9.99731708e-01 4.33133607e+00 6.48991499e-04 4.33133228e+00 3.24786127e-03
9.99766848e-01 4.34149716e+00 5.65209504e-04 4.34149429e+00 2.83022438e-03
9.99799522e-01 4.35097145e+00 4.86978027e-04 4.35096933e+00 2.43980972e-03
9.99829731e-01 4.35975329e+00 4.14367952e-04 4.35975175e+00 2.07706536e-03
9.99857474e-01 4.36783740e+00 3.47445141e-04 4.36783632e+00 1.74240816e-03
9.99882751e-01 4.37521894e+00 2.86270364e-04 4.37521820e+00 1.43622320e-03
9.99905562e-01 4.38189345e+00 2.30899220e-04 4.38189297e+00 1.15886315e-03
9.99925908e-01 4.38785692e+00 1.81382079e-04 4.38785663e+00 9.10647809e-04
9.99943787e-01 4.39310576e+00 1.37764016e-04 4.39310559e+00 6.91863632e-04
9.99959200e-01 4.39763680e+00 1.00084760e-04 4.39763671e+00 5.02763282e-04
9.99972148e-01 4.40144729e+00 6.83786464e-05 4.40144725e+00 3.43565260e-04
9.99982629e-01 4.40453495e+00 4.26745592e-05 4.40453493e+00 2.14453525e-04
9.99990644e-01 4.40689791e+00 2.29958613e-05 4.40689790e+00 1.15577018e-04
9.99996193e-01 4.40853478e+00 9.36014074e-06 4.40853478e+00 4.70483180e-05
9.99999277e-01 4.40944494e+00 1.77681314e-06 4.40944494e+00 8.93152605e-06
