-9.99999277e-01 4.98011750e-03 -4.82147745e-09 -4.98011750e-03 -4.84594616e-09
-9.99996193e-01 4.98008904e-03 -2.54040518e-08 -4.98008904e-03 -2.55327539e-08
-9.99990644e-01 4.98003786e-03 -6.24335784e-08 -4.98003786e-03 -6.27488983e-08
-9.99982629e-01 4.97996394e-03 -1.15918102e-07 -4.97996393e-03 -1.16500914e-07
-9.99972148e-01 4.97986727e-03 -1.85858372e-07 -4.97986726e-03 -1.86787311e-07
-9.99959200e-01 4.97974787e-03 -2.72254289e-07 -4.97974784e-03 -2.73605061e-07
-9.99943787e-01 4.97960574e-03 -3.75105515e-07 -4.97960569e-03 -3.76950205e-07
-9.99925908e-01 4.97944088e-03 -4.94411584e-07 -4.97944079e-03 -4.96817965e-07
-9.99905562e-01 4.97925331e-03 -6.30171933e-07 -4.97925316e-03 -6.33202781e-07
-9.99882751e-01 4.97904303e-03 -7.82385911e-07 -4.97904280e-03 -7.86098316e-07
-9.99857474e-01 4.97881004e-03 -9.51052784e-07 -4.97880971e-03 -9.55497460e-07
-9.99829731e-01 4.97855437e-03 -1.13617174e-06 -4.97855390e-03 -1.14139234e-06
-9.99799522e-01 4.97827602e-03 -1.33774187e-06 -4.97827537e-03 -1.34377430e-06
-9.99766848e-01 4.97797501e-03 -1.55576221e-06 -4.97797412e-03 -1.56263395e-06
-9.99731708e-01 4.97765134e-03 -1.79023169e-06 -4.97765017e-03 -1.79796110e-06
-9.99694102e-01 4.97730503e-03 -2.04114918e-06 -4.97730351e-03 -2.04974481e-06
-9.99654032e-01 4.97693610e-03 -2.30851344e-06 -4.97693416e-03 -2.31797338e-06
-9.99611495e-01 4.97654457e-03 -2.59232320e-06 -4.97654212e-03 -2.60263435e-06
-9.99566494e-01 4.97613044e-03 -2.89257704e-06 -4.97612739e-03 -2.90371449e-06
-9.99519028e-01 4.97569374e-03 -3.20927353e-06 -4.97568999e-03 -3.22119982e-06
-9.99469096e-01 4.97523449e-03 -3.54241110e-06 -4.97522992e-03 -3.55507558e-06
-9.99416700e-01 4.97475271e-03 -3.89198814e-06 -4.97474719e-03 -3.90532628e-06
-9.99361839e-01 4.97424842e-03 -4.25800292e-06 -4.97424182e-03 -4.27193566e-06
-9.99304513e-01 4.97372164e-03 -4.64045367e-06 -4.97371380e-03 -4.65488670e-06
-9.99244723e-01 4.97317240e-03 -5.03933851e-06 -4.97316315e-03 -5.05416164e-06
-9.99182468e-01 4.97260072e-03 -5.45465548e-06 -4.97258988e-03 -5.46974195e-06
-9.99117750e-01 4.97200662e-03 -5.88640255e-06 -4.97199399e-03 -5.90160837e-06
-9.99050567e-01 4.97139013e-03 -6.33457759e-06 -4.97137551e-03 -6.34974087e-06
-9.98980921e-01 4.97075128e-03 -6.79917840e-06 -4.97073444e-03 -6.81411868e-06
-9.98908811e-01 4.97009009e-03 -7.28020269e-06 -4.97007079e-03 -7.29472030e-06
-9.98834237e-01 4.96940660e-03 -7.77764810e-06 -4.96938458e-03 -7.79152346e-06
-9.98757201e-01 4.96870084e-03 -8.29151217e-06 -4.96867581e-03 -8.30450516e-06
-9.98677701e-01 4.96797283e-03 -8.82179235e-06 -4.96794450e-03 -8.83364166e-06
-9.98595738e-01 4.96722261e-03 -9.36848603e-06 -4.96719066e-03 -9.37890849e-06
-9.98511312e-01 4.96645021e-03 -9.93159050e-06 -4.96641431e-03 -9.94028042e-06
-9.98424424e-01 4.96565567e-03 -1.05111030e-05 -4.96561546e-03 -1.05177315e-05
-9.98335074e-01 4.96483902e-03 -1.11070205e-05 -4.96479413e-03 -1.11112351e-05
-9.98243262e-01 4.96400029e-03 -1.17193403e-05 -4.96395032e-03 -1.17207637e-05
-9.98148988e-01 4.96313953e-03 -1.23480591e-05 -4.96308406e-03 -1.23462892e-05
-9.98052252e-01 4.96225676e-03 -1.29931739e-05 -4.96219536e-03 -1.29877828e-05
-9.97953055e-01 4.96135204e-03 -1.36546814e-05 -4.96128423e-03 -1.36452148e-05
-9.97851396e-01 4.96042539e-03 -1.43325784e-05 -4.96035070e-03 -1.43185550e-05
-9.97747277e-01 4.95947687e-03 -1.50268614e-05 -4.95939478e-03 -1.50077723e-05
-9.97640697e-01 4.95850651e-03 -1.57375270e-05 -4.95841648e-03 -1.57128349e-05
-9.97531657e-01 4.95751435e-03 -1.64645715e-05 -4.95741583e-03 -1.64337104e-05
-9.97420157e-01 4.95650044e-03 -1.72079914e-05 -4.95639283e-03 -1.71703657e-05
-9.97306197e-01 4.95546482e-03 -1.79677828e-05 -4.95534752e-03 -1.79227668e-05
-9.97189778e-01 4.95440753e-03 -1.87439419e-05 -4.95427991e-03 -1.86908792e-05
-9.97070899e-01 4.95332863e-03 -1.95364649e-05 -4.95319001e-03 -1.94746676e-05
-9.96949561e-01 4.95222816e-03 -2.03453476e-05 -4.95207785e-03 -2.02740959e-05
-9.96825765e-01 4.95110617e-03 -2.11705860e-05 -4.95094345e-03 -2.10891275e-05
-9.96699510e-01 4.94996271e-03 -2.20121758e-05 -4.94978682e-03 -2.19197250e-05
-9.96570797e-01 4.94879782e-03 -2.28701128e-05 -4.94860800e-03 -2.27658504e-05
-9.96439627e-01 4.94761157e-03 -2.37443926e-05 -4.94740699e-03 -2.36274648e-05
-9.96305999e-01 4.94640399e-03 -2.46350107e-05 -4.94618382e-03 -2.45045289e-05
-9.96169914e-01 4.94517514e-03 -2.55419625e-05 -4.94493851e-03 -2.53970025e-05
-9.96031373e-01 4.94392509e-03 -2.64652434e-05 -4.94367108e-03 -2.63048447e-05
-9.95890375e-01 4.94265387e-03 -2.74048486e-05 -4.94238157e-03 -2.72280142e-05
-9.95746921e-01 4.94136155e-03 -2.83607733e-05 -4.94106998e-03 -2.81664687e-05
-9.95601011e-01 4.94004818e-03 -2.93330124e-05 -4.93973634e-03 -2.91201654e-05
-9.95452646e-01 4.93871382e-03 -3.03215611e-05 -4.93838068e-03 -3.00890609e-05
-9.95301826e-01 4.93735853e-03 -3.13264141e-05 -4.93700302e-03 -3.10731109e-05
-9.95148552e-01 4.93598236e-03 -3.23475662e-05 -4.93560338e-03 -3.20722708e-05
-9.94992823e-01 4.93458538e-03 -3.33850120e-05 -4.93418179e-03 -3.30864949e-05
-9.94834640e-01 4.93316764e-03 -3.44387462e-05 -4.93273827e-03 -3.41157372e-05
-9.94674004e-01 4.93172922e-03 -3.55087633e-05 -4.93127286e-03 -3.51599510e-05
-9.94510915e-01 4.93027016e-03 -3.65950575e-05 -4.92978556e-03 -3.62190887e-05
-9.94345374e-01 4.92879054e-03 -3.76976231e-05 -4.92827642e-03 -3.72931024e-05
-9.94177380e-01 4.92729041e-03 -3.88164544e-05 -4.92674546e-03 -3.83819434e-05
-9.94006934e-01 4.92576985e-03 -3.99515455e-05 -4.92519270e-03 -3.94855623e-05
-9.93834037e-01 4.92422891e-03 -4.11028902e-05 -4.92361817e-03 -4.06039093e-05
-9.93658689e-01 4.92266767e-03 -4.22704825e-05 -4.92202189e-03 -4.17369336e-05
-9.93480891e-01 4.92108619e-03 -4.34543161e-05 -4.92040391e-03 -4.28845842e-05
-9.93300642e-01 4.91948454e-03 -4.46543847e-05 -4.91876424e-03 -4.40468093e-05
-9.93117944e-01 4.91786279e-03 -4.58706819e-05 -4.91710291e-03 -4.52235563e-05
-9.92932796e-01 4.91622101e-03 -4.71032012e-05 -4.91541996e-03 -4.64147723e-05
-9.92745200e-01 4.91455926e-03 -4.83519358e-05 -4.91371540e-03 -4.76204036e-05
-9.92555155e-01 4.91287763e-03 -4.96168791e-05 -4.91198928e-03 -4.88403960e-05
-9.92362663e-01 4.91117618e-03 -5.08980242e-05 -4.91024161e-03 -5.00746947e-05
-9.92167724e-01 4.90945499e-03 -5.21953642e-05 -4.90847244e-03 -5.13232442e-05
-9.91970337e-01 4.90771412e-03 -5.35088919e-05 -4.90668179e-03 -5.25859885e-05
-9.91770504e-01 4.90595366e-03 -5.48386003e-05 -4.90486969e-03 -5.38628710e-05
-9.91568226e-01 4.90417368e-03 -5.61844819e-05 -4.90303618e-03 -5.51538345e-05
-9.91363501e-01 4.90237426e-03 -5.75465295e-05 -4.90118127e-03 -5.64588213e-05
-9.91156332e-01 4.90055547e-03 -5.89247356e-05 -4.89930502e-03 -5.77777731e-05
-9.90946719e-01 4.89871739e-03 -6.03190925e-05 -4.89740744e-03 -5.91106310e-05
-9.90734662e-01 4.89686009e-03 -6.17295925e-05 -4.89548858e-03 -6.04573355e-05
-9.90520161e-01 4.89498367e-03 -6.31562278e-05 -4.89354846e-03 -6.18178266e-05
-9.90303218e-01 4.89308819e-03 -6.45989904e-05 -4.89158712e-03 -6.31920438e-05
-9.90083833e-01 4.89117375e-03 -6.60578723e-05 -4.88960459e-03 -6.45799259e-05
-9.89862005e-01 4.88924041e-03 -6.75328654e-05 -4.88760090e-03 -6.59814114e-05
-9.89637737e-01 4.88728826e-03 -6.90239613e-05 -4.88557609e-03 -6.73964380e-05
-9.89411028e-01 4.88531739e-03 -7.05311516e-05 -4.88353019e-03 -6.88249430e-05
-9.89181879e-01 4.88332788e-03 -7.20544279e-05 -4.88146325e-03 -7.02668632e-05
-9.88950290e-01 4.88131982e-03 -7.35937815e-05 -4.87937528e-03 -7.17221348e-05
-9.88716263e-01 4.87929328e-03 -7.51492036e-05 -4.87726633e-03 -7.31906935e-05
-9.88479797e-01 4.87724835e-03 -7.67206855e-05 -4.87513644e-03 -7.46724746e-05
-9.88240894e-01 4.87518513e-03 -7.83082181e-05 -4.87298563e-03 -7.61674127e-05
-9.87999553e-01 4.87310369e-03 -7.99117923e-05 -4.87081395e-03 -7.76754420e-05
-9.87755776e-01 4.87100412e-03 -8.15313989e-05 -4.86862143e-03 -7.91964962e-05
-9.87509562e-01 4.86888652e-03 -8.31670285e-05 -4.86640811e-03 -8.07305085e-05
-9.87260914e-01 4.86675098e-03 -8.48186718e-05 -4.86417403e-03 -8.22774116e-05
-9.87009830e-01 4.86459757e-03 -8.64863191e-05 -4.86191922e-03 -8.38371378e-05
-9.86756313e-01 4.86242640e-03 -8.81699608e-05 -4.85964372e-03 -8.54096188e-05
-9.86500362e-01 4.86023755e-03 -8.98695869e-05 -4.85734756e-03 -8.69947858e-05
-9.86241978e-01 4.85803112e-03 -9.15851875e-05 -4.85503080e-03 -8.85925697e-05
-9.85981162e-01 4.85580720e-03 -9.33167527e-05 -4.85269345e-03 -9.02029008e-05
-9.85717914e-01 4.85356588e-03 -9.50642721e-05 -4.85033558e-03 -9.18257090e-05
-9.85452235e-01 4.85130725e-03 -9.68277354e-05 -4.84795720e-03 -9.34609237e-05
-9.85184126e-01 4.84903141e-03 -9.86071323e-05 -4.84555837e-03 -9.51084740e-05
-9.84913588e-01 4.84673846e-03 -1.00402452e-04 -4.84313911e-03 -9.67682884e-05
-9.84640620e-01 4.84442849e-03 -1.02213684e-04 -4.84069948e-03 -9.84402950e-05
-9.84365224e-01 4.84210159e-03 -1.04040817e-04 -4.83823951e-03 -1.00124421e-04
-9.84087401e-01 4.83975786e-03 -1.05883841e-04 -4.83575924e-03 -1.01820595e-04
-9.83807150e-01 4.83739741e-03 -1.07742744e-04 -4.83325871e-03 -1.03528743e-04
-9.83524474e-01 4.83502032e-03 -1.09617515e-04 -4.83073796e-03 -1.05248790e-04
-9.83239372e-01 4.83262670e-03 -1.11508143e-04 -4.82819704e-03 -1.06980665e-04
-9.82951845e-01 4.83021665e-03 -1.13414615e-04 -4.82563598e-03 -1.08724291e-04
-9.82661894e-01 4.82779025e-03 -1.15336922e-04 -4.82305483e-03 -1.10479595e-04
-9.82369519e-01 4.82534763e-03 -1.17275050e-04 -4.82045362e-03 -1.12246500e-04
-9.82074722e-01 4.82288887e-03 -1.19228988e-04 -4.81783240e-03 -1.14024933e-04
-9.81777503e-01 4.82041408e-03 -1.21198724e-04 -4.81519122e-03 -1.15814815e-04
-9.81477862e-01 4.81792335e-03 -1.23184246e-04 -4.81253011e-03 -1.17616072e-04
-9.81175801e-01 4.81541680e-03 -1.25185541e-04 -4.80984912e-03 -1.19428626e-04
-9.80871321e-01 4.81289452e-03 -1.27202597e-04 -4.80714828e-03 -1.21252401e-04
-9.80564421e-01 4.81035662e-03 -1.29235401e-04 -4.80442765e-03 -1.23087319e-04
-9.80255103e-01 4.80780320e-03 -1.31283941e-04 -4.80168727e-03 -1.24933302e-04
-9.79943368e-01 4.80523437e-03 -1.33348204e-04 -4.79892717e-03 -1.26790272e-04
-9.79629216e-01 4.80265022e-03 -1.35428176e-04 -4.79614741e-03 -1.28658151e-04
-9.79312648e-01 4.80005087e-03 -1.37523845e-04 -4.79334803e-03 -1.30536860e-04
-9.78993665e-01 4.79743643e-03 -1.39635198e-04 -4.79052906e-03 -1.32426320e-04
-9.78672267e-01 4.79480699e-03 -1.41762220e-04 -4.78769057e-03 -1.34326450e-04
-9.78348456e-01 4.79216267e-03 -1.43904898e-04 -4.78483258e-03 -1.36237173e-04
-9.78022233e-01 4.78950357e-03 -1.46063219e-04 -4.78195515e-03 -1.38158407e-04
-9.77693597e-01 4.78682980e-03 -1.48237168e-04 -4.77905832e-03 -1.40090071e-04
-9.77362550e-01 4.78414146e-03 -1.50426733e-04 -4.77614213e-03 -1.42032087e-04
-9.77029093e-01 4.78143868e-03 -1.52631897e-04 -4.77320663e-03 -1.43984371e-04
-9.76693226e-01 4.77872155e-03 -1.54852648e-04 -4.77025187e-03 -1.45946844e-04
-9.76354950e-01 4.77599018e-03 -1.57088970e-04 -4.76727789e-03 -1.47919423e-04
-9.76014267e-01 4.77324469e-03 -1.59340850e-04 -4.76428474e-03 -1.49902027e-04
-9.75671177e-01 4.77048519e-03 -1.61608272e-04 -4.76127247e-03 -1.51894573e-04
-9.75325680e-01 4.76771178e-03 -1.63891221e-04 -4.75824111e-03 -1.53896979e-04
-9.74977778e-01 4.76492458e-03 -1.66189682e-04 -4.75519072e-03 -1.55909163e-04
-9.74627472e-01 4.76212370e-03 -1.68503640e-04 -4.75212134e-03 -1.57931042e-04
-9.74274762e-01 4.75930925e-03 -1.70833081e-04 -4.74903302e-03 -1.59962532e-04
-9.73919650e-01 4.75648134e-03 -1.73177987e-04 -4.74592581e-03 -1.62003550e-04
-9.73562135e-01 4.75364009e-03 -1.75538343e-04 -4.74279975e-03 -1.64054013e-04
-9.73202220e-01 4.75078560e-03 -1.77914135e-04 -4.73965489e-03 -1.66113836e-04
-9.72839904e-01 4.74791800e-03 -1.80305345e-04 -4.73649129e-03 -1.68182935e-04
-9.72475189e-01 4.74503740e-03 -1.82711957e-04 -4.73330897e-03 -1.70261227e-04
-9.72108076e-01 4.74214390e-03 -1.85133955e-04 -4.73010800e-03 -1.72348626e-04
-9.71738566e-01 4.73923763e-03 -1.87571323e-04 -4.72688842e-03 -1.74445048e-04
-9.71366659e-01 4.73631870e-03 -1.90024044e-04 -4.72365029e-03 -1.76550408e-04
-9.70992357e-01 4.73338722e-03 -1.92492101e-04 -4.72039363e-03 -1.78664621e-04
-9.70615660e-01 4.73044331e-03 -1.94975478e-04 -4.71711852e-03 -1.80787601e-04
-9.70236569e-01 4.72748709e-03 -1.97474156e-04 -4.71382498e-03 -1.82919263e-04
-9.69855086e-01 4.72451867e-03 -1.99988119e-04 -4.71051308e-03 -1.85059521e-04
-9.69471210e-01 4.72153816e-03 -2.02517350e-04 -4.70718287e-03 -1.87208290e-04
-9.69084944e-01 4.71854569e-03 -2.05061830e-04 -4.70383438e-03 -1.89365483e-04
-9.68696288e-01 4.71554137e-03 -2.07621542e-04 -4.70046767e-03 -1.91531014e-04
-9.68305243e-01 4.71252532e-03 -2.10196468e-04 -4.69708278e-03 -1.93704797e-04
-9.67911810e-01 4.70949765e-03 -2.12786590e-04 -4.69367978e-03 -1.95886746e-04
-9.67515990e-01 4.70645849e-03 -2.15391890e-04 -4.69025870e-03 -1.98076772e-04
-9.67117784e-01 4.70340794e-03 -2.18012348e-04 -4.68681959e-03 -2.00274791e-04
-9.66717192e-01 4.70034614e-03 -2.20647947e-04 -4.68336251e-03 -2.02480714e-04
-9.66314217e-01 4.69727319e-03 -2.23298668e-04 -4.67988750e-03 -2.04694456e-04
-9.65908859e-01 4.69418922e-03 -2.25964491e-04 -4.67639462e-03 -2.06915927e-04
-9.65501118e-01 4.69109435e-03 -2.28645398e-04 -4.67288391e-03 -2.09145043e-04
-9.65090997e-01 4.68798868e-03 -2.31341370e-04 -4.66935543e-03 -2.11381714e-04
-9.64678495e-01 4.68487236e-03 -2.34052386e-04 -4.66580921e-03 -2.13625853e-04
-9.64263614e-01 4.68174548e-03 -2.36778427e-04 -4.66224532e-03 -2.15877374e-04
-9.63846355e-01 4.67860818e-03 -2.39519473e-04 -4.65866381e-03 -2.18136187e-04
-9.63426720e-01 4.67546056e-03 -2.42275504e-04 -4.65506471e-03 -2.20402206e-04
-9.63004708e-01 4.67230276e-03 -2.45046501e-04 -4.65144809e-03 -2.22675343e-04
-9.62580321e-01 4.66913490e-03 -2.47832442e-04 -4.64781400e-03 -2.24955509e-04
-9.62153561e-01 4.66595708e-03 -2.50633308e-04 -4.64416247e-03 -2.27242616e-04
-9.61724427e-01 4.66276944e-03 -2.53449077e-04 -4.64049358e-03 -2.29536577e-04
-9.61292922e-01 4.65957209e-03 -2.56279728e-04 -4.63680735e-03 -2.31837303e-04
-9.60859046e-01 4.65636516e-03 -2.59125241e-04 -4.63310386e-03 -2.34144706e-04
-9.60422801e-01 4.65314877e-03 -2.61985594e-04 -4.62938313e-03 -2.36458698e-04
-9.59984187e-01 4.64992303e-03 -2.64860765e-04 -4.62564524e-03 -2.38779191e-04
-9.59543205e-01 4.64668806e-03 -2.67750734e-04 -4.62189022e-03 -2.41106095e-04
-9.59099857e-01 4.64344400e-03 -2.70655478e-04 -4.61811813e-03 -2.43439324e-04
-9.58654144e-01 4.64019096e-03 -2.73574975e-04 -4.61432902e-03 -2.45778788e-04
-9.58206066e-01 4.63692906e-03 -2.76509204e-04 -4.61052293e-03 -2.48124400e-04
-9.57755626e-01 4.63365843e-03 -2.79458141e-04 -4.60669993e-03 -2.50476070e-04
-9.57302823e-01 4.63037918e-03 -2.82421764e-04 -4.60286006e-03 -2.52833710e-04
-9.56847660e-01 4.62709143e-03 -2.85400051e-04 -4.59900337e-03 -2.55197232e-04
-9.56390137e-01 4.62379532e-03 -2.88392978e-04 -4.59512992e-03 -2.57566548e-04
-9.55930255e-01 4.62049096e-03 -2.91400523e-04 -4.59123974e-03 -2.59941568e-04
-9.55468016e-01 4.61717847e-03 -2.94422662e-04 -4.58733291e-03 -2.62322205e-04
-9.55003420e-01 4.61385798e-03 -2.97459371e-04 -4.58340945e-03 -2.64708371e-04
-9.54536469e-01 4.61052961e-03 -3.00510628e-04 -4.57946944e-03 -2.67099976e-04
-9.54067164e-01 4.60719348e-03 -3.03576407e-04 -4.57551291e-03 -2.69496933e-04
-9.53595507e-01 4.60384970e-03 -3.06656686e-04 -4.57153992e-03 -2.71899153e-04
-9.53121497e-01 4.60049842e-03 -3.09751439e-04 -4.56755052e-03 -2.74306548e-04
-9.52645137e-01 4.59713974e-03 -3.12860643e-04 -4.56354476e-03 -2.76719030e-04
-9.52166428e-01 4.59377379e-03 -3.15984272e-04 -4.55952270e-03 -2.79136510e-04
-9.51685370e-01 4.59040069e-03 -3.19122302e-04 -4.55548437e-03 -2.81558901e-04
-9.51201965e-01 4.58702056e-03 -3.22274708e-04 -4.55142984e-03 -2.83986114e-04
-9.50716215e-01 4.58363353e-03 -3.25441464e-04 -4.54735916e-03 -2.86418062e-04
-9.50228120e-01 4.58023972e-03 -3.28622546e-04 -4.54327237e-03 -2.88854657e-04
-9.49737681e-01 4.57683925e-03 -3.31817927e-04 -4.53916952e-03 -2.91295810e-04
-9.49244901e-01 4.57343224e-03 -3.35027582e-04 -4.53505068e-03 -2.93741434e-04
-9.48749779e-01 4.57001882e-03 -3.38251484e-04 -4.53091588e-03 -2.96191441e-04
-9.48252318e-01 4.56659911e-03 -3.41489609e-04 -4.52676518e-03 -2.98645744e-04
-9.47752518e-01 4.56317322e-03 -3.44741928e-04 -4.52259863e-03 -3.01104255e-04
-9.47250380e-01 4.55974129e-03 -3.48008415e-04 -4.51841628e-03 -3.03566887e-04
-9.46745907e-01 4.55630343e-03 -3.51289045e-04 -4.51421819e-03 -3.06033553e-04
-9.46239099e-01 4.55285976e-03 -3.54583788e-04 -4.51000439e-03 -3.08504165e-04
-9.45729957e-01 4.54941042e-03 -3.57892620e-04 -4.50577495e-03 -3.10978636e-04
-9.45218483e-01 4.54595551e-03 -3.61215511e-04 -4.50152991e-03 -3.13456880e-04
-9.44704677e-01 4.54249517e-03 -3.64552435e-04 -4.49726933e-03 -3.15938810e-04
-9.44188542e-01 4.53902950e-03 -3.67903363e-04 -4.49299325e-03 -3.18424338e-04
-9.43670079e-01 4.53555865e-03 -3.71268268e-04 -4.48870172e-03 -3.20913379e-04
-9.43149288e-01 4.53208271e-03 -3.74647121e-04 -4.48439480e-03 -3.23405846e-04
-9.42626171e-01 4.52860183e-03 -3.78039894e-04 -4.48007254e-03 -3.25901652e-04
-9.42100730e-01 4.52511612e-03 -3.81446558e-04 -4.47573498e-03 -3.28400713e-04
-9.41572965e-01 4.52162569e-03 -3.84867085e-04 -4.47138217e-03 -3.30902941e-04
-9.41042878e-01 4.51813068e-03 -3.88301445e-04 -4.46701418e-03 -3.33408251e-04
-9.40510470e-01 4.51463120e-03 -3.91749608e-04 -4.46263104e-03 -3.35916557e-04
-9.39975743e-01 4.51112737e-03 -3.95211547e-04 -4.45823280e-03 -3.38427774e-04
-9.39438698e-01 4.50761931e-03 -3.98687230e-04 -4.45381952e-03 -3.40941817e-04
-9.38899336e-01 4.50410715e-03 -4.02176629e-04 -4.44939125e-03 -3.43458600e-04
-9.38357658e-01 4.50059100e-03 -4.05679712e-04 -4.44494803e-03 -3.45978039e-04
-9.37813667e-01 4.49707099e-03 -4.09196449e-04 -4.44048992e-03 -3.48500049e-04
-9.37267362e-01 4.49354724e-03 -4.12726811e-04 -4.43601696e-03 -3.51024544e-04
-9.36718746e-01 4.49001985e-03 -4.16270766e-04 -4.43152921e-03 -3.53551442e-04
-9.36167820e-01 4.48648896e-03 -4.19828284e-04 -4.42702671e-03 -3.56080658e-04
-9.35614585e-01 4.48295469e-03 -4.23399332e-04 -4.42250951e-03 -3.58612107e-04
-9.35059043e-01 4.47941715e-03 -4.26983881e-04 -4.41797766e-03 -3.61145706e-04
-9.34501195e-01 4.47587646e-03 -4.30581898e-04 -4.41343121e-03 -3.63681372e-04
-9.33941042e-01 4.47233274e-03 -4.34193351e-04 -4.40887021e-03 -3.66219020e-04
-9.33378586e-01 4.46878611e-03 -4.37818208e-04 -4.40429471e-03 -3.68758569e-04
-9.32813828e-01 4.46523669e-03 -4.41456438e-04 -4.39970476e-03 -3.71299935e-04
-9.32246769e-01 4.46168460e-03 -4.45108007e-04 -4.39510040e-03 -3.73843036e-04
-9.31677412e-01 4.45812995e-03 -4.48772884e-04 -4.39048169e-03 -3.76387789e-04
-9.31105757e-01 4.45457287e-03 -4.52451035e-04 -4.38584867e-03 -3.78934111e-04
-9.30531805e-01 4.45101347e-03 -4.56142426e-04 -4.38120138e-03 -3.81481922e-04
-9.29955559e-01 4.44745186e-03 -4.59847026e-04 -4.37653989e-03 -3.84031139e-04
-9.29377019e-01 4.44388817e-03 -4.63564800e-04 -4.37186423e-03 -3.86581681e-04
-9.28796187e-01 4.44032251e-03 -4.67295714e-04 -4.36717446e-03 -3.89133466e-04
-9.28213065e-01 4.43675500e-03 -4.71039735e-04 -4.36247061e-03 -3.91686414e-04
-9.27627654e-01 4.43318576e-03 -4.74796828e-04 -4.35775275e-03 -3.94240444e-04
-9.27039955e-01 4.42961489e-03 -4.78566959e-04 -4.35302091e-03 -3.96795476e-04
-9.26449969e-01 4.42604253e-03 -4.82350093e-04 -4.34827514e-03 -3.99351429e-04
-9.25857699e-01 4.42246878e-03 -4.86146196e-04 -4.34351550e-03 -4.01908223e-04
-9.25263146e-01 4.41889375e-03 -4.89955232e-04 -4.33874202e-03 -4.04465780e-04
-9.24666310e-01 4.41531757e-03 -4.93777167e-04 -4.33395475e-03 -4.07024019e-04
-9.24067195e-01 4.41174035e-03 -4.97611963e-04 -4.32915375e-03 -4.09582861e-04
-9.23465800e-01 4.40816220e-03 -5.01459587e-04 -4.32433905e-03 -4.12142228e-04
-9.22862128e-01 4.40458324e-03 -5.05320002e-04 -4.31951070e-03 -4.14702042e-04
-9.22256180e-01 4.40100358e-03 -5.09193171e-04 -4.31466875e-03 -4.17262223e-04
-9.21647958e-01 4.39742333e-03 -5.13079058e-04 -4.30981325e-03 -4.19822695e-04
-9.21037462e-01 4.39384261e-03 -5.16977627e-04 -4.30494424e-03 -4.22383379e-04
-9.20424696e-01 4.39026154e-03 -5.20888841e-04 -4.30006176e-03 -4.24944198e-04
-9.19809659e-01 4.38668021e-03 -5.24812662e-04 -4.29516586e-03 -4.27505076e-04
-9.19192354e-01 4.38309876e-03 -5.28749054e-04 -4.29025659e-03 -4.30065935e-04
-9.18572782e-01 4.37951728e-03 -5.32697979e-04 -4.28533399e-03 -4.32626699e-04
-9.17950945e-01 4.37593589e-03 -5.36659399e-04 -4.28039811e-03 -4.35187292e-04
-9.17326844e-01 4.37235470e-03 -5.40633276e-04 -4.27544899e-03 -4.37747639e-04
-9.16700480e-01 4.36877382e-03 -5.44619572e-04 -4.27048667e-03 -4.40307663e-04
-9.16071856e-01 4.36519337e-03 -5.48618248e-04 -4.26551120e-03 -4.42867290e-04
-9.15440973e-01 4.36161345e-03 -5.52629266e-04 -4.26052263e-03 -4.45426445e-04
-9.14807832e-01 4.35803418e-03 -5.56652588e-04 -4.25552099e-03 -4.47985053e-04
-9.14172435e-01 4.35445565e-03 -5.60688173e-04 -4.25050633e-03 -4.50543041e-04
-9.13534783e-01 4.35087799e-03 -5.64735982e-04 -4.24547870e-03 -4.53100334e-04
-9.12894879e-01 4.34730131e-03 -5.68795976e-04 -4.24043813e-03 -4.55656859e-04
-9.12252723e-01 4.34372570e-03 -5.72868115e-04 -4.23538467e-03 -4.58212543e-04
-9.11608317e-01 4.34015128e-03 -5.76952360e-04 -4.23031837e-03 -4.60767313e-04
-9.10961663e-01 4.33657815e-03 -5.81048669e-04 -4.22523926e-03 -4.63321097e-04
-9.10312763e-01 4.33300643e-03 -5.85157002e-04 -4.22014739e-03 -4.65873822e-04
-9.09661618e-01 4.32943622e-03 -5.89277319e-04 -4.21504280e-03 -4.68425418e-04
-9.09008229e-01 4.32586763e-03 -5.93409579e-04 -4.20992553e-03 -4.70975811e-04
-9.08352599e-01 4.32230076e-03 -5.97553740e-04 -4.20479563e-03 -4.73524932e-04
-9.07694728e-01 4.31873571e-03 -6.01709761e-04 -4.19965313e-03 -4.76072710e-04
-9.07034619e-01 4.31517261e-03 -6.05877601e-04 -4.19449807e-03 -4.78619073e-04
-9.06372273e-01 4.31161154e-03 -6.10057216e-04 -4.18933051e-03 -4.81163954e-04
-9.05707691e-01 4.30805262e-03 -6.14248567e-04 -4.18415047e-03 -4.83707280e-04
-9.05040876e-01 4.30449595e-03 -6.18451609e-04 -4.17895800e-03 -4.86248985e-04
-9.04371830e-01 4.30094163e-03 -6.22666301e-04 -4.17375314e-03 -4.88788998e-04
-9.03700552e-01 4.29738976e-03 -6.26892600e-04 -4.16853593e-03 -4.91327250e-04
-9.03027046e-01 4.29384046e-03 -6.31130462e-04 -4.16330640e-03 -4.93863675e-04
-9.02351313e-01 4.29029382e-03 -6.35379844e-04 -4.15806461e-03 -4.96398204e-04
-9.01673355e-01 4.28674994e-03 -6.39640704e-04 -4.15281058e-03 -4.98930770e-04
-9.00993173e-01 4.28320893e-03 -6.43912996e-04 -4.14754436e-03 -5.01461305e-04
-9.00310769e-01 4.27967088e-03 -6.48196678e-04 -4.14226599e-03 -5.03989744e-04
-8.99626145e-01 4.27613591e-03 -6.52491705e-04 -4.13697550e-03 -5.06516019e-04
-8.98939302e-01 4.27260410e-03 -6.56798032e-04 -4.13167293e-03 -5.09040065e-04
-8.98250242e-01 4.26907556e-03 -6.61115615e-04 -4.12635833e-03 -5.11561816e-04
-8.97558967e-01 4.26555039e-03 -6.65444409e-04 -4.12103172e-03 -5.14081208e-04
-8.96865478e-01 4.26202869e-03 -6.69784369e-04 -4.11569315e-03 -5.16598176e-04
-8.96169778e-01 4.25851055e-03 -6.74135450e-04 -4.11034266e-03 -5.19112654e-04
-8.95471867e-01 4.25499608e-03 -6.78497605e-04 -4.10498027e-03 -5.21624580e-04
-8.94771748e-01 4.25148537e-03 -6.82870790e-04 -4.09960603e-03 -5.24133889e-04
-8.94069423e-01 4.24797852e-03 -6.87254957e-04 -4.09421998e-03 -5.26640519e-04
-8.93364892e-01 4.24447563e-03 -6.91650061e-04 -4.08882215e-03 -5.29144407e-04
-8.92658159e-01 4.24097679e-03 -6.96056055e-04 -4.08341257e-03 -5.31645490e-04
-8.91949223e-01 4.23748210e-03 -7.00472893e-04 -4.07799129e-03 -5.34143707e-04
-8.91238089e-01 4.23399165e-03 -7.04900527e-04 -4.07255834e-03 -5.36638995e-04
-8.90524756e-01 4.23050554e-03 -7.09338910e-04 -4.06711375e-03 -5.39131294e-04
-8.89809227e-01 4.22702387e-03 -7.13787995e-04 -4.06165755e-03 -5.41620543e-04
-8.89091503e-01 4.22354673e-03 -7.18247733e-04 -4.05618979e-03 -5.44106681e-04
-8.88371587e-01 4.22007421e-03 -7.22718078e-04 -4.05071050e-03 -5.46589649e-04
-8.87649480e-01 4.21660640e-03 -7.27198980e-04 -4.04521971e-03 -5.49069386e-04
-8.86925184e-01 4.21314340e-03 -7.31690392e-04 -4.03971746e-03 -5.51545834e-04
-8.86198701e-01 4.20968530e-03 -7.36192264e-04 -4.03420377e-03 -5.54018935e-04
-8.85470032e-01 4.20623219e-03 -7.40704548e-04 -4.02867869e-03 -5.56488628e-04
-8.84739180e-01 4.20278417e-03 -7.45227195e-04 -4.02314224e-03 -5.58954857e-04
-8.84006145e-01 4.19934132e-03 -7.49760155e-04 -4.01759446e-03 -5.61417565e-04
-8.83270931e-01 4.19590373e-03 -7.54303379e-04 -4.01203538e-03 -5.63876693e-04
-8.82533538e-01 4.19247150e-03 -7.58856817e-04 -4.00646503e-03 -5.66332185e-04
-8.81793969e-01 4.18904471e-03 -7.63420419e-04 -4.00088345e-03 -5.68783986e-04
-8.81052225e-01 4.18562345e-03 -7.67994134e-04 -3.99529066e-03 -5.71232038e-04
-8.80308308e-01 4.18220782e-03 -7.72577912e-04 -3.98968671e-03 -5.73676286e-04
-8.79562220e-01 4.17879789e-03 -7.77171702e-04 -3.98407161e-03 -5.76116676e-04
-8.78813963e-01 4.17539375e-03 -7.81775454e-04 -3.97844540e-03 -5.78553153e-04
-8.78063539e-01 4.17199550e-03 -7.86389115e-04 -3.97280811e-03 -5.80985662e-04
-8.77310949e-01 4.16860321e-03 -7.91012636e-04 -3.96715977e-03 -5.83414149e-04
-8.76556196e-01 4.16521698e-03 -7.95645962e-04 -3.96150041e-03 -5.85838561e-04
-8.75799281e-01 4.16183689e-03 -8.00289044e-04 -3.95583006e-03 -5.88258846e-04
-8.75040206e-01 4.15846303e-03 -8.04941828e-04 -3.95014875e-03 -5.90674950e-04
-8.74278973e-01 4.15509547e-03 -8.09604263e-04 -3.94445651e-03 -5.93086821e-04
-8.73515584e-01 4.15173431e-03 -8.14276295e-04 -3.93875336e-03 -5.95494407e-04
-8.72750041e-01 4.14837962e-03 -8.18957871e-04 -3.93303934e-03 -5.97897658e-04
-8.71982345e-01 4.14503148e-03 -8.23648940e-04 -3.92731447e-03 -6.00296521e-04
-8.71212499e-01 4.14168999e-03 -8.28349446e-04 -3.92157878e-03 -6.02690947e-04
-8.70440504e-01 4.13835522e-03 -8.33059337e-04 -3.91583230e-03 -6.05080886e-04
-8.69666363e-01 4.13502726e-03 -8.37778559e-04 -3.91007506e-03 -6.07466287e-04
-8.68890077e-01 4.13170618e-03 -8.42507057e-04 -3.90430708e-03 -6.09847101e-04
-8.68111648e-01 4.12839206e-03 -8.47244778e-04 -3.89852838e-03 -6.12223280e-04
-8.67331079e-01 4.12508499e-03 -8.51991667e-04 -3.89273900e-03 -6.14594775e-04
-8.66548370e-01 4.12178504e-03 -8.56747669e-04 -3.88693897e-03 -6.16961538e-04
-8.65763524e-01 4.11849229e-03 -8.61512729e-04 -3.88112830e-03 -6.19323521e-04
-8.64976543e-01 4.11520683e-03 -8.66286792e-04 -3.87530702e-03 -6.21680677e-04
-8.64187429e-01 4.11192872e-03 -8.71069802e-04 -3.86947516e-03 -6.24032959e-04
-8.63396184e-01 4.10865804e-03 -8.75861704e-04 -3.86363274e-03 -6.26380320e-04
-8.62602809e-01 4.10539488e-03 -8.80662442e-04 -3.85777978e-03 -6.28722716e-04
-8.61807307e-01 4.10213930e-03 -8.85471959e-04 -3.85191632e-03 -6.31060099e-04
-8.61009680e-01 4.09889139e-03 -8.90290200e-04 -3.84604237e-03 -6.33392426e-04
-8.60209930e-01 4.09565121e-03 -8.95117107e-04 -3.84015796e-03 -6.35719650e-04
-8.59408057e-01 4.09241885e-03 -8.99952624e-04 -3.83426311e-03 -6.38041728e-04
-8.58604066e-01 4.08919437e-03 -9.04796694e-04 -3.82835785e-03 -6.40358616e-04
-8.57797957e-01 4.08597785e-03 -9.09649259e-04 -3.82244219e-03 -6.42670270e-04
-8.56989732e-01 4.08276937e-03 -9.14510261e-04 -3.81651616e-03 -6.44976648e-04
-8.56179395e-01 4.07956899e-03 -9.19379644e-04 -3.81057978e-03 -6.47277705e-04
-8.55366945e-01 4.07637679e-03 -9.24257349e-04 -3.80463307e-03 -6.49573400e-04
-8.54552386e-01 4.07319283e-03 -9.29143317e-04 -3.79867606e-03 -6.51863692e-04
-8.53735720e-01 4.07001720e-03 -9.34037491e-04 -3.79270876e-03 -6.54148538e-04
-8.52916948e-01 4.06684995e-03 -9.38939811e-04 -3.78673120e-03 -6.56427897e-04
-8.52096073e-01 4.06369116e-03 -9.43850218e-04 -3.78074339e-03 -6.58701729e-04
-8.51273096e-01 4.06054090e-03 -9.48768655e-04 -3.77474536e-03 -6.60969993e-04
-8.50448020e-01 4.05739924e-03 -9.53695060e-04 -3.76873712e-03 -6.63232650e-04
-8.49620847e-01 4.05426625e-03 -9.58629374e-04 -3.76271870e-03 -6.65489659e-04
-8.48791578e-01 4.05114198e-03 -9.63571538e-04 -3.75669012e-03 -6.67740982e-04
-8.47960216e-01 4.04802652e-03 -9.68521492e-04 -3.75065138e-03 -6.69986580e-04
-8.47126763e-01 4.04491993e-03 -9.73479175e-04 -3.74460252e-03 -6.72226415e-04
-8.46291221e-01 4.04182226e-03 -9.78444526e-04 -3.73854355e-03 -6.74460448e-04
-8.45453591e-01 4.03873360e-03 -9.83417486e-04 -3.73247449e-03 -6.76688642e-04
-8.44613877e-01 4.03565400e-03 -9.88397992e-04 -3.72639535e-03 -6.78910960e-04
-8.43772079e-01 4.03258353e-03 -9.93385984e-04 -3.72030616e-03 -6.81127365e-04
-8.42928201e-01 4.02952225e-03 -9.98381400e-04 -3.71420693e-03 -6.83337821e-04
-8.42082244e-01 4.02647022e-03 -1.00338418e-03 -3.70809767e-03 -6.85542291e-04
-8.41234210e-01 4.02342752e-03 -1.00839426e-03 -3.70197841e-03 -6.87740741e-04
-8.40384102e-01 4.02039419e-03 -1.01341158e-03 -3.69584915e-03 -6.89933134e-04
-8.39531921e-01 4.01737031e-03 -1.01843607e-03 -3.68970992e-03 -6.92119436e-04
-8.38677669e-01 4.01435594e-03 -1.02346768e-03 -3.68356073e-03 -6.94299613e-04
-8.37821349e-01 4.01135113e-03 -1.02850634e-03 -3.67740160e-03 -6.96473630e-04
-8.36962964e-01 4.00835594e-03 -1.03355198e-03 -3.67123253e-03 -6.98641454e-04
-8.36102514e-01 4.00537045e-03 -1.03860455e-03 -3.66505355e-03 -7.00803051e-04
-8.35240002e-01 4.00239469e-03 -1.04366399e-03 -3.65886467e-03 -7.02958388e-04
-8.34375430e-01 3.99942875e-03 -1.04873022e-03 -3.65266591e-03 -7.05107433e-04
-8.33508800e-01 3.99647266e-03 -1.05380318e-03 -3.64645727e-03 -7.07250153e-04
-8.32640115e-01 3.99352650e-03 -1.05888281e-03 -3.64023877e-03 -7.09386517e-04
-8.31769377e-01 3.99059031e-03 -1.06396905e-03 -3.63401042e-03 -7.11516493e-04
-8.30896587e-01 3.98766416e-03 -1.06906183e-03 -3.62777224e-03 -7.13640050e-04
-8.30021748e-01 3.98474810e-03 -1.07416109e-03 -3.62152424e-03 -7.15757157e-04
-8.29144862e-01 3.98184219e-03 -1.07926675e-03 -3.61526642e-03 -7.17867784e-04
-8.28265931e-01 3.97894648e-03 -1.08437877e-03 -3.60899881e-03 -7.19971901e-04
-8.27384958e-01 3.97606102e-03 -1.08949706e-03 -3.60272142e-03 -7.22069477e-04
-8.26501944e-01 3.97318588e-03 -1.09462157e-03 -3.59643425e-03 -7.24160484e-04
-8.25616892e-01 3.97032111e-03 -1.09975222e-03 -3.59013731e-03 -7.26244893e-04
-8.24729804e-01 3.96746675e-03 -1.10488896e-03 -3.58383062e-03 -7.28322675e-04
-8.23840681e-01 3.96462287e-03 -1.11003172e-03 -3.57751419e-03 -7.30393801e-04
-8.22949527e-01 3.96178950e-03 -1.11518042e-03 -3.57118802e-03 -7.32458244e-04
-8.22056344e-01 3.95896672e-03 -1.12033501e-03 -3.56485213e-03 -7.34515977e-04
-8.21161133e-01 3.95615456e-03 -1.12549541e-03 -3.55850653e-03 -7.36566971e-04
-8.20263897e-01 3.95335308e-03 -1.13066157e-03 -3.55215122e-03 -7.38611200e-04
-8.19364639e-01 3.95056233e-03 -1.13583341e-03 -3.54578622e-03 -7.40648637e-04
-8.18463359e-01 3.94778236e-03 -1.14101086e-03 -3.53941153e-03 -7.42679256e-04
-8.17560061e-01 3.94501321e-03 -1.14619385e-03 -3.53302716e-03 -7.44703032e-04
-8.16654747e-01 3.94225495e-03 -1.15138233e-03 -3.52663311e-03 -7.46719937e-04
-8.15747419e-01 3.93950760e-03 -1.15657622e-03 -3.52022941e-03 -7.48729949e-04
-8.14838079e-01 3.93677123e-03 -1.16177545e-03 -3.51381605e-03 -7.50733040e-04
-8.13926729e-01 3.93404588e-03 -1.16697995e-03 -3.50739304e-03 -7.52729187e-04
-8.13013373e-01 3.93133160e-03 -1.17218966e-03 -3.50096039e-03 -7.54718365e-04
-8.12098011e-01 3.92862844e-03 -1.17740450e-03 -3.49451810e-03 -7.56700551e-04
-8.11180646e-01 3.92593643e-03 -1.18262442e-03 -3.48806618e-03 -7.58675720e-04
-8.10261281e-01 3.92325563e-03 -1.18784932e-03 -3.48160465e-03 -7.60643850e-04
-8.09339918e-01 3.92058608e-03 -1.19307916e-03 -3.47513349e-03 -7.62604916e-04
-8.08416559e-01 3.91792783e-03 -1.19831385e-03 -3.46865272e-03 -7.64558898e-04
-8.07491206e-01 3.91528091e-03 -1.20355334e-03 -3.46216235e-03 -7.66505771e-04
-8.06563861e-01 3.91264539e-03 -1.20879754e-03 -3.45566237e-03 -7.68445514e-04
-8.05634528e-01 3.91002128e-03 -1.21404638e-03 -3.44915280e-03 -7.70378105e-04
-8.04703207e-01 3.90740865e-03 -1.21929981e-03 -3.44263363e-03 -7.72303522e-04
-8.03769903e-01 3.90480753e-03 -1.22455774e-03 -3.43610488e-03 -7.74221745e-04
-8.02834616e-01 3.90221796e-03 -1.22982011e-03 -3.42956654e-03 -7.76132751e-04
-8.01897349e-01 3.89963999e-03 -1.23508684e-03 -3.42301862e-03 -7.78036522e-04
-8.00958104e-01 3.89707366e-03 -1.24035786e-03 -3.41646113e-03 -7.79933035e-04
-8.00016884e-01 3.89451900e-03 -1.24563310e-03 -3.40989405e-03 -7.81822271e-04
-7.99073691e-01 3.89197606e-03 -1.25091250e-03 -3.40331741e-03 -7.83704210e-04
-7.98128528e-01 3.88944488e-03 -1.25619597e-03 -3.39673120e-03 -7.85578833e-04
-7.97181396e-01 3.88692549e-03 -1.26148344e-03 -3.39013542e-03 -7.87446120e-04
-7.96232298e-01 3.88441794e-03 -1.26677485e-03 -3.38353008e-03 -7.89306052e-04
-7.95281236e-01 3.88192226e-03 -1.27207012e-03 -3.37691517e-03 -7.91158610e-04
-7.94328214e-01 3.87943849e-03 -1.27736918e-03 -3.37029070e-03 -7.93003777e-04
-7.93373232e-01 3.87696667e-03 -1.28267196e-03 -3.36365667e-03 -7.94841533e-04
-7.92416293e-01 3.87450684e-03 -1.28797837e-03 -3.35701308e-03 -7.96671860e-04
-7.91457401e-01 3.87205903e-03 -1.29328836e-03 -3.35035994e-03 -7.98494742e-04
-7.90496556e-01 3.86962328e-03 -1.29860184e-03 -3.34369723e-03 -8.00310159e-04
-7.89533763e-01 3.86719962e-03 -1.30391874e-03 -3.33702497e-03 -8.02118096e-04
-7.88569022e-01 3.86478809e-03 -1.30923899e-03 -3.33034315e-03 -8.03918535e-04
-7.87602336e-01 3.86238873e-03 -1.31456251e-03 -3.32365178e-03 -8.05711460e-04
-7.86633708e-01 3.86000157e-03 -1.31988923e-03 -3.31695084e-03 -8.07496853e-04
-7.85663139e-01 3.85762664e-03 -1.32521908e-03 -3.31024035e-03 -8.09274699e-04
-7.84690634e-01 3.85526398e-03 -1.33055199e-03 -3.30352030e-03 -8.11044982e-04
-7.83716193e-01 3.85291362e-03 -1.33588786e-03 -3.29679068e-03 -8.12807685e-04
-7.82739819e-01 3.85057560e-03 -1.34122664e-03 -3.29005151e-03 -8.14562793e-04
-7.81761515e-01 3.84824994e-03 -1.34656825e-03 -3.28330277e-03 -8.16310291e-04
-7.80781283e-01 3.84593667e-03 -1.35191261e-03 -3.27654447e-03 -8.18050163e-04
-7.79799126e-01 3.84363584e-03 -1.35725965e-03 -3.26977660e-03 -8.19782395e-04
-7.78815045e-01 3.84134748e-03 -1.36260928e-03 -3.26299916e-03 -8.21506971e-04
-7.77829044e-01 3.83907160e-03 -1.36796145e-03 -3.25621215e-03 -8.23223878e-04
-7.76841124e-01 3.83680825e-03 -1.37331606e-03 -3.24941556e-03 -8.24933101e-04
-7.75851289e-01 3.83455745e-03 -1.37867304e-03 -3.24260940e-03 -8.26634626e-04
-7.74859540e-01 3.83231923e-03 -1.38403233e-03 -3.23579366e-03 -8.28328438e-04
-7.73865880e-01 3.83009363e-03 -1.38939383e-03 -3.22896833e-03 -8.30014525e-04
-7.72870312e-01 3.82788067e-03 -1.39475748e-03 -3.22213342e-03 -8.31692872e-04
-7.71872838e-01 3.82568038e-03 -1.40012320e-03 -3.21528891e-03 -8.33363466e-04
-7.70873460e-01 3.82349279e-03 -1.40549091e-03 -3.20843481e-03 -8.35026295e-04
-7.69872181e-01 3.82131793e-03 -1.41086054e-03 -3.20157112e-03 -8.36681344e-04
-7.68869004e-01 3.81915583e-03 -1.41623200e-03 -3.19469782e-03 -8.38328601e-04
-7.67863930e-01 3.81700650e-03 -1.42160522e-03 -3.18781491e-03 -8.39968054e-04
-7.66856963e-01 3.81486999e-03 -1.42698013e-03 -3.18092239e-03 -8.41599690e-04
-7.65848104e-01 3.81274631e-03 -1.43235664e-03 -3.17402026e-03 -8.43223497e-04
-7.64837357e-01 3.81063550e-03 -1.43773468e-03 -3.16710850e-03 -8.44839462e-04
-7.63824724e-01 3.80853757e-03 -1.44311417e-03 -3.16018712e-03 -8.46447574e-04
-7.62810206e-01 3.80645256e-03 -1.44849504e-03 -3.15325610e-03 -8.48047820e-04
-7.61793808e-01 3.80438049e-03 -1.45387720e-03 -3.14631545e-03 -8.49640190e-04
-7.60775531e-01 3.80232138e-03 -1.45926057e-03 -3.13936515e-03 -8.51224670e-04
-7.59755377e-01 3.80027527e-03 -1.46464509e-03 -3.13240521e-03 -8.52801251e-04
-7.58733350e-01 3.79824216e-03 -1.47003066e-03 -3.12543561e-03 -8.54369921e-04
-7.57709452e-01 3.79622210e-03 -1.47541721e-03 -3.11845634e-03 -8.55930667e-04
-7.56683685e-01 3.79421509e-03 -1.48080467e-03 -3.11146741e-03 -8.57483481e-04
-7.55656053e-01 3.79222117e-03 -1.48619295e-03 -3.10446881e-03 -8.59028350e-04
-7.54626556e-01 3.79024036e-03 -1.49158197e-03 -3.09746052e-03 -8.60565264e-04
-7.53595199e-01 3.78827268e-03 -1.49697166e-03 -3.09044254e-03 -8.62094213e-04
-7.52561982e-01 3.78631815e-03 -1.50236194e-03 -3.08341487e-03 -8.63615185e-04
-7.51526911e-01 3.78437680e-03 -1.50775273e-03 -3.07637750e-03 -8.65128170e-04
-7.50489985e-01 3.78244864e-03 -1.51314394e-03 -3.06933042e-03 -8.66633159e-04
-7.49451209e-01 3.78053371e-03 -1.51853550e-03 -3.06227362e-03 -8.68130140e-04
-7.48410585e-01 3.77863201e-03 -1.52392732e-03 -3.05520710e-03 -8.69619104e-04
-7.47368114e-01 3.77674358e-03 -1.52931934e-03 -3.04813084e-03 -8.71100041e-04
-7.46323801e-01 3.77486843e-03 -1.53471147e-03 -3.04104484e-03 -8.72572940e-04
-7.45277647e-01 3.77300658e-03 -1.54010362e-03 -3.03394910e-03 -8.74037793e-04
-7.44229655e-01 3.77115805e-03 -1.54549572e-03 -3.02684360e-03 -8.75494589e-04
-7.43179828e-01 3.76932287e-03 -1.55088770e-03 -3.01972833e-03 -8.76943319e-04
-7.42128168e-01 3.76750105e-03 -1.55627946e-03 -3.01260329e-03 -8.78383973e-04
-7.41074678e-01 3.76569261e-03 -1.56167093e-03 -3.00546847e-03 -8.79816541e-04
-7.40019360e-01 3.76389757e-03 -1.56706202e-03 -2.99832386e-03 -8.81241014e-04
-7.38962217e-01 3.76211596e-03 -1.57245266e-03 -2.99116944e-03 -8.82657384e-04
-7.37903252e-01 3.76034778e-03 -1.57784277e-03 -2.98400523e-03 -8.84065640e-04
-7.36842467e-01 3.75859306e-03 -1.58323226e-03 -2.97683119e-03 -8.85465773e-04
-7.35779864e-01 3.75685181e-03 -1.58862106e-03 -2.96964733e-03 -8.86857774e-04
-7.34715448e-01 3.75512406e-03 -1.59400908e-03 -2.96245363e-03 -8.88241634e-04
-7.33649219e-01 3.75340982e-03 -1.59939625e-03 -2.95525009e-03 -8.89617344e-04
-7.32581181e-01 3.75170911e-03 -1.60478247e-03 -2.94803669e-03 -8.90984895e-04
-7.31511336e-01 3.75002195e-03 -1.61016768e-03 -2.94081343e-03 -8.92344277e-04
-7.30439687e-01 3.74834835e-03 -1.61555179e-03 -2.93358030e-03 -8.93695483e-04
-7.29366237e-01 3.74668833e-03 -1.62093471e-03 -2.92633728e-03 -8.95038502e-04
-7.28290988e-01 3.74504190e-03 -1.62631637e-03 -2.91908437e-03 -8.96373326e-04
-7.27213943e-01 3.74340909e-03 -1.63169668e-03 -2.91182156e-03 -8.97699946e-04
-7.26135105e-01 3.74178991e-03 -1.63707557e-03 -2.90454884e-03 -8.99018354e-04
-7.25054476e-01 3.74018438e-03 -1.64245295e-03 -2.89726619e-03 -9.00328539e-04
-7.23972059e-01 3.73859251e-03 -1.64782874e-03 -2.88997361e-03 -9.01630495e-04
-7.22887856e-01 3.73701431e-03 -1.65320285e-03 -2.88267109e-03 -9.02924210e-04
-7.21801870e-01 3.73544981e-03 -1.65857522e-03 -2.87535862e-03 -9.04209678e-04
-7.20714105e-01 3.73389901e-03 -1.66394574e-03 -2.86803618e-03 -9.05486888e-04
-7.19624562e-01 3.73236194e-03 -1.66931436e-03 -2.86070377e-03 -9.06755833e-04
-7.18533244e-01 3.73083861e-03 -1.67468097e-03 -2.85336137e-03 -9.08016502e-04
-7.17440155e-01 3.72932903e-03 -1.68004550e-03 -2.84600898e-03 -9.09268888e-04
-7.16345296e-01 3.72783322e-03 -1.68540787e-03 -2.83864658e-03 -9.10512981e-04
-7.15248670e-01 3.72635119e-03 -1.69076799e-03 -2.83127417e-03 -9.11748773e-04
-7.14150280e-01 3.72488296e-03 -1.69612579e-03 -2.82389173e-03 -9.12976254e-04
-7.13050130e-01 3.72342854e-03 -1.70148117e-03 -2.81649926e-03 -9.14195416e-04
-7.11948220e-01 3.72198794e-03 -1.70683407e-03 -2.80909673e-03 -9.15406249e-04
-7.10844555e-01 3.72056118e-03 -1.71218439e-03 -2.80168415e-03 -9.16608744e-04
-7.09739137e-01 3.71914828e-03 -1.71753206e-03 -2.79426150e-03 -9.17802893e-04
-7.08631969e-01 3.71774924e-03 -1.72287698e-03 -2.78682877e-03 -9.18988686e-04
-7.07523053e-01 3.71636408e-03 -1.72821909e-03 -2.77938594e-03 -9.20166114e-04
-7.06412392e-01 3.71499281e-03 -1.73355830e-03 -2.77193302e-03 -9.21335168e-04
-7.05299989e-01 3.71363545e-03 -1.73889452e-03 -2.76446998e-03 -9.22495838e-04
-7.04185846e-01 3.71229201e-03 -1.74422767e-03 -2.75699681e-03 -9.23648116e-04
-7.03069967e-01 3.71096250e-03 -1.74955768e-03 -2.74951351e-03 -9.24791990e-04
-7.01952354e-01 3.70964694e-03 -1.75488445e-03 -2.74202007e-03 -9.25927453e-04
-7.00833010e-01 3.70834534e-03 -1.76020791e-03 -2.73451646e-03 -9.27054494e-04
-6.99711937e-01 3.70705771e-03 -1.76552797e-03 -2.72700269e-03 -9.28173104e-04
-6.98589139e-01 3.70578406e-03 -1.77084456e-03 -2.71947874e-03 -9.29283273e-04
-6.97464618e-01 3.70452440e-03 -1.77615758e-03 -2.71194460e-03 -9.30384992e-04
-6.96338377e-01 3.70327876e-03 -1.78146696e-03 -2.70440026e-03 -9.31478249e-04
-6.95210419e-01 3.70204714e-03 -1.78677262e-03 -2.69684570e-03 -9.32563035e-04
-6.94080746e-01 3.70082955e-03 -1.79207447e-03 -2.68928092e-03 -9.33639341e-04
-6.92949362e-01 3.69962600e-03 -1.79737243e-03 -2.68170591e-03 -9.34707155e-04
-6.91816268e-01 3.69843652e-03 -1.80266642e-03 -2.67412065e-03 -9.35766468e-04
-6.90681469e-01 3.69726110e-03 -1.80795636e-03 -2.66652513e-03 -9.36817269e-04
-6.89544966e-01 3.69609977e-03 -1.81324216e-03 -2.65891935e-03 -9.37859546e-04
-6.88406763e-01 3.69495253e-03 -1.81852374e-03 -2.65130328e-03 -9.38893291e-04
-6.87266861e-01 3.69381940e-03 -1.82380102e-03 -2.64367693e-03 -9.39918491e-04
-6.86125265e-01 3.69270038e-03 -1.82907393e-03 -2.63604028e-03 -9.40935136e-04
-6.84981977e-01 3.69159550e-03 -1.83434236e-03 -2.62839331e-03 -9.41943215e-04
-6.83837000e-01 3.69050475e-03 -1.83960626e-03 -2.62073603e-03 -9.42942716e-04
-6.82690336e-01 3.68942816e-03 -1.84486552e-03 -2.61306840e-03 -9.43933629e-04
-6.81541988e-01 3.68836574e-03 -1.85012008e-03 -2.60539044e-03 -9.44915941e-04
-6.80391960e-01 3.68731749e-03 -1.85536985e-03 -2.59770212e-03 -9.45889640e-04
-6.79240254e-01 3.68628344e-03 -1.86061475e-03 -2.59000343e-03 -9.46854716e-04
-6.78086872e-01 3.68526358e-03 -1.86585469e-03 -2.58229437e-03 -9.47811155e-04
-6.76931818e-01 3.68425794e-03 -1.87108959e-03 -2.57457492e-03 -9.48758947e-04
-6.75775095e-01 3.68326652e-03 -1.87631939e-03 -2.56684507e-03 -9.49698077e-04
-6.74616706e-01 3.68228934e-03 -1.88154398e-03 -2.55910482e-03 -9.50628535e-04
-6.73456652e-01 3.68132640e-03 -1.88676330e-03 -2.55135414e-03 -9.51550307e-04
-6.72294938e-01 3.68037773e-03 -1.89197725e-03 -2.54359304e-03 -9.52463381e-04
-6.71131566e-01 3.67944333e-03 -1.89718577e-03 -2.53582150e-03 -9.53367742e-04
-6.69966538e-01 3.67852321e-03 -1.90238876e-03 -2.52803950e-03 -9.54263379e-04
-6.68799859e-01 3.67761739e-03 -1.90758615e-03 -2.52024705e-03 -9.55150278e-04
-6.67631530e-01 3.67672587e-03 -1.91277786e-03 -2.51244413e-03 -9.56028424e-04
-6.66461554e-01 3.67584868e-03 -1.91796381e-03 -2.50463072e-03 -9.56897805e-04
-6.65289935e-01 3.67498581e-03 -1.92314391e-03 -2.49680683e-03 -9.57758406e-04
-6.64116675e-01 3.67413729e-03 -1.92831809e-03 -2.48897243e-03 -9.58610213e-04
-6.62941778e-01 3.67330313e-03 -1.93348626e-03 -2.48112753e-03 -9.59453211e-04
-6.61765245e-01 3.67248334e-03 -1.93864835e-03 -2.47327210e-03 -9.60287386e-04
-6.60587080e-01 3.67167792e-03 -1.94380428e-03 -2.46540615e-03 -9.61112722e-04
-6.59407287e-01 3.67088690e-03 -1.94895396e-03 -2.45752965e-03 -9.61929206e-04
-6.58225867e-01 3.67011028e-03 -1.95409732e-03 -2.44964261e-03 -9.62736821e-04
-6.57042824e-01 3.66934809e-03 -1.95923428e-03 -2.44174500e-03 -9.63535551e-04
-6.55858160e-01 3.66860032e-03 -1.96436475e-03 -2.43383683e-03 -9.64325382e-04
-6.54671879e-01 3.66786699e-03 -1.96948866e-03 -2.42591808e-03 -9.65106296e-04
-6.53483983e-01 3.66714813e-03 -1.97460594e-03 -2.41798875e-03 -9.65878278e-04
-6.52294476e-01 3.66644373e-03 -1.97971649e-03 -2.41004882e-03 -9.66641310e-04
-6.51103360e-01 3.66575381e-03 -1.98482025e-03 -2.40209828e-03 -9.67395377e-04
-6.49910639e-01 3.66507839e-03 -1.98991713e-03 -2.39413713e-03 -9.68140461e-04
-6.48716314e-01 3.66441747e-03 -1.99500705e-03 -2.38616536e-03 -9.68876544e-04
-6.47520390e-01 3.66377108e-03 -2.00008995e-03 -2.37818296e-03 -9.69603610e-04
-6.46322869e-01 3.66313923e-03 -2.00516573e-03 -2.37018992e-03 -9.70321639e-04
-6.45123754e-01 3.66252192e-03 -2.01023433e-03 -2.36218623e-03 -9.71030614e-04
-6.43923048e-01 3.66191917e-03 -2.01529566e-03 -2.35417188e-03 -9.71730517e-04
-6.42720754e-01 3.66133101e-03 -2.02034965e-03 -2.34614687e-03 -9.72421329e-04
-6.41516875e-01 3.66075743e-03 -2.02539621e-03 -2.33811118e-03 -9.73103030e-04
-6.40311414e-01 3.66019846e-03 -2.03043529e-03 -2.33006482e-03 -9.73775601e-04
-6.39104373e-01 3.65965411e-03 -2.03546679e-03 -2.32200777e-03 -9.74439024e-04
-6.37895757e-01 3.65912439e-03 -2.04049064e-03 -2.31394002e-03 -9.75093277e-04
-6.36685567e-01 3.65860932e-03 -2.04550676e-03 -2.30586157e-03 -9.75738340e-04
-6.35473807e-01 3.65810892e-03 -2.05051509e-03 -2.29777240e-03 -9.76374194e-04
-6.34260480e-01 3.65762319e-03 -2.05551554e-03 -2.28967252e-03 -9.77000817e-04
-6.33045589e-01 3.65715216e-03 -2.06050803e-03 -2.28156191e-03 -9.77618188e-04
-6.31829137e-01 3.65669584e-03 -2.06549250e-03 -2.27344057e-03 -9.78226285e-04
-6.30611126e-01 3.65625424e-03 -2.07046887e-03 -2.26530849e-03 -9.78825087e-04
-6.29391561e-01 3.65582739e-03 -2.07543706e-03 -2.25716566e-03 -9.79414572e-04
-6.28170443e-01 3.65541529e-03 -2.08039700e-03 -2.24901208e-03 -9.79994717e-04
-6.26947776e-01 3.65501797e-03 -2.08534862e-03 -2.24084773e-03 -9.80565499e-04
-6.25723562e-01 3.65463543e-03 -2.09029183e-03 -2.23267263e-03 -9.81126895e-04
-6.24497806e-01 3.65426771e-03 -2.09522658e-03 -2.22448675e-03 -9.81678882e-04
-6.23270509e-01 3.65391481e-03 -2.10015278e-03 -2.21629009e-03 -9.82221436e-04
-6.22041676e-01 3.65357675e-03 -2.10507037e-03 -2.20808264e-03 -9.82754532e-04
-6.20811308e-01 3.65325355e-03 -2.10997926e-03 -2.19986441e-03 -9.83278146e-04
-6.19579410e-01 3.65294523e-03 -2.11487939e-03 -2.19163537e-03 -9.83792253e-04
-6.18345983e-01 3.65265181e-03 -2.11977069e-03 -2.18339554e-03 -9.84296828e-04
-6.17111031e-01 3.65237330e-03 -2.12465308e-03 -2.17514490e-03 -9.84791845e-04
-6.15874558e-01 3.65210972e-03 -2.12952649e-03 -2.16688345e-03 -9.85277278e-04
-6.14636565e-01 3.65186109e-03 -2.13439086e-03 -2.15861118e-03 -9.85753101e-04
-6.13397057e-01 3.65162743e-03 -2.13924611e-03 -2.15032808e-03 -9.86219286e-04
-6.12156036e-01 3.65140876e-03 -2.14409217e-03 -2.14203416e-03 -9.86675807e-04
-6.10913506e-01 3.65120510e-03 -2.14892898e-03 -2.13372941e-03 -9.87122637e-04
-6.09669468e-01 3.65101647e-03 -2.15375645e-03 -2.12541382e-03 -9.87559746e-04
-6.08423928e-01 3.65084290e-03 -2.15857453e-03 -2.11708740e-03 -9.87987107e-04
-6.07176887e-01 3.65068439e-03 -2.16338315e-03 -2.10875012e-03 -9.88404691e-04
-6.05928348e-01 3.65054097e-03 -2.16818223e-03 -2.10040200e-03 -9.88812468e-04
-6.04678315e-01 3.65041267e-03 -2.17297172e-03 -2.09204303e-03 -9.89210410e-04
-6.03426791e-01 3.65029950e-03 -2.17775153e-03 -2.08367319e-03 -9.89598486e-04
-6.02173778e-01 3.65020149e-03 -2.18252161e-03 -2.07529250e-03 -9.89976666e-04
-6.00919281e-01 3.65011865e-03 -2.18728189e-03 -2.06690095e-03 -9.90344919e-04
-5.99663302e-01 3.65005102e-03 -2.19203230e-03 -2.05849853e-03 -9.90703213e-04
-5.98405843e-01 3.64999861e-03 -2.19677277e-03 -2.05008524e-03 -9.91051517e-04
-5.97146909e-01 3.64996146e-03 -2.20150325e-03 -2.04166108e-03 -9.91389799e-04
-5.95886503e-01 3.64993957e-03 -2.20622366e-03 -2.03322604e-03 -9.91718027e-04
-5.94624627e-01 3.64993298e-03 -2.21093395e-03 -2.02478013e-03 -9.92036166e-04
-5.93361284e-01 3.64994171e-03 -2.21563404e-03 -2.01632333e-03 -9.92344184e-04
-5.92096478e-01 3.64996579e-03 -2.22032388e-03 -2.00785566e-03 -9.92642047e-04
-5.90830212e-01 3.65000523e-03 -2.22500340e-03 -1.99937710e-03 -9.92929721e-04
-5.89562488e-01 3.65006008e-03 -2.22967254e-03 -1.99088765e-03 -9.93207170e-04
-5.88293311e-01 3.65013034e-03 -2.23433123e-03 -1.98238731e-03 -9.93474360e-04
-5.87022683e-01 3.65021606e-03 -2.23897942e-03 -1.97387609e-03 -9.93731254e-04
-5.85750607e-01 3.65031725e-03 -2.24361705e-03 -1.96535398e-03 -9.93977816e-04
-5.84477087e-01 3.65043395e-03 -2.24824405e-03 -1.95682097e-03 -9.94214011e-04
-5.83202125e-01 3.65056617e-03 -2.25286036e-03 -1.94827707e-03 -9.94439800e-04
-5.81925725e-01 3.65071396e-03 -2.25746592e-03 -1.93972228e-03 -9.94655145e-04
-5.80647890e-01 3.65087734e-03 -2.26206069e-03 -1.93115659e-03 -9.94860010e-04
-5.79368623e-01 3.65105633e-03 -2.26664459e-03 -1.92258000e-03 -9.95054354e-04
-5.78087927e-01 3.65125097e-03 -2.27121757e-03 -1.91399252e-03 -9.95238140e-04
-5.76805805e-01 3.65146129e-03 -2.27577957e-03 -1.90539414e-03 -9.95411327e-04
-5.75522261e-01 3.65168732e-03 -2.28033053e-03 -1.89678487e-03 -9.95573876e-04
-5.74237298e-01 3.65192908e-03 -2.28487041e-03 -1.88816470e-03 -9.95725745e-04
-5.72950918e-01 3.65218662e-03 -2.28939914e-03 -1.87953363e-03 -9.95866894e-04
-5.71663126e-01 3.65245996e-03 -2.29391667e-03 -1.87089167e-03 -9.95997280e-04
-5.70373923e-01 3.65274913e-03 -2.29842294e-03 -1.86223881e-03 -9.96116863e-04
-5.69083314e-01 3.65305418e-03 -2.30291790e-03 -1.85357506e-03 -9.96225598e-04
-5.67791302e-01 3.65337512e-03 -2.30740150e-03 -1.84490041e-03 -9.96323444e-04
-5.66497889e-01 3.65371200e-03 -2.31187369e-03 -1.83621487e-03 -9.96410355e-04
-5.65203079e-01 3.65406485e-03 -2.31633440e-03 -1.82751843e-03 -9.96486289e-04
-5.63906875e-01 3.65443371e-03 -2.32078360e-03 -1.81881111e-03 -9.96551200e-04
-5.62609281e-01 3.65481861e-03 -2.32522124e-03 -1.81009289e-03 -9.96605043e-04
-5.61310299e-01 3.65521959e-03 -2.32964725e-03 -1.80136379e-03 -9.96647772e-04
-5.60009933e-01 3.65563668e-03 -2.33406159e-03 -1.79262380e-03 -9.96679340e-04
-5.58708186e-01 3.65606993e-03 -2.33846422e-03 -1.78387292e-03 -9.96699702e-04
-5.57405060e-01 3.65651937e-03 -2.34285508e-03 -1.77511116e-03 -9.96708808e-04
-5.56100561e-01 3.65698503e-03 -2.34723414e-03 -1.76633852e-03 -9.96706611e-04
-5.54794689e-01 3.65746696e-03 -2.35160133e-03 -1.75755500e-03 -9.96693063e-04
-5.53487450e-01 3.65796520e-03 -2.35595662e-03 -1.74876060e-03 -9.96668115e-04
-5.52178845e-01 3.65847979e-03 -2.36029996e-03 -1.73995533e-03 -9.96631715e-04
-5.50868879e-01 3.65901077e-03 -2.36463131e-03 -1.73113919e-03 -9.96583815e-04
-5.49557555e-01 3.65955818e-03 -2.36895061e-03 -1.72231218e-03 -9.96524364e-04
-5.48244874e-01 3.66012206e-03 -2.37325784e-03 -1.71347430e-03 -9.96453309e-04
-5.46930842e-01 3.66070246e-03 -2.37755295e-03 -1.70462555e-03 -9.96370599e-04
-5.45615461e-01 3.66129942e-03 -2.38183590e-03 -1.69576595e-03 -9.96276181e-04
-5.44298735e-01 3.66191298e-03 -2.38610664e-03 -1.68689548e-03 -9.96170002e-04
-5.42980666e-01 3.66254319e-03 -2.39036513e-03 -1.67801417e-03 -9.96052008e-04
-5.41661258e-01 3.66319009e-03 -2.39461134e-03 -1.66912200e-03 -9.95922145e-04
-5.40340514e-01 3.66385373e-03 -2.39884524e-03 -1.66021898e-03 -9.95780358e-04
-5.39018438e-01 3.66453416e-03 -2.40306677e-03 -1.65130512e-03 -9.95626590e-04
-5.37695032e-01 3.66523143e-03 -2.40727591e-03 -1.64238042e-03 -9.95460787e-04
-5.36370301e-01 3.66594557e-03 -2.41147262e-03 -1.63344488e-03 -9.95282890e-04
-5.35044246e-01 3.66667665e-03 -2.41565686e-03 -1.62449850e-03 -9.95092843e-04
-5.33716872e-01 3.66742472e-03 -2.41982860e-03 -1.61554130e-03 -9.94890587e-04
-5.32388182e-01 3.66818981e-03 -2.42398781e-03 -1.60657327e-03 -9.94676064e-04
-5.31058179e-01 3.66897198e-03 -2.42813446e-03 -1.59759442e-03 -9.94449214e-04
-5.29726866e-01 3.66977130e-03 -2.43226850e-03 -1.58860475e-03 -9.94209978e-04
-5.28394247e-01 3.67058779e-03 -2.43638992e-03 -1.57960426e-03 -9.93958295e-04
-5.27060325e-01 3.67142153e-03 -2.44049869e-03 -1.57059297e-03 -9.93694103e-04
-5.25725102e-01 3.67227257e-03 -2.44459477e-03 -1.56157087e-03 -9.93417341e-04
-5.24388584e-01 3.67314095e-03 -2.44867813e-03 -1.55253796e-03 -9.93127947e-04
-5.23050772e-01 3.67402675e-03 -2.45274876e-03 -1.54349426e-03 -9.92825856e-04
-5.21711670e-01 3.67493000e-03 -2.45680662e-03 -1.53443977e-03 -9.92511006e-04
-5.20371281e-01 3.67585077e-03 -2.46085168e-03 -1.52537449e-03 -9.92183332e-04
-5.19029610e-01 3.67678912e-03 -2.46488394e-03 -1.51629843e-03 -9.91842769e-04
-5.17686658e-01 3.67774511e-03 -2.46890335e-03 -1.50721158e-03 -9.91489251e-04
-5.16342429e-01 3.67871880e-03 -2.47290991e-03 -1.49811396e-03 -9.91122711e-04
-5.14996927e-01 3.67971024e-03 -2.47690358e-03 -1.48900557e-03 -9.90743083e-04
-5.13650155e-01 3.68071950e-03 -2.48088435e-03 -1.47988641e-03 -9.90350299e-04
-5.12302117e-01 3.68174665e-03 -2.48485220e-03 -1.47075649e-03 -9.89944290e-04
-5.10952815e-01 3.68279173e-03 -2.48880712e-03 -1.46161581e-03 -9.89524988e-04
-5.09602252e-01 3.68385483e-03 -2.49274907e-03 -1.45246438e-03 -9.89092322e-04
-5.08250433e-01 3.68493600e-03 -2.49667806e-03 -1.44330220e-03 -9.88646222e-04
-5.06897361e-01 3.68603531e-03 -2.50059406e-03 -1.43412928e-03 -9.88186617e-04
-5.05543038e-01 3.68715282e-03 -2.50449706e-03 -1.42494561e-03 -9.87713435e-04
-5.04187469e-01 3.68828861e-03 -2.50838705e-03 -1.41575121e-03 -9.87226603e-04
-5.02830656e-01 3.68944275e-03 -2.51226401e-03 -1.40654608e-03 -9.86726049e-04
-5.01472604e-01 3.69061529e-03 -2.51612794e-03 -1.39733022e-03 -9.86211698e-04
-5.00113314e-01 3.69180632e-03 -2.51997883e-03 -1.38810364e-03 -9.85683475e-04
-4.98752791e-01 3.69301590e-03 -2.52381666e-03 -1.37886634e-03 -9.85141306e-04
-4.97391039e-01 3.69424411e-03 -2.52764143e-03 -1.36961832e-03 -9.84585115e-04
-4.96028059e-01 3.69549102e-03 -2.53145314e-03 -1.36035959e-03 -9.84014823e-04
-4.94663856e-01 3.69675671e-03 -2.53525178e-03 -1.35109016e-03 -9.83430355e-04
-4.93298434e-01 3.69804124e-03 -2.53903734e-03 -1.34181002e-03 -9.82831632e-04
-4.91931794e-01 3.69934470e-03 -2.54280983e-03 -1.33251918e-03 -9.82218575e-04
-4.90563942e-01 3.70066717e-03 -2.54656924e-03 -1.32321764e-03 -9.81591104e-04
-4.89194880e-01 3.70200872e-03 -2.55031557e-03 -1.31390542e-03 -9.80949139e-04
-4.87824611e-01 3.70336943e-03 -2.55404882e-03 -1.30458250e-03 -9.80292599e-04
-4.86453139e-01 3.70474938e-03 -2.55776901e-03 -1.29524890e-03 -9.79621401e-04
-4.85080468e-01 3.70614865e-03 -2.56147612e-03 -1.28590461e-03 -9.78935465e-04
-4.83706600e-01 3.70756734e-03 -2.56517016e-03 -1.27654964e-03 -9.78234705e-04
-4.82331539e-01 3.70900551e-03 -2.56885114e-03 -1.26718400e-03 -9.77519038e-04
-4.80955289e-01 3.71046326e-03 -2.57251908e-03 -1.25780768e-03 -9.76788380e-04
-4.79577853e-01 3.71194067e-03 -2.57617397e-03 -1.24842069e-03 -9.76042644e-04
-4.78199234e-01 3.71343783e-03 -2.57981582e-03 -1.23902303e-03 -9.75281745e-04
-4.76819436e-01 3.71495483e-03 -2.58344466e-03 -1.22961469e-03 -9.74505595e-04
-4.75438462e-01 3.71649175e-03 -2.58706048e-03 -1.22019570e-03 -9.73714107e-04
-4.74056315e-01 3.71804869e-03 -2.59066331e-03 -1.21076603e-03 -9.72907192e-04
-4.72672999e-01 3.71962574e-03 -2.59425316e-03 -1.20132571e-03 -9.72084760e-04
-4.71288518e-01 3.72122299e-03 -2.59783005e-03 -1.19187472e-03 -9.71246721e-04
-4.69902874e-01 3.72284054e-03 -2.60139399e-03 -1.18241306e-03 -9.70392986e-04
-4.68516071e-01 3.72447847e-03 -2.60494501e-03 -1.17294075e-03 -9.69523461e-04
-4.67128113e-01 3.72613689e-03 -2.60848312e-03 -1.16345778e-03 -9.68638055e-04
-4.65739003e-01 3.72781590e-03 -2.61200835e-03 -1.15396414e-03 -9.67736674e-04
-4.64348744e-01 3.72951559e-03 -2.61552072e-03 -1.14445985e-03 -9.66819224e-04
-4.62957340e-01 3.73123607e-03 -2.61902026e-03 -1.13494489e-03 -9.65885611e-04
-4.61564795e-01 3.73297743e-03 -2.62250699e-03 -1.12541927e-03 -9.64935739e-04
-4.60171111e-01 3.73473978e-03 -2.62598094e-03 -1.11588299e-03 -9.63969511e-04
-4.58776292e-01 3.73652322e-03 -2.62944214e-03 -1.10633604e-03 -9.62986831e-04
-4.57380342e-01 3.73832785e-03 -2.63289063e-03 -1.09677842e-03 -9.61987601e-04
-4.55983264e-01 3.74015379e-03 -2.63632643e-03 -1.08721013e-03 -9.60971721e-04
-4.54585061e-01 3.74200115e-03 -2.63974958e-03 -1.07763118e-03 -9.59939093e-04
-4.53185738e-01 3.74387002e-03 -2.64316011e-03 -1.06804154e-03 -9.58889615e-04
-4.51785296e-01 3.74576052e-03 -2.64655807e-03 -1.05844123e-03 -9.57823187e-04
-4.50383741e-01 3.74767277e-03 -2.64994348e-03 -1.04883024e-03 -9.56739707e-04
-4.48981074e-01 3.74960687e-03 -2.65331640e-03 -1.03920856e-03 -9.55639072e-04
-4.47577301e-01 3.75156295e-03 -2.65667686e-03 -1.02957619e-03 -9.54521178e-04
-4.46172424e-01 3.75354111e-03 -2.66002491e-03 -1.01993312e-03 -9.53385921e-04
-4.44766446e-01 3.75554148e-03 -2.66336059e-03 -1.01027936e-03 -9.52233196e-04
-4.43359371e-01 3.75756417e-03 -2.66668394e-03 -1.00061488e-03 -9.51062897e-04
-4.41951203e-01 3.75960931e-03 -2.66999502e-03 -9.90939692e-04 -9.49874916e-04
-4.40541946e-01 3.76167701e-03 -2.67329388e-03 -9.81253781e-04 -9.48669147e-04
-4.39131601e-01 3.76376740e-03 -2.67658057e-03 -9.71557141e-04 -9.47445480e-04
-4.37720174e-01 3.76588061e-03 -2.67985514e-03 -9.61849764e-04 -9.46203806e-04
-4.36307667e-01 3.76801675e-03 -2.68311765e-03 -9.52131642e-04 -9.44944015e-04
-4.34894084e-01 3.77017597e-03 -2.68636815e-03 -9.42402765e-04 -9.43665997e-04
-4.33479429e-01 3.77235838e-03 -2.68960670e-03 -9.32663124e-04 -9.42369638e-04
-4.32063705e-01 3.77456412e-03 -2.69283337e-03 -9.22912708e-04 -9.41054827e-04
-4.30646915e-01 3.77679332e-03 -2.69604821e-03 -9.13151506e-04 -9.39721449e-04
-4.29229063e-01 3.77904612e-03 -2.69925128e-03 -9.03379507e-04 -9.38369391e-04
-4.27810152e-01 3.78132264e-03 -2.70244267e-03 -8.93596698e-04 -9.36998537e-04
-4.26390187e-01 3.78362304e-03 -2.70562242e-03 -8.83803066e-04 -9.35608770e-04
-4.24969170e-01 3.78594744e-03 -2.70879061e-03 -8.73998598e-04 -9.34199975e-04
-4.23547105e-01 3.78829599e-03 -2.71194732e-03 -8.64183280e-04 -9.32772033e-04
-4.22123995e-01 3.79066882e-03 -2.71509261e-03 -8.54357096e-04 -9.31324825e-04
-4.20699844e-01 3.79306609e-03 -2.71822656e-03 -8.44520031e-04 -9.29858233e-04
-4.19274656e-01 3.79548794e-03 -2.72134924e-03 -8.34672069e-04 -9.28372134e-04
-4.17848434e-01 3.79793452e-03 -2.72446074e-03 -8.24813192e-04 -9.26866409e-04
-4.16421181e-01 3.80040597e-03 -2.72756113e-03 -8.14943383e-04 -9.25340935e-04
-4.14992902e-01 3.80290244e-03 -2.73065050e-03 -8.05062622e-04 -9.23795589e-04
-4.13563599e-01 3.80542409e-03 -2.73372893e-03 -7.95170889e-04 -9.22230247e-04
-4.12133276e-01 3.80797107e-03 -2.73679651e-03 -7.85268166e-04 -9.20644785e-04
-4.10701936e-01 3.81054354e-03 -2.73985332e-03 -7.75354430e-04 -9.19039076e-04
-4.09269584e-01 3.81314165e-03 -2.74289945e-03 -7.65429659e-04 -9.17412994e-04
-4.07836222e-01 3.81576557e-03 -2.74593500e-03 -7.55493830e-04 -9.15766412e-04
-4.06401855e-01 3.81841546e-03 -2.74896006e-03 -7.45546920e-04 -9.14099202e-04
-4.04966485e-01 3.82109147e-03 -2.75197473e-03 -7.35588903e-04 -9.12411234e-04
-4.03530117e-01 3.82379378e-03 -2.75497910e-03 -7.25619754e-04 -9.10702378e-04
-4.02092753e-01 3.82652254e-03 -2.75797328e-03 -7.15639445e-04 -9.08972504e-04
-4.00654398e-01 3.82927794e-03 -2.76095737e-03 -7.05647950e-04 -9.07221479e-04
-3.99215055e-01 3.83206014e-03 -2.76393146e-03 -6.95645240e-04 -9.05449170e-04
-3.97774727e-01 3.83486931e-03 -2.76689567e-03 -6.85631284e-04 -9.03655445e-04
-3.96333418e-01 3.83770562e-03 -2.76985011e-03 -6.75606052e-04 -9.01840169e-04
-3.94891132e-01 3.84056927e-03 -2.77279488e-03 -6.65569512e-04 -9.00003205e-04
-3.93447872e-01 3.84346041e-03 -2.77573010e-03 -6.55521632e-04 -8.98144419e-04
-3.92003642e-01 3.84637924e-03 -2.77865588e-03 -6.45462376e-04 -8.96263672e-04
-3.90558445e-01 3.84932593e-03 -2.78157235e-03 -6.35391710e-04 -8.94360827e-04
-3.89112285e-01 3.85230068e-03 -2.78447961e-03 -6.25309598e-04 -8.92435744e-04
-3.87665165e-01 3.85530366e-03 -2.78737779e-03 -6.15216002e-04 -8.90488284e-04
-3.86217089e-01 3.85833506e-03 -2.79026702e-03 -6.05110883e-04 -8.88518305e-04
-3.84768060e-01 3.86139509e-03 -2.79314741e-03 -5.94994202e-04 -8.86525667e-04
-3.83318083e-01 3.86448392e-03 -2.79601911e-03 -5.84865916e-04 -8.84510226e-04
-3.81867160e-01 3.86760176e-03 -2.79888223e-03 -5.74725984e-04 -8.82471838e-04
-3.80415296e-01 3.87074880e-03 -2.80173690e-03 -5.64574363e-04 -8.80410360e-04
-3.78962493e-01 3.87392524e-03 -2.80458328e-03 -5.54411006e-04 -8.78325645e-04
-3.77508756e-01 3.87713129e-03 -2.80742148e-03 -5.44235867e-04 -8.76217549e-04
-3.76054088e-01 3.88036714e-03 -2.81025166e-03 -5.34048899e-04 -8.74085922e-04
-3.74598493e-01 3.88363301e-03 -2.81307394e-03 -5.23850053e-04 -8.71930617e-04
-3.73141973e-01 3.88692910e-03 -2.81588849e-03 -5.13639278e-04 -8.69751486e-04
-3.71684534e-01 3.89025562e-03 -2.81869543e-03 -5.03416521e-04 -8.67548377e-04
-3.70226177e-01 3.89361279e-03 -2.82149493e-03 -4.93181730e-04 -8.65321141e-04
-3.68766908e-01 3.89700082e-03 -2.82428713e-03 -4.82934850e-04 -8.63069625e-04
-3.67306729e-01 3.90041993e-03 -2.82707218e-03 -4.72675824e-04 -8.60793676e-04
-3.65845645e-01 3.90387034e-03 -2.82985025e-03 -4.62404594e-04 -8.58493141e-04
-3.64383658e-01 3.90735227e-03 -2.83262148e-03 -4.52121100e-04 -8.56167865e-04
-3.62920772e-01 3.91086594e-03 -2.83538605e-03 -4.41825281e-04 -8.53817693e-04
-3.61456992e-01 3.91441159e-03 -2.83814410e-03 -4.31517075e-04 -8.51442467e-04
-3.59992320e-01 3.91798944e-03 -2.84089582e-03 -4.21196417e-04 -8.49042031e-04
-3.58526760e-01 3.92159973e-03 -2.84364137e-03 -4.10863241e-04 -8.46616227e-04
-3.57060317e-01 3.92524269e-03 -2.84638091e-03 -4.00517479e-04 -8.44164894e-04
-3.55592992e-01 3.92891856e-03 -2.84911463e-03 -3.90159061e-04 -8.41687873e-04
-3.54124791e-01 3.93262757e-03 -2.85184269e-03 -3.79787917e-04 -8.39185003e-04
-3.52655716e-01 3.93636997e-03 -2.85456527e-03 -3.69403973e-04 -8.36656120e-04
-3.51185772e-01 3.94014601e-03 -2.85728257e-03 -3.59007153e-04 -8.34101064e-04
-3.49714961e-01 3.94395593e-03 -2.85999475e-03 -3.48597382e-04 -8.31519668e-04
-3.48243288e-01 3.94779999e-03 -2.86270201e-03 -3.38174581e-04 -8.28911769e-04
-3.46770756e-01 3.95167843e-03 -2.86540453e-03 -3.27738669e-04 -8.26277201e-04
-3.45297369e-01 3.95559151e-03 -2.86810251e-03 -3.17289563e-04 -8.23615796e-04
-3.43823131e-01 3.95953950e-03 -2.87079614e-03 -3.06827180e-04 -8.20927387e-04
-3.42348044e-01 3.96352264e-03 -2.87348561e-03 -2.96351432e-04 -8.18211805e-04
-3.40872114e-01 3.96754121e-03 -2.87617113e-03 -2.85862231e-04 -8.15468882e-04
-3.39395342e-01 3.97159547e-03 -2.87885290e-03 -2.75359487e-04 -8.12698445e-04
-3.37917734e-01 3.97568569e-03 -2.88153112e-03 -2.64843107e-04 -8.09900323e-04
-3.36439292e-01 3.97981214e-03 -2.88420600e-03 -2.54312996e-04 -8.07074345e-04
-3.34960021e-01 3.98397510e-03 -2.88687775e-03 -2.43769057e-04 -8.04220337e-04
-3.33479923e-01 3.98817485e-03 -2.88954658e-03 -2.33211190e-04 -8.01338123e-04
-3.31999003e-01 3.99241167e-03 -2.89221271e-03 -2.22639296e-04 -7.98427530e-04
-3.30517264e-01 3.99668584e-03 -2.89487636e-03 -2.12053270e-04 -7.95488380e-04
-3.29034710e-01 4.00099765e-03 -2.89753775e-03 -2.01453005e-04 -7.92520497e-04
-3.27551345e-01 4.00534738e-03 -2.90019710e-03 -1.90838395e-04 -7.89523702e-04
-3.26067172e-01 4.00973534e-03 -2.90285463e-03 -1.80209327e-04 -7.86497817e-04
-3.24582195e-01 4.01416181e-03 -2.90551059e-03 -1.69565690e-04 -7.83442661e-04
-3.23096417e-01 4.01862711e-03 -2.90816520e-03 -1.58907368e-04 -7.80358052e-04
-3.21609843e-01 4.02313152e-03 -2.91081869e-03 -1.48234243e-04 -7.77243811e-04
-3.20122475e-01 4.02767535e-03 -2.91347132e-03 -1.37546194e-04 -7.74099752e-04
-3.18634318e-01 4.03225892e-03 -2.91612330e-03 -1.26843100e-04 -7.70925693e-04
-3.17145375e-01 4.03688253e-03 -2.91877490e-03 -1.16124833e-04 -7.67721449e-04
-3.15655650e-01 4.04154650e-03 -2.92142636e-03 -1.05391266e-04 -7.64486834e-04
-3.14165146e-01 4.04625114e-03 -2.92407793e-03 -9.46422689e-05 -7.61221661e-04
-3.12673868e-01 4.05099679e-03 -2.92672986e-03 -8.38777075e-05 -7.57925744e-04
-3.11181819e-01 4.05578376e-03 -2.92938240e-03 -7.30974459e-05 -7.54598892e-04
-3.09689002e-01 4.06061238e-03 -2.93203583e-03 -6.23013452e-05 -7.51240916e-04
-3.08195421e-01 4.06548299e-03 -2.93469039e-03 -5.14892637e-05 -7.47851627e-04
-3.06701080e-01 4.07039591e-03 -2.93734636e-03 -4.06610568e-05 -7.44430833e-04
-3.05205983e-01 4.07535149e-03 -2.94000400e-03 -2.98165773e-05 -7.40978341e-04
-3.03710134e-01 4.08035007e-03 -2.94266358e-03 -1.89556747e-05 -7.37493958e-04
-3.02213535e-01 4.08539199e-03 -2.94532538e-03 -8.07819588e-06 -7.33977491e-04
-3.00716191e-01 4.09047760e-03 -2.94798968e-03 2.81601551e-06 -7.30428742e-04
-2.99218105e-01 4.09560726e-03 -2.95065675e-03 1.37271187e-05 -7.26847517e-04
-2.97719282e-01 4.10078132e-03 -2.95332689e-03 2.46552761e-05 -7.23233619e-04
-2.96219724e-01 4.10600014e-03 -2.95600037e-03 3.56006530e-05 -7.19586849e-04
-2.94719436e-01 4.11126408e-03 -2.95867748e-03 4.65634183e-05 -7.15907008e-04
-2.93218420e-01 4.11657352e-03 -2.96135853e-03 5.75437435e-05 -7.12193897e-04
-2.91716682e-01 4.12192881e-03 -2.96404380e-03 6.85418039e-05 -7.08447315e-04
-2.90214224e-01 4.12733034e-03 -2.96673360e-03 7.95577777e-05 -7.04667059e-04
-2.88711051e-01 4.13277848e-03 -2.96942823e-03 9.05918466e-05 -7.00852928e-04
-2.87207166e-01 4.13827362e-03 -2.97212799e-03 1.01644196e-04 -6.97004717e-04
-2.85702572e-01 4.14381614e-03 -2.97483319e-03 1.12715013e-04 -6.93122222e-04
-2.84197274e-01 4.14940643e-03 -2.97754415e-03 1.23804491e-04 -6.89205237e-04
-2.82691274e-01 4.15504489e-03 -2.98026118e-03 1.34912825e-04 -6.85253556e-04
-2.81184578e-01 4.16073190e-03 -2.98298460e-03 1.46040213e-04 -6.81266972e-04
-2.79677188e-01 4.16646788e-03 -2.98571474e-03 1.57186858e-04 -6.77245276e-04
-2.78169109e-01 4.17225323e-03 -2.98845191e-03 1.68352967e-04 -6.73188258e-04
-2.76660343e-01 4.17808836e-03 -2.99119645e-03 1.79538749e-04 -6.69095710e-04
-2.75150895e-01 4.18397368e-03 -2.99394869e-03 1.90744418e-04 -6.64967419e-04
-2.73640769e-01 4.18990961e-03 -2.99670897e-03 2.01970190e-04 -6.60803173e-04
-2.72129968e-01 4.19589657e-03 -2.99947762e-03 2.13216287e-04 -6.56602760e-04
-2.70618495e-01 4.20193499e-03 -3.00225499e-03 2.24482935e-04 -6.52365965e-04
-2.69106356e-01 4.20802530e-03 -3.00504142e-03 2.35770361e-04 -6.48092574e-04
-2.67593552e-01 4.21416794e-03 -3.00783726e-03 2.47078799e-04 -6.43782371e-04
-2.66080089e-01 4.22036333e-03 -3.01064286e-03 2.58408486e-04 -6.39435140e-04
-2.64565969e-01 4.22661193e-03 -3.01345859e-03 2.69759662e-04 -6.35050662e-04
-2.63051197e-01 4.23291419e-03 -3.01628480e-03 2.81132572e-04 -6.30628720e-04
-2.61535776e-01 4.23927055e-03 -3.01912185e-03 2.92527467e-04 -6.26169093e-04
-2.60019711e-01 4.24568147e-03 -3.02197010e-03 3.03944598e-04 -6.21671562e-04
-2.58503004e-01 4.25214742e-03 -3.02482994e-03 3.15384224e-04 -6.17135906e-04
-2.56985659e-01 4.25866886e-03 -3.02770173e-03 3.26846606e-04 -6.12561901e-04
-2.55467681e-01 4.26524626e-03 -3.03058585e-03 3.38332011e-04 -6.07949326e-04
-2.53949073e-01 4.27188009e-03 -3.03348268e-03 3.49840709e-04 -6.03297956e-04
-2.52429838e-01 4.27857083e-03 -3.03639260e-03 3.61372976e-04 -5.98607566e-04
-2.50909981e-01 4.28531898e-03 -3.03931601e-03 3.72929091e-04 -5.93877930e-04
-2.49389505e-01 4.29212501e-03 -3.04225329e-03 3.84509339e-04 -5.89108823e-04
-2.47868414e-01 4.29898942e-03 -3.04520484e-03 3.96114008e-04 -5.84300016e-04
-2.46346712e-01 4.30591271e-03 -3.04817105e-03 4.07743391e-04 -5.79451281e-04
-2.44824402e-01 4.31289538e-03 -3.05115233e-03 4.19397787e-04 -5.74562388e-04
-2.43301489e-01 4.31993795e-03 -3.05414908e-03 4.31077499e-04 -5.69633108e-04
-2.41777975e-01 4.32704092e-03 -3.05716172e-03 4.42782835e-04 -5.64663210e-04
-2.40253865e-01 4.33420481e-03 -3.06019065e-03 4.54514107e-04 -5.59652460e-04
-2.38729163e-01 4.34143015e-03 -3.06323630e-03 4.66271633e-04 -5.54600627e-04
-2.37203872e-01 4.34871747e-03 -3.06629908e-03 4.78055736e-04 -5.49507477e-04
-2.35677996e-01 4.35606729e-03 -3.06937941e-03 4.89866743e-04 -5.44372775e-04
-2.34151539e-01 4.36348016e-03 -3.07247773e-03 5.01704987e-04 -5.39196286e-04
-2.32624504e-01 4.37095662e-03 -3.07559446e-03 5.13570806e-04 -5.33977773e-04
-2.31096895e-01 4.37849722e-03 -3.07873005e-03 5.25464543e-04 -5.28716999e-04
-2.29568717e-01 4.38610251e-03 -3.08188492e-03 5.37386547e-04 -5.23413727e-04
-2.28039973e-01 4.39377306e-03 -3.08505952e-03 5.49337171e-04 -5.18067716e-04
-2.26510666e-01 4.40150943e-03 -3.08825431e-03 5.61316775e-04 -5.12678728e-04
-2.24980800e-01 4.40931219e-03 -3.09146972e-03 5.73325723e-04 -5.07246521e-04
-2.23450380e-01 4.41718191e-03 -3.09470621e-03 5.85364386e-04 -5.01770855e-04
-2.21919408e-01 4.42511919e-03 -3.09796424e-03 5.97433138e-04 -4.96251486e-04
-2.20387890e-01 4.43312459e-03 -3.10124427e-03 6.09532362e-04 -4.90688172e-04
-2.18855828e-01 4.44119873e-03 -3.10454676e-03 6.21662445e-04 -4.85080669e-04
-2.17323226e-01 4.44934219e-03 -3.10787219e-03 6.33823779e-04 -4.79428732e-04
-2.15790088e-01 4.45755558e-03 -3.11122103e-03 6.46016763e-04 -4.73732115e-04
-2.14256418e-01 4.46583951e-03 -3.11459375e-03 6.58241801e-04 -4.67990572e-04
-2.12722219e-01 4.47419460e-03 -3.11799084e-03 6.70499305e-04 -4.62203855e-04
-2.11187496e-01 4.48262146e-03 -3.12141277e-03 6.82789690e-04 -4.56371717e-04
-2.09652252e-01 4.49112073e-03 -3.12486004e-03 6.95113379e-04 -4.50493907e-04
-2.08116491e-01 4.49969304e-03 -3.12833315e-03 7.07470800e-04 -4.44570177e-04
-2.06580217e-01 4.50833903e-03 -3.13183257e-03 7.19862389e-04 -4.38600276e-04
-2.05043433e-01 4.51705933e-03 -3.13535882e-03 7.32288587e-04 -4.32583953e-04
-2.03506144e-01 4.52585462e-03 -3.13891240e-03 7.44749841e-04 -4.26520955e-04
-2.01968353e-01 4.53472554e-03 -3.14249382e-03 7.57246605e-04 -4.20411029e-04
-2.00430064e-01 4.54367275e-03 -3.14610358e-03 7.69779339e-04 -4.14253922e-04
-1.98891280e-01 4.55269693e-03 -3.14974221e-03 7.82348510e-04 -4.08049379e-04
-1.97352006e-01 4.56179876e-03 -3.15341022e-03 7.94954591e-04 -4.01797145e-04
-1.95812245e-01 4.57097891e-03 -3.15710814e-03 8.07598064e-04 -3.95496964e-04
-1.94272002e-01 4.58023808e-03 -3.16083650e-03 8.20279413e-04 -3.89148578e-04
-1.92731279e-01 4.58957696e-03 -3.16459581e-03 8.32999134e-04 -3.82751730e-04
-1.91190081e-01 4.59899626e-03 -3.16838663e-03 8.45757726e-04 -3.76306162e-04
-1.89648411e-01 4.60849668e-03 -3.17220949e-03 8.58555696e-04 -3.69811614e-04
-1.88106274e-01 4.61807893e-03 -3.17606494e-03 8.71393560e-04 -3.63267827e-04
-1.86563673e-01 4.62774375e-03 -3.17995351e-03 8.84271839e-04 -3.56674540e-04
-1.85020611e-01 4.63749186e-03 -3.18387577e-03 8.97191061e-04 -3.50031492e-04
-1.83477094e-01 4.64732399e-03 -3.18783226e-03 9.10151762e-04 -3.43338419e-04
-1.81933124e-01 4.65724090e-03 -3.19182356e-03 9.23154485e-04 -3.36595060e-04
-1.80388705e-01 4.66724332e-03 -3.19585021e-03 9.36199781e-04 -3.29801151e-04
-1.78843841e-01 4.67733201e-03 -3.19991279e-03 9.49288207e-04 -3.22956428e-04
-1.77298536e-01 4.68750775e-03 -3.20401187e-03 9.62420329e-04 -3.16060625e-04
-1.75752795e-01 4.69777129e-03 -3.20814803e-03 9.75596719e-04 -3.09113476e-04
-1.74206619e-01 4.70812342e-03 -3.21232184e-03 9.88817959e-04 -3.02114716e-04
-1.72660014e-01 4.71856492e-03 -3.21653389e-03 1.00208464e-03 -2.95064076e-04
-1.71112983e-01 4.72909659e-03 -3.22078477e-03 1.01539735e-03 -2.87961290e-04
-1.69565531e-01 4.73971922e-03 -3.22507506e-03 1.02875670e-03 -2.80806088e-04
-1.68017660e-01 4.75043362e-03 -3.22940537e-03 1.04216330e-03 -2.73598202e-04
-1.66469374e-01 4.76124060e-03 -3.23377629e-03 1.05561777e-03 -2.66337361e-04
-1.64920678e-01 4.77214099e-03 -3.23818843e-03 1.06912073e-03 -2.59023294e-04
-1.63371576e-01 4.78313562e-03 -3.24264240e-03 1.08267283e-03 -2.51655732e-04
-1.61822070e-01 4.79422532e-03 -3.24713880e-03 1.09627471e-03 -2.44234401e-04
-1.60272166e-01 4.80541094e-03 -3.25167826e-03 1.10992702e-03 -2.36759028e-04
-1.58721866e-01 4.81669332e-03 -3.25626140e-03 1.12363042e-03 -2.29229342e-04
-1.57171175e-01 4.82807334e-03 -3.26088884e-03 1.13738558e-03 -2.21645068e-04
-1.55620096e-01 4.83955186e-03 -3.26556120e-03 1.15119319e-03 -2.14005931e-04
-1.54068633e-01 4.85112975e-03 -3.27027913e-03 1.16505392e-03 -2.06311656e-04
-1.52516790e-01 4.86280790e-03 -3.27504325e-03 1.17896847e-03 -1.98561969e-04
-1.50964572e-01 4.87458719e-03 -3.27985421e-03 1.19293755e-03 -1.90756591e-04
-1.49411981e-01 4.88646854e-03 -3.28471266e-03 1.20696187e-03 -1.82895246e-04
-1.47859021e-01 4.89845285e-03 -3.28961924e-03 1.22104215e-03 -1.74977658e-04
-1.46305697e-01 4.91054104e-03 -3.29457461e-03 1.23517913e-03 -1.67003546e-04
-1.44752012e-01 4.92273402e-03 -3.29957943e-03 1.24937354e-03 -1.58972634e-04
-1.43197970e-01 4.93503274e-03 -3.30463435e-03 1.26362613e-03 -1.50884641e-04
-1.41643575e-01 4.94743813e-03 -3.30974004e-03 1.27793767e-03 -1.42739288e-04
-1.40088830e-01 4.95995115e-03 -3.31489717e-03 1.29230891e-03 -1.34536293e-04
-1.38533740e-01 4.97257275e-03 -3.32010643e-03 1.30674065e-03 -1.26275377e-04
-1.36978309e-01 4.98530390e-03 -3.32536847e-03 1.32123366e-03 -1.17956257e-04
-1.35422539e-01 4.99814558e-03 -3.33068400e-03 1.33578874e-03 -1.09578652e-04
-1.33866436e-01 5.01109878e-03 -3.33605368e-03 1.35040671e-03 -1.01142278e-04
-1.32310002e-01 5.02416448e-03 -3.34147823e-03 1.36508837e-03 -9.26468530e-05
-1.30753243e-01 5.03734369e-03 -3.34695832e-03 1.37983455e-03 -8.40920926e-05
-1.29196160e-01 5.05063742e-03 -3.35249466e-03 1.39464609e-03 -7.54777128e-05
-1.27638760e-01 5.06404669e-03 -3.35808795e-03 1.40952384e-03 -6.68034288e-05
-1.26081044e-01 5.07757253e-03 -3.36373889e-03 1.42446864e-03 -5.80689555e-05
-1.24523017e-01 5.09121598e-03 -3.36944821e-03 1.43948138e-03 -4.92740071e-05
-1.22964684e-01 5.10497809e-03 -3.37521662e-03 1.45456292e-03 -4.04182974e-05
-1.21406047e-01 5.11885992e-03 -3.38104483e-03 1.46971415e-03 -3.15015397e-05
-1.19847110e-01 5.13286253e-03 -3.38693356e-03 1.48493598e-03 -2.25234470e-05
-1.18287878e-01 5.14698700e-03 -3.39288356e-03 1.50022930e-03 -1.34837316e-05
-1.16728355e-01 5.16123441e-03 -3.39889554e-03 1.51559504e-03 -4.38210544e-06
-1.15168543e-01 5.17560587e-03 -3.40497025e-03 1.53103413e-03 4.78171991e-06
-1.13608448e-01 5.19010247e-03 -3.41110842e-03 1.54654752e-03 1.40080334e-05
-1.12048072e-01 5.20472534e-03 -3.41731080e-03 1.56213614e-03 2.32971243e-05
-1.10487420e-01 5.21947559e-03 -3.42357814e-03 1.57780096e-03 3.26492825e-05
-1.08926495e-01 5.23435436e-03 -3.42991119e-03 1.59354297e-03 4.20647980e-05
-1.07365302e-01 5.24936280e-03 -3.43631071e-03 1.60936314e-03 5.15439614e-05
-1.05803844e-01 5.26450206e-03 -3.44277746e-03 1.62526247e-03 6.10870638e-05
-1.04242126e-01 5.27977331e-03 -3.44931220e-03 1.64124197e-03 7.06943963e-05
-1.02680150e-01 5.29517772e-03 -3.45591570e-03 1.65730266e-03 8.03662507e-05
-1.01117920e-01 5.31071648e-03 -3.46258874e-03 1.67344557e-03 9.01029190e-05
-9.95554419e-02 5.32639079e-03 -3.46933209e-03 1.68967174e-03 9.99046937e-05
-9.79927178e-02 5.34220184e-03 -3.47614653e-03 1.70598223e-03 1.09771867e-04
-9.64297521e-02 5.35815087e-03 -3.48303285e-03 1.72237810e-03 1.19704733e-04
-9.48665486e-02 5.37423909e-03 -3.48999184e-03 1.73886043e-03 1.29703585e-04
-9.33031111e-02 5.39046774e-03 -3.49702430e-03 1.75543032e-03 1.39768716e-04
-9.17394435e-02 5.40683808e-03 -3.50413101e-03 1.77208887e-03 1.49900420e-04
-9.01755497e-02 5.42335136e-03 -3.51131279e-03 1.78883718e-03 1.60098991e-04
-8.86114334e-02 5.44000885e-03 -3.51857043e-03 1.80567640e-03 1.70364725e-04
-8.70470987e-02 5.45681184e-03 -3.52590474e-03 1.82260766e-03 1.80697916e-04
-8.54825493e-02 5.47376162e-03 -3.53331655e-03 1.83963211e-03 1.91098860e-04
-8.39177890e-02 5.49085950e-03 -3.54080667e-03 1.85675092e-03 2.01567851e-04
-8.23528218e-02 5.50810678e-03 -3.54837591e-03 1.87396526e-03 2.12105185e-04
-8.07876515e-02 5.52550481e-03 -3.55602511e-03 1.89127634e-03 2.22711158e-04
-7.92222820e-02 5.54305490e-03 -3.56375510e-03 1.90868534e-03 2.33386067e-04
-7.76567171e-02 5.56075843e-03 -3.57156670e-03 1.92619350e-03 2.44130207e-04
-7.60909607e-02 5.57861674e-03 -3.57946076e-03 1.94380203e-03 2.54943875e-04
-7.45250166e-02 5.59663120e-03 -3.58743811e-03 1.96151219e-03 2.65827368e-04
-7.29588887e-02 5.61480322e-03 -3.59549961e-03 1.97932523e-03 2.76780983e-04
-7.13925810e-02 5.63313418e-03 -3.60364610e-03 1.99724242e-03 2.87805016e-04
-6.98260971e-02 5.65162548e-03 -3.61187844e-03 2.01526505e-03 2.98899765e-04
-6.82594410e-02 5.67027856e-03 -3.62019748e-03 2.03339441e-03 3.10065528e-04
-6.66926166e-02 5.68909485e-03 -3.62860408e-03 2.05163182e-03 3.21302601e-04
-6.51256278e-02 5.70807578e-03 -3.63709911e-03 2.06997860e-03 3.32611283e-04
-6.35584783e-02 5.72722282e-03 -3.64568344e-03 2.08843609e-03 3.43991871e-04
-6.19911720e-02 5.74653744e-03 -3.65435794e-03 2.10700565e-03 3.55444663e-04
-6.04237129e-02 5.76602112e-03 -3.66312348e-03 2.12568865e-03 3.66969958e-04
-5.88561048e-02 5.78567535e-03 -3.67198095e-03 2.14448646e-03 3.78568052e-04
-5.72883515e-02 5.80550165e-03 -3.68093124e-03 2.16340049e-03 3.90239244e-04
-5.57204570e-02 5.82550153e-03 -3.68997522e-03 2.18243214e-03 4.01983833e-04
-5.41524250e-02 5.84567652e-03 -3.69911379e-03 2.20158285e-03 4.13802116e-04
-5.25842595e-02 5.86602818e-03 -3.70834785e-03 2.22085405e-03 4.25694392e-04
-5.10159643e-02 5.88655806e-03 -3.71767830e-03 2.24024721e-03 4.37660959e-04
-4.94475433e-02 5.90726773e-03 -3.72710603e-03 2.25976378e-03 4.49702115e-04
-4.78790003e-02 5.92815878e-03 -3.73663196e-03 2.27940527e-03 4.61818159e-04
-4.63103392e-02 5.94923281e-03 -3.74625699e-03 2.29917316e-03 4.74009389e-04
-4.47415640e-02 5.97049143e-03 -3.75598204e-03 2.31906898e-03 4.86276103e-04
-4.31726784e-02 5.99193627e-03 -3.76580803e-03 2.33909426e-03 4.98618600e-04
-4.16036863e-02 6.01356896e-03 -3.77573588e-03 2.35925055e-03 5.11037177e-04
-4.00345917e-02 6.03539116e-03 -3.78576651e-03 2.37953942e-03 5.23532132e-04
-3.84653983e-02 6.05740454e-03 -3.79590086e-03 2.39996243e-03 5.36103764e-04
-3.68961100e-02 6.07961077e-03 -3.80613985e-03 2.42052119e-03 5.48752371e-04
-3.53267308e-02 6.10201155e-03 -3.81648441e-03 2.44121731e-03 5.61478250e-04
-3.37572644e-02 6.12460859e-03 -3.82693550e-03 2.46205242e-03 5.74281700e-04
-3.21877148e-02 6.14740361e-03 -3.83749405e-03 2.48302816e-03 5.87163017e-04
-3.06180858e-02 6.17039835e-03 -3.84816101e-03 2.50414618e-03 6.00122500e-04
-2.90483813e-02 6.19359456e-03 -3.85893732e-03 2.52540818e-03 6.13160445e-04
-2.74786051e-02 6.21699401e-03 -3.86982395e-03 2.54681584e-03 6.26277150e-04
-2.59087612e-02 6.24059848e-03 -3.88082184e-03 2.56837087e-03 6.39472912e-04
-2.43388534e-02 6.26440975e-03 -3.89193197e-03 2.59007500e-03 6.52748027e-04
-2.27688855e-02 6.28842965e-03 -3.90315528e-03 2.61192997e-03 6.66102793e-04
-2.11988616e-02 6.31266000e-03 -3.91449275e-03 2.63393755e-03 6.79537505e-04
-1.96287853e-02 6.33710263e-03 -3.92594535e-03 2.65609951e-03 6.93052460e-04
-1.80586606e-02 6.36175940e-03 -3.93751406e-03 2.67841765e-03 7.06647954e-04
-1.64884914e-02 6.38663219e-03 -3.94919984e-03 2.70089379e-03 7.20324282e-04
-1.49182815e-02 6.41172287e-03 -3.96100368e-03 2.72352974e-03 7.34081739e-04
-1.33480349e-02 6.43703335e-03 -3.97292656e-03 2.74632737e-03 7.47920622e-04
-1.17777553e-02 6.46256554e-03 -3.98496947e-03 2.76928854e-03 7.61841224e-04
-1.02074466e-02 6.48832138e-03 -3.99713340e-03 2.79241512e-03 7.75843840e-04
-8.63711283e-03 6.51430281e-03 -4.00941934e-03 2.81570904e-03 7.89928764e-04
-7.06675773e-03 6.54051180e-03 -4.02182829e-03 2.83917220e-03 8.04096291e-04
-5.49638519e-03 6.56695032e-03 -4.03436124e-03 2.86280654e-03 8.18346713e-04
-3.92599911e-03 6.59362037e-03 -4.04701920e-03 2.88661402e-03 8.32680324e-04
-2.35560334e-03 6.62052396e-03 -4.05980318e-03 2.91059663e-03 8.47097416e-04
-7.85201758e-04 6.64766312e-03 -4.07271417e-03 2.93475634e-03 8.61598282e-04
7.85201758e-04 6.67503989e-03 -4.08575321e-03 2.95909518e-03 8.76183214e-04
2.35560334e-03 6.70265634e-03 -4.09892128e-03 2.98361517e-03 8.90852503e-04
3.92599911e-03 6.73051453e-03 -4.11221943e-03 3.00831838e-03 9.05606440e-04
5.49638519e-03 6.75861657e-03 -4.12564865e-03 3.03320686e-03 9.20445316e-04
7.06675773e-03 6.78696456e-03 -4.13920999e-03 3.05828272e-03 9.35369421e-04
8.63711283e-03 6.81556063e-03 -4.15290446e-03 3.08354805e-03 9.50379044e-04
1.02074466e-02 6.84440692e-03 -4.16673309e-03 3.10900499e-03 9.65474475e-04
1.17777553e-02 6.87350560e-03 -4.18069691e-03 3.13465568e-03 9.80656003e-04
1.33480349e-02 6.90285884e-03 -4.19479697e-03 3.16050230e-03 9.95923915e-04
1.49182815e-02 6.93246883e-03 -4.20903428e-03 3.18654703e-03 1.01127850e-03
1.64884914e-02 6.96233781e-03 -4.22340990e-03 3.21279208e-03 1.02672004e-03
1.80586606e-02 6.99246798e-03 -4.23792487e-03 3.23923968e-03 1.04224883e-03
1.96287853e-02 7.02286160e-03 -4.25258023e-03 3.26589208e-03 1.05786515e-03
2.11988616e-02 7.05352094e-03 -4.26737702e-03 3.29275154e-03 1.07356929e-03
2.27688855e-02 7.08444828e-03 -4.28231630e-03 3.31982036e-03 1.08936152e-03
2.43388534e-02 7.11564592e-03 -4.29739913e-03 3.34710085e-03 1.10524215e-03
2.59087612e-02 7.14711618e-03 -4.31262654e-03 3.37459533e-03 1.12121144e-03
2.74786051e-02 7.17886141e-03 -4.32799961e-03 3.40230617e-03 1.13726968e-03
2.90483813e-02 7.21088394e-03 -4.34351939e-03 3.43023573e-03 1.15341715e-03
3.06180858e-02 7.24318618e-03 -4.35918695e-03 3.45838641e-03 1.16965414e-03
3.21877148e-02 7.27577049e-03 -4.37500334e-03 3.48676062e-03 1.18598092e-03
3.37572644e-02 7.30863930e-03 -4.39096964e-03 3.51536080e-03 1.20239778e-03
3.53267308e-02 7.34179505e-03 -4.40708691e-03 3.54418942e-03 1.21890499e-03
3.68961100e-02 7.37524017e-03 -4.42335622e-03 3.57324895e-03 1.23550283e-03
3.84653983e-02 7.40897713e-03 -4.43977866e-03 3.60254189e-03 1.25219158e-03
4.00345917e-02 7.44300843e-03 -4.45635528e-03 3.63207077e-03 1.26897152e-03
4.16036863e-02 7.47733658e-03 -4.47308718e-03 3.66183815e-03 1.28584292e-03
4.31726784e-02 7.51196409e-03 -4.48997542e-03 3.69184657e-03 1.30280605e-03
4.47415640e-02 7.54689352e-03 -4.50702109e-03 3.72209865e-03 1.31986120e-03
4.63103392e-02 7.58212743e-03 -4.52422528e-03 3.75259698e-03 1.33700863e-03
4.78790003e-02 7.61766841e-03 -4.54158907e-03 3.78334422e-03 1.35424862e-03
4.94475433e-02 7.65351906e-03 -4.55911354e-03 3.81434301e-03 1.37158143e-03
5.10159643e-02 7.68968201e-03 -4.57679979e-03 3.84559605e-03 1.38900734e-03
5.25842595e-02 7.72615991e-03 -4.59464890e-03 3.87710603e-03 1.40652662e-03
5.41524250e-02 7.76295541e-03 -4.61266197e-03 3.90887570e-03 1.42413954e-03
5.57204570e-02 7.80007121e-03 -4.63084010e-03 3.94090779e-03 1.44184637e-03
5.72883515e-02 7.83751001e-03 -4.64918436e-03 3.97320508e-03 1.45964736e-03
5.88561048e-02 7.87527455e-03 -4.66769588e-03 4.00577038e-03 1.47754279e-03
6.04237129e-02 7.91336756e-03 -4.68637573e-03 4.03860651e-03 1.49553292e-03
6.19911720e-02 7.95179182e-03 -4.70522503e-03 4.07171632e-03 1.51361802e-03
6.35584783e-02 7.99055012e-03 -4.72424488e-03 4.10510267e-03 1.53179835e-03
6.51256278e-02 8.02964527e-03 -4.74343637e-03 4.13876846e-03 1.55007417e-03
6.66926166e-02 8.06908010e-03 -4.76280062e-03 4.17271662e-03 1.56844573e-03
6.82594410e-02 8.10885746e-03 -4.78233872e-03 4.20695009e-03 1.58691331e-03
6.98260971e-02 8.14898023e-03 -4.80205179e-03 4.24147183e-03 1.60547715e-03
7.13925810e-02 8.18945132e-03 -4.82194093e-03 4.27628484e-03 1.62413752e-03
7.29588887e-02 8.23027362e-03 -4.84200726e-03 4.31139214e-03 1.64289467e-03
7.45250166e-02 8.27145009e-03 -4.86225187e-03 4.34679678e-03 1.66174885e-03
7.60909607e-02 8.31298369e-03 -4.88267589e-03 4.38250181e-03 1.68070032e-03
7.76567171e-02 8.35487741e-03 -4.90328043e-03 4.41851035e-03 1.69974933e-03
7.92222820e-02 8.39713424e-03 -4.92406660e-03 4.45482549e-03 1.71889614e-03
8.07876515e-02 8.43975722e-03 -4.94503551e-03 4.49145040e-03 1.73814098e-03
8.23528218e-02 8.48274940e-03 -4.96618828e-03 4.52838824e-03 1.75748412e-03
8.39177890e-02 8.52611385e-03 -4.98752602e-03 4.56564221e-03 1.77692579e-03
8.54825493e-02 8.56985368e-03 -5.00904986e-03 4.60321553e-03 1.79646625e-03
8.70470987e-02 8.61397200e-03 -5.03076090e-03 4.64111145e-03 1.81610573e-03
8.86114334e-02 8.65847195e-03 -5.05266027e-03 4.67933325e-03 1.83584448e-03
9.01755497e-02 8.70335671e-03 -5.07474909e-03 4.71788423e-03 1.85568275e-03
9.17394435e-02 8.74862945e-03 -5.09702847e-03 4.75676771e-03 1.87562076e-03
9.33031111e-02 8.79429340e-03 -5.11949953e-03 4.79598705e-03 1.89565877e-03
9.48665486e-02 8.84035178e-03 -5.14216339e-03 4.83554564e-03 1.91579701e-03
9.64297521e-02 8.88680787e-03 -5.16502117e-03 4.87544688e-03 1.93603572e-03
9.79927178e-02 8.93366494e-03 -5.18807400e-03 4.91569421e-03 1.95637512e-03
9.95554419e-02 8.98092630e-03 -5.21132299e-03 4.95629109e-03 1.97681545e-03
1.01117920e-01 9.02859528e-03 -5.23476926e-03 4.99724101e-03 1.99735695e-03
1.02680150e-01 9.07667525e-03 -5.25841394e-03 5.03854749e-03 2.01799985e-03
1.04242126e-01 9.12516957e-03 -5.28225814e-03 5.08021408e-03 2.03874437e-03
1.05803844e-01 9.17408166e-03 -5.30630298e-03 5.12224435e-03 2.05959073e-03
1.07365302e-01 9.22341495e-03 -5.33054959e-03 5.16464191e-03 2.08053918e-03
1.08926495e-01 9.27317288e-03 -5.35499909e-03 5.20741037e-03 2.10158992e-03
1.10487420e-01 9.32335894e-03 -5.37965259e-03 5.25055341e-03 2.12274318e-03
1.12048072e-01 9.37397663e-03 -5.40451121e-03 5.29407471e-03 2.14399918e-03
1.13608448e-01 9.42502949e-03 -5.42957608e-03 5.33797798e-03 2.16535815e-03
1.15168543e-01 9.47652107e-03 -5.45484832e-03 5.38226697e-03 2.18682029e-03
1.16728355e-01 9.52845494e-03 -5.48032903e-03 5.42694545e-03 2.20838582e-03
1.18287878e-01 9.58083471e-03 -5.50601935e-03 5.47201722e-03 2.23005496e-03
1.19847110e-01 9.63366402e-03 -5.53192038e-03 5.51748612e-03 2.25182791e-03
1.21406047e-01 9.68694652e-03 -5.55803325e-03 5.56335600e-03 2.27370490e-03
1.22964684e-01 9.74068589e-03 -5.58435906e-03 5.60963075e-03 2.29568612e-03
1.24523017e-01 9.79488585e-03 -5.61089895e-03 5.65631430e-03 2.31777178e-03
1.26081044e-01 9.84955013e-03 -5.63765401e-03 5.70341059e-03 2.33996209e-03
1.27638760e-01 9.90468250e-03 -5.66462536e-03 5.75092361e-03 2.36225725e-03
1.29196160e-01 9.96028673e-03 -5.69181411e-03 5.79885735e-03 2.38465747e-03
1.30753243e-01 1.00163666e-02 -5.71922138e-03 5.84721587e-03 2.40716293e-03
1.32310002e-01 1.00729261e-02 -5.74684828e-03 5.89600322e-03 2.42977383e-03
1.33866436e-01 1.01299689e-02 -5.77469591e-03 5.94522351e-03 2.45249038e-03
1.35422539e-01 1.01874991e-02 -5.80276538e-03 5.99488088e-03 2.47531277e-03
1.36978309e-01 1.02455204e-02 -5.83105779e-03 6.04497947e-03 2.49824118e-03
1.38533740e-01 1.03040370e-02 -5.85957426e-03 6.09552349e-03 2.52127581e-03
1.40088830e-01 1.03630526e-02 -5.88831589e-03 6.14651716e-03 2.54441683e-03
1.41643575e-01 1.04225714e-02 -5.91728376e-03 6.19796473e-03 2.56766445e-03
1.43197970e-01 1.04825974e-02 -5.94647900e-03 6.24987048e-03 2.59101884e-03
1.44752012e-01 1.05431347e-02 -5.97590268e-03 6.30223874e-03 2.61448017e-03
1.46305697e-01 1.06041873e-02 -6.00555592e-03 6.35507385e-03 2.63804864e-03
1.47859021e-01 1.06657593e-02 -6.03543980e-03 6.40838019e-03 2.66172441e-03
1.49411981e-01 1.07278549e-02 -6.06555541e-03 6.46216218e-03 2.68550767e-03
1.50964572e-01 1.07904784e-02 -6.09590385e-03 6.51642425e-03 2.70939857e-03
1.52516790e-01 1.08536337e-02 -6.12648620e-03 6.57117089e-03 2.73339730e-03
1.54068633e-01 1.09173253e-02 -6.15730356e-03 6.62640661e-03 2.75750402e-03
1.55620096e-01 1.09815574e-02 -6.18835700e-03 6.68213594e-03 2.78171890e-03
1.57171175e-01 1.10463342e-02 -6.21964760e-03 6.73836347e-03 2.80604210e-03
1.58721866e-01 1.11116601e-02 -6.25117644e-03 6.79509378e-03 2.83047377e-03
1.60272166e-01 1.11775395e-02 -6.28294461e-03 6.85233154e-03 2.85501409e-03
1.61822070e-01 1.12439766e-02 -6.31495316e-03 6.91008140e-03 2.87966320e-03
1.63371576e-01 1.13109760e-02 -6.34720318e-03 6.96834808e-03 2.90442126e-03
1.64920678e-01 1.13785420e-02 -6.37969574e-03 7.02713631e-03 2.92928842e-03
1.66469374e-01 1.14466791e-02 -6.41243189e-03 7.08645086e-03 2.95426483e-03
1.68017660e-01 1.15153918e-02 -6.44541270e-03 7.14629654e-03 2.97935063e-03
1.69565531e-01 1.15846847e-02 -6.47863923e-03 7.20667820e-03 3.00454598e-03
1.71112983e-01 1.16545623e-02 -6.51211254e-03 7.26760070e-03 3.02985101e-03
1.72660014e-01 1.17250291e-02 -6.54583368e-03 7.32906895e-03 3.05526586e-03
1.74206619e-01 1.17960899e-02 -6.57980369e-03 7.39108790e-03 3.08079067e-03
1.75752795e-01 1.18677492e-02 -6.61402363e-03 7.45366251e-03 3.10642557e-03
1.77298536e-01 1.19400118e-02 -6.64849455e-03 7.51679781e-03 3.13217069e-03
1.78843841e-01 1.20128823e-02 -6.68321746e-03 7.58049883e-03 3.15802616e-03
1.80388705e-01 1.20863655e-02 -6.71819343e-03 7.64477066e-03 3.18399212e-03
1.81933124e-01 1.21604661e-02 -6.75342347e-03 7.70961841e-03 3.21006867e-03
1.83477094e-01 1.22351890e-02 -6.78890862e-03 7.77504723e-03 3.23625595e-03
1.85020611e-01 1.23105391e-02 -6.82464990e-03 7.84106230e-03 3.26255407e-03
1.86563673e-01 1.23865211e-02 -6.86064833e-03 7.90766885e-03 3.28896315e-03
1.88106274e-01 1.24631399e-02 -6.89690493e-03 7.97487213e-03 3.31548330e-03
1.89648411e-01 1.25404006e-02 -6.93342071e-03 8.04267742e-03 3.34211462e-03
1.91190081e-01 1.26183081e-02 -6.97019668e-03 8.11109007e-03 3.36885724e-03
1.92731279e-01 1.26968673e-02 -7.00723384e-03 8.18011543e-03 3.39571124e-03
1.94272002e-01 1.27760833e-02 -7.04453320e-03 8.24975890e-03 3.42267674e-03
1.95812245e-01 1.28559612e-02 -7.08209575e-03 8.32002591e-03 3.44975383e-03
1.97352006e-01 1.29365060e-02 -7.11992248e-03 8.39092194e-03 3.47694260e-03
1.98891280e-01 1.30177229e-02 -7.15801438e-03 8.46245249e-03 3.50424315e-03
2.00430064e-01 1.30996170e-02 -7.19637242e-03 8.53462310e-03 3.53165558e-03
2.01968353e-01 1.31821936e-02 -7.23499760e-03 8.60743937e-03 3.55917996e-03
2.03506144e-01 1.32654579e-02 -7.27389086e-03 8.68090689e-03 3.58681638e-03
2.05043433e-01 1.33494150e-02 -7.31305319e-03 8.75503134e-03 3.61456492e-03
2.06580217e-01 1.34340704e-02 -7.35248555e-03 8.82981839e-03 3.64242566e-03
2.08116491e-01 1.35194293e-02 -7.39218889e-03 8.90527379e-03 3.67039868e-03
2.09652252e-01 1.36054971e-02 -7.43216416e-03 8.98140328e-03 3.69848404e-03
2.11187496e-01 1.36922792e-02 -7.47241231e-03 9.05821269e-03 3.72668181e-03
2.12722219e-01 1.37797811e-02 -7.51293427e-03 9.13570784e-03 3.75499207e-03
2.14256418e-01 1.38680081e-02 -7.55373100e-03 9.21389462e-03 3.78341486e-03
2.15790088e-01 1.39569659e-02 -7.59480340e-03 9.29277894e-03 3.81195026e-03
2.17323226e-01 1.40466598e-02 -7.63615241e-03 9.37236676e-03 3.84059831e-03
2.18855828e-01 1.41370955e-02 -7.67777894e-03 9.45266407e-03 3.86935908e-03
2.20387890e-01 1.42282787e-02 -7.71968391e-03 9.53367690e-03 3.89823260e-03
2.21919408e-01 1.43202148e-02 -7.76186822e-03 9.61541132e-03 3.92721892e-03
2.23450380e-01 1.44129097e-02 -7.80433276e-03 9.69787343e-03 3.95631809e-03
2.24980800e-01 1.45063690e-02 -7.84707844e-03 9.78106940e-03 3.98553015e-03
2.26510666e-01 1.46005984e-02 -7.89010614e-03 9.86500539e-03 4.01485513e-03
2.28039973e-01 1.46956037e-02 -7.93341674e-03 9.94968763e-03 4.04429306e-03
2.29568717e-01 1.47913908e-02 -7.97701111e-03 1.00351224e-02 4.07384398e-03
2.31096895e-01 1.48879655e-02 -8.02089012e-03 1.01213160e-02 4.10350791e-03
2.32624504e-01 1.49853336e-02 -8.06505462e-03 1.02082747e-02 4.13328487e-03
2.34151539e-01 1.50835012e-02 -8.10950549e-03 1.02960050e-02 4.16317488e-03
2.35677996e-01 1.51824741e-02 -8.15424355e-03 1.03845132e-02 4.19317795e-03
2.37203872e-01 1.52822584e-02 -8.19926965e-03 1.04738059e-02 4.22329410e-03
2.38729163e-01 1.53828600e-02 -8.24458462e-03 1.05638894e-02 4.25352333e-03
2.40253865e-01 1.54842851e-02 -8.29018928e-03 1.06547705e-02 4.28386566e-03
2.41777975e-01 1.55865397e-02 -8.33608446e-03 1.07464555e-02 4.31432107e-03
2.43301489e-01 1.56896301e-02 -8.38227096e-03 1.08389513e-02 4.34488957e-03
2.44824402e-01 1.57935623e-02 -8.42874959e-03 1.09322643e-02 4.37557115e-03
2.46346712e-01 1.58983426e-02 -8.47552114e-03 1.10264014e-02 4.40636579e-03
2.47868414e-01 1.60039772e-02 -8.52258640e-03 1.11213692e-02 4.43727350e-03
2.49389505e-01 1.61104724e-02 -8.56994614e-03 1.12171746e-02 4.46829424e-03
2.50909981e-01 1.62178346e-02 -8.61760114e-03 1.13138243e-02 4.49942799e-03
2.52429838e-01 1.63260701e-02 -8.66555216e-03 1.14113253e-02 4.53067473e-03
2.53949073e-01 1.64351853e-02 -8.71379996e-03 1.15096843e-02 4.56203444e-03
2.55467681e-01 1.65451867e-02 -8.76234529e-03 1.16089085e-02 4.59350707e-03
2.56985659e-01 1.66560807e-02 -8.81118887e-03 1.17090047e-02 4.62509259e-03
2.58503004e-01 1.67678739e-02 -8.86033144e-03 1.18099800e-02 4.65679096e-03
2.60019711e-01 1.68805728e-02 -8.90977373e-03 1.19118415e-02 4.68860213e-03
2.61535776e-01 1.69941839e-02 -8.95951644e-03 1.20145962e-02 4.72052606e-03
2.63051197e-01 1.71087140e-02 -9.00956028e-03 1.21182514e-02 4.75256268e-03
2.64565969e-01 1.72241697e-02 -9.05990594e-03 1.22228141e-02 4.78471195e-03
2.66080089e-01 1.73405577e-02 -9.11055411e-03 1.23282917e-02 4.81697380e-03
2.67593552e-01 1.74578848e-02 -9.16150547e-03 1.24346915e-02 4.84934817e-03
2.69106356e-01 1.75761577e-02 -9.21276067e-03 1.25420206e-02 4.88183498e-03
2.70618495e-01 1.76953832e-02 -9.26432039e-03 1.26502866e-02 4.91443417e-03
2.72129968e-01 1.78155683e-02 -9.31618527e-03 1.27594968e-02 4.94714565e-03
2.73640769e-01 1.79367198e-02 -9.36835594e-03 1.28696586e-02 4.97996935e-03
2.75150895e-01 1.80588447e-02 -9.42083303e-03 1.29807796e-02 5.01290517e-03
2.76660343e-01 1.81819500e-02 -9.47361717e-03 1.30928673e-02 5.04595303e-03
2.78169109e-01 1.83060427e-02 -9.52670897e-03 1.32059292e-02 5.07911282e-03
2.79677188e-01 1.84311298e-02 -9.58010902e-03 1.33199730e-02 5.11238446e-03
2.81184578e-01 1.85572184e-02 -9.63381791e-03 1.34350063e-02 5.14576784e-03
2.82691274e-01 1.86843157e-02 -9.68783623e-03 1.35510368e-02 5.17926284e-03
2.84197274e-01 1.88124289e-02 -9.74216453e-03 1.36680723e-02 5.21286937e-03
2.85702572e-01 1.89415653e-02 -9.79680338e-03 1.37861205e-02 5.24658729e-03
2.87207166e-01 1.90717319e-02 -9.85175333e-03 1.39051894e-02 5.28041649e-03
2.88711051e-01 1.92029363e-02 -9.90701491e-03 1.40252867e-02 5.31435684e-03
2.90214224e-01 1.93351856e-02 -9.96258865e-03 1.41464204e-02 5.34840821e-03
2.91716682e-01 1.94684874e-02 -1.00184751e-02 1.42685984e-02 5.38257048e-03
2.93218420e-01 1.96028489e-02 -1.00746747e-02 1.43918288e-02 5.41684348e-03
2.94719436e-01 1.97382778e-02 -1.01311879e-02 1.45161196e-02 5.45122709e-03
2.96219724e-01 1.98747815e-02 -1.01880153e-02 1.46414789e-02 5.48572116e-03
2.97719282e-01 2.00123675e-02 -1.02451574e-02 1.47679149e-02 5.52032552e-03
2.99218105e-01 2.01510434e-02 -1.03026145e-02 1.48954356e-02 5.55504003e-03
3.00716191e-01 2.02908169e-02 -1.03603871e-02 1.50240494e-02 5.58986451e-03
3.02213535e-01 2.04316957e-02 -1.04184757e-02 1.51537644e-02 5.62479880e-03
3.03710134e-01 2.05736874e-02 -1.04768807e-02 1.52845891e-02 5.65984274e-03
3.05205983e-01 2.07167999e-02 -1.05356025e-02 1.54165318e-02 5.69499613e-03
3.06701080e-01 2.08610408e-02 -1.05946415e-02 1.55496009e-02 5.73025880e-03
3.08195421e-01 2.10064181e-02 -1.06539981e-02 1.56838047e-02 5.76563056e-03
3.09689002e-01 2.11529397e-02 -1.07136727e-02 1.58191519e-02 5.80111123e-03
3.11181819e-01 2.13006134e-02 -1.07736655e-02 1.59556509e-02 5.83670059e-03
3.12673868e-01 2.14494473e-02 -1.08339771e-02 1.60933104e-02 5.87239845e-03
3.14165146e-01 2.15994492e-02 -1.08946076e-02 1.62321389e-02 5.90820461e-03
3.15655650e-01 2.17506274e-02 -1.09555575e-02 1.63721451e-02 5.94411884e-03
3.17145375e-01 2.19029899e-02 -1.10168271e-02 1.65133377e-02 5.98014094e-03
3.18634318e-01 2.20565448e-02 -1.10784166e-02 1.66557256e-02 6.01627068e-03
3.20122475e-01 2.22113003e-02 -1.11403263e-02 1.67993174e-02 6.05250784e-03
3.21609843e-01 2.23672646e-02 -1.12025565e-02 1.69441221e-02 6.08885217e-03
3.23096417e-01 2.25244460e-02 -1.12651075e-02 1.70901485e-02 6.12530345e-03
3.24582195e-01 2.26828528e-02 -1.13279795e-02 1.72374056e-02 6.16186143e-03
3.26067172e-01 2.28424933e-02 -1.13911728e-02 1.73859023e-02 6.19852587e-03
3.27551345e-01 2.30033760e-02 -1.14546875e-02 1.75356477e-02 6.23529650e-03
3.29034710e-01 2.31655092e-02 -1.15185239e-02 1.76866509e-02 6.27217307e-03
3.30517264e-01 2.33289015e-02 -1.15826822e-02 1.78389210e-02 6.30915532e-03
3.31999003e-01 2.34935614e-02 -1.16471625e-02 1.79924670e-02 6.34624298e-03
3.33479923e-01 2.36594974e-02 -1.17119650e-02 1.81472984e-02 6.38343576e-03
3.34960021e-01 2.38267182e-02 -1.17770898e-02 1.83034242e-02 6.42073340e-03
3.36439292e-01 2.39952324e-02 -1.18425371e-02 1.84608539e-02 6.45813561e-03
3.37917734e-01 2.41650487e-02 -1.19083071e-02 1.86195967e-02 6.49564209e-03
3.39395342e-01 2.43361758e-02 -1.19743997e-02 1.87796621e-02 6.53325256e-03
3.40872114e-01 2.45086226e-02 -1.20408151e-02 1.89410594e-02 6.57096669e-03
3.42348044e-01 2.46823978e-02 -1.21075535e-02 1.91037982e-02 6.60878420e-03
3.43823131e-01 2.48575103e-02 -1.21746147e-02 1.92678880e-02 6.64670476e-03
3.45297369e-01 2.50339691e-02 -1.22419989e-02 1.94333383e-02 6.68472806e-03
3.46770756e-01 2.52117831e-02 -1.23097062e-02 1.96001589e-02 6.72285377e-03
3.48243288e-01 2.53909613e-02 -1.23777365e-02 1.97683593e-02 6.76108157e-03
3.49714961e-01 2.55715127e-02 -1.24460898e-02 1.99379492e-02 6.79941111e-03
3.51185772e-01 2.57534465e-02 -1.25147661e-02 2.01089385e-02 6.83784205e-03
3.52655716e-01 2.59367718e-02 -1.25837654e-02 2.02813369e-02 6.87637405e-03
3.54124791e-01 2.61214977e-02 -1.26530876e-02 2.04551543e-02 6.91500675e-03
3.55592992e-01 2.63076335e-02 -1.27227327e-02 2.06304005e-02 6.95373980e-03
3.57060317e-01 2.64951885e-02 -1.27927006e-02 2.08070856e-02 6.99257283e-03
3.58526760e-01 2.66841719e-02 -1.28629911e-02 2.09852194e-02 7.03150546e-03
3.59992320e-01 2.68745931e-02 -1.29336043e-02 2.11648121e-02 7.07053733e-03
3.61456992e-01 2.70664616e-02 -1.30045399e-02 2.13458736e-02 7.10966804e-03
3.62920772e-01 2.72597867e-02 -1.30757979e-02 2.15284142e-02 7.14889721e-03
3.64383658e-01 2.74545780e-02 -1.31473780e-02 2.17124440e-02 7.18822445e-03
3.65845645e-01 2.76508450e-02 -1.32192800e-02 2.18979732e-02 7.22764936e-03
3.67306729e-01 2.78485973e-02 -1.32915039e-02 2.20850120e-02 7.26717152e-03
3.68766908e-01 2.80478444e-02 -1.33640493e-02 2.22735709e-02 7.30679052e-03
3.70226177e-01 2.82485962e-02 -1.34369160e-02 2.24636600e-02 7.34650595e-03
3.71684534e-01 2.84508622e-02 -1.35101039e-02 2.26552899e-02 7.38631738e-03
3.73141973e-01 2.86546522e-02 -1.35836125e-02 2.28484710e-02 7.42622438e-03
3.74598493e-01 2.88599761e-02 -1.36574418e-02 2.30432137e-02 7.46622651e-03
3.76054088e-01 2.90668437e-02 -1.37315913e-02 2.32395286e-02 7.50632333e-03
3.77508756e-01 2.92752649e-02 -1.38060607e-02 2.34374263e-02 7.54651438e-03
3.78962493e-01 2.94852495e-02 -1.38808497e-02 2.36369175e-02 7.58679921e-03
3.80415296e-01 2.96968077e-02 -1.39559580e-02 2.38380127e-02 7.62717736e-03
3.81867160e-01 2.99099494e-02 -1.40313852e-02 2.40407226e-02 7.66764836e-03
3.83318083e-01 3.01246847e-02 -1.41071309e-02 2.42450582e-02 7.70821173e-03
3.84768060e-01 3.03410237e-02 -1.41831946e-02 2.44510301e-02 7.74886699e-03
3.86217089e-01 3.05589766e-02 -1.42595761e-02 2.46586493e-02 7.78961366e-03
3.87665165e-01 3.07785536e-02 -1.43362747e-02 2.48679266e-02 7.83045123e-03
3.89112285e-01 3.09997649e-02 -1.44132902e-02 2.50788729e-02 7.87137920e-03
3.90558445e-01 3.12226208e-02 -1.44906219e-02 2.52914994e-02 7.91239707e-03
3.92003642e-01 3.14471317e-02 -1.45682695e-02 2.55058169e-02 7.95350433e-03
3.93447872e-01 3.16733080e-02 -1.46462323e-02 2.57218366e-02 7.99470044e-03
3.94891132e-01 3.19011600e-02 -1.47245098e-02 2.59395697e-02 8.03598489e-03
3.96333418e-01 3.21306983e-02 -1.48031015e-02 2.61590272e-02 8.07735714e-03
3.97774727e-01 3.23619333e-02 -1.48820069e-02 2.63802204e-02 8.11881665e-03
3.99215055e-01 3.25948757e-02 -1.49612252e-02 2.66031606e-02 8.16036286e-03
4.00654398e-01 3.28295360e-02 -1.50407560e-02 2.68278591e-02 8.20199523e-03
4.02092753e-01 3.30659249e-02 -1.51205986e-02 2.70543272e-02 8.24371320e-03
4.03530117e-01 3.33040531e-02 -1.52007522e-02 2.72825763e-02 8.28551619e-03
4.04966485e-01 3.35439313e-02 -1.52812164e-02 2.75126180e-02 8.32740363e-03
4.06401855e-01 3.37855704e-02 -1.53619902e-02 2.77444635e-02 8.36937494e-03
4.07836222e-01 3.40289811e-02 -1.54430732e-02 2.79781246e-02 8.41142953e-03
4.09269584e-01 3.42741743e-02 -1.55244644e-02 2.82136127e-02 8.45356681e-03
4.10701936e-01 3.45211610e-02 -1.56061632e-02 2.84509395e-02 8.49578617e-03
4.12133276e-01 3.47699520e-02 -1.56881688e-02 2.86901167e-02 8.53808700e-03
4.13563599e-01 3.50205585e-02 -1.57704804e-02 2.89311559e-02 8.58046868e-03
4.14992902e-01 3.52729915e-02 -1.58530972e-02 2.91740690e-02 8.62293060e-03
4.16421181e-01 3.55272620e-02 -1.59360184e-02 2.94188676e-02 8.66547212e-03
4.17848434e-01 3.57833812e-02 -1.60192431e-02 2.96655638e-02 8.70809260e-03
4.19274656e-01 3.60413603e-02 -1.61027703e-02 2.99141692e-02 8.75079140e-03
4.20699844e-01 3.63012105e-02 -1.61865994e-02 3.01646960e-02 8.79356787e-03
4.22123995e-01 3.65629431e-02 -1.62707292e-02 3.04171560e-02 8.83642135e-03
4.23547105e-01 3.68265694e-02 -1.63551589e-02 3.06715612e-02 8.87935116e-03
4.24969170e-01 3.70921007e-02 -1.64398875e-02 3.09279238e-02 8.92235665e-03
4.26390187e-01 3.73595486e-02 -1.65249140e-02 3.11862558e-02 8.96543713e-03
4.27810152e-01 3.76289243e-02 -1.66102375e-02 3.14465693e-02 9.00859190e-03
4.29229063e-01 3.79002394e-02 -1.66958569e-02 3.17088767e-02 9.05182028e-03
4.30646915e-01 3.81735055e-02 -1.67817712e-02 3.19731900e-02 9.09512156e-03
4.32063705e-01 3.84487341e-02 -1.68679792e-02 3.22395216e-02 9.13849503e-03
4.33479429e-01 3.87259368e-02 -1.69544800e-02 3.25078837e-02 9.18193998e-03
4.34894084e-01 3.90051253e-02 -1.70412724e-02 3.27782889e-02 9.22545568e-03
4.36307667e-01 3.92863113e-02 -1.71283552e-02 3.30507493e-02 9.26904140e-03
4.37720174e-01 3.95695066e-02 -1.72157273e-02 3.33252776e-02 9.31269639e-03
4.39131601e-01 3.98547229e-02 -1.73033876e-02 3.36018861e-02 9.35641992e-03
4.40541946e-01 4.01419720e-02 -1.73913348e-02 3.38805874e-02 9.40021123e-03
4.41951203e-01 4.04312659e-02 -1.74795677e-02 3.41613941e-02 9.44406955e-03
4.43359371e-01 4.07226165e-02 -1.75680851e-02 3.44443188e-02 9.48799411e-03
4.44766446e-01 4.10160357e-02 -1.76568856e-02 3.47293741e-02 9.53198415e-03
4.46172424e-01 4.13115356e-02 -1.77459681e-02 3.50165728e-02 9.57603887e-03
4.47577301e-01 4.16091281e-02 -1.78353312e-02 3.53059275e-02 9.62015748e-03
4.48981074e-01 4.19088254e-02 -1.79249735e-02 3.55974510e-02 9.66433919e-03
4.50383741e-01 4.22106396e-02 -1.80148937e-02 3.58911562e-02 9.70858318e-03
4.51785296e-01 4.25145828e-02 -1.81050905e-02 3.61870559e-02 9.75288865e-03
4.53185738e-01 4.28206674e-02 -1.81955624e-02 3.64851630e-02 9.79725476e-03
4.54585061e-01 4.31289054e-02 -1.82863079e-02 3.67854904e-02 9.84168068e-03
4.55983264e-01 4.34393093e-02 -1.83773257e-02 3.70880511e-02 9.88616559e-03
4.57380342e-01 4.37518913e-02 -1.84686142e-02 3.73928582e-02 9.93070863e-03
4.58776292e-01 4.40666639e-02 -1.85601720e-02 3.76999246e-02 9.97530894e-03
4.60171111e-01 4.43836394e-02 -1.86519976e-02 3.80092635e-02 1.00199657e-02
4.61564795e-01 4.47028303e-02 -1.87440893e-02 3.83208880e-02 1.00646780e-02
4.62957340e-01 4.50242491e-02 -1.88364456e-02 3.86348112e-02 1.01094449e-02
4.64348744e-01 4.53479083e-02 -1.89290650e-02 3.89510465e-02 1.01542657e-02
4.65739003e-01 4.56738206e-02 -1.90219458e-02 3.92696069e-02 1.01991393e-02
4.67128113e-01 4.60019984e-02 -1.91150864e-02 3.95905059e-02 1.02440649e-02
4.68516071e-01 4.63324546e-02 -1.92084850e-02 3.99137567e-02 1.02890416e-02
4.69902874e-01 4.66652017e-02 -1.93021401e-02 4.02393726e-02 1.03340685e-02
4.71288518e-01 4.70002525e-02 -1.93960499e-02 4.05673672e-02 1.03791446e-02
4.72672999e-01 4.73376199e-02 -1.94902126e-02 4.08977537e-02 1.04242690e-02
4.74056315e-01 4.76773165e-02 -1.95846265e-02 4.12305457e-02 1.04694408e-02
4.75438462e-01 4.80193552e-02 -1.96792899e-02 4.15657567e-02 1.05146590e-02
4.76819436e-01 4.83637489e-02 -1.97742008e-02 4.19034003e-02 1.05599227e-02
4.78199234e-01 4.87105106e-02 -1.98693575e-02 4.22434899e-02 1.06052309e-02
4.79577853e-01 4.90596532e-02 -1.99647581e-02 4.25860392e-02 1.06505826e-02
4.80955289e-01 4.94111898e-02 -2.00604007e-02 4.29310619e-02 1.06959768e-02
4.82331539e-01 4.97651332e-02 -2.01562834e-02 4.32785716e-02 1.07414127e-02
4.83706600e-01 5.01214967e-02 -2.02524043e-02 4.36285821e-02 1.07868890e-02
4.85080468e-01 5.04802933e-02 -2.03487614e-02 4.39811071e-02 1.08324049e-02
4.86453139e-01 5.08415361e-02 -2.04453527e-02 4.43361603e-02 1.08779594e-02
4.87824611e-01 5.12052385e-02 -2.05421762e-02 4.46937557e-02 1.09235514e-02
4.89194880e-01 5.15714134e-02 -2.06392299e-02 4.50539070e-02 1.09691798e-02
4.90563942e-01 5.19400743e-02 -2.07365117e-02 4.54166281e-02 1.10148437e-02
4.91931794e-01 5.23112344e-02 -2.08340195e-02 4.57819330e-02 1.10605421e-02
4.93298434e-01 5.26849071e-02 -2.09317512e-02 4.61498356e-02 1.11062737e-02
4.94663856e-01 5.30611056e-02 -2.10297047e-02 4.65203498e-02 1.11520377e-02
4.96028059e-01 5.34398434e-02 -2.11278778e-02 4.68934898e-02 1.11978329e-02
4.97391039e-01 5.38211339e-02 -2.12262683e-02 4.72692694e-02 1.12436582e-02
4.98752791e-01 5.42049906e-02 -2.13248740e-02 4.76477029e-02 1.12895126e-02
5.00113314e-01 5.45914270e-02 -2.14236927e-02 4.80288042e-02 1.13353949e-02
5.01472604e-01 5.49804565e-02 -2.15227221e-02 4.84125876e-02 1.13813041e-02
5.02830656e-01 5.53720927e-02 -2.16219599e-02 4.87990672e-02 1.14272390e-02
5.04187469e-01 5.57663493e-02 -2.17214038e-02 4.91882571e-02 1.14731986e-02
5.05543038e-01 5.61632399e-02 -2.18210514e-02 4.95801717e-02 1.15191816e-02
5.06897361e-01 5.65627780e-02 -2.19209004e-02 4.99748251e-02 1.15651870e-02
5.08250433e-01 5.69649774e-02 -2.20209484e-02 5.03722316e-02 1.16112136e-02
5.09602252e-01 5.73698519e-02 -2.21211929e-02 5.07724056e-02 1.16572603e-02
5.10952815e-01 5.77774151e-02 -2.22216315e-02 5.11753613e-02 1.17033258e-02
5.12302117e-01 5.81876808e-02 -2.23222618e-02 5.15811132e-02 1.17494091e-02
5.13650155e-01 5.86006628e-02 -2.24230813e-02 5.19896755e-02 1.17955089e-02
5.14996927e-01 5.90163751e-02 -2.25240873e-02 5.24010627e-02 1.18416241e-02
5.16342429e-01 5.94348314e-02 -2.26252774e-02 5.28152893e-02 1.18877535e-02
5.17686658e-01 5.98560456e-02 -2.27266489e-02 5.32323697e-02 1.19338958e-02
5.19029610e-01 6.02800316e-02 -2.28281994e-02 5.36523184e-02 1.19800498e-02
5.20371281e-01 6.07068035e-02 -2.29299261e-02 5.40751499e-02 1.20262144e-02
5.21711670e-01 6.11363751e-02 -2.30318264e-02 5.45008787e-02 1.20723883e-02
5.23050772e-01 6.15687605e-02 -2.31338976e-02 5.49295194e-02 1.21185702e-02
5.24388584e-01 6.20039738e-02 -2.32361369e-02 5.53610865e-02 1.21647590e-02
5.25725102e-01 6.24420289e-02 -2.33385418e-02 5.57955948e-02 1.22109533e-02
5.27060325e-01 6.28829400e-02 -2.34411093e-02 5.62330587e-02 1.22571519e-02
5.28394247e-01 6.33267211e-02 -2.35438367e-02 5.66734929e-02 1.23033536e-02
5.29726866e-01 6.37733864e-02 -2.36467212e-02 5.71169121e-02 1.23495570e-02
5.31058179e-01 6.42229501e-02 -2.37497600e-02 5.75633310e-02 1.23957609e-02
5.32388182e-01 6.46754263e-02 -2.38529501e-02 5.80127642e-02 1.24419639e-02
5.33716872e-01 6.51308293e-02 -2.39562887e-02 5.84652266e-02 1.24881648e-02
5.35044246e-01 6.55891732e-02 -2.40597729e-02 5.89207328e-02 1.25343623e-02
5.36370301e-01 6.60504723e-02 -2.41633997e-02 5.93792975e-02 1.25805549e-02
5.37695032e-01 6.65147409e-02 -2.42671661e-02 5.98409357e-02 1.26267415e-02
5.39018438e-01 6.69819933e-02 -2.43710691e-02 6.03056620e-02 1.26729207e-02
5.40340514e-01 6.74522438e-02 -2.44751057e-02 6.07734913e-02 1.27190910e-02
5.41661258e-01 6.79255067e-02 -2.45792729e-02 6.12444384e-02 1.27652512e-02
5.42980666e-01 6.84017964e-02 -2.46835675e-02 6.17185181e-02 1.28114000e-02
5.44298735e-01 6.88811273e-02 -2.47879865e-02 6.21957454e-02 1.28575358e-02
5.45615461e-01 6.93635137e-02 -2.48925267e-02 6.26761350e-02 1.29036574e-02
5.46930842e-01 6.98489700e-02 -2.49971850e-02 6.31597018e-02 1.29497634e-02
5.48244874e-01 7.03375108e-02 -2.51019581e-02 6.36464608e-02 1.29958523e-02
5.49557555e-01 7.08291504e-02 -2.52068429e-02 6.41364269e-02 1.30419228e-02
5.50868879e-01 7.13239033e-02 -2.53118361e-02 6.46296149e-02 1.30879734e-02
5.52178845e-01 7.18217839e-02 -2.54169344e-02 6.51260398e-02 1.31340028e-02
5.53487450e-01 7.23228069e-02 -2.55221346e-02 6.56257166e-02 1.31800095e-02
5.54794689e-01 7.28269866e-02 -2.56274333e-02 6.61286602e-02 1.32259920e-02
5.56100561e-01 7.33343377e-02 -2.57328272e-02 6.66348856e-02 1.32719490e-02
5.57405060e-01 7.38448745e-02 -2.58383128e-02 6.71444077e-02 1.33178789e-02
5.58708186e-01 7.43586118e-02 -2.59438869e-02 6.76572415e-02 1.33637803e-02
5.60009933e-01 7.48755641e-02 -2.60495459e-02 6.81734020e-02 1.34096517e-02
5.61310299e-01 7.53957459e-02 -2.61552865e-02 6.86929041e-02 1.34554917e-02
5.62609281e-01 7.59191718e-02 -2.62611051e-02 6.92157630e-02 1.35012988e-02
5.63906875e-01 7.64458564e-02 -2.63669982e-02 6.97419936e-02 1.35470714e-02
5.65203079e-01 7.69758144e-02 -2.64729623e-02 7.02716108e-02 1.35928081e-02
5.66497889e-01 7.75090603e-02 -2.65789938e-02 7.08046298e-02 1.36385074e-02
5.67791302e-01 7.80456088e-02 -2.66850892e-02 7.13410655e-02 1.36841677e-02
5.69083314e-01 7.85854745e-02 -2.67912448e-02 7.18809329e-02 1.37297875e-02
5.70373923e-01 7.91286721e-02 -2.68974570e-02 7.24242471e-02 1.37753653e-02
5.71663126e-01 7.96752162e-02 -2.70037221e-02 7.29710231e-02 1.38208995e-02
5.72950918e-01 8.02251214e-02 -2.71100365e-02 7.35212759e-02 1.38663886e-02
5.74237298e-01 8.07784025e-02 -2.72163964e-02 7.40750205e-02 1.39118310e-02
5.75522261e-01 8.13350740e-02 -2.73227981e-02 7.46322720e-02 1.39572252e-02
5.76805805e-01 8.18951507e-02 -2.74292377e-02 7.51930453e-02 1.40025695e-02
5.78087927e-01 8.24586473e-02 -2.75357116e-02 7.57573555e-02 1.40478625e-02
5.79368623e-01 8.30255783e-02 -2.76422159e-02 7.63252176e-02 1.40931025e-02
5.80647890e-01 8.35959585e-02 -2.77487467e-02 7.68966466e-02 1.41382878e-02
5.81925725e-01 8.41698026e-02 -2.78553001e-02 7.74716576e-02 1.41834170e-02
5.83202125e-01 8.47471253e-02 -2.79618724e-02 7.80502654e-02 1.42284884e-02
5.84477087e-01 8.53279412e-02 -2.80684595e-02 7.86324851e-02 1.42735003e-02
5.85750607e-01 8.59122649e-02 -2.81750574e-02 7.92183316e-02 1.43184512e-02
5.87022683e-01 8.65001113e-02 -2.82816623e-02 7.98078201e-02 1.43633393e-02
5.88293311e-01 8.70914949e-02 -2.83882701e-02 8.04009653e-02 1.44081632e-02
5.89562488e-01 8.76864304e-02 -2.84948768e-02 8.09977824e-02 1.44529210e-02
5.90830212e-01 8.82849325e-02 -2.86014783e-02 8.15982861e-02 1.44976112e-02
5.92096478e-01 8.88870159e-02 -2.87080706e-02 8.22024915e-02 1.45422320e-02
5.93361284e-01 8.94926952e-02 -2.88146495e-02 8.28104135e-02 1.45867818e-02
5.94624627e-01 9.01019851e-02 -2.89212110e-02 8.34220670e-02 1.46312590e-02
5.95886503e-01 9.07149001e-02 -2.90277508e-02 8.40374669e-02 1.46756618e-02
5.97146909e-01 9.13314550e-02 -2.91342649e-02 8.46566280e-02 1.47199885e-02
5.98405843e-01 9.19516644e-02 -2.92407489e-02 8.52795653e-02 1.47642374e-02
5.99663302e-01 9.25755428e-02 -2.93471987e-02 8.59062936e-02 1.48084069e-02
6.00919281e-01 9.32031049e-02 -2.94536100e-02 8.65368277e-02 1.48524951e-02
6.02173778e-01 9.38343653e-02 -2.95599786e-02 8.71711825e-02 1.48965005e-02
6.03426791e-01 9.44693386e-02 -2.96663001e-02 8.78093726e-02 1.49404211e-02
6.04678315e-01 9.51080393e-02 -2.97725702e-02 8.84514130e-02 1.49842553e-02
6.05928348e-01 9.57504819e-02 -2.98787846e-02 8.90973183e-02 1.50280014e-02
6.07176887e-01 9.63966811e-02 -2.99849389e-02 8.97471034e-02 1.50716576e-02
6.08423928e-01 9.70466513e-02 -3.00910287e-02 9.04007828e-02 1.51152221e-02
6.09669468e-01 9.77004071e-02 -3.01970495e-02 9.10583713e-02 1.51586932e-02
6.10913506e-01 9.83579629e-02 -3.03029970e-02 9.17198836e-02 1.52020690e-02
6.12156036e-01 9.90193333e-02 -3.04088667e-02 9.23853342e-02 1.52453479e-02
6.13397057e-01 9.96845325e-02 -3.05146540e-02 9.30547378e-02 1.52885279e-02
6.14636565e-01 1.00353575e-01 -3.06203545e-02 9.37281090e-02 1.53316074e-02
6.15874558e-01 1.01026476e-01 -3.07259636e-02 9.44054623e-02 1.53745845e-02
6.17111031e-01 1.01703248e-01 -3.08314767e-02 9.50868123e-02 1.54174574e-02
6.18345983e-01 1.02383907e-01 -3.09368894e-02 9.57721734e-02 1.54602242e-02
6.19579410e-01 1.03068468e-01 -3.10421969e-02 9.64615601e-02 1.55028833e-02
6.20811308e-01 1.03756943e-01 -3.11473946e-02 9.71549868e-02 1.55454327e-02
6.22041676e-01 1.04449348e-01 -3.12524779e-02 9.78524680e-02 1.55878705e-02
6.23270509e-01 1.05145696e-01 -3.13574422e-02 9.85540179e-02 1.56301951e-02
6.24497806e-01 1.05846002e-01 -3.14622826e-02 9.92596509e-02 1.56724044e-02
6.25723562e-01 1.06550281e-01 -3.15669946e-02 9.99693813e-02 1.57144967e-02
6.26947776e-01 1.07258546e-01 -3.16715733e-02 1.00683223e-01 1.57564701e-02
6.28170443e-01 1.07970812e-01 -3.17760140e-02 1.01401191e-01 1.57983228e-02
6.29391561e-01 1.08687092e-01 -3.18803119e-02 1.02123299e-01 1.58400528e-02
6.30611126e-01 1.09407400e-01 -3.19844622e-02 1.02849561e-01 1.58816583e-02
6.31829137e-01 1.10131752e-01 -3.20884602e-02 1.03579991e-01 1.59231373e-02
6.33045589e-01 1.10860160e-01 -3.21923008e-02 1.04314604e-01 1.59644881e-02
6.34260480e-01 1.11592639e-01 -3.22959793e-02 1.05053413e-01 1.60057087e-02
6.35473807e-01 1.12329202e-01 -3.23994908e-02 1.05796432e-01 1.60467973e-02
6.36685567e-01 1.13069864e-01 -3.25028303e-02 1.06543675e-01 1.60877518e-02
6.37895757e-01 1.13814638e-01 -3.26059930e-02 1.07295156e-01 1.61285704e-02
6.39104373e-01 1.14563539e-01 -3.27089739e-02 1.08050889e-01 1.61692512e-02
6.40311414e-01 1.15316579e-01 -3.28117680e-02 1.08810888e-01 1.62097922e-02
6.41516875e-01 1.16073773e-01 -3.29143703e-02 1.09575166e-01 1.62501916e-02
6.42720754e-01 1.16835134e-01 -3.30167758e-02 1.10343737e-01 1.62904474e-02
6.43923048e-01 1.17600677e-01 -3.31189796e-02 1.11116614e-01 1.63305576e-02
6.45123754e-01 1.18370414e-01 -3.32209764e-02 1.11893812e-01 1.63705203e-02
6.46322869e-01 1.19144359e-01 -3.33227614e-02 1.12675343e-01 1.64103336e-02
6.47520390e-01 1.19922525e-01 -3.34243293e-02 1.13461221e-01 1.64499955e-02
6.48716314e-01 1.20704927e-01 -3.35256752e-02 1.14251459e-01 1.64895041e-02
6.49910639e-01 1.21491577e-01 -3.36267938e-02 1.15046072e-01 1.65288574e-02
6.51103360e-01 1.22282489e-01 -3.37276800e-02 1.15845071e-01 1.65680533e-02
6.52294476e-01 1.23077676e-01 -3.38283287e-02 1.16648470e-01 1.66070901e-02
6.53483983e-01 1.23877151e-01 -3.39287347e-02 1.17456283e-01 1.66459656e-02
6.54671879e-01 1.24680928e-01 -3.40288928e-02 1.18268523e-01 1.66846778e-02
6.55858160e-01 1.25489019e-01 -3.41287978e-02 1.19085201e-01 1.67232250e-02
6.57042824e-01 1.26301438e-01 -3.42284444e-02 1.19906332e-01 1.67616049e-02
6.58225867e-01 1.27118198e-01 -3.43278275e-02 1.20731929e-01 1.67998156e-02
6.59407287e-01 1.27939311e-01 -3.44269418e-02 1.21562003e-01 1.68378552e-02
6.60587080e-01 1.28764791e-01 -3.45257819e-02 1.22396568e-01 1.68757216e-02
6.61765245e-01 1.29594649e-01 -3.46243426e-02 1.23235637e-01 1.69134129e-02
6.62941778e-01 1.30428900e-01 -3.47226186e-02 1.24079221e-01 1.69509270e-02
6.64116675e-01 1.31267556e-01 -3.48206046e-02 1.24927335e-01 1.69882618e-02
6.65289935e-01 1.32110629e-01 -3.49182952e-02 1.25779989e-01 1.70254155e-02
6.66461554e-01 1.32958132e-01 -3.50156850e-02 1.26637196e-01 1.70623859e-02
6.67631530e-01 1.33810077e-01 -3.51127688e-02 1.27498969e-01 1.70991711e-02
6.68799859e-01 1.34666477e-01 -3.52095411e-02 1.28365321e-01 1.71357691e-02
6.69966538e-01 1.35527344e-01 -3.53059965e-02 1.29236262e-01 1.71721777e-02
6.71131566e-01 1.36392691e-01 -3.54021297e-02 1.30111805e-01 1.72083950e-02
6.72294938e-01 1.37262529e-01 -3.54979351e-02 1.30991962e-01 1.72444189e-02
6.73456652e-01 1.38136871e-01 -3.55934074e-02 1.31876745e-01 1.72802475e-02
6.74616706e-01 1.39015728e-01 -3.56885411e-02 1.32766166e-01 1.73158786e-02
6.75775095e-01 1.39899113e-01 -3.57833308e-02 1.33660236e-01 1.73513102e-02
6.76931818e-01 1.40787038e-01 -3.58777709e-02 1.34558967e-01 1.73865403e-02
6.78086872e-01 1.41679514e-01 -3.59718560e-02 1.35462370e-01 1.74215668e-02
6.79240254e-01 1.42576553e-01 -3.60655806e-02 1.36370458e-01 1.74563878e-02
6.80391960e-01 1.43478167e-01 -3.61589392e-02 1.37283241e-01 1.74910010e-02
6.81541988e-01 1.44384367e-01 -3.62519263e-02 1.38200730e-01 1.75254045e-02
6.82690336e-01 1.45295164e-01 -3.63445362e-02 1.39122937e-01 1.75595963e-02
6.83837000e-01 1.46210571e-01 -3.64367636e-02 1.40049873e-01 1.75935743e-02
6.84981977e-01 1.47130598e-01 -3.65286027e-02 1.40981549e-01 1.76273363e-02
6.86125265e-01 1.48055256e-01 -3.66200482e-02 1.41917975e-01 1.76608804e-02
6.87266861e-01 1.48984557e-01 -3.67110943e-02 1.42859163e-01 1.76942045e-02
6.88406763e-01 1.49918511e-01 -3.68017356e-02 1.43805122e-01 1.77273066e-02
6.89544966e-01 1.50857130e-01 -3.68919664e-02 1.44755864e-01 1.77601845e-02
6.90681469e-01 1.51800425e-01 -3.69817811e-02 1.45711400e-01 1.77928363e-02
6.91816268e-01 1.52748405e-01 -3.70711741e-02 1.46671738e-01 1.78252598e-02
6.92949362e-01 1.53701082e-01 -3.71601399e-02 1.47636890e-01 1.78574530e-02
6.94080746e-01 1.54658466e-01 -3.72486727e-02 1.48606866e-01 1.78894138e-02
6.95210419e-01 1.55620567e-01 -3.73367670e-02 1.49581676e-01 1.79211401e-02
6.96338377e-01 1.56587397e-01 -3.74244171e-02 1.50561329e-01 1.79526300e-02
6.97464618e-01 1.57558964e-01 -3.75116174e-02 1.51545836e-01 1.79838813e-02
6.98589139e-01 1.58535280e-01 -3.75983622e-02 1.52535205e-01 1.80148919e-02
6.99711937e-01 1.59516353e-01 -3.76846459e-02 1.53529448e-01 1.80456599e-02
7.00833010e-01 1.60502195e-01 -3.77704628e-02 1.54528572e-01 1.80761831e-02
7.01952354e-01 1.61492814e-01 -3.78558072e-02 1.55532588e-01 1.81064594e-02
7.03069967e-01 1.62488220e-01 -3.79406735e-02 1.56541505e-01 1.81364869e-02
7.04185846e-01 1.63488424e-01 -3.80250561e-02 1.57555331e-01 1.81662634e-02
7.05299989e-01 1.64493433e-01 -3.81089491e-02 1.58574076e-01 1.81957869e-02
7.06412392e-01 1.65503259e-01 -3.81923471e-02 1.59597748e-01 1.82250553e-02
7.07523053e-01 1.66517909e-01 -3.82752441e-02 1.60626356e-01 1.82540665e-02
7.08631969e-01 1.67537392e-01 -3.83576347e-02 1.61659909e-01 1.82828186e-02
7.09739137e-01 1.68561719e-01 -3.84395130e-02 1.62698416e-01 1.83113094e-02
7.10844555e-01 1.69590897e-01 -3.85208735e-02 1.63741883e-01 1.83395369e-02
7.11948220e-01 1.70624936e-01 -3.86017103e-02 1.64790321e-01 1.83674990e-02
7.13050130e-01 1.71663843e-01 -3.86820179e-02 1.65843736e-01 1.83951937e-02
7.14150280e-01 1.72707627e-01 -3.87617904e-02 1.66902136e-01 1.84226190e-02
7.15248670e-01 1.73756298e-01 -3.88410223e-02 1.67965530e-01 1.84497727e-02
7.16345296e-01 1.74809861e-01 -3.89197078e-02 1.69033925e-01 1.84766529e-02
7.17440155e-01 1.75868327e-01 -3.89978413e-02 1.70107329e-01 1.85032575e-02
7.18533244e-01 1.76931702e-01 -3.90754170e-02 1.71185748e-01 1.85295844e-02
7.19624562e-01 1.77999995e-01 -3.91524292e-02 1.72269190e-01 1.85556316e-02
7.20714105e-01 1.79073212e-01 -3.92288723e-02 1.73357662e-01 1.85813972e-02
7.21801870e-01 1.80151363e-01 -3.93047405e-02 1.74451171e-01 1.86068790e-02
7.22887856e-01 1.81234453e-01 -3.93800282e-02 1.75549724e-01 1.86320750e-02
7.23972059e-01 1.82322490e-01 -3.94547298e-02 1.76653327e-01 1.86569832e-02
7.25054476e-01 1.83415481e-01 -3.95288394e-02 1.77761987e-01 1.86816016e-02
7.26135105e-01 1.84513434e-01 -3.96023515e-02 1.78875710e-01 1.87059282e-02
7.27213943e-01 1.85616354e-01 -3.96752604e-02 1.79994502e-01 1.87299610e-02
7.28290988e-01 1.86724249e-01 -3.97475603e-02 1.81118370e-01 1.87536978e-02
7.29366237e-01 1.87837125e-01 -3.98192457e-02 1.82247318e-01 1.87771369e-02
7.30439687e-01 1.88954988e-01 -3.98903109e-02 1.83381353e-01 1.88002760e-02
7.31511336e-01 1.90077844e-01 -3.99607503e-02 1.84520481e-01 1.88231134e-02
7.32581181e-01 1.91205700e-01 -4.00305581e-02 1.85664706e-01 1.88456468e-02
7.33649219e-01 1.92338561e-01 -4.00997288e-02 1.86814033e-01 1.88678745e-02
7.34715448e-01 1.93476433e-01 -4.01682568e-02 1.87968469e-01 1.88897943e-02
7.35779864e-01 1.94619322e-01 -4.02361363e-02 1.89128017e-01 1.89114044e-02
7.36842467e-01 1.95767232e-01 -4.03033619e-02 1.90292682e-01 1.89327027e-02
7.37903252e-01 1.96920170e-01 -4.03699279e-02 1.91462469e-01 1.89536873e-02
7.38962217e-01 1.98078140e-01 -4.04358286e-02 1.92637383e-01 1.89743563e-02
7.40019360e-01 1.99241147e-01 -4.05010586e-02 1.93817426e-01 1.89947076e-02
7.41074678e-01 2.00409195e-01 -4.05656123e-02 1.95002604e-01 1.90147393e-02
7.42128168e-01 2.01582290e-01 -4.06294840e-02 1.96192920e-01 1.90344496e-02
7.43179828e-01 2.02760436e-01 -4.06926683e-02 1.97388378e-01 1.90538364e-02
7.44229655e-01 2.03943636e-01 -4.07551596e-02 1.98588981e-01 1.90728978e-02
7.45277647e-01 2.05131895e-01 -4.08169524e-02 1.99794732e-01 1.90916320e-02
7.46323801e-01 2.06325217e-01 -4.08780411e-02 2.01005635e-01 1.91100370e-02
7.47368114e-01 2.07523606e-01 -4.09384203e-02 2.02221692e-01 1.91281108e-02
7.48410585e-01 2.08727064e-01 -4.09980845e-02 2.03442907e-01 1.91458517e-02
7.49451209e-01 2.09935595e-01 -4.10570281e-02 2.04669281e-01 1.91632577e-02
7.50489985e-01 2.11149203e-01 -4.11152459e-02 2.05900817e-01 1.91803270e-02
7.51526911e-01 2.12367889e-01 -4.11727322e-02 2.07137518e-01 1.91970576e-02
7.52561982e-01 2.13591658e-01 -4.12294817e-02 2.08379384e-01 1.92134477e-02
7.53595199e-01 2.14820512e-01 -4.12854890e-02 2.09626419e-01 1.92294954e-02
7.54626556e-01 2.16054452e-01 -4.13407486e-02 2.10878623e-01 1.92451990e-02
7.55656053e-01 2.17293481e-01 -4.13952553e-02 2.12135997e-01 1.92605565e-02
7.56683685e-01 2.18537601e-01 -4.14490036e-02 2.13398544e-01 1.92755661e-02
7.57709452e-01 2.19786815e-01 -4.15019882e-02 2.14666264e-01 1.92902261e-02
7.58733350e-01 2.21041122e-01 -4.15542038e-02 2.15939157e-01 1.93045345e-02
7.59755377e-01 2.22300526e-01 -4.16056450e-02 2.17217224e-01 1.93184897e-02
7.60775531e-01 2.23565026e-01 -4.16563067e-02 2.18500466e-01 1.93320897e-02
7.61793808e-01 2.24834625e-01 -4.17061835e-02 2.19788883e-01 1.93453329e-02
7.62810206e-01 2.26109322e-01 -4.17552702e-02 2.21082474e-01 1.93582175e-02
7.63824724e-01 2.27389119e-01 -4.18035616e-02 2.22381240e-01 1.93707416e-02
7.64837357e-01 2.28674016e-01 -4.18510525e-02 2.23685180e-01 1.93829036e-02
7.65848104e-01 2.29964013e-01 -4.18977376e-02 2.24994293e-01 1.93947016e-02
7.66856963e-01 2.31259109e-01 -4.19436120e-02 2.26308578e-01 1.94061341e-02
7.67863930e-01 2.32559306e-01 -4.19886704e-02 2.27628034e-01 1.94171992e-02
7.68869004e-01 2.33864601e-01 -4.20329077e-02 2.28952660e-01 1.94278953e-02
7.69872181e-01 2.35174995e-01 -4.20763189e-02 2.30282454e-01 1.94382206e-02
7.70873460e-01 2.36490487e-01 -4.21188989e-02 2.31617414e-01 1.94481735e-02
7.71872838e-01 2.37811076e-01 -4.21606426e-02 2.32957539e-01 1.94577523e-02
7.72870312e-01 2.39136760e-01 -4.22015452e-02 2.34302826e-01 1.94669554e-02
7.73865880e-01 2.40467537e-01 -4.22416015e-02 2.35653273e-01 1.94757810e-02
7.74859540e-01 2.41803406e-01 -4.22808068e-02 2.37008876e-01 1.94842276e-02
7.75851289e-01 2.43144366e-01 -4.23191559e-02 2.38369634e-01 1.94922936e-02
7.76841124e-01 2.44490413e-01 -4.23566441e-02 2.39735542e-01 1.94999773e-02
7.77829044e-01 2.45841545e-01 -4.23932666e-02 2.41106598e-01 1.95072771e-02
7.78815045e-01 2.47197760e-01 -4.24290183e-02 2.42482798e-01 1.95141915e-02
7.79799126e-01 2.48559055e-01 -4.24638947e-02 2.43864137e-01 1.95207189e-02
7.80781283e-01 2.49925426e-01 -4.24978908e-02 2.45250613e-01 1.95268578e-02
7.81761515e-01 2.51296870e-01 -4.25310020e-02 2.46642219e-01 1.95326065e-02
7.82739819e-01 2.52673384e-01 -4.25632236e-02 2.48038953e-01 1.95379636e-02
7.83716193e-01 2.54054964e-01 -4.25945509e-02 2.49440809e-01 1.95429276e-02
7.84690634e-01 2.55441605e-01 -4.26249792e-02 2.50847782e-01 1.95474970e-02
7.85663139e-01 2.56833303e-01 -4.26545039e-02 2.52259866e-01 1.95516702e-02
7.86633708e-01 2.58230055e-01 -4.26831205e-02 2.53677057e-01 1.95554458e-02
7.87602336e-01 2.59631854e-01 -4.27108244e-02 2.55099348e-01 1.95588225e-02
7.88569022e-01 2.61038696e-01 -4.27376112e-02 2.56526733e-01 1.95617986e-02
7.89533763e-01 2.62450576e-01 -4.27634763e-02 2.57959207e-01 1.95643729e-02
7.90496556e-01 2.63867487e-01 -4.27884154e-02 2.59396761e-01 1.95665438e-02
7.91457401e-01 2.65289425e-01 -4.28124240e-02 2.60839390e-01 1.95683101e-02
7.92416293e-01 2.66716383e-01 -4.28354978e-02 2.62287087e-01 1.95696703e-02
7.93373232e-01 2.68148355e-01 -4.28576325e-02 2.63739844e-01 1.95706232e-02
7.94328214e-01 2.69585334e-01 -4.28788238e-02 2.65197654e-01 1.95711672e-02
7.95281236e-01 2.71027314e-01 -4.28990674e-02 2.66660508e-01 1.95713012e-02
7.96232298e-01 2.72474287e-01 -4.29183592e-02 2.68128399e-01 1.95710238e-02
7.97181396e-01 2.73926246e-01 -4.29366950e-02 2.69601318e-01 1.95703337e-02
7.98128528e-01 2.75383183e-01 -4.29540706e-02 2.71079257e-01 1.95692297e-02
7.99073691e-01 2.76845091e-01 -4.29704821e-02 2.72562206e-01 1.95677106e-02
8.00016884e-01 2.78311962e-01 -4.29859254e-02 2.74050157e-01 1.95657749e-02
8.00958104e-01 2.79783787e-01 -4.30003965e-02 2.75543101e-01 1.95634217e-02
8.01897349e-01 2.81260557e-01 -4.30138914e-02 2.77041027e-01 1.95606496e-02
8.02834616e-01 2.82742264e-01 -4.30264062e-02 2.78543925e-01 1.95574575e-02
8.03769903e-01 2.84228898e-01 -4.30379371e-02 2.80051785e-01 1.95538442e-02
8.04703207e-01 2.85720450e-01 -4.30484803e-02 2.81564597e-01 1.95498085e-02
8.05634528e-01 2.87216910e-01 -4.30580320e-02 2.83082350e-01 1.95453494e-02
8.06563861e-01 2.88718268e-01 -4.30665884e-02 2.84605033e-01 1.95404658e-02
8.07491206e-01 2.90224514e-01 -4.30741460e-02 2.86132635e-01 1.95351565e-02
8.08416559e-01 2.91735638e-01 -4.30807011e-02 2.87665143e-01 1.95294205e-02
8.09339918e-01 2.93251628e-01 -4.30862500e-02 2.89202546e-01 1.95232568e-02
8.10261281e-01 2.94772473e-01 -4.30907893e-02 2.90744832e-01 1.95166643e-02
8.11180646e-01 2.96298162e-01 -4.30943155e-02 2.92291988e-01 1.95096420e-02
8.12098011e-01 2.97828684e-01 -4.30968252e-02 2.93844002e-01 1.95021890e-02
8.13013373e-01 2.99364026e-01 -4.30983149e-02 2.95400860e-01 1.94943042e-02
8.13926729e-01 3.00904176e-01 -4.30987814e-02 2.96962549e-01 1.94859868e-02
8.14838079e-01 3.02449121e-01 -4.30982213e-02 2.98529056e-01 1.94772358e-02
8.15747419e-01 3.03998850e-01 -4.30966315e-02 3.00100367e-01 1.94680503e-02
8.16654747e-01 3.05553348e-01 -4.30940087e-02 3.01676467e-01 1.94584294e-02
8.17560061e-01 3.07112602e-01 -4.30903499e-02 3.03257342e-01 1.94483723e-02
8.18463359e-01 3.08676599e-01 -4.30856519e-02 3.04842977e-01 1.94378782e-02
8.19364639e-01 3.10245325e-01 -4.30799117e-02 3.06433357e-01 1.94269461e-02
8.20263897e-01 3.11818764e-01 -4.30731265e-02 3.08028467e-01 1.94155754e-02
8.21161133e-01 3.13396904e-01 -4.30652932e-02 3.09628291e-01 1.94037653e-02
8.22056344e-01 3.14979728e-01 -4.30564091e-02 3.11232813e-01 1.93915150e-02
8.22949527e-01 3.16567222e-01 -4.30464713e-02 3.12842017e-01 1.93788239e-02
8.23840681e-01 3.18159371e-01 -4.30354771e-02 3.14455886e-01 1.93656911e-02
8.24729804e-01 3.19756158e-01 -4.30234238e-02 3.16074404e-01 1.93521160e-02
8.25616892e-01 3.21357567e-01 -4.30103089e-02 3.17697553e-01 1.93380981e-02
8.26501944e-01 3.22963582e-01 -4.29961297e-02 3.19325315e-01 1.93236365e-02
8.27384958e-01 3.24574187e-01 -4.29808837e-02 3.20957674e-01 1.93087309e-02
8.28265931e-01 3.26189364e-01 -4.29645685e-02 3.22594611e-01 1.92933805e-02
8.29144862e-01 3.27809097e-01 -4.29471817e-02 3.24236107e-01 1.92775848e-02
8.30021748e-01 3.29433367e-01 -4.29287210e-02 3.25882144e-01 1.92613432e-02
8.30896587e-01 3.31062157e-01 -4.29091841e-02 3.27532703e-01 1.92446554e-02
8.31769377e-01 3.32695448e-01 -4.28885688e-02 3.29187765e-01 1.92275207e-02
8.32640115e-01 3.34333222e-01 -4.28668731e-02 3.30847310e-01 1.92099387e-02
8.33508800e-01 3.35975460e-01 -4.28440947e-02 3.32511317e-01 1.91919091e-02
8.34375430e-01 3.37622144e-01 -4.28202317e-02 3.34179768e-01 1.91734313e-02
8.35240002e-01 3.39273253e-01 -4.27952822e-02 3.35852641e-01 1.91545051e-02
8.36102514e-01 3.40928768e-01 -4.27692442e-02 3.37529915e-01 1.91351300e-02
8.36962964e-01 3.42588668e-01 -4.27421160e-02 3.39211570e-01 1.91153057e-02
8.37821349e-01 3.44252934e-01 -4.27138958e-02 3.40897583e-01 1.90950319e-02
8.38677669e-01 3.45921545e-01 -4.26845818e-02 3.42587934e-01 1.90743084e-02
8.39531921e-01 3.47594479e-01 -4.26541726e-02 3.44282599e-01 1.90531349e-02
8.40384102e-01 3.49271715e-01 -4.26226664e-02 3.45981556e-01 1.90315111e-02
8.41234210e-01 3.50953233e-01 -4.25900619e-02 3.47684784e-01 1.90094369e-02
8.42082244e-01 3.52639009e-01 -4.25563576e-02 3.49392257e-01 1.89869121e-02
8.42928201e-01 3.54329021e-01 -4.25215522e-02 3.51103955e-01 1.89639365e-02
8.43772079e-01 3.56023247e-01 -4.24856443e-02 3.52819851e-01 1.89405101e-02
8.44613877e-01 3.57721663e-01 -4.24486328e-02 3.54539923e-01 1.89166327e-02
8.45453591e-01 3.59424248e-01 -4.24105165e-02 3.56264146e-01 1.88923043e-02
8.46291221e-01 3.61130976e-01 -4.23712944e-02 3.57992496e-01 1.88675248e-02
8.47126763e-01 3.62841824e-01 -4.23309654e-02 3.59724947e-01 1.88422943e-02
8.47960216e-01 3.64556768e-01 -4.22895286e-02 3.61461474e-01 1.88166127e-02
8.48791578e-01 3.66275783e-01 -4.22469832e-02 3.63202051e-01 1.87904802e-02
8.49620847e-01 3.67998844e-01 -4.22033283e-02 3.64946653e-01 1.87638968e-02
8.50448020e-01 3.69725927e-01 -4.21585633e-02 3.66695253e-01 1.87368625e-02
8.51273096e-01 3.71457005e-01 -4.21126874e-02 3.68447825e-01 1.87093776e-02
8.52096073e-01 3.73192052e-01 -4.20657002e-02 3.70204341e-01 1.86814422e-02
8.52916948e-01 3.74931043e-01 -4.20176011e-02 3.71964775e-01 1.86530565e-02
8.53735720e-01 3.76673951e-01 -4.19683898e-02 3.73729098e-01 1.86242207e-02
8.54552386e-01 3.78420749e-01 -4.19180658e-02 3.75497283e-01 1.85949350e-02
8.55366945e-01 3.80171409e-01 -4.18666289e-02 3.77269302e-01 1.85651998e-02
8.56179395e-01 3.81925905e-01 -4.18140789e-02 3.79045126e-01 1.85350154e-02
8.56989732e-01 3.83684208e-01 -4.17604156e-02 3.80824725e-01 1.85043821e-02
8.57797957e-01 3.85446290e-01 -4.17056391e-02 3.82608072e-01 1.84733002e-02
8.58604066e-01 3.87212123e-01 -4.16497494e-02 3.84395135e-01 1.84417702e-02
8.59408057e-01 3.88981678e-01 -4.15927465e-02 3.86185886e-01 1.84097925e-02
8.60209930e-01 3.90754925e-01 -4.15346307e-02 3.87980294e-01 1.83773676e-02
8.61009680e-01 3.92531835e-01 -4.14754023e-02 3.89778329e-01 1.83444959e-02
8.61807307e-01 3.94312379e-01 -4.14150615e-02 3.91579959e-01 1.83111780e-02
8.62602809e-01 3.96096525e-01 -4.13536088e-02 3.93385153e-01 1.82774144e-02
8.63396184e-01 3.97884244e-01 -4.12910447e-02 3.95193880e-01 1.82432058e-02
8.64187429e-01 3.99675504e-01 -4.12273697e-02 3.97006108e-01 1.82085526e-02
8.64976543e-01 4.01470275e-01 -4.11625847e-02 3.98821805e-01 1.81734556e-02
8.65763524e-01 4.03268524e-01 -4.10966902e-02 4.00640938e-01 1.81379155e-02
8.66548370e-01 4.05070220e-01 -4.10296870e-02 4.02463474e-01 1.81019329e-02
8.67331079e-01 4.06875331e-01 -4.09615762e-02 4.04289381e-01 1.80655086e-02
8.68111648e-01 4.08683824e-01 -4.08923587e-02 4.06118624e-01 1.80286433e-02
8.68890077e-01 4.10495666e-01 -4.08220356e-02 4.07951169e-01 1.79913379e-02
8.69666363e-01 4.12310824e-01 -4.07506079e-02 4.09786983e-01 1.79535932e-02
8.70440504e-01 4.14129265e-01 -4.06780770e-02 4.11626031e-01 1.79154101e-02
8.71212499e-01 4.15950953e-01 -4.06044441e-02 4.13468277e-01 1.78767894e-02
8.71982345e-01 4.17775857e-01 -4.05297107e-02 4.15313688e-01 1.78377321e-02
8.72750041e-01 4.19603939e-01 -4.04538782e-02 4.17162227e-01 1.77982391e-02
8.73515584e-01 4.21435167e-01 -4.03769481e-02 4.19013858e-01 1.77583114e-02
8.74278973e-01 4.23269504e-01 -4.02989222e-02 4.20868545e-01 1.77179501e-02
8.75040206e-01 4.25106915e-01 -4.02198021e-02 4.22726252e-01 1.76771563e-02
8.75799281e-01 4.26947364e-01 -4.01395897e-02 4.24586942e-01 1.76359309e-02
8.76556196e-01 4.28790814e-01 -4.00582869e-02 4.26450577e-01 1.75942751e-02
8.77310949e-01 4.30637230e-01 -3.99758956e-02 4.28317121e-01 1.75521901e-02
8.78063539e-01 4.32486573e-01 -3.98924179e-02 4.30186534e-01 1.75096771e-02
8.78813963e-01 4.34338808e-01 -3.98078560e-02 4.32058780e-01 1.74667373e-02
8.79562220e-01 4.36193896e-01 -3.97222121e-02 4.33933819e-01 1.74233718e-02
8.80308308e-01 4.38051799e-01 -3.96354885e-02 4.35811613e-01 1.73795822e-02
8.81052225e-01 4.39912480e-01 -3.95476877e-02 4.37692123e-01 1.73353695e-02
8.81793969e-01 4.41775899e-01 -3.94588121e-02 4.39575309e-01 1.72907352e-02
8.82533538e-01 4.43642017e-01 -3.93688643e-02 4.41461131e-01 1.72456808e-02
8.83270931e-01 4.45510795e-01 -3.92778470e-02 4.43349549e-01 1.72002074e-02
8.84006145e-01 4.47382195e-01 -3.91857630e-02 4.45240522e-01 1.71543168e-02
8.84739180e-01 4.49256174e-01 -3.90926150e-02 4.47134011e-01 1.71080102e-02
8.85470032e-01 4.51132695e-01 -3.89984061e-02 4.49029973e-01 1.70612893e-02
8.86198701e-01 4.53011715e-01 -3.89031392e-02 4.50928367e-01 1.70141556e-02
8.86925184e-01 4.54893193e-01 -3.88068175e-02 4.52829152e-01 1.69666106e-02
8.87649480e-01 4.56777090e-01 -3.87094440e-02 4.54732285e-01 1.69186560e-02
8.88371587e-01 4.58663362e-01 -3.86110222e-02 4.56637724e-01 1.68702935e-02
8.89091503e-01 4.60551969e-01 -3.85115554e-02 4.58545426e-01 1.68215247e-02
8.89809227e-01 4.62442867e-01 -3.84110470e-02 4.60455349e-01 1.67723513e-02
8.90524756e-01 4.64336014e-01 -3.83095006e-02 4.62367448e-01 1.67227751e-02
8.91238089e-01 4.66231368e-01 -3.82069198e-02 4.64281680e-01 1.66727978e-02
8.91949223e-01 4.68128884e-01 -3.81033083e-02 4.66198002e-01 1.66224214e-02
8.92658159e-01 4.70028520e-01 -3.79986700e-02 4.68116368e-01 1.65716475e-02
8.93364892e-01 4.71930232e-01 -3.78930088e-02 4.70036734e-01 1.65204782e-02
8.94069423e-01 4.73833975e-01 -3.77863285e-02 4.71959055e-01 1.64689153e-02
8.94771748e-01 4.75739705e-01 -3.76786334e-02 4.73883286e-01 1.64169608e-02
8.95471867e-01 4.77647377e-01 -3.75699276e-02 4.75809381e-01 1.63646166e-02
8.96169778e-01 4.79556945e-01 -3.74602152e-02 4.77737295e-01 1.63118849e-02
8.96865478e-01 4.81468365e-01 -3.73495008e-02 4.79666981e-01 1.62587675e-02
8.97558967e-01 4.83381590e-01 -3.72377886e-02 4.81598392e-01 1.62052667e-02
8.98250242e-01 4.85296575e-01 -3.71250832e-02 4.83531482e-01 1.61513846e-02
8.98939302e-01 4.87213272e-01 -3.70113893e-02 4.85466203e-01 1.60971232e-02
8.99626145e-01 4.89131635e-01 -3.68967115e-02 4.87402509e-01 1.60424848e-02
9.00310769e-01 4.91051618e-01 -3.67810546e-02 4.89340350e-01 1.59874715e-02
9.00993173e-01 4.92973172e-01 -3.66644234e-02 4.91279681e-01 1.59320858e-02
9.01673355e-01 4.94896249e-01 -3.65468230e-02 4.93220451e-01 1.58763297e-02
9.02351313e-01 4.96820803e-01 -3.64282584e-02 4.95162612e-01 1.58202057e-02
9.03027046e-01 4.98746784e-01 -3.63087348e-02 4.97106115e-01 1.57637161e-02
9.03700552e-01 5.00674144e-01 -3.61882573e-02 4.99050912e-01 1.57068633e-02
9.04371830e-01 5.02602834e-01 -3.60668313e-02 5.00996952e-01 1.56496497e-02
9.05040876e-01 5.04532805e-01 -3.59444622e-02 5.02944185e-01 1.55920777e-02
9.05707691e-01 5.06464007e-01 -3.58211555e-02 5.04892562e-01 1.55341499e-02
9.06372273e-01 5.08396390e-01 -3.56969167e-02 5.06842032e-01 1.54758687e-02
9.07034619e-01 5.10329904e-01 -3.55717516e-02 5.08792544e-01 1.54172368e-02
9.07694728e-01 5.12264498e-01 -3.54456660e-02 5.10744047e-01 1.53582566e-02
9.08352599e-01 5.14200123e-01 -3.53186655e-02 5.12696490e-01 1.52989309e-02
9.09008229e-01 5.16136726e-01 -3.51907563e-02 5.14649821e-01 1.52392622e-02
9.09661618e-01 5.18074256e-01 -3.50619443e-02 5.16603988e-01 1.51792532e-02
9.10312763e-01 5.20012663e-01 -3.49322356e-02 5.18558940e-01 1.51189068e-02
9.10961663e-01 5.21951893e-01 -3.48016364e-02 5.20514623e-01 1.50582255e-02
9.11608317e-01 5.23891895e-01 -3.46701531e-02 5.22470985e-01 1.49972122e-02
9.12252723e-01 5.25832616e-01 -3.45377919e-02 5.24427973e-01 1.49358697e-02
9.12894879e-01 5.27774003e-01 -3.44045594e-02 5.26385534e-01 1.48742008e-02
9.13534783e-01 5.29716004e-01 -3.42704621e-02 5.28343614e-01 1.48122085e-02
9.14172435e-01 5.31658564e-01 -3.41355066e-02 5.30302159e-01 1.47498956e-02
9.14807832e-01 5.33601630e-01 -3.39996997e-02 5.32261115e-01 1.46872650e-02
9.15440973e-01 5.35545149e-01 -3.38630482e-02 5.34220428e-01 1.46243199e-02
9.16071856e-01 5.37489066e-01 -3.37255589e-02 5.36180042e-01 1.45610630e-02
9.16700480e-01 5.39433326e-01 -3.35872389e-02 5.38139904e-01 1.44974976e-02
9.17326844e-01 5.41377875e-01 -3.34480951e-02 5.40099958e-01 1.44336266e-02
9.17950945e-01 5.43322658e-01 -3.33081348e-02 5.42060149e-01 1.43694532e-02
9.18572782e-01 5.45267619e-01 -3.31673652e-02 5.44020420e-01 1.43049805e-02
9.19192354e-01 5.47212703e-01 -3.30257936e-02 5.45980716e-01 1.42402116e-02
9.19809659e-01 5.49157854e-01 -3.28834274e-02 5.47940981e-01 1.41751498e-02
9.20424696e-01 5.51103016e-01 -3.27402740e-02 5.49901158e-01 1.41097982e-02
9.21037462e-01 5.53048133e-01 -3.25963412e-02 5.51861191e-01 1.40441602e-02
9.21647958e-01 5.54993148e-01 -3.24516364e-02 5.53821022e-01 1.39782390e-02
9.22256180e-01 5.56938004e-01 -3.23061675e-02 5.55780594e-01 1.39120380e-02
9.22862128e-01 5.58882644e-01 -3.21599423e-02 5.57739851e-01 1.38455604e-02
9.23465800e-01 5.60827011e-01 -3.20129687e-02 5.59698733e-01 1.37788097e-02
9.24067195e-01 5.62771046e-01 -3.18652546e-02 5.61657184e-01 1.37117893e-02
9.24666310e-01 5.64714693e-01 -3.17168081e-02 5.63615145e-01 1.36445026e-02
9.25263146e-01 5.66657893e-01 -3.15676374e-02 5.65572558e-01 1.35769530e-02
9.25857699e-01 5.68600588e-01 -3.14177507e-02 5.67529364e-01 1.35091442e-02
9.26449969e-01 5.70542719e-01 -3.12671562e-02 5.69485505e-01 1.34410795e-02
9.27039955e-01 5.72484227e-01 -3.11158625e-02 5.71440920e-01 1.33727626e-02
9.27627654e-01 5.74425053e-01 -3.09638779e-02 5.73395552e-01 1.33041971e-02
9.28213065e-01 5.76365139e-01 -3.08112110e-02 5.75349340e-01 1.32353865e-02
9.28796187e-01 5.78304424e-01 -3.06578705e-02 5.77302225e-01 1.31663345e-02
9.29377019e-01 5.80242848e-01 -3.05038649e-02 5.79254146e-01 1.30970448e-02
9.29955559e-01 5.82180353e-01 -3.03492031e-02 5.81205044e-01 1.30275211e-02
9.30531805e-01 5.84116877e-01 -3.01938940e-02 5.83154858e-01 1.29577671e-02
9.31105757e-01 5.86052360e-01 -3.00379465e-02 5.85103528e-01 1.28877865e-02
9.31677412e-01 5.87986741e-01 -2.98813696e-02 5.87050993e-01 1.28175832e-02
9.32246769e-01 5.89919961e-01 -2.97241724e-02 5.88997192e-01 1.27471609e-02
9.32813828e-01 5.91851957e-01 -2.95663640e-02 5.90942064e-01 1.26765236e-02
9.33378586e-01 5.93782668e-01 -2.94079536e-02 5.92885546e-01 1.26056750e-02
9.33941042e-01 5.95712034e-01 -2.92489507e-02 5.94827579e-01 1.25346191e-02
9.34501195e-01 5.97639992e-01 -2.90893645e-02 5.96768100e-01 1.24633597e-02
9.35059043e-01 5.99566480e-01 -2.89292045e-02 5.98707047e-01 1.23919009e-02
9.35614585e-01 6.01491437e-01 -2.87684802e-02 6.00644358e-01 1.23202465e-02
9.36167820e-01 6.03414800e-01 -2.86072013e-02 6.02579970e-01 1.22484007e-02
9.36718746e-01 6.05336507e-01 -2.84453773e-02 6.04513822e-01 1.21763674e-02
9.37267362e-01 6.07256496e-01 -2.82830182e-02 6.06445851e-01 1.21041506e-02
9.37813667e-01 6.09174702e-01 -2.81201335e-02 6.08375993e-01 1.20317545e-02
9.38357658e-01 6.11091065e-01 -2.79567333e-02 6.10304186e-01 1.19591831e-02
9.38899336e-01 6.13005519e-01 -2.77928274e-02 6.12230366e-01 1.18864406e-02
9.39438698e-01 6.14918003e-01 -2.76284260e-02 6.14154471e-01 1.18135311e-02
9.39975743e-01 6.16828452e-01 -2.74635390e-02 6.16076437e-01 1.17404588e-02
9.40510470e-01 6.18736804e-01 -2.72981766e-02 6.17996200e-01 1.16672278e-02
9.41042878e-01 6.20642993e-01 -2.71323490e-02 6.19913696e-01 1.15938425e-02
9.41572965e-01 6.22546957e-01 -2.69660665e-02 6.21828863e-01 1.15203070e-02
9.42100730e-01 6.24448630e-01 -2.67993395e-02 6.23741634e-01 1.14466256e-02
9.42626171e-01 6.26347950e-01 -2.66321783e-02 6.25651947e-01 1.13728027e-02
9.43149288e-01 6.28244851e-01 -2.64645934e-02 6.27559736e-01 1.12988424e-02
9.43670079e-01 6.30139269e-01 -2.62965954e-02 6.29464939e-01 1.12247492e-02
9.44188542e-01 6.32031139e-01 -2.61281948e-02 6.31367489e-01 1.11505274e-02
9.44704677e-01 6.33920396e-01 -2.59594023e-02 6.33267322e-01 1.10761814e-02
9.45218483e-01 6.35806976e-01 -2.57902286e-02 6.35164373e-01 1.10017155e-02
9.45729957e-01 6.37690813e-01 -2.56206845e-02 6.37058578e-01 1.09271343e-02
9.46239099e-01 6.39571842e-01 -2.54507808e-02 6.38949871e-01 1.08524421e-02
9.46745907e-01 6.41449998e-01 -2.52805283e-02 6.40838186e-01 1.07776434e-02
9.47250380e-01 6.43325215e-01 -2.51099382e-02 6.42723460e-01 1.07027427e-02
9.47752518e-01 6.45197427e-01 -2.49390212e-02 6.44605626e-01 1.06277445e-02
9.48252318e-01 6.47066570e-01 -2.47677886e-02 6.46484618e-01 1.05526533e-02
9.48749779e-01 6.48932577e-01 -2.45962514e-02 6.48360372e-01 1.04774736e-02
9.49244901e-01 6.50795382e-01 -2.44244207e-02 6.50232820e-01 1.04022100e-02
9.49737681e-01 6.52654919e-01 -2.42523079e-02 6.52101899e-01 1.03268672e-02
9.50228120e-01 6.54511122e-01 -2.40799240e-02 6.53967541e-01 1.02514496e-02
9.50716215e-01 6.56363925e-01 -2.39072806e-02 6.55829681e-01 1.01759619e-02
9.51201965e-01 6.58213262e-01 -2.37343889e-02 6.57688253e-01 1.01004087e-02
9.51685370e-01 6.60059066e-01 -2.35612604e-02 6.59543190e-01 1.00247947e-02
9.52166428e-01 6.61901271e-01 -2.33879065e-02 6.61394427e-01 9.94912458e-03
9.52645137e-01 6.63739811e-01 -2.32143388e-02 6.63241896e-01 9.87340294e-03
9.53121497e-01 6.65574618e-01 -2.30405687e-02 6.65085533e-01 9.79763452e-03
9.53595507e-01 6.67405625e-01 -2.28666080e-02 6.66925270e-01 9.72182402e-03
9.54067164e-01 6.69232768e-01 -2.26924683e-02 6.68761040e-01 9.64597619e-03
9.54536469e-01 6.71055978e-01 -2.25181612e-02 6.70592778e-01 9.57009576e-03
9.55003420e-01 6.72875188e-01 -2.23436985e-02 6.72420418e-01 9.49418748e-03
9.55468016e-01 6.74690332e-01 -2.21690920e-02 6.74243891e-01 9.41825614e-03
9.55930255e-01 6.76501343e-01 -2.19943534e-02 6.76063132e-01 9.34230652e-03
9.56390137e-01 6.78308154e-01 -2.18194948e-02 6.77878074e-01 9.26634342e-03
9.56847660e-01 6.80110697e-01 -2.16445278e-02 6.79688651e-01 9.19037165e-03
9.57302823e-01 6.81908906e-01 -2.14694646e-02 6.81494795e-01 9.11439604e-03
9.57755626e-01 6.83702714e-01 -2.12943171e-02 6.83296440e-01 9.03842143e-03
9.58206066e-01 6.85492053e-01 -2.11190972e-02 6.85093519e-01 8.96245266e-03
9.58654144e-01 6.87276857e-01 -2.09438170e-02 6.86885966e-01 8.88649460e-03
9.59099857e-01 6.89057057e-01 -2.07684887e-02 6.88673713e-01 8.81055213e-03
9.59543205e-01 6.90832588e-01 -2.05931242e-02 6.90456694e-01 8.73463013e-03
9.59984187e-01 6.92603381e-01 -2.04177359e-02 6.92234842e-01 8.65873349e-03
9.60422801e-01 6.94369369e-01 -2.02423357e-02 6.94008090e-01 8.58286712e-03
9.60859046e-01 6.96130486e-01 -2.00669360e-02 6.95776372e-01 8.50703593e-03
9.61292922e-01 6.97886664e-01 -1.98915489e-02 6.97539620e-01 8.43124485e-03
9.61724427e-01 6.99637836e-01 -1.97161868e-02 6.99297768e-01 8.35549881e-03
9.62153561e-01 7.01383934e-01 -1.95408619e-02 7.01050749e-01 8.27980275e-03
9.62580321e-01 7.03124892e-01 -1.93655865e-02 7.02798497e-01 8.20416162e-03
9.63004708e-01 7.04860643e-01 -1.91903730e-02 7.04540945e-01 8.12858038e-03
9.63426720e-01 7.06591119e-01 -1.90152337e-02 7.06278026e-01 8.05306399e-03
9.63846355e-01 7.08316252e-01 -1.88401810e-02 7.08009673e-01 7.97761742e-03
9.64263614e-01 7.10035977e-01 -1.86652274e-02 7.09735820e-01 7.90224566e-03
9.64678495e-01 7.11750226e-01 -1.84903852e-02 7.11456401e-01 7.82695368e-03
9.65090997e-01 7.13458932e-01 -1.83156668e-02 7.13171348e-01 7.75174648e-03
9.65501118e-01 7.15162028e-01 -1.81410848e-02 7.14880596e-01 7.67662904e-03
9.65908859e-01 7.16859447e-01 -1.79666516e-02 7.16584079e-01 7.60160638e-03
9.66314217e-01 7.18551123e-01 -1.77923798e-02 7.18281729e-01 7.52668348e-03
9.66717192e-01 7.20236988e-01 -1.76182818e-02 7.19973481e-01 7.45186537e-03
9.67117784e-01 7.21916977e-01 -1.74443701e-02 7.21659268e-01 7.37715704e-03
9.67515990e-01 7.23591021e-01 -1.72706573e-02 7.23339024e-01 7.30256352e-03
9.67911810e-01 7.25259055e-01 -1.70971559e-02 7.25012684e-01 7.22808982e-03
9.68305243e-01 7.26921013e-01 -1.69238786e-02 7.26680182e-01 7.15374095e-03
9.68696288e-01 7.28576827e-01 -1.67508377e-02 7.28341451e-01 7.07952195e-03
9.69084944e-01 7.30226432e-01 -1.65780460e-02 7.29996426e-01 7.00543783e-03
9.69471210e-01 7.31869762e-01 -1.64055160e-02 7.31645041e-01 6.93149360e-03
9.69855086e-01 7.33506749e-01 -1.62332603e-02 7.33287231e-01 6.85769431e-03
9.70236569e-01 7.35137329e-01 -1.60612914e-02 7.34922930e-01 6.78404496e-03
9.70615660e-01 7.36761435e-01 -1.58896220e-02 7.36552073e-01 6.71055059e-03
9.70992357e-01 7.38379001e-01 -1.57182647e-02 7.38174595e-01 6.63721620e-03
9.71366659e-01 7.39989962e-01 -1.55472320e-02 7.39790431e-01 6.56404683e-03
9.71738566e-01 7.41594253e-01 -1.53765366e-02 7.41399516e-01 6.49104748e-03
9.72108076e-01 7.43191807e-01 -1.52061910e-02 7.43001784e-01 6.41822318e-03
9.72475189e-01 7.44782560e-01 -1.50362078e-02 7.44597172e-01 6.34557894e-03
9.72839904e-01 7.46366446e-01 -1.48665997e-02 7.46185615e-01 6.27311977e-03
9.73202220e-01 7.47943400e-01 -1.46973791e-02 7.47767048e-01 6.20085067e-03
9.73562135e-01 7.49513358e-01 -1.45285587e-02 7.49341407e-01 6.12877664e-03
9.73919650e-01 7.51076254e-01 -1.43601510e-02 7.50908628e-01 6.05690269e-03
9.74274762e-01 7.52632025e-01 -1.41921686e-02 7.52468647e-01 5.98523380e-03
9.74627472e-01 7.54180605e-01 -1.40246241e-02 7.54021401e-01 5.91377497e-03
9.74977778e-01 7.55721931e-01 -1.38575299e-02 7.55566825e-01 5.84253117e-03
9.75325680e-01 7.57255938e-01 -1.36908985e-02 7.57104857e-01 5.77150737e-03
9.75671177e-01 7.58782562e-01 -1.35247426e-02 7.58635433e-01 5.70070855e-03
9.76014267e-01 7.60301740e-01 -1.33590746e-02 7.60158490e-01 5.63013966e-03
9.76354950e-01 7.61813408e-01 -1.31939070e-02 7.61673964e-01 5.55980566e-03
9.76693226e-01 7.63317502e-01 -1.30292521e-02 7.63181795e-01 5.48971149e-03
9.77029093e-01 7.64813960e-01 -1.28651226e-02 7.64681918e-01 5.41986209e-03
9.77362550e-01 7.66302719e-01 -1.27015307e-02 7.66174272e-01 5.35026238e-03
9.77693597e-01 7.67783715e-01 -1.25384890e-02 7.67658794e-01 5.28091728e-03
9.78022233e-01 7.69256887e-01 -1.23760097e-02 7.69135423e-01 5.21183170e-03
9.78348456e-01 7.70722171e-01 -1.22141052e-02 7.70604097e-01 5.14301053e-03
9.78672267e-01 7.72179506e-01 -1.20527879e-02 7.72064754e-01 5.07445865e-03
9.78993665e-01 7.73628830e-01 -1.18920701e-02 7.73517334e-01 5.00618095e-03
9.79312648e-01 7.75070080e-01 -1.17319639e-02 7.74961775e-01 4.93818228e-03
9.79629216e-01 7.76503196e-01 -1.15724818e-02 7.76398016e-01 4.87046749e-03
9.79943368e-01 7.77928116e-01 -1.14136359e-02 7.77825998e-01 4.80304141e-03
9.80255103e-01 7.79344779e-01 -1.12554384e-02 7.79245659e-01 4.73590888e-03
9.80564421e-01 7.80753125e-01 -1.10979014e-02 7.80656939e-01 4.66907469e-03
9.80871321e-01 7.82153093e-01 -1.09410371e-02 7.82059780e-01 4.60254365e-03
9.81175801e-01 7.83544622e-01 -1.07848576e-02 7.83454120e-01 4.53632053e-03
9.81477862e-01 7.84927653e-01 -1.06293749e-02 7.84839902e-01 4.47041009e-03
9.81777503e-01 7.86302125e-01 -1.04746010e-02 7.86217065e-01 4.40481710e-03
9.82074722e-01 7.87667980e-01 -1.03205479e-02 7.87585552e-01 4.33954627e-03
9.82369519e-01 7.89025159e-01 -1.01672275e-02 7.88945303e-01 4.27460233e-03
9.82661894e-01 7.90373601e-01 -1.00146518e-02 7.90296260e-01 4.20998998e-03
9.82951845e-01 7.91713249e-01 -9.86283262e-03 7.91638367e-01 4.14571389e-03
9.83239372e-01 7.93044044e-01 -9.71178172e-03 7.92971564e-01 4.08177873e-03
9.83524474e-01 7.94365928e-01 -9.56151090e-03 7.94295794e-01 4.01818915e-03
9.83807150e-01 7.95678844e-01 -9.41203187e-03 7.95611001e-01 3.95494977e-03
9.84087401e-01 7.96982733e-01 -9.26335632e-03 7.96917128e-01 3.89206520e-03
9.84365224e-01 7.98277539e-01 -9.11549587e-03 7.98214118e-01 3.82954003e-03
9.84640620e-01 7.99563204e-01 -8.96846210e-03 7.99501915e-01 3.76737882e-03
9.84913588e-01 8.00839673e-01 -8.82226654e-03 8.00780463e-01 3.70558612e-03
9.85184126e-01 8.02106889e-01 -8.67692066e-03 8.02049707e-01 3.64416646e-03
9.85452235e-01 8.03364795e-01 -8.53243589e-03 8.03309591e-01 3.58312434e-03
9.85717914e-01 8.04613337e-01 -8.38882360e-03 8.04560061e-01 3.52246423e-03
9.85981162e-01 8.05852459e-01 -8.24609510e-03 8.05801062e-01 3.46219061e-03
9.86241978e-01 8.07082106e-01 -8.10426166e-03 8.07032540e-01 3.40230790e-03
9.86500362e-01 8.08302223e-01 -7.96333447e-03 8.08254440e-01 3.34282052e-03
9.86756313e-01 8.09512757e-01 -7.82332467e-03 8.09466711e-01 3.28373285e-03
9.87009830e-01 8.10713652e-01 -7.68424335e-03 8.10669297e-01 3.22504927e-03
9.87260914e-01 8.11904857e-01 -7.54610152e-03 8.11862147e-01 3.16677411e-03
9.87509562e-01 8.13086317e-01 -7.40891016e-03 8.13045207e-01 3.10891168e-03
9.87755776e-01 8.14257980e-01 -7.27268015e-03 8.14218427e-01 3.05146627e-03
9.87999553e-01 8.15419793e-01 -7.13742233e-03 8.15381753e-01 2.99444216e-03
9.88240894e-01 8.16571703e-01 -7.00314746e-03 8.16535135e-01 2.93784356e-03
9.88479797e-01 8.17713661e-01 -6.86986623e-03 8.17678522e-01 2.88167470e-03
9.88716263e-01 8.18845613e-01 -6.73758930e-03 8.18811862e-01 2.82593975e-03
9.88950290e-01 8.19967509e-01 -6.60632720e-03 8.19935106e-01 2.77064288e-03
9.89181879e-01 8.21079298e-01 -6.47609044e-03 8.21048204e-01 2.71578819e-03
9.89411028e-01 8.22180930e-01 -6.34688944e-03 8.22151106e-01 2.66137980e-03
9.89637737e-01 8.23272356e-01 -6.21873455e-03 8.23243763e-01 2.60742177e-03
9.89862005e-01 8.24353525e-01 -6.09163603e-03 8.24326126e-01 2.55391814e-03
9.90083833e-01 8.25424390e-01 -5.96560410e-03 8.25398148e-01 2.50087292e-03
9.90303218e-01 8.26484900e-01 -5.84064887e-03 8.26459779e-01 2.44829009e-03
9.90520161e-01 8.27535009e-01 -5.71678039e-03 8.27510974e-01 2.39617360e-03
9.90734662e-01 8.28574667e-01 -5.59400863e-03 8.28551683e-01 2.34452735e-03
9.90946719e-01 8.29603829e-01 -5.47234349e-03 8.29581862e-01 2.29335525e-03
9.91156332e-01 8.30622446e-01 -5.35179477e-03 8.30601463e-01 2.24266113e-03
9.91363501e-01 8.31630473e-01 -5.23237220e-03 8.31610441e-01 2.19244883e-03
9.91568226e-01 8.32627863e-01 -5.11408544e-03 8.32608750e-01 2.14272213e-03
9.91770504e-01 8.33614571e-01 -4.99694404e-03 8.33596346e-01 2.09348479e-03
9.91970337e-01 8.34590551e-01 -4.88095748e-03 8.34573183e-01 2.04474053e-03
9.92167724e-01 8.35555758e-01 -4.76613517e-03 8.35539218e-01 1.99649303e-03
9.92362663e-01 8.36510149e-01 -4.65248640e-03 8.36494406e-01 1.94874595e-03
9.92555155e-01 8.37453679e-01 -4.54002040e-03 8.37438706e-01 1.90150291e-03
9.92745200e-01 8.38386306e-01 -4.42874630e-03 8.38372073e-01 1.85476750e-03
9.92932796e-01 8.39307984e-01 -4.31867315e-03 8.39294466e-01 1.80854325e-03
9.93117944e-01 8.40218674e-01 -4.20980989e-03 8.40205843e-01 1.76283369e-03
9.93300642e-01 8.41118332e-01 -4.10216540e-03 8.41106162e-01 1.71764229e-03
9.93480891e-01 8.42006916e-01 -3.99574843e-03 8.41995382e-01 1.67297248e-03
9.93658689e-01 8.42884386e-01 -3.89056767e-03 8.42873463e-01 1.62882768e-03
9.93834037e-01 8.43750701e-01 -3.78663170e-03 8.43740365e-01 1.58521125e-03
9.94006934e-01 8.44605821e-01 -3.68394900e-03 8.44596048e-01 1.54212652e-03
9.94177380e-01 8.45449706e-01 -3.58252796e-03 8.45440473e-01 1.49957677e-03
9.94345374e-01 8.46282316e-01 -3.48237689e-03 8.46273601e-01 1.45756526e-03
9.94510915e-01 8.47103614e-01 -3.38350397e-03 8.47095395e-01 1.41609520e-03
9.94674004e-01 8.47913561e-01 -3.28591730e-03 8.47905817e-01 1.37516976e-03
9.94834640e-01 8.48712119e-01 -3.18962488e-03 8.48704829e-01 1.33479208e-03
9.94992823e-01 8.49499251e-01 -3.09463460e-03 8.49492395e-01 1.29496526e-03
9.95148552e-01 8.50274920e-01 -3.00095427e-03 8.50268479e-01 1.25569235e-03
9.95301826e-01 8.51039090e-01 -2.90859157e-03 8.51033045e-01 1.21697636e-03
9.95452646e-01 8.51791725e-01 -2.81755409e-03 8.51786058e-01 1.17882026e-03
9.95601011e-01 8.52532790e-01 -2.72784933e-03 8.52527483e-01 1.14122700e-03
9.95746921e-01 8.53262251e-01 -2.63948465e-03 8.53257286e-01 1.10419946e-03
9.95890375e-01 8.53980072e-01 -2.55246733e-03 8.53975434e-01 1.06774049e-03
9.96031373e-01 8.54686221e-01 -2.46680455e-03 8.54681892e-01 1.03185290e-03
9.96169914e-01 8.55380664e-01 -2.38250336e-03 8.55376630e-01 9.96539448e-04
9.96305999e-01 8.56063369e-01 -2.29957072e-03 8.56059614e-01 9.61802868e-04
9.96439627e-01 8.56734304e-01 -2.21801347e-03 8.56730813e-01 9.27645836e-04
9.96570797e-01 8.57393436e-01 -2.13783835e-03 8.57390195e-01 8.94070989e-04
9.96699510e-01 8.58040735e-01 -2.05905197e-03 8.58037731e-01 8.61080921e-04
9.96825765e-01 8.58676171e-01 -1.98166086e-03 8.58673391e-01 8.28678181e-04
9.96949561e-01 8.59299713e-01 -1.90567141e-03 8.59297144e-01 7.96865275e-04
9.97070899e-01 8.59911332e-01 -1.83108991e-03 8.59908961e-01 7.65644666e-04
9.97189778e-01 8.60510999e-01 -1.75792254e-03 8.60508816e-01 7.35018770e-04
9.97306197e-01 8.61098686e-01 -1.68617535e-03 8.61096678e-01 7.04989961e-04
9.97420157e-01 8.61674364e-01 -1.61585430e-03 8.61672522e-01 6.75560564e-04
9.97531657e-01 8.62238008e-01 -1.54696521e-03 8.62236321e-01 6.46732863e-04
9.97640697e-01 8.62789589e-01 -1.47951380e-03 8.62788047e-01 6.18509095e-04
9.97747277e-01 8.63329083e-01 -1.41350566e-03 8.63327676e-01 5.90891449e-04
9.97851396e-01 8.63856463e-01 -1.34894629e-03 8.63855182e-01 5.63882071e-04
9.97953055e-01 8.64371704e-01 -1.28584104e-03 8.64370541e-01 5.37483059e-04
9.98052252e-01 8.64874782e-01 -1.22419515e-03 8.64873729e-01 5.11696466e-04
9.98148988e-01 8.65365673e-01 -1.16401375e-03 8.65364721e-01 4.86524296e-04
9.98243262e-01 8.65844353e-01 -1.10530185e-03 8.65843496e-01 4.61968508e-04
9.98335074e-01 8.66310801e-01 -1.04806433e-03 8.66310030e-01 4.38031014e-04
9.98424424e-01 8.66764993e-01 -9.92305956e-04 8.66764303e-01 4.14713677e-04
9.98511312e-01 8.67206908e-01 -9.38031372e-04 8.67206292e-01 3.92018314e-04
9.98595738e-01 8.67636525e-01 -8.85245098e-04 8.67635977e-01 3.69946693e-04
9.98677701e-01 8.68053824e-01 -8.33951534e-04 8.68053337e-01 3.48500535e-04
9.98757201e-01 8.68458785e-01 -7.84154955e-04 8.68458355e-01 3.27681512e-04
9.98834237e-01 8.68851388e-01 -7.35859515e-04 8.68851009e-01 3.07491248e-04
9.98908811e-01 8.69231614e-01 -6.89069240e-04 8.69231282e-01 2.87931320e-04
9.98980921e-01 8.69599446e-01 -6.43788037e-04 8.69599157e-01 2.69003254e-04
9.99050567e-01 8.69954866e-01 -6.00019684e-04 8.69954615e-01 2.50708529e-04
9.99117750e-01 8.70297857e-01 -5.57767836e-04 8.70297640e-01 2.33048573e-04
9.99182468e-01 8.70628403e-01 -5.17036021e-04 8.70628216e-01 2.16024766e-04
9.99244723e-01 8.70946487e-01 -4.77827643e-04 8.70946328e-01 1.99638440e-04
9.99304513e-01 8.71252095e-01 -4.40145978e-04 8.71251960e-01 1.83890875e-04
9.99361839e-01 8.71545212e-01 -4.03994175e-04 8.71545098e-01 1.68783302e-04
9.99416700e-01 8.71825824e-01 -3.69375257e-04 8.71825729e-01 1.54316904e-04
9.99469096e-01 8.72093917e-01 -3.36292119e-04 8.72093838e-01 1.40492813e-04
9.99519028e-01 8.72349479e-01 -3.04747528e-04 8.72349415e-01 1.27312111e-04
9.99566494e-01 8.72592498e-01 -2.74744123e-04 8.72592445e-01 1.14775828e-04
9.99611495e-01 8.72822961e-01 -2.46284414e-04 8.72822919e-01 1.02884948e-04
9.99654032e-01 8.73040858e-01 -2.19370784e-04 8.73040824e-01 9.16404006e-05
9.99694102e-01 8.73246178e-01 -1.94005485e-04 8.73246152e-01 8.10430673e-05
9.99731708e-01 8.73438912e-01 -1.70190641e-04 8.73438892e-01 7.10937782e-05
9.99766848e-01 8.73619050e-01 -1.47928247e-04 8.73619035e-01 6.17933128e-05
9.99799522e-01 8.73786584e-01 -1.27220166e-04 8.73786573e-01 5.31424002e-05
9.99829731e-01 8.73941505e-01 -1.08068133e-04 8.73941497e-01 4.51417182e-05
9.99857474e-01 8.74083806e-01 -9.04737526e-05 8.74083801e-01 3.77918941e-05
9.99882751e-01 8.74213481e-01 -7.44384983e-05 8.74213477e-01 3.10935040e-05
9.99905562e-01 8.74330523e-01 -5.99637138e-05 8.74330520e-01 2.50470731e-05
9.99925908e-01 8.74434926e-01 -4.70506114e-05 8.74434924e-01 1.96530754e-05
9.99943787e-01 8.74526686e-01 -3.57002728e-05 8.74526685e-01 1.49119335e-05
9.99959200e-01 8.74605797e-01 -2.59136477e-05 8.74605797e-01 1.08240189e-05
9.99972148e-01 8.74672257e-01 -1.76915533e-05 8.74672257e-01 7.38965074e-06
9.99982629e-01 8.74726063e-01 -1.10346713e-05 8.74726063e-01 4.60909534e-06
9.99990644e-01 8.74767211e-01 -5.94353668e-06 8.74767211e-01 2.48256126e-06
9.99996193e-01 8.74795700e-01 -2.41848042e-06 8.74795700e-01 1.01017526e-06
9.99999277e-01 8.74811536e-01 -4.59014999e-07 8.74811536e-01 1.91725792e-07
