-9.99999277e-01 3.34191605e-03 -3.11077665e-09 -3.34191605e-03 -6.22933599e-09
-9.99996193e-01 3.34188163e-03 -1.63905708e-08 -3.34188163e-03 -3.28213866e-08
-9.99990644e-01 3.34181971e-03 -4.02822414e-08 -3.34181971e-03 -8.06600231e-08
-9.99982629e-01 3.34173029e-03 -7.47916117e-08 -3.34173028e-03 -1.49751581e-07
-9.99972148e-01 3.34161336e-03 -1.19920078e-07 -3.34161333e-03 -2.40091166e-07
-9.99959200e-01 3.34146894e-03 -1.75668772e-07 -3.34146888e-03 -3.51670986e-07
-9.99943787e-01 3.34129703e-03 -2.42038948e-07 -3.34129693e-03 -4.84481138e-07
-9.99925908e-01 3.34109766e-03 -3.19032064e-07 -3.34109748e-03 -6.38509755e-07
-9.99905562e-01 3.34087083e-03 -4.06649789e-07 -3.34087054e-03 -8.13743045e-07
-9.99882751e-01 3.34061657e-03 -5.04894019e-07 -3.34061611e-03 -1.01016531e-06
-9.99857474e-01 3.34033489e-03 -6.13766875e-07 -3.34033422e-03 -1.22775894e-06
-9.99829731e-01 3.34002582e-03 -7.33270703e-07 -3.34002486e-03 -1.46650443e-06
-9.99799522e-01 3.33968939e-03 -8.63408074e-07 -3.33968805e-03 -1.72638040e-06
-9.99766848e-01 3.33932561e-03 -1.00418179e-06 -3.33932381e-03 -2.00736354e-06
-9.99731708e-01 3.33893452e-03 -1.15559486e-06 -3.33893213e-03 -2.30942869e-06
-9.99694102e-01 3.33851615e-03 -1.31765055e-06 -3.33851304e-03 -2.63254878e-06
-9.99654032e-01 3.33807053e-03 -1.49035231e-06 -3.33806656e-03 -2.97669487e-06
-9.99611495e-01 3.33759770e-03 -1.67370384e-06 -3.33759269e-03 -3.34183614e-06
-9.99566494e-01 3.33709770e-03 -1.86770906e-06 -3.33709146e-03 -3.72793988e-06
-9.99519028e-01 3.33657056e-03 -2.07237209e-06 -3.33656289e-03 -4.13497154e-06
-9.99469096e-01 3.33601633e-03 -2.28769730e-06 -3.33600698e-03 -4.56289467e-06
-9.99416700e-01 3.33543505e-03 -2.51368925e-06 -3.33542377e-03 -5.01167099e-06
-9.99361839e-01 3.33482677e-03 -2.75035273e-06 -3.33481326e-03 -5.48126035e-06
-9.99304513e-01 3.33419153e-03 -2.99769275e-06 -3.33417550e-03 -5.97162074e-06
-9.99244723e-01 3.33352939e-03 -3.25571452e-06 -3.33351049e-03 -6.48270831e-06
-9.99182468e-01 3.33284040e-03 -3.52442349e-06 -3.33281826e-03 -7.01447737e-06
-9.99117750e-01 3.33212462e-03 -3.80382530e-06 -3.33209883e-03 -7.56688040e-06
-9.99050567e-01 3.33138209e-03 -4.09392579e-06 -3.33135224e-03 -8.13986803e-06
-9.98980921e-01 3.33061288e-03 -4.39473104e-06 -3.33057850e-03 -8.73338910e-06
-9.98908811e-01 3.32981706e-03 -4.70624732e-06 -3.32977765e-03 -9.34739060e-06
-9.98834237e-01 3.32899468e-03 -5.02848111e-06 -3.32894971e-03 -9.98181773e-06
-9.98757201e-01 3.32814580e-03 -5.36143909e-06 -3.32809472e-03 -1.06366139e-05
-9.98677701e-01 3.32727051e-03 -5.70512815e-06 -3.32721269e-03 -1.13117206e-05
-9.98595738e-01 3.32636886e-03 -6.05955537e-06 -3.32630368e-03 -1.20070777e-05
-9.98511312e-01 3.32544092e-03 -6.42472803e-06 -3.32536769e-03 -1.27226233e-05
-9.98424424e-01 3.32448678e-03 -6.80065363e-06 -3.32440478e-03 -1.34582935e-05
-9.98335074e-01 3.32350650e-03 -7.18733983e-06 -3.32341498e-03 -1.42140229e-05
-9.98243262e-01 3.32250017e-03 -7.58479451e-06 -3.32239831e-03 -1.49897441e-05
-9.98148988e-01 3.32146785e-03 -7.99302574e-06 -3.32135482e-03 -1.57853881e-05
-9.98052252e-01 3.32040965e-03 -8.41204175e-06 -3.32028454e-03 -1.66008842e-05
-9.97953055e-01 3.31932563e-03 -8.84185099e-06 -3.31918751e-03 -1.74361598e-05
-9.97851396e-01 3.31821588e-03 -9.28246208e-06 -3.31806377e-03 -1.82911406e-05
-9.97747277e-01 3.31708050e-03 -9.73388383e-06 -3.31691335e-03 -1.91657509e-05
-9.97640697e-01 3.31591957e-03 -1.01961252e-05 -3.31573631e-03 -2.00599128e-05
-9.97531657e-01 3.31473318e-03 -1.06691954e-05 -3.31453268e-03 -2.09735470e-05
-9.97420157e-01 3.31352142e-03 -1.11531038e-05 -3.31330251e-03 -2.19065724e-05
-9.97306197e-01 3.31228440e-03 -1.16478598e-05 -3.31204583e-03 -2.28589065e-05
-9.97189778e-01 3.31102221e-03 -1.21534732e-05 -3.31076269e-03 -2.38304646e-05
-9.97070899e-01 3.30973494e-03 -1.26699537e-05 -3.30945314e-03 -2.48211609e-05
-9.96949561e-01 3.30842270e-03 -1.31973115e-05 -3.30811723e-03 -2.58309076e-05
-9.96825765e-01 3.30708560e-03 -1.37355567e-05 -3.30675499e-03 -2.68596154e-05
-9.96699510e-01 3.30572373e-03 -1.42846996e-05 -3.30536649e-03 -2.79071934e-05
-9.96570797e-01 3.30433720e-03 -1.48447507e-05 -3.30395176e-03 -2.89735488e-05
-9.96439627e-01 3.30292613e-03 -1.54157208e-05 -3.30251086e-03 -3.00585877e-05
-9.96305999e-01 3.30149062e-03 -1.59976205e-05 -3.30104385e-03 -3.11622142e-05
-9.96169914e-01 3.30003079e-03 -1.65904609e-05 -3.29955076e-03 -3.22843309e-05
-9.96031373e-01 3.29854674e-03 -1.71942531e-05 -3.29803165e-03 -3.34248390e-05
-9.95890375e-01 3.29703860e-03 -1.78090083e-05 -3.29648659e-03 -3.45836380e-05
-9.95746921e-01 3.29550649e-03 -1.84347379e-05 -3.29491561e-03 -3.57606258e-05
-9.95601011e-01 3.29395051e-03 -1.90714534e-05 -3.29331878e-03 -3.69556990e-05
-9.95452646e-01 3.29237081e-03 -1.97191665e-05 -3.29169615e-03 -3.81687524e-05
-9.95301826e-01 3.29076749e-03 -2.03778891e-05 -3.29004779e-03 -3.93996795e-05
-9.95148552e-01 3.28914068e-03 -2.10476329e-05 -3.28837374e-03 -4.06483723e-05
-9.94992823e-01 3.28749051e-03 -2.17284101e-05 -3.28667407e-03 -4.19147210e-05
-9.94834640e-01 3.28581711e-03 -2.24202328e-05 -3.28494884e-03 -4.31986149e-05
-9.94674004e-01 3.28412060e-03 -2.31231134e-05 -3.28319810e-03 -4.44999413e-05
-9.94510915e-01 3.28240113e-03 -2.38370641e-05 -3.28142192e-03 -4.58185864e-05
-9.94345374e-01 3.28065882e-03 -2.45620977e-05 -3.27962037e-03 -4.71544349e-05
-9.94177380e-01 3.27889380e-03 -2.52982266e-05 -3.27779350e-03 -4.85073699e-05
-9.94006934e-01 3.27710622e-03 -2.60454637e-05 -3.27594137e-03 -4.98772734e-05
-9.93834037e-01 3.27529622e-03 -2.68038217e-05 -3.27406406e-03 -5.12640258e-05
-9.93658689e-01 3.27346392e-03 -2.75733137e-05 -3.27216163e-03 -5.26675062e-05
-9.93480891e-01 3.27160948e-03 -2.83539526e-05 -3.27023415e-03 -5.40875923e-05
-9.93300642e-01 3.26973304e-03 -2.91457516e-05 -3.26828168e-03 -5.55241606e-05
-9.93117944e-01 3.26783473e-03 -2.99487239e-05 -3.26630429e-03 -5.69770860e-05
-9.92932796e-01 3.26591472e-03 -3.07628828e-05 -3.26430205e-03 -5.84462425e-05
-9.92745200e-01 3.26397314e-03 -3.15882416e-05 -3.26227503e-03 -5.99315024e-05
-9.92555155e-01 3.26201015e-03 -3.24248140e-05 -3.26022330e-03 -6.14327368e-05
-9.92362663e-01 3.26002589e-03 -3.32726134e-05 -3.25814693e-03 -6.29498159e-05
-9.92167724e-01 3.25802052e-03 -3.41316533e-05 -3.25604600e-03 -6.44826081e-05
-9.91970337e-01 3.25599420e-03 -3.50019476e-05 -3.25392058e-03 -6.60309809e-05
-9.91770504e-01 3.25394707e-03 -3.58835100e-05 -3.25177074e-03 -6.75948005e-05
-9.91568226e-01 3.25187929e-03 -3.67763542e-05 -3.24959656e-03 -6.91739320e-05
-9.91363501e-01 3.24979103e-03 -3.76804941e-05 -3.24739811e-03 -7.07682392e-05
-9.91156332e-01 3.24768243e-03 -3.85959437e-05 -3.24517547e-03 -7.23775846e-05
-9.90946719e-01 3.24555367e-03 -3.95227170e-05 -3.24292872e-03 -7.40018298e-05
-9.90734662e-01 3.24340490e-03 -4.04608278e-05 -3.24065793e-03 -7.56408352e-05
-9.90520161e-01 3.24123629e-03 -4.14102904e-05 -3.23836318e-03 -7.72944600e-05
-9.90303218e-01 3.23904800e-03 -4.23711187e-05 -3.23604456e-03 -7.89625622e-05
-9.90083833e-01 3.23684020e-03 -4.33433270e-05 -3.23370214e-03 -8.06449990e-05
-9.89862005e-01 3.23461306e-03 -4.43269294e-05 -3.23133600e-03 -8.23416262e-05
-9.89637737e-01 3.23236673e-03 -4.53219400e-05 -3.22894623e-03 -8.40522989e-05
-9.89411028e-01 3.23010141e-03 -4.63283732e-05 -3.22653291e-03 -8.57768709e-05
-9.89181879e-01 3.22781725e-03 -4.73462430e-05 -3.22409612e-03 -8.75151950e-05
-9.88950290e-01 3.22551442e-03 -4.83755639e-05 -3.22163595e-03 -8.92671230e-05
-9.88716263e-01 3.22319311e-03 -4.94163499e-05 -3.21915248e-03 -9.10325059e-05
-9.88479797e-01 3.22085348e-03 -5.04686155e-05 -3.21664579e-03 -9.28111934e-05
-9.88240894e-01 3.21849572e-03 -5.15323749e-05 -3.21411597e-03 -9.46030347e-05
-9.87999553e-01 3.21612000e-03 -5.26076423e-05 -3.21156312e-03 -9.64078775e-05
-9.87755776e-01 3.21372649e-03 -5.36944320e-05 -3.20898731e-03 -9.82255691e-05
-9.87509562e-01 3.21131538e-03 -5.47927583e-05 -3.20638864e-03 -1.00055956e-04
-9.87260914e-01 3.20888684e-03 -5.59026354e-05 -3.20376719e-03 -1.01898882e-04
-9.87009830e-01 3.20644106e-03 -5.70240775e-05 -3.20112306e-03 -1.03754194e-04
-9.86756313e-01 3.20397823e-03 -5.81570990e-05 -3.19845633e-03 -1.05621734e-04
-9.86500362e-01 3.20149852e-03 -5.93017138e-05 -3.19576710e-03 -1.07501344e-04
-9.86241978e-01 3.19900211e-03 -6.04579363e-05 -3.19305546e-03 -1.09392868e-04
-9.85981162e-01 3.19648920e-03 -6.16257806e-05 -3.19032150e-03 -1.11296146e-04
-9.85717914e-01 3.19395997e-03 -6.28052607e-05 -3.18756531e-03 -1.13211019e-04
-9.85452235e-01 3.19141461e-03 -6.39963906e-05 -3.18478699e-03 -1.15137325e-04
-9.85184126e-01 3.18885331e-03 -6.51991845e-05 -3.18198663e-03 -1.17074905e-04
-9.84913588e-01 3.18627625e-03 -6.64136562e-05 -3.17916434e-03 -1.19023596e-04
-9.84640620e-01 3.18368362e-03 -6.76398197e-05 -3.17632019e-03 -1.20983236e-04
-9.84365224e-01 3.18107563e-03 -6.88776889e-05 -3.17345430e-03 -1.22953662e-04
-9.84087401e-01 3.17845245e-03 -7.01272774e-05 -3.17056675e-03 -1.24934710e-04
-9.83807150e-01 3.17581428e-03 -7.13885992e-05 -3.16765765e-03 -1.26926214e-04
-9.83524474e-01 3.17316131e-03 -7.26616677e-05 -3.16472710e-03 -1.28928011e-04
-9.83239372e-01 3.17049375e-03 -7.39464967e-05 -3.16177519e-03 -1.30939935e-04
-9.82951845e-01 3.16781177e-03 -7.52430996e-05 -3.15880202e-03 -1.32961819e-04
-9.82661894e-01 3.16511559e-03 -7.65514899e-05 -3.15580769e-03 -1.34993495e-04
-9.82369519e-01 3.16240539e-03 -7.78716809e-05 -3.15279231e-03 -1.37034798e-04
-9.82074722e-01 3.15968138e-03 -7.92036859e-05 -3.14975598e-03 -1.39085559e-04
-9.81777503e-01 3.15694374e-03 -8.05475180e-05 -3.14669879e-03 -1.41145609e-04
-9.81477862e-01 3.15419269e-03 -8.19031904e-05 -3.14362086e-03 -1.43214780e-04
-9.81175801e-01 3.15142841e-03 -8.32707161e-05 -3.14052227e-03 -1.45292902e-04
-9.80871321e-01 3.14865111e-03 -8.46501078e-05 -3.13740315e-03 -1.47379805e-04
-9.80564421e-01 3.14586099e-03 -8.60413785e-05 -3.13426359e-03 -1.49475319e-04
-9.80255103e-01 3.14305825e-03 -8.74445407e-05 -3.13110370e-03 -1.51579274e-04
-9.79943368e-01 3.14024309e-03 -8.88596069e-05 -3.12792357e-03 -1.53691497e-04
-9.79629216e-01 3.13741571e-03 -9.02865897e-05 -3.12472333e-03 -1.55811818e-04
-9.79312648e-01 3.13457632e-03 -9.17255014e-05 -3.12150308e-03 -1.57940064e-04
-9.78993665e-01 3.13172511e-03 -9.31763540e-05 -3.11826291e-03 -1.60076064e-04
-9.78672267e-01 3.12886230e-03 -9.46391596e-05 -3.11500295e-03 -1.62219645e-04
-9.78348456e-01 3.12598809e-03 -9.61139302e-05 -3.11172330e-03 -1.64370635e-04
-9.78022233e-01 3.12310267e-03 -9.76006776e-05 -3.10842406e-03 -1.66528859e-04
-9.77693597e-01 3.12020626e-03 -9.90994133e-05 -3.10510535e-03 -1.68694145e-04
-9.77362550e-01 3.11729906e-03 -1.00610149e-04 -3.10176727e-03 -1.70866319e-04
-9.77029093e-01 3.11438128e-03 -1.02132896e-04 -3.09840995e-03 -1.73045207e-04
-9.76693226e-01 3.11145312e-03 -1.03667665e-04 -3.09503348e-03 -1.75230635e-04
-9.76354950e-01 3.10851479e-03 -1.05214467e-04 -3.09163798e-03 -1.77422430e-04
-9.76014267e-01 3.10556649e-03 -1.06773314e-04 -3.08822356e-03 -1.79620416e-04
-9.75671177e-01 3.10260844e-03 -1.08344216e-04 -3.08479033e-03 -1.81824419e-04
-9.75325680e-01 3.09964084e-03 -1.09927184e-04 -3.08133841e-03 -1.84034264e-04
-9.74977778e-01 3.09666389e-03 -1.11522227e-04 -3.07786790e-03 -1.86249777e-04
-9.74627472e-01 3.09367781e-03 -1.13129356e-04 -3.07437893e-03 -1.88470782e-04
-9.74274762e-01 3.09068280e-03 -1.14748582e-04 -3.07087160e-03 -1.90697106e-04
-9.73919650e-01 3.08767907e-03 -1.16379913e-04 -3.06734603e-03 -1.92928571e-04
-9.73562135e-01 3.08466683e-03 -1.18023360e-04 -3.06380234e-03 -1.95165005e-04
-9.73202220e-01 3.08164629e-03 -1.19678932e-04 -3.06024063e-03 -1.97406231e-04
-9.72839904e-01 3.07861766e-03 -1.21346638e-04 -3.05666103e-03 -1.99652075e-04
-9.72475189e-01 3.07558114e-03 -1.23026488e-04 -3.05306365e-03 -2.01902361e-04
-9.72108076e-01 3.07253694e-03 -1.24718489e-04 -3.04944861e-03 -2.04156915e-04
-9.71738566e-01 3.06948528e-03 -1.26422652e-04 -3.04581603e-03 -2.06415561e-04
-9.71366659e-01 3.06642635e-03 -1.28138984e-04 -3.04216601e-03 -2.08678125e-04
-9.70992357e-01 3.06336038e-03 -1.29867494e-04 -3.03849869e-03 -2.10944432e-04
-9.70615660e-01 3.06028757e-03 -1.31608189e-04 -3.03481417e-03 -2.13214307e-04
-9.70236569e-01 3.05720812e-03 -1.33361077e-04 -3.03111258e-03 -2.15487576e-04
-9.69855086e-01 3.05412226e-03 -1.35126167e-04 -3.02739403e-03 -2.17764064e-04
-9.69471210e-01 3.05103018e-03 -1.36903465e-04 -3.02365864e-03 -2.20043598e-04
-9.69084944e-01 3.04793209e-03 -1.38692979e-04 -3.01990654e-03 -2.22326002e-04
-9.68696288e-01 3.04482821e-03 -1.40494715e-04 -3.01613783e-03 -2.24611104e-04
-9.68305243e-01 3.04171874e-03 -1.42308680e-04 -3.01235265e-03 -2.26898730e-04
-9.67911810e-01 3.03860389e-03 -1.44134881e-04 -3.00855111e-03 -2.29188706e-04
-9.67515990e-01 3.03548387e-03 -1.45973323e-04 -3.00473333e-03 -2.31480859e-04
-9.67117784e-01 3.03235889e-03 -1.47824013e-04 -3.00089944e-03 -2.33775017e-04
-9.66717192e-01 3.02922916e-03 -1.49686957e-04 -2.99704955e-03 -2.36071007e-04
-9.66314217e-01 3.02609488e-03 -1.51562160e-04 -2.99318378e-03 -2.38368656e-04
-9.65908859e-01 3.02295625e-03 -1.53449627e-04 -2.98930226e-03 -2.40667793e-04
-9.65501118e-01 3.01981350e-03 -1.55349363e-04 -2.98540511e-03 -2.42968247e-04
-9.65090997e-01 3.01666683e-03 -1.57261373e-04 -2.98149245e-03 -2.45269846e-04
-9.64678495e-01 3.01351643e-03 -1.59185661e-04 -2.97756440e-03 -2.47572419e-04
-9.64263614e-01 3.01036253e-03 -1.61122232e-04 -2.97362109e-03 -2.49875796e-04
-9.63846355e-01 3.00720532e-03 -1.63071089e-04 -2.96966264e-03 -2.52179807e-04
-9.63426720e-01 3.00404501e-03 -1.65032237e-04 -2.96568917e-03 -2.54484283e-04
-9.63004708e-01 3.00088181e-03 -1.67005678e-04 -2.96170081e-03 -2.56789053e-04
-9.62580321e-01 2.99771592e-03 -1.68991415e-04 -2.95769767e-03 -2.59093951e-04
-9.62153561e-01 2.99454755e-03 -1.70989452e-04 -2.95367989e-03 -2.61398807e-04
-9.61724427e-01 2.99137690e-03 -1.72999790e-04 -2.94964758e-03 -2.63703455e-04
-9.61292922e-01 2.98820418e-03 -1.75022433e-04 -2.94560088e-03 -2.66007726e-04
-9.60859046e-01 2.98502959e-03 -1.77057383e-04 -2.94153990e-03 -2.68311454e-04
-9.60422801e-01 2.98185333e-03 -1.79104640e-04 -2.93746476e-03 -2.70614474e-04
-9.59984187e-01 2.97867560e-03 -1.81164206e-04 -2.93337560e-03 -2.72916619e-04
-9.59543205e-01 2.97549661e-03 -1.83236083e-04 -2.92927254e-03 -2.75217725e-04
-9.59099857e-01 2.97231656e-03 -1.85320271e-04 -2.92515571e-03 -2.77517628e-04
-9.58654144e-01 2.96913565e-03 -1.87416771e-04 -2.92102522e-03 -2.79816164e-04
-9.58206066e-01 2.96595408e-03 -1.89525584e-04 -2.91688120e-03 -2.82113169e-04
-9.57755626e-01 2.96277205e-03 -1.91646708e-04 -2.91272379e-03 -2.84408483e-04
-9.57302823e-01 2.95958977e-03 -1.93780143e-04 -2.90855309e-03 -2.86701942e-04
-9.56847660e-01 2.95640742e-03 -1.95925890e-04 -2.90436925e-03 -2.88993385e-04
-9.56390137e-01 2.95322521e-03 -1.98083947e-04 -2.90017238e-03 -2.91282653e-04
-9.55930255e-01 2.95004333e-03 -2.00254312e-04 -2.89596262e-03 -2.93569586e-04
-9.55468016e-01 2.94686199e-03 -2.02436985e-04 -2.89174008e-03 -2.95854024e-04
-9.55003420e-01 2.94368137e-03 -2.04631962e-04 -2.88750489e-03 -2.98135810e-04
-9.54536469e-01 2.94050169e-03 -2.06839243e-04 -2.88325718e-03 -3.00414786e-04
-9.54067164e-01 2.93732312e-03 -2.09058823e-04 -2.87899707e-03 -3.02690796e-04
-9.53595507e-01 2.93414586e-03 -2.11290702e-04 -2.87472470e-03 -3.04963683e-04
-9.53121497e-01 2.93097011e-03 -2.13534874e-04 -2.87044018e-03 -3.07233292e-04
-9.52645137e-01 2.92779606e-03 -2.15791338e-04 -2.86614364e-03 -3.09499470e-04
-9.52166428e-01 2.92462391e-03 -2.18060088e-04 -2.86183521e-03 -3.11762062e-04
-9.51685370e-01 2.92145384e-03 -2.20341121e-04 -2.85751502e-03 -3.14020917e-04
-9.51201965e-01 2.91828604e-03 -2.22634433e-04 -2.85318318e-03 -3.16275882e-04
-9.50716215e-01 2.91512071e-03 -2.24940018e-04 -2.84883984e-03 -3.18526806e-04
-9.50228120e-01 2.91195803e-03 -2.27257871e-04 -2.84448510e-03 -3.20773540e-04
-9.49737681e-01 2.90879820e-03 -2.29587987e-04 -2.84011910e-03 -3.23015934e-04
-9.49244901e-01 2.90564139e-03 -2.31930360e-04 -2.83574197e-03 -3.25253840e-04
-9.48749779e-01 2.90248780e-03 -2.34284984e-04 -2.83135383e-03 -3.27487111e-04
-9.48252318e-01 2.89933761e-03 -2.36651852e-04 -2.82695480e-03 -3.29715600e-04
-9.47752518e-01 2.89619101e-03 -2.39030958e-04 -2.82254502e-03 -3.31939162e-04
-9.47250380e-01 2.89304817e-03 -2.41422294e-04 -2.81812460e-03 -3.34157653e-04
-9.46745907e-01 2.88990929e-03 -2.43825853e-04 -2.81369368e-03 -3.36370928e-04
-9.46239099e-01 2.88677455e-03 -2.46241627e-04 -2.80925238e-03 -3.38578847e-04
-9.45729957e-01 2.88364412e-03 -2.48669607e-04 -2.80480082e-03 -3.40781266e-04
-9.45218483e-01 2.88051818e-03 -2.51109786e-04 -2.80033913e-03 -3.42978045e-04
-9.44704677e-01 2.87739693e-03 -2.53562154e-04 -2.79586744e-03 -3.45169046e-04
-9.44188542e-01 2.87428052e-03 -2.56026703e-04 -2.79138587e-03 -3.47354130e-04
-9.43670079e-01 2.87116915e-03 -2.58503421e-04 -2.78689455e-03 -3.49533158e-04
-9.43149288e-01 2.86806299e-03 -2.60992301e-04 -2.78239360e-03 -3.51705995e-04
-9.42626171e-01 2.86496221e-03 -2.63493330e-04 -2.77788314e-03 -3.53872506e-04
-9.42100730e-01 2.86186699e-03 -2.66006499e-04 -2.77336330e-03 -3.56032556e-04
-9.41572965e-01 2.85877749e-03 -2.68531797e-04 -2.76883421e-03 -3.58186013e-04
-9.41042878e-01 2.85569390e-03 -2.71069212e-04 -2.76429599e-03 -3.60332743e-04
-9.40510470e-01 2.85261639e-03 -2.73618732e-04 -2.75974877e-03 -3.62472617e-04
-9.39975743e-01 2.84954511e-03 -2.76180346e-04 -2.75519266e-03 -3.64605504e-04
-9.39438698e-01 2.84648026e-03 -2.78754042e-04 -2.75062780e-03 -3.66731276e-04
-9.38899336e-01 2.84342198e-03 -2.81339805e-04 -2.74605430e-03 -3.68849806e-04
-9.38357658e-01 2.84037045e-03 -2.83937624e-04 -2.74147229e-03 -3.70960966e-04
-9.37813667e-01 2.83732583e-03 -2.86547484e-04 -2.73688189e-03 -3.73064632e-04
-9.37267362e-01 2.83428829e-03 -2.89169373e-04 -2.73228323e-03 -3.75160680e-04
-9.36718746e-01 2.83125800e-03 -2.91803275e-04 -2.72767643e-03 -3.77248987e-04
-9.36167820e-01 2.82823511e-03 -2.94449176e-04 -2.72306161e-03 -3.79329430e-04
-9.35614585e-01 2.82521978e-03 -2.97107061e-04 -2.71843890e-03 -3.81401891e-04
-9.35059043e-01 2.82221218e-03 -2.99776916e-04 -2.71380841e-03 -3.83466249e-04
-9.34501195e-01 2.81921246e-03 -3.02458723e-04 -2.70917027e-03 -3.85522387e-04
-9.33941042e-01 2.81622079e-03 -3.05152468e-04 -2.70452459e-03 -3.87570187e-04
-9.33378586e-01 2.81323731e-03 -3.07858135e-04 -2.69987151e-03 -3.89609534e-04
-9.32813828e-01 2.81026219e-03 -3.10575705e-04 -2.69521114e-03 -3.91640314e-04
-9.32246769e-01 2.80729558e-03 -3.13305163e-04 -2.69054361e-03 -3.93662413e-04
-9.31677412e-01 2.80433763e-03 -3.16046490e-04 -2.68586902e-03 -3.95675721e-04
-9.31105757e-01 2.80138849e-03 -3.18799670e-04 -2.68118752e-03 -3.97680125e-04
-9.30531805e-01 2.79844831e-03 -3.21564683e-04 -2.67649920e-03 -3.99675518e-04
-9.29955559e-01 2.79551725e-03 -3.24341512e-04 -2.67180420e-03 -4.01661790e-04
-9.29377019e-01 2.79259545e-03 -3.27130137e-04 -2.66710263e-03 -4.03638836e-04
-9.28796187e-01 2.78968305e-03 -3.29930539e-04 -2.66239461e-03 -4.05606550e-04
-9.28213065e-01 2.78678021e-03 -3.32742699e-04 -2.65768026e-03 -4.07564827e-04
-9.27627654e-01 2.78388706e-03 -3.35566597e-04 -2.65295970e-03 -4.09513565e-04
-9.27039955e-01 2.78100376e-03 -3.38402212e-04 -2.64823305e-03 -4.11452663e-04
-9.26449969e-01 2.77813043e-03 -3.41249524e-04 -2.64350042e-03 -4.13382019e-04
-9.25857699e-01 2.77526723e-03 -3.44108512e-04 -2.63876193e-03 -4.15301536e-04
-9.25263146e-01 2.77241429e-03 -3.46979154e-04 -2.63401770e-03 -4.17211116e-04
-9.24666310e-01 2.76957175e-03 -3.49861428e-04 -2.62926784e-03 -4.19110663e-04
-9.24067195e-01 2.76673974e-03 -3.52755313e-04 -2.62451247e-03 -4.21000082e-04
-9.23465800e-01 2.76391840e-03 -3.55660786e-04 -2.61975171e-03 -4.22879279e-04
-9.22862128e-01 2.76110787e-03 -3.58577825e-04 -2.61498567e-03 -4.24748162e-04
-9.22256180e-01 2.75830828e-03 -3.61506405e-04 -2.61021446e-03 -4.26606642e-04
-9.21647958e-01 2.75551975e-03 -3.64446504e-04 -2.60543820e-03 -4.28454627e-04
-9.21037462e-01 2.75274242e-03 -3.67398097e-04 -2.60065701e-03 -4.30292030e-04
-9.20424696e-01 2.74997642e-03 -3.70361161e-04 -2.59587100e-03 -4.32118765e-04
-9.19809659e-01 2.74722187e-03 -3.73335670e-04 -2.59108027e-03 -4.33934747e-04
-9.19192354e-01 2.74447890e-03 -3.76321601e-04 -2.58628495e-03 -4.35739891e-04
-9.18572782e-01 2.74174763e-03 -3.79318927e-04 -2.58148514e-03 -4.37534115e-04
-9.17950945e-01 2.73902819e-03 -3.82327623e-04 -2.57668096e-03 -4.39317338e-04
-9.17326844e-01 2.73632070e-03 -3.85347662e-04 -2.57187252e-03 -4.41089480e-04
-9.16700480e-01 2.73362528e-03 -3.88379020e-04 -2.56705992e-03 -4.42850464e-04
-9.16071856e-01 2.73094205e-03 -3.91421668e-04 -2.56224329e-03 -4.44600211e-04
-9.15440973e-01 2.72827112e-03 -3.94475580e-04 -2.55742272e-03 -4.46338647e-04
-9.14807832e-01 2.72561261e-03 -3.97540728e-04 -2.55259833e-03 -4.48065698e-04
-9.14172435e-01 2.72296664e-03 -4.00617085e-04 -2.54777023e-03 -4.49781291e-04
-9.13534783e-01 2.72033332e-03 -4.03704622e-04 -2.54293852e-03 -4.51485355e-04
-9.12894879e-01 2.71771276e-03 -4.06803312e-04 -2.53810332e-03 -4.53177820e-04
-9.12252723e-01 2.71510508e-03 -4.09913125e-04 -2.53326472e-03 -4.54858617e-04
-9.11608317e-01 2.71251038e-03 -4.13034032e-04 -2.52842284e-03 -4.56527680e-04
-9.10961663e-01 2.70992876e-03 -4.16166005e-04 -2.52357779e-03 -4.58184944e-04
-9.10312763e-01 2.70736034e-03 -4.19309012e-04 -2.51872966e-03 -4.59830343e-04
-9.09661618e-01 2.70480523e-03 -4.22463024e-04 -2.51387856e-03 -4.61463816e-04
-9.09008229e-01 2.70226352e-03 -4.25628010e-04 -2.50902460e-03 -4.63085302e-04
-9.08352599e-01 2.69973531e-03 -4.28803940e-04 -2.50416788e-03 -4.64694739e-04
-9.07694728e-01 2.69722072e-03 -4.31990783e-04 -2.49930851e-03 -4.66292071e-04
-9.07034619e-01 2.69471983e-03 -4.35188506e-04 -2.49444658e-03 -4.67877240e-04
-9.06372273e-01 2.69223275e-03 -4.38397079e-04 -2.48958220e-03 -4.69450191e-04
-9.05707691e-01 2.68975957e-03 -4.41616469e-04 -2.48471548e-03 -4.71010869e-04
-9.05040876e-01 2.68730038e-03 -4.44846643e-04 -2.47984650e-03 -4.72559223e-04
-9.04371830e-01 2.68485529e-03 -4.48087569e-04 -2.47497538e-03 -4.74095200e-04
-9.03700552e-01 2.68242438e-03 -4.51339214e-04 -2.47010220e-03 -4.75618752e-04
-9.03027046e-01 2.68000774e-03 -4.54601544e-04 -2.46522708e-03 -4.77129829e-04
-9.02351313e-01 2.67760547e-03 -4.57874525e-04 -2.46035011e-03 -4.78628385e-04
-9.01673355e-01 2.67521765e-03 -4.61158124e-04 -2.45547138e-03 -4.80114375e-04
-9.00993173e-01 2.67284437e-03 -4.64452306e-04 -2.45059100e-03 -4.81587755e-04
-9.00310769e-01 2.67048571e-03 -4.67757036e-04 -2.44570906e-03 -4.83048482e-04
-8.99626145e-01 2.66814176e-03 -4.71072279e-04 -2.44082566e-03 -4.84496514e-04
-8.98939302e-01 2.66581260e-03 -4.74398000e-04 -2.43594088e-03 -4.85931814e-04
-8.98250242e-01 2.66349831e-03 -4.77734164e-04 -2.43105484e-03 -4.87354341e-04
-8.97558967e-01 2.66119898e-03 -4.81080733e-04 -2.42616761e-03 -4.88764059e-04
-8.96865478e-01 2.65891467e-03 -4.84437672e-04 -2.42127930e-03 -4.90160933e-04
-8.96169778e-01 2.65664546e-03 -4.87804945e-04 -2.41638999e-03 -4.91544930e-04
-8.95471867e-01 2.65439144e-03 -4.91182514e-04 -2.41149978e-03 -4.92916016e-04
-8.94771748e-01 2.65215267e-03 -4.94570342e-04 -2.40660876e-03 -4.94274160e-04
-8.94069423e-01 2.64992923e-03 -4.97968392e-04 -2.40171702e-03 -4.95619333e-04
-8.93364892e-01 2.64772118e-03 -5.01376625e-04 -2.39682465e-03 -4.96951507e-04
-8.92658159e-01 2.64552861e-03 -5.04795004e-04 -2.39193174e-03 -4.98270654e-04
-8.91949223e-01 2.64335157e-03 -5.08223491e-04 -2.38703838e-03 -4.99576750e-04
-8.91238089e-01 2.64119013e-03 -5.11662045e-04 -2.38214465e-03 -5.00869769e-04
-8.90524756e-01 2.63904437e-03 -5.15110630e-04 -2.37725064e-03 -5.02149691e-04
-8.89809227e-01 2.63691433e-03 -5.18569205e-04 -2.37235644e-03 -5.03416494e-04
-8.89091503e-01 2.63480010e-03 -5.22037730e-04 -2.36746213e-03 -5.04670157e-04
-8.88371587e-01 2.63270171e-03 -5.25516166e-04 -2.36256780e-03 -5.05910663e-04
-8.87649480e-01 2.63061925e-03 -5.29004473e-04 -2.35767354e-03 -5.07137994e-04
-8.86925184e-01 2.62855276e-03 -5.32502610e-04 -2.35277942e-03 -5.08352135e-04
-8.86198701e-01 2.62650230e-03 -5.36010536e-04 -2.34788552e-03 -5.09553073e-04
-8.85470032e-01 2.62446794e-03 -5.39528211e-04 -2.34299194e-03 -5.10740793e-04
-8.84739180e-01 2.62244971e-03 -5.43055593e-04 -2.33809875e-03 -5.11915285e-04
-8.84006145e-01 2.62044768e-03 -5.46592640e-04 -2.33320603e-03 -5.13076539e-04
-8.83270931e-01 2.61846190e-03 -5.50139311e-04 -2.32831386e-03 -5.14224546e-04
-8.82533538e-01 2.61649241e-03 -5.53695563e-04 -2.32342232e-03 -5.15359298e-04
-8.81793969e-01 2.61453928e-03 -5.57261355e-04 -2.31853148e-03 -5.16480791e-04
-8.81052225e-01 2.61260253e-03 -5.60836643e-04 -2.31364143e-03 -5.17589019e-04
-8.80308308e-01 2.61068223e-03 -5.64421385e-04 -2.30875225e-03 -5.18683979e-04
-8.79562220e-01 2.60877841e-03 -5.68015538e-04 -2.30386399e-03 -5.19765670e-04
-8.78813963e-01 2.60689113e-03 -5.71619057e-04 -2.29897675e-03 -5.20834091e-04
-8.78063539e-01 2.60502041e-03 -5.75231899e-04 -2.29409060e-03 -5.21889242e-04
-8.77310949e-01 2.60316630e-03 -5.78854021e-04 -2.28920560e-03 -5.22931127e-04
-8.76556196e-01 2.60132885e-03 -5.82485378e-04 -2.28432183e-03 -5.23959748e-04
-8.75799281e-01 2.59950809e-03 -5.86125925e-04 -2.27943937e-03 -5.24975111e-04
-8.75040206e-01 2.59770405e-03 -5.89775618e-04 -2.27455828e-03 -5.25977221e-04
-8.74278973e-01 2.59591677e-03 -5.93434413e-04 -2.26967863e-03 -5.26966086e-04
-8.73515584e-01 2.59414629e-03 -5.97102262e-04 -2.26480050e-03 -5.27941716e-04
-8.72750041e-01 2.59239265e-03 -6.00779122e-04 -2.25992394e-03 -5.28904119e-04
-8.71982345e-01 2.59065586e-03 -6.04464947e-04 -2.25504904e-03 -5.29853308e-04
-8.71212499e-01 2.58893596e-03 -6.08159689e-04 -2.25017585e-03 -5.30789296e-04
-8.70440504e-01 2.58723299e-03 -6.11863305e-04 -2.24530444e-03 -5.31712095e-04
-8.69666363e-01 2.58554696e-03 -6.15575746e-04 -2.24043487e-03 -5.32621722e-04
-8.68890077e-01 2.58387791e-03 -6.19296966e-04 -2.23556722e-03 -5.33518193e-04
-8.68111648e-01 2.58222586e-03 -6.23026918e-04 -2.23070153e-03 -5.34401526e-04
-8.67331079e-01 2.58059083e-03 -6.26765556e-04 -2.22583788e-03 -5.35271739e-04
-8.66548370e-01 2.57897285e-03 -6.30512831e-04 -2.22097633e-03 -5.36128854e-04
-8.65763524e-01 2.57737194e-03 -6.34268697e-04 -2.21611694e-03 -5.36972892e-04
-8.64976543e-01 2.57578812e-03 -6.38033105e-04 -2.21125977e-03 -5.37803875e-04
-8.64187429e-01 2.57422141e-03 -6.41806007e-04 -2.20640487e-03 -5.38621827e-04
-8.63396184e-01 2.57267182e-03 -6.45587356e-04 -2.20155230e-03 -5.39426774e-04
-8.62602809e-01 2.57113937e-03 -6.49377102e-04 -2.19670213e-03 -5.40218743e-04
-8.61807307e-01 2.56962409e-03 -6.53175197e-04 -2.19185441e-03 -5.40997760e-04
-8.61009680e-01 2.56812597e-03 -6.56981593e-04 -2.18700919e-03 -5.41763855e-04
-8.60209930e-01 2.56664504e-03 -6.60796239e-04 -2.18216652e-03 -5.42517057e-04
-8.59408057e-01 2.56518131e-03 -6.64619087e-04 -2.17732647e-03 -5.43257399e-04
-8.58604066e-01 2.56373478e-03 -6.68450087e-04 -2.17248909e-03 -5.43984911e-04
-8.57797957e-01 2.56230547e-03 -6.72289189e-04 -2.16765442e-03 -5.44699629e-04
-8.56989732e-01 2.56089339e-03 -6.76136344e-04 -2.16282252e-03 -5.45401586e-04
-8.56179395e-01 2.55949854e-03 -6.79991501e-04 -2.15799344e-03 -5.46090818e-04
-8.55366945e-01 2.55812093e-03 -6.83854610e-04 -2.15316723e-03 -5.46767363e-04
-8.54552386e-01 2.55676056e-03 -6.87725621e-04 -2.14834394e-03 -5.47431258e-04
-8.53735720e-01 2.55541744e-03 -6.91604483e-04 -2.14352360e-03 -5.48082543e-04
-8.52916948e-01 2.55409157e-03 -6.95491144e-04 -2.13870628e-03 -5.48721258e-04
-8.52096073e-01 2.55278294e-03 -6.99385554e-04 -2.13389202e-03 -5.49347445e-04
-8.51273096e-01 2.55149157e-03 -7.03287662e-04 -2.12908085e-03 -5.49961146e-04
-8.50448020e-01 2.55021745e-03 -7.07197416e-04 -2.12427283e-03 -5.50562404e-04
-8.49620847e-01 2.54896058e-03 -7.11114764e-04 -2.11946800e-03 -5.51151265e-04
-8.48791578e-01 2.54772096e-03 -7.15039654e-04 -2.11466640e-03 -5.51727774e-04
-8.47960216e-01 2.54649858e-03 -7.18972035e-04 -2.10986808e-03 -5.52291978e-04
-8.47126763e-01 2.54529343e-03 -7.22911855e-04 -2.10507306e-03 -5.52843925e-04
-8.46291221e-01 2.54410551e-03 -7.26859061e-04 -2.10028139e-03 -5.53383664e-04
-8.45453591e-01 2.54293482e-03 -7.30813599e-04 -2.09549312e-03 -5.53911245e-04
-8.44613877e-01 2.54178134e-03 -7.34775419e-04 -2.09070827e-03 -5.54426718e-04
-8.43772079e-01 2.54064507e-03 -7.38744467e-04 -2.08592689e-03 -5.54930136e-04
-8.42928201e-01 2.53952599e-03 -7.42720689e-04 -2.08114900e-03 -5.55421552e-04
-8.42082244e-01 2.53842410e-03 -7.46704033e-04 -2.07637466e-03 -5.55901020e-04
-8.41234210e-01 2.53733938e-03 -7.50694446e-04 -2.07160388e-03 -5.56368594e-04
-8.40384102e-01 2.53627182e-03 -7.54691873e-04 -2.06683670e-03 -5.56824331e-04
-8.39531921e-01 2.53522140e-03 -7.58696261e-04 -2.06207316e-03 -5.57268288e-04
-8.38677669e-01 2.53418811e-03 -7.62707556e-04 -2.05731328e-03 -5.57700522e-04
-8.37821349e-01 2.53317194e-03 -7.66725705e-04 -2.05255709e-03 -5.58121091e-04
-8.36962964e-01 2.53217286e-03 -7.70750653e-04 -2.04780463e-03 -5.58530057e-04
-8.36102514e-01 2.53119085e-03 -7.74782345e-04 -2.04305593e-03 -5.58927479e-04
-8.35240002e-01 2.53022591e-03 -7.78820728e-04 -2.03831101e-03 -5.59313419e-04
-8.34375430e-01 2.52927800e-03 -7.82865747e-04 -2.03356989e-03 -5.59687939e-04
-8.33508800e-01 2.52834711e-03 -7.86917347e-04 -2.02883260e-03 -5.60051103e-04
-8.32640115e-01 2.52743322e-03 -7.90975472e-04 -2.02409918e-03 -5.60402975e-04
-8.31769377e-01 2.52653630e-03 -7.95040069e-04 -2.01936963e-03 -5.60743619e-04
-8.30896587e-01 2.52565633e-03 -7.99111082e-04 -2.01464399e-03 -5.61073102e-04
-8.30021748e-01 2.52479328e-03 -8.03188456e-04 -2.00992228e-03 -5.61391491e-04
-8.29144862e-01 2.52394713e-03 -8.07272135e-04 -2.00520451e-03 -5.61698853e-04
-8.28265931e-01 2.52311786e-03 -8.11362064e-04 -2.00049071e-03 -5.61995256e-04
-8.27384958e-01 2.52230543e-03 -8.15458186e-04 -1.99578089e-03 -5.62280770e-04
-8.26501944e-01 2.52150982e-03 -8.19560447e-04 -1.99107509e-03 -5.62555465e-04
-8.25616892e-01 2.52073100e-03 -8.23668790e-04 -1.98637330e-03 -5.62819411e-04
-8.24729804e-01 2.51996893e-03 -8.27783159e-04 -1.98167555e-03 -5.63072681e-04
-8.23840681e-01 2.51922360e-03 -8.31903499e-04 -1.97698186e-03 -5.63315346e-04
-8.22949527e-01 2.51849497e-03 -8.36029752e-04 -1.97229223e-03 -5.63547479e-04
-8.22056344e-01 2.51778300e-03 -8.40161862e-04 -1.96760669e-03 -5.63769154e-04
-8.21161133e-01 2.51708766e-03 -8.44299773e-04 -1.96292524e-03 -5.63980447e-04
-8.20263897e-01 2.51640893e-03 -8.48443427e-04 -1.95824790e-03 -5.64181432e-04
-8.19364639e-01 2.51574676e-03 -8.52592770e-04 -1.95357467e-03 -5.64372185e-04
-8.18463359e-01 2.51510112e-03 -8.56747742e-04 -1.94890558e-03 -5.64552782e-04
-8.17560061e-01 2.51447197e-03 -8.60908287e-04 -1.94424062e-03 -5.64723303e-04
-8.16654747e-01 2.51385929e-03 -8.65074349e-04 -1.93957980e-03 -5.64883823e-04
-8.15747419e-01 2.51326302e-03 -8.69245870e-04 -1.93492313e-03 -5.65034423e-04
-8.14838079e-01 2.51268314e-03 -8.73422792e-04 -1.93027063e-03 -5.65175181e-04
-8.13926729e-01 2.51211960e-03 -8.77605059e-04 -1.92562228e-03 -5.65306177e-04
-8.13013373e-01 2.51157237e-03 -8.81792612e-04 -1.92097811e-03 -5.65427493e-04
-8.12098011e-01 2.51104140e-03 -8.85985394e-04 -1.91633810e-03 -5.65539209e-04
-8.11180646e-01 2.51052666e-03 -8.90183347e-04 -1.91170227e-03 -5.65641407e-04
-8.10261281e-01 2.51002810e-03 -8.94386413e-04 -1.90707062e-03 -5.65734170e-04
-8.09339918e-01 2.50954568e-03 -8.98594535e-04 -1.90244314e-03 -5.65817581e-04
-8.08416559e-01 2.50907936e-03 -9.02807655e-04 -1.89781984e-03 -5.65891723e-04
-8.07491206e-01 2.50862910e-03 -9.07025713e-04 -1.89320071e-03 -5.65956680e-04
-8.06563861e-01 2.50819485e-03 -9.11248652e-04 -1.88858575e-03 -5.66012538e-04
-8.05634528e-01 2.50777656e-03 -9.15476415e-04 -1.88397497e-03 -5.66059381e-04
-8.04703207e-01 2.50737420e-03 -9.19708941e-04 -1.87936835e-03 -5.66097296e-04
-8.03769903e-01 2.50698772e-03 -9.23946173e-04 -1.87476589e-03 -5.66126368e-04
-8.02834616e-01 2.50661706e-03 -9.28188052e-04 -1.87016759e-03 -5.66146684e-04
-8.01897349e-01 2.50626219e-03 -9.32434520e-04 -1.86557344e-03 -5.66158332e-04
-8.00958104e-01 2.50592306e-03 -9.36685517e-04 -1.86098343e-03 -5.66161399e-04
-8.00016884e-01 2.50559962e-03 -9.40940985e-04 -1.85639756e-03 -5.66155974e-04
-7.99073691e-01 2.50529181e-03 -9.45200865e-04 -1.85181581e-03 -5.66142145e-04
-7.98128528e-01 2.50499960e-03 -9.49465099e-04 -1.84723817e-03 -5.66120001e-04
-7.97181396e-01 2.50472294e-03 -9.53733625e-04 -1.84266464e-03 -5.66089631e-04
-7.96232298e-01 2.50446176e-03 -9.58006387e-04 -1.83809520e-03 -5.66051127e-04
-7.95281236e-01 2.50421603e-03 -9.62283324e-04 -1.83352984e-03 -5.66004577e-04
-7.94328214e-01 2.50398569e-03 -9.66564377e-04 -1.82896855e-03 -5.65950074e-04
-7.93373232e-01 2.50377069e-03 -9.70849487e-04 -1.82441130e-03 -5.65887707e-04
-7.92416293e-01 2.50357098e-03 -9.75138594e-04 -1.81985809e-03 -5.65817568e-04
-7.91457401e-01 2.50338651e-03 -9.79431639e-04 -1.81530891e-03 -5.65739750e-04
-7.90496556e-01 2.50321723e-03 -9.83728561e-04 -1.81076372e-03 -5.65654344e-04
-7.89533763e-01 2.50306307e-03 -9.88029303e-04 -1.80622252e-03 -5.65561442e-04
-7.88569022e-01 2.50292399e-03 -9.92333803e-04 -1.80168528e-03 -5.65461138e-04
-7.87602336e-01 2.50279994e-03 -9.96642001e-04 -1.79715199e-03 -5.65353525e-04
-7.86633708e-01 2.50269086e-03 -1.00095384e-03 -1.79262263e-03 -5.65238696e-04
-7.85663139e-01 2.50259669e-03 -1.00526926e-03 -1.78809717e-03 -5.65116745e-04
-7.84690634e-01 2.50251739e-03 -1.00958819e-03 -1.78357559e-03 -5.64987766e-04
-7.83716193e-01 2.50245289e-03 -1.01391059e-03 -1.77905787e-03 -5.64851853e-04
-7.82739819e-01 2.50240314e-03 -1.01823638e-03 -1.77454398e-03 -5.64709100e-04
-7.81761515e-01 2.50236809e-03 -1.02256551e-03 -1.77003391e-03 -5.64559602e-04
-7.80781283e-01 2.50234768e-03 -1.02689792e-03 -1.76552761e-03 -5.64403455e-04
-7.79799126e-01 2.50234184e-03 -1.03123355e-03 -1.76102508e-03 -5.64240752e-04
-7.78815045e-01 2.50235054e-03 -1.03557234e-03 -1.75652628e-03 -5.64071590e-04
-7.77829044e-01 2.50237370e-03 -1.03991422e-03 -1.75203117e-03 -5.63896065e-04
-7.76841124e-01 2.50241127e-03 -1.04425914e-03 -1.74753974e-03 -5.63714271e-04
-7.75851289e-01 2.50246319e-03 -1.04860703e-03 -1.74305196e-03 -5.63526304e-04
-7.74859540e-01 2.50252941e-03 -1.05295784e-03 -1.73856778e-03 -5.63332262e-04
-7.73865880e-01 2.50260987e-03 -1.05731151e-03 -1.73408719e-03 -5.63132239e-04
-7.72870312e-01 2.50270450e-03 -1.06166797e-03 -1.72961014e-03 -5.62926332e-04
-7.71872838e-01 2.50281326e-03 -1.06602716e-03 -1.72513661e-03 -5.62714637e-04
-7.70873460e-01 2.50293607e-03 -1.07038903e-03 -1.72066656e-03 -5.62497252e-04
-7.69872181e-01 2.50307289e-03 -1.07475351e-03 -1.71619996e-03 -5.62274272e-04
-7.68869004e-01 2.50322365e-03 -1.07912054e-03 -1.71173677e-03 -5.62045793e-04
-7.67863930e-01 2.50338830e-03 -1.08349005e-03 -1.70727696e-03 -5.61811914e-04
-7.66856963e-01 2.50356677e-03 -1.08786200e-03 -1.70282048e-03 -5.61572731e-04
-7.65848104e-01 2.50375900e-03 -1.09223632e-03 -1.69836730e-03 -5.61328339e-04
-7.64837357e-01 2.50396494e-03 -1.09661294e-03 -1.69391738e-03 -5.61078837e-04
-7.63824724e-01 2.50418452e-03 -1.10099180e-03 -1.68947069e-03 -5.60824322e-04
-7.62810206e-01 2.50441768e-03 -1.10537285e-03 -1.68502717e-03 -5.60564889e-04
-7.61793808e-01 2.50466437e-03 -1.10975603e-03 -1.68058680e-03 -5.60300636e-04
-7.60775531e-01 2.50492452e-03 -1.11414126e-03 -1.67614953e-03 -5.60031660e-04
-7.59755377e-01 2.50519808e-03 -1.11852850e-03 -1.67171531e-03 -5.59758057e-04
-7.58733350e-01 2.50548497e-03 -1.12291767e-03 -1.66728410e-03 -5.59479925e-04
-7.57709452e-01 2.50578515e-03 -1.12730872e-03 -1.66285586e-03 -5.59197360e-04
-7.56683685e-01 2.50609855e-03 -1.13170159e-03 -1.65843055e-03 -5.58910459e-04
-7.55656053e-01 2.50642511e-03 -1.13609621e-03 -1.65400811e-03 -5.58619318e-04
-7.54626556e-01 2.50676476e-03 -1.14049252e-03 -1.64958850e-03 -5.58324034e-04
-7.53595199e-01 2.50711745e-03 -1.14489047e-03 -1.64517168e-03 -5.58024703e-04
-7.52561982e-01 2.50748312e-03 -1.14928998e-03 -1.64075760e-03 -5.57721422e-04
-7.51526911e-01 2.50786171e-03 -1.15369100e-03 -1.63634620e-03 -5.57414287e-04
-7.50489985e-01 2.50825315e-03 -1.15809347e-03 -1.63193744e-03 -5.57103394e-04
-7.49451209e-01 2.50865738e-03 -1.16249733e-03 -1.62753127e-03 -5.56788839e-04
-7.48410585e-01 2.50907435e-03 -1.16690250e-03 -1.62312764e-03 -5.56470718e-04
-7.47368114e-01 2.50950398e-03 -1.17130894e-03 -1.61872650e-03 -5.56149125e-04
-7.46323801e-01 2.50994623e-03 -1.17571657e-03 -1.61432779e-03 -5.55824158e-04
-7.45277647e-01 2.51040103e-03 -1.18012534e-03 -1.60993146e-03 -5.55495911e-04
-7.44229655e-01 2.51086831e-03 -1.18453519e-03 -1.60553747e-03 -5.55164478e-04
-7.43179828e-01 2.51134802e-03 -1.18894605e-03 -1.60114574e-03 -5.54829956e-04
-7.42128168e-01 2.51184010e-03 -1.19335786e-03 -1.59675623e-03 -5.54492438e-04
-7.41074678e-01 2.51234448e-03 -1.19777056e-03 -1.59236889e-03 -5.54152019e-04
-7.40019360e-01 2.51286111e-03 -1.20218409e-03 -1.58798366e-03 -5.53808793e-04
-7.38962217e-01 2.51338992e-03 -1.20659838e-03 -1.58360047e-03 -5.53462855e-04
-7.37903252e-01 2.51393085e-03 -1.21101337e-03 -1.57921928e-03 -5.53114297e-04
-7.36842467e-01 2.51448385e-03 -1.21542900e-03 -1.57484003e-03 -5.52763213e-04
-7.35779864e-01 2.51504885e-03 -1.21984521e-03 -1.57046265e-03 -5.52409696e-04
-7.34715448e-01 2.51562579e-03 -1.22426194e-03 -1.56608708e-03 -5.52053839e-04
-7.33649219e-01 2.51621462e-03 -1.22867912e-03 -1.56171327e-03 -5.51695735e-04
-7.32581181e-01 2.51681526e-03 -1.23309669e-03 -1.55734116e-03 -5.51335475e-04
-7.31511336e-01 2.51742767e-03 -1.23751459e-03 -1.55297068e-03 -5.50973152e-04
-7.30439687e-01 2.51805178e-03 -1.24193275e-03 -1.54860177e-03 -5.50608857e-04
-7.29366237e-01 2.51868754e-03 -1.24635112e-03 -1.54423437e-03 -5.50242681e-04
-7.28290988e-01 2.51933488e-03 -1.25076963e-03 -1.53986842e-03 -5.49874715e-04
-7.27213943e-01 2.51999374e-03 -1.25518822e-03 -1.53550385e-03 -5.49505050e-04
-7.26135105e-01 2.52066407e-03 -1.25960682e-03 -1.53114059e-03 -5.49133775e-04
-7.25054476e-01 2.52134580e-03 -1.26402538e-03 -1.52677859e-03 -5.48760980e-04
-7.23972059e-01 2.52203888e-03 -1.26844383e-03 -1.52241777e-03 -5.48386755e-04
-7.22887856e-01 2.52274326e-03 -1.27286211e-03 -1.51805808e-03 -5.48011189e-04
-7.21801870e-01 2.52345886e-03 -1.27728015e-03 -1.51369944e-03 -5.47634369e-04
-7.20714105e-01 2.52418563e-03 -1.28169790e-03 -1.50934178e-03 -5.47256384e-04
-7.19624562e-01 2.52492353e-03 -1.28611528e-03 -1.50498504e-03 -5.46877321e-04
-7.18533244e-01 2.52567247e-03 -1.29053225e-03 -1.50062915e-03 -5.46497268e-04
-7.17440155e-01 2.52643242e-03 -1.29494873e-03 -1.49627404e-03 -5.46116311e-04
-7.16345296e-01 2.52720332e-03 -1.29936466e-03 -1.49191964e-03 -5.45734537e-04
-7.15248670e-01 2.52798510e-03 -1.30377998e-03 -1.48756588e-03 -5.45352031e-04
-7.14150280e-01 2.52877771e-03 -1.30819462e-03 -1.48321269e-03 -5.44968879e-04
-7.13050130e-01 2.52958110e-03 -1.31260853e-03 -1.47886000e-03 -5.44585164e-04
-7.11948220e-01 2.53039520e-03 -1.31702164e-03 -1.47450773e-03 -5.44200973e-04
-7.10844555e-01 2.53121997e-03 -1.32143389e-03 -1.47015582e-03 -5.43816387e-04
-7.09739137e-01 2.53205534e-03 -1.32584521e-03 -1.46580419e-03 -5.43431491e-04
-7.08631969e-01 2.53290126e-03 -1.33025554e-03 -1.46145277e-03 -5.43046367e-04
-7.07523053e-01 2.53375769e-03 -1.33466482e-03 -1.45710148e-03 -5.42661097e-04
-7.06412392e-01 2.53462455e-03 -1.33907298e-03 -1.45275025e-03 -5.42275763e-04
-7.05299989e-01 2.53550181e-03 -1.34347997e-03 -1.44839901e-03 -5.41890446e-04
-7.04185846e-01 2.53638940e-03 -1.34788572e-03 -1.44404767e-03 -5.41505226e-04
-7.03069967e-01 2.53728727e-03 -1.35229016e-03 -1.43969617e-03 -5.41120183e-04
-7.01952354e-01 2.53819537e-03 -1.35669324e-03 -1.43534442e-03 -5.40735396e-04
-7.00833010e-01 2.53911365e-03 -1.36109488e-03 -1.43099236e-03 -5.40350945e-04
-6.99711937e-01 2.54004205e-03 -1.36549503e-03 -1.42663990e-03 -5.39966907e-04
-6.98589139e-01 2.54098052e-03 -1.36989363e-03 -1.42228697e-03 -5.39583359e-04
-6.97464618e-01 2.54192902e-03 -1.37429060e-03 -1.41793348e-03 -5.39200378e-04
-6.96338377e-01 2.54288748e-03 -1.37868589e-03 -1.41357936e-03 -5.38818042e-04
-6.95210419e-01 2.54385586e-03 -1.38307943e-03 -1.40922454e-03 -5.38436424e-04
-6.94080746e-01 2.54483410e-03 -1.38747117e-03 -1.40486892e-03 -5.38055600e-04
-6.92949362e-01 2.54582217e-03 -1.39186103e-03 -1.40051244e-03 -5.37675645e-04
-6.91816268e-01 2.54682000e-03 -1.39624895e-03 -1.39615500e-03 -5.37296631e-04
-6.90681469e-01 2.54782755e-03 -1.40063487e-03 -1.39179654e-03 -5.36918632e-04
-6.89544966e-01 2.54884478e-03 -1.40501873e-03 -1.38743697e-03 -5.36541720e-04
-6.88406763e-01 2.54987162e-03 -1.40940046e-03 -1.38307620e-03 -5.36165966e-04
-6.87266861e-01 2.55090803e-03 -1.41378000e-03 -1.37871417e-03 -5.35791442e-04
-6.86125265e-01 2.55195398e-03 -1.41815729e-03 -1.37435077e-03 -5.35418216e-04
-6.84981977e-01 2.55300940e-03 -1.42253226e-03 -1.36998594e-03 -5.35046360e-04
-6.83837000e-01 2.55407425e-03 -1.42690485e-03 -1.36561959e-03 -5.34675941e-04
-6.82690336e-01 2.55514849e-03 -1.43127499e-03 -1.36125164e-03 -5.34307027e-04
-6.81541988e-01 2.55623207e-03 -1.43564263e-03 -1.35688199e-03 -5.33939686e-04
-6.80391960e-01 2.55732495e-03 -1.44000769e-03 -1.35251058e-03 -5.33573983e-04
-6.79240254e-01 2.55842707e-03 -1.44437012e-03 -1.34813731e-03 -5.33209986e-04
-6.78086872e-01 2.55953840e-03 -1.44872985e-03 -1.34376210e-03 -5.32847757e-04
-6.76931818e-01 2.56065889e-03 -1.45308682e-03 -1.33938487e-03 -5.32487363e-04
-6.75775095e-01 2.56178850e-03 -1.45744096e-03 -1.33500553e-03 -5.32128865e-04
-6.74616706e-01 2.56292719e-03 -1.46179221e-03 -1.33062399e-03 -5.31772327e-04
-6.73456652e-01 2.56407491e-03 -1.46614051e-03 -1.32624017e-03 -5.31417810e-04
-6.72294938e-01 2.56523162e-03 -1.47048579e-03 -1.32185399e-03 -5.31065376e-04
-6.71131566e-01 2.56639728e-03 -1.47482799e-03 -1.31746535e-03 -5.30715085e-04
-6.69966538e-01 2.56757185e-03 -1.47916704e-03 -1.31307417e-03 -5.30366995e-04
-6.68799859e-01 2.56875529e-03 -1.48350289e-03 -1.30868037e-03 -5.30021165e-04
-6.67631530e-01 2.56994755e-03 -1.48783547e-03 -1.30428385e-03 -5.29677654e-04
-6.66461554e-01 2.57114861e-03 -1.49216471e-03 -1.29988453e-03 -5.29336518e-04
-6.65289935e-01 2.57235842e-03 -1.49649055e-03 -1.29548233e-03 -5.28997813e-04
-6.64116675e-01 2.57357694e-03 -1.50081293e-03 -1.29107715e-03 -5.28661594e-04
-6.62941778e-01 2.57480413e-03 -1.50513178e-03 -1.28666890e-03 -5.28327916e-04
-6.61765245e-01 2.57603996e-03 -1.50944705e-03 -1.28225750e-03 -5.27996832e-04
-6.60587080e-01 2.57728439e-03 -1.51375865e-03 -1.27784286e-03 -5.27668394e-04
-6.59407287e-01 2.57853738e-03 -1.51806655e-03 -1.27342489e-03 -5.27342655e-04
-6.58225867e-01 2.57979891e-03 -1.52237066e-03 -1.26900351e-03 -5.27019665e-04
-6.57042824e-01 2.58106892e-03 -1.52667092e-03 -1.26457861e-03 -5.26699474e-04
-6.55858160e-01 2.58234740e-03 -1.53096728e-03 -1.26015012e-03 -5.26382131e-04
-6.54671879e-01 2.58363430e-03 -1.53525966e-03 -1.25571795e-03 -5.26067685e-04
-6.53483983e-01 2.58492959e-03 -1.53954801e-03 -1.25128200e-03 -5.25756182e-04
-6.52294476e-01 2.58623324e-03 -1.54383226e-03 -1.24684218e-03 -5.25447669e-04
-6.51103360e-01 2.58754522e-03 -1.54811234e-03 -1.24239841e-03 -5.25142191e-04
-6.49910639e-01 2.58886550e-03 -1.55238820e-03 -1.23795059e-03 -5.24839793e-04
-6.48716314e-01 2.59019403e-03 -1.55665977e-03 -1.23349864e-03 -5.24540518e-04
-6.47520390e-01 2.59153081e-03 -1.56092698e-03 -1.22904246e-03 -5.24244409e-04
-6.46322869e-01 2.59287578e-03 -1.56518978e-03 -1.22458197e-03 -5.23951508e-04
-6.45123754e-01 2.59422893e-03 -1.56944809e-03 -1.22011707e-03 -5.23661854e-04
-6.43923048e-01 2.59559023e-03 -1.57370186e-03 -1.21564767e-03 -5.23375489e-04
-6.42720754e-01 2.59695964e-03 -1.57795102e-03 -1.21117368e-03 -5.23092451e-04
-6.41516875e-01 2.59833714e-03 -1.58219551e-03 -1.20669502e-03 -5.22812777e-04
-6.40311414e-01 2.59972271e-03 -1.58643526e-03 -1.20221158e-03 -5.22536505e-04
-6.39104373e-01 2.60111631e-03 -1.59067022e-03 -1.19772328e-03 -5.22263671e-04
-6.37895757e-01 2.60251793e-03 -1.59490031e-03 -1.19323004e-03 -5.21994308e-04
-6.36685567e-01 2.60392753e-03 -1.59912548e-03 -1.18873174e-03 -5.21728452e-04
-6.35473807e-01 2.60534509e-03 -1.60334565e-03 -1.18422832e-03 -5.21466135e-04
-6.34260480e-01 2.60677059e-03 -1.60756078e-03 -1.17971966e-03 -5.21207390e-04
-6.33045589e-01 2.60820401e-03 -1.61177079e-03 -1.17520569e-03 -5.20952246e-04
-6.31829137e-01 2.60964532e-03 -1.61597562e-03 -1.17068632e-03 -5.20700735e-04
-6.30611126e-01 2.61109450e-03 -1.62017521e-03 -1.16616144e-03 -5.20452884e-04
-6.29391561e-01 2.61255153e-03 -1.62436949e-03 -1.16163097e-03 -5.20208722e-04
-6.28170443e-01 2.61401638e-03 -1.62855840e-03 -1.15709481e-03 -5.19968276e-04
-6.26947776e-01 2.61548905e-03 -1.63274189e-03 -1.15255289e-03 -5.19731571e-04
-6.25723562e-01 2.61696950e-03 -1.63691987e-03 -1.14800509e-03 -5.19498633e-04
-6.24497806e-01 2.61845772e-03 -1.64109230e-03 -1.14345134e-03 -5.19269485e-04
-6.23270509e-01 2.61995370e-03 -1.64525911e-03 -1.13889154e-03 -5.19044151e-04
-6.22041676e-01 2.62145741e-03 -1.64942024e-03 -1.13432560e-03 -5.18822650e-04
-6.20811308e-01 2.62296883e-03 -1.65357562e-03 -1.12975343e-03 -5.18605006e-04
-6.19579410e-01 2.62448796e-03 -1.65772519e-03 -1.12517494e-03 -5.18391236e-04
-6.18345983e-01 2.62601478e-03 -1.66186889e-03 -1.12059003e-03 -5.18181360e-04
-6.17111031e-01 2.62754926e-03 -1.66600666e-03 -1.11599861e-03 -5.17975395e-04
-6.15874558e-01 2.62909141e-03 -1.67013843e-03 -1.11140060e-03 -5.17773358e-04
-6.14636565e-01 2.63064119e-03 -1.67426414e-03 -1.10679590e-03 -5.17575263e-04
-6.13397057e-01 2.63219861e-03 -1.67838373e-03 -1.10218442e-03 -5.17381126e-04
-6.12156036e-01 2.63376364e-03 -1.68249714e-03 -1.09756608e-03 -5.17190960e-04
-6.10913506e-01 2.63533629e-03 -1.68660430e-03 -1.09294077e-03 -5.17004776e-04
-6.09669468e-01 2.63691652e-03 -1.69070516e-03 -1.08830840e-03 -5.16822586e-04
-6.08423928e-01 2.63850435e-03 -1.69479964e-03 -1.08366890e-03 -5.16644401e-04
-6.07176887e-01 2.64009975e-03 -1.69888769e-03 -1.07902216e-03 -5.16470228e-04
-6.05928348e-01 2.64170271e-03 -1.70296925e-03 -1.07436810e-03 -5.16300075e-04
-6.04678315e-01 2.64331324e-03 -1.70704426e-03 -1.06970663e-03 -5.16133950e-04
-6.03426791e-01 2.64493131e-03 -1.71111264e-03 -1.06503765e-03 -5.15971858e-04
-6.02173778e-01 2.64655694e-03 -1.71517435e-03 -1.06036107e-03 -5.15813804e-04
-6.00919281e-01 2.64819010e-03 -1.71922933e-03 -1.05567681e-03 -5.15659791e-04
-5.99663302e-01 2.64983079e-03 -1.72327750e-03 -1.05098478e-03 -5.15509822e-04
-5.98405843e-01 2.65147901e-03 -1.72731880e-03 -1.04628488e-03 -5.15363897e-04
-5.97146909e-01 2.65313476e-03 -1.73135319e-03 -1.04157703e-03 -5.15222017e-04
-5.95886503e-01 2.65479802e-03 -1.73538059e-03 -1.03686114e-03 -5.15084181e-04
-5.94624627e-01 2.65646881e-03 -1.73940095e-03 -1.03213711e-03 -5.14950387e-04
-5.93361284e-01 2.65814711e-03 -1.74341421e-03 -1.02740486e-03 -5.14820632e-04
-5.92096478e-01 2.65983293e-03 -1.74742030e-03 -1.02266430e-03 -5.14694911e-04
-5.90830212e-01 2.66152626e-03 -1.75141916e-03 -1.01791534e-03 -5.14573219e-04
-5.89562488e-01 2.66322710e-03 -1.75541074e-03 -1.01315790e-03 -5.14455549e-04
-5.88293311e-01 2.66493546e-03 -1.75939498e-03 -1.00839187e-03 -5.14341894e-04
-5.87022683e-01 2.66665134e-03 -1.76337181e-03 -1.00361719e-03 -5.14232245e-04
-5.85750607e-01 2.66837473e-03 -1.76734117e-03 -9.98833750e-04 -5.14126593e-04
-5.84477087e-01 2.67010565e-03 -1.77130301e-03 -9.94041473e-04 -5.14024925e-04
-5.83202125e-01 2.67184409e-03 -1.77525727e-03 -9.89240269e-04 -5.13927229e-04
-5.81925725e-01 2.67359006e-03 -1.77920389e-03 -9.84430051e-04 -5.13833494e-04
-5.80647890e-01 2.67534356e-03 -1.78314280e-03 -9.79610732e-04 -5.13743703e-04
-5.79368623e-01 2.67710460e-03 -1.78707396e-03 -9.74782225e-04 -5.13657841e-04
-5.78087927e-01 2.67887319e-03 -1.79099730e-03 -9.69944445e-04 -5.13575893e-04
-5.76805805e-01 2.68064934e-03 -1.79491276e-03 -9.65097304e-04 -5.13497839e-04
-5.75522261e-01 2.68243304e-03 -1.79882028e-03 -9.60240716e-04 -5.13423661e-04
-5.74237298e-01 2.68422432e-03 -1.80271982e-03 -9.55374597e-04 -5.13353338e-04
-5.72950918e-01 2.68602317e-03 -1.80661130e-03 -9.50498861e-04 -5.13286850e-04
-5.71663126e-01 2.68782962e-03 -1.81049468e-03 -9.45613422e-04 -5.13224174e-04
-5.70373923e-01 2.68964366e-03 -1.81436990e-03 -9.40718195e-04 -5.13165286e-04
-5.69083314e-01 2.69146531e-03 -1.81823689e-03 -9.35813097e-04 -5.13110161e-04
-5.67791302e-01 2.69329459e-03 -1.82209560e-03 -9.30898043e-04 -5.13058775e-04
-5.66497889e-01 2.69513151e-03 -1.82594598e-03 -9.25972949e-04 -5.13011099e-04
-5.65203079e-01 2.69697607e-03 -1.82978798e-03 -9.21037731e-04 -5.12967106e-04
-5.63906875e-01 2.69882830e-03 -1.83362152e-03 -9.16092306e-04 -5.12926766e-04
-5.62609281e-01 2.70068820e-03 -1.83744656e-03 -9.11136592e-04 -5.12890048e-04
-5.61310299e-01 2.70255581e-03 -1.84126305e-03 -9.06170504e-04 -5.12856922e-04
-5.60009933e-01 2.70443112e-03 -1.84507092e-03 -9.01193961e-04 -5.12827354e-04
-5.58708186e-01 2.70631416e-03 -1.84887013e-03 -8.96206881e-04 -5.12801311e-04
-5.57405060e-01 2.70820495e-03 -1.85266062e-03 -8.91209183e-04 -5.12778757e-04
-5.56100561e-01 2.71010350e-03 -1.85644233e-03 -8.86200784e-04 -5.12759657e-04
-5.54794689e-01 2.71200984e-03 -1.86021521e-03 -8.81181603e-04 -5.12743972e-04
-5.53487450e-01 2.71392398e-03 -1.86397921e-03 -8.76151561e-04 -5.12731665e-04
-5.52178845e-01 2.71584595e-03 -1.86773427e-03 -8.71110576e-04 -5.12722695e-04
-5.50868879e-01 2.71777576e-03 -1.87148035e-03 -8.66058569e-04 -5.12717022e-04
-5.49557555e-01 2.71971345e-03 -1.87521738e-03 -8.60995460e-04 -5.12714605e-04
-5.48244874e-01 2.72165903e-03 -1.87894533e-03 -8.55921170e-04 -5.12715399e-04
-5.46930842e-01 2.72361252e-03 -1.88266412e-03 -8.50835619e-04 -5.12719361e-04
-5.45615461e-01 2.72557395e-03 -1.88637372e-03 -8.45738730e-04 -5.12726445e-04
-5.44298735e-01 2.72754336e-03 -1.89007408e-03 -8.40630424e-04 -5.12736605e-04
-5.42980666e-01 2.72952075e-03 -1.89376513e-03 -8.35510624e-04 -5.12749793e-04
-5.41661258e-01 2.73150616e-03 -1.89744684e-03 -8.30379251e-04 -5.12765960e-04
-5.40340514e-01 2.73349963e-03 -1.90111915e-03 -8.25236229e-04 -5.12785056e-04
-5.39018438e-01 2.73550116e-03 -1.90478201e-03 -8.20081482e-04 -5.12807031e-04
-5.37695032e-01 2.73751080e-03 -1.90843538e-03 -8.14914933e-04 -5.12831832e-04
-5.36370301e-01 2.73952858e-03 -1.91207920e-03 -8.09736506e-04 -5.12859405e-04
-5.35044246e-01 2.74155452e-03 -1.91571343e-03 -8.04546125e-04 -5.12889696e-04
-5.33716872e-01 2.74358865e-03 -1.91933802e-03 -7.99343717e-04 -5.12922650e-04
-5.32388182e-01 2.74563102e-03 -1.92295292e-03 -7.94129205e-04 -5.12958209e-04
-5.31058179e-01 2.74768165e-03 -1.92655808e-03 -7.88902516e-04 -5.12996316e-04
-5.29726866e-01 2.74974057e-03 -1.93015346e-03 -7.83663577e-04 -5.13036911e-04
-5.28394247e-01 2.75180782e-03 -1.93373902e-03 -7.78412313e-04 -5.13079936e-04
-5.27060325e-01 2.75388344e-03 -1.93731470e-03 -7.73148651e-04 -5.13125327e-04
-5.25725102e-01 2.75596745e-03 -1.94088047e-03 -7.67872520e-04 -5.13173023e-04
-5.24388584e-01 2.75805991e-03 -1.94443627e-03 -7.62583846e-04 -5.13222960e-04
-5.23050772e-01 2.76016084e-03 -1.94798207e-03 -7.57282558e-04 -5.13275073e-04
-5.21711670e-01 2.76227028e-03 -1.95151782e-03 -7.51968585e-04 -5.13329298e-04
-5.20371281e-01 2.76438827e-03 -1.95504347e-03 -7.46641855e-04 -5.13385566e-04
-5.19029610e-01 2.76651486e-03 -1.95855899e-03 -7.41302299e-04 -5.13443810e-04
-5.17686658e-01 2.76865008e-03 -1.96206434e-03 -7.35949846e-04 -5.13503961e-04
-5.16342429e-01 2.77079398e-03 -1.96555947e-03 -7.30584426e-04 -5.13565948e-04
-5.14996927e-01 2.77294659e-03 -1.96904434e-03 -7.25205970e-04 -5.13629700e-04
-5.13650155e-01 2.77510796e-03 -1.97251891e-03 -7.19814410e-04 -5.13695144e-04
-5.12302117e-01 2.77727814e-03 -1.97598315e-03 -7.14409677e-04 -5.13762208e-04
-5.10952815e-01 2.77945716e-03 -1.97943700e-03 -7.08991703e-04 -5.13830816e-04
-5.09602252e-01 2.78164508e-03 -1.98288045e-03 -7.03560420e-04 -5.13900893e-04
-5.08250433e-01 2.78384193e-03 -1.98631344e-03 -6.98115762e-04 -5.13972362e-04
-5.06897361e-01 2.78604778e-03 -1.98973594e-03 -6.92657662e-04 -5.14045145e-04
-5.05543038e-01 2.78826266e-03 -1.99314792e-03 -6.87186053e-04 -5.14119163e-04
-5.04187469e-01 2.79048662e-03 -1.99654934e-03 -6.81700869e-04 -5.14194335e-04
-5.02830656e-01 2.79271971e-03 -1.99994016e-03 -6.76202046e-04 -5.14270581e-04
-5.01472604e-01 2.79496199e-03 -2.00332035e-03 -6.70689519e-04 -5.14347819e-04
-5.00113314e-01 2.79721350e-03 -2.00668987e-03 -6.65163222e-04 -5.14425965e-04
-4.98752791e-01 2.79947430e-03 -2.01004870e-03 -6.59623092e-04 -5.14504935e-04
-4.97391039e-01 2.80174444e-03 -2.01339680e-03 -6.54069064e-04 -5.14584643e-04
-4.96028059e-01 2.80402397e-03 -2.01673413e-03 -6.48501077e-04 -5.14665003e-04
-4.94663856e-01 2.80631294e-03 -2.02006068e-03 -6.42919066e-04 -5.14745927e-04
-4.93298434e-01 2.80861142e-03 -2.02337640e-03 -6.37322970e-04 -5.14827327e-04
-4.91931794e-01 2.81091946e-03 -2.02668128e-03 -6.31712727e-04 -5.14909114e-04
-4.90563942e-01 2.81323711e-03 -2.02997527e-03 -6.26088274e-04 -5.14991195e-04
-4.89194880e-01 2.81556443e-03 -2.03325835e-03 -6.20449551e-04 -5.15073481e-04
-4.87824611e-01 2.81790149e-03 -2.03653051e-03 -6.14796497e-04 -5.15155878e-04
-4.86453139e-01 2.82024834e-03 -2.03979170e-03 -6.09129051e-04 -5.15238291e-04
-4.85080468e-01 2.82260504e-03 -2.04304190e-03 -6.03447154e-04 -5.15320628e-04
-4.83706600e-01 2.82497165e-03 -2.04628109e-03 -5.97750747e-04 -5.15402791e-04
-4.82331539e-01 2.82734823e-03 -2.04950925e-03 -5.92039769e-04 -5.15484684e-04
-4.80955289e-01 2.82973486e-03 -2.05272635e-03 -5.86314163e-04 -5.15566208e-04
-4.79577853e-01 2.83213158e-03 -2.05593238e-03 -5.80573869e-04 -5.15647267e-04
-4.78199234e-01 2.83453847e-03 -2.05912730e-03 -5.74818831e-04 -5.15727758e-04
-4.76819436e-01 2.83695560e-03 -2.06231110e-03 -5.69048990e-04 -5.15807582e-04
-4.75438462e-01 2.83938302e-03 -2.06548376e-03 -5.63264290e-04 -5.15886637e-04
-4.74056315e-01 2.84182081e-03 -2.06864526e-03 -5.57464673e-04 -5.15964820e-04
-4.72672999e-01 2.84426903e-03 -2.07179559e-03 -5.51650083e-04 -5.16042027e-04
-4.71288518e-01 2.84672775e-03 -2.07493472e-03 -5.45820464e-04 -5.16118154e-04
-4.69902874e-01 2.84919705e-03 -2.07806265e-03 -5.39975761e-04 -5.16193095e-04
-4.68516071e-01 2.85167699e-03 -2.08117935e-03 -5.34115917e-04 -5.16266743e-04
-4.67128113e-01 2.85416765e-03 -2.08428482e-03 -5.28240879e-04 -5.16338990e-04
-4.65739003e-01 2.85666910e-03 -2.08737903e-03 -5.22350592e-04 -5.16409729e-04
-4.64348744e-01 2.85918141e-03 -2.09046199e-03 -5.16445001e-04 -5.16478850e-04
-4.62957340e-01 2.86170466e-03 -2.09353367e-03 -5.10524053e-04 -5.16546241e-04
-4.61564795e-01 2.86423892e-03 -2.09659408e-03 -5.04587693e-04 -5.16611793e-04
-4.60171111e-01 2.86678427e-03 -2.09964319e-03 -4.98635869e-04 -5.16675393e-04
-4.58776292e-01 2.86934078e-03 -2.10268100e-03 -4.92668528e-04 -5.16736927e-04
-4.57380342e-01 2.87190855e-03 -2.10570751e-03 -4.86685618e-04 -5.16796281e-04
-4.55983264e-01 2.87448763e-03 -2.10872271e-03 -4.80687085e-04 -5.16853341e-04
-4.54585061e-01 2.87707813e-03 -2.11172660e-03 -4.74672878e-04 -5.16907991e-04
-4.53185738e-01 2.87968011e-03 -2.11471917e-03 -4.68642945e-04 -5.16960114e-04
-4.51785296e-01 2.88229366e-03 -2.11770042e-03 -4.62597236e-04 -5.17009593e-04
-4.50383741e-01 2.88491886e-03 -2.12067034e-03 -4.56535698e-04 -5.17056308e-04
-4.48981074e-01 2.88755580e-03 -2.12362895e-03 -4.50458282e-04 -5.17100141e-04
-4.47577301e-01 2.89020457e-03 -2.12657624e-03 -4.44364935e-04 -5.17140972e-04
-4.46172424e-01 2.89286524e-03 -2.12951221e-03 -4.38255609e-04 -5.17178679e-04
-4.44766446e-01 2.89553791e-03 -2.13243687e-03 -4.32130254e-04 -5.17213140e-04
-4.43359371e-01 2.89822266e-03 -2.13535022e-03 -4.25988818e-04 -5.17244234e-04
-4.41951203e-01 2.90091959e-03 -2.13825227e-03 -4.19831254e-04 -5.17271835e-04
-4.40541946e-01 2.90362878e-03 -2.14114302e-03 -4.13657510e-04 -5.17295821e-04
-4.39131601e-01 2.90635033e-03 -2.14402248e-03 -4.07467540e-04 -5.17316066e-04
-4.37720174e-01 2.90908432e-03 -2.14689067e-03 -4.01261292e-04 -5.17332444e-04
-4.36307667e-01 2.91183086e-03 -2.14974760e-03 -3.95038720e-04 -5.17344828e-04
-4.34894084e-01 2.91459004e-03 -2.15259327e-03 -3.88799773e-04 -5.17353091e-04
-4.33479429e-01 2.91736195e-03 -2.15542770e-03 -3.82544404e-04 -5.17357104e-04
-4.32063705e-01 2.92014669e-03 -2.15825090e-03 -3.76272565e-04 -5.17356739e-04
-4.30646915e-01 2.92294435e-03 -2.16106290e-03 -3.69984208e-04 -5.17351865e-04
-4.29229063e-01 2.92575505e-03 -2.16386370e-03 -3.63679284e-04 -5.17342352e-04
-4.27810152e-01 2.92857887e-03 -2.16665334e-03 -3.57357746e-04 -5.17328070e-04
-4.26390187e-01 2.93141591e-03 -2.16943182e-03 -3.51019546e-04 -5.17308885e-04
-4.24969170e-01 2.93426629e-03 -2.17219917e-03 -3.44664638e-04 -5.17284665e-04
-4.23547105e-01 2.93713010e-03 -2.17495542e-03 -3.38292972e-04 -5.17255277e-04
-4.22123995e-01 2.94000745e-03 -2.17770058e-03 -3.31904503e-04 -5.17220587e-04
-4.20699844e-01 2.94289845e-03 -2.18043468e-03 -3.25499182e-04 -5.17180459e-04
-4.19274656e-01 2.94580320e-03 -2.18315776e-03 -3.19076963e-04 -5.17134759e-04
-4.17848434e-01 2.94872180e-03 -2.18586983e-03 -3.12637798e-04 -5.17083350e-04
-4.16421181e-01 2.95165438e-03 -2.18857093e-03 -3.06181640e-04 -5.17026095e-04
-4.14992902e-01 2.95460103e-03 -2.19126110e-03 -2.99708443e-04 -5.16962857e-04
-4.13563599e-01 2.95756188e-03 -2.19394036e-03 -2.93218159e-04 -5.16893497e-04
-4.12133276e-01 2.96053703e-03 -2.19660875e-03 -2.86710740e-04 -5.16817878e-04
-4.10701936e-01 2.96352659e-03 -2.19926630e-03 -2.80186141e-04 -5.16735859e-04
-4.09269584e-01 2.96653069e-03 -2.20191306e-03 -2.73644313e-04 -5.16647300e-04
-4.07836222e-01 2.96954945e-03 -2.20454906e-03 -2.67085210e-04 -5.16552062e-04
-4.06401855e-01 2.97258296e-03 -2.20717434e-03 -2.60508784e-04 -5.16450002e-04
-4.04966485e-01 2.97563137e-03 -2.20978895e-03 -2.53914987e-04 -5.16340980e-04
-4.03530117e-01 2.97869478e-03 -2.21239293e-03 -2.47303774e-04 -5.16224852e-04
-4.02092753e-01 2.98177332e-03 -2.21498632e-03 -2.40675095e-04 -5.16101476e-04
-4.00654398e-01 2.98486711e-03 -2.21756918e-03 -2.34028904e-04 -5.15970709e-04
-3.99215055e-01 2.98797628e-03 -2.22014154e-03 -2.27365152e-04 -5.15832406e-04
-3.97774727e-01 2.99110095e-03 -2.22270347e-03 -2.20683792e-04 -5.15686424e-04
-3.96333418e-01 2.99424124e-03 -2.22525501e-03 -2.13984775e-04 -5.15532616e-04
-3.94891132e-01 2.99739730e-03 -2.22779623e-03 -2.07268053e-04 -5.15370839e-04
-3.93447872e-01 3.00056924e-03 -2.23032716e-03 -2.00533578e-04 -5.15200945e-04
-3.92003642e-01 3.00375719e-03 -2.23284787e-03 -1.93781301e-04 -5.15022788e-04
-3.90558445e-01 3.00696129e-03 -2.23535843e-03 -1.87011173e-04 -5.14836221e-04
-3.89112285e-01 3.01018168e-03 -2.23785888e-03 -1.80223144e-04 -5.14641098e-04
-3.87665165e-01 3.01341848e-03 -2.24034930e-03 -1.73417166e-04 -5.14437269e-04
-3.86217089e-01 3.01667184e-03 -2.24282974e-03 -1.66593188e-04 -5.14224588e-04
-3.84768060e-01 3.01994189e-03 -2.24530027e-03 -1.59751160e-04 -5.14002905e-04
-3.83318083e-01 3.02322877e-03 -2.24776097e-03 -1.52891031e-04 -5.13772071e-04
-3.81867160e-01 3.02653262e-03 -2.25021189e-03 -1.46012752e-04 -5.13531937e-04
-3.80415296e-01 3.02985358e-03 -2.25265312e-03 -1.39116271e-04 -5.13282353e-04
-3.78962493e-01 3.03319180e-03 -2.25508472e-03 -1.32201535e-04 -5.13023168e-04
-3.77508756e-01 3.03654742e-03 -2.25750676e-03 -1.25268494e-04 -5.12754233e-04
-3.76054088e-01 3.03992059e-03 -2.25991933e-03 -1.18317095e-04 -5.12475396e-04
-3.74598493e-01 3.04331146e-03 -2.26232251e-03 -1.11347285e-04 -5.12186507e-04
-3.73141973e-01 3.04672017e-03 -2.26471637e-03 -1.04359010e-04 -5.11887413e-04
-3.71684534e-01 3.05014688e-03 -2.26710099e-03 -9.73522172e-05 -5.11577962e-04
-3.70226177e-01 3.05359174e-03 -2.26947647e-03 -9.03268519e-05 -5.11258004e-04
-3.68766908e-01 3.05705491e-03 -2.27184288e-03 -8.32828593e-05 -5.10927384e-04
-3.67306729e-01 3.06053653e-03 -2.27420032e-03 -7.62201839e-05 -5.10585951e-04
-3.65845645e-01 3.06403677e-03 -2.27654887e-03 -6.91387698e-05 -5.10233552e-04
-3.64383658e-01 3.06755578e-03 -2.27888863e-03 -6.20385605e-05 -5.09870033e-04
-3.62920772e-01 3.07109374e-03 -2.28121968e-03 -5.49194986e-05 -5.09495242e-04
-3.61456992e-01 3.07465078e-03 -2.28354213e-03 -4.77815263e-05 -5.09109024e-04
-3.59992320e-01 3.07822710e-03 -2.28585608e-03 -4.06245852e-05 -5.08711225e-04
-3.58526760e-01 3.08182284e-03 -2.28816162e-03 -3.34486161e-05 -5.08301693e-04
-3.57060317e-01 3.08543817e-03 -2.29045885e-03 -2.62535590e-05 -5.07880272e-04
-3.55592992e-01 3.08907327e-03 -2.29274788e-03 -1.90393533e-05 -5.07446809e-04
-3.54124791e-01 3.09272830e-03 -2.29502882e-03 -1.18059377e-05 -5.07001148e-04
-3.52655716e-01 3.09640343e-03 -2.29730176e-03 -4.55324988e-06 -5.06543136e-04
-3.51185772e-01 3.10009885e-03 -2.29956683e-03 2.71877307e-06 -5.06072617e-04
-3.49714961e-01 3.10381472e-03 -2.30182413e-03 1.00101950e-05 -5.05589438e-04
-3.48243288e-01 3.10755122e-03 -2.30407378e-03 1.73210805e-05 -5.05093443e-04
-3.46770756e-01 3.11130854e-03 -2.30631589e-03 2.46514951e-05 -5.04584477e-04
-3.45297369e-01 3.11508685e-03 -2.30855058e-03 3.20015053e-05 -5.04062385e-04
-3.43823131e-01 3.11888633e-03 -2.31077797e-03 3.93711785e-05 -5.03527012e-04
-3.42348044e-01 3.12270718e-03 -2.31299818e-03 4.67605830e-05 -5.02978204e-04
-3.40872114e-01 3.12654957e-03 -2.31521134e-03 5.41697881e-05 -5.02415805e-04
-3.39395342e-01 3.13041369e-03 -2.31741758e-03 6.15988641e-05 -5.01839660e-04
-3.37917734e-01 3.13429974e-03 -2.31961701e-03 6.90478824e-05 -5.01249615e-04
-3.36439292e-01 3.13820791e-03 -2.32180978e-03 7.65169153e-05 -5.00645513e-04
-3.34960021e-01 3.14213839e-03 -2.32399601e-03 8.40060363e-05 -5.00027201e-04
-3.33479923e-01 3.14609137e-03 -2.32617584e-03 9.15153201e-05 -4.99394524e-04
-3.31999003e-01 3.15006706e-03 -2.32834940e-03 9.90448423e-05 -4.98747326e-04
-3.30517264e-01 3.15406565e-03 -2.33051684e-03 1.06594680e-04 -4.98085453e-04
-3.29034710e-01 3.15808735e-03 -2.33267830e-03 1.14164911e-04 -4.97408751e-04
-3.27551345e-01 3.16213235e-03 -2.33483392e-03 1.21755615e-04 -4.96717064e-04
-3.26067172e-01 3.16620087e-03 -2.33698385e-03 1.29366872e-04 -4.96010240e-04
-3.24582195e-01 3.17029311e-03 -2.33912822e-03 1.36998764e-04 -4.95288123e-04
-3.23096417e-01 3.17440928e-03 -2.34126720e-03 1.44651375e-04 -4.94550560e-04
-3.21609843e-01 3.17854960e-03 -2.34340094e-03 1.52324788e-04 -4.93797396e-04
-3.20122475e-01 3.18271427e-03 -2.34552959e-03 1.60019090e-04 -4.93028479e-04
-3.18634318e-01 3.18690351e-03 -2.34765330e-03 1.67734368e-04 -4.92243655e-04
-3.17145375e-01 3.19111754e-03 -2.34977224e-03 1.75470710e-04 -4.91442772e-04
-3.15655650e-01 3.19535659e-03 -2.35188657e-03 1.83228206e-04 -4.90625675e-04
-3.14165146e-01 3.19962086e-03 -2.35399644e-03 1.91006949e-04 -4.89792213e-04
-3.12673868e-01 3.20391060e-03 -2.35610203e-03 1.98807031e-04 -4.88942233e-04
-3.11181819e-01 3.20822601e-03 -2.35820351e-03 2.06628546e-04 -4.88075583e-04
-3.09689002e-01 3.21256734e-03 -2.36030103e-03 2.14471591e-04 -4.87192112e-04
-3.08195421e-01 3.21693481e-03 -2.36239479e-03 2.22336264e-04 -4.86291668e-04
-3.06701080e-01 3.22132865e-03 -2.36448494e-03 2.30222664e-04 -4.85374101e-04
-3.05205983e-01 3.22574911e-03 -2.36657167e-03 2.38130892e-04 -4.84439259e-04
-3.03710134e-01 3.23019641e-03 -2.36865515e-03 2.46061051e-04 -4.83486993e-04
-3.02213535e-01 3.23467080e-03 -2.37073557e-03 2.54013244e-04 -4.82517153e-04
-3.00716191e-01 3.23917251e-03 -2.37281311e-03 2.61987579e-04 -4.81529589e-04
-2.99218105e-01 3.24370181e-03 -2.37488796e-03 2.69984164e-04 -4.80524152e-04
-2.97719282e-01 3.24825892e-03 -2.37696030e-03 2.78003107e-04 -4.79500694e-04
-2.96219724e-01 3.25284410e-03 -2.37903032e-03 2.86044521e-04 -4.78459067e-04
-2.94719436e-01 3.25745760e-03 -2.38109822e-03 2.94108519e-04 -4.77399123e-04
-2.93218420e-01 3.26209967e-03 -2.38316419e-03 3.02195217e-04 -4.76320716e-04
-2.91716682e-01 3.26677058e-03 -2.38522843e-03 3.10304732e-04 -4.75223697e-04
-2.90214224e-01 3.27147057e-03 -2.38729114e-03 3.18437182e-04 -4.74107923e-04
-2.88711051e-01 3.27619991e-03 -2.38935252e-03 3.26592690e-04 -4.72973246e-04
-2.87207166e-01 3.28095887e-03 -2.39141277e-03 3.34771378e-04 -4.71819523e-04
-2.85702572e-01 3.28574770e-03 -2.39347210e-03 3.42973373e-04 -4.70646608e-04
-2.84197274e-01 3.29056668e-03 -2.39553072e-03 3.51198801e-04 -4.69454359e-04
-2.82691274e-01 3.29541608e-03 -2.39758884e-03 3.59447791e-04 -4.68242631e-04
-2.81184578e-01 3.30029617e-03 -2.39964667e-03 3.67720477e-04 -4.67011283e-04
-2.79677188e-01 3.30520722e-03 -2.40170443e-03 3.76016991e-04 -4.65760173e-04
-2.78169109e-01 3.31014952e-03 -2.40376233e-03 3.84337470e-04 -4.64489159e-04
-2.76660343e-01 3.31512334e-03 -2.40582059e-03 3.92682052e-04 -4.63198101e-04
-2.75150895e-01 3.32012897e-03 -2.40787945e-03 4.01050878e-04 -4.61886860e-04
-2.73640769e-01 3.32516670e-03 -2.40993911e-03 4.09444090e-04 -4.60555296e-04
-2.72129968e-01 3.33023681e-03 -2.41199981e-03 4.17861835e-04 -4.59203270e-04
-2.70618495e-01 3.33533960e-03 -2.41406177e-03 4.26304260e-04 -4.57830646e-04
-2.69106356e-01 3.34047535e-03 -2.41612524e-03 4.34771514e-04 -4.56437286e-04
-2.67593552e-01 3.34564437e-03 -2.41819043e-03 4.43263752e-04 -4.55023055e-04
-2.66080089e-01 3.35084696e-03 -2.42025759e-03 4.51781127e-04 -4.53587817e-04
-2.64565969e-01 3.35608341e-03 -2.42232695e-03 4.60323798e-04 -4.52131437e-04
-2.63051197e-01 3.36135403e-03 -2.42439875e-03 4.68891924e-04 -4.50653783e-04
-2.61535776e-01 3.36665913e-03 -2.42647324e-03 4.77485668e-04 -4.49154721e-04
-2.60019711e-01 3.37199903e-03 -2.42855066e-03 4.86105196e-04 -4.47634119e-04
-2.58503004e-01 3.37737402e-03 -2.43063126e-03 4.94750675e-04 -4.46091847e-04
-2.56985659e-01 3.38278443e-03 -2.43271528e-03 5.03422277e-04 -4.44527775e-04
-2.55467681e-01 3.38823058e-03 -2.43480298e-03 5.12120175e-04 -4.42941772e-04
-2.53949073e-01 3.39371279e-03 -2.43689461e-03 5.20844544e-04 -4.41333712e-04
-2.52429838e-01 3.39923138e-03 -2.43899042e-03 5.29595564e-04 -4.39703466e-04
-2.50909981e-01 3.40478668e-03 -2.44109068e-03 5.38373417e-04 -4.38050908e-04
-2.49389505e-01 3.41037903e-03 -2.44319564e-03 5.47178287e-04 -4.36375913e-04
-2.47868414e-01 3.41600874e-03 -2.44530556e-03 5.56010361e-04 -4.34678357e-04
-2.46346712e-01 3.42167617e-03 -2.44742071e-03 5.64869831e-04 -4.32958116e-04
-2.44824402e-01 3.42738164e-03 -2.44954135e-03 5.73756889e-04 -4.31215068e-04
-2.43301489e-01 3.43312550e-03 -2.45166775e-03 5.82671732e-04 -4.29449091e-04
-2.41777975e-01 3.43890810e-03 -2.45380019e-03 5.91614559e-04 -4.27660065e-04
-2.40253865e-01 3.44472978e-03 -2.45593893e-03 6.00585572e-04 -4.25847871e-04
-2.38729163e-01 3.45059089e-03 -2.45808425e-03 6.09584978e-04 -4.24012391e-04
-2.37203872e-01 3.45649179e-03 -2.46023643e-03 6.18612984e-04 -4.22153509e-04
-2.35677996e-01 3.46243283e-03 -2.46239573e-03 6.27669803e-04 -4.20271107e-04
-2.34151539e-01 3.46841438e-03 -2.46456246e-03 6.36755648e-04 -4.18365072e-04
-2.32624504e-01 3.47443679e-03 -2.46673688e-03 6.45870740e-04 -4.16435289e-04
-2.31096895e-01 3.48050044e-03 -2.46891929e-03 6.55015298e-04 -4.14481647e-04
-2.29568717e-01 3.48660569e-03 -2.47110996e-03 6.64189548e-04 -4.12504034e-04
-2.28039973e-01 3.49275291e-03 -2.47330919e-03 6.73393717e-04 -4.10502340e-04
-2.26510666e-01 3.49894248e-03 -2.47551727e-03 6.82628037e-04 -4.08476457e-04
-2.24980800e-01 3.50517478e-03 -2.47773449e-03 6.91892743e-04 -4.06426276e-04
-2.23450380e-01 3.51145020e-03 -2.47996114e-03 7.01188073e-04 -4.04351692e-04
-2.21919408e-01 3.51776910e-03 -2.48219752e-03 7.10514268e-04 -4.02252598e-04
-2.20387890e-01 3.52413189e-03 -2.48444394e-03 7.19871573e-04 -4.00128893e-04
-2.18855828e-01 3.53053895e-03 -2.48670069e-03 7.29260237e-04 -3.97980472e-04
-2.17323226e-01 3.53699069e-03 -2.48896806e-03 7.38680513e-04 -3.95807234e-04
-2.15790088e-01 3.54348748e-03 -2.49124638e-03 7.48132655e-04 -3.93609080e-04
-2.14256418e-01 3.55002975e-03 -2.49353593e-03 7.57616923e-04 -3.91385912e-04
-2.12722219e-01 3.55661789e-03 -2.49583704e-03 7.67133580e-04 -3.89137630e-04
-2.11187496e-01 3.56325231e-03 -2.49815000e-03 7.76682893e-04 -3.86864141e-04
-2.09652252e-01 3.56993342e-03 -2.50047514e-03 7.86265131e-04 -3.84565349e-04
-2.08116491e-01 3.57666164e-03 -2.50281275e-03 7.95880569e-04 -3.82241161e-04
-2.06580217e-01 3.58343737e-03 -2.50516317e-03 8.05529485e-04 -3.79891485e-04
-2.05043433e-01 3.59026106e-03 -2.50752670e-03 8.15212160e-04 -3.77516231e-04
-2.03506144e-01 3.59713311e-03 -2.50990366e-03 8.24928879e-04 -3.75115310e-04
-2.01968353e-01 3.60405395e-03 -2.51229437e-03 8.34679933e-04 -3.72688634e-04
-2.00430064e-01 3.61102403e-03 -2.51469915e-03 8.44465613e-04 -3.70236117e-04
-1.98891280e-01 3.61804376e-03 -2.51711833e-03 8.54286217e-04 -3.67757675e-04
-1.97352006e-01 3.62511360e-03 -2.51955224e-03 8.64142046e-04 -3.65253224e-04
-1.95812245e-01 3.63223397e-03 -2.52200118e-03 8.74033405e-04 -3.62722683e-04
-1.94272002e-01 3.63940533e-03 -2.52446551e-03 8.83960603e-04 -3.60165971e-04
-1.92731279e-01 3.64662813e-03 -2.52694553e-03 8.93923953e-04 -3.57583009e-04
-1.91190081e-01 3.65390281e-03 -2.52944159e-03 9.03923771e-04 -3.54973721e-04
-1.89648411e-01 3.66122983e-03 -2.53195402e-03 9.13960380e-04 -3.52338031e-04
-1.88106274e-01 3.66860965e-03 -2.53448314e-03 9.24034104e-04 -3.49675864e-04
-1.86563673e-01 3.67604273e-03 -2.53702931e-03 9.34145273e-04 -3.46987148e-04
-1.85020611e-01 3.68352954e-03 -2.53959284e-03 9.44294220e-04 -3.44271812e-04
-1.83477094e-01 3.69107055e-03 -2.54217408e-03 9.54481283e-04 -3.41529786e-04
-1.81933124e-01 3.69866623e-03 -2.54477337e-03 9.64706804e-04 -3.38761002e-04
-1.80388705e-01 3.70631705e-03 -2.54739105e-03 9.74971130e-04 -3.35965395e-04
-1.78843841e-01 3.71402350e-03 -2.55002746e-03 9.85274610e-04 -3.33142899e-04
-1.77298536e-01 3.72178606e-03 -2.55268294e-03 9.95617601e-04 -3.30293450e-04
-1.75752795e-01 3.72960522e-03 -2.55535784e-03 1.00600046e-03 -3.27416989e-04
-1.74206619e-01 3.73748146e-03 -2.55805250e-03 1.01642355e-03 -3.24513453e-04
-1.72660014e-01 3.74541529e-03 -2.56076728e-03 1.02688725e-03 -3.21582786e-04
-1.71112983e-01 3.75340719e-03 -2.56350251e-03 1.03739191e-03 -3.18624931e-04
-1.69565531e-01 3.76145768e-03 -2.56625854e-03 1.04793793e-03 -3.15639832e-04
-1.68017660e-01 3.76956725e-03 -2.56903573e-03 1.05852567e-03 -3.12627436e-04
-1.66469374e-01 3.77773642e-03 -2.57183443e-03 1.06915554e-03 -3.09587691e-04
-1.64920678e-01 3.78596569e-03 -2.57465498e-03 1.07982791e-03 -3.06520547e-04
-1.63371576e-01 3.79425559e-03 -2.57749775e-03 1.09054318e-03 -3.03425957e-04
-1.61822070e-01 3.80260664e-03 -2.58036308e-03 1.10130176e-03 -3.00303872e-04
-1.60272166e-01 3.81101935e-03 -2.58325133e-03 1.11210404e-03 -2.97154249e-04
-1.58721866e-01 3.81949425e-03 -2.58616286e-03 1.12295043e-03 -2.93977042e-04
-1.57171175e-01 3.82803189e-03 -2.58909802e-03 1.13384135e-03 -2.90772212e-04
-1.55620096e-01 3.83663278e-03 -2.59205716e-03 1.14477722e-03 -2.87539718e-04
-1.54068633e-01 3.84529747e-03 -2.59504065e-03 1.15575845e-03 -2.84279521e-04
-1.52516790e-01 3.85402650e-03 -2.59804885e-03 1.16678548e-03 -2.80991586e-04
-1.50964572e-01 3.86282042e-03 -2.60108211e-03 1.17785874e-03 -2.77675876e-04
-1.49411981e-01 3.87167977e-03 -2.60414080e-03 1.18897866e-03 -2.74332359e-04
-1.47859021e-01 3.88060511e-03 -2.60722527e-03 1.20014568e-03 -2.70961004e-04
-1.46305697e-01 3.88959700e-03 -2.61033588e-03 1.21136026e-03 -2.67561781e-04
-1.44752012e-01 3.89865599e-03 -2.61347300e-03 1.22262284e-03 -2.64134661e-04
-1.43197970e-01 3.90778266e-03 -2.61663700e-03 1.23393388e-03 -2.60679618e-04
-1.41643575e-01 3.91697756e-03 -2.61982822e-03 1.24529384e-03 -2.57196629e-04
-1.40088830e-01 3.92624128e-03 -2.62304704e-03 1.25670318e-03 -2.53685669e-04
-1.38533740e-01 3.93557439e-03 -2.62629382e-03 1.26816238e-03 -2.50146718e-04
-1.36978309e-01 3.94497746e-03 -2.62956893e-03 1.27967191e-03 -2.46579756e-04
-1.35422539e-01 3.95445108e-03 -2.63287272e-03 1.29123225e-03 -2.42984766e-04
-1.33866436e-01 3.96399584e-03 -2.63620556e-03 1.30284388e-03 -2.39361732e-04
-1.32310002e-01 3.97361232e-03 -2.63956781e-03 1.31450731e-03 -2.35710639e-04
-1.30753243e-01 3.98330113e-03 -2.64295985e-03 1.32622301e-03 -2.32031475e-04
-1.29196160e-01 3.99306287e-03 -2.64638203e-03 1.33799150e-03 -2.28324229e-04
-1.27638760e-01 4.00289812e-03 -2.64983473e-03 1.34981327e-03 -2.24588892e-04
-1.26081044e-01 4.01280751e-03 -2.65331830e-03 1.36168884e-03 -2.20825457e-04
-1.24523017e-01 4.02279163e-03 -2.65683311e-03 1.37361872e-03 -2.17033918e-04
-1.22964684e-01 4.03285111e-03 -2.66037953e-03 1.38560343e-03 -2.13214271e-04
-1.21406047e-01 4.04298656e-03 -2.66395792e-03 1.39764350e-03 -2.09366513e-04
-1.19847110e-01 4.05319861e-03 -2.66756864e-03 1.40973946e-03 -2.05490646e-04
-1.18287878e-01 4.06348787e-03 -2.67121207e-03 1.42189184e-03 -2.01586668e-04
-1.16728355e-01 4.07385497e-03 -2.67488856e-03 1.43410119e-03 -1.97654584e-04
-1.15168543e-01 4.08430056e-03 -2.67859848e-03 1.44636804e-03 -1.93694398e-04
-1.13608448e-01 4.09482526e-03 -2.68234220e-03 1.45869295e-03 -1.89706117e-04
-1.12048072e-01 4.10542972e-03 -2.68612007e-03 1.47107648e-03 -1.85689747e-04
-1.10487420e-01 4.11611457e-03 -2.68993247e-03 1.48351919e-03 -1.81645299e-04
-1.08926495e-01 4.12688048e-03 -2.69377975e-03 1.49602163e-03 -1.77572784e-04
-1.07365302e-01 4.13772809e-03 -2.69766228e-03 1.50858439e-03 -1.73472215e-04
-1.05803844e-01 4.14865805e-03 -2.70158042e-03 1.52120804e-03 -1.69343606e-04
-1.04242126e-01 4.15967102e-03 -2.70553453e-03 1.53389316e-03 -1.65186974e-04
-1.02680150e-01 4.17076768e-03 -2.70952497e-03 1.54664034e-03 -1.61002336e-04
-1.01117920e-01 4.18194868e-03 -2.71355210e-03 1.55945017e-03 -1.56789713e-04
-9.95554419e-02 4.19321470e-03 -2.71761628e-03 1.57232324e-03 -1.52549124e-04
-9.79927178e-02 4.20456640e-03 -2.72171788e-03 1.58526016e-03 -1.48280592e-04
-9.64297521e-02 4.21600448e-03 -2.72585724e-03 1.59826154e-03 -1.43984142e-04
-9.48665486e-02 4.22752960e-03 -2.73003473e-03 1.61132799e-03 -1.39659800e-04
-9.33031111e-02 4.23914247e-03 -2.73425070e-03 1.62446013e-03 -1.35307593e-04
-9.17394435e-02 4.25084376e-03 -2.73850551e-03 1.63765857e-03 -1.30927549e-04
-9.01755497e-02 4.26263417e-03 -2.74279952e-03 1.65092395e-03 -1.26519700e-04
-8.86114334e-02 4.27451440e-03 -2.74713307e-03 1.66425691e-03 -1.22084077e-04
-8.70470987e-02 4.28648515e-03 -2.75150652e-03 1.67765807e-03 -1.17620713e-04
-8.54825493e-02 4.29854712e-03 -2.75592022e-03 1.69112809e-03 -1.13129645e-04
-8.39177890e-02 4.31070102e-03 -2.76037452e-03 1.70466762e-03 -1.08610907e-04
-8.23528218e-02 4.32294757e-03 -2.76486977e-03 1.71827730e-03 -1.04064538e-04
-8.07876515e-02 4.33528748e-03 -2.76940632e-03 1.73195780e-03 -9.94905782e-05
-7.92222820e-02 4.34772147e-03 -2.77398452e-03 1.74570978e-03 -9.48890670e-05
-7.76567171e-02 4.36025027e-03 -2.77860470e-03 1.75953391e-03 -9.02600471e-05
-7.60909607e-02 4.37287459e-03 -2.78326722e-03 1.77343087e-03 -8.56035620e-05
-7.45250166e-02 4.38559518e-03 -2.78797242e-03 1.78740134e-03 -8.09196568e-05
-7.29588887e-02 4.39841277e-03 -2.79272063e-03 1.80144601e-03 -7.62083776e-05
-7.13925810e-02 4.41132810e-03 -2.79751221e-03 1.81556556e-03 -7.14697722e-05
-6.98260971e-02 4.42434190e-03 -2.80234748e-03 1.82976069e-03 -6.67038894e-05
-6.82594410e-02 4.43745493e-03 -2.80722678e-03 1.84403211e-03 -6.19107794e-05
-6.66926166e-02 4.45066793e-03 -2.81215044e-03 1.85838051e-03 -5.70904939e-05
-6.51256278e-02 4.46398166e-03 -2.81711881e-03 1.87280662e-03 -5.22430854e-05
-6.35584783e-02 4.47739688e-03 -2.82213221e-03 1.88731115e-03 -4.73686080e-05
-6.19911720e-02 4.49091434e-03 -2.82719097e-03 1.90189482e-03 -4.24671169e-05
-6.04237129e-02 4.50453481e-03 -2.83229542e-03 1.91655836e-03 -3.75386683e-05
-5.88561048e-02 4.51825906e-03 -2.83744589e-03 1.93130250e-03 -3.25833197e-05
-5.72883515e-02 4.53208786e-03 -2.84264269e-03 1.94612798e-03 -2.76011298e-05
-5.57204570e-02 4.54602199e-03 -2.84788616e-03 1.96103554e-03 -2.25921583e-05
-5.41524250e-02 4.56006222e-03 -2.85317660e-03 1.97602594e-03 -1.75564659e-05
-5.25842595e-02 4.57420934e-03 -2.85851435e-03 1.99109992e-03 -1.24941144e-05
-5.10159643e-02 4.58846413e-03 -2.86389971e-03 2.00625825e-03 -7.40516678e-06
-4.94475433e-02 4.60282739e-03 -2.86933300e-03 2.02150169e-03 -2.28968677e-06
-4.78790003e-02 4.61729990e-03 -2.87481452e-03 2.03683100e-03 2.85226082e-06
-4.63103392e-02 4.63188247e-03 -2.88034460e-03 2.05224697e-03 8.02061028e-06
-4.47415640e-02 4.64657590e-03 -2.88592353e-03 2.06775037e-03 1.32152950e-05
-4.31726784e-02 4.66138098e-03 -2.89155163e-03 2.08334198e-03 1.84362475e-05
-4.16036863e-02 4.67629853e-03 -2.89722919e-03 2.09902260e-03 2.36833994e-05
-4.00345917e-02 4.69132936e-03 -2.90295651e-03 2.11479302e-03 2.89566817e-05
-3.84653983e-02 4.70647429e-03 -2.90873389e-03 2.13065404e-03 3.42560244e-05
-3.68961100e-02 4.72173413e-03 -2.91456163e-03 2.14660646e-03 3.95813569e-05
-3.53267308e-02 4.73710970e-03 -2.92044001e-03 2.16265110e-03 4.49326079e-05
-3.37572644e-02 4.75260184e-03 -2.92636933e-03 2.17878877e-03 5.03097053e-05
-3.21877148e-02 4.76821137e-03 -2.93234988e-03 2.19502030e-03 5.57125766e-05
-3.06180858e-02 4.78393911e-03 -2.93838194e-03 2.21134650e-03 6.11411485e-05
-2.90483813e-02 4.79978592e-03 -2.94446578e-03 2.22776820e-03 6.65953472e-05
-2.74786051e-02 4.81575263e-03 -2.95060170e-03 2.24428625e-03 7.20750984e-05
-2.59087612e-02 4.83184008e-03 -2.95678997e-03 2.26090148e-03 7.75803272e-05
-2.43388534e-02 4.84804912e-03 -2.96303085e-03 2.27761474e-03 8.31109585e-05
-2.27688855e-02 4.86438060e-03 -2.96932463e-03 2.29442688e-03 8.86669166e-05
-2.11988616e-02 4.88083538e-03 -2.97567156e-03 2.31133875e-03 9.42481255e-05
-1.96287853e-02 4.89741430e-03 -2.98207192e-03 2.32835121e-03 9.98545087e-05
-1.80586606e-02 4.91411824e-03 -2.98852596e-03 2.34546514e-03 1.05485990e-04
-1.64884914e-02 4.93094805e-03 -2.99503395e-03 2.36268139e-03 1.11142492e-04
-1.49182815e-02 4.94790461e-03 -3.00159613e-03 2.38000086e-03 1.16823937e-04
-1.33480349e-02 4.96498878e-03 -3.00821277e-03 2.39742440e-03 1.22530250e-04
-1.17777553e-02 4.98220143e-03 -3.01488410e-03 2.41495292e-03 1.28261351e-04
-1.02074466e-02 4.99954346e-03 -3.02161039e-03 2.43258730e-03 1.34017165e-04
-8.63711283e-03 5.01701573e-03 -3.02839187e-03 2.45032843e-03 1.39797613e-04
-7.06675773e-03 5.03461914e-03 -3.03522877e-03 2.46817722e-03 1.45602617e-04
-5.49638519e-03 5.05235457e-03 -3.04212135e-03 2.48613457e-03 1.51432102e-04
-3.92599911e-03 5.07022290e-03 -3.04906982e-03 2.50420139e-03 1.57285988e-04
-2.35560334e-03 5.08822505e-03 -3.05607443e-03 2.52237859e-03 1.63164200e-04
-7.85201758e-04 5.10636190e-03 -3.06313539e-03 2.54066709e-03 1.69066660e-04
7.85201758e-04 5.12463436e-03 -3.07025293e-03 2.55906782e-03 1.74993292e-04
2.35560334e-03 5.14304333e-03 -3.07742727e-03 2.57758171e-03 1.80944020e-04
3.92599911e-03 5.16158972e-03 -3.08465863e-03 2.59620969e-03 1.86918767e-04
5.49638519e-03 5.18027445e-03 -3.09194722e-03 2.61495269e-03 1.92917458e-04
7.06675773e-03 5.19909842e-03 -3.09929325e-03 2.63381166e-03 1.98940018e-04
8.63711283e-03 5.21806256e-03 -3.10669692e-03 2.65278755e-03 2.04986373e-04
1.02074466e-02 5.23716779e-03 -3.11415844e-03 2.67188131e-03 2.11056447e-04
1.17777553e-02 5.25641503e-03 -3.12167800e-03 2.69109390e-03 2.17150169e-04
1.33480349e-02 5.27580521e-03 -3.12925580e-03 2.71042627e-03 2.23267465e-04
1.49182815e-02 5.29533927e-03 -3.13689204e-03 2.72987940e-03 2.29408264e-04
1.64884914e-02 5.31501814e-03 -3.14458689e-03 2.74945426e-03 2.35572493e-04
1.80586606e-02 5.33484275e-03 -3.15234054e-03 2.76915182e-03 2.41760083e-04
1.96287853e-02 5.35481406e-03 -3.16015318e-03 2.78897307e-03 2.47970965e-04
2.11988616e-02 5.37493300e-03 -3.16802498e-03 2.80891898e-03 2.54205069e-04
2.27688855e-02 5.39520052e-03 -3.17595612e-03 2.82899055e-03 2.60462329e-04
2.43388534e-02 5.41561759e-03 -3.18394675e-03 2.84918878e-03 2.66742678e-04
2.59087612e-02 5.43618514e-03 -3.19199705e-03 2.86951465e-03 2.73046050e-04
2.74786051e-02 5.45690415e-03 -3.20010718e-03 2.88996918e-03 2.79372382e-04
2.90483813e-02 5.47777557e-03 -3.20827730e-03 2.91055337e-03 2.85721610e-04
3.06180858e-02 5.49880037e-03 -3.21650755e-03 2.93126824e-03 2.92093673e-04
3.21877148e-02 5.51997952e-03 -3.22479810e-03 2.95211480e-03 2.98488512e-04
3.37572644e-02 5.54131398e-03 -3.23314908e-03 2.97309408e-03 3.04906066e-04
3.53267308e-02 5.56280475e-03 -3.24156064e-03 2.99420710e-03 3.11346279e-04
3.68961100e-02 5.58445279e-03 -3.25003291e-03 3.01545489e-03 3.17809095e-04
3.84653983e-02 5.60625909e-03 -3.25856603e-03 3.03683849e-03 3.24294460e-04
4.00345917e-02 5.62822464e-03 -3.26716014e-03 3.05835894e-03 3.30802321e-04
4.16036863e-02 5.65035041e-03 -3.27581535e-03 3.08001728e-03 3.37332629e-04
4.31726784e-02 5.67263742e-03 -3.28453179e-03 3.10181456e-03 3.43885333e-04
4.47415640e-02 5.69508665e-03 -3.29330958e-03 3.12375184e-03 3.50460387e-04
4.63103392e-02 5.71769911e-03 -3.30214883e-03 3.14583017e-03 3.57057746e-04
4.78790003e-02 5.74047579e-03 -3.31104965e-03 3.16805062e-03 3.63677367e-04
4.94475433e-02 5.76341771e-03 -3.32001216e-03 3.19041425e-03 3.70319209e-04
5.10159643e-02 5.78652587e-03 -3.32903645e-03 3.21292213e-03 3.76983233e-04
5.25842595e-02 5.80980129e-03 -3.33812262e-03 3.23557535e-03 3.83669402e-04
5.41524250e-02 5.83324498e-03 -3.34727076e-03 3.25837498e-03 3.90377683e-04
5.57204570e-02 5.85685798e-03 -3.35648098e-03 3.28132210e-03 3.97108042e-04
5.72883515e-02 5.88064130e-03 -3.36575334e-03 3.30441782e-03 4.03860451e-04
5.88561048e-02 5.90459596e-03 -3.37508795e-03 3.32766321e-03 4.10634882e-04
6.04237129e-02 5.92872302e-03 -3.38448487e-03 3.35105938e-03 4.17431312e-04
6.19911720e-02 5.95302349e-03 -3.39394418e-03 3.37460744e-03 4.24249717e-04
6.35584783e-02 5.97749842e-03 -3.40346596e-03 3.39830848e-03 4.31090079e-04
6.51256278e-02 6.00214885e-03 -3.41305026e-03 3.42216363e-03 4.37952382e-04
6.66926166e-02 6.02697583e-03 -3.42269716e-03 3.44617400e-03 4.44836611e-04
6.82594410e-02 6.05198041e-03 -3.43240671e-03 3.47034071e-03 4.51742756e-04
6.98260971e-02 6.07716364e-03 -3.44217897e-03 3.49466488e-03 4.58670810e-04
7.13925810e-02 6.10252658e-03 -3.45201399e-03 3.51914766e-03 4.65620768e-04
7.29588887e-02 6.12807030e-03 -3.46191181e-03 3.54379016e-03 4.72592628e-04
7.45250166e-02 6.15379587e-03 -3.47187249e-03 3.56859354e-03 4.79586392e-04
7.60909607e-02 6.17970434e-03 -3.48189605e-03 3.59355894e-03 4.86602066e-04
7.76567171e-02 6.20579680e-03 -3.49198255e-03 3.61868750e-03 4.93639656e-04
7.92222820e-02 6.23207432e-03 -3.50213200e-03 3.64398039e-03 5.00699177e-04
8.07876515e-02 6.25853799e-03 -3.51234444e-03 3.66943875e-03 5.07780641e-04
8.23528218e-02 6.28518889e-03 -3.52261990e-03 3.69506375e-03 5.14884070e-04
8.39177890e-02 6.31202811e-03 -3.53295839e-03 3.72085656e-03 5.22009484e-04
8.54825493e-02 6.33905675e-03 -3.54335993e-03 3.74681836e-03 5.29156911e-04
8.70470987e-02 6.36627591e-03 -3.55382454e-03 3.77295031e-03 5.36326381e-04
8.86114334e-02 6.39368669e-03 -3.56435222e-03 3.79925361e-03 5.43517927e-04
9.01755497e-02 6.42129020e-03 -3.57494298e-03 3.82572943e-03 5.50731588e-04
9.17394435e-02 6.44908755e-03 -3.58559684e-03 3.85237897e-03 5.57967406e-04
9.33031111e-02 6.47707986e-03 -3.59631377e-03 3.87920344e-03 5.65225427e-04
9.48665486e-02 6.50526825e-03 -3.60709379e-03 3.90620401e-03 5.72505701e-04
9.64297521e-02 6.53365384e-03 -3.61793688e-03 3.93338192e-03 5.79808283e-04
9.79927178e-02 6.56223777e-03 -3.62884303e-03 3.96073836e-03 5.87133233e-04
9.95554419e-02 6.59102116e-03 -3.63981223e-03 3.98827456e-03 5.94480612e-04
1.01117920e-01 6.62000517e-03 -3.65084446e-03 4.01599173e-03 6.01850491e-04
1.02680150e-01 6.64919094e-03 -3.66193970e-03 4.04389111e-03 6.09242941e-04
1.04242126e-01 6.67857961e-03 -3.67309792e-03 4.07197392e-03 6.16658039e-04
1.05803844e-01 6.70817234e-03 -3.68431910e-03 4.10024140e-03 6.24095868e-04
1.07365302e-01 6.73797029e-03 -3.69560321e-03 4.12869480e-03 6.31556514e-04
1.08926495e-01 6.76797463e-03 -3.70695020e-03 4.15733536e-03 6.39040070e-04
1.10487420e-01 6.79818653e-03 -3.71836006e-03 4.18616434e-03 6.46546632e-04
1.12048072e-01 6.82860716e-03 -3.72983272e-03 4.21518299e-03 6.54076302e-04
1.13608448e-01 6.85923770e-03 -3.74136816e-03 4.24439259e-03 6.61629188e-04
1.15168543e-01 6.89007934e-03 -3.75296632e-03 4.27379439e-03 6.69205400e-04
1.16728355e-01 6.92113328e-03 -3.76462716e-03 4.30338968e-03 6.76805058e-04
1.18287878e-01 6.95240070e-03 -3.77635062e-03 4.33317974e-03 6.84428285e-04
1.19847110e-01 6.98388282e-03 -3.78813665e-03 4.36316585e-03 6.92075208e-04
1.21406047e-01 7.01558084e-03 -3.79998519e-03 4.39334931e-03 6.99745961e-04
1.22964684e-01 7.04749599e-03 -3.81189619e-03 4.42373142e-03 7.07440686e-04
1.24523017e-01 7.07962947e-03 -3.82386957e-03 4.45431348e-03 7.15159527e-04
1.26081044e-01 7.11198252e-03 -3.83590528e-03 4.48509680e-03 7.22902635e-04
1.27638760e-01 7.14455638e-03 -3.84800325e-03 4.51608270e-03 7.30670167e-04
1.29196160e-01 7.17735228e-03 -3.86016341e-03 4.54727250e-03 7.38462288e-04
1.30753243e-01 7.21037147e-03 -3.87238567e-03 4.57866754e-03 7.46279165e-04
1.32310002e-01 7.24361520e-03 -3.88466998e-03 4.61026914e-03 7.54120975e-04
1.33866436e-01 7.27708474e-03 -3.89701626e-03 4.64207866e-03 7.61987898e-04
1.35422539e-01 7.31078135e-03 -3.90942441e-03 4.67409744e-03 7.69880123e-04
1.36978309e-01 7.34470631e-03 -3.92189437e-03 4.70632683e-03 7.77797844e-04
1.38533740e-01 7.37886089e-03 -3.93442606e-03 4.73876821e-03 7.85741262e-04
1.40088830e-01 7.41324639e-03 -3.94701937e-03 4.77142294e-03 7.93710583e-04
1.41643575e-01 7.44786411e-03 -3.95967424e-03 4.80429239e-03 8.01706022e-04
1.43197970e-01 7.48271534e-03 -3.97239057e-03 4.83737796e-03 8.09727800e-04
1.44752012e-01 7.51780139e-03 -3.98516827e-03 4.87068103e-03 8.17776142e-04
1.46305697e-01 7.55312359e-03 -3.99800725e-03 4.90420300e-03 8.25851284e-04
1.47859021e-01 7.58868327e-03 -4.01090742e-03 4.93794528e-03 8.33953467e-04
1.49411981e-01 7.62448175e-03 -4.02386868e-03 4.97190928e-03 8.42082938e-04
1.50964572e-01 7.66052039e-03 -4.03689094e-03 5.00609642e-03 8.50239953e-04
1.52516790e-01 7.69680052e-03 -4.04997409e-03 5.04050814e-03 8.58424775e-04
1.54068633e-01 7.73332353e-03 -4.06311806e-03 5.07514587e-03 8.66637672e-04
1.55620096e-01 7.77009076e-03 -4.07632272e-03 5.11001106e-03 8.74878922e-04
1.57171175e-01 7.80710361e-03 -4.08958799e-03 5.14510516e-03 8.83148808e-04
1.58721866e-01 7.84436345e-03 -4.10291376e-03 5.18042963e-03 8.91447624e-04
1.60272166e-01 7.88187169e-03 -4.11629993e-03 5.21598595e-03 8.99775667e-04
1.61822070e-01 7.91962972e-03 -4.12974640e-03 5.25177560e-03 9.08133246e-04
1.63371576e-01 7.95763898e-03 -4.14325307e-03 5.28780006e-03 9.16520674e-04
1.64920678e-01 7.99590087e-03 -4.15681984e-03 5.32406083e-03 9.24938274e-04
1.66469374e-01 8.03441684e-03 -4.17044659e-03 5.36055942e-03 9.33386377e-04
1.68017660e-01 8.07318833e-03 -4.18413324e-03 5.39729735e-03 9.41865320e-04
1.69565531e-01 8.11221679e-03 -4.19787966e-03 5.43427615e-03 9.50375451e-04
1.71112983e-01 8.15150370e-03 -4.21168577e-03 5.47149734e-03 9.58917122e-04
1.72660014e-01 8.19105053e-03 -4.22555145e-03 5.50896249e-03 9.67490698e-04
1.74206619e-01 8.23085877e-03 -4.23947661e-03 5.54667313e-03 9.76096547e-04
1.75752795e-01 8.27092992e-03 -4.25346113e-03 5.58463085e-03 9.84735050e-04
1.77298536e-01 8.31126548e-03 -4.26750493e-03 5.62283722e-03 9.93406594e-04
1.78843841e-01 8.35186699e-03 -4.28160789e-03 5.66129382e-03 1.00211157e-03
1.80388705e-01 8.39273597e-03 -4.29576991e-03 5.70000226e-03 1.01085040e-03
1.81933124e-01 8.43387397e-03 -4.30999090e-03 5.73896414e-03 1.01962347e-03
1.83477094e-01 8.47528256e-03 -4.32427076e-03 5.77818109e-03 1.02843122e-03
1.85020611e-01 8.51696329e-03 -4.33860938e-03 5.81765474e-03 1.03727408e-03
1.86563673e-01 8.55891777e-03 -4.35300667e-03 5.85738674e-03 1.04615248e-03
1.88106274e-01 8.60114757e-03 -4.36746253e-03 5.89737874e-03 1.05506687e-03
1.89648411e-01 8.64365432e-03 -4.38197687e-03 5.93763242e-03 1.06401771e-03
1.91190081e-01 8.68643963e-03 -4.39654959e-03 5.97814945e-03 1.07300547e-03
1.92731279e-01 8.72950516e-03 -4.41118061e-03 6.01893153e-03 1.08203061e-03
1.94272002e-01 8.77285254e-03 -4.42586983e-03 6.05998038e-03 1.09109363e-03
1.95812245e-01 8.81648344e-03 -4.44061717e-03 6.10129770e-03 1.10019502e-03
1.97352006e-01 8.86039955e-03 -4.45542254e-03 6.14288524e-03 1.10933528e-03
1.98891280e-01 8.90460256e-03 -4.47028585e-03 6.18474474e-03 1.11851491e-03
2.00430064e-01 8.94909419e-03 -4.48520703e-03 6.22687796e-03 1.12773445e-03
2.01968353e-01 8.99387615e-03 -4.50018600e-03 6.26928670e-03 1.13699442e-03
2.03506144e-01 9.03895020e-03 -4.51522268e-03 6.31197272e-03 1.14629537e-03
2.05043433e-01 9.08431808e-03 -4.53031699e-03 6.35493785e-03 1.15563783e-03
2.06580217e-01 9.12998159e-03 -4.54546887e-03 6.39818390e-03 1.16502238e-03
2.08116491e-01 9.17594250e-03 -4.56067826e-03 6.44171271e-03 1.17444957e-03
2.09652252e-01 9.22220262e-03 -4.57594507e-03 6.48552614e-03 1.18392000e-03
2.11187496e-01 9.26876379e-03 -4.59126926e-03 6.52962605e-03 1.19343423e-03
2.12722219e-01 9.31562784e-03 -4.60665077e-03 6.57401432e-03 1.20299289e-03
2.14256418e-01 9.36279664e-03 -4.62208954e-03 6.61869287e-03 1.21259656e-03
2.15790088e-01 9.41027207e-03 -4.63758551e-03 6.66366361e-03 1.22224587e-03
2.17323226e-01 9.45805603e-03 -4.65313866e-03 6.70892847e-03 1.23194145e-03
2.18855828e-01 9.50615042e-03 -4.66874893e-03 6.75448942e-03 1.24168394e-03
2.20387890e-01 9.55455720e-03 -4.68441628e-03 6.80034842e-03 1.25147398e-03
2.21919408e-01 9.60327832e-03 -4.70014068e-03 6.84650746e-03 1.26131223e-03
2.23450380e-01 9.65231575e-03 -4.71592210e-03 6.89296856e-03 1.27119935e-03
2.24980800e-01 9.70167149e-03 -4.73176052e-03 6.93973373e-03 1.28113604e-03
2.26510666e-01 9.75134756e-03 -4.74765591e-03 6.98680504e-03 1.29112297e-03
2.28039973e-01 9.80134600e-03 -4.76360826e-03 7.03418455e-03 1.30116084e-03
2.29568717e-01 9.85166887e-03 -4.77961756e-03 7.08187434e-03 1.31125036e-03
2.31096895e-01 9.90231825e-03 -4.79568381e-03 7.12987652e-03 1.32139226e-03
2.32624504e-01 9.95329625e-03 -4.81180700e-03 7.17819323e-03 1.33158726e-03
2.34151539e-01 1.00046050e-02 -4.82798714e-03 7.22682662e-03 1.34183611e-03
2.35677996e-01 1.00562466e-02 -4.84422424e-03 7.27577885e-03 1.35213954e-03
2.37203872e-01 1.01082233e-02 -4.86051833e-03 7.32505212e-03 1.36249834e-03
2.38729163e-01 1.01605373e-02 -4.87686941e-03 7.37464865e-03 1.37291325e-03
2.40253865e-01 1.02131908e-02 -4.89327753e-03 7.42457068e-03 1.38338508e-03
2.41777975e-01 1.02661860e-02 -4.90974272e-03 7.47482048e-03 1.39391461e-03
2.43301489e-01 1.03195252e-02 -4.92626501e-03 7.52540032e-03 1.40450265e-03
2.44824402e-01 1.03732107e-02 -4.94284447e-03 7.57631252e-03 1.41515000e-03
2.46346712e-01 1.04272449e-02 -4.95948114e-03 7.62755942e-03 1.42585750e-03
2.47868414e-01 1.04816301e-02 -4.97617509e-03 7.67914338e-03 1.43662598e-03
2.49389505e-01 1.05363686e-02 -4.99292639e-03 7.73106679e-03 1.44745629e-03
2.50909981e-01 1.05914628e-02 -5.00973511e-03 7.78333205e-03 1.45834928e-03
2.52429838e-01 1.06469153e-02 -5.02660133e-03 7.83594162e-03 1.46930583e-03
2.53949073e-01 1.07027285e-02 -5.04352516e-03 7.88889795e-03 1.48032680e-03
2.55467681e-01 1.07589048e-02 -5.06050669e-03 7.94220353e-03 1.49141310e-03
2.56985659e-01 1.08154467e-02 -5.07754603e-03 7.99586090e-03 1.50256561e-03
2.58503004e-01 1.08723570e-02 -5.09464329e-03 8.04987260e-03 1.51378526e-03
2.60019711e-01 1.09296380e-02 -5.11179860e-03 8.10424121e-03 1.52507297e-03
2.61535776e-01 1.09872924e-02 -5.12901209e-03 8.15896933e-03 1.53642966e-03
2.63051197e-01 1.10453229e-02 -5.14628389e-03 8.21405962e-03 1.54785628e-03
2.64565969e-01 1.11037321e-02 -5.16361417e-03 8.26951473e-03 1.55935378e-03
2.66080089e-01 1.11625228e-02 -5.18100308e-03 8.32533737e-03 1.57092314e-03
2.67593552e-01 1.12216976e-02 -5.19845078e-03 8.38153026e-03 1.58256533e-03
2.69106356e-01 1.12812594e-02 -5.21595746e-03 8.43809618e-03 1.59428133e-03
2.70618495e-01 1.13412110e-02 -5.23352329e-03 8.49503792e-03 1.60607214e-03
2.72129968e-01 1.14015551e-02 -5.25114848e-03 8.55235830e-03 1.61793878e-03
2.73640769e-01 1.14622948e-02 -5.26883323e-03 8.61006020e-03 1.62988226e-03
2.75150895e-01 1.15234328e-02 -5.28657775e-03 8.66814650e-03 1.64190361e-03
2.76660343e-01 1.15849722e-02 -5.30438228e-03 8.72662015e-03 1.65400388e-03
2.78169109e-01 1.16469159e-02 -5.32224703e-03 8.78548410e-03 1.66618412e-03
2.79677188e-01 1.17092670e-02 -5.34017227e-03 8.84474137e-03 1.67844539e-03
2.81184578e-01 1.17720285e-02 -5.35815825e-03 8.90439499e-03 1.69078876e-03
2.82691274e-01 1.18352035e-02 -5.37620523e-03 8.96444805e-03 1.70321532e-03
2.84197274e-01 1.18987951e-02 -5.39431349e-03 9.02490365e-03 1.71572618e-03
2.85702572e-01 1.19628066e-02 -5.41248331e-03 9.08576495e-03 1.72832242e-03
2.87207166e-01 1.20272411e-02 -5.43071501e-03 9.14703515e-03 1.74100518e-03
2.88711051e-01 1.20921020e-02 -5.44900889e-03 9.20871748e-03 1.75377557e-03
2.90214224e-01 1.21573925e-02 -5.46736527e-03 9.27081521e-03 1.76663474e-03
2.91716682e-01 1.22231159e-02 -5.48578449e-03 9.33333165e-03 1.77958385e-03
2.93218420e-01 1.22892756e-02 -5.50426689e-03 9.39627016e-03 1.79262404e-03
2.94719436e-01 1.23558752e-02 -5.52281282e-03 9.45963415e-03 1.80575648e-03
2.96219724e-01 1.24229179e-02 -5.54142267e-03 9.52342705e-03 1.81898238e-03
2.97719282e-01 1.24904075e-02 -5.56009681e-03 9.58765234e-03 1.83230290e-03
2.99218105e-01 1.25583474e-02 -5.57883563e-03 9.65231356e-03 1.84571926e-03
3.00716191e-01 1.26267412e-02 -5.59763955e-03 9.71741428e-03 1.85923267e-03
3.02213535e-01 1.26955926e-02 -5.61650897e-03 9.78295812e-03 1.87284435e-03
3.03710134e-01 1.27649054e-02 -5.63544434e-03 9.84894875e-03 1.88655554e-03
3.05205983e-01 1.28346832e-02 -5.65444610e-03 9.91538988e-03 1.90036748e-03
3.06701080e-01 1.29049298e-02 -5.67351470e-03 9.98228527e-03 1.91428143e-03
3.08195421e-01 1.29756492e-02 -5.69265063e-03 1.00496387e-02 1.92829865e-03
3.09689002e-01 1.30468452e-02 -5.71185435e-03 1.01174541e-02 1.94242042e-03
3.11181819e-01 1.31185218e-02 -5.73112638e-03 1.01857354e-02 1.95664801e-03
3.12673868e-01 1.31906829e-02 -5.75046721e-03 1.02544864e-02 1.97098274e-03
3.14165146e-01 1.32633327e-02 -5.76987739e-03 1.03237113e-02 1.98542590e-03
3.15655650e-01 1.33364752e-02 -5.78935745e-03 1.03934140e-02 1.99997881e-03
3.17145375e-01 1.34101146e-02 -5.80890794e-03 1.04635987e-02 2.01464279e-03
3.18634318e-01 1.34842552e-02 -5.82852943e-03 1.05342696e-02 2.02941919e-03
3.20122475e-01 1.35589012e-02 -5.84822250e-03 1.06054309e-02 2.04430934e-03
3.21609843e-01 1.36340569e-02 -5.86798776e-03 1.06770869e-02 2.05931460e-03
3.23096417e-01 1.37097267e-02 -5.88782581e-03 1.07492418e-02 2.07443634e-03
3.24582195e-01 1.37859151e-02 -5.90773727e-03 1.08219002e-02 2.08967592e-03
3.26067172e-01 1.38626265e-02 -5.92772279e-03 1.08950664e-02 2.10503474e-03
3.27551345e-01 1.39398656e-02 -5.94778303e-03 1.09687450e-02 2.12051419e-03
3.29034710e-01 1.40176370e-02 -5.96791866e-03 1.10429406e-02 2.13611567e-03
3.30517264e-01 1.40959453e-02 -5.98813036e-03 1.11176577e-02 2.15184058e-03
3.31999003e-01 1.41747953e-02 -6.00841883e-03 1.11929010e-02 2.16769036e-03
3.33479923e-01 1.42541918e-02 -6.02878480e-03 1.12686754e-02 2.18366644e-03
3.34960021e-01 1.43341396e-02 -6.04922899e-03 1.13449856e-02 2.19977024e-03
3.36439292e-01 1.44146438e-02 -6.06975216e-03 1.14218365e-02 2.21600322e-03
3.37917734e-01 1.44957093e-02 -6.09035507e-03 1.14992331e-02 2.23236684e-03
3.39395342e-01 1.45773412e-02 -6.11103849e-03 1.15771804e-02 2.24886257e-03
3.40872114e-01 1.46595445e-02 -6.13180324e-03 1.16556833e-02 2.26549187e-03
3.42348044e-01 1.47423246e-02 -6.15265011e-03 1.17347472e-02 2.28225623e-03
3.43823131e-01 1.48256867e-02 -6.17357994e-03 1.18143771e-02 2.29915714e-03
3.45297369e-01 1.49096360e-02 -6.19459357e-03 1.18945785e-02 2.31619610e-03
3.46770756e-01 1.49941781e-02 -6.21569186e-03 1.19753565e-02 2.33337462e-03
3.48243288e-01 1.50793184e-02 -6.23687570e-03 1.20567167e-02 2.35069421e-03
3.49714961e-01 1.51650625e-02 -6.25814597e-03 1.21386646e-02 2.36815640e-03
3.51185772e-01 1.52514159e-02 -6.27950360e-03 1.22212056e-02 2.38576272e-03
3.52655716e-01 1.53383844e-02 -6.30094950e-03 1.23043455e-02 2.40351472e-03
3.54124791e-01 1.54259738e-02 -6.32248462e-03 1.23880900e-02 2.42141392e-03
3.55592992e-01 1.55141898e-02 -6.34410993e-03 1.24724448e-02 2.43946190e-03
3.57060317e-01 1.56030385e-02 -6.36582640e-03 1.25574158e-02 2.45766022e-03
3.58526760e-01 1.56925258e-02 -6.38763503e-03 1.26430089e-02 2.47601043e-03
3.59992320e-01 1.57826578e-02 -6.40953684e-03 1.27292303e-02 2.49451413e-03
3.61456992e-01 1.58734407e-02 -6.43153285e-03 1.28160859e-02 2.51317288e-03
3.62920772e-01 1.59648806e-02 -6.45362411e-03 1.29035820e-02 2.53198829e-03
3.64383658e-01 1.60569840e-02 -6.47581169e-03 1.29917247e-02 2.55096195e-03
3.65845645e-01 1.61497572e-02 -6.49809667e-03 1.30805206e-02 2.57009547e-03
3.67306729e-01 1.62432067e-02 -6.52048015e-03 1.31699759e-02 2.58939045e-03
3.68766908e-01 1.63373390e-02 -6.54296325e-03 1.32600973e-02 2.60884850e-03
3.70226177e-01 1.64321609e-02 -6.56554711e-03 1.33508912e-02 2.62847126e-03
3.71684534e-01 1.65276790e-02 -6.58823287e-03 1.34423644e-02 2.64826035e-03
3.73141973e-01 1.66239001e-02 -6.61102172e-03 1.35345236e-02 2.66821741e-03
3.74598493e-01 1.67208313e-02 -6.63391483e-03 1.36273758e-02 2.68834407e-03
3.76054088e-01 1.68184795e-02 -6.65691341e-03 1.37209278e-02 2.70864198e-03
3.77508756e-01 1.69168517e-02 -6.68001870e-03 1.38151867e-02 2.72911280e-03
3.78962493e-01 1.70159552e-02 -6.70323192e-03 1.39101596e-02 2.74975817e-03
3.80415296e-01 1.71157972e-02 -6.72655434e-03 1.40058537e-02 2.77057976e-03
3.81867160e-01 1.72163852e-02 -6.74998725e-03 1.41022764e-02 2.79157923e-03
3.83318083e-01 1.73177264e-02 -6.77353192e-03 1.41994351e-02 2.81275826e-03
3.84768060e-01 1.74198286e-02 -6.79718969e-03 1.42973372e-02 2.83411853e-03
3.86217089e-01 1.75226993e-02 -6.82096187e-03 1.43959904e-02 2.85566170e-03
3.87665165e-01 1.76263463e-02 -6.84484983e-03 1.44954024e-02 2.87738946e-03
3.89112285e-01 1.77307775e-02 -6.86885492e-03 1.45955809e-02 2.89930351e-03
3.90558445e-01 1.78360007e-02 -6.89297853e-03 1.46965338e-02 2.92140553e-03
3.92003642e-01 1.79420240e-02 -6.91722207e-03 1.47982693e-02 2.94369722e-03
3.93447872e-01 1.80488556e-02 -6.94158695e-03 1.49007953e-02 2.96618028e-03
3.94891132e-01 1.81565037e-02 -6.96607462e-03 1.50041200e-02 2.98885641e-03
3.96333418e-01 1.82649766e-02 -6.99068654e-03 1.51082518e-02 3.01172731e-03
3.97774727e-01 1.83742828e-02 -7.01542417e-03 1.52131991e-02 3.03479469e-03
3.99215055e-01 1.84844308e-02 -7.04028901e-03 1.53189704e-02 3.05806027e-03
4.00654398e-01 1.85954293e-02 -7.06528258e-03 1.54255744e-02 3.08152576e-03
4.02092753e-01 1.87072872e-02 -7.09040639e-03 1.55330196e-02 3.10519286e-03
4.03530117e-01 1.88200131e-02 -7.11566201e-03 1.56413151e-02 3.12906330e-03
4.04966485e-01 1.89336162e-02 -7.14105098e-03 1.57504698e-02 3.15313880e-03
4.06401855e-01 1.90481054e-02 -7.16657489e-03 1.58604926e-02 3.17742108e-03
4.07836222e-01 1.91634901e-02 -7.19223535e-03 1.59713929e-02 3.20191186e-03
4.09269584e-01 1.92797795e-02 -7.21803396e-03 1.60831799e-02 3.22661287e-03
4.10701936e-01 1.93969831e-02 -7.24397237e-03 1.61958629e-02 3.25152583e-03
4.12133276e-01 1.95151104e-02 -7.27005222e-03 1.63094516e-02 3.27665246e-03
4.13563599e-01 1.96341710e-02 -7.29627519e-03 1.64239556e-02 3.30199449e-03
4.14992902e-01 1.97541748e-02 -7.32264295e-03 1.65393846e-02 3.32755364e-03
4.16421181e-01 1.98751316e-02 -7.34915722e-03 1.66557486e-02 3.35333166e-03
4.17848434e-01 1.99970515e-02 -7.37581971e-03 1.67730574e-02 3.37933025e-03
4.19274656e-01 2.01199445e-02 -7.40263217e-03 1.68913213e-02 3.40555115e-03
4.20699844e-01 2.02438209e-02 -7.42959634e-03 1.70105505e-02 3.43199607e-03
4.22123995e-01 2.03686912e-02 -7.45671400e-03 1.71307554e-02 3.45866676e-03
4.23547105e-01 2.04945657e-02 -7.48398694e-03 1.72519464e-02 3.48556493e-03
4.24969170e-01 2.06214551e-02 -7.51141695e-03 1.73741343e-02 3.51269229e-03
4.26390187e-01 2.07493702e-02 -7.53900588e-03 1.74973296e-02 3.54005059e-03
4.27810152e-01 2.08783219e-02 -7.56675554e-03 1.76215434e-02 3.56764152e-03
4.29229063e-01 2.10083210e-02 -7.59466780e-03 1.77467866e-02 3.59546682e-03
4.30646915e-01 2.11393789e-02 -7.62274452e-03 1.78730704e-02 3.62352818e-03
4.32063705e-01 2.12715066e-02 -7.65098760e-03 1.80004060e-02 3.65182734e-03
4.33479429e-01 2.14047156e-02 -7.67939893e-03 1.81288050e-02 3.68036600e-03
4.34894084e-01 2.15390175e-02 -7.70798044e-03 1.82582787e-02 3.70914586e-03
4.36307667e-01 2.16744238e-02 -7.73673405e-03 1.83888389e-02 3.73816862e-03
4.37720174e-01 2.18109465e-02 -7.76566171e-03 1.85204974e-02 3.76743600e-03
4.39131601e-01 2.19485972e-02 -7.79476540e-03 1.86532661e-02 3.79694968e-03
4.40541946e-01 2.20873883e-02 -7.82404709e-03 1.87871572e-02 3.82671135e-03
4.41951203e-01 2.22273318e-02 -7.85350877e-03 1.89221829e-02 3.85672271e-03
4.43359371e-01 2.23684400e-02 -7.88315246e-03 1.90583555e-02 3.88698544e-03
4.44766446e-01 2.25107255e-02 -7.91298017e-03 1.91956877e-02 3.91750122e-03
4.46172424e-01 2.26542008e-02 -7.94299396e-03 1.93341919e-02 3.94827171e-03
4.47577301e-01 2.27988788e-02 -7.97319586e-03 1.94738812e-02 3.97929860e-03
4.48981074e-01 2.29447723e-02 -8.00358794e-03 1.96147683e-02 4.01058354e-03
4.50383741e-01 2.30918943e-02 -8.03417230e-03 1.97568664e-02 4.04212818e-03
4.51785296e-01 2.32402581e-02 -8.06495101e-03 1.99001889e-02 4.07393419e-03
4.53185738e-01 2.33898769e-02 -8.09592619e-03 2.00447489e-02 4.10600320e-03
4.54585061e-01 2.35407643e-02 -8.12709996e-03 2.01905602e-02 4.13833685e-03
4.55983264e-01 2.36929339e-02 -8.15847446e-03 2.03376365e-02 4.17093677e-03
4.57380342e-01 2.38463995e-02 -8.19005183e-03 2.04859915e-02 4.20380459e-03
4.58776292e-01 2.40011749e-02 -8.22183422e-03 2.06356393e-02 4.23694191e-03
4.60171111e-01 2.41572743e-02 -8.25382382e-03 2.07865940e-02 4.27035036e-03
4.61564795e-01 2.43147119e-02 -8.28602280e-03 2.09388701e-02 4.30403152e-03
4.62957340e-01 2.44735021e-02 -8.31843336e-03 2.10924819e-02 4.33798699e-03
4.64348744e-01 2.46336595e-02 -8.35105771e-03 2.12474441e-02 4.37221836e-03
4.65739003e-01 2.47951987e-02 -8.38389807e-03 2.14037716e-02 4.40672719e-03
4.67128113e-01 2.49581345e-02 -8.41695666e-03 2.15614792e-02 4.44151504e-03
4.68516071e-01 2.51224821e-02 -8.45023572e-03 2.17205821e-02 4.47658349e-03
4.69902874e-01 2.52882565e-02 -8.48373751e-03 2.18810957e-02 4.51193406e-03
4.71288518e-01 2.54554731e-02 -8.51746429e-03 2.20430352e-02 4.54756829e-03
4.72672999e-01 2.56241474e-02 -8.55141833e-03 2.22064165e-02 4.58348771e-03
4.74056315e-01 2.57942951e-02 -8.58560190e-03 2.23712552e-02 4.61969383e-03
4.75438462e-01 2.59659319e-02 -8.62001730e-03 2.25375673e-02 4.65618816e-03
4.76819436e-01 2.61390739e-02 -8.65466683e-03 2.27053689e-02 4.69297217e-03
4.78199234e-01 2.63137371e-02 -8.68955279e-03 2.28746764e-02 4.73004736e-03
4.79577853e-01 2.64899380e-02 -8.72467750e-03 2.30455061e-02 4.76741519e-03
4.80955289e-01 2.66676930e-02 -8.76004329e-03 2.32178748e-02 4.80507712e-03
4.82331539e-01 2.68470187e-02 -8.79565249e-03 2.33917992e-02 4.84303457e-03
4.83706600e-01 2.70279320e-02 -8.83150743e-03 2.35672964e-02 4.88128900e-03
4.85080468e-01 2.72104499e-02 -8.86761046e-03 2.37443834e-02 4.91984180e-03
4.86453139e-01 2.73945894e-02 -8.90396393e-03 2.39230777e-02 4.95869439e-03
4.87824611e-01 2.75803681e-02 -8.94057022e-03 2.41033967e-02 4.99784815e-03
4.89194880e-01 2.77678033e-02 -8.97743167e-03 2.42853582e-02 5.03730446e-03
4.90563942e-01 2.79569127e-02 -9.01455067e-03 2.44689800e-02 5.07706467e-03
4.91931794e-01 2.81477143e-02 -9.05192958e-03 2.46542801e-02 5.11713013e-03
4.93298434e-01 2.83402260e-02 -9.08957079e-03 2.48412769e-02 5.15750217e-03
4.94663856e-01 2.85344661e-02 -9.12747670e-03 2.50299886e-02 5.19818211e-03
4.96028059e-01 2.87304530e-02 -9.16564968e-03 2.52204340e-02 5.23917123e-03
4.97391039e-01 2.89282051e-02 -9.20409213e-03 2.54126319e-02 5.28047084e-03
4.98752791e-01 2.91277414e-02 -9.24280645e-03 2.56066011e-02 5.32208218e-03
5.00113314e-01 2.93290806e-02 -9.28179504e-03 2.58023609e-02 5.36400652e-03
5.01472604e-01 2.95322420e-02 -9.32106031e-03 2.59999306e-02 5.40624508e-03
5.02830656e-01 2.97372449e-02 -9.36060466e-03 2.61993297e-02 5.44879908e-03
5.04187469e-01 2.99441086e-02 -9.40043050e-03 2.64005780e-02 5.49166971e-03
5.05543038e-01 3.01528529e-02 -9.44054023e-03 2.66036954e-02 5.53485816e-03
5.06897361e-01 3.03634977e-02 -9.48093627e-03 2.68087020e-02 5.57836558e-03
5.08250433e-01 3.05760630e-02 -9.52162103e-03 2.70156181e-02 5.62219312e-03
5.09602252e-01 3.07905689e-02 -9.56259692e-03 2.72244642e-02 5.66634189e-03
5.10952815e-01 3.10070360e-02 -9.60386635e-03 2.74352610e-02 5.71081302e-03
5.12302117e-01 3.12254849e-02 -9.64543173e-03 2.76480294e-02 5.75560757e-03
5.13650155e-01 3.14459363e-02 -9.68729547e-03 2.78627905e-02 5.80072661e-03
5.14996927e-01 3.16684112e-02 -9.72945998e-03 2.80795655e-02 5.84617118e-03
5.16342429e-01 3.18929309e-02 -9.77192766e-03 2.82983759e-02 5.89194232e-03
5.17686658e-01 3.21195166e-02 -9.81470091e-03 2.85192434e-02 5.93804102e-03
5.19029610e-01 3.23481900e-02 -9.85778213e-03 2.87421899e-02 5.98446826e-03
5.20371281e-01 3.25789728e-02 -9.90117372e-03 2.89672375e-02 6.03122500e-03
5.21711670e-01 3.28118870e-02 -9.94487808e-03 2.91944084e-02 6.07831218e-03
5.23050772e-01 3.30469548e-02 -9.98889758e-03 2.94237251e-02 6.12573072e-03
5.24388584e-01 3.32841984e-02 -1.00332346e-02 2.96552103e-02 6.17348150e-03
5.25725102e-01 3.35236405e-02 -1.00778916e-02 2.98888869e-02 6.22156540e-03
5.27060325e-01 3.37653038e-02 -1.01228708e-02 3.01247780e-02 6.26998326e-03
5.28394247e-01 3.40092112e-02 -1.01681746e-02 3.03629068e-02 6.31873590e-03
5.29726866e-01 3.42553859e-02 -1.02138055e-02 3.06032970e-02 6.36782413e-03
5.31058179e-01 3.45038513e-02 -1.02597657e-02 3.08459721e-02 6.41724872e-03
5.32388182e-01 3.47546308e-02 -1.03060577e-02 3.10909561e-02 6.46701042e-03
5.33716872e-01 3.50077483e-02 -1.03526836e-02 3.13382731e-02 6.51710995e-03
5.35044246e-01 3.52632277e-02 -1.03996459e-02 3.15879475e-02 6.56754802e-03
5.36370301e-01 3.55210931e-02 -1.04469469e-02 3.18400039e-02 6.61832529e-03
5.37695032e-01 3.57813689e-02 -1.04945889e-02 3.20944668e-02 6.66944242e-03
5.39018438e-01 3.60440798e-02 -1.05425741e-02 3.23513614e-02 6.72090003e-03
5.40340514e-01 3.63092503e-02 -1.05909049e-02 3.26107128e-02 6.77269872e-03
5.41661258e-01 3.65769056e-02 -1.06395835e-02 3.28725464e-02 6.82483905e-03
5.42980666e-01 3.68470708e-02 -1.06886122e-02 3.31368877e-02 6.87732157e-03
5.44298735e-01 3.71197713e-02 -1.07379933e-02 3.34037627e-02 6.93014679e-03
5.45615461e-01 3.73950327e-02 -1.07877289e-02 3.36731972e-02 6.98331520e-03
5.46930842e-01 3.76728808e-02 -1.08378213e-02 3.39452176e-02 7.03682725e-03
5.48244874e-01 3.79533416e-02 -1.08882727e-02 3.42198504e-02 7.09068338e-03
5.49557555e-01 3.82364414e-02 -1.09390853e-02 3.44971221e-02 7.14488398e-03
5.50868879e-01 3.85222065e-02 -1.09902613e-02 3.47770596e-02 7.19942944e-03
5.52178845e-01 3.88106637e-02 -1.10418028e-02 3.50596902e-02 7.25432008e-03
5.53487450e-01 3.91018397e-02 -1.10937119e-02 3.53450410e-02 7.30955623e-03
5.54794689e-01 3.93957616e-02 -1.11459909e-02 3.56331397e-02 7.36513818e-03
5.56100561e-01 3.96924567e-02 -1.11986417e-02 3.59240139e-02 7.42106616e-03
5.57405060e-01 3.99919525e-02 -1.12516666e-02 3.62176916e-02 7.47734040e-03
5.58708186e-01 4.02942767e-02 -1.13050675e-02 3.65142011e-02 7.53396110e-03
5.60009933e-01 4.05994572e-02 -1.13588465e-02 3.68135707e-02 7.59092841e-03
5.61310299e-01 4.09075221e-02 -1.14130056e-02 3.71158290e-02 7.64824247e-03
5.62609281e-01 4.12184997e-02 -1.14675469e-02 3.74210049e-02 7.70590336e-03
5.63906875e-01 4.15324187e-02 -1.15224723e-02 3.77291275e-02 7.76391116e-03
5.65203079e-01 4.18493076e-02 -1.15777838e-02 3.80402260e-02 7.82226589e-03
5.66497889e-01 4.21691956e-02 -1.16334834e-02 3.83543299e-02 7.88096755e-03
5.67791302e-01 4.24921119e-02 -1.16895729e-02 3.86714690e-02 7.94001611e-03
5.69083314e-01 4.28180857e-02 -1.17460543e-02 3.89916732e-02 7.99941150e-03
5.70373923e-01 4.31471468e-02 -1.18029294e-02 3.93149726e-02 8.05915362e-03
5.71663126e-01 4.34793249e-02 -1.18602001e-02 3.96413977e-02 8.11924234e-03
5.72950918e-01 4.38146502e-02 -1.19178682e-02 3.99709789e-02 8.17967748e-03
5.74237298e-01 4.41531528e-02 -1.19759355e-02 4.03037473e-02 8.24045884e-03
5.75522261e-01 4.44948632e-02 -1.20344037e-02 4.06397337e-02 8.30158617e-03
5.76805805e-01 4.48398122e-02 -1.20932746e-02 4.09789694e-02 8.36305922e-03
5.78087927e-01 4.51880306e-02 -1.21525500e-02 4.13214860e-02 8.42487766e-03
5.79368623e-01 4.55395495e-02 -1.22122314e-02 4.16673151e-02 8.48704115e-03
5.80647890e-01 4.58944004e-02 -1.22723206e-02 4.20164886e-02 8.54954931e-03
5.81925725e-01 4.62526146e-02 -1.23328191e-02 4.23690388e-02 8.61240172e-03
5.83202125e-01 4.66142241e-02 -1.23937286e-02 4.27249979e-02 8.67559793e-03
5.84477087e-01 4.69792607e-02 -1.24550506e-02 4.30843985e-02 8.73913744e-03
5.85750607e-01 4.73477566e-02 -1.25167867e-02 4.34472735e-02 8.80301972e-03
5.87022683e-01 4.77197444e-02 -1.25789383e-02 4.38136558e-02 8.86724422e-03
5.88293311e-01 4.80952565e-02 -1.26415069e-02 4.41835788e-02 8.93181032e-03
5.89562488e-01 4.84743258e-02 -1.27044940e-02 4.45570758e-02 8.99671738e-03
5.90830212e-01 4.88569854e-02 -1.27679009e-02 4.49341805e-02 9.06196473e-03
5.92096478e-01 4.92432685e-02 -1.28317289e-02 4.53149269e-02 9.12755165e-03
5.93361284e-01 4.96332086e-02 -1.28959795e-02 4.56993491e-02 9.19347737e-03
5.94624627e-01 5.00268393e-02 -1.29606539e-02 4.60874813e-02 9.25974111e-03
5.95886503e-01 5.04241947e-02 -1.30257533e-02 4.64793582e-02 9.32634202e-03
5.97146909e-01 5.08253088e-02 -1.30912790e-02 4.68750146e-02 9.39327923e-03
5.98405843e-01 5.12302158e-02 -1.31572321e-02 4.72744853e-02 9.46055183e-03
5.99663302e-01 5.16389504e-02 -1.32236137e-02 4.76778056e-02 9.52815886e-03
6.00919281e-01 5.20515474e-02 -1.32904250e-02 4.80850110e-02 9.59609933e-03
6.02173778e-01 5.24680415e-02 -1.33576671e-02 4.84961371e-02 9.66437220e-03
6.03426791e-01 5.28884681e-02 -1.34253408e-02 4.89112197e-02 9.73297640e-03
6.04678315e-01 5.33128625e-02 -1.34934472e-02 4.93302948e-02 9.80191080e-03
6.05928348e-01 5.37412603e-02 -1.35619873e-02 4.97533988e-02 9.87117425e-03
6.07176887e-01 5.41736973e-02 -1.36309619e-02 5.01805682e-02 9.94076556e-03
6.08423928e-01 5.46102094e-02 -1.37003718e-02 5.06118396e-02 1.00106835e-02
6.09669468e-01 5.50508329e-02 -1.37702178e-02 5.10472501e-02 1.00809267e-02
6.10913506e-01 5.54956043e-02 -1.38405007e-02 5.14868366e-02 1.01514939e-02
6.12156036e-01 5.59445601e-02 -1.39112213e-02 5.19306365e-02 1.02223838e-02
6.13397057e-01 5.63977371e-02 -1.39823801e-02 5.23786875e-02 1.02935949e-02
6.14636565e-01 5.68551724e-02 -1.40539777e-02 5.28310271e-02 1.03651258e-02
6.15874558e-01 5.73169033e-02 -1.41260148e-02 5.32876935e-02 1.04369749e-02
6.17111031e-01 5.77829671e-02 -1.41984919e-02 5.37487248e-02 1.05091408e-02
6.18345983e-01 5.82534015e-02 -1.42714094e-02 5.42141593e-02 1.05816218e-02
6.19579410e-01 5.87282444e-02 -1.43447677e-02 5.46840356e-02 1.06544163e-02
6.20811308e-01 5.92075338e-02 -1.44185673e-02 5.51583925e-02 1.07275227e-02
6.22041676e-01 5.96913078e-02 -1.44928083e-02 5.56372691e-02 1.08009393e-02
6.23270509e-01 6.01796051e-02 -1.45674912e-02 5.61207044e-02 1.08746642e-02
6.24497806e-01 6.06724642e-02 -1.46426161e-02 5.66087379e-02 1.09486957e-02
6.25723562e-01 6.11699239e-02 -1.47181832e-02 5.71014092e-02 1.10230320e-02
6.26947776e-01 6.16720233e-02 -1.47941926e-02 5.75987580e-02 1.10976711e-02
6.28170443e-01 6.21788015e-02 -1.48706443e-02 5.81008244e-02 1.11726111e-02
6.29391561e-01 6.26902981e-02 -1.49475383e-02 5.86076484e-02 1.12478500e-02
6.30611126e-01 6.32065526e-02 -1.50248747e-02 5.91192706e-02 1.13233859e-02
6.31829137e-01 6.37276048e-02 -1.51026532e-02 5.96357314e-02 1.13992165e-02
6.33045589e-01 6.42534947e-02 -1.51808737e-02 6.01570717e-02 1.14753399e-02
6.34260480e-01 6.47842624e-02 -1.52595361e-02 6.06833323e-02 1.15517539e-02
6.35473807e-01 6.53199484e-02 -1.53386399e-02 6.12145544e-02 1.16284562e-02
6.36685567e-01 6.58605931e-02 -1.54181850e-02 6.17507793e-02 1.17054446e-02
6.37895757e-01 6.64062373e-02 -1.54981708e-02 6.22920486e-02 1.17827169e-02
6.39104373e-01 6.69569220e-02 -1.55785969e-02 6.28384040e-02 1.18602705e-02
6.40311414e-01 6.75126881e-02 -1.56594628e-02 6.33898873e-02 1.19381033e-02
6.41516875e-01 6.80735771e-02 -1.57407680e-02 6.39465405e-02 1.20162126e-02
6.42720754e-01 6.86396302e-02 -1.58225118e-02 6.45084060e-02 1.20945961e-02
6.43923048e-01 6.92108892e-02 -1.59046934e-02 6.50755261e-02 1.21732512e-02
6.45123754e-01 6.97873958e-02 -1.59873122e-02 6.56479435e-02 1.22521754e-02
6.46322869e-01 7.03691921e-02 -1.60703673e-02 6.62257009e-02 1.23313659e-02
6.47520390e-01 7.09563201e-02 -1.61538579e-02 6.68088412e-02 1.24108202e-02
6.48716314e-01 7.15488222e-02 -1.62377829e-02 6.73974076e-02 1.24905356e-02
6.49910639e-01 7.21467408e-02 -1.63221414e-02 6.79914433e-02 1.25705092e-02
6.51103360e-01 7.27501187e-02 -1.64069322e-02 6.85909919e-02 1.26507382e-02
6.52294476e-01 7.33589985e-02 -1.64921543e-02 6.91960968e-02 1.27312199e-02
6.53483983e-01 7.39734234e-02 -1.65778064e-02 6.98068020e-02 1.28119512e-02
6.54671879e-01 7.45934363e-02 -1.66638873e-02 7.04231512e-02 1.28929293e-02
6.55858160e-01 7.52190806e-02 -1.67503956e-02 7.10451887e-02 1.29741510e-02
6.57042824e-01 7.58503998e-02 -1.68373298e-02 7.16729586e-02 1.30556135e-02
6.58225867e-01 7.64874374e-02 -1.69246886e-02 7.23065054e-02 1.31373136e-02
6.59407287e-01 7.71302373e-02 -1.70124703e-02 7.29458736e-02 1.32192481e-02
6.60587080e-01 7.77788432e-02 -1.71006734e-02 7.35911080e-02 1.33014139e-02
6.61765245e-01 7.84332992e-02 -1.71892961e-02 7.42422534e-02 1.33838078e-02
6.62941778e-01 7.90936497e-02 -1.72783367e-02 7.48993548e-02 1.34664263e-02
6.64116675e-01 7.97599387e-02 -1.73677934e-02 7.55624573e-02 1.35492663e-02
6.65289935e-01 8.04322110e-02 -1.74576643e-02 7.62316062e-02 1.36323243e-02
6.66461554e-01 8.11105110e-02 -1.75479474e-02 7.69068470e-02 1.37155969e-02
6.67631530e-01 8.17948835e-02 -1.76386406e-02 7.75882252e-02 1.37990807e-02
6.68799859e-01 8.24853735e-02 -1.77297419e-02 7.82757865e-02 1.38827720e-02
6.69966538e-01 8.31820258e-02 -1.78212491e-02 7.89695767e-02 1.39666674e-02
6.71131566e-01 8.38848858e-02 -1.79131598e-02 7.96696418e-02 1.40507632e-02
6.72294938e-01 8.45939986e-02 -1.80054719e-02 8.03760278e-02 1.41350558e-02
6.73456652e-01 8.53094096e-02 -1.80981828e-02 8.10887810e-02 1.42195414e-02
6.74616706e-01 8.60311644e-02 -1.81912900e-02 8.18079476e-02 1.43042163e-02
6.75775095e-01 8.67593085e-02 -1.82847911e-02 8.25335740e-02 1.43890767e-02
6.76931818e-01 8.74938878e-02 -1.83786834e-02 8.32657069e-02 1.44741187e-02
6.78086872e-01 8.82349481e-02 -1.84729641e-02 8.40043929e-02 1.45593384e-02
6.79240254e-01 8.89825353e-02 -1.85676306e-02 8.47496787e-02 1.46447320e-02
6.80391960e-01 8.97366956e-02 -1.86626799e-02 8.55016112e-02 1.47302952e-02
6.81541988e-01 9.04974751e-02 -1.87581091e-02 8.62602373e-02 1.48160243e-02
6.82690336e-01 9.12649202e-02 -1.88539151e-02 8.70256043e-02 1.49019150e-02
6.83837000e-01 9.20390771e-02 -1.89500950e-02 8.77977591e-02 1.49879632e-02
6.84981977e-01 9.28199924e-02 -1.90466455e-02 8.85767491e-02 1.50741647e-02
6.86125265e-01 9.36077126e-02 -1.91435634e-02 8.93626216e-02 1.51605153e-02
6.87266861e-01 9.44022844e-02 -1.92408454e-02 9.01554240e-02 1.52470108e-02
6.88406763e-01 9.52037546e-02 -1.93384879e-02 9.09552039e-02 1.53336467e-02
6.89544966e-01 9.60121699e-02 -1.94364877e-02 9.17620088e-02 1.54204188e-02
6.90681469e-01 9.68275773e-02 -1.95348411e-02 9.25758865e-02 1.55073226e-02
6.91816268e-01 9.76500237e-02 -1.96335444e-02 9.33968846e-02 1.55943537e-02
6.92949362e-01 9.84795562e-02 -1.97325940e-02 9.42250509e-02 1.56815075e-02
6.94080746e-01 9.93162220e-02 -1.98319860e-02 9.50604334e-02 1.57687795e-02
6.95210419e-01 1.00160068e-01 -1.99317166e-02 9.59030800e-02 1.58561651e-02
6.96338377e-01 1.01011142e-01 -2.00317817e-02 9.67530386e-02 1.59436597e-02
6.97464618e-01 1.01869491e-01 -2.01321775e-02 9.76103574e-02 1.60312585e-02
6.98589139e-01 1.02735162e-01 -2.02328996e-02 9.84750843e-02 1.61189568e-02
6.99711937e-01 1.03608203e-01 -2.03339440e-02 9.93472677e-02 1.62067499e-02
7.00833010e-01 1.04488661e-01 -2.04353064e-02 1.00226956e-01 1.62946329e-02
7.01952354e-01 1.05376584e-01 -2.05369823e-02 1.01114196e-01 1.63826009e-02
7.03069967e-01 1.06272019e-01 -2.06389673e-02 1.02009038e-01 1.64706491e-02
7.04185846e-01 1.07175014e-01 -2.07412569e-02 1.02911529e-01 1.65587724e-02
7.05299989e-01 1.08085616e-01 -2.08438465e-02 1.03821718e-01 1.66469660e-02
7.06412392e-01 1.09003874e-01 -2.09467314e-02 1.04739653e-01 1.67352246e-02
7.07523053e-01 1.09929834e-01 -2.10499068e-02 1.05665382e-01 1.68235433e-02
7.08631969e-01 1.10863545e-01 -2.11533679e-02 1.06598954e-01 1.69119169e-02
7.09739137e-01 1.11805054e-01 -2.12571096e-02 1.07540417e-01 1.70003403e-02
7.10844555e-01 1.12754409e-01 -2.13611271e-02 1.08489819e-01 1.70888081e-02
7.11948220e-01 1.13711657e-01 -2.14654151e-02 1.09447210e-01 1.71773152e-02
7.13050130e-01 1.14676847e-01 -2.15699686e-02 1.10412637e-01 1.72658562e-02
7.14150280e-01 1.15650026e-01 -2.16747821e-02 1.11386149e-01 1.73544258e-02
7.15248670e-01 1.16631243e-01 -2.17798504e-02 1.12367794e-01 1.74430187e-02
7.16345296e-01 1.17620543e-01 -2.18851680e-02 1.13357620e-01 1.75316293e-02
7.17440155e-01 1.18617976e-01 -2.19907295e-02 1.14355676e-01 1.76202522e-02
7.18533244e-01 1.19623589e-01 -2.20965291e-02 1.15362011e-01 1.77088819e-02
7.19624562e-01 1.20637430e-01 -2.22025613e-02 1.16376672e-01 1.77975129e-02
7.20714105e-01 1.21659546e-01 -2.23088202e-02 1.17399708e-01 1.78861395e-02
7.21801870e-01 1.22689985e-01 -2.24153001e-02 1.18431167e-01 1.79747562e-02
7.22887856e-01 1.23728794e-01 -2.25219949e-02 1.19471097e-01 1.80633572e-02
7.23972059e-01 1.24776022e-01 -2.26288987e-02 1.20519546e-01 1.81519368e-02
7.25054476e-01 1.25831715e-01 -2.27360053e-02 1.21576563e-01 1.82404893e-02
7.26135105e-01 1.26895921e-01 -2.28433086e-02 1.22642195e-01 1.83290089e-02
7.27213943e-01 1.27968688e-01 -2.29508023e-02 1.23716491e-01 1.84174898e-02
7.28290988e-01 1.29050063e-01 -2.30584802e-02 1.24799498e-01 1.85059260e-02
7.29366237e-01 1.30140092e-01 -2.31663357e-02 1.25891264e-01 1.85943118e-02
7.30439687e-01 1.31238824e-01 -2.32743623e-02 1.26991838e-01 1.86826411e-02
7.31511336e-01 1.32346306e-01 -2.33825535e-02 1.28101265e-01 1.87709080e-02
7.32581181e-01 1.33462584e-01 -2.34909026e-02 1.29219595e-01 1.88591065e-02
7.33649219e-01 1.34587706e-01 -2.35994028e-02 1.30346875e-01 1.89472305e-02
7.34715448e-01 1.35721718e-01 -2.37080474e-02 1.31483152e-01 1.90352739e-02
7.35779864e-01 1.36864667e-01 -2.38168293e-02 1.32628474e-01 1.91232307e-02
7.36842467e-01 1.38016600e-01 -2.39257417e-02 1.33782886e-01 1.92110946e-02
7.37903252e-01 1.39177564e-01 -2.40347774e-02 1.34946438e-01 1.92988595e-02
7.38962217e-01 1.40347604e-01 -2.41439293e-02 1.36119176e-01 1.93865191e-02
7.40019360e-01 1.41526769e-01 -2.42531902e-02 1.37301146e-01 1.94740672e-02
7.41074678e-01 1.42715103e-01 -2.43625527e-02 1.38492395e-01 1.95614975e-02
7.42128168e-01 1.43912652e-01 -2.44720094e-02 1.39692970e-01 1.96488037e-02
7.43179828e-01 1.45119464e-01 -2.45815530e-02 1.40902917e-01 1.97359794e-02
7.44229655e-01 1.46335583e-01 -2.46911758e-02 1.42122283e-01 1.98230182e-02
7.45277647e-01 1.47561056e-01 -2.48008702e-02 1.43351113e-01 1.99099138e-02
7.46323801e-01 1.48795928e-01 -2.49106286e-02 1.44589455e-01 1.99966596e-02
7.47368114e-01 1.50040245e-01 -2.50204431e-02 1.45837353e-01 2.00832492e-02
7.48410585e-01 1.51294051e-01 -2.51303059e-02 1.47094853e-01 2.01696762e-02
7.49451209e-01 1.52557393e-01 -2.52402091e-02 1.48362001e-01 2.02559338e-02
7.50489985e-01 1.53830314e-01 -2.53501446e-02 1.49638841e-01 2.03420156e-02
7.51526911e-01 1.55112860e-01 -2.54601044e-02 1.50925420e-01 2.04279151e-02
7.52561982e-01 1.56405075e-01 -2.55700803e-02 1.52221783e-01 2.05136255e-02
7.53595199e-01 1.57707004e-01 -2.56800641e-02 1.53527972e-01 2.05991402e-02
7.54626556e-01 1.59018691e-01 -2.57900474e-02 1.54844035e-01 2.06844525e-02
7.55656053e-01 1.60340180e-01 -2.59000220e-02 1.56170014e-01 2.07695558e-02
7.56683685e-01 1.61671515e-01 -2.60099794e-02 1.57505954e-01 2.08544434e-02
7.57709452e-01 1.63012740e-01 -2.61199110e-02 1.58851899e-01 2.09391083e-02
7.58733350e-01 1.64363897e-01 -2.62298082e-02 1.60207892e-01 2.10235440e-02
7.59755377e-01 1.65725031e-01 -2.63396624e-02 1.61573977e-01 2.11077436e-02
7.60775531e-01 1.67096183e-01 -2.64494648e-02 1.62950197e-01 2.11917002e-02
7.61793808e-01 1.68477398e-01 -2.65592067e-02 1.64336595e-01 2.12754071e-02
7.62810206e-01 1.69868716e-01 -2.66688791e-02 1.65733214e-01 2.13588573e-02
7.63824724e-01 1.71270182e-01 -2.67784732e-02 1.67140097e-01 2.14420440e-02
7.64837357e-01 1.72681836e-01 -2.68879798e-02 1.68557284e-01 2.15249603e-02
7.65848104e-01 1.74103720e-01 -2.69973900e-02 1.69984819e-01 2.16075992e-02
7.66856963e-01 1.75535876e-01 -2.71066946e-02 1.71422743e-01 2.16899537e-02
7.67863930e-01 1.76978346e-01 -2.72158844e-02 1.72871098e-01 2.17720170e-02
7.68869004e-01 1.78431169e-01 -2.73249500e-02 1.74329924e-01 2.18537821e-02
7.69872181e-01 1.79894387e-01 -2.74338823e-02 1.75799262e-01 2.19352418e-02
7.70873460e-01 1.81368040e-01 -2.75426717e-02 1.77279153e-01 2.20163893e-02
7.71872838e-01 1.82852168e-01 -2.76513087e-02 1.78769637e-01 2.20972175e-02
7.72870312e-01 1.84346812e-01 -2.77597840e-02 1.80270754e-01 2.21777192e-02
7.73865880e-01 1.85852010e-01 -2.78680878e-02 1.81782543e-01 2.22578876e-02
7.74859540e-01 1.87367801e-01 -2.79762106e-02 1.83305043e-01 2.23377154e-02
7.75851289e-01 1.88894225e-01 -2.80841426e-02 1.84838294e-01 2.24171956e-02
7.76841124e-01 1.90431320e-01 -2.81918741e-02 1.86382334e-01 2.24963211e-02
7.77829044e-01 1.91979124e-01 -2.82993952e-02 1.87937202e-01 2.25750848e-02
7.78815045e-01 1.93537675e-01 -2.84066960e-02 1.89502934e-01 2.26534795e-02
7.79799126e-01 1.95107010e-01 -2.85137667e-02 1.91079569e-01 2.27314981e-02
7.80781283e-01 1.96687168e-01 -2.86205972e-02 1.92667144e-01 2.28091334e-02
7.81761515e-01 1.98278184e-01 -2.87271775e-02 1.94265695e-01 2.28863783e-02
7.82739819e-01 1.99880094e-01 -2.88334975e-02 1.95875259e-01 2.29632256e-02
7.83716193e-01 2.01492936e-01 -2.89395470e-02 1.97495872e-01 2.30396682e-02
7.84690634e-01 2.03116745e-01 -2.90453158e-02 1.99127569e-01 2.31156988e-02
7.85663139e-01 2.04751555e-01 -2.91507938e-02 2.00770386e-01 2.31913103e-02
7.86633708e-01 2.06397402e-01 -2.92559705e-02 2.02424357e-01 2.32664955e-02
7.87602336e-01 2.08054321e-01 -2.93608356e-02 2.04089517e-01 2.33412472e-02
7.88569022e-01 2.09722345e-01 -2.94653788e-02 2.05765900e-01 2.34155581e-02
7.89533763e-01 2.11401509e-01 -2.95695896e-02 2.07453539e-01 2.34894211e-02
7.90496556e-01 2.13091844e-01 -2.96734575e-02 2.09152468e-01 2.35628289e-02
7.91457401e-01 2.14793386e-01 -2.97769719e-02 2.10862718e-01 2.36357744e-02
7.92416293e-01 2.16506164e-01 -2.98801224e-02 2.12584323e-01 2.37082503e-02
7.93373232e-01 2.18230213e-01 -2.99828983e-02 2.14317314e-01 2.37802495e-02
7.94328214e-01 2.19965563e-01 -3.00852889e-02 2.16061722e-01 2.38517646e-02
7.95281236e-01 2.21712245e-01 -3.01872835e-02 2.17817578e-01 2.39227886e-02
7.96232298e-01 2.23470289e-01 -3.02888715e-02 2.19584913e-01 2.39933142e-02
7.97181396e-01 2.25239727e-01 -3.03900420e-02 2.21363756e-01 2.40633341e-02
7.98128528e-01 2.27020588e-01 -3.04907843e-02 2.23154136e-01 2.41328413e-02
7.99073691e-01 2.28812900e-01 -3.05910874e-02 2.24956084e-01 2.42018284e-02
8.00016884e-01 2.30616693e-01 -3.06909406e-02 2.26769626e-01 2.42702884e-02
8.00958104e-01 2.32431995e-01 -3.07903329e-02 2.28594791e-01 2.43382140e-02
8.01897349e-01 2.34258833e-01 -3.08892534e-02 2.30431606e-01 2.44055981e-02
8.02834616e-01 2.36097235e-01 -3.09876912e-02 2.32280099e-01 2.44724334e-02
8.03769903e-01 2.37947227e-01 -3.10856351e-02 2.34140294e-01 2.45387129e-02
8.04703207e-01 2.39808836e-01 -3.11830743e-02 2.36012219e-01 2.46044294e-02
8.05634528e-01 2.41682087e-01 -3.12799977e-02 2.37895898e-01 2.46695757e-02
8.06563861e-01 2.43567004e-01 -3.13763942e-02 2.39791356e-01 2.47341448e-02
8.07491206e-01 2.45463614e-01 -3.14722527e-02 2.41698618e-01 2.47981294e-02
8.08416559e-01 2.47371940e-01 -3.15675621e-02 2.43617705e-01 2.48615226e-02
8.09339918e-01 2.49292004e-01 -3.16623113e-02 2.45548643e-01 2.49243172e-02
8.10261281e-01 2.51223831e-01 -3.17564891e-02 2.47491452e-01 2.49865061e-02
8.11180646e-01 2.53167441e-01 -3.18500843e-02 2.49446155e-01 2.50480824e-02
8.12098011e-01 2.55122858e-01 -3.19430858e-02 2.51412773e-01 2.51090389e-02
8.13013373e-01 2.57090102e-01 -3.20354824e-02 2.53391326e-01 2.51693687e-02
8.13926729e-01 2.59069193e-01 -3.21272628e-02 2.55381835e-01 2.52290647e-02
8.14838079e-01 2.61060153e-01 -3.22184159e-02 2.57384319e-01 2.52881199e-02
8.15747419e-01 2.63062999e-01 -3.23089304e-02 2.59398796e-01 2.53465275e-02
8.16654747e-01 2.65077750e-01 -3.23987950e-02 2.61425286e-01 2.54042805e-02
8.17560061e-01 2.67104425e-01 -3.24879986e-02 2.63463804e-01 2.54613719e-02
8.18463359e-01 2.69143042e-01 -3.25765298e-02 2.65514369e-01 2.55177948e-02
8.19364639e-01 2.71193616e-01 -3.26643774e-02 2.67576996e-01 2.55735425e-02
8.20263897e-01 2.73256164e-01 -3.27515301e-02 2.69651700e-01 2.56286080e-02
8.21161133e-01 2.75330702e-01 -3.28379767e-02 2.71738498e-01 2.56829845e-02
8.22056344e-01 2.77417245e-01 -3.29237059e-02 2.73837402e-01 2.57366653e-02
8.22949527e-01 2.79515806e-01 -3.30087064e-02 2.75948426e-01 2.57896435e-02
8.23840681e-01 2.81626399e-01 -3.30929671e-02 2.78071584e-01 2.58419125e-02
8.24729804e-01 2.83749037e-01 -3.31764766e-02 2.80206887e-01 2.58934655e-02
8.25616892e-01 2.85883733e-01 -3.32592236e-02 2.82354347e-01 2.59442959e-02
8.26501944e-01 2.88030497e-01 -3.33411971e-02 2.84513974e-01 2.59943970e-02
8.27384958e-01 2.90189341e-01 -3.34223856e-02 2.86685779e-01 2.60437622e-02
8.28265931e-01 2.92360274e-01 -3.35027781e-02 2.88869771e-01 2.60923850e-02
8.29144862e-01 2.94543306e-01 -3.35823633e-02 2.91065958e-01 2.61402588e-02
8.30021748e-01 2.96738445e-01 -3.36611301e-02 2.93274348e-01 2.61873770e-02
8.30896587e-01 2.98945700e-01 -3.37390671e-02 2.95494949e-01 2.62337333e-02
8.31769377e-01 3.01165078e-01 -3.38161634e-02 2.97727766e-01 2.62793211e-02
8.32640115e-01 3.03396584e-01 -3.38924078e-02 2.99972805e-01 2.63241342e-02
8.33508800e-01 3.05640225e-01 -3.39677891e-02 3.02230071e-01 2.63681660e-02
8.34375430e-01 3.07896005e-01 -3.40422963e-02 3.04499569e-01 2.64114105e-02
8.35240002e-01 3.10163930e-01 -3.41159184e-02 3.06781301e-01 2.64538611e-02
8.36102514e-01 3.12444001e-01 -3.41886441e-02 3.09075270e-01 2.64955118e-02
8.36962964e-01 3.14736222e-01 -3.42604627e-02 3.11381477e-01 2.65363563e-02
8.37821349e-01 3.17040595e-01 -3.43313631e-02 3.13699924e-01 2.65763885e-02
8.38677669e-01 3.19357120e-01 -3.44013342e-02 3.16030610e-01 2.66156023e-02
8.39531921e-01 3.21685798e-01 -3.44703654e-02 3.18373536e-01 2.66539917e-02
8.40384102e-01 3.24026628e-01 -3.45384455e-02 3.20728699e-01 2.66915505e-02
8.41234210e-01 3.26379610e-01 -3.46055639e-02 3.23096097e-01 2.67282730e-02
8.42082244e-01 3.28744740e-01 -3.46717097e-02 3.25475727e-01 2.67641531e-02
8.42928201e-01 3.31122015e-01 -3.47368721e-02 3.27867585e-01 2.67991850e-02
8.43772079e-01 3.33511433e-01 -3.48010405e-02 3.30271666e-01 2.68333629e-02
8.44613877e-01 3.35912988e-01 -3.48642041e-02 3.32687965e-01 2.68666810e-02
8.45453591e-01 3.38326675e-01 -3.49263524e-02 3.35116474e-01 2.68991336e-02
8.46291221e-01 3.40752487e-01 -3.49874746e-02 3.37557187e-01 2.69307152e-02
8.47126763e-01 3.43190418e-01 -3.50475604e-02 3.40010096e-01 2.69614200e-02
8.47960216e-01 3.45640458e-01 -3.51065992e-02 3.42475190e-01 2.69912426e-02
8.48791578e-01 3.48102600e-01 -3.51645806e-02 3.44952461e-01 2.70201774e-02
8.49620847e-01 3.50576833e-01 -3.52214942e-02 3.47441897e-01 2.70482190e-02
8.50448020e-01 3.53063147e-01 -3.52773297e-02 3.49943486e-01 2.70753621e-02
8.51273096e-01 3.55561530e-01 -3.53320769e-02 3.52457217e-01 2.71016014e-02
8.52096073e-01 3.58071970e-01 -3.53857255e-02 3.54983074e-01 2.71269315e-02
8.52916948e-01 3.60594453e-01 -3.54382654e-02 3.57521045e-01 2.71513474e-02
8.53735720e-01 3.63128965e-01 -3.54896865e-02 3.60071113e-01 2.71748438e-02
8.54552386e-01 3.65675491e-01 -3.55399789e-02 3.62633261e-01 2.71974158e-02
8.55366945e-01 3.68234015e-01 -3.55891325e-02 3.65207474e-01 2.72190583e-02
8.56179395e-01 3.70804520e-01 -3.56371375e-02 3.67793732e-01 2.72397664e-02
8.56989732e-01 3.73386988e-01 -3.56839841e-02 3.70392017e-01 2.72595352e-02
8.57797957e-01 3.75981399e-01 -3.57296626e-02 3.73002309e-01 2.72783599e-02
8.58604066e-01 3.78587735e-01 -3.57741633e-02 3.75624585e-01 2.72962358e-02
8.59408057e-01 3.81205975e-01 -3.58174767e-02 3.78258826e-01 2.73131583e-02
8.60209930e-01 3.83836096e-01 -3.58595932e-02 3.80905007e-01 2.73291227e-02
8.61009680e-01 3.86478076e-01 -3.59005034e-02 3.83563105e-01 2.73441244e-02
8.61807307e-01 3.89131892e-01 -3.59401980e-02 3.86233094e-01 2.73581591e-02
8.62602809e-01 3.91797519e-01 -3.59786677e-02 3.88914950e-01 2.73712224e-02
8.63396184e-01 3.94474931e-01 -3.60159034e-02 3.91608645e-01 2.73833100e-02
8.64187429e-01 3.97164102e-01 -3.60518959e-02 3.94314152e-01 2.73944176e-02
8.64976543e-01 3.99865004e-01 -3.60866364e-02 3.97031441e-01 2.74045410e-02
8.65763524e-01 4.02577609e-01 -3.61201158e-02 3.99760483e-01 2.74136762e-02
8.66548370e-01 4.05301888e-01 -3.61523253e-02 4.02501248e-01 2.74218193e-02
8.67331079e-01 4.08037809e-01 -3.61832564e-02 4.05253703e-01 2.74289661e-02
8.68111648e-01 4.10785342e-01 -3.62129002e-02 4.08017815e-01 2.74351130e-02
8.68890077e-01 4.13544454e-01 -3.62412484e-02 4.10793552e-01 2.74402561e-02
8.69666363e-01 4.16315111e-01 -3.62682925e-02 4.13580877e-01 2.74443918e-02
8.70440504e-01 4.19097279e-01 -3.62940242e-02 4.16379756e-01 2.74475164e-02
8.71212499e-01 4.21890922e-01 -3.63184352e-02 4.19190151e-01 2.74496264e-02
8.71982345e-01 4.24696004e-01 -3.63415174e-02 4.22012024e-01 2.74507184e-02
8.72750041e-01 4.27512487e-01 -3.63632630e-02 4.24845337e-01 2.74507890e-02
8.73515584e-01 4.30340333e-01 -3.63836638e-02 4.27690049e-01 2.74498349e-02
8.74278973e-01 4.33179501e-01 -3.64027123e-02 4.30546120e-01 2.74478530e-02
8.75040206e-01 4.36029952e-01 -3.64204006e-02 4.33413507e-01 2.74448402e-02
8.75799281e-01 4.38891643e-01 -3.64367212e-02 4.36292168e-01 2.74407933e-02
8.76556196e-01 4.41764532e-01 -3.64516668e-02 4.39182058e-01 2.74357096e-02
8.77310949e-01 4.44648574e-01 -3.64652299e-02 4.42083131e-01 2.74295861e-02
8.78063539e-01 4.47543725e-01 -3.64774034e-02 4.44995343e-01 2.74224202e-02
8.78813963e-01 4.50449939e-01 -3.64881802e-02 4.47918644e-01 2.74142091e-02
8.79562220e-01 4.53367168e-01 -3.64975533e-02 4.50852987e-01 2.74049503e-02
8.80308308e-01 4.56295366e-01 -3.65055159e-02 4.53798323e-01 2.73946413e-02
8.81052225e-01 4.59234481e-01 -3.65120613e-02 4.56754600e-01 2.73832798e-02
8.81793969e-01 4.62184464e-01 -3.65171828e-02 4.59721767e-01 2.73708634e-02
8.82533538e-01 4.65145265e-01 -3.65208741e-02 4.62699772e-01 2.73573899e-02
8.83270931e-01 4.68116829e-01 -3.65231288e-02 4.65688559e-01 2.73428573e-02
8.84006145e-01 4.71099104e-01 -3.65239407e-02 4.68688076e-01 2.73272635e-02
8.84739180e-01 4.74092035e-01 -3.65233038e-02 4.71698264e-01 2.73106067e-02
8.85470032e-01 4.77095567e-01 -3.65212121e-02 4.74719068e-01 2.72928850e-02
8.86198701e-01 4.80109642e-01 -3.65176599e-02 4.77750429e-01 2.72740967e-02
8.86925184e-01 4.83134203e-01 -3.65126415e-02 4.80792288e-01 2.72542403e-02
8.87649480e-01 4.86169190e-01 -3.65061515e-02 4.83844584e-01 2.72333141e-02
8.88371587e-01 4.89214544e-01 -3.64981844e-02 4.86907256e-01 2.72113167e-02
8.89091503e-01 4.92270203e-01 -3.64887351e-02 4.89980241e-01 2.71882470e-02
8.89809227e-01 4.95336104e-01 -3.64777984e-02 4.93063476e-01 2.71641036e-02
8.90524756e-01 4.98412186e-01 -3.64653695e-02 4.96156894e-01 2.71388854e-02
8.91238089e-01 5.01498382e-01 -3.64514436e-02 4.99260432e-01 2.71125915e-02
8.91949223e-01 5.04594627e-01 -3.64360160e-02 5.02374021e-01 2.70852208e-02
8.92658159e-01 5.07700855e-01 -3.64190823e-02 5.05497592e-01 2.70567727e-02
8.93364892e-01 5.10816997e-01 -3.64006382e-02 5.08631078e-01 2.70272465e-02
8.94069423e-01 5.13942984e-01 -3.63806795e-02 5.11774407e-01 2.69966414e-02
8.94771748e-01 5.17078747e-01 -3.63592022e-02 5.14927508e-01 2.69649572e-02
8.95471867e-01 5.20224214e-01 -3.63362024e-02 5.18090308e-01 2.69321933e-02
8.96169778e-01 5.23379312e-01 -3.63116765e-02 5.21262733e-01 2.68983495e-02
8.96865478e-01 5.26543967e-01 -3.62856210e-02 5.24444709e-01 2.68634256e-02
8.97558967e-01 5.29718107e-01 -3.62580323e-02 5.27636159e-01 2.68274216e-02
8.98250242e-01 5.32901653e-01 -3.62289075e-02 5.30837005e-01 2.67903376e-02
8.98939302e-01 5.36094530e-01 -3.61982433e-02 5.34047170e-01 2.67521737e-02
8.99626145e-01 5.39296659e-01 -3.61660370e-02 5.37266575e-01 2.67129301e-02
9.00310769e-01 5.42507962e-01 -3.61322858e-02 5.40495137e-01 2.66726073e-02
9.00993173e-01 5.45728357e-01 -3.60969872e-02 5.43732777e-01 2.66312058e-02
9.01673355e-01 5.48957764e-01 -3.60601387e-02 5.46979411e-01 2.65887261e-02
9.02351313e-01 5.52196099e-01 -3.60217384e-02 5.50234954e-01 2.65451689e-02
9.03027046e-01 5.55443280e-01 -3.59817840e-02 5.53499322e-01 2.65005352e-02
9.03700552e-01 5.58699220e-01 -3.59402737e-02 5.56772429e-01 2.64548258e-02
9.04371830e-01 5.61963835e-01 -3.58972059e-02 5.60054186e-01 2.64080418e-02
9.05040876e-01 5.65237036e-01 -3.58525790e-02 5.63344506e-01 2.63601843e-02
9.05707691e-01 5.68518736e-01 -3.58063918e-02 5.66643300e-01 2.63112547e-02
9.06372273e-01 5.71808845e-01 -3.57586431e-02 5.69950475e-01 2.62612543e-02
9.07034619e-01 5.75107273e-01 -3.57093319e-02 5.73265940e-01 2.62101846e-02
9.07694728e-01 5.78413928e-01 -3.56584573e-02 5.76589603e-01 2.61580473e-02
9.08352599e-01 5.81728717e-01 -3.56060190e-02 5.79921368e-01 2.61048441e-02
9.09008229e-01 5.85051545e-01 -3.55520163e-02 5.83261141e-01 2.60505769e-02
9.09661618e-01 5.88382319e-01 -3.54964490e-02 5.86608826e-01 2.59952476e-02
9.10312763e-01 5.91720942e-01 -3.54393172e-02 5.89964324e-01 2.59388583e-02
9.10961663e-01 5.95067317e-01 -3.53806209e-02 5.93327537e-01 2.58814112e-02
9.11608317e-01 5.98421344e-01 -3.53203604e-02 5.96698365e-01 2.58229087e-02
9.12252723e-01 6.01782925e-01 -3.52585363e-02 6.00076708e-01 2.57633532e-02
9.12894879e-01 6.05151958e-01 -3.51951492e-02 6.03462463e-01 2.57027472e-02
9.13534783e-01 6.08528342e-01 -3.51302000e-02 6.06855527e-01 2.56410933e-02
9.14172435e-01 6.11911974e-01 -3.50636898e-02 6.10255796e-01 2.55783945e-02
9.14807832e-01 6.15302750e-01 -3.49956199e-02 6.13663165e-01 2.55146536e-02
9.15440973e-01 6.18700565e-01 -3.49259916e-02 6.17077527e-01 2.54498737e-02
9.16071856e-01 6.22105312e-01 -3.48548067e-02 6.20498774e-01 2.53840578e-02
9.16700480e-01 6.25516883e-01 -3.47820670e-02 6.23926798e-01 2.53172092e-02
9.17326844e-01 6.28935171e-01 -3.47077745e-02 6.27361489e-01 2.52493314e-02
9.17950945e-01 6.32360066e-01 -3.46319315e-02 6.30802736e-01 2.51804278e-02
9.18572782e-01 6.35791457e-01 -3.45545403e-02 6.34250428e-01 2.51105021e-02
9.19192354e-01 6.39229232e-01 -3.44756036e-02 6.37704451e-01 2.50395580e-02
9.19809659e-01 6.42673278e-01 -3.43951242e-02 6.41164691e-01 2.49675993e-02
9.20424696e-01 6.46123481e-01 -3.43131051e-02 6.44631032e-01 2.48946300e-02
9.21037462e-01 6.49579726e-01 -3.42295496e-02 6.48103360e-01 2.48206543e-02
9.21647958e-01 6.53041898e-01 -3.41444609e-02 6.51581555e-01 2.47456763e-02
9.22256180e-01 6.56509877e-01 -3.40578428e-02 6.55065500e-01 2.46697004e-02
9.22862128e-01 6.59983547e-01 -3.39696991e-02 6.58555075e-01 2.45927310e-02
9.23465800e-01 6.63462788e-01 -3.38800336e-02 6.62050160e-01 2.45147727e-02
9.24067195e-01 6.66947479e-01 -3.37888508e-02 6.65550633e-01 2.44358302e-02
9.24666310e-01 6.70437499e-01 -3.36961548e-02 6.69056371e-01 2.43559084e-02
9.25263146e-01 6.73932725e-01 -3.36019505e-02 6.72567251e-01 2.42750121e-02
9.25857699e-01 6.77433033e-01 -3.35062425e-02 6.76083147e-01 2.41931464e-02
9.26449969e-01 6.80938299e-01 -3.34090358e-02 6.79603935e-01 2.41103164e-02
9.27039955e-01 6.84448397e-01 -3.33103358e-02 6.83129486e-01 2.40265276e-02
9.27627654e-01 6.87963200e-01 -3.32101477e-02 6.86659674e-01 2.39417852e-02
9.28213065e-01 6.91482580e-01 -3.31084773e-02 6.90194369e-01 2.38560948e-02
9.28796187e-01 6.95006409e-01 -3.30053303e-02 6.93733441e-01 2.37694621e-02
9.29377019e-01 6.98534556e-01 -3.29007127e-02 6.97276760e-01 2.36818928e-02
9.29955559e-01 7.02066890e-01 -3.27946307e-02 7.00824193e-01 2.35933927e-02
9.30531805e-01 7.05603280e-01 -3.26870909e-02 7.04375608e-01 2.35039680e-02
9.31105757e-01 7.09143593e-01 -3.25780998e-02 7.07930871e-01 2.34136247e-02
9.31677412e-01 7.12687694e-01 -3.24676642e-02 7.11489846e-01 2.33223690e-02
9.32246769e-01 7.16235449e-01 -3.23557911e-02 7.15052398e-01 2.32302074e-02
9.32813828e-01 7.19786722e-01 -3.22424879e-02 7.18618389e-01 2.31371462e-02
9.33378586e-01 7.23341375e-01 -3.21277619e-02 7.22187683e-01 2.30431921e-02
9.33941042e-01 7.26899271e-01 -3.20116207e-02 7.25760140e-01 2.29483517e-02
9.34501195e-01 7.30460272e-01 -3.18940723e-02 7.29335620e-01 2.28526319e-02
9.35059043e-01 7.34024236e-01 -3.17751246e-02 7.32913983e-01 2.27560397e-02
9.35614585e-01 7.37591024e-01 -3.16547859e-02 7.36495088e-01 2.26585820e-02
9.36167820e-01 7.41160494e-01 -3.15330647e-02 7.40078790e-01 2.25602660e-02
9.36718746e-01 7.44732503e-01 -3.14099695e-02 7.43664948e-01 2.24610990e-02
9.37267362e-01 7.48306907e-01 -3.12855093e-02 7.47253416e-01 2.23610885e-02
9.37813667e-01 7.51883562e-01 -3.11596930e-02 7.50844049e-01 2.22602418e-02
9.38357658e-01 7.55462322e-01 -3.10325300e-02 7.54436701e-01 2.21585667e-02
9.38899336e-01 7.59043042e-01 -3.09040296e-02 7.58031226e-01 2.20560708e-02
9.39438698e-01 7.62625574e-01 -3.07742015e-02 7.61627473e-01 2.19527620e-02
9.39975743e-01 7.66209769e-01 -3.06430556e-02 7.65225296e-01 2.18486483e-02
9.40510470e-01 7.69795479e-01 -3.05106019e-02 7.68824544e-01 2.17437378e-02
9.41042878e-01 7.73382553e-01 -3.03768506e-02 7.72425066e-01 2.16380385e-02
9.41572965e-01 7.76970842e-01 -3.02418122e-02 7.76026712e-01 2.15315588e-02
9.42100730e-01 7.80560193e-01 -3.01054972e-02 7.79629328e-01 2.14243071e-02
9.42626171e-01 7.84150454e-01 -2.99679166e-02 7.83232762e-01 2.13162919e-02
9.43149288e-01 7.87741471e-01 -2.98290814e-02 7.86836859e-01 2.12075218e-02
9.43670079e-01 7.91333091e-01 -2.96890027e-02 7.90441465e-01 2.10980055e-02
9.44188542e-01 7.94925159e-01 -2.95476921e-02 7.94046424e-01 2.09877519e-02
9.44704677e-01 7.98517518e-01 -2.94051610e-02 7.97651581e-01 2.08767699e-02
9.45218483e-01 8.02110012e-01 -2.92614212e-02 8.01256777e-01 2.07650685e-02
9.45729957e-01 8.05702484e-01 -2.91164849e-02 8.04861854e-01 2.06526568e-02
9.46239099e-01 8.09294776e-01 -2.89703641e-02 8.08466655e-01 2.05395442e-02
9.46745907e-01 8.12886728e-01 -2.88230711e-02 8.12071019e-01 2.04257400e-02
9.47250380e-01 8.16478182e-01 -2.86746187e-02 8.15674787e-01 2.03112536e-02
9.47752518e-01 8.20068976e-01 -2.85250194e-02 8.19277797e-01 2.01960946e-02
9.48252318e-01 8.23658949e-01 -2.83742863e-02 8.22879888e-01 2.00802726e-02
9.48749779e-01 8.27247940e-01 -2.82224324e-02 8.26480898e-01 1.99637974e-02
9.49244901e-01 8.30835786e-01 -2.80694710e-02 8.30080662e-01 1.98466789e-02
9.49737681e-01 8.34422324e-01 -2.79154157e-02 8.33679019e-01 1.97289270e-02
9.50228120e-01 8.38007389e-01 -2.77602800e-02 8.37275802e-01 1.96105517e-02
9.50716215e-01 8.41590817e-01 -2.76040778e-02 8.40870848e-01 1.94915633e-02
9.51201965e-01 8.45172442e-01 -2.74468231e-02 8.44463990e-01 1.93719719e-02
9.51685370e-01 8.48752099e-01 -2.72885302e-02 8.48055062e-01 1.92517879e-02
9.52166428e-01 8.52329621e-01 -2.71292133e-02 8.51643897e-01 1.91310217e-02
9.52645137e-01 8.55904840e-01 -2.69688871e-02 8.55230327e-01 1.90096839e-02
9.53121497e-01 8.59477588e-01 -2.68075663e-02 8.58814184e-01 1.88877850e-02
9.53595507e-01 8.63047698e-01 -2.66452657e-02 8.62395300e-01 1.87653359e-02
9.54067164e-01 8.66614999e-01 -2.64820004e-02 8.65973503e-01 1.86423472e-02
9.54536469e-01 8.70179323e-01 -2.63177857e-02 8.69548626e-01 1.85188299e-02
9.55003420e-01 8.73740498e-01 -2.61526369e-02 8.73120497e-01 1.83947949e-02
9.55468016e-01 8.77298354e-01 -2.59865696e-02 8.76688945e-01 1.82702534e-02
9.55930255e-01 8.80852720e-01 -2.58195996e-02 8.80253798e-01 1.81452164e-02
9.56390137e-01 8.84403422e-01 -2.56517427e-02 8.83814884e-01 1.80196952e-02
9.56847660e-01 8.87950290e-01 -2.54830150e-02 8.87372031e-01 1.78937012e-02
9.57302823e-01 8.91493150e-01 -2.53134328e-02 8.90925065e-01 1.77672456e-02
9.57755626e-01 8.95031828e-01 -2.51430123e-02 8.94473813e-01 1.76403400e-02
9.58206066e-01 8.98566150e-01 -2.49717702e-02 8.98018101e-01 1.75129960e-02
9.58654144e-01 9.02095943e-01 -2.47997230e-02 9.01557753e-01 1.73852252e-02
9.59099857e-01 9.05621030e-01 -2.46268877e-02 9.05092596e-01 1.72570393e-02
9.59543205e-01 9.09141237e-01 -2.44532812e-02 9.08622453e-01 1.71284501e-02
9.59984187e-01 9.12656387e-01 -2.42789207e-02 9.12147148e-01 1.69994695e-02
9.60422801e-01 9.16166306e-01 -2.41038235e-02 9.15666506e-01 1.68701094e-02
9.60859046e-01 9.19670815e-01 -2.39280069e-02 9.19180350e-01 1.67403819e-02
9.61292922e-01 9.23169738e-01 -2.37514885e-02 9.22688503e-01 1.66102990e-02
9.61724427e-01 9.26662897e-01 -2.35742861e-02 9.26190787e-01 1.64798729e-02
9.62153561e-01 9.30150115e-01 -2.33964175e-02 9.29687025e-01 1.63491158e-02
9.62580321e-01 9.33631214e-01 -2.32179007e-02 9.33177038e-01 1.62180400e-02
9.63004708e-01 9.37106015e-01 -2.30387538e-02 9.36660649e-01 1.60866579e-02
9.63426720e-01 9.40574340e-01 -2.28589951e-02 9.40137678e-01 1.59549820e-02
9.63846355e-01 9.44036009e-01 -2.26786429e-02 9.43607947e-01 1.58230246e-02
9.64263614e-01 9.47490843e-01 -2.24977158e-02 9.47071276e-01 1.56907984e-02
9.64678495e-01 9.50938663e-01 -2.23162324e-02 9.50527487e-01 1.55583160e-02
9.65090997e-01 9.54379288e-01 -2.21342115e-02 9.53976399e-01 1.54255900e-02
9.65501118e-01 9.57812539e-01 -2.19516719e-02 9.57417832e-01 1.52926332e-02
9.65908859e-01 9.61238235e-01 -2.17686327e-02 9.60851606e-01 1.51594584e-02
9.66314217e-01 9.64656195e-01 -2.15851130e-02 9.64277541e-01 1.50260784e-02
9.66717192e-01 9.68066240e-01 -2.14011320e-02 9.67695456e-01 1.48925062e-02
9.67117784e-01 9.71468187e-01 -2.12167090e-02 9.71105171e-01 1.47587546e-02
9.67515990e-01 9.74861856e-01 -2.10318636e-02 9.74506505e-01 1.46248367e-02
9.67911810e-01 9.78247066e-01 -2.08466153e-02 9.77899277e-01 1.44907656e-02
9.68305243e-01 9.81623635e-01 -2.06609837e-02 9.81283306e-01 1.43565542e-02
9.68696288e-01 9.84991382e-01 -2.04749886e-02 9.84658410e-01 1.42222159e-02
9.69084944e-01 9.88350125e-01 -2.02886499e-02 9.88024409e-01 1.40877638e-02
9.69471210e-01 9.91699683e-01 -2.01019876e-02 9.91381120e-01 1.39532110e-02
9.69855086e-01 9.95039873e-01 -1.99150217e-02 9.94728363e-01 1.38185710e-02
9.70236569e-01 9.98370515e-01 -1.97277725e-02 9.98065956e-01 1.36838570e-02
9.70615660e-01 1.00169143e+00 -1.95402600e-02 1.00139372e+00 1.35490823e-02
9.70992357e-01 1.00500242e+00 -1.93525047e-02 1.00471147e+00 1.34142605e-02
9.71366659e-01 1.00830333e+00 -1.91645270e-02 1.00801902e+00 1.32794048e-02
9.71738566e-01 1.01159395e+00 -1.89763474e-02 1.01131620e+00 1.31445288e-02
9.72108076e-01 1.01487412e+00 -1.87879864e-02 1.01460282e+00 1.30096460e-02
9.72475189e-01 1.01814365e+00 -1.85994647e-02 1.01787871e+00 1.28747698e-02
9.72839904e-01 1.02140236e+00 -1.84108031e-02 1.02114367e+00 1.27399140e-02
9.73202220e-01 1.02465006e+00 -1.82220222e-02 1.02439754e+00 1.26050919e-02
9.73562135e-01 1.02788658e+00 -1.80331431e-02 1.02764012e+00 1.24703174e-02
9.73919650e-01 1.03111173e+00 -1.78441866e-02 1.03087124e+00 1.23356039e-02
9.74274762e-01 1.03432534e+00 -1.76551738e-02 1.03409071e+00 1.22009651e-02
9.74627472e-01 1.03752721e+00 -1.74661256e-02 1.03729837e+00 1.20664148e-02
9.74977778e-01 1.04071718e+00 -1.72770631e-02 1.04049401e+00 1.19319667e-02
9.75325680e-01 1.04389505e+00 -1.70880077e-02 1.04367748e+00 1.17976343e-02
9.75671177e-01 1.04706066e+00 -1.68989803e-02 1.04684857e+00 1.16634316e-02
9.76014267e-01 1.05021381e+00 -1.67100024e-02 1.05000713e+00 1.15293722e-02
9.76354950e-01 1.05335433e+00 -1.65210952e-02 1.05315296e+00 1.13954699e-02
9.76693226e-01 1.05648204e+00 -1.63322801e-02 1.05628588e+00 1.12617384e-02
9.77029093e-01 1.05959676e+00 -1.61435784e-02 1.05940573e+00 1.11281916e-02
9.77362550e-01 1.06269831e+00 -1.59550116e-02 1.06251231e+00 1.09948433e-02
9.77693597e-01 1.06578651e+00 -1.57666011e-02 1.06560545e+00 1.08617071e-02
9.78022233e-01 1.06886118e+00 -1.55783684e-02 1.06868497e+00 1.07287970e-02
9.78348456e-01 1.07192214e+00 -1.53903350e-02 1.07175070e+00 1.05961267e-02
9.78672267e-01 1.07496922e+00 -1.52025225e-02 1.07480246e+00 1.04637100e-02
9.78993665e-01 1.07800223e+00 -1.50149525e-02 1.07784007e+00 1.03315608e-02
9.79312648e-01 1.08102101e+00 -1.48276464e-02 1.08086335e+00 1.01996928e-02
9.79629216e-01 1.08402536e+00 -1.46406259e-02 1.08387212e+00 1.00681198e-02
9.79943368e-01 1.08701513e+00 -1.44539125e-02 1.08686622e+00 9.93685556e-03
9.80255103e-01 1.08999013e+00 -1.42675280e-02 1.08984547e+00 9.80591392e-03
9.80564421e-01 1.09295018e+00 -1.40814939e-02 1.09280969e+00 9.67530863e-03
9.80871321e-01 1.09589511e+00 -1.38958318e-02 1.09575870e+00 9.54505342e-03
9.81175801e-01 1.09882474e+00 -1.37105633e-02 1.09869234e+00 9.41516205e-03
9.81477862e-01 1.10173891e+00 -1.35257101e-02 1.10161042e+00 9.28564825e-03
9.81777503e-01 1.10463743e+00 -1.33412937e-02 1.10451279e+00 9.15652571e-03
9.82074722e-01 1.10752014e+00 -1.31573358e-02 1.10739926e+00 9.02780812e-03
9.82369519e-01 1.11038686e+00 -1.29738579e-02 1.11026966e+00 8.89950917e-03
9.82661894e-01 1.11323743e+00 -1.27908816e-02 1.11312382e+00 8.77164248e-03
9.82951845e-01 1.11607166e+00 -1.26084285e-02 1.11596158e+00 8.64422168e-03
9.83239372e-01 1.11888939e+00 -1.24265200e-02 1.11878275e+00 8.51726037e-03
9.83524474e-01 1.12169044e+00 -1.22451777e-02 1.12158718e+00 8.39077211e-03
9.83807150e-01 1.12447466e+00 -1.20644230e-02 1.12437470e+00 8.26477044e-03
9.84087401e-01 1.12724186e+00 -1.18842774e-02 1.12714513e+00 8.13926886e-03
9.84365224e-01 1.12999189e+00 -1.17047623e-02 1.12989830e+00 8.01428085e-03
9.84640620e-01 1.13272457e+00 -1.15258989e-02 1.13263406e+00 7.88981984e-03
9.84913588e-01 1.13543974e+00 -1.13477087e-02 1.13535224e+00 7.76589923e-03
9.85184126e-01 1.13813723e+00 -1.11702130e-02 1.13805267e+00 7.64253238e-03
9.85452235e-01 1.14081688e+00 -1.09934329e-02 1.14073518e+00 7.51973261e-03
9.85717914e-01 1.14347852e+00 -1.08173896e-02 1.14339962e+00 7.39751320e-03
9.85981162e-01 1.14612199e+00 -1.06421042e-02 1.14604582e+00 7.27588737e-03
9.86241978e-01 1.14874713e+00 -1.04675978e-02 1.14867362e+00 7.15486833e-03
9.86500362e-01 1.15135377e+00 -1.02938915e-02 1.15128285e+00 7.03446919e-03
9.86756313e-01 1.15394175e+00 -1.01210060e-02 1.15387337e+00 6.91470306e-03
9.87009830e-01 1.15651092e+00 -9.94896240e-03 1.15644500e+00 6.79558298e-03
9.87260914e-01 1.15906111e+00 -9.77778136e-03 1.15899759e+00 6.67712192e-03
9.87509562e-01 1.16159216e+00 -9.60748365e-03 1.16153098e+00 6.55933282e-03
9.87755776e-01 1.16410392e+00 -9.43808991e-03 1.16404502e+00 6.44222854e-03
9.87999553e-01 1.16659623e+00 -9.26962070e-03 1.16653955e+00 6.32582191e-03
9.88240894e-01 1.16906894e+00 -9.10209652e-03 1.16901441e+00 6.21012568e-03
9.88479797e-01 1.17152188e+00 -8.93553775e-03 1.17146945e+00 6.09515253e-03
9.88716263e-01 1.17395491e+00 -8.76996471e-03 1.17390452e+00 5.98091510e-03
9.88950290e-01 1.17636788e+00 -8.60539762e-03 1.17631947e+00 5.86742596e-03
9.89181879e-01 1.17876062e+00 -8.44185658e-03 1.17871414e+00 5.75469758e-03
9.89411028e-01 1.18113300e+00 -8.27936162e-03 1.18108839e+00 5.64274241e-03
9.89637737e-01 1.18348485e+00 -8.11793266e-03 1.18344206e+00 5.53157279e-03
9.89862005e-01 1.18581604e+00 -7.95758951e-03 1.18577501e+00 5.42120102e-03
9.90083833e-01 1.18812641e+00 -7.79835188e-03 1.18808709e+00 5.31163929e-03
9.90303218e-01 1.19041582e+00 -7.64023937e-03 1.19037816e+00 5.20289974e-03
9.90520161e-01 1.19268413e+00 -7.48327144e-03 1.19264807e+00 5.09499443e-03
9.90734662e-01 1.19493117e+00 -7.32746746e-03 1.19489667e+00 4.98793533e-03
9.90946719e-01 1.19715683e+00 -7.17284668e-03 1.19712383e+00 4.88173433e-03
9.91156332e-01 1.19936095e+00 -7.01942821e-03 1.19932941e+00 4.77640325e-03
9.91363501e-01 1.20154338e+00 -6.86723104e-03 1.20151326e+00 4.67195382e-03
9.91568226e-01 1.20370400e+00 -6.71627404e-03 1.20367525e+00 4.56839768e-03
9.91770504e-01 1.20584267e+00 -6.56657593e-03 1.20581523e+00 4.46574637e-03
9.91970337e-01 1.20795924e+00 -6.41815532e-03 1.20793308e+00 4.36401138e-03
9.92167724e-01 1.21005357e+00 -6.27103065e-03 1.21002865e+00 4.26320406e-03
9.92362663e-01 1.21212555e+00 -6.12522025e-03 1.21210181e+00 4.16333570e-03
9.92555155e-01 1.21417502e+00 -5.98074228e-03 1.21415243e+00 4.06441750e-03
9.92745200e-01 1.21620187e+00 -5.83761477e-03 1.21618039e+00 3.96646053e-03
9.92932796e-01 1.21820595e+00 -5.69585560e-03 1.21818554e+00 3.86947579e-03
9.93117944e-01 1.22018714e+00 -5.55548247e-03 1.22016775e+00 3.77347418e-03
9.93300642e-01 1.22214531e+00 -5.41651297e-03 1.22212691e+00 3.67846649e-03
9.93480891e-01 1.22408033e+00 -5.27896450e-03 1.22406289e+00 3.58446342e-03
9.93658689e-01 1.22599208e+00 -5.14285430e-03 1.22597555e+00 3.49147555e-03
9.93834037e-01 1.22788043e+00 -5.00819946e-03 1.22786478e+00 3.39951337e-03
9.94006934e-01 1.22974526e+00 -4.87501690e-03 1.22973046e+00 3.30858725e-03
9.94177380e-01 1.23158645e+00 -4.74332336e-03 1.23157246e+00 3.21870746e-03
9.94345374e-01 1.23340388e+00 -4.61313542e-03 1.23339067e+00 3.12988417e-03
9.94510915e-01 1.23519742e+00 -4.48446947e-03 1.23518496e+00 3.04212741e-03
9.94674004e-01 1.23696697e+00 -4.35734175e-03 1.23695522e+00 2.95544713e-03
9.94834640e-01 1.23871240e+00 -4.23176829e-03 1.23870133e+00 2.86985315e-03
9.94992823e-01 1.24043360e+00 -4.10776496e-03 1.24042319e+00 2.78535518e-03
9.95148552e-01 1.24213046e+00 -3.98534743e-03 1.24212067e+00 2.70196279e-03
9.95301826e-01 1.24380286e+00 -3.86453119e-03 1.24379368e+00 2.61968548e-03
9.95452646e-01 1.24545070e+00 -3.74533154e-03 1.24544209e+00 2.53853258e-03
9.95601011e-01 1.24707387e+00 -3.62776358e-03 1.24706580e+00 2.45851332e-03
9.95746921e-01 1.24867226e+00 -3.51184223e-03 1.24866471e+00 2.37963682e-03
9.95890375e-01 1.25024576e+00 -3.39758219e-03 1.25023870e+00 2.30191206e-03
9.96031373e-01 1.25179428e+00 -3.28499799e-03 1.25178768e+00 2.22534790e-03
9.96169914e-01 1.25331770e+00 -3.17410394e-03 1.25331155e+00 2.14995308e-03
9.96305999e-01 1.25481593e+00 -3.06491413e-03 1.25481020e+00 2.07573619e-03
9.96439627e-01 1.25628886e+00 -2.95744247e-03 1.25628354e+00 2.00270572e-03
9.96570797e-01 1.25773641e+00 -2.85170266e-03 1.25773147e+00 1.93087002e-03
9.96699510e-01 1.25915847e+00 -2.74770817e-03 1.25915389e+00 1.86023729e-03
9.96825765e-01 1.26055495e+00 -2.64547226e-03 1.26055071e+00 1.79081562e-03
9.96949561e-01 1.26192576e+00 -2.54500800e-03 1.26192183e+00 1.72261297e-03
9.97070899e-01 1.26327080e+00 -2.44632820e-03 1.26326718e+00 1.65563715e-03
9.97189778e-01 1.26458998e+00 -2.34944549e-03 1.26458665e+00 1.58989582e-03
9.97306197e-01 1.26588323e+00 -2.25437225e-03 1.26588016e+00 1.52539655e-03
9.97420157e-01 1.26715045e+00 -2.16112066e-03 1.26714763e+00 1.46214673e-03
9.97531657e-01 1.26839155e+00 -2.06970264e-03 1.26838897e+00 1.40015362e-03
9.97640697e-01 1.26960645e+00 -1.98012993e-03 1.26960409e+00 1.33942434e-03
9.97747277e-01 1.27079508e+00 -1.89241399e-03 1.27079293e+00 1.27996589e-03
9.97851396e-01 1.27195735e+00 -1.80656608e-03 1.27195539e+00 1.22178509e-03
9.97953055e-01 1.27309319e+00 -1.72259722e-03 1.27309141e+00 1.16488865e-03
9.98052252e-01 1.27420251e+00 -1.64051819e-03 1.27420090e+00 1.10928311e-03
9.98148988e-01 1.27528525e+00 -1.56033954e-03 1.27528379e+00 1.05497489e-03
9.98243262e-01 1.27634133e+00 -1.48207157e-03 1.27634001e+00 1.00197023e-03
9.98335074e-01 1.27737068e+00 -1.40572434e-03 1.27736950e+00 9.50275255e-04
9.98424424e-01 1.27837323e+00 -1.33130768e-03 1.27837217e+00 8.99895923e-04
9.98511312e-01 1.27934891e+00 -1.25883118e-03 1.27934797e+00 8.50838050e-04
9.98595738e-01 1.28029766e+00 -1.18830415e-03 1.28029682e+00 8.03107299e-04
9.98677701e-01 1.28121942e+00 -1.11973570e-03 1.28121867e+00 7.56709183e-04
9.98757201e-01 1.28211412e+00 -1.05313465e-03 1.28211346e+00 7.11649064e-04
9.98834237e-01 1.28298170e+00 -9.88509599e-04 1.28298112e+00 6.67932149e-04
9.98908811e-01 1.28382210e+00 -9.25868879e-04 1.28382159e+00 6.25563495e-04
9.98980921e-01 1.28463527e+00 -8.65220574e-04 1.28463483e+00 5.84548001e-04
9.99050567e-01 1.28542115e+00 -8.06572513e-04 1.28542077e+00 5.44890415e-04
9.99117750e-01 1.28617969e+00 -7.49932272e-04 1.28617936e+00 5.06595327e-04
9.99182468e-01 1.28691084e+00 -6.95307166e-04 1.28691055e+00 4.69667171e-04
9.99244723e-01 1.28761454e+00 -6.42704256e-04 1.28761430e+00 4.34110224e-04
9.99304513e-01 1.28829075e+00 -5.92130341e-04 1.28829055e+00 3.99928607e-04
9.99361839e-01 1.28893943e+00 -5.43591961e-04 1.28893926e+00 3.67126281e-04
9.99416700e-01 1.28956053e+00 -4.97095395e-04 1.28956038e+00 3.35707049e-04
9.99469096e-01 1.29015400e+00 -4.52646658e-04 1.29015388e+00 3.05674554e-04
9.99519028e-01 1.29071982e+00 -4.10251505e-04 1.29071972e+00 2.77032279e-04
9.99566494e-01 1.29125793e+00 -3.69915422e-04 1.29125785e+00 2.49783548e-04
9.99611495e-01 1.29176831e+00 -3.31643632e-04 1.29176824e+00 2.23931524e-04
9.99654032e-01 1.29225091e+00 -2.95441094e-04 1.29225086e+00 1.99479205e-04
9.99694102e-01 1.29270571e+00 -2.61312496e-04 1.29270567e+00 1.76429432e-04
9.99731708e-01 1.29313268e+00 -2.29262262e-04 1.29313265e+00 1.54784881e-04
9.99766848e-01 1.29353178e+00 -1.99294543e-04 1.29353175e+00 1.34548066e-04
9.99799522e-01 1.29390299e+00 -1.71413226e-04 1.29390297e+00 1.15721337e-04
9.99829731e-01 1.29424628e+00 -1.45621925e-04 1.29424627e+00 9.83068811e-05
9.99857474e-01 1.29456163e+00 -1.21923983e-04 1.29456162e+00 8.23067225e-05
9.99882751e-01 1.29484903e+00 -1.00322475e-04 1.29484902e+00 6.77227200e-05
9.99905562e-01 1.29510844e+00 -8.08202006e-05 1.29510843e+00 5.45565687e-05
9.99925908e-01 1.29533985e+00 -6.34196900e-05 1.29533985e+00 4.28097984e-05
9.99943787e-01 1.29554325e+00 -4.81231994e-05 1.29554325e+00 3.24837741e-05
9.99959200e-01 1.29571862e+00 -3.49327115e-05 1.29571862e+00 2.35796950e-05
9.99972148e-01 1.29586595e+00 -2.38499337e-05 1.29586595e+00 1.60985935e-05
9.99982629e-01 1.29598523e+00 -1.48762938e-05 1.29598523e+00 1.00413327e-05
9.99990644e-01 1.29607645e+00 -8.01292547e-06 1.29607645e+00 5.40859595e-06
9.99996193e-01 1.29613961e+00 -3.26059018e-06 1.29613961e+00 2.20083485e-06
9.99999277e-01 1.29617472e+00 -6.18848977e-07 1.29617472e+00 4.17709829e-07
