-9.99999277e-01 8.06405159e-03 5.87689445e-08 -8.06405159e-03 -5.77807755e-08
-9.99996193e-01 8.06375243e-03 3.09630862e-07 -8.06375240e-03 -3.04436435e-07
-9.99990644e-01 8.06321430e-03 7.60872356e-07 -8.06321415e-03 -7.48160221e-07
-9.99982629e-01 8.06243721e-03 1.41245942e-06 -8.06243670e-03 -1.38900155e-06
-9.99972148e-01 8.06142136e-03 2.26421046e-06 -8.06142006e-03 -2.22690153e-06
-9.99959200e-01 8.06016700e-03 3.31587499e-06 -8.06016420e-03 -3.26177023e-06
-9.99943787e-01 8.05867445e-03 4.56714104e-06 -8.05866913e-03 -4.49349400e-06
-9.99925908e-01 8.05694410e-03 6.01763670e-06 -8.05693485e-03 -5.92193683e-06
-9.99905562e-01 8.05497638e-03 7.66693056e-06 -8.05496136e-03 -7.54694071e-06
-9.99882751e-01 8.05277181e-03 9.51453193e-06 -8.05274866e-03 -9.36832579e-06
-9.99857474e-01 8.05033094e-03 1.15598911e-05 -8.05029674e-03 -1.13858905e-05
-9.99829731e-01 8.04765441e-03 1.38023994e-05 -8.04760562e-03 -1.35994113e-05
-9.99799522e-01 8.04474290e-03 1.62413896e-05 -8.04467529e-03 -1.60086434e-05
-9.99766848e-01 8.04159717e-03 1.88761358e-05 -8.04150575e-03 -1.86133200e-05
-9.99731708e-01 8.03821800e-03 2.17058539e-05 -8.03809700e-03 -2.14131528e-05
-9.99694102e-01 8.03460629e-03 2.47297018e-05 -8.03444905e-03 -2.44078319e-05
-9.99654032e-01 8.03076293e-03 2.79467795e-05 -8.03056189e-03 -2.75970260e-05
-9.99611495e-01 8.02668894e-03 3.13561295e-05 -8.02643554e-03 -3.09803820e-05
-9.99566494e-01 8.02238534e-03 3.49567371e-05 -8.02206999e-03 -3.45575258e-05
-9.99519028e-01 8.01785324e-03 3.87475304e-05 -8.01746526e-03 -3.83280616e-05
-9.99469096e-01 8.01309380e-03 4.27273810e-05 -8.01262134e-03 -4.22915723e-05
-9.99416700e-01 8.00810824e-03 4.68951042e-05 -8.00753825e-03 -4.64476197e-05
-9.99361839e-01 8.00289783e-03 5.12494593e-05 -8.00221599e-03 -5.07957441e-05
-9.99304513e-01 7.99746390e-03 5.57891498e-05 -7.99665458e-03 -5.53354649e-05
-9.99244723e-01 7.99180785e-03 6.05128241e-05 -7.99085403e-03 -6.00662803e-05
-9.99182468e-01 7.98593112e-03 6.54190757e-05 -7.98481435e-03 -6.49876675e-05
-9.99117750e-01 7.97983522e-03 7.05064436e-05 -7.97853556e-03 -7.00990826e-05
-9.99050567e-01 7.97352168e-03 7.57734128e-05 -7.97201767e-03 -7.53999610e-05
-9.98980921e-01 7.96699214e-03 8.12184147e-05 -7.96526070e-03 -8.08897173e-05
-9.98908811e-01 7.96024824e-03 8.68398275e-05 -7.95826469e-03 -8.65677452e-05
-9.98834237e-01 7.95329172e-03 9.26359769e-05 -7.95102964e-03 -9.24334178e-05
-9.98757201e-01 7.94612434e-03 9.86051362e-05 -7.94355560e-03 -9.84860878e-05
-9.98677701e-01 7.93874792e-03 1.04745527e-04 -7.93584259e-03 -1.04725087e-04
-9.98595738e-01 7.93116435e-03 1.11055320e-04 -7.92789064e-03 -1.11149728e-04
-9.98511312e-01 7.92337555e-03 1.17532635e-04 -7.91969980e-03 -1.17759301e-04
-9.98424424e-01 7.91538350e-03 1.24175542e-04 -7.91127009e-03 -1.24553078e-04
-9.98335074e-01 7.90719022e-03 1.30982061e-04 -7.90260158e-03 -1.31530310e-04
-9.98243262e-01 7.89879780e-03 1.37950163e-04 -7.89369430e-03 -1.38690228e-04
-9.98148988e-01 7.89020837e-03 1.45077771e-04 -7.88454831e-03 -1.46032043e-04
-9.98052252e-01 7.88142410e-03 1.52362760e-04 -7.87516366e-03 -1.53554946e-04
-9.97953055e-01 7.87244720e-03 1.59802959e-04 -7.86554042e-03 -1.61258110e-04
-9.97851396e-01 7.86327996e-03 1.67396147e-04 -7.85567866e-03 -1.69140686e-04
-9.97747277e-01 7.85392470e-03 1.75140062e-04 -7.84557844e-03 -1.77201808e-04
-9.97640697e-01 7.84438376e-03 1.83032392e-04 -7.83523984e-03 -1.85440588e-04
-9.97531657e-01 7.83465956e-03 1.91070784e-04 -7.82466294e-03 -1.93856120e-04
-9.97420157e-01 7.82475455e-03 1.99252839e-04 -7.81384783e-03 -2.02447480e-04
-9.97306197e-01 7.81467123e-03 2.07576115e-04 -7.80279461e-03 -2.11213723e-04
-9.97189778e-01 7.80441212e-03 2.16038129e-04 -7.79150337e-03 -2.20153887e-04
-9.97070899e-01 7.79397982e-03 2.24636354e-04 -7.77997423e-03 -2.29266991e-04
-9.96949561e-01 7.78337693e-03 2.33368224e-04 -7.76820729e-03 -2.38552033e-04
-9.96825765e-01 7.77260612e-03 2.42231131e-04 -7.75620268e-03 -2.48007995e-04
-9.96699510e-01 7.76167009e-03 2.51222428e-04 -7.74396052e-03 -2.57633841e-04
-9.96570797e-01 7.75057157e-03 2.60339429e-04 -7.73148095e-03 -2.67428515e-04
-9.96439627e-01 7.73931334e-03 2.69579411e-04 -7.71876411e-03 -2.77390943e-04
-9.96305999e-01 7.72789821e-03 2.78939612e-04 -7.70581015e-03 -2.87520036e-04
-9.96169914e-01 7.71632902e-03 2.88417234e-04 -7.69261924e-03 -2.97814684e-04
-9.96031373e-01 7.70460867e-03 2.98009444e-04 -7.67919154e-03 -3.08273761e-04
-9.95890375e-01 7.69274006e-03 3.07713375e-04 -7.66552723e-03 -3.18896122e-04
-9.95746921e-01 7.68072615e-03 3.17526122e-04 -7.65162650e-03 -3.29680607e-04
-9.95601011e-01 7.66856992e-03 3.27444752e-04 -7.63748953e-03 -3.40626037e-04
-9.95452646e-01 7.65627438e-03 3.37466296e-04 -7.62311655e-03 -3.51731216e-04
-9.95301826e-01 7.64384258e-03 3.47587753e-04 -7.60850775e-03 -3.62994934e-04
-9.95148552e-01 7.63127759e-03 3.57806095e-04 -7.59366338e-03 -3.74415960e-04
-9.94992823e-01 7.61858251e-03 3.68118261e-04 -7.57858366e-03 -3.85993051e-04
-9.94834640e-01 7.60576048e-03 3.78521161e-04 -7.56326884e-03 -3.97724943e-04
-9.94674004e-01 7.59281464e-03 3.89011679e-04 -7.54771919e-03 -4.09610359e-04
-9.94510915e-01 7.57974819e-03 3.99586670e-04 -7.53193497e-03 -4.21648006e-04
-9.94345374e-01 7.56656433e-03 4.10242964e-04 -7.51591646e-03 -4.33836573e-04
-9.94177380e-01 7.55326629e-03 4.20977364e-04 -7.49966396e-03 -4.46174737e-04
-9.94006934e-01 7.53985732e-03 4.31786649e-04 -7.48317778e-03 -4.58661155e-04
-9.93834037e-01 7.52634071e-03 4.42667577e-04 -7.46645823e-03 -4.71294472e-04
-9.93658689e-01 7.51271975e-03 4.53616879e-04 -7.44950565e-03 -4.84073317e-04
-9.93480891e-01 7.49899775e-03 4.64631266e-04 -7.43232038e-03 -4.96996304e-04
-9.93300642e-01 7.48517806e-03 4.75707431e-04 -7.41490278e-03 -5.10062033e-04
-9.93117944e-01 7.47126401e-03 4.86842042e-04 -7.39725322e-03 -5.23269087e-04
-9.92932796e-01 7.45725900e-03 4.98031753e-04 -7.37937210e-03 -5.36616038e-04
-9.92745200e-01 7.44316639e-03 5.09273195e-04 -7.36125981e-03 -5.50101442e-04
-9.92555155e-01 7.42898960e-03 5.20562987e-04 -7.34291676e-03 -5.63723841e-04
-9.92362663e-01 7.41473203e-03 5.31897729e-04 -7.32434339e-03 -5.77481764e-04
-9.92167724e-01 7.40039712e-03 5.43274005e-04 -7.30554015e-03 -5.91373725e-04
-9.91970337e-01 7.38598830e-03 5.54688388e-04 -7.28650750e-03 -6.05398227e-04
-9.91770504e-01 7.37150903e-03 5.66137435e-04 -7.26724591e-03 -6.19553757e-04
-9.91568226e-01 7.35696275e-03 5.77617692e-04 -7.24775588e-03 -6.33838792e-04
-9.91363501e-01 7.34235295e-03 5.89125693e-04 -7.22803791e-03 -6.48251794e-04
-9.91156332e-01 7.32768310e-03 6.00657963e-04 -7.20809254e-03 -6.62791213e-04
-9.90946719e-01 7.31295668e-03 6.12211015e-04 -7.18792031e-03 -6.77455488e-04
-9.90734662e-01 7.29817717e-03 6.23781357e-04 -7.16752178e-03 -6.92243043e-04
-9.90520161e-01 7.28334807e-03 6.35365488e-04 -7.14689753e-03 -7.07152294e-04
-9.90303218e-01 7.26847288e-03 6.46959899e-04 -7.12604815e-03 -7.22181641e-04
-9.90083833e-01 7.25355510e-03 6.58561078e-04 -7.10497425e-03 -7.37329476e-04
-9.89862005e-01 7.23859821e-03 6.70165508e-04 -7.08367648e-03 -7.52594178e-04
-9.89637737e-01 7.22360573e-03 6.81769668e-04 -7.06215548e-03 -7.67974115e-04
-9.89411028e-01 7.20858116e-03 6.93370033e-04 -7.04041192e-03 -7.83467645e-04
-9.89181879e-01 7.19352798e-03 7.04963080e-04 -7.01844648e-03 -7.99073115e-04
-9.88950290e-01 7.17844970e-03 7.16545282e-04 -6.99625989e-03 -8.14788861e-04
-9.88716263e-01 7.16334981e-03 7.28113115e-04 -6.97385286e-03 -8.30613210e-04
-9.88479797e-01 7.14823179e-03 7.39663054e-04 -6.95122614e-03 -8.46544478e-04
-9.88240894e-01 7.13309912e-03 7.51191579e-04 -6.92838051e-03 -8.62580972e-04
-9.87999553e-01 7.11795527e-03 7.62695170e-04 -6.90531674e-03 -8.78720988e-04
-9.87755776e-01 7.10280372e-03 7.74170314e-04 -6.88203564e-03 -8.94962816e-04
-9.87509562e-01 7.08764792e-03 7.85613503e-04 -6.85853805e-03 -9.11304733e-04
-9.87260914e-01 7.07249132e-03 7.97021234e-04 -6.83482482e-03 -9.27745010e-04
-9.87009830e-01 7.05733734e-03 8.08390012e-04 -6.81089680e-03 -9.44281909e-04
-9.86756313e-01 7.04218942e-03 8.19716350e-04 -6.78675491e-03 -9.60913682e-04
-9.86500362e-01 7.02705097e-03 8.30996769e-04 -6.76240004e-03 -9.77638575e-04
-9.86241978e-01 7.01192539e-03 8.42227801e-04 -6.73783314e-03 -9.94454826e-04
-9.85981162e-01 6.99681605e-03 8.53405990e-04 -6.71305517e-03 -1.01136066e-03
-9.85717914e-01 6.98172633e-03 8.64527890e-04 -6.68806709e-03 -1.02835431e-03
-9.85452235e-01 6.96665957e-03 8.75590068e-04 -6.66286992e-03 -1.04543398e-03
-9.85184126e-01 6.95161911e-03 8.86589107e-04 -6.63746468e-03 -1.06259788e-03
-9.84913588e-01 6.93660826e-03 8.97521602e-04 -6.61185241e-03 -1.07984422e-03
-9.84640620e-01 6.92163032e-03 9.08384165e-04 -6.58603419e-03 -1.09717119e-03
-9.84365224e-01 6.90668855e-03 9.19173423e-04 -6.56001110e-03 -1.11457697e-03
-9.84087401e-01 6.89178622e-03 9.29886023e-04 -6.53378427e-03 -1.13205976e-03
-9.83807150e-01 6.87692655e-03 9.40518629e-04 -6.50735483e-03 -1.14961772e-03
-9.83524474e-01 6.86211275e-03 9.51067923e-04 -6.48072395e-03 -1.16724903e-03
-9.83239372e-01 6.84734800e-03 9.61530609e-04 -6.45389281e-03 -1.18495186e-03
-9.82951845e-01 6.83263545e-03 9.71903410e-04 -6.42686262e-03 -1.20272437e-03
-9.82661894e-01 6.81797825e-03 9.82183073e-04 -6.39963461e-03 -1.22056471e-03
-9.82369519e-01 6.80337949e-03 9.92366367e-04 -6.37221004e-03 -1.23847105e-03
-9.82074722e-01 6.78884226e-03 1.00245008e-03 -6.34459020e-03 -1.25644151e-03
-9.81777503e-01 6.77436959e-03 1.01243104e-03 -6.31677639e-03 -1.27447426e-03
-9.81477862e-01 6.75996451e-03 1.02230608e-03 -6.28876993e-03 -1.29256743e-03
-9.81175801e-01 6.74563001e-03 1.03207206e-03 -6.26057219e-03 -1.31071915e-03
-9.80871321e-01 6.73136905e-03 1.04172589e-03 -6.23218454e-03 -1.32892757e-03
-9.80564421e-01 6.71718454e-03 1.05126449e-03 -6.20360838e-03 -1.34719081e-03
-9.80255103e-01 6.70307940e-03 1.06068481e-03 -6.17484515e-03 -1.36550699e-03
-9.79943368e-01 6.68905647e-03 1.06998382e-03 -6.14589629e-03 -1.38387426e-03
-9.79629216e-01 6.67511858e-03 1.07915854e-03 -6.11676328e-03 -1.40229072e-03
-9.79312648e-01 6.66126852e-03 1.08820601e-03 -6.08744763e-03 -1.42075450e-03
-9.78993665e-01 6.64750905e-03 1.09712331e-03 -6.05795085e-03 -1.43926372e-03
-9.78672267e-01 6.63384289e-03 1.10590753e-03 -6.02827450e-03 -1.45781650e-03
-9.78348456e-01 6.62027272e-03 1.11455582e-03 -5.99842016e-03 -1.47641095e-03
-9.78022233e-01 6.60680119e-03 1.12306535e-03 -5.96838943e-03 -1.49504519e-03
-9.77693597e-01 6.59343089e-03 1.13143333e-03 -5.93818392e-03 -1.51371734e-03
-9.77362550e-01 6.58016439e-03 1.13965699e-03 -5.90780530e-03 -1.53242550e-03
-9.77029093e-01 6.56700423e-03 1.14773363e-03 -5.87725523e-03 -1.55116780e-03
-9.76693226e-01 6.55395289e-03 1.15566054e-03 -5.84653542e-03 -1.56994234e-03
-9.76354950e-01 6.54101281e-03 1.16343508e-03 -5.81564759e-03 -1.58874725e-03
-9.76014267e-01 6.52818640e-03 1.17105465e-03 -5.78459349e-03 -1.60758063e-03
-9.75671177e-01 6.51547602e-03 1.17851668e-03 -5.75337489e-03 -1.62644060e-03
-9.75325680e-01 6.50288398e-03 1.18581862e-03 -5.72199359e-03 -1.64532528e-03
-9.74977778e-01 6.49041256e-03 1.19295799e-03 -5.69045142e-03 -1.66423278e-03
-9.74627472e-01 6.47806399e-03 1.19993234e-03 -5.65875022e-03 -1.68316123e-03
-9.74274762e-01 6.46584046e-03 1.20673925e-03 -5.62689185e-03 -1.70210874e-03
-9.73919650e-01 6.45374411e-03 1.21337637e-03 -5.59487823e-03 -1.72107344e-03
-9.73562135e-01 6.44177702e-03 1.21984136e-03 -5.56271127e-03 -1.74005346e-03
-9.73202220e-01 6.42994126e-03 1.22613193e-03 -5.53039290e-03 -1.75904691e-03
-9.72839904e-01 6.41823882e-03 1.23224586e-03 -5.49792511e-03 -1.77805193e-03
-9.72475189e-01 6.40667165e-03 1.23818093e-03 -5.46530988e-03 -1.79706666e-03
-9.72108076e-01 6.39524168e-03 1.24393501e-03 -5.43254923e-03 -1.81608923e-03
-9.71738566e-01 6.38395074e-03 1.24950598e-03 -5.39964520e-03 -1.83511777e-03
-9.71366659e-01 6.37280066e-03 1.25489179e-03 -5.36659984e-03 -1.85415043e-03
-9.70992357e-01 6.36179320e-03 1.26009041e-03 -5.33341525e-03 -1.87318537e-03
-9.70615660e-01 6.35093007e-03 1.26509988e-03 -5.30009354e-03 -1.89222072e-03
-9.70236569e-01 6.34021293e-03 1.26991828e-03 -5.26663684e-03 -1.91125464e-03
-9.69855086e-01 6.32964339e-03 1.27454374e-03 -5.23304730e-03 -1.93028530e-03
-9.69471210e-01 6.31922303e-03 1.27897441e-03 -5.19932710e-03 -1.94931086e-03
-9.69084944e-01 6.30895335e-03 1.28320854e-03 -5.16547844e-03 -1.96832949e-03
-9.68696288e-01 6.29883581e-03 1.28724438e-03 -5.13150354e-03 -1.98733936e-03
-9.68305243e-01 6.28887182e-03 1.29108026e-03 -5.09740465e-03 -2.00633866e-03
-9.67911810e-01 6.27906275e-03 1.29471454e-03 -5.06318403e-03 -2.02532556e-03
-9.67515990e-01 6.26940989e-03 1.29814563e-03 -5.02884398e-03 -2.04429827e-03
-9.67117784e-01 6.25991451e-03 1.30137202e-03 -4.99438679e-03 -2.06325498e-03
-9.66717192e-01 6.25057781e-03 1.30439221e-03 -4.95981480e-03 -2.08219390e-03
-9.66314217e-01 6.24140093e-03 1.30720478e-03 -4.92513037e-03 -2.10111323e-03
-9.65908859e-01 6.23238498e-03 1.30980834e-03 -4.89033585e-03 -2.12001120e-03
-9.65501118e-01 6.22353100e-03 1.31220156e-03 -4.85543365e-03 -2.13888603e-03
-9.65090997e-01 6.21483999e-03 1.31438316e-03 -4.82042617e-03 -2.15773595e-03
-9.64678495e-01 6.20631287e-03 1.31635193e-03 -4.78531585e-03 -2.17655921e-03
-9.64263614e-01 6.19795054e-03 1.31810667e-03 -4.75010514e-03 -2.19535405e-03
-9.63846355e-01 6.18975384e-03 1.31964628e-03 -4.71479651e-03 -2.21411872e-03
-9.63426720e-01 6.18172353e-03 1.32096967e-03 -4.67939244e-03 -2.23285150e-03
-9.63004708e-01 6.17386035e-03 1.32207584e-03 -4.64389545e-03 -2.25155065e-03
-9.62580321e-01 6.16616497e-03 1.32296381e-03 -4.60830806e-03 -2.27021445e-03
-9.62153561e-01 6.15863801e-03 1.32363268e-03 -4.57263281e-03 -2.28884120e-03
-9.61724427e-01 6.15128004e-03 1.32408158e-03 -4.53687226e-03 -2.30742920e-03
-9.61292922e-01 6.14409156e-03 1.32430970e-03 -4.50102900e-03 -2.32597674e-03
-9.60859046e-01 6.13707303e-03 1.32431630e-03 -4.46510561e-03 -2.34448215e-03
-9.60422801e-01 6.13022487e-03 1.32410068e-03 -4.42910472e-03 -2.36294376e-03
-9.59984187e-01 6.12354742e-03 1.32366218e-03 -4.39302894e-03 -2.38135990e-03
-9.59543205e-01 6.11704098e-03 1.32300021e-03 -4.35688092e-03 -2.39972892e-03
-9.59099857e-01 6.11070580e-03 1.32211424e-03 -4.32066332e-03 -2.41804918e-03
-9.58654144e-01 6.10454206e-03 1.32100377e-03 -4.28437881e-03 -2.43631904e-03
-9.58206066e-01 6.09854992e-03 1.31966837e-03 -4.24803009e-03 -2.45453688e-03
-9.57755626e-01 6.09272945e-03 1.31810767e-03 -4.21161985e-03 -2.47270110e-03
-9.57302823e-01 6.08708069e-03 1.31632134e-03 -4.17515081e-03 -2.49081008e-03
-9.56847660e-01 6.08160361e-03 1.31430910e-03 -4.13862570e-03 -2.50886225e-03
-9.56390137e-01 6.07629816e-03 1.31207073e-03 -4.10204726e-03 -2.52685602e-03
-9.55930255e-01 6.07116420e-03 1.30960608e-03 -4.06541826e-03 -2.54478982e-03
-9.55468016e-01 6.06620156e-03 1.30691502e-03 -4.02874145e-03 -2.56266212e-03
-9.55003420e-01 6.06141001e-03 1.30399750e-03 -3.99201961e-03 -2.58047135e-03
-9.54536469e-01 6.05678928e-03 1.30085351e-03 -3.95525554e-03 -2.59821599e-03
-9.54067164e-01 6.05233903e-03 1.29748310e-03 -3.91845204e-03 -2.61589452e-03
-9.53595507e-01 6.04805889e-03 1.29388636e-03 -3.88161192e-03 -2.63350544e-03
-9.53121497e-01 6.04394842e-03 1.29006345e-03 -3.84473799e-03 -2.65104725e-03
-9.52645137e-01 6.04000714e-03 1.28601457e-03 -3.80783310e-03 -2.66851848e-03
-9.52166428e-01 6.03623452e-03 1.28173999e-03 -3.77090007e-03 -2.68591765e-03
-9.51685370e-01 6.03262997e-03 1.27724000e-03 -3.73394177e-03 -2.70324331e-03
-9.51201965e-01 6.02919288e-03 1.27251497e-03 -3.69696104e-03 -2.72049402e-03
-9.50716215e-01 6.02592255e-03 1.26756532e-03 -3.65996074e-03 -2.73766835e-03
-9.50228120e-01 6.02281826e-03 1.26239150e-03 -3.62294376e-03 -2.75476489e-03
-9.49737681e-01 6.01987924e-03 1.25699404e-03 -3.58591296e-03 -2.77178223e-03
-9.49244901e-01 6.01710465e-03 1.25137349e-03 -3.54887123e-03 -2.78871899e-03
-9.48749779e-01 6.01449363e-03 1.24553048e-03 -3.51182146e-03 -2.80557380e-03
-9.48252318e-01 6.01204527e-03 1.23946567e-03 -3.47476654e-03 -2.82234529e-03
-9.47752518e-01 6.00975858e-03 1.23317979e-03 -3.43770937e-03 -2.83903213e-03
-9.47250380e-01 6.00763257e-03 1.22667360e-03 -3.40065285e-03 -2.85563298e-03
-9.46745907e-01 6.00566618e-03 1.21994791e-03 -3.36359990e-03 -2.87214653e-03
-9.46239099e-01 6.00385831e-03 1.21300360e-03 -3.32655341e-03 -2.88857148e-03
-9.45729957e-01 6.00220781e-03 1.20584157e-03 -3.28951630e-03 -2.90490654e-03
-9.45218483e-01 6.00071348e-03 1.19846280e-03 -3.25249148e-03 -2.92115043e-03
-9.44704677e-01 5.99937411e-03 1.19086829e-03 -3.21548187e-03 -2.93730191e-03
-9.44188542e-01 5.99818841e-03 1.18305911e-03 -3.17849038e-03 -2.95335974e-03
-9.43670079e-01 5.99715506e-03 1.17503636e-03 -3.14151993e-03 -2.96932268e-03
-9.43149288e-01 5.99627270e-03 1.16680119e-03 -3.10457344e-03 -2.98518953e-03
-9.42626171e-01 5.99553993e-03 1.15835481e-03 -3.06765381e-03 -3.00095909e-03
-9.42100730e-01 5.99495532e-03 1.14969845e-03 -3.03076397e-03 -3.01663019e-03
-9.41572965e-01 5.99451736e-03 1.14083343e-03 -2.99390682e-03 -3.03220166e-03
-9.41042878e-01 5.99422455e-03 1.13176106e-03 -2.95708528e-03 -3.04767236e-03
-9.40510470e-01 5.99407533e-03 1.12248273e-03 -2.92030225e-03 -3.06304115e-03
-9.39975743e-01 5.99406809e-03 1.11299987e-03 -2.88356064e-03 -3.07830691e-03
-9.39438698e-01 5.99420120e-03 1.10331396e-03 -2.84686334e-03 -3.09346856e-03
-9.38899336e-01 5.99447298e-03 1.09342649e-03 -2.81021324e-03 -3.10852501e-03
-9.38357658e-01 5.99488172e-03 1.08333902e-03 -2.77361325e-03 -3.12347519e-03
-9.37813667e-01 5.99542569e-03 1.07305317e-03 -2.73706624e-03 -3.13831805e-03
-9.37267362e-01 5.99610309e-03 1.06257055e-03 -2.70057509e-03 -3.15305256e-03
-9.36718746e-01 5.99691211e-03 1.05189286e-03 -2.66414268e-03 -3.16767770e-03
-9.36167820e-01 5.99785091e-03 1.04102182e-03 -2.62777186e-03 -3.18219248e-03
-9.35614585e-01 5.99891761e-03 1.02995918e-03 -2.59146549e-03 -3.19659591e-03
-9.35059043e-01 6.00011029e-03 1.01870676e-03 -2.55522642e-03 -3.21088702e-03
-9.34501195e-01 6.00142700e-03 1.00726637e-03 -2.51905749e-03 -3.22506487e-03
-9.33941042e-01 6.00286577e-03 9.95639917e-04 -2.48296153e-03 -3.23912852e-03
-9.33378586e-01 6.00442460e-03 9.83829300e-04 -2.44694136e-03 -3.25307706e-03
-9.32813828e-01 6.00610145e-03 9.71836477e-04 -2.41099978e-03 -3.26690960e-03
-9.32246769e-01 6.00789425e-03 9.59663436e-04 -2.37513960e-03 -3.28062524e-03
-9.31677412e-01 6.00980092e-03 9.47312201e-04 -2.33936360e-03 -3.29422314e-03
-9.31105757e-01 6.01181934e-03 9.34784834e-04 -2.30367455e-03 -3.30770244e-03
-9.30531805e-01 6.01394736e-03 9.22083429e-04 -2.26807521e-03 -3.32106231e-03
-9.29955559e-01 6.01618281e-03 9.09210115e-04 -2.23256834e-03 -3.33430194e-03
-9.29377019e-01 6.01852351e-03 8.96167054e-04 -2.19715667e-03 -3.34742055e-03
-9.28796187e-01 6.02096722e-03 8.82956440e-04 -2.16184291e-03 -3.36041735e-03
-9.28213065e-01 6.02351171e-03 8.69580500e-04 -2.12662977e-03 -3.37329159e-03
-9.27627654e-01 6.02615471e-03 8.56041493e-04 -2.09151994e-03 -3.38604253e-03
-9.27039955e-01 6.02889394e-03 8.42341708e-04 -2.05651609e-03 -3.39866944e-03
-9.26449969e-01 6.03172710e-03 8.28483462e-04 -2.02162088e-03 -3.41117162e-03
-9.25857699e-01 6.03465185e-03 8.14469104e-04 -1.98683695e-03 -3.42354838e-03
-9.25263146e-01 6.03766584e-03 8.00301011e-04 -1.95216693e-03 -3.43579905e-03
-9.24666310e-01 6.04076673e-03 7.85981586e-04 -1.91761341e-03 -3.44792298e-03
-9.24067195e-01 6.04395211e-03 7.71513263e-04 -1.88317897e-03 -3.45991954e-03
-9.23465800e-01 6.04721960e-03 7.56898500e-04 -1.84886620e-03 -3.47178810e-03
-9.22862128e-01 6.05056678e-03 7.42139779e-04 -1.81467763e-03 -3.48352808e-03
-9.22256180e-01 6.05399122e-03 7.27239611e-04 -1.78061579e-03 -3.49513889e-03
-9.21647958e-01 6.05749048e-03 7.12200530e-04 -1.74668319e-03 -3.50661997e-03
-9.21037462e-01 6.06106210e-03 6.97025091e-04 -1.71288231e-03 -3.51797078e-03
-9.20424696e-01 6.06470360e-03 6.81715876e-04 -1.67921562e-03 -3.52919078e-03
-9.19809659e-01 6.06841251e-03 6.66275487e-04 -1.64568555e-03 -3.54027947e-03
-9.19192354e-01 6.07218633e-03 6.50706548e-04 -1.61229452e-03 -3.55123635e-03
-9.18572782e-01 6.07602256e-03 6.35011702e-04 -1.57904494e-03 -3.56206096e-03
-9.17950945e-01 6.07991869e-03 6.19193615e-04 -1.54593917e-03 -3.57275284e-03
-9.17326844e-01 6.08387219e-03 6.03254971e-04 -1.51297957e-03 -3.58331155e-03
-9.16700480e-01 6.08788053e-03 5.87198471e-04 -1.48016845e-03 -3.59373667e-03
-9.16071856e-01 6.09194118e-03 5.71026835e-04 -1.44750811e-03 -3.60402781e-03
-9.15440973e-01 6.09605160e-03 5.54742801e-04 -1.41500083e-03 -3.61418457e-03
-9.14807832e-01 6.10020924e-03 5.38349123e-04 -1.38264885e-03 -3.62420659e-03
-9.14172435e-01 6.10441154e-03 5.21848568e-04 -1.35045441e-03 -3.63409352e-03
-9.13534783e-01 6.10865594e-03 5.05243920e-04 -1.31841968e-03 -3.64384504e-03
-9.12894879e-01 6.11293990e-03 4.88537977e-04 -1.28654685e-03 -3.65346082e-03
-9.12252723e-01 6.11726085e-03 4.71733550e-04 -1.25483804e-03 -3.66294058e-03
-9.11608317e-01 6.12161622e-03 4.54833462e-04 -1.22329537e-03 -3.67228403e-03
-9.10961663e-01 6.12600345e-03 4.37840549e-04 -1.19192094e-03 -3.68149092e-03
-9.10312763e-01 6.13041998e-03 4.20757656e-04 -1.16071678e-03 -3.69056101e-03
-9.09661618e-01 6.13486325e-03 4.03587640e-04 -1.12968493e-03 -3.69949406e-03
-9.09008229e-01 6.13933070e-03 3.86333367e-04 -1.09882738e-03 -3.70828988e-03
-9.08352599e-01 6.14381976e-03 3.68997711e-04 -1.06814610e-03 -3.71694827e-03
-9.07694728e-01 6.14832789e-03 3.51583556e-04 -1.03764303e-03 -3.72546906e-03
-9.07034619e-01 6.15285254e-03 3.34093790e-04 -1.00732007e-03 -3.73385210e-03
-9.06372273e-01 6.15739116e-03 3.16531312e-04 -9.77179099e-04 -3.74209724e-03
-9.05707691e-01 6.16194121e-03 2.98899022e-04 -9.47221954e-04 -3.75020437e-03
-9.05040876e-01 6.16650016e-03 2.81199827e-04 -9.17450451e-04 -3.75817339e-03
-9.04371830e-01 6.17106548e-03 2.63436641e-04 -8.87866367e-04 -3.76600420e-03
-9.03700552e-01 6.17563466e-03 2.45612377e-04 -8.58471450e-04 -3.77369674e-03
-9.03027046e-01 6.18020519e-03 2.27729953e-04 -8.29267414e-04 -3.78125095e-03
-9.02351313e-01 6.18477457e-03 2.09792289e-04 -8.00255940e-04 -3.78866681e-03
-9.01673355e-01 6.18934032e-03 1.91802307e-04 -7.71438676e-04 -3.79594428e-03
-9.00993173e-01 6.19389995e-03 1.73762928e-04 -7.42817235e-04 -3.80308338e-03
-9.00310769e-01 6.19845099e-03 1.55677073e-04 -7.14393199e-04 -3.81008411e-03
-8.99626145e-01 6.20299100e-03 1.37547665e-04 -6.86168113e-04 -3.81694651e-03
-8.98939302e-01 6.20751754e-03 1.19377621e-04 -6.58143488e-04 -3.82367063e-03
-8.98250242e-01 6.21202817e-03 1.01169860e-04 -6.30320802e-04 -3.83025652e-03
-8.97558967e-01 6.21652049e-03 8.29272942e-05 -6.02701495e-04 -3.83670427e-03
-8.96865478e-01 6.22099210e-03 6.46528348e-05 -5.75286975e-04 -3.84301398e-03
-8.96169778e-01 6.22544062e-03 4.63493876e-05 -5.48078611e-04 -3.84918576e-03
-8.95471867e-01 6.22986368e-03 2.80198532e-05 -5.21077739e-04 -3.85521974e-03
-8.94771748e-01 6.23425894e-03 9.66712682e-06 -4.94285659e-04 -3.86111606e-03
-8.94069423e-01 6.23862406e-03 -8.70590320e-06 -4.67703632e-04 -3.86687489e-03
-8.93364892e-01 6.24295675e-03 -2.70963555e-05 -4.41332886e-04 -3.87249640e-03
-8.92658159e-01 6.24725470e-03 -4.55013565e-05 -4.15174611e-04 -3.87798078e-03
-8.91949223e-01 6.25151565e-03 -6.39180414e-05 -3.89229959e-04 -3.88332824e-03
-8.91238089e-01 6.25573733e-03 -8.23435543e-05 -3.63500046e-04 -3.88853902e-03
-8.90524756e-01 6.25991754e-03 -1.00775049e-04 -3.37985953e-04 -3.89361333e-03
-8.89809227e-01 6.26405404e-03 -1.19209691e-04 -3.12688720e-04 -3.89855144e-03
-8.89091503e-01 6.26814467e-03 -1.37644655e-04 -2.87609352e-04 -3.90335362e-03
-8.88371587e-01 6.27218725e-03 -1.56077128e-04 -2.62748816e-04 -3.90802016e-03
-8.87649480e-01 6.27617964e-03 -1.74504312e-04 -2.38108040e-04 -3.91255134e-03
-8.86925184e-01 6.28011973e-03 -1.92923418e-04 -2.13687915e-04 -3.91694748e-03
-8.86198701e-01 6.28400542e-03 -2.11331674e-04 -1.89489296e-04 -3.92120892e-03
-8.85470032e-01 6.28783466e-03 -2.29726320e-04 -1.65512997e-04 -3.92533600e-03
-8.84739180e-01 6.29160539e-03 -2.48104613e-04 -1.41759794e-04 -3.92932906e-03
-8.84006145e-01 6.29531561e-03 -2.66463823e-04 -1.18230427e-04 -3.93318849e-03
-8.83270931e-01 6.29896332e-03 -2.84801238e-04 -9.49255962e-05 -3.93691467e-03
-8.82533538e-01 6.30254656e-03 -3.03114163e-04 -7.18459634e-05 -3.94050800e-03
-8.81793969e-01 6.30606341e-03 -3.21399918e-04 -4.89921520e-05 -3.94396889e-03
-8.81052225e-01 6.30951194e-03 -3.39655844e-04 -2.63647472e-05 -3.94729777e-03
-8.80308308e-01 6.31289029e-03 -3.57879297e-04 -3.96429555e-06 -3.95049508e-03
-8.79562220e-01 6.31619661e-03 -3.76067655e-04 1.82086951e-05 -3.95356128e-03
-8.78813963e-01 6.31942907e-03 -3.94218314e-04 4.01537555e-05 -3.95649683e-03
-8.78063539e-01 6.32258589e-03 -4.12328689e-04 6.18704548e-05 -3.95930221e-03
-8.77310949e-01 6.32566532e-03 -4.30396218e-04 8.33584009e-05 -3.96197791e-03
-8.76556196e-01 6.32866561e-03 -4.48418358e-04 1.04617240e-04 -3.96452445e-03
-8.75799281e-01 6.33158508e-03 -4.66392590e-04 1.25646658e-04 -3.96694235e-03
-8.75040206e-01 6.33442205e-03 -4.84316414e-04 1.46446378e-04 -3.96923213e-03
-8.74278973e-01 6.33717490e-03 -5.02187355e-04 1.67016161e-04 -3.97139433e-03
-8.73515584e-01 6.33984203e-03 -5.20002960e-04 1.87355810e-04 -3.97342953e-03
-8.72750041e-01 6.34242185e-03 -5.37760800e-04 2.07465162e-04 -3.97533828e-03
-8.71982345e-01 6.34491284e-03 -5.55458471e-04 2.27344095e-04 -3.97712116e-03
-8.71212499e-01 6.34731350e-03 -5.73093591e-04 2.46992524e-04 -3.97877877e-03
-8.70440504e-01 6.34962235e-03 -5.90663805e-04 2.66410405e-04 -3.98031172e-03
-8.69666363e-01 6.35183795e-03 -6.08166784e-04 2.85597727e-04 -3.98172062e-03
-8.68890077e-01 6.35395892e-03 -6.25600222e-04 3.04554523e-04 -3.98300609e-03
-8.68111648e-01 6.35598387e-03 -6.42961841e-04 3.23280858e-04 -3.98416878e-03
-8.67331079e-01 6.35791148e-03 -6.60249391e-04 3.41776840e-04 -3.98520933e-03
-8.66548370e-01 6.35974044e-03 -6.77460648e-04 3.60042611e-04 -3.98612840e-03
-8.65763524e-01 6.36146951e-03 -6.94593413e-04 3.78078351e-04 -3.98692668e-03
-8.64976543e-01 6.36309743e-03 -7.11645519e-04 3.95884281e-04 -3.98760483e-03
-8.64187429e-01 6.36462304e-03 -7.28614825e-04 4.13460653e-04 -3.98816356e-03
-8.63396184e-01 6.36604517e-03 -7.45499218e-04 4.30807762e-04 -3.98860355e-03
-8.62602809e-01 6.36736269e-03 -7.62296615e-04 4.47925937e-04 -3.98892554e-03
-8.61807307e-01 6.36857453e-03 -7.79004964e-04 4.64815543e-04 -3.98913023e-03
-8.61009680e-01 6.36967965e-03 -7.95622238e-04 4.81476983e-04 -3.98921836e-03
-8.60209930e-01 6.37067701e-03 -8.12146445e-04 4.97910696e-04 -3.98919068e-03
-8.59408057e-01 6.37156567e-03 -8.28575620e-04 5.14117157e-04 -3.98904793e-03
-8.58604066e-01 6.37234466e-03 -8.44907830e-04 5.30096877e-04 -3.98879087e-03
-8.57797957e-01 6.37301311e-03 -8.61141172e-04 5.45850402e-04 -3.98842028e-03
-8.56989732e-01 6.37357013e-03 -8.77273775e-04 5.61378315e-04 -3.98793694e-03
-8.56179395e-01 6.37401491e-03 -8.93303799e-04 5.76681232e-04 -3.98734162e-03
-8.55366945e-01 6.37434665e-03 -9.09229436e-04 5.91759806e-04 -3.98663513e-03
-8.54552386e-01 6.37456460e-03 -9.25048909e-04 6.06614724e-04 -3.98581827e-03
-8.53735720e-01 6.37466806e-03 -9.40760475e-04 6.21246706e-04 -3.98489185e-03
-8.52916948e-01 6.37465633e-03 -9.56362422e-04 6.35656508e-04 -3.98385670e-03
-8.52096073e-01 6.37452878e-03 -9.71853070e-04 6.49844921e-04 -3.98271364e-03
-8.51273096e-01 6.37428480e-03 -9.87230774e-04 6.63812765e-04 -3.98146351e-03
-8.50448020e-01 6.37392384e-03 -1.00249392e-03 6.77560899e-04 -3.98010715e-03
-8.49620847e-01 6.37344535e-03 -1.01764093e-03 6.91090211e-04 -3.97864542e-03
-8.48791578e-01 6.37284886e-03 -1.03267026e-03 7.04401623e-04 -3.97707916e-03
-8.47960216e-01 6.37213391e-03 -1.04758039e-03 7.17496089e-04 -3.97540925e-03
-8.47126763e-01 6.37130007e-03 -1.06236984e-03 7.30374597e-04 -3.97363656e-03
-8.46291221e-01 6.37034698e-03 -1.07703717e-03 7.43038163e-04 -3.97176197e-03
-8.45453591e-01 6.36927429e-03 -1.09158098e-03 7.55487838e-04 -3.96978636e-03
-8.44613877e-01 6.36808170e-03 -1.10599987e-03 7.67724703e-04 -3.96771063e-03
-8.43772079e-01 6.36676893e-03 -1.12029252e-03 7.79749867e-04 -3.96553566e-03
-8.42928201e-01 6.36533576e-03 -1.13445760e-03 7.91564475e-04 -3.96326238e-03
-8.42082244e-01 6.36378199e-03 -1.14849386e-03 8.03169696e-04 -3.96089167e-03
-8.41234210e-01 6.36210747e-03 -1.16240004e-03 8.14566732e-04 -3.95842447e-03
-8.40384102e-01 6.36031208e-03 -1.17617495e-03 8.25756814e-04 -3.95586168e-03
-8.39531921e-01 6.35839573e-03 -1.18981741e-03 8.36741201e-04 -3.95320424e-03
-8.38677669e-01 6.35635837e-03 -1.20332630e-03 8.47521182e-04 -3.95045308e-03
-8.37821349e-01 6.35419999e-03 -1.21670050e-03 8.58098071e-04 -3.94760913e-03
-8.36962964e-01 6.35192062e-03 -1.22993897e-03 8.68473214e-04 -3.94467333e-03
-8.36102514e-01 6.34952032e-03 -1.24304066e-03 8.78647980e-04 -3.94164663e-03
-8.35240002e-01 6.34699918e-03 -1.25600458e-03 8.88623767e-04 -3.93852997e-03
-8.34375430e-01 6.34435733e-03 -1.26882977e-03 8.98402001e-04 -3.93532432e-03
-8.33508800e-01 6.34159495e-03 -1.28151532e-03 9.07984130e-04 -3.93203062e-03
-8.32640115e-01 6.33871223e-03 -1.29406032e-03 9.17371632e-04 -3.92864983e-03
-8.31769377e-01 6.33570940e-03 -1.30646392e-03 9.26566007e-04 -3.92518293e-03
-8.30896587e-01 6.33258675e-03 -1.31872531e-03 9.35568782e-04 -3.92163089e-03
-8.30021748e-01 6.32934456e-03 -1.33084370e-03 9.44381506e-04 -3.91799466e-03
-8.29144862e-01 6.32598319e-03 -1.34281833e-03 9.53005754e-04 -3.91427524e-03
-8.28265931e-01 6.32250301e-03 -1.35464850e-03 9.61443123e-04 -3.91047359e-03
-8.27384958e-01 6.31890442e-03 -1.36633351e-03 9.69695235e-04 -3.90659069e-03
-8.26501944e-01 6.31518786e-03 -1.37787274e-03 9.77763731e-04 -3.90262754e-03
-8.25616892e-01 6.31135380e-03 -1.38926556e-03 9.85650277e-04 -3.89858511e-03
-8.24729804e-01 6.30740275e-03 -1.40051140e-03 9.93356560e-04 -3.89446439e-03
-8.23840681e-01 6.30333525e-03 -1.41160971e-03 1.00088429e-03 -3.89026638e-03
-8.22949527e-01 6.29915186e-03 -1.42256000e-03 1.00823519e-03 -3.88599207e-03
-8.22056344e-01 6.29485318e-03 -1.43336177e-03 1.01541101e-03 -3.88164245e-03
-8.21161133e-01 6.29043985e-03 -1.44401461e-03 1.02241353e-03 -3.87721851e-03
-8.20263897e-01 6.28591253e-03 -1.45451808e-03 1.02924452e-03 -3.87272125e-03
-8.19364639e-01 6.28127192e-03 -1.46487184e-03 1.03590580e-03 -3.86815168e-03
-8.18463359e-01 6.27651873e-03 -1.47507553e-03 1.04239919e-03 -3.86351078e-03
-8.17560061e-01 6.27165372e-03 -1.48512886e-03 1.04872653e-03 -3.85879957e-03
-8.16654747e-01 6.26667767e-03 -1.49503155e-03 1.05488968e-03 -3.85401904e-03
-8.15747419e-01 6.26159140e-03 -1.50478336e-03 1.06089052e-03 -3.84917019e-03
-8.14838079e-01 6.25639575e-03 -1.51438408e-03 1.06673094e-03 -3.84425403e-03
-8.13926729e-01 6.25109158e-03 -1.52383356e-03 1.07241286e-03 -3.83927156e-03
-8.13013373e-01 6.24567979e-03 -1.53313163e-03 1.07793819e-03 -3.83422378e-03
-8.12098011e-01 6.24016131e-03 -1.54227820e-03 1.08330887e-03 -3.82911169e-03
-8.11180646e-01 6.23453709e-03 -1.55127319e-03 1.08852686e-03 -3.82393630e-03
-8.10261281e-01 6.22880810e-03 -1.56011655e-03 1.09359413e-03 -3.81869862e-03
-8.09339918e-01 6.22297536e-03 -1.56880828e-03 1.09851265e-03 -3.81339963e-03
-8.08416559e-01 6.21703989e-03 -1.57734840e-03 1.10328442e-03 -3.80804034e-03
-8.07491206e-01 6.21100275e-03 -1.58573694e-03 1.10791145e-03 -3.80262176e-03
-8.06563861e-01 6.20486501e-03 -1.59397400e-03 1.11239574e-03 -3.79714488e-03
-8.05634528e-01 6.19862779e-03 -1.60205969e-03 1.11673934e-03 -3.79161071e-03
-8.04703207e-01 6.19229221e-03 -1.60999415e-03 1.12094428e-03 -3.78602023e-03
-8.03769903e-01 6.18585943e-03 -1.61777756e-03 1.12501260e-03 -3.78037444e-03
-8.02834616e-01 6.17933062e-03 -1.62541010e-03 1.12894638e-03 -3.77467434e-03
-8.01897349e-01 6.17270698e-03 -1.63289203e-03 1.13274768e-03 -3.76892093e-03
-8.00958104e-01 6.16598973e-03 -1.64022360e-03 1.13641857e-03 -3.76311518e-03
-8.00016884e-01 6.15918012e-03 -1.64740509e-03 1.13996114e-03 -3.75725810e-03
-7.99073691e-01 6.15227940e-03 -1.65443684e-03 1.14337749e-03 -3.75135066e-03
-7.98128528e-01 6.14528887e-03 -1.66131919e-03 1.14666972e-03 -3.74539386e-03
-7.97181396e-01 6.13820983e-03 -1.66805251e-03 1.14983993e-03 -3.73938867e-03
-7.96232298e-01 6.13104359e-03 -1.67463721e-03 1.15289024e-03 -3.73333607e-03
-7.95281236e-01 6.12379152e-03 -1.68107373e-03 1.15582277e-03 -3.72723705e-03
-7.94328214e-01 6.11645496e-03 -1.68736251e-03 1.15863965e-03 -3.72109256e-03
-7.93373232e-01 6.10903530e-03 -1.69350405e-03 1.16134299e-03 -3.71490360e-03
-7.92416293e-01 6.10153394e-03 -1.69949885e-03 1.16393495e-03 -3.70867112e-03
-7.91457401e-01 6.09395230e-03 -1.70534747e-03 1.16641764e-03 -3.70239609e-03
-7.90496556e-01 6.08629180e-03 -1.71105045e-03 1.16879323e-03 -3.69607947e-03
-7.89533763e-01 6.07855391e-03 -1.71660839e-03 1.17106384e-03 -3.68972222e-03
-7.88569022e-01 6.07074007e-03 -1.72202191e-03 1.17323163e-03 -3.68332529e-03
-7.87602336e-01 6.06285178e-03 -1.72729165e-03 1.17529874e-03 -3.67688964e-03
-7.86633708e-01 6.05489052e-03 -1.73241827e-03 1.17726733e-03 -3.67041621e-03
-7.85663139e-01 6.04685781e-03 -1.73740245e-03 1.17913953e-03 -3.66390595e-03
-7.84690634e-01 6.03875517e-03 -1.74224492e-03 1.18091751e-03 -3.65735979e-03
-7.83716193e-01 6.03058414e-03 -1.74694640e-03 1.18260341e-03 -3.65077867e-03
-7.82739819e-01 6.02234626e-03 -1.75150765e-03 1.18419939e-03 -3.64416352e-03
-7.81761515e-01 6.01404309e-03 -1.75592946e-03 1.18570758e-03 -3.63751527e-03
-7.80781283e-01 6.00567622e-03 -1.76021263e-03 1.18713014e-03 -3.63083483e-03
-7.79799126e-01 5.99724722e-03 -1.76435798e-03 1.18846921e-03 -3.62412314e-03
-7.78815045e-01 5.98875769e-03 -1.76836637e-03 1.18972693e-03 -3.61738109e-03
-7.77829044e-01 5.98020922e-03 -1.77223865e-03 1.19090544e-03 -3.61060959e-03
-7.76841124e-01 5.97160345e-03 -1.77597571e-03 1.19200688e-03 -3.60380956e-03
-7.75851289e-01 5.96294198e-03 -1.77957847e-03 1.19303338e-03 -3.59698188e-03
-7.74859540e-01 5.95422646e-03 -1.78304785e-03 1.19398707e-03 -3.59012745e-03
-7.73865880e-01 5.94545852e-03 -1.78638480e-03 1.19487006e-03 -3.58324715e-03
-7.72870312e-01 5.93663980e-03 -1.78959029e-03 1.19568448e-03 -3.57634187e-03
-7.71872838e-01 5.92777197e-03 -1.79266530e-03 1.19643244e-03 -3.56941248e-03
-7.70873460e-01 5.91885669e-03 -1.79561084e-03 1.19711604e-03 -3.56245986e-03
-7.69872181e-01 5.90989561e-03 -1.79842792e-03 1.19773738e-03 -3.55548487e-03
-7.68869004e-01 5.90089042e-03 -1.80111759e-03 1.19829856e-03 -3.54848837e-03
-7.67863930e-01 5.89184280e-03 -1.80368090e-03 1.19880166e-03 -3.54147121e-03
-7.66856963e-01 5.88275441e-03 -1.80611893e-03 1.19924875e-03 -3.53443423e-03
-7.65848104e-01 5.87362696e-03 -1.80843276e-03 1.19964190e-03 -3.52737829e-03
-7.64837357e-01 5.86446212e-03 -1.81062349e-03 1.19998318e-03 -3.52030422e-03
-7.63824724e-01 5.85526160e-03 -1.81269226e-03 1.20027463e-03 -3.51321284e-03
-7.62810206e-01 5.84602708e-03 -1.81464018e-03 1.20051829e-03 -3.50610499e-03
-7.61793808e-01 5.83676027e-03 -1.81646842e-03 1.20071620e-03 -3.49898146e-03
-7.60775531e-01 5.82746285e-03 -1.81817814e-03 1.20087038e-03 -3.49184309e-03
-7.59755377e-01 5.81813654e-03 -1.81977050e-03 1.20098284e-03 -3.48469066e-03
-7.58733350e-01 5.80878303e-03 -1.82124672e-03 1.20105558e-03 -3.47752498e-03
-7.57709452e-01 5.79940403e-03 -1.82260797e-03 1.20109058e-03 -3.47034683e-03
-7.56683685e-01 5.79000122e-03 -1.82385549e-03 1.20108982e-03 -3.46315701e-03
-7.55656053e-01 5.78057631e-03 -1.82499050e-03 1.20105527e-03 -3.45595629e-03
-7.54626556e-01 5.77113100e-03 -1.82601424e-03 1.20098888e-03 -3.44874543e-03
-7.53595199e-01 5.76166698e-03 -1.82692795e-03 1.20089259e-03 -3.44152521e-03
-7.52561982e-01 5.75218594e-03 -1.82773291e-03 1.20076832e-03 -3.43429637e-03
-7.51526911e-01 5.74268958e-03 -1.82843038e-03 1.20061799e-03 -3.42705967e-03
-7.50489985e-01 5.73317958e-03 -1.82902165e-03 1.20044349e-03 -3.41981585e-03
-7.49451209e-01 5.72365763e-03 -1.82950800e-03 1.20024670e-03 -3.41256564e-03
-7.48410585e-01 5.71412540e-03 -1.82989074e-03 1.20002951e-03 -3.40530977e-03
-7.47368114e-01 5.70458458e-03 -1.83017117e-03 1.19979376e-03 -3.39804897e-03
-7.46323801e-01 5.69503682e-03 -1.83035061e-03 1.19954130e-03 -3.39078394e-03
-7.45277647e-01 5.68548379e-03 -1.83043039e-03 1.19927394e-03 -3.38351539e-03
-7.44229655e-01 5.67592716e-03 -1.83041185e-03 1.19899350e-03 -3.37624401e-03
-7.43179828e-01 5.66636857e-03 -1.83029631e-03 1.19870177e-03 -3.36897051e-03
-7.42128168e-01 5.65680968e-03 -1.83008513e-03 1.19840052e-03 -3.36169556e-03
-7.41074678e-01 5.64725211e-03 -1.82977965e-03 1.19809152e-03 -3.35441984e-03
-7.40019360e-01 5.63769750e-03 -1.82938125e-03 1.19777651e-03 -3.34714401e-03
-7.38962217e-01 5.62814747e-03 -1.82889127e-03 1.19745721e-03 -3.33986874e-03
-7.37903252e-01 5.61860364e-03 -1.82831110e-03 1.19713534e-03 -3.33259468e-03
-7.36842467e-01 5.60906761e-03 -1.82764210e-03 1.19681258e-03 -3.32532248e-03
-7.35779864e-01 5.59954097e-03 -1.82688565e-03 1.19649061e-03 -3.31805276e-03
-7.34715448e-01 5.59002533e-03 -1.82604314e-03 1.19617108e-03 -3.31078617e-03
-7.33649219e-01 5.58052225e-03 -1.82511595e-03 1.19585563e-03 -3.30352332e-03
-7.32581181e-01 5.57103329e-03 -1.82410546e-03 1.19554588e-03 -3.29626482e-03
-7.31511336e-01 5.56156003e-03 -1.82301308e-03 1.19524342e-03 -3.28901129e-03
-7.30439687e-01 5.55210400e-03 -1.82184018e-03 1.19494983e-03 -3.28176331e-03
-7.29366237e-01 5.54266673e-03 -1.82058818e-03 1.19466669e-03 -3.27452148e-03
-7.28290988e-01 5.53324976e-03 -1.81925846e-03 1.19439552e-03 -3.26728639e-03
-7.27213943e-01 5.52385459e-03 -1.81785242e-03 1.19413785e-03 -3.26005860e-03
-7.26135105e-01 5.51448271e-03 -1.81637147e-03 1.19389518e-03 -3.25283868e-03
-7.25054476e-01 5.50513562e-03 -1.81481700e-03 1.19366900e-03 -3.24562719e-03
-7.23972059e-01 5.49581479e-03 -1.81319042e-03 1.19346076e-03 -3.23842468e-03
-7.22887856e-01 5.48652168e-03 -1.81149311e-03 1.19327191e-03 -3.23123169e-03
-7.21801870e-01 5.47725772e-03 -1.80972649e-03 1.19310386e-03 -3.22404876e-03
-7.20714105e-01 5.46802437e-03 -1.80789195e-03 1.19295803e-03 -3.21687641e-03
-7.19624562e-01 5.45882303e-03 -1.80599088e-03 1.19283578e-03 -3.20971515e-03
-7.18533244e-01 5.44965510e-03 -1.80402469e-03 1.19273848e-03 -3.20256551e-03
-7.17440155e-01 5.44052199e-03 -1.80199476e-03 1.19266746e-03 -3.19542797e-03
-7.16345296e-01 5.43142505e-03 -1.79990248e-03 1.19262405e-03 -3.18830303e-03
-7.15248670e-01 5.42236565e-03 -1.79774926e-03 1.19260953e-03 -3.18119119e-03
-7.14150280e-01 5.41334513e-03 -1.79553646e-03 1.19262517e-03 -3.17409290e-03
-7.13050130e-01 5.40436482e-03 -1.79326547e-03 1.19267224e-03 -3.16700866e-03
-7.11948220e-01 5.39542603e-03 -1.79093768e-03 1.19275196e-03 -3.15993890e-03
-7.10844555e-01 5.38653006e-03 -1.78855445e-03 1.19286554e-03 -3.15288410e-03
-7.09739137e-01 5.37767818e-03 -1.78611715e-03 1.19301416e-03 -3.14584469e-03
-7.08631969e-01 5.36887166e-03 -1.78362716e-03 1.19319900e-03 -3.13882110e-03
-7.07523053e-01 5.36011174e-03 -1.78108583e-03 1.19342119e-03 -3.13181378e-03
-7.06412392e-01 5.35139965e-03 -1.77849452e-03 1.19368186e-03 -3.12482313e-03
-7.05299989e-01 5.34273660e-03 -1.77585458e-03 1.19398209e-03 -3.11784958e-03
-7.04185846e-01 5.33412378e-03 -1.77316735e-03 1.19432298e-03 -3.11089352e-03
-7.03069967e-01 5.32556237e-03 -1.77043417e-03 1.19470558e-03 -3.10395535e-03
-7.01952354e-01 5.31705352e-03 -1.76765638e-03 1.19513091e-03 -3.09703546e-03
-7.00833010e-01 5.30859838e-03 -1.76483529e-03 1.19559999e-03 -3.09013423e-03
-6.99711937e-01 5.30019807e-03 -1.76197224e-03 1.19611380e-03 -3.08325203e-03
-6.98589139e-01 5.29185368e-03 -1.75906853e-03 1.19667331e-03 -3.07638924e-03
-6.97464618e-01 5.28356631e-03 -1.75612547e-03 1.19727946e-03 -3.06954619e-03
-6.96338377e-01 5.27533702e-03 -1.75314434e-03 1.19793318e-03 -3.06272325e-03
-6.95210419e-01 5.26716685e-03 -1.75012645e-03 1.19863536e-03 -3.05592075e-03
-6.94080746e-01 5.25905683e-03 -1.74707307e-03 1.19938687e-03 -3.04913903e-03
-6.92949362e-01 5.25100798e-03 -1.74398548e-03 1.20018857e-03 -3.04237840e-03
-6.91816268e-01 5.24302128e-03 -1.74086494e-03 1.20104130e-03 -3.03563920e-03
-6.90681469e-01 5.23509770e-03 -1.73771270e-03 1.20194585e-03 -3.02892172e-03
-6.89544966e-01 5.22723819e-03 -1.73453000e-03 1.20290302e-03 -3.02222627e-03
-6.88406763e-01 5.21944369e-03 -1.73131810e-03 1.20391358e-03 -3.01555315e-03
-6.87266861e-01 5.21171510e-03 -1.72807821e-03 1.20497825e-03 -3.00890263e-03
-6.86125265e-01 5.20405332e-03 -1.72481155e-03 1.20609777e-03 -3.00227500e-03
-6.84981977e-01 5.19645922e-03 -1.72151933e-03 1.20727283e-03 -2.99567053e-03
-6.83837000e-01 5.18893365e-03 -1.71820274e-03 1.20850410e-03 -2.98908948e-03
-6.82690336e-01 5.18147744e-03 -1.71486297e-03 1.20979225e-03 -2.98253210e-03
-6.81541988e-01 5.17409142e-03 -1.71150121e-03 1.21113789e-03 -2.97599866e-03
-6.80391960e-01 5.16677636e-03 -1.70811860e-03 1.21254165e-03 -2.96948938e-03
-6.79240254e-01 5.15953305e-03 -1.70471632e-03 1.21400411e-03 -2.96300449e-03
-6.78086872e-01 5.15236223e-03 -1.70129550e-03 1.21552583e-03 -2.95654424e-03
-6.76931818e-01 5.14526464e-03 -1.69785727e-03 1.21710737e-03 -2.95010883e-03
-6.75775095e-01 5.13824098e-03 -1.69440276e-03 1.21874924e-03 -2.94369847e-03
-6.74616706e-01 5.13129197e-03 -1.69093308e-03 1.22045195e-03 -2.93731338e-03
-6.73456652e-01 5.12441825e-03 -1.68744932e-03 1.22221597e-03 -2.93095374e-03
-6.72294938e-01 5.11762050e-03 -1.68395256e-03 1.22404177e-03 -2.92461974e-03
-6.71131566e-01 5.11089933e-03 -1.68044389e-03 1.22592979e-03 -2.91831158e-03
-6.69966538e-01 5.10425536e-03 -1.67692436e-03 1.22788044e-03 -2.91202942e-03
-6.68799859e-01 5.09768918e-03 -1.67339502e-03 1.22989413e-03 -2.90577343e-03
-6.67631530e-01 5.09120137e-03 -1.66985691e-03 1.23197121e-03 -2.89954378e-03
-6.66461554e-01 5.08479248e-03 -1.66631105e-03 1.23411206e-03 -2.89334062e-03
-6.65289935e-01 5.07846303e-03 -1.66275846e-03 1.23631701e-03 -2.88716409e-03
-6.64116675e-01 5.07221354e-03 -1.65920012e-03 1.23858637e-03 -2.88101435e-03
-6.62941778e-01 5.06604450e-03 -1.65563704e-03 1.24092044e-03 -2.87489151e-03
-6.61765245e-01 5.05995639e-03 -1.65207017e-03 1.24331949e-03 -2.86879571e-03
-6.60587080e-01 5.05394965e-03 -1.64850048e-03 1.24578377e-03 -2.86272708e-03
-6.59407287e-01 5.04802472e-03 -1.64492891e-03 1.24831353e-03 -2.85668572e-03
-6.58225867e-01 5.04218200e-03 -1.64135641e-03 1.25090897e-03 -2.85067174e-03
-6.57042824e-01 5.03642191e-03 -1.63778387e-03 1.25357030e-03 -2.84468525e-03
-6.55858160e-01 5.03074480e-03 -1.63421222e-03 1.25629769e-03 -2.83872633e-03
-6.54671879e-01 5.02515103e-03 -1.63064234e-03 1.25909130e-03 -2.83279508e-03
-6.53483983e-01 5.01964093e-03 -1.62707511e-03 1.26195128e-03 -2.82689158e-03
-6.52294476e-01 5.01421483e-03 -1.62351140e-03 1.26487773e-03 -2.82101591e-03
-6.51103360e-01 5.00887302e-03 -1.61995205e-03 1.26787077e-03 -2.81516813e-03
-6.49910639e-01 5.00361578e-03 -1.61639790e-03 1.27093048e-03 -2.80934831e-03
-6.48716314e-01 4.99844336e-03 -1.61284978e-03 1.27405692e-03 -2.80355651e-03
-6.47520390e-01 4.99335601e-03 -1.60930849e-03 1.27725015e-03 -2.79779278e-03
-6.46322869e-01 4.98835394e-03 -1.60577483e-03 1.28051020e-03 -2.79205716e-03
-6.45123754e-01 4.98343737e-03 -1.60224957e-03 1.28383707e-03 -2.78634969e-03
-6.43923048e-01 4.97860647e-03 -1.59873350e-03 1.28723077e-03 -2.78067042e-03
-6.42720754e-01 4.97386141e-03 -1.59522735e-03 1.29069128e-03 -2.77501936e-03
-6.41516875e-01 4.96920235e-03 -1.59173186e-03 1.29421856e-03 -2.76939654e-03
-6.40311414e-01 4.96462940e-03 -1.58824776e-03 1.29781256e-03 -2.76380197e-03
-6.39104373e-01 4.96014269e-03 -1.58477577e-03 1.30147320e-03 -2.75823568e-03
-6.37895757e-01 4.95574230e-03 -1.58131656e-03 1.30520040e-03 -2.75269766e-03
-6.36685567e-01 4.95142832e-03 -1.57787084e-03 1.30899406e-03 -2.74718792e-03
-6.35473807e-01 4.94720081e-03 -1.57443925e-03 1.31285406e-03 -2.74170644e-03
-6.34260480e-01 4.94305981e-03 -1.57102246e-03 1.31678027e-03 -2.73625323e-03
-6.33045589e-01 4.93900534e-03 -1.56762110e-03 1.32077254e-03 -2.73082827e-03
-6.31829137e-01 4.93503742e-03 -1.56423580e-03 1.32483070e-03 -2.72543153e-03
-6.30611126e-01 4.93115603e-03 -1.56086717e-03 1.32895459e-03 -2.72006299e-03
-6.29391561e-01 4.92736116e-03 -1.55751580e-03 1.33314401e-03 -2.71472262e-03
-6.28170443e-01 4.92365277e-03 -1.55418228e-03 1.33739875e-03 -2.70941039e-03
-6.26947776e-01 4.92003079e-03 -1.55086717e-03 1.34171859e-03 -2.70412626e-03
-6.25723562e-01 4.91649517e-03 -1.54757103e-03 1.34610330e-03 -2.69887017e-03
-6.24497806e-01 4.91304580e-03 -1.54429439e-03 1.35055263e-03 -2.69364209e-03
-6.23270509e-01 4.90968259e-03 -1.54103778e-03 1.35506632e-03 -2.68844196e-03
-6.22041676e-01 4.90640542e-03 -1.53780171e-03 1.35964409e-03 -2.68326972e-03
-6.20811308e-01 4.90321416e-03 -1.53458668e-03 1.36428567e-03 -2.67812530e-03
-6.19579410e-01 4.90010866e-03 -1.53139317e-03 1.36899076e-03 -2.67300865e-03
-6.18345983e-01 4.89708876e-03 -1.52822165e-03 1.37375903e-03 -2.66791968e-03
-6.17111031e-01 4.89415428e-03 -1.52507258e-03 1.37859017e-03 -2.66285832e-03
-6.15874558e-01 4.89130503e-03 -1.52194639e-03 1.38348385e-03 -2.65782450e-03
-6.14636565e-01 4.88854081e-03 -1.51884352e-03 1.38843972e-03 -2.65281812e-03
-6.13397057e-01 4.88586139e-03 -1.51576438e-03 1.39345741e-03 -2.64783910e-03
-6.12156036e-01 4.88326656e-03 -1.51270936e-03 1.39853658e-03 -2.64288735e-03
-6.10913506e-01 4.88075605e-03 -1.50967887e-03 1.40367682e-03 -2.63796277e-03
-6.09669468e-01 4.87832962e-03 -1.50667326e-03 1.40887777e-03 -2.63306525e-03
-6.08423928e-01 4.87598700e-03 -1.50369291e-03 1.41413901e-03 -2.62819471e-03
-6.07176887e-01 4.87372789e-03 -1.50073815e-03 1.41946014e-03 -2.62335102e-03
-6.05928348e-01 4.87155201e-03 -1.49780933e-03 1.42484074e-03 -2.61853408e-03
-6.04678315e-01 4.86945905e-03 -1.49490676e-03 1.43028038e-03 -2.61374377e-03
-6.03426791e-01 4.86744869e-03 -1.49203074e-03 1.43577863e-03 -2.60897998e-03
-6.02173778e-01 4.86552059e-03 -1.48918158e-03 1.44133503e-03 -2.60424258e-03
-6.00919281e-01 4.86367443e-03 -1.48635956e-03 1.44694915e-03 -2.59953144e-03
-5.99663302e-01 4.86190983e-03 -1.48356494e-03 1.45262050e-03 -2.59484644e-03
-5.98405843e-01 4.86022644e-03 -1.48079799e-03 1.45834863e-03 -2.59018746e-03
-5.97146909e-01 4.85862389e-03 -1.47805893e-03 1.46413305e-03 -2.58555434e-03
-5.95886503e-01 4.85710179e-03 -1.47534802e-03 1.46997328e-03 -2.58094696e-03
-5.94624627e-01 4.85565975e-03 -1.47266546e-03 1.47586882e-03 -2.57636517e-03
-5.93361284e-01 4.85429735e-03 -1.47001146e-03 1.48181918e-03 -2.57180883e-03
-5.92096478e-01 4.85301419e-03 -1.46738622e-03 1.48782385e-03 -2.56727779e-03
-5.90830212e-01 4.85180984e-03 -1.46478992e-03 1.49388231e-03 -2.56277191e-03
-5.89562488e-01 4.85068388e-03 -1.46222273e-03 1.49999405e-03 -2.55829104e-03
-5.88293311e-01 4.84963585e-03 -1.45968481e-03 1.50615853e-03 -2.55383500e-03
-5.87022683e-01 4.84866531e-03 -1.45717631e-03 1.51237524e-03 -2.54940366e-03
-5.85750607e-01 4.84777180e-03 -1.45469736e-03 1.51864363e-03 -2.54499685e-03
-5.84477087e-01 4.84695485e-03 -1.45224809e-03 1.52496317e-03 -2.54061441e-03
-5.83202125e-01 4.84621399e-03 -1.44982861e-03 1.53133329e-03 -2.53625617e-03
-5.81925725e-01 4.84554875e-03 -1.44743902e-03 1.53775347e-03 -2.53192196e-03
-5.80647890e-01 4.84495862e-03 -1.44507942e-03 1.54422313e-03 -2.52761163e-03
-5.79368623e-01 4.84444311e-03 -1.44274988e-03 1.55074172e-03 -2.52332499e-03
-5.78087927e-01 4.84400173e-03 -1.44045048e-03 1.55730867e-03 -2.51906187e-03
-5.76805805e-01 4.84363395e-03 -1.43818126e-03 1.56392343e-03 -2.51482209e-03
-5.75522261e-01 4.84333928e-03 -1.43594229e-03 1.57058541e-03 -2.51060549e-03
-5.74237298e-01 4.84311718e-03 -1.43373360e-03 1.57729405e-03 -2.50641187e-03
-5.72950918e-01 4.84296712e-03 -1.43155522e-03 1.58404876e-03 -2.50224106e-03
-5.71663126e-01 4.84288858e-03 -1.42940716e-03 1.59084898e-03 -2.49809288e-03
-5.70373923e-01 4.84288102e-03 -1.42728944e-03 1.59769411e-03 -2.49396714e-03
-5.69083314e-01 4.84294390e-03 -1.42520204e-03 1.60458357e-03 -2.48986365e-03
-5.67791302e-01 4.84307666e-03 -1.42314497e-03 1.61151679e-03 -2.48578222e-03
-5.66497889e-01 4.84327875e-03 -1.42111820e-03 1.61849316e-03 -2.48172267e-03
-5.65203079e-01 4.84354963e-03 -1.41912170e-03 1.62551210e-03 -2.47768481e-03
-5.63906875e-01 4.84388872e-03 -1.41715542e-03 1.63257303e-03 -2.47366843e-03
-5.62609281e-01 4.84429547e-03 -1.41521933e-03 1.63967534e-03 -2.46967336e-03
-5.61310299e-01 4.84476931e-03 -1.41331337e-03 1.64681846e-03 -2.46569938e-03
-5.60009933e-01 4.84530967e-03 -1.41143746e-03 1.65400178e-03 -2.46174632e-03
-5.58708186e-01 4.84591596e-03 -1.40959154e-03 1.66122471e-03 -2.45781396e-03
-5.57405060e-01 4.84658763e-03 -1.40777553e-03 1.66848667e-03 -2.45390211e-03
-5.56100561e-01 4.84732408e-03 -1.40598932e-03 1.67578705e-03 -2.45001056e-03
-5.54794689e-01 4.84812474e-03 -1.40423283e-03 1.68312526e-03 -2.44613913e-03
-5.53487450e-01 4.84898902e-03 -1.40250594e-03 1.69050072e-03 -2.44228761e-03
-5.52178845e-01 4.84991634e-03 -1.40080854e-03 1.69791284e-03 -2.43845579e-03
-5.50868879e-01 4.85090612e-03 -1.39914051e-03 1.70536101e-03 -2.43464347e-03
-5.49557555e-01 4.85195776e-03 -1.39750172e-03 1.71284466e-03 -2.43085044e-03
-5.48244874e-01 4.85307067e-03 -1.39589203e-03 1.72036320e-03 -2.42707651e-03
-5.46930842e-01 4.85424427e-03 -1.39431130e-03 1.72791603e-03 -2.42332146e-03
-5.45615461e-01 4.85547797e-03 -1.39275937e-03 1.73550259e-03 -2.41958509e-03
-5.44298735e-01 4.85677117e-03 -1.39123609e-03 1.74312227e-03 -2.41586720e-03
-5.42980666e-01 4.85812328e-03 -1.38974129e-03 1.75077451e-03 -2.41216756e-03
-5.41661258e-01 4.85953371e-03 -1.38827481e-03 1.75845873e-03 -2.40848599e-03
-5.40340514e-01 4.86100188e-03 -1.38683646e-03 1.76617435e-03 -2.40482226e-03
-5.39018438e-01 4.86252719e-03 -1.38542605e-03 1.77392080e-03 -2.40117618e-03
-5.37695032e-01 4.86410905e-03 -1.38404341e-03 1.78169750e-03 -2.39754752e-03
-5.36370301e-01 4.86574687e-03 -1.38268834e-03 1.78950391e-03 -2.39393609e-03
-5.35044246e-01 4.86744007e-03 -1.38136062e-03 1.79733944e-03 -2.39034166e-03
-5.33716872e-01 4.86918806e-03 -1.38006006e-03 1.80520355e-03 -2.38676404e-03
-5.32388182e-01 4.87099025e-03 -1.37878645e-03 1.81309567e-03 -2.38320301e-03
-5.31058179e-01 4.87284606e-03 -1.37753956e-03 1.82101526e-03 -2.37965837e-03
-5.29726866e-01 4.87475492e-03 -1.37631917e-03 1.82896176e-03 -2.37612990e-03
-5.28394247e-01 4.87671623e-03 -1.37512506e-03 1.83693463e-03 -2.37261739e-03
-5.27060325e-01 4.87872943e-03 -1.37395699e-03 1.84493334e-03 -2.36912063e-03
-5.25725102e-01 4.88079393e-03 -1.37281472e-03 1.85295735e-03 -2.36563942e-03
-5.24388584e-01 4.88290918e-03 -1.37169802e-03 1.86100613e-03 -2.36217354e-03
-5.23050772e-01 4.88507459e-03 -1.37060664e-03 1.86907914e-03 -2.35872278e-03
-5.21711670e-01 4.88728961e-03 -1.36954032e-03 1.87717588e-03 -2.35528694e-03
-5.20371281e-01 4.88955368e-03 -1.36849881e-03 1.88529583e-03 -2.35186581e-03
-5.19029610e-01 4.89186622e-03 -1.36748186e-03 1.89343847e-03 -2.34845917e-03
-5.17686658e-01 4.89422669e-03 -1.36648921e-03 1.90160330e-03 -2.34506683e-03
-5.16342429e-01 4.89663454e-03 -1.36552058e-03 1.90978982e-03 -2.34168856e-03
-5.14996927e-01 4.89908921e-03 -1.36457571e-03 1.91799754e-03 -2.33832417e-03
-5.13650155e-01 4.90159017e-03 -1.36365433e-03 1.92622597e-03 -2.33497344e-03
-5.12302117e-01 4.90413688e-03 -1.36275616e-03 1.93447463e-03 -2.33163618e-03
-5.10952815e-01 4.90672879e-03 -1.36188092e-03 1.94274304e-03 -2.32831217e-03
-5.09602252e-01 4.90936538e-03 -1.36102833e-03 1.95103072e-03 -2.32500121e-03
-5.08250433e-01 4.91204613e-03 -1.36019812e-03 1.95933723e-03 -2.32170310e-03
-5.06897361e-01 4.91477052e-03 -1.35938999e-03 1.96766209e-03 -2.31841762e-03
-5.05543038e-01 4.91753802e-03 -1.35860365e-03 1.97600486e-03 -2.31514459e-03
-5.04187469e-01 4.92034813e-03 -1.35783881e-03 1.98436510e-03 -2.31188378e-03
-5.02830656e-01 4.92320034e-03 -1.35709519e-03 1.99274236e-03 -2.30863501e-03
-5.01472604e-01 4.92609415e-03 -1.35637248e-03 2.00113621e-03 -2.30539807e-03
-5.00113314e-01 4.92902907e-03 -1.35567039e-03 2.00954624e-03 -2.30217277e-03
-4.98752791e-01 4.93200461e-03 -1.35498862e-03 2.01797201e-03 -2.29895889e-03
-4.97391039e-01 4.93502029e-03 -1.35432687e-03 2.02641314e-03 -2.29575624e-03
-4.96028059e-01 4.93807564e-03 -1.35368484e-03 2.03486920e-03 -2.29256463e-03
-4.94663856e-01 4.94117017e-03 -1.35306223e-03 2.04333980e-03 -2.28938386e-03
-4.93298434e-01 4.94430343e-03 -1.35245873e-03 2.05182457e-03 -2.28621373e-03
-4.91931794e-01 4.94747496e-03 -1.35187404e-03 2.06032310e-03 -2.28305404e-03
-4.90563942e-01 4.95068430e-03 -1.35130785e-03 2.06883504e-03 -2.27990461e-03
-4.89194880e-01 4.95393102e-03 -1.35075985e-03 2.07736002e-03 -2.27676524e-03
-4.87824611e-01 4.95721467e-03 -1.35022974e-03 2.08589767e-03 -2.27363574e-03
-4.86453139e-01 4.96053483e-03 -1.34971721e-03 2.09444765e-03 -2.27051591e-03
-4.85080468e-01 4.96389106e-03 -1.34922196e-03 2.10300961e-03 -2.26740557e-03
-4.83706600e-01 4.96728296e-03 -1.34874366e-03 2.11158323e-03 -2.26430453e-03
-4.82331539e-01 4.97071010e-03 -1.34828202e-03 2.12016816e-03 -2.26121260e-03
-4.80955289e-01 4.97417210e-03 -1.34783673e-03 2.12876410e-03 -2.25812959e-03
-4.79577853e-01 4.97766854e-03 -1.34740747e-03 2.13737073e-03 -2.25505532e-03
-4.78199234e-01 4.98119905e-03 -1.34699395e-03 2.14598774e-03 -2.25198961e-03
-4.76819436e-01 4.98476324e-03 -1.34659584e-03 2.15461486e-03 -2.24893227e-03
-4.75438462e-01 4.98836074e-03 -1.34621285e-03 2.16325177e-03 -2.24588312e-03
-4.74056315e-01 4.99199117e-03 -1.34584466e-03 2.17189822e-03 -2.24284199e-03
-4.72672999e-01 4.99565419e-03 -1.34549097e-03 2.18055392e-03 -2.23980868e-03
-4.71288518e-01 4.99934944e-03 -1.34515147e-03 2.18921862e-03 -2.23678303e-03
-4.69902874e-01 5.00307658e-03 -1.34482587e-03 2.19789206e-03 -2.23376486e-03
-4.68516071e-01 5.00683528e-03 -1.34451384e-03 2.20657400e-03 -2.23075399e-03
-4.67128113e-01 5.01062520e-03 -1.34421510e-03 2.21526419e-03 -2.22775025e-03
-4.65739003e-01 5.01444602e-03 -1.34392934e-03 2.22396242e-03 -2.22475347e-03
-4.64348744e-01 5.01829744e-03 -1.34365625e-03 2.23266845e-03 -2.22176348e-03
-4.62957340e-01 5.02217915e-03 -1.34339555e-03 2.24138208e-03 -2.21878010e-03
-4.61564795e-01 5.02609086e-03 -1.34314692e-03 2.25010310e-03 -2.21580317e-03
-4.60171111e-01 5.03003228e-03 -1.34291008e-03 2.25883132e-03 -2.21283252e-03
-4.58776292e-01 5.03400313e-03 -1.34268473e-03 2.26756655e-03 -2.20986798e-03
-4.57380342e-01 5.03800313e-03 -1.34247058e-03 2.27630861e-03 -2.20690940e-03
-4.55983264e-01 5.04203203e-03 -1.34226733e-03 2.28505734e-03 -2.20395661e-03
-4.54585061e-01 5.04608958e-03 -1.34207470e-03 2.29381257e-03 -2.20100945e-03
-4.53185738e-01 5.05017552e-03 -1.34189240e-03 2.30257414e-03 -2.19806776e-03
-4.51785296e-01 5.05428962e-03 -1.34172014e-03 2.31134192e-03 -2.19513138e-03
-4.50383741e-01 5.05843165e-03 -1.34155765e-03 2.32011576e-03 -2.19220015e-03
-4.48981074e-01 5.06260139e-03 -1.34140463e-03 2.32889555e-03 -2.18927392e-03
-4.47577301e-01 5.06679862e-03 -1.34126081e-03 2.33768115e-03 -2.18635254e-03
-4.46172424e-01 5.07102315e-03 -1.34112592e-03 2.34647247e-03 -2.18343586e-03
-4.44766446e-01 5.07527477e-03 -1.34099968e-03 2.35526939e-03 -2.18052371e-03
-4.43359371e-01 5.07955331e-03 -1.34088181e-03 2.36407183e-03 -2.17761597e-03
-4.41951203e-01 5.08385857e-03 -1.34077206e-03 2.37287969e-03 -2.17471247e-03
-4.40541946e-01 5.08819039e-03 -1.34067015e-03 2.38169291e-03 -2.17181307e-03
-4.39131601e-01 5.09254862e-03 -1.34057582e-03 2.39051140e-03 -2.16891762e-03
-4.37720174e-01 5.09693309e-03 -1.34048881e-03 2.39933512e-03 -2.16602599e-03
-4.36307667e-01 5.10134365e-03 -1.34040886e-03 2.40816400e-03 -2.16313803e-03
-4.34894084e-01 5.10578019e-03 -1.34033571e-03 2.41699801e-03 -2.16025361e-03
-4.33479429e-01 5.11024256e-03 -1.34026912e-03 2.42583711e-03 -2.15737258e-03
-4.32063705e-01 5.11473064e-03 -1.34020884e-03 2.43468128e-03 -2.15449481e-03
-4.30646915e-01 5.11924433e-03 -1.34015461e-03 2.44353048e-03 -2.15162016e-03
-4.29229063e-01 5.12378352e-03 -1.34010620e-03 2.45238471e-03 -2.14874850e-03
-4.27810152e-01 5.12834812e-03 -1.34006337e-03 2.46124397e-03 -2.14587969e-03
-4.26390187e-01 5.13293804e-03 -1.34002588e-03 2.47010827e-03 -2.14301361e-03
-4.24969170e-01 5.13755321e-03 -1.33999349e-03 2.47897760e-03 -2.14015013e-03
-4.23547105e-01 5.14219354e-03 -1.33996598e-03 2.48785201e-03 -2.13728912e-03
-4.22123995e-01 5.14685900e-03 -1.33994311e-03 2.49673151e-03 -2.13443045e-03
-4.20699844e-01 5.15154951e-03 -1.33992468e-03 2.50561614e-03 -2.13157401e-03
-4.19274656e-01 5.15626503e-03 -1.33991045e-03 2.51450594e-03 -2.12871966e-03
-4.17848434e-01 5.16100554e-03 -1.33990021e-03 2.52340097e-03 -2.12586729e-03
-4.16421181e-01 5.16577099e-03 -1.33989375e-03 2.53230129e-03 -2.12301677e-03
-4.14992902e-01 5.17056138e-03 -1.33989085e-03 2.54120696e-03 -2.12016799e-03
-4.13563599e-01 5.17537668e-03 -1.33989132e-03 2.55011807e-03 -2.11732084e-03
-4.12133276e-01 5.18021689e-03 -1.33989494e-03 2.55903468e-03 -2.11447519e-03
-4.10701936e-01 5.18508202e-03 -1.33990153e-03 2.56795690e-03 -2.11163094e-03
-4.09269584e-01 5.18997208e-03 -1.33991088e-03 2.57688481e-03 -2.10878796e-03
-4.07836222e-01 5.19488708e-03 -1.33992281e-03 2.58581854e-03 -2.10594616e-03
-4.06401855e-01 5.19982706e-03 -1.33993713e-03 2.59475817e-03 -2.10310543e-03
-4.04966485e-01 5.20479205e-03 -1.33995365e-03 2.60370385e-03 -2.10026565e-03
-4.03530117e-01 5.20978209e-03 -1.33997219e-03 2.61265568e-03 -2.09742672e-03
-4.02092753e-01 5.21479723e-03 -1.33999258e-03 2.62161382e-03 -2.09458853e-03
-4.00654398e-01 5.21983754e-03 -1.34001465e-03 2.63057839e-03 -2.09175099e-03
-3.99215055e-01 5.22490307e-03 -1.34003822e-03 2.63954954e-03 -2.08891399e-03
-3.97774727e-01 5.22999390e-03 -1.34006313e-03 2.64852743e-03 -2.08607744e-03
-3.96333418e-01 5.23511010e-03 -1.34008923e-03 2.65751223e-03 -2.08324123e-03
-3.94891132e-01 5.24025178e-03 -1.34011635e-03 2.66650409e-03 -2.08040526e-03
-3.93447872e-01 5.24541902e-03 -1.34014434e-03 2.67550320e-03 -2.07756945e-03
-3.92003642e-01 5.25061192e-03 -1.34017305e-03 2.68450973e-03 -2.07473370e-03
-3.90558445e-01 5.25583060e-03 -1.34020234e-03 2.69352387e-03 -2.07189791e-03
-3.89112285e-01 5.26107516e-03 -1.34023206e-03 2.70254583e-03 -2.06906201e-03
-3.87665165e-01 5.26634575e-03 -1.34026208e-03 2.71157578e-03 -2.06622588e-03
-3.86217089e-01 5.27164247e-03 -1.34029226e-03 2.72061396e-03 -2.06338946e-03
-3.84768060e-01 5.27696548e-03 -1.34032247e-03 2.72966056e-03 -2.06055265e-03
-3.83318083e-01 5.28231492e-03 -1.34035259e-03 2.73871581e-03 -2.05771537e-03
-3.81867160e-01 5.28769093e-03 -1.34038250e-03 2.74777994e-03 -2.05487753e-03
-3.80415296e-01 5.29309368e-03 -1.34041207e-03 2.75685317e-03 -2.05203905e-03
-3.78962493e-01 5.29852333e-03 -1.34044120e-03 2.76593574e-03 -2.04919986e-03
-3.77508756e-01 5.30398005e-03 -1.34046977e-03 2.77502790e-03 -2.04635987e-03
-3.76054088e-01 5.30946401e-03 -1.34049767e-03 2.78412989e-03 -2.04351900e-03
-3.74598493e-01 5.31497541e-03 -1.34052480e-03 2.79324198e-03 -2.04067718e-03
-3.73141973e-01 5.32051442e-03 -1.34055107e-03 2.80236441e-03 -2.03783433e-03
-3.71684534e-01 5.32608125e-03 -1.34057638e-03 2.81149746e-03 -2.03499038e-03
-3.70226177e-01 5.33167610e-03 -1.34060064e-03 2.82064139e-03 -2.03214526e-03
-3.68766908e-01 5.33729918e-03 -1.34062376e-03 2.82979649e-03 -2.02929890e-03
-3.67306729e-01 5.34295070e-03 -1.34064565e-03 2.83896303e-03 -2.02645122e-03
-3.65845645e-01 5.34863087e-03 -1.34066624e-03 2.84814131e-03 -2.02360215e-03
-3.64383658e-01 5.35433993e-03 -1.34068545e-03 2.85733161e-03 -2.02075164e-03
-3.62920772e-01 5.36007811e-03 -1.34070321e-03 2.86653423e-03 -2.01789961e-03
-3.61456992e-01 5.36584564e-03 -1.34071945e-03 2.87574947e-03 -2.01504601e-03
-3.59992320e-01 5.37164277e-03 -1.34073411e-03 2.88497765e-03 -2.01219076e-03
-3.58526760e-01 5.37746974e-03 -1.34074712e-03 2.89421906e-03 -2.00933381e-03
-3.57060317e-01 5.38332681e-03 -1.34075843e-03 2.90347403e-03 -2.00647509e-03
-3.55592992e-01 5.38921423e-03 -1.34076798e-03 2.91274288e-03 -2.00361455e-03
-3.54124791e-01 5.39513227e-03 -1.34077573e-03 2.92202594e-03 -2.00075212e-03
-3.52655716e-01 5.40108120e-03 -1.34078162e-03 2.93132352e-03 -1.99788776e-03
-3.51185772e-01 5.40706128e-03 -1.34078562e-03 2.94063598e-03 -1.99502140e-03
-3.49714961e-01 5.41307281e-03 -1.34078768e-03 2.94996364e-03 -1.99215299e-03
-3.48243288e-01 5.41911605e-03 -1.34078777e-03 2.95930684e-03 -1.98928248e-03
-3.46770756e-01 5.42519131e-03 -1.34078585e-03 2.96866594e-03 -1.98640982e-03
-3.45297369e-01 5.43129887e-03 -1.34078190e-03 2.97804129e-03 -1.98353495e-03
-3.43823131e-01 5.43743902e-03 -1.34077589e-03 2.98743323e-03 -1.98065782e-03
-3.42348044e-01 5.44361208e-03 -1.34076780e-03 2.99684213e-03 -1.97777840e-03
-3.40872114e-01 5.44981834e-03 -1.34075761e-03 3.00626835e-03 -1.97489662e-03
-3.39395342e-01 5.45605812e-03 -1.34074531e-03 3.01571226e-03 -1.97201245e-03
-3.37917734e-01 5.46233173e-03 -1.34073087e-03 3.02517421e-03 -1.96912584e-03
-3.36439292e-01 5.46863948e-03 -1.34071430e-03 3.03465459e-03 -1.96623674e-03
-3.34960021e-01 5.47498171e-03 -1.34069559e-03 3.04415378e-03 -1.96334511e-03
-3.33479923e-01 5.48135873e-03 -1.34067473e-03 3.05367214e-03 -1.96045092e-03
-3.31999003e-01 5.48777088e-03 -1.34065173e-03 3.06321007e-03 -1.95755411e-03
-3.30517264e-01 5.49421849e-03 -1.34062658e-03 3.07276794e-03 -1.95465466e-03
-3.29034710e-01 5.50070190e-03 -1.34059930e-03 3.08234616e-03 -1.95175252e-03
-3.27551345e-01 5.50722145e-03 -1.34056989e-03 3.09194510e-03 -1.94884765e-03
-3.26067172e-01 5.51377747e-03 -1.34053837e-03 3.10156516e-03 -1.94594002e-03
-3.24582195e-01 5.52037033e-03 -1.34050475e-03 3.11120675e-03 -1.94302960e-03
-3.23096417e-01 5.52700037e-03 -1.34046906e-03 3.12087026e-03 -1.94011634e-03
-3.21609843e-01 5.53366794e-03 -1.34043130e-03 3.13055609e-03 -1.93720023e-03
-3.20122475e-01 5.54037341e-03 -1.34039151e-03 3.14026465e-03 -1.93428121e-03
-3.18634318e-01 5.54711712e-03 -1.34034971e-03 3.14999634e-03 -1.93135927e-03
-3.17145375e-01 5.55389946e-03 -1.34030593e-03 3.15975159e-03 -1.92843437e-03
-3.15655650e-01 5.56072077e-03 -1.34026021e-03 3.16953079e-03 -1.92550649e-03
-3.14165146e-01 5.56758143e-03 -1.34021257e-03 3.17933437e-03 -1.92257559e-03
-3.12673868e-01 5.57448181e-03 -1.34016306e-03 3.18916274e-03 -1.91964164e-03
-3.11181819e-01 5.58142229e-03 -1.34011172e-03 3.19901633e-03 -1.91670463e-03
-3.09689002e-01 5.58840324e-03 -1.34005858e-03 3.20889554e-03 -1.91376453e-03
-3.08195421e-01 5.59542504e-03 -1.34000369e-03 3.21880082e-03 -1.91082130e-03
-3.06701080e-01 5.60248807e-03 -1.33994711e-03 3.22873257e-03 -1.90787494e-03
-3.05205983e-01 5.60959271e-03 -1.33988887e-03 3.23869124e-03 -1.90492541e-03
-3.03710134e-01 5.61673935e-03 -1.33982903e-03 3.24867724e-03 -1.90197269e-03
-3.02213535e-01 5.62392838e-03 -1.33976764e-03 3.25869101e-03 -1.89901676e-03
-3.00716191e-01 5.63116019e-03 -1.33970476e-03 3.26873298e-03 -1.89605761e-03
-2.99218105e-01 5.63843517e-03 -1.33964045e-03 3.27880359e-03 -1.89309521e-03
-2.97719282e-01 5.64575370e-03 -1.33957476e-03 3.28890326e-03 -1.89012954e-03
-2.96219724e-01 5.65311620e-03 -1.33950776e-03 3.29903244e-03 -1.88716059e-03
-2.94719436e-01 5.66052305e-03 -1.33943952e-03 3.30919157e-03 -1.88418834e-03
-2.93218420e-01 5.66797465e-03 -1.33937010e-03 3.31938108e-03 -1.88121277e-03
-2.91716682e-01 5.67547140e-03 -1.33929956e-03 3.32960142e-03 -1.87823388e-03
-2.90214224e-01 5.68301371e-03 -1.33922797e-03 3.33985303e-03 -1.87525163e-03
-2.88711051e-01 5.69060197e-03 -1.33915542e-03 3.35013634e-03 -1.87226603e-03
-2.87207166e-01 5.69823659e-03 -1.33908196e-03 3.36045181e-03 -1.86927705e-03
-2.85702572e-01 5.70591798e-03 -1.33900768e-03 3.37079988e-03 -1.86628470e-03
-2.84197274e-01 5.71364655e-03 -1.33893266e-03 3.38118100e-03 -1.86328894e-03
-2.82691274e-01 5.72142269e-03 -1.33885696e-03 3.39159560e-03 -1.86028978e-03
-2.81184578e-01 5.72924682e-03 -1.33878066e-03 3.40204415e-03 -1.85728720e-03
-2.79677188e-01 5.73711935e-03 -1.33870386e-03 3.41252709e-03 -1.85428120e-03
-2.78169109e-01 5.74504069e-03 -1.33862663e-03 3.42304486e-03 -1.85127176e-03
-2.76660343e-01 5.75301125e-03 -1.33854905e-03 3.43359792e-03 -1.84825888e-03
-2.75150895e-01 5.76103145e-03 -1.33847121e-03 3.44418672e-03 -1.84524255e-03
-2.73640769e-01 5.76910169e-03 -1.33839320e-03 3.45481171e-03 -1.84222277e-03
-2.72129968e-01 5.77722239e-03 -1.33831510e-03 3.46547334e-03 -1.83919952e-03
-2.70618495e-01 5.78539396e-03 -1.33823700e-03 3.47617206e-03 -1.83617281e-03
-2.69106356e-01 5.79361682e-03 -1.33815898e-03 3.48690833e-03 -1.83314263e-03
-2.67593552e-01 5.80189139e-03 -1.33808115e-03 3.49768260e-03 -1.83010897e-03
-2.66080089e-01 5.81021808e-03 -1.33800358e-03 3.50849531e-03 -1.82707184e-03
-2.64565969e-01 5.81859730e-03 -1.33792638e-03 3.51934693e-03 -1.82403122e-03
-2.63051197e-01 5.82702947e-03 -1.33784964e-03 3.53023791e-03 -1.82098712e-03
-2.61535776e-01 5.83551501e-03 -1.33777344e-03 3.54116870e-03 -1.81793953e-03
-2.60019711e-01 5.84405433e-03 -1.33769788e-03 3.55213976e-03 -1.81488846e-03
-2.58503004e-01 5.85264786e-03 -1.33762306e-03 3.56315153e-03 -1.81183391e-03
-2.56985659e-01 5.86129600e-03 -1.33754907e-03 3.57420448e-03 -1.80877586e-03
-2.55467681e-01 5.86999918e-03 -1.33747602e-03 3.58529906e-03 -1.80571433e-03
-2.53949073e-01 5.87875781e-03 -1.33740399e-03 3.59643571e-03 -1.80264932e-03
-2.52429838e-01 5.88757230e-03 -1.33733308e-03 3.60761490e-03 -1.79958083e-03
-2.50909981e-01 5.89644309e-03 -1.33726339e-03 3.61883708e-03 -1.79650885e-03
-2.49389505e-01 5.90537057e-03 -1.33719502e-03 3.63010271e-03 -1.79343340e-03
-2.47868414e-01 5.91435517e-03 -1.33712807e-03 3.64141222e-03 -1.79035447e-03
-2.46346712e-01 5.92339730e-03 -1.33706263e-03 3.65276609e-03 -1.78727207e-03
-2.44824402e-01 5.93249739e-03 -1.33699880e-03 3.66416475e-03 -1.78418621e-03
-2.43301489e-01 5.94165583e-03 -1.33693669e-03 3.67560867e-03 -1.78109688e-03
-2.41777975e-01 5.95087306e-03 -1.33687638e-03 3.68709830e-03 -1.77800410e-03
-2.40253865e-01 5.96014948e-03 -1.33681799e-03 3.69863408e-03 -1.77490786e-03
-2.38729163e-01 5.96948551e-03 -1.33676160e-03 3.71021648e-03 -1.77180818e-03
-2.37203872e-01 5.97888156e-03 -1.33670732e-03 3.72184593e-03 -1.76870506e-03
-2.35677996e-01 5.98833805e-03 -1.33665525e-03 3.73352290e-03 -1.76559851e-03
-2.34151539e-01 5.99785538e-03 -1.33660548e-03 3.74524783e-03 -1.76248853e-03
-2.32624504e-01 6.00743398e-03 -1.33655811e-03 3.75702116e-03 -1.75937513e-03
-2.31096895e-01 6.01707424e-03 -1.33651325e-03 3.76884336e-03 -1.75625832e-03
-2.29568717e-01 6.02677658e-03 -1.33647098e-03 3.78071487e-03 -1.75313811e-03
-2.28039973e-01 6.03654141e-03 -1.33643140e-03 3.79263614e-03 -1.75001451e-03
-2.26510666e-01 6.04636915e-03 -1.33639462e-03 3.80460761e-03 -1.74688751e-03
-2.24980800e-01 6.05626019e-03 -1.33636072e-03 3.81662974e-03 -1.74375715e-03
-2.23450380e-01 6.06621495e-03 -1.33632981e-03 3.82870296e-03 -1.74062341e-03
-2.21919408e-01 6.07623383e-03 -1.33630198e-03 3.84082772e-03 -1.73748632e-03
-2.20387890e-01 6.08631724e-03 -1.33627732e-03 3.85300448e-03 -1.73434588e-03
-2.18855828e-01 6.09646558e-03 -1.33625593e-03 3.86523367e-03 -1.73120210e-03
-2.17323226e-01 6.10667927e-03 -1.33623790e-03 3.87751574e-03 -1.72805500e-03
-2.15790088e-01 6.11695869e-03 -1.33622332e-03 3.88985112e-03 -1.72490457e-03
-2.14256418e-01 6.12730426e-03 -1.33621229e-03 3.90224027e-03 -1.72175085e-03
-2.12722219e-01 6.13771637e-03 -1.33620489e-03 3.91468363e-03 -1.71859382e-03
-2.11187496e-01 6.14819543e-03 -1.33620123e-03 3.92718163e-03 -1.71543352e-03
-2.09652252e-01 6.15874184e-03 -1.33620137e-03 3.93973471e-03 -1.71226994e-03
-2.08116491e-01 6.16935599e-03 -1.33620543e-03 3.95234332e-03 -1.70910310e-03
-2.06580217e-01 6.18003829e-03 -1.33621347e-03 3.96500790e-03 -1.70593302e-03
-2.05043433e-01 6.19078912e-03 -1.33622559e-03 3.97772887e-03 -1.70275970e-03
-2.03506144e-01 6.20160889e-03 -1.33624187e-03 3.99050669e-03 -1.69958315e-03
-2.01968353e-01 6.21249799e-03 -1.33626239e-03 4.00334177e-03 -1.69640339e-03
-2.00430064e-01 6.22345681e-03 -1.33628725e-03 4.01623457e-03 -1.69322043e-03
-1.98891280e-01 6.23448575e-03 -1.33631652e-03 4.02918552e-03 -1.69003428e-03
-1.97352006e-01 6.24558520e-03 -1.33635027e-03 4.04219504e-03 -1.68684496e-03
-1.95812245e-01 6.25675554e-03 -1.33638860e-03 4.05526357e-03 -1.68365247e-03
-1.94272002e-01 6.26799717e-03 -1.33643157e-03 4.06839155e-03 -1.68045683e-03
-1.92731279e-01 6.27931048e-03 -1.33647926e-03 4.08157940e-03 -1.67725806e-03
-1.91190081e-01 6.29069586e-03 -1.33653175e-03 4.09482756e-03 -1.67405616e-03
-1.89648411e-01 6.30215368e-03 -1.33658911e-03 4.10813646e-03 -1.67085114e-03
-1.88106274e-01 6.31368434e-03 -1.33665142e-03 4.12150652e-03 -1.66764303e-03
-1.86563673e-01 6.32528822e-03 -1.33671874e-03 4.13493817e-03 -1.66443183e-03
-1.85020611e-01 6.33696570e-03 -1.33679113e-03 4.14843185e-03 -1.66121755e-03
-1.83477094e-01 6.34871716e-03 -1.33686868e-03 4.16198797e-03 -1.65800021e-03
-1.81933124e-01 6.36054299e-03 -1.33695145e-03 4.17560697e-03 -1.65477982e-03
-1.80388705e-01 6.37244357e-03 -1.33703949e-03 4.18928927e-03 -1.65155639e-03
-1.78843841e-01 6.38441928e-03 -1.33713287e-03 4.20303529e-03 -1.64832993e-03
-1.77298536e-01 6.39647048e-03 -1.33723165e-03 4.21684546e-03 -1.64510046e-03
-1.75752795e-01 6.40859757e-03 -1.33733589e-03 4.23072020e-03 -1.64186799e-03
-1.74206619e-01 6.42080091e-03 -1.33744565e-03 4.24465993e-03 -1.63863252e-03
-1.72660014e-01 6.43308089e-03 -1.33756098e-03 4.25866508e-03 -1.63539408e-03
-1.71112983e-01 6.44543787e-03 -1.33768193e-03 4.27273606e-03 -1.63215266e-03
-1.69565531e-01 6.45787222e-03 -1.33780856e-03 4.28687329e-03 -1.62890829e-03
-1.68017660e-01 6.47038433e-03 -1.33794091e-03 4.30107720e-03 -1.62566098e-03
-1.66469374e-01 6.48297456e-03 -1.33807904e-03 4.31534820e-03 -1.62241072e-03
-1.64920678e-01 6.49564328e-03 -1.33822299e-03 4.32968671e-03 -1.61915755e-03
-1.63371576e-01 6.50839086e-03 -1.33837280e-03 4.34409315e-03 -1.61590145e-03
-1.61822070e-01 6.52121767e-03 -1.33852851e-03 4.35856794e-03 -1.61264245e-03
-1.60272166e-01 6.53412408e-03 -1.33869017e-03 4.37311148e-03 -1.60938055e-03
-1.58721866e-01 6.54711045e-03 -1.33885780e-03 4.38772420e-03 -1.60611577e-03
-1.57171175e-01 6.56017715e-03 -1.33903146e-03 4.40240651e-03 -1.60284811e-03
-1.55620096e-01 6.57332454e-03 -1.33921116e-03 4.41715883e-03 -1.59957757e-03
-1.54068633e-01 6.58655300e-03 -1.33939694e-03 4.43198157e-03 -1.59630418e-03
-1.52516790e-01 6.59986287e-03 -1.33958883e-03 4.44687514e-03 -1.59302793e-03
-1.50964572e-01 6.61325453e-03 -1.33978686e-03 4.46183995e-03 -1.58974883e-03
-1.49411981e-01 6.62672833e-03 -1.33999105e-03 4.47687642e-03 -1.58646688e-03
-1.47859021e-01 6.64028465e-03 -1.34020143e-03 4.49198496e-03 -1.58318211e-03
-1.46305697e-01 6.65392383e-03 -1.34041801e-03 4.50716598e-03 -1.57989450e-03
-1.44752012e-01 6.66764624e-03 -1.34064081e-03 4.52241989e-03 -1.57660407e-03
-1.43197970e-01 6.68145224e-03 -1.34086985e-03 4.53774710e-03 -1.57331081e-03
-1.41643575e-01 6.69534218e-03 -1.34110514e-03 4.55314803e-03 -1.57001474e-03
-1.40088830e-01 6.70931643e-03 -1.34134669e-03 4.56862307e-03 -1.56671586e-03
-1.38533740e-01 6.72337535e-03 -1.34159451e-03 4.58417265e-03 -1.56341417e-03
-1.36978309e-01 6.73751928e-03 -1.34184862e-03 4.59979717e-03 -1.56010966e-03
-1.35422539e-01 6.75174859e-03 -1.34210900e-03 4.61549704e-03 -1.55680235e-03
-1.33866436e-01 6.76606363e-03 -1.34237567e-03 4.63127266e-03 -1.55349224e-03
-1.32310002e-01 6.78046477e-03 -1.34264862e-03 4.64712445e-03 -1.55017932e-03
-1.30753243e-01 6.79495234e-03 -1.34292786e-03 4.66305282e-03 -1.54686359e-03
-1.29196160e-01 6.80952672e-03 -1.34321337e-03 4.67905816e-03 -1.54354505e-03
-1.27638760e-01 6.82418825e-03 -1.34350515e-03 4.69514090e-03 -1.54022370e-03
-1.26081044e-01 6.83893729e-03 -1.34380319e-03 4.71130144e-03 -1.53689953e-03
-1.24523017e-01 6.85377420e-03 -1.34410748e-03 4.72754018e-03 -1.53357255e-03
-1.22964684e-01 6.86869933e-03 -1.34441800e-03 4.74385754e-03 -1.53024275e-03
-1.21406047e-01 6.88371302e-03 -1.34473473e-03 4.76025392e-03 -1.52691012e-03
-1.19847110e-01 6.89881565e-03 -1.34505767e-03 4.77672972e-03 -1.52357465e-03
-1.18287878e-01 6.91400756e-03 -1.34538677e-03 4.79328537e-03 -1.52023634e-03
-1.16728355e-01 6.92928910e-03 -1.34572202e-03 4.80992126e-03 -1.51689518e-03
-1.15168543e-01 6.94466063e-03 -1.34606340e-03 4.82663781e-03 -1.51355117e-03
-1.13608448e-01 6.96012251e-03 -1.34641088e-03 4.84343542e-03 -1.51020428e-03
-1.12048072e-01 6.97567509e-03 -1.34676441e-03 4.86031450e-03 -1.50685451e-03
-1.10487420e-01 6.99131872e-03 -1.34712398e-03 4.87727546e-03 -1.50350185e-03
-1.08926495e-01 7.00705376e-03 -1.34748953e-03 4.89431870e-03 -1.50014628e-03
-1.07365302e-01 7.02288056e-03 -1.34786104e-03 4.91144465e-03 -1.49678778e-03
-1.05803844e-01 7.03879948e-03 -1.34823847e-03 4.92865370e-03 -1.49342636e-03
-1.04242126e-01 7.05481087e-03 -1.34862176e-03 4.94594628e-03 -1.49006197e-03
-1.02680150e-01 7.07091509e-03 -1.34901088e-03 4.96332278e-03 -1.48669462e-03
-1.01117920e-01 7.08711251e-03 -1.34940577e-03 4.98078362e-03 -1.48332427e-03
-9.95554419e-02 7.10340346e-03 -1.34980639e-03 4.99832921e-03 -1.47995092e-03
-9.79927178e-02 7.11978832e-03 -1.35021268e-03 5.01595997e-03 -1.47657452e-03
-9.64297521e-02 7.13626744e-03 -1.35062459e-03 5.03367630e-03 -1.47319508e-03
-9.48665486e-02 7.15284118e-03 -1.35104205e-03 5.05147863e-03 -1.46981255e-03
-9.33031111e-02 7.16950989e-03 -1.35146502e-03 5.06936736e-03 -1.46642692e-03
-9.17394435e-02 7.18627395e-03 -1.35189342e-03 5.08734291e-03 -1.46303815e-03
-9.01755497e-02 7.20313371e-03 -1.35232719e-03 5.10540569e-03 -1.45964622e-03
-8.86114334e-02 7.22008953e-03 -1.35276627e-03 5.12355613e-03 -1.45625110e-03
-8.70470987e-02 7.23714177e-03 -1.35321058e-03 5.14179463e-03 -1.45285276e-03
-8.54825493e-02 7.25429081e-03 -1.35366006e-03 5.16012163e-03 -1.44945116e-03
-8.39177890e-02 7.27153700e-03 -1.35411463e-03 5.17853753e-03 -1.44604627e-03
-8.23528218e-02 7.28888071e-03 -1.35457421e-03 5.19704276e-03 -1.44263805e-03
-8.07876515e-02 7.30632231e-03 -1.35503873e-03 5.21563773e-03 -1.43922647e-03
-7.92222820e-02 7.32386217e-03 -1.35550810e-03 5.23432288e-03 -1.43581149e-03
-7.76567171e-02 7.34150065e-03 -1.35598224e-03 5.25309863e-03 -1.43239307e-03
-7.60909607e-02 7.35923814e-03 -1.35646107e-03 5.27196540e-03 -1.42897117e-03
-7.45250166e-02 7.37707499e-03 -1.35694450e-03 5.29092361e-03 -1.42554573e-03
-7.29588887e-02 7.39501159e-03 -1.35743244e-03 5.30997370e-03 -1.42211672e-03
-7.13925810e-02 7.41304831e-03 -1.35792480e-03 5.32911609e-03 -1.41868409e-03
-6.98260971e-02 7.43118553e-03 -1.35842149e-03 5.34835121e-03 -1.41524778e-03
-6.82594410e-02 7.44942362e-03 -1.35892241e-03 5.36767950e-03 -1.41180776e-03
-6.66926166e-02 7.46776297e-03 -1.35942746e-03 5.38710139e-03 -1.40836396e-03
-6.51256278e-02 7.48620396e-03 -1.35993654e-03 5.40661731e-03 -1.40491633e-03
-6.35584783e-02 7.50474698e-03 -1.36044956e-03 5.42622770e-03 -1.40146481e-03
-6.19911720e-02 7.52339240e-03 -1.36096640e-03 5.44593300e-03 -1.39800935e-03
-6.04237129e-02 7.54214062e-03 -1.36148697e-03 5.46573365e-03 -1.39454989e-03
-5.88561048e-02 7.56099203e-03 -1.36201115e-03 5.48563010e-03 -1.39108636e-03
-5.72883515e-02 7.57994701e-03 -1.36253884e-03 5.50562277e-03 -1.38761870e-03
-5.57204570e-02 7.59900597e-03 -1.36306992e-03 5.52571213e-03 -1.38414684e-03
-5.41524250e-02 7.61816930e-03 -1.36360428e-03 5.54589861e-03 -1.38067071e-03
-5.25842595e-02 7.63743740e-03 -1.36414181e-03 5.56618267e-03 -1.37719025e-03
-5.10159643e-02 7.65681066e-03 -1.36468239e-03 5.58656476e-03 -1.37370538e-03
-4.94475433e-02 7.67628950e-03 -1.36522590e-03 5.60704533e-03 -1.37021602e-03
-4.78790003e-02 7.69587432e-03 -1.36577223e-03 5.62762485e-03 -1.36672211e-03
-4.63103392e-02 7.71556553e-03 -1.36632124e-03 5.64830376e-03 -1.36322356e-03
-4.47415640e-02 7.73536354e-03 -1.36687283e-03 5.66908253e-03 -1.35972028e-03
-4.31726784e-02 7.75526876e-03 -1.36742685e-03 5.68996162e-03 -1.35621220e-03
-4.16036863e-02 7.77528161e-03 -1.36798319e-03 5.71094150e-03 -1.35269923e-03
-4.00345917e-02 7.79540251e-03 -1.36854172e-03 5.73202263e-03 -1.34918128e-03
-3.84653983e-02 7.81563188e-03 -1.36910230e-03 5.75320550e-03 -1.34565827e-03
-3.68961100e-02 7.83597015e-03 -1.36966482e-03 5.77449056e-03 -1.34213009e-03
-3.53267308e-02 7.85641774e-03 -1.37022913e-03 5.79587830e-03 -1.33859665e-03
-3.37572644e-02 7.87697510e-03 -1.37079510e-03 5.81736920e-03 -1.33505786e-03
-3.21877148e-02 7.89764265e-03 -1.37136260e-03 5.83896373e-03 -1.33151362e-03
-3.06180858e-02 7.91842083e-03 -1.37193149e-03 5.86066239e-03 -1.32796382e-03
-2.90483813e-02 7.93931008e-03 -1.37250163e-03 5.88246566e-03 -1.32440836e-03
-2.74786051e-02 7.96031086e-03 -1.37307288e-03 5.90437403e-03 -1.32084713e-03
-2.59087612e-02 7.98142360e-03 -1.37364512e-03 5.92638800e-03 -1.31728001e-03
-2.43388534e-02 8.00264876e-03 -1.37421818e-03 5.94850806e-03 -1.31370691e-03
-2.27688855e-02 8.02398680e-03 -1.37479194e-03 5.97073471e-03 -1.31012770e-03
-2.11988616e-02 8.04543818e-03 -1.37536625e-03 5.99306847e-03 -1.30654227e-03
-1.96287853e-02 8.06700336e-03 -1.37594096e-03 6.01550983e-03 -1.30295049e-03
-1.80586606e-02 8.08868280e-03 -1.37651593e-03 6.03805931e-03 -1.29935224e-03
-1.64884914e-02 8.11047699e-03 -1.37709102e-03 6.06071742e-03 -1.29574739e-03
-1.49182815e-02 8.13238640e-03 -1.37766608e-03 6.08348468e-03 -1.29213583e-03
-1.33480349e-02 8.15441150e-03 -1.37824095e-03 6.10636161e-03 -1.28851741e-03
-1.17777553e-02 8.17655278e-03 -1.37881550e-03 6.12934874e-03 -1.28489200e-03
-1.02074466e-02 8.19881073e-03 -1.37938958e-03 6.15244660e-03 -1.28125947e-03
-8.63711283e-03 8.22118584e-03 -1.37996303e-03 6.17565573e-03 -1.27761968e-03
-7.06675773e-03 8.24367862e-03 -1.38053571e-03 6.19897665e-03 -1.27397247e-03
-5.49638519e-03 8.26628956e-03 -1.38110746e-03 6.22240992e-03 -1.27031772e-03
-3.92599911e-03 8.28901917e-03 -1.38167814e-03 6.24595608e-03 -1.26665527e-03
-2.35560334e-03 8.31186797e-03 -1.38224759e-03 6.26961567e-03 -1.26298496e-03
-7.85201758e-04 8.33483646e-03 -1.38281566e-03 6.29338926e-03 -1.25930666e-03
7.85201758e-04 8.35792518e-03 -1.38338221e-03 6.31727741e-03 -1.25562019e-03
2.35560334e-03 8.38113465e-03 -1.38394707e-03 6.34128067e-03 -1.25192540e-03
3.92599911e-03 8.40446539e-03 -1.38451010e-03 6.36539963e-03 -1.24822213e-03
5.49638519e-03 8.42791796e-03 -1.38507114e-03 6.38963484e-03 -1.24451021e-03
7.06675773e-03 8.45149289e-03 -1.38563004e-03 6.41398689e-03 -1.24078947e-03
8.63711283e-03 8.47519072e-03 -1.38618666e-03 6.43845636e-03 -1.23705975e-03
1.02074466e-02 8.49901202e-03 -1.38674083e-03 6.46304385e-03 -1.23332086e-03
1.17777553e-02 8.52295734e-03 -1.38729240e-03 6.48774994e-03 -1.22957263e-03
1.33480349e-02 8.54702725e-03 -1.38784123e-03 6.51257523e-03 -1.22581488e-03
1.49182815e-02 8.57122232e-03 -1.38838715e-03 6.53752033e-03 -1.22204743e-03
1.64884914e-02 8.59554312e-03 -1.38893003e-03 6.56258584e-03 -1.21827008e-03
1.80586606e-02 8.61999024e-03 -1.38946970e-03 6.58777239e-03 -1.21448266e-03
1.96287853e-02 8.64456427e-03 -1.39000603e-03 6.61308059e-03 -1.21068496e-03
2.11988616e-02 8.66926580e-03 -1.39053884e-03 6.63851106e-03 -1.20687679e-03
2.27688855e-02 8.69409543e-03 -1.39106801e-03 6.66406444e-03 -1.20305795e-03
2.43388534e-02 8.71905377e-03 -1.39159337e-03 6.68974137e-03 -1.19922825e-03
2.59087612e-02 8.74414144e-03 -1.39211478e-03 6.71554248e-03 -1.19538747e-03
2.74786051e-02 8.76935905e-03 -1.39263209e-03 6.74146844e-03 -1.19153540e-03
2.90483813e-02 8.79470724e-03 -1.39314516e-03 6.76751989e-03 -1.18767184e-03
3.06180858e-02 8.82018663e-03 -1.39365383e-03 6.79369749e-03 -1.18379657e-03
3.21877148e-02 8.84579787e-03 -1.39415797e-03 6.82000192e-03 -1.17990937e-03
3.37572644e-02 8.87154161e-03 -1.39465743e-03 6.84643385e-03 -1.17601003e-03
3.53267308e-02 8.89741850e-03 -1.39515206e-03 6.87299396e-03 -1.17209831e-03
3.68961100e-02 8.92342921e-03 -1.39564172e-03 6.89968294e-03 -1.16817399e-03
3.84653983e-02 8.94957440e-03 -1.39612627e-03 6.92650148e-03 -1.16423685e-03
4.00345917e-02 8.97585475e-03 -1.39660558e-03 6.95345028e-03 -1.16028664e-03
4.16036863e-02 9.00227095e-03 -1.39707950e-03 6.98053006e-03 -1.15632313e-03
4.31726784e-02 9.02882368e-03 -1.39754789e-03 7.00774152e-03 -1.15234609e-03
4.47415640e-02 9.05551366e-03 -1.39801062e-03 7.03508540e-03 -1.14835526e-03
4.63103392e-02 9.08234158e-03 -1.39846756e-03 7.06256241e-03 -1.14435040e-03
4.78790003e-02 9.10930816e-03 -1.39891857e-03 7.09017331e-03 -1.14033127e-03
4.94475433e-02 9.13641413e-03 -1.39936353e-03 7.11791882e-03 -1.13629761e-03
5.10159643e-02 9.16366022e-03 -1.39980229e-03 7.14579971e-03 -1.13224916e-03
5.25842595e-02 9.19104716e-03 -1.40023474e-03 7.17381674e-03 -1.12818567e-03
5.41524250e-02 9.21857572e-03 -1.40066075e-03 7.20197067e-03 -1.12410688e-03
5.57204570e-02 9.24624663e-03 -1.40108020e-03 7.23026228e-03 -1.12001252e-03
5.72883515e-02 9.27406068e-03 -1.40149295e-03 7.25869235e-03 -1.11590232e-03
5.88561048e-02 9.30201863e-03 -1.40189890e-03 7.28726168e-03 -1.11177602e-03
6.04237129e-02 9.33012127e-03 -1.40229792e-03 7.31597106e-03 -1.10763333e-03
6.19911720e-02 9.35836938e-03 -1.40268990e-03 7.34482131e-03 -1.10347399e-03
6.35584783e-02 9.38676378e-03 -1.40307472e-03 7.37381324e-03 -1.09929771e-03
6.51256278e-02 9.41530527e-03 -1.40345228e-03 7.40294768e-03 -1.09510420e-03
6.66926166e-02 9.44399467e-03 -1.40382246e-03 7.43222546e-03 -1.09089319e-03
6.82594410e-02 9.47283281e-03 -1.40418516e-03 7.46164742e-03 -1.08666439e-03
6.98260971e-02 9.50182053e-03 -1.40454027e-03 7.49121443e-03 -1.08241750e-03
7.13925810e-02 9.53095867e-03 -1.40488769e-03 7.52092734e-03 -1.07815222e-03
7.29588887e-02 9.56024810e-03 -1.40522733e-03 7.55078702e-03 -1.07386827e-03
7.45250166e-02 9.58968968e-03 -1.40555908e-03 7.58079436e-03 -1.06956534e-03
7.60909607e-02 9.61928429e-03 -1.40588285e-03 7.61095023e-03 -1.06524312e-03
7.76567171e-02 9.64903282e-03 -1.40619855e-03 7.64125555e-03 -1.06090131e-03
7.92222820e-02 9.67893617e-03 -1.40650610e-03 7.67171123e-03 -1.05653961e-03
8.07876515e-02 9.70899524e-03 -1.40680540e-03 7.70231817e-03 -1.05215769e-03
8.23528218e-02 9.73921095e-03 -1.40709638e-03 7.73307732e-03 -1.04775525e-03
8.39177890e-02 9.76958424e-03 -1.40737896e-03 7.76398960e-03 -1.04333197e-03
8.54825493e-02 9.80011604e-03 -1.40765305e-03 7.79505597e-03 -1.03888752e-03
8.70470987e-02 9.83080730e-03 -1.40791860e-03 7.82627740e-03 -1.03442159e-03
8.86114334e-02 9.86165899e-03 -1.40817552e-03 7.85765484e-03 -1.02993385e-03
9.01755497e-02 9.89267208e-03 -1.40842375e-03 7.88918928e-03 -1.02542397e-03
9.17394435e-02 9.92384755e-03 -1.40866323e-03 7.92088172e-03 -1.02089162e-03
9.33031111e-02 9.95518640e-03 -1.40889389e-03 7.95273315e-03 -1.01633646e-03
9.48665486e-02 9.98668964e-03 -1.40911569e-03 7.98474459e-03 -1.01175817e-03
9.64297521e-02 1.00183583e-02 -1.40932857e-03 8.01691707e-03 -1.00715641e-03
9.79927178e-02 1.00501933e-02 -1.40953248e-03 8.04925162e-03 -1.00253083e-03
9.95554419e-02 1.00821959e-02 -1.40972738e-03 8.08174928e-03 -9.97881096e-04
1.01117920e-01 1.01143670e-02 -1.40991321e-03 8.11441112e-03 -9.93206856e-04
1.02680150e-01 1.01467076e-02 -1.41008996e-03 8.14723822e-03 -9.88507768e-04
1.04242126e-01 1.01792190e-02 -1.41025757e-03 8.18023164e-03 -9.83783480e-04
1.05803844e-01 1.02119021e-02 -1.41041602e-03 8.21339249e-03 -9.79033641e-04
1.07365302e-01 1.02447581e-02 -1.41056529e-03 8.24672187e-03 -9.74257899e-04
1.08926495e-01 1.02777880e-02 -1.41070535e-03 8.28022090e-03 -9.69455896e-04
1.10487420e-01 1.03109931e-02 -1.41083618e-03 8.31389072e-03 -9.64627277e-04
1.12048072e-01 1.03443744e-02 -1.41095777e-03 8.34773247e-03 -9.59771681e-04
1.13608448e-01 1.03779331e-02 -1.41107011e-03 8.38174729e-03 -9.54888746e-04
1.15168543e-01 1.04116704e-02 -1.41117319e-03 8.41593638e-03 -9.49978110e-04
1.16728355e-01 1.04455875e-02 -1.41126701e-03 8.45030089e-03 -9.45039407e-04
1.18287878e-01 1.04796855e-02 -1.41135157e-03 8.48484204e-03 -9.40072271e-04
1.19847110e-01 1.05139656e-02 -1.41142688e-03 8.51956103e-03 -9.35076333e-04
1.21406047e-01 1.05484291e-02 -1.41149296e-03 8.55445908e-03 -9.30051223e-04
1.22964684e-01 1.05830772e-02 -1.41154981e-03 8.58953742e-03 -9.24996570e-04
1.24523017e-01 1.06179112e-02 -1.41159745e-03 8.62479731e-03 -9.19912001e-04
1.26081044e-01 1.06529323e-02 -1.41163592e-03 8.66024000e-03 -9.14797141e-04
1.27638760e-01 1.06881417e-02 -1.41166523e-03 8.69586679e-03 -9.09651614e-04
1.29196160e-01 1.07235409e-02 -1.41168543e-03 8.73167894e-03 -9.04475045e-04
1.30753243e-01 1.07591310e-02 -1.41169655e-03 8.76767778e-03 -8.99267054e-04
1.32310002e-01 1.07949135e-02 -1.41169863e-03 8.80386461e-03 -8.94027262e-04
1.33866436e-01 1.08308896e-02 -1.41169173e-03 8.84024077e-03 -8.88755290e-04
1.35422539e-01 1.08670606e-02 -1.41167589e-03 8.87680762e-03 -8.83450755e-04
1.36978309e-01 1.09034281e-02 -1.41165117e-03 8.91356650e-03 -8.78113276e-04
1.38533740e-01 1.09399932e-02 -1.41161763e-03 8.95051881e-03 -8.72742471e-04
1.40088830e-01 1.09767575e-02 -1.41157534e-03 8.98766592e-03 -8.67337954e-04
1.41643575e-01 1.10137223e-02 -1.41152438e-03 9.02500926e-03 -8.61899343e-04
1.43197970e-01 1.10508890e-02 -1.41146481e-03 9.06255024e-03 -8.56426252e-04
1.44752012e-01 1.10882592e-02 -1.41139672e-03 9.10029030e-03 -8.50918297e-04
1.46305697e-01 1.11258342e-02 -1.41132019e-03 9.13823089e-03 -8.45375090e-04
1.47859021e-01 1.11636155e-02 -1.41123533e-03 9.17637349e-03 -8.39796247e-04
1.49411981e-01 1.12016046e-02 -1.41114221e-03 9.21471957e-03 -8.34181381e-04
1.50964572e-01 1.12398030e-02 -1.41104096e-03 9.25327064e-03 -8.28530107e-04
1.52516790e-01 1.12782122e-02 -1.41093166e-03 9.29202823e-03 -8.22842036e-04
1.54068633e-01 1.13168338e-02 -1.41081443e-03 9.33099385e-03 -8.17116784e-04
1.55620096e-01 1.13556693e-02 -1.41068940e-03 9.37016906e-03 -8.11353965e-04
1.57171175e-01 1.13947203e-02 -1.41055667e-03 9.40955542e-03 -8.05553191e-04
1.58721866e-01 1.14339884e-02 -1.41041638e-03 9.44915453e-03 -7.99714078e-04
1.60272166e-01 1.14734751e-02 -1.41026867e-03 9.48896797e-03 -7.93836241e-04
1.61822070e-01 1.15131821e-02 -1.41011365e-03 9.52899737e-03 -7.87919294e-04
1.63371576e-01 1.15531110e-02 -1.40995149e-03 9.56924436e-03 -7.81962855e-04
1.64920678e-01 1.15932635e-02 -1.40978233e-03 9.60971058e-03 -7.75966539e-04
1.66469374e-01 1.16336412e-02 -1.40960631e-03 9.65039771e-03 -7.69929965e-04
1.68017660e-01 1.16742458e-02 -1.40942360e-03 9.69130743e-03 -7.63852751e-04
1.69565531e-01 1.17150791e-02 -1.40923436e-03 9.73244144e-03 -7.57734516e-04
1.71112983e-01 1.17561427e-02 -1.40903876e-03 9.77380147e-03 -7.51574881e-04
1.72660014e-01 1.17974384e-02 -1.40883697e-03 9.81538925e-03 -7.45373469e-04
1.74206619e-01 1.18389680e-02 -1.40862918e-03 9.85720654e-03 -7.39129902e-04
1.75752795e-01 1.18807331e-02 -1.40841555e-03 9.89925510e-03 -7.32843805e-04
1.77298536e-01 1.19227357e-02 -1.40819629e-03 9.94153674e-03 -7.26514805e-04
1.78843841e-01 1.19649775e-02 -1.40797158e-03 9.98405326e-03 -7.20142529e-04
1.80388705e-01 1.20074604e-02 -1.40774163e-03 1.00268065e-02 -7.13726608e-04
1.81933124e-01 1.20501861e-02 -1.40750664e-03 1.00697983e-02 -7.07266673e-04
1.83477094e-01 1.20931566e-02 -1.40726682e-03 1.01130305e-02 -7.00762358e-04
1.85020611e-01 1.21363738e-02 -1.40702238e-03 1.01565050e-02 -6.94213299e-04
1.86563673e-01 1.21798395e-02 -1.40677355e-03 1.02002238e-02 -6.87619134e-04
1.88106274e-01 1.22235557e-02 -1.40652054e-03 1.02441886e-02 -6.80979503e-04
1.89648411e-01 1.22675243e-02 -1.40626359e-03 1.02884016e-02 -6.74294049e-04
1.91190081e-01 1.23117473e-02 -1.40600294e-03 1.03328645e-02 -6.67562419e-04
1.92731279e-01 1.23562266e-02 -1.40573882e-03 1.03775795e-02 -6.60784259e-04
1.94272002e-01 1.24009643e-02 -1.40547147e-03 1.04225485e-02 -6.53959222e-04
1.95812245e-01 1.24459623e-02 -1.40520115e-03 1.04677736e-02 -6.47086961e-04
1.97352006e-01 1.24912228e-02 -1.40492811e-03 1.05132567e-02 -6.40167133e-04
1.98891280e-01 1.25367477e-02 -1.40465262e-03 1.05589999e-02 -6.33199399e-04
2.00430064e-01 1.25825391e-02 -1.40437493e-03 1.06050053e-02 -6.26183422e-04
2.01968353e-01 1.26285992e-02 -1.40409531e-03 1.06512750e-02 -6.19118869e-04
2.03506144e-01 1.26749300e-02 -1.40381404e-03 1.06978112e-02 -6.12005411e-04
2.05043433e-01 1.27215337e-02 -1.40353139e-03 1.07446158e-02 -6.04842722e-04
2.06580217e-01 1.27684124e-02 -1.40324766e-03 1.07916912e-02 -5.97630480e-04
2.08116491e-01 1.28155684e-02 -1.40296312e-03 1.08390395e-02 -5.90368367e-04
2.09652252e-01 1.28630037e-02 -1.40267807e-03 1.08866629e-02 -5.83056068e-04
2.11187496e-01 1.29107207e-02 -1.40239280e-03 1.09345635e-02 -5.75693275e-04
2.12722219e-01 1.29587215e-02 -1.40210762e-03 1.09827437e-02 -5.68279681e-04
2.14256418e-01 1.30070084e-02 -1.40182284e-03 1.10312057e-02 -5.60814985e-04
2.15790088e-01 1.30555837e-02 -1.40153875e-03 1.10799518e-02 -5.53298891e-04
2.17323226e-01 1.31044497e-02 -1.40125569e-03 1.11289843e-02 -5.45731106e-04
2.18855828e-01 1.31536087e-02 -1.40097395e-03 1.11783054e-02 -5.38111344e-04
2.20387890e-01 1.32030630e-02 -1.40069388e-03 1.12279176e-02 -5.30439322e-04
2.21919408e-01 1.32528150e-02 -1.40041578e-03 1.12778232e-02 -5.22714762e-04
2.23450380e-01 1.33028670e-02 -1.40014000e-03 1.13280246e-02 -5.14937394e-04
2.24980800e-01 1.33532215e-02 -1.39986687e-03 1.13785241e-02 -5.07106949e-04
2.26510666e-01 1.34038809e-02 -1.39959672e-03 1.14293243e-02 -4.99223166e-04
2.28039973e-01 1.34548477e-02 -1.39932990e-03 1.14804275e-02 -4.91285790e-04
2.29568717e-01 1.35061242e-02 -1.39906675e-03 1.15318362e-02 -4.83294571e-04
2.31096895e-01 1.35577129e-02 -1.39880763e-03 1.15835530e-02 -4.75249263e-04
2.32624504e-01 1.36096165e-02 -1.39855288e-03 1.16355802e-02 -4.67149628e-04
2.34151539e-01 1.36618373e-02 -1.39830286e-03 1.16879206e-02 -4.58995434e-04
2.35677996e-01 1.37143780e-02 -1.39805792e-03 1.17405765e-02 -4.50786454e-04
2.37203872e-01 1.37672411e-02 -1.39781844e-03 1.17935506e-02 -4.42522468e-04
2.38729163e-01 1.38204292e-02 -1.39758478e-03 1.18468454e-02 -4.34203262e-04
2.40253865e-01 1.38739448e-02 -1.39735730e-03 1.19004637e-02 -4.25828629e-04
2.41777975e-01 1.39277907e-02 -1.39713637e-03 1.19544080e-02 -4.17398368e-04
2.43301489e-01 1.39819695e-02 -1.39692238e-03 1.20086809e-02 -4.08912286e-04
2.44824402e-01 1.40364838e-02 -1.39671569e-03 1.20632852e-02 -4.00370194e-04
2.46346712e-01 1.40913364e-02 -1.39651669e-03 1.21182236e-02 -3.91771913e-04
2.47868414e-01 1.41465299e-02 -1.39632576e-03 1.21734988e-02 -3.83117270e-04
2.49389505e-01 1.42020672e-02 -1.39614327e-03 1.22291134e-02 -3.74406099e-04
2.50909981e-01 1.42579508e-02 -1.39596963e-03 1.22850704e-02 -3.65638242e-04
2.52429838e-01 1.43141837e-02 -1.39580520e-03 1.23413725e-02 -3.56813547e-04
2.53949073e-01 1.43707686e-02 -1.39565040e-03 1.23980224e-02 -3.47931871e-04
2.55467681e-01 1.44277084e-02 -1.39550560e-03 1.24550230e-02 -3.38993077e-04
2.56985659e-01 1.44850058e-02 -1.39537120e-03 1.25123772e-02 -3.29997039e-04
2.58503004e-01 1.45426638e-02 -1.39524760e-03 1.25700879e-02 -3.20943635e-04
2.60019711e-01 1.46006852e-02 -1.39513519e-03 1.26281578e-02 -3.11832752e-04
2.61535776e-01 1.46590730e-02 -1.39503437e-03 1.26865900e-02 -3.02664288e-04
2.63051197e-01 1.47178300e-02 -1.39494553e-03 1.27453874e-02 -2.93438145e-04
2.64565969e-01 1.47769592e-02 -1.39486909e-03 1.28045529e-02 -2.84154235e-04
2.66080089e-01 1.48364637e-02 -1.39480543e-03 1.28640896e-02 -2.74812480e-04
2.67593552e-01 1.48963462e-02 -1.39475497e-03 1.29240003e-02 -2.65412809e-04
2.69106356e-01 1.49566100e-02 -1.39471810e-03 1.29842882e-02 -2.55955158e-04
2.70618495e-01 1.50172579e-02 -1.39469522e-03 1.30449562e-02 -2.46439474e-04
2.72129968e-01 1.50782931e-02 -1.39468674e-03 1.31060075e-02 -2.36865712e-04
2.73640769e-01 1.51397186e-02 -1.39469305e-03 1.31674450e-02 -2.27233836e-04
2.75150895e-01 1.52015376e-02 -1.39471457e-03 1.32292720e-02 -2.17543818e-04
2.76660343e-01 1.52637531e-02 -1.39475170e-03 1.32914916e-02 -2.07795640e-04
2.78169109e-01 1.53263683e-02 -1.39480482e-03 1.33541068e-02 -1.97989293e-04
2.79677188e-01 1.53893862e-02 -1.39487436e-03 1.34171208e-02 -1.88124778e-04
2.81184578e-01 1.54528102e-02 -1.39496070e-03 1.34805369e-02 -1.78202102e-04
2.82691274e-01 1.55166434e-02 -1.39506425e-03 1.35443582e-02 -1.68221285e-04
2.84197274e-01 1.55808890e-02 -1.39518540e-03 1.36085880e-02 -1.58182354e-04
2.85702572e-01 1.56455503e-02 -1.39532456e-03 1.36732295e-02 -1.48085348e-04
2.87207166e-01 1.57106304e-02 -1.39548211e-03 1.37382859e-02 -1.37930312e-04
2.88711051e-01 1.57761328e-02 -1.39565845e-03 1.38037606e-02 -1.27717303e-04
2.90214224e-01 1.58420606e-02 -1.39585398e-03 1.38696569e-02 -1.17446387e-04
2.91716682e-01 1.59084172e-02 -1.39606908e-03 1.39359781e-02 -1.07117641e-04
2.93218420e-01 1.59752060e-02 -1.39630414e-03 1.40027275e-02 -9.67311495e-05
2.94719436e-01 1.60424302e-02 -1.39655954e-03 1.40699085e-02 -8.62870081e-05
2.96219724e-01 1.61100934e-02 -1.39683567e-03 1.41375244e-02 -7.57853219e-05
2.97719282e-01 1.61781987e-02 -1.39713291e-03 1.42055788e-02 -6.52262062e-05
2.99218105e-01 1.62467498e-02 -1.39745164e-03 1.42740749e-02 -5.46097860e-05
3.00716191e-01 1.63157500e-02 -1.39779222e-03 1.43430163e-02 -4.39361963e-05
3.02213535e-01 1.63852027e-02 -1.39815504e-03 1.44124064e-02 -3.32055823e-05
3.03710134e-01 1.64551115e-02 -1.39854045e-03 1.44822486e-02 -2.24180990e-05
3.05205983e-01 1.65254798e-02 -1.39894881e-03 1.45525466e-02 -1.15739116e-05
3.06701080e-01 1.65963111e-02 -1.39938050e-03 1.46233037e-02 -6.73195262e-07
3.08195421e-01 1.66676090e-02 -1.39983585e-03 1.46945235e-02 1.02838646e-05
3.09689002e-01 1.67393770e-02 -1.40031523e-03 1.47662095e-02 2.12970724e-05
3.11181819e-01 1.68116187e-02 -1.40081898e-03 1.48383654e-02 3.23662227e-05
3.12673868e-01 1.68843376e-02 -1.40134743e-03 1.49109948e-02 4.34910997e-05
3.14165146e-01 1.69575374e-02 -1.40190093e-03 1.49841011e-02 5.46714775e-05
3.15655650e-01 1.70312216e-02 -1.40247980e-03 1.50576880e-02 6.59071201e-05
3.17145375e-01 1.71053940e-02 -1.40308436e-03 1.51317593e-02 7.71977813e-05
3.18634318e-01 1.71800581e-02 -1.40371495e-03 1.52063184e-02 8.85432049e-05
3.20122475e-01 1.72552177e-02 -1.40437187e-03 1.52813691e-02 9.99431245e-05
3.21609843e-01 1.73308764e-02 -1.40505542e-03 1.53569151e-02 1.11397264e-04
3.23096417e-01 1.74070379e-02 -1.40576591e-03 1.54329600e-02 1.22905336e-04
3.24582195e-01 1.74837059e-02 -1.40650363e-03 1.55095077e-02 1.34467044e-04
3.26067172e-01 1.75608842e-02 -1.40726887e-03 1.55865617e-02 1.46082083e-04
3.27551345e-01 1.76385765e-02 -1.40806191e-03 1.56641259e-02 1.57750135e-04
3.29034710e-01 1.77167866e-02 -1.40888302e-03 1.57422040e-02 1.69470874e-04
3.30517264e-01 1.77955183e-02 -1.40973246e-03 1.58207998e-02 1.81243964e-04
3.31999003e-01 1.78747754e-02 -1.41061050e-03 1.58999171e-02 1.93069059e-04
3.33479923e-01 1.79545617e-02 -1.41151738e-03 1.59795597e-02 2.04945803e-04
3.34960021e-01 1.80348810e-02 -1.41245334e-03 1.60597314e-02 2.16873830e-04
3.36439292e-01 1.81157372e-02 -1.41341862e-03 1.61404360e-02 2.28852766e-04
3.37917734e-01 1.81971341e-02 -1.41441343e-03 1.62216775e-02 2.40882226e-04
3.39395342e-01 1.82790756e-02 -1.41543800e-03 1.63034595e-02 2.52961815e-04
3.40872114e-01 1.83615656e-02 -1.41649253e-03 1.63857861e-02 2.65091130e-04
3.42348044e-01 1.84446080e-02 -1.41757721e-03 1.64686611e-02 2.77269760e-04
3.43823131e-01 1.85282066e-02 -1.41869224e-03 1.65520884e-02 2.89497281e-04
3.45297369e-01 1.86123656e-02 -1.41983778e-03 1.66360719e-02 3.01773262e-04
3.46770756e-01 1.86970887e-02 -1.42101402e-03 1.67206155e-02 3.14097265e-04
3.48243288e-01 1.87823799e-02 -1.42222109e-03 1.68057232e-02 3.26468840e-04
3.49714961e-01 1.88682432e-02 -1.42345915e-03 1.68913989e-02 3.38887530e-04
3.51185772e-01 1.89546826e-02 -1.42472833e-03 1.69776466e-02 3.51352868e-04
3.52655716e-01 1.90417021e-02 -1.42602876e-03 1.70644701e-02 3.63864381e-04
3.54124791e-01 1.91293057e-02 -1.42736055e-03 1.71518736e-02 3.76421585e-04
3.55592992e-01 1.92174974e-02 -1.42872380e-03 1.72398610e-02 3.89023990e-04
3.57060317e-01 1.93062811e-02 -1.43011859e-03 1.73284362e-02 4.01671096e-04
3.58526760e-01 1.93956611e-02 -1.43154501e-03 1.74176034e-02 4.14362397e-04
3.59992320e-01 1.94856412e-02 -1.43300312e-03 1.75073664e-02 4.27097377e-04
3.61456992e-01 1.95762256e-02 -1.43449298e-03 1.75977294e-02 4.39875516e-04
3.62920772e-01 1.96674184e-02 -1.43601462e-03 1.76886963e-02 4.52696283e-04
3.64383658e-01 1.97592236e-02 -1.43756807e-03 1.77802712e-02 4.65559143e-04
3.65845645e-01 1.98516452e-02 -1.43915334e-03 1.78724582e-02 4.78463551e-04
3.67306729e-01 1.99446875e-02 -1.44077043e-03 1.79652613e-02 4.91408957e-04
3.68766908e-01 2.00383545e-02 -1.44241934e-03 1.80586845e-02 5.04394805e-04
3.70226177e-01 2.01326504e-02 -1.44410003e-03 1.81527319e-02 5.17420531e-04
3.71684534e-01 2.02275792e-02 -1.44581246e-03 1.82474077e-02 5.30485566e-04
3.73141973e-01 2.03231451e-02 -1.44755658e-03 1.83427159e-02 5.43589334e-04
3.74598493e-01 2.04193522e-02 -1.44933231e-03 1.84386605e-02 5.56731256e-04
3.76054088e-01 2.05162047e-02 -1.45113958e-03 1.85352458e-02 5.69910743e-04
3.77508756e-01 2.06137068e-02 -1.45297827e-03 1.86324757e-02 5.83127206e-04
3.78962493e-01 2.07118626e-02 -1.45484829e-03 1.87303543e-02 5.96380047e-04
3.80415296e-01 2.08106762e-02 -1.45674948e-03 1.88288859e-02 6.09668666e-04
3.81867160e-01 2.09101520e-02 -1.45868172e-03 1.89280745e-02 6.22992457e-04
3.83318083e-01 2.10102939e-02 -1.46064484e-03 1.90279242e-02 6.36350809e-04
3.84768060e-01 2.11111064e-02 -1.46263865e-03 1.91284392e-02 6.49743110e-04
3.86217089e-01 2.12125934e-02 -1.46466297e-03 1.92296235e-02 6.63168743e-04
3.87665165e-01 2.13147593e-02 -1.46671759e-03 1.93314813e-02 6.76627087e-04
3.89112285e-01 2.14176083e-02 -1.46880227e-03 1.94340168e-02 6.90117519e-04
3.90558445e-01 2.15211445e-02 -1.47091677e-03 1.95372340e-02 7.03639413e-04
3.92003642e-01 2.16253722e-02 -1.47306084e-03 1.96411372e-02 7.17192140e-04
3.93447872e-01 2.17302956e-02 -1.47523419e-03 1.97457304e-02 7.30775070e-04
3.94891132e-01 2.18359189e-02 -1.47743652e-03 1.98510178e-02 7.44387572e-04
3.96333418e-01 2.19422464e-02 -1.47966753e-03 1.99570035e-02 7.58029012e-04
3.97774727e-01 2.20492823e-02 -1.48192688e-03 2.00636917e-02 7.71698755e-04
3.99215055e-01 2.21570308e-02 -1.48421422e-03 2.01710865e-02 7.85396166e-04
4.00654398e-01 2.22654962e-02 -1.48652918e-03 2.02791921e-02 7.99120611e-04
4.02092753e-01 2.23746828e-02 -1.48887138e-03 2.03880126e-02 8.12871453e-04
4.03530117e-01 2.24845947e-02 -1.49124041e-03 2.04975522e-02 8.26648059e-04
4.04966485e-01 2.25952362e-02 -1.49363585e-03 2.06078150e-02 8.40449794e-04
4.06401855e-01 2.27066116e-02 -1.49605726e-03 2.07188051e-02 8.54276025e-04
4.07836222e-01 2.28187251e-02 -1.49850416e-03 2.08305268e-02 8.68126122e-04
4.09269584e-01 2.29315811e-02 -1.50097610e-03 2.09429840e-02 8.81999455e-04
4.10701936e-01 2.30451836e-02 -1.50347255e-03 2.10561811e-02 8.95895398e-04
4.12133276e-01 2.31595371e-02 -1.50599301e-03 2.11701221e-02 9.09813327e-04
4.13563599e-01 2.32746458e-02 -1.50853693e-03 2.12848111e-02 9.23752621e-04
4.14992902e-01 2.33905138e-02 -1.51110375e-03 2.14002524e-02 9.37712664e-04
4.16421181e-01 2.35071456e-02 -1.51369290e-03 2.15164500e-02 9.51692843e-04
4.17848434e-01 2.36245453e-02 -1.51630377e-03 2.16334081e-02 9.65692549e-04
4.19274656e-01 2.37427173e-02 -1.51893575e-03 2.17511308e-02 9.79711181e-04
4.20699844e-01 2.38616657e-02 -1.52158819e-03 2.18696222e-02 9.93748140e-04
4.22123995e-01 2.39813949e-02 -1.52426044e-03 2.19888865e-02 1.00780284e-03
4.23547105e-01 2.41019091e-02 -1.52695181e-03 2.21089278e-02 1.02187468e-03
4.24969170e-01 2.42232126e-02 -1.52966159e-03 2.22297502e-02 1.03596310e-03
4.26390187e-01 2.43453096e-02 -1.53238908e-03 2.23513578e-02 1.05006752e-03
4.27810152e-01 2.44682045e-02 -1.53513352e-03 2.24737548e-02 1.06418738e-03
4.29229063e-01 2.45919014e-02 -1.53789415e-03 2.25969453e-02 1.07832212e-03
4.30646915e-01 2.47164047e-02 -1.54067018e-03 2.27209333e-02 1.09247121e-03
4.32063705e-01 2.48417186e-02 -1.54346081e-03 2.28457229e-02 1.10663409e-03
4.33479429e-01 2.49678474e-02 -1.54626521e-03 2.29713184e-02 1.12081025e-03
4.34894084e-01 2.50947954e-02 -1.54908252e-03 2.30977237e-02 1.13499918e-03
4.36307667e-01 2.52225667e-02 -1.55191188e-03 2.32249429e-02 1.14920036e-03
4.37720174e-01 2.53511657e-02 -1.55475239e-03 2.33529803e-02 1.16341330e-03
4.39131601e-01 2.54805966e-02 -1.55760314e-03 2.34818397e-02 1.17763753e-03
4.40541946e-01 2.56108637e-02 -1.56046320e-03 2.36115254e-02 1.19187257e-03
4.41951203e-01 2.57419713e-02 -1.56333160e-03 2.37420413e-02 1.20611797e-03
4.43359371e-01 2.58739235e-02 -1.56620737e-03 2.38733917e-02 1.22037328e-03
4.44766446e-01 2.60067248e-02 -1.56908950e-03 2.40055805e-02 1.23463809e-03
4.46172424e-01 2.61403792e-02 -1.57197698e-03 2.41386117e-02 1.24891197e-03
4.47577301e-01 2.62748912e-02 -1.57486875e-03 2.42724896e-02 1.26319454e-03
4.48981074e-01 2.64102649e-02 -1.57776376e-03 2.44072181e-02 1.27748540e-03
4.50383741e-01 2.65465046e-02 -1.58066091e-03 2.45428013e-02 1.29178421e-03
4.51785296e-01 2.66836146e-02 -1.58355910e-03 2.46792432e-02 1.30609060e-03
4.53185738e-01 2.68215990e-02 -1.58645719e-03 2.48165480e-02 1.32040425e-03
4.54585061e-01 2.69604623e-02 -1.58935403e-03 2.49547195e-02 1.33472486e-03
4.55983264e-01 2.71002086e-02 -1.59224845e-03 2.50937620e-02 1.34905212e-03
4.57380342e-01 2.72408422e-02 -1.59513924e-03 2.52336794e-02 1.36338577e-03
4.58776292e-01 2.73823674e-02 -1.59802520e-03 2.53744758e-02 1.37772556e-03
4.60171111e-01 2.75247884e-02 -1.60090507e-03 2.55161552e-02 1.39207125e-03
4.61564795e-01 2.76681094e-02 -1.60377761e-03 2.56587216e-02 1.40642264e-03
4.62957340e-01 2.78123349e-02 -1.60664152e-03 2.58021791e-02 1.42077955e-03
4.64348744e-01 2.79574689e-02 -1.60949551e-03 2.59465317e-02 1.43514180e-03
4.65739003e-01 2.81035159e-02 -1.61233824e-03 2.60917835e-02 1.44950925e-03
4.67128113e-01 2.82504799e-02 -1.61516837e-03 2.62379385e-02 1.46388180e-03
4.68516071e-01 2.83983655e-02 -1.61798454e-03 2.63850007e-02 1.47825934e-03
4.69902874e-01 2.85471767e-02 -1.62078534e-03 2.65329741e-02 1.49264182e-03
4.71288518e-01 2.86969180e-02 -1.62356939e-03 2.66818629e-02 1.50702919e-03
4.72672999e-01 2.88475935e-02 -1.62633523e-03 2.68316710e-02 1.52142145e-03
4.74056315e-01 2.89992076e-02 -1.62908143e-03 2.69824024e-02 1.53581859e-03
4.75438462e-01 2.91517646e-02 -1.63180651e-03 2.71340613e-02 1.55022068e-03
4.76819436e-01 2.93052688e-02 -1.63450897e-03 2.72866516e-02 1.56462777e-03
4.78199234e-01 2.94597245e-02 -1.63718731e-03 2.74401774e-02 1.57903997e-03
4.79577853e-01 2.96151360e-02 -1.63983999e-03 2.75946427e-02 1.59345741e-03
4.80955289e-01 2.97715076e-02 -1.64246546e-03 2.77500517e-02 1.60788025e-03
4.82331539e-01 2.99288437e-02 -1.64506214e-03 2.79064083e-02 1.62230869e-03
4.83706600e-01 3.00871486e-02 -1.64762845e-03 2.80637167e-02 1.63674294e-03
4.85080468e-01 3.02464267e-02 -1.65016278e-03 2.82219810e-02 1.65118327e-03
4.86453139e-01 3.04066823e-02 -1.65266348e-03 2.83812051e-02 1.66562997e-03
4.87824611e-01 3.05679198e-02 -1.65512892e-03 2.85413932e-02 1.68008336e-03
4.89194880e-01 3.07301436e-02 -1.65755742e-03 2.87025494e-02 1.69454381e-03
4.90563942e-01 3.08933581e-02 -1.65994730e-03 2.88646779e-02 1.70901170e-03
4.91931794e-01 3.10575677e-02 -1.66229685e-03 2.90277827e-02 1.72348747e-03
4.93298434e-01 3.12227769e-02 -1.66460435e-03 2.91918679e-02 1.73797160e-03
4.94663856e-01 3.13889900e-02 -1.66686806e-03 2.93569378e-02 1.75246458e-03
4.96028059e-01 3.15562116e-02 -1.66908622e-03 2.95229965e-02 1.76696696e-03
4.97391039e-01 3.17244460e-02 -1.67125705e-03 2.96900482e-02 1.78147933e-03
4.98752791e-01 3.18936979e-02 -1.67337876e-03 2.98580971e-02 1.79600230e-03
5.00113314e-01 3.20639718e-02 -1.67544954e-03 3.00271473e-02 1.81053655e-03
5.01472604e-01 3.22352721e-02 -1.67746757e-03 3.01972032e-02 1.82508278e-03
5.02830656e-01 3.24076034e-02 -1.67943100e-03 3.03682689e-02 1.83964172e-03
5.04187469e-01 3.25809704e-02 -1.68133797e-03 3.05403488e-02 1.85421418e-03
5.05543038e-01 3.27553775e-02 -1.68318662e-03 3.07134471e-02 1.86880098e-03
5.06897361e-01 3.29308296e-02 -1.68497505e-03 3.08875682e-02 1.88340300e-03
5.08250433e-01 3.31073311e-02 -1.68670136e-03 3.10627164e-02 1.89802116e-03
5.09602252e-01 3.32848869e-02 -1.68836363e-03 3.12388961e-02 1.91265642e-03
5.10952815e-01 3.34635015e-02 -1.68995993e-03 3.14161117e-02 1.92730980e-03
5.12302117e-01 3.36431799e-02 -1.69148833e-03 3.15943676e-02 1.94198234e-03
5.13650155e-01 3.38239267e-02 -1.69294685e-03 3.17736683e-02 1.95667516e-03
5.14996927e-01 3.40057467e-02 -1.69433352e-03 3.19540182e-02 1.97138941e-03
5.16342429e-01 3.41886449e-02 -1.69564637e-03 3.21354220e-02 1.98612628e-03
5.17686658e-01 3.43726262e-02 -1.69688340e-03 3.23178842e-02 2.00088703e-03
5.19029610e-01 3.45576953e-02 -1.69804259e-03 3.25014093e-02 2.01567295e-03
5.20371281e-01 3.47438574e-02 -1.69912194e-03 3.26860021e-02 2.03048540e-03
5.21711670e-01 3.49311174e-02 -1.70011941e-03 3.28716671e-02 2.04532576e-03
5.23050772e-01 3.51194803e-02 -1.70103296e-03 3.30584092e-02 2.06019550e-03
5.24388584e-01 3.53089514e-02 -1.70186054e-03 3.32462331e-02 2.07509612e-03
5.25725102e-01 3.54995357e-02 -1.70260009e-03 3.34351436e-02 2.09002917e-03
5.27060325e-01 3.56912384e-02 -1.70324955e-03 3.36251457e-02 2.10499627e-03
5.28394247e-01 3.58840648e-02 -1.70380684e-03 3.38162441e-02 2.11999907e-03
5.29726866e-01 3.60780202e-02 -1.70426986e-03 3.40084440e-02 2.13503929e-03
5.31058179e-01 3.62731100e-02 -1.70463654e-03 3.42017502e-02 2.15011872e-03
5.32388182e-01 3.64693395e-02 -1.70490477e-03 3.43961680e-02 2.16523917e-03
5.33716872e-01 3.66667143e-02 -1.70507244e-03 3.45917024e-02 2.18040253e-03
5.35044246e-01 3.68652398e-02 -1.70513745e-03 3.47883587e-02 2.19561075e-03
5.36370301e-01 3.70649218e-02 -1.70509768e-03 3.49861422e-02 2.21086582e-03
5.37695032e-01 3.72657658e-02 -1.70495100e-03 3.51850581e-02 2.22616980e-03
5.39018438e-01 3.74677777e-02 -1.70469529e-03 3.53851120e-02 2.24152482e-03
5.40340514e-01 3.76709631e-02 -1.70432842e-03 3.55863092e-02 2.25693303e-03
5.41661258e-01 3.78753281e-02 -1.70384826e-03 3.57886554e-02 2.27239669e-03
5.42980666e-01 3.80808786e-02 -1.70325266e-03 3.59921561e-02 2.28791808e-03
5.44298735e-01 3.82876206e-02 -1.70253950e-03 3.61968172e-02 2.30349955e-03
5.45615461e-01 3.84955602e-02 -1.70170663e-03 3.64026443e-02 2.31914354e-03
5.46930842e-01 3.87047037e-02 -1.70075191e-03 3.66096434e-02 2.33485251e-03
5.48244874e-01 3.89150574e-02 -1.69967320e-03 3.68178204e-02 2.35062900e-03
5.49557555e-01 3.91266276e-02 -1.69846836e-03 3.70271815e-02 2.36647562e-03
5.50868879e-01 3.93394208e-02 -1.69713526e-03 3.72377327e-02 2.38239503e-03
5.52178845e-01 3.95534437e-02 -1.69567175e-03 3.74494804e-02 2.39838996e-03
5.53487450e-01 3.97687028e-02 -1.69407571e-03 3.76624309e-02 2.41446321e-03
5.54794689e-01 3.99852050e-02 -1.69234498e-03 3.78765905e-02 2.43061763e-03
5.56100561e-01 4.02029571e-02 -1.69047746e-03 3.80919660e-02 2.44685614e-03
5.57405060e-01 4.04219661e-02 -1.68847101e-03 3.83085640e-02 2.46318173e-03
5.58708186e-01 4.06422392e-02 -1.68632351e-03 3.85263913e-02 2.47959745e-03
5.60009933e-01 4.08637835e-02 -1.68403286e-03 3.87454547e-02 2.49610643e-03
5.61310299e-01 4.10866064e-02 -1.68159693e-03 3.89657613e-02 2.51271183e-03
5.62609281e-01 4.13107153e-02 -1.67901363e-03 3.91873183e-02 2.52941692e-03
5.63906875e-01 4.15361178e-02 -1.67628086e-03 3.94101329e-02 2.54622500e-03
5.65203079e-01 4.17628216e-02 -1.67339655e-03 3.96342126e-02 2.56313947e-03
5.66497889e-01 4.19908346e-02 -1.67035860e-03 3.98595648e-02 2.58016377e-03
5.67791302e-01 4.22201648e-02 -1.66716497e-03 4.00861973e-02 2.59730142e-03
5.69083314e-01 4.24508201e-02 -1.66381358e-03 4.03141179e-02 2.61455601e-03
5.70373923e-01 4.26828089e-02 -1.66030239e-03 4.05433346e-02 2.63193119e-03
5.71663126e-01 4.29161397e-02 -1.65662937e-03 4.07738554e-02 2.64943069e-03
5.72950918e-01 4.31508208e-02 -1.65279250e-03 4.10056886e-02 2.66705829e-03
5.74237298e-01 4.33868611e-02 -1.64878977e-03 4.12388427e-02 2.68481785e-03
5.75522261e-01 4.36242694e-02 -1.64461919e-03 4.14733262e-02 2.70271330e-03
5.76805805e-01 4.38630547e-02 -1.64027876e-03 4.17091480e-02 2.72074863e-03
5.78087927e-01 4.41032262e-02 -1.63576654e-03 4.19463169e-02 2.73892792e-03
5.79368623e-01 4.43447933e-02 -1.63108058e-03 4.21848420e-02 2.75725529e-03
5.80647890e-01 4.45877655e-02 -1.62621893e-03 4.24247327e-02 2.77573496e-03
5.81925725e-01 4.48321525e-02 -1.62117970e-03 4.26659983e-02 2.79437118e-03
5.83202125e-01 4.50779642e-02 -1.61596098e-03 4.29086486e-02 2.81316832e-03
5.84477087e-01 4.53252107e-02 -1.61056089e-03 4.31526933e-02 2.83213076e-03
5.85750607e-01 4.55739022e-02 -1.60497760e-03 4.33981425e-02 2.85126301e-03
5.87022683e-01 4.58240493e-02 -1.59920924e-03 4.36450064e-02 2.87056959e-03
5.88293311e-01 4.60756625e-02 -1.59325403e-03 4.38932956e-02 2.89005515e-03
5.89562488e-01 4.63287528e-02 -1.58711016e-03 4.41430205e-02 2.90972435e-03
5.90830212e-01 4.65833312e-02 -1.58077586e-03 4.43941922e-02 2.92958197e-03
5.92096478e-01 4.68394091e-02 -1.57424940e-03 4.46468217e-02 2.94963282e-03
5.93361284e-01 4.70969979e-02 -1.56752905e-03 4.49009203e-02 2.96988181e-03
5.94624627e-01 4.73561093e-02 -1.56061312e-03 4.51564995e-02 2.99033389e-03
5.95886503e-01 4.76167555e-02 -1.55349994e-03 4.54135712e-02 3.01099409e-03
5.97146909e-01 4.78789484e-02 -1.54618787e-03 4.56721474e-02 3.03186753e-03
5.98405843e-01 4.81427007e-02 -1.53867529e-03 4.59322402e-02 3.05295936e-03
5.99663302e-01 4.84080249e-02 -1.53096063e-03 4.61938623e-02 3.07427482e-03
6.00919281e-01 4.86749341e-02 -1.52304233e-03 4.64570265e-02 3.09581922e-03
6.02173778e-01 4.89434413e-02 -1.51491886e-03 4.67217456e-02 3.11759793e-03
6.03426791e-01 4.92135600e-02 -1.50658872e-03 4.69880332e-02 3.13961638e-03
6.04678315e-01 4.94853040e-02 -1.49805046e-03 4.72559026e-02 3.16188008e-03
6.05928348e-01 4.97586872e-02 -1.48930265e-03 4.75253678e-02 3.18439461e-03
6.07176887e-01 5.00337239e-02 -1.48034388e-03 4.77964429e-02 3.20716560e-03
6.08423928e-01 5.03104286e-02 -1.47117280e-03 4.80691424e-02 3.23019875e-03
6.09669468e-01 5.05888161e-02 -1.46178807e-03 4.83434808e-02 3.25349982e-03
6.10913506e-01 5.08689016e-02 -1.45218841e-03 4.86194734e-02 3.27707467e-03
6.12156036e-01 5.11507004e-02 -1.44237256e-03 4.88971353e-02 3.30092916e-03
6.13397057e-01 5.14342283e-02 -1.43233929e-03 4.91764822e-02 3.32506928e-03
6.14636565e-01 5.17195012e-02 -1.42208744e-03 4.94575300e-02 3.34950104e-03
6.15874558e-01 5.20065356e-02 -1.41161585e-03 4.97402952e-02 3.37423053e-03
6.17111031e-01 5.22953481e-02 -1.40092342e-03 5.00247941e-02 3.39926389e-03
6.18345983e-01 5.25859556e-02 -1.39000909e-03 5.03110438e-02 3.42460734e-03
6.19579410e-01 5.28783755e-02 -1.37887184e-03 5.05990616e-02 3.45026713e-03
6.20811308e-01 5.31726254e-02 -1.36751068e-03 5.08888650e-02 3.47624961e-03
6.22041676e-01 5.34687233e-02 -1.35592468e-03 5.11804722e-02 3.50256116e-03
6.23270509e-01 5.37666876e-02 -1.34411295e-03 5.14739013e-02 3.52920822e-03
6.24497806e-01 5.40665370e-02 -1.33207463e-03 5.17691711e-02 3.55619730e-03
6.25723562e-01 5.43682905e-02 -1.31980892e-03 5.20663008e-02 3.58353497e-03
6.26947776e-01 5.46719676e-02 -1.30731505e-03 5.23653097e-02 3.61122783e-03
6.28170443e-01 5.49775880e-02 -1.29459231e-03 5.26662177e-02 3.63928257e-03
6.29391561e-01 5.52851721e-02 -1.28164004e-03 5.29690450e-02 3.66770591e-03
6.30611126e-01 5.55947402e-02 -1.26845761e-03 5.32738123e-02 3.69650462e-03
6.31829137e-01 5.59063135e-02 -1.25504444e-03 5.35805406e-02 3.72568555e-03
6.33045589e-01 5.62199133e-02 -1.24140003e-03 5.38892513e-02 3.75525558e-03
6.34260480e-01 5.65355613e-02 -1.22752389e-03 5.41999664e-02 3.78522164e-03
6.35473807e-01 5.68532798e-02 -1.21341560e-03 5.45127081e-02 3.81559071e-03
6.36685567e-01 5.71730914e-02 -1.19907478e-03 5.48274992e-02 3.84636984e-03
6.37895757e-01 5.74950190e-02 -1.18450112e-03 5.51443627e-02 3.87756610e-03
6.39104373e-01 5.78190863e-02 -1.16969435e-03 5.54633224e-02 3.90918662e-03
6.40311414e-01 5.81453170e-02 -1.15465425e-03 5.57844022e-02 3.94123857e-03
6.41516875e-01 5.84737356e-02 -1.13938066e-03 5.61076268e-02 3.97372917e-03
6.42720754e-01 5.88043668e-02 -1.12387347e-03 5.64330210e-02 4.00666567e-03
6.43923048e-01 5.91372359e-02 -1.10813263e-03 5.67606103e-02 4.04005539e-03
6.45123754e-01 5.94723687e-02 -1.09215813e-03 5.70904206e-02 4.07390565e-03
6.46322869e-01 5.98097914e-02 -1.07595005e-03 5.74224784e-02 4.10822384e-03
6.47520390e-01 6.01495306e-02 -1.05950849e-03 5.77568106e-02 4.14301738e-03
6.48716314e-01 6.04916135e-02 -1.04283362e-03 5.80934446e-02 4.17829372e-03
6.49910639e-01 6.08360678e-02 -1.02592568e-03 5.84324083e-02 4.21406035e-03
6.51103360e-01 6.11829217e-02 -1.00878495e-03 5.87737301e-02 4.25032480e-03
6.52294476e-01 6.15322038e-02 -9.91411781e-04 5.91174390e-02 4.28709461e-03
6.53483983e-01 6.18839433e-02 -9.73806576e-04 5.94635644e-02 4.32437739e-03
6.54671879e-01 6.22381700e-02 -9.55969802e-04 5.98121365e-02 4.36218073e-03
6.55858160e-01 6.25949141e-02 -9.37901986e-04 6.01631856e-02 4.40051229e-03
6.57042824e-01 6.29542063e-02 -9.19603716e-04 6.05167429e-02 4.43937973e-03
6.58225867e-01 6.33160780e-02 -9.01075638e-04 6.08728402e-02 4.47879076e-03
6.59407287e-01 6.36805611e-02 -8.82318465e-04 6.12315095e-02 4.51875307e-03
6.60587080e-01 6.40476879e-02 -8.63332968e-04 6.15927837e-02 4.55927442e-03
6.61765245e-01 6.44174915e-02 -8.44119984e-04 6.19566962e-02 4.60036256e-03
6.62941778e-01 6.47900054e-02 -8.24680410e-04 6.23232809e-02 4.64202527e-03
6.64116675e-01 6.51652637e-02 -8.05015209e-04 6.26925724e-02 4.68427034e-03
6.65289935e-01 6.55433012e-02 -7.85125406e-04 6.30646057e-02 4.72710557e-03
6.66461554e-01 6.59241532e-02 -7.65012093e-04 6.34394167e-02 4.77053879e-03
6.67631530e-01 6.63078556e-02 -7.44676424e-04 6.38170417e-02 4.81457782e-03
6.68799859e-01 6.66944449e-02 -7.24119619e-04 6.41975176e-02 4.85923052e-03
6.69966538e-01 6.70839582e-02 -7.03342964e-04 6.45808822e-02 4.90450471e-03
6.71131566e-01 6.74764332e-02 -6.82347809e-04 6.49671735e-02 4.95040826e-03
6.72294938e-01 6.78719085e-02 -6.61135572e-04 6.53564306e-02 4.99694902e-03
6.73456652e-01 6.82704228e-02 -6.39707735e-04 6.57486929e-02 5.04413485e-03
6.74616706e-01 6.86720160e-02 -6.18065849e-04 6.61440006e-02 5.09197360e-03
6.75775095e-01 6.90767283e-02 -5.96211531e-04 6.65423945e-02 5.14047313e-03
6.76931818e-01 6.94846006e-02 -5.74146463e-04 6.69439163e-02 5.18964129e-03
6.78086872e-01 6.98956745e-02 -5.51872396e-04 6.73486080e-02 5.23948592e-03
6.79240254e-01 7.03099924e-02 -5.29391149e-04 6.77565125e-02 5.29001485e-03
6.80391960e-01 7.07275971e-02 -5.06704606e-04 6.81676734e-02 5.34123592e-03
6.81541988e-01 7.11485324e-02 -4.83814722e-04 6.85821350e-02 5.39315692e-03
6.82690336e-01 7.15728425e-02 -4.60723518e-04 6.89999421e-02 5.44578565e-03
6.83837000e-01 7.20005724e-02 -4.37433083e-04 6.94211406e-02 5.49912990e-03
6.84981977e-01 7.24317679e-02 -4.13945574e-04 6.98457767e-02 5.55319742e-03
6.86125265e-01 7.28664754e-02 -3.90263217e-04 7.02738976e-02 5.60799595e-03
6.87266861e-01 7.33047420e-02 -3.66388304e-04 7.07055511e-02 5.66353320e-03
6.88406763e-01 7.37466156e-02 -3.42323199e-04 7.11407858e-02 5.71981686e-03
6.89544966e-01 7.41921448e-02 -3.18070332e-04 7.15796511e-02 5.77685459e-03
6.90681469e-01 7.46413790e-02 -2.93632200e-04 7.20221969e-02 5.83465401e-03
6.91816268e-01 7.50943681e-02 -2.69011371e-04 7.24684741e-02 5.89322272e-03
6.92949362e-01 7.55511631e-02 -2.44210479e-04 7.29185344e-02 5.95256827e-03
6.94080746e-01 7.60118154e-02 -2.19232227e-04 7.33724300e-02 6.01269820e-03
6.95210419e-01 7.64763775e-02 -1.94079388e-04 7.38302142e-02 6.07361997e-03
6.96338377e-01 7.69449024e-02 -1.68754799e-04 7.42919407e-02 6.13534102e-03
6.97464618e-01 7.74174440e-02 -1.43261368e-04 7.47576644e-02 6.19786875e-03
6.98589139e-01 7.78940569e-02 -1.17602069e-04 7.52274408e-02 6.26121051e-03
6.99711937e-01 7.83747966e-02 -9.17799445e-05 7.57013260e-02 6.32537358e-03
7.00833010e-01 7.88597193e-02 -6.57981043e-05 7.61793773e-02 6.39036520e-03
7.01952354e-01 7.93488821e-02 -3.96597247e-05 7.66616525e-02 6.45619257e-03
7.03069967e-01 7.98423428e-02 -1.33680492e-05 7.71482105e-02 6.52286281e-03
7.04185846e-01 8.03401599e-02 1.30736121e-05 7.76391106e-02 6.59038299e-03
7.05299989e-01 8.08423931e-02 3.96618826e-05 7.81344134e-02 6.65876010e-03
7.06412392e-01 8.13491024e-02 6.63933199e-05 7.86341801e-02 6.72800111e-03
7.07523053e-01 8.18603492e-02 9.32644157e-05 7.91384726e-02 6.79811286e-03
7.08631969e-01 8.23761952e-02 1.20271596e-04 7.96473540e-02 6.86910216e-03
7.09739137e-01 8.28967032e-02 1.47411223e-04 8.01608880e-02 6.94097575e-03
7.10844555e-01 8.34219369e-02 1.74679593e-04 8.06791391e-02 7.01374026e-03
7.11948220e-01 8.39519607e-02 2.02072939e-04 8.12021729e-02 7.08740227e-03
7.13050130e-01 8.44868399e-02 2.29587429e-04 8.17300557e-02 7.16196827e-03
7.14150280e-01 8.50266407e-02 2.57219168e-04 8.22628547e-02 7.23744466e-03
7.15248670e-01 8.55714301e-02 2.84964201e-04 8.28006381e-02 7.31383777e-03
7.16345296e-01 8.61212760e-02 3.12818506e-04 8.33434746e-02 7.39115381e-03
7.17440155e-01 8.66762472e-02 3.40778002e-04 8.38914343e-02 7.46939894e-03
7.18533244e-01 8.72364133e-02 3.68838548e-04 8.44445879e-02 7.54857918e-03
7.19624562e-01 8.78018448e-02 3.96995939e-04 8.50030069e-02 7.62870049e-03
7.20714105e-01 8.83726131e-02 4.25245912e-04 8.55667640e-02 7.70976870e-03
7.21801870e-01 8.89487905e-02 4.53584144e-04 8.61359324e-02 7.79178955e-03
7.22887856e-01 8.95304503e-02 4.82006255e-04 8.67105867e-02 7.87476868e-03
7.23972059e-01 9.01176664e-02 5.10507803e-04 8.72908019e-02 7.95871160e-03
7.25054476e-01 9.07105139e-02 5.39084293e-04 8.78766544e-02 8.04362374e-03
7.26135105e-01 9.13090687e-02 5.67731170e-04 8.84682210e-02 8.12951038e-03
7.27213943e-01 9.19134075e-02 5.96443825e-04 8.90655799e-02 8.21637672e-03
7.28290988e-01 9.25236080e-02 6.25217593e-04 8.96688099e-02 8.30422780e-03
7.29366237e-01 9.31397488e-02 6.54047754e-04 9.02779909e-02 8.39306856e-03
7.30439687e-01 9.37619096e-02 6.82929535e-04 9.08932036e-02 8.48290382e-03
7.31511336e-01 9.43901707e-02 7.11858111e-04 9.15145298e-02 8.57373825e-03
7.32581181e-01 9.50246134e-02 7.40828605e-04 9.21420520e-02 8.66557641e-03
7.33649219e-01 9.56653202e-02 7.69836087e-04 9.27758538e-02 8.75842272e-03
7.34715448e-01 9.63123741e-02 7.98875578e-04 9.34160198e-02 8.85228144e-03
7.35779864e-01 9.69658594e-02 8.27942052e-04 9.40626352e-02 8.94715673e-03
7.36842467e-01 9.76258612e-02 8.57030430e-04 9.47157866e-02 9.04305257e-03
7.37903252e-01 9.82924654e-02 8.86135591e-04 9.53755613e-02 9.13997283e-03
7.38962217e-01 9.89657590e-02 9.15252364e-04 9.60420475e-02 9.23792119e-03
7.40019360e-01 9.96458298e-02 9.44375533e-04 9.67153344e-02 9.33690122e-03
7.41074678e-01 1.00332767e-01 9.73499840e-04 9.73955122e-02 9.43691631e-03
7.42128168e-01 1.01026660e-01 1.00261998e-03 9.80826720e-02 9.53796971e-03
7.43179828e-01 1.01727599e-01 1.03173061e-03 9.87769058e-02 9.64006448e-03
7.44229655e-01 1.02435677e-01 1.06082635e-03 9.94783067e-02 9.74320357e-03
7.45277647e-01 1.03150985e-01 1.08990177e-03 1.00186969e-01 9.84738971e-03
7.46323801e-01 1.03873617e-01 1.11895139e-03 1.00902986e-01 9.95262549e-03
7.47368114e-01 1.04603669e-01 1.14796974e-03 1.01626456e-01 1.00589133e-02
7.48410585e-01 1.05341234e-01 1.17695125e-03 1.02357474e-01 1.01662555e-02
7.49451209e-01 1.06086410e-01 1.20589037e-03 1.03096138e-01 1.02746540e-02
7.50489985e-01 1.06839294e-01 1.23478147e-03 1.03842547e-01 1.03841108e-02
7.51526911e-01 1.07599984e-01 1.26361893e-03 1.04596801e-01 1.04946276e-02
7.52561982e-01 1.08368578e-01 1.29239707e-03 1.05359001e-01 1.06062059e-02
7.53595199e-01 1.09145178e-01 1.32111019e-03 1.06129246e-01 1.07188470e-02
7.54626556e-01 1.09929885e-01 1.34975256e-03 1.06907641e-01 1.08325520e-02
7.55656053e-01 1.10722799e-01 1.37831841e-03 1.07694289e-01 1.09473221e-02
7.56683685e-01 1.11524025e-01 1.40680197e-03 1.08489294e-01 1.10631578e-02
7.57709452e-01 1.12333665e-01 1.43519742e-03 1.09292761e-01 1.11800598e-02
7.58733350e-01 1.13151825e-01 1.46349894e-03 1.10104796e-01 1.12980284e-02
7.59755377e-01 1.13978611e-01 1.49170066e-03 1.10925507e-01 1.14170638e-02
7.60775531e-01 1.14814129e-01 1.51979671e-03 1.11755001e-01 1.15371660e-02
7.61793808e-01 1.15658486e-01 1.54778120e-03 1.12593388e-01 1.16583347e-02
7.62810206e-01 1.16511791e-01 1.57564821e-03 1.13440778e-01 1.17805695e-02
7.63824724e-01 1.17374153e-01 1.60339181e-03 1.14297281e-01 1.19038697e-02
7.64837357e-01 1.18245683e-01 1.63100607e-03 1.15163010e-01 1.20282343e-02
7.65848104e-01 1.19126491e-01 1.65848502e-03 1.16038076e-01 1.21536624e-02
7.66856963e-01 1.20016691e-01 1.68582269e-03 1.16922593e-01 1.22801526e-02
7.67863930e-01 1.20916394e-01 1.71301311e-03 1.17816677e-01 1.24077033e-02
7.68869004e-01 1.21825714e-01 1.74005028e-03 1.18720441e-01 1.25363128e-02
7.69872181e-01 1.22744767e-01 1.76692822e-03 1.19634003e-01 1.26659791e-02
7.70873460e-01 1.23673668e-01 1.79364091e-03 1.20557480e-01 1.27967001e-02
7.71872838e-01 1.24612534e-01 1.82018237e-03 1.21490989e-01 1.29284731e-02
7.72870312e-01 1.25561481e-01 1.84654656e-03 1.22434649e-01 1.30612957e-02
7.73865880e-01 1.26520628e-01 1.87272750e-03 1.23388580e-01 1.31951648e-02
7.74859540e-01 1.27490095e-01 1.89871917e-03 1.24352904e-01 1.33300773e-02
7.75851289e-01 1.28470000e-01 1.92451557e-03 1.25327740e-01 1.34660298e-02
7.76841124e-01 1.29460466e-01 1.95011070e-03 1.26313212e-01 1.36030187e-02
7.77829044e-01 1.30461613e-01 1.97549856e-03 1.27309442e-01 1.37410401e-02
7.78815045e-01 1.31473564e-01 2.00067316e-03 1.28316554e-01 1.38800900e-02
7.79799126e-01 1.32496442e-01 2.02562852e-03 1.29334674e-01 1.40201639e-02
7.80781283e-01 1.33530371e-01 2.05035869e-03 1.30363927e-01 1.41612572e-02
7.81761515e-01 1.34575476e-01 2.07485769e-03 1.31404438e-01 1.43033652e-02
7.82739819e-01 1.35631884e-01 2.09911960e-03 1.32456337e-01 1.44464826e-02
7.83716193e-01 1.36699719e-01 2.12313848e-03 1.33519749e-01 1.45906041e-02
7.84690634e-01 1.37779110e-01 2.14690843e-03 1.34594804e-01 1.47357242e-02
7.85663139e-01 1.38870185e-01 2.17042356e-03 1.35681632e-01 1.48818368e-02
7.86633708e-01 1.39973072e-01 2.19367800e-03 1.36780362e-01 1.50289360e-02
7.87602336e-01 1.41087901e-01 2.21666591e-03 1.37891126e-01 1.51770152e-02
7.88569022e-01 1.42214802e-01 2.23938147e-03 1.39014055e-01 1.53260679e-02
7.89533763e-01 1.43353905e-01 2.26181889e-03 1.40149282e-01 1.54760871e-02
7.90496556e-01 1.44505344e-01 2.28397239e-03 1.41296939e-01 1.56270657e-02
7.91457401e-01 1.45669249e-01 2.30583625e-03 1.42457162e-01 1.57789962e-02
7.92416293e-01 1.46845755e-01 2.32740476e-03 1.43630083e-01 1.59318709e-02
7.93373232e-01 1.48034995e-01 2.34867224e-03 1.44815839e-01 1.60856818e-02
7.94328214e-01 1.49237103e-01 2.36963307e-03 1.46014565e-01 1.62404208e-02
7.95281236e-01 1.50452215e-01 2.39028165e-03 1.47226398e-01 1.63960791e-02
7.96232298e-01 1.51680465e-01 2.41061242e-03 1.48451474e-01 1.65526482e-02
7.97181396e-01 1.52921991e-01 2.43061985e-03 1.49689932e-01 1.67101188e-02
7.98128528e-01 1.54176930e-01 2.45029847e-03 1.50941910e-01 1.68684818e-02
7.99073691e-01 1.55445418e-01 2.46964285e-03 1.52207546e-01 1.70277275e-02
8.00016884e-01 1.56727595e-01 2.48864760e-03 1.53486981e-01 1.71878459e-02
8.00958104e-01 1.58023598e-01 2.50730737e-03 1.54780354e-01 1.73488270e-02
8.01897349e-01 1.59333568e-01 2.52561689e-03 1.56087805e-01 1.75106603e-02
8.02834616e-01 1.60657643e-01 2.54357091e-03 1.57409477e-01 1.76733352e-02
8.03769903e-01 1.61995965e-01 2.56116425e-03 1.58745510e-01 1.78368406e-02
8.04703207e-01 1.63348673e-01 2.57839176e-03 1.60096047e-01 1.80011653e-02
8.05634528e-01 1.64715910e-01 2.59524839e-03 1.61461230e-01 1.81662977e-02
8.06563861e-01 1.66097817e-01 2.61172911e-03 1.62841203e-01 1.83322260e-02
8.07491206e-01 1.67494536e-01 2.62782895e-03 1.64236108e-01 1.84989382e-02
8.08416559e-01 1.68906211e-01 2.64354304e-03 1.65646091e-01 1.86664218e-02
8.09339918e-01 1.70332983e-01 2.65886653e-03 1.67071294e-01 1.88346643e-02
8.10261281e-01 1.71774997e-01 2.67379466e-03 1.68511863e-01 1.90036526e-02
8.11180646e-01 1.73232397e-01 2.68832273e-03 1.69967944e-01 1.91733736e-02
8.12098011e-01 1.74705327e-01 2.70244610e-03 1.71439680e-01 1.93438138e-02
8.13013373e-01 1.76193931e-01 2.71616021e-03 1.72927219e-01 1.95149594e-02
8.13926729e-01 1.77698354e-01 2.72946057e-03 1.74430706e-01 1.96867964e-02
8.14838079e-01 1.79218742e-01 2.74234278e-03 1.75950288e-01 1.98593104e-02
8.15747419e-01 1.80755240e-01 2.75480247e-03 1.77486111e-01 2.00324869e-02
8.16654747e-01 1.82307995e-01 2.76683540e-03 1.79038322e-01 2.02063110e-02
8.17560061e-01 1.83877151e-01 2.77843737e-03 1.80607068e-01 2.03807675e-02
8.18463359e-01 1.85462855e-01 2.78960427e-03 1.82192498e-01 2.05558410e-02
8.19364639e-01 1.87065254e-01 2.80033209e-03 1.83794757e-01 2.07315157e-02
8.20263897e-01 1.88684495e-01 2.81061688e-03 1.85413994e-01 2.09077758e-02
8.21161133e-01 1.90320723e-01 2.82045478e-03 1.87050357e-01 2.10846050e-02
8.22056344e-01 1.91974087e-01 2.82984203e-03 1.88703994e-01 2.12619867e-02
8.22949527e-01 1.93644733e-01 2.83877494e-03 1.90375052e-01 2.14399041e-02
8.23840681e-01 1.95332809e-01 2.84724992e-03 1.92063680e-01 2.16183401e-02
8.24729804e-01 1.97038461e-01 2.85526347e-03 1.93770026e-01 2.17972775e-02
8.25616892e-01 1.98761837e-01 2.86281217e-03 1.95494238e-01 2.19766986e-02
8.26501944e-01 2.00503085e-01 2.86989272e-03 1.97236465e-01 2.21565855e-02
8.27384958e-01 2.02262351e-01 2.87650189e-03 1.98996854e-01 2.23369201e-02
8.28265931e-01 2.04039782e-01 2.88263656e-03 2.00775553e-01 2.25176839e-02
8.29144862e-01 2.05835527e-01 2.88829371e-03 2.02572711e-01 2.26988584e-02
8.30021748e-01 2.07649732e-01 2.89347041e-03 2.04388476e-01 2.28804245e-02
8.30896587e-01 2.09482544e-01 2.89816383e-03 2.06222995e-01 2.30623631e-02
8.31769377e-01 2.11334110e-01 2.90237125e-03 2.08076416e-01 2.32446547e-02
8.32640115e-01 2.13204577e-01 2.90609006e-03 2.09948887e-01 2.34272796e-02
8.33508800e-01 2.15094091e-01 2.90931774e-03 2.11840555e-01 2.36102178e-02
8.34375430e-01 2.17002799e-01 2.91205189e-03 2.13751566e-01 2.37934491e-02
8.35240002e-01 2.18930847e-01 2.91429019e-03 2.15682068e-01 2.39769531e-02
8.36102514e-01 2.20878381e-01 2.91603048e-03 2.17632207e-01 2.41607090e-02
8.36962964e-01 2.22845546e-01 2.91727065e-03 2.19602129e-01 2.43446959e-02
8.37821349e-01 2.24832488e-01 2.91800875e-03 2.21591980e-01 2.45288926e-02
8.38677669e-01 2.26839351e-01 2.91824290e-03 2.23601906e-01 2.47132775e-02
8.39531921e-01 2.28866280e-01 2.91797138e-03 2.25632052e-01 2.48978291e-02
8.40384102e-01 2.30913420e-01 2.91719255e-03 2.27682562e-01 2.50825253e-02
8.41234210e-01 2.32980913e-01 2.91590489e-03 2.29753580e-01 2.52673441e-02
8.42082244e-01 2.35068903e-01 2.91410700e-03 2.31845250e-01 2.54522630e-02
8.42928201e-01 2.37177533e-01 2.91179761e-03 2.33957716e-01 2.56372594e-02
8.43772079e-01 2.39306945e-01 2.90897555e-03 2.36091119e-01 2.58223104e-02
8.44613877e-01 2.41457281e-01 2.90563977e-03 2.38245602e-01 2.60073931e-02
8.45453591e-01 2.43628681e-01 2.90178936e-03 2.40421306e-01 2.61924840e-02
8.46291221e-01 2.45821286e-01 2.89742351e-03 2.42618373e-01 2.63775598e-02
8.47126763e-01 2.48035237e-01 2.89254155e-03 2.44836941e-01 2.65625966e-02
8.47960216e-01 2.50270671e-01 2.88714291e-03 2.47077151e-01 2.67475706e-02
8.48791578e-01 2.52527729e-01 2.88122716e-03 2.49339141e-01 2.69324576e-02
8.49620847e-01 2.54806546e-01 2.87479399e-03 2.51623050e-01 2.71172332e-02
8.50448020e-01 2.57107261e-01 2.86784322e-03 2.53929013e-01 2.73018729e-02
8.51273096e-01 2.59430008e-01 2.86037479e-03 2.56257168e-01 2.74863521e-02
8.52096073e-01 2.61774925e-01 2.85238876e-03 2.58607649e-01 2.76706456e-02
8.52916948e-01 2.64142144e-01 2.84388534e-03 2.60980592e-01 2.78547285e-02
8.53735720e-01 2.66531800e-01 2.83486483e-03 2.63376130e-01 2.80385755e-02
8.54552386e-01 2.68944025e-01 2.82532770e-03 2.65794395e-01 2.82221609e-02
8.55366945e-01 2.71378951e-01 2.81527451e-03 2.68235519e-01 2.84054592e-02
8.56179395e-01 2.73836707e-01 2.80470598e-03 2.70699633e-01 2.85884446e-02
8.56989732e-01 2.76317425e-01 2.79362295e-03 2.73186865e-01 2.87710910e-02
8.57797957e-01 2.78821232e-01 2.78202637e-03 2.75697345e-01 2.89533722e-02
8.58604066e-01 2.81348256e-01 2.76991734e-03 2.78231200e-01 2.91352620e-02
8.59408057e-01 2.83898622e-01 2.75729709e-03 2.80788556e-01 2.93167338e-02
8.60209930e-01 2.86472457e-01 2.74416698e-03 2.83369537e-01 2.94977609e-02
8.61009680e-01 2.89069884e-01 2.73052849e-03 2.85974268e-01 2.96783167e-02
8.61807307e-01 2.91691025e-01 2.71638325e-03 2.88602871e-01 2.98583741e-02
8.62602809e-01 2.94336002e-01 2.70173299e-03 2.91255466e-01 3.00379062e-02
8.63396184e-01 2.97004935e-01 2.68657961e-03 2.93932174e-01 3.02168856e-02
8.64187429e-01 2.99697943e-01 2.67092511e-03 2.96633113e-01 3.03952851e-02
8.64976543e-01 3.02415143e-01 2.65477164e-03 2.99358400e-01 3.05730772e-02
8.65763524e-01 3.05156650e-01 2.63812146e-03 3.02108150e-01 3.07502343e-02
8.66548370e-01 3.07922581e-01 2.62097700e-03 3.04882477e-01 3.09267288e-02
8.67331079e-01 3.10713046e-01 2.60334078e-03 3.07681495e-01 3.11025328e-02
8.68111648e-01 3.13528158e-01 2.58521547e-03 3.10505313e-01 3.12776184e-02
8.68890077e-01 3.16368027e-01 2.56660386e-03 3.13354041e-01 3.14519577e-02
8.69666363e-01 3.19232761e-01 2.54750890e-03 3.16227787e-01 3.16255226e-02
8.70440504e-01 3.22122466e-01 2.52793363e-03 3.19126658e-01 3.17982848e-02
8.71212499e-01 3.25037248e-01 2.50788124e-03 3.22050756e-01 3.19702162e-02
8.71982345e-01 3.27977210e-01 2.48735506e-03 3.25000185e-01 3.21412883e-02
8.72750041e-01 3.30942453e-01 2.46635853e-03 3.27975047e-01 3.23114728e-02
8.73515584e-01 3.33933078e-01 2.44489522e-03 3.30975438e-01 3.24807411e-02
8.74278973e-01 3.36949181e-01 2.42296885e-03 3.34001458e-01 3.26490648e-02
8.75040206e-01 3.39990860e-01 2.40058324e-03 3.37053202e-01 3.28164153e-02
8.75799281e-01 3.43058208e-01 2.37774235e-03 3.40130761e-01 3.29827638e-02
8.76556196e-01 3.46151317e-01 2.35445027e-03 3.43234229e-01 3.31480818e-02
8.77310949e-01 3.49270279e-01 2.33071121e-03 3.46363695e-01 3.33123405e-02
8.78063539e-01 3.52415181e-01 2.30652951e-03 3.49519246e-01 3.34755112e-02
8.78813963e-01 3.55586110e-01 2.28190962e-03 3.52700967e-01 3.36375650e-02
8.79562220e-01 3.58783149e-01 2.25685614e-03 3.55908941e-01 3.37984733e-02
8.80308308e-01 3.62006381e-01 2.23137376e-03 3.59143250e-01 3.39582071e-02
8.81052225e-01 3.65255886e-01 2.20546732e-03 3.62403973e-01 3.41167377e-02
8.81793969e-01 3.68531742e-01 2.17914177e-03 3.65691187e-01 3.42740362e-02
8.82533538e-01 3.71834024e-01 2.15240218e-03 3.69004965e-01 3.44300739e-02
8.83270931e-01 3.75162806e-01 2.12525374e-03 3.72345380e-01 3.45848219e-02
8.84006145e-01 3.78518158e-01 2.09770175e-03 3.75712502e-01 3.47382515e-02
8.84739180e-01 3.81900150e-01 2.06975165e-03 3.79106399e-01 3.48903339e-02
8.85470032e-01 3.85308847e-01 2.04140896e-03 3.82527135e-01 3.50410404e-02
8.86198701e-01 3.88744314e-01 2.01267935e-03 3.85974774e-01 3.51903423e-02
8.86925184e-01 3.92206612e-01 1.98356858e-03 3.89449375e-01 3.53382109e-02
8.87649480e-01 3.95695800e-01 1.95408254e-03 3.92950997e-01 3.54846177e-02
8.88371587e-01 3.99211934e-01 1.92422721e-03 3.96479694e-01 3.56295341e-02
8.89091503e-01 4.02755069e-01 1.89400870e-03 4.00035519e-01 3.57729317e-02
8.89809227e-01 4.06325257e-01 1.86343322e-03 4.03618523e-01 3.59147821e-02
8.90524756e-01 4.09922545e-01 1.83250707e-03 4.07228752e-01 3.60550568e-02
8.91238089e-01 4.13546979e-01 1.80123669e-03 4.10866252e-01 3.61937278e-02
8.91949223e-01 4.17198605e-01 1.76962860e-03 4.14531063e-01 3.63307668e-02
8.92658159e-01 4.20877461e-01 1.73768942e-03 4.18223227e-01 3.64661458e-02
8.93364892e-01 4.24583586e-01 1.70542588e-03 4.21942778e-01 3.65998369e-02
8.94069423e-01 4.28317016e-01 1.67284481e-03 4.25689751e-01 3.67318121e-02
8.94771748e-01 4.32077782e-01 1.63995314e-03 4.29464176e-01 3.68620438e-02
8.95471867e-01 4.35865915e-01 1.60675788e-03 4.33266082e-01 3.69905044e-02
8.96169778e-01 4.39681440e-01 1.57326615e-03 4.37095493e-01 3.71171665e-02
8.96865478e-01 4.43524381e-01 1.53948516e-03 4.40952431e-01 3.72420026e-02
8.97558967e-01 4.47394759e-01 1.50542221e-03 4.44836916e-01 3.73649856e-02
8.98250242e-01 4.51292593e-01 1.47108467e-03 4.48748964e-01 3.74860885e-02
8.98939302e-01 4.55217895e-01 1.43648003e-03 4.52688587e-01 3.76052844e-02
8.99626145e-01 4.59170679e-01 1.40161584e-03 4.56655795e-01 3.77225467e-02
9.00310769e-01 4.63150952e-01 1.36649974e-03 4.60650595e-01 3.78378486e-02
9.00993173e-01 4.67158720e-01 1.33113945e-03 4.64672992e-01 3.79511640e-02
9.01673355e-01 4.71193986e-01 1.29554278e-03 4.68722984e-01 3.80624667e-02
9.02351313e-01 4.75256747e-01 1.25971760e-03 4.72800570e-01 3.81717306e-02
9.03027046e-01 4.79347001e-01 1.22367187e-03 4.76905743e-01 3.82789300e-02
9.03700552e-01 4.83464739e-01 1.18741360e-03 4.81038494e-01 3.83840393e-02
9.04371830e-01 4.87609952e-01 1.15095091e-03 4.85198811e-01 3.84870332e-02
9.05040876e-01 4.91782624e-01 1.11429194e-03 4.89386677e-01 3.85878865e-02
9.05707691e-01 4.95982738e-01 1.07744494e-03 4.93602073e-01 3.86865744e-02
9.06372273e-01 5.00210274e-01 1.04041819e-03 4.97844977e-01 3.87830721e-02
9.07034619e-01 5.04465207e-01 1.00322006e-03 5.02115363e-01 3.88773553e-02
9.07694728e-01 5.08747511e-01 9.65858957e-04 5.06413200e-01 3.89693997e-02
9.08352599e-01 5.13057153e-01 9.28343357e-04 5.10738455e-01 3.90591815e-02
9.09008229e-01 5.17394099e-01 8.90681789e-04 5.15091093e-01 3.91466770e-02
9.09661618e-01 5.21758311e-01 8.52882832e-04 5.19471073e-01 3.92318627e-02
9.10312763e-01 5.26149747e-01 8.14955119e-04 5.23878351e-01 3.93147156e-02
9.10961663e-01 5.30568363e-01 7.76907326e-04 5.28312880e-01 3.93952129e-02
9.11608317e-01 5.35014108e-01 7.38748178e-04 5.32774609e-01 3.94733319e-02
9.12252723e-01 5.39486932e-01 7.00486442e-04 5.37263483e-01 3.95490505e-02
9.12894879e-01 5.43986777e-01 6.62130923e-04 5.41779445e-01 3.96223467e-02
9.13534783e-01 5.48513584e-01 6.23690466e-04 5.46322431e-01 3.96931988e-02
9.14172435e-01 5.53067288e-01 5.85173951e-04 5.50892378e-01 3.97615856e-02
9.14807832e-01 5.57647824e-01 5.46590290e-04 5.55489214e-01 3.98274861e-02
9.15440973e-01 5.62255120e-01 5.07948426e-04 5.60112867e-01 3.98908796e-02
9.16071856e-01 5.66889100e-01 4.69257327e-04 5.64763261e-01 3.99517457e-02
9.16700480e-01 5.71549687e-01 4.30525989e-04 5.69440313e-01 4.00100645e-02
9.17326844e-01 5.76236798e-01 3.91763430e-04 5.74143940e-01 4.00658163e-02
9.17950945e-01 5.80950347e-01 3.52978684e-04 5.78874052e-01 4.01189819e-02
9.18572782e-01 5.85690242e-01 3.14180807e-04 5.83630559e-01 4.01695423e-02
9.19192354e-01 5.90456391e-01 2.75378865e-04 5.88413362e-01 4.02174790e-02
9.19809659e-01 5.95248695e-01 2.36581939e-04 5.93222362e-01 4.02627738e-02
9.20424696e-01 6.00067053e-01 1.97799115e-04 5.98057456e-01 4.03054089e-02
9.21037462e-01 6.04911358e-01 1.59039490e-04 6.02918534e-01 4.03453669e-02
9.21647958e-01 6.09781500e-01 1.20312160e-04 6.07805484e-01 4.03826308e-02
9.22256180e-01 6.14677366e-01 8.16262249e-05 6.12718191e-01 4.04171840e-02
9.22862128e-01 6.19598837e-01 4.29907803e-05 6.17656534e-01 4.04490102e-02
9.23465800e-01 6.24545793e-01 4.41491832e-06 6.22620389e-01 4.04780937e-02
9.24067195e-01 6.29518106e-01 -3.40922769e-05 6.27609628e-01 4.05044190e-02
9.24666310e-01 6.34515647e-01 -7.25217315e-05 6.32624118e-01 4.05279712e-02
9.25263146e-01 6.39538281e-01 -1.10864385e-04 6.37663724e-01 4.05487358e-02
9.25857699e-01 6.44585871e-01 -1.49111191e-04 6.42728304e-01 4.05666987e-02
9.26449969e-01 6.49658274e-01 -1.87253126e-04 6.47817714e-01 4.05818461e-02
9.27039955e-01 6.54755343e-01 -2.25281182e-04 6.52931806e-01 4.05941650e-02
9.27627654e-01 6.59876928e-01 -2.63186381e-04 6.58070426e-01 4.06036425e-02
9.28213065e-01 6.65022875e-01 -3.00959768e-04 6.63233417e-01 4.06102663e-02
9.28796187e-01 6.70193024e-01 -3.38592420e-04 6.68420619e-01 4.06140246e-02
9.29377019e-01 6.75387213e-01 -3.76075445e-04 6.73631866e-01 4.06149059e-02
9.29955559e-01 6.80605273e-01 -4.13399988e-04 6.78866988e-01 4.06128994e-02
9.30531805e-01 6.85847035e-01 -4.50557231e-04 6.84125812e-01 4.06079947e-02
9.31105757e-01 6.91112321e-01 -4.87538397e-04 6.89408160e-01 4.06001817e-02
9.31677412e-01 6.96400952e-01 -5.24334753e-04 6.94713849e-01 4.05894511e-02
9.32246769e-01 7.01712745e-01 -5.60937613e-04 7.00042694e-01 4.05757938e-02
9.32813828e-01 7.07047510e-01 -5.97338339e-04 7.05394504e-01 4.05592014e-02
9.33378586e-01 7.12405056e-01 -6.33528345e-04 7.10769084e-01 4.05396659e-02
9.33941042e-01 7.17785186e-01 -6.69499103e-04 7.16166235e-01 4.05171798e-02
9.34501195e-01 7.23187698e-01 -7.05242137e-04 7.21585754e-01 4.04917361e-02
9.35059043e-01 7.28612387e-01 -7.40749035e-04 7.27027434e-01 4.04633284e-02
9.35614585e-01 7.34059044e-01 -7.76011447e-04 7.32491062e-01 4.04319508e-02
9.36167820e-01 7.39527456e-01 -8.11021089e-04 7.37976424e-01 4.03975979e-02
9.36718746e-01 7.45017403e-01 -8.45769744e-04 7.43483298e-01 4.03602647e-02
9.37267362e-01 7.50528665e-01 -8.80249266e-04 7.49011460e-01 4.03199469e-02
9.37813667e-01 7.56061014e-01 -9.14451585e-04 7.54560682e-01 4.02766407e-02
9.38357658e-01 7.61614220e-01 -9.48368704e-04 7.60130730e-01 4.02303428e-02
9.38899336e-01 7.67188047e-01 -9.81992708e-04 7.65721368e-01 4.01810505e-02
9.39438698e-01 7.72782258e-01 -1.01531576e-03 7.71332354e-01 4.01287615e-02
9.39975743e-01 7.78396607e-01 -1.04833011e-03 7.76963443e-01 4.00734742e-02
9.40510470e-01 7.84030848e-01 -1.08102809e-03 7.82614385e-01 4.00151875e-02
9.41042878e-01 7.89684728e-01 -1.11340213e-03 7.88284925e-01 3.99539009e-02
9.41572965e-01 7.95357992e-01 -1.14544474e-03 7.93974805e-01 3.98896143e-02
9.42100730e-01 8.01050378e-01 -1.17714854e-03 7.99683764e-01 3.98223284e-02
9.42626171e-01 8.06761623e-01 -1.20850623e-03 8.05411534e-01 3.97520442e-02
9.43149288e-01 8.12491457e-01 -1.23951061e-03 8.11157844e-01 3.96787635e-02
9.43670079e-01 8.18239607e-01 -1.27015460e-03 8.16922419e-01 3.96024884e-02
9.44188542e-01 8.24005796e-01 -1.30043120e-03 8.22704980e-01 3.95232219e-02
9.44704677e-01 8.29789744e-01 -1.33033353e-03 8.28505244e-01 3.94409674e-02
9.45218483e-01 8.35591163e-01 -1.35985482e-03 8.34322923e-01 3.93557288e-02
9.45729957e-01 8.41409765e-01 -1.38898841e-03 8.40157726e-01 3.92675107e-02
9.46239099e-01 8.47245255e-01 -1.41772773e-03 8.46009356e-01 3.91763182e-02
9.46745907e-01 8.53097336e-01 -1.44606637e-03 8.51877513e-01 3.90821570e-02
9.47250380e-01 8.58965706e-01 -1.47399800e-03 8.57761894e-01 3.89850334e-02
9.47752518e-01 8.64850057e-01 -1.50151642e-03 8.63662190e-01 3.88849544e-02
9.48252318e-01 8.70750080e-01 -1.52861555e-03 8.69578090e-01 3.87819273e-02
9.48749779e-01 8.76665461e-01 -1.55528946e-03 8.75509276e-01 3.86759602e-02
9.49244901e-01 8.82595881e-01 -1.58153230e-03 8.81455429e-01 3.85670618e-02
9.49737681e-01 8.88541017e-01 -1.60733838e-03 8.87416225e-01 3.84552413e-02
9.50228120e-01 8.94500543e-01 -1.63270213e-03 8.93391335e-01 3.83405084e-02
9.50716215e-01 9.00474128e-01 -1.65761812e-03 8.99380426e-01 3.82228736e-02
9.51201965e-01 9.06461439e-01 -1.68208103e-03 9.05383163e-01 3.81023479e-02
9.51685370e-01 9.12462136e-01 -1.70608572e-03 9.11399206e-01 3.79789428e-02
9.52166428e-01 9.18475877e-01 -1.72962714e-03 9.17428210e-01 3.78526706e-02
9.52645137e-01 9.24502317e-01 -1.75270041e-03 9.23469828e-01 3.77235439e-02
9.53121497e-01 9.30541104e-01 -1.77530077e-03 9.29523707e-01 3.75915761e-02
9.53595507e-01 9.36591885e-01 -1.79742363e-03 9.35589493e-01 3.74567812e-02
9.54067164e-01 9.42654303e-01 -1.81906451e-03 9.41666826e-01 3.73191737e-02
9.54536469e-01 9.48727995e-01 -1.84021911e-03 9.47755342e-01 3.71787687e-02
9.55003420e-01 9.54812595e-01 -1.86088325e-03 9.53854675e-01 3.70355819e-02
9.55468016e-01 9.60907736e-01 -1.88105292e-03 9.59964454e-01 3.68896297e-02
9.55930255e-01 9.67013044e-01 -1.90072424e-03 9.66084305e-01 3.67409288e-02
9.56390137e-01 9.73128143e-01 -1.91989350e-03 9.72213850e-01 3.65894968e-02
9.56847660e-01 9.79252652e-01 -1.93855713e-03 9.78352707e-01 3.64353517e-02
9.57302823e-01 9.85386188e-01 -1.95671174e-03 9.84500492e-01 3.62785122e-02
9.57755626e-01 9.91528363e-01 -1.97435405e-03 9.90656814e-01 3.61189974e-02
9.58206066e-01 9.97678786e-01 -1.99148098e-03 9.96821283e-01 3.59568272e-02
9.58654144e-01 1.00383706e+00 -2.00808959e-03 1.00299350e+00 3.57920220e-02
9.59099857e-01 1.01000280e+00 -2.02417710e-03 1.00917307e+00 3.56246026e-02
9.59543205e-01 1.01617558e+00 -2.03974090e-03 1.01535959e+00 3.54545907e-02
9.59984187e-01 1.02235502e+00 -2.05477852e-03 1.02155265e+00 3.52820083e-02
9.60422801e-01 1.02854070e+00 -2.06928767e-03 1.02775185e+00 3.51068781e-02
9.60859046e-01 1.03473221e+00 -2.08326623e-03 1.03395676e+00 3.49292234e-02
9.61292922e-01 1.04092914e+00 -2.09671222e-03 1.04016698e+00 3.47490679e-02
9.61724427e-01 1.04713106e+00 -2.10962384e-03 1.04638209e+00 3.45664360e-02
9.62153561e-01 1.05333756e+00 -2.12199947e-03 1.05260165e+00 3.43813526e-02
9.62580321e-01 1.05954821e+00 -2.13383762e-03 1.05882526e+00 3.41938432e-02
9.63004708e-01 1.06576258e+00 -2.14513701e-03 1.06505248e+00 3.40039339e-02
9.63426720e-01 1.07198025e+00 -2.15589648e-03 1.07128287e+00 3.38116512e-02
9.63846355e-01 1.07820078e+00 -2.16611509e-03 1.07751601e+00 3.36170223e-02
9.64263614e-01 1.08442373e+00 -2.17579202e-03 1.08375145e+00 3.34200747e-02
9.64678495e-01 1.09064866e+00 -2.18492666e-03 1.08998876e+00 3.32208368e-02
9.65090997e-01 1.09687514e+00 -2.19351854e-03 1.09622749e+00 3.30193373e-02
9.65501118e-01 1.10310271e+00 -2.20156737e-03 1.10246719e+00 3.28156054e-02
9.65908859e-01 1.10933093e+00 -2.20907304e-03 1.10870743e+00 3.26096710e-02
9.66314217e-01 1.11555935e+00 -2.21603559e-03 1.11494774e+00 3.24015643e-02
9.66717192e-01 1.12178751e+00 -2.22245525e-03 1.12118767e+00 3.21913162e-02
9.67117784e-01 1.12801496e+00 -2.22833240e-03 1.12742676e+00 3.19789581e-02
9.67515990e-01 1.13424124e+00 -2.23366762e-03 1.13366456e+00 3.17645218e-02
9.67911810e-01 1.14046588e+00 -2.23846162e-03 1.13990060e+00 3.15480396e-02
9.68305243e-01 1.14668843e+00 -2.24271532e-03 1.14613442e+00 3.13295444e-02
9.68696288e-01 1.15290841e+00 -2.24642978e-03 1.15236555e+00 3.11090696e-02
9.69084944e-01 1.15912537e+00 -2.24960625e-03 1.15859353e+00 3.08866490e-02
9.69471210e-01 1.16533882e+00 -2.25224613e-03 1.16481788e+00 3.06623169e-02
9.69855086e-01 1.17154829e+00 -2.25435102e-03 1.17103812e+00 3.04361081e-02
9.70236569e-01 1.17775332e+00 -2.25592265e-03 1.17725379e+00 3.02080579e-02
9.70615660e-01 1.18395341e+00 -2.25696294e-03 1.18346440e+00 2.99782020e-02
9.70992357e-01 1.19014810e+00 -2.25747398e-03 1.18966947e+00 2.97465765e-02
9.71366659e-01 1.19633690e+00 -2.25745803e-03 1.19586853e+00 2.95132182e-02
9.71738566e-01 1.20251932e+00 -2.25691749e-03 1.20206108e+00 2.92781640e-02
9.72108076e-01 1.20869488e+00 -2.25585495e-03 1.20824665e+00 2.90414515e-02
9.72475189e-01 1.21486310e+00 -2.25427317e-03 1.21442474e+00 2.88031187e-02
9.72839904e-01 1.22102348e+00 -2.25217505e-03 1.22059486e+00 2.85632038e-02
9.73202220e-01 1.22717553e+00 -2.24956367e-03 1.22675653e+00 2.83217459e-02
9.73562135e-01 1.23331876e+00 -2.24644228e-03 1.23290925e+00 2.80787839e-02
9.73919650e-01 1.23945268e+00 -2.24281426e-03 1.23905252e+00 2.78343575e-02
9.74274762e-01 1.24557678e+00 -2.23868319e-03 1.24518586e+00 2.75885068e-02
9.74627472e-01 1.25169058e+00 -2.23405277e-03 1.25130876e+00 2.73412721e-02
9.74977778e-01 1.25779357e+00 -2.22892690e-03 1.25742072e+00 2.70926942e-02
9.75325680e-01 1.26388526e+00 -2.22330959e-03 1.26352125e+00 2.68428143e-02
9.75671177e-01 1.26996513e+00 -2.21720505e-03 1.26960984e+00 2.65916739e-02
9.76014267e-01 1.27603270e+00 -2.21061762e-03 1.27568599e+00 2.63393148e-02
9.76354950e-01 1.28208745e+00 -2.20355179e-03 1.28174919e+00 2.60857793e-02
9.76693226e-01 1.28812888e+00 -2.19601222e-03 1.28779895e+00 2.58311099e-02
9.77029093e-01 1.29415648e+00 -2.18800369e-03 1.29383476e+00 2.55753497e-02
9.77362550e-01 1.30016976e+00 -2.17953116e-03 1.29985610e+00 2.53185417e-02
9.77693597e-01 1.30616819e+00 -2.17059972e-03 1.30586248e+00 2.50607297e-02
9.78022233e-01 1.31215127e+00 -2.16121461e-03 1.31185338e+00 2.48019573e-02
9.78348456e-01 1.31811850e+00 -2.15138121e-03 1.31782830e+00 2.45422689e-02
9.78672267e-01 1.32406936e+00 -2.14110503e-03 1.32378673e+00 2.42817088e-02
9.78993665e-01 1.33000334e+00 -2.13039176e-03 1.32972814e+00 2.40203218e-02
9.79312648e-01 1.33591993e+00 -2.11924717e-03 1.33565205e+00 2.37581529e-02
9.79629216e-01 1.34181861e+00 -2.10767722e-03 1.34155793e+00 2.34952475e-02
9.79943368e-01 1.34769889e+00 -2.09568797e-03 1.34744527e+00 2.32316510e-02
9.80255103e-01 1.35356024e+00 -2.08328562e-03 1.35331356e+00 2.29674092e-02
9.80564421e-01 1.35940215e+00 -2.07047650e-03 1.35916228e+00 2.27025683e-02
9.80871321e-01 1.36522411e+00 -2.05726708e-03 1.36499094e+00 2.24371743e-02
9.81175801e-01 1.37102561e+00 -2.04366393e-03 1.37079901e+00 2.21712739e-02
9.81477862e-01 1.37680613e+00 -2.02967377e-03 1.37658598e+00 2.19049137e-02
9.81777503e-01 1.38256516e+00 -2.01530343e-03 1.38235135e+00 2.16381406e-02
9.82074722e-01 1.38830219e+00 -2.00055985e-03 1.38809459e+00 2.13710017e-02
9.82369519e-01 1.39401671e+00 -1.98545010e-03 1.39381520e+00 2.11035443e-02
9.82661894e-01 1.39970820e+00 -1.96998135e-03 1.39951266e+00 2.08358158e-02
9.82951845e-01 1.40537616e+00 -1.95416090e-03 1.40518647e+00 2.05678638e-02
9.83239372e-01 1.41102006e+00 -1.93799615e-03 1.41083611e+00 2.02997360e-02
9.83524474e-01 1.41663940e+00 -1.92149459e-03 1.41646108e+00 2.00314804e-02
9.83807150e-01 1.42223368e+00 -1.90466384e-03 1.42206086e+00 1.97631450e-02
9.84087401e-01 1.42780237e+00 -1.88751162e-03 1.42763494e+00 1.94947780e-02
9.84365224e-01 1.43334497e+00 -1.87004572e-03 1.43318282e+00 1.92264276e-02
9.84640620e-01 1.43886098e+00 -1.85227405e-03 1.43870400e+00 1.89581421e-02
9.84913588e-01 1.44434988e+00 -1.83420462e-03 1.44419796e+00 1.86899701e-02
9.85184126e-01 1.44981118e+00 -1.81584552e-03 1.44966419e+00 1.84219602e-02
9.85452235e-01 1.45524435e+00 -1.79720491e-03 1.45510220e+00 1.81541608e-02
9.85717914e-01 1.46064891e+00 -1.77829106e-03 1.46051149e+00 1.78866207e-02
9.85981162e-01 1.46602434e+00 -1.75911232e-03 1.46589154e+00 1.76193886e-02
9.86241978e-01 1.47137015e+00 -1.73967710e-03 1.47124186e+00 1.73525133e-02
9.86500362e-01 1.47668584e+00 -1.71999392e-03 1.47656195e+00 1.70860436e-02
9.86756313e-01 1.48197090e+00 -1.70007133e-03 1.48185131e+00 1.68200283e-02
9.87009830e-01 1.48722484e+00 -1.67991799e-03 1.48710945e+00 1.65545162e-02
9.87260914e-01 1.49244716e+00 -1.65954261e-03 1.49233587e+00 1.62895562e-02
9.87509562e-01 1.49763737e+00 -1.63895395e-03 1.49753008e+00 1.60251970e-02
9.87755776e-01 1.50279498e+00 -1.61816086e-03 1.50269158e+00 1.57614875e-02
9.87999553e-01 1.50791949e+00 -1.59717223e-03 1.50781989e+00 1.54984764e-02
9.88240894e-01 1.51301042e+00 -1.57599701e-03 1.51291452e+00 1.52362123e-02
9.88479797e-01 1.51806728e+00 -1.55464420e-03 1.51797499e+00 1.49747441e-02
9.88716263e-01 1.52308958e+00 -1.53312285e-03 1.52300080e+00 1.47141202e-02
9.88950290e-01 1.52807685e+00 -1.51144205e-03 1.52799148e+00 1.44543892e-02
9.89181879e-01 1.53302859e+00 -1.48961096e-03 1.53294655e+00 1.41955995e-02
9.89411028e-01 1.53794434e+00 -1.46763873e-03 1.53786553e+00 1.39377994e-02
9.89637737e-01 1.54282362e+00 -1.44553459e-03 1.54274795e+00 1.36810371e-02
9.89862005e-01 1.54766595e+00 -1.42330778e-03 1.54759334e+00 1.34253608e-02
9.90083833e-01 1.55247087e+00 -1.40096757e-03 1.55240122e+00 1.31708184e-02
9.90303218e-01 1.55723790e+00 -1.37852328e-03 1.55717113e+00 1.29174577e-02
9.90520161e-01 1.56196657e+00 -1.35598421e-03 1.56190260e+00 1.26653265e-02
9.90734662e-01 1.56665644e+00 -1.33335973e-03 1.56659517e+00 1.24144722e-02
9.90946719e-01 1.57130702e+00 -1.31065918e-03 1.57124839e+00 1.21649422e-02
9.91156332e-01 1.57591788e+00 -1.28789195e-03 1.57586179e+00 1.19167836e-02
9.91363501e-01 1.58048854e+00 -1.26506741e-03 1.58043493e+00 1.16700434e-02
9.91568226e-01 1.58501857e+00 -1.24219495e-03 1.58496735e+00 1.14247684e-02
9.91770504e-01 1.58950751e+00 -1.21928398e-03 1.58945860e+00 1.11810051e-02
9.91970337e-01 1.59395492e+00 -1.19634387e-03 1.59390825e+00 1.09387998e-02
9.92167724e-01 1.59836035e+00 -1.17338403e-03 1.59831585e+00 1.06981986e-02
9.92362663e-01 1.60272337e+00 -1.15041382e-03 1.60268096e+00 1.04592474e-02
9.92555155e-01 1.60704353e+00 -1.12744264e-03 1.60700315e+00 1.02219918e-02
9.92745200e-01 1.61132042e+00 -1.10447982e-03 1.61128198e+00 9.98647695e-03
9.92932796e-01 1.61555359e+00 -1.08153471e-03 1.61551704e+00 9.75274801e-03
9.93117944e-01 1.61974263e+00 -1.05861664e-03 1.61970790e+00 9.52084971e-03
9.93300642e-01 1.62388712e+00 -1.03573491e-03 1.62385413e+00 9.29082648e-03
9.93480891e-01 1.62798663e+00 -1.01289877e-03 1.62795533e+00 9.06272248e-03
9.93658689e-01 1.63204075e+00 -9.90117479e-04 1.63201108e+00 8.83658152e-03
9.93834037e-01 1.63604907e+00 -9.67400235e-04 1.63602096e+00 8.61244710e-03
9.94006934e-01 1.64001119e+00 -9.44756211e-04 1.63998458e+00 8.39036237e-03
9.94177380e-01 1.64392671e+00 -9.22194537e-04 1.64390154e+00 8.17037014e-03
9.94345374e-01 1.64779521e+00 -8.99724298e-04 1.64777143e+00 7.95251286e-03
9.94510915e-01 1.65161632e+00 -8.77354535e-04 1.65159387e+00 7.73683261e-03
9.94674004e-01 1.65538965e+00 -8.55094238e-04 1.65536847e+00 7.52337109e-03
9.94834640e-01 1.65911480e+00 -8.32952345e-04 1.65909484e+00 7.31216961e-03
9.94992823e-01 1.66279139e+00 -8.10937735e-04 1.66277261e+00 7.10326910e-03
9.95148552e-01 1.66641906e+00 -7.89059230e-04 1.66640139e+00 6.89671006e-03
9.95301826e-01 1.66999742e+00 -7.67325589e-04 1.66998082e+00 6.69253259e-03
9.95452646e-01 1.67352611e+00 -7.45745505e-04 1.67351053e+00 6.49077635e-03
9.95601011e-01 1.67700476e+00 -7.24327601e-04 1.67699016e+00 6.29148059e-03
9.95746921e-01 1.68043302e+00 -7.03080430e-04 1.68041935e+00 6.09468410e-03
9.95890375e-01 1.68381054e+00 -6.82012469e-04 1.68379775e+00 5.90042521e-03
9.96031373e-01 1.68713695e+00 -6.61132117e-04 1.68712501e+00 5.70874180e-03
9.96169914e-01 1.69041193e+00 -6.40447690e-04 1.69040079e+00 5.51967127e-03
9.96305999e-01 1.69363513e+00 -6.19967424e-04 1.69362475e+00 5.33325056e-03
9.96439627e-01 1.69680621e+00 -5.99699463e-04 1.69679655e+00 5.14951610e-03
9.96570797e-01 1.69992485e+00 -5.79651865e-04 1.69991588e+00 4.96850384e-03
9.96699510e-01 1.70299072e+00 -5.59832593e-04 1.70298240e+00 4.79024920e-03
9.96825765e-01 1.70600350e+00 -5.40249514e-04 1.70599579e+00 4.61478713e-03
9.96949561e-01 1.70896288e+00 -5.20910397e-04 1.70895575e+00 4.44215201e-03
9.97070899e-01 1.71186855e+00 -5.01822911e-04 1.71186196e+00 4.27237772e-03
9.97189778e-01 1.71472020e+00 -4.82994617e-04 1.71471413e+00 4.10549760e-03
9.97306197e-01 1.71751754e+00 -4.64432972e-04 1.71751196e+00 3.94154444e-03
9.97420157e-01 1.72026027e+00 -4.46145322e-04 1.72025514e+00 3.78055047e-03
9.97531657e-01 1.72294811e+00 -4.28138903e-04 1.72294341e+00 3.62254737e-03
9.97640697e-01 1.72558077e+00 -4.10420832e-04 1.72557647e+00 3.46756625e-03
9.97747277e-01 1.72815797e+00 -3.92998112e-04 1.72815405e+00 3.31563764e-03
9.97851396e-01 1.73067945e+00 -3.75877624e-04 1.73067588e+00 3.16679149e-03
9.97953055e-01 1.73314494e+00 -3.59066128e-04 1.73314169e+00 3.02105716e-03
9.98052252e-01 1.73555418e+00 -3.42570256e-04 1.73555124e+00 2.87846341e-03
9.98148988e-01 1.73790691e+00 -3.26396517e-04 1.73790425e+00 2.73903841e-03
9.98243262e-01 1.74020289e+00 -3.10551286e-04 1.74020049e+00 2.60280969e-03
9.98335074e-01 1.74244188e+00 -2.95040809e-04 1.74243972e+00 2.46980420e-03
9.98424424e-01 1.74462363e+00 -2.79871195e-04 1.74462169e+00 2.34004823e-03
9.98511312e-01 1.74674791e+00 -2.65048420e-04 1.74674618e+00 2.21356748e-03
9.98595738e-01 1.74881451e+00 -2.50578317e-04 1.74881297e+00 2.09038698e-03
9.98677701e-01 1.75082320e+00 -2.36466581e-04 1.75082183e+00 1.97053113e-03
9.98757201e-01 1.75277376e+00 -2.22718764e-04 1.75277255e+00 1.85402369e-03
9.98834237e-01 1.75466600e+00 -2.09340272e-04 1.75466493e+00 1.74088776e-03
9.98908811e-01 1.75649970e+00 -1.96336363e-04 1.75649877e+00 1.63114578e-03
9.98980921e-01 1.75827468e+00 -1.83712150e-04 1.75827386e+00 1.52481953e-03
9.99050567e-01 1.75999074e+00 -1.71472592e-04 1.75999003e+00 1.42193012e-03
9.99117750e-01 1.76164771e+00 -1.59622496e-04 1.76164710e+00 1.32249798e-03
9.99182468e-01 1.76324540e+00 -1.48166515e-04 1.76324487e+00 1.22654287e-03
9.99244723e-01 1.76478364e+00 -1.37109148e-04 1.76478320e+00 1.13408387e-03
9.99304513e-01 1.76626228e+00 -1.26454733e-04 1.76626190e+00 1.04513935e-03
9.99361839e-01 1.76768115e+00 -1.16207452e-04 1.76768083e+00 9.59727004e-04
9.99416700e-01 1.76904010e+00 -1.06371324e-04 1.76903983e+00 8.77863831e-04
9.99469096e-01 1.77033899e+00 -9.69502071e-05 1.77033877e+00 7.99566121e-04
9.99519028e-01 1.77157767e+00 -8.79477961e-05 1.77157749e+00 7.24849463e-04
9.99566494e-01 1.77275602e+00 -7.93676203e-05 1.77275587e+00 6.53728736e-04
9.99611495e-01 1.77387391e+00 -7.12130428e-05 1.77387379e+00 5.86218105e-04
9.99654032e-01 1.77493121e+00 -6.34872597e-05 1.77493112e+00 5.22331024e-04
9.99694102e-01 1.77592782e+00 -5.61932983e-05 1.77592775e+00 4.62080223e-04
9.99731708e-01 1.77686363e+00 -4.93340163e-05 1.77686358e+00 4.05477714e-04
9.99766848e-01 1.77773854e+00 -4.29121009e-05 1.77773850e+00 3.52534781e-04
9.99799522e-01 1.77855245e+00 -3.69300673e-05 1.77855242e+00 3.03261984e-04
9.99829731e-01 1.77930528e+00 -3.13902583e-05 1.77930526e+00 2.57669149e-04
9.99857474e-01 1.77999694e+00 -2.62948433e-05 1.77999693e+00 2.15765372e-04
9.99882751e-01 1.78062737e+00 -2.16458173e-05 1.78062736e+00 1.77559013e-04
9.99905562e-01 1.78119649e+00 -1.74450003e-05 1.78119648e+00 1.43057696e-04
9.99925908e-01 1.78170424e+00 -1.36940369e-05 1.78170424e+00 1.12268307e-04
9.99943787e-01 1.78215057e+00 -1.03943950e-05 1.78215057e+00 8.51969887e-05
9.99959200e-01 1.78253543e+00 -7.54736586e-06 1.78253543e+00 6.18491421e-05
9.99972148e-01 1.78285878e+00 -5.15406282e-06 1.78285878e+00 4.22294210e-05
9.99982629e-01 1.78312059e+00 -3.21542035e-06 1.78312059e+00 2.63417247e-05
9.99990644e-01 1.78332082e+00 -1.73219049e-06 1.78332082e+00 1.41891706e-05
9.99996193e-01 1.78345946e+00 -7.04925734e-07 1.78345946e+00 5.77395653e-06
9.99999277e-01 1.78353653e+00 -1.33799813e-07 1.78353653e+00 1.09589337e-06
