-9.99999277e-01 4.82693512e-02 -4.55023628e-06 -4.82693475e-02 8.56422487e-06
-9.99996193e-01 4.81926478e-02 -2.39400078e-05 -4.81925464e-02 4.50721552e-05
-9.99990644e-01 4.80551339e-02 -5.86814933e-05 -4.80545227e-02 1.10539955e-04
-9.99982629e-01 4.78576002e-02 -1.08539790e-04 -4.78554979e-02 2.04619017e-04
-9.99972148e-01 4.76012209e-02 -1.73167614e-04 -4.75958323e-02 3.26789613e-04
-9.99959200e-01 4.72875211e-02 -2.52113861e-04 -4.72760002e-02 4.76375746e-04
-9.99943787e-01 4.69183624e-02 -3.44827368e-04 -4.68965869e-02 6.52550601e-04
-9.99925908e-01 4.64959290e-02 -4.50660913e-04 -4.64582878e-02 8.54342084e-04
-9.99905562e-01 4.60227107e-02 -5.68875782e-04 -4.59619070e-02 1.08063911e-03
-9.99882751e-01 4.55014847e-02 -6.98646945e-04 -4.54083561e-02 1.33019870e-03
-9.99857474e-01 4.49352942e-02 -8.39068790e-04 -4.47986529e-02 1.60165386e-03
-9.99829731e-01 4.43274266e-02 -9.89161385e-04 -4.41339196e-02 1.89352218e-03
-9.99799522e-01 4.36813889e-02 -1.14787720e-03 -4.34153816e-02 2.20421504e-03
-9.99766848e-01 4.30008824e-02 -1.31410822e-03 -4.26443645e-02 2.53204742e-03
-9.99731708e-01 4.22897758e-02 -1.48669346e-03 -4.18222929e-02 2.87524816e-03
-9.99694102e-01 4.15520776e-02 -1.66442670e-03 -4.09506869e-02 3.23197061e-03
-9.99654032e-01 4.07919081e-02 -1.84606444e-03 -4.00311601e-02 3.60030364e-03
-9.99611495e-01 4.00134700e-02 -2.03033411e-03 -3.90654164e-02 3.97828278e-03
-9.99566494e-01 3.92210200e-02 -2.21594221e-03 -3.80552464e-02 4.36390157e-03
-9.99519028e-01 3.84188399e-02 -2.40158265e-03 -3.70025241e-02 4.75512289e-03
-9.99469096e-01 3.76112078e-02 -2.58594488e-03 -3.59092032e-02 5.14989031e-03
-9.99416700e-01 3.68023700e-02 -2.76772208e-03 -3.47773127e-02 5.54613927e-03
-9.99361839e-01 3.59965141e-02 -2.94561906e-03 -3.36089528e-02 5.94180809e-03
-9.99304513e-01 3.51977426e-02 -3.11836007e-03 -3.24062902e-02 6.33484867e-03
-9.99244723e-01 3.44100475e-02 -3.28469621e-03 -3.11715531e-02 6.72323689e-03
-9.99182468e-01 3.36372869e-02 -3.44341269e-03 -2.99070263e-02 7.10498257e-03
-9.99117750e-01 3.28831626e-02 -3.59333554e-03 -2.86150454e-02 7.47813897e-03
-9.99050567e-01 3.21511992e-02 -3.73333811e-03 -2.72979919e-02 7.84081182e-03
-9.98980921e-01 3.14447261e-02 -3.86234702e-03 -2.59582866e-02 8.19116772e-03
-9.98908811e-01 3.07668595e-02 -3.97934767e-03 -2.45983845e-02 8.52744200e-03
-9.98834237e-01 3.01204883e-02 -4.08338929e-03 -2.32207678e-02 8.84794594e-03
-9.98757201e-01 2.95082610e-02 -4.17358943e-03 -2.18279402e-02 9.15107336e-03
-9.98677701e-01 2.89325744e-02 -4.24913800e-03 -2.04224203e-02 9.43530648e-03
-9.98595738e-01 2.83955656e-02 -4.30930071e-03 -1.90067352e-02 9.69922121e-03
-9.98511312e-01 2.78991047e-02 -4.35342197e-03 -1.75834138e-02 9.94149170e-03
-9.98424424e-01 2.74447906e-02 -4.38092729e-03 -1.61549803e-02 1.01608942e-02
-9.98335074e-01 2.70339486e-02 -4.39132512e-03 -1.47239477e-02 1.03563103e-02
-9.98243262e-01 2.66676297e-02 -4.38420812e-03 -1.32928111e-02 1.05267296e-02
-9.98148988e-01 2.63466120e-02 -4.35925398e-03 -1.18640413e-02 1.06712514e-02
-9.98052252e-01 2.60714040e-02 -4.31622564e-03 -1.04400783e-02 1.07890864e-02
-9.97953055e-01 2.58422497e-02 -4.25497110e-03 -9.02332503e-03 1.08795571e-02
-9.97851396e-01 2.56591354e-02 -4.17542275e-03 -7.61614123e-03 1.09420983e-02
-9.97747277e-01 2.55217972e-02 -4.07759618e-03 -6.22083741e-03 1.09762567e-02
-9.97640697e-01 2.54297314e-02 -3.96158864e-03 -4.83966910e-03 1.09816897e-02
-9.97531657e-01 2.53822046e-02 -3.82757708e-03 -3.47483123e-03 1.09581650e-02
-9.97420157e-01 2.53782659e-02 -3.67581583e-03 -2.12845288e-03 1.09055581e-02
-9.97306197e-01 2.54167600e-02 -3.50663393e-03 -8.02592147e-04 1.08238507e-02
-9.97189778e-01 2.54963403e-02 -3.32043211e-03 5.00768540e-04 1.07131280e-02
-9.97070899e-01 2.56154838e-02 -3.11767960e-03 1.77972693e-03 1.05735765e-02
-9.96949561e-01 2.57725058e-02 -2.89891056e-03 3.03246508e-03 1.04054803e-02
-9.96825765e-01 2.59655752e-02 -2.66472038e-03 4.25725316e-03 1.02092185e-02
-9.96699510e-01 2.61927302e-02 -2.41576177e-03 5.45245291e-03 9.98526146e-03
-9.96570797e-01 2.64518940e-02 -2.15274064e-03 6.61652077e-03 9.73416706e-03
-9.96439627e-01 2.67408903e-02 -1.87641190e-03 7.74801065e-03 9.45657713e-03
-9.96305999e-01 2.70574592e-02 -1.58757515e-03 8.84557630e-03 9.15321331e-03
-9.96169914e-01 2.73992725e-02 -1.28707024e-03 9.90797340e-03 8.82487310e-03
-9.96031373e-01 2.77639488e-02 -9.75772807e-04 1.09340612e-02 8.47242560e-03
-9.95890375e-01 2.81490682e-02 -6.54589806e-04 1.19228039e-02 8.09680728e-03
-9.95746921e-01 2.85521867e-02 -3.24454954e-04 1.28732716e-02 7.69901766e-03
-9.95601011e-01 2.89708493e-02 1.36757578e-05 1.37846409e-02 7.28011485e-03
-9.95452646e-01 2.94026039e-02 3.58828550e-04 1.46561953e-02 6.84121115e-03
-9.95301826e-01 2.98450130e-02 7.10016289e-04 1.54873252e-02 6.38346853e-03
-9.95148552e-01 3.02956656e-02 1.06624286e-03 1.62775272e-02 5.90809409e-03
-9.94992823e-01 3.07521883e-02 1.42650748e-03 1.70264041e-02 5.41633550e-03
-9.94834640e-01 3.12122552e-02 1.78980888e-03 1.77336633e-02 4.90947640e-03
-9.94674004e-01 3.16735974e-02 2.15514940e-03 1.83991160e-02 4.38883177e-03
-9.94510915e-01 3.21340116e-02 2.52153900e-03 1.90226757e-02 3.85574332e-03
-9.94345374e-01 3.25913677e-02 2.88799908e-03 1.96043560e-02 3.31157483e-03
-9.94177380e-01 3.30436163e-02 3.25356623e-03 2.01442691e-02 2.75770750e-03
-9.94006934e-01 3.34887941e-02 3.61729571e-03 2.06426233e-02 2.19553531e-03
-9.93834037e-01 3.39250300e-02 3.97826493e-03 2.10997207e-02 1.62646033e-03
-9.93658689e-01 3.43505492e-02 4.33557661e-03 2.15159543e-02 1.05188813e-03
-9.93480891e-01 3.47636779e-02 4.68836187e-03 2.18918053e-02 4.73223136e-04
-9.93300642e-01 3.51628455e-02 5.03578306e-03 2.22278397e-02 -1.08135918e-04
-9.93117944e-01 3.55465880e-02 5.37703642e-03 2.25247055e-02 -6.90800564e-04
-9.92932796e-01 3.59135494e-02 5.71135457e-03 2.27831290e-02 -1.27339706e-03
-9.92745200e-01 3.62624832e-02 6.03800874e-03 2.30039111e-02 -1.85457078e-03
-9.92555155e-01 3.65922530e-02 6.35631082e-03 2.31879236e-02 -2.43299058e-03
-9.92362663e-01 3.69018325e-02 6.66561521e-03 2.33361054e-02 -3.00735299e-03
-9.92167724e-01 3.71903054e-02 6.96532036e-03 2.34494583e-02 -3.57638628e-03
-9.91970337e-01 3.74568641e-02 7.25487023e-03 2.35290428e-02 -4.13885449e-03
-9.91770504e-01 3.77008090e-02 7.53375538e-03 2.35759739e-02 -4.69356115e-03
-9.91568226e-01 3.79215460e-02 7.80151393e-03 2.35914166e-02 -5.23935297e-03
-9.91363501e-01 3.81185852e-02 8.05773221e-03 2.35765811e-02 -5.77512320e-03
-9.91156332e-01 3.82915376e-02 8.30204529e-03 2.35327189e-02 -6.29981488e-03
-9.90946719e-01 3.84401129e-02 8.53413715e-03 2.34611171e-02 -6.81242381e-03
-9.90734662e-01 3.85641163e-02 8.75374071e-03 2.33630945e-02 -7.31200125e-03
-9.90520161e-01 3.86634449e-02 8.96063764e-03 2.32399961e-02 -7.79765636e-03
-9.90303218e-01 3.87380844e-02 9.15465787e-03 2.30931885e-02 -8.26855839e-03
-9.90083833e-01 3.87881051e-02 9.33567901e-03 2.29240551e-02 -8.72393852e-03
-9.89862005e-01 3.88136582e-02 9.50362546e-03 2.27339909e-02 -9.16309142e-03
-9.89637737e-01 3.88149715e-02 9.65846734e-03 2.25243977e-02 -9.58537649e-03
-9.89411028e-01 3.87923450e-02 9.80021930e-03 2.22966791e-02 -9.99021873e-03
-9.89181879e-01 3.87461468e-02 9.92893907e-03 2.20522358e-02 -1.03771093e-02
-9.88950290e-01 3.86768088e-02 1.00447259e-02 2.17924603e-02 -1.07456060e-02
-9.88716263e-01 3.85848216e-02 1.01477187e-02 2.15187330e-02 -1.10953325e-02
-9.88479797e-01 3.84707305e-02 1.02380943e-02 2.12324165e-02 -1.14259789e-02
-9.88240894e-01 3.83351307e-02 1.03160656e-02 2.09348520e-02 -1.17373000e-02
-9.87999553e-01 3.81786629e-02 1.03818789e-02 2.06273543e-02 -1.20291149e-02
-9.87755776e-01 3.80020085e-02 1.04358123e-02 2.03112080e-02 -1.23013054e-02
-9.87509562e-01 3.78058853e-02 1.04781731e-02 1.99876631e-02 -1.25538142e-02
-9.87260914e-01 3.75910430e-02 1.05092952e-02 1.96579313e-02 -1.27866432e-02
-9.87009830e-01 3.73582590e-02 1.05295373e-02 1.93231828e-02 -1.29998513e-02
-9.86756313e-01 3.71083338e-02 1.05392800e-02 1.89845421e-02 -1.31935517e-02
-9.86500362e-01 3.68420871e-02 1.05389234e-02 1.86430861e-02 -1.33679097e-02
-9.86241978e-01 3.65603539e-02 1.05288849e-02 1.82998401e-02 -1.35231398e-02
-9.85981162e-01 3.62639804e-02 1.05095966e-02 1.79557764e-02 -1.36595024e-02
-9.85717914e-01 3.59538203e-02 1.04815026e-02 1.76118115e-02 -1.37773012e-02
-9.85452235e-01 3.56307315e-02 1.04450574e-02 1.72688047e-02 -1.38768799e-02
-9.85184126e-01 3.52955727e-02 1.04007231e-02 1.69275564e-02 -1.39586186e-02
-9.84913588e-01 3.49492001e-02 1.03489670e-02 1.65888074e-02 -1.40229312e-02
-9.84640620e-01 3.45924648e-02 1.02902602e-02 1.62532377e-02 -1.40702615e-02
-9.84365224e-01 3.42262099e-02 1.02250749e-02 1.59214666e-02 -1.41010804e-02
-9.84087401e-01 3.38512678e-02 1.01538829e-02 1.55940527e-02 -1.41158820e-02
-9.83807150e-01 3.34684586e-02 1.00771536e-02 1.52714941e-02 -1.41151814e-02
-9.83524474e-01 3.30785875e-02 9.99535236e-03 1.49542295e-02 -1.40995108e-02
-9.83239372e-01 3.26824432e-02 9.90893901e-03 1.46426389e-02 -1.40694167e-02
-9.82951845e-01 3.22807965e-02 9.81836634e-03 1.43370457e-02 -1.40254574e-02
-9.82661894e-01 3.18743988e-02 9.72407882e-03 1.40377181e-02 -1.39681999e-02
-9.82369519e-01 3.14639810e-02 9.62651138e-03 1.37448713e-02 -1.38982177e-02
-9.82074722e-01 3.10502528e-02 9.52608842e-03 1.34586700e-02 -1.38160881e-02
-9.81777503e-01 3.06339019e-02 9.42322275e-03 1.31792312e-02 -1.37223902e-02
-9.81477862e-01 3.02155932e-02 9.31831487e-03 1.29066268e-02 -1.36177028e-02
-9.81175801e-01 2.97959692e-02 9.21175215e-03 1.26408871e-02 -1.35026027e-02
-9.80871321e-01 2.93756491e-02 9.10390828e-03 1.23820039e-02 -1.33776631e-02
-9.80564421e-01 2.89552294e-02 8.99514267e-03 1.21299341e-02 -1.32434517e-02
-9.80255103e-01 2.85352836e-02 8.88580008e-03 1.18846032e-02 -1.31005304e-02
-9.79943368e-01 2.81163629e-02 8.77621019e-03 1.16459092e-02 -1.29494532e-02
-9.79629216e-01 2.76989963e-02 8.66668731e-03 1.14137260e-02 -1.27907660e-02
-9.79312648e-01 2.72836911e-02 8.55753019e-03 1.11879074e-02 -1.26250056e-02
-9.78993665e-01 2.68709335e-02 8.44902177e-03 1.09682905e-02 -1.24526992e-02
-9.78672267e-01 2.64611892e-02 8.34142912e-03 1.07546999e-02 -1.22743639e-02
-9.78348456e-01 2.60549041e-02 8.23500323e-03 1.05469506e-02 -1.20905066e-02
-9.78022233e-01 2.56525049e-02 8.12997904e-03 1.03448521e-02 -1.19016236e-02
-9.77693597e-01 2.52543995e-02 8.02657533e-03 1.01482112e-02 -1.17082006e-02
-9.77362550e-01 2.48609783e-02 7.92499471e-03 9.95683546e-03 -1.15107126e-02
-9.77029093e-01 2.44726143e-02 7.82542358e-03 9.77053581e-03 -1.13096242e-02
-9.76693226e-01 2.40896638e-02 7.72803214e-03 9.58912953e-03 -1.11053894e-02
-9.76354950e-01 2.37124673e-02 7.63297441e-03 9.41244250e-03 -1.08984522e-02
-9.76014267e-01 2.33413496e-02 7.54038820e-03 9.24031148e-03 -1.06892462e-02
-9.75671177e-01 2.29766204e-02 7.45039513e-03 9.07258594e-03 -1.04781952e-02
-9.75325680e-01 2.26185750e-02 7.36310068e-03 8.90912968e-03 -1.02657133e-02
-9.74977778e-01 2.22674940e-02 7.27859421e-03 8.74982215e-03 -1.00522048e-02
-9.74627472e-01 2.19236443e-02 7.19694897e-03 8.59455945e-03 -9.83806490e-03
-9.74274762e-01 2.15872786e-02 7.11822224e-03 8.44325499e-03 -9.62367904e-03
-9.73919650e-01 2.12586359e-02 7.04245532e-03 8.29583994e-03 -9.40942349e-03
-9.73562135e-01 2.09379415e-02 6.96967371e-03 8.15226327e-03 -9.19566511e-03
-9.73202220e-01 2.06254068e-02 6.89988725e-03 8.01249161e-03 -8.98276130e-03
-9.72839904e-01 2.03212293e-02 6.83309023e-03 7.87650875e-03 -8.77105985e-03
-9.72475189e-01 2.00255924e-02 6.76926171e-03 7.74431492e-03 -8.56089874e-03
-9.72108076e-01 1.97386651e-02 6.70836571e-03 7.61592584e-03 -8.35260581e-03
-9.71738566e-01 1.94606021e-02 6.65035163e-03 7.49137149e-03 -8.14649844e-03
-9.71366659e-01 1.91915429e-02 6.59515453e-03 7.37069476e-03 -7.94288312e-03
-9.70992357e-01 1.89316118e-02 6.54269568e-03 7.25394982e-03 -7.74205495e-03
-9.70615660e-01 1.86809178e-02 6.49288307e-03 7.14120045e-03 -7.54429707e-03
-9.70236569e-01 1.84395534e-02 6.44561195e-03 7.03251812e-03 -7.34988013e-03
-9.69855086e-01 1.82075951e-02 6.40076559e-03 6.92798010e-03 -7.15906154e-03
-9.69471210e-01 1.79851026e-02 6.35821595e-03 6.82766738e-03 -6.97208488e-03
-9.69084944e-01 1.77721184e-02 6.31782458e-03 6.73166261e-03 -6.78917909e-03
-9.68696288e-01 1.75686674e-02 6.27944344e-03 6.64004803e-03 -6.61055781e-03
-9.68305243e-01 1.73747570e-02 6.24291595e-03 6.55290336e-03 -6.43641858e-03
-9.67911810e-01 1.71903762e-02 6.20807795e-03 6.47030377e-03 -6.26694213e-03
-9.67515990e-01 1.70154960e-02 6.17475883e-03 6.39231790e-03 -6.10229161e-03
-9.67117784e-01 1.68500687e-02 6.14278269e-03 6.31900595e-03 -5.94261189e-03
-9.66717192e-01 1.66940279e-02 6.11196950e-03 6.25041790e-03 -5.78802892e-03
-9.66314217e-01 1.65472887e-02 6.08213635e-03 6.18659186e-03 -5.63864902e-03
-9.65908859e-01 1.64097475e-02 6.05309870e-03 6.12755254e-03 -5.49455841e-03
-9.65501118e-01 1.62812818e-02 6.02467161e-03 6.07330989e-03 -5.35582263e-03
-9.65090997e-01 1.61617508e-02 5.99667109e-03 6.02385799e-03 -5.22248615e-03
-9.64678495e-01 1.60509954e-02 5.96891525e-03 5.97917402e-03 -5.09457202e-03
-9.64263614e-01 1.59488385e-02 5.94122565e-03 5.93921750e-03 -4.97208164e-03
-9.63846355e-01 1.58550851e-02 5.91342840e-03 5.90392972e-03 -4.85499464e-03
-9.63426720e-01 1.57695235e-02 5.88535537e-03 5.87323342e-03 -4.74326887e-03
-9.63004708e-01 1.56919248e-02 5.85684528e-03 5.84703260e-03 -4.63684044e-03
-9.62580321e-01 1.56220443e-02 5.82774467e-03 5.82521265e-03 -4.53562403e-03
-9.62153561e-01 1.55596219e-02 5.79790891e-03 5.80764060e-03 -4.43951320e-03
-9.61724427e-01 1.55043826e-02 5.76720297e-03 5.79416567e-03 -4.34838087e-03
-9.61292922e-01 1.54560378e-02 5.73550221e-03 5.78461992e-03 -4.26207997e-03
-9.60859046e-01 1.54142857e-02 5.70269299e-03 5.77881920e-03 -4.18044415e-03
-9.60422801e-01 1.53788128e-02 5.66867316e-03 5.77656418e-03 -4.10328870e-03
-9.59984187e-01 1.53492944e-02 5.63335248e-03 5.77764166e-03 -4.03041152e-03
-9.59543205e-01 1.53253959e-02 5.59665286e-03 5.78182591e-03 -3.96159428e-03
-9.59099857e-01 1.53067741e-02 5.55850846e-03 5.78888025e-03 -3.89660365e-03
-9.58654144e-01 1.52930782e-02 5.51886576e-03 5.79855873e-03 -3.83519267e-03
-9.58206066e-01 1.52839511e-02 5.47768333e-03 5.81060786e-03 -3.77710220e-03
-9.57755626e-01 1.52790307e-02 5.43493165e-03 5.82476851e-03 -3.72206251e-03
-9.57302823e-01 1.52779513e-02 5.39059267e-03 5.84077781e-03 -3.66979486e-03
-9.56847660e-01 1.52803451e-02 5.34465930e-03 5.85837110e-03 -3.62001327e-03
-9.56390137e-01 1.52858432e-02 5.29713484e-03 5.87728397e-03 -3.57242628e-03
-9.55930255e-01 1.52940775e-02 5.24803219e-03 5.89725421e-03 -3.52673873e-03
-9.55468016e-01 1.53046820e-02 5.19737303e-03 5.91802382e-03 -3.48265366e-03
-9.55003420e-01 1.53172942e-02 5.14518698e-03 5.93934096e-03 -3.43987416e-03
-9.54536469e-01 1.53315565e-02 5.09151052e-03 5.96096178e-03 -3.39810528e-03
-9.54067164e-01 1.53471180e-02 5.03638600e-03 5.98265231e-03 -3.35705586e-03
-9.53595507e-01 1.53636356e-02 4.97986051e-03 6.00419012e-03 -3.31644039e-03
-9.53121497e-01 1.53807757e-02 4.92198477e-03 6.02536597e-03 -3.27598086e-03
-9.52645137e-01 1.53982155e-02 4.86281194e-03 6.04598526e-03 -3.23540845e-03
-9.52166428e-01 1.54156444e-02 4.80239647e-03 6.06586938e-03 -3.19446531e-03
-9.51685370e-01 1.54327653e-02 4.74079291e-03 6.08485692e-03 -3.15290611e-03
-9.51201965e-01 1.54492959e-02 4.67805478e-03 6.10280465e-03 -3.11049958e-03
-9.50716215e-01 1.54649698e-02 4.61423344e-03 6.11958843e-03 -3.06702997e-03
-9.50228120e-01 1.54795379e-02 4.54937702e-03 6.13510380e-03 -3.02229832e-03
-9.49737681e-01 1.54927692e-02 4.48352938e-03 6.14926653e-03 -2.97612366e-03
-9.49244901e-01 1.55044518e-02 4.41672921e-03 6.16201284e-03 -2.92834408e-03
-9.48749779e-01 1.55143939e-02 4.34900908e-03 6.17329955e-03 -2.87881763e-03
-9.48252318e-01 1.55224240e-02 4.28039472e-03 6.18310391e-03 -2.82742313e-03
-9.47752518e-01 1.55283925e-02 4.21090433e-03 6.19142336e-03 -2.77406072e-03
-9.47250380e-01 1.55321712e-02 4.14054796e-03 6.19827499e-03 -2.71865240e-03
-9.46745907e-01 1.55336542e-02 4.06932711e-03 6.20369489e-03 -2.66114230e-03
-9.46239099e-01 1.55327580e-02 3.99723431e-03 6.20773730e-03 -2.60149685e-03
-9.45729957e-01 1.55294216e-02 3.92425298e-03 6.21047356e-03 -2.53970477e-03
-9.45218483e-01 1.55236064e-02 3.85035727e-03 6.21199095e-03 -2.47577691e-03
-9.44704677e-01 1.55152961e-02 3.77551211e-03 6.21239135e-03 -2.40974593e-03
-9.44188542e-01 1.55044960e-02 3.69967342e-03 6.21178979e-03 -2.34166585e-03
-9.43670079e-01 1.54912331e-02 3.62278831e-03 6.21031285e-03 -2.27161143e-03
-9.43149288e-01 1.54755548e-02 3.54479559e-03 6.20809698e-03 -2.19967744e-03
-9.42626171e-01 1.54575286e-02 3.46562624e-03 6.20528675e-03 -2.12597775e-03
-9.42100730e-01 1.54372409e-02 3.38520408e-03 6.20203298e-03 -2.05064437e-03
-9.41572965e-01 1.54147961e-02 3.30344657e-03 6.19849088e-03 -1.97382630e-03
-9.41042878e-01 1.53903153e-02 3.22026561e-03 6.19481811e-03 -1.89568833e-03
-9.40510470e-01 1.53639349e-02 3.13556857e-03 6.19117286e-03 -1.81640972e-03
-9.39975743e-01 1.53358057e-02 3.04925928e-03 6.18771190e-03 -1.73618279e-03
-9.39438698e-01 1.53060907e-02 2.96123920e-03 6.18458873e-03 -1.65521147e-03
-9.38899336e-01 1.52749642e-02 2.87140854e-03 6.18195169e-03 -1.57370973e-03
-9.38357658e-01 1.52426095e-02 2.77966756e-03 6.17994220e-03 -1.49190005e-03
-9.37813667e-01 1.52092177e-02 2.68591778e-03 6.17869302e-03 -1.41001173e-03
-9.37267362e-01 1.51749859e-02 2.59006331e-03 6.17832671e-03 -1.32827930e-03
-9.36718746e-01 1.51401153e-02 2.49201215e-03 6.17895406e-03 -1.24694085e-03
-9.36167820e-01 1.51048095e-02 2.39167743e-03 6.18067284e-03 -1.16623633e-03
-9.35614585e-01 1.50692727e-02 2.28897877e-03 6.18356649e-03 -1.08640596e-03
-9.35059043e-01 1.50337081e-02 2.18384343e-03 6.18770314e-03 -1.00768857e-03
-9.34501195e-01 1.49983163e-02 2.07620757e-03 6.19313471e-03 -9.30320005e-04
-9.33941042e-01 1.49632934e-02 1.96601732e-03 6.19989621e-03 -8.54531592e-04
-9.33378586e-01 1.49288298e-02 1.85322984e-03 6.20800521e-03 -7.80548656e-04
-9.32813828e-01 1.48951085e-02 1.73781431e-03 6.21746153e-03 -7.08589090e-04
-9.32246769e-01 1.48623040e-02 1.61975269e-03 6.22824713e-03 -6.38862022e-04
-9.31677412e-01 1.48305808e-02 1.49904053e-03 6.24032611e-03 -5.71566556e-04
-9.31105757e-01 1.48000928e-02 1.37568754e-03 6.25364503e-03 -5.06890618e-04
-9.30531805e-01 1.47709817e-02 1.24971804e-03 6.26813331e-03 -4.45009900e-04
-9.29955559e-01 1.47433769e-02 1.12117131e-03 6.28370389e-03 -3.86086922e-04
-9.29377019e-01 1.47173941e-02 9.90101715e-04 6.30025400e-03 -3.30270209e-04
-9.28796187e-01 1.46931357e-02 8.56578750e-04 6.31766619e-03 -2.77693594e-04
-9.28213065e-01 1.46706897e-02 7.20686866e-04 6.33580937e-03 -2.28475647e-04
-9.27627654e-01 1.46501300e-02 5.82525163e-04 6.35454018e-03 -1.82719245e-04
-9.27039955e-01 1.46315161e-02 4.42206912e-04 6.37370429e-03 -1.40511269e-04
-9.26449969e-01 1.46148937e-02 2.99858912e-04 6.39313798e-03 -1.01922444e-04
-9.25857699e-01 1.46002942e-02 1.55620703e-04 6.41266970e-03 -6.70073206e-05
-9.25263146e-01 1.45877362e-02 9.64361836e-06 6.43212174e-03 -3.58043863e-05
-9.24666310e-01 1.45772252e-02 -1.37910296e-04 6.45131197e-03 -8.33632291e-06
-9.24067195e-01 1.45687548e-02 -2.86869502e-04 6.47005560e-03 1.53896065e-05
-9.23465800e-01 1.45623071e-02 -4.37054304e-04 6.48816694e-03 3.53810379e-05
-9.22862128e-01 1.45578540e-02 -5.88278290e-04 6.50546120e-03 5.16598612e-05
-9.22256180e-01 1.45553582e-02 -7.40349869e-04 6.52175617e-03 6.42614541e-05
-9.21647958e-01 1.45547737e-02 -8.93073876e-04 6.53687398e-03 7.32338031e-05
-9.21037462e-01 1.45560476e-02 -1.04625324e-03 6.55064270e-03 7.86365188e-05
-9.20424696e-01 1.45591207e-02 -1.19969067e-03 6.56289786e-03 8.05397547e-05
-9.19809659e-01 1.45639291e-02 -1.35319042e-03 6.57348396e-03 7.90230394e-05
-9.19192354e-01 1.45704046e-02 -1.50655992e-03 6.58225572e-03 7.41740332e-05
-9.18572782e-01 1.45784769e-02 -1.65961157e-03 6.58907933e-03 6.60872197e-05
-9.17950945e-01 1.45880737e-02 -1.81216428e-03 6.59383353e-03 5.48625464e-05
-9.17326844e-01 1.45991222e-02 -1.96404513e-03 6.59641044e-03 4.06040251e-05
-9.16700480e-01 1.46115499e-02 -2.11509078e-03 6.59671641e-03 2.34183080e-05
-9.16071856e-01 1.46252857e-02 -2.26514889e-03 6.59467253e-03 3.41325107e-06
-9.15440973e-01 1.46402605e-02 -2.41407936e-03 6.59021509e-03 -1.93035196e-05
-9.14807832e-01 1.46564078e-02 -2.56175539e-03 6.58329582e-03 -4.46260243e-05
-9.14172435e-01 1.46736643e-02 -2.70806443e-03 6.57388200e-03 -7.24513148e-05
-9.13534783e-01 1.46919706e-02 -2.85290893e-03 6.56195634e-03 -1.02680813e-04
-9.12894879e-01 1.47112712e-02 -2.99620686e-03 6.54751681e-03 -1.35221591e-04
-9.12252723e-01 1.47315148e-02 -3.13789206e-03 6.53057623e-03 -1.69987571e-04
-9.11608317e-01 1.47526545e-02 -3.27791439e-03 6.51116174e-03 -2.06900648e-04
-9.10961663e-01 1.47746473e-02 -3.41623960e-03 6.48931418e-03 -2.45891699e-04
-9.10312763e-01 1.47974545e-02 -3.55284899e-03 6.46508735e-03 -2.86901487e-04
-9.09661618e-01 1.48210407e-02 -3.68773890e-03 6.43854712e-03 -3.29881443e-04
-9.09008229e-01 1.48453739e-02 -3.82091992e-03 6.40977054e-03 -3.74794302e-04
-9.08352599e-01 1.48704249e-02 -3.95241589e-03 6.37884480e-03 -4.21614608e-04
-9.07694728e-01 1.48961662e-02 -4.08226267e-03 6.34586622e-03 -4.70329060e-04
-9.07034619e-01 1.49225718e-02 -4.21050679e-03 6.31093918e-03 -5.20936704e-04
-9.06372273e-01 1.49496162e-02 -4.33720384e-03 6.27417501e-03 -5.73448960e-04
-9.05707691e-01 1.49772734e-02 -4.46241671e-03 6.23569093e-03 -6.27889485e-04
-9.05040876e-01 1.50055163e-02 -4.58621373e-03 6.19560902e-03 -6.84293869e-04
-9.04371830e-01 1.50343157e-02 -4.70866661e-03 6.15405516e-03 -7.42709162e-04
-9.03700552e-01 1.50636393e-02 -4.82984838e-03 6.11115815e-03 -8.03193241e-04
-9.03027046e-01 1.50934508e-02 -4.94983121e-03 6.06704876e-03 -8.65814014e-04
-9.02351313e-01 1.51237092e-02 -5.06868416e-03 6.02185899e-03 -9.30648468e-04
-9.01673355e-01 1.51543678e-02 -5.18647101e-03 5.97572132e-03 -9.97781572e-04
-9.00993173e-01 1.51853738e-02 -5.30324804e-03 5.92876816e-03 -1.06730504e-03
-9.00310769e-01 1.52166672e-02 -5.41906191e-03 5.88113131e-03 -1.13931599e-03
-8.99626145e-01 1.52481806e-02 -5.53394761e-03 5.83294164e-03 -1.21391544e-03
-8.98939302e-01 1.52798385e-02 -5.64792652e-03 5.78432878e-03 -1.29120675e-03
-8.98250242e-01 1.53115572e-02 -5.76100469e-03 5.73542104e-03 -1.37129397e-03
-8.97558967e-01 1.53432448e-02 -5.87317121e-03 5.68634533e-03 -1.45428012e-03
-8.96865478e-01 1.53748005e-02 -5.98439687e-03 5.63722728e-03 -1.54026542e-03
-8.96169778e-01 1.54061156e-02 -6.09463302e-03 5.58819145e-03 -1.62934548e-03
-8.95471867e-01 1.54370732e-02 -6.20381070e-03 5.53936154e-03 -1.72160949e-03
-8.94771748e-01 1.54675490e-02 -6.31184003e-03 5.49086084e-03 -1.81713845e-03
-8.94069423e-01 1.54974119e-02 -6.41860999e-03 5.44281262e-03 -1.91600337e-03
-8.93364892e-01 1.55265245e-02 -6.52398842e-03 5.39534063e-03 -2.01826355e-03
-8.92658159e-01 1.55547445e-02 -6.62782234e-03 5.34856964e-03 -2.12396496e-03
-8.91949223e-01 1.55819255e-02 -6.72993874e-03 5.30262601e-03 -2.23313866e-03
-8.91238089e-01 1.56079187e-02 -6.83014550e-03 5.25763820e-03 -2.34579934e-03
-8.90524756e-01 1.56325735e-02 -6.92823285e-03 5.21373738e-03 -2.46194401e-03
-8.89809227e-01 1.56557400e-02 -7.02397497e-03 5.17105788e-03 -2.58155080e-03
-8.89091503e-01 1.56772699e-02 -7.11713205e-03 5.12973770e-03 -2.70457794e-03
-8.88371587e-01 1.56970185e-02 -7.20745256e-03 5.08991888e-03 -2.83096290e-03
-8.87649480e-01 1.57148465e-02 -7.29467584e-03 5.05174780e-03 -2.96062172e-03
-8.86925184e-01 1.57306216e-02 -7.37853492e-03 5.01537541e-03 -3.09344851e-03
-8.86198701e-01 1.57442206e-02 -7.45875956e-03 4.98095724e-03 -3.22931517e-03
-8.85470032e-01 1.57555312e-02 -7.53507954e-03 4.94865343e-03 -3.36807134e-03
-8.84739180e-01 1.57644537e-02 -7.60722805e-03 4.91862848e-03 -3.50954448e-03
-8.84006145e-01 1.57709028e-02 -7.67494518e-03 4.89105089e-03 -3.65354028e-03
-8.83270931e-01 1.57748093e-02 -7.73798161e-03 4.86609268e-03 -3.79984317e-03
-8.82533538e-01 1.57761219e-02 -7.79610218e-03 4.84392865e-03 -3.94821709e-03
-8.81793969e-01 1.57748081e-02 -7.84908957e-03 4.82473556e-03 -4.09840651e-03
-8.81052225e-01 1.57708565e-02 -7.89674788e-03 4.80869109e-03 -4.25013753e-03
-8.80308308e-01 1.57642767e-02 -7.93890612e-03 4.79597261e-03 -4.40311927e-03
-8.79562220e-01 1.57551016e-02 -7.97542157e-03 4.78675586e-03 -4.55704542e-03
-8.78813963e-01 1.57433871e-02 -8.00618293e-03 4.78121340e-03 -4.71159591e-03
-8.78063539e-01 1.57292132e-02 -8.03111327e-03 4.77951295e-03 -4.86643879e-03
-8.77310949e-01 1.57126843e-02 -8.05017267e-03 4.78181561e-03 -5.02123219e-03
-8.76556196e-01 1.56939290e-02 -8.06336061e-03 4.78827394e-03 -5.17562641e-03
-8.75799281e-01 1.56731002e-02 -8.07071793e-03 4.79902995e-03 -5.32926618e-03
-8.75040206e-01 1.56503745e-02 -8.07232850e-03 4.81421306e-03 -5.48179289e-03
-8.74278973e-01 1.56259515e-02 -8.06832043e-03 4.83393790e-03 -5.63284696e-03
-8.73515584e-01 1.56000530e-02 -8.05886686e-03 4.85830224e-03 -5.78207018e-03
-8.72750041e-01 1.55729216e-02 -8.04418629e-03 4.88738476e-03 -5.92910820e-03
-8.71982345e-01 1.55448192e-02 -8.02454247e-03 4.92124295e-03 -6.07361284e-03
-8.71212499e-01 1.55160256e-02 -8.00024383e-03 4.95991104e-03 -6.21524453e-03
-8.70440504e-01 1.54868361e-02 -7.97164234e-03 5.00339796e-03 -6.35367463e-03
-8.69666363e-01 1.54575599e-02 -7.93913199e-03 5.05168551e-03 -6.48858772e-03
-8.68890077e-01 1.54285173e-02 -7.90314681e-03 5.10472655e-03 -6.61968381e-03
-8.68111648e-01 1.54000374e-02 -7.86415829e-03 5.16244345e-03 -6.74668041e-03
-8.67331079e-01 1.53724556e-02 -7.82267256e-03 5.22472669e-03 -6.86931459e-03
-8.66548370e-01 1.53461105e-02 -7.77922700e-03 5.29143364e-03 -6.98734480e-03
-8.65763524e-01 1.53213416e-02 -7.73438649e-03 5.36238767e-03 -7.10055262e-03
-8.64976543e-01 1.52984857e-02 -7.68873940e-03 5.43737743e-03 -7.20874432e-03
-8.64187429e-01 1.52778744e-02 -7.64289312e-03 5.51615644e-03 -7.31175230e-03
-8.63396184e-01 1.52598312e-02 -7.59746937e-03 5.59844301e-03 -7.40943633e-03
-8.62602809e-01 1.52446683e-02 -7.55309936e-03 5.68392040e-03 -7.50168459e-03
-8.61807307e-01 1.52326840e-02 -7.51041856e-03 5.77223733e-03 -7.58841456e-03
-8.61009680e-01 1.52241599e-02 -7.47006155e-03 5.86300883e-03 -7.66957372e-03
-8.60209930e-01 1.52193580e-02 -7.43265662e-03 5.95581743e-03 -7.74514004e-03
-8.59408057e-01 1.52185187e-02 -7.39882039e-03 6.05021458e-03 -7.81512227e-03
-8.58604066e-01 1.52218580e-02 -7.36915246e-03 6.14572253e-03 -7.87956008e-03
-8.57797957e-01 1.52295658e-02 -7.34423009e-03 6.24183646e-03 -7.93852395e-03
-8.56989732e-01 1.52418037e-02 -7.32460305e-03 6.33802689e-03 -7.99211493e-03
-8.56179395e-01 1.52587034e-02 -7.31078853e-03 6.43374244e-03 -8.04046417e-03
-8.55366945e-01 1.52803656e-02 -7.30326641e-03 6.52841289e-03 -8.08373228e-03
-8.54552386e-01 1.53068586e-02 -7.30247469e-03 6.62145238e-03 -8.12210855e-03
-8.53735720e-01 1.53382175e-02 -7.30880527e-03 6.71226300e-03 -8.15580998e-03
-8.52916948e-01 1.53744439e-02 -7.32260004e-03 6.80023845e-03 -8.18508010e-03
-8.52096073e-01 1.54155054e-02 -7.34414743e-03 6.88476803e-03 -8.21018776e-03
-8.51273096e-01 1.54613358e-02 -7.37367930e-03 6.96524062e-03 -8.23142565e-03
-8.50448020e-01 1.55118356e-02 -7.41136831e-03 7.04104891e-03 -8.24910875e-03
-8.49620847e-01 1.55668725e-02 -7.45732577e-03 7.11159366e-03 -8.26357268e-03
-8.48791578e-01 1.56262824e-02 -7.51159995e-03 7.17628804e-03 -8.27517185e-03
-8.47960216e-01 1.56898704e-02 -7.57417495e-03 7.23456193e-03 -8.28427759e-03
-8.47126763e-01 1.57574129e-02 -7.64497003e-03 7.28586627e-03 -8.29127616e-03
-8.46291221e-01 1.58286588e-02 -7.72383948e-03 7.32967730e-03 -8.29656660e-03
-8.45453591e-01 1.59033316e-02 -7.81057304e-03 7.36550077e-03 -8.30055865e-03
-8.44613877e-01 1.59811315e-02 -7.90489676e-03 7.39287592e-03 -8.30367045e-03
-8.43772079e-01 1.60617378e-02 -8.00647447e-03 7.41137939e-03 -8.30632629e-03
-8.42928201e-01 1.61448116e-02 -8.11490965e-03 7.42062888e-03 -8.30895425e-03
-8.42082244e-01 1.62299978e-02 -8.22974781e-03 7.42028659e-03 -8.31198386e-03
-8.41234210e-01 1.63169286e-02 -8.35047935e-03 7.41006240e-03 -8.31584364e-03
-8.40384102e-01 1.64052255e-02 -8.47654280e-03 7.38971675e-03 -8.32095874e-03
-8.39531921e-01 1.64945027e-02 -8.60732845e-03 7.35906320e-03 -8.32774850e-03
-8.38677669e-01 1.65843696e-02 -8.74218241e-03 7.31797066e-03 -8.33662399e-03
-8.37821349e-01 1.66744336e-02 -8.88041092e-03 7.26636521e-03 -8.34798563e-03
-8.36962964e-01 1.67643032e-02 -9.02128499e-03 7.20423161e-03 -8.36222078e-03
-8.36102514e-01 1.68535901e-02 -9.16404530e-03 7.13161433e-03 -8.37970141e-03
-8.35240002e-01 1.69419124e-02 -9.30790731e-03 7.04861824e-03 -8.40078177e-03
-8.34375430e-01 1.70288966e-02 -9.45206649e-03 6.95540880e-03 -8.42579612e-03
-8.33508800e-01 1.71141803e-02 -9.59570376e-03 6.85221190e-03 -8.45505657e-03
-8.32640115e-01 1.71974140e-02 -9.73799097e-03 6.73931318e-03 -8.48885096e-03
-8.31769377e-01 1.72782633e-02 -9.87809643e-03 6.61705706e-03 -8.52744086e-03
-8.30896587e-01 1.73564107e-02 -1.00151905e-02 6.48584516e-03 -8.57105960e-03
-8.30021748e-01 1.74315573e-02 -1.01484509e-02 6.34613447e-03 -8.61991056e-03
-8.29144862e-01 1.75034237e-02 -1.02770684e-02 6.19843501e-03 -8.67416545e-03
-8.28265931e-01 1.75717518e-02 -1.04002520e-02 6.04330714e-03 -8.73396280e-03
-8.27384958e-01 1.76363051e-02 -1.05172342e-02 5.88135850e-03 -8.79940660e-03
-8.26501944e-01 1.76968702e-02 -1.06272757e-02 5.71324056e-03 -8.87056510e-03
-8.25616892e-01 1.77532562e-02 -1.07296705e-02 5.53964488e-03 -8.94746983e-03
-8.24729804e-01 1.78052961e-02 -1.08237503e-02 5.36129905e-03 -9.03011471e-03
-8.23840681e-01 1.78528459e-02 -1.09088885e-02 5.17896232e-03 -9.11845550e-03
-8.22949527e-01 1.78957852e-02 -1.09845048e-02 4.99342108e-03 -9.21240940e-03
-8.22056344e-01 1.79340161e-02 -1.10500680e-02 4.80548400e-03 -9.31185482e-03
-8.21161133e-01 1.79674635e-02 -1.11050999e-02 4.61597706e-03 -9.41663152e-03
-8.20263897e-01 1.79960736e-02 -1.11491778e-02 4.42573849e-03 -9.52654089e-03
-8.19364639e-01 1.80198136e-02 -1.11819375e-02 4.23561345e-03 -9.64134650e-03
-8.18463359e-01 1.80386707e-02 -1.12030749e-02 4.04644883e-03 -9.76077491e-03
-8.17560061e-01 1.80526504e-02 -1.12123483e-02 3.85908785e-03 -9.88451678e-03
-8.16654747e-01 1.80617763e-02 -1.12095793e-02 3.67436478e-03 -1.00122282e-02
-8.15747419e-01 1.80660879e-02 -1.11946540e-02 3.49309967e-03 -1.01435321e-02
-8.14838079e-01 1.80656397e-02 -1.11675236e-02 3.31609315e-03 -1.02780204e-02
-8.13926729e-01 1.80605001e-02 -1.11282040e-02 3.14412139e-03 -1.04152559e-02
-8.13013373e-01 1.80507493e-02 -1.10767761e-02 2.97793119e-03 -1.05547746e-02
-8.12098011e-01 1.80364789e-02 -1.10133849e-02 2.81823528e-03 -1.06960884e-02
-8.11180646e-01 1.80177895e-02 -1.09382381e-02 2.66570784e-03 -1.08386876e-02
-8.10261281e-01 1.79947902e-02 -1.08516051e-02 2.52098031e-03 -1.09820441e-02
-8.09339918e-01 1.79675969e-02 -1.07538147e-02 2.38463748e-03 -1.11256146e-02
-8.08416559e-01 1.79363313e-02 -1.06452532e-02 2.25721388e-03 -1.12688437e-02
-8.07491206e-01 1.79011197e-02 -1.05263616e-02 2.13919052e-03 -1.14111675e-02
-8.06563861e-01 1.78620918e-02 -1.03976327e-02 2.03099208e-03 -1.15520172e-02
-8.05634528e-01 1.78193802e-02 -1.02596083e-02 1.93298436e-03 -1.16908226e-02
-8.04703207e-01 1.77731191e-02 -1.01128751e-02 1.84547226e-03 -1.18270162e-02
-8.03769903e-01 1.77234439e-02 -9.95806136e-03 1.76869811e-03 -1.19600364e-02
-8.02834616e-01 1.76704904e-02 -9.79583298e-03 1.70284043e-03 -1.20893318e-02
-8.01897349e-01 1.76143945e-02 -9.62688904e-03 1.64801319e-03 -1.22143647e-02
-8.00958104e-01 1.75552916e-02 -9.45195768e-03 1.60426544e-03 -1.23346148e-02
-8.00016884e-01 1.74933167e-02 -9.27179148e-03 1.57158146e-03 -1.24495828e-02
-7.99073691e-01 1.74286039e-02 -9.08716293e-03 1.54988125e-03 -1.25587941e-02
-7.98128528e-01 1.73612864e-02 -8.89885968e-03 1.53902157e-03 -1.26618018e-02
-7.97181396e-01 1.72914968e-02 -8.70767983e-03 1.53879728e-03 -1.27581901e-02
-7.96232298e-01 1.72193672e-02 -8.51442712e-03 1.54894322e-03 -1.28475771e-02
-7.95281236e-01 1.71450292e-02 -8.31990621e-03 1.56913633e-03 -1.29296179e-02
-7.94328214e-01 1.70686144e-02 -8.12491796e-03 1.59899830e-03 -1.30040065e-02
-7.93373232e-01 1.69902548e-02 -7.93025479e-03 1.63809843e-03 -1.30704783e-02
-7.92416293e-01 1.69100831e-02 -7.73669616e-03 1.68595692e-03 -1.31288122e-02
-7.91457401e-01 1.68282332e-02 -7.54500415e-03 1.74204837e-03 -1.31788316e-02
-7.90496556e-01 1.67448407e-02 -7.35591929e-03 1.80580562e-03 -1.32204064e-02
-7.89533763e-01 1.66600434e-02 -7.17015648e-03 1.87662375e-03 -1.32534531e-02
-7.88569022e-01 1.65739816e-02 -6.98840121e-03 1.95386434e-03 -1.32779360e-02
-7.87602336e-01 1.64867989e-02 -6.81130601e-03 2.03685988e-03 -1.32938670e-02
-7.86633708e-01 1.63986422e-02 -6.63948711e-03 2.12491827e-03 -1.33013057e-02
-7.85663139e-01 1.63096627e-02 -6.47352146e-03 2.21732748e-03 -1.33003585e-02
-7.84690634e-01 1.62200156e-02 -6.31394405e-03 2.31336021e-03 -1.32911782e-02
-7.83716193e-01 1.61298608e-02 -6.16124548e-03 2.41227859e-03 -1.32739625e-02
-7.82739819e-01 1.60393630e-02 -6.01586994e-03 2.51333891e-03 -1.32489526e-02
-7.81761515e-01 1.59486918e-02 -5.87821347e-03 2.61579617e-03 -1.32164310e-02
-7.80781283e-01 1.58580219e-02 -5.74862265e-03 2.71890874e-03 -1.31767200e-02
-7.79799126e-01 1.57675330e-02 -5.62739351e-03 2.82194271e-03 -1.31301786e-02
-7.78815045e-01 1.56774094e-02 -5.51477093e-03 2.92417623e-03 -1.30772002e-02
-7.77829044e-01 1.55878402e-02 -5.41094827e-03 3.02490361e-03 -1.30182098e-02
-7.76841124e-01 1.54990188e-02 -5.31606745e-03 3.12343921e-03 -1.29536604e-02
-7.75851289e-01 1.54111422e-02 -5.23021922e-03 3.21912113e-03 -1.28840303e-02
-7.74859540e-01 1.53244110e-02 -5.15344393e-03 3.31131465e-03 -1.28098192e-02
-7.73865880e-01 1.52390281e-02 -5.08573243e-03 3.39941539e-03 -1.27315451e-02
-7.72870312e-01 1.51551987e-02 -5.02702736e-03 3.48285216e-03 -1.26497403e-02
-7.71872838e-01 1.50731286e-02 -4.97722469e-03 3.56108954e-03 -1.25649480e-02
-7.70873460e-01 1.49930242e-02 -4.93617552e-03 3.63363018e-03 -1.24777185e-02
-7.69872181e-01 1.49150906e-02 -4.90368805e-03 3.70001667e-03 -1.23886058e-02
-7.68869004e-01 1.48395314e-02 -4.87952981e-03 3.75983325e-03 -1.22981633e-02
-7.67863930e-01 1.47665466e-02 -4.86343007e-03 3.81270703e-03 -1.22069412e-02
-7.66856963e-01 1.46963323e-02 -4.85508236e-03 3.85830902e-03 -1.21154821e-02
-7.65848104e-01 1.46290788e-02 -4.85414711e-03 3.89635473e-03 -1.20243185e-02
-7.64837357e-01 1.45649694e-02 -4.86025449e-03 3.92660458e-03 -1.19339688e-02
-7.63824724e-01 1.45041793e-02 -4.87300718e-03 3.94886388e-03 -1.18449348e-02
-7.62810206e-01 1.44468742e-02 -4.89198329e-03 3.96298259e-03 -1.17576988e-02
-7.61793808e-01 1.43932088e-02 -4.91673928e-03 3.96885482e-03 -1.16727207e-02
-7.60775531e-01 1.43433254e-02 -4.94681290e-03 3.96641799e-03 -1.15904357e-02
-7.59755377e-01 1.42973529e-02 -4.98172602e-03 3.95565182e-03 -1.15112520e-02
-7.58733350e-01 1.42554051e-02 -5.02098756e-03 3.93657705e-03 -1.14355492e-02
-7.57709452e-01 1.42175799e-02 -5.06409629e-03 3.90925395e-03 -1.13636757e-02
-7.56683685e-01 1.41839578e-02 -5.11054351e-03 3.87378070e-03 -1.12959482e-02
-7.55656053e-01 1.41546008e-02 -5.15981574e-03 3.83029152e-03 -1.12326495e-02
-7.54626556e-01 1.41295517e-02 -5.21139724e-03 3.77895472e-03 -1.11740285e-02
-7.53595199e-01 1.41088327e-02 -5.26477244e-03 3.71997063e-03 -1.11202982e-02
-7.52561982e-01 1.40924450e-02 -5.31942829e-03 3.65356937e-03 -1.10716365e-02
-7.51526911e-01 1.40803678e-02 -5.37485640e-03 3.58000862e-03 -1.10281848e-02
-7.50489985e-01 1.40725582e-02 -5.43055514e-03 3.49957129e-03 -1.09900486e-02
-7.49451209e-01 1.40689502e-02 -5.48603156e-03 3.41256317e-03 -1.09572975e-02
-7.48410585e-01 1.40694549e-02 -5.54080319e-03 3.31931059e-03 -1.09299653e-02
-7.47368114e-01 1.40739600e-02 -5.59439974e-03 3.22015801e-03 -1.09080511e-02
-7.46323801e-01 1.40823304e-02 -5.64636462e-03 3.11546571e-03 -1.08915197e-02
-7.45277647e-01 1.40944077e-02 -5.69625637e-03 3.00560751e-03 -1.08803025e-02
-7.44229655e-01 1.41100114e-02 -5.74365000e-03 2.89096850e-03 -1.08742989e-02
-7.43179828e-01 1.41289387e-02 -5.78813817e-03 2.77194289e-03 -1.08733775e-02
-7.42128168e-01 1.41509659e-02 -5.82933228e-03 2.64893187e-03 -1.08773773e-02
-7.41074678e-01 1.41758488e-02 -5.86686350e-03 2.52234166e-03 -1.08861094e-02
-7.40019360e-01 1.42033241e-02 -5.90038364e-03 2.39258155e-03 -1.08993587e-02
-7.38962217e-01 1.42331106e-02 -5.92956597e-03 2.26006212e-03 -1.09168856e-02
-7.37903252e-01 1.42649105e-02 -5.95410600e-03 2.12519356e-03 -1.09384278e-02
-7.36842467e-01 1.42984110e-02 -5.97372214e-03 1.98838406e-03 -1.09637023e-02
-7.35779864e-01 1.43332859e-02 -5.98815626e-03 1.85003833e-03 -1.09924073e-02
-7.34715448e-01 1.43691976e-02 -5.99717429e-03 1.71055631e-03 -1.10242243e-02
-7.33649219e-01 1.44057990e-02 -6.00056665e-03 1.57033186e-03 -1.10588203e-02
-7.32581181e-01 1.44427353e-02 -5.99814873e-03 1.42975169e-03 -1.10958494e-02
-7.31511336e-01 1.44796463e-02 -5.98976117e-03 1.28919431e-03 -1.11349556e-02
-7.30439687e-01 1.45161688e-02 -5.97527026e-03 1.14902915e-03 -1.11757744e-02
-7.29366237e-01 1.45519381e-02 -5.95456814e-03 1.00961573e-03 -1.12179349e-02
-7.28290988e-01 1.45865910e-02 -5.92757300e-03 8.71302951e-04 -1.12610623e-02
-7.27213943e-01 1.46197676e-02 -5.89422924e-03 7.34428478e-04 -1.13047795e-02
-7.26135105e-01 1.46511140e-02 -5.85450751e-03 5.99318187e-04 -1.13487093e-02
-7.25054476e-01 1.46802837e-02 -5.80840471e-03 4.66285702e-04 -1.13924766e-02
-7.23972059e-01 1.47069407e-02 -5.75594396e-03 3.35631995e-04 -1.14357096e-02
-7.22887856e-01 1.47307608e-02 -5.69717437e-03 2.07645047e-04 -1.14780424e-02
-7.21801870e-01 1.47514341e-02 -5.63217087e-03 8.25995658e-05 -1.15191164e-02
-7.20714105e-01 1.47686666e-02 -5.56103382e-03 -3.92432508e-05 -1.15585821e-02
-7.19624562e-01 1.47821819e-02 -5.48388861e-03 -1.57635907e-04 -1.15961004e-02
-7.18533244e-01 1.47917232e-02 -5.40088513e-03 -2.72344767e-04 -1.16313445e-02
-7.17440155e-01 1.47970542e-02 -5.31219708e-03 -3.83150181e-04 -1.16640010e-02
-7.16345296e-01 1.47979606e-02 -5.21802128e-03 -4.89846584e-04 -1.16937715e-02
-7.15248670e-01 1.47942512e-02 -5.11857671e-03 -5.92242577e-04 -1.17203733e-02
-7.14150280e-01 1.47857588e-02 -5.01410358e-03 -6.90160982e-04 -1.17435409e-02
-7.13050130e-01 1.47723405e-02 -4.90486220e-03 -7.83438887e-04 -1.17630266e-02
-7.11948220e-01 1.47538788e-02 -4.79113170e-03 -8.71927675e-04 -1.17786017e-02
-7.10844555e-01 1.47302811e-02 -4.67320870e-03 -9.55493041e-04 -1.17900567e-02
-7.09739137e-01 1.47014803e-02 -4.55140584e-03 -1.03401499e-03 -1.17972022e-02
-7.08631969e-01 1.46674341e-02 -4.42605018e-03 -1.10738785e-03 -1.17998690e-02
-7.07523053e-01 1.46281251e-02 -4.29748149e-03 -1.17552023e-03 -1.17979088e-02
-7.06412392e-01 1.45835597e-02 -4.16605045e-03 -1.23833499e-03 -1.17911940e-02
-7.05299989e-01 1.45337677e-02 -4.03211683e-03 -1.29576922e-03 -1.17796178e-02
-7.04185846e-01 1.44788008e-02 -3.89604745e-03 -1.34777415e-03 -1.17630942e-02
-7.03069967e-01 1.44187320e-02 -3.75821418e-03 -1.39431508e-03 -1.17415576e-02
-7.01952354e-01 1.43536537e-02 -3.61899191e-03 -1.43537130e-03 -1.17149626e-02
-7.00833010e-01 1.42836767e-02 -3.47875639e-03 -1.47093593e-03 -1.16832833e-02
-6.99711937e-01 1.42089284e-02 -3.33788213e-03 -1.50101581e-03 -1.16465131e-02
-6.98589139e-01 1.41295508e-02 -3.19674029e-03 -1.52563127e-03 -1.16046637e-02
-6.97464618e-01 1.40456992e-02 -3.05569655e-03 -1.54481601e-03 -1.15577641e-02
-6.96338377e-01 1.39575402e-02 -2.91510907e-03 -1.55861678e-03 -1.15058605e-02
-6.95210419e-01 1.38652495e-02 -2.77532647e-03 -1.56709315e-03 -1.14490145e-02
-6.94080746e-01 1.37690105e-02 -2.63668590e-03 -1.57031717e-03 -1.13873027e-02
-6.92949362e-01 1.36690118e-02 -2.49951124e-03 -1.56837306e-03 -1.13208151e-02
-6.91816268e-01 1.35654461e-02 -2.36411133e-03 -1.56135679e-03 -1.12496546e-02
-6.90681469e-01 1.34585075e-02 -2.23077843e-03 -1.54937566e-03 -1.11739354e-02
-6.89544966e-01 1.33483906e-02 -2.09978677e-03 -1.53254786e-03 -1.10937818e-02
-6.88406763e-01 1.32352882e-02 -1.97139125e-03 -1.51100190e-03 -1.10093274e-02
-6.87266861e-01 1.31193900e-02 -1.84582639e-03 -1.48487613e-03 -1.09207135e-02
-6.86125265e-01 1.30008814e-02 -1.72330540e-03 -1.45431811e-03 -1.08280881e-02
-6.84981977e-01 1.28799419e-02 -1.60401946e-03 -1.41948402e-03 -1.07316049e-02
-6.83837000e-01 1.27567442e-02 -1.48813724e-03 -1.38053799e-03 -1.06314219e-02
-6.82690336e-01 1.26314530e-02 -1.37580464e-03 -1.33765140e-03 -1.05277006e-02
-6.81541988e-01 1.25042246e-02 -1.26714463e-03 -1.29100222e-03 -1.04206048e-02
-6.80391960e-01 1.23752062e-02 -1.16225751e-03 -1.24077422e-03 -1.03102998e-02
-6.79240254e-01 1.22445354e-02 -1.06122115e-03 -1.18715625e-03 -1.01969513e-02
-6.78086872e-01 1.21123400e-02 -9.64091664e-04 -1.13034146e-03 -1.00807250e-02
-6.76931818e-01 1.19787382e-02 -8.70904111e-04 -1.07052654e-03 -9.96178560e-03
-6.75775095e-01 1.18438386e-02 -7.81673485e-04 -1.00791091e-03 -9.84029613e-03
-6.74616706e-01 1.17077405e-02 -6.96395859e-04 -9.42695975e-04 -9.71641770e-03
-6.73456652e-01 1.15705347e-02 -6.15049693e-04 -8.75084326e-04 -9.59030895e-03
-6.72294938e-01 1.14323039e-02 -5.37597303e-04 -8.05278990e-04 -9.46212574e-03
-6.71131566e-01 1.12931237e-02 -4.63986462e-04 -7.33482683e-04 -9.33202092e-03
-6.69966538e-01 1.11530637e-02 -3.94152103e-04 -6.59897091e-04 -9.20014428e-03
-6.68799859e-01 1.10121881e-02 -3.28018137e-04 -5.84722172e-04 -9.06664249e-03
-6.67631530e-01 1.08705574e-02 -2.65499322e-04 -5.08155499e-04 -8.93165920e-03
-6.66461554e-01 1.07282295e-02 -2.06503192e-04 -4.30391633e-04 -8.79533518e-03
-6.65289935e-01 1.05852609e-02 -1.50932004e-04 -3.51621541e-04 -8.65780862e-03
-6.64116675e-01 1.04417083e-02 -9.86846956e-05 -2.72032060e-04 -8.51921540e-03
-6.62941778e-01 1.02976296e-02 -4.96588051e-05 -1.91805405e-04 -8.37968955e-03
-6.61765245e-01 1.01530858e-02 -3.75235941e-06 -1.11118734e-04 -8.23936362e-03
-6.60587080e-01 1.00081419e-02 3.91343161e-05 -3.01437665e-05 -8.09836924e-03
-6.59407287e-01 9.86286836e-03 7.90968752e-05 5.09535474e-05 -7.95683766e-03
-6.58225867e-01 9.71734236e-03 1.16225341e-04 1.32013293e-04 -7.81490026e-03
-6.57042824e-01 9.57164896e-03 1.50602629e-04 2.12881805e-04 -7.67268918e-03
-6.55858160e-01 9.42588207e-03 1.82303214e-04 2.93411815e-04 -7.53033789e-03
-6.54671879e-01 9.28014543e-03 2.11391969e-04 3.73462554e-04 -7.38798175e-03
-6.53483983e-01 9.13455335e-03 2.37923174e-04 4.52899783e-04 -7.24575857e-03
-6.52294476e-01 8.98923136e-03 2.61939723e-04 5.31595777e-04 -7.10380915e-03
-6.51103360e-01 8.84431667e-03 2.83472521e-04 6.09429255e-04 -6.96227772e-03
-6.49910639e-01 8.69995847e-03 3.02540091e-04 6.86285253e-04 -6.82131242e-03
-6.48716314e-01 8.55631802e-03 3.19148392e-04 7.62054955e-04 -6.68106561e-03
-6.47520390e-01 8.41356862e-03 3.33290840e-04 8.36635478e-04 -6.54169420e-03
-6.46322869e-01 8.27189533e-03 3.44948547e-04 9.09929615e-04 -6.40335984e-03
-6.45123754e-01 8.13149452e-03 3.54090761e-04 9.81845542e-04 -6.26622907e-03
-6.43923048e-01 7.99257325e-03 3.60675502e-04 1.05229649e-03 -6.13047328e-03
-6.42720754e-01 7.85534848e-03 3.64650399e-04 1.12120042e-03 -5.99626875e-03
-6.41516875e-01 7.72004604e-03 3.65953697e-04 1.18847959e-03 -5.86379637e-03
-6.40311414e-01 7.58689954e-03 3.64515437e-04 1.25406025e-03 -5.73324145e-03
-6.39104373e-01 7.45614904e-03 3.60258784e-04 1.31787219e-03 -5.60479327e-03
-6.37895757e-01 7.32803963e-03 3.53101495e-04 1.37984833e-03 -5.47864467e-03
-6.36685567e-01 7.20281985e-03 3.42957498e-04 1.43992436e-03 -5.35499141e-03
-6.35473807e-01 7.08074005e-03 3.29738578e-04 1.49803833e-03 -5.23403149e-03
-6.34260480e-01 6.96205062e-03 3.13356129e-04 1.55413024e-03 -5.11596440e-03
-6.33045589e-01 6.84700018e-03 2.93722970e-04 1.60814172e-03 -5.00099025e-03
-6.31829137e-01 6.73583366e-03 2.70755188e-04 1.66001565e-03 -4.88930879e-03
-6.30611126e-01 6.62879047e-03 2.44373999e-04 1.70969586e-03 -4.78111844e-03
-6.29391561e-01 6.52610253e-03 2.14507591e-04 1.75712688e-03 -4.67661517e-03
-6.28170443e-01 6.42799238e-03 1.81092938e-04 1.80225361e-03 -4.57599141e-03
-6.26947776e-01 6.33467135e-03 1.44077556e-04 1.84502121e-03 -4.47943482e-03
-6.25723562e-01 6.24633772e-03 1.03421183e-04 1.88537487e-03 -4.38712714e-03
-6.24497806e-01 6.16317500e-03 5.90973642e-05 1.92325973e-03 -4.29924295e-03
-6.23270509e-01 6.08535030e-03 1.10949210e-05 1.95862079e-03 -4.21594842e-03
-6.22041676e-01 6.01301278e-03 -4.05807151e-05 1.99140289e-03 -4.13740013e-03
-6.20811308e-01 5.94629228e-03 -9.59063147e-05 2.02155078e-03 -4.06374387e-03
-6.19579410e-01 5.88529808e-03 -1.54839827e-04 2.04900915e-03 -3.99511343e-03
-6.18345983e-01 5.83011776e-03 -2.17319534e-04 2.07372281e-03 -3.93162954e-03
-6.17111031e-01 5.78081632e-03 -2.83263386e-04 2.09563686e-03 -3.87339878e-03
-6.15874558e-01 5.73743541e-03 -3.52568537e-04 2.11469695e-03 -3.82051256e-03
-6.14636565e-01 5.69999279e-03 -4.25111079e-04 2.13084953e-03 -3.77304627e-03
-6.13397057e-01 5.66848194e-03 -5.00745977e-04 2.14404222e-03 -3.73105840e-03
-6.12156036e-01 5.64287192e-03 -5.79307218e-04 2.15422416e-03 -3.69458983e-03
-6.10913506e-01 5.62310737e-03 -6.60608159e-04 2.16134648e-03 -3.66366323e-03
-6.09669468e-01 5.60910873e-03 -7.44442081e-04 2.16536268e-03 -3.63828249e-03
-6.08423928e-01 5.60077266e-03 -8.30582943e-04 2.16622919e-03 -3.61843241e-03
-6.07176887e-01 5.59797261e-03 -9.18786323e-04 2.16390585e-03 -3.60407835e-03
-6.05928348e-01 5.60055965e-03 -1.00879055e-03 2.15835645e-03 -3.59516617e-03
-6.04678315e-01 5.60836333e-03 -1.10031799e-03 2.14954930e-03 -3.59162212e-03
-6.03426791e-01 5.62119287e-03 -1.19307651e-03 2.13745779e-03 -3.59335303e-03
-6.02173778e-01 5.63883831e-03 -1.28676109e-03 2.12206097e-03 -3.60024651e-03
-6.00919281e-01 5.66107197e-03 -1.38105554e-03 2.10334411e-03 -3.61217133e-03
-5.99663302e-01 5.68764987e-03 -1.47563436e-03 2.08129931e-03 -3.62897788e-03
-5.98405843e-01 5.71831340e-03 -1.57016465e-03 2.05592600e-03 -3.65049882e-03
-5.97146909e-01 5.75279089e-03 -1.66430817e-03 2.02723152e-03 -3.67654975e-03
-5.95886503e-01 5.79079946e-03 -1.75772339e-03 1.99523161e-03 -3.70693007e-03
-5.94624627e-01 5.83204671e-03 -1.85006759e-03 1.95995091e-03 -3.74142387e-03
-5.93361284e-01 5.87623260e-03 -1.94099902e-03 1.92142336e-03 -3.77980099e-03
-5.92096478e-01 5.92305125e-03 -2.03017903e-03 1.87969266e-03 -3.82181808e-03
-5.90830212e-01 5.97219278e-03 -2.11727414e-03 1.83481260e-03 -3.86721980e-03
-5.89562488e-01 6.02334506e-03 -2.20195814e-03 1.78684733e-03 -3.91574002e-03
-5.88293311e-01 6.07619555e-03 -2.28391411e-03 1.73587162e-03 -3.96710315e-03
-5.87022683e-01 6.13043296e-03 -2.36283630e-03 1.68197104e-03 -4.02102548e-03
-5.85750607e-01 6.18574888e-03 -2.43843203e-03 1.62524209e-03 -4.07721651e-03
-5.84477087e-01 6.24183938e-03 -2.51042339e-03 1.56579216e-03 -4.13538038e-03
-5.83202125e-01 6.29840647e-03 -2.57854883e-03 1.50373960e-03 -4.19521725e-03
-5.81925725e-01 6.35515943e-03 -2.64256466e-03 1.43921355e-03 -4.25642477e-03
-5.80647890e-01 6.41181614e-03 -2.70224636e-03 1.37235373e-03 -4.31869940e-03
-5.79368623e-01 6.46810415e-03 -2.75738975e-03 1.30331026e-03 -4.38173787e-03
-5.78087927e-01 6.52376175e-03 -2.80781196e-03 1.23224323e-03 -4.44523853e-03
-5.76805805e-01 6.57853884e-03 -2.85335231e-03 1.15932235e-03 -4.50890265e-03
-5.75522261e-01 6.63219771e-03 -2.89387290e-03 1.08472639e-03 -4.57243576e-03
-5.74237298e-01 6.68451366e-03 -2.92925912e-03 1.00864269e-03 -4.63554890e-03
-5.72950918e-01 6.73527554e-03 -2.95941996e-03 9.31266449e-04 -4.69795973e-03
-5.71663126e-01 6.78428610e-03 -2.98428805e-03 8.52800037e-04 -4.75939378e-03
-5.70373923e-01 6.83136229e-03 -3.00381967e-03 7.73452243e-04 -4.81958542e-03
-5.69083314e-01 6.87633538e-03 -3.01799450e-03 6.93437414e-04 -4.87827888e-03
-5.67791302e-01 6.91905100e-03 -3.02681518e-03 6.12974580e-04 -4.93522919e-03
-5.66497889e-01 6.95936910e-03 -3.03030681e-03 5.32286510e-04 -4.99020299e-03
-5.65203079e-01 6.99716375e-03 -3.02851620e-03 4.51598730e-04 -5.04297932e-03
-5.63906875e-01 7.03232291e-03 -3.02151108e-03 3.71138504e-04 -5.09335026e-03
-5.62609281e-01 7.06474808e-03 -3.00937907e-03 2.91133785e-04 -5.14112152e-03
-5.61310299e-01 7.09435393e-03 -2.99222664e-03 2.11812142e-04 -5.18611298e-03
-5.60009933e-01 7.12106783e-03 -2.97017793e-03 1.33399673e-04 -5.22815906e-03
-5.58708186e-01 7.14482932e-03 -2.94337345e-03 5.61199072e-05 -5.26710907e-03
-5.57405060e-01 7.16558957e-03 -2.91196877e-03 -1.98072883e-05 -5.30282747e-03
-5.56100561e-01 7.18331081e-03 -2.87613313e-03 -9.41667962e-05 -5.33519398e-03
-5.54794689e-01 7.19796570e-03 -2.83604795e-03 -1.66749321e-04 -5.36410371e-03
-5.53487450e-01 7.20953673e-03 -2.79190543e-03 -2.37352437e-04 -5.38946710e-03
-5.52178845e-01 7.21801560e-03 -2.74390705e-03 -3.05781602e-04 -5.41120989e-03
-5.50868879e-01 7.22340259e-03 -2.69226206e-03 -3.71851137e-04 -5.42927291e-03
-5.49557555e-01 7.22570593e-03 -2.63718609e-03 -4.35385153e-04 -5.44361187e-03
-5.48244874e-01 7.22494126e-03 -2.57889966e-03 -4.96218434e-04 -5.45419707e-03
-5.46930842e-01 7.22113100e-03 -2.51762682e-03 -5.54197244e-04 -5.46101302e-03
-5.45615461e-01 7.21430385e-03 -2.45359381e-03 -6.09180088e-04 -5.46405800e-03
-5.44298735e-01 7.20449426e-03 -2.38702780e-03 -6.61038384e-04 -5.46334364e-03
-5.42980666e-01 7.19174196e-03 -2.31815566e-03 -7.09657067e-04 -5.45889432e-03
-5.41661258e-01 7.17609152e-03 -2.24720288e-03 -7.54935108e-04 -5.45074661e-03
-5.40340514e-01 7.15759197e-03 -2.17439252e-03 -7.96785950e-04 -5.43894873e-03
-5.39018438e-01 7.13629643e-03 -2.09994426e-03 -8.35137852e-04 -5.42355978e-03
-5.37695032e-01 7.11226182e-03 -2.02407359e-03 -8.69934145e-04 -5.40464917e-03
-5.36370301e-01 7.08554856e-03 -1.94699103e-03 -9.01133393e-04 -5.38229588e-03
-5.35044246e-01 7.05622040e-03 -1.86890152e-03 -9.28709457e-04 -5.35658772e-03
-5.33716872e-01 7.02434417e-03 -1.79000388e-03 -9.52651474e-04 -5.32762064e-03
-5.32388182e-01 6.98998967e-03 -1.71049034e-03 -9.72963726e-04 -5.29549801e-03
-5.31058179e-01 6.95322958e-03 -1.63054624e-03 -9.89665434e-04 -5.26032984e-03
-5.29726866e-01 6.91413934e-03 -1.55034975e-03 -1.00279044e-03 -5.22223209e-03
-5.28394247e-01 6.87279711e-03 -1.47007176e-03 -1.01238683e-03 -5.18132594e-03
-5.27060325e-01 6.82928379e-03 -1.38987574e-03 -1.01851643e-03 -5.13773709e-03
-5.25725102e-01 6.78368297e-03 -1.30991782e-03 -1.02125427e-03 -5.09159510e-03
-5.24388584e-01 6.73608098e-03 -1.23034685e-03 -1.02068791e-03 -5.04303271e-03
-5.23050772e-01 6.68656691e-03 -1.15130450e-03 -1.01691677e-03 -4.99218520e-03
-5.21711670e-01 6.63523266e-03 -1.07292552e-03 -1.01005133e-03 -4.93918986e-03
-5.20371281e-01 6.58217298e-03 -9.95337986e-04 -1.00021229e-03 -4.88418534e-03
-5.19029610e-01 6.52748553e-03 -9.18663539e-04 -9.87529697e-04 -4.82731119e-03
-5.17686658e-01 6.47127090e-03 -8.43017758e-04 -9.72141999e-04 -4.76870735e-03
-5.16342429e-01 6.41363269e-03 -7.68510478e-04 -9.54195077e-04 -4.70851371e-03
-5.14996927e-01 6.35467749e-03 -6.95246152e-04 -9.33841238e-04 -4.64686972e-03
-5.13650155e-01 6.29451490e-03 -6.23324215e-04 -9.11238191e-04 -4.58391400e-03
-5.12302117e-01 6.23325754e-03 -5.52839439e-04 -8.86548002e-04 -4.51978405e-03
-5.10952815e-01 6.17102100e-03 -4.83882289e-04 -8.59936049e-04 -4.45461597e-03
-5.09602252e-01 6.10792378e-03 -4.16539254e-04 -8.31569971e-04 -4.38854420e-03
-5.08250433e-01 6.04408722e-03 -3.50893162e-04 -8.01618631e-04 -4.32170135e-03
-5.06897361e-01 5.97963536e-03 -2.87023461e-04 -7.70251094e-04 -4.25421801e-03
-5.05543038e-01 5.91469480e-03 -2.25006476e-04 -7.37635629e-04 -4.18622264e-03
-5.04187469e-01 5.84939452e-03 -1.64915621e-04 -7.03938742e-04 -4.11784145e-03
-5.02830656e-01 5.78386566e-03 -1.06821580e-04 -6.69324248e-04 -4.04919837e-03
-5.01472604e-01 5.71824125e-03 -5.07924434e-05 -6.33952387e-04 -3.98041492e-03
-5.00113314e-01 5.65265594e-03 3.10619762e-06 -5.97978992e-04 -3.91161024e-03
-4.98752791e-01 5.58724565e-03 5.48111994e-05 -5.61554710e-04 -3.84290104e-03
-4.97391039e-01 5.52214723e-03 1.04261855e-04 -5.24824285e-04 -3.77440159e-03
-4.96028059e-01 5.45749803e-03 1.51399926e-04 -4.87925908e-04 -3.70622373e-03
-4.94663856e-01 5.39343549e-03 1.96169712e-04 -4.50990632e-04 -3.63847683e-03
-4.93298434e-01 5.33009666e-03 2.38518159e-04 -4.14141865e-04 -3.57126778e-03
-4.91931794e-01 5.26761771e-03 2.78394999e-04 -3.77494925e-04 -3.50470100e-03
-4.90563942e-01 5.20613340e-03 3.15752922e-04 -3.41156681e-04 -3.43887836e-03
-4.89194880e-01 5.14577654e-03 3.50547777e-04 -3.05225270e-04 -3.37389915e-03
-4.87824611e-01 5.08667741e-03 3.82738784e-04 -2.69789879e-04 -3.30985998e-03
-4.86453139e-01 5.02896316e-03 4.12288782e-04 -2.34930616e-04 -3.24685471e-03
-4.85080468e-01 4.97275722e-03 4.39164470e-04 -2.00718449e-04 -3.18497430e-03
-4.83706600e-01 4.91817868e-03 4.63336674e-04 -1.67215215e-04 -3.12430667e-03
-4.82331539e-01 4.86534167e-03 4.84780606e-04 -1.34473705e-04 -3.06493651e-03
-4.80955289e-01 4.81435471e-03 5.03476128e-04 -1.02537814e-04 -3.00694507e-03
-4.79577853e-01 4.76532014e-03 5.19408004e-04 -7.14427471e-05 -2.95040991e-03
-4.78199234e-01 4.71833345e-03 5.32566155e-04 -4.12152980e-05 -2.89540464e-03
-4.76819436e-01 4.67348271e-03 5.42945886e-04 -1.18741692e-05 -2.84199864e-03
-4.75438462e-01 4.63084800e-03 5.50548105e-04 1.65696514e-05 -2.79025669e-03
-4.74056315e-01 4.59050081e-03 5.55379518e-04 4.41124723e-05 -2.74023870e-03
-4.72672999e-01 4.55250355e-03 5.57452801e-04 7.07574413e-05 -2.69199930e-03
-4.71288518e-01 4.51690902e-03 5.56786748e-04 9.65140564e-05 -2.64558748e-03
-4.69902874e-01 4.48375999e-03 5.53406391e-04 1.21397649e-04 -2.60104625e-03
-4.68516071e-01 4.45308876e-03 5.47343087e-04 1.45428849e-04 -2.55841224e-03
-4.67128113e-01 4.42491681e-03 5.38634576e-04 1.68633033e-04 -2.51771530e-03
-4.65739003e-01 4.39925449e-03 5.27325017e-04 1.91039761e-04 -2.47897820e-03
-4.64348744e-01 4.37610075e-03 5.13464976e-04 2.12682223e-04 -2.44221625e-03
-4.62957340e-01 4.35544297e-03 4.97111401e-04 2.33596671e-04 -2.40743700e-03
-4.61564795e-01 4.33725685e-03 4.78327552e-04 2.53821871e-04 -2.37463993e-03
-4.60171111e-01 4.32150631e-03 4.57182914e-04 2.73398567e-04 -2.34381623e-03
-4.58776292e-01 4.30814355e-03 4.33753072e-04 2.92368957e-04 -2.31494859e-03
-4.57380342e-01 4.29710911e-03 4.08119566e-04 3.10776199e-04 -2.28801105e-03
-4.55983264e-01 4.28833206e-03 3.80369724e-04 3.28663938e-04 -2.26296887e-03
-4.54585061e-01 4.28173023e-03 3.50596461e-04 3.46075862e-04 -2.23977855e-03
-4.53185738e-01 4.27721051e-03 3.18898073e-04 3.63055296e-04 -2.21838784e-03
-4.51785296e-01 4.27466928e-03 2.85378000e-04 3.79644820e-04 -2.19873584e-03
-4.50383741e-01 4.27399286e-03 2.50144582e-04 3.95885936e-04 -2.18075315e-03
-4.48981074e-01 4.27505805e-03 2.13310798e-04 4.11818761e-04 -2.16436221e-03
-4.47577301e-01 4.27773277e-03 1.74993991e-04 4.27481764e-04 -2.14947752e-03
-4.46172424e-01 4.28187673e-03 1.35315586e-04 4.42911542e-04 -2.13600614e-03
-4.44766446e-01 4.28734217e-03 9.44008036e-05 4.58142627e-04 -2.12384814e-03
-4.43359371e-01 4.29397471e-03 5.23783624e-05 4.73207340e-04 -2.11289714e-03
-4.41951203e-01 4.30161420e-03 9.38017764e-06 4.88135670e-04 -2.10304100e-03
-4.40541946e-01 4.31009564e-03 -3.44589409e-05 5.02955192e-04 -2.09416250e-03
-4.39131601e-01 4.31925018e-03 -7.90015956e-05 5.17691019e-04 -2.08614011e-03
-4.37720174e-01 4.32890609e-03 -1.24108109e-04 5.32365775e-04 -2.07884884e-03
-4.36307667e-01 4.33888985e-03 -1.69636833e-04 5.46999603e-04 -2.07216110e-03
-4.34894084e-01 4.34902717e-03 -2.15444460e-04 5.61610188e-04 -2.06594768e-03
-4.33479429e-01 4.35914415e-03 -2.61386333e-04 5.76212805e-04 -2.06007868e-03
-4.32063705e-01 4.36906830e-03 -3.07316762e-04 5.90820384e-04 -2.05442454e-03
-4.30646915e-01 4.37862973e-03 -3.53089338e-04 6.05443583e-04 -2.04885703e-03
-4.29229063e-01 4.38766217e-03 -3.98557256e-04 6.20090875e-04 -2.04325035e-03
-4.27810152e-01 4.39600413e-03 -4.43573631e-04 6.34768641e-04 -2.03748208e-03
-4.26390187e-01 4.40349991e-03 -4.87991835e-04 6.49481265e-04 -2.03143427e-03
-4.24969170e-01 4.41000068e-03 -5.31665825e-04 6.64231226e-04 -2.02499443e-03
-4.23547105e-01 4.41536546e-03 -5.74450488e-04 6.79019196e-04 -2.01805648e-03
-4.22123995e-01 4.41946207e-03 -6.16201993e-04 6.93844121e-04 -2.01052170e-03
-4.20699844e-01 4.42216808e-03 -6.56778148e-04 7.08703306e-04 -2.00229963e-03
-4.19274656e-01 4.42337159e-03 -6.96038771e-04 7.23592480e-04 -1.99330886e-03
-4.17848434e-01 4.42297207e-03 -7.33846077e-04 7.38505858e-04 -1.98347780e-03
-4.16421181e-01 4.42088104e-03 -7.70065065e-04 7.53436185e-04 -1.97274533e-03
-4.14992902e-01 4.41702272e-03 -8.04563936e-04 7.68374768e-04 -1.96106143e-03
-4.13563599e-01 4.41133457e-03 -8.37214505e-04 7.83311501e-04 -1.94838765e-03
-4.12133276e-01 4.40376776e-03 -8.67892639e-04 7.98234863e-04 -1.93469749e-03
-4.10701936e-01 4.39428757e-03 -8.96478704e-04 8.13131921e-04 -1.91997674e-03
-4.09269584e-01 4.38287363e-03 -9.22858026e-04 8.27988302e-04 -1.90422363e-03
-4.07836222e-01 4.36952018e-03 -9.46921359e-04 8.42788172e-04 -1.88744893e-03
-4.06401855e-01 4.35423608e-03 -9.68565369e-04 8.57514193e-04 -1.86967589e-03
-4.04966485e-01 4.33704491e-03 -9.87693124e-04 8.72147481e-04 -1.85094016e-03
-4.03530117e-01 4.31798480e-03 -1.00421459e-03 8.86667554e-04 -1.83128947e-03
-4.02092753e-01 4.29710827e-03 -1.01804713e-03 9.01052284e-04 -1.81078332e-03
-4.00654398e-01 4.27448194e-03 -1.02911601e-03 9.15277844e-04 -1.78949249e-03
-3.99215055e-01 4.25018616e-03 -1.03735491e-03 9.29318663e-04 -1.76749851e-03
-3.97774727e-01 4.22431455e-03 -1.04270640e-03 9.43147385e-04 -1.74489297e-03
-3.96333418e-01 4.19697346e-03 -1.04512245e-03 9.56734840e-04 -1.72177679e-03
-3.94891132e-01 4.16828130e-03 -1.04456489e-03 9.70050024e-04 -1.69825943e-03
-3.93447872e-01 4.13836789e-03 -1.04100588e-03 9.83060104e-04 -1.67445794e-03
-3.92003642e-01 4.10737362e-03 -1.03442835e-03 9.95730432e-04 -1.65049603e-03
-3.90558445e-01 4.07544868e-03 -1.02482643e-03 1.00802459e-03 -1.62650304e-03
-3.89112285e-01 4.04275208e-03 -1.01220580e-03 1.01990443e-03 -1.60261292e-03
-3.87665165e-01 4.00945071e-03 -9.96584062e-04 1.03133022e-03 -1.57896306e-03
-3.86217089e-01 3.97571837e-03 -9.77991053e-04 1.04226070e-03 -1.55569325e-03
-3.84768060e-01 3.94173466e-03 -9.56469108e-04 1.05265328e-03 -1.53294448e-03
-3.83318083e-01 3.90768391e-03 -9.32073272e-04 1.06246417e-03 -1.51085783e-03
-3.81867160e-01 3.87375406e-03 -9.04871472e-04 1.07164866e-03 -1.48957332e-03
-3.80415296e-01 3.84013552e-03 -8.74944614e-04 1.08016131e-03 -1.46922879e-03
-3.78962493e-01 3.80701998e-03 -8.42386629e-04 1.08795623e-03 -1.44995880e-03
-3.77508756e-01 3.77459928e-03 -8.07304447e-04 1.09498743e-03 -1.43189357e-03
-3.76054088e-01 3.74306420e-03 -7.69817903e-04 1.10120912e-03 -1.41515793e-03
-3.74598493e-01 3.71260330e-03 -7.30059561e-04 1.10657608e-03 -1.39987037e-03
-3.73141973e-01 3.68340174e-03 -6.88174476e-04 1.11104407e-03 -1.38614211e-03
-3.71684534e-01 3.65564015e-03 -6.44319857e-04 1.11457022e-03 -1.37407622e-03
-3.70226177e-01 3.62949347e-03 -5.98664665e-04 1.11711350e-03 -1.36376684e-03
-3.68766908e-01 3.60512988e-03 -5.51389119e-04 1.11863515e-03 -1.35529848e-03
-3.67306729e-01 3.58270969e-03 -5.02684117e-04 1.11909914e-03 -1.34874532e-03
-3.65845645e-01 3.56238434e-03 -4.52750578e-04 1.11847269e-03 -1.34417071e-03
-3.64383658e-01 3.54429538e-03 -4.01798693e-04 1.11672666e-03 -1.34162663e-03
-3.62920772e-01 3.52857355e-03 -3.50047101e-04 1.11383614e-03 -1.34115329e-03
-3.61456992e-01 3.51533787e-03 -2.97721972e-04 1.10978082e-03 -1.34277887e-03
-3.59992320e-01 3.50469480e-03 -2.45056027e-04 1.10454550e-03 -1.34651919e-03
-3.58526760e-01 3.49673751e-03 -1.92287465e-04 1.09812053e-03 -1.35237765e-03
-3.57060317e-01 3.49154513e-03 -1.39658829e-04 1.09050221e-03 -1.36034506e-03
-3.55592992e-01 3.48918215e-03 -8.74158068e-05 1.08169320e-03 -1.37039972e-03
-3.54124791e-01 3.48969783e-03 -3.58059584e-05 1.07170287e-03 -1.38250749e-03
-3.52655716e-01 3.49312577e-03 1.49225981e-05 1.06054759e-03 -1.39662190e-03
-3.51185772e-01 3.49948346e-03 6.45225579e-05 1.04825107e-03 -1.41268443e-03
-3.49714961e-01 3.50877201e-03 1.12748838e-04 1.03484450e-03 -1.43062476e-03
-3.48243288e-01 3.52097590e-03 1.59360018e-04 1.02036680e-03 -1.45036115e-03
-3.46770756e-01 3.53606289e-03 2.04119806e-04 1.00486467e-03 -1.47180087e-03
-3.45297369e-01 3.55398395e-03 2.46798518e-04 9.88392689e-04 -1.49484062e-03
-3.43823131e-01 3.57467333e-03 2.87174556e-04 9.71013282e-04 -1.51936710e-03
-3.42348044e-01 3.59804875e-03 3.25035886e-04 9.52796642e-04 -1.54525758e-03
-3.40872114e-01 3.62401162e-03 3.60181498e-04 9.33820589e-04 -1.57238047e-03
-3.39395342e-01 3.65244744e-03 3.92422827e-04 9.14170346e-04 -1.60059603e-03
-3.37917734e-01 3.68322623e-03 4.21585146e-04 8.93938257e-04 -1.62975702e-03
-3.36439292e-01 3.71620313e-03 4.47508902e-04 8.73223425e-04 -1.65970944e-03
-3.34960021e-01 3.75121904e-03 4.70050981e-04 8.52131283e-04 -1.69029331e-03
-3.33479923e-01 3.78810138e-03 4.89085910e-04 8.30773097e-04 -1.72134338e-03
-3.31999003e-01 3.82666499e-03 5.04506960e-04 8.09265398e-04 -1.75269002e-03
-3.30517264e-01 3.86671302e-03 5.16227161e-04 7.87729363e-04 -1.78415999e-03
-3.29034710e-01 3.90803804e-03 5.24180199e-04 7.66290119e-04 -1.81557728e-03
-3.27551345e-01 3.95042313e-03 5.28321201e-04 7.45076004e-04 -1.84676402e-03
-3.26067172e-01 3.99364311e-03 5.28627386e-04 7.24217775e-04 -1.87754129e-03
-3.24582195e-01 4.03746580e-03 5.25098584e-04 7.03847769e-04 -1.90773004e-03
-3.23096417e-01 4.08165341e-03 5.17757600e-04 6.84099026e-04 -1.93715197e-03
-3.21609843e-01 4.12596393e-03 5.06650442e-04 6.65104386e-04 -1.96563042e-03
-3.20122475e-01 4.17015260e-03 4.91846371e-04 6.46995552e-04 -1.99299126e-03
-3.18634318e-01 4.21397342e-03 4.73437804e-04 6.29902146e-04 -2.01906380e-03
-3.17145375e-01 4.25718070e-03 4.51540044e-04 6.13950750e-04 -2.04368168e-03
-3.15655650e-01 4.29953062e-03 4.26290841e-04 5.99263955e-04 -2.06668372e-03
-3.14165146e-01 4.34078279e-03 3.97849789e-04 5.85959411e-04 -2.08791486e-03
-3.12673868e-01 4.38070186e-03 3.66397553e-04 5.74148896e-04 -2.10722696e-03
-3.11181819e-01 4.41905908e-03 3.32134928e-04 5.63937417e-04 -2.12447966e-03
-3.09689002e-01 4.45563381e-03 2.95281739e-04 5.55422340e-04 -2.13954121e-03
-3.08195421e-01 4.49021508e-03 2.56075591e-04 5.48692563e-04 -2.15228925e-03
-3.06701080e-01 4.52260302e-03 2.14770456e-04 5.43827748e-04 -2.16261158e-03
-3.05205983e-01 4.55261027e-03 1.71635136e-04 5.40897604e-04 -2.17040689e-03
-3.03710134e-01 4.58006329e-03 1.26951584e-04 5.39961242e-04 -2.17558541e-03
-3.02213535e-01 4.60480365e-03 8.10131099e-05 5.41066602e-04 -2.17806960e-03
-3.00716191e-01 4.62668913e-03 3.41224849e-05 5.44249961e-04 -2.17779469e-03
-2.99218105e-01 4.64559479e-03 -1.34100549e-05 5.49535527e-04 -2.17470926e-03
-2.97719282e-01 4.66141391e-03 -6.12688757e-05 5.56935125e-04 -2.16877564e-03
-2.96219724e-01 4.67405875e-03 -1.09135077e-04 5.66447975e-04 -2.15997039e-03
-2.94719436e-01 4.68346128e-03 -1.56688665e-04 5.78060566e-04 -2.14828457e-03
-2.93218420e-01 4.68957366e-03 -2.03610758e-04 5.91746643e-04 -2.13372401e-03
-2.91716682e-01 4.69236861e-03 -2.49585791e-04 6.07467276e-04 -2.11630950e-03
-2.90214224e-01 4.69183971e-03 -2.94303720e-04 6.25171047e-04 -2.09607685e-03
-2.88711051e-01 4.68800140e-03 -3.37462196e-04 6.44794331e-04 -2.07307692e-03
-2.87207166e-01 4.68088892e-03 -3.78768685e-04 6.66261676e-04 -2.04737550e-03
-2.85702572e-01 4.67055811e-03 -4.17942535e-04 6.89486285e-04 -2.01905313e-03
-2.84197274e-01 4.65708493e-03 -4.54716950e-04 7.14370584e-04 -1.98820484e-03
-2.82691274e-01 4.64056498e-03 -4.88840866e-04 7.40806881e-04 -1.95493976e-03
-2.81184578e-01 4.62111276e-03 -5.20080717e-04 7.68678116e-04 -1.91938063e-03
-2.79677188e-01 4.59886082e-03 -5.48222055e-04 7.97858670e-04 -1.88166325e-03
-2.78169109e-01 4.57395879e-03 -5.73071040e-04 8.28215265e-04 -1.84193584e-03
-2.76660343e-01 4.54657222e-03 -5.94455757e-04 8.59607903e-04 -1.80035825e-03
-2.75150895e-01 4.51688140e-03 -6.12227363e-04 8.91890881e-04 -1.75710114e-03
-2.73640769e-01 4.48507996e-03 -6.26261064e-04 9.24913830e-04 -1.71234508e-03
-2.72129968e-01 4.45137342e-03 -6.36456885e-04 9.58522799e-04 -1.66627950e-03
-2.70618495e-01 4.41597769e-03 -6.42740258e-04 9.92561368e-04 -1.61910167e-03
-2.69106356e-01 4.37911742e-03 -6.45062399e-04 1.02687176e-03 -1.57101557e-03
-2.67593552e-01 4.34102437e-03 -6.43400491e-04 1.06129597e-03 -1.52223065e-03
-2.66080089e-01 4.30193567e-03 -6.37757652e-04 1.09567690e-03 -1.47296065e-03
-2.64565969e-01 4.26209212e-03 -6.28162706e-04 1.12985943e-03 -1.42342229e-03
-2.63051197e-01 4.22173638e-03 -6.14669756e-04 1.16369153e-03 -1.37383400e-03
-2.61535776e-01 4.18111130e-03 -5.97357558e-04 1.19702531e-03 -1.32441456e-03
-2.60019711e-01 4.14045813e-03 -5.76328704e-04 1.22971796e-03 -1.27538180e-03
-2.58503004e-01 4.10001487e-03 -5.51708638e-04 1.26163276e-03 -1.22695127e-03
-2.56985659e-01 4.06001459e-03 -5.23644489e-04 1.29263996e-03 -1.17933489e-03
-2.55467681e-01 4.02068388e-03 -4.92303760e-04 1.32261755e-03 -1.13273972e-03
-2.53949073e-01 3.98224133e-03 -4.57872861e-04 1.35145205e-03 -1.08736665e-03
-2.52429838e-01 3.94489610e-03 -4.20555528e-04 1.37903914e-03 -1.04340919e-03
-2.50909981e-01 3.90884662e-03 -3.80571113e-04 1.40528426e-03 -1.00105234e-03
-2.49389505e-01 3.87427937e-03 -3.38152795e-04 1.43010307e-03 -9.60471468e-04
-2.47868414e-01 3.84136780e-03 -2.93545696e-04 1.45342189e-03 -9.21831269e-04
-2.46346712e-01 3.81027136e-03 -2.47004943e-04 1.47517793e-03 -8.85284842e-04
-2.44824402e-01 3.78113466e-03 -1.98793690e-04 1.49531955e-03 -8.50972809e-04
-2.43301489e-01 3.75408679e-03 -1.49181106e-04 1.51380636e-03 -8.19022552e-04
-2.41777975e-01 3.72924075e-03 -9.84403661e-05 1.53060921e-03 -7.89547531e-04
-2.40253865e-01 3.70669306e-03 -4.68466407e-05 1.54571013e-03 -7.62646715e-04
-2.38729163e-01 3.68652346e-03 5.32487504e-06 1.55910216e-03 -7.38404116e-04
-2.37203872e-01 3.66879481e-03 5.78008959e-05 1.57078911e-03 -7.16888428e-04
-2.35677996e-01 3.65355312e-03 1.10311918e-04 1.58078520e-03 -6.98152778e-04
-2.34151539e-01 3.64082762e-03 1.62594015e-04 1.58911467e-03 -6.82234582e-04
-2.32624504e-01 3.63063115e-03 2.14390548e-04 1.59581128e-03 -6.69155520e-04
-2.31096895e-01 3.62296046e-03 2.65453773e-04 1.60091780e-03 -6.58921607e-04
-2.29568717e-01 3.61779681e-03 3.15546335e-04 1.60448538e-03 -6.51523375e-04
-2.28039973e-01 3.61510655e-03 3.64442644e-04 1.60657292e-03 -6.46936162e-04
-2.26510666e-01 3.61484191e-03 4.11930117e-04 1.60724639e-03 -6.45120487e-04
-2.24980800e-01 3.61694174e-03 4.57810286e-04 1.60657806e-03 -6.46022530e-04
-2.23450380e-01 3.62133250e-03 5.01899763e-04 1.60464583e-03 -6.49574690e-04
-2.21919408e-01 3.62792918e-03 5.44031057e-04 1.60153242e-03 -6.55696236e-04
-2.20387890e-01 3.63663635e-03 5.84053249e-04 1.59732461e-03 -6.64294019e-04
-2.18855828e-01 3.64734927e-03 6.21832511e-04 1.59211246e-03 -6.75263262e-04
-2.17323226e-01 3.65995494e-03 6.57252485e-04 1.58598858e-03 -6.88488410e-04
-2.15790088e-01 3.67433332e-03 6.90214507e-04 1.57904737e-03 -7.03844029e-04
-2.14256418e-01 3.69035843e-03 7.20637698e-04 1.57138426e-03 -7.21195751e-04
-2.12722219e-01 3.70789954e-03 7.48458914e-04 1.56309509e-03 -7.40401257e-04
-2.11187496e-01 3.72682231e-03 7.73632557e-04 1.55427538e-03 -7.61311291e-04
-2.09652252e-01 3.74698995e-03 7.96130277e-04 1.54501972e-03 -7.83770692e-04
-2.08116491e-01 3.76826428e-03 8.15940538e-04 1.53542123e-03 -8.07619442e-04
-2.06580217e-01 3.79050688e-03 8.33068088e-04 1.52557100e-03 -8.32693714e-04
-2.05043433e-01 3.81358004e-03 8.47533327e-04 1.51555760e-03 -8.58826931e-04
-2.03506144e-01 3.83734779e-03 8.59371575e-04 1.50546670e-03 -8.85850799e-04
-2.01968353e-01 3.86167683e-03 8.68632276e-04 1.49538066e-03 -9.13596341e-04
-2.00430064e-01 3.88643734e-03 8.75378115e-04 1.48537821e-03 -9.41894899e-04
-1.98891280e-01 3.91150383e-03 8.79684085e-04 1.47553424e-03 -9.70579109e-04
-1.97352006e-01 3.93675581e-03 8.81636505e-04 1.46591956e-03 -9.99483847e-04
-1.95812245e-01 3.96207850e-03 8.81331992e-04 1.45660076e-03 -1.02844713e-03
-1.94272002e-01 3.98736332e-03 8.78876408e-04 1.44764013e-03 -1.05731100e-03
-1.92731279e-01 4.01250845e-03 8.74383789e-04 1.43909556e-03 -1.08592228e-03
-1.91190081e-01 4.03741920e-03 8.67975263e-04 1.43102063e-03 -1.11413343e-03
-1.89648411e-01 4.06200836e-03 8.59777963e-04 1.42346457e-03 -1.14180316e-03
-1.88106274e-01 4.08619646e-03 8.49923958e-04 1.41647238e-03 -1.16879716e-03
-1.86563673e-01 4.10991194e-03 8.38549186e-04 1.41008495e-03 -1.19498863e-03
-1.85020611e-01 4.13309125e-03 8.25792422e-04 1.40433920e-03 -1.22025889e-03
-1.83477094e-01 4.15567890e-03 8.11794273e-04 1.39926823e-03 -1.24449777e-03
-1.81933124e-01 4.17762741e-03 7.96696203e-04 1.39490153e-03 -1.26760406e-03
-1.80388705e-01 4.19889725e-03 7.80639605e-04 1.39126520e-03 -1.28948588e-03
-1.78843841e-01 4.21945662e-03 7.63764921e-04 1.38838213e-03 -1.31006090e-03
-1.77298536e-01 4.23928129e-03 7.46210806e-04 1.38627224e-03 -1.32925660e-03
-1.75752795e-01 4.25835432e-03 7.28113349e-04 1.38495271e-03 -1.34701042e-03
-1.74206619e-01 4.27666576e-03 7.09605351e-04 1.38443817e-03 -1.36326982e-03
-1.72660014e-01 4.29421230e-03 6.90815661e-04 1.38474094e-03 -1.37799237e-03
-1.71112983e-01 4.31099686e-03 6.71868571e-04 1.38587117e-03 -1.39114567e-03
-1.69565531e-01 4.32702822e-03 6.52883270e-04 1.38783710e-03 -1.40270727e-03
-1.68017660e-01 4.34232059e-03 6.33973367e-04 1.39064515e-03 -1.41266455e-03
-1.66469374e-01 4.35689309e-03 6.15246465e-04 1.39430012e-03 -1.42101450e-03
-1.64920678e-01 4.37076934e-03 5.96803807e-04 1.39880524e-03 -1.42776348e-03
-1.63371576e-01 4.38397698e-03 5.78739967e-04 1.40416233e-03 -1.43292693e-03
-1.61822070e-01 4.39654715e-03 5.61142621e-04 1.41037184e-03 -1.43652900e-03
-1.60272166e-01 4.40851403e-03 5.44092350e-04 1.41743288e-03 -1.43860218e-03
-1.58721866e-01 4.41991437e-03 5.27662521e-04 1.42534328e-03 -1.43918687e-03
-1.57171175e-01 4.43078700e-03 5.11919208e-04 1.43409953e-03 -1.43833089e-03
-1.55620096e-01 4.44117238e-03 4.96921167e-04 1.44369683e-03 -1.43608903e-03
-1.54068633e-01 4.45111215e-03 4.82719859e-04 1.45412894e-03 -1.43252246e-03
-1.52516790e-01 4.46064872e-03 4.69359521e-04 1.46538821e-03 -1.42769821e-03
-1.50964572e-01 4.46982483e-03 4.56877282e-04 1.47746544e-03 -1.42168858e-03
-1.49411981e-01 4.47868321e-03 4.45303309e-04 1.49034980e-03 -1.41457052e-03
-1.47859021e-01 4.48726618e-03 4.34661005e-04 1.50402872e-03 -1.40642505e-03
-1.46305697e-01 4.49561536e-03 4.24967230e-04 1.51848779e-03 -1.39733660e-03
-1.44752012e-01 4.50377132e-03 4.16232560e-04 1.53371063e-03 -1.38739241e-03
-1.43197970e-01 4.51177333e-03 4.08461573e-04 1.54967880e-03 -1.37668184e-03
-1.41643575e-01 4.51965914e-03 4.01653162e-04 1.56637164e-03 -1.36529581e-03
-1.40088830e-01 4.52746469e-03 3.95800865e-04 1.58376625e-03 -1.35332610e-03
-1.38533740e-01 4.53522402e-03 3.90893229e-04 1.60183734e-03 -1.34086476e-03
-1.36978309e-01 4.54296903e-03 3.86914174e-04 1.62055719e-03 -1.32800350e-03
-1.35422539e-01 4.55072940e-03 3.83843381e-04 1.63989557e-03 -1.31483310e-03
-1.33866436e-01 4.55853250e-03 3.81656694e-04 1.65981978e-03 -1.30144285e-03
-1.32310002e-01 4.56640330e-03 3.80326522e-04 1.68029458e-03 -1.28791999e-03
-1.30753243e-01 4.57436432e-03 3.79822254e-04 1.70128224e-03 -1.27434920e-03
-1.29196160e-01 4.58243566e-03 3.80110671e-04 1.72274263e-03 -1.26081212e-03
-1.27638760e-01 4.59063496e-03 3.81156363e-04 1.74463327e-03 -1.24738691e-03
-1.26081044e-01 4.59897749e-03 3.82922141e-04 1.76690946e-03 -1.23414782e-03
-1.24523017e-01 4.60747616e-03 3.85369446e-04 1.78952448e-03 -1.22116485e-03
-1.22964684e-01 4.61614162e-03 3.88458743e-04 1.81242972e-03 -1.20850340e-03
-1.21406047e-01 4.62498235e-03 3.92149918e-04 1.83557494e-03 -1.19622401e-03
-1.19847110e-01 4.63400479e-03 3.96402642e-04 1.85890852e-03 -1.18438212e-03
-1.18287878e-01 4.64321343e-03 4.01176742e-04 1.88237772e-03 -1.17302788e-03
-1.16728355e-01 4.65261100e-03 4.06432534e-04 1.90592906e-03 -1.16220602e-03
-1.15168543e-01 4.66219858e-03 4.12131149e-04 1.92950856e-03 -1.15195577e-03
-1.13608448e-01 4.67197578e-03 4.18234830e-04 1.95306220e-03 -1.14231081e-03
-1.12048072e-01 4.68194089e-03 4.24707210e-04 1.97653621e-03 -1.13329930e-03
-1.10487420e-01 4.69209109e-03 4.31513553e-04 1.99987752e-03 -1.12494393e-03
-1.08926495e-01 4.70242258e-03 4.38620985e-04 2.02303413e-03 -1.11726205e-03
-1.07365302e-01 4.71293076e-03 4.45998676e-04 2.04595552e-03 -1.11026576e-03
-1.05803844e-01 4.72361044e-03 4.53618008e-04 2.06859308e-03 -1.10396220e-03
-1.04242126e-01 4.73445598e-03 4.61452704e-04 2.09090047e-03 -1.09835371e-03
-1.02680150e-01 4.74546147e-03 4.69478925e-04 2.11283401e-03 -1.09343813e-03
-1.01117920e-01 4.75662087e-03 4.77675339e-04 2.13435309e-03 -1.08920912e-03
-9.95554419e-02 4.76792820e-03 4.86023155e-04 2.15542049e-03 -1.08565646e-03
-9.79927178e-02 4.77937765e-03 4.94506125e-04 2.17600271e-03 -1.08276644e-03
-9.64297521e-02 4.79096376e-03 5.03110519e-04 2.19607026e-03 -1.08052223e-03
-9.48665486e-02 4.80268149e-03 5.11825065e-04 2.21559792e-03 -1.07890429e-03
-9.33031111e-02 4.81452637e-03 5.20640861e-04 2.23456499e-03 -1.07789075e-03
-9.17394435e-02 4.82649459e-03 5.29551263e-04 2.25295539e-03 -1.07745784e-03
-9.01755497e-02 4.83858311e-03 5.38551741e-04 2.27075789e-03 -1.07758031e-03
-8.86114334e-02 4.85078966e-03 5.47639718e-04 2.28796609e-03 -1.07823184e-03
-8.70470987e-02 4.86311292e-03 5.56814385e-04 2.30457851e-03 -1.07938544e-03
-8.54825493e-02 4.87555243e-03 5.66076493e-04 2.32059856e-03 -1.08101380e-03
-8.39177890e-02 4.88810874e-03 5.75428136e-04 2.33603444e-03 -1.08308972e-03
-8.23528218e-02 4.90078332e-03 5.84872514e-04 2.35089901e-03 -1.08558640e-03
-8.07876515e-02 4.91357865e-03 5.94413692e-04 2.36520962e-03 -1.08847780e-03
-7.92222820e-02 4.92649814e-03 6.04056345e-04 2.37898786e-03 -1.09173886e-03
-7.76567171e-02 4.93954615e-03 6.13805507e-04 2.39225928e-03 -1.09534581e-03
-7.60909607e-02 4.95272789e-03 6.23666307e-04 2.40505304e-03 -1.09927635e-03
-7.45250166e-02 4.96604942e-03 6.33643722e-04 2.41740154e-03 -1.10350978e-03
-7.29588887e-02 4.97951755e-03 6.43742323e-04 2.42934001e-03 -1.10802720e-03
-7.13925810e-02 4.99313977e-03 6.53966036e-04 2.44090604e-03 -1.11281151e-03
-6.98260971e-02 5.00692414e-03 6.64317913e-04 2.45213908e-03 -1.11784750e-03
-6.82594410e-02 5.02087924e-03 6.74799913e-04 2.46307997e-03 -1.12312178e-03
-6.66926166e-02 5.03501397e-03 6.85412709e-04 2.47377040e-03 -1.12862277e-03
-6.51256278e-02 5.04933752e-03 6.96155498e-04 2.48425232e-03 -1.13434057e-03
-6.35584783e-02 5.06385919e-03 7.07025853e-04 2.49456749e-03 -1.14026679e-03
-6.19911720e-02 5.07858829e-03 7.18019577e-04 2.50475684e-03 -1.14639441e-03
-6.04237129e-02 5.09353399e-03 7.29130594e-04 2.51486001e-03 -1.15271752e-03
-5.88561048e-02 5.10870519e-03 7.40350861e-04 2.52491477e-03 -1.15923108e-03
-5.72883515e-02 5.12411036e-03 7.51670307e-04 2.53495660e-03 -1.16593058e-03
-5.57204570e-02 5.13975745e-03 7.63076802e-04 2.54501817e-03 -1.17281181e-03
-5.41524250e-02 5.15565374e-03 7.74556142e-04 2.55512891e-03 -1.17987044e-03
-5.25842595e-02 5.17180568e-03 7.86092076e-04 2.56531467e-03 -1.18710175e-03
-5.10159643e-02 5.18821880e-03 7.97666348e-04 2.57559737e-03 -1.19450018e-03
-4.94475433e-02 5.20489760e-03 8.09258772e-04 2.58599470e-03 -1.20205904e-03
-4.78790003e-02 5.22184542e-03 8.20847322e-04 2.59651992e-03 -1.20977015e-03
-4.63103392e-02 5.23906436e-03 8.32408257e-04 2.60718170e-03 -1.21762342e-03
-4.47415640e-02 5.25655521e-03 8.43916259e-04 2.61798403e-03 -1.22560660e-03
-4.31726784e-02 5.27431734e-03 8.55344596e-04 2.62892619e-03 -1.23370491e-03
-4.16036863e-02 5.29234870e-03 8.66665293e-04 2.64000282e-03 -1.24190078e-03
-4.00345917e-02 5.31064573e-03 8.77849333e-04 2.65120402e-03 -1.25017358e-03
-3.84653983e-02 5.32920340e-03 8.88866858e-04 2.66251556e-03 -1.25849942e-03
-3.68961100e-02 5.34801514e-03 8.99687385e-04 2.67391913e-03 -1.26685098e-03
-3.53267308e-02 5.36707292e-03 9.10280031e-04 2.68539268e-03 -1.27519735e-03
-3.37572644e-02 5.38636726e-03 9.20613740e-04 2.69691080e-03 -1.28350400e-03
-3.21877148e-02 5.40588728e-03 9.30657513e-04 2.70844522e-03 -1.29173272e-03
-3.06180858e-02 5.42562079e-03 9.40380637e-04 2.71996524e-03 -1.29984171e-03
-2.90483813e-02 5.44555438e-03 9.49752915e-04 2.73143840e-03 -1.30778559e-03
-2.74786051e-02 5.46567356e-03 9.58744881e-04 2.74283101e-03 -1.31551564e-03
-2.59087612e-02 5.48596287e-03 9.67328016e-04 2.75410883e-03 -1.32297998e-03
-2.43388534e-02 5.50640603e-03 9.75474948e-04 2.76523773e-03 -1.33012380e-03
-2.27688855e-02 5.52698616e-03 9.83159641e-04 2.77618442e-03 -1.33688976e-03
-2.11988616e-02 5.54768591e-03 9.90357571e-04 2.78691713e-03 -1.34321834e-03
-1.96287853e-02 5.56848769e-03 9.97045879e-04 2.79740633e-03 -1.34904828e-03
-1.80586606e-02 5.58937389e-03 1.00320352e-03 2.80762545e-03 -1.35431706e-03
-1.64884914e-02 5.61032709e-03 1.00881136e-03 2.81755155e-03 -1.35896147e-03
-1.49182815e-02 5.63133028e-03 1.01385231e-03 2.82716604e-03 -1.36291814e-03
-1.33480349e-02 5.65236713e-03 1.01831139e-03 2.83645527e-03 -1.36612415e-03
-1.17777553e-02 5.67342219e-03 1.02217576e-03 2.84541112e-03 -1.36851770e-03
-1.02074466e-02 5.69448115e-03 1.02543479e-03 2.85403158e-03 -1.37003875e-03
-8.63711283e-03 5.71553104e-03 1.02808006e-03 2.86232120e-03 -1.37062968e-03
-7.06675773e-03 5.73656048e-03 1.03010536e-03 2.87029151e-03 -1.37023599e-03
-5.49638519e-03 5.75755990e-03 1.03150664e-03 2.87796137e-03 -1.36880696e-03
-3.92599911e-03 5.77852170e-03 1.03228195e-03 2.88535722e-03 -1.36629636e-03
-2.35560334e-03 5.79944043e-03 1.03243143e-03 2.89251323e-03 -1.36266307e-03
-7.85201758e-04 5.82031299e-03 1.03195714e-03 2.89947141e-03 -1.35787176e-03
7.85201758e-04 5.84113871e-03 1.03086302e-03 2.90628159e-03 -1.35189345e-03
2.35560334e-03 5.86191950e-03 1.02915473e-03 2.91300130e-03 -1.34470614e-03
3.92599911e-03 5.88265990e-03 1.02683953e-03 2.91969555e-03 -1.33629529e-03
5.49638519e-03 5.90336712e-03 1.02392615e-03 2.92643658e-03 -1.32665433e-03
7.06675773e-03 5.92405109e-03 1.02042460e-03 2.93330337e-03 -1.31578508e-03
8.63711283e-03 5.94472438e-03 1.01634604e-03 2.94038122e-03 -1.30369812e-03
1.02074466e-02 5.96540221e-03 1.01170261e-03 2.94776114e-03 -1.29041307e-03
1.17777553e-02 5.98610231e-03 1.00650728e-03 2.95553916e-03 -1.27595886e-03
1.33480349e-02 6.00684479e-03 1.00077364e-03 2.96381561e-03 -1.26037384e-03
1.49182815e-02 6.02765203e-03 9.94515803e-04 2.97269430e-03 -1.24370590e-03
1.64884914e-02 6.04854841e-03 9.87748220e-04 2.98228162e-03 -1.22601247e-03
1.80586606e-02 6.06956015e-03 9.80485542e-04 2.99268558e-03 -1.20736043e-03
1.96287853e-02 6.09071500e-03 9.72742506e-04 3.00401490e-03 -1.18782599e-03
2.11988616e-02 6.11204201e-03 9.64533813e-04 3.01637792e-03 -1.16749442e-03
2.27688855e-02 6.13357115e-03 9.55874042e-04 3.02988158e-03 -1.14645981e-03
2.43388534e-02 6.15533307e-03 9.46777576e-04 3.04463038e-03 -1.12482460e-03
2.59087612e-02 6.17735868e-03 9.37258555e-04 3.06072531e-03 -1.10269922e-03
2.74786051e-02 6.19967888e-03 9.27330847e-04 3.07826282e-03 -1.08020149e-03
2.90483813e-02 6.22232409e-03 9.17008057e-04 3.09733377e-03 -1.05745611e-03
3.06180858e-02 6.24532401e-03 9.06303555e-04 3.11802249e-03 -1.03459395e-03
3.21877148e-02 6.26870717e-03 8.95230533e-04 3.14040579e-03 -1.01175136e-03
3.37572644e-02 6.29250063e-03 8.83802095e-04 3.16455211e-03 -9.89069446e-04
3.53267308e-02 6.31672962e-03 8.72031376e-04 3.19052066e-03 -9.66693259e-04
3.68961100e-02 6.34141726e-03 8.59931690e-04 3.21836072e-03 -9.44770943e-04
3.84653983e-02 6.36658420e-03 8.47516703e-04 3.24811096e-03 -9.23452885e-04
4.00345917e-02 6.39224844e-03 8.34800637e-04 3.27979886e-03 -9.02890816e-04
4.16036863e-02 6.41842502e-03 8.21798500e-04 3.31344026e-03 -8.83236901e-04
4.31726784e-02 6.44512586e-03 8.08526340e-04 3.34903897e-03 -8.64642813e-04
4.47415640e-02 6.47235958e-03 7.95001511e-04 3.38658653e-03 -8.47258802e-04
4.63103392e-02 6.50013143e-03 7.81242973e-04 3.42606206e-03 -8.31232766e-04
4.78790003e-02 6.52844314e-03 7.67271588e-04 3.46743220e-03 -8.16709329e-04
4.94475433e-02 6.55729294e-03 7.53110440e-04 3.51065121e-03 -8.03828931e-04
5.10159643e-02 6.58667557e-03 7.38785150e-04 3.55566118e-03 -7.92726936e-04
5.25842595e-02 6.61658232e-03 7.24324203e-04 3.60239226e-03 -7.83532771e-04
5.41524250e-02 6.64700115e-03 7.09759258e-04 3.65076314e-03 -7.76369083e-04
5.57204570e-02 6.67791685e-03 6.95125458e-04 3.70068153e-03 -7.71350944e-04
5.72883515e-02 6.70931121e-03 6.80461721e-04 3.75204473e-03 -7.68585090e-04
5.88561048e-02 6.74116324e-03 6.65811012e-04 3.80474040e-03 -7.68169199e-04
6.04237129e-02 6.77344950e-03 6.51220584e-04 3.85864728e-03 -7.70191225e-04
6.19911720e-02 6.80614432e-03 6.36742194e-04 3.91363605e-03 -7.74728780e-04
6.35584783e-02 6.83922018e-03 6.22432278e-04 3.96957028e-03 -7.81848567e-04
6.51256278e-02 6.87264802e-03 6.08352083e-04 4.02630736e-03 -7.91605874e-04
6.66926166e-02 6.90639766e-03 5.94567751e-04 4.08369957e-03 -8.04044123e-04
6.82594410e-02 6.94043813e-03 5.81150357e-04 4.14159508e-03 -8.19194486e-04
6.98260971e-02 6.97473812e-03 5.68175883e-04 4.19983907e-03 -8.37075553e-04
7.13925810e-02 7.00926628e-03 5.55725135e-04 4.25827481e-03 -8.57693076e-04
7.29588887e-02 7.04399173e-03 5.43883604e-04 4.31674472e-03 -8.81039764e-04
7.45250166e-02 7.07888431e-03 5.32741253e-04 4.37509154e-03 -9.07095151e-04
7.60909607e-02 7.11391507e-03 5.22392242e-04 4.43315930e-03 -9.35825526e-04
7.76567171e-02 7.14905650e-03 5.12934591e-04 4.49079443e-03 -9.67183927e-04
7.92222820e-02 7.18428294e-03 5.04469767e-04 4.54784673e-03 -1.00111019e-03
8.07876515e-02 7.21957082e-03 4.97102212e-04 4.60417034e-03 -1.03753109e-03
8.23528218e-02 7.25489894e-03 4.90938808e-04 4.65962466e-03 -1.07636050e-03
8.39177890e-02 7.29024869e-03 4.86088276e-04 4.71407513e-03 -1.11749961e-03
8.54825493e-02 7.32560422e-03 4.82660524e-04 4.76739408e-03 -1.16083730e-03
8.70470987e-02 7.36095257e-03 4.80765934e-04 4.81946138e-03 -1.20625041e-03
8.86114334e-02 7.39628378e-03 4.80514609e-04 4.87016508e-03 -1.25360420e-03
9.01755497e-02 7.43159095e-03 4.82015574e-04 4.91940195e-03 -1.30275278e-03
9.17394435e-02 7.46687019e-03 4.85375942e-04 4.96707793e-03 -1.35353965e-03
9.33031111e-02 7.50212061e-03 4.90700052e-04 5.01310850e-03 -1.40579821e-03
9.48665486e-02 7.53734421e-03 4.98088587e-04 5.05741896e-03 -1.45935239e-03
9.64297521e-02 7.57254574e-03 5.07637680e-04 5.09994465e-03 -1.51401728e-03
9.79927178e-02 7.60773249e-03 5.19438012e-04 5.14063102e-03 -1.56959979e-03
9.95554419e-02 7.64291407e-03 5.33573920e-04 5.17943368e-03 -1.62589934e-03
1.01117920e-01 7.67810216e-03 5.50122515e-04 5.21631833e-03 -1.68270864e-03
1.02680150e-01 7.71331012e-03 5.69152817e-04 5.25126065e-03 -1.73981440e-03
1.04242126e-01 7.74855272e-03 5.90724931e-04 5.28424604e-03 -1.79699813e-03
1.05803844e-01 7.78384571e-03 6.14889252e-04 5.31526942e-03 -1.85403695e-03
1.07365302e-01 7.81920542e-03 6.41685715e-04 5.34433480e-03 -1.91070436e-03
1.08926495e-01 7.85464832e-03 6.71143108e-04 5.37145497e-03 -1.96677109e-03
1.10487420e-01 7.89019057e-03 7.03278434e-04 5.39665096e-03 -2.02200593e-03
1.12048072e-01 7.92584752e-03 7.38096344e-04 5.41995162e-03 -2.07617654e-03
1.13608448e-01 7.96163329e-03 7.75588643e-04 5.44139306e-03 -2.12905029e-03
1.15168543e-01 7.99756021e-03 8.15733868e-04 5.46101806e-03 -2.18039508e-03
1.16728355e-01 8.03363838e-03 8.58496948e-04 5.47887554e-03 -2.22998015e-03
1.18287878e-01 8.06987515e-03 9.03828943e-04 5.49501991e-03 -2.27757690e-03
1.19847110e-01 8.10627471e-03 9.51666872e-04 5.50951050e-03 -2.32295969e-03
1.21406047e-01 8.14283756e-03 1.00193362e-03 5.52241092e-03 -2.36590660e-03
1.22964684e-01 8.17956010e-03 1.05453794e-03 5.53378849e-03 -2.40620019e-03
1.24523017e-01 8.21643425e-03 1.10937453e-03 5.54371364e-03 -2.44362828e-03
1.26081044e-01 8.25344704e-03 1.16632417e-03 5.55225932e-03 -2.47798465e-03
1.27638760e-01 8.29058028e-03 1.22525401e-03 5.55950052e-03 -2.50906975e-03
1.29196160e-01 8.32781026e-03 1.28601784e-03 5.56551372e-03 -2.53669140e-03
1.30753243e-01 8.36510750e-03 1.34845653e-03 5.57037646e-03 -2.56066545e-03
1.32310002e-01 8.40243654e-03 1.41239842e-03 5.57416689e-03 -2.58081644e-03
1.33866436e-01 8.43975583e-03 1.47765990e-03 5.57696343e-03 -2.59697821e-03
1.35422539e-01 8.47701760e-03 1.54404596e-03 5.57884443e-03 -2.60899456e-03
1.36978309e-01 8.51416788e-03 1.61135080e-03 5.57988793e-03 -2.61671981e-03
1.38533740e-01 8.55114655e-03 1.67935856e-03 5.58017146e-03 -2.62001942e-03
1.40088830e-01 8.58788743e-03 1.74784397e-03 5.57977190e-03 -2.61877054e-03
1.41643575e-01 8.62431853e-03 1.81657313e-03 5.57876537e-03 -2.61286262e-03
1.43197970e-01 8.66036226e-03 1.88530429e-03 5.57722729e-03 -2.60219792e-03
1.44752012e-01 8.69593584e-03 1.95378865e-03 5.57523234e-03 -2.58669216e-03
1.46305697e-01 8.73095172e-03 2.02177115e-03 5.57285463e-03 -2.56627497e-03
1.47859021e-01 8.76531810e-03 2.08899136e-03 5.57016782e-03 -2.54089055e-03
1.49411981e-01 8.79893950e-03 2.15518427e-03 5.56724539e-03 -2.51049820e-03
1.50964572e-01 8.83171748e-03 2.22008120e-03 5.56416084e-03 -2.47507284e-03
1.52516790e-01 8.86355139e-03 2.28341061e-03 5.56098807e-03 -2.43460568e-03
1.54068633e-01 8.89433920e-03 2.34489902e-03 5.55780169e-03 -2.38910473e-03
1.55620096e-01 8.92397841e-03 2.40427186e-03 5.55467743e-03 -2.33859540e-03
1.57171175e-01 8.95236706e-03 2.46125434e-03 5.55169254e-03 -2.28312111e-03
1.58721866e-01 8.97940476e-03 2.51557239e-03 5.54892624e-03 -2.22274383e-03
1.60272166e-01 9.00499383e-03 2.56695350e-03 5.54646015e-03 -2.15754476e-03
1.61822070e-01 9.02904043e-03 2.61512766e-03 5.54437874e-03 -2.08762480e-03
1.63371576e-01 9.05145582e-03 2.65982828e-03 5.54276979e-03 -2.01310522e-03
1.64920678e-01 9.07215759e-03 2.70079316e-03 5.54172476e-03 -1.93412817e-03
1.66469374e-01 9.09107095e-03 2.73776541e-03 5.54133926e-03 -1.85085723e-03
1.68017660e-01 9.10813004e-03 2.77049448e-03 5.54171338e-03 -1.76347789e-03
1.69565531e-01 9.12327922e-03 2.79873718e-03 5.54295198e-03 -1.67219805e-03
1.71112983e-01 9.13647442e-03 2.82225872e-03 5.54516500e-03 -1.57724839e-03
1.72660014e-01 9.14768438e-03 2.84083384e-03 5.54846764e-03 -1.47888274e-03
1.74206619e-01 9.15689193e-03 2.85424789e-03 5.55298050e-03 -1.37737833e-03
1.75752795e-01 9.16409521e-03 2.86229808e-03 5.55882959e-03 -1.27303600e-03
1.77298536e-01 9.16930879e-03 2.86479467e-03 5.56614634e-03 -1.16618025e-03
1.78843841e-01 9.17256479e-03 2.86156223e-03 5.57506745e-03 -1.05715922e-03
1.80388705e-01 9.17391382e-03 2.85244098e-03 5.58573461e-03 -9.46344515e-04
1.81933124e-01 9.17342590e-03 2.83728815e-03 5.59829422e-03 -8.34130895e-04
1.83477094e-01 9.17119119e-03 2.81597933e-03 5.61289692e-03 -7.20935807e-04
1.85020611e-01 9.16732060e-03 2.78840996e-03 5.62969701e-03 -6.07198738e-04
1.86563673e-01 9.16194631e-03 2.75449677e-03 5.64885178e-03 -4.93380386e-04
1.88106274e-01 9.15522204e-03 2.71417922e-03 5.67052075e-03 -3.79961638e-04
1.89648411e-01 9.14732321e-03 2.66742105e-03 5.69486475e-03 -2.67442335e-04
1.91190081e-01 9.13844687e-03 2.61421168e-03 5.72204493e-03 -1.56339824e-04
1.92731279e-01 9.12881145e-03 2.55456777e-03 5.75222166e-03 -4.71872806e-05
1.94272002e-01 9.11865633e-03 2.48853454e-03 5.78555333e-03 5.94681907e-05
1.95812245e-01 9.10824117e-03 2.41618726e-03 5.82219509e-03 1.63067694e-04
1.97352006e-01 9.09784503e-03 2.33763248e-03 5.86229747e-03 2.63042907e-04
1.98891280e-01 9.08776525e-03 2.25300930e-03 5.90600498e-03 3.58818686e-04
2.00430064e-01 9.07831621e-03 2.16249049e-03 5.95345462e-03 4.49815882e-04
2.01968353e-01 9.06982774e-03 2.06628347e-03 6.00477444e-03 5.35454389e-04
2.03506144e-01 9.06264339e-03 1.96463114e-03 6.06008192e-03 6.15156385e-04
2.05043433e-01 9.05711854e-03 1.85781258e-03 6.11948253e-03 6.88349776e-04
2.06580217e-01 9.05361821e-03 1.74614350e-03 6.18306816e-03 7.54471801e-04
2.08116491e-01 9.05251481e-03 1.62997652e-03 6.25091567e-03 8.12972805e-04
2.09652252e-01 9.05418559e-03 1.50970117e-03 6.32308540e-03 8.63320123e-04
2.11187496e-01 9.05901008e-03 1.38574370e-03 6.39961986e-03 9.05002080e-04
2.12722219e-01 9.06736730e-03 1.25856654e-03 6.48054242e-03 9.37532054e-04
2.14256418e-01 9.07963289e-03 1.12866752e-03 6.56585612e-03 9.60452578e-04
2.15790088e-01 9.09617619e-03 9.96578815e-04 6.65554263e-03 9.73339453e-04
2.17323226e-01 9.11735720e-03 8.62865465e-04 6.74956131e-03 9.75805815e-04
2.18855828e-01 9.14352353e-03 7.28123703e-04 6.84784843e-03 9.67506140e-04
2.20387890e-01 9.17500740e-03 5.92978871e-04 6.95031660e-03 9.48140132e-04
2.21919408e-01 9.21212256e-03 4.58083037e-04 7.05685434e-03 9.17456461e-04
2.23450380e-01 9.25516133e-03 3.24112273e-04 7.16732581e-03 8.75256297e-04
2.24980800e-01 9.30439175e-03 1.91763615e-04 7.28157085e-03 8.21396619e-04
2.26510666e-01 9.36005472e-03 6.17517040e-05 7.39940509e-03 7.55793237e-04
2.28039973e-01 9.42236141e-03 -6.51948750e-05 7.52062039e-03 6.78423506e-04
2.29568717e-01 9.49149080e-03 -1.88337535e-04 7.64498541e-03 5.89328673e-04
2.31096895e-01 9.56758735e-03 -3.06931897e-04 7.77224648e-03 4.88615844e-04
2.32624504e-01 9.65075898e-03 -4.20232237e-04 7.90212859e-03 3.76459520e-04
2.34151539e-01 9.74107525e-03 -5.27496144e-04 8.03433666e-03 2.53102677e-04
2.35677996e-01 9.83856581e-03 -6.27989357e-04 8.16855698e-03 1.18857368e-04
2.37203872e-01 9.94321915e-03 -7.20990745e-04 8.30445886e-03 -2.58951801e-05
2.38729163e-01 1.00549816e-02 -8.05797388e-04 8.44169641e-03 -1.80704996e-04
2.40253865e-01 1.01737568e-02 -8.81729725e-04 8.57991055e-03 -3.45054325e-04
2.41777975e-01 1.02994052e-02 -9.48136722e-04 8.71873114e-03 -5.18359132e-04
2.43301489e-01 1.04317442e-02 -1.00440101e-03 8.85777920e-03 -6.99971158e-04
2.44824402e-01 1.05705485e-02 -1.04994397e-03 8.99666930e-03 -8.89180516e-04
2.46346712e-01 1.07155508e-02 -1.08423064e-03 9.13501197e-03 -1.08521882e-03
2.47868414e-01 1.08664427e-02 -1.10677455e-03 9.27241623e-03 -1.28726284e-03
2.49389505e-01 1.10228762e-02 -1.11714227e-03 9.40849210e-03 -1.49443866e-03
2.50909981e-01 1.11844651e-02 -1.11495770e-03 9.54285318e-03 -1.70582629e-03
2.52429838e-01 1.13507874e-02 -1.09990610e-03 9.67511914e-03 -1.92046476e-03
2.53949073e-01 1.15213871e-02 -1.07173773e-03 9.80491822e-03 -2.13735760e-03
2.55467681e-01 1.16957769e-02 -1.03027111e-03 9.93188965e-03 -2.35547869e-03
2.56985659e-01 1.18734410e-02 -9.75395855e-04 1.00556860e-02 -2.57377843e-03
2.58503004e-01 1.20538380e-02 -9.07075044e-04 1.01759753e-02 -2.79119017e-03
2.60019711e-01 1.22364037e-02 -8.25347113e-04 1.02924432e-02 -3.00663694e-03
2.61535776e-01 1.24205553e-02 -7.30327200e-04 1.04047948e-02 -3.21903822e-03
2.63051197e-01 1.26056938e-02 -6.22207974e-04 1.05127565e-02 -3.42731691e-03
2.64565969e-01 1.27912082e-02 -5.01259893e-04 1.06160774e-02 -3.63040634e-03
2.66080089e-01 1.29764788e-02 -3.67830900e-04 1.07145307e-02 -3.82725721e-03
2.67593552e-01 1.31608811e-02 -2.22345547e-04 1.08079145e-02 -4.01684454e-03
2.69106356e-01 1.33437890e-02 -6.53035376e-05 1.08960534e-02 -4.19817443e-03
2.70618495e-01 1.35245790e-02 1.02722297e-04 1.09787981e-02 -4.37029064e-03
2.72129968e-01 1.37026330e-02 2.81088577e-04 1.10560269e-02 -4.53228096e-03
2.73640769e-01 1.38773425e-02 4.69084505e-04 1.11276448e-02 -4.68328319e-03
2.75150895e-01 1.40481116e-02 6.65935508e-04 1.11935842e-02 -4.82249090e-03
2.76660343e-01 1.42143600e-02 8.70807387e-04 1.12538043e-02 -4.94915865e-03
2.78169109e-01 1.43755265e-02 1.08281093e-03 1.13082904e-02 -5.06260685e-03
2.79677188e-01 1.45310717e-02 1.30100693e-03 1.13570536e-02 -5.16222612e-03
2.81184578e-01 1.46804806e-02 1.52441167e-03 1.14001294e-02 -5.24748111e-03
2.82691274e-01 1.48232651e-02 1.75200263e-03 1.14375770e-02 -5.31791381e-03
2.84197274e-01 1.49589665e-02 1.98272463e-03 1.14694779e-02 -5.37314624e-03
2.85702572e-01 1.50871573e-02 2.21549616e-03 1.14959346e-02 -5.41288261e-03
2.87207166e-01 1.52074432e-02 2.44921589e-03 1.15170688e-02 -5.43691083e-03
2.88711051e-01 1.53194646e-02 2.68276942e-03 1.15330204e-02 -5.44510347e-03
2.90214224e-01 1.54228979e-02 2.91503602e-03 1.15439456e-02 -5.43741806e-03
2.91716682e-01 1.55174570e-02 3.14489555e-03 1.15500150e-02 -5.41389683e-03
2.93218420e-01 1.56028937e-02 3.37123522e-03 1.15514126e-02 -5.37466587e-03
2.94719436e-01 1.56789992e-02 3.59295645e-03 1.15483334e-02 -5.31993371e-03
2.96219724e-01 1.57456039e-02 3.80898149e-03 1.15409824e-02 -5.24998935e-03
2.97719282e-01 1.58025781e-02 4.01825999e-03 1.15295729e-02 -5.16519978e-03
2.99218105e-01 1.58498325e-02 4.21977528e-03 1.15143250e-02 -5.06600705e-03
3.00716191e-01 1.58873176e-02 4.41255043e-03 1.14954643e-02 -4.95292478e-03
3.02213535e-01 1.59150243e-02 4.59565405e-03 1.14732207e-02 -4.82653442e-03
3.03710134e-01 1.59329832e-02 4.76820574e-03 1.14478274e-02 -4.68748095e-03
3.05205983e-01 1.59412643e-02 4.92938114e-03 1.14195200e-02 -4.53646846e-03
3.06701080e-01 1.59399771e-02 5.07841662e-03 1.13885354e-02 -4.37425521e-03
3.08195421e-01 1.59292696e-02 5.21461356e-03 1.13551117e-02 -4.20164869e-03
3.09689002e-01 1.59093277e-02 5.33734212e-03 1.13194875e-02 -4.01950026e-03
3.11181819e-01 1.58803751e-02 5.44604460e-03 1.12819017e-02 -3.82869982e-03
3.12673868e-01 1.58426720e-02 5.54023832e-03 1.12425934e-02 -3.63017028e-03
3.14165146e-01 1.57965148e-02 5.61951793e-03 1.12018019e-02 -3.42486198e-03
3.15655650e-01 1.57422352e-02 5.68355728e-03 1.11597669e-02 -3.21374713e-03
3.17145375e-01 1.56801993e-02 5.73211078e-03 1.11167289e-02 -2.99781422e-03
3.18634318e-01 1.56108069e-02 5.76501424e-03 1.10729298e-02 -2.77806254e-03
3.20122475e-01 1.55344905e-02 5.78218519e-03 1.10286130e-02 -2.55549678e-03
3.21609843e-01 1.54517145e-02 5.78362273e-03 1.09840245e-02 -2.33112175e-03
3.23096417e-01 1.53629740e-02 5.76940687e-03 1.09394133e-02 -2.10593725e-03
3.24582195e-01 1.52687939e-02 5.73969743e-03 1.08950324e-02 -1.88093316e-03
3.26067172e-01 1.51697278e-02 5.69473243e-03 1.08511392e-02 -1.65708474e-03
3.27551345e-01 1.50663566e-02 5.63482612e-03 1.08079962e-02 -1.43534812e-03
3.29034710e-01 1.49592877e-02 5.56036650e-03 1.07658722e-02 -1.21665606e-03
3.30517264e-01 1.48491527e-02 5.47181253e-03 1.07250423e-02 -1.00191401e-03
3.31999003e-01 1.47366069e-02 5.36969090e-03 1.06857887e-02 -7.91996363e-04
3.33479923e-01 1.46223269e-02 5.25459255e-03 1.06484011e-02 -5.87743070e-04
3.34960021e-01 1.45070093e-02 5.12716874e-03 1.06131769e-02 -3.89956482e-04
3.36439292e-01 1.43913682e-02 4.98812697e-03 1.05804213e-02 -1.99398510e-04
3.37917734e-01 1.42761337e-02 4.83822657e-03 1.05504474e-02 -1.67880648e-05
3.39395342e-01 1.41620492e-02 4.67827405e-03 1.05235757e-02 1.57201218e-04
3.40872114e-01 1.40498692e-02 4.50911834e-03 1.05001337e-02 3.21942968e-04
3.42348044e-01 1.39403563e-02 4.33164575e-03 1.04804553e-02 4.76859795e-04
3.43823131e-01 1.38342789e-02 4.14677489e-03 1.04648801e-02 6.21424730e-04
3.45297369e-01 1.37324076e-02 3.95545142e-03 1.04537517e-02 7.55162409e-04
3.46770756e-01 1.36355123e-02 3.75864279e-03 1.04474169e-02 8.77649997e-04
3.48243288e-01 1.35443590e-02 3.55733290e-03 1.04462240e-02 9.88517870e-04
3.49714961e-01 1.34597059e-02 3.35251675e-03 1.04505209e-02 1.08745006e-03
3.51185772e-01 1.33823000e-02 3.14519510e-03 1.04606532e-02 1.17418447e-03
3.52655716e-01 1.33128733e-02 2.93636921e-03 1.04769622e-02 1.24851289e-03
3.54124791e-01 1.32521387e-02 2.72703563e-03 1.04997823e-02 1.31028076e-03
3.55592992e-01 1.32007862e-02 2.51818111e-03 1.05294387e-02 1.35938682e-03
3.57060317e-01 1.31594787e-02 2.31077757e-03 1.05662450e-02 1.39578246e-03
3.58526760e-01 1.31288480e-02 2.10577737e-03 1.06104999e-02 1.41947096e-03
3.59992320e-01 1.31094909e-02 1.90410858e-03 1.06624853e-02 1.43050659e-03
3.61456992e-01 1.31019650e-02 1.70667058e-03 1.07224627e-02 1.42899342e-03
3.62920772e-01 1.31067846e-02 1.51432985e-03 1.07906712e-02 1.41508410e-03
3.64383658e-01 1.31244173e-02 1.32791596e-03 1.08673240e-02 1.38897843e-03
3.65845645e-01 1.31552799e-02 1.14821790e-03 1.09526064e-02 1.35092176e-03
3.67306729e-01 1.31997353e-02 9.75980623e-04 1.10466724e-02 1.30120332e-03
3.68766908e-01 1.32580888e-02 8.11901908e-04 1.11496433e-02 1.24015434e-03
3.70226177e-01 1.33305855e-02 6.56629552e-04 1.12616043e-02 1.16814611e-03
3.71684534e-01 1.34174076e-02 5.10758863e-04 1.13826034e-02 1.08558787e-03
3.73141973e-01 1.35186718e-02 3.74830498e-04 1.15126486e-02 9.92924619e-04
3.74598493e-01 1.36344274e-02 2.49328634e-04 1.16517071e-02 8.90634784e-04
3.76054088e-01 1.37646551e-02 1.34679501e-04 1.17997037e-02 7.79227824e-04
3.77508756e-01 1.39092652e-02 3.12502611e-05 1.19565193e-02 6.59241718e-04
3.78962493e-01 1.40680975e-02 -6.06517584e-05 1.21219909e-02 5.31240374e-04
3.80415296e-01 1.42409209e-02 -1.40779471e-04 1.22959111e-02 3.95810965e-04
3.81867160e-01 1.44274335e-02 -2.08946090e-04 1.24780277e-02 2.53561199e-04
3.83318083e-01 1.46272635e-02 -2.65024832e-04 1.26680443e-02 1.05116533e-04
3.84768060e-01 1.48399706e-02 -3.08948292e-04 1.28656213e-02 -4.88826560e-05
3.86217089e-01 1.50650475e-02 -3.40707474e-04 1.30703766e-02 -2.07783937e-04
3.87665165e-01 1.53019221e-02 -3.60350514e-04 1.32818872e-02 -3.70925702e-04
3.89112285e-01 1.55499609e-02 -3.67981094e-04 1.34996911e-02 -5.37640063e-04
3.90558445e-01 1.58084713e-02 -3.63756570e-04 1.37232896e-02 -7.07255728e-04
3.92003642e-01 1.60767060e-02 -3.47885828e-04 1.39521494e-02 -8.79100869e-04
3.93447872e-01 1.63538666e-02 -3.20626892e-04 1.41857059e-02 -1.05250595e-03
3.94891132e-01 1.66391085e-02 -2.82284311e-04 1.44233660e-02 -1.22680652e-03
3.96333418e-01 1.69315456e-02 -2.33206336e-04 1.46645117e-02 -1.40134590e-03
3.97774727e-01 1.72302554e-02 -1.73781923e-04 1.49085036e-02 -1.57547788e-03
3.99215055e-01 1.75342848e-02 -1.04437586e-04 1.51546848e-02 -1.74856921e-03
4.00654398e-01 1.78426555e-02 -2.56341177e-05 1.54023851e-02 -1.92000210e-03
4.02092753e-01 1.81543700e-02 6.21367732e-05 1.56509248e-02 -2.08917653e-03
4.03530117e-01 1.84684180e-02 1.58355906e-04 1.58996192e-02 -2.25551248e-03
4.04966485e-01 1.87837822e-02 2.62480105e-04 1.61477830e-02 -2.41845198e-03
4.06401855e-01 1.90994450e-02 3.73945695e-04 1.63947345e-02 -2.57746106e-03
4.07836222e-01 1.94143942e-02 4.92171978e-04 1.66398000e-02 -2.73203148e-03
4.09269584e-01 1.97276298e-02 6.16564676e-04 1.68823183e-02 -2.88168239e-03
4.10701936e-01 2.00381697e-02 7.46519302e-04 1.71216446e-02 -3.02596172e-03
4.12133276e-01 2.03450558e-02 8.81424447e-04 1.73571547e-02 -3.16444751e-03
4.13563599e-01 2.06473598e-02 1.02066496e-03 1.75882493e-02 -3.29674894e-03
4.14992902e-01 2.09441888e-02 1.16362499e-03 1.78143571e-02 -3.42250728e-03
4.16421181e-01 2.12346903e-02 1.30969088e-03 1.80349389e-02 -3.54139666e-03
4.17848434e-01 2.15180575e-02 1.45825391e-03 1.82494906e-02 -3.65312460e-03
4.19274656e-01 2.17935335e-02 1.60871286e-03 1.84575462e-02 -3.75743243e-03
4.20699844e-01 2.20604156e-02 1.76047637e-03 1.86586806e-02 -3.85409554e-03
4.22123995e-01 2.23180595e-02 1.91296512e-03 1.88525121e-02 -3.94292344e-03
4.23547105e-01 2.25658817e-02 2.06561383e-03 1.90387040e-02 -4.02375973e-03
4.24969170e-01 2.28033632e-02 2.21787300e-03 1.92169667e-02 -4.09648181e-03
4.26390187e-01 2.30300514e-02 2.36921054e-03 1.93870589e-02 -4.16100060e-03
4.27810152e-01 2.32455621e-02 2.51911310e-03 1.95487885e-02 -4.21726005e-03
4.29229063e-01 2.34495811e-02 2.66708729e-03 1.97020136e-02 -4.26523650e-03
4.30646915e-01 2.36418644e-02 2.81266068e-03 1.98466419e-02 -4.30493806e-03
4.32063705e-01 2.38222394e-02 2.95538260e-03 1.99826314e-02 -4.33640375e-03
4.33479429e-01 2.39906041e-02 3.09482484e-03 2.01099894e-02 -4.35970264e-03
4.34894084e-01 2.41469269e-02 3.23058215e-03 2.02287721e-02 -4.37493291e-03
4.36307667e-01 2.42912452e-02 3.36227262e-03 2.03390828e-02 -4.38222081e-03
4.37720174e-01 2.44236641e-02 3.48953791e-03 2.04410711e-02 -4.38171959e-03
4.39131601e-01 2.45443543e-02 3.61204347e-03 2.05349305e-02 -4.37360833e-03
4.40541946e-01 2.46535495e-02 3.72947852e-03 2.06208967e-02 -4.35809082e-03
4.41951203e-01 2.47515441e-02 3.84155608e-03 2.06992453e-02 -4.33539430e-03
4.43359371e-01 2.48386895e-02 3.94801294e-03 2.07702889e-02 -4.30576823e-03
4.44766446e-01 2.49153910e-02 4.04860947e-03 2.08343747e-02 -4.26948302e-03
4.46172424e-01 2.49821040e-02 4.14312955e-03 2.08918813e-02 -4.22682872e-03
4.47577301e-01 2.50393299e-02 4.23138041e-03 2.09432157e-02 -4.17811372e-03
4.48981074e-01 2.50876118e-02 4.31319244e-03 2.09888101e-02 -4.12366336e-03
4.50383741e-01 2.51275302e-02 4.38841912e-03 2.10291185e-02 -4.06381865e-03
4.51785296e-01 2.51596984e-02 4.45693680e-03 2.10646131e-02 -3.99893480e-03
4.53185738e-01 2.51847578e-02 4.51864467e-03 2.10957816e-02 -3.92937990e-03
4.54585061e-01 2.52033733e-02 4.57346462e-03 2.11231227e-02 -3.85553344e-03
4.55983264e-01 2.52162282e-02 4.62134124e-03 2.11471436e-02 -3.77778492e-03
4.57380342e-01 2.52240196e-02 4.66224174e-03 2.11683560e-02 -3.69653234e-03
4.58776292e-01 2.52274537e-02 4.69615597e-03 2.11872731e-02 -3.61218073e-03
4.60171111e-01 2.52272412e-02 4.72309643e-03 2.12044063e-02 -3.52514066e-03
4.61564795e-01 2.52240924e-02 4.74309830e-03 2.12202621e-02 -3.43582667e-03
4.62957340e-01 2.52187130e-02 4.75621945e-03 2.12353387e-02 -3.34465572e-03
4.64348744e-01 2.52117997e-02 4.76254048e-03 2.12501241e-02 -3.25204559e-03
4.65739003e-01 2.52040363e-02 4.76216474e-03 2.12650924e-02 -3.15841329e-03
4.67128113e-01 2.51960896e-02 4.75521824e-03 2.12807021e-02 -3.06417337e-03
4.68516071e-01 2.51886059e-02 4.74184966e-03 2.12973934e-02 -2.96973636e-03
4.69902874e-01 2.51822076e-02 4.72223015e-03 2.13155862e-02 -2.87550699e-03
4.71288518e-01 2.51774899e-02 4.69655316e-03 2.13356784e-02 -2.78188261e-03
4.72672999e-01 2.51750184e-02 4.66503413e-03 2.13580443e-02 -2.68925145e-03
4.74056315e-01 2.51753259e-02 4.62791012e-03 2.13830329e-02 -2.59799097e-03
4.75438462e-01 2.51789111e-02 4.58543926e-03 2.14109671e-02 -2.50846619e-03
4.76819436e-01 2.51862358e-02 4.53790015e-03 2.14421425e-02 -2.42102810e-03
4.78199234e-01 2.51977240e-02 4.48559104e-03 2.14768270e-02 -2.33601199e-03
4.79577853e-01 2.52137604e-02 4.42882897e-03 2.15152602e-02 -2.25373597e-03
4.80955289e-01 2.52346895e-02 4.36794863e-03 2.15576532e-02 -2.17449944e-03
4.82331539e-01 2.52608151e-02 4.30330115e-03 2.16041884e-02 -2.09858170e-03
4.83706600e-01 2.52923997e-02 4.23525271e-03 2.16550202e-02 -2.02624062e-03
4.85080468e-01 2.53296654e-02 4.16418296e-03 2.17102750e-02 -1.95771142e-03
4.86453139e-01 2.53727931e-02 4.09048334e-03 2.17700520e-02 -1.89320557e-03
4.87824611e-01 2.54219241e-02 4.01455516e-03 2.18344240e-02 -1.83290981e-03
4.89194880e-01 2.54771608e-02 3.93680763e-03 2.19034383e-02 -1.77698532e-03
4.90563942e-01 2.55385675e-02 3.85765571e-03 2.19771180e-02 -1.72556705e-03
4.91931794e-01 2.56061724e-02 3.77751783e-03 2.20554631e-02 -1.67876323e-03
4.93298434e-01 2.56799689e-02 3.69681353e-03 2.21384519e-02 -1.63665504e-03
4.94663856e-01 2.57599175e-02 3.61596104e-03 2.22260427e-02 -1.59929644e-03
4.96028059e-01 2.58459485e-02 3.53537473e-03 2.23181754e-02 -1.56671429e-03
4.97391039e-01 2.59379632e-02 3.45546263e-03 2.24147730e-02 -1.53890856e-03
4.98752791e-01 2.60358371e-02 3.37662379e-03 2.25157434e-02 -1.51585282e-03
5.00113314e-01 2.61394224e-02 3.29924582e-03 2.26209814e-02 -1.49749487e-03
5.01472604e-01 2.62485500e-02 3.22370236e-03 2.27303704e-02 -1.48375767e-03
5.02830656e-01 2.63630329e-02 3.15035064e-03 2.28437841e-02 -1.47454036e-03
5.04187469e-01 2.64826685e-02 3.07952915e-03 2.29610886e-02 -1.46971953e-03
5.05543038e-01 2.66072413e-02 3.01155545e-03 2.30821439e-02 -1.46915069e-03
5.06897361e-01 2.67365259e-02 2.94672412e-03 2.32068061e-02 -1.47266983e-03
5.08250433e-01 2.68702899e-02 2.88530486e-03 2.33349284e-02 -1.48009527e-03
5.09602252e-01 2.70082957e-02 2.82754083e-03 2.34663636e-02 -1.49122951e-03
5.10952815e-01 2.71503040e-02 2.77364720e-03 2.36009648e-02 -1.50586129e-03
5.12302117e-01 2.72960758e-02 2.72380993e-03 2.37385876e-02 -1.52376773e-03
5.13650155e-01 2.74453748e-02 2.67818485e-03 2.38790909e-02 -1.54471656e-03
5.14996927e-01 2.75979698e-02 2.63689697e-03 2.40223383e-02 -1.56846836e-03
5.16342429e-01 2.77536363e-02 2.60004011e-03 2.41681992e-02 -1.59477889e-03
5.17686658e-01 2.79121587e-02 2.56767677e-03 2.43165498e-02 -1.62340142e-03
5.19029610e-01 2.80733320e-02 2.53983839e-03 2.44672739e-02 -1.65408895e-03
5.20371281e-01 2.82369631e-02 2.51652580e-03 2.46202634e-02 -1.68659656e-03
5.21711670e-01 2.84028718e-02 2.49771004e-03 2.47754190e-02 -1.72068348e-03
5.23050772e-01 2.85708923e-02 2.48333343e-03 2.49326504e-02 -1.75611524e-03
5.24388584e-01 2.87408736e-02 2.47331091e-03 2.50918766e-02 -1.79266557e-03
5.25725102e-01 2.89126803e-02 2.46753165e-03 2.52530260e-02 -1.83011826e-03
5.27060325e-01 2.90861926e-02 2.46586090e-03 2.54160362e-02 -1.86826877e-03
5.28394247e-01 2.92613065e-02 2.46814204e-03 2.55808536e-02 -1.90692570e-03
5.29726866e-01 2.94379338e-02 2.47419884e-03 2.57474334e-02 -1.94591207e-03
5.31058179e-01 2.96160015e-02 2.48383790e-03 2.59157390e-02 -1.98506632e-03
5.32388182e-01 2.97954513e-02 2.49685116e-03 2.60857412e-02 -2.02424321e-03
5.33716872e-01 2.99762387e-02 2.51301862e-03 2.62574175e-02 -2.06331432e-03
5.35044246e-01 3.01583324e-02 2.53211102e-03 2.64307514e-02 -2.10216846e-03
5.36370301e-01 3.03417126e-02 2.55389263e-03 2.66057317e-02 -2.14071176e-03
5.37695032e-01 3.05263704e-02 2.57812405e-03 2.67823511e-02 -2.17886753e-03
5.39018438e-01 3.07123058e-02 2.60456492e-03 2.69606055e-02 -2.21657590e-03
5.40340514e-01 3.08995264e-02 2.63297664e-03 2.71404928e-02 -2.25379322e-03
5.41661258e-01 3.10880462e-02 2.66312493e-03 2.73220120e-02 -2.29049128e-03
5.42980666e-01 3.12778832e-02 2.69478230e-03 2.75051621e-02 -2.32665625e-03
5.44298735e-01 3.14690586e-02 2.72773037e-03 2.76899410e-02 -2.36228750e-03
5.45615461e-01 3.16615947e-02 2.76176196e-03 2.78763446e-02 -2.39739625e-03
5.46930842e-01 3.18555130e-02 2.79668304e-03 2.80643655e-02 -2.43200402e-03
5.48244874e-01 3.20508332e-02 2.83231436e-03 2.82539928e-02 -2.46614103e-03
5.49557555e-01 3.22475715e-02 2.86849291e-03 2.84452105e-02 -2.49984445e-03
5.50868879e-01 3.24457389e-02 2.90507309e-03 2.86379974e-02 -2.53315661e-03
5.52178845e-01 3.26453404e-02 2.94192754e-03 2.88323261e-02 -2.56612312e-03
5.53487450e-01 3.28463734e-02 2.97894779e-03 2.90281628e-02 -2.59879106e-03
5.54794689e-01 3.30488269e-02 3.01604455e-03 2.92254667e-02 -2.63120709e-03
5.56100561e-01 3.32526810e-02 3.05314768e-03 2.94241900e-02 -2.66341565e-03
5.57405060e-01 3.34579057e-02 3.09020598e-03 2.96242774e-02 -2.69545725e-03
5.58708186e-01 3.36644609e-02 3.12718656e-03 2.98256670e-02 -2.72736679e-03
5.60009933e-01 3.38722962e-02 3.16407408e-03 3.00282895e-02 -2.75917207e-03
5.61310299e-01 3.40813506e-02 3.20086959e-03 3.02320693e-02 -2.79089241e-03
5.62609281e-01 3.42915531e-02 3.23758926e-03 3.04369250e-02 -2.82253741e-03
5.63906875e-01 3.45028230e-02 3.27426284e-03 3.06427694e-02 -2.85410596e-03
5.65203079e-01 3.47150706e-02 3.31093186e-03 3.08495112e-02 -2.88558541e-03
5.66497889e-01 3.49281978e-02 3.34764782e-03 3.10570553e-02 -2.91695094e-03
5.67791302e-01 3.51420999e-02 3.38447006e-03 3.12653041e-02 -2.94816520e-03
5.69083314e-01 3.53566658e-02 3.42146368e-03 3.14741586e-02 -2.97917815e-03
5.70373923e-01 3.55717804e-02 3.45869725e-03 3.16835197e-02 -3.00992714e-03
5.71663126e-01 3.57873255e-02 3.49624060e-03 3.18932895e-02 -3.04033724e-03
5.72950918e-01 3.60031819e-02 3.53416246e-03 3.21033727e-02 -3.07032178e-03
5.74237298e-01 3.62192309e-02 3.57252824e-03 3.23136777e-02 -3.09978315e-03
5.75522261e-01 3.64353562e-02 3.61139781e-03 3.25241187e-02 -3.12861378e-03
5.76805805e-01 3.66514458e-02 3.65082333e-03 3.27346163e-02 -3.15669732e-03
5.78087927e-01 3.68673942e-02 3.69084726e-03 3.29450996e-02 -3.18391005e-03
5.79368623e-01 3.70831036e-02 3.73150045e-03 3.31555071e-02 -3.21012245e-03
5.80647890e-01 3.72984864e-02 3.77280043e-03 3.33657878e-02 -3.23520083e-03
5.81925725e-01 3.75134668e-02 3.81474988e-03 3.35759031e-02 -3.25900922e-03
5.83202125e-01 3.77279823e-02 3.85733530e-03 3.37858269e-02 -3.28141122e-03
5.84477087e-01 3.79419852e-02 3.90052592e-03 3.39955475e-02 -3.30227205e-03
5.85750607e-01 3.81554444e-02 3.94427286e-03 3.42050673e-02 -3.32146053e-03
5.87022683e-01 3.83683459e-02 3.98850853e-03 3.44144042e-02 -3.33885112e-03
5.88293311e-01 3.85806946e-02 4.03314630e-03 3.46235919e-02 -3.35432596e-03
5.89562488e-01 3.87925145e-02 4.07808043e-03 3.48326796e-02 -3.36777687e-03
5.90830212e-01 3.90038493e-02 4.12318630e-03 3.50417326e-02 -3.37910720e-03
5.92096478e-01 3.92147630e-02 4.16832089e-03 3.52508319e-02 -3.38823368e-03
5.93361284e-01 3.94253397e-02 4.21332349e-03 3.54600737e-02 -3.39508809e-03
5.94624627e-01 3.96356834e-02 4.25801678e-03 3.56695689e-02 -3.39961877e-03
5.95886503e-01 3.98459173e-02 4.30220802e-03 3.58794421e-02 -3.40179202e-03
5.97146909e-01 4.00561836e-02 4.34569054e-03 3.60898310e-02 -3.40159322e-03
5.98405843e-01 4.02666419e-02 4.38824549e-03 3.63008847e-02 -3.39902780e-03
5.99663302e-01 4.04774683e-02 4.42964371e-03 3.65127627e-02 -3.39412197e-03
6.00919281e-01 4.06888537e-02 4.46964780e-03 3.67256328e-02 -3.38692320e-03
6.02173778e-01 4.09010023e-02 4.50801440e-03 3.69396700e-02 -3.37750049e-03
6.03426791e-01 4.11141293e-02 4.54449650e-03 3.71550544e-02 -3.36594429e-03
6.04678315e-01 4.13284592e-02 4.57884597e-03 3.73719689e-02 -3.35236628e-03
6.05928348e-01 4.15442236e-02 4.61081608e-03 3.75905977e-02 -3.33689883e-03
6.07176887e-01 4.17616583e-02 4.64016410e-03 3.78111237e-02 -3.31969419e-03
6.08423928e-01 4.19810015e-02 4.66665393e-03 3.80337267e-02 -3.30092346e-03
6.09669468e-01 4.22024906e-02 4.69005870e-03 3.82585809e-02 -3.28077532e-03
6.10913506e-01 4.24263602e-02 4.71016338e-03 3.84858531e-02 -3.25945448e-03
6.12156036e-01 4.26528393e-02 4.72676726e-03 3.87156999e-02 -3.23718002e-03
6.13397057e-01 4.28821488e-02 4.73968641e-03 3.89482666e-02 -3.21418337e-03
6.14636565e-01 4.31144987e-02 4.74875595e-03 3.91836843e-02 -3.19070626e-03
6.15874558e-01 4.33500862e-02 4.75383225e-03 3.94220686e-02 -3.16699844e-03
6.17111031e-01 4.35890932e-02 4.75479489e-03 3.96635177e-02 -3.14331524e-03
6.18345983e-01 4.38316839e-02 4.75154849e-03 3.99081108e-02 -3.11991505e-03
6.19579410e-01 4.40780036e-02 4.74402430e-03 4.01559070e-02 -3.09705675e-03
6.20811308e-01 4.43281758e-02 4.73218157e-03 4.04069437e-02 -3.07499697e-03
6.22041676e-01 4.45823019e-02 4.71600863e-03 4.06612360e-02 -3.05398743e-03
6.23270509e-01 4.48404588e-02 4.69552382e-03 4.09187759e-02 -3.03427221e-03
6.24497806e-01 4.51026987e-02 4.67077602e-03 4.11795319e-02 -3.01608503e-03
6.25723562e-01 4.53690479e-02 4.64184500e-03 4.14434489e-02 -2.99964669e-03
6.26947776e-01 4.56395063e-02 4.60884141e-03 4.17104479e-02 -2.98516243e-03
6.28170443e-01 4.59140474e-02 4.57190654e-03 4.19804268e-02 -2.97281951e-03
6.29391561e-01 4.61926179e-02 4.53121178e-03 4.22532608e-02 -2.96278493e-03
6.30611126e-01 4.64751388e-02 4.48695774e-03 4.25288034e-02 -2.95520324e-03
6.31829137e-01 4.67615055e-02 4.43937319e-03 4.28068875e-02 -2.95019458e-03
6.33045589e-01 4.70515886e-02 4.38871364e-03 4.30873266e-02 -2.94785295e-03
6.34260480e-01 4.73452355e-02 4.33525970e-03 4.33699169e-02 -2.94824465e-03
6.35473807e-01 4.76422718e-02 4.27931518e-03 4.36544389e-02 -2.95140707e-03
6.36685567e-01 4.79425024e-02 4.22120501e-03 4.39406594e-02 -2.95734762e-03
6.37895757e-01 4.82457141e-02 4.16127286e-03 4.42283340e-02 -2.96604305e-03
6.39104373e-01 4.85516771e-02 4.09987868e-03 4.45172094e-02 -2.97743902e-03
6.40311414e-01 4.88601476e-02 4.03739598e-03 4.48070260e-02 -2.99144998e-03
6.41516875e-01 4.91708699e-02 3.97420904e-03 4.50975206e-02 -3.00795936e-03
6.42720754e-01 4.94835792e-02 3.91070999e-03 4.53884294e-02 -3.02682012e-03
6.43923048e-01 4.97980037e-02 3.84729577e-03 4.56794904e-02 -3.04785550e-03
6.45123754e-01 5.01138678e-02 3.78436512e-03 4.59704467e-02 -3.07086027e-03
6.46322869e-01 5.04308943e-02 3.72231545e-03 4.62610492e-02 -3.09560209e-03
6.47520390e-01 5.07488073e-02 3.66153983e-03 4.65510594e-02 -3.12182335e-03
6.48716314e-01 5.10673346e-02 3.60242388e-03 4.68402523e-02 -3.14924316e-03
6.49910639e-01 5.13862106e-02 3.54534289e-03 4.71284188e-02 -3.17755973e-03
6.51103360e-01 5.17051783e-02 3.49065892e-03 4.74153688e-02 -3.20645293e-03
6.52294476e-01 5.20239921e-02 3.43871810e-03 4.77009330e-02 -3.23558717e-03
6.53483983e-01 5.23424197e-02 3.38984803e-03 4.79849653e-02 -3.26461437e-03
6.54671879e-01 5.26602442e-02 3.34435543e-03 4.82673451e-02 -3.29317731e-03
6.55858160e-01 5.29772658e-02 3.30252396e-03 4.85479787e-02 -3.32091298e-03
6.57042824e-01 5.32933039e-02 3.26461229e-03 4.88268009e-02 -3.34745617e-03
6.58225867e-01 5.36081978e-02 3.23085242e-03 4.91037765e-02 -3.37244311e-03
6.59407287e-01 5.39218083e-02 3.20144825e-03 4.93789008e-02 -3.39551521e-03
6.60587080e-01 5.42340185e-02 3.17657450e-03 4.96522005e-02 -3.41632286e-03
6.61765245e-01 5.45447343e-02 3.15637582e-03 4.99237341e-02 -3.43452920e-03
6.62941778e-01 5.48538850e-02 3.14096630e-03 5.01935917e-02 -3.44981388e-03
6.64116675e-01 5.51614230e-02 3.13042926e-03 5.04618946e-02 -3.46187673e-03
6.65289935e-01 5.54673240e-02 3.12481730e-03 5.07287948e-02 -3.47044135e-03
6.66461554e-01 5.57715863e-02 3.12415275e-03 5.09944741e-02 -3.47525858e-03
6.67631530e-01 5.60742299e-02 3.12842828e-03 5.12591424e-02 -3.47610972e-03
6.68799859e-01 5.63752963e-02 3.13760797e-03 5.15230364e-02 -3.47280965e-03
6.69966538e-01 5.66748462e-02 3.15162847e-03 5.17864174e-02 -3.46520959e-03
6.71131566e-01 5.69729589e-02 3.17040056e-03 5.20495693e-02 -3.45319967e-03
6.72294938e-01 5.72697305e-02 3.19381087e-03 5.23127959e-02 -3.43671120e-03
6.73456652e-01 5.75652719e-02 3.22172382e-03 5.25764182e-02 -3.41571851e-03
6.74616706e-01 5.78597070e-02 3.25398371e-03 5.28407719e-02 -3.39024058e-03
6.75775095e-01 5.81531705e-02 3.29041709e-03 5.31062034e-02 -3.36034220e-03
6.76931818e-01 5.84458063e-02 3.33083504e-03 5.33730673e-02 -3.32613472e-03
6.78086872e-01 5.87377644e-02 3.37503576e-03 5.36417228e-02 -3.28777650e-03
6.79240254e-01 5.90291993e-02 3.42280706e-03 5.39125298e-02 -3.24547282e-03
6.80391960e-01 5.93202677e-02 3.47392892e-03 5.41858461e-02 -3.19947543e-03
6.81541988e-01 5.96111259e-02 3.52817608e-03 5.44620233e-02 -3.15008169e-03
6.82690336e-01 5.99019283e-02 3.58532049e-03 5.47414035e-02 -3.09763322e-03
6.83837000e-01 6.01928247e-02 3.64513375e-03 5.50243158e-02 -3.04251417e-03
6.84981977e-01 6.04839590e-02 3.70738943e-03 5.53110733e-02 -2.98514906e-03
6.86125265e-01 6.07754669e-02 3.77186518e-03 5.56019694e-02 -2.92600025e-03
6.87266861e-01 6.10674749e-02 3.83834472e-03 5.58972752e-02 -2.86556494e-03
6.88406763e-01 6.13600985e-02 3.90661966e-03 5.61972369e-02 -2.80437195e-03
6.89544966e-01 6.16534415e-02 3.97649095e-03 5.65020727e-02 -2.74297797e-03
6.90681469e-01 6.19475950e-02 4.04777029e-03 5.68119711e-02 -2.68196371e-03
6.91816268e-01 6.22426367e-02 4.12028106e-03 5.71270889e-02 -2.62192953e-03
6.92949362e-01 6.25386309e-02 4.19385916e-03 5.74475497e-02 -2.56349105e-03
6.94080746e-01 6.28356286e-02 4.26835341e-03 5.77734423e-02 -2.50727435e-03
6.95210419e-01 6.31336674e-02 4.34362578e-03 5.81048203e-02 -2.45391112e-03
6.96338377e-01 6.34327726e-02 4.41955121e-03 5.84417017e-02 -2.40403358e-03
6.97464618e-01 6.37329579e-02 4.49601724e-03 5.87840684e-02 -2.35826936e-03
6.98589139e-01 6.40342268e-02 4.57292331e-03 5.91318672e-02 -2.31723630e-03
6.99711937e-01 6.43365741e-02 4.65017975e-03 5.94850100e-02 -2.28153717e-03
7.00833010e-01 6.46399873e-02 4.72770662e-03 5.98433754e-02 -2.25175456e-03
7.01952354e-01 6.49444494e-02 4.80543214e-03 6.02068098e-02 -2.22844563e-03
7.03069967e-01 6.52499403e-02 4.88329113e-03 6.05751299e-02 -2.21213718e-03
7.04185846e-01 6.55564399e-02 4.96122302e-03 6.09481244e-02 -2.20332072e-03
7.05299989e-01 6.58639301e-02 5.03916991e-03 6.13255569e-02 -2.20244774e-03
7.06412392e-01 6.61723979e-02 5.11707434e-03 6.17071688e-02 -2.20992533e-03
7.07523053e-01 6.64818382e-02 5.19487711e-03 6.20926825e-02 -2.22611189e-03
7.08631969e-01 6.67922562e-02 5.27251490e-03 6.24818044e-02 -2.25131328e-03
7.09739137e-01 6.71036704e-02 5.34991797e-03 6.28742292e-02 -2.28577921e-03
7.10844555e-01 6.74161157e-02 5.42700788e-03 6.32696428e-02 -2.32970007e-03
7.11948220e-01 6.77296454e-02 5.50369521e-03 6.36677270e-02 -2.38320406e-03
7.13050130e-01 6.80443342e-02 5.57987739e-03 6.40681627e-02 -2.44635484e-03
7.14150280e-01 6.83602803e-02 5.65543673e-03 6.44706343e-02 -2.51914952e-03
7.15248670e-01 6.86776076e-02 5.73023857e-03 6.48748335e-02 -2.60151718e-03
7.16345296e-01 6.89964674e-02 5.80412961e-03 6.52804629e-02 -2.69331780e-03
7.17440155e-01 6.93170401e-02 5.87693657e-03 6.56872400e-02 -2.79434175e-03
7.18533244e-01 6.96395361e-02 5.94846503e-03 6.60949005e-02 -2.90430971e-03
7.19624562e-01 6.99641967e-02 6.01849863e-03 6.65032021e-02 -3.02287309e-03
7.20714105e-01 7.02912947e-02 6.08679860e-03 6.69119268e-02 -3.14961502e-03
7.21801870e-01 7.06211339e-02 6.15310356e-03 6.73208843e-02 -3.28405176e-03
7.22887856e-01 7.09540489e-02 6.21712980e-03 6.77299144e-02 -3.42563461e-03
7.23972059e-01 7.12904039e-02 6.27857179e-03 6.81388888e-02 -3.57375240e-03
7.25054476e-01 7.16305914e-02 6.33710321e-03 6.85477129e-02 -3.72773435e-03
7.26135105e-01 7.19750303e-02 6.39237825e-03 6.89563273e-02 -3.88685340e-03
7.27213943e-01 7.23241631e-02 6.44403334e-03 6.93647084e-02 -4.05033006e-03
7.28290988e-01 7.26784533e-02 6.49168927e-03 6.97728690e-02 -4.21733663e-03
7.29366237e-01 7.30383821e-02 6.53495358e-03 7.01808579e-02 -4.38700179e-03
7.30439687e-01 7.34044443e-02 6.57342342e-03 7.05887601e-02 -4.55841562e-03
7.31511336e-01 7.37771445e-02 6.60668859e-03 7.09966948e-02 -4.73063492e-03
7.32581181e-01 7.41569921e-02 6.63433497e-03 7.14048149e-02 -4.90268889e-03
7.33649219e-01 7.45444968e-02 6.65594815e-03 7.18133048e-02 -5.07358506e-03
7.34715448e-01 7.49401629e-02 6.67111734e-03 7.22223779e-02 -5.24231543e-03
7.35779864e-01 7.53444846e-02 6.67943940e-03 7.26322742e-02 -5.40786290e-03
7.36842467e-01 7.57579398e-02 6.68052307e-03 7.30432573e-02 -5.56920784e-03
7.37903252e-01 7.61809845e-02 6.67399328e-03 7.34556107e-02 -5.72533471e-03
7.38962217e-01 7.66140472e-02 6.65949551e-03 7.38696344e-02 -5.87523894e-03
7.40019360e-01 7.70575229e-02 6.63670019e-03 7.42856410e-02 -6.01793367e-03
7.41074678e-01 7.75117677e-02 6.60530705e-03 7.47039514e-02 -6.15245665e-03
7.42128168e-01 7.79770927e-02 6.56504931e-03 7.51248905e-02 -6.27787700e-03
7.43179828e-01 7.84537590e-02 6.51569791e-03 7.55487830e-02 -6.39330195e-03
7.44229655e-01 7.89419727e-02 6.45706538e-03 7.59759486e-02 -6.49788340e-03
7.45277647e-01 7.94418797e-02 6.38900956e-03 7.64066978e-02 -6.59082440e-03
7.46323801e-01 7.99535616e-02 6.31143710e-03 7.68413275e-02 -6.67138529e-03
7.47368114e-01 8.04770321e-02 6.22430654e-03 7.72801163e-02 -6.73888970e-03
7.48410585e-01 8.10122329e-02 6.12763114e-03 7.77233208e-02 -6.79273019e-03
7.49451209e-01 8.15590315e-02 6.02148123e-03 7.81711711e-02 -6.83237356e-03
7.50489985e-01 8.21172186e-02 5.90598626e-03 7.86238677e-02 -6.85736576e-03
7.51526911e-01 8.26865071e-02 5.78133627e-03 7.90815776e-02 -6.86733640e-03
7.52561982e-01 8.32665306e-02 5.64778298e-03 7.95444312e-02 -6.86200283e-03
7.53595199e-01 8.38568438e-02 5.50564037e-03 8.00125200e-02 -6.84117362e-03
7.54626556e-01 8.44569230e-02 5.35528477e-03 8.04858941e-02 -6.80475162e-03
7.55656053e-01 8.50661674e-02 5.19715436e-03 8.09645601e-02 -6.75273640e-03
7.56683685e-01 8.56839015e-02 5.03174829e-03 8.14484802e-02 -6.68522611e-03
7.57709452e-01 8.63093778e-02 4.85962513e-03 8.19375713e-02 -6.60241871e-03
7.58733350e-01 8.69417808e-02 4.68140093e-03 8.24317041e-02 -6.50461259e-03
7.59755377e-01 8.75802312e-02 4.49774676e-03 8.29307041e-02 -6.39220651e-03
7.60775531e-01 8.82237914e-02 4.30938564e-03 8.34343517e-02 -6.26569887e-03
7.61793808e-01 8.88714708e-02 4.11708924e-03 8.39423840e-02 -6.12568631e-03
7.62810206e-01 8.95222330e-02 3.92167389e-03 8.44544959e-02 -5.97286161e-03
7.63824724e-01 9.01750024e-02 3.72399637e-03 8.49703430e-02 -5.80801090e-03
7.64837357e-01 9.08286719e-02 3.52494923e-03 8.54895442e-02 -5.63201020e-03
7.65848104e-01 9.14821112e-02 3.32545580e-03 8.60116849e-02 -5.44582124e-03
7.66856963e-01 9.21341754e-02 3.12646486e-03 8.65363209e-02 -5.25048671e-03
7.67863930e-01 9.27837135e-02 2.92894514e-03 8.70629822e-02 -5.04712472e-03
7.68869004e-01 9.34295779e-02 2.73387950e-03 8.75911780e-02 -4.83692282e-03
7.69872181e-01 9.40706335e-02 2.54225899e-03 8.81204013e-02 -4.62113127e-03
7.70873460e-01 9.47057675e-02 2.35507684e-03 8.86501340e-02 -4.40105582e-03
7.71872838e-01 9.53338985e-02 2.17332230e-03 8.91798526e-02 -4.17805004e-03
7.72870312e-01 9.59539859e-02 1.99797446e-03 8.97090335e-02 -3.95350705e-03
7.73865880e-01 9.65650397e-02 1.82999618e-03 9.02371591e-02 -3.72885093e-03
7.74859540e-01 9.71661287e-02 1.67032800e-03 9.07637232e-02 -3.50552774e-03
7.75851289e-01 9.77563902e-02 1.51988219e-03 9.12882375e-02 -3.28499619e-03
7.76841124e-01 9.83350374e-02 1.37953703e-03 9.18102370e-02 -3.06871814e-03
7.77829044e-01 9.89013679e-02 1.25013118e-03 9.23292861e-02 -2.85814884e-03
7.78815045e-01 9.94547709e-02 1.13245842e-03 9.28449840e-02 -2.65472712e-03
7.79799126e-01 9.99947336e-02 1.02726259e-03 9.33569703e-02 -2.45986551e-03
7.80781283e-01 1.00520848e-01 9.35232861e-04 9.38649305e-02 -2.27494038e-03
7.81761515e-01 1.01032814e-01 8.56999425e-04 9.43686003e-02 -2.10128220e-03
7.82739819e-01 1.01530449e-01 7.93129465e-04 9.48677709e-02 -1.94016596e-03
7.83716193e-01 1.02013684e-01 7.44123605e-04 9.53622927e-02 -1.79280188e-03
7.84690634e-01 1.02482573e-01 7.10412754e-04 9.58520790e-02 -1.66032638e-03
7.85663139e-01 1.02937293e-01 6.92355405e-04 9.63371098e-02 -1.54379350e-03
7.86633708e-01 1.03378142e-01 6.90235377e-04 9.68174339e-02 -1.44416677e-03
7.87602336e-01 1.03805543e-01 7.04260040e-04 9.72931713e-02 -1.36231155e-03
7.88569022e-01 1.04220041e-01 7.34558998e-04 9.77645147e-02 -1.29898809e-03
7.89533763e-01 1.04622303e-01 7.81183252e-04 9.82317309e-02 -1.25484514e-03
7.90496556e-01 1.05013110e-01 8.44104841e-04 9.86951602e-02 -1.23041431e-03
7.91457401e-01 1.05393361e-01 9.23216938e-04 9.91552172e-02 -1.22610516e-03
7.92416293e-01 1.05764062e-01 1.01833442e-03 9.96123889e-02 -1.24220117e-03
7.93373232e-01 1.06126322e-01 1.12919486e-03 1.00067234e-01 -1.27885646e-03
7.94328214e-01 1.06481350e-01 1.25546001e-03 1.00520379e-01 -1.33609343e-03
7.95281236e-01 1.06830443e-01 1.39671762e-03 1.00972517e-01 -1.41380136e-03
7.96232298e-01 1.07174980e-01 1.55248371e-03 1.01424404e-01 -1.51173579e-03
7.97181396e-01 1.07516415e-01 1.72220522e-03 1.01876854e-01 -1.62951897e-03
7.98128528e-01 1.07856265e-01 1.90526298e-03 1.02330735e-01 -1.76664118e-03
7.99073691e-01 1.08196103e-01 2.10097500e-03 1.02786962e-01 -1.92246298e-03
8.00016884e-01 1.08537546e-01 2.30860009e-03 1.03246493e-01 -2.09621840e-03
8.00958104e-01 1.08882244e-01 2.52734176e-03 1.03710324e-01 -2.28701901e-03
8.01897349e-01 1.09231870e-01 2.75635228e-03 1.04179478e-01 -2.49385891e-03
8.02834616e-01 1.09588112e-01 2.99473706e-03 1.04655003e-01 -2.71562053e-03
8.03769903e-01 1.09952654e-01 3.24155908e-03 1.05137960e-01 -2.95108120e-03
8.04703207e-01 1.10327173e-01 3.49584361e-03 1.05629422e-01 -3.19892056e-03
8.05634528e-01 1.10713322e-01 3.75658289e-03 1.06130456e-01 -3.45772860e-03
8.06563861e-01 1.11112723e-01 4.02274105e-03 1.06642127e-01 -3.72601441e-03
8.07491206e-01 1.11526951e-01 4.29325893e-03 1.07165479e-01 -4.00221544e-03
8.08416559e-01 1.11957529e-01 4.56705907e-03 1.07701537e-01 -4.28470736e-03
8.09339918e-01 1.12405915e-01 4.84305054e-03 1.08251291e-01 -4.57181432e-03
8.10261281e-01 1.12873492e-01 5.12013389e-03 1.08815692e-01 -4.86181958e-03
8.11180646e-01 1.13361557e-01 5.39720589e-03 1.09395647e-01 -5.15297643e-03
8.12098011e-01 1.13871319e-01 5.67316433e-03 1.09992004e-01 -5.44351940e-03
8.13013373e-01 1.14403882e-01 5.94691254e-03 1.10605556e-01 -5.73167549e-03
8.13926729e-01 1.14960245e-01 6.21736394e-03 1.11237023e-01 -6.01567557e-03
8.14838079e-01 1.15541292e-01 6.48344635e-03 1.11887055e-01 -6.29376568e-03
8.15747419e-01 1.16147786e-01 6.74410610e-03 1.12556221e-01 -6.56421829e-03
8.16654747e-01 1.16780368e-01 6.99831201e-03 1.13245008e-01 -6.82534332e-03
8.17560061e-01 1.17439546e-01 7.24505913e-03 1.13953814e-01 -7.07549898e-03
8.18463359e-01 1.18125702e-01 7.48337231e-03 1.14682945e-01 -7.31310222e-03
8.19364639e-01 1.18839079e-01 7.71230944e-03 1.15432611e-01 -7.53663882e-03
8.20263897e-01 1.19579788e-01 7.93096456e-03 1.16202928e-01 -7.74467305e-03
8.21161133e-01 1.20347806e-01 8.13847068e-03 1.16993910e-01 -7.93585673e-03
8.22056344e-01 1.21142975e-01 8.33400232e-03 1.17805475e-01 -8.10893781e-03
8.22949527e-01 1.21965004e-01 8.51677790e-03 1.18637440e-01 -8.26276826e-03
8.23840681e-01 1.22813475e-01 8.68606175e-03 1.19489524e-01 -8.39631128e-03
8.24729804e-01 1.23687843e-01 8.84116597e-03 1.20361349e-01 -8.50864786e-03
8.25616892e-01 1.24587440e-01 8.98145200e-03 1.21252444e-01 -8.59898255e-03
8.26501944e-01 1.25511487e-01 9.10633202e-03 1.22162246e-01 -8.66664840e-03
8.27384958e-01 1.26459090e-01 9.21526997e-03 1.23090105e-01 -8.71111121e-03
8.28265931e-01 1.27429255e-01 9.30778253e-03 1.24035287e-01 -8.73197284e-03
8.29144862e-01 1.28420893e-01 9.38343978e-03 1.24996981e-01 -8.72897380e-03
8.30021748e-01 1.29432825e-01 9.44186567e-03 1.25974304e-01 -8.70199485e-03
8.30896587e-01 1.30463796e-01 9.48273832e-03 1.26966309e-01 -8.65105792e-03
8.31769377e-01 1.31512480e-01 9.50579018e-03 1.27971987e-01 -8.57632605e-03
8.32640115e-01 1.32577490e-01 9.51080794e-03 1.28990279e-01 -8.47810256e-03
8.33508800e-01 1.33657390e-01 9.49763241e-03 1.30020082e-01 -8.35682940e-03
8.34375430e-01 1.34750702e-01 9.46615818e-03 1.31060256e-01 -8.21308465e-03
8.35240002e-01 1.35855919e-01 9.41633324e-03 1.32109632e-01 -8.04757931e-03
8.36102514e-01 1.36971511e-01 9.34815843e-03 1.33167022e-01 -7.86115321e-03
8.36962964e-01 1.38095941e-01 9.26168684e-03 1.34231225e-01 -7.65477033e-03
8.37821349e-01 1.39227669e-01 9.15702321e-03 1.35301037e-01 -7.42951333e-03
8.38677669e-01 1.40365164e-01 9.03432313e-03 1.36375257e-01 -7.18657741e-03
8.39531921e-01 1.41506915e-01 8.89379234e-03 1.37452699e-01 -6.92726363e-03
8.40384102e-01 1.42651440e-01 8.73568590e-03 1.38532194e-01 -6.65297154e-03
8.41234210e-01 1.43797292e-01 8.56030740e-03 1.39612602e-01 -6.36519134e-03
8.42082244e-01 1.44943069e-01 8.36800814e-03 1.40692818e-01 -6.06549554e-03
8.42928201e-01 1.46087423e-01 8.15918627e-03 1.41771779e-01 -5.75553012e-03
8.43772079e-01 1.47229066e-01 7.93428598e-03 1.42848468e-01 -5.43700539e-03
8.44613877e-01 1.48366775e-01 7.69379667e-03 1.43921922e-01 -5.11168635e-03
8.45453591e-01 1.49499400e-01 7.43825212e-03 1.44991238e-01 -4.78138292e-03
8.46291221e-01 1.50625871e-01 7.16822963e-03 1.46055575e-01 -4.44793982e-03
8.47126763e-01 1.51745197e-01 6.88434922e-03 1.47114160e-01 -4.11322628e-03
8.47960216e-01 1.52856476e-01 6.58727278e-03 1.48166290e-01 -3.77912564e-03
8.48791578e-01 1.53958894e-01 6.27770324e-03 1.49211336e-01 -3.44752482e-03
8.49620847e-01 1.55051727e-01 5.95638362e-03 1.50248744e-01 -3.12030380e-03
8.50448020e-01 1.56134347e-01 5.62409619e-03 1.51278038e-01 -2.79932514e-03
8.51273096e-01 1.57206216e-01 5.28166145e-03 1.52298820e-01 -2.48642353e-03
8.52096073e-01 1.58266895e-01 4.92993716e-03 1.53310768e-01 -2.18339550e-03
8.52916948e-01 1.59316035e-01 4.56981716e-03 1.54313638e-01 -1.89198938e-03
8.53735720e-01 1.60353380e-01 4.20223024e-03 1.55307265e-01 -1.61389536e-03
8.54552386e-01 1.61378766e-01 3.82813883e-03 1.56291555e-01 -1.35073604e-03
8.55366945e-01 1.62392116e-01 3.44853752e-03 1.57266491e-01 -1.10405714e-03
8.56179395e-01 1.63393438e-01 3.06445152e-03 1.58232123e-01 -8.75318740e-04
8.56989732e-01 1.64382825e-01 2.67693493e-03 1.59188569e-01 -6.65886928e-04
8.57797957e-01 1.65360444e-01 2.28706883e-03 1.60136013e-01 -4.77025918e-04
8.58604066e-01 1.66326539e-01 1.89595913e-03 1.61074697e-01 -3.09890748e-04
8.59408057e-01 1.67281423e-01 1.50473433e-03 1.62004919e-01 -1.65520542e-04
8.60209930e-01 1.68225475e-01 1.11454293e-03 1.62927032e-01 -4.48324007e-05
8.61009680e-01 1.69159131e-01 7.26550713e-04 1.63841435e-01 5.13840390e-05
8.61807307e-01 1.70082887e-01 3.41937711e-04 1.64748571e-01 1.22471353e-04
8.62602809e-01 1.70997284e-01 -3.81050140e-05 1.65648921e-01 1.67908344e-04
8.63396184e-01 1.71902910e-01 -4.12378884e-04 1.66543004e-01 1.87313303e-04
8.64187429e-01 1.72800394e-01 -7.79681549e-04 1.67431366e-01 1.80446486e-04
8.64976543e-01 1.73690397e-01 -1.13881089e-03 1.68314580e-01 1.47211785e-04
8.65763524e-01 1.74573612e-01 -1.48856927e-03 1.69193244e-01 8.76575932e-05
8.66548370e-01 1.75450756e-01 -1.82776801e-03 1.70067971e-01 1.97683108e-06
8.67331079e-01 1.76322568e-01 -2.15523212e-03 1.70939390e-01 -1.09493855e-04
8.68111648e-01 1.77189803e-01 -2.46980521e-03 1.71808142e-01 -2.46275729e-04
8.68890077e-01 1.78053228e-01 -2.77035463e-03 1.72674876e-01 -4.07750437e-04
8.69666363e-01 1.78913619e-01 -3.05577673e-03 1.73540247e-01 -5.93163288e-04
8.70440504e-01 1.79771761e-01 -3.32500234e-03 1.74404914e-01 -8.01627355e-04
8.71212499e-01 1.80628439e-01 -3.57700230e-03 1.75269537e-01 -1.03212835e-03
8.71982345e-01 1.81484439e-01 -3.81079312e-03 1.76134776e-01 -1.28353027e-03
8.72750041e-01 1.82340547e-01 -4.02544267e-03 1.77001291e-01 -1.55458175e-03
8.73515584e-01 1.83197545e-01 -4.22007588e-03 1.77869738e-01 -1.84392313e-03
8.74278973e-01 1.84056211e-01 -4.39388043e-03 1.78740771e-01 -2.15009419e-03
8.75040206e-01 1.84917317e-01 -4.54611234e-03 1.79615043e-01 -2.47154241e-03
8.75799281e-01 1.85781631e-01 -4.67610150e-03 1.80493202e-01 -2.80663189e-03
8.76556196e-01 1.86649912e-01 -4.78325692e-03 1.81375896e-01 -3.15365272e-03
8.77310949e-01 1.87522915e-01 -4.86707195e-03 1.82263768e-01 -3.51083073e-03
8.78063539e-01 1.88401388e-01 -4.92712905e-03 1.83157464e-01 -3.87633777e-03
8.78813963e-01 1.89286073e-01 -4.96310436e-03 1.84057627e-01 -4.24830210e-03
8.79562220e-01 1.90177709e-01 -4.97477191e-03 1.84964904e-01 -4.62481923e-03
8.80308308e-01 1.91077029e-01 -4.96200738e-03 1.85879943e-01 -5.00396279e-03
8.81052225e-01 1.91984765e-01 -4.92479144e-03 1.86803394e-01 -5.38379553e-03
8.81793969e-01 1.92901645e-01 -4.86321257e-03 1.87735917e-01 -5.76238041e-03
8.82533538e-01 1.93828399e-01 -4.77746938e-03 1.88678173e-01 -6.13779155e-03
8.83270931e-01 1.94765753e-01 -4.66787231e-03 1.89630833e-01 -6.50812514e-03
8.84006145e-01 1.95714438e-01 -4.53484470e-03 1.90594576e-01 -6.87151012e-03
8.84739180e-01 1.96675185e-01 -4.37892331e-03 1.91570089e-01 -7.22611859e-03
8.85470032e-01 1.97648728e-01 -4.20075801e-03 1.92558070e-01 -7.57017589e-03
8.86198701e-01 1.98635804e-01 -4.00111094e-03 1.93559225e-01 -7.90197030e-03
8.86925184e-01 1.99637154e-01 -3.78085481e-03 1.94574271e-01 -8.21986227e-03
8.87649480e-01 2.00653520e-01 -3.54097056e-03 1.95603933e-01 -8.52229308e-03
8.88371587e-01 2.01685652e-01 -3.28254423e-03 1.96648947e-01 -8.80779294e-03
8.89091503e-01 2.02734297e-01 -3.00676317e-03 1.97710054e-01 -9.07498850e-03
8.89809227e-01 2.03800207e-01 -2.71491140e-03 1.98788003e-01 -9.32260960e-03
8.90524756e-01 2.04884133e-01 -2.40836437e-03 1.99883545e-01 -9.54949537e-03
8.91238089e-01 2.05986825e-01 -2.08858295e-03 2.00997435e-01 -9.75459947e-03
8.91949223e-01 2.07109031e-01 -1.75710679e-03 2.02130426e-01 -9.93699468e-03
8.92658159e-01 2.08251489e-01 -1.41554697e-03 2.03283267e-01 -1.00958765e-02
8.93364892e-01 2.09414934e-01 -1.06557814e-03 2.04456702e-01 -1.02305662e-02
8.94069423e-01 2.10600084e-01 -7.08930045e-04 2.05651460e-01 -1.03405125e-02
8.94771748e-01 2.11807646e-01 -3.47378514e-04 2.06868258e-01 -1.04252933e-02
8.95471867e-01 2.13038305e-01 1.72639223e-05 2.08107793e-01 -1.04846153e-02
8.96169778e-01 2.14292725e-01 3.83157876e-04 2.09370736e-01 -1.05183142e-02
8.96865478e-01 2.15571541e-01 7.48447238e-04 2.10657731e-01 -1.05263530e-02
8.97558967e-01 2.16875359e-01 1.11126958e-03 2.11969385e-01 -1.05088202e-02
8.98250242e-01 2.18204745e-01 1.46976672e-03 2.13306270e-01 -1.04659264e-02
8.98939302e-01 2.19560227e-01 1.82209545e-03 2.14668909e-01 -1.03980015e-02
8.99626145e-01 2.20942284e-01 2.16643817e-03 2.16057779e-01 -1.03054897e-02
9.00310769e-01 2.22351346e-01 2.50101360e-03 2.17473298e-01 -1.01889452e-02
9.00993173e-01 2.23787788e-01 2.82408730e-03 2.18915828e-01 -1.00490260e-02
9.01673355e-01 2.25251921e-01 3.13398189e-03 2.20385665e-01 -9.88648882e-03
9.02351313e-01 2.26743995e-01 3.42908712e-03 2.21883034e-01 -9.70218155e-03
9.03027046e-01 2.28264189e-01 3.70786942e-03 2.23408088e-01 -9.49703702e-03
9.03700552e-01 2.29812609e-01 3.96888109e-03 2.24960903e-01 -9.27206536e-03
9.04371830e-01 2.31389285e-01 4.21076886e-03 2.26541473e-01 -9.02834649e-03
9.05040876e-01 2.32994166e-01 4.43228194e-03 2.28149707e-01 -8.76702224e-03
9.05707691e-01 2.34627120e-01 4.63227933e-03 2.29785432e-01 -8.48928833e-03
9.06372273e-01 2.36287928e-01 4.80973639e-03 2.31448382e-01 -8.19638624e-03
9.07034619e-01 2.37976288e-01 4.96375068e-03 2.33138206e-01 -7.88959503e-03
9.07694728e-01 2.39691808e-01 5.09354688e-03 2.34854461e-01 -7.57022320e-03
9.08352599e-01 2.41434009e-01 5.19848092e-03 2.36596615e-01 -7.23960058e-03
9.09008229e-01 2.43202327e-01 5.27804307e-03 2.38364049e-01 -6.89907039e-03
9.09661618e-01 2.44996110e-01 5.33186021e-03 2.40156057e-01 -6.54998147e-03
9.10312763e-01 2.46814624e-01 5.35969705e-03 2.41971851e-01 -6.19368080e-03
9.10961663e-01 2.48657052e-01 5.36145643e-03 2.43810559e-01 -5.83150618e-03
9.11608317e-01 2.50522500e-01 5.33717858e-03 2.45671237e-01 -5.46477941e-03
9.12252723e-01 2.52410001e-01 5.28703950e-03 2.47552867e-01 -5.09479967e-03
9.12894879e-01 2.54318520e-01 5.21134830e-03 2.49454368e-01 -4.72283747e-03
9.13534783e-01 2.56246958e-01 5.11054367e-03 2.51374598e-01 -4.35012884e-03
9.14172435e-01 2.58194160e-01 4.98518943e-03 2.53312364e-01 -3.97787016e-03
9.14807832e-01 2.60158923e-01 4.83596923e-03 2.55266429e-01 -3.60721335e-03
9.15440973e-01 2.62140000e-01 4.66368042e-03 2.57235519e-01 -3.23926157e-03
9.16071856e-01 2.64136112e-01 4.46922724e-03 2.59218335e-01 -2.87506545e-03
9.16700480e-01 2.66145956e-01 4.25361323e-03 2.61213557e-01 -2.51561979e-03
9.17326844e-01 2.68168211e-01 4.01793307e-03 2.63219861e-01 -2.16186077e-03
9.17950945e-01 2.70201553e-01 3.76336386e-03 2.65235921e-01 -1.81466362e-03
9.18572782e-01 2.72244659e-01 3.49115593e-03 2.67260423e-01 -1.47484088e-03
9.19192354e-01 2.74296222e-01 3.20262328e-03 2.69292077e-01 -1.14314099e-03
9.19809659e-01 2.76354958e-01 2.89913369e-03 2.71329624e-01 -8.20247438e-04
9.20424696e-01 2.78419615e-01 2.58209861e-03 2.73371846e-01 -5.06778283e-04
9.21037462e-01 2.80488989e-01 2.25296299e-03 2.75417580e-01 -2.03286121e-04
9.21647958e-01 2.82561927e-01 1.91319495e-03 2.77465721e-01 8.97416014e-05
9.22256180e-01 2.84637341e-01 1.56427560e-03 2.79515240e-01 3.71881900e-04
9.22862128e-01 2.86714214e-01 1.20768900e-03 2.81565186e-01 6.42775256e-04
9.23465800e-01 2.88791612e-01 8.44912244e-04 2.83614695e-01 9.02124331e-04
9.24067195e-01 2.90868694e-01 4.77405958e-04 2.85663005e-01 1.14969242e-03
9.24666310e-01 2.92944712e-01 1.06605105e-04 2.87709452e-01 1.38530170e-03
9.25263146e-01 2.95019028e-01 -2.66089726e-04 2.89753488e-01 1.60883126e-03
9.25857699e-01 2.97091112e-01 -6.39320513e-04 2.91794677e-01 1.82021500e-03
9.26449969e-01 2.99160556e-01 -1.01177942e-03 2.93832706e-01 2.01943939e-03
9.27039955e-01 3.01227071e-01 -1.38221576e-03 2.95867388e-01 2.20654117e-03
9.27627654e-01 3.03290495e-01 -1.74944231e-03 2.97898664e-01 2.38160488e-03
9.28213065e-01 3.05350797e-01 -2.11234083e-03 2.99926604e-01 2.54476047e-03
9.28796187e-01 3.07408078e-01 -2.46986692e-03 3.01951410e-01 2.69618082e-03
9.29377019e-01 3.09462570e-01 -2.82105398e-03 3.03973418e-01 2.83607928e-03
9.29955559e-01 3.11514641e-01 -3.16501647e-03 3.05993094e-01 2.96470722e-03
9.30531805e-01 3.13564790e-01 -3.50095232e-03 3.08011031e-01 3.08235159e-03
9.31105757e-01 3.15613647e-01 -3.82814447e-03 3.10027953e-01 3.18933260e-03
9.31677412e-01 3.17661970e-01 -4.14596174e-03 3.12044704e-01 3.28600138e-03
9.32246769e-01 3.19710643e-01 -4.45385881e-03 3.14062248e-01 3.37273771e-03
9.32813828e-01 3.21760668e-01 -4.75137544e-03 3.16081662e-01 3.44994788e-03
9.33378586e-01 3.23813165e-01 -5.03813504e-03 3.18104131e-01 3.51806248e-03
9.33941042e-01 3.25869358e-01 -5.31384246e-03 3.20130939e-01 3.57753443e-03
9.34501195e-01 3.27930575e-01 -5.57828118e-03 3.22163464e-01 3.62883690e-03
9.35059043e-01 3.29998239e-01 -5.83130988e-03 3.24203168e-01 3.67246136e-03
9.35614585e-01 3.32073855e-01 -6.07285845e-03 3.26251589e-01 3.70891570e-03
9.36167820e-01 3.34159007e-01 -6.30292359e-03 3.28310331e-01 3.73872230e-03
9.36718746e-01 3.36255343e-01 -6.52156383e-03 3.30381057e-01 3.76241621e-03
9.37267362e-01 3.38364572e-01 -6.72889439e-03 3.32465475e-01 3.78054327e-03
9.37813667e-01 3.40488443e-01 -6.92508159e-03 3.34565331e-01 3.79365824e-03
9.38357658e-01 3.42628747e-01 -7.11033707e-03 3.36682397e-01 3.80232299e-03
9.38899336e-01 3.44787295e-01 -7.28491196e-03 3.38818461e-01 3.80710455e-03
9.39438698e-01 3.46965914e-01 -7.44909078e-03 3.40975316e-01 3.80857320e-03
9.39975743e-01 3.49166431e-01 -7.60318550e-03 3.43154750e-01 3.80730050e-03
9.40510470e-01 3.51390666e-01 -7.74752954e-03 3.45358538e-01 3.80385728e-03
9.41042878e-01 3.53640420e-01 -7.88247190e-03 3.47588425e-01 3.79881149e-03
9.41572965e-01 3.55917460e-01 -8.00837150e-03 3.49846124e-01 3.79272609e-03
9.42100730e-01 3.58223513e-01 -8.12559169e-03 3.52133302e-01 3.78615683e-03
9.42626171e-01 3.60560254e-01 -8.23449509e-03 3.54451571e-01 3.77964990e-03
9.43149288e-01 3.62929297e-01 -8.33543875e-03 3.56802479e-01 3.77373963e-03
9.43670079e-01 3.65332182e-01 -8.42876964e-03 3.59187504e-01 3.76894600e-03
9.44188542e-01 3.67770369e-01 -8.51482059e-03 3.61608045e-01 3.76577219e-03
9.44704677e-01 3.70245230e-01 -8.59390664e-03 3.64065412e-01 3.76470207e-03
9.45218483e-01 3.72758037e-01 -8.66632193e-03 3.66560824e-01 3.76619758e-03
9.45729957e-01 3.75309960e-01 -8.73233693e-03 3.69095398e-01 3.77069619e-03
9.46239099e-01 3.77902057e-01 -8.79219630e-03 3.71670149e-01 3.77860833e-03
9.46745907e-01 3.80535267e-01 -8.84611720e-03 3.74285981e-01 3.79031480e-03
9.47250380e-01 3.83210409e-01 -8.89428812e-03 3.76943683e-01 3.80616428e-03
9.47752518e-01 3.85928177e-01 -8.93686817e-03 3.79643931e-01 3.82647090e-03
9.48252318e-01 3.88689132e-01 -8.97398692e-03 3.82387279e-01 3.85151186e-03
9.48749779e-01 3.91493706e-01 -9.00574470e-03 3.85174161e-01 3.88152525e-03
9.49244901e-01 3.94342198e-01 -9.03221328e-03 3.88004888e-01 3.91670794e-03
9.49737681e-01 3.97234771e-01 -9.05343710e-03 3.90879652e-01 3.95721378e-03
9.50228120e-01 4.00171457e-01 -9.06943480e-03 3.93798520e-01 4.00315183e-03
9.50716215e-01 4.03152157e-01 -9.08020115e-03 3.96761443e-01 4.05458503e-03
9.51201965e-01 4.06176641e-01 -9.08570930e-03 3.99768252e-01 4.11152905e-03
9.51685370e-01 4.09244555e-01 -9.08591332e-03 4.02818666e-01 4.17395141e-03
9.52166428e-01 4.12355426e-01 -9.08075095e-03 4.05912292e-01 4.24177105e-03
9.52645137e-01 4.15508663e-01 -9.07014657e-03 4.09048634e-01 4.31485814e-03
9.53121497e-01 4.18703570e-01 -9.05401431e-03 4.12227094e-01 4.39303438e-03
9.53595507e-01 4.21939348e-01 -9.03226129e-03 4.15446982e-01 4.47607365e-03
9.54067164e-01 4.25215108e-01 -9.00479080e-03 4.18707524e-01 4.56370308e-03
9.54536469e-01 4.28529877e-01 -8.97150564e-03 4.22007867e-01 4.65560464e-03
9.55003420e-01 4.31882612e-01 -8.93231127e-03 4.25347087e-01 4.75141708e-03
9.55468016e-01 4.35272211e-01 -8.88711895e-03 4.28724205e-01 4.85073841e-03
9.55930255e-01 4.38697520e-01 -8.83584872e-03 4.32138190e-01 4.95312887e-03
9.56390137e-01 4.42157355e-01 -8.77843219e-03 4.35587975e-01 5.05811424e-03
9.56847660e-01 4.45650507e-01 -8.71481513e-03 4.39072465e-01 5.16518977e-03
9.57302823e-01 4.49175763e-01 -8.64495975e-03 4.42590553e-01 5.27382445e-03
9.57755626e-01 4.52731916e-01 -8.56884679e-03 4.46141130e-01 5.38346577e-03
9.58206066e-01 4.56317785e-01 -8.48647718e-03 4.49723098e-01 5.49354485e-03
9.58654144e-01 4.59932228e-01 -8.39787341e-03 4.53335388e-01 5.60348201e-03
9.59099857e-01 4.63574159e-01 -8.30308058e-03 4.56976968e-01 5.71269263e-03
9.59543205e-01 4.67242562e-01 -8.20216698e-03 4.60646861e-01 5.82059336e-03
9.59984187e-01 4.70936514e-01 -8.09522432e-03 4.64344161e-01 5.92660865e-03
9.60422801e-01 4.74655193e-01 -7.98236762e-03 4.68068045e-01 6.03017737e-03
9.60859046e-01 4.78397903e-01 -7.86373461e-03 4.71817788e-01 6.13075979e-03
9.61292922e-01 4.82164082e-01 -7.73948481e-03 4.75592779e-01 6.22784451e-03
9.61724427e-01 4.85953325e-01 -7.60979824e-03 4.79392535e-01 6.32095555e-03
9.62153561e-01 4.89765395e-01 -7.47487371e-03 4.83216719e-01 6.40965943e-03
9.62580321e-01 4.93600238e-01 -7.33492685e-03 4.87065146e-01 6.49357214e-03
9.63004708e-01 4.97458002e-01 -7.19018775e-03 4.90937805e-01 6.57236607e-03
9.63426720e-01 5.01339042e-01 -7.04089840e-03 4.94834867e-01 6.64577662e-03
9.63846355e-01 5.05243941e-01 -6.88730984e-03 4.98756702e-01 6.71360867e-03
9.64263614e-01 5.09173516e-01 -6.72967912e-03 5.02703886e-01 6.77574266e-03
9.64678495e-01 5.13128831e-01 -6.56826609e-03 5.06677214e-01 6.83214029e-03
9.65090997e-01 5.17111203e-01 -6.40333011e-03 5.10677712e-01 6.88284980e-03
9.65501118e-01 5.21122216e-01 -6.23512664e-03 5.14706643e-01 6.92801066e-03
9.65908859e-01 5.25163720e-01 -6.06390389e-03 5.18765518e-01 6.96785783e-03
9.66314217e-01 5.29237845e-01 -5.88989949e-03 5.22856101e-01 7.00272526e-03
9.66717192e-01 5.33346995e-01 -5.71333718e-03 5.26980414e-01 7.03304886e-03
9.67117784e-01 5.37493860e-01 -5.53442375e-03 5.31140746e-01 7.05936868e-03
9.67515990e-01 5.41681411e-01 -5.35334617e-03 5.35339650e-01 7.08233039e-03
9.67911810e-01 5.45912903e-01 -5.17026886e-03 5.39579952e-01 7.10268605e-03
9.68305243e-01 5.50191871e-01 -4.98533144e-03 5.43864747e-01 7.12129407e-03
9.68696288e-01 5.54522132e-01 -4.79864664e-03 5.48197403e-01 7.13911837e-03
9.69084944e-01 5.58907774e-01 -4.61029877e-03 5.52581558e-01 7.15722681e-03
9.69471210e-01 5.63353160e-01 -4.42034249e-03 5.57021118e-01 7.17678880e-03
9.69855086e-01 5.67862916e-01 -4.22880211e-03 5.61520257e-01 7.19907217e-03
9.70236569e-01 5.72441929e-01 -4.03567134e-03 5.66083413e-01 7.22543933e-03
9.70615660e-01 5.77095338e-01 -3.84091362e-03 5.70715281e-01 7.25734263e-03
9.70992357e-01 5.81828530e-01 -3.64446286e-03 5.75420817e-01 7.29631915e-03
9.71366659e-01 5.86647130e-01 -3.44622483e-03 5.80205227e-01 7.34398480e-03
9.71738566e-01 5.91557000e-01 -3.24607904e-03 5.85073969e-01 7.40202787e-03
9.72108076e-01 5.96564230e-01 -3.04388108e-03 5.90032748e-01 7.47220206e-03
9.72475189e-01 6.01675136e-01 -2.83946560e-03 5.95087514e-01 7.55631900e-03
9.72839904e-01 6.06896254e-01 -2.63264967e-03 6.00244465e-01 7.65624050e-03
9.73202220e-01 6.12234344e-01 -2.42323668e-03 6.05510045e-01 7.77387031e-03
9.73562135e-01 6.17696387e-01 -2.21102056e-03 6.10890946e-01 7.91114581e-03
9.73919650e-01 6.23289588e-01 -1.99579050e-03 6.16394117e-01 8.07002939e-03
9.74274762e-01 6.29021387e-01 -1.77733588e-03 6.22026772e-01 8.25249980e-03
9.74627472e-01 6.34899463e-01 -1.55545151e-03 6.27796398e-01 8.46054349e-03
9.74977778e-01 6.40931752e-01 -1.32994309e-03 6.33710770e-01 8.69614597e-03
9.75325680e-01 6.47126462e-01 -1.10063274e-03 6.39777973e-01 8.96128332e-03
9.75671177e-01 6.53492093e-01 -8.67364640e-04 6.46006421e-01 9.25791394e-03
9.76014267e-01 6.60037467e-01 -6.30010592e-04 6.52404885e-01 9.58797054e-03
9.76354950e-01 6.66771756e-01 -3.88475514e-04 6.58982524e-01 9.95335248e-03
9.76693226e-01 6.73704522e-01 -1.42702719e-04 6.65748924e-01 1.03559185e-02
9.77029093e-01 6.80845757e-01 1.07321060e-04 6.72714139e-01 1.07974799e-02
9.77362550e-01 6.88205930e-01 3.61561017e-04 6.79888738e-01 1.12797945e-02
9.77693597e-01 6.95796046e-01 6.19930044e-04 6.87283862e-01 1.18045605e-02
9.78022233e-01 7.03627703e-01 8.82285019e-04 6.94911282e-01 1.23734116e-02
9.78348456e-01 7.11713161e-01 1.14842369e-03 7.02783466e-01 1.29879124e-02
9.78672267e-01 7.20065414e-01 1.41808219e-03 7.10913652e-01 1.36495547e-02
9.78993665e-01 7.28698273e-01 1.69093334e-03 7.19315930e-01 1.43597539e-02
9.79312648e-01 7.37626451e-01 1.96658560e-03 7.28005323e-01 1.51198467e-02
9.79629216e-01 7.46865661e-01 2.24458302e-03 7.36997885e-01 1.59310890e-02
9.79943368e-01 7.56432709e-01 2.52440589e-03 7.46310796e-01 1.67946548e-02
9.80255103e-01 7.66345609e-01 2.80547239e-03 7.55962471e-01 1.77116353e-02
9.80564421e-01 7.76623690e-01 3.08714113e-03 7.65972670e-01 1.86830387e-02
9.80871321e-01 7.87287722e-01 3.36871459e-03 7.76362615e-01 1.97097912e-02
9.81175801e-01 7.98360032e-01 3.64944350e-03 7.87155117e-01 2.07927372e-02
9.81477862e-01 8.09864642e-01 3.92853214e-03 7.98374700e-01 2.19326412e-02
9.81777503e-01 8.21827404e-01 4.20514454e-03 8.10047737e-01 2.31301897e-02
9.82074722e-01 8.34276135e-01 4.47841146e-03 8.22202593e-01 2.43859930e-02
9.82369519e-01 8.47240765e-01 4.74743824e-03 8.34869757e-01 2.57005876e-02
9.82661894e-01 8.60753484e-01 5.01131338e-03 8.48082001e-01 2.70744395e-02
9.82951845e-01 8.74848892e-01 5.26911778e-03 8.61874516e-01 2.85079462e-02
9.83239372e-01 8.89564153e-01 5.51993457e-03 8.76285074e-01 3.00014397e-02
9.83524474e-01 9.04939148e-01 5.76285944e-03 8.91354175e-01 3.15551897e-02
9.83807150e-01 9.21016630e-01 5.99701143e-03 9.07125201e-01 3.31694059e-02
9.84087401e-01 9.37842380e-01 6.22154392e-03 9.23644572e-01 3.48442405e-02
9.84365224e-01 9.55465362e-01 6.43565589e-03 9.40961897e-01 3.65797907e-02
9.84640620e-01 9.73937875e-01 6.63860317e-03 9.59130126e-01 3.83761005e-02
9.84913588e-01 9.93315703e-01 6.82970972e-03 9.78205700e-01 4.02331620e-02
9.85184126e-01 1.01365826e+00 7.00837861e-03 9.98248696e-01 4.21509164e-02
9.85452235e-01 1.03502874e+00 7.17410276e-03 1.01932297e+00 4.41292548e-02
9.85717914e-01 1.05749425e+00 7.32647518e-03 1.04149628e+00 4.61680174e-02
9.85981162e-01 1.08112594e+00 7.46519865e-03 1.06484045e+00 4.82669930e-02
9.86241978e-01 1.10599910e+00 7.59009463e-03 1.08943144e+00 5.04259169e-02
9.86500362e-01 1.13219336e+00 7.70111140e-03 1.11534952e+00 5.26444688e-02
9.86756313e-01 1.15979267e+00 7.79833117e-03 1.14267931e+00 5.49222691e-02
9.87009830e-01 1.18888551e+00 7.88197613e-03 1.17150994e+00 5.72588745e-02
9.87260914e-01 1.21956491e+00 7.95241328e-03 1.20193509e+00 5.96537733e-02
9.87509562e-01 1.25192854e+00 8.01015804e-03 1.23405305e+00 6.21063784e-02
9.87755776e-01 1.28607875e+00 8.05587633e-03 1.26796682e+00 6.46160208e-02
9.87999553e-01 1.32212264e+00 8.09038537e-03 1.30378412e+00 6.71819409e-02
9.88240894e-01 1.36017205e+00 8.11465277e-03 1.34161742e+00 6.98032797e-02
9.88479797e-01 1.40034361e+00 8.12979419e-03 1.38158393e+00 7.24790683e-02
9.88716263e-01 1.44275868e+00 8.13706925e-03 1.42380561e+00 7.52082169e-02
9.88950290e-01 1.48754337e+00 8.13787590e-03 1.46840915e+00 7.79895032e-02
9.89181879e-01 1.53482843e+00 8.13374305e-03 1.51552588e+00 8.08215588e-02
9.89411028e-01 1.58474922e+00 8.12632162e-03 1.56529170e+00 8.37028560e-02
9.89637737e-01 1.63744560e+00 8.11737396e-03 1.61784700e+00 8.66316934e-02
9.89862005e-01 1.69306178e+00 8.10876166e-03 1.67333653e+00 8.96061806e-02
9.90083833e-01 1.75174620e+00 8.10243188e-03 1.73190922e+00 9.26242232e-02
9.90303218e-01 1.81365133e+00 8.10040228e-03 1.79371802e+00 9.56835061e-02
9.90520161e-01 1.87893348e+00 8.10474453e-03 1.85891971e+00 9.87814781e-02
9.90734662e-01 1.94775255e+00 8.11756663e-03 1.92767462e+00 1.01915335e-01
9.90946719e-01 2.02027173e+00 8.14099416e-03 2.00014636e+00 1.05082003e-01
9.91156332e-01 2.09665728e+00 8.17715056e-03 2.07650157e+00 1.08278124e-01
9.91363501e-01 2.17707808e+00 8.22813652e-03 2.15690952e+00 1.11500039e-01
9.91568226e-01 2.26170537e+00 8.29600890e-03 2.24154175e+00 1.14743773e-01
9.91770504e-01 2.35071227e+00 8.38275906e-03 2.33057169e+00 1.18005019e-01
9.91970337e-01 2.44427334e+00 8.49029097e-03 2.42417418e+00 1.21279130e-01
9.92167724e-01 2.54256415e+00 8.62039935e-03 2.52252501e+00 1.24561101e-01
9.92362663e-01 2.64576071e+00 8.77474779e-03 2.62580040e+00 1.27845562e-01
9.92555155e-01 2.75403893e+00 8.95484743e-03 2.73417640e+00 1.31126769e-01
9.92745200e-01 2.86757403e+00 9.16203608e-03 2.84782836e+00 1.34398596e-01
9.92932796e-01 2.98653991e+00 9.39745819e-03 2.96693025e+00 1.37654531e-01
9.93117944e-01 3.11110846e+00 9.66204589e-03 3.09165397e+00 1.40887674e-01
9.93300642e-01 3.24144888e+00 9.95650118e-03 3.22216871e+00 1.44090740e-01
9.93480891e-01 3.37772689e+00 1.02812797e-02 3.35864011e+00 1.47256056e-01
9.93658689e-01 3.52010398e+00 1.06365759e-02 3.50122955e+00 1.50375575e-01
9.93834037e-01 3.66873660e+00 1.10223104e-02 3.65009327e+00 1.53440883e-01
9.94006934e-01 3.82377526e+00 1.14381194e-02 3.80538158e+00 1.56443209e-01
9.94177380e-01 3.98536371e+00 1.18833457e-02 3.96723790e+00 1.59373451e-01
9.94345374e-01 4.15363796e+00 1.23570328e-02 4.13579790e+00 1.62222186e-01
9.94510915e-01 4.32872538e+00 1.28579211e-02 4.31118855e+00 1.64979707e-01
9.94674004e-01 4.51074374e+00 1.33844469e-02 4.49352712e+00 1.67636042e-01
9.94834640e-01 4.69980018e+00 1.39347442e-02 4.68292022e+00 1.70180994e-01
9.94992823e-01 4.89599024e+00 1.45066488e-02 4.87946279e+00 1.72604174e-01
9.95148552e-01 5.09939682e+00 1.50977058e-02 5.08323707e+00 1.74895047e-01
9.95301826e-01 5.31008919e+00 1.57051798e-02 5.29431158e+00 1.77042975e-01
9.95452646e-01 5.52812188e+00 1.63260678e-02 5.51274008e+00 1.79037270e-01
9.95601011e-01 5.75353371e+00 1.69571152e-02 5.73856055e+00 1.80867243e-01
9.95746921e-01 5.98634676e+00 1.75948341e-02 5.97179412e+00 1.82522265e-01
9.95890375e-01 6.22656529e+00 1.82355250e-02 6.21244413e+00 1.83991830e-01
9.96031373e-01 6.47417481e+00 1.88753005e-02 6.46049504e+00 1.85265615e-01
9.96169914e-01 6.72914106e+00 1.95101113e-02 6.71591154e+00 1.86333551e-01
9.96305999e-01 6.99140908e+00 2.01357754e-02 6.97863753e+00 1.87185891e-01
9.96439627e-01 7.26090229e+00 2.07480082e-02 7.24859529e+00 1.87813282e-01
9.96570797e-01 7.53752164e+00 2.13424550e-02 7.52568454e+00 1.88206842e-01
9.96699510e-01 7.82114475e+00 2.19147253e-02 7.80978171e+00 1.88358232e-01
9.96825765e-01 8.11162523e+00 2.24604278e-02 8.10073912e+00 1.88259731e-01
9.96949561e-01 8.40879192e+00 2.29752071e-02 8.39838433e+00 1.87904317e-01
9.97070899e-01 8.71244830e+00 2.34547805e-02 8.70251954e+00 1.87285737e-01
9.97189778e-01 9.02237197e+00 2.38949758e-02 9.01292103e+00 1.86398585e-01
9.97306197e-01 9.33831416e+00 2.42917685e-02 9.32933875e+00 1.85238371e-01
9.97420157e-01 9.65999944e+00 2.46413194e-02 9.65149595e+00 1.83801595e-01
9.97531657e-01 9.98712540e+00 2.49400112e-02 9.97908894e+00 1.82085813e-01
9.97640697e-01 1.03193626e+01 2.51844842e-02 1.03117870e+01 1.80089696e-01
9.97747277e-01 1.06563543e+01 2.53716704e-02 1.06492323e+01 1.77813096e-01
9.97851396e-01 1.09977170e+01 2.54988270e-02 1.09910399e+01 1.75257093e-01
9.97953055e-01 1.13430403e+01 2.55635660e-02 1.13367984e+01 1.72424043e-01
9.98052252e-01 1.16918871e+01 2.55638837e-02 1.16860697e+01 1.69317623e-01
9.98148988e-01 1.20437947e+01 2.54981859e-02 1.20383899e+01 1.65942861e-01
9.98243262e-01 1.23982748e+01 2.53653107e-02 1.23932698e+01 1.62306163e-01
9.98335074e-01 1.27548146e+01 2.51645487e-02 1.27501957e+01 1.58415331e-01
9.98424424e-01 1.31128773e+01 2.48956586e-02 1.31086302e+01 1.54279573e-01
9.98511312e-01 1.34719039e+01 2.45588803e-02 1.34680133e+01 1.49909500e-01
9.98595738e-01 1.38313136e+01 2.41549437e-02 1.38277636e+01 1.45317118e-01
9.98677701e-01 1.41905054e+01 2.36850732e-02 1.41872797e+01 1.40515810e-01
9.98757201e-01 1.45488597e+01 2.31509889e-02 1.45459416e+01 1.35520302e-01
9.98834237e-01 1.49057397e+01 2.25549025e-02 1.49031121e+01 1.30346631e-01
9.98908811e-01 1.52604933e+01 2.18995105e-02 1.52581388e+01 1.25012085e-01
9.98980921e-01 1.56124547e+01 2.11879818e-02 1.56103559e+01 1.19535153e-01
9.99050567e-01 1.59609467e+01 2.04239419e-02 1.59590861e+01 1.13935448e-01
9.99117750e-01 1.63052823e+01 1.96114525e-02 1.63036426e+01 1.08233632e-01
9.99182468e-01 1.66447676e+01 1.87549881e-02 1.66433316e+01 1.02451322e-01
9.99244723e-01 1.69787033e+01 1.78594073e-02 1.69774542e+01 9.66109983e-02
9.99304513e-01 1.73063878e+01 1.69299216e-02 1.73053091e+01 9.07358915e-02
9.99361839e-01 1.76271189e+01 1.59720608e-02 1.76261946e+01 8.48498721e-02
9.99416700e-01 1.79401970e+01 1.49916344e-02 1.79394117e+01 7.89773270e-02
9.99469096e-01 1.82449274e+01 1.39946908e-02 1.82442662e+01 7.31430318e-02
9.99519028e-01 1.85406226e+01 1.29874744e-02 1.85400716e+01 6.73720166e-02
9.99566494e-01 1.88266056e+01 1.19763793e-02 1.88261513e+01 6.16894275e-02
9.99611495e-01 1.91022118e+01 1.09679026e-02 1.91018419e+01 5.61203840e-02
9.99654032e-01 1.93667923e+01 9.96859508e-03 1.93664950e+01 5.06898342e-02
9.99694102e-01 1.96197159e+01 8.98501216e-03 1.96194806e+01 4.54224079e-02
9.99731708e-01 1.98603723e+01 8.02366324e-03 1.98601892e+01 4.03422688e-02
9.99766848e-01 2.00881742e+01 7.09096160e-03 2.00880344e+01 3.54729683e-02
9.99799522e-01 2.03025599e+01 6.19317436e-03 2.03024555e+01 3.08373002e-02
9.99829731e-01 2.05029958e+01 5.33637337e-03 2.05029198e+01 2.64571583e-02
9.99857474e-01 2.06889786e+01 4.52638727e-03 2.06889248e+01 2.23533987e-02
9.99882751e-01 2.08600374e+01 3.76875517e-03 2.08600008e+01 1.85457065e-02
9.99905562e-01 2.10157362e+01 3.06868247e-03 2.10157122e+01 1.50524693e-02
9.99925908e-01 2.11556752e+01 2.43099915e-03 2.11556604e+01 1.18906577e-02
9.99943787e-01 2.12794931e+01 1.86012085e-03 2.12794845e+01 9.07571447e-03
9.99959200e-01 2.13868686e+01 1.36001318e-03 2.13868641e+01 6.62145276e-03
9.99972148e-01 2.14775218e+01 9.34159591e-04 2.14775197e+01 4.53996427e-03
9.99982629e-01 2.15512154e+01 5.85532886e-04 2.15512146e+01 2.84153820e-03
9.99990644e-01 2.16077562e+01 3.16570450e-04 2.16077560e+01 1.53458962e-03
9.99996193e-01 2.16469965e+01 1.29151279e-04 2.16469964e+01 6.25588058e-04
9.99999277e-01 2.16688415e+01 2.45477346e-05 2.16688415e+01 1.18854788e-04
