-9.99999277e-01 8.48825186e-03 4.36390374e-08 -8.48825186e-03 -4.93186722e-08
-9.99996193e-01 8.48799627e-03 2.29918767e-07 -8.48799625e-03 -2.59851260e-07
-9.99990644e-01 8.48753650e-03 5.64998402e-07 -8.48753640e-03 -6.38591535e-07
-9.99982629e-01 8.48687254e-03 1.04886346e-06 -8.48687221e-03 -1.18558248e-06
-9.99972148e-01 8.48600452e-03 1.68139463e-06 -8.48600367e-03 -1.90077497e-06
-9.99959200e-01 8.48493262e-03 2.46242621e-06 -8.48493079e-03 -2.78409376e-06
-9.99943787e-01 8.48365705e-03 3.39175164e-06 -8.48365357e-03 -3.83544373e-06
-9.99925908e-01 8.48217807e-03 4.46912455e-06 -8.48217203e-03 -5.05471100e-06
-9.99905562e-01 8.48049600e-03 5.69425914e-06 -8.48048619e-03 -6.44176328e-06
-9.99882751e-01 8.47861117e-03 7.06683030e-06 -8.47859605e-03 -7.99645003e-06
-9.99857474e-01 8.47652399e-03 8.58647375e-06 -8.47650164e-03 -9.71860246e-06
-9.99829731e-01 8.47423486e-03 1.02527862e-05 -8.47420299e-03 -1.16080336e-05
-9.99799522e-01 8.47174428e-03 1.20653253e-05 -8.47170010e-03 -1.36645383e-05
-9.99766848e-01 8.46905275e-03 1.40236100e-05 -8.46899302e-03 -1.58878934e-05
-9.99731708e-01 8.46616083e-03 1.61271206e-05 -8.46608176e-03 -1.82778575e-05
-9.99694102e-01 8.46306911e-03 1.83752986e-05 -8.46296636e-03 -2.08341714e-05
-9.99654032e-01 8.45977822e-03 2.07675472e-05 -8.45964684e-03 -2.35565576e-05
-9.99611495e-01 8.45628886e-03 2.33032316e-05 -8.45612326e-03 -2.64447209e-05
-9.99566494e-01 8.45260173e-03 2.59816784e-05 -8.45239563e-03 -2.94983480e-05
-9.99519028e-01 8.44871759e-03 2.88021768e-05 -8.44846400e-03 -3.27171078e-05
-9.99469096e-01 8.44463724e-03 3.17639780e-05 -8.44432842e-03 -3.61006514e-05
-9.99416700e-01 8.44036152e-03 3.48662956e-05 -8.43998893e-03 -3.96486121e-05
-9.99361839e-01 8.43589130e-03 3.81083060e-05 -8.43544557e-03 -4.33606055e-05
-9.99304513e-01 8.43122751e-03 4.14891486e-05 -8.43069841e-03 -4.72362294e-05
-9.99244723e-01 8.42637111e-03 4.50079256e-05 -8.42574748e-03 -5.12750643e-05
-9.99182468e-01 8.42132307e-03 4.86637029e-05 -8.42059286e-03 -5.54766728e-05
-9.99117750e-01 8.41608446e-03 5.24555097e-05 -8.41523459e-03 -5.98406003e-05
-9.99050567e-01 8.41065632e-03 5.63823392e-05 -8.40967275e-03 -6.43663745e-05
-9.98980921e-01 8.40503978e-03 6.04431486e-05 -8.40390739e-03 -6.90535061e-05
-9.98908811e-01 8.39923599e-03 6.46368597e-05 -8.39793860e-03 -7.39014883e-05
-9.98834237e-01 8.39324613e-03 6.89623587e-05 -8.39176643e-03 -7.89097971e-05
-9.98757201e-01 8.38707142e-03 7.34184969e-05 -8.38539097e-03 -8.40778914e-05
-9.98677701e-01 8.38071312e-03 7.80040907e-05 -8.37881230e-03 -8.94052132e-05
-9.98595738e-01 8.37417254e-03 8.27179223e-05 -8.37203050e-03 -9.48911872e-05
-9.98511312e-01 8.36745100e-03 8.75587396e-05 -8.36504565e-03 -1.00535222e-04
-9.98424424e-01 8.36054988e-03 9.25252567e-05 -8.35785786e-03 -1.06336707e-04
-9.98335074e-01 8.35347058e-03 9.76161543e-05 -8.35046722e-03 -1.12295019e-04
-9.98243262e-01 8.34621453e-03 1.02830080e-04 -8.34287382e-03 -1.18409515e-04
-9.98148988e-01 8.33878321e-03 1.08165648e-04 -8.33507778e-03 -1.24679536e-04
-9.98052252e-01 8.33117814e-03 1.13621442e-04 -8.32707919e-03 -1.31104408e-04
-9.97953055e-01 8.32340084e-03 1.19196011e-04 -8.31887817e-03 -1.37683438e-04
-9.97851396e-01 8.31545291e-03 1.24887875e-04 -8.31047485e-03 -1.44415919e-04
-9.97747277e-01 8.30733594e-03 1.30695520e-04 -8.30186934e-03 -1.51301128e-04
-9.97640697e-01 8.29905157e-03 1.36617403e-04 -8.29306176e-03 -1.58338325e-04
-9.97531657e-01 8.29060149e-03 1.42651951e-04 -8.28405227e-03 -1.65526753e-04
-9.97420157e-01 8.28198740e-03 1.48797558e-04 -8.27484098e-03 -1.72865642e-04
-9.97306197e-01 8.27321102e-03 1.55052592e-04 -8.26542804e-03 -1.80354204e-04
-9.97189778e-01 8.26427414e-03 1.61415389e-04 -8.25581361e-03 -1.87991637e-04
-9.97070899e-01 8.25517854e-03 1.67884257e-04 -8.24599783e-03 -1.95777121e-04
-9.96949561e-01 8.24592605e-03 1.74457477e-04 -8.23598087e-03 -2.03709824e-04
-9.96825765e-01 8.23651854e-03 1.81133301e-04 -8.22576290e-03 -2.11788897e-04
-9.96699510e-01 8.22695787e-03 1.87909952e-04 -8.21534407e-03 -2.20013475e-04
-9.96570797e-01 8.21724598e-03 1.94785629e-04 -8.20472457e-03 -2.28382680e-04
-9.96439627e-01 8.20738479e-03 2.01758501e-04 -8.19390459e-03 -2.36895618e-04
-9.96305999e-01 8.19737628e-03 2.08826715e-04 -8.18288432e-03 -2.45551380e-04
-9.96169914e-01 8.18722245e-03 2.15988389e-04 -8.17166395e-03 -2.54349043e-04
-9.96031373e-01 8.17692530e-03 2.23241617e-04 -8.16024368e-03 -2.63287670e-04
-9.95890375e-01 8.16648690e-03 2.30584469e-04 -8.14862374e-03 -2.72366308e-04
-9.95746921e-01 8.15590931e-03 2.38014990e-04 -8.13680432e-03 -2.81583992e-04
-9.95601011e-01 8.14519463e-03 2.45531201e-04 -8.12478567e-03 -2.90939742e-04
-9.95452646e-01 8.13434498e-03 2.53131103e-04 -8.11256801e-03 -3.00432562e-04
-9.95301826e-01 8.12336250e-03 2.60812669e-04 -8.10015158e-03 -3.10061445e-04
-9.95148552e-01 8.11224936e-03 2.68573855e-04 -8.08753664e-03 -3.19825371e-04
-9.94992823e-01 8.10100775e-03 2.76412593e-04 -8.07472343e-03 -3.29723303e-04
-9.94834640e-01 8.08963988e-03 2.84326793e-04 -8.06171222e-03 -3.39754193e-04
-9.94674004e-01 8.07814799e-03 2.92314348e-04 -8.04850328e-03 -3.49916980e-04
-9.94510915e-01 8.06653431e-03 3.00373128e-04 -8.03509689e-03 -3.60210589e-04
-9.94345374e-01 8.05480114e-03 3.08500984e-04 -8.02149334e-03 -3.70633933e-04
-9.94177380e-01 8.04295075e-03 3.16695749e-04 -8.00769292e-03 -3.81185912e-04
-9.94006934e-01 8.03098547e-03 3.24955237e-04 -7.99369595e-03 -3.91865412e-04
-9.93834037e-01 8.01890760e-03 3.33277246e-04 -7.97950274e-03 -4.02671309e-04
-9.93658689e-01 8.00671952e-03 3.41659554e-04 -7.96511361e-03 -4.13602465e-04
-9.93480891e-01 7.99442356e-03 3.50099924e-04 -7.95052889e-03 -4.24657730e-04
-9.93300642e-01 7.98202213e-03 3.58596103e-04 -7.93574893e-03 -4.35835944e-04
-9.93117944e-01 7.96951760e-03 3.67145823e-04 -7.92077408e-03 -4.47135932e-04
-9.92932796e-01 7.95691239e-03 3.75746800e-04 -7.90560470e-03 -4.58556511e-04
-9.92745200e-01 7.94420892e-03 3.84396736e-04 -7.89024117e-03 -4.70096484e-04
-9.92555155e-01 7.93140963e-03 3.93093319e-04 -7.87468386e-03 -4.81754642e-04
-9.92362663e-01 7.91851697e-03 4.01834225e-04 -7.85893317e-03 -4.93529769e-04
-9.92167724e-01 7.90553341e-03 4.10617116e-04 -7.84298951e-03 -5.05420633e-04
-9.91970337e-01 7.89246141e-03 4.19439643e-04 -7.82685327e-03 -5.17425996e-04
-9.91770504e-01 7.87930347e-03 4.28299446e-04 -7.81052490e-03 -5.29544605e-04
-9.91568226e-01 7.86606208e-03 4.37194152e-04 -7.79400482e-03 -5.41775201e-04
-9.91363501e-01 7.85273975e-03 4.46121382e-04 -7.77729348e-03 -5.54116510e-04
-9.91156332e-01 7.83933899e-03 4.55078742e-04 -7.76039134e-03 -5.66567252e-04
-9.90946719e-01 7.82586233e-03 4.64063834e-04 -7.74329887e-03 -5.79126136e-04
-9.90734662e-01 7.81231229e-03 4.73074248e-04 -7.72601654e-03 -5.91791860e-04
-9.90520161e-01 7.79869142e-03 4.82107569e-04 -7.70854485e-03 -6.04563113e-04
-9.90303218e-01 7.78500227e-03 4.91161374e-04 -7.69088431e-03 -6.17438577e-04
-9.90083833e-01 7.77124738e-03 5.00233231e-04 -7.67303542e-03 -6.30416921e-04
-9.89862005e-01 7.75742931e-03 5.09320706e-04 -7.65499871e-03 -6.43496808e-04
-9.89637737e-01 7.74355063e-03 5.18421358e-04 -7.63677474e-03 -6.56676891e-04
-9.89411028e-01 7.72961389e-03 5.27532739e-04 -7.61836404e-03 -6.69955816e-04
-9.89181879e-01 7.71562168e-03 5.36652401e-04 -7.59976719e-03 -6.83332217e-04
-9.88950290e-01 7.70157655e-03 5.45777890e-04 -7.58098475e-03 -6.96804724e-04
-9.88716263e-01 7.68748108e-03 5.54906750e-04 -7.56201733e-03 -7.10371956e-04
-9.88479797e-01 7.67333785e-03 5.64036521e-04 -7.54286552e-03 -7.24032526e-04
-9.88240894e-01 7.65914943e-03 5.73164744e-04 -7.52352995e-03 -7.37785038e-04
-9.87999553e-01 7.64491840e-03 5.82288958e-04 -7.50401124e-03 -7.51628090e-04
-9.87755776e-01 7.63064733e-03 5.91406700e-04 -7.48431003e-03 -7.65560272e-04
-9.87509562e-01 7.61633879e-03 6.00515509e-04 -7.46442698e-03 -7.79580166e-04
-9.87260914e-01 7.60199537e-03 6.09612924e-04 -7.44436277e-03 -7.93686349e-04
-9.87009830e-01 7.58761961e-03 6.18696485e-04 -7.42411808e-03 -8.07877391e-04
-9.86756313e-01 7.57321410e-03 6.27763736e-04 -7.40369359e-03 -8.22151854e-04
-9.86500362e-01 7.55878139e-03 6.36812222e-04 -7.38309004e-03 -8.36508294e-04
-9.86241978e-01 7.54432404e-03 6.45839490e-04 -7.36230814e-03 -8.50945264e-04
-9.85981162e-01 7.52984460e-03 6.54843093e-04 -7.34134863e-03 -8.65461307e-04
-9.85717914e-01 7.51534562e-03 6.63820588e-04 -7.32021227e-03 -8.80054962e-04
-9.85452235e-01 7.50082964e-03 6.72769536e-04 -7.29889982e-03 -8.94724764e-04
-9.85184126e-01 7.48629919e-03 6.81687504e-04 -7.27741208e-03 -9.09469241e-04
-9.84913588e-01 7.47175680e-03 6.90572066e-04 -7.25574983e-03 -9.24286916e-04
-9.84640620e-01 7.45720497e-03 6.99420801e-04 -7.23391390e-03 -9.39176307e-04
-9.84365224e-01 7.44264623e-03 7.08231298e-04 -7.21190511e-03 -9.54135929e-04
-9.84087401e-01 7.42808307e-03 7.17001151e-04 -7.18972430e-03 -9.69164290e-04
-9.83807150e-01 7.41351797e-03 7.25727965e-04 -7.16737234e-03 -9.84259896e-04
-9.83524474e-01 7.39895342e-03 7.34409353e-04 -7.14485008e-03 -9.99421248e-04
-9.83239372e-01 7.38439187e-03 7.43042937e-04 -7.12215843e-03 -1.01464684e-03
-9.82951845e-01 7.36983579e-03 7.51626351e-04 -7.09929829e-03 -1.02993517e-03
-9.82661894e-01 7.35528762e-03 7.60157239e-04 -7.07627057e-03 -1.04528473e-03
-9.82369519e-01 7.34074978e-03 7.68633255e-04 -7.05307621e-03 -1.06069400e-03
-9.82074722e-01 7.32622470e-03 7.77052067e-04 -7.02971616e-03 -1.07616147e-03
-9.81777503e-01 7.31171476e-03 7.85411354e-04 -7.00619139e-03 -1.09168561e-03
-9.81477862e-01 7.29722235e-03 7.93708810e-04 -6.98250287e-03 -1.10726491e-03
-9.81175801e-01 7.28274986e-03 8.01942141e-04 -6.95865160e-03 -1.12289784e-03
-9.80871321e-01 7.26829962e-03 8.10109067e-04 -6.93463860e-03 -1.13858288e-03
-9.80564421e-01 7.25387398e-03 8.18207324e-04 -6.91046489e-03 -1.15431849e-03
-9.80255103e-01 7.23947525e-03 8.26234661e-04 -6.88613152e-03 -1.17010314e-03
-9.79943368e-01 7.22510575e-03 8.34188846e-04 -6.86163955e-03 -1.18593531e-03
-9.79629216e-01 7.21076776e-03 8.42067661e-04 -6.83699005e-03 -1.20181346e-03
-9.79312648e-01 7.19646353e-03 8.49868904e-04 -6.81218411e-03 -1.21773606e-03
-9.78993665e-01 7.18219533e-03 8.57590394e-04 -6.78722285e-03 -1.23370156e-03
-9.78672267e-01 7.16796536e-03 8.65229963e-04 -6.76210738e-03 -1.24970844e-03
-9.78348456e-01 7.15377586e-03 8.72785466e-04 -6.73683885e-03 -1.26575515e-03
-9.78022233e-01 7.13962899e-03 8.80254773e-04 -6.71141841e-03 -1.28184015e-03
-9.77693597e-01 7.12552692e-03 8.87635775e-04 -6.68584724e-03 -1.29796192e-03
-9.77362550e-01 7.11147180e-03 8.94926383e-04 -6.66012651e-03 -1.31411890e-03
-9.77029093e-01 7.09746575e-03 9.02124529e-04 -6.63425745e-03 -1.33030957e-03
-9.76693226e-01 7.08351086e-03 9.09228163e-04 -6.60824125e-03 -1.34653238e-03
-9.76354950e-01 7.06960921e-03 9.16235259e-04 -6.58207918e-03 -1.36278580e-03
-9.76014267e-01 7.05576285e-03 9.23143812e-04 -6.55577246e-03 -1.37906829e-03
-9.75671177e-01 7.04197382e-03 9.29951837e-04 -6.52932238e-03 -1.39537832e-03
-9.75325680e-01 7.02824410e-03 9.36657376e-04 -6.50273021e-03 -1.41171434e-03
-9.74977778e-01 7.01457569e-03 9.43258489e-04 -6.47599726e-03 -1.42807483e-03
-9.74627472e-01 7.00097052e-03 9.49753263e-04 -6.44912484e-03 -1.44445826e-03
-9.74274762e-01 6.98743054e-03 9.56139807e-04 -6.42211429e-03 -1.46086310e-03
-9.73919650e-01 6.97395763e-03 9.62416256e-04 -6.39496695e-03 -1.47728781e-03
-9.73562135e-01 6.96055368e-03 9.68580768e-04 -6.36768418e-03 -1.49373087e-03
-9.73202220e-01 6.94722053e-03 9.74631528e-04 -6.34026738e-03 -1.51019076e-03
-9.72839904e-01 6.93396000e-03 9.80566744e-04 -6.31271792e-03 -1.52666596e-03
-9.72475189e-01 6.92077387e-03 9.86384651e-04 -6.28503722e-03 -1.54315495e-03
-9.72108076e-01 6.90766393e-03 9.92083513e-04 -6.25722671e-03 -1.55965621e-03
-9.71738566e-01 6.89463189e-03 9.97661615e-04 -6.22928784e-03 -1.57616823e-03
-9.71366659e-01 6.88167947e-03 1.00311728e-03 -6.20122205e-03 -1.59268949e-03
-9.70992357e-01 6.86880835e-03 1.00844883e-03 -6.17303082e-03 -1.60921851e-03
-9.70615660e-01 6.85602016e-03 1.01365466e-03 -6.14471565e-03 -1.62575376e-03
-9.70236569e-01 6.84331654e-03 1.01873316e-03 -6.11627802e-03 -1.64229375e-03
-9.69855086e-01 6.83069906e-03 1.02368276e-03 -6.08771947e-03 -1.65883699e-03
-9.69471210e-01 6.81816929e-03 1.02850190e-03 -6.05904152e-03 -1.67538199e-03
-9.69084944e-01 6.80572874e-03 1.03318908e-03 -6.03024573e-03 -1.69192726e-03
-9.68696288e-01 6.79337893e-03 1.03774282e-03 -6.00133366e-03 -1.70847132e-03
-9.68305243e-01 6.78112130e-03 1.04216164e-03 -5.97230688e-03 -1.72501268e-03
-9.67911810e-01 6.76895730e-03 1.04644414e-03 -5.94316700e-03 -1.74154988e-03
-9.67515990e-01 6.75688833e-03 1.05058891e-03 -5.91391561e-03 -1.75808146e-03
-9.67117784e-01 6.74491574e-03 1.05459458e-03 -5.88455434e-03 -1.77460594e-03
-9.66717192e-01 6.73304089e-03 1.05845983e-03 -5.85508483e-03 -1.79112187e-03
-9.66314217e-01 6.72126508e-03 1.06218335e-03 -5.82550872e-03 -1.80762780e-03
-9.65908859e-01 6.70958957e-03 1.06576386e-03 -5.79582768e-03 -1.82412228e-03
-9.65501118e-01 6.69801560e-03 1.06920013e-03 -5.76604339e-03 -1.84060387e-03
-9.65090997e-01 6.68654439e-03 1.07249095e-03 -5.73615755e-03 -1.85707115e-03
-9.64678495e-01 6.67517709e-03 1.07563515e-03 -5.70617184e-03 -1.87352267e-03
-9.64263614e-01 6.66391486e-03 1.07863157e-03 -5.67608801e-03 -1.88995702e-03
-9.63846355e-01 6.65275880e-03 1.08147910e-03 -5.64590777e-03 -1.90637279e-03
-9.63426720e-01 6.64170998e-03 1.08417668e-03 -5.61563287e-03 -1.92276856e-03
-9.63004708e-01 6.63076943e-03 1.08672324e-03 -5.58526507e-03 -1.93914294e-03
-9.62580321e-01 6.61993816e-03 1.08911778e-03 -5.55480615e-03 -1.95549453e-03
-9.62153561e-01 6.60921714e-03 1.09135932e-03 -5.52425787e-03 -1.97182194e-03
-9.61724427e-01 6.59860730e-03 1.09344691e-03 -5.49362205e-03 -1.98812379e-03
-9.61292922e-01 6.58810954e-03 1.09537963e-03 -5.46290049e-03 -2.00439871e-03
-9.60859046e-01 6.57772474e-03 1.09715662e-03 -5.43209500e-03 -2.02064533e-03
-9.60422801e-01 6.56745372e-03 1.09877702e-03 -5.40120743e-03 -2.03686230e-03
-9.59984187e-01 6.55729728e-03 1.10024002e-03 -5.37023960e-03 -2.05304827e-03
-9.59543205e-01 6.54725617e-03 1.10154484e-03 -5.33919339e-03 -2.06920189e-03
-9.59099857e-01 6.53733114e-03 1.10269074e-03 -5.30807065e-03 -2.08532183e-03
-9.58654144e-01 6.52752287e-03 1.10367702e-03 -5.27687326e-03 -2.10140677e-03
-9.58206066e-01 6.51783201e-03 1.10450299e-03 -5.24560310e-03 -2.11745540e-03
-9.57755626e-01 6.50825920e-03 1.10516801e-03 -5.21426209e-03 -2.13346639e-03
-9.57302823e-01 6.49880502e-03 1.10567149e-03 -5.18285211e-03 -2.14943846e-03
-9.56847660e-01 6.48947002e-03 1.10601285e-03 -5.15137510e-03 -2.16537031e-03
-9.56390137e-01 6.48025472e-03 1.10619155e-03 -5.11983299e-03 -2.18126067e-03
-9.55930255e-01 6.47115961e-03 1.10620709e-03 -5.08822770e-03 -2.19710825e-03
-9.55468016e-01 6.46218513e-03 1.10605901e-03 -5.05656119e-03 -2.21291180e-03
-9.55003420e-01 6.45333170e-03 1.10574687e-03 -5.02483541e-03 -2.22867006e-03
-9.54536469e-01 6.44459969e-03 1.10527027e-03 -4.99305232e-03 -2.24438179e-03
-9.54067164e-01 6.43598946e-03 1.10462886e-03 -4.96121391e-03 -2.26004576e-03
-9.53595507e-01 6.42750130e-03 1.10382230e-03 -4.92932216e-03 -2.27566074e-03
-9.53121497e-01 6.41913551e-03 1.10285030e-03 -4.89737905e-03 -2.29122551e-03
-9.52645137e-01 6.41089231e-03 1.10171261e-03 -4.86538658e-03 -2.30673887e-03
-9.52166428e-01 6.40277191e-03 1.10040899e-03 -4.83334676e-03 -2.32219963e-03
-9.51685370e-01 6.39477450e-03 1.09893927e-03 -4.80126160e-03 -2.33760660e-03
-9.51201965e-01 6.38690019e-03 1.09730328e-03 -4.76913312e-03 -2.35295861e-03
-9.50716215e-01 6.37914911e-03 1.09550091e-03 -4.73696335e-03 -2.36825449e-03
-9.50228120e-01 6.37152131e-03 1.09353207e-03 -4.70475432e-03 -2.38349310e-03
-9.49737681e-01 6.36401684e-03 1.09139672e-03 -4.67250807e-03 -2.39867328e-03
-9.49244901e-01 6.35663570e-03 1.08909483e-03 -4.64022664e-03 -2.41379391e-03
-9.48749779e-01 6.34937786e-03 1.08662642e-03 -4.60791210e-03 -2.42885387e-03
-9.48252318e-01 6.34224325e-03 1.08399155e-03 -4.57556648e-03 -2.44385204e-03
-9.47752518e-01 6.33523178e-03 1.08119031e-03 -4.54319186e-03 -2.45878734e-03
-9.47250380e-01 6.32834332e-03 1.07822281e-03 -4.51079029e-03 -2.47365866e-03
-9.46745907e-01 6.32157771e-03 1.07508921e-03 -4.47836386e-03 -2.48846494e-03
-9.46239099e-01 6.31493475e-03 1.07178969e-03 -4.44591463e-03 -2.50320511e-03
-9.45729957e-01 6.30841421e-03 1.06832449e-03 -4.41344469e-03 -2.51787812e-03
-9.45218483e-01 6.30201584e-03 1.06469385e-03 -4.38095611e-03 -2.53248292e-03
-9.44704677e-01 6.29573934e-03 1.06089806e-03 -4.34845097e-03 -2.54701848e-03
-9.44188542e-01 6.28958439e-03 1.05693745e-03 -4.31593138e-03 -2.56148380e-03
-9.43670079e-01 6.28355065e-03 1.05281237e-03 -4.28339941e-03 -2.57587785e-03
-9.43149288e-01 6.27763772e-03 1.04852321e-03 -4.25085716e-03 -2.59019966e-03
-9.42626171e-01 6.27184518e-03 1.04407039e-03 -4.21830673e-03 -2.60444822e-03
-9.42100730e-01 6.26617260e-03 1.03945436e-03 -4.18575021e-03 -2.61862258e-03
-9.41572965e-01 6.26061949e-03 1.03467562e-03 -4.15318969e-03 -2.63272177e-03
-9.41042878e-01 6.25518535e-03 1.02973466e-03 -4.12062728e-03 -2.64674484e-03
-9.40510470e-01 6.24986965e-03 1.02463206e-03 -4.08806508e-03 -2.66069088e-03
-9.39975743e-01 6.24467181e-03 1.01936837e-03 -4.05550518e-03 -2.67455894e-03
-9.39438698e-01 6.23959124e-03 1.01394423e-03 -4.02294969e-03 -2.68834812e-03
-9.38899336e-01 6.23462733e-03 1.00836027e-03 -3.99040070e-03 -2.70205754e-03
-9.38357658e-01 6.22977941e-03 1.00261716e-03 -3.95786032e-03 -2.71568629e-03
-9.37813667e-01 6.22504681e-03 9.96715618e-04 -3.92533063e-03 -2.72923351e-03
-9.37267362e-01 6.22042882e-03 9.90656370e-04 -3.89281374e-03 -2.74269834e-03
-9.36718746e-01 6.21592471e-03 9.84440184e-04 -3.86031173e-03 -2.75607993e-03
-9.36167820e-01 6.21153371e-03 9.78067855e-04 -3.82782671e-03 -2.76937746e-03
-9.35614585e-01 6.20725503e-03 9.71540210e-04 -3.79536076e-03 -2.78259009e-03
-9.35059043e-01 6.20308787e-03 9.64858102e-04 -3.76291597e-03 -2.79571702e-03
-9.34501195e-01 6.19903137e-03 9.58022414e-04 -3.73049443e-03 -2.80875746e-03
-9.33941042e-01 6.19508468e-03 9.51034059e-04 -3.69809820e-03 -2.82171062e-03
-9.33378586e-01 6.19124689e-03 9.43893977e-04 -3.66572938e-03 -2.83457573e-03
-9.32813828e-01 6.18751710e-03 9.36603138e-04 -3.63339004e-03 -2.84735204e-03
-9.32246769e-01 6.18389435e-03 9.29162536e-04 -3.60108223e-03 -2.86003881e-03
-9.31677412e-01 6.18037770e-03 9.21573198e-04 -3.56880804e-03 -2.87263530e-03
-9.31105757e-01 6.17696614e-03 9.13836172e-04 -3.53656951e-03 -2.88514079e-03
-9.30531805e-01 6.17365867e-03 9.05952538e-04 -3.50436870e-03 -2.89755459e-03
-9.29955559e-01 6.17045425e-03 8.97923400e-04 -3.47220766e-03 -2.90987600e-03
-9.29377019e-01 6.16735182e-03 8.89749888e-04 -3.44008843e-03 -2.92210435e-03
-9.28796187e-01 6.16435030e-03 8.81433158e-04 -3.40801304e-03 -2.93423896e-03
-9.28213065e-01 6.16144860e-03 8.72974393e-04 -3.37598353e-03 -2.94627919e-03
-9.27627654e-01 6.15864559e-03 8.64374799e-04 -3.34400191e-03 -2.95822441e-03
-9.27039955e-01 6.15594012e-03 8.55635608e-04 -3.31207020e-03 -2.97007398e-03
-9.26449969e-01 6.15333104e-03 8.46758075e-04 -3.28019041e-03 -2.98182730e-03
-9.25857699e-01 6.15081717e-03 8.37743480e-04 -3.24836453e-03 -2.99348376e-03
-9.25263146e-01 6.14839729e-03 8.28593127e-04 -3.21659456e-03 -3.00504279e-03
-9.24666310e-01 6.14607019e-03 8.19308342e-04 -3.18488247e-03 -3.01650381e-03
-9.24067195e-01 6.14383463e-03 8.09890475e-04 -3.15323023e-03 -3.02786627e-03
-9.23465800e-01 6.14168935e-03 8.00340897e-04 -3.12163982e-03 -3.03912962e-03
-9.22862128e-01 6.13963308e-03 7.90661002e-04 -3.09011318e-03 -3.05029333e-03
-9.22256180e-01 6.13766452e-03 7.80852205e-04 -3.05865225e-03 -3.06135688e-03
-9.21647958e-01 6.13578237e-03 7.70915944e-04 -3.02725897e-03 -3.07231977e-03
-9.21037462e-01 6.13398531e-03 7.60853676e-04 -2.99593525e-03 -3.08318151e-03
-9.20424696e-01 6.13227198e-03 7.50666878e-04 -2.96468302e-03 -3.09394161e-03
-9.19809659e-01 6.13064103e-03 7.40357049e-04 -2.93350416e-03 -3.10459963e-03
-9.19192354e-01 6.12909111e-03 7.29925705e-04 -2.90240057e-03 -3.11515510e-03
-9.18572782e-01 6.12762081e-03 7.19374384e-04 -2.87137411e-03 -3.12560758e-03
-9.17950945e-01 6.12622875e-03 7.08704640e-04 -2.84042666e-03 -3.13595667e-03
-9.17326844e-01 6.12491350e-03 6.97918048e-04 -2.80956006e-03 -3.14620194e-03
-9.16700480e-01 6.12367366e-03 6.87016197e-04 -2.77877616e-03 -3.15634299e-03
-9.16071856e-01 6.12250777e-03 6.76000698e-04 -2.74807676e-03 -3.16637945e-03
-9.15440973e-01 6.12141440e-03 6.64873176e-04 -2.71746369e-03 -3.17631094e-03
-9.14807832e-01 6.12039208e-03 6.53635273e-04 -2.68693874e-03 -3.18613711e-03
-9.14172435e-01 6.11943934e-03 6.42288648e-04 -2.65650370e-03 -3.19585761e-03
-9.13534783e-01 6.11855470e-03 6.30834975e-04 -2.62616032e-03 -3.20547211e-03
-9.12894879e-01 6.11773668e-03 6.19275943e-04 -2.59591036e-03 -3.21498030e-03
-9.12252723e-01 6.11698376e-03 6.07613256e-04 -2.56575557e-03 -3.22438187e-03
-9.11608317e-01 6.11629445e-03 5.95848633e-04 -2.53569766e-03 -3.23367652e-03
-9.10961663e-01 6.11566723e-03 5.83983805e-04 -2.50573834e-03 -3.24286399e-03
-9.10312763e-01 6.11510057e-03 5.72020519e-04 -2.47587930e-03 -3.25194400e-03
-9.09661618e-01 6.11459293e-03 5.59960533e-04 -2.44612222e-03 -3.26091630e-03
-9.09008229e-01 6.11414279e-03 5.47805618e-04 -2.41646874e-03 -3.26978066e-03
-9.08352599e-01 6.11374859e-03 5.35557557e-04 -2.38692052e-03 -3.27853685e-03
-9.07694728e-01 6.11340879e-03 5.23218146e-04 -2.35747918e-03 -3.28718465e-03
-9.07034619e-01 6.11312183e-03 5.10789189e-04 -2.32814632e-03 -3.29572388e-03
-9.06372273e-01 6.11288614e-03 4.98272504e-04 -2.29892354e-03 -3.30415433e-03
-9.05707691e-01 6.11270017e-03 4.85669917e-04 -2.26981240e-03 -3.31247583e-03
-9.05040876e-01 6.11256234e-03 4.72983265e-04 -2.24081445e-03 -3.32068823e-03
-9.04371830e-01 6.11247107e-03 4.60214393e-04 -2.21193124e-03 -3.32879138e-03
-9.03700552e-01 6.11242480e-03 4.47365157e-04 -2.18316427e-03 -3.33678513e-03
-9.03027046e-01 6.11242195e-03 4.34437418e-04 -2.15451505e-03 -3.34466937e-03
-9.02351313e-01 6.11246093e-03 4.21433049e-04 -2.12598505e-03 -3.35244399e-03
-9.01673355e-01 6.11254016e-03 4.08353927e-04 -2.09757573e-03 -3.36010888e-03
-9.00993173e-01 6.11265806e-03 3.95201938e-04 -2.06928853e-03 -3.36766396e-03
-9.00310769e-01 6.11281305e-03 3.81978973e-04 -2.04112486e-03 -3.37510916e-03
-8.99626145e-01 6.11300355e-03 3.68686931e-04 -2.01308613e-03 -3.38244441e-03
-8.98939302e-01 6.11322797e-03 3.55327714e-04 -1.98517372e-03 -3.38966967e-03
-8.98250242e-01 6.11348473e-03 3.41903232e-04 -1.95738898e-03 -3.39678490e-03
-8.97558967e-01 6.11377225e-03 3.28415398e-04 -1.92973324e-03 -3.40379008e-03
-8.96865478e-01 6.11408895e-03 3.14866130e-04 -1.90220784e-03 -3.41068519e-03
-8.96169778e-01 6.11443326e-03 3.01257348e-04 -1.87481405e-03 -3.41747024e-03
-8.95471867e-01 6.11480360e-03 2.87590978e-04 -1.84755316e-03 -3.42414523e-03
-8.94771748e-01 6.11519841e-03 2.73868946e-04 -1.82042642e-03 -3.43071019e-03
-8.94069423e-01 6.11561611e-03 2.60093183e-04 -1.79343506e-03 -3.43716515e-03
-8.93364892e-01 6.11605515e-03 2.46265622e-04 -1.76658028e-03 -3.44351017e-03
-8.92658159e-01 6.11651396e-03 2.32388194e-04 -1.73986327e-03 -3.44974530e-03
-8.91949223e-01 6.11699100e-03 2.18462834e-04 -1.71328520e-03 -3.45587061e-03
-8.91238089e-01 6.11748472e-03 2.04491479e-04 -1.68684720e-03 -3.46188618e-03
-8.90524756e-01 6.11799357e-03 1.90476062e-04 -1.66055040e-03 -3.46779211e-03
-8.89809227e-01 6.11851603e-03 1.76418520e-04 -1.63439590e-03 -3.47358850e-03
-8.89091503e-01 6.11905057e-03 1.62320785e-04 -1.60838476e-03 -3.47927547e-03
-8.88371587e-01 6.11959566e-03 1.48184792e-04 -1.58251803e-03 -3.48485314e-03
-8.87649480e-01 6.12014979e-03 1.34012472e-04 -1.55679675e-03 -3.49032166e-03
-8.86925184e-01 6.12071146e-03 1.19805755e-04 -1.53122191e-03 -3.49568118e-03
-8.86198701e-01 6.12127916e-03 1.05566567e-04 -1.50579450e-03 -3.50093184e-03
-8.85470032e-01 6.12185143e-03 9.12968342e-05 -1.48051548e-03 -3.50607384e-03
-8.84739180e-01 6.12242677e-03 7.69984761e-05 -1.45538576e-03 -3.51110734e-03
-8.84006145e-01 6.12300371e-03 6.26734106e-05 -1.43040627e-03 -3.51603254e-03
-8.83270931e-01 6.12358080e-03 4.83235509e-05 -1.40557788e-03 -3.52084965e-03
-8.82533538e-01 6.12415660e-03 3.39508058e-05 -1.38090147e-03 -3.52555888e-03
-8.81793969e-01 6.12472966e-03 1.95570790e-05 -1.35637785e-03 -3.53016045e-03
-8.81052225e-01 6.12529855e-03 5.14426910e-06 -1.33200785e-03 -3.53465460e-03
-8.80308308e-01 6.12586187e-03 -9.28573132e-06 -1.30779225e-03 -3.53904158e-03
-8.79562220e-01 6.12641821e-03 -2.37310356e-05 -1.28373182e-03 -3.54332164e-03
-8.78813963e-01 6.12696618e-03 -3.81897638e-05 -1.25982729e-03 -3.54749504e-03
-8.78063539e-01 6.12750440e-03 -5.26600428e-05 -1.23607938e-03 -3.55156206e-03
-8.77310949e-01 6.12803152e-03 -6.71400067e-05 -1.21248877e-03 -3.55552299e-03
-8.76556196e-01 6.12854617e-03 -8.16277974e-05 -1.18905613e-03 -3.55937812e-03
-8.75799281e-01 6.12904702e-03 -9.61215650e-05 -1.16578209e-03 -3.56312776e-03
-8.75040206e-01 6.12953275e-03 -1.10619468e-04 -1.14266728e-03 -3.56677222e-03
-8.74278973e-01 6.13000205e-03 -1.25119673e-04 -1.11971228e-03 -3.57031183e-03
-8.73515584e-01 6.13045362e-03 -1.39620358e-04 -1.09691765e-03 -3.57374691e-03
-8.72750041e-01 6.13088619e-03 -1.54119707e-04 -1.07428393e-03 -3.57707782e-03
-8.71982345e-01 6.13129849e-03 -1.68615918e-04 -1.05181164e-03 -3.58030489e-03
-8.71212499e-01 6.13168927e-03 -1.83107196e-04 -1.02950127e-03 -3.58342851e-03
-8.70440504e-01 6.13205730e-03 -1.97591757e-04 -1.00735327e-03 -3.58644902e-03
-8.69666363e-01 6.13240137e-03 -2.12067831e-04 -9.85368092e-04 -3.58936682e-03
-8.68890077e-01 6.13272027e-03 -2.26533655e-04 -9.63546140e-04 -3.59218230e-03
-8.68111648e-01 6.13301282e-03 -2.40987481e-04 -9.41887805e-04 -3.59489583e-03
-8.67331079e-01 6.13327786e-03 -2.55427572e-04 -9.20393448e-04 -3.59750784e-03
-8.66548370e-01 6.13351423e-03 -2.69852202e-04 -8.99063408e-04 -3.60001874e-03
-8.65763524e-01 6.13372081e-03 -2.84259658e-04 -8.77897997e-04 -3.60242894e-03
-8.64976543e-01 6.13389648e-03 -2.98648242e-04 -8.56897500e-04 -3.60473887e-03
-8.64187429e-01 6.13404015e-03 -3.13016268e-04 -8.36062181e-04 -3.60694899e-03
-8.63396184e-01 6.13415073e-03 -3.27362061e-04 -8.15392275e-04 -3.60905972e-03
-8.62602809e-01 6.13422718e-03 -3.41683965e-04 -7.94887994e-04 -3.61107152e-03
-8.61807307e-01 6.13426844e-03 -3.55980334e-04 -7.74549524e-04 -3.61298487e-03
-8.61009680e-01 6.13427350e-03 -3.70249537e-04 -7.54377028e-04 -3.61480021e-03
-8.60209930e-01 6.13424136e-03 -3.84489960e-04 -7.34370640e-04 -3.61651804e-03
-8.59408057e-01 6.13417103e-03 -3.98700001e-04 -7.14530474e-04 -3.61813884e-03
-8.58604066e-01 6.13406155e-03 -4.12878076e-04 -6.94856615e-04 -3.61966309e-03
-8.57797957e-01 6.13391198e-03 -4.27022614e-04 -6.75349126e-04 -3.62109130e-03
-8.56989732e-01 6.13372139e-03 -4.41132062e-04 -6.56008043e-04 -3.62242398e-03
-8.56179395e-01 6.13348888e-03 -4.55204881e-04 -6.36833379e-04 -3.62366163e-03
-8.55366945e-01 6.13321357e-03 -4.69239551e-04 -6.17825123e-04 -3.62480478e-03
-8.54552386e-01 6.13289459e-03 -4.83234565e-04 -5.98983237e-04 -3.62585395e-03
-8.53735720e-01 6.13253110e-03 -4.97188436e-04 -5.80307660e-04 -3.62680968e-03
-8.52916948e-01 6.13212227e-03 -5.11099693e-04 -5.61798309e-04 -3.62767250e-03
-8.52096073e-01 6.13166732e-03 -5.24966881e-04 -5.43455073e-04 -3.62844297e-03
-8.51273096e-01 6.13116545e-03 -5.38788563e-04 -5.25277818e-04 -3.62912163e-03
-8.50448020e-01 6.13061590e-03 -5.52563322e-04 -5.07266389e-04 -3.62970904e-03
-8.49620847e-01 6.13001795e-03 -5.66289755e-04 -4.89420602e-04 -3.63020578e-03
-8.48791578e-01 6.12937087e-03 -5.79966480e-04 -4.71740254e-04 -3.63061241e-03
-8.47960216e-01 6.12867397e-03 -5.93592132e-04 -4.54225116e-04 -3.63092950e-03
-8.47126763e-01 6.12792657e-03 -6.07165365e-04 -4.36874936e-04 -3.63115764e-03
-8.46291221e-01 6.12712803e-03 -6.20684852e-04 -4.19689438e-04 -3.63129743e-03
-8.45453591e-01 6.12627770e-03 -6.34149284e-04 -4.02668325e-04 -3.63134944e-03
-8.44613877e-01 6.12537499e-03 -6.47557372e-04 -3.85811274e-04 -3.63131428e-03
-8.43772079e-01 6.12441930e-03 -6.60907844e-04 -3.69117942e-04 -3.63119256e-03
-8.42928201e-01 6.12341008e-03 -6.74199451e-04 -3.52587961e-04 -3.63098488e-03
-8.42082244e-01 6.12234677e-03 -6.87430959e-04 -3.36220941e-04 -3.63069186e-03
-8.41234210e-01 6.12122885e-03 -7.00601159e-04 -3.20016470e-04 -3.63031412e-03
-8.40384102e-01 6.12005583e-03 -7.13708857e-04 -3.03974115e-04 -3.62985229e-03
-8.39531921e-01 6.11882723e-03 -7.26752881e-04 -2.88093419e-04 -3.62930698e-03
-8.38677669e-01 6.11754259e-03 -7.39732080e-04 -2.72373903e-04 -3.62867884e-03
-8.37821349e-01 6.11620147e-03 -7.52645321e-04 -2.56815068e-04 -3.62796850e-03
-8.36962964e-01 6.11480348e-03 -7.65491493e-04 -2.41416392e-04 -3.62717660e-03
-8.36102514e-01 6.11334822e-03 -7.78269505e-04 -2.26177333e-04 -3.62630380e-03
-8.35240002e-01 6.11183531e-03 -7.90978287e-04 -2.11097327e-04 -3.62535074e-03
-8.34375430e-01 6.11026443e-03 -8.03616788e-04 -1.96175788e-04 -3.62431807e-03
-8.33508800e-01 6.10863523e-03 -8.16183980e-04 -1.81412113e-04 -3.62320646e-03
-8.32640115e-01 6.10694743e-03 -8.28678853e-04 -1.66805673e-04 -3.62201657e-03
-8.31769377e-01 6.10520074e-03 -8.41100421e-04 -1.52355825e-04 -3.62074906e-03
-8.30896587e-01 6.10339490e-03 -8.53447718e-04 -1.38061900e-04 -3.61940459e-03
-8.30021748e-01 6.10152969e-03 -8.65719797e-04 -1.23923214e-04 -3.61798386e-03
-8.29144862e-01 6.09960488e-03 -8.77915735e-04 -1.09939060e-04 -3.61648752e-03
-8.28265931e-01 6.09762028e-03 -8.90034629e-04 -9.61087130e-05 -3.61491626e-03
-8.27384958e-01 6.09557573e-03 -9.02075597e-04 -8.24314289e-05 -3.61327076e-03
-8.26501944e-01 6.09347108e-03 -9.14037779e-04 -6.89064444e-05 -3.61155171e-03
-8.25616892e-01 6.09130620e-03 -9.25920335e-04 -5.55329774e-05 -3.60975979e-03
-8.24729804e-01 6.08908098e-03 -9.37722448e-04 -4.23102277e-05 -3.60789570e-03
-8.23840681e-01 6.08679534e-03 -9.49443322e-04 -2.92373767e-05 -3.60596012e-03
-8.22949527e-01 6.08444922e-03 -9.61082181e-04 -1.63135877e-05 -3.60395376e-03
-8.22056344e-01 6.08204257e-03 -9.72638272e-04 -3.53800650e-06 -3.60187730e-03
-8.21161133e-01 6.07957539e-03 -9.84110863e-04 9.09023858e-06 -3.59973146e-03
-8.20263897e-01 6.07704766e-03 -9.95499244e-04 2.15720365e-05 -3.59751693e-03
-8.19364639e-01 6.07445940e-03 -1.00680273e-03 3.39082931e-05 -3.59523442e-03
-8.18463359e-01 6.07181067e-03 -1.01802064e-03 4.60999308e-05 -3.59288463e-03
-8.17560061e-01 6.06910153e-03 -1.02915234e-03 5.81478887e-05 -3.59046828e-03
-8.16654747e-01 6.06633205e-03 -1.04019721e-03 7.00531218e-05 -3.58798606e-03
-8.15747419e-01 6.06350234e-03 -1.05115463e-03 8.18166011e-05 -3.58543870e-03
-8.14838079e-01 6.06061253e-03 -1.06202403e-03 9.34393130e-05 -3.58282691e-03
-8.13926729e-01 6.05766276e-03 -1.07280485e-03 1.04922259e-04 -3.58015139e-03
-8.13013373e-01 6.05465320e-03 -1.08349655e-03 1.16266457e-04 -3.57741287e-03
-8.12098011e-01 6.05158402e-03 -1.09409861e-03 1.27472938e-04 -3.57461206e-03
-8.11180646e-01 6.04845544e-03 -1.10461053e-03 1.38542748e-04 -3.57174968e-03
-8.10261281e-01 6.04526767e-03 -1.11503184e-03 1.49476948e-04 -3.56882644e-03
-8.09339918e-01 6.04202096e-03 -1.12536208e-03 1.60276611e-04 -3.56584308e-03
-8.08416559e-01 6.03871557e-03 -1.13560083e-03 1.70942826e-04 -3.56280030e-03
-8.07491206e-01 6.03535177e-03 -1.14574767e-03 1.81476694e-04 -3.55969882e-03
-8.06563861e-01 6.03192987e-03 -1.15580220e-03 1.91879329e-04 -3.55653938e-03
-8.05634528e-01 6.02845019e-03 -1.16576406e-03 2.02151857e-04 -3.55332268e-03
-8.04703207e-01 6.02491306e-03 -1.17563291e-03 2.12295419e-04 -3.55004946e-03
-8.03769903e-01 6.02131883e-03 -1.18540840e-03 2.22311166e-04 -3.54672042e-03
-8.02834616e-01 6.01766788e-03 -1.19509023e-03 2.32200261e-04 -3.54333631e-03
-8.01897349e-01 6.01396059e-03 -1.20467812e-03 2.41963880e-04 -3.53989783e-03
-8.00958104e-01 6.01019737e-03 -1.21417180e-03 2.51603208e-04 -3.53640571e-03
-8.00016884e-01 6.00637865e-03 -1.22357102e-03 2.61119442e-04 -3.53286067e-03
-7.99073691e-01 6.00250487e-03 -1.23287555e-03 2.70513790e-04 -3.52926343e-03
-7.98128528e-01 5.99857647e-03 -1.24208519e-03 2.79787472e-04 -3.52561471e-03
-7.97181396e-01 5.99459395e-03 -1.25119976e-03 2.88941713e-04 -3.52191524e-03
-7.96232298e-01 5.99055779e-03 -1.26021907e-03 2.97977754e-04 -3.51816573e-03
-7.95281236e-01 5.98646849e-03 -1.26914300e-03 3.06896840e-04 -3.51436690e-03
-7.94328214e-01 5.98232658e-03 -1.27797140e-03 3.15700228e-04 -3.51051947e-03
-7.93373232e-01 5.97813259e-03 -1.28670418e-03 3.24389184e-04 -3.50662415e-03
-7.92416293e-01 5.97388709e-03 -1.29534124e-03 3.32964981e-04 -3.50268167e-03
-7.91457401e-01 5.96959063e-03 -1.30388252e-03 3.41428901e-04 -3.49869274e-03
-7.90496556e-01 5.96524381e-03 -1.31232796e-03 3.49782234e-04 -3.49465807e-03
-7.89533763e-01 5.96084722e-03 -1.32067754e-03 3.58026277e-04 -3.49057838e-03
-7.88569022e-01 5.95640146e-03 -1.32893123e-03 3.66162336e-04 -3.48645437e-03
-7.87602336e-01 5.95190718e-03 -1.33708906e-03 3.74191720e-04 -3.48228676e-03
-7.86633708e-01 5.94736501e-03 -1.34515103e-03 3.82115750e-04 -3.47807625e-03
-7.85663139e-01 5.94277560e-03 -1.35311719e-03 3.89935749e-04 -3.47382355e-03
-7.84690634e-01 5.93813962e-03 -1.36098761e-03 3.97653048e-04 -3.46952937e-03
-7.83716193e-01 5.93345774e-03 -1.36876237e-03 4.05268984e-04 -3.46519440e-03
-7.82739819e-01 5.92873067e-03 -1.37644155e-03 4.12784897e-04 -3.46081936e-03
-7.81761515e-01 5.92395911e-03 -1.38402527e-03 4.20202135e-04 -3.45640493e-03
-7.80781283e-01 5.91914378e-03 -1.39151367e-03 4.27522050e-04 -3.45195182e-03
-7.79799126e-01 5.91428539e-03 -1.39890689e-03 4.34745997e-04 -3.44746072e-03
-7.78815045e-01 5.90938471e-03 -1.40620510e-03 4.41875337e-04 -3.44293233e-03
-7.77829044e-01 5.90444247e-03 -1.41340848e-03 4.48911434e-04 -3.43836733e-03
-7.76841124e-01 5.89945944e-03 -1.42051722e-03 4.55855657e-04 -3.43376641e-03
-7.75851289e-01 5.89443639e-03 -1.42753155e-03 4.62709374e-04 -3.42913025e-03
-7.74859540e-01 5.88937412e-03 -1.43445170e-03 4.69473962e-04 -3.42445955e-03
-7.73865880e-01 5.88427340e-03 -1.44127791e-03 4.76150796e-04 -3.41975497e-03
-7.72870312e-01 5.87913506e-03 -1.44801045e-03 4.82741256e-04 -3.41501721e-03
-7.71872838e-01 5.87395990e-03 -1.45464959e-03 4.89246722e-04 -3.41024692e-03
-7.70873460e-01 5.86874874e-03 -1.46119563e-03 4.95668578e-04 -3.40544479e-03
-7.69872181e-01 5.86350242e-03 -1.46764888e-03 5.02008208e-04 -3.40061148e-03
-7.68869004e-01 5.85822178e-03 -1.47400966e-03 5.08266997e-04 -3.39574766e-03
-7.67863930e-01 5.85290767e-03 -1.48027832e-03 5.14446332e-04 -3.39085399e-03
-7.66856963e-01 5.84756094e-03 -1.48645521e-03 5.20547599e-04 -3.38593114e-03
-7.65848104e-01 5.84218246e-03 -1.49254069e-03 5.26572187e-04 -3.38097974e-03
-7.64837357e-01 5.83677311e-03 -1.49853514e-03 5.32521481e-04 -3.37600047e-03
-7.63824724e-01 5.83133376e-03 -1.50443897e-03 5.38396871e-04 -3.37099397e-03
-7.62810206e-01 5.82586531e-03 -1.51025259e-03 5.44199741e-04 -3.36596088e-03
-7.61793808e-01 5.82036864e-03 -1.51597641e-03 5.49931478e-04 -3.36090185e-03
-7.60775531e-01 5.81484465e-03 -1.52161088e-03 5.55593467e-04 -3.35581752e-03
-7.59755377e-01 5.80929426e-03 -1.52715644e-03 5.61187090e-04 -3.35070852e-03
-7.58733350e-01 5.80371837e-03 -1.53261355e-03 5.66713728e-04 -3.34557549e-03
-7.57709452e-01 5.79811790e-03 -1.53798269e-03 5.72174763e-04 -3.34041904e-03
-7.56683685e-01 5.79249378e-03 -1.54326435e-03 5.77571570e-04 -3.33523982e-03
-7.55656053e-01 5.78684693e-03 -1.54845903e-03 5.82905526e-04 -3.33003843e-03
-7.54626556e-01 5.78117828e-03 -1.55356723e-03 5.88178001e-04 -3.32481549e-03
-7.53595199e-01 5.77548877e-03 -1.55858949e-03 5.93390366e-04 -3.31957162e-03
-7.52561982e-01 5.76977934e-03 -1.56352632e-03 5.98543986e-04 -3.31430742e-03
-7.51526911e-01 5.76405093e-03 -1.56837829e-03 6.03640223e-04 -3.30902350e-03
-7.50489985e-01 5.75830450e-03 -1.57314594e-03 6.08680436e-04 -3.30372046e-03
-7.49451209e-01 5.75254098e-03 -1.57782983e-03 6.13665981e-04 -3.29839889e-03
-7.48410585e-01 5.74676135e-03 -1.58243056e-03 6.18598206e-04 -3.29305938e-03
-7.47368114e-01 5.74096654e-03 -1.58694870e-03 6.23478458e-04 -3.28770253e-03
-7.46323801e-01 5.73515753e-03 -1.59138485e-03 6.28308077e-04 -3.28232891e-03
-7.45277647e-01 5.72933526e-03 -1.59573962e-03 6.33088400e-04 -3.27693910e-03
-7.44229655e-01 5.72350071e-03 -1.60001362e-03 6.37820758e-04 -3.27153368e-03
-7.43179828e-01 5.71765484e-03 -1.60420748e-03 6.42506475e-04 -3.26611322e-03
-7.42128168e-01 5.71179860e-03 -1.60832184e-03 6.47146872e-04 -3.26067827e-03
-7.41074678e-01 5.70593297e-03 -1.61235732e-03 6.51743261e-04 -3.25522941e-03
-7.40019360e-01 5.70005891e-03 -1.61631460e-03 6.56296950e-04 -3.24976718e-03
-7.38962217e-01 5.69417740e-03 -1.62019432e-03 6.60809240e-04 -3.24429214e-03
-7.37903252e-01 5.68828938e-03 -1.62399715e-03 6.65281426e-04 -3.23880484e-03
-7.36842467e-01 5.68239584e-03 -1.62772377e-03 6.69714795e-04 -3.23330581e-03
-7.35779864e-01 5.67649774e-03 -1.63137486e-03 6.74110627e-04 -3.22779558e-03
-7.34715448e-01 5.67059603e-03 -1.63495112e-03 6.78470196e-04 -3.22227471e-03
-7.33649219e-01 5.66469170e-03 -1.63845323e-03 6.82794768e-04 -3.21674370e-03
-7.32581181e-01 5.65878569e-03 -1.64188190e-03 6.87085601e-04 -3.21120308e-03
-7.31511336e-01 5.65287898e-03 -1.64523784e-03 6.91343944e-04 -3.20565336e-03
-7.30439687e-01 5.64697251e-03 -1.64852177e-03 6.95571041e-04 -3.20009507e-03
-7.29366237e-01 5.64106726e-03 -1.65173440e-03 6.99768125e-04 -3.19452871e-03
-7.28290988e-01 5.63516416e-03 -1.65487648e-03 7.03936421e-04 -3.18895477e-03
-7.27213943e-01 5.62926419e-03 -1.65794873e-03 7.08077148e-04 -3.18337376e-03
-7.26135105e-01 5.62336828e-03 -1.66095188e-03 7.12191512e-04 -3.17778616e-03
-7.25054476e-01 5.61747738e-03 -1.66388669e-03 7.16280714e-04 -3.17219247e-03
-7.23972059e-01 5.61159244e-03 -1.66675391e-03 7.20345942e-04 -3.16659316e-03
-7.22887856e-01 5.60571440e-03 -1.66955428e-03 7.24388379e-04 -3.16098870e-03
-7.21801870e-01 5.59984419e-03 -1.67228856e-03 7.28409195e-04 -3.15537958e-03
-7.20714105e-01 5.59398275e-03 -1.67495753e-03 7.32409551e-04 -3.14976626e-03
-7.19624562e-01 5.58813100e-03 -1.67756193e-03 7.36390600e-04 -3.14414919e-03
-7.18533244e-01 5.58228988e-03 -1.68010255e-03 7.40353484e-04 -3.13852883e-03
-7.17440155e-01 5.57646030e-03 -1.68258016e-03 7.44299334e-04 -3.13290564e-03
-7.16345296e-01 5.57064317e-03 -1.68499552e-03 7.48229272e-04 -3.12728005e-03
-7.15248670e-01 5.56483940e-03 -1.68734943e-03 7.52144409e-04 -3.12165250e-03
-7.14150280e-01 5.55904991e-03 -1.68964267e-03 7.56045846e-04 -3.11602343e-03
-7.13050130e-01 5.55327558e-03 -1.69187601e-03 7.59934673e-04 -3.11039327e-03
-7.11948220e-01 5.54751732e-03 -1.69405025e-03 7.63811968e-04 -3.10476243e-03
-7.10844555e-01 5.54177601e-03 -1.69616617e-03 7.67678801e-04 -3.09913134e-03
-7.09739137e-01 5.53605253e-03 -1.69822457e-03 7.71536228e-04 -3.09350041e-03
-7.08631969e-01 5.53034776e-03 -1.70022624e-03 7.75385296e-04 -3.08787005e-03
-7.07523053e-01 5.52466257e-03 -1.70217198e-03 7.79227040e-04 -3.08224065e-03
-7.06412392e-01 5.51899781e-03 -1.70406257e-03 7.83062483e-04 -3.07661261e-03
-7.05299989e-01 5.51335436e-03 -1.70589883e-03 7.86892637e-04 -3.07098632e-03
-7.04185846e-01 5.50773305e-03 -1.70768153e-03 7.90718502e-04 -3.06536217e-03
-7.03069967e-01 5.50213472e-03 -1.70941149e-03 7.94541068e-04 -3.05974054e-03
-7.01952354e-01 5.49656022e-03 -1.71108950e-03 7.98361311e-04 -3.05412180e-03
-7.00833010e-01 5.49101037e-03 -1.71271637e-03 8.02180197e-04 -3.04850631e-03
-6.99711937e-01 5.48548599e-03 -1.71429288e-03 8.05998679e-04 -3.04289444e-03
-6.98589139e-01 5.47998789e-03 -1.71581984e-03 8.09817698e-04 -3.03728655e-03
-6.97464618e-01 5.47451687e-03 -1.71729804e-03 8.13638183e-04 -3.03168300e-03
-6.96338377e-01 5.46907374e-03 -1.71872830e-03 8.17461051e-04 -3.02608411e-03
-6.95210419e-01 5.46365928e-03 -1.72011139e-03 8.21287207e-04 -3.02049025e-03
-6.94080746e-01 5.45827426e-03 -1.72144813e-03 8.25117543e-04 -3.01490173e-03
-6.92949362e-01 5.45291947e-03 -1.72273929e-03 8.28952939e-04 -3.00931890e-03
-6.91816268e-01 5.44759565e-03 -1.72398569e-03 8.32794264e-04 -3.00374208e-03
-6.90681469e-01 5.44230358e-03 -1.72518811e-03 8.36642371e-04 -2.99817158e-03
-6.89544966e-01 5.43704398e-03 -1.72634734e-03 8.40498103e-04 -2.99260772e-03
-6.88406763e-01 5.43181761e-03 -1.72746417e-03 8.44362291e-04 -2.98705081e-03
-6.87266861e-01 5.42662518e-03 -1.72853939e-03 8.48235753e-04 -2.98150114e-03
-6.86125265e-01 5.42146741e-03 -1.72957378e-03 8.52119292e-04 -2.97595902e-03
-6.84981977e-01 5.41634501e-03 -1.73056813e-03 8.56013700e-04 -2.97042474e-03
-6.83837000e-01 5.41125868e-03 -1.73152322e-03 8.59919758e-04 -2.96489859e-03
-6.82690336e-01 5.40620912e-03 -1.73243982e-03 8.63838232e-04 -2.95938084e-03
-6.81541988e-01 5.40119699e-03 -1.73331871e-03 8.67769876e-04 -2.95387177e-03
-6.80391960e-01 5.39622297e-03 -1.73416066e-03 8.71715431e-04 -2.94837165e-03
-6.79240254e-01 5.39128772e-03 -1.73496643e-03 8.75675624e-04 -2.94288075e-03
-6.78086872e-01 5.38639190e-03 -1.73573681e-03 8.79651173e-04 -2.93739932e-03
-6.76931818e-01 5.38153613e-03 -1.73647253e-03 8.83642778e-04 -2.93192762e-03
-6.75775095e-01 5.37672106e-03 -1.73717438e-03 8.87651131e-04 -2.92646590e-03
-6.74616706e-01 5.37194731e-03 -1.73784309e-03 8.91676909e-04 -2.92101440e-03
-6.73456652e-01 5.36721548e-03 -1.73847942e-03 8.95720775e-04 -2.91557335e-03
-6.72294938e-01 5.36252617e-03 -1.73908412e-03 8.99783381e-04 -2.91014300e-03
-6.71131566e-01 5.35787998e-03 -1.73965793e-03 9.03865366e-04 -2.90472357e-03
-6.69966538e-01 5.35327748e-03 -1.74020158e-03 9.07967356e-04 -2.89931528e-03
-6.68799859e-01 5.34871925e-03 -1.74071582e-03 9.12089964e-04 -2.89391835e-03
-6.67631530e-01 5.34420584e-03 -1.74120137e-03 9.16233790e-04 -2.88853299e-03
-6.66461554e-01 5.33973781e-03 -1.74165895e-03 9.20399422e-04 -2.88315940e-03
-6.65289935e-01 5.33531568e-03 -1.74208929e-03 9.24587435e-04 -2.87779780e-03
-6.64116675e-01 5.33094000e-03 -1.74249310e-03 9.28798392e-04 -2.87244837e-03
-6.62941778e-01 5.32661126e-03 -1.74287110e-03 9.33032843e-04 -2.86711130e-03
-6.61765245e-01 5.32232999e-03 -1.74322397e-03 9.37291324e-04 -2.86178679e-03
-6.60587080e-01 5.31809668e-03 -1.74355244e-03 9.41574360e-04 -2.85647502e-03
-6.59407287e-01 5.31391181e-03 -1.74385718e-03 9.45882465e-04 -2.85117616e-03
-6.58225867e-01 5.30977586e-03 -1.74413889e-03 9.50216137e-04 -2.84589038e-03
-6.57042824e-01 5.30568929e-03 -1.74439826e-03 9.54575863e-04 -2.84061784e-03
-6.55858160e-01 5.30165256e-03 -1.74463595e-03 9.58962120e-04 -2.83535872e-03
-6.54671879e-01 5.29766610e-03 -1.74485264e-03 9.63375370e-04 -2.83011317e-03
-6.53483983e-01 5.29373036e-03 -1.74504901e-03 9.67816064e-04 -2.82488134e-03
-6.52294476e-01 5.28984574e-03 -1.74522570e-03 9.72284639e-04 -2.81966338e-03
-6.51103360e-01 5.28601267e-03 -1.74538337e-03 9.76781524e-04 -2.81445942e-03
-6.49910639e-01 5.28223154e-03 -1.74552268e-03 9.81307132e-04 -2.80926961e-03
-6.48716314e-01 5.27850274e-03 -1.74564425e-03 9.85861865e-04 -2.80409408e-03
-6.47520390e-01 5.27482665e-03 -1.74574874e-03 9.90446115e-04 -2.79893296e-03
-6.46322869e-01 5.27120364e-03 -1.74583676e-03 9.95060260e-04 -2.79378637e-03
-6.45123754e-01 5.26763407e-03 -1.74590894e-03 9.99704667e-04 -2.78865444e-03
-6.43923048e-01 5.26411828e-03 -1.74596590e-03 1.00437969e-03 -2.78353726e-03
-6.42720754e-01 5.26065662e-03 -1.74600824e-03 1.00908568e-03 -2.77843497e-03
-6.41516875e-01 5.25724940e-03 -1.74603657e-03 1.01382296e-03 -2.77334765e-03
-6.40311414e-01 5.25389694e-03 -1.74605149e-03 1.01859186e-03 -2.76827542e-03
-6.39104373e-01 5.25059956e-03 -1.74605359e-03 1.02339269e-03 -2.76321837e-03
-6.37895757e-01 5.24735753e-03 -1.74604344e-03 1.02822574e-03 -2.75817658e-03
-6.36685567e-01 5.24417116e-03 -1.74602163e-03 1.03309131e-03 -2.75315016e-03
-6.35473807e-01 5.24104071e-03 -1.74598872e-03 1.03798966e-03 -2.74813918e-03
-6.34260480e-01 5.23796645e-03 -1.74594528e-03 1.04292107e-03 -2.74314372e-03
-6.33045589e-01 5.23494863e-03 -1.74589186e-03 1.04788580e-03 -2.73816386e-03
-6.31829137e-01 5.23198751e-03 -1.74582901e-03 1.05288408e-03 -2.73319967e-03
-6.30611126e-01 5.22908330e-03 -1.74575727e-03 1.05791615e-03 -2.72825121e-03
-6.29391561e-01 5.22623624e-03 -1.74567717e-03 1.06298223e-03 -2.72331855e-03
-6.28170443e-01 5.22344654e-03 -1.74558925e-03 1.06808255e-03 -2.71840176e-03
-6.26947776e-01 5.22071440e-03 -1.74549402e-03 1.07321729e-03 -2.71350087e-03
-6.25723562e-01 5.21804003e-03 -1.74539199e-03 1.07838667e-03 -2.70861595e-03
-6.24497806e-01 5.21542360e-03 -1.74528367e-03 1.08359084e-03 -2.70374704e-03
-6.23270509e-01 5.21286530e-03 -1.74516956e-03 1.08883001e-03 -2.69889419e-03
-6.22041676e-01 5.21036528e-03 -1.74505014e-03 1.09410431e-03 -2.69405743e-03
-6.20811308e-01 5.20792371e-03 -1.74492591e-03 1.09941392e-03 -2.68923680e-03
-6.19579410e-01 5.20554074e-03 -1.74479733e-03 1.10475897e-03 -2.68443234e-03
-6.18345983e-01 5.20321650e-03 -1.74466488e-03 1.11013961e-03 -2.67964406e-03
-6.17111031e-01 5.20095112e-03 -1.74452902e-03 1.11555595e-03 -2.67487201e-03
-6.15874558e-01 5.19874472e-03 -1.74439020e-03 1.12100811e-03 -2.67011619e-03
-6.14636565e-01 5.19659742e-03 -1.74424886e-03 1.12649621e-03 -2.66537662e-03
-6.13397057e-01 5.19450932e-03 -1.74410546e-03 1.13202033e-03 -2.66065333e-03
-6.12156036e-01 5.19248050e-03 -1.74396041e-03 1.13758059e-03 -2.65594632e-03
-6.10913506e-01 5.19051107e-03 -1.74381414e-03 1.14317704e-03 -2.65125560e-03
-6.09669468e-01 5.18860108e-03 -1.74366707e-03 1.14880978e-03 -2.64658117e-03
-6.08423928e-01 5.18675062e-03 -1.74351962e-03 1.15447886e-03 -2.64192303e-03
-6.07176887e-01 5.18495975e-03 -1.74337217e-03 1.16018435e-03 -2.63728119e-03
-6.05928348e-01 5.18322850e-03 -1.74322513e-03 1.16592629e-03 -2.63265563e-03
-6.04678315e-01 5.18155694e-03 -1.74307889e-03 1.17170472e-03 -2.62804636e-03
-6.03426791e-01 5.17994509e-03 -1.74293382e-03 1.17751968e-03 -2.62345335e-03
-6.02173778e-01 5.17839298e-03 -1.74279029e-03 1.18337120e-03 -2.61887660e-03
-6.00919281e-01 5.17690064e-03 -1.74264868e-03 1.18925929e-03 -2.61431608e-03
-5.99663302e-01 5.17546807e-03 -1.74250934e-03 1.19518397e-03 -2.60977178e-03
-5.98405843e-01 5.17409529e-03 -1.74237262e-03 1.20114524e-03 -2.60524367e-03
-5.97146909e-01 5.17278228e-03 -1.74223887e-03 1.20714310e-03 -2.60073173e-03
-5.95886503e-01 5.17152904e-03 -1.74210842e-03 1.21317754e-03 -2.59623593e-03
-5.94624627e-01 5.17033556e-03 -1.74198160e-03 1.21924855e-03 -2.59175623e-03
-5.93361284e-01 5.16920181e-03 -1.74185873e-03 1.22535610e-03 -2.58729261e-03
-5.92096478e-01 5.16812777e-03 -1.74174013e-03 1.23150016e-03 -2.58284503e-03
-5.90830212e-01 5.16711338e-03 -1.74162610e-03 1.23768071e-03 -2.57841344e-03
-5.89562488e-01 5.16615862e-03 -1.74151695e-03 1.24389769e-03 -2.57399781e-03
-5.88293311e-01 5.16526342e-03 -1.74141297e-03 1.25015107e-03 -2.56959809e-03
-5.87022683e-01 5.16442775e-03 -1.74131445e-03 1.25644079e-03 -2.56521424e-03
-5.85750607e-01 5.16365152e-03 -1.74122166e-03 1.26276679e-03 -2.56084620e-03
-5.84477087e-01 5.16293468e-03 -1.74113488e-03 1.26912901e-03 -2.55649393e-03
-5.83202125e-01 5.16227714e-03 -1.74105437e-03 1.27552738e-03 -2.55215738e-03
-5.81925725e-01 5.16167884e-03 -1.74098040e-03 1.28196182e-03 -2.54783648e-03
-5.80647890e-01 5.16113968e-03 -1.74091321e-03 1.28843227e-03 -2.54353118e-03
-5.79368623e-01 5.16065957e-03 -1.74085305e-03 1.29493862e-03 -2.53924142e-03
-5.78087927e-01 5.16023841e-03 -1.74080016e-03 1.30148080e-03 -2.53496714e-03
-5.76805805e-01 5.15987611e-03 -1.74075478e-03 1.30805871e-03 -2.53070828e-03
-5.75522261e-01 5.15957255e-03 -1.74071711e-03 1.31467225e-03 -2.52646476e-03
-5.74237298e-01 5.15932762e-03 -1.74068739e-03 1.32132132e-03 -2.52223653e-03
-5.72950918e-01 5.15914122e-03 -1.74066583e-03 1.32800582e-03 -2.51802351e-03
-5.71663126e-01 5.15901320e-03 -1.74065263e-03 1.33472563e-03 -2.51382563e-03
-5.70373923e-01 5.15894346e-03 -1.74064799e-03 1.34148064e-03 -2.50964282e-03
-5.69083314e-01 5.15893185e-03 -1.74065210e-03 1.34827073e-03 -2.50547501e-03
-5.67791302e-01 5.15897824e-03 -1.74066515e-03 1.35509578e-03 -2.50132211e-03
-5.66497889e-01 5.15908249e-03 -1.74068733e-03 1.36195566e-03 -2.49718405e-03
-5.65203079e-01 5.15924447e-03 -1.74071880e-03 1.36885026e-03 -2.49306076e-03
-5.63906875e-01 5.15946402e-03 -1.74075973e-03 1.37577943e-03 -2.48895214e-03
-5.62609281e-01 5.15974099e-03 -1.74081028e-03 1.38274303e-03 -2.48485813e-03
-5.61310299e-01 5.16007522e-03 -1.74087062e-03 1.38974095e-03 -2.48077863e-03
-5.60009933e-01 5.16046657e-03 -1.74094089e-03 1.39677303e-03 -2.47671356e-03
-5.58708186e-01 5.16091487e-03 -1.74102123e-03 1.40383912e-03 -2.47266283e-03
-5.57405060e-01 5.16141994e-03 -1.74111178e-03 1.41093910e-03 -2.46862636e-03
-5.56100561e-01 5.16198164e-03 -1.74121268e-03 1.41807280e-03 -2.46460406e-03
-5.54794689e-01 5.16259978e-03 -1.74132405e-03 1.42524009e-03 -2.46059584e-03
-5.53487450e-01 5.16327419e-03 -1.74144601e-03 1.43244080e-03 -2.45660160e-03
-5.52178845e-01 5.16400470e-03 -1.74157868e-03 1.43967478e-03 -2.45262126e-03
-5.50868879e-01 5.16479113e-03 -1.74172217e-03 1.44694188e-03 -2.44865473e-03
-5.49557555e-01 5.16563330e-03 -1.74187658e-03 1.45424195e-03 -2.44470190e-03
-5.48244874e-01 5.16653102e-03 -1.74204202e-03 1.46157482e-03 -2.44076269e-03
-5.46930842e-01 5.16748411e-03 -1.74221857e-03 1.46894033e-03 -2.43683699e-03
-5.45615461e-01 5.16849238e-03 -1.74240632e-03 1.47633833e-03 -2.43292472e-03
-5.44298735e-01 5.16955565e-03 -1.74260536e-03 1.48376864e-03 -2.42902577e-03
-5.42980666e-01 5.17067372e-03 -1.74281577e-03 1.49123111e-03 -2.42514004e-03
-5.41661258e-01 5.17184640e-03 -1.74303762e-03 1.49872558e-03 -2.42126745e-03
-5.40340514e-01 5.17307350e-03 -1.74327098e-03 1.50625187e-03 -2.41740788e-03
-5.39018438e-01 5.17435482e-03 -1.74351591e-03 1.51380982e-03 -2.41356124e-03
-5.37695032e-01 5.17569017e-03 -1.74377248e-03 1.52139928e-03 -2.40972743e-03
-5.36370301e-01 5.17707934e-03 -1.74404073e-03 1.52902006e-03 -2.40590635e-03
-5.35044246e-01 5.17852215e-03 -1.74432071e-03 1.53667200e-03 -2.40209789e-03
-5.33716872e-01 5.18001839e-03 -1.74461248e-03 1.54435494e-03 -2.39830195e-03
-5.32388182e-01 5.18156786e-03 -1.74491607e-03 1.55206871e-03 -2.39451844e-03
-5.31058179e-01 5.18317036e-03 -1.74523151e-03 1.55981314e-03 -2.39074724e-03
-5.29726866e-01 5.18482569e-03 -1.74555885e-03 1.56758807e-03 -2.38698825e-03
-5.28394247e-01 5.18653365e-03 -1.74589810e-03 1.57539332e-03 -2.38324138e-03
-5.27060325e-01 5.18829404e-03 -1.74624929e-03 1.58322874e-03 -2.37950651e-03
-5.25725102e-01 5.19010666e-03 -1.74661244e-03 1.59109416e-03 -2.37578354e-03
-5.24388584e-01 5.19197130e-03 -1.74698756e-03 1.59898941e-03 -2.37207238e-03
-5.23050772e-01 5.19388776e-03 -1.74737467e-03 1.60691432e-03 -2.36837290e-03
-5.21711670e-01 5.19585584e-03 -1.74777377e-03 1.61486874e-03 -2.36468502e-03
-5.20371281e-01 5.19787535e-03 -1.74818487e-03 1.62285250e-03 -2.36100862e-03
-5.19029610e-01 5.19994607e-03 -1.74860796e-03 1.63086545e-03 -2.35734360e-03
-5.17686658e-01 5.20206782e-03 -1.74904304e-03 1.63890741e-03 -2.35368985e-03
-5.16342429e-01 5.20424038e-03 -1.74949011e-03 1.64697823e-03 -2.35004728e-03
-5.14996927e-01 5.20646357e-03 -1.74994915e-03 1.65507775e-03 -2.34641577e-03
-5.13650155e-01 5.20873719e-03 -1.75042015e-03 1.66320582e-03 -2.34279522e-03
-5.12302117e-01 5.21106103e-03 -1.75090309e-03 1.67136227e-03 -2.33918553e-03
-5.10952815e-01 5.21343490e-03 -1.75139795e-03 1.67954697e-03 -2.33558660e-03
-5.09602252e-01 5.21585861e-03 -1.75190470e-03 1.68775974e-03 -2.33199831e-03
-5.08250433e-01 5.21833196e-03 -1.75242332e-03 1.69600045e-03 -2.32842056e-03
-5.06897361e-01 5.22085477e-03 -1.75295377e-03 1.70426895e-03 -2.32485325e-03
-5.05543038e-01 5.22342683e-03 -1.75349603e-03 1.71256508e-03 -2.32129628e-03
-5.04187469e-01 5.22604797e-03 -1.75405004e-03 1.72088871e-03 -2.31774955e-03
-5.02830656e-01 5.22871799e-03 -1.75461579e-03 1.72923968e-03 -2.31421294e-03
-5.01472604e-01 5.23143671e-03 -1.75519321e-03 1.73761787e-03 -2.31068636e-03
-5.00113314e-01 5.23420395e-03 -1.75578227e-03 1.74602312e-03 -2.30716971e-03
-4.98752791e-01 5.23701952e-03 -1.75638292e-03 1.75445531e-03 -2.30366288e-03
-4.97391039e-01 5.23988323e-03 -1.75699511e-03 1.76291430e-03 -2.30016577e-03
-4.96028059e-01 5.24279493e-03 -1.75761878e-03 1.77139996e-03 -2.29667828e-03
-4.94663856e-01 5.24575441e-03 -1.75825388e-03 1.77991215e-03 -2.29320031e-03
-4.93298434e-01 5.24876153e-03 -1.75890036e-03 1.78845076e-03 -2.28973176e-03
-4.91931794e-01 5.25181609e-03 -1.75955814e-03 1.79701566e-03 -2.28627253e-03
-4.90563942e-01 5.25491794e-03 -1.76022717e-03 1.80560672e-03 -2.28282252e-03
-4.89194880e-01 5.25806690e-03 -1.76090738e-03 1.81422383e-03 -2.27938163e-03
-4.87824611e-01 5.26126281e-03 -1.76159871e-03 1.82286687e-03 -2.27594977e-03
-4.86453139e-01 5.26450550e-03 -1.76230109e-03 1.83153573e-03 -2.27252683e-03
-4.85080468e-01 5.26779483e-03 -1.76301444e-03 1.84023030e-03 -2.26911272e-03
-4.83706600e-01 5.27113063e-03 -1.76373869e-03 1.84895046e-03 -2.26570734e-03
-4.82331539e-01 5.27451274e-03 -1.76447377e-03 1.85769612e-03 -2.26231060e-03
-4.80955289e-01 5.27794102e-03 -1.76521961e-03 1.86646717e-03 -2.25892239e-03
-4.79577853e-01 5.28141532e-03 -1.76597611e-03 1.87526352e-03 -2.25554264e-03
-4.78199234e-01 5.28493549e-03 -1.76674320e-03 1.88408506e-03 -2.25217123e-03
-4.76819436e-01 5.28850138e-03 -1.76752081e-03 1.89293170e-03 -2.24880808e-03
-4.75438462e-01 5.29211286e-03 -1.76830884e-03 1.90180336e-03 -2.24545310e-03
-4.74056315e-01 5.29576980e-03 -1.76910721e-03 1.91069995e-03 -2.24210619e-03
-4.72672999e-01 5.29947205e-03 -1.76991584e-03 1.91962139e-03 -2.23876727e-03
-4.71288518e-01 5.30321949e-03 -1.77073463e-03 1.92856759e-03 -2.23543623e-03
-4.69902874e-01 5.30701199e-03 -1.77156350e-03 1.93753848e-03 -2.23211300e-03
-4.68516071e-01 5.31084942e-03 -1.77240235e-03 1.94653398e-03 -2.22879748e-03
-4.67128113e-01 5.31473167e-03 -1.77325111e-03 1.95555402e-03 -2.22548958e-03
-4.65739003e-01 5.31865861e-03 -1.77410966e-03 1.96459855e-03 -2.22218922e-03
-4.64348744e-01 5.32263013e-03 -1.77497792e-03 1.97366749e-03 -2.21889631e-03
-4.62957340e-01 5.32664613e-03 -1.77585579e-03 1.98276078e-03 -2.21561076e-03
-4.61564795e-01 5.33070648e-03 -1.77674318e-03 1.99187837e-03 -2.21233249e-03
-4.60171111e-01 5.33481109e-03 -1.77763998e-03 2.00102020e-03 -2.20906141e-03
-4.58776292e-01 5.33895986e-03 -1.77854611e-03 2.01018623e-03 -2.20579744e-03
-4.57380342e-01 5.34315269e-03 -1.77946146e-03 2.01937640e-03 -2.20254049e-03
-4.55983264e-01 5.34738948e-03 -1.78038593e-03 2.02859068e-03 -2.19929049e-03
-4.54585061e-01 5.35167015e-03 -1.78131942e-03 2.03782903e-03 -2.19604734e-03
-4.53185738e-01 5.35599461e-03 -1.78226183e-03 2.04709140e-03 -2.19281098e-03
-4.51785296e-01 5.36036277e-03 -1.78321305e-03 2.05637777e-03 -2.18958131e-03
-4.50383741e-01 5.36477455e-03 -1.78417299e-03 2.06568811e-03 -2.18635827e-03
-4.48981074e-01 5.36922988e-03 -1.78514155e-03 2.07502239e-03 -2.18314176e-03
-4.47577301e-01 5.37372869e-03 -1.78611860e-03 2.08438059e-03 -2.17993172e-03
-4.46172424e-01 5.37827090e-03 -1.78710406e-03 2.09376270e-03 -2.17672807e-03
-4.44766446e-01 5.38285645e-03 -1.78809782e-03 2.10316869e-03 -2.17353072e-03
-4.43359371e-01 5.38748528e-03 -1.78909977e-03 2.11259856e-03 -2.17033961e-03
-4.41951203e-01 5.39215733e-03 -1.79010981e-03 2.12205230e-03 -2.16715466e-03
-4.40541946e-01 5.39687255e-03 -1.79112782e-03 2.13152990e-03 -2.16397579e-03
-4.39131601e-01 5.40163088e-03 -1.79215371e-03 2.14103137e-03 -2.16080294e-03
-4.37720174e-01 5.40643228e-03 -1.79318737e-03 2.15055670e-03 -2.15763602e-03
-4.36307667e-01 5.41127670e-03 -1.79422868e-03 2.16010591e-03 -2.15447497e-03
-4.34894084e-01 5.41616411e-03 -1.79527755e-03 2.16967900e-03 -2.15131971e-03
-4.33479429e-01 5.42109446e-03 -1.79633387e-03 2.17927598e-03 -2.14817018e-03
-4.32063705e-01 5.42606773e-03 -1.79739752e-03 2.18889688e-03 -2.14502630e-03
-4.30646915e-01 5.43108389e-03 -1.79846840e-03 2.19854171e-03 -2.14188801e-03
-4.29229063e-01 5.43614290e-03 -1.79954641e-03 2.20821050e-03 -2.13875524e-03
-4.27810152e-01 5.44124475e-03 -1.80063143e-03 2.21790327e-03 -2.13562791e-03
-4.26390187e-01 5.44638943e-03 -1.80172336e-03 2.22762005e-03 -2.13250597e-03
-4.24969170e-01 5.45157691e-03 -1.80282209e-03 2.23736089e-03 -2.12938934e-03
-4.23547105e-01 5.45680718e-03 -1.80392751e-03 2.24712581e-03 -2.12627796e-03
-4.22123995e-01 5.46208025e-03 -1.80503952e-03 2.25691486e-03 -2.12317177e-03
-4.20699844e-01 5.46739609e-03 -1.80615801e-03 2.26672808e-03 -2.12007069e-03
-4.19274656e-01 5.47275473e-03 -1.80728287e-03 2.27656553e-03 -2.11697468e-03
-4.17848434e-01 5.47815614e-03 -1.80841399e-03 2.28642724e-03 -2.11388365e-03
-4.16421181e-01 5.48360036e-03 -1.80955126e-03 2.29631327e-03 -2.11079755e-03
-4.14992902e-01 5.48908737e-03 -1.81069459e-03 2.30622369e-03 -2.10771632e-03
-4.13563599e-01 5.49461721e-03 -1.81184387e-03 2.31615855e-03 -2.10463989e-03
-4.12133276e-01 5.50018988e-03 -1.81299898e-03 2.32611791e-03 -2.10156821e-03
-4.10701936e-01 5.50580540e-03 -1.81415982e-03 2.33610185e-03 -2.09850121e-03
-4.09269584e-01 5.51146381e-03 -1.81532630e-03 2.34611044e-03 -2.09543883e-03
-4.07836222e-01 5.51716513e-03 -1.81649829e-03 2.35614374e-03 -2.09238102e-03
-4.06401855e-01 5.52290938e-03 -1.81767571e-03 2.36620184e-03 -2.08932771e-03
-4.04966485e-01 5.52869661e-03 -1.81885843e-03 2.37628481e-03 -2.08627884e-03
-4.03530117e-01 5.53452685e-03 -1.82004637e-03 2.38639274e-03 -2.08323436e-03
-4.02092753e-01 5.54040015e-03 -1.82123941e-03 2.39652571e-03 -2.08019420e-03
-4.00654398e-01 5.54631654e-03 -1.82243746e-03 2.40668381e-03 -2.07715832e-03
-3.99215055e-01 5.55227607e-03 -1.82364041e-03 2.41686714e-03 -2.07412665e-03
-3.97774727e-01 5.55827880e-03 -1.82484816e-03 2.42707579e-03 -2.07109913e-03
-3.96333418e-01 5.56432478e-03 -1.82606060e-03 2.43730986e-03 -2.06807571e-03
-3.94891132e-01 5.57041407e-03 -1.82727764e-03 2.44756944e-03 -2.06505633e-03
-3.93447872e-01 5.57654672e-03 -1.82849918e-03 2.45785464e-03 -2.06204094e-03
-3.92003642e-01 5.58272280e-03 -1.82972512e-03 2.46816558e-03 -2.05902948e-03
-3.90558445e-01 5.58894238e-03 -1.83095535e-03 2.47850235e-03 -2.05602190e-03
-3.89112285e-01 5.59520552e-03 -1.83218978e-03 2.48886507e-03 -2.05301813e-03
-3.87665165e-01 5.60151230e-03 -1.83342832e-03 2.49925385e-03 -2.05001813e-03
-3.86217089e-01 5.60786279e-03 -1.83467085e-03 2.50966882e-03 -2.04702184e-03
-3.84768060e-01 5.61425708e-03 -1.83591730e-03 2.52011009e-03 -2.04402920e-03
-3.83318083e-01 5.62069523e-03 -1.83716755e-03 2.53057778e-03 -2.04104016e-03
-3.81867160e-01 5.62717735e-03 -1.83842152e-03 2.54107202e-03 -2.03805466e-03
-3.80415296e-01 5.63370350e-03 -1.83967911e-03 2.55159294e-03 -2.03507265e-03
-3.78962493e-01 5.64027379e-03 -1.84094022e-03 2.56214068e-03 -2.03209408e-03
-3.77508756e-01 5.64688831e-03 -1.84220477e-03 2.57271535e-03 -2.02911889e-03
-3.76054088e-01 5.65354714e-03 -1.84347265e-03 2.58331710e-03 -2.02614703e-03
-3.74598493e-01 5.66025039e-03 -1.84474379e-03 2.59394607e-03 -2.02317843e-03
-3.73141973e-01 5.66699816e-03 -1.84601808e-03 2.60460239e-03 -2.02021306e-03
-3.71684534e-01 5.67379056e-03 -1.84729543e-03 2.61528621e-03 -2.01725084e-03
-3.70226177e-01 5.68062767e-03 -1.84857576e-03 2.62599768e-03 -2.01429174e-03
-3.68766908e-01 5.68750963e-03 -1.84985897e-03 2.63673694e-03 -2.01133568e-03
-3.67306729e-01 5.69443653e-03 -1.85114498e-03 2.64750414e-03 -2.00838263e-03
-3.65845645e-01 5.70140848e-03 -1.85243370e-03 2.65829943e-03 -2.00543252e-03
-3.64383658e-01 5.70842561e-03 -1.85372505e-03 2.66912297e-03 -2.00248529e-03
-3.62920772e-01 5.71548803e-03 -1.85501893e-03 2.67997492e-03 -1.99954090e-03
-3.61456992e-01 5.72259587e-03 -1.85631526e-03 2.69085543e-03 -1.99659928e-03
-3.59992320e-01 5.72974923e-03 -1.85761396e-03 2.70176466e-03 -1.99366039e-03
-3.58526760e-01 5.73694826e-03 -1.85891493e-03 2.71270277e-03 -1.99072416e-03
-3.57060317e-01 5.74419307e-03 -1.86021811e-03 2.72366994e-03 -1.98779053e-03
-3.55592992e-01 5.75148379e-03 -1.86152341e-03 2.73466632e-03 -1.98485946e-03
-3.54124791e-01 5.75882056e-03 -1.86283074e-03 2.74569209e-03 -1.98193088e-03
-3.52655716e-01 5.76620350e-03 -1.86414002e-03 2.75674742e-03 -1.97900473e-03
-3.51185772e-01 5.77363276e-03 -1.86545118e-03 2.76783248e-03 -1.97608096e-03
-3.49714961e-01 5.78110847e-03 -1.86676413e-03 2.77894744e-03 -1.97315952e-03
-3.48243288e-01 5.78863077e-03 -1.86807880e-03 2.79009248e-03 -1.97024033e-03
-3.46770756e-01 5.79619980e-03 -1.86939510e-03 2.80126777e-03 -1.96732334e-03
-3.45297369e-01 5.80381571e-03 -1.87071297e-03 2.81247351e-03 -1.96440850e-03
-3.43823131e-01 5.81147863e-03 -1.87203233e-03 2.82370986e-03 -1.96149573e-03
-3.42348044e-01 5.81918873e-03 -1.87335309e-03 2.83497702e-03 -1.95858498e-03
-3.40872114e-01 5.82694613e-03 -1.87467520e-03 2.84627517e-03 -1.95567620e-03
-3.39395342e-01 5.83475101e-03 -1.87599856e-03 2.85760449e-03 -1.95276930e-03
-3.37917734e-01 5.84260350e-03 -1.87732312e-03 2.86896518e-03 -1.94986425e-03
-3.36439292e-01 5.85050376e-03 -1.87864879e-03 2.88035742e-03 -1.94696096e-03
-3.34960021e-01 5.85845195e-03 -1.87997551e-03 2.89178141e-03 -1.94405937e-03
-3.33479923e-01 5.86644823e-03 -1.88130321e-03 2.90323734e-03 -1.94115943e-03
-3.31999003e-01 5.87449275e-03 -1.88263182e-03 2.91472540e-03 -1.93826106e-03
-3.30517264e-01 5.88258568e-03 -1.88396126e-03 2.92624580e-03 -1.93536421e-03
-3.29034710e-01 5.89072717e-03 -1.88529148e-03 2.93779872e-03 -1.93246879e-03
-3.27551345e-01 5.89891739e-03 -1.88662240e-03 2.94938437e-03 -1.92957475e-03
-3.26067172e-01 5.90715651e-03 -1.88795396e-03 2.96100295e-03 -1.92668202e-03
-3.24582195e-01 5.91544469e-03 -1.88928610e-03 2.97265466e-03 -1.92379052e-03
-3.23096417e-01 5.92378210e-03 -1.89061874e-03 2.98433971e-03 -1.92090019e-03
-3.21609843e-01 5.93216892e-03 -1.89195183e-03 2.99605831e-03 -1.91801095e-03
-3.20122475e-01 5.94060530e-03 -1.89328530e-03 3.00781065e-03 -1.91512274e-03
-3.18634318e-01 5.94909143e-03 -1.89461909e-03 3.01959694e-03 -1.91223548e-03
-3.17145375e-01 5.95762747e-03 -1.89595314e-03 3.03141741e-03 -1.90934910e-03
-3.15655650e-01 5.96621361e-03 -1.89728739e-03 3.04327225e-03 -1.90646352e-03
-3.14165146e-01 5.97485001e-03 -1.89862178e-03 3.05516168e-03 -1.90357866e-03
-3.12673868e-01 5.98353686e-03 -1.89995625e-03 3.06708591e-03 -1.90069446e-03
-3.11181819e-01 5.99227434e-03 -1.90129074e-03 3.07904516e-03 -1.89781083e-03
-3.09689002e-01 6.00106261e-03 -1.90262520e-03 3.09103965e-03 -1.89492769e-03
-3.08195421e-01 6.00990188e-03 -1.90395957e-03 3.10306958e-03 -1.89204497e-03
-3.06701080e-01 6.01879231e-03 -1.90529380e-03 3.11513519e-03 -1.88916258e-03
-3.05205983e-01 6.02773410e-03 -1.90662783e-03 3.12723669e-03 -1.88628045e-03
-3.03710134e-01 6.03672742e-03 -1.90796160e-03 3.13937430e-03 -1.88339848e-03
-3.02213535e-01 6.04577247e-03 -1.90929508e-03 3.15154825e-03 -1.88051660e-03
-3.00716191e-01 6.05486943e-03 -1.91062819e-03 3.16375875e-03 -1.87763471e-03
-2.99218105e-01 6.06401848e-03 -1.91196090e-03 3.17600604e-03 -1.87475275e-03
-2.97719282e-01 6.07321983e-03 -1.91329315e-03 3.18829033e-03 -1.87187060e-03
-2.96219724e-01 6.08247365e-03 -1.91462489e-03 3.20061187e-03 -1.86898820e-03
-2.94719436e-01 6.09178014e-03 -1.91595607e-03 3.21297087e-03 -1.86610545e-03
-2.93218420e-01 6.10113950e-03 -1.91728666e-03 3.22536757e-03 -1.86322225e-03
-2.91716682e-01 6.11055191e-03 -1.91861659e-03 3.23780219e-03 -1.86033852e-03
-2.90214224e-01 6.12001757e-03 -1.91994583e-03 3.25027498e-03 -1.85745416e-03
-2.88711051e-01 6.12953668e-03 -1.92127433e-03 3.26278616e-03 -1.85456908e-03
-2.87207166e-01 6.13910944e-03 -1.92260204e-03 3.27533597e-03 -1.85168318e-03
-2.85702572e-01 6.14873603e-03 -1.92392892e-03 3.28792465e-03 -1.84879637e-03
-2.84197274e-01 6.15841667e-03 -1.92525494e-03 3.30055243e-03 -1.84590854e-03
-2.82691274e-01 6.16815155e-03 -1.92658004e-03 3.31321955e-03 -1.84301961e-03
-2.81184578e-01 6.17794087e-03 -1.92790419e-03 3.32592625e-03 -1.84012946e-03
-2.79677188e-01 6.18778483e-03 -1.92922735e-03 3.33867278e-03 -1.83723799e-03
-2.78169109e-01 6.19768365e-03 -1.93054948e-03 3.35145937e-03 -1.83434511e-03
-2.76660343e-01 6.20763751e-03 -1.93187054e-03 3.36428627e-03 -1.83145071e-03
-2.75150895e-01 6.21764663e-03 -1.93319049e-03 3.37715373e-03 -1.82855467e-03
-2.73640769e-01 6.22771122e-03 -1.93450930e-03 3.39006198e-03 -1.82565690e-03
-2.72129968e-01 6.23783147e-03 -1.93582693e-03 3.40301129e-03 -1.82275729e-03
-2.70618495e-01 6.24800761e-03 -1.93714334e-03 3.41600190e-03 -1.81985573e-03
-2.69106356e-01 6.25823983e-03 -1.93845852e-03 3.42903405e-03 -1.81695210e-03
-2.67593552e-01 6.26852835e-03 -1.93977241e-03 3.44210801e-03 -1.81404629e-03
-2.66080089e-01 6.27887338e-03 -1.94108499e-03 3.45522401e-03 -1.81113819e-03
-2.64565969e-01 6.28927514e-03 -1.94239623e-03 3.46838233e-03 -1.80822769e-03
-2.63051197e-01 6.29973384e-03 -1.94370610e-03 3.48158321e-03 -1.80531466e-03
-2.61535776e-01 6.31024968e-03 -1.94501456e-03 3.49482691e-03 -1.80239899e-03
-2.60019711e-01 6.32082290e-03 -1.94632160e-03 3.50811369e-03 -1.79948057e-03
-2.58503004e-01 6.33145370e-03 -1.94762718e-03 3.52144381e-03 -1.79655926e-03
-2.56985659e-01 6.34214231e-03 -1.94893127e-03 3.53481754e-03 -1.79363495e-03
-2.55467681e-01 6.35288894e-03 -1.95023386e-03 3.54823513e-03 -1.79070752e-03
-2.53949073e-01 6.36369381e-03 -1.95153492e-03 3.56169685e-03 -1.78777684e-03
-2.52429838e-01 6.37455715e-03 -1.95283442e-03 3.57520296e-03 -1.78484279e-03
-2.50909981e-01 6.38547918e-03 -1.95413233e-03 3.58875374e-03 -1.78190524e-03
-2.49389505e-01 6.39646013e-03 -1.95542865e-03 3.60234946e-03 -1.77896405e-03
-2.47868414e-01 6.40750021e-03 -1.95672334e-03 3.61599037e-03 -1.77601911e-03
-2.46346712e-01 6.41859967e-03 -1.95801640e-03 3.62967677e-03 -1.77307027e-03
-2.44824402e-01 6.42975872e-03 -1.95930779e-03 3.64340892e-03 -1.77011741e-03
-2.43301489e-01 6.44097759e-03 -1.96059750e-03 3.65718709e-03 -1.76716040e-03
-2.41777975e-01 6.45225652e-03 -1.96188551e-03 3.67101157e-03 -1.76419909e-03
-2.40253865e-01 6.46359574e-03 -1.96317182e-03 3.68488264e-03 -1.76123336e-03
-2.38729163e-01 6.47499548e-03 -1.96445639e-03 3.69880057e-03 -1.75826306e-03
-2.37203872e-01 6.48645598e-03 -1.96573923e-03 3.71276565e-03 -1.75528805e-03
-2.35677996e-01 6.49797748e-03 -1.96702030e-03 3.72677816e-03 -1.75230821e-03
-2.34151539e-01 6.50956021e-03 -1.96829962e-03 3.74083840e-03 -1.74932337e-03
-2.32624504e-01 6.52120441e-03 -1.96957715e-03 3.75494665e-03 -1.74633341e-03
-2.31096895e-01 6.53291033e-03 -1.97085290e-03 3.76910320e-03 -1.74333818e-03
-2.29568717e-01 6.54467821e-03 -1.97212685e-03 3.78330834e-03 -1.74033753e-03
-2.28039973e-01 6.55650829e-03 -1.97339899e-03 3.79756237e-03 -1.73733132e-03
-2.26510666e-01 6.56840082e-03 -1.97466932e-03 3.81186558e-03 -1.73431940e-03
-2.24980800e-01 6.58035604e-03 -1.97593783e-03 3.82621828e-03 -1.73130161e-03
-2.23450380e-01 6.59237422e-03 -1.97720452e-03 3.84062076e-03 -1.72827782e-03
-2.21919408e-01 6.60445559e-03 -1.97846938e-03 3.85507333e-03 -1.72524787e-03
-2.20387890e-01 6.61660041e-03 -1.97973241e-03 3.86957630e-03 -1.72221161e-03
-2.18855828e-01 6.62880895e-03 -1.98099361e-03 3.88412996e-03 -1.71916888e-03
-2.17323226e-01 6.64108145e-03 -1.98225297e-03 3.89873464e-03 -1.71611953e-03
-2.15790088e-01 6.65341817e-03 -1.98351050e-03 3.91339064e-03 -1.71306340e-03
-2.14256418e-01 6.66581937e-03 -1.98476620e-03 3.92809827e-03 -1.71000034e-03
-2.12722219e-01 6.67828533e-03 -1.98602006e-03 3.94285786e-03 -1.70693020e-03
-2.11187496e-01 6.69081630e-03 -1.98727210e-03 3.95766972e-03 -1.70385280e-03
-2.09652252e-01 6.70341255e-03 -1.98852232e-03 3.97253418e-03 -1.70076800e-03
-2.08116491e-01 6.71607435e-03 -1.98977072e-03 3.98745156e-03 -1.69767562e-03
-2.06580217e-01 6.72880197e-03 -1.99101731e-03 4.00242219e-03 -1.69457552e-03
-2.05043433e-01 6.74159569e-03 -1.99226210e-03 4.01744639e-03 -1.69146752e-03
-2.03506144e-01 6.75445579e-03 -1.99350509e-03 4.03252450e-03 -1.68835146e-03
-2.01968353e-01 6.76738253e-03 -1.99474630e-03 4.04765685e-03 -1.68522719e-03
-2.00430064e-01 6.78037620e-03 -1.99598574e-03 4.06284378e-03 -1.68209452e-03
-1.98891280e-01 6.79343709e-03 -1.99722341e-03 4.07808563e-03 -1.67895330e-03
-1.97352006e-01 6.80656548e-03 -1.99845934e-03 4.09338275e-03 -1.67580336e-03
-1.95812245e-01 6.81976166e-03 -1.99969353e-03 4.10873548e-03 -1.67264452e-03
-1.94272002e-01 6.83302592e-03 -2.00092601e-03 4.12414416e-03 -1.66947663e-03
-1.92731279e-01 6.84635855e-03 -2.00215678e-03 4.13960916e-03 -1.66629951e-03
-1.91190081e-01 6.85975985e-03 -2.00338588e-03 4.15513082e-03 -1.66311299e-03
-1.89648411e-01 6.87323012e-03 -2.00461330e-03 4.17070950e-03 -1.65991690e-03
-1.88106274e-01 6.88676966e-03 -2.00583909e-03 4.18634557e-03 -1.65671107e-03
-1.86563673e-01 6.90037877e-03 -2.00706325e-03 4.20203939e-03 -1.65349532e-03
-1.85020611e-01 6.91405777e-03 -2.00828581e-03 4.21779132e-03 -1.65026948e-03
-1.83477094e-01 6.92780695e-03 -2.00950679e-03 4.23360174e-03 -1.64703337e-03
-1.81933124e-01 6.94162664e-03 -2.01072623e-03 4.24947102e-03 -1.64378683e-03
-1.80388705e-01 6.95551716e-03 -2.01194413e-03 4.26539954e-03 -1.64052967e-03
-1.78843841e-01 6.96947881e-03 -2.01316054e-03 4.28138767e-03 -1.63726173e-03
-1.77298536e-01 6.98351192e-03 -2.01437548e-03 4.29743581e-03 -1.63398281e-03
-1.75752795e-01 6.99761682e-03 -2.01558897e-03 4.31354433e-03 -1.63069275e-03
-1.74206619e-01 7.01179384e-03 -2.01680106e-03 4.32971363e-03 -1.62739137e-03
-1.72660014e-01 7.02604330e-03 -2.01801176e-03 4.34594411e-03 -1.62407849e-03
-1.71112983e-01 7.04036555e-03 -2.01922113e-03 4.36223615e-03 -1.62075393e-03
-1.69565531e-01 7.05476092e-03 -2.02042918e-03 4.37859017e-03 -1.61741752e-03
-1.68017660e-01 7.06922975e-03 -2.02163596e-03 4.39500657e-03 -1.61406907e-03
-1.66469374e-01 7.08377240e-03 -2.02284149e-03 4.41148576e-03 -1.61070840e-03
-1.64920678e-01 7.09838920e-03 -2.02404583e-03 4.42802815e-03 -1.60733533e-03
-1.63371576e-01 7.11308051e-03 -2.02524901e-03 4.44463415e-03 -1.60394969e-03
-1.61822070e-01 7.12784669e-03 -2.02645107e-03 4.46130419e-03 -1.60055128e-03
-1.60272166e-01 7.14268810e-03 -2.02765205e-03 4.47803869e-03 -1.59713994e-03
-1.58721866e-01 7.15760510e-03 -2.02885199e-03 4.49483808e-03 -1.59371548e-03
-1.57171175e-01 7.17259806e-03 -2.03005094e-03 4.51170279e-03 -1.59027772e-03
-1.55620096e-01 7.18766735e-03 -2.03124895e-03 4.52863326e-03 -1.58682648e-03
-1.54068633e-01 7.20281334e-03 -2.03244605e-03 4.54562993e-03 -1.58336157e-03
-1.52516790e-01 7.21803642e-03 -2.03364231e-03 4.56269324e-03 -1.57988282e-03
-1.50964572e-01 7.23333697e-03 -2.03483776e-03 4.57982364e-03 -1.57639004e-03
-1.49411981e-01 7.24871537e-03 -2.03603246e-03 4.59702159e-03 -1.57288305e-03
-1.47859021e-01 7.26417202e-03 -2.03722645e-03 4.61428753e-03 -1.56936166e-03
-1.46305697e-01 7.27970731e-03 -2.03841980e-03 4.63162195e-03 -1.56582571e-03
-1.44752012e-01 7.29532164e-03 -2.03961256e-03 4.64902529e-03 -1.56227500e-03
-1.43197970e-01 7.31101542e-03 -2.04080478e-03 4.66649802e-03 -1.55870935e-03
-1.41643575e-01 7.32678905e-03 -2.04199651e-03 4.68404064e-03 -1.55512858e-03
-1.40088830e-01 7.34264295e-03 -2.04318782e-03 4.70165360e-03 -1.55153252e-03
-1.38533740e-01 7.35857754e-03 -2.04437877e-03 4.71933740e-03 -1.54792097e-03
-1.36978309e-01 7.37459323e-03 -2.04556940e-03 4.73709253e-03 -1.54429376e-03
-1.35422539e-01 7.39069045e-03 -2.04675980e-03 4.75491947e-03 -1.54065071e-03
-1.33866436e-01 7.40686964e-03 -2.04795001e-03 4.77281873e-03 -1.53699164e-03
-1.32310002e-01 7.42313122e-03 -2.04914011e-03 4.79079080e-03 -1.53331636e-03
-1.30753243e-01 7.43947565e-03 -2.05033015e-03 4.80883619e-03 -1.52962470e-03
-1.29196160e-01 7.45590336e-03 -2.05152021e-03 4.82695543e-03 -1.52591648e-03
-1.27638760e-01 7.47241480e-03 -2.05271035e-03 4.84514901e-03 -1.52219151e-03
-1.26081044e-01 7.48901043e-03 -2.05390064e-03 4.86341746e-03 -1.51844963e-03
-1.24523017e-01 7.50569070e-03 -2.05509114e-03 4.88176131e-03 -1.51469064e-03
-1.22964684e-01 7.52245609e-03 -2.05628194e-03 4.90018109e-03 -1.51091438e-03
-1.21406047e-01 7.53930706e-03 -2.05747311e-03 4.91867734e-03 -1.50712066e-03
-1.19847110e-01 7.55624408e-03 -2.05866470e-03 4.93725059e-03 -1.50330932e-03
-1.18287878e-01 7.57326764e-03 -2.05985681e-03 4.95590139e-03 -1.49948016e-03
-1.16728355e-01 7.59037821e-03 -2.06104951e-03 4.97463029e-03 -1.49563302e-03
-1.15168543e-01 7.60757629e-03 -2.06224287e-03 4.99343785e-03 -1.49176773e-03
-1.13608448e-01 7.62486238e-03 -2.06343698e-03 5.01232463e-03 -1.48788410e-03
-1.12048072e-01 7.64223697e-03 -2.06463190e-03 5.03129120e-03 -1.48398197e-03
-1.10487420e-01 7.65970056e-03 -2.06582773e-03 5.05033812e-03 -1.48006116e-03
-1.08926495e-01 7.67725368e-03 -2.06702454e-03 5.06946597e-03 -1.47612149e-03
-1.07365302e-01 7.69489683e-03 -2.06822242e-03 5.08867534e-03 -1.47216281e-03
-1.05803844e-01 7.71263053e-03 -2.06942145e-03 5.10796681e-03 -1.46818493e-03
-1.04242126e-01 7.73045532e-03 -2.07062171e-03 5.12734097e-03 -1.46418769e-03
-1.02680150e-01 7.74837172e-03 -2.07182329e-03 5.14679842e-03 -1.46017091e-03
-1.01117920e-01 7.76638027e-03 -2.07302628e-03 5.16633977e-03 -1.45613444e-03
-9.95554419e-02 7.78448152e-03 -2.07423077e-03 5.18596562e-03 -1.45207809e-03
-9.79927178e-02 7.80267602e-03 -2.07543685e-03 5.20567659e-03 -1.44800172e-03
-9.64297521e-02 7.82096432e-03 -2.07664460e-03 5.22547329e-03 -1.44390514e-03
-9.48665486e-02 7.83934698e-03 -2.07785412e-03 5.24535635e-03 -1.43978820e-03
-9.33031111e-02 7.85782456e-03 -2.07906550e-03 5.26532640e-03 -1.43565073e-03
-9.17394435e-02 7.87639764e-03 -2.08027883e-03 5.28538408e-03 -1.43149258e-03
-9.01755497e-02 7.89506680e-03 -2.08149421e-03 5.30553003e-03 -1.42731357e-03
-8.86114334e-02 7.91383262e-03 -2.08271174e-03 5.32576489e-03 -1.42311355e-03
-8.70470987e-02 7.93269569e-03 -2.08393150e-03 5.34608931e-03 -1.41889236e-03
-8.54825493e-02 7.95165660e-03 -2.08515361e-03 5.36650396e-03 -1.41464984e-03
-8.39177890e-02 7.97071597e-03 -2.08637815e-03 5.38700950e-03 -1.41038583e-03
-8.23528218e-02 7.98987438e-03 -2.08760522e-03 5.40760660e-03 -1.40610018e-03
-8.07876515e-02 8.00913246e-03 -2.08883493e-03 5.42829592e-03 -1.40179274e-03
-7.92222820e-02 8.02849083e-03 -2.09006738e-03 5.44907816e-03 -1.39746335e-03
-7.76567171e-02 8.04795011e-03 -2.09130267e-03 5.46995400e-03 -1.39311185e-03
-7.60909607e-02 8.06751093e-03 -2.09254090e-03 5.49092413e-03 -1.38873810e-03
-7.45250166e-02 8.08717393e-03 -2.09378218e-03 5.51198924e-03 -1.38434194e-03
-7.29588887e-02 8.10693976e-03 -2.09502661e-03 5.53315005e-03 -1.37992324e-03
-7.13925810e-02 8.12680906e-03 -2.09627430e-03 5.55440726e-03 -1.37548183e-03
-6.98260971e-02 8.14678249e-03 -2.09752535e-03 5.57576159e-03 -1.37101758e-03
-6.82594410e-02 8.16686072e-03 -2.09877987e-03 5.59721375e-03 -1.36653034e-03
-6.66926166e-02 8.18704441e-03 -2.10003798e-03 5.61876448e-03 -1.36201997e-03
-6.51256278e-02 8.20733423e-03 -2.10129977e-03 5.64041450e-03 -1.35748632e-03
-6.35584783e-02 8.22773088e-03 -2.10256535e-03 5.66216456e-03 -1.35292926e-03
-6.19911720e-02 8.24823503e-03 -2.10383485e-03 5.68401540e-03 -1.34834864e-03
-6.04237129e-02 8.26884738e-03 -2.10510837e-03 5.70596777e-03 -1.34374433e-03
-5.88561048e-02 8.28956864e-03 -2.10638601e-03 5.72802243e-03 -1.33911619e-03
-5.72883515e-02 8.31039950e-03 -2.10766791e-03 5.75018013e-03 -1.33446408e-03
-5.57204570e-02 8.33134068e-03 -2.10895415e-03 5.77244165e-03 -1.32978788e-03
-5.41524250e-02 8.35239290e-03 -2.11024487e-03 5.79480775e-03 -1.32508744e-03
-5.25842595e-02 8.37355689e-03 -2.11154018e-03 5.81727923e-03 -1.32036265e-03
-5.10159643e-02 8.39483338e-03 -2.11284018e-03 5.83985687e-03 -1.31561336e-03
-4.94475433e-02 8.41622311e-03 -2.11414501e-03 5.86254145e-03 -1.31083946e-03
-4.78790003e-02 8.43772683e-03 -2.11545476e-03 5.88533377e-03 -1.30604081e-03
-4.63103392e-02 8.45934528e-03 -2.11676957e-03 5.90823464e-03 -1.30121729e-03
-4.47415640e-02 8.48107923e-03 -2.11808954e-03 5.93124488e-03 -1.29636878e-03
-4.31726784e-02 8.50292944e-03 -2.11941479e-03 5.95436528e-03 -1.29149516e-03
-4.16036863e-02 8.52489669e-03 -2.12074545e-03 5.97759668e-03 -1.28659630e-03
-4.00345917e-02 8.54698175e-03 -2.12208163e-03 6.00093991e-03 -1.28167209e-03
-3.84653983e-02 8.56918540e-03 -2.12342346e-03 6.02439579e-03 -1.27672240e-03
-3.68961100e-02 8.59150845e-03 -2.12477104e-03 6.04796516e-03 -1.27174713e-03
-3.53267308e-02 8.61395169e-03 -2.12612451e-03 6.07164888e-03 -1.26674616e-03
-3.37572644e-02 8.63651592e-03 -2.12748397e-03 6.09544780e-03 -1.26171937e-03
-3.21877148e-02 8.65920196e-03 -2.12884956e-03 6.11936276e-03 -1.25666666e-03
-3.06180858e-02 8.68201063e-03 -2.13022140e-03 6.14339464e-03 -1.25158792e-03
-2.90483813e-02 8.70494274e-03 -2.13159960e-03 6.16754431e-03 -1.24648303e-03
-2.74786051e-02 8.72799914e-03 -2.13298428e-03 6.19181263e-03 -1.24135189e-03
-2.59087612e-02 8.75118066e-03 -2.13437558e-03 6.21620050e-03 -1.23619439e-03
-2.43388534e-02 8.77448815e-03 -2.13577361e-03 6.24070881e-03 -1.23101044e-03
-2.27688855e-02 8.79792246e-03 -2.13717849e-03 6.26533843e-03 -1.22579992e-03
-2.11988616e-02 8.82148445e-03 -2.13859035e-03 6.29009028e-03 -1.22056275e-03
-1.96287853e-02 8.84517499e-03 -2.14000931e-03 6.31496527e-03 -1.21529881e-03
-1.80586606e-02 8.86899494e-03 -2.14143549e-03 6.33996430e-03 -1.21000801e-03
-1.64884914e-02 8.89294519e-03 -2.14286902e-03 6.36508829e-03 -1.20469026e-03
-1.49182815e-02 8.91702662e-03 -2.14431002e-03 6.39033816e-03 -1.19934546e-03
-1.33480349e-02 8.94124014e-03 -2.14575861e-03 6.41571485e-03 -1.19397352e-03
-1.17777553e-02 8.96558663e-03 -2.14721492e-03 6.44121930e-03 -1.18857435e-03
-1.02074466e-02 8.99006700e-03 -2.14867907e-03 6.46685244e-03 -1.18314785e-03
-8.63711283e-03 9.01468217e-03 -2.15015118e-03 6.49261523e-03 -1.17769393e-03
-7.06675773e-03 9.03943306e-03 -2.15163138e-03 6.51850862e-03 -1.17221252e-03
-5.49638519e-03 9.06432059e-03 -2.15311980e-03 6.54453356e-03 -1.16670352e-03
-3.92599911e-03 9.08934571e-03 -2.15461654e-03 6.57069103e-03 -1.16116685e-03
-2.35560334e-03 9.11450934e-03 -2.15612175e-03 6.59698200e-03 -1.15560243e-03
-7.85201758e-04 9.13981244e-03 -2.15763553e-03 6.62340745e-03 -1.15001017e-03
7.85201758e-04 9.16525597e-03 -2.15915802e-03 6.64996837e-03 -1.14439000e-03
2.35560334e-03 9.19084088e-03 -2.16068934e-03 6.67666574e-03 -1.13874183e-03
3.92599911e-03 9.21656814e-03 -2.16222961e-03 6.70350056e-03 -1.13306559e-03
5.49638519e-03 9.24243872e-03 -2.16377895e-03 6.73047383e-03 -1.12736121e-03
7.06675773e-03 9.26845362e-03 -2.16533748e-03 6.75758657e-03 -1.12162860e-03
8.63711283e-03 9.29461382e-03 -2.16690534e-03 6.78483979e-03 -1.11586770e-03
1.02074466e-02 9.32092031e-03 -2.16848263e-03 6.81223451e-03 -1.11007843e-03
1.17777553e-02 9.34737410e-03 -2.17006949e-03 6.83977176e-03 -1.10426072e-03
1.33480349e-02 9.37397619e-03 -2.17166603e-03 6.86745257e-03 -1.09841450e-03
1.49182815e-02 9.40072761e-03 -2.17327237e-03 6.89527798e-03 -1.09253971e-03
1.64884914e-02 9.42762937e-03 -2.17488863e-03 6.92324904e-03 -1.08663627e-03
1.80586606e-02 9.45468251e-03 -2.17651494e-03 6.95136680e-03 -1.08070413e-03
1.96287853e-02 9.48188807e-03 -2.17815142e-03 6.97963232e-03 -1.07474321e-03
2.11988616e-02 9.50924708e-03 -2.17979818e-03 7.00804666e-03 -1.06875345e-03
2.27688855e-02 9.53676060e-03 -2.18145534e-03 7.03661089e-03 -1.06273480e-03
2.43388534e-02 9.56442968e-03 -2.18312303e-03 7.06532609e-03 -1.05668718e-03
2.59087612e-02 9.59225540e-03 -2.18480135e-03 7.09419334e-03 -1.05061055e-03
2.74786051e-02 9.62023882e-03 -2.18649043e-03 7.12321373e-03 -1.04450483e-03
2.90483813e-02 9.64838102e-03 -2.18819039e-03 7.15238835e-03 -1.03836997e-03
3.06180858e-02 9.67668309e-03 -2.18990134e-03 7.18171830e-03 -1.03220593e-03
3.21877148e-02 9.70514612e-03 -2.19162339e-03 7.21120470e-03 -1.02601263e-03
3.37572644e-02 9.73377120e-03 -2.19335667e-03 7.24084864e-03 -1.01979002e-03
3.53267308e-02 9.76255945e-03 -2.19510128e-03 7.27065127e-03 -1.01353806e-03
3.68961100e-02 9.79151198e-03 -2.19685735e-03 7.30061368e-03 -1.00725669e-03
3.84653983e-02 9.82062991e-03 -2.19862498e-03 7.33073703e-03 -1.00094585e-03
4.00345917e-02 9.84991436e-03 -2.20040429e-03 7.36102244e-03 -9.94605493e-04
4.16036863e-02 9.87936647e-03 -2.20219538e-03 7.39147106e-03 -9.88235574e-04
4.31726784e-02 9.90898738e-03 -2.20399838e-03 7.42208404e-03 -9.81836039e-04
4.47415640e-02 9.93877823e-03 -2.20581339e-03 7.45286254e-03 -9.75406840e-04
4.63103392e-02 9.96874019e-03 -2.20764052e-03 7.48380771e-03 -9.68947930e-04
4.78790003e-02 9.99887442e-03 -2.20947988e-03 7.51492073e-03 -9.62459261e-04
4.94475433e-02 1.00291821e-02 -2.21133158e-03 7.54620277e-03 -9.55940787e-04
5.10159643e-02 1.00596643e-02 -2.21319573e-03 7.57765501e-03 -9.49392462e-04
5.25842595e-02 1.00903224e-02 -2.21507243e-03 7.60927863e-03 -9.42814240e-04
5.41524250e-02 1.01211574e-02 -2.21696179e-03 7.64107484e-03 -9.36206079e-04
5.57204570e-02 1.01521707e-02 -2.21886392e-03 7.67304482e-03 -9.29567933e-04
5.72883515e-02 1.01833633e-02 -2.22077891e-03 7.70518979e-03 -9.22899759e-04
5.88561048e-02 1.02147365e-02 -2.22270687e-03 7.73751096e-03 -9.16201514e-04
6.04237129e-02 1.02462915e-02 -2.22464791e-03 7.77000955e-03 -9.09473158e-04
6.19911720e-02 1.02780295e-02 -2.22660213e-03 7.80268677e-03 -9.02714646e-04
6.35584783e-02 1.03099518e-02 -2.22856962e-03 7.83554386e-03 -8.95925939e-04
6.51256278e-02 1.03420596e-02 -2.23055048e-03 7.86858207e-03 -8.89106995e-04
6.66926166e-02 1.03743542e-02 -2.23254482e-03 7.90180262e-03 -8.82257774e-04
6.82594410e-02 1.04068368e-02 -2.23455273e-03 7.93520678e-03 -8.75378235e-04
6.98260971e-02 1.04395087e-02 -2.23657432e-03 7.96879579e-03 -8.68468340e-04
7.13925810e-02 1.04723710e-02 -2.23860966e-03 8.00257092e-03 -8.61528047e-04
7.29588887e-02 1.05054252e-02 -2.24065887e-03 8.03653345e-03 -8.54557318e-04
7.45250166e-02 1.05386725e-02 -2.24272203e-03 8.07068464e-03 -8.47556113e-04
7.60909607e-02 1.05721142e-02 -2.24479923e-03 8.10502578e-03 -8.40524395e-04
7.76567171e-02 1.06057516e-02 -2.24689057e-03 8.13955815e-03 -8.33462123e-04
7.92222820e-02 1.06395859e-02 -2.24899614e-03 8.17428306e-03 -8.26369259e-04
8.07876515e-02 1.06736185e-02 -2.25111602e-03 8.20920180e-03 -8.19245765e-04
8.23528218e-02 1.07078507e-02 -2.25325031e-03 8.24431568e-03 -8.12091602e-04
8.39177890e-02 1.07422839e-02 -2.25539909e-03 8.27962602e-03 -8.04906732e-04
8.54825493e-02 1.07769194e-02 -2.25756246e-03 8.31513413e-03 -7.97691116e-04
8.70470987e-02 1.08117584e-02 -2.25974048e-03 8.35084136e-03 -7.90444715e-04
8.86114334e-02 1.08468024e-02 -2.26193325e-03 8.38674903e-03 -7.83167492e-04
9.01755497e-02 1.08820527e-02 -2.26414085e-03 8.42285848e-03 -7.75859406e-04
9.17394435e-02 1.09175107e-02 -2.26636337e-03 8.45917107e-03 -7.68520420e-04
9.33031111e-02 1.09531778e-02 -2.26860087e-03 8.49568814e-03 -7.61150494e-04
9.48665486e-02 1.09890552e-02 -2.27085345e-03 8.53241107e-03 -7.53749588e-04
9.64297521e-02 1.10251445e-02 -2.27312118e-03 8.56934122e-03 -7.46317665e-04
9.79927178e-02 1.10614469e-02 -2.27540413e-03 8.60647997e-03 -7.38854682e-04
9.95554419e-02 1.10979640e-02 -2.27770239e-03 8.64382869e-03 -7.31360602e-04
1.01117920e-01 1.11346971e-02 -2.28001602e-03 8.68138879e-03 -7.23835382e-04
1.02680150e-01 1.11716475e-02 -2.28234511e-03 8.71916166e-03 -7.16278983e-04
1.04242126e-01 1.12088169e-02 -2.28468971e-03 8.75714870e-03 -7.08691363e-04
1.05803844e-01 1.12462065e-02 -2.28704991e-03 8.79535132e-03 -7.01072480e-04
1.07365302e-01 1.12838178e-02 -2.28942578e-03 8.83377095e-03 -6.93422293e-04
1.08926495e-01 1.13216522e-02 -2.29181737e-03 8.87240901e-03 -6.85740758e-04
1.10487420e-01 1.13597113e-02 -2.29422477e-03 8.91126693e-03 -6.78027833e-04
1.12048072e-01 1.13979965e-02 -2.29664803e-03 8.95034615e-03 -6.70283475e-04
1.13608448e-01 1.14365091e-02 -2.29908722e-03 8.98964813e-03 -6.62507638e-04
1.15168543e-01 1.14752508e-02 -2.30154241e-03 9.02917432e-03 -6.54700278e-04
1.16728355e-01 1.15142230e-02 -2.30401365e-03 9.06892617e-03 -6.46861349e-04
1.18287878e-01 1.15534272e-02 -2.30650102e-03 9.10890517e-03 -6.38990806e-04
1.19847110e-01 1.15928649e-02 -2.30900456e-03 9.14911280e-03 -6.31088601e-04
1.21406047e-01 1.16325377e-02 -2.31152433e-03 9.18955052e-03 -6.23154687e-04
1.22964684e-01 1.16724469e-02 -2.31406040e-03 9.23021985e-03 -6.15189015e-04
1.24523017e-01 1.17125942e-02 -2.31661283e-03 9.27112228e-03 -6.07191537e-04
1.26081044e-01 1.17529810e-02 -2.31918166e-03 9.31225932e-03 -5.99162202e-04
1.27638760e-01 1.17936090e-02 -2.32176694e-03 9.35363249e-03 -5.91100959e-04
1.29196160e-01 1.18344797e-02 -2.32436874e-03 9.39524332e-03 -5.83007758e-04
1.30753243e-01 1.18755946e-02 -2.32698711e-03 9.43709333e-03 -5.74882545e-04
1.32310002e-01 1.19169553e-02 -2.32962209e-03 9.47918407e-03 -5.66725267e-04
1.33866436e-01 1.19585634e-02 -2.33227373e-03 9.52151709e-03 -5.58535869e-04
1.35422539e-01 1.20004204e-02 -2.33494208e-03 9.56409395e-03 -5.50314297e-04
1.36978309e-01 1.20425281e-02 -2.33762719e-03 9.60691621e-03 -5.42060494e-04
1.38533740e-01 1.20848878e-02 -2.34032911e-03 9.64998545e-03 -5.33774402e-04
1.40088830e-01 1.21275014e-02 -2.34304786e-03 9.69330324e-03 -5.25455964e-04
1.41643575e-01 1.21703703e-02 -2.34578351e-03 9.73687119e-03 -5.17105119e-04
1.43197970e-01 1.22134962e-02 -2.34853609e-03 9.78069090e-03 -5.08721808e-04
1.44752012e-01 1.22568808e-02 -2.35130564e-03 9.82476396e-03 -5.00305968e-04
1.46305697e-01 1.23005257e-02 -2.35409220e-03 9.86909200e-03 -4.91857538e-04
1.47859021e-01 1.23444326e-02 -2.35689581e-03 9.91367665e-03 -4.83376452e-04
1.49411981e-01 1.23886030e-02 -2.35971650e-03 9.95851953e-03 -4.74862647e-04
1.50964572e-01 1.24330388e-02 -2.36255431e-03 1.00036223e-02 -4.66316055e-04
1.52516790e-01 1.24777415e-02 -2.36540927e-03 1.00489866e-02 -4.57736611e-04
1.54068633e-01 1.25227129e-02 -2.36828143e-03 1.00946141e-02 -4.49124244e-04
1.55620096e-01 1.25679547e-02 -2.37117080e-03 1.01405065e-02 -4.40478886e-04
1.57171175e-01 1.26134686e-02 -2.37407742e-03 1.01866654e-02 -4.31800464e-04
1.58721866e-01 1.26592562e-02 -2.37700132e-03 1.02330926e-02 -4.23088908e-04
1.60272166e-01 1.27053194e-02 -2.37994253e-03 1.02797897e-02 -4.14344143e-04
1.61822070e-01 1.27516599e-02 -2.38290107e-03 1.03267585e-02 -4.05566095e-04
1.63371576e-01 1.27982794e-02 -2.38587697e-03 1.03740006e-02 -3.96754687e-04
1.64920678e-01 1.28451796e-02 -2.38887026e-03 1.04215179e-02 -3.87909842e-04
1.66469374e-01 1.28923624e-02 -2.39188095e-03 1.04693120e-02 -3.79031481e-04
1.68017660e-01 1.29398296e-02 -2.39490908e-03 1.05173846e-02 -3.70119524e-04
1.69565531e-01 1.29875828e-02 -2.39795465e-03 1.05657376e-02 -3.61173890e-04
1.71112983e-01 1.30356240e-02 -2.40101770e-03 1.06143728e-02 -3.52194495e-04
1.72660014e-01 1.30839549e-02 -2.40409823e-03 1.06632918e-02 -3.43181256e-04
1.74206619e-01 1.31325773e-02 -2.40719628e-03 1.07124965e-02 -3.34134087e-04
1.75752795e-01 1.31814932e-02 -2.41031185e-03 1.07619886e-02 -3.25052901e-04
1.77298536e-01 1.32307042e-02 -2.41344495e-03 1.08117701e-02 -3.15937609e-04
1.78843841e-01 1.32802123e-02 -2.41659561e-03 1.08618427e-02 -3.06788123e-04
1.80388705e-01 1.33300194e-02 -2.41976384e-03 1.09122082e-02 -2.97604351e-04
1.81933124e-01 1.33801272e-02 -2.42294964e-03 1.09628685e-02 -2.88386200e-04
1.83477094e-01 1.34305378e-02 -2.42615303e-03 1.10138254e-02 -2.79133576e-04
1.85020611e-01 1.34812529e-02 -2.42937402e-03 1.10650809e-02 -2.69846384e-04
1.86563673e-01 1.35322745e-02 -2.43261262e-03 1.11166367e-02 -2.60524528e-04
1.88106274e-01 1.35836046e-02 -2.43586883e-03 1.11684948e-02 -2.51167908e-04
1.89648411e-01 1.36352449e-02 -2.43914266e-03 1.12206570e-02 -2.41776426e-04
1.91190081e-01 1.36871976e-02 -2.44243411e-03 1.12731253e-02 -2.32349981e-04
1.92731279e-01 1.37394645e-02 -2.44574319e-03 1.13259016e-02 -2.22888469e-04
1.94272002e-01 1.37920475e-02 -2.44906990e-03 1.13789878e-02 -2.13391788e-04
1.95812245e-01 1.38449488e-02 -2.45241425e-03 1.14323859e-02 -2.03859831e-04
1.97352006e-01 1.38981701e-02 -2.45577622e-03 1.14860977e-02 -1.94292491e-04
1.98891280e-01 1.39517137e-02 -2.45915583e-03 1.15401254e-02 -1.84689662e-04
2.00430064e-01 1.40055814e-02 -2.46255307e-03 1.15944708e-02 -1.75051233e-04
2.01968353e-01 1.40597752e-02 -2.46596793e-03 1.16491360e-02 -1.65377093e-04
2.03506144e-01 1.41142973e-02 -2.46940042e-03 1.17041229e-02 -1.55667129e-04
2.05043433e-01 1.41691497e-02 -2.47285052e-03 1.17594336e-02 -1.45921228e-04
2.06580217e-01 1.42243344e-02 -2.47631823e-03 1.18150701e-02 -1.36139275e-04
2.08116491e-01 1.42798534e-02 -2.47980355e-03 1.18710345e-02 -1.26321153e-04
2.09652252e-01 1.43357089e-02 -2.48330646e-03 1.19273287e-02 -1.16466744e-04
2.11187496e-01 1.43919031e-02 -2.48682695e-03 1.19839549e-02 -1.06575928e-04
2.12722219e-01 1.44484378e-02 -2.49036501e-03 1.20409151e-02 -9.66485852e-05
2.14256418e-01 1.45053154e-02 -2.49392064e-03 1.20982114e-02 -8.66845927e-05
2.15790088e-01 1.45625379e-02 -2.49749381e-03 1.21558460e-02 -7.66838270e-05
2.17323226e-01 1.46201075e-02 -2.50108451e-03 1.22138209e-02 -6.66461635e-05
2.18855828e-01 1.46780264e-02 -2.50469273e-03 1.22721384e-02 -5.65714756e-05
2.20387890e-01 1.47362966e-02 -2.50831845e-03 1.23308004e-02 -4.64596360e-05
2.21919408e-01 1.47949205e-02 -2.51196165e-03 1.23898092e-02 -3.63105157e-05
2.23450380e-01 1.48539001e-02 -2.51562231e-03 1.24491670e-02 -2.61239844e-05
2.24980800e-01 1.49132378e-02 -2.51930042e-03 1.25088759e-02 -1.58999105e-05
2.26510666e-01 1.49729357e-02 -2.52299594e-03 1.25689381e-02 -5.63816129e-06
2.28039973e-01 1.50329962e-02 -2.52670886e-03 1.26293559e-02 4.66139746e-06
2.29568717e-01 1.50934213e-02 -2.53043914e-03 1.26901315e-02 1.49989012e-05
2.31096895e-01 1.51542135e-02 -2.53418678e-03 1.27512671e-02 2.53744865e-05
2.32624504e-01 1.52153750e-02 -2.53795173e-03 1.28127650e-02 3.57882914e-05
2.34151539e-01 1.52769080e-02 -2.54173398e-03 1.28746274e-02 4.62404551e-05
2.35677996e-01 1.53388150e-02 -2.54553349e-03 1.29368567e-02 5.67311179e-05
2.37203872e-01 1.54010982e-02 -2.54935023e-03 1.29994551e-02 6.72604215e-05
2.38729163e-01 1.54637600e-02 -2.55318417e-03 1.30624249e-02 7.78285088e-05
2.40253865e-01 1.55268027e-02 -2.55703527e-03 1.31257685e-02 8.84355237e-05
2.41777975e-01 1.55902287e-02 -2.56090351e-03 1.31894882e-02 9.90816114e-05
2.43301489e-01 1.56540404e-02 -2.56478884e-03 1.32535864e-02 1.09766918e-04
2.44824402e-01 1.57182402e-02 -2.56869123e-03 1.33180655e-02 1.20491592e-04
2.46346712e-01 1.57828305e-02 -2.57261064e-03 1.33829277e-02 1.31255781e-04
2.47868414e-01 1.58478138e-02 -2.57654703e-03 1.34481756e-02 1.42059636e-04
2.49389505e-01 1.59131924e-02 -2.58050035e-03 1.35138116e-02 1.52903306e-04
2.50909981e-01 1.59789689e-02 -2.58447058e-03 1.35798381e-02 1.63786945e-04
2.52429838e-01 1.60451457e-02 -2.58845765e-03 1.36462575e-02 1.74710705e-04
2.53949073e-01 1.61117253e-02 -2.59246152e-03 1.37130723e-02 1.85674740e-04
2.55467681e-01 1.61787102e-02 -2.59648215e-03 1.37802851e-02 1.96679207e-04
2.56985659e-01 1.62461030e-02 -2.60051949e-03 1.38478982e-02 2.07724260e-04
2.58503004e-01 1.63139061e-02 -2.60457349e-03 1.39159142e-02 2.18810057e-04
2.60019711e-01 1.63821222e-02 -2.60864409e-03 1.39843357e-02 2.29936757e-04
2.61535776e-01 1.64507539e-02 -2.61273125e-03 1.40531652e-02 2.41104519e-04
2.63051197e-01 1.65198036e-02 -2.61683489e-03 1.41224052e-02 2.52313504e-04
2.64565969e-01 1.65892741e-02 -2.62095498e-03 1.41920583e-02 2.63563873e-04
2.66080089e-01 1.66591678e-02 -2.62509145e-03 1.42621272e-02 2.74855787e-04
2.67593552e-01 1.67294876e-02 -2.62924424e-03 1.43326144e-02 2.86189412e-04
2.69106356e-01 1.68002360e-02 -2.63341328e-03 1.44035226e-02 2.97564910e-04
2.70618495e-01 1.68714157e-02 -2.63759852e-03 1.44748545e-02 3.08982448e-04
2.72129968e-01 1.69430294e-02 -2.64179988e-03 1.45466126e-02 3.20442191e-04
2.73640769e-01 1.70150798e-02 -2.64601731e-03 1.46187997e-02 3.31944307e-04
2.75150895e-01 1.70875696e-02 -2.65025072e-03 1.46914184e-02 3.43488963e-04
2.76660343e-01 1.71605016e-02 -2.65450006e-03 1.47644716e-02 3.55076330e-04
2.78169109e-01 1.72338785e-02 -2.65876524e-03 1.48379618e-02 3.66706576e-04
2.79677188e-01 1.73077031e-02 -2.66304618e-03 1.49118920e-02 3.78379872e-04
2.81184578e-01 1.73819782e-02 -2.66734282e-03 1.49862647e-02 3.90096392e-04
2.82691274e-01 1.74567066e-02 -2.67165508e-03 1.50610829e-02 4.01856306e-04
2.84197274e-01 1.75318911e-02 -2.67598286e-03 1.51363493e-02 4.13659790e-04
2.85702572e-01 1.76075346e-02 -2.68032610e-03 1.52120668e-02 4.25507016e-04
2.87207166e-01 1.76836400e-02 -2.68468469e-03 1.52882382e-02 4.37398162e-04
2.88711051e-01 1.77602101e-02 -2.68905856e-03 1.53648663e-02 4.49333403e-04
2.90214224e-01 1.78372478e-02 -2.69344761e-03 1.54419541e-02 4.61312916e-04
2.91716682e-01 1.79147561e-02 -2.69785175e-03 1.55195044e-02 4.73336880e-04
2.93218420e-01 1.79927378e-02 -2.70227088e-03 1.55975201e-02 4.85405474e-04
2.94719436e-01 1.80711961e-02 -2.70670492e-03 1.56760042e-02 4.97518878e-04
2.96219724e-01 1.81501337e-02 -2.71115375e-03 1.57549597e-02 5.09677273e-04
2.97719282e-01 1.82295537e-02 -2.71561727e-03 1.58343894e-02 5.21880841e-04
2.99218105e-01 1.83094592e-02 -2.72009539e-03 1.59142964e-02 5.34129764e-04
3.00716191e-01 1.83898532e-02 -2.72458799e-03 1.59946837e-02 5.46424227e-04
3.02213535e-01 1.84707386e-02 -2.72909496e-03 1.60755543e-02 5.58764414e-04
3.03710134e-01 1.85521187e-02 -2.73361620e-03 1.61569113e-02 5.71150511e-04
3.05205983e-01 1.86339964e-02 -2.73815157e-03 1.62387577e-02 5.83582705e-04
3.06701080e-01 1.87163749e-02 -2.74270098e-03 1.63210966e-02 5.96061184e-04
3.08195421e-01 1.87992573e-02 -2.74726428e-03 1.64039311e-02 6.08586136e-04
3.09689002e-01 1.88826468e-02 -2.75184137e-03 1.64872643e-02 6.21157752e-04
3.11181819e-01 1.89665465e-02 -2.75643211e-03 1.65710995e-02 6.33776222e-04
3.12673868e-01 1.90509596e-02 -2.76103638e-03 1.66554396e-02 6.46441739e-04
3.14165146e-01 1.91358894e-02 -2.76565404e-03 1.67402880e-02 6.59154495e-04
3.15655650e-01 1.92213390e-02 -2.77028495e-03 1.68256478e-02 6.71914685e-04
3.17145375e-01 1.93073117e-02 -2.77492897e-03 1.69115223e-02 6.84722505e-04
3.18634318e-01 1.93938108e-02 -2.77958597e-03 1.69979146e-02 6.97578152e-04
3.20122475e-01 1.94808395e-02 -2.78425580e-03 1.70848281e-02 7.10481822e-04
3.21609843e-01 1.95684012e-02 -2.78893830e-03 1.71722660e-02 7.23433717e-04
3.23096417e-01 1.96564992e-02 -2.79363333e-03 1.72602316e-02 7.36434035e-04
3.24582195e-01 1.97451369e-02 -2.79834073e-03 1.73487282e-02 7.49482979e-04
3.26067172e-01 1.98343175e-02 -2.80306033e-03 1.74377593e-02 7.62580753e-04
3.27551345e-01 1.99240446e-02 -2.80779199e-03 1.75273281e-02 7.75727561e-04
3.29034710e-01 2.00143215e-02 -2.81253552e-03 1.76174380e-02 7.88923609e-04
3.30517264e-01 2.01051516e-02 -2.81729076e-03 1.77080925e-02 8.02169105e-04
3.31999003e-01 2.01965385e-02 -2.82205754e-03 1.77992949e-02 8.15464259e-04
3.33479923e-01 2.02884855e-02 -2.82683568e-03 1.78910487e-02 8.28809281e-04
3.34960021e-01 2.03809962e-02 -2.83162499e-03 1.79833574e-02 8.42204384e-04
3.36439292e-01 2.04740742e-02 -2.83642529e-03 1.80762245e-02 8.55649782e-04
3.37917734e-01 2.05677228e-02 -2.84123639e-03 1.81696534e-02 8.69145692e-04
3.39395342e-01 2.06619458e-02 -2.84605810e-03 1.82636477e-02 8.82692331e-04
3.40872114e-01 2.07567466e-02 -2.85089022e-03 1.83582110e-02 8.96289920e-04
3.42348044e-01 2.08521290e-02 -2.85573254e-03 1.84533467e-02 9.09938681e-04
3.43823131e-01 2.09480964e-02 -2.86058486e-03 1.85490586e-02 9.23638836e-04
3.45297369e-01 2.10446526e-02 -2.86544697e-03 1.86453502e-02 9.37390613e-04
3.46770756e-01 2.11418013e-02 -2.87031866e-03 1.87422251e-02 9.51194240e-04
3.48243288e-01 2.12395461e-02 -2.87519970e-03 1.88396871e-02 9.65049948e-04
3.49714961e-01 2.13378907e-02 -2.88008988e-03 1.89377398e-02 9.78957968e-04
3.51185772e-01 2.14368389e-02 -2.88498895e-03 1.90363868e-02 9.92918538e-04
3.52655716e-01 2.15363945e-02 -2.88989670e-03 1.91356320e-02 1.00693189e-03
3.54124791e-01 2.16365612e-02 -2.89481287e-03 1.92354790e-02 1.02099828e-03
3.55592992e-01 2.17373428e-02 -2.89973724e-03 1.93359317e-02 1.03511793e-03
3.57060317e-01 2.18387432e-02 -2.90466955e-03 1.94369938e-02 1.04929110e-03
3.58526760e-01 2.19407662e-02 -2.90960954e-03 1.95386691e-02 1.06351803e-03
3.59992320e-01 2.20434158e-02 -2.91455697e-03 1.96409615e-02 1.07779899e-03
3.61456992e-01 2.21466957e-02 -2.91951157e-03 1.97438748e-02 1.09213421e-03
3.62920772e-01 2.22506099e-02 -2.92447308e-03 1.98474130e-02 1.10652397e-03
3.64383658e-01 2.23551624e-02 -2.92944121e-03 1.99515798e-02 1.12096851e-03
3.65845645e-01 2.24603572e-02 -2.93441570e-03 2.00563793e-02 1.13546812e-03
3.67306729e-01 2.25661982e-02 -2.93939625e-03 2.01618153e-02 1.15002304e-03
3.68766908e-01 2.26726894e-02 -2.94438259e-03 2.02678919e-02 1.16463357e-03
3.70226177e-01 2.27798349e-02 -2.94937442e-03 2.03746131e-02 1.17929997e-03
3.71684534e-01 2.28876388e-02 -2.95437144e-03 2.04819829e-02 1.19402252e-03
3.73141973e-01 2.29961051e-02 -2.95937334e-03 2.05900052e-02 1.20880151e-03
3.74598493e-01 2.31052380e-02 -2.96437982e-03 2.06986842e-02 1.22363722e-03
3.76054088e-01 2.32150416e-02 -2.96939056e-03 2.08080240e-02 1.23852995e-03
3.77508756e-01 2.33255201e-02 -2.97440524e-03 2.09180287e-02 1.25347999e-03
3.78962493e-01 2.34366776e-02 -2.97942353e-03 2.10287025e-02 1.26848765e-03
3.80415296e-01 2.35485184e-02 -2.98444510e-03 2.11400494e-02 1.28355322e-03
3.81867160e-01 2.36610467e-02 -2.98946962e-03 2.12520736e-02 1.29867703e-03
3.83318083e-01 2.37742668e-02 -2.99449673e-03 2.13647795e-02 1.31385939e-03
3.84768060e-01 2.38881830e-02 -2.99952608e-03 2.14781712e-02 1.32910061e-03
3.86217089e-01 2.40027996e-02 -3.00455733e-03 2.15922529e-02 1.34440102e-03
3.87665165e-01 2.41181209e-02 -3.00959011e-03 2.17070291e-02 1.35976096e-03
3.89112285e-01 2.42341513e-02 -3.01462405e-03 2.18225039e-02 1.37518077e-03
3.90558445e-01 2.43508952e-02 -3.01965877e-03 2.19386817e-02 1.39066078e-03
3.92003642e-01 2.44683571e-02 -3.02469390e-03 2.20555669e-02 1.40620134e-03
3.93447872e-01 2.45865413e-02 -3.02972906e-03 2.21731639e-02 1.42180281e-03
3.94891132e-01 2.47054524e-02 -3.03476383e-03 2.22914771e-02 1.43746556e-03
3.96333418e-01 2.48250948e-02 -3.03979784e-03 2.24105109e-02 1.45318994e-03
3.97774727e-01 2.49454732e-02 -3.04483067e-03 2.25302697e-02 1.46897634e-03
3.99215055e-01 2.50665920e-02 -3.04986190e-03 2.26507582e-02 1.48482513e-03
4.00654398e-01 2.51884558e-02 -3.05489114e-03 2.27719808e-02 1.50073670e-03
4.02092753e-01 2.53110692e-02 -3.05991793e-03 2.28939420e-02 1.51671145e-03
4.03530117e-01 2.54344370e-02 -3.06494187e-03 2.30166464e-02 1.53274978e-03
4.04966485e-01 2.55585638e-02 -3.06996250e-03 2.31400987e-02 1.54885211e-03
4.06401855e-01 2.56834542e-02 -3.07497939e-03 2.32643035e-02 1.56501884e-03
4.07836222e-01 2.58091130e-02 -3.07999209e-03 2.33892653e-02 1.58125041e-03
4.09269584e-01 2.59355449e-02 -3.08500013e-03 2.35149890e-02 1.59754726e-03
4.10701936e-01 2.60627549e-02 -3.09000306e-03 2.36414792e-02 1.61390981e-03
4.12133276e-01 2.61907476e-02 -3.09500040e-03 2.37687407e-02 1.63033854e-03
4.13563599e-01 2.63195279e-02 -3.09999167e-03 2.38967782e-02 1.64683389e-03
4.14992902e-01 2.64491007e-02 -3.10497640e-03 2.40255965e-02 1.66339633e-03
4.16421181e-01 2.65794709e-02 -3.10995410e-03 2.41552005e-02 1.68002635e-03
4.17848434e-01 2.67106434e-02 -3.11492425e-03 2.42855951e-02 1.69672444e-03
4.19274656e-01 2.68426233e-02 -3.11988637e-03 2.44167850e-02 1.71349108e-03
4.20699844e-01 2.69754156e-02 -3.12483995e-03 2.45487753e-02 1.73032680e-03
4.22123995e-01 2.71090251e-02 -3.12978445e-03 2.46815710e-02 1.74723210e-03
4.23547105e-01 2.72434572e-02 -3.13471937e-03 2.48151769e-02 1.76420752e-03
4.24969170e-01 2.73787167e-02 -3.13964417e-03 2.49495981e-02 1.78125360e-03
4.26390187e-01 2.75148090e-02 -3.14455832e-03 2.50848397e-02 1.79837088e-03
4.27810152e-01 2.76517390e-02 -3.14946126e-03 2.52209067e-02 1.81555993e-03
4.29229063e-01 2.77895122e-02 -3.15435245e-03 2.53578043e-02 1.83282132e-03
4.30646915e-01 2.79281336e-02 -3.15923134e-03 2.54955376e-02 1.85015564e-03
4.32063705e-01 2.80676085e-02 -3.16409735e-03 2.56341117e-02 1.86756347e-03
4.33479429e-01 2.82079424e-02 -3.16894993e-03 2.57735320e-02 1.88504544e-03
4.34894084e-01 2.83491404e-02 -3.17378848e-03 2.59138036e-02 1.90260216e-03
4.36307667e-01 2.84912080e-02 -3.17861243e-03 2.60549318e-02 1.92023426e-03
4.37720174e-01 2.86341507e-02 -3.18342119e-03 2.61969220e-02 1.93794239e-03
4.39131601e-01 2.87779737e-02 -3.18821416e-03 2.63397795e-02 1.95572721e-03
4.40541946e-01 2.89226828e-02 -3.19299073e-03 2.64835097e-02 1.97358940e-03
4.41951203e-01 2.90682833e-02 -3.19775030e-03 2.66281181e-02 1.99152964e-03
4.43359371e-01 2.92147808e-02 -3.20249226e-03 2.67736100e-02 2.00954863e-03
4.44766446e-01 2.93621810e-02 -3.20721597e-03 2.69199910e-02 2.02764708e-03
4.46172424e-01 2.95104894e-02 -3.21192081e-03 2.70672667e-02 2.04582573e-03
4.47577301e-01 2.96597119e-02 -3.21660614e-03 2.72154427e-02 2.06408532e-03
4.48981074e-01 2.98098540e-02 -3.22127133e-03 2.73645244e-02 2.08242662e-03
4.50383741e-01 2.99609216e-02 -3.22591572e-03 2.75145177e-02 2.10085038e-03
4.51785296e-01 3.01129204e-02 -3.23053866e-03 2.76654282e-02 2.11935742e-03
4.53185738e-01 3.02658564e-02 -3.23513949e-03 2.78172617e-02 2.13794852e-03
4.54585061e-01 3.04197354e-02 -3.23971755e-03 2.79700239e-02 2.15662452e-03
4.55983264e-01 3.05745633e-02 -3.24427216e-03 2.81237207e-02 2.17538625e-03
4.57380342e-01 3.07303461e-02 -3.24880264e-03 2.82783579e-02 2.19423457e-03
4.58776292e-01 3.08870899e-02 -3.25330831e-03 2.84339415e-02 2.21317035e-03
4.60171111e-01 3.10448008e-02 -3.25778848e-03 2.85904774e-02 2.23219448e-03
4.61564795e-01 3.12034847e-02 -3.26224246e-03 2.87479717e-02 2.25130787e-03
4.62957340e-01 3.13631480e-02 -3.26666954e-03 2.89064303e-02 2.27051145e-03
4.64348744e-01 3.15237968e-02 -3.27106902e-03 2.90658594e-02 2.28980616e-03
4.65739003e-01 3.16854373e-02 -3.27544019e-03 2.92262652e-02 2.30919295e-03
4.67128113e-01 3.18480760e-02 -3.27978232e-03 2.93876537e-02 2.32867282e-03
4.68516071e-01 3.20117191e-02 -3.28409471e-03 2.95500314e-02 2.34824676e-03
4.69902874e-01 3.21763730e-02 -3.28837661e-03 2.97134044e-02 2.36791579e-03
4.71288518e-01 3.23420442e-02 -3.29262730e-03 2.98777791e-02 2.38768095e-03
4.72672999e-01 3.25087393e-02 -3.29684604e-03 3.00431619e-02 2.40754330e-03
4.74056315e-01 3.26764647e-02 -3.30103210e-03 3.02095592e-02 2.42750391e-03
4.75438462e-01 3.28452271e-02 -3.30518471e-03 3.03769776e-02 2.44756389e-03
4.76819436e-01 3.30150333e-02 -3.30930314e-03 3.05454236e-02 2.46772436e-03
4.78199234e-01 3.31858898e-02 -3.31338662e-03 3.07149039e-02 2.48798646e-03
4.79577853e-01 3.33578035e-02 -3.31743440e-03 3.08854250e-02 2.50835135e-03
4.80955289e-01 3.35307813e-02 -3.32144571e-03 3.10569938e-02 2.52882021e-03
4.82331539e-01 3.37048300e-02 -3.32541979e-03 3.12296169e-02 2.54939426e-03
4.83706600e-01 3.38799566e-02 -3.32935586e-03 3.14033013e-02 2.57007471e-03
4.85080468e-01 3.40561682e-02 -3.33325316e-03 3.15780539e-02 2.59086283e-03
4.86453139e-01 3.42334718e-02 -3.33711089e-03 3.17538816e-02 2.61175987e-03
4.87824611e-01 3.44118745e-02 -3.34092828e-03 3.19307914e-02 2.63276715e-03
4.89194880e-01 3.45913836e-02 -3.34470454e-03 3.21087904e-02 2.65388598e-03
4.90563942e-01 3.47720064e-02 -3.34843889e-03 3.22878859e-02 2.67511771e-03
4.91931794e-01 3.49537501e-02 -3.35213053e-03 3.24680849e-02 2.69646369e-03
4.93298434e-01 3.51366222e-02 -3.35577868e-03 3.26493948e-02 2.71792533e-03
4.94663856e-01 3.53206303e-02 -3.35938252e-03 3.28318230e-02 2.73950403e-03
4.96028059e-01 3.55057817e-02 -3.36294128e-03 3.30153769e-02 2.76120124e-03
4.97391039e-01 3.56920842e-02 -3.36645413e-03 3.32000640e-02 2.78301843e-03
4.98752791e-01 3.58795454e-02 -3.36992029e-03 3.33858918e-02 2.80495708e-03
5.00113314e-01 3.60681731e-02 -3.37333895e-03 3.35728680e-02 2.82701871e-03
5.01472604e-01 3.62579751e-02 -3.37670930e-03 3.37610004e-02 2.84920487e-03
5.02830656e-01 3.64489593e-02 -3.38003054e-03 3.39502966e-02 2.87151711e-03
5.04187469e-01 3.66411338e-02 -3.38330185e-03 3.41407646e-02 2.89395704e-03
5.05543038e-01 3.68345066e-02 -3.38652243e-03 3.43324123e-02 2.91652627e-03
5.06897361e-01 3.70290858e-02 -3.38969146e-03 3.45252478e-02 2.93922646e-03
5.08250433e-01 3.72248797e-02 -3.39280815e-03 3.47192792e-02 2.96205927e-03
5.09602252e-01 3.74218965e-02 -3.39587167e-03 3.49145146e-02 2.98502640e-03
5.10952815e-01 3.76201448e-02 -3.39888121e-03 3.51109624e-02 3.00812960e-03
5.12302117e-01 3.78196328e-02 -3.40183597e-03 3.53086308e-02 3.03137060e-03
5.13650155e-01 3.80203693e-02 -3.40473513e-03 3.55075284e-02 3.05475120e-03
5.14996927e-01 3.82223629e-02 -3.40757789e-03 3.57076638e-02 3.07827321e-03
5.16342429e-01 3.84256223e-02 -3.41036343e-03 3.59090454e-02 3.10193846e-03
5.17686658e-01 3.86301563e-02 -3.41309096e-03 3.61116821e-02 3.12574883e-03
5.19029610e-01 3.88359739e-02 -3.41575965e-03 3.63155827e-02 3.14970622e-03
5.20371281e-01 3.90430842e-02 -3.41836872e-03 3.65207561e-02 3.17381255e-03
5.21711670e-01 3.92514961e-02 -3.42091735e-03 3.67272113e-02 3.19806978e-03
5.23050772e-01 3.94612190e-02 -3.42340474e-03 3.69349575e-02 3.22247988e-03
5.24388584e-01 3.96722622e-02 -3.42583011e-03 3.71440037e-02 3.24704489e-03
5.25725102e-01 3.98846351e-02 -3.42819265e-03 3.73543595e-02 3.27176683e-03
5.27060325e-01 4.00983471e-02 -3.43049157e-03 3.75660341e-02 3.29664779e-03
5.28394247e-01 4.03134081e-02 -3.43272608e-03 3.77790371e-02 3.32168987e-03
5.29726866e-01 4.05298276e-02 -3.43489540e-03 3.79933782e-02 3.34689520e-03
5.31058179e-01 4.07476155e-02 -3.43699874e-03 3.82090671e-02 3.37226594e-03
5.32388182e-01 4.09667818e-02 -3.43903534e-03 3.84261136e-02 3.39780429e-03
5.33716872e-01 4.11873366e-02 -3.44100441e-03 3.86445278e-02 3.42351248e-03
5.35044246e-01 4.14092900e-02 -3.44290519e-03 3.88643197e-02 3.44939277e-03
5.36370301e-01 4.16326524e-02 -3.44473691e-03 3.90854996e-02 3.47544742e-03
5.37695032e-01 4.18574341e-02 -3.44649883e-03 3.93080777e-02 3.50167878e-03
5.39018438e-01 4.20836457e-02 -3.44819017e-03 3.95320646e-02 3.52808918e-03
5.40340514e-01 4.23112978e-02 -3.44981021e-03 3.97574707e-02 3.55468100e-03
5.41661258e-01 4.25404014e-02 -3.45135820e-03 3.99843069e-02 3.58145666e-03
5.42980666e-01 4.27709672e-02 -3.45283340e-03 4.02125840e-02 3.60841859e-03
5.44298735e-01 4.30030063e-02 -3.45423509e-03 4.04423128e-02 3.63556927e-03
5.45615461e-01 4.32365298e-02 -3.45556256e-03 4.06735046e-02 3.66291121e-03
5.46930842e-01 4.34715492e-02 -3.45681508e-03 4.09061706e-02 3.69044694e-03
5.48244874e-01 4.37080759e-02 -3.45799195e-03 4.11403221e-02 3.71817903e-03
5.49557555e-01 4.39461213e-02 -3.45909249e-03 4.13759707e-02 3.74611007e-03
5.50868879e-01 4.41856973e-02 -3.46011600e-03 4.16131280e-02 3.77424271e-03
5.52178845e-01 4.44268157e-02 -3.46106180e-03 4.18518058e-02 3.80257960e-03
5.53487450e-01 4.46694886e-02 -3.46192922e-03 4.20920161e-02 3.83112343e-03
5.54794689e-01 4.49137281e-02 -3.46271761e-03 4.23337711e-02 3.85987694e-03
5.56100561e-01 4.51595464e-02 -3.46342632e-03 4.25770828e-02 3.88884287e-03
5.57405060e-01 4.54069561e-02 -3.46405469e-03 4.28219639e-02 3.91802403e-03
5.58708186e-01 4.56559698e-02 -3.46460212e-03 4.30684267e-02 3.94742322e-03
5.60009933e-01 4.59066003e-02 -3.46506797e-03 4.33164842e-02 3.97704330e-03
5.61310299e-01 4.61588604e-02 -3.46545164e-03 4.35661491e-02 4.00688716e-03
5.62609281e-01 4.64127633e-02 -3.46575253e-03 4.38174346e-02 4.03695771e-03
5.63906875e-01 4.66683223e-02 -3.46597007e-03 4.40703538e-02 4.06725790e-03
5.65203079e-01 4.69255508e-02 -3.46610367e-03 4.43249203e-02 4.09779069e-03
5.66497889e-01 4.71844623e-02 -3.46615278e-03 4.45811474e-02 4.12855911e-03
5.67791302e-01 4.74450707e-02 -3.46611686e-03 4.48390491e-02 4.15956619e-03
5.69083314e-01 4.77073899e-02 -3.46599537e-03 4.50986393e-02 4.19081500e-03
5.70373923e-01 4.79714341e-02 -3.46578778e-03 4.53599320e-02 4.22230864e-03
5.71663126e-01 4.82372174e-02 -3.46549361e-03 4.56229415e-02 4.25405025e-03
5.72950918e-01 4.85047546e-02 -3.46511235e-03 4.58876825e-02 4.28604298e-03
5.74237298e-01 4.87740601e-02 -3.46464353e-03 4.61541695e-02 4.31829003e-03
5.75522261e-01 4.90451490e-02 -3.46408669e-03 4.64224174e-02 4.35079463e-03
5.76805805e-01 4.93180362e-02 -3.46344138e-03 4.66924413e-02 4.38356001e-03
5.78087927e-01 4.95927371e-02 -3.46270718e-03 4.69642566e-02 4.41658947e-03
5.79368623e-01 4.98692670e-02 -3.46188367e-03 4.72378786e-02 4.44988632e-03
5.80647890e-01 5.01476417e-02 -3.46097045e-03 4.75133230e-02 4.48345390e-03
5.81925725e-01 5.04278770e-02 -3.45996714e-03 4.77906058e-02 4.51729557e-03
5.83202125e-01 5.07099890e-02 -3.45887338e-03 4.80697431e-02 4.55141474e-03
5.84477087e-01 5.09939940e-02 -3.45768883e-03 4.83507511e-02 4.58581483e-03
5.85750607e-01 5.12799084e-02 -3.45641315e-03 4.86336465e-02 4.62049930e-03
5.87022683e-01 5.15677491e-02 -3.45504604e-03 4.89184460e-02 4.65547163e-03
5.88293311e-01 5.18575328e-02 -3.45358720e-03 4.92051667e-02 4.69073534e-03
5.89562488e-01 5.21492769e-02 -3.45203637e-03 4.94938256e-02 4.72629395e-03
5.90830212e-01 5.24429987e-02 -3.45039329e-03 4.97844403e-02 4.76215103e-03
5.92096478e-01 5.27387158e-02 -3.44865773e-03 5.00770285e-02 4.79831017e-03
5.93361284e-01 5.30364460e-02 -3.44682947e-03 5.03716081e-02 4.83477500e-03
5.94624627e-01 5.33362075e-02 -3.44490833e-03 5.06681973e-02 4.87154915e-03
5.95886503e-01 5.36380185e-02 -3.44289413e-03 5.09668145e-02 4.90863629e-03
5.97146909e-01 5.39418977e-02 -3.44078673e-03 5.12674783e-02 4.94604011e-03
5.98405843e-01 5.42478639e-02 -3.43858598e-03 5.15702078e-02 4.98376434e-03
5.99663302e-01 5.45559361e-02 -3.43629179e-03 5.18750220e-02 5.02181270e-03
6.00919281e-01 5.48661337e-02 -3.43390406e-03 5.21819404e-02 5.06018898e-03
6.02173778e-01 5.51784762e-02 -3.43142275e-03 5.24909827e-02 5.09889694e-03
6.03426791e-01 5.54929835e-02 -3.42884779e-03 5.28021688e-02 5.13794041e-03
6.04678315e-01 5.58096757e-02 -3.42617919e-03 5.31155191e-02 5.17732322e-03
6.05928348e-01 5.61285731e-02 -3.42341693e-03 5.34310540e-02 5.21704922e-03
6.07176887e-01 5.64496965e-02 -3.42056106e-03 5.37487943e-02 5.25712229e-03
6.08423928e-01 5.67730666e-02 -3.41761163e-03 5.40687611e-02 5.29754632e-03
6.09669468e-01 5.70987048e-02 -3.41456871e-03 5.43909757e-02 5.33832522e-03
6.10913506e-01 5.74266324e-02 -3.41143241e-03 5.47154597e-02 5.37946293e-03
6.12156036e-01 5.77568713e-02 -3.40820285e-03 5.50422352e-02 5.42096341e-03
6.13397057e-01 5.80894435e-02 -3.40488018e-03 5.53713243e-02 5.46283062e-03
6.14636565e-01 5.84243714e-02 -3.40146460e-03 5.57027495e-02 5.50506855e-03
6.15874558e-01 5.87616775e-02 -3.39795629e-03 5.60365338e-02 5.54768121e-03
6.17111031e-01 5.91013849e-02 -3.39435549e-03 5.63727002e-02 5.59067262e-03
6.18345983e-01 5.94435167e-02 -3.39066245e-03 5.67112722e-02 5.63404681e-03
6.19579410e-01 5.97880965e-02 -3.38687747e-03 5.70522735e-02 5.67780784e-03
6.20811308e-01 6.01351482e-02 -3.38300084e-03 5.73957283e-02 5.72195977e-03
6.22041676e-01 6.04846959e-02 -3.37903291e-03 5.77416609e-02 5.76650667e-03
6.23270509e-01 6.08367642e-02 -3.37497404e-03 5.80900960e-02 5.81145265e-03
6.24497806e-01 6.11913778e-02 -3.37082462e-03 5.84410588e-02 5.85680180e-03
6.25723562e-01 6.15485619e-02 -3.36658508e-03 5.87945746e-02 5.90255823e-03
6.26947776e-01 6.19083420e-02 -3.36225586e-03 5.91506691e-02 5.94872607e-03
6.28170443e-01 6.22707438e-02 -3.35783743e-03 5.95093685e-02 5.99530945e-03
6.29391561e-01 6.26357935e-02 -3.35333032e-03 5.98706991e-02 6.04231251e-03
6.30611126e-01 6.30035177e-02 -3.34873504e-03 6.02346877e-02 6.08973940e-03
6.31829137e-01 6.33739430e-02 -3.34405217e-03 6.06013614e-02 6.13759427e-03
6.33045589e-01 6.37470967e-02 -3.33928229e-03 6.09707476e-02 6.18588129e-03
6.34260480e-01 6.41230064e-02 -3.33442604e-03 6.13428744e-02 6.23460462e-03
6.35473807e-01 6.45016998e-02 -3.32948406e-03 6.17177697e-02 6.28376843e-03
6.36685567e-01 6.48832052e-02 -3.32445703e-03 6.20954622e-02 6.33337690e-03
6.37895757e-01 6.52675513e-02 -3.31934567e-03 6.24759808e-02 6.38343419e-03
6.39104373e-01 6.56547671e-02 -3.31415073e-03 6.28593549e-02 6.43394448e-03
6.40311414e-01 6.60448817e-02 -3.30887297e-03 6.32456141e-02 6.48491196e-03
6.41516875e-01 6.64379251e-02 -3.30351320e-03 6.36347885e-02 6.53634080e-03
6.42720754e-01 6.68339272e-02 -3.29807225e-03 6.40269086e-02 6.58823516e-03
6.43923048e-01 6.72329186e-02 -3.29255099e-03 6.44220051e-02 6.64059922e-03
6.45123754e-01 6.76349301e-02 -3.28695033e-03 6.48201095e-02 6.69343715e-03
6.46322869e-01 6.80399930e-02 -3.28127118e-03 6.52212533e-02 6.74675311e-03
6.47520390e-01 6.84481390e-02 -3.27551450e-03 6.56254685e-02 6.80055126e-03
6.48716314e-01 6.88594000e-02 -3.26968130e-03 6.60327877e-02 6.85483573e-03
6.49910639e-01 6.92738086e-02 -3.26377258e-03 6.64432436e-02 6.90961068e-03
6.51103360e-01 6.96913976e-02 -3.25778941e-03 6.68568697e-02 6.96488023e-03
6.52294476e-01 7.01122002e-02 -3.25173288e-03 6.72736995e-02 7.02064851e-03
6.53483983e-01 7.05362502e-02 -3.24560409e-03 6.76937672e-02 7.07691962e-03
6.54671879e-01 7.09635817e-02 -3.23940420e-03 6.81171073e-02 7.13369766e-03
6.55858160e-01 7.13942291e-02 -3.23313440e-03 6.85437549e-02 7.19098671e-03
6.57042824e-01 7.18282274e-02 -3.22679590e-03 6.89737452e-02 7.24879083e-03
6.58225867e-01 7.22656120e-02 -3.22038994e-03 6.94071143e-02 7.30711408e-03
6.59407287e-01 7.27064186e-02 -3.21391780e-03 6.98438983e-02 7.36596049e-03
6.60587080e-01 7.31506836e-02 -3.20738079e-03 7.02841340e-02 7.42533407e-03
6.61765245e-01 7.35984435e-02 -3.20078026e-03 7.07278585e-02 7.48523881e-03
6.62941778e-01 7.40497356e-02 -3.19411758e-03 7.11751095e-02 7.54567869e-03
6.64116675e-01 7.45045973e-02 -3.18739415e-03 7.16259251e-02 7.60665765e-03
6.65289935e-01 7.49630667e-02 -3.18061142e-03 7.20803438e-02 7.66817962e-03
6.66461554e-01 7.54251822e-02 -3.17377086e-03 7.25384046e-02 7.73024850e-03
6.67631530e-01 7.58909828e-02 -3.16687397e-03 7.30001469e-02 7.79286817e-03
6.68799859e-01 7.63605078e-02 -3.15992229e-03 7.34656108e-02 7.85604245e-03
6.69966538e-01 7.68337971e-02 -3.15291738e-03 7.39348366e-02 7.91977518e-03
6.71131566e-01 7.73108911e-02 -3.14586084e-03 7.44078652e-02 7.98407013e-03
6.72294938e-01 7.77918304e-02 -3.13875430e-03 7.48847380e-02 8.04893106e-03
6.73456652e-01 7.82766564e-02 -3.13159943e-03 7.53654967e-02 8.11436168e-03
6.74616706e-01 7.87654107e-02 -3.12439792e-03 7.58501838e-02 8.18036568e-03
6.75775095e-01 7.92581356e-02 -3.11715149e-03 7.63388421e-02 8.24694671e-03
6.76931818e-01 7.97548739e-02 -3.10986190e-03 7.68315148e-02 8.31410838e-03
6.78086872e-01 8.02556685e-02 -3.10253094e-03 7.73282457e-02 8.38185425e-03
6.79240254e-01 8.07605634e-02 -3.09516043e-03 7.78290793e-02 8.45018785e-03
6.80391960e-01 8.12696025e-02 -3.08775222e-03 7.83340602e-02 8.51911268e-03
6.81541988e-01 8.17828306e-02 -3.08030818e-03 7.88432338e-02 8.58863218e-03
6.82690336e-01 8.23002929e-02 -3.07283023e-03 7.93566459e-02 8.65874974e-03
6.83837000e-01 8.28220349e-02 -3.06532030e-03 7.98743429e-02 8.72946871e-03
6.84981977e-01 8.33481030e-02 -3.05778038e-03 8.03963715e-02 8.80079241e-03
6.86125265e-01 8.38785436e-02 -3.05021246e-03 8.09227791e-02 8.87272409e-03
6.87266861e-01 8.44134041e-02 -3.04261857e-03 8.14536137e-02 8.94526694e-03
6.88406763e-01 8.49527321e-02 -3.03500077e-03 8.19889235e-02 9.01842413e-03
6.89544966e-01 8.54965758e-02 -3.02736114e-03 8.25287575e-02 9.09219874e-03
6.90681469e-01 8.60449840e-02 -3.01970182e-03 8.30731652e-02 9.16659382e-03
6.91816268e-01 8.65980059e-02 -3.01202493e-03 8.36221966e-02 9.24161234e-03
6.92949362e-01 8.71556913e-02 -3.00433266e-03 8.41759021e-02 9.31725725e-03
6.94080746e-01 8.77180905e-02 -2.99662722e-03 8.47343327e-02 9.39353139e-03
6.95210419e-01 8.82852544e-02 -2.98891081e-03 8.52975401e-02 9.47043758e-03
6.96338377e-01 8.88572343e-02 -2.98118572e-03 8.58655764e-02 9.54797855e-03
6.97464618e-01 8.94340820e-02 -2.97345421e-03 8.64384942e-02 9.62615697e-03
6.98589139e-01 9.00158501e-02 -2.96571860e-03 8.70163468e-02 9.70497545e-03
6.99711937e-01 9.06025915e-02 -2.95798122e-03 8.75991878e-02 9.78443653e-03
7.00833010e-01 9.11943596e-02 -2.95024444e-03 8.81870715e-02 9.86454269e-03
7.01952354e-01 9.17912087e-02 -2.94251064e-03 8.87800529e-02 9.94529630e-03
7.03069967e-01 9.23931931e-02 -2.93478224e-03 8.93781872e-02 1.00266997e-02
7.04185846e-01 9.30003682e-02 -2.92706167e-03 8.99815305e-02 1.01087552e-02
7.05299989e-01 9.36127895e-02 -2.91935139e-03 9.05901392e-02 1.01914648e-02
7.06412392e-01 9.42305133e-02 -2.91165389e-03 9.12040703e-02 1.02748308e-02
7.07523053e-01 9.48535963e-02 -2.90397167e-03 9.18233815e-02 1.03588551e-02
7.08631969e-01 9.54820960e-02 -2.89630726e-03 9.24481310e-02 1.04435396e-02
7.09739137e-01 9.61160702e-02 -2.88866322e-03 9.30783774e-02 1.05288863e-02
7.10844555e-01 9.67555773e-02 -2.88104212e-03 9.37141801e-02 1.06148968e-02
7.11948220e-01 9.74006764e-02 -2.87344655e-03 9.43555988e-02 1.07015729e-02
7.13050130e-01 9.80514269e-02 -2.86587913e-03 9.50026940e-02 1.07889161e-02
7.14150280e-01 9.87078890e-02 -2.85834249e-03 9.56555268e-02 1.08769280e-02
7.15248670e-01 9.93701233e-02 -2.85083929e-03 9.63141585e-02 1.09656099e-02
7.16345296e-01 1.00038191e-01 -2.84337220e-03 9.69786513e-02 1.10549633e-02
7.17440155e-01 1.00712154e-01 -2.83594392e-03 9.76490678e-02 1.11449892e-02
7.18533244e-01 1.01392075e-01 -2.82855715e-03 9.83254714e-02 1.12356889e-02
7.19624562e-01 1.02078016e-01 -2.82121462e-03 9.90079257e-02 1.13270633e-02
7.20714105e-01 1.02770041e-01 -2.81391907e-03 9.96964952e-02 1.14191135e-02
7.21801870e-01 1.03468215e-01 -2.80667327e-03 1.00391245e-01 1.15118402e-02
7.22887856e-01 1.04172600e-01 -2.79947998e-03 1.01092240e-01 1.16052441e-02
7.23972059e-01 1.04883264e-01 -2.79234200e-03 1.01799547e-01 1.16993260e-02
7.25054476e-01 1.05600271e-01 -2.78526214e-03 1.02513232e-01 1.17940862e-02
7.26135105e-01 1.06323688e-01 -2.77824319e-03 1.03233363e-01 1.18895253e-02
7.27213943e-01 1.07053581e-01 -2.77128801e-03 1.03960006e-01 1.19856435e-02
7.28290988e-01 1.07790019e-01 -2.76439942e-03 1.04693232e-01 1.20824411e-02
7.29366237e-01 1.08533068e-01 -2.75758027e-03 1.05433108e-01 1.21799181e-02
7.30439687e-01 1.09282798e-01 -2.75083344e-03 1.06179703e-01 1.22780744e-02
7.31511336e-01 1.10039277e-01 -2.74416179e-03 1.06933089e-01 1.23769100e-02
7.32581181e-01 1.10802575e-01 -2.73756821e-03 1.07693335e-01 1.24764245e-02
7.33649219e-01 1.11572763e-01 -2.73105557e-03 1.08460513e-01 1.25766176e-02
7.34715448e-01 1.12349911e-01 -2.72462679e-03 1.09234694e-01 1.26774888e-02
7.35779864e-01 1.13134090e-01 -2.71828477e-03 1.10015951e-01 1.27790375e-02
7.36842467e-01 1.13925373e-01 -2.71203240e-03 1.10804356e-01 1.28812629e-02
7.37903252e-01 1.14723831e-01 -2.70587262e-03 1.11599983e-01 1.29841642e-02
7.38962217e-01 1.15529538e-01 -2.69980833e-03 1.12402905e-01 1.30877403e-02
7.40019360e-01 1.16342567e-01 -2.69384246e-03 1.13213198e-01 1.31919902e-02
7.41074678e-01 1.17162992e-01 -2.68797794e-03 1.14030936e-01 1.32969125e-02
7.42128168e-01 1.17990888e-01 -2.68221769e-03 1.14856195e-01 1.34025060e-02
7.43179828e-01 1.18826330e-01 -2.67656464e-03 1.15689050e-01 1.35087691e-02
7.44229655e-01 1.19669394e-01 -2.67102172e-03 1.16529580e-01 1.36157001e-02
7.45277647e-01 1.20520155e-01 -2.66559186e-03 1.17377859e-01 1.37232973e-02
7.46323801e-01 1.21378691e-01 -2.66027798e-03 1.18233967e-01 1.38315587e-02
7.47368114e-01 1.22245078e-01 -2.65508300e-03 1.19097982e-01 1.39404824e-02
7.48410585e-01 1.23119395e-01 -2.65000986e-03 1.19969983e-01 1.40500661e-02
7.49451209e-01 1.24001721e-01 -2.64506145e-03 1.20850048e-01 1.41603075e-02
7.50489985e-01 1.24892133e-01 -2.64024070e-03 1.21738257e-01 1.42712041e-02
7.51526911e-01 1.25790711e-01 -2.63555051e-03 1.22634692e-01 1.43827533e-02
7.52561982e-01 1.26697535e-01 -2.63099377e-03 1.23539432e-01 1.44949524e-02
7.53595199e-01 1.27612686e-01 -2.62657339e-03 1.24452560e-01 1.46077984e-02
7.54626556e-01 1.28536244e-01 -2.62229223e-03 1.25374156e-01 1.47212883e-02
7.55656053e-01 1.29468291e-01 -2.61815317e-03 1.26304305e-01 1.48354189e-02
7.56683685e-01 1.30408909e-01 -2.61415907e-03 1.27243087e-01 1.49501869e-02
7.57709452e-01 1.31358180e-01 -2.61031279e-03 1.28190587e-01 1.50655887e-02
7.58733350e-01 1.32316187e-01 -2.60661715e-03 1.29146889e-01 1.51816208e-02
7.59755377e-01 1.33283013e-01 -2.60307499e-03 1.30112076e-01 1.52982792e-02
7.60775531e-01 1.34258742e-01 -2.59968910e-03 1.31086235e-01 1.54155602e-02
7.61793808e-01 1.35243459e-01 -2.59646230e-03 1.32069449e-01 1.55334595e-02
7.62810206e-01 1.36237249e-01 -2.59339734e-03 1.33061805e-01 1.56519729e-02
7.63824724e-01 1.37240196e-01 -2.59049699e-03 1.34063389e-01 1.57710960e-02
7.64837357e-01 1.38252386e-01 -2.58776400e-03 1.35074288e-01 1.58908242e-02
7.65848104e-01 1.39273906e-01 -2.58520108e-03 1.36094589e-01 1.60111528e-02
7.66856963e-01 1.40304842e-01 -2.58281094e-03 1.37124379e-01 1.61320769e-02
7.67863930e-01 1.41345281e-01 -2.58059625e-03 1.38163746e-01 1.62535914e-02
7.68869004e-01 1.42395311e-01 -2.57855969e-03 1.39212780e-01 1.63756912e-02
7.69872181e-01 1.43455019e-01 -2.57670387e-03 1.40271568e-01 1.64983707e-02
7.70873460e-01 1.44524495e-01 -2.57503141e-03 1.41340200e-01 1.66216246e-02
7.71872838e-01 1.45603826e-01 -2.57354489e-03 1.42418766e-01 1.67454471e-02
7.72870312e-01 1.46693103e-01 -2.57224688e-03 1.43507356e-01 1.68698323e-02
7.73865880e-01 1.47792413e-01 -2.57113991e-03 1.44606060e-01 1.69947742e-02
7.74859540e-01 1.48901848e-01 -2.57022647e-03 1.45714969e-01 1.71202666e-02
7.75851289e-01 1.50021498e-01 -2.56950905e-03 1.46834175e-01 1.72463031e-02
7.76841124e-01 1.51151454e-01 -2.56899008e-03 1.47963768e-01 1.73728772e-02
7.77829044e-01 1.52291806e-01 -2.56867197e-03 1.49103842e-01 1.74999821e-02
7.78815045e-01 1.53442646e-01 -2.56855712e-03 1.50254488e-01 1.76276111e-02
7.79799126e-01 1.54604066e-01 -2.56864786e-03 1.51415800e-01 1.77557571e-02
7.80781283e-01 1.55776159e-01 -2.56894650e-03 1.52587869e-01 1.78844128e-02
7.81761515e-01 1.56959015e-01 -2.56945532e-03 1.53770790e-01 1.80135709e-02
7.82739819e-01 1.58152729e-01 -2.57017656e-03 1.54964656e-01 1.81432239e-02
7.83716193e-01 1.59357394e-01 -2.57111243e-03 1.56169562e-01 1.82733639e-02
7.84690634e-01 1.60573102e-01 -2.57226508e-03 1.57385600e-01 1.84039831e-02
7.85663139e-01 1.61799948e-01 -2.57363665e-03 1.58612867e-01 1.85350735e-02
7.86633708e-01 1.63038026e-01 -2.57522921e-03 1.59851457e-01 1.86666268e-02
7.87602336e-01 1.64287429e-01 -2.57704481e-03 1.61101464e-01 1.87986346e-02
7.88569022e-01 1.65548254e-01 -2.57908545e-03 1.62362985e-01 1.89310882e-02
7.89533763e-01 1.66820593e-01 -2.58135308e-03 1.63636116e-01 1.90639790e-02
7.90496556e-01 1.68104543e-01 -2.58384963e-03 1.64920951e-01 1.91972980e-02
7.91457401e-01 1.69400199e-01 -2.58657695e-03 1.66217587e-01 1.93310361e-02
7.92416293e-01 1.70707656e-01 -2.58953688e-03 1.67526120e-01 1.94651840e-02
7.93373232e-01 1.72027010e-01 -2.59273117e-03 1.68846647e-01 1.95997322e-02
7.94328214e-01 1.73358357e-01 -2.59616156e-03 1.70179265e-01 1.97346712e-02
7.95281236e-01 1.74701793e-01 -2.59982973e-03 1.71524070e-01 1.98699911e-02
7.96232298e-01 1.76057415e-01 -2.60373730e-03 1.72881160e-01 2.00056820e-02
7.97181396e-01 1.77425319e-01 -2.60788585e-03 1.74250632e-01 2.01417337e-02
7.98128528e-01 1.78805601e-01 -2.61227689e-03 1.75632583e-01 2.02781359e-02
7.99073691e-01 1.80198359e-01 -2.61691191e-03 1.77027110e-01 2.04148781e-02
8.00016884e-01 1.81603689e-01 -2.62179232e-03 1.78434312e-01 2.05519496e-02
8.00958104e-01 1.83021689e-01 -2.62691947e-03 1.79854286e-01 2.06893395e-02
8.01897349e-01 1.84452455e-01 -2.63229469e-03 1.81287129e-01 2.08270370e-02
8.02834616e-01 1.85896085e-01 -2.63791921e-03 1.82732941e-01 2.09650307e-02
8.03769903e-01 1.87352676e-01 -2.64379423e-03 1.84191818e-01 2.11033094e-02
8.04703207e-01 1.88822326e-01 -2.64992089e-03 1.85663858e-01 2.12418615e-02
8.05634528e-01 1.90305132e-01 -2.65630026e-03 1.87149161e-01 2.13806752e-02
8.06563861e-01 1.91801191e-01 -2.66293336e-03 1.88647824e-01 2.15197388e-02
8.07491206e-01 1.93310601e-01 -2.66982114e-03 1.90159944e-01 2.16590402e-02
8.08416559e-01 1.94833460e-01 -2.67696449e-03 1.91685621e-01 2.17985672e-02
8.09339918e-01 1.96369865e-01 -2.68436425e-03 1.93224952e-01 2.19383074e-02
8.10261281e-01 1.97919914e-01 -2.69202118e-03 1.94778035e-01 2.20782483e-02
8.11180646e-01 1.99483703e-01 -2.69993599e-03 1.96344968e-01 2.22183771e-02
8.12098011e-01 2.01061331e-01 -2.70810931e-03 1.97925850e-01 2.23586811e-02
8.13013373e-01 2.02652895e-01 -2.71654173e-03 1.99520777e-01 2.24991471e-02
8.13926729e-01 2.04258492e-01 -2.72523375e-03 2.01129848e-01 2.26397619e-02
8.14838079e-01 2.05878219e-01 -2.73418580e-03 2.02753161e-01 2.27805122e-02
8.15747419e-01 2.07512174e-01 -2.74339827e-03 2.04390813e-01 2.29213845e-02
8.16654747e-01 2.09160452e-01 -2.75287145e-03 2.06042901e-01 2.30623650e-02
8.17560061e-01 2.10823152e-01 -2.76260558e-03 2.07709523e-01 2.32034400e-02
8.18463359e-01 2.12500370e-01 -2.77260083e-03 2.09390775e-01 2.33445953e-02
8.19364639e-01 2.14192201e-01 -2.78285729e-03 2.11086755e-01 2.34858169e-02
8.20263897e-01 2.15898743e-01 -2.79337499e-03 2.12797559e-01 2.36270904e-02
8.21161133e-01 2.17620092e-01 -2.80415387e-03 2.14523284e-01 2.37684013e-02
8.22056344e-01 2.19356343e-01 -2.81519383e-03 2.16264025e-01 2.39097350e-02
8.22949527e-01 2.21107592e-01 -2.82649466e-03 2.18019879e-01 2.40510768e-02
8.23840681e-01 2.22873934e-01 -2.83805611e-03 2.19790942e-01 2.41924117e-02
8.24729804e-01 2.24655465e-01 -2.84987782e-03 2.21577308e-01 2.43337245e-02
8.25616892e-01 2.26452278e-01 -2.86195939e-03 2.23379073e-01 2.44750001e-02
8.26501944e-01 2.28264470e-01 -2.87430033e-03 2.25196331e-01 2.46162231e-02
8.27384958e-01 2.30092132e-01 -2.88690007e-03 2.27029177e-01 2.47573780e-02
8.28265931e-01 2.31935361e-01 -2.89975797e-03 2.28877705e-01 2.48984491e-02
8.29144862e-01 2.33794248e-01 -2.91287331e-03 2.30742008e-01 2.50394206e-02
8.30021748e-01 2.35668887e-01 -2.92624531e-03 2.32622179e-01 2.51802766e-02
8.30896587e-01 2.37559370e-01 -2.93987308e-03 2.34518312e-01 2.53210009e-02
8.31769377e-01 2.39465790e-01 -2.95375568e-03 2.36430499e-01 2.54615773e-02
8.32640115e-01 2.41388238e-01 -2.96789208e-03 2.38358831e-01 2.56019896e-02
8.33508800e-01 2.43326806e-01 -2.98228118e-03 2.40303400e-01 2.57422212e-02
8.34375430e-01 2.45281584e-01 -2.99692179e-03 2.42264297e-01 2.58822554e-02
8.35240002e-01 2.47252663e-01 -3.01181265e-03 2.44241611e-01 2.60220756e-02
8.36102514e-01 2.49240132e-01 -3.02695242e-03 2.46235434e-01 2.61616649e-02
8.36962964e-01 2.51244081e-01 -3.04233966e-03 2.48245854e-01 2.63010063e-02
8.37821349e-01 2.53264598e-01 -3.05797289e-03 2.50272959e-01 2.64400827e-02
8.38677669e-01 2.55301772e-01 -3.07385052e-03 2.52316838e-01 2.65788768e-02
8.39531921e-01 2.57355689e-01 -3.08997088e-03 2.54377579e-01 2.67173713e-02
8.40384102e-01 2.59426437e-01 -3.10633223e-03 2.56455268e-01 2.68555488e-02
8.41234210e-01 2.61514102e-01 -3.12293275e-03 2.58549991e-01 2.69933916e-02
8.42082244e-01 2.63618769e-01 -3.13977053e-03 2.60661834e-01 2.71308821e-02
8.42928201e-01 2.65740523e-01 -3.15684359e-03 2.62790881e-01 2.72680025e-02
8.43772079e-01 2.67879449e-01 -3.17414987e-03 2.64937216e-01 2.74047349e-02
8.44613877e-01 2.70035630e-01 -3.19168720e-03 2.67100923e-01 2.75410613e-02
8.45453591e-01 2.72209148e-01 -3.20945338e-03 2.69282085e-01 2.76769636e-02
8.46291221e-01 2.74400085e-01 -3.22744607e-03 2.71480782e-01 2.78124235e-02
8.47126763e-01 2.76608523e-01 -3.24566291e-03 2.73697096e-01 2.79474230e-02
8.47960216e-01 2.78834542e-01 -3.26410141e-03 2.75931107e-01 2.80819434e-02
8.48791578e-01 2.81078221e-01 -3.28275902e-03 2.78182894e-01 2.82159664e-02
8.49620847e-01 2.83339639e-01 -3.30163311e-03 2.80452536e-01 2.83494735e-02
8.50448020e-01 2.85618874e-01 -3.32072096e-03 2.82740109e-01 2.84824460e-02
8.51273096e-01 2.87916002e-01 -3.34001979e-03 2.85045691e-01 2.86148651e-02
8.52096073e-01 2.90231099e-01 -3.35952671e-03 2.87369357e-01 2.87467122e-02
8.52916948e-01 2.92564241e-01 -3.37923877e-03 2.89711181e-01 2.88779683e-02
8.53735720e-01 2.94915501e-01 -3.39915294e-03 2.92071238e-01 2.90086145e-02
8.54552386e-01 2.97284952e-01 -3.41926609e-03 2.94449599e-01 2.91386318e-02
8.55366945e-01 2.99672667e-01 -3.43957505e-03 2.96846337e-01 2.92680011e-02
8.56179395e-01 3.02078716e-01 -3.46007652e-03 2.99261522e-01 2.93967034e-02
8.56989732e-01 3.04503169e-01 -3.48076717e-03 3.01695223e-01 2.95247194e-02
8.57797957e-01 3.06946095e-01 -3.50164356e-03 3.04147509e-01 2.96520299e-02
8.58604066e-01 3.09407562e-01 -3.52270218e-03 3.06618447e-01 2.97786157e-02
8.59408057e-01 3.11887637e-01 -3.54393944e-03 3.09108103e-01 2.99044573e-02
8.60209930e-01 3.14386385e-01 -3.56535169e-03 3.11616542e-01 3.00295355e-02
8.61009680e-01 3.16903869e-01 -3.58693517e-03 3.14143827e-01 3.01538307e-02
8.61807307e-01 3.19440154e-01 -3.60868608e-03 3.16690022e-01 3.02773236e-02
8.62602809e-01 3.21995302e-01 -3.63060053e-03 3.19255188e-01 3.03999947e-02
8.63396184e-01 3.24569372e-01 -3.65267453e-03 3.21839384e-01 3.05218244e-02
8.64187429e-01 3.27162425e-01 -3.67490406e-03 3.24442669e-01 3.06427932e-02
8.64976543e-01 3.29774518e-01 -3.69728499e-03 3.27065101e-01 3.07628816e-02
8.65763524e-01 3.32405708e-01 -3.71981314e-03 3.29706736e-01 3.08820698e-02
8.66548370e-01 3.35056051e-01 -3.74248424e-03 3.32367629e-01 3.10003385e-02
8.67331079e-01 3.37725601e-01 -3.76529396e-03 3.35047833e-01 3.11176678e-02
8.68111648e-01 3.40414410e-01 -3.78823789e-03 3.37747400e-01 3.12340383e-02
8.68890077e-01 3.43122531e-01 -3.81131155e-03 3.40466380e-01 3.13494303e-02
8.69666363e-01 3.45850012e-01 -3.83451040e-03 3.43204824e-01 3.14638241e-02
8.70440504e-01 3.48596903e-01 -3.85782983e-03 3.45962778e-01 3.15772002e-02
8.71212499e-01 3.51363250e-01 -3.88126514e-03 3.48740288e-01 3.16895389e-02
8.71982345e-01 3.54149100e-01 -3.90481158e-03 3.51537400e-01 3.18008207e-02
8.72750041e-01 3.56954495e-01 -3.92846434e-03 3.54354157e-01 3.19110259e-02
8.73515584e-01 3.59779480e-01 -3.95221853e-03 3.57190600e-01 3.20201350e-02
8.74278973e-01 3.62624093e-01 -3.97606921e-03 3.60046769e-01 3.21281285e-02
8.75040206e-01 3.65488376e-01 -4.00001135e-03 3.62922702e-01 3.22349867e-02
8.75799281e-01 3.68372365e-01 -4.02403989e-03 3.65818437e-01 3.23406904e-02
8.76556196e-01 3.71276097e-01 -4.04814969e-03 3.68734009e-01 3.24452199e-02
8.77310949e-01 3.74199606e-01 -4.07233555e-03 3.71669451e-01 3.25485559e-02
8.78063539e-01 3.77142925e-01 -4.09659220e-03 3.74624794e-01 3.26506791e-02
8.78813963e-01 3.80106086e-01 -4.12091434e-03 3.77600070e-01 3.27515700e-02
8.79562220e-01 3.83089117e-01 -4.14529658e-03 3.80595305e-01 3.28512095e-02
8.80308308e-01 3.86092046e-01 -4.16973350e-03 3.83610528e-01 3.29495784e-02
8.81052225e-01 3.89114900e-01 -4.19421961e-03 3.86645763e-01 3.30466574e-02
8.81793969e-01 3.92157701e-01 -4.21874937e-03 3.89701032e-01 3.31424276e-02
8.82533538e-01 3.95220474e-01 -4.24331718e-03 3.92776357e-01 3.32368699e-02
8.83270931e-01 3.98303237e-01 -4.26791740e-03 3.95871757e-01 3.33299654e-02
8.84006145e-01 4.01406010e-01 -4.29254433e-03 3.98987250e-01 3.34216951e-02
8.84739180e-01 4.04528809e-01 -4.31719222e-03 4.02122851e-01 3.35120404e-02
8.85470032e-01 4.07671650e-01 -4.34185529e-03 4.05278574e-01 3.36009826e-02
8.86198701e-01 4.10834545e-01 -4.36652769e-03 4.08454430e-01 3.36885029e-02
8.86925184e-01 4.14017505e-01 -4.39120354e-03 4.11650431e-01 3.37745830e-02
8.87649480e-01 4.17220539e-01 -4.41587690e-03 4.14866582e-01 3.38592045e-02
8.88371587e-01 4.20443655e-01 -4.44054180e-03 4.18102890e-01 3.39423489e-02
8.89091503e-01 4.23686857e-01 -4.46519224e-03 4.21359360e-01 3.40239982e-02
8.89809227e-01 4.26950149e-01 -4.48982215e-03 4.24635991e-01 3.41041342e-02
8.90524756e-01 4.30233531e-01 -4.51442545e-03 4.27932786e-01 3.41827390e-02
8.91238089e-01 4.33537002e-01 -4.53899601e-03 4.31249739e-01 3.42597948e-02
8.91949223e-01 4.36860560e-01 -4.56352766e-03 4.34586849e-01 3.43352837e-02
8.92658159e-01 4.40204198e-01 -4.58801421e-03 4.37944107e-01 3.44091883e-02
8.93364892e-01 4.43567911e-01 -4.61244942e-03 4.41321505e-01 3.44814910e-02
8.94069423e-01 4.46951687e-01 -4.63682704e-03 4.44719032e-01 3.45521747e-02
8.94771748e-01 4.50355515e-01 -4.66114077e-03 4.48136675e-01 3.46212219e-02
8.95471867e-01 4.53779382e-01 -4.68538431e-03 4.51574419e-01 3.46886159e-02
8.96169778e-01 4.57223271e-01 -4.70955130e-03 4.55032246e-01 3.47543396e-02
8.96865478e-01 4.60687164e-01 -4.73363537e-03 4.58510136e-01 3.48183764e-02
8.97558967e-01 4.64171041e-01 -4.75763015e-03 4.62008068e-01 3.48807097e-02
8.98250242e-01 4.67674878e-01 -4.78152921e-03 4.65526017e-01 3.49413232e-02
8.98939302e-01 4.71198651e-01 -4.80532613e-03 4.69063956e-01 3.50002005e-02
8.99626145e-01 4.74742332e-01 -4.82901445e-03 4.72621857e-01 3.50573257e-02
9.00310769e-01 4.78305892e-01 -4.85258772e-03 4.76199689e-01 3.51126829e-02
9.00993173e-01 4.81889297e-01 -4.87603946e-03 4.79797417e-01 3.51662564e-02
9.01673355e-01 4.85492515e-01 -4.89936316e-03 4.83415006e-01 3.52180306e-02
9.02351313e-01 4.89115507e-01 -4.92255234e-03 4.87052418e-01 3.52679904e-02
9.03027046e-01 4.92758236e-01 -4.94560049e-03 4.90709611e-01 3.53161205e-02
9.03700552e-01 4.96420659e-01 -4.96850107e-03 4.94386543e-01 3.53624061e-02
9.04371830e-01 5.00102732e-01 -4.99124758e-03 4.98083169e-01 3.54068325e-02
9.05040876e-01 5.03804409e-01 -5.01383349e-03 5.01799439e-01 3.54493851e-02
9.05707691e-01 5.07525640e-01 -5.03625225e-03 5.05535304e-01 3.54900496e-02
9.06372273e-01 5.11266376e-01 -5.05849736e-03 5.09290710e-01 3.55288121e-02
9.07034619e-01 5.15026561e-01 -5.08056228e-03 5.13065603e-01 3.55656586e-02
9.07694728e-01 5.18806139e-01 -5.10244049e-03 5.16859924e-01 3.56005755e-02
9.08352599e-01 5.22605051e-01 -5.12412547e-03 5.20673612e-01 3.56335495e-02
9.09008229e-01 5.26423237e-01 -5.14561072e-03 5.24506605e-01 3.56645673e-02
9.09661618e-01 5.30260631e-01 -5.16688973e-03 5.28358836e-01 3.56936160e-02
9.10312763e-01 5.34117168e-01 -5.18795601e-03 5.32230239e-01 3.57206830e-02
9.10961663e-01 5.37992778e-01 -5.20880310e-03 5.36120741e-01 3.57457558e-02
9.11608317e-01 5.41887389e-01 -5.22942452e-03 5.40030270e-01 3.57688222e-02
9.12252723e-01 5.45800928e-01 -5.24981384e-03 5.43958750e-01 3.57898704e-02
9.12894879e-01 5.49733317e-01 -5.26996464e-03 5.47906102e-01 3.58088885e-02
9.13534783e-01 5.53684476e-01 -5.28987051e-03 5.51872244e-01 3.58258653e-02
9.14172435e-01 5.57654324e-01 -5.30952506e-03 5.55857094e-01 3.58407895e-02
9.14807832e-01 5.61642776e-01 -5.32892195e-03 5.59860563e-01 3.58536503e-02
9.15440973e-01 5.65649743e-01 -5.34805485e-03 5.63882564e-01 3.58644371e-02
9.16071856e-01 5.69675137e-01 -5.36691745e-03 5.67923004e-01 3.58731395e-02
9.16700480e-01 5.73718863e-01 -5.38550349e-03 5.71981789e-01 3.58797475e-02
9.17326844e-01 5.77780826e-01 -5.40380673e-03 5.76058821e-01 3.58842514e-02
9.17950945e-01 5.81860928e-01 -5.42182097e-03 5.80154001e-01 3.58866416e-02
9.18572782e-01 5.85959069e-01 -5.43954003e-03 5.84267225e-01 3.58869090e-02
9.19192354e-01 5.90075143e-01 -5.45695780e-03 5.88398388e-01 3.58850447e-02
9.19809659e-01 5.94209045e-01 -5.47406819e-03 5.92547383e-01 3.58810401e-02
9.20424696e-01 5.98360666e-01 -5.49086514e-03 5.96714097e-01 3.58748870e-02
9.21037462e-01 6.02529892e-01 -5.50734267e-03 6.00898418e-01 3.58665772e-02
9.21647958e-01 6.06716611e-01 -5.52349482e-03 6.05100229e-01 3.58561033e-02
9.22256180e-01 6.10920703e-01 -5.53931567e-03 6.09319410e-01 3.58434578e-02
9.22862128e-01 6.15142049e-01 -5.55479937e-03 6.13555840e-01 3.58286336e-02
9.23465800e-01 6.19380526e-01 -5.56994013e-03 6.17809394e-01 3.58116241e-02
9.24067195e-01 6.23636007e-01 -5.58473218e-03 6.22079945e-01 3.57924229e-02
9.24666310e-01 6.27908364e-01 -5.59916983e-03 6.26367361e-01 3.57710238e-02
9.25263146e-01 6.32197466e-01 -5.61324746e-03 6.30671510e-01 3.57474212e-02
9.25857699e-01 6.36503178e-01 -5.62695947e-03 6.34992256e-01 3.57216096e-02
9.26449969e-01 6.40825363e-01 -5.64030035e-03 6.39329459e-01 3.56935840e-02
9.27039955e-01 6.45163881e-01 -5.65326465e-03 6.43682980e-01 3.56633396e-02
9.27627654e-01 6.49518590e-01 -5.66584699e-03 6.48052672e-01 3.56308720e-02
9.28213065e-01 6.53889343e-01 -5.67804204e-03 6.52438389e-01 3.55961772e-02
9.28796187e-01 6.58275993e-01 -5.68984456e-03 6.56839980e-01 3.55592514e-02
9.29377019e-01 6.62678388e-01 -5.70124936e-03 6.61257294e-01 3.55200913e-02
9.29955559e-01 6.67096374e-01 -5.71225133e-03 6.65690173e-01 3.54786940e-02
9.30531805e-01 6.71529794e-01 -5.72284545e-03 6.70138460e-01 3.54350566e-02
9.31105757e-01 6.75978489e-01 -5.73302675e-03 6.74601994e-01 3.53891771e-02
9.31677412e-01 6.80442296e-01 -5.74279037e-03 6.79080609e-01 3.53410533e-02
9.32246769e-01 6.84921049e-01 -5.75213149e-03 6.83574140e-01 3.52906837e-02
9.32813828e-01 6.89414580e-01 -5.76104541e-03 6.88082416e-01 3.52380672e-02
9.33378586e-01 6.93922718e-01 -5.76952749e-03 6.92605264e-01 3.51832029e-02
9.33941042e-01 6.98445290e-01 -5.77757318e-03 6.97142509e-01 3.51260903e-02
9.34501195e-01 7.02982119e-01 -5.78517803e-03 7.01693974e-01 3.50667292e-02
9.35059043e-01 7.07533024e-01 -5.79233766e-03 7.06259476e-01 3.50051201e-02
9.35614585e-01 7.12097824e-01 -5.79904779e-03 7.10838831e-01 3.49412634e-02
9.36167820e-01 7.16676334e-01 -5.80530423e-03 7.15431854e-01 3.48751603e-02
9.36718746e-01 7.21268365e-01 -5.81110288e-03 7.20038354e-01 3.48068121e-02
9.37267362e-01 7.25873726e-01 -5.81643975e-03 7.24658140e-01 3.47362207e-02
9.37813667e-01 7.30492225e-01 -5.82131092e-03 7.29291015e-01 3.46633881e-02
9.38357658e-01 7.35123664e-01 -5.82571260e-03 7.33936783e-01 3.45883168e-02
9.38899336e-01 7.39767844e-01 -5.82964108e-03 7.38595242e-01 3.45110100e-02
9.39438698e-01 7.44424564e-01 -5.83309276e-03 7.43266189e-01 3.44314708e-02
9.39975743e-01 7.49093619e-01 -5.83606412e-03 7.47949417e-01 3.43497029e-02
9.40510470e-01 7.53774800e-01 -5.83855179e-03 7.52644718e-01 3.42657105e-02
9.41042878e-01 7.58467898e-01 -5.84055246e-03 7.57351880e-01 3.41794980e-02
9.41572965e-01 7.63172699e-01 -5.84206296e-03 7.62070688e-01 3.40910703e-02
9.42100730e-01 7.67888988e-01 -5.84308022e-03 7.66800925e-01 3.40004326e-02
9.42626171e-01 7.72616546e-01 -5.84360126e-03 7.71542371e-01 3.39075907e-02
9.43149288e-01 7.77355151e-01 -5.84362324e-03 7.76294803e-01 3.38125506e-02
9.43670079e-01 7.82104580e-01 -5.84314342e-03 7.81057997e-01 3.37153187e-02
9.44188542e-01 7.86864606e-01 -5.84215918e-03 7.85831723e-01 3.36159018e-02
9.44704677e-01 7.91635000e-01 -5.84066801e-03 7.90615751e-01 3.35143072e-02
9.45218483e-01 7.96415528e-01 -5.83866751e-03 7.95409847e-01 3.34105426e-02
9.45729957e-01 8.01205957e-01 -5.83615542e-03 8.00213777e-01 3.33046160e-02
9.46239099e-01 8.06006049e-01 -5.83312957e-03 8.05027299e-01 3.31965358e-02
9.46745907e-01 8.10815564e-01 -5.82958795e-03 8.09850174e-01 3.30863108e-02
9.47250380e-01 8.15634258e-01 -5.82552863e-03 8.14682157e-01 3.29739503e-02
9.47752518e-01 8.20461888e-01 -5.82094982e-03 8.19523002e-01 3.28594639e-02
9.48252318e-01 8.25298203e-01 -5.81584987e-03 8.24372459e-01 3.27428616e-02
9.48749779e-01 8.30142955e-01 -5.81022722e-03 8.29230277e-01 3.26241539e-02
9.49244901e-01 8.34995890e-01 -5.80408048e-03 8.34096202e-01 3.25033515e-02
9.49737681e-01 8.39856752e-01 -5.79740834e-03 8.38969975e-01 3.23804658e-02
9.50228120e-01 8.44725283e-01 -5.79020966e-03 8.43851339e-01 3.22555082e-02
9.50716215e-01 8.49601222e-01 -5.78248339e-03 8.48740031e-01 3.21284909e-02
9.51201965e-01 8.54484306e-01 -5.77422865e-03 8.53635787e-01 3.19994263e-02
9.51685370e-01 8.59374269e-01 -5.76544465e-03 8.58538340e-01 3.18683271e-02
9.52166428e-01 8.64270843e-01 -5.75613076e-03 8.63447421e-01 3.17352066e-02
9.52645137e-01 8.69173758e-01 -5.74628647e-03 8.68362757e-01 3.16000783e-02
9.53121497e-01 8.74082739e-01 -5.73591141e-03 8.73284076e-01 3.14629563e-02
9.53595507e-01 8.78997512e-01 -5.72500533e-03 8.78211100e-01 3.13238550e-02
9.54067164e-01 8.83917799e-01 -5.71356814e-03 8.83143551e-01 3.11827891e-02
9.54536469e-01 8.88843319e-01 -5.70159985e-03 8.88081148e-01 3.10397739e-02
9.55003420e-01 8.93773791e-01 -5.68910062e-03 8.93023606e-01 3.08948248e-02
9.55468016e-01 8.98708929e-01 -5.67607077e-03 8.97970641e-01 3.07479578e-02
9.55930255e-01 9.03648445e-01 -5.66251072e-03 9.02921963e-01 3.05991893e-02
9.56390137e-01 9.08592051e-01 -5.64842104e-03 9.07877284e-01 3.04485360e-02
9.56847660e-01 9.13539455e-01 -5.63380245e-03 9.12836310e-01 3.02960149e-02
9.57302823e-01 9.18490363e-01 -5.61865579e-03 9.17798746e-01 3.01416437e-02
9.57755626e-01 9.23444479e-01 -5.60298205e-03 9.22764297e-01 2.99854402e-02
9.58206066e-01 9.28401504e-01 -5.58678234e-03 9.27732662e-01 2.98274225e-02
9.58654144e-01 9.33361138e-01 -5.57005794e-03 9.32703540e-01 2.96676094e-02
9.59099857e-01 9.38323080e-01 -5.55281025e-03 9.37676629e-01 2.95060198e-02
9.59543205e-01 9.43287023e-01 -5.53504079e-03 9.42651623e-01 2.93426732e-02
9.59984187e-01 9.48252662e-01 -5.51675126e-03 9.47628215e-01 2.91775892e-02
9.60422801e-01 9.53219688e-01 -5.49794346e-03 9.52606095e-01 2.90107880e-02
9.60859046e-01 9.58187789e-01 -5.47861937e-03 9.57584953e-01 2.88422900e-02
9.61292922e-01 9.63156655e-01 -5.45878106e-03 9.62564474e-01 2.86721162e-02
9.61724427e-01 9.68125969e-01 -5.43843079e-03 9.67544344e-01 2.85002876e-02
9.62153561e-01 9.73095416e-01 -5.41757093e-03 9.72524246e-01 2.83268259e-02
9.62580321e-01 9.78064676e-01 -5.39620399e-03 9.77503861e-01 2.81517530e-02
9.63004708e-01 9.83033431e-01 -5.37433262e-03 9.82482868e-01 2.79750912e-02
9.63426720e-01 9.88001358e-01 -5.35195962e-03 9.87460944e-01 2.77968631e-02
9.63846355e-01 9.92968132e-01 -5.32908792e-03 9.92437766e-01 2.76170916e-02
9.64263614e-01 9.97933430e-01 -5.30572059e-03 9.97413007e-01 2.74358000e-02
9.64678495e-01 1.00289692e+00 -5.28186083e-03 1.00238634e+00 2.72530120e-02
9.65090997e-01 1.00785828e+00 -5.25751200e-03 1.00735744e+00 2.70687517e-02
9.65501118e-01 1.01281718e+00 -5.23267758e-03 1.01232596e+00 2.68830432e-02
9.65908859e-01 1.01777327e+00 -5.20736118e-03 1.01729159e+00 2.66959114e-02
9.66314217e-01 1.02272624e+00 -5.18156657e-03 1.02225398e+00 2.65073810e-02
9.66717192e-01 1.02767574e+00 -5.15529763e-03 1.02721280e+00 2.63174775e-02
9.67117784e-01 1.03262144e+00 -5.12855839e-03 1.03216771e+00 2.61262265e-02
9.67515990e-01 1.03756300e+00 -5.10135301e-03 1.03711838e+00 2.59336539e-02
9.67911810e-01 1.04250008e+00 -5.07368580e-03 1.04206445e+00 2.57397859e-02
9.68305243e-01 1.04743234e+00 -5.04556118e-03 1.04700561e+00 2.55446491e-02
9.68696288e-01 1.05235943e+00 -5.01698371e-03 1.05194149e+00 2.53482704e-02
9.69084944e-01 1.05728102e+00 -4.98795809e-03 1.05687175e+00 2.51506768e-02
9.69471210e-01 1.06219675e+00 -4.95848914e-03 1.06179606e+00 2.49518960e-02
9.69855086e-01 1.06710628e+00 -4.92858183e-03 1.06671406e+00 2.47519556e-02
9.70236569e-01 1.07200927e+00 -4.89824122e-03 1.07162541e+00 2.45508836e-02
9.70615660e-01 1.07690536e+00 -4.86747254e-03 1.07652976e+00 2.43487084e-02
9.70992357e-01 1.08179421e+00 -4.83628113e-03 1.08142675e+00 2.41454585e-02
9.71366659e-01 1.08667546e+00 -4.80467246e-03 1.08631604e+00 2.39411628e-02
9.71738566e-01 1.09154876e+00 -4.77265212e-03 1.09119728e+00 2.37358505e-02
9.72108076e-01 1.09641376e+00 -4.74022581e-03 1.09607011e+00 2.35295509e-02
9.72475189e-01 1.10127011e+00 -4.70739940e-03 1.10093418e+00 2.33222937e-02
9.72839904e-01 1.10611745e+00 -4.67417882e-03 1.10578913e+00 2.31141088e-02
9.73202220e-01 1.11095542e+00 -4.64057018e-03 1.11063461e+00 2.29050264e-02
9.73562135e-01 1.11578367e+00 -4.60657966e-03 1.11547026e+00 2.26950768e-02
9.73919650e-01 1.12060184e+00 -4.57221360e-03 1.12029572e+00 2.24842907e-02
9.74274762e-01 1.12540957e+00 -4.53747841e-03 1.12511065e+00 2.22726990e-02
9.74627472e-01 1.13020651e+00 -4.50238067e-03 1.12991467e+00 2.20603328e-02
9.74977778e-01 1.13499230e+00 -4.46692703e-03 1.13470743e+00 2.18472233e-02
9.75325680e-01 1.13976656e+00 -4.43112426e-03 1.13948857e+00 2.16334022e-02
9.75671177e-01 1.14452896e+00 -4.39497927e-03 1.14425773e+00 2.14189012e-02
9.76014267e-01 1.14927911e+00 -4.35849905e-03 1.14901455e+00 2.12037522e-02
9.76354950e-01 1.15401667e+00 -4.32169069e-03 1.15375867e+00 2.09879874e-02
9.76693226e-01 1.15874126e+00 -4.28456143e-03 1.15848972e+00 2.07716392e-02
9.77029093e-01 1.16345254e+00 -4.24711856e-03 1.16320734e+00 2.05547401e-02
9.77362550e-01 1.16815012e+00 -4.20936952e-03 1.16791118e+00 2.03373228e-02
9.77693597e-01 1.17283366e+00 -4.17132183e-03 1.17260086e+00 2.01194203e-02
9.78022233e-01 1.17750279e+00 -4.13298309e-03 1.17727603e+00 1.99010656e-02
9.78348456e-01 1.18215714e+00 -4.09436104e-03 1.18193632e+00 1.96822920e-02
9.78672267e-01 1.18679635e+00 -4.05546349e-03 1.18658138e+00 1.94631328e-02
9.78993665e-01 1.19142006e+00 -4.01629834e-03 1.19121082e+00 1.92436217e-02
9.79312648e-01 1.19602790e+00 -3.97687359e-03 1.19582430e+00 1.90237923e-02
9.79629216e-01 1.20061951e+00 -3.93719733e-03 1.20042145e+00 1.88036785e-02
9.79943368e-01 1.20519453e+00 -3.89727775e-03 1.20500191e+00 1.85833143e-02
9.80255103e-01 1.20975258e+00 -3.85712310e-03 1.20956531e+00 1.83627338e-02
9.80564421e-01 1.21429332e+00 -3.81674174e-03 1.21411129e+00 1.81419713e-02
9.80871321e-01 1.21881637e+00 -3.77614208e-03 1.21863949e+00 1.79210610e-02
9.81175801e-01 1.22332137e+00 -3.73533266e-03 1.22314954e+00 1.77000374e-02
9.81477862e-01 1.22780796e+00 -3.69432204e-03 1.22764108e+00 1.74789352e-02
9.81777503e-01 1.23227578e+00 -3.65311891e-03 1.23211375e+00 1.72577890e-02
9.82074722e-01 1.23672446e+00 -3.61173198e-03 1.23656719e+00 1.70366335e-02
9.82369519e-01 1.24115364e+00 -3.57017008e-03 1.24100104e+00 1.68155036e-02
9.82661894e-01 1.24556296e+00 -3.52844209e-03 1.24541494e+00 1.65944342e-02
9.82951845e-01 1.24995206e+00 -3.48655694e-03 1.24980852e+00 1.63734603e-02
9.83239372e-01 1.25432058e+00 -3.44452364e-03 1.25418143e+00 1.61526170e-02
9.83524474e-01 1.25866816e+00 -3.40235128e-03 1.25853331e+00 1.59319393e-02
9.83807150e-01 1.26299444e+00 -3.36004898e-03 1.26286380e+00 1.57114625e-02
9.84087401e-01 1.26729906e+00 -3.31762593e-03 1.26717254e+00 1.54912217e-02
9.84365224e-01 1.27158167e+00 -3.27509137e-03 1.27145917e+00 1.52712521e-02
9.84640620e-01 1.27584190e+00 -3.23245461e-03 1.27572335e+00 1.50515892e-02
9.84913588e-01 1.28007941e+00 -3.18972500e-03 1.27996471e+00 1.48322681e-02
9.85184126e-01 1.28429383e+00 -3.14691193e-03 1.28418290e+00 1.46133242e-02
9.85452235e-01 1.28848482e+00 -3.10402484e-03 1.28837757e+00 1.43947928e-02
9.85717914e-01 1.29265201e+00 -3.06107321e-03 1.29254836e+00 1.41767093e-02
9.85981162e-01 1.29679507e+00 -3.01806659e-03 1.29669493e+00 1.39591089e-02
9.86241978e-01 1.30091363e+00 -2.97501452e-03 1.30081693e+00 1.37420271e-02
9.86500362e-01 1.30500734e+00 -2.93192661e-03 1.30491399e+00 1.35254990e-02
9.86756313e-01 1.30907587e+00 -2.88881250e-03 1.30898579e+00 1.33095600e-02
9.87009830e-01 1.31311886e+00 -2.84568184e-03 1.31303197e+00 1.30942453e-02
9.87260914e-01 1.31713596e+00 -2.80254432e-03 1.31705218e+00 1.28795902e-02
9.87509562e-01 1.32112684e+00 -2.75940968e-03 1.32104609e+00 1.26656297e-02
9.87755776e-01 1.32509114e+00 -2.71628764e-03 1.32501335e+00 1.24523991e-02
9.87999553e-01 1.32902853e+00 -2.67318796e-03 1.32895362e+00 1.22399332e-02
9.88240894e-01 1.33293867e+00 -2.63012042e-03 1.33286656e+00 1.20282673e-02
9.88479797e-01 1.33682121e+00 -2.58709482e-03 1.33675183e+00 1.18174360e-02
9.88716263e-01 1.34067582e+00 -2.54412095e-03 1.34060910e+00 1.16074744e-02
9.88950290e-01 1.34450217e+00 -2.50120864e-03 1.34443803e+00 1.13984171e-02
9.89181879e-01 1.34829992e+00 -2.45836769e-03 1.34823829e+00 1.11902987e-02
9.89411028e-01 1.35206874e+00 -2.41560795e-03 1.35200956e+00 1.09831539e-02
9.89637737e-01 1.35580830e+00 -2.37293923e-03 1.35575149e+00 1.07770170e-02
9.89862005e-01 1.35951826e+00 -2.33037136e-03 1.35946376e+00 1.05719225e-02
9.90083833e-01 1.36319832e+00 -2.28791415e-03 1.36314606e+00 1.03679044e-02
9.90303218e-01 1.36684813e+00 -2.24557744e-03 1.36679804e+00 1.01649969e-02
9.90520161e-01 1.37046738e+00 -2.20337102e-03 1.37041940e+00 9.96323385e-03
9.90734662e-01 1.37405574e+00 -2.16130468e-03 1.37400981e+00 9.76264914e-03
9.90946719e-01 1.37761291e+00 -2.11938820e-03 1.37756896e+00 9.56327638e-03
9.91156332e-01 1.38113855e+00 -2.07763136e-03 1.38109652e+00 9.36514906e-03
9.91363501e-01 1.38463237e+00 -2.03604388e-03 1.38459220e+00 9.16830051e-03
9.91568226e-01 1.38809404e+00 -1.99463548e-03 1.38805567e+00 8.97276387e-03
9.91770504e-01 1.39152325e+00 -1.95341587e-03 1.39148663e+00 8.77857213e-03
9.91970337e-01 1.39491971e+00 -1.91239470e-03 1.39488477e+00 8.58575809e-03
9.92167724e-01 1.39828310e+00 -1.87158162e-03 1.39824979e+00 8.39435434e-03
9.92362663e-01 1.40161312e+00 -1.83098621e-03 1.40158138e+00 8.20439330e-03
9.92555155e-01 1.40490947e+00 -1.79061806e-03 1.40487926e+00 8.01590717e-03
9.92745200e-01 1.40817186e+00 -1.75048667e-03 1.40814311e+00 7.82892793e-03
9.92932796e-01 1.41139998e+00 -1.71060154e-03 1.41137265e+00 7.64348736e-03
9.93117944e-01 1.41459356e+00 -1.67097210e-03 1.41456758e+00 7.45961702e-03
9.93300642e-01 1.41775228e+00 -1.63160776e-03 1.41772763e+00 7.27734821e-03
9.93480891e-01 1.42087588e+00 -1.59251785e-03 1.42085249e+00 7.09671203e-03
9.93658689e-01 1.42396406e+00 -1.55371166e-03 1.42394189e+00 6.91773932e-03
9.93834037e-01 1.42701655e+00 -1.51519843e-03 1.42699555e+00 6.74046065e-03
9.94006934e-01 1.43003306e+00 -1.47698734e-03 1.43001318e+00 6.56490637e-03
9.94177380e-01 1.43301332e+00 -1.43908752e-03 1.43299452e+00 6.39110654e-03
9.94345374e-01 1.43595705e+00 -1.40150800e-03 1.43593929e+00 6.21909096e-03
9.94510915e-01 1.43886399e+00 -1.36425780e-03 1.43884723e+00 6.04888916e-03
9.94674004e-01 1.44173386e+00 -1.32734582e-03 1.44171806e+00 5.88053037e-03
9.94834640e-01 1.44456641e+00 -1.29078092e-03 1.44455152e+00 5.71404357e-03
9.94992823e-01 1.44736137e+00 -1.25457189e-03 1.44734736e+00 5.54945740e-03
9.95148552e-01 1.45011849e+00 -1.21872743e-03 1.45010531e+00 5.38680023e-03
9.95301826e-01 1.45283750e+00 -1.18325617e-03 1.45282512e+00 5.22610011e-03
9.95452646e-01 1.45551816e+00 -1.14816664e-03 1.45550655e+00 5.06738480e-03
9.95601011e-01 1.45816022e+00 -1.11346733e-03 1.45814933e+00 4.91068170e-03
9.95746921e-01 1.46076343e+00 -1.07916660e-03 1.46075324e+00 4.75601794e-03
9.95890375e-01 1.46332756e+00 -1.04527274e-03 1.46331803e+00 4.60342028e-03
9.96031373e-01 1.46585235e+00 -1.01179397e-03 1.46584345e+00 4.45291516e-03
9.96169914e-01 1.46833759e+00 -9.78738387e-04 1.46832929e+00 4.30452867e-03
9.96305999e-01 1.47078303e+00 -9.46114005e-04 1.47077529e+00 4.15828658e-03
9.96439627e-01 1.47318844e+00 -9.13928745e-04 1.47318125e+00 4.01421428e-03
9.96570797e-01 1.47555361e+00 -8.82190425e-04 1.47554693e+00 3.87233681e-03
9.96699510e-01 1.47787830e+00 -8.50906760e-04 1.47787211e+00 3.73267885e-03
9.96825765e-01 1.48016231e+00 -8.20085366e-04 1.48015657e+00 3.59526473e-03
9.96949561e-01 1.48240542e+00 -7.89733749e-04 1.48240011e+00 3.46011837e-03
9.97070899e-01 1.48460741e+00 -7.59859309e-04 1.48460251e+00 3.32726335e-03
9.97189778e-01 1.48676808e+00 -7.30469335e-04 1.48676357e+00 3.19672284e-03
9.97306197e-01 1.48888723e+00 -7.01571003e-04 1.48888307e+00 3.06851963e-03
9.97420157e-01 1.49096465e+00 -6.73171376e-04 1.49096084e+00 2.94267613e-03
9.97531657e-01 1.49300015e+00 -6.45277401e-04 1.49299666e+00 2.81921433e-03
9.97640697e-01 1.49499354e+00 -6.17895903e-04 1.49499035e+00 2.69815583e-03
9.97747277e-01 1.49694463e+00 -5.91033591e-04 1.49694171e+00 2.57952183e-03
9.97851396e-01 1.49885324e+00 -5.64697049e-04 1.49885058e+00 2.46333311e-03
9.97953055e-01 1.50071917e+00 -5.38892737e-04 1.50071676e+00 2.34961002e-03
9.98052252e-01 1.50254226e+00 -5.13626989e-04 1.50254008e+00 2.23837253e-03
9.98148988e-01 1.50432234e+00 -4.88906011e-04 1.50432036e+00 2.12964013e-03
9.98243262e-01 1.50605923e+00 -4.64735879e-04 1.50605745e+00 2.02343193e-03
9.98335074e-01 1.50775277e+00 -4.41122538e-04 1.50775116e+00 1.91976659e-03
9.98424424e-01 1.50940279e+00 -4.18071798e-04 1.50940136e+00 1.81866232e-03
9.98511312e-01 1.51100915e+00 -3.95589336e-04 1.51100787e+00 1.72013690e-03
9.98595738e-01 1.51257168e+00 -3.73680691e-04 1.51257054e+00 1.62420767e-03
9.98677701e-01 1.51409025e+00 -3.52351263e-04 1.51408923e+00 1.53089151e-03
9.98757201e-01 1.51556469e+00 -3.31606314e-04 1.51556379e+00 1.44020486e-03
9.98834237e-01 1.51699488e+00 -3.11450964e-04 1.51699409e+00 1.35216369e-03
9.98908811e-01 1.51838067e+00 -2.91890188e-04 1.51837998e+00 1.26678353e-03
9.98980921e-01 1.51972194e+00 -2.72928818e-04 1.51972133e+00 1.18407943e-03
9.99050567e-01 1.52101855e+00 -2.54571542e-04 1.52101803e+00 1.10406598e-03
9.99117750e-01 1.52227038e+00 -2.36822897e-04 1.52226993e+00 1.02675730e-03
9.99182468e-01 1.52347732e+00 -2.19687275e-04 1.52347692e+00 9.52167041e-04
9.99244723e-01 1.52463923e+00 -2.03168915e-04 1.52463890e+00 8.80308380e-04
9.99304513e-01 1.52575602e+00 -1.87271908e-04 1.52575574e+00 8.11194009e-04
9.99361839e-01 1.52682758e+00 -1.72000190e-04 1.52682734e+00 7.44836146e-04
9.99416700e-01 1.52785380e+00 -1.57357546e-04 1.52785360e+00 6.81246522e-04
9.99469096e-01 1.52883458e+00 -1.43347604e-04 1.52883442e+00 6.20436382e-04
9.99519028e-01 1.52976984e+00 -1.29973838e-04 1.52976970e+00 5.62416486e-04
9.99566494e-01 1.53065947e+00 -1.17239566e-04 1.53065936e+00 5.07197100e-04
9.99611495e-01 1.53150340e+00 -1.05147945e-04 1.53150331e+00 4.54787998e-04
9.99654032e-01 1.53230154e+00 -9.37019772e-05 1.53230147e+00 4.05198460e-04
9.99694102e-01 1.53305382e+00 -8.29045036e-05 1.53305377e+00 3.58437268e-04
9.99731708e-01 1.53376017e+00 -7.27582053e-05 1.53376012e+00 3.14512704e-04
9.99766848e-01 1.53442050e+00 -6.32656020e-05 1.53442047e+00 2.73432552e-04
9.99799522e-01 1.53503478e+00 -5.44290519e-05 1.53503475e+00 2.35204090e-04
9.99829731e-01 1.53560292e+00 -4.62507506e-05 1.53560290e+00 1.99834095e-04
9.99857474e-01 1.53612488e+00 -3.87327305e-05 1.53612487e+00 1.67328836e-04
9.99882751e-01 1.53660061e+00 -3.18768602e-05 1.53660061e+00 1.37694076e-04
9.99905562e-01 1.53703007e+00 -2.56848441e-05 1.53703006e+00 1.10935071e-04
9.99925908e-01 1.53741320e+00 -2.01582215e-05 1.53741320e+00 8.70565647e-05
9.99943787e-01 1.53774998e+00 -1.52983664e-05 1.53774998e+00 6.60627917e-05
9.99959200e-01 1.53804037e+00 -1.11064870e-05 1.53804037e+00 4.79574733e-05
9.99972148e-01 1.53828434e+00 -7.58362459e-06 1.53828434e+00 3.27438157e-05
9.99982629e-01 1.53848187e+00 -4.73065213e-06 1.53848187e+00 2.04245042e-05
9.99990644e-01 1.53863294e+00 -2.54826959e-06 1.53863294e+00 1.10016822e-05
9.99996193e-01 1.53873755e+00 -1.03697878e-06 1.53873755e+00 4.47684411e-06
9.99999277e-01 1.53879569e+00 -1.96819945e-07 1.53879569e+00 8.49698298e-07
