-9.99999277e-01 3.72526110e-02 -4.08350615e-05 -3.72524911e-02 3.00386161e-05
-9.99996193e-01 3.69883373e-02 -2.13580074e-04 -3.69850210e-02 1.57401299e-04
-9.99990644e-01 3.65234770e-02 -5.17985420e-04 -3.65035865e-02 3.83012468e-04
-9.99982629e-01 3.58756600e-02 -9.43432195e-04 -3.58077836e-02 7.00992284e-04
-9.99972148e-01 3.50696024e-02 -1.47500940e-03 -3.48973984e-02 1.10301618e-03
-9.99959200e-01 3.41360955e-02 -2.09410967e-03 -3.37725571e-02 1.57860248e-03
-9.99943787e-01 3.31108532e-02 -2.77910345e-03 -3.24340010e-02 2.11542405e-03
-9.99925908e-01 3.20331962e-02 -3.50610889e-03 -3.08833995e-02 2.69966569e-03
-9.99905562e-01 3.09446228e-02 -4.24982967e-03 -2.91236785e-02 3.31641686e-03
-9.99882751e-01 2.98873229e-02 -4.98442763e-03 -2.71593440e-02 3.95008576e-03
-9.99857474e-01 2.89026955e-02 -5.68439661e-03 -2.49967806e-02 4.58482026e-03
-9.99829731e-01 2.80299250e-02 -6.32540489e-03 -2.26445094e-02 5.20492142e-03
-9.99799522e-01 2.73046683e-02 -6.88507620e-03 -2.01133878e-02 5.79523580e-03
-9.99766848e-01 2.67578993e-02 -7.34368304e-03 -1.74167406e-02 6.34151467e-03
-9.99731708e-01 2.64149463e-02 -7.68473069e-03 -1.45704123e-02 6.83072935e-03
-9.99694102e-01 2.62947514e-02 -7.89541569e-03 -1.15927368e-02 7.25133478e-03
-9.99654032e-01 2.64093674e-02 -7.96694788e-03 -8.50442243e-03 7.59347549e-03
-9.99611495e-01 2.67637006e-02 -7.89473109e-03 -5.32835654e-03 7.84913064e-03
-9.99566494e-01 2.73554969e-02 -7.67840262e-03 -2.08933474e-03 8.01219768e-03
-9.99519028e-01 2.81755581e-02 -7.32173679e-03 1.18627495e-03 8.07851641e-03
-9.99469096e-01 2.92081712e-02 -6.83242202e-03 4.47092153e-03 8.04583737e-03
-9.99416700e-01 3.04317226e-02 -6.22172462e-03 7.73630050e-03 7.91374070e-03
-9.99361839e-01 3.18194677e-02 -5.50405510e-03 1.09538091e-02 7.68351297e-03
-9.99304513e-01 3.33404221e-02 -4.69645509e-03 1.40950127e-02 7.35799050e-03
-9.99244723e-01 3.49603377e-02 -3.81802399e-03 1.71321079e-02 6.94137862e-03
-9.99182468e-01 3.66427293e-02 -2.88930527e-03 2.00383700e-02 6.43905636e-03
-9.99117750e-01 3.83499161e-02 -1.93165198e-03 2.27885726e-02 5.85737576e-03
-9.99050567e-01 4.00440457e-02 -9.66590791e-04 2.53593705e-02 5.20346452e-03
-9.98980921e-01 4.16880728e-02 -1.52026207e-05 2.77296382e-02 4.48503966e-03
-9.98908811e-01 4.32466651e-02 9.02463637e-04 2.98807585e-02 3.71023830e-03
-9.98834237e-01 4.46870183e-02 1.76792919e-03 3.17968589e-02 2.88747045e-03
-9.98757201e-01 4.59795613e-02 2.56476238e-03 3.34649941e-02 2.02529679e-03
-9.98677701e-01 4.70985421e-02 3.27898380e-03 3.48752750e-02 1.13233273e-03
-9.98595738e-01 4.80224860e-02 3.89939082e-03 3.60209476e-02 2.17178225e-04
-9.98511312e-01 4.87345234e-02 4.41779533e-03 3.68984221e-02 -7.11628706e-04
-9.98424424e-01 4.92225884e-02 4.82917052e-03 3.75072590e-02 -1.64563842e-03
-9.98335074e-01 4.94794911e-02 5.13170520e-03 3.78501130e-02 -2.57650071e-03
-9.98243262e-01 4.95028722e-02 5.32676622e-03 3.79326405e-02 -3.49596614e-03
-9.98148988e-01 4.92950479e-02 5.41877187e-03 3.77633737e-02 -4.39588386e-03
-9.98052252e-01 4.88627557e-02 5.41498142e-03 3.73535643e-02 -5.26820200e-03
-9.97953055e-01 4.82168153e-02 5.32520789e-03 3.67169997e-02 -6.10497677e-03
-9.97851396e-01 4.73717155e-02 5.16146310e-03 3.58697939e-02 -6.89839535e-03
-9.97747277e-01 4.63451420e-02 4.93754580e-03 3.48301545e-02 -7.64081707e-03
-9.97640697e-01 4.51574604e-02 4.66858511e-03 3.36181280e-02 -8.32483553e-03
-9.97531657e-01 4.38311671e-02 4.37055280e-03 3.22553236e-02 -8.94336329e-03
-9.97420157e-01 4.23903216e-02 4.05975867e-03 3.07646183e-02 -9.48973859e-03
-9.97306197e-01 4.08599740e-02 3.75234411e-03 2.91698425e-02 -9.95785218e-03
-9.97189778e-01 3.92655996e-02 3.46378870e-03 2.74954514e-02 -1.03422903e-02
-9.97070899e-01 3.76325514e-02 3.20844483e-03 2.57661809e-02 -1.06384887e-02
-9.96949561e-01 3.59855428e-02 2.99911428e-03 2.40066954e-02 -1.08428905e-02
-9.96825765e-01 3.43481679e-02 2.84667960e-03 2.22412281e-02 -1.09531006e-02
-9.96699510e-01 3.27424707e-02 2.75980159e-03 2.04932211e-02 -1.09680288e-02
-9.96570797e-01 3.11885679e-02 2.74469199e-03 1.87849712e-02 -1.08880111e-02
-9.96439627e-01 2.97043325e-02 2.80496802e-03 1.71372861e-02 -1.07149040e-02
-9.96305999e-01 2.83051433e-02 2.94159276e-03 1.55691607e-02 -1.04521408e-02
-9.96169914e-01 2.70037015e-02 3.15290242e-03 1.40974798e-02 -1.01047471e-02
-9.96031373e-01 2.58099168e-02 3.43471827e-03 1.27367549e-02 -9.67930821e-03
-9.95890375e-01 2.47308628e-02 3.78053832e-03 1.14989031e-02 -9.18388651e-03
-9.95746921e-01 2.37707994e-02 4.18180063e-03 1.03930751e-02 -8.62788924e-03
-9.95601011e-01 2.29312579e-02 4.62820776e-03 9.42553879e-03 -8.02188723e-03
-9.95452646e-01 2.22111856e-02 5.10809968e-03 8.59962250e-03 -7.37738967e-03
-9.95301826e-01 2.16071420e-02 5.60886067e-03 7.91572285e-03 -6.70658109e-03
-9.95148552e-01 2.11135402e-02 6.11734491e-03 7.37137800e-03 -6.02202939e-03
-9.94992823e-01 2.07229247e-02 6.62030498e-03 6.96140670e-03 -5.33637498e-03
-9.94834640e-01 2.04262784e-02 7.10480787e-03 6.67811087e-03 -4.66201268e-03
-9.94674004e-01 2.02133473e-02 7.55862404e-03 6.51153743e-03 -4.01077847e-03
-9.94510915e-01 2.00729768e-02 7.97057692e-03 6.44979305e-03 -3.39365334e-03
-9.94345374e-01 1.99934491e-02 8.33084185e-03 6.47940363e-03 -2.82049581e-03
-9.94177380e-01 1.99628138e-02 8.63118672e-03 6.58570845e-03 -2.29981372e-03
-9.94006934e-01 1.99692042e-02 8.86514852e-03 6.75327786e-03 -1.83858371e-03
-9.93834037e-01 2.00011329e-02 9.02814353e-03 6.96634215e-03 -1.44212514e-03
-9.93658689e-01 2.00477598e-02 9.11751122e-03 7.20921874e-03 -1.11403229e-03
-9.93480891e-01 2.00991277e-02 9.13249480e-03 7.46672510e-03 -8.56166018e-04
-9.93300642e-01 2.01463615e-02 9.07416350e-03 7.72456474e-03 -6.68703591e-04
-9.93117944e-01 2.01818286e-02 8.94528347e-03 7.96967503e-03 -5.50242414e-04
-9.92932796e-01 2.01992560e-02 8.75014593e-03 8.19052671e-03 -4.97951311e-04
-9.92745200e-01 2.01938059e-02 8.49436158e-03 8.37736664e-03 -5.07760966e-04
-9.92555155e-01 2.01621074e-02 8.18463127e-03 8.52239766e-03 -5.74583680e-04
-9.92362663e-01 2.01022459e-02 7.82850235e-03 8.61989133e-03 -6.92551703e-04
-9.92167724e-01 2.00137118e-02 7.43412004e-03 8.66623205e-03 -8.55263062e-04
-9.91970337e-01 1.98973105e-02 7.00998218e-03 8.65989319e-03 -1.05602404e-03
-9.91770504e-01 1.97550385e-02 6.56470467e-03 8.60134841e-03 -1.28807827e-03
-9.91568226e-01 1.95899284e-02 6.10680380e-03 8.49292347e-03 -1.54481357e-03
-9.91363501e-01 1.94058690e-02 5.64450021e-03 8.33859565e-03 -1.81993942e-03
-9.91156332e-01 1.92074054e-02 5.18554810e-03 8.14374989e-03 -2.10762972e-03
-9.90946719e-01 1.89995275e-02 4.73709186e-03 7.91490149e-03 -2.40262758e-03
-9.90734662e-01 1.87874511e-02 4.30555130e-03 7.65939665e-03 -2.70031100e-03
-9.90520161e-01 1.85764004e-02 3.89653548e-03 7.38510195e-03 -2.99672038e-03
-9.90303218e-01 1.83713996e-02 3.51478433e-03 7.10009423e-03 -3.28855044e-03
-9.90083833e-01 1.81770780e-02 3.16413667e-03 6.81236171e-03 -3.57311097e-03
-9.89862005e-01 1.79974975e-02 2.84752241e-03 6.52952632e-03 -3.84826194e-03
-9.89637737e-01 1.78360064e-02 2.56697658e-03 6.25859583e-03 -4.11232933e-03
-9.89411028e-01 1.76951251e-02 2.32367245e-03 6.00575331e-03 -4.36400884e-03
-9.89181879e-01 1.75764658e-02 2.11797099e-03 5.77618901e-03 -4.60226420e-03
-9.88950290e-01 1.74806899e-02 1.94948371e-03 5.57397867e-03 -4.82622706e-03
-9.88716263e-01 1.74075026e-02 1.81714625e-03 5.40200965e-03 -5.03510446e-03
-9.88479797e-01 1.73556844e-02 1.71929975e-03 5.26195487e-03 -5.22809905e-03
-9.88240894e-01 1.73231565e-02 1.65377781e-03 5.15429240e-03 -5.40434632e-03
-9.87999553e-01 1.73070784e-02 1.61799623e-03 5.07836723e-03 -5.56287141e-03
-9.87755776e-01 1.73039701e-02 1.60904375e-03 5.03249005e-03 -5.70256741e-03
-9.87509562e-01 1.73098569e-02 1.62377133e-03 5.01406698e-03 -5.82219505e-03
-9.87260914e-01 1.73204270e-02 1.65887850e-03 5.01975323e-03 -5.92040320e-03
-9.87009830e-01 1.73311973e-02 1.71099495e-03 5.04562341e-03 -5.99576779e-03
-9.86756313e-01 1.73376803e-02 1.77675597e-03 5.08735073e-03 -6.04684663e-03
-9.86500362e-01 1.73355447e-02 1.85287058e-03 5.14038790e-03 -6.07224621e-03
-9.86241978e-01 1.73207645e-02 1.93618140e-03 5.20014278e-03 -6.07069666e-03
-9.85981162e-01 1.72897513e-02 2.02371555e-03 5.26214265e-03 -6.04113049e-03
-9.85717914e-01 1.72394644e-02 2.11272614e-03 5.32218198e-03 -5.98276098e-03
-9.85452235e-01 1.71674974e-02 2.20072436e-03 5.37644968e-03 -5.89515599e-03
-9.85184126e-01 1.70721382e-02 2.28550221e-03 5.42163295e-03 -5.77830373e-03
-9.84913588e-01 1.69524022e-02 2.36514648e-03 5.45499623e-03 -5.63266714e-03
-9.84640620e-01 1.68080403e-02 2.43804472e-03 5.47443458e-03 -5.45922454e-03
-9.84365224e-01 1.66395217e-02 2.50288424e-03 5.47850237e-03 -5.25949446e-03
-9.84087401e-01 1.64479968e-02 2.55864524e-03 5.46641854e-03 -5.03554369e-03
-9.83807150e-01 1.62352409e-02 2.60458951e-03 5.43805075e-03 -4.78997785e-03
-9.83524474e-01 1.60035844e-02 2.64024590e-03 5.39388106e-03 -4.52591472e-03
-9.83239372e-01 1.57558331e-02 2.66539397e-03 5.33495618e-03 -4.24694105e-03
-9.82951845e-01 1.54951817e-02 2.68004685e-03 5.26282524e-03 -3.95705404e-03
-9.82661894e-01 1.52251244e-02 2.68443436e-03 5.17946827e-03 -3.66058906e-03
-9.82369519e-01 1.49493660e-02 2.67898703e-03 5.08721809e-03 -3.36213589e-03
-9.82074722e-01 1.46717347e-02 2.66432135e-03 4.98867815e-03 -3.06644532e-03
-9.81777503e-01 1.43961000e-02 2.64122648e-03 4.88663848e-03 -2.77832910e-03
-9.81477862e-01 1.41262946e-02 2.61065188e-03 4.78399178e-03 -2.50255531e-03
-9.81175801e-01 1.38660429e-02 2.57369572e-03 4.68365090e-03 -2.24374235e-03
-9.80871321e-01 1.36188945e-02 2.53159299e-03 4.58846936e-03 -2.00625383e-03
-9.80564421e-01 1.33881636e-02 2.48570260e-03 4.50116576e-03 -1.79409735e-03
-9.80255103e-01 1.31768728e-02 2.43749261e-03 4.42425322e-03 -1.61082958e-03
-9.79943368e-01 1.29877023e-02 2.38852263e-03 4.35997476e-03 -1.45947026e-03
-9.79629216e-01 1.28229430e-02 2.34042274e-03 4.31024563e-03 -1.34242721e-03
-9.79312648e-01 1.26844540e-02 2.29486841e-03 4.27660337e-03 -1.26143465e-03
-9.78993665e-01 1.25736248e-02 2.25355125e-03 4.26016672e-03 -1.21750622e-03
-9.78672267e-01 1.24913431e-02 2.21814575e-03 4.26160415e-03 -1.21090435e-03
-9.78348456e-01 1.24379683e-02 2.19027225e-03 4.28111292e-03 -1.24112674e-03
-9.78022233e-01 1.24133128e-02 2.17145717e-03 4.31840931e-03 -1.30691051e-03
-9.77693597e-01 1.24166313e-02 2.16309127e-03 4.37273051e-03 -1.40625412e-03
-9.77362550e-01 1.24466202e-02 2.16638747e-03 4.44284841e-03 -1.53645657e-03
-9.77029093e-01 1.25014282e-02 2.18233945e-03 4.52709524e-03 -1.69417292e-03
-9.76693226e-01 1.25786785e-02 2.21168278e-03 4.62340059e-03 -1.87548499e-03
-9.76354950e-01 1.26755036e-02 2.25486009e-03 4.72933902e-03 -2.07598533e-03
-9.76014267e-01 1.27885940e-02 2.31199181e-03 4.84218726e-03 -2.29087246e-03
-9.75671177e-01 1.29142582e-02 2.38285398e-03 4.95898937e-03 -2.51505511e-03
-9.75325680e-01 1.30484965e-02 2.46686431e-03 5.07662836e-03 -2.74326286e-03
-9.74977778e-01 1.31870847e-02 2.56307753e-03 5.19190223e-03 -2.97016063e-03
-9.74627472e-01 1.33256677e-02 2.67019079e-03 5.30160257e-03 -3.19046429e-03
-9.74274762e-01 1.34598613e-02 2.78655942e-03 5.40259341e-03 -3.39905491e-03
-9.73919650e-01 1.35853580e-02 2.91022324e-03 5.49188849e-03 -3.59108888e-03
-9.73562135e-01 1.36980360e-02 3.03894306e-03 5.56672483e-03 -3.76210181e-03
-9.73202220e-01 1.37940682e-02 3.17024662e-03 5.62463081e-03 -3.90810374e-03
-9.72839904e-01 1.38700265e-02 3.30148310e-03 5.66348701e-03 -4.02566373e-03
-9.72475189e-01 1.39229807e-02 3.42988472e-03 5.68157851e-03 -4.11198198e-03
-9.72108076e-01 1.39505875e-02 3.55263376e-03 5.67763724e-03 -4.16494803e-03
-9.71738566e-01 1.39511661e-02 3.66693304e-03 5.65087357e-03 -4.18318353e-03
-9.71366659e-01 1.39237595e-02 3.77007778e-03 5.60099647e-03 -4.16606869e-03
-9.70992357e-01 1.38681778e-02 3.85952659e-03 5.52822167e-03 -4.11375173e-03
-9.70615660e-01 1.37850213e-02 3.93296911e-03 5.43326791e-03 -4.02714065e-03
-9.70236569e-01 1.36756835e-02 3.98838837e-03 5.31734117e-03 -3.90787769e-03
-9.69855086e-01 1.35423311e-02 4.02411545e-03 5.18210757e-03 -3.75829633e-03
-9.69471210e-01 1.33878631e-02 4.03887476e-03 5.02965527e-03 -3.58136184e-03
-9.69084944e-01 1.32158475e-02 4.03181810e-03 4.86244663e-03 -3.38059633e-03
-9.68696288e-01 1.30304376e-02 4.00254643e-03 4.68326149e-03 -3.15998978e-03
-9.68305243e-01 1.28362707e-02 3.95111829e-03 4.49513309e-03 -2.92389913e-03
-9.67911810e-01 1.26383502e-02 3.87804447e-03 4.30127823e-03 -2.67693757e-03
-9.67515990e-01 1.24419154e-02 3.78426879e-03 4.10502328e-03 -2.42385696e-03
-9.67117784e-01 1.22523016e-02 3.67113552e-03 3.90972792e-03 -2.16942629e-03
-9.66717192e-01 1.20747965e-02 3.54034417e-03 3.71870859e-03 -1.91830968e-03
-9.66314217e-01 1.19144944e-02 3.39389296e-03 3.53516339e-03 -1.67494749e-03
-9.65908859e-01 1.17761545e-02 3.23401261e-03 3.36210037e-03 -1.44344410e-03
-9.65501118e-01 1.16640672e-02 3.06309249e-03 3.20227091e-03 -1.22746624e-03
-9.65090997e-01 1.15819318e-02 2.88360147e-03 3.05810967e-03 -1.03015518e-03
-9.64678495e-01 1.15327499e-02 2.69800612e-03 2.93168247e-03 -8.54056102e-04
-9.64263614e-01 1.15187368e-02 2.50868913e-03 2.82464308e-03 -7.01067387e-04
-9.63846355e-01 1.15412556e-02 2.31787101e-03 2.73819978e-03 -5.72411807e-04
-9.63426720e-01 1.16007725e-02 2.12753804e-03 2.67309208e-03 -4.68631028e-04
-9.63004708e-01 1.16968380e-02 1.93937971e-03 2.62957783e-03 -3.89603766e-04
-9.62580321e-01 1.18280922e-02 1.75473825e-03 2.60743071e-03 -3.34587024e-04
-9.62153561e-01 1.19922949e-02 1.57457295e-03 2.60594782e-03 -3.02278787e-04
-9.61724427e-01 1.21863785e-02 1.39944135e-03 2.62396693e-03 -2.90899568e-04
-9.61292922e-01 1.24065237e-02 1.22949850e-03 2.65989296e-03 -2.98289281e-04
-9.60859046e-01 1.26482539e-02 1.06451528e-03 2.71173309e-03 -3.22015149e-04
-9.60422801e-01 1.29065461e-02 9.03915413e-04 2.77713976e-03 -3.59485798e-04
-9.59984187e-01 1.31759562e-02 7.46830119e-04 2.85346118e-03 -4.08066332e-04
-9.59543205e-01 1.34507533e-02 5.92168567e-04 2.93779841e-03 -4.65189154e-04
-9.59099857e-01 1.37250606e-02 4.38701080e-04 3.02706872e-03 -5.28455489e-04
-9.58654144e-01 1.39929991e-02 2.85151512e-04 3.11807409e-03 -5.95723076e-04
-9.58206066e-01 1.42488300e-02 1.30294477e-04 3.20757444e-03 -6.65176230e-04
-9.57755626e-01 1.44870918e-02 -2.69473548e-05 3.29236439e-03 -7.35375442e-04
-9.57302823e-01 1.47027304e-02 -1.87410836e-04 3.36935251e-03 -8.05284772e-04
-9.56847660e-01 1.48912170e-02 -3.51609742e-04 3.43564172e-03 -8.74276512e-04
-9.56390137e-01 1.50486526e-02 -5.19666584e-04 3.48860924e-03 -9.42113787e-04
-9.55930255e-01 1.51718560e-02 -6.91262857e-04 3.52598415e-03 -1.00891292e-03
-9.55468016e-01 1.52584337e-02 -8.65610958e-04 3.54592058e-03 -1.07508844e-03
-9.55003420e-01 1.53068299e-02 -1.04144997e-03 3.54706411e-03 -1.14128439e-03
-9.54536469e-01 1.53163565e-02 -1.21706643e-03 3.52860905e-03 -1.20829634e-03
-9.54067164e-01 1.52872006e-02 -1.39033983e-03 3.49034403e-03 -1.27698875e-03
-9.53595507e-01 1.52204120e-02 -1.55881166e-03 3.43268361e-03 -1.34821254e-03
-9.53121497e-01 1.51178684e-02 -1.71977519e-03 3.35668362e-03 -1.42272743e-03
-9.52645137e-01 1.49822216e-02 -1.87038254e-03 3.26403850e-03 -1.50113348e-03
-9.52166428e-01 1.48168242e-02 -2.00776426e-03 3.15705921e-03 -1.58381526e-03
-9.51685370e-01 1.46256393e-02 -2.12915628e-03 3.03863093e-03 -1.67090160e-03
-9.51201965e-01 1.44131355e-02 -2.23202840e-03 2.91215055e-03 -1.76224277e-03
-9.50716215e-01 1.41841695e-02 -2.31420828e-03 2.78144449e-03 -1.85740607e-03
-9.50228120e-01 1.39438593e-02 -2.37399524e-03 2.65066850e-03 -1.95568950e-03
-9.49737681e-01 1.36974513e-02 -2.41025804e-03 2.52419169e-03 -2.05615266e-03
-9.49244901e-01 1.34501845e-02 -2.42251205e-03 2.40646780e-03 -2.15766260e-03
-9.48749779e-01 1.32071565e-02 -2.41097150e-03 2.30189772e-03 -2.25895206e-03
-9.48252318e-01 1.29731933e-02 -2.37657393e-03 2.21468757e-03 -2.35868639e-03
-9.47752518e-01 1.27527282e-02 -2.32097498e-03 2.14870715e-03 -2.45553574e-03
-9.47250380e-01 1.25496927e-02 -2.24651297e-03 2.10735409e-03 -2.54824801e-03
-9.46745907e-01 1.23674227e-02 -2.15614425e-03 2.09342871e-03 -2.63571897e-03
-9.46239099e-01 1.22085825e-02 -2.05335127e-03 2.10902473e-03 -2.71705543e-03
-9.45729957e-01 1.20751100e-02 -1.94202708e-03 2.15544038e-03 -2.79162820e-03
-9.45218483e-01 1.19681839e-02 -1.82634054e-03 2.23311393e-03 -2.85911207e-03
-9.44704677e-01 1.18882139e-02 -1.71058794e-03 2.34158671e-03 -2.91951053e-03
-9.44188542e-01 1.18348545e-02 -1.59903711e-03 2.47949585e-03 -2.97316432e-03
-9.43670079e-01 1.18070418e-02 -1.49577051e-03 2.64459751e-03 -3.02074314e-03
-9.43149288e-01 1.18030513e-02 -1.40453412e-03 2.83382048e-03 -3.06322132e-03
-9.42626171e-01 1.18205752e-02 -1.32859836e-03 3.04334850e-03 -3.10183867e-03
-9.42100730e-01 1.18568158e-02 -1.27063702e-03 3.26872863e-03 -3.13804893e-03
-9.41572965e-01 1.19085915e-02 -1.23262915e-03 3.50500166e-03 -3.17345842e-03
-9.41042878e-01 1.19724526e-02 -1.21578791e-03 3.74684988e-03 -3.20975843e-03
-9.40510470e-01 1.20448009e-02 -1.22051904e-03 3.98875669e-03 -3.24865477e-03
-9.39975743e-01 1.21220104e-02 -1.24641012e-03 4.22517187e-03 -3.29179829e-03
-9.39438698e-01 1.22005454e-02 -1.29225057e-03 4.45067667e-03 -3.34071991e-03
-9.38899336e-01 1.22770698e-02 -1.35608063e-03 4.66014233e-03 -3.39677326e-03
-9.38357658e-01 1.23485476e-02 -1.43526662e-03 4.84887653e-03 -3.46108777e-03
-9.37813667e-01 1.24123285e-02 -1.52659822e-03 5.01275274e-03 -3.53453402e-03
-9.37267362e-01 1.24662188e-02 -1.62640318e-03 5.14831810e-03 -3.61770258e-03
-9.36718746e-01 1.25085344e-02 -1.73067390e-03 5.25287674e-03 -3.71089681e-03
-9.36167820e-01 1.25381359e-02 -1.83520016e-03 5.32454642e-03 -3.81413882e-03
-9.35614585e-01 1.25544454e-02 -1.93570266e-03 5.36228748e-03 -3.92718762e-03
-9.35059043e-01 1.25574441e-02 -2.02796194e-03 5.36590427e-03 -4.04956719e-03
-9.34501195e-01 1.25476536e-02 -2.10793803e-03 5.33602031e-03 -4.18060219e-03
-9.33941042e-01 1.25261005e-02 -2.17187727e-03 5.27402923e-03 -4.31945839e-03
-9.33378586e-01 1.24942671e-02 -2.21640307e-03 5.18202454e-03 -4.46518488e-03
-9.32813828e-01 1.24540284e-02 -2.23858891e-03 5.06271145e-03 -4.61675519e-03
-9.32246769e-01 1.24075809e-02 -2.23601253e-03 4.91930491e-03 -4.77310454e-03
-9.31677412e-01 1.23573609e-02 -2.20679132e-03 4.75541765e-03 -4.93316112e-03
-9.31105757e-01 1.23059593e-02 -2.14959976e-03 4.57494250e-03 -5.09586958e-03
-9.30531805e-01 1.22560319e-02 -2.06367025e-03 4.38193286e-03 -5.26020554e-03
-9.29955559e-01 1.22102087e-02 -1.94877947e-03 4.18048518e-03 -5.42518086e-03
-9.29377019e-01 1.21710061e-02 -1.80522247e-03 3.97462667e-03 -5.58983971e-03
-9.28796187e-01 1.21407406e-02 -1.63377703e-03 3.76821144e-03 -5.75324653e-03
-9.28213065e-01 1.21214510e-02 -1.43566085e-03 3.56482755e-03 -5.91446704e-03
-9.27627654e-01 1.21148268e-02 -1.21248387e-03 3.36771706e-03 -6.07254453e-03
-9.27039955e-01 1.21221476e-02 -9.66197976e-04 3.17971083e-03 -6.22647342e-03
-9.26449969e-01 1.21442347e-02 -6.99045984e-04 3.00317908e-03 -6.37517281e-03
-9.25857699e-01 1.21814155e-02 -4.13511357e-04 2.83999860e-03 -6.51746228e-03
-9.25263146e-01 1.22335036e-02 -1.12269897e-04 2.69153671e-03 -6.65204267e-03
-9.24666310e-01 1.22997941e-02 2.01855830e-04 2.55865186e-03 -6.77748379e-03
-9.24067195e-01 1.23790757e-02 5.25938923e-04 2.44171022e-03 -6.89222113e-03
-9.23465800e-01 1.24696594e-02 8.56987292e-04 2.34061720e-03 -6.99456281e-03
-9.22862128e-01 1.25694228e-02 1.19197969e-03 2.25486249e-03 -7.08270766e-03
-9.22256180e-01 1.26758700e-02 1.52789899e-03 2.18357671e-03 -7.15477460e-03
-9.21647958e-01 1.27862050e-02 1.86176320e-03 2.12559751e-03 -7.20884282e-03
-9.21037462e-01 1.28974165e-02 2.19065479e-03 2.07954275e-03 -7.24300173e-03
-9.20424696e-01 1.30063713e-02 2.51174888e-03 2.04388785e-03 -7.25540883e-03
-9.19809659e-01 1.31099144e-02 2.82234076e-03 2.01704471e-03 -7.24435332e-03
-9.19192354e-01 1.32049702e-02 3.11987318e-03 1.99743910e-03 -7.20832265e-03
-9.18572782e-01 1.32886437e-02 3.40196357e-03 1.98358377e-03 -7.14606906e-03
-9.17950945e-01 1.33583162e-02 3.66643117e-03 1.97414457e-03 -7.05667273e-03
-9.17326844e-01 1.34117326e-02 3.91132404e-03 1.96799700e-03 -6.93959860e-03
-9.16700480e-01 1.34470766e-02 4.13494528e-03 1.96427122e-03 -6.79474339e-03
-9.16071856e-01 1.34630316e-02 4.33587812e-03 1.96238373e-03 -6.62247046e-03
-9.15440973e-01 1.34588230e-02 4.51300887e-03 1.96205463e-03 -6.42362986e-03
-9.14807832e-01 1.34342429e-02 4.66554697e-03 1.96330978e-03 -6.19956206e-03
-9.14172435e-01 1.33896532e-02 4.79304094e-03 1.96646805e-03 -5.95208423e-03
-9.13534783e-01 1.33259692e-02 4.89538942e-03 1.97211406e-03 -5.68345881e-03
-9.12894879e-01 1.32446230e-02 4.97284605e-03 1.98105803e-03 -5.39634504e-03
-9.12252723e-01 1.31475089e-02 5.02601752e-03 1.99428424e-03 -5.09373456e-03
-9.11608317e-01 1.30369129e-02 5.05585393e-03 2.01289068e-03 -4.77887335e-03
-9.10961663e-01 1.29154288e-02 5.06363106e-03 2.03802259e-03 -4.45517274e-03
-9.10312763e-01 1.27858652e-02 5.05092426e-03 2.07080291e-03 -4.12611267e-03
-9.09661618e-01 1.26511470e-02 5.01957421e-03 2.11226294e-03 -3.79514110e-03
-9.09008229e-01 1.25142153e-02 4.97164485e-03 2.16327633e-03 -3.46557342e-03
-9.08352599e-01 1.23779300e-02 4.90937439e-03 2.22449974e-03 -3.14049590e-03
-9.07694728e-01 1.22449790e-02 4.83512043e-03 2.29632270e-03 -2.82267710e-03
-9.07034619e-01 1.21177983e-02 4.75130080e-03 2.37882935e-03 -2.51449094e-03
-9.06372273e-01 1.19985049e-02 4.66033159e-03 2.47177369e-03 -2.21785439e-03
-9.05707691e-01 1.18888456e-02 4.56456446e-03 2.57456963e-03 -1.93418246e-03
-9.05040876e-01 1.17901634e-02 4.46622524e-03 2.68629626e-03 -1.66436218e-03
-9.04371830e-01 1.17033820e-02 4.36735577e-03 2.80571805e-03 -1.40874650e-03
-9.03700552e-01 1.16290081e-02 4.26976124e-03 2.93131891e-03 -1.16716812e-03
-9.03027046e-01 1.15671506e-02 4.17496463e-03 3.06134838e-03 -9.38972488e-04
-9.02351313e-01 1.15175551e-02 4.08417024e-03 3.19387779e-03 -7.23068234e-04
-9.01673355e-01 1.14796510e-02 3.99823730e-03 3.32686337e-03 -5.17992525e-04
-9.00993173e-01 1.14526082e-02 3.91766492e-03 3.45821352e-03 -3.21988375e-04
-9.00310769e-01 1.14354001e-02 3.84258863e-03 3.58585707e-03 -1.33090266e-04
-8.99626145e-01 1.14268693e-02 3.77278869e-03 3.70780926e-03 5.07857223e-05
-8.98939302e-01 1.14257936e-02 3.70770957e-03 3.82223289e-03 2.31751241e-04
-8.98250242e-01 1.14309468e-02 3.64648966e-03 3.92749196e-03 4.11858271e-04
-8.97558967e-01 1.14411548e-02 3.58799988e-03 4.02219608e-03 5.93018529e-04
-8.96865478e-01 1.14553421e-02 3.53088921e-03 4.10523420e-03 7.76932740e-04
-8.96169778e-01 1.14725684e-02 3.47363527e-03 4.17579701e-03 9.65032200e-04
-8.95471867e-01 1.14920545e-02 3.41459760e-03 4.23338799e-03 1.15843435e-03
-8.94771748e-01 1.15131973e-02 3.35207136e-03 4.27782367e-03 1.35791334e-03
-8.94069423e-01 1.15355740e-02 3.28433929e-03 4.30922398e-03 1.56388568e-03
-8.93364892e-01 1.15589372e-02 3.20971988e-03 4.32799437e-03 1.77641050e-03
-8.92658159e-01 1.15832016e-02 3.12661000e-03 4.33480115e-03 1.99520307e-03
-8.91949223e-01 1.16084256e-02 3.03352079e-03 4.33054210e-03 2.21965988e-03
-8.91238089e-01 1.16347882e-02 2.92910582e-03 4.31631397e-03 2.44889305e-03
-8.90524756e-01 1.16625641e-02 2.81218117e-03 4.29337884e-03 2.68177160e-03
-8.89809227e-01 1.16920988e-02 2.68173767e-03 4.26313064e-03 2.91696704e-03
-8.89091503e-01 1.17237858e-02 2.53694566e-03 4.22706323e-03 3.15300096e-03
-8.88371587e-01 1.17580458e-02 2.37715358e-03 4.18674086e-03 3.38829216e-03
-8.87649480e-01 1.17953112e-02 2.20188136e-03 4.14377158e-03 3.62120163e-03
-8.86925184e-01 1.18360137e-02 2.01081047e-03 4.09978382e-03 3.85007384e-03
-8.86198701e-01 1.18805766e-02 1.80377203e-03 4.05640596e-03 4.07327342e-03
-8.85470032e-01 1.19294118e-02 1.58073470e-03 4.01524868e-03 4.28921675e-03
-8.84739180e-01 1.19829187e-02 1.34179366e-03 3.97788936e-03 4.49639841e-03
-8.84006145e-01 1.20414864e-02 1.08716197e-03 3.94585793e-03 4.69341298e-03
-8.83270931e-01 1.21054961e-02 8.17164998e-04 3.92062348e-03 4.87897280e-03
-8.82533538e-01 1.21753231e-02 5.32238379e-04 3.90358096e-03 5.05192261e-03
-8.81793969e-01 1.22513380e-02 2.32929495e-04 3.89603727e-03 5.21125195e-03
-8.81052225e-01 1.23339047e-02 -8.00980357e-05 3.89919652e-03 5.35610628e-03
-8.80308308e-01 1.24233753e-02 -4.06057605e-04 3.91414390e-03 5.48579754e-03
-8.79562220e-01 1.25200811e-02 -7.44031734e-04 3.94182843e-03 5.59981444e-03
-8.78813963e-01 1.26243200e-02 -1.09296440e-03 3.98304439e-03 5.69783298e-03
-8.78063539e-01 1.27363401e-02 -1.45165497e-03 4.03841208e-03 5.77972671e-03
-8.77310949e-01 1.28563201e-02 -1.81875522e-03 4.10835808e-03 5.84557640e-03
-8.76556196e-01 1.29843474e-02 -2.19277065e-03 4.19309598e-03 5.89567833e-03
-8.75799281e-01 1.31203960e-02 -2.57206733e-03 4.29260804e-03 5.93055009e-03
-8.75040206e-01 1.32643038e-02 -2.95488489e-03 4.40662884e-03 5.95093282e-03
-8.74278973e-01 1.34157519e-02 -3.33935632e-03 4.53463154e-03 5.95778852e-03
-8.73515584e-01 1.35742481e-02 -3.72353435e-03 4.67581780e-03 5.95229137e-03
-8.72750041e-01 1.37391135e-02 -4.10542422e-03 4.82911202e-03 5.93581206e-03
-8.71982345e-01 1.39094765e-02 -4.48302203e-03 4.99316073e-03 5.90989425e-03
-8.71212499e-01 1.40842729e-02 -4.85435741e-03 5.16633766e-03 5.87622295e-03
-8.70440504e-01 1.42622540e-02 -5.21753923e-03 5.34675516e-03 5.83658468e-03
-8.69666363e-01 1.44420033e-02 -5.57080260e-03 5.53228228e-03 5.79282014e-03
-8.68890077e-01 1.46219611e-02 -5.91255540e-03 5.72056974e-03 5.74677014e-03
-8.68111648e-01 1.48004575e-02 -6.24142245e-03 5.90908199e-03 5.70021650e-03
-8.67331079e-01 1.49757528e-02 -6.55628577e-03 6.09513607e-03 5.65481959e-03
-8.66548370e-01 1.51460846e-02 -6.85631910e-03 6.27594714e-03 5.61205507e-03
-8.65763524e-01 1.53097201e-02 -7.14101562e-03 6.44868001e-03 5.57315197e-03
-8.64976543e-01 1.54650121e-02 -7.41020770e-03 6.61050609e-03 5.53903514e-03
-8.64187429e-01 1.56104572e-02 -7.66407810e-03 6.75866458e-03 5.51027436e-03
-8.63396184e-01 1.57447539e-02 -7.90316233e-03 6.89052685e-03 5.48704280e-03
-8.62602809e-01 1.58668591e-02 -8.12834237e-03 7.00366252e-03 5.46908692e-03
-8.61807307e-01 1.59760402e-02 -8.34083196e-03 7.09590556e-03 5.45570954e-03
-8.61009680e-01 1.60719215e-02 -8.54215439e-03 7.16541869e-03 5.44576738e-03
-8.60209930e-01 1.61545231e-02 -8.73411343e-03 7.21075397e-03 5.43768357e-03
-8.59408057e-01 1.62242895e-02 -8.91875862e-03 7.23090772e-03 5.42947526e-03
-8.58604066e-01 1.62821088e-02 -9.09834583e-03 7.22536769e-03 5.41879554e-03
-8.57797957e-01 1.63293180e-02 -9.27529416e-03 7.19415040e-03 5.40298852e-03
-8.56989732e-01 1.63676971e-02 -9.45214016e-03 7.13782707e-03 5.37915555e-03
-8.56179395e-01 1.63994487e-02 -9.63149010e-03 7.05753642e-03 5.34423061e-03
-8.55366945e-01 1.64271652e-02 -9.81597097e-03 6.95498322e-03 5.29506194e-03
-8.54552386e-01 1.64537814e-02 -1.00081808e-02 6.83242174e-03 5.22849733e-03
-8.53735720e-01 1.64825166e-02 -1.02106385e-02 6.69262388e-03 5.14147009e-03
-8.52916948e-01 1.65168034e-02 -1.04257334e-02 6.53883199e-03 5.03108298e-03
-8.52096073e-01 1.65602076e-02 -1.06556754e-02 6.37469736e-03 4.89468745e-03
-8.51273096e-01 1.66163392e-02 -1.09024443e-02 6.20420537e-03 4.72995600e-03
-8.50448020e-01 1.66887571e-02 -1.11677407e-02 6.03158934e-03 4.53494577e-03
-8.49620847e-01 1.67808698e-02 -1.14529367e-02 5.86123514e-03 4.30815191e-03
-8.48791578e-01 1.68958336e-02 -1.17590284e-02 5.69757923e-03 4.04854992e-03
-8.47960216e-01 1.70364520e-02 -1.20865902e-02 5.54500299e-03 3.75562648e-03
-8.47126763e-01 1.72050780e-02 -1.24357322e-02 5.40772632e-03 3.42939874e-03
-8.46291221e-01 1.74035217e-02 -1.28060610e-02 5.28970371e-03 3.07042259e-03
-8.45453591e-01 1.76329671e-02 -1.31966460e-02 5.19452559e-03 2.67979066e-03
-8.44613877e-01 1.78938981e-02 -1.36059924e-02 5.12532790e-03 2.25912098e-03
-8.43772079e-01 1.81860379e-02 -1.40320223e-02 5.08471230e-03 1.81053764e-03
-8.42928201e-01 1.85083031e-02 -1.44720653e-02 5.07467917e-03 1.33664462e-03
-8.42082244e-01 1.88587735e-02 -1.49228604e-02 5.09657504e-03 8.40493959e-04
-8.41234210e-01 1.92346807e-02 -1.53805704e-02 5.15105568e-03 3.25549645e-04
-8.40384102e-01 1.96324140e-02 -1.58408103e-02 5.23806551e-03 -2.04352073e-04
-8.39531921e-01 2.00475469e-02 -1.62986905e-02 5.35683351e-03 -7.45044987e-04
-8.38677669e-01 2.04748831e-02 -1.67488748e-02 5.50588542e-03 -1.29207746e-03
-8.37821349e-01 2.09085221e-02 -1.71856551e-02 5.68307137e-03 -1.84075888e-03
-8.36962964e-01 2.13419445e-02 -1.76030409e-02 5.88560802e-03 -2.38620824e-03
-8.36102514e-01 2.17681156e-02 -1.79948640e-02 6.11013376e-03 -2.92340491e-03
-8.35240002e-01 2.21796072e-02 -1.83548974e-02 6.35277538e-03 -3.44724242e-03
-8.34375430e-01 2.25687347e-02 -1.86769861e-02 6.60922441e-03 -3.95258571e-03
-8.33508800e-01 2.29277093e-02 -1.89551881e-02 6.87482152e-03 -4.43433274e-03
-8.32640115e-01 2.32488016e-02 -1.91839235e-02 7.14464701e-03 -4.88748119e-03
-8.31769377e-01 2.35245152e-02 -1.93581275e-02 7.41361571e-03 -5.30720084e-03
-8.30896587e-01 2.37477673e-02 -1.94734048e-02 7.67657473e-03 -5.68891225e-03
-8.30021748e-01 2.39120722e-02 -1.95261804e-02 7.92840244e-03 -6.02837154e-03
-8.29144862e-01 2.40117253e-02 -1.95138431e-02 8.16410749e-03 -6.32176125e-03
-8.28265931e-01 2.40419829e-02 -1.94348775e-02 8.37892633e-03 -6.56578622e-03
-8.27384958e-01 2.39992343e-02 -1.92889782e-02 8.56841833e-03 -6.75777313e-03
-8.26501944e-01 2.38811609e-02 -1.90771430e-02 8.72855712e-03 -6.89577143e-03
-8.25616892e-01 2.36868782e-02 -1.88017401e-02 8.85581711e-03 -6.97865315e-03
-8.24729804e-01 2.34170551e-02 -1.84665441e-02 8.94725378e-03 -7.00620791e-03
-8.23840681e-01 2.30740069e-02 -1.80767381e-02 9.00057651e-03 -6.97922917e-03
-8.22949527e-01 2.26617546e-02 -1.76388784e-02 9.01421223e-03 -6.89958746e-03
-8.22056344e-01 2.21860483e-02 -1.71608194e-02 8.98735832e-03 -6.77028549e-03
-8.21161133e-01 2.16543492e-02 -1.66515979e-02 8.92002270e-03 -6.59549064e-03
-8.20263897e-01 2.10757661e-02 -1.61212769e-02 8.81304935e-03 -6.38053981e-03
-8.19364639e-01 2.04609446e-02 -1.55807506e-02 8.66812708e-03 -6.13191271e-03
-8.18463359e-01 1.98219072e-02 -1.50415132e-02 8.48777976e-03 -5.85716970e-03
-8.17560061e-01 1.91718434e-02 -1.45153969e-02 8.27533632e-03 -5.56485206e-03
-8.16654747e-01 1.85248524e-02 -1.40142844e-02 8.03487927e-03 -5.26434320e-03
-8.15747419e-01 1.78956407e-02 -1.35498036e-02 7.77117106e-03 -4.96569125e-03
-8.14838079e-01 1.72991807e-02 -1.31330134e-02 7.48955824e-03 -4.67939515e-03
-8.13926729e-01 1.67503371e-02 -1.27740900e-02 7.19585432e-03 -4.41615786e-03
-8.13013373e-01 1.62634704e-02 -1.24820235e-02 6.89620310e-03 -4.18661261e-03
-8.12098011e-01 1.58520287e-02 -1.22643365e-02 6.59692529e-03 -4.00102941e-03
-8.11180646e-01 1.55281399e-02 -1.21268339e-02 6.30435213e-03 -3.86901084e-03
-8.10261281e-01 1.53022194e-02 -1.20733944e-02 6.02465071e-03 -3.79918744e-03
-8.09339918e-01 1.51826047e-02 -1.21058126e-02 5.76364644e-03 -3.79892373e-03
-8.08416559e-01 1.51752351e-02 -1.22236983e-02 5.52664868e-03 -3.87404662e-03
-8.07491206e-01 1.52833864e-02 -1.24244400e-02 5.31828588e-03 -4.02860765e-03
-8.06563861e-01 1.55074769e-02 -1.27032349e-02 5.14235664e-03 -4.26469012e-03
-8.05634528e-01 1.58449515e-02 -1.30531868e-02 5.00170279e-03 -4.58227086e-03
-8.04703207e-01 1.62902562e-02 -1.34654703e-02 4.89811011e-03 -4.97914477e-03
-8.03769903e-01 1.68349037e-02 -1.39295573e-02 4.83224130e-03 -5.45091806e-03
-8.02834616e-01 1.74676362e-02 -1.44334996e-02 4.80360473e-03 -5.99107346e-03
-8.01897349e-01 1.81746791e-02 -1.49642575e-02 4.81056118e-03 -6.59110807e-03
-8.00958104e-01 1.89400830e-02 -1.55080650e-02 4.85036921e-03 -7.24074112e-03
-8.00016884e-01 1.97461425e-02 -1.60508178e-02 4.91926813e-03 -7.92818615e-03
-7.99073691e-01 2.05738794e-02 -1.65784720e-02 5.01259613e-03 -8.64047931e-03
-7.98128528e-01 2.14035747e-02 -1.70774380e-02 5.12493956e-03 -9.36385258e-03
-7.97181396e-01 2.22153296e-02 -1.75349580e-02 5.25030781e-03 -1.00841389e-02
-7.96232298e-01 2.29896384e-02 -1.79394514e-02 5.38232757e-03 -1.07871946e-02
-7.95281236e-01 2.37079495e-02 -1.82808189e-02 5.51444911e-03 -1.14593234e-02
-7.94328214e-01 2.43531977e-02 -1.85506941e-02 5.64015677e-03 -1.20876862e-02
-7.93373232e-01 2.49102860e-02 -1.87426345e-02 5.75317607e-03 -1.26606818e-02
-7.92416293e-01 2.53665015e-02 -1.88522482e-02 5.84766970e-03 -1.31682840e-02
-7.91457401e-01 2.57118505e-02 -1.88772522e-02 5.91841551e-03 -1.36023237e-02
-7.90496556e-01 2.59393022e-02 -1.88174633e-02 5.96096042e-03 -1.39567053e-02
-7.89533763e-01 2.60449332e-02 -1.86747235e-02 5.97174527e-03 -1.42275514e-02
-7.88569022e-01 2.60279707e-02 -1.84527659e-02 5.94819699e-03 -1.44132718e-02
-7.87602336e-01 2.58907340e-02 -1.81570270e-02 5.88878597e-03 -1.45145548e-02
-7.86633708e-01 2.56384806e-02 -1.77944149e-02 5.79304781e-03 -1.45342855e-02
-7.85663139e-01 2.52791633e-02 -1.73730430e-02 5.66157004e-03 -1.44773932e-02
-7.84690634e-01 2.48231112e-02 -1.69019399e-02 5.49594606e-03 -1.43506387e-02
-7.83716193e-01 2.42826483e-02 -1.63907460e-02 5.29869920e-03 -1.41623484e-02
-7.82739819e-01 2.36716638e-02 -1.58494086e-02 5.07318112e-03 -1.39221083e-02
-7.81761515e-01 2.30051527e-02 -1.52878847e-02 4.82344938e-03 -1.36404297e-02
-7.80781283e-01 2.22987415e-02 -1.47158610e-02 4.55412947e-03 -1.33283987e-02
-7.79799126e-01 2.15682173e-02 -1.41424995e-02 4.27026680e-03 -1.29973234e-02
-7.78815045e-01 2.08290747e-02 -1.35762150e-02 3.97717406e-03 -1.26583893e-02
-7.77829044e-01 2.00960948e-02 -1.30244899e-02 3.68027935e-03 -1.23223346e-02
-7.76841124e-01 1.93829677e-02 -1.24937294e-02 3.38497966e-03 -1.19991558e-02
-7.75851289e-01 1.87019686e-02 -1.19891593e-02 3.09650406e-03 -1.16978495e-02
-7.74859540e-01 1.80636950e-02 -1.15147667e-02 2.81978995e-03 -1.14261983e-02
-7.73865880e-01 1.74768680e-02 -1.10732827e-02 2.55937528e-03 -1.11906037e-02
-7.72870312e-01 1.69482018e-02 -1.06662038e-02 2.31930835e-03 -1.09959693e-02
-7.71872838e-01 1.64823395e-02 -1.02938508e-02 2.10307678e-03 -1.08456341e-02
-7.70873460e-01 1.60818527e-02 -9.95545773e-03 1.91355561e-03 -1.07413540e-02
-7.69872181e-01 1.57473016e-02 -9.64928909e-03 1.75297467e-03 -1.06833309e-02
-7.68869004e-01 1.54773485e-02 -9.37277747e-03 1.62290419e-03 -1.06702834e-02
-7.67863930e-01 1.52689182e-02 -9.12267732e-03 1.52425753e-03 -1.06995547e-02
-7.66856963e-01 1.51173962e-02 -8.89522855e-03 1.45730931e-03 -1.07672530e-02
-7.65848104e-01 1.50168573e-02 -8.68632452e-03 1.42172716e-03 -1.08684168e-02
-7.64837357e-01 1.49603152e-02 -8.49167914e-03 1.41661509e-03 -1.09972003e-02
-7.63824724e-01 1.49399844e-02 -8.30698809e-03 1.44056628e-03 -1.11470709e-02
-7.62810206e-01 1.49475464e-02 -8.12808003e-03 1.49172337e-03 -1.13110137e-02
-7.61793808e-01 1.49744123e-02 -7.95105398e-03 1.56784413e-03 -1.14817371e-02
-7.60775531e-01 1.50119753e-02 -7.77239986e-03 1.66637053e-03 -1.16518735e-02
-7.59755377e-01 1.50518464e-02 -7.58910003e-03 1.78449951e-03 -1.18141705e-02
-7.58733350e-01 1.50860698e-02 -7.39871024e-03 1.91925370e-03 -1.19616694e-02
-7.57709452e-01 1.51073121e-02 -7.19941915e-03 2.06755053e-03 -1.20878656e-02
-7.56683685e-01 1.51090240e-02 -6.99008618e-03 2.22626835e-03 -1.21868509e-02
-7.55656053e-01 1.50855719e-02 -6.77025832e-03 2.39230838e-03 -1.22534333e-02
-7.54626556e-01 1.50323383e-02 -6.54016660e-03 2.56265127e-03 -1.22832352e-02
-7.53595199e-01 1.49457918e-02 -6.30070371e-03 2.73440744e-03 -1.22727676e-02
-7.52561982e-01 1.48235261e-02 -6.05338462e-03 2.90486044e-03 -1.22194824e-02
-7.51526911e-01 1.46642699e-02 -5.80029188e-03 3.07150271e-03 -1.21218014e-02
-7.50489985e-01 1.44678703e-02 -5.54400813e-03 3.23206337e-03 -1.19791255e-02
-7.49451209e-01 1.42352510e-02 -5.28753785e-03 3.38452793e-03 -1.17918229e-02
-7.48410585e-01 1.39683481e-02 -5.03422079e-03 3.52714991e-03 -1.15612001e-02
-7.47368114e-01 1.36700272e-02 -4.78763933e-03 3.65845456e-03 -1.12894565e-02
-7.46323801e-01 1.33439838e-02 -4.55152207e-03 3.77723535e-03 -1.09796244e-02
-7.45277647e-01 1.29946305e-02 -4.32964579e-03 3.88254357e-03 -1.06354973e-02
-7.44229655e-01 1.26269746e-02 -4.12573785e-03 3.97367223e-03 -1.02615470e-02
-7.43179828e-01 1.22464878e-02 -3.94338085e-03 4.05013486e-03 -9.86283132e-03
-7.42128168e-01 1.18589712e-02 -3.78592154e-03 4.11164062e-03 -9.44489577e-03
-7.41074678e-01 1.14704194e-02 -3.65638543e-03 4.15806671e-03 -9.01366786e-03
-7.40019360e-01 1.10868843e-02 -3.55739870e-03 4.18942931e-03 -8.57534762e-03
-7.38962217e-01 1.07143421e-02 -3.49111881e-03 4.20585429e-03 -8.13629454e-03
-7.37903252e-01 1.03585648e-02 -3.45917495e-03 4.20754883e-03 -7.70291260e-03
-7.36842467e-01 1.00249996e-02 -3.46261936e-03 4.19477493e-03 -7.28153460e-03
-7.35779864e-01 9.71865563e-03 -3.50189047e-03 4.16782584e-03 -6.87830733e-03
-7.34715448e-01 9.44400197e-03 -3.57678839e-03 4.12700618e-03 -6.49907906e-03
-7.33649219e-01 9.20487682e-03 -3.68646329e-03 4.07261625e-03 -6.14929111e-03
-7.32581181e-01 9.00441018e-03 -3.82941683e-03 4.00494097e-03 -5.83387531e-03
-7.31511336e-01 8.84496070e-03 -4.00351671e-03 3.92424379e-03 -5.55715925e-03
-7.30439687e-01 8.72806802e-03 -4.20602399e-03 3.83076532e-03 -5.32278150e-03
-7.29366237e-01 8.65442148e-03 -4.43363276e-03 3.72472667e-03 -5.13361864e-03
-7.28290988e-01 8.62384585e-03 -4.68252149e-03 3.60633709e-03 -4.99172626e-03
-7.27213943e-01 8.63530459e-03 -4.94841495e-03 3.47580532e-03 -4.89829567e-03
-7.26135105e-01 8.68692094e-03 -5.22665580e-03 3.33335411e-03 -4.85362790e-03
-7.25054476e-01 8.77601667e-03 -5.51228430e-03 3.17923700e-03 -4.85712631e-03
-7.23972059e-01 8.89916802e-03 -5.80012471e-03 3.01375674e-03 -4.90730851e-03
-7.22887856e-01 9.05227816e-03 -6.08487674e-03 2.83728429e-03 -5.00183805e-03
-7.21801870e-01 9.23066483e-03 -6.36121028e-03 2.65027780e-03 -5.13757552e-03
-7.20714105e-01 9.42916158e-03 -6.62386148e-03 2.45330054e-03 -5.31064816e-03
-7.19624562e-01 9.64223055e-03 -6.86772841e-03 2.24703714e-03 -5.51653675e-03
-7.18533244e-01 9.86408432e-03 -7.08796429e-03 2.03230758e-03 -5.75017740e-03
-7.17440155e-01 1.00888140e-02 -7.28006643e-03 1.81007806e-03 -6.00607590e-03
-7.16345296e-01 1.03105206e-02 -7.43995905e-03 1.58146852e-03 -6.27843130e-03
-7.15248670e-01 1.05234457e-02 -7.56406821e-03 1.34775626e-03 -6.56126545e-03
-7.14150280e-01 1.07220987e-02 -7.64938739e-03 1.11037544e-03 -6.84855453e-03
-7.13050130e-01 1.09013766e-02 -7.69353204e-03 8.70912069e-04 -7.13435885e-03
-7.11948220e-01 1.10566728e-02 -7.69478214e-03 6.31094473e-04 -7.41294689e-03
-7.10844555e-01 1.11839714e-02 -7.65211167e-03 3.92779136e-04 -7.67891015e-03
-7.09739137e-01 1.12799253e-02 -7.56520433e-03 1.57931861e-04 -7.92726518e-03
-7.08631969e-01 1.13419143e-02 -7.43445513e-03 -7.13955976e-05 -8.15354029e-03
-7.07523053e-01 1.13680822e-02 -7.26095788e-03 -2.93093221e-04 -8.35384441e-03
-7.06412392e-01 1.13573521e-02 -7.04647881e-03 -5.05024425e-04 -8.52491696e-03
-7.05299989e-01 1.13094195e-02 -6.79341702e-03 -7.05061295e-04 -8.66415777e-03
-7.04185846e-01 1.12247234e-02 -6.50475274e-03 -8.91122749e-04 -8.76963742e-03
-7.03069967e-01 1.11043980e-02 -6.18398471e-03 -1.06121486e-03 -8.84008878e-03
-7.01952354e-01 1.09502069e-02 -5.83505834e-03 -1.21347241e-03 -8.87488156e-03
-7.00833010e-01 1.07644617e-02 -5.46228639e-03 -1.34620067e-03 -8.87398211e-03
-6.99711937e-01 1.05499307e-02 -5.07026416e-03 -1.45791608e-03 -8.83790146e-03
-6.98589139e-01 1.03097391e-02 -4.66378150e-03 -1.54738480e-03 -8.76763456e-03
-6.97464618e-01 1.00472672e-02 -4.24773353e-03 -1.61365753e-03 -8.66459434e-03
-6.96338377e-01 9.76604908e-03 -3.82703249e-03 -1.65609959e-03 -8.53054380e-03
-6.95210419e-01 9.46967592e-03 -3.40652252e-03 -1.67441485e-03 -8.36752934e-03
-6.94080746e-01 9.16170834e-03 -2.99089952e-03 -1.66866243e-03 -8.17781816e-03
-6.92949362e-01 8.84559961e-03 -2.58463749e-03 -1.63926536e-03 -7.96384204e-03
-6.91816268e-01 8.52463249e-03 -2.19192307e-03 -1.58701046e-03 -7.72814929e-03
-6.90681469e-01 8.20187118e-03 -1.81659907e-03 -1.51303907e-03 -7.47336579e-03
-6.89544966e-01 7.88012873e-03 -1.46211802e-03 -1.41882858e-03 -7.20216554e-03
-6.88406763e-01 7.56194970e-03 -1.13150599e-03 -1.30616509e-03 -6.91725028e-03
-6.87266861e-01 7.24960705e-03 -8.27336812e-04 -1.17710784e-03 -6.62133718e-03
-6.86125265e-01 6.94511119e-03 -5.51716526e-04 -1.03394636e-03 -6.31715292e-03
-6.84981977e-01 6.65022886e-03 -3.06277351e-04 -8.79151639e-04 -6.00743213e-03
-6.83837000e-01 6.36650889e-03 -9.21805239e-05 -7.15322950e-04 -5.69491781e-03
-6.82690336e-01 6.09531166e-03 8.98730690e-05 -5.45131914e-04 -5.38236132e-03
-6.81541988e-01 5.83783904e-03 2.39625550e-04 -3.71265807e-04 -5.07251943e-03
-6.80391960e-01 5.59516185e-03 3.57239193e-04 -1.96371901e-04 -4.76814637e-03
-6.79240254e-01 5.36824215e-03 4.43269228e-04 -2.30047049e-05 -4.47197904e-03
-6.78086872e-01 5.15794827e-03 4.98633396e-04 1.46422252e-04 -4.18671426e-03
-6.76931818e-01 4.96506125e-03 5.24579259e-04 3.09678631e-04 -3.91497742e-03
-6.75775095e-01 4.79027193e-03 5.22650061e-04 4.64752380e-04 -3.65928279e-03
-6.74616706e-01 4.63416895e-03 4.94649785e-04 6.09876905e-04 -3.42198636e-03
-6.73456652e-01 4.49721873e-03 4.42607845e-04 7.43549943e-04 -3.20523285e-03
-6.72294938e-01 4.37973898e-03 3.68743660e-04 8.64544110e-04 -3.01089910e-03
-6.71131566e-01 4.28186807e-03 2.75431225e-04 9.71909502e-04 -2.84053661e-03
-6.69966538e-01 4.20353312e-03 1.65163654e-04 1.06496905e-03 -2.69531636e-03
-6.68799859e-01 4.14441963e-03 4.05176395e-05 1.14330758e-03 -2.57597909e-03
-6.67631530e-01 4.10394568e-03 -9.58822626e-05 1.20675581e-03 -2.48279434e-03
-6.66461554e-01 4.08124355e-03 -2.41399544e-04 1.25537048e-03 -2.41553114e-03
-6.65289935e-01 4.07515116e-03 -3.93421784e-04 1.28941200e-03 -2.37344297e-03
-6.64116675e-01 4.08421503e-03 -5.49396600e-04 1.30932081e-03 -2.35526893e-03
-6.62941778e-01 4.10670615e-03 -7.06867155e-04 1.31569357e-03 -2.35925215e-03
-6.61765245e-01 4.14064882e-03 -8.63506650e-04 1.30926005e-03 -2.38317612e-03
-6.60587080e-01 4.18386231e-03 -1.01715114e-03 1.29086138e-03 -2.42441807e-03
-6.59407287e-01 4.23401370e-03 -1.16582979e-03 1.26143015e-03 -2.48001835e-03
-6.58225867e-01 4.28868027e-03 -1.30779171e-03 1.22197230e-03 -2.54676330e-03
-6.57042824e-01 4.34541859e-03 -1.44152842e-03 1.17355093e-03 -2.62127902e-03
-6.55858160e-01 4.40183730e-03 -1.56579094e-03 1.11727160e-03 -2.70013230e-03
-6.54671879e-01 4.45567037e-03 -1.67960089e-03 1.05426878e-03 -2.77993490e-03
-6.53483983e-01 4.50484731e-03 -1.78225478e-03 9.85693009e-04 -2.85744722e-03
-6.52294476e-01 4.54755713e-03 -1.87332125e-03 9.12698247e-04 -2.92967704e-03
-6.51103360e-01 4.58230299e-03 -1.95263098e-03 8.36429044e-04 -2.99396956e-03
-6.49910639e-01 4.60794512e-03 -2.02025955e-03 7.58007253e-04 -3.04808521e-03
-6.48716314e-01 4.62373009e-03 -2.07650370e-03 6.78518130e-04 -3.09026206e-03
-6.47520390e-01 4.62930501e-03 -2.12185175e-03 5.98995869e-04 -3.11926066e-03
-6.46322869e-01 4.62471637e-03 -2.15694924e-03 5.20408777e-04 -3.13438967e-03
-6.45123754e-01 4.61039356e-03 -2.18256115e-03 4.43644462e-04 -3.13551137e-03
-6.43923048e-01 4.58711814e-03 -2.19953209e-03 3.69495527e-04 -3.12302735e-03
-6.42720754e-01 4.55598027e-03 -2.20874610e-03 2.98646368e-04 -3.09784508e-03
-6.41516875e-01 4.51832447e-03 -2.21108768e-03 2.31661701e-04 -3.06132699e-03
-6.40311414e-01 4.47568739e-03 -2.20740562e-03 1.68977449e-04 -3.01522451e-03
-6.39104373e-01 4.42973006e-03 -2.19848114e-03 1.10894553e-04 -2.96159973e-03
-6.37895757e-01 4.38216805e-03 -2.18500163e-03 5.75761747e-05 -2.90273809e-03
-6.36685567e-01 4.33470210e-03 -2.16754107e-03 9.04861628e-06 -2.84105557e-03
-6.35473807e-01 4.28895234e-03 -2.14654780e-03 -3.47938759e-05 -2.77900411e-03
-6.34260480e-01 4.24639865e-03 -2.12234027e-03 -7.41804370e-05 -2.71897872e-03
-6.33045589e-01 4.20832926e-03 -2.09511063e-03 -1.09451229e-04 -2.66322992e-03
-6.31829137e-01 4.17579951e-03 -2.06493608e-03 -1.41041768e-04 -2.61378441e-03
-6.30611126e-01 4.14960192e-03 -2.03179718e-03 -1.69464442e-04 -2.57237676e-03
-6.29391561e-01 4.13024839e-03 -1.99560229e-03 -1.95287841e-04 -2.54039422e-03
-6.28170443e-01 4.11796451e-03 -1.95621689e-03 -2.19114636e-04 -2.51883609e-03
-6.26947776e-01 4.11269577e-03 -1.91349618e-03 -2.41558749e-04 -2.50828870e-03
-6.25723562e-01 4.11412468e-03 -1.86731945e-03 -2.63222608e-04 -2.50891612e-03
-6.24497806e-01 4.12169748e-03 -1.81762448e-03 -2.84675230e-04 -2.52046632e-03
-6.23270509e-01 4.13465892e-03 -1.76444003e-03 -3.06431835e-04 -2.54229174e-03
-6.22041676e-01 4.15209292e-03 -1.70791497e-03 -3.28935602e-04 -2.57338292e-03
-6.20811308e-01 4.17296739e-03 -1.64834218e-03 -3.52542070e-04 -2.61241322e-03
-6.19579410e-01 4.19618070e-03 -1.58617608e-03 -3.77506597e-04 -2.65779249e-03
-6.18345983e-01 4.22060808e-03 -1.52204252e-03 -4.03975127e-04 -2.70772731e-03
-6.17111031e-01 4.24514568e-03 -1.45674026e-03 -4.31978445e-04 -2.76028526e-03
-6.15874558e-01 4.26875083e-03 -1.39123356e-03 -4.61429950e-04 -2.81346074e-03
-6.14636565e-01 4.29047680e-03 -1.32663577e-03 -4.92126898e-04 -2.86524010e-03
-6.13397057e-01 4.30950113e-03 -1.26418428e-03 -5.23754983e-04 -2.91366383e-03
-6.12156036e-01 4.32514664e-03 -1.20520736e-03 -5.55896052e-04 -2.95688402e-03
-6.10913506e-01 4.33689483e-03 -1.15108410e-03 -5.88038714e-04 -2.99321551e-03
-6.09669468e-01 4.34439156e-03 -1.10319869e-03 -6.19591568e-04 -3.02117968e-03
-6.08423928e-01 4.34744539e-03 -1.06289074e-03 -6.49898757e-04 -3.03954005e-03
-6.07176887e-01 4.34601925e-03 -1.03140350e-03 -6.78257544e-04 -3.04732919e-03
-6.05928348e-01 4.34021633e-03 -1.00983216e-03 -7.03937611e-04 -3.04386708e-03
-6.04678315e-01 4.33026133e-03 -9.99074191e-04 -7.26201748e-04 -3.02877089e-03
-6.03426791e-01 4.31647836e-03 -9.99784041e-04 -7.44327599e-04 -3.00195685e-03
-6.02173778e-01 4.29926684e-03 -1.01233422e-03 -7.57630099e-04 -2.96363470e-03
-6.00919281e-01 4.27907679e-03 -1.03678471e-03 -7.65484175e-04 -2.91429549e-03
-5.99663302e-01 4.25638468e-03 -1.07286233e-03 -7.67347257e-04 -2.85469362e-03
-5.98405843e-01 4.23167122e-03 -1.11995152e-03 -7.62781049e-04 -2.78582377e-03
-5.97146909e-01 4.20540185e-03 -1.17709734e-03 -7.51471953e-04 -2.70889366e-03
-5.95886503e-01 4.17801084e-03 -1.24302122e-03 -7.33249480e-04 -2.62529316e-03
-5.94624627e-01 4.14988934e-03 -1.31614948e-03 -7.08101912e-04 -2.53656061e-03
-5.93361284e-01 4.12137784e-03 -1.39465390e-03 -6.76188460e-04 -2.44434671e-03
-5.92096478e-01 4.09276278e-03 -1.47650339e-03 -6.37847161e-04 -2.35037667e-03
-5.90830212e-01 4.06427711e-03 -1.55952494e-03 -5.93597815e-04 -2.25641105e-03
-5.89562488e-01 4.03610440e-03 -1.64147187e-03 -5.44139344e-04 -2.16420589e-03
-5.88293311e-01 4.00838563e-03 -1.72009691e-03 -4.90341131e-04 -2.07547251e-03
-5.87022683e-01 3.98122804e-03 -1.79322713e-03 -4.33228065e-04 -1.99183789e-03
-5.85750607e-01 3.95471506e-03 -1.85883798e-03 -3.73959298e-04 -1.91480612e-03
-5.84477087e-01 3.92891655e-03 -1.91512331e-03 -3.13800986e-04 -1.84572187e-03
-5.83202125e-01 3.90389842e-03 -1.96055851e-03 -2.54093581e-04 -1.78573669e-03
-5.81925725e-01 3.87973105e-03 -1.99395410e-03 -1.96214553e-04 -1.73577921e-03
-5.80647890e-01 3.85649572e-03 -2.01449758e-03 -1.41537694e-04 -1.69653016e-03
-5.79368623e-01 3.83428892e-03 -2.02178159e-03 -9.13904126e-05 -1.66840318e-03
-5.78087927e-01 3.81322405e-03 -2.01581737e-03 -4.70105862e-05 -1.65153227e-03
-5.76805805e-01 3.79343058e-03 -1.99703281e-03 -9.50469258e-06 -1.64576674e-03
-5.75522261e-01 3.77505083e-03 -1.96625521e-03 2.01910679e-05 -1.65067399e-03
-5.74237298e-01 3.75823457e-03 -1.92467965e-03 4.13449795e-05 -1.66555058e-03
-5.72950918e-01 3.74313202e-03 -1.87382406e-03 5.34578296e-05 -1.68944144e-03
-5.71663126e-01 3.72988566e-03 -1.81547322e-03 5.62834489e-05 -1.72116708e-03
-5.70373923e-01 3.71862157e-03 -1.75161391e-03 4.98407897e-05 -1.75935800e-03
-5.69083314e-01 3.70944098e-03 -1.68436390e-03 3.44169126e-05 -1.80249549e-03
-5.67791302e-01 3.70241255e-03 -1.61589787e-03 1.05606476e-05 -1.84895763e-03
-5.66497889e-01 3.69756622e-03 -1.54837313e-03 -2.09329031e-05 -1.89706902e-03
-5.65203079e-01 3.69488891e-03 -1.48385807e-03 -5.90464625e-05 -1.94515256e-03
-5.63906875e-01 3.69432259e-03 -1.42426620e-03 -1.02572354e-04 -1.99158171e-03
-5.62609281e-01 3.69576489e-03 -1.37129809e-03 -1.50150720e-04 -2.03483125e-03
-5.61310299e-01 3.69907243e-03 -1.32639326e-03 -2.00312710e-04 -2.07352482e-03
-5.60009933e-01 3.70406655e-03 -1.29069349e-03 -2.51526967e-04 -2.10647750e-03
-5.58708186e-01 3.71054124e-03 -1.26501858e-03 -3.02247674e-04 -2.13273191e-03
-5.57405060e-01 3.71827286e-03 -1.24985493e-03 -3.50962372e-04 -2.15158628e-03
-5.56100561e-01 3.72703084e-03 -1.24535671e-03 -3.96237841e-04 -2.16261368e-03
-5.54794689e-01 3.73658885e-03 -1.25135907e-03 -4.36762458e-04 -2.16567137e-03
-5.53487450e-01 3.74673552e-03 -1.26740208e-03 -4.71383622e-04 -2.16089994e-03
-5.52178845e-01 3.75728397e-03 -1.29276385e-03 -4.99139071e-04 -2.14871225e-03
-5.50868879e-01 3.76807947e-03 -1.32650098e-03 -5.19281206e-04 -2.12977238e-03
-5.49557555e-01 3.77900448e-03 -1.36749415e-03 -5.31293783e-04 -2.10496545e-03
-5.48244874e-01 3.78998071e-03 -1.41449663e-03 -5.34900671e-04 -2.07535929e-03
-5.46930842e-01 3.80096786e-03 -1.46618364e-03 -5.30066640e-04 -2.04215959e-03
-5.45615461e-01 3.81195902e-03 -1.52120017e-03 -5.16990426e-04 -2.00666002e-03
-5.44298735e-01 3.82297282e-03 -1.57820561e-03 -4.96090602e-04 -1.97018958e-03
-5.42980666e-01 3.83404288e-03 -1.63591350e-03 -4.67984957e-04 -1.93405903e-03
-5.41661258e-01 3.84520512e-03 -1.69312508e-03 -4.33464335e-04 -1.89950877e-03
-5.40340514e-01 3.85648376e-03 -1.74875592e-03 -3.93461986e-04 -1.86766022e-03
-5.39018438e-01 3.86787698e-03 -1.80185503e-03 -3.49019617e-04 -1.83947277e-03
-5.37695032e-01 3.87934333e-03 -1.85161658e-03 -3.01251367e-04 -1.81570802e-03
-5.36370301e-01 3.89078985e-03 -1.89738452e-03 -2.51306969e-04 -1.79690290e-03
-5.35044246e-01 3.90206300e-03 -1.93865085e-03 -2.00335288e-04 -1.78335262e-03
-5.33716872e-01 3.91294312e-03 -1.97504842e-03 -1.49449427e-04 -1.77510421e-03
-5.32388182e-01 3.92314318e-03 -2.00633957e-03 -9.96944034e-05 -1.77196076e-03
-5.31058179e-01 3.93231219e-03 -2.03240179e-03 -5.20183598e-05 -1.77349598e-03
-5.29726866e-01 3.94004328e-03 -2.05321172e-03 -7.24804611e-06 -1.77907835e-03
-5.28394247e-01 3.94588633e-03 -2.06882867e-03 3.39308019e-05 -1.78790349e-03
-5.27060325e-01 3.94936459e-03 -2.07937882e-03 7.09877702e-05 -1.79903317e-03
-5.25725102e-01 3.94999438e-03 -2.08504082e-03 1.03556514e-04 -1.81143905e-03
-5.24388584e-01 3.94730707e-03 -2.08603353e-03 1.31437886e-04 -1.82404891e-03
-5.23050772e-01 3.94087184e-03 -2.08260618e-03 1.54597565e-04 -1.83579334e-03
-5.21711670e-01 3.93031814e-03 -2.07503107e-03 1.73158477e-04 -1.84565061e-03
-5.20371281e-01 3.91535650e-03 -2.06359865e-03 1.87388462e-04 -1.85268792e-03
-5.19029610e-01 3.89579643e-03 -2.04861467e-03 1.97683773e-04 -1.85609703e-03
-5.17686658e-01 3.87156046e-03 -2.03039892e-03 2.04549118e-04 -1.85522320e-03
-5.16342429e-01 3.84269347e-03 -2.00928489e-03 2.08575061e-04 -1.84958629e-03
-5.14996927e-01 3.80936670e-03 -1.98562001e-03 2.10413636e-04 -1.83889347e-03
-5.13650155e-01 3.77187646e-03 -1.95976562e-03 2.10753119e-04 -1.82304352e-03
-5.12302117e-01 3.73063733e-03 -1.93209644e-03 2.10292844e-04 -1.80212306e-03
-5.10952815e-01 3.68617052e-03 -1.90299908e-03 2.09718983e-04 -1.77639528e-03
-5.09602252e-01 3.63908789e-03 -1.87286937e-03 2.09682119e-04 -1.74628234e-03
-5.08250433e-01 3.59007257e-03 -1.84210855e-03 2.10777354e-04 -1.71234255e-03
-5.06897361e-01 3.53985722e-03 -1.81111822e-03 2.13527574e-04 -1.67524387e-03
-5.05543038e-01 3.48920100e-03 -1.78029447e-03 2.18370364e-04 -1.63573509e-03
-5.04187469e-01 3.43886634e-03 -1.75002121e-03 2.25648872e-04 -1.59461614e-03
-5.02830656e-01 3.38959667e-03 -1.72066333e-03 2.35606779e-04 -1.55270892e-03
-5.01472604e-01 3.34209587e-03 -1.69255972e-03 2.48387318e-04 -1.51082986e-03
-5.00113314e-01 3.29701035e-03 -1.66601686e-03 2.64036157e-04 -1.46976504e-03
-4.98752791e-01 3.25491424e-03 -1.64130299e-03 2.82507754e-04 -1.43024889e-03
-4.97391039e-01 3.21629811e-03 -1.61864327e-03 3.03674692e-04 -1.39294666e-03
-4.96028059e-01 3.18156130e-03 -1.59821622e-03 3.27339356e-04 -1.35844119e-03
-4.94663856e-01 3.15100778e-03 -1.58015133e-03 3.53247270e-04 -1.32722381e-03
-4.93298434e-01 3.12484539e-03 -1.56452812e-03 3.81101339e-04 -1.29968920e-03
-4.91931794e-01 3.10318794e-03 -1.55137652e-03 4.10576249e-04 -1.27613391e-03
-4.90563942e-01 3.08605972e-03 -1.54067856e-03 4.41332324e-04 -1.25675792e-03
-4.89194880e-01 3.07340185e-03 -1.53237119e-03 4.73028203e-04 -1.24166867e-03
-4.87824611e-01 3.06507985e-03 -1.52635015e-03 5.05331786e-04 -1.23088695e-03
-4.86453139e-01 3.06089195e-03 -1.52247462e-03 5.37929084e-04 -1.22435392e-03
-4.85080468e-01 3.06057744e-03 -1.52057257e-03 5.70530693e-04 -1.22193874e-03
-4.83706600e-01 3.06382492e-03 -1.52044649e-03 6.02875812e-04 -1.22344619e-03
-4.82331539e-01 3.07027989e-03 -1.52187943e-03 6.34733873e-04 -1.22862403e-03
-4.80955289e-01 3.07955166e-03 -1.52464098e-03 6.65903980e-04 -1.23716960e-03
-4.79577853e-01 3.09121941e-03 -1.52849330e-03 6.96212506e-04 -1.24873572e-03
-4.78199234e-01 3.10483759e-03 -1.53319672e-03 7.25509285e-04 -1.26293571e-03
-4.76819436e-01 3.11994060e-03 -1.53851500e-03 7.53662898e-04 -1.27934777e-03
-4.75438462e-01 3.13604723e-03 -1.54422010e-03 7.80555603e-04 -1.29751880e-03
-4.74056315e-01 3.15266483e-03 -1.55009624e-03 8.06078443e-04 -1.31696805e-03
-4.72672999e-01 3.16929381e-03 -1.55594340e-03 8.30127023e-04 -1.33719082e-03
-4.71288518e-01 3.18543240e-03 -1.56157998e-03 8.52598379e-04 -1.35766252e-03
-4.69902874e-01 3.20058218e-03 -1.56684473e-03 8.73389266e-04 -1.37784345e-03
-4.68516071e-01 3.21425429e-03 -1.57159795e-03 8.92396046e-04 -1.39718437e-03
-4.67128113e-01 3.22597657e-03 -1.57572177e-03 9.09516244e-04 -1.41513321e-03
-4.65739003e-01 3.23530146e-03 -1.57911979e-03 9.24651708e-04 -1.43114274e-03
-4.64348744e-01 3.24181463e-03 -1.58171587e-03 9.37713160e-04 -1.44467930e-03
-4.62957340e-01 3.24514422e-03 -1.58345221e-03 9.48625837e-04 -1.45523244e-03
-4.61564795e-01 3.24497013e-03 -1.58428686e-03 9.57335811e-04 -1.46232514e-03
-4.60171111e-01 3.24103343e-03 -1.58419056e-03 9.63816521e-04 -1.46552442e-03
-4.58776292e-01 3.23314509e-03 -1.58314324e-03 9.68075021e-04 -1.46445187e-03
-4.57380342e-01 3.22119391e-03 -1.58113021e-03 9.70157428e-04 -1.45879382e-03
-4.55983264e-01 3.20515314e-03 -1.57813816e-03 9.70153100e-04 -1.44831050e-03
-4.54585061e-01 3.18508529e-03 -1.57415132e-03 9.68197102e-04 -1.43284407e-03
-4.53185738e-01 3.16114492e-03 -1.56914779e-03 9.64470635e-04 -1.41232484e-03
-4.51785296e-01 3.13357898e-03 -1.56309636e-03 9.59199159e-04 -1.38677552e-03
-4.50383741e-01 3.10272457e-03 -1.55595397e-03 9.52648113e-04 -1.35631315e-03
-4.48981074e-01 3.06900389e-03 -1.54766391e-03 9.45116207e-04 -1.32114860e-03
-4.47577301e-01 3.03291653e-03 -1.53815507e-03 9.36926437e-04 -1.28158340e-03
-4.46172424e-01 2.99502895e-03 -1.52734205e-03 9.28415089e-04 -1.23800422e-03
-4.44766446e-01 2.95596169e-03 -1.51512656e-03 9.19919110e-04 -1.19087482e-03
-4.43359371e-01 2.91637438e-03 -1.50139975e-03 9.11762357e-04 -1.14072596e-03
-4.41951203e-01 2.87694927e-03 -1.48604570e-03 9.04241302e-04 -1.08814358e-03
-4.40541946e-01 2.83837361e-03 -1.46894581e-03 8.97610857e-04 -1.03375557e-03
-4.39131601e-01 2.80132176e-03 -1.44998413e-03 8.92071005e-04 -9.78217907e-04
-4.37720174e-01 2.76643753e-03 -1.42905326e-03 8.87754932e-04 -9.22200427e-04
-4.36307667e-01 2.73431754e-03 -1.40606093e-03 8.84719347e-04 -8.66373028e-04
-4.34894084e-01 2.70549634e-03 -1.38093673e-03 8.82937579e-04 -8.11392733e-04
-4.33479429e-01 2.68043377e-03 -1.35363917e-03 8.82295974e-04 -7.57892152e-04
-4.32063705e-01 2.65950518e-03 -1.32416252e-03 8.82593985e-04 -7.06469734e-04
-4.30646915e-01 2.64299480e-03 -1.29254351e-03 8.83548176e-04 -6.57682118e-04
-4.29229063e-01 2.63109268e-03 -1.25886750e-03 8.84800219e-04 -6.12038738e-04
-4.27810152e-01 2.62389496e-03 -1.22327406e-03 8.85928758e-04 -5.69998697e-04
-4.26390187e-01 2.62140758e-03 -1.18596166e-03 8.86464852e-04 -5.31969792e-04
-4.24969170e-01 2.62355305e-03 -1.14719135e-03 8.85910494e-04 -4.98309402e-04
-4.23547105e-01 2.63017974e-03 -1.10728913e-03 8.83759583e-04 -4.69326843e-04
-4.22123995e-01 2.64107320e-03 -1.06664686e-03 8.79520531e-04 -4.45286691e-04
-4.20699844e-01 2.65596868e-03 -1.02572153e-03 8.72739633e-04 -4.26412481e-04
-4.19274656e-01 2.67456424e-03 -9.85032476e-04 8.63024188e-04 -4.12890184e-04
-4.17848434e-01 2.69653344e-03 -9.45156630e-04 8.50064381e-04 -4.04870846e-04
-4.16421181e-01 2.72153709e-03 -9.06721351e-04 8.33652910e-04 -4.02471858e-04
-4.14992902e-01 2.74923329e-03 -8.70394862e-04 8.13701396e-04 -4.05776381e-04
-4.13563599e-01 2.77928509e-03 -8.36874145e-04 7.90252738e-04 -4.14830633e-04
-4.12133276e-01 2.81136567e-03 -8.06870301e-04 7.63488674e-04 -4.29638863e-04
-4.10701936e-01 2.84516052e-03 -7.81091460e-04 7.33732009e-04 -4.50156066e-04
-4.09269584e-01 2.88036678e-03 -7.60223450e-04 7.01443143e-04 -4.76278679e-04
-4.07836222e-01 2.91668993e-03 -7.44908533e-04 6.67210787e-04 -5.07833687e-04
-4.06401855e-01 2.95383812e-03 -7.35722675e-04 6.31736939e-04 -5.44566801e-04
-4.04966485e-01 2.99151474e-03 -7.33151946e-04 5.95816482e-04 -5.86130480e-04
-4.03530117e-01 3.02940991e-03 -7.37568757e-04 5.60311947e-04 -6.32072754e-04
-4.02092753e-01 3.06719173e-03 -7.49208791e-04 5.26124246e-04 -6.81827847e-04
-4.00654398e-01 3.10449803e-03 -7.68149568e-04 4.94160326e-04 -7.34709644e-04
-3.99215055e-01 3.14092956e-03 -7.94291646e-04 4.65298906e-04 -7.89909002e-04
-3.97774727e-01 3.17604545e-03 -8.27343515e-04 4.40355528e-04 -8.46495797e-04
-3.96333418e-01 3.20936148e-03 -8.66811202e-04 4.20048285e-04 -9.03426425e-04
-3.94891132e-01 3.24035184e-03 -9.11993564e-04 4.04965563e-04 -9.59557249e-04
-3.93447872e-01 3.26845470e-03 -9.61984103e-04 3.95537158e-04 -1.01366419e-03
-3.92003642e-01 3.29308168e-03 -1.01567998e-03 3.92010010e-04 -1.06446835e-03
-3.90558445e-01 3.31363109e-03 -1.07179868e-03 3.94429714e-04 -1.11066721e-03
-3.89112285e-01 3.32950469e-03 -1.12890242e-03 4.02628749e-04 -1.15097051e-03
-3.87665165e-01 3.34012721e-03 -1.18543031e-03 4.16222188e-04 -1.18413988e-03
-3.86217089e-01 3.34496804e-03 -1.23973750e-03 4.34611364e-04 -1.20903045e-03
-3.84768060e-01 3.34356391e-03 -1.29014076e-03 4.56995705e-04 -1.22463314e-03
-3.83318083e-01 3.33554176e-03 -1.33496892e-03 4.82392645e-04 -1.23011546e-03
-3.81867160e-01 3.32064036e-03 -1.37261695e-03 5.09665189e-04 -1.22485916e-03
-3.80415296e-01 3.29872989e-03 -1.40160154e-03 5.37556424e-04 -1.20849268e-03
-3.78962493e-01 3.26982819e-03 -1.42061628e-03 5.64729948e-04 -1.18091674e-03
-3.77508756e-01 3.23411291e-03 -1.42858404e-03 5.89814935e-04 -1.14232154e-03
-3.76054088e-01 3.19192883e-03 -1.42470448e-03 6.11454323e-04 -1.09319430e-03
-3.74598493e-01 3.14378970e-03 -1.40849420e-03 6.28354414e-04 -1.03431656e-03
-3.73141973e-01 3.09037464e-03 -1.37981766e-03 6.39334082e-04 -9.66750599e-04
-3.71684534e-01 3.03251883e-03 -1.33890705e-03 6.43371717e-04 -8.91815533e-04
-3.70226177e-01 2.97119892e-03 -1.28636967e-03 6.39648066e-04 -8.11053475e-04
-3.68766908e-01 2.90751368e-03 -1.22318205e-03 6.27583228e-04 -7.26187123e-04
-3.67306729e-01 2.84266053e-03 -1.15067035e-03 6.06866252e-04 -6.39070303e-04
-3.65845645e-01 2.77790893e-03 -1.07047733e-03 5.77476031e-04 -5.51633456e-04
-3.64383658e-01 2.71457154e-03 -9.84516842e-04 5.39692476e-04 -4.65826265e-04
-3.62920772e-01 2.65397421e-03 -8.94917165e-04 4.94097358e-04 -3.83559786e-04
-3.61456992e-01 2.59742588e-03 -8.03955276e-04 4.41564530e-04 -3.06650413e-04
-3.59992320e-01 2.54618923e-03 -7.13984444e-04 3.83239707e-04 -2.36767920e-04
-3.58526760e-01 2.50145307e-03 -6.27357929e-04 3.20510326e-04 -1.75389571e-04
-3.57060317e-01 2.46430697e-03 -5.46351763e-04 2.54966422e-04 -1.23761954e-04
-3.55592992e-01 2.43571890e-03 -4.73089642e-04 1.88353758e-04 -8.28717692e-05
-3.54124791e-01 2.41651592e-03 -4.09472896e-04 1.22520752e-04 -5.34263704e-05
-3.52655716e-01 2.40736834e-03 -3.57118240e-04 5.93609544e-05 -3.58443200e-05
-3.51185772e-01 2.40877720e-03 -3.17305720e-04 7.52972070e-07 -3.02557925e-05
-3.49714961e-01 2.42106495e-03 -2.90938752e-04 -5.15001829e-05 -3.65121886e-05
-3.48243288e-01 2.44436911e-03 -2.78517676e-04 -9.57303499e-05 -5.42039536e-05
-3.46770756e-01 2.47863859e-03 -2.80127628e-04 -1.30460175e-04 -8.26852856e-05
-3.45297369e-01 2.52363234e-03 -2.95440976e-04 -1.54453996e-04 -1.21104208e-04
-3.43823131e-01 2.57892000e-03 -3.23733929e-04 -1.66762067e-04 -1.68436356e-04
-3.42348044e-01 2.64388429e-03 -3.63916427e-04 -1.66756773e-04 -2.23520813e-04
-3.40872114e-01 2.71772492e-03 -4.14573888e-04 -1.54159733e-04 -2.85096379e-04
-3.39395342e-01 2.79946390e-03 -4.74019007e-04 -1.29058981e-04 -3.51836838e-04
-3.37917734e-01 2.88795233e-03 -5.40351454e-04 -9.19156961e-05 -4.22383955e-04
-3.36439292e-01 2.98187870e-03 -6.11523119e-04 -4.35602550e-05 -4.95377232e-04
-3.34960021e-01 3.07977895e-03 -6.85406418e-04 1.48223424e-05 -5.69479737e-04
-3.33479923e-01 3.18004861e-03 -7.59863169e-04 8.17173548e-05 -6.43399594e-04
-3.31999003e-01 3.28095745e-03 -8.32811606e-04 1.55314911e-04 -7.15907073e-04
-3.30517264e-01 3.38066700e-03 -9.02289291e-04 2.33553548e-04 -7.85847416e-04
-3.29034710e-01 3.47725133e-03 -9.66509888e-04 3.14171661e-04 -8.52149854e-04
-3.27551345e-01 3.56872168e-03 -1.02391209e-03 3.94765668e-04 -9.13833365e-04
-3.26067172e-01 3.65305498e-03 -1.07319929e-03 4.72853534e-04 -9.70009927e-04
-3.24582195e-01 3.72822665e-03 -1.11336907e-03 5.45942160e-04 -1.01988602e-03
-3.23096417e-01 3.79224755e-03 -1.14373173e-03 6.11597016e-04 -1.06276321e-03
-3.21609843e-01 3.84320496e-03 -1.16391788e-03 6.67512350e-04 -1.09803845e-03
-3.20122475e-01 3.87930704e-03 -1.17387491e-03 7.11580176e-04 -1.12520485e-03
-3.18634318e-01 3.89893020e-03 -1.17385327e-03 7.41956281e-04 -1.14385328e-03
-3.17145375e-01 3.90066815e-03 -1.16438299e-03 7.57121432e-04 -1.15367512e-03
-3.15655650e-01 3.88338156e-03 -1.14624181e-03 7.55936028e-04 -1.15446632e-03
-3.14165146e-01 3.84624669e-03 -1.12041631e-03 7.37686483e-04 -1.14613250e-03
-3.12673868e-01 3.78880126e-03 -1.08805737e-03 7.02121773e-04 -1.12869502e-03
-3.11181819e-01 3.71098563e-03 -1.05043194e-03 6.49478685e-04 -1.10229728e-03
-3.09689002e-01 3.61317734e-03 -1.00887266e-03 5.80494554e-04 -1.06721089e-03
-3.08195421e-01 3.49621687e-03 -9.64727350e-04 4.96406497e-04 -1.02384079e-03
-3.06701080e-01 3.36142286e-03 -9.19309899e-04 3.98936469e-04 -9.72728806e-04
-3.05205983e-01 3.21059479e-03 -8.73854525e-04 2.90261815e-04 -9.14554611e-04
-3.03710134e-01 3.04600187e-03 -8.29474773e-04 1.72971388e-04 -8.50133695e-04
-3.02213535e-01 2.87035698e-03 -7.87128718e-04 5.00077488e-05 -7.80411561e-04
-3.00716191e-01 2.68677501e-03 -7.47591541e-04 -7.54036005e-05 -7.06453807e-04
-2.99218105e-01 2.49871564e-03 -7.11436342e-04 -1.99836480e-04 -6.29431851e-04
-2.97719282e-01 2.30991114e-03 -6.79023828e-04 -3.19755897e-04 -5.50604249e-04
-2.96219724e-01 2.12428050e-03 -6.50501121e-04 -4.31617124e-04 -4.71293850e-04
-2.94719436e-01 1.94583167e-03 -6.25809639e-04 -5.31969242e-04 -3.92861195e-04
-2.93218420e-01 1.77855469e-03 -6.04701612e-04 -6.17560013e-04 -3.16674849e-04
-2.91716682e-01 1.62630874e-03 -5.86764486e-04 -6.85438746e-04 -2.44079524e-04
-2.90214224e-01 1.49270682e-03 -5.71452115e-04 -7.33053647e-04 -1.76363033e-04
-2.88711051e-01 1.38100210e-03 -5.58121348e-04 -7.58340154e-04 -1.14723233e-04
-2.87207166e-01 1.29398010e-03 -5.46072384e-04 -7.59796878e-04 -6.02361908e-05
-2.85702572e-01 1.23386114e-03 -5.34591074e-04 -7.36546055e-04 -1.38268227e-05
-2.84197274e-01 1.20221701e-03 -5.22991228e-04 -6.88375847e-04 2.37567888e-05
-2.82691274e-01 1.19990571e-03 -5.10654975e-04 -6.15762370e-04 5.19643105e-05
-2.81184578e-01 1.22702744e-03 -4.97069263e-04 -5.19870056e-04 7.04583712e-05
-2.79677188e-01 1.28290431e-03 -4.81856756e-04 -4.02529702e-04 7.91233565e-05
-2.78169109e-01 1.36608543e-03 -4.64799622e-04 -2.66194425e-04 7.80673270e-05
-2.76660343e-01 1.47437779e-03 -4.45855018e-04 -1.13874626e-04 6.76168859e-05
-2.75150895e-01 1.60490269e-03 -4.25161481e-04 5.09460916e-05 4.83051234e-05
-2.73640769e-01 1.75417597e-03 -4.03035859e-04 2.24411305e-04 2.08530661e-05
-2.72129968e-01 1.91820953e-03 -3.79960889e-04 4.02404985e-04 -1.38546561e-05
-2.70618495e-01 2.09263061e-03 -3.56563976e-04 5.80673558e-04 -5.47989580e-05
-2.69106356e-01 2.27281437e-03 -3.33588184e-04 7.54952419e-04 -1.00859086e-04
-2.67593552e-01 2.45402498e-03 -3.11856823e-04 9.21092313e-04 -1.50847713e-04
-2.66080089e-01 2.63155978e-03 -2.92233344e-04 1.07518105e-03 -2.03546930e-04
-2.64565969e-01 2.80089108e-03 -2.75578465e-04 1.21365621e-03 -2.57743690e-04
-2.63051197e-01 2.95780040e-03 -2.62706589e-04 1.33340494e-03 -3.12263334e-04
-2.61535776e-01 3.09850005e-03 -2.54343589e-04 1.43184748e-03 -3.65999936e-04
-2.60019711e-01 3.21973795e-03 -2.51087929e-04 1.50700194e-03 -4.17942387e-04
-2.58503004e-01 3.31888199e-03 -2.53376933e-04 1.55752840e-03 -4.67195381e-04
-2.56985659e-01 3.39398149e-03 -2.61459700e-04 1.58275154e-03 -5.12994735e-04
-2.55467681e-01 3.44380419e-03 -2.75377855e-04 1.58266176e-03 -5.54716756e-04
-2.53949073e-01 3.46784821e-03 -2.94954925e-04 1.55789554e-03 -5.91881680e-04
-2.52429838e-01 3.46632970e-03 -3.19794721e-04 1.50969668e-03 -6.24151499e-04
-2.50909981e-01 3.44014752e-03 -3.49288698e-04 1.43986067e-03 -6.51322734e-04
-2.49389505e-01 3.39082747e-03 -3.82631882e-04 1.35066476e-03 -6.73314953e-04
-2.47868414e-01 3.32044895e-03 -4.18846604e-04 1.24478709e-03 -6.90155986e-04
-2.46346712e-01 3.23155779e-03 -4.56812972e-04 1.12521793e-03 -7.01964908e-04
-2.44824402e-01 3.12706891e-03 -4.95304807e-04 9.95166607e-04 -7.08933899e-04
-2.43301489e-01 3.01016304e-03 -5.33029581e-04 8.57967172e-04 -7.11310057e-04
-2.41777975e-01 2.88418123e-03 -5.68670807e-04 7.16986058e-04 -7.09378185e-04
-2.40253865e-01 2.75252096e-03 -6.00931316e-04 5.75534284e-04 -7.03445396e-04
-2.38729163e-01 2.61853719e-03 -6.28575870e-04 4.36786608e-04 -6.93828226e-04
-2.37203872e-01 2.48545127e-03 -6.50471664e-04 3.03709463e-04 -6.80842727e-04
-2.35677996e-01 2.35627000e-03 -6.65625387e-04 1.78999054e-04 -6.64797764e-04
-2.34151539e-01 2.23371664e-03 -6.73215694e-04 6.50305453e-05 -6.45991535e-04
-2.32624504e-01 2.12017508e-03 -6.72620116e-04 -3.61812343e-05 -6.24711078e-04
-2.31096895e-01 2.01764773e-03 -6.63435656e-04 -1.23009495e-04 -6.01234379e-04
-2.29568717e-01 1.92772725e-03 -6.45492538e-04 -1.94231928e-04 -5.75834482e-04
-2.28039973e-01 1.85158181e-03 -6.18860796e-04 -2.49036470e-04 -5.48784936e-04
-2.26510666e-01 1.78995292e-03 -5.83849601e-04 -2.87017211e-04 -5.20365819e-04
-2.24980800e-01 1.74316506e-03 -5.40999461e-04 -3.08161421e-04 -4.90869575e-04
-2.23450380e-01 1.71114553e-03 -4.91067598e-04 -3.12828755e-04 -4.60605934e-04
-2.21919408e-01 1.69345324e-03 -4.35007017e-04 -3.01723746e-04 -4.29905279e-04
-2.20387890e-01 1.68931490e-03 -3.73939931e-04 -2.75862675e-04 -3.99119948e-04
-2.18855828e-01 1.69766697e-03 -3.09126361e-04 -2.36535904e-04 -3.68623096e-04
-2.17323226e-01 1.71720203e-03 -2.41928855e-04 -1.85266659e-04 -3.38804959e-04
-2.15790088e-01 1.74641793e-03 -1.73774350e-04 -1.23767234e-04 -3.10066532e-04
-2.14256418e-01 1.78366855e-03 -1.06114294e-04 -5.38934804e-05 -2.82810860e-04
-2.12722219e-01 1.82721483e-03 -4.03841710e-05 2.24015743e-05 -2.57432344e-04
-2.11187496e-01 1.87527497e-03 2.20364090e-05 1.03114212e-04 -2.34304597e-04
-2.09652252e-01 1.92607281e-03 7.98619115e-05 1.86235865e-04 -2.13767528e-04
-2.08116491e-01 1.97788346e-03 1.31936270e-04 2.69797588e-04 -1.96114395e-04
-2.06580217e-01 2.02907548e-03 1.77264451e-04 3.51912457e-04 -1.81579641e-04
-2.05043433e-01 2.07814870e-03 2.15039271e-04 4.30815199e-04 -1.70328261e-04
-2.03506144e-01 2.12376741e-03 2.44662686e-04 5.04898359e-04 -1.62447445e-04
-2.01968353e-01 2.16478797e-03 2.65760922e-04 5.72744336e-04 -1.57941093e-04
-2.00430064e-01 2.20028087e-03 2.78192997e-04 6.33152655e-04 -1.56727675e-04
-1.98891280e-01 2.22954643e-03 2.82052380e-04 6.85161875e-04 -1.58641711e-04
-1.97352006e-01 2.25212431e-03 2.77661739e-04 7.28065632e-04 -1.63438972e-04
-1.95812245e-01 2.26779644e-03 2.65560945e-04 7.61422372e-04 -1.70805265e-04
-1.94272002e-01 2.27658341e-03 2.46488704e-04 7.85058493e-04 -1.80368477e-04
-1.92731279e-01 2.27873467e-03 2.21358408e-04 7.99064722e-04 -1.91713358e-04
-1.91190081e-01 2.27471243e-03 1.91228958e-04 8.03785736e-04 -2.04398350e-04
-1.89648411e-01 2.26517015e-03 1.57271505e-04 7.99803207e-04 -2.17973639e-04
-1.88106274e-01 2.25092588e-03 1.20733165e-04 7.87912638e-04 -2.31999534e-04
-1.86563673e-01 2.23293138e-03 8.28988760e-05 7.69094549e-04 -2.46064224e-04
-1.85020611e-01 2.21223788e-03 4.50526046e-05 7.44480764e-04 -2.59799988e-04
-1.83477094e-01 2.18995942e-03 8.43914195e-06 7.15316707e-04 -2.72897003e-04
-1.81933124e-01 2.16723499e-03 -2.57723269e-05 6.82920789e-04 -2.85114012e-04
-1.80388705e-01 2.14519055e-03 -5.65217556e-05 6.48642070e-04 -2.96285270e-04
-1.78843841e-01 2.12490217e-03 -8.28878712e-05 6.13817489e-04 -3.06323383e-04
-1.77298536e-01 2.10736136e-03 -1.04113061e-04 5.79729986e-04 -3.15217887e-04
-1.75752795e-01 2.09344392e-03 -1.19622842e-04 5.47568852e-04 -3.23029648e-04
-1.74206619e-01 2.08388306e-03 -1.29039433e-04 5.18393599e-04 -3.29881370e-04
-1.72660014e-01 2.07924780e-03 -1.32189181e-04 4.93102563e-04 -3.35944784e-04
-1.71112983e-01 2.07992741e-03 -1.29103769e-04 4.72407274e-04 -3.41425218e-04
-1.69565531e-01 2.08612224e-03 -1.20015376e-04 4.56813515e-04 -3.46544471e-04
-1.68017660e-01 2.09784129e-03 -1.05346104e-04 4.46609698e-04 -3.51522987e-04
-1.66469374e-01 2.11490658e-03 -8.56921844e-05 4.41862991e-04 -3.56562399e-04
-1.64920678e-01 2.13696410e-03 -6.18035977e-05 4.42423323e-04 -3.61829508e-04
-1.63371576e-01 2.16350084e-03 -3.45598367e-05 4.47935121e-04 -3.67442702e-04
-1.61822070e-01 2.19386732e-03 -4.94263300e-06 4.57856330e-04 -3.73461682e-04
-1.60272166e-01 2.22730473e-03 2.59935034e-05 4.71484012e-04 -3.79881187e-04
-1.58721866e-01 2.26297558e-03 5.71520694e-05 4.87985543e-04 -3.86629203e-04
-1.57171175e-01 2.29999673e-03 8.74258278e-05 5.06434205e-04 -3.93569863e-04
-1.55620096e-01 2.33747355e-03 1.15727728e-04 5.25847831e-04 -4.00510984e-04
-1.54068633e-01 2.37453384e-03 1.41020730e-04 5.45228979e-04 -4.07215903e-04
-1.52516790e-01 2.41036019e-03 1.62345841e-04 5.63605103e-04 -4.13419040e-04
-1.50964572e-01 2.44421963e-03 1.78847743e-04 5.80067154e-04 -4.18844333e-04
-1.49411981e-01 2.47548921e-03 1.89797486e-04 5.93805122e-04 -4.23225568e-04
-1.47859021e-01 2.50367674e-03 1.94611792e-04 6.04139160e-04 -4.26327430e-04
-1.46305697e-01 2.52843567e-03 1.92868612e-04 6.10545106e-04 -4.27966077e-04
-1.44752012e-01 2.54957374e-03 1.84318656e-04 6.12673465e-04 -4.28028005e-04
-1.43197970e-01 2.56705493e-03 1.68892724e-04 6.10361184e-04 -4.26486051e-04
-1.41643575e-01 2.58099474e-03 1.46704734e-04 6.03635858e-04 -4.23411502e-04
-1.40088830e-01 2.59164906e-03 1.18050437e-04 5.92712327e-04 -4.18981455e-04
-1.38533740e-01 2.59939728e-03 8.34019141e-05 5.77981937e-04 -4.13480821e-04
-1.36978309e-01 2.60472014e-03 4.33980028e-05 5.59995043e-04 -4.07298614e-04
-1.35422539e-01 2.60817376e-03 -1.16909147e-06 5.39437602e-04 -4.00918475e-04
-1.33866436e-01 2.61036073e-03 -4.93706824e-05 5.17102937e-04 -3.94903644e-04
-1.32310002e-01 2.61189973e-03 -1.00161602e-04 4.93859930e-04 -3.89876918e-04
-1.30753243e-01 2.61339514e-03 -1.52402866e-04 4.70619019e-04 -3.86496364e-04
-1.29196160e-01 2.61540793e-03 -2.04886513e-04 4.48297427e-04 -3.85427772e-04
-1.27638760e-01 2.61842924e-03 -2.56362085e-04 4.27785045e-04 -3.87315055e-04
-1.26081044e-01 2.62285782e-03 -3.05564189e-04 4.09912301e-04 -3.92749846e-04
-1.24523017e-01 2.62898237e-03 -3.51240583e-04 3.95421243e-04 -4.02241658e-04
-1.22964684e-01 2.63696949e-03 -3.92180193e-04 3.84940840e-04 -4.16189920e-04
-1.21406047e-01 2.64685781e-03 -4.27240535e-04 3.78967329e-04 -4.34859151e-04
-1.19847110e-01 2.65855843e-03 -4.55373976e-04 3.77850148e-04 -4.58358368e-04
-1.18287878e-01 2.67186153e-03 -4.75652363e-04 3.81783769e-04 -4.86625697e-04
-1.16728355e-01 2.68644880e-03 -4.87289552e-04 3.90805451e-04 -5.19418875e-04
-1.15168543e-01 2.70191093e-03 -4.89661440e-04 4.04798705e-04 -5.56312130e-04
-1.13608448e-01 2.71776919e-03 -4.82323152e-04 4.23502034e-04 -5.96699657e-04
-1.12048072e-01 2.73350009e-03 -4.65023095e-04 4.46522317e-04 -6.39805641e-04
-1.10487420e-01 2.74856169e-03 -4.37713643e-04 4.73352062e-04 -6.84700542e-04
-1.08926495e-01 2.76242038e-03 -4.00558275e-04 5.03389670e-04 -7.30323141e-04
-1.07365302e-01 2.77457683e-03 -3.53935032e-04 5.35961777e-04 -7.75507627e-04
-1.05803844e-01 2.78458981e-03 -2.98436200e-04 5.70346781e-04 -8.19014893e-04
-1.04242126e-01 2.79209686e-03 -2.34864160e-04 6.05798691e-04 -8.59567051e-04
-1.02680150e-01 2.79683110e-03 -1.64223388e-04 6.41570525e-04 -8.95884133e-04
-1.01117920e-01 2.79863331e-03 -8.77085802e-05 6.76936604e-04 -9.26721903e-04
-9.95554419e-02 2.79745927e-03 -6.68894338e-06 7.11213219e-04 -9.50909703e-04
-9.79927178e-02 2.79338212e-03 7.73113145e-05 7.43777286e-04 -9.67387295e-04
-9.64297521e-02 2.78659001e-03 1.62636215e-04 7.74082709e-04 -9.75239715e-04
-9.48665486e-02 2.77737965e-03 2.47524830e-04 8.01674300e-04 -9.73729237e-04
-9.33031111e-02 2.76614614e-03 3.30141520e-04 8.26199180e-04 -9.62323617e-04
-9.17394435e-02 2.75337021e-03 4.08609313e-04 8.47415618e-04 -9.40719904e-04
-9.01755497e-02 2.73960346e-03 4.81046075e-04 8.65199307e-04 -9.08863178e-04
-8.86114334e-02 2.72545251e-03 5.45602999e-04 8.79547062e-04 -8.66959717e-04
-8.70470987e-02 2.71156292e-03 6.00504814e-04 8.90577904e-04 -8.15484140e-04
-8.54825493e-02 2.69860344e-03 6.44090983e-04 8.98531450e-04 -7.55180250e-04
-8.39177890e-02 2.68725117e-03 6.74857029e-04 9.03763518e-04 -6.87055351e-04
-8.23528218e-02 2.67817783e-03 6.91495011e-04 9.06738801e-04 -6.12367960e-04
-8.07876515e-02 2.67203745e-03 6.92932082e-04 9.08020500e-04 -5.32608972e-04
-7.92222820e-02 2.66945528e-03 6.78365957e-04 9.08256797e-04 -4.49476432e-04
-7.76567171e-02 2.67101776e-03 6.47296154e-04 9.08164148e-04 -3.64844246e-04
-7.60909607e-02 2.67726341e-03 5.99549829e-04 9.08507436e-04 -2.80725308e-04
-7.45250166e-02 2.68867409e-03 5.35301149e-04 9.10077196e-04 -1.99229643e-04
-7.29588887e-02 2.70566646e-03 4.55083232e-04 9.13664238e-04 -1.22518376e-04
-7.13925810e-02 2.72858324e-03 3.59791887e-04 9.20032198e-04 -5.27544286e-05
-6.98260971e-02 2.75768420e-03 2.50680592e-04 9.29888712e-04 7.94898927e-06
-6.82594410e-02 2.79313673e-03 1.29346409e-04 9.43856067e-04 5.75809030e-05
-6.66926166e-02 2.83500608e-03 -2.29319503e-06 9.62442339e-04 9.42848597e-05
-6.51256278e-02 2.88324557e-03 -1.42032340e-04 9.86014104e-04 1.16409640e-04
-6.35584783e-02 2.93768715e-03 -2.87416980e-04 1.01477191e-03 1.22557051e-04
-6.19911720e-02 2.99803282e-03 -4.35792572e-04 1.04872960e-03 1.11625475e-04
-6.04237129e-02 3.06384746e-03 -5.84358048e-04 1.08769871e-03 8.28479046e-05
-5.88561048e-02 3.13455389e-03 -7.30224802e-04 1.13127865e-03 3.58233242e-05
-5.72883515e-02 3.20943065e-03 -8.70479171e-04 1.17885380e-03 -2.94595786e-05
-5.57204570e-02 3.28761323e-03 -1.00224681e-03 1.22959773e-03 -1.12607176e-04
-5.41524250e-02 3.36809923e-03 -1.12275728e-03 1.28248506e-03 -2.12814738e-04
-5.25842595e-02 3.44975794e-03 -1.22940712e-03 1.33631089e-03 -3.28869707e-04
-5.10159643e-02 3.53134446e-03 -1.31981974e-03 1.38971743e-03 -4.59164503e-04
-4.94475433e-02 3.61151862e-03 -1.39190063e-03 1.44122737e-03 -6.01718720e-04
-4.78790003e-02 3.68886834e-03 -1.44388641e-03 1.48928310e-03 -7.54210315e-04
-4.63103392e-02 3.76193740e-03 -1.47438639e-03 1.53229059e-03 -9.14015151e-04
-4.47415640e-02 3.82925687e-03 -1.48241584e-03 1.56866686e-03 -1.07825405e-03
-4.31726784e-02 3.88937970e-03 -1.46742003e-03 1.59688943e-03 -1.24384636e-03
-4.16036863e-02 3.94091751e-03 -1.42928852e-03 1.61554637e-03 -1.40756874e-03
-4.00345917e-02 3.98257880e-03 -1.36835964e-03 1.62338539e-03 -1.56611810e-03
-3.84653983e-02 4.01320729e-03 -1.28541501e-03 1.61936045e-03 -1.71617705e-03
-3.68961100e-02 4.03181949e-03 -1.18166468e-03 1.60267453e-03 -1.85448065e-03
-3.53267308e-02 4.03764025e-03 -1.05872318e-03 1.57281715e-03 -1.97788292e-03
-3.37572644e-02 4.03013508e-03 -9.18577532e-04 1.52959554e-03 -2.08342192e-03
-3.21877148e-02 4.00903829e-03 -7.63548164e-04 1.47315854e-03 -2.16838181e-03
-3.06180858e-02 3.97437581e-03 -5.96243744e-04 1.40401240e-03 -2.23035098e-03
-2.90483813e-02 3.92648177e-03 -4.19511349e-04 1.32302791e-03 -2.26727491e-03
-2.74786051e-02 3.86600815e-03 -2.36383151e-04 1.23143859e-03 -2.27750296e-03
-2.59087612e-02 3.79392684e-03 -5.00209395e-05 1.13082986e-03 -2.25982817e-03
-2.43388534e-02 3.71152366e-03 1.36340281e-04 1.02311908e-03 -2.21351941e-03
-2.27688855e-02 3.62038428e-03 3.19448459e-04 9.10527095e-04 -2.13834544e-03
-2.11988616e-02 3.52237188e-03 4.96089402e-04 7.95541410e-04 -2.03459040e-03
-1.96287853e-02 3.41959696e-03 6.63139515e-04 6.80871880e-04 -1.90306053e-03
-1.80586606e-02 3.31437974e-03 8.17615634e-04 5.69399601e-04 -1.74508209e-03
-1.64884914e-02 3.20920574e-03 9.56721380e-04 4.64119941e-04 -1.56249044e-03
-1.49182815e-02 3.10667558e-03 1.07788960e-03 3.68080740e-04 -1.35761052e-03
-1.33480349e-02 3.00944993e-03 1.17882059e-03 2.84316793e-04 -1.13322890e-03
-1.17777553e-02 2.92019084e-03 1.25751599e-03 2.15781813e-04 -8.92557803e-04
-1.02074466e-02 2.84150078e-03 1.31230814e-03 1.65279121e-04 -6.39191655e-04
-8.63711283e-03 2.77586072e-03 1.34188500e-03 1.35392362e-04 -3.77056471e-04
-7.06675773e-03 2.72556873e-03 1.34531062e-03 1.28417589e-04 -1.10352889e-04
-5.49638519e-03 2.69268046e-03 1.32204108e-03 1.46298062e-04 1.56506593e-04
-3.92599911e-03 2.67895297e-03 1.27193607e-03 1.90563156e-04 4.18965427e-04
-2.35560334e-03 2.68579332e-03 1.19526596e-03 2.62272739e-04 6.72395091e-04
-7.85201758e-04 2.71421309e-03 1.09271440e-03 3.61968413e-04 9.12170618e-04
7.85201758e-04 2.76479026e-03 9.65376276e-04 4.89632967e-04 1.13374868e-03
2.35560334e-03 2.83763932e-03 8.14751004e-04 6.44659351e-04 1.33274729e-03
3.92599911e-03 2.93239083e-03 6.42730846e-04 8.25830435e-04 1.50502618e-03
5.49638519e-03 3.04818107e-03 4.51584199e-04 1.03131071e-03 1.64676667e-03
7.06675773e-03 3.18365251e-03 2.43933565e-04 1.25865094e-03 1.75455001e-03
8.63711283e-03 3.33696563e-03 2.27280552e-05 1.50480670e-03 1.82543284e-03
1.02074466e-02 3.50582216e-03 -2.08789760e-04 1.76617132e-03 1.85701857e-03
1.17777553e-02 3.68750001e-03 -4.47122747e-04 2.03862375e-03 1.84752304e-03
1.33480349e-02 3.87889942e-03 -6.88563891e-04 2.31759130e-03 1.79583321e-03
1.49182815e-02 4.07659989e-03 -9.29246680e-04 2.59812696e-03 1.70155696e-03
1.64884914e-02 4.27692720e-03 -1.16520097e-03 2.87500063e-03 1.56506264e-03
1.80586606e-02 4.47602916e-03 -1.39241396e-03 3.14280286e-03 1.38750643e-03
1.96287853e-02 4.66995888e-03 -1.60689567e-03 3.39605973e-03 1.17084615e-03
2.11988616e-02 4.85476384e-03 -1.80474817e-03 3.62935631e-03 9.17839769e-04
2.27688855e-02 5.02657860e-03 -1.98223751e-03 3.83746641e-03 6.32027418e-04
2.43388534e-02 5.18171923e-03 -2.13586710e-03 4.01548516e-03 3.17695878e-04
2.59087612e-02 5.31677680e-03 -2.26245107e-03 4.15896129e-03 -2.01751948e-05
2.74786051e-02 5.42870754e-03 -2.35918591e-03 4.26402500e-03 -3.75985484e-04
2.90483813e-02 5.51491707e-03 -2.42371867e-03 4.32750773e-03 -7.43604342e-04
3.06180858e-02 5.57333607e-03 -2.45420958e-03 4.34704958e-03 -1.11647834e-03
3.21877148e-02 5.60248496e-03 -2.44938728e-03 4.32119070e-03 -1.48775447e-03
3.37572644e-02 5.60152537e-03 -2.40859470e-03 4.24944282e-03 -1.85041679e-03
3.53267308e-02 5.57029627e-03 -2.33182358e-03 4.13233773e-03 -2.19743377e-03
3.68961100e-02 5.50933331e-03 -2.21973626e-03 3.97145012e-03 -2.52191277e-03
3.84653983e-02 5.41987012e-03 -2.07367318e-03 3.76939270e-03 -2.81725793e-03
4.00345917e-02 5.30382088e-03 -1.89564521e-03 3.52978273e-03 -3.07732704e-03
4.16036863e-02 5.16374421e-03 -1.68831014e-03 3.25717942e-03 -3.29658294e-03
4.31726784e-02 5.00278882e-03 -1.45493334e-03 2.95699349e-03 -3.47023483e-03
4.47415640e-02 4.82462203e-03 -1.19933292e-03 2.63537025e-03 -3.59436496e-03
4.63103392e-02 4.63334308e-03 -9.25810310e-04 2.29904936e-03 -3.66603647e-03
4.78790003e-02 4.43338322e-03 -6.39067585e-04 1.95520474e-03 -3.68337865e-03
4.94475433e-02 4.22939569e-03 -3.44113547e-04 1.61126931e-03 -3.64564647e-03
5.10159643e-02 4.02613861e-03 -4.61606397e-05 1.27474954e-03 -3.55325195e-03
5.25842595e-02 3.82835421e-03 2.49484627e-04 9.53035496e-04 -3.40776593e-03
5.41524250e-02 3.64064833e-03 5.37534966e-04 6.53212267e-04 -3.21188974e-03
5.57204570e-02 3.46737356e-03 8.12836337e-04 3.81878591e-04 -2.96939706e-03
5.72883515e-02 3.31251990e-03 1.07047968e-03 1.44978420e-04 -2.68504754e-03
5.88561048e-02 3.17961612e-03 1.30590739e-03 -5.23492888e-05 -2.36447455e-03
6.04237129e-02 3.07164491e-03 1.51501168e-03 -2.05897876e-04 -2.01405015e-03
6.19911720e-02 2.99097427e-03 1.69422224e-03 -3.12493485e-04 -1.64073142e-03
6.35584783e-02 2.93930702e-03 1.84058086e-03 -3.70065816e-04 -1.25189260e-03
6.51256278e-02 2.91764983e-03 1.95180113e-03 -3.77687229e-04 -8.55148056e-04
6.66926166e-02 2.92630216e-03 2.02631167e-03 -3.35579389e-04 -4.58171337e-04
6.82594410e-02 2.96486512e-03 2.06328201e-03 -2.45087793e-04 -6.85155781e-05
6.98260971e-02 3.03226933e-03 2.06263053e-03 -1.08625610e-04 3.06559600e-04
7.13925810e-02 3.12682036e-03 2.02501457e-03 7.04107236e-05 6.60249846e-04
7.29588887e-02 3.24625978e-03 1.95180322e-03 2.87750785e-04 9.86352149e-04
7.45250166e-02 3.38783929e-03 1.84503393e-03 5.38380234e-04 1.27939147e-03
7.60909607e-02 3.54840514e-03 1.70735444e-03 8.16686982e-04 1.53472498e-03
7.76567171e-02 3.72448994e-03 1.54195190e-03 1.11661845e-03 1.74862165e-03
7.92222820e-02 3.91240861e-03 1.35247156e-03 1.43184467e-03 1.91831597e-03
8.07876515e-02 4.10835561e-03 1.14292740e-03 1.75592219e-03 2.04203527e-03
8.23528218e-02 4.30850040e-03 9.17607486e-04 2.08245371e-03 2.11900110e-03
8.39177890e-02 4.50907866e-03 6.80976642e-04 2.40523909e-03 2.14940588e-03
8.54825493e-02 4.70647688e-03 4.37579252e-04 2.71841382e-03 2.13436674e-03
8.70470987e-02 4.89730848e-03 1.91944566e-04 3.01657147e-03 2.07585907e-03
8.86114334e-02 5.07847988e-03 -5.15030793e-05 3.29486787e-03 1.97663280e-03
9.01755497e-02 5.24724554e-03 -2.88527172e-04 3.54910504e-03 1.84011477e-03
9.17394435e-02 5.40125134e-03 -5.15153399e-04 3.77579408e-03 1.67030071e-03
9.33031111e-02 5.53856588e-03 -7.27734205e-04 3.97219653e-03 1.47164045e-03
9.48665486e-02 5.65770007e-03 -9.23002683e-04 4.13634495e-03 1.24891990e-03
9.64297521e-02 5.75761512e-03 -1.09811530e-03 4.26704340e-03 1.00714310e-03
9.79927178e-02 5.83771977e-03 -1.25068339e-03 4.36384958e-03 7.51417450e-04
9.95554419e-02 5.89785758e-03 -1.37879359e-03 4.42704039e-03 4.86844685e-04
1.01117920e-01 5.93828520e-03 -1.48101783e-03 4.45756304e-03 2.18420016e-04
1.02680150e-01 5.95964292e-03 -1.55641360e-03 4.45697417e-03 -4.90589011e-05
1.04242126e-01 5.96291841e-03 -1.60451537e-03 4.42736928e-03 -3.11071761e-04
1.05803844e-01 5.94940525e-03 -1.62531837e-03 4.37130484e-03 -5.63443305e-04
1.07365302e-01 5.92065711e-03 -1.61925568e-03 4.29171562e-03 -8.02398466e-04
1.08926495e-01 5.87843927e-03 -1.58716989e-03 4.19182931e-03 -1.02460491e-03
1.10487420e-01 5.82467827e-03 -1.53028031e-03 4.07508063e-03 -1.22720330e-03
1.12048072e-01 5.76141125e-03 -1.45014684e-03 3.94502673e-03 -1.40782579e-03
1.13608448e-01 5.69073600e-03 -1.34863143e-03 3.80526585e-03 -1.56460380e-03
1.15168543e-01 5.61476274e-03 -1.22785782e-03 3.65936053e-03 -1.69616577e-03
1.16728355e-01 5.53556884e-03 -1.09017049e-03 3.51076686e-03 -1.80162643e-03
1.18287878e-01 5.45515713e-03 -9.38093182e-04 3.36277081e-03 -1.88056853e-03
1.19847110e-01 5.37541894e-03 -7.74287527e-04 3.21843264e-03 -1.93301843e-03
1.21406047e-01 5.29810216e-03 -6.01512196e-04 3.08053996e-03 -1.95941680e-03
1.22964684e-01 5.22478518e-03 -4.22582717e-04 2.95157005e-03 -1.96058548e-03
1.24523017e-01 5.15685680e-03 -2.40332206e-04 2.83366158e-03 -1.93769183e-03
1.26081044e-01 5.09550248e-03 -5.75731346e-05 2.72859584e-03 -1.89221129e-03
1.27638760e-01 5.04169670e-03 1.22939778e-04 2.63778725e-03 -1.82588913e-03
1.29196160e-01 4.99620149e-03 2.98545456e-04 2.56228281e-03 -1.74070209e-03
1.30753243e-01 4.95957041e-03 4.66711032e-04 2.50276976e-03 -1.63882036e-03
1.32310002e-01 4.93215779e-03 6.25064987e-04 2.45959088e-03 -1.52257039e-03
1.33866436e-01 4.91413214e-03 7.71428656e-04 2.43276622e-03 -1.39439867e-03
1.35422539e-01 4.90549322e-03 9.03845908e-04 2.42202037e-03 -1.25683670e-03
1.36978309e-01 4.90609166e-03 1.02061068e-03 2.42681401e-03 -1.11246701e-03
1.38533740e-01 4.91565020e-03 1.12029202e-03 2.44637849e-03 -9.63890308e-04
1.40088830e-01 4.93378570e-03 1.20175617e-03 2.47975225e-03 -8.13693442e-04
1.41643575e-01 4.96003081e-03 1.26418526e-03 2.52581784e-03 -6.64418144e-04
1.43197970e-01 4.99385461e-03 1.30709198e-03 2.58333832e-03 -5.18530328e-04
1.44752012e-01 5.03468141e-03 1.33032976e-03 2.65099226e-03 -3.78389858e-04
1.46305697e-01 5.08190718e-03 1.33409778e-03 2.72740621e-03 -2.46220762e-04
1.47859021e-01 5.13491312e-03 1.31894048e-03 2.81118412e-03 -1.24081957e-04
1.49411981e-01 5.19307625e-03 1.28574088e-03 2.90093326e-03 -1.38386685e-05
1.50964572e-01 5.25577700e-03 1.23570746e-03 2.99528629e-03 8.28651221e-05
1.52516790e-01 5.32240377e-03 1.17035441e-03 3.09291944e-03 1.64632760e-04
1.54068633e-01 5.39235503e-03 1.09147511e-03 3.19256707e-03 2.30338944e-04
1.55620096e-01 5.46503932e-03 1.00110890e-03 3.29303278e-03 2.79151005e-04
1.57171175e-01 5.53987362e-03 9.01501603e-04 3.39319760e-03 3.10546653e-04
1.58721866e-01 5.61628099e-03 7.95060242e-04 3.49202591e-03 3.24327354e-04
1.60272166e-01 5.69368788e-03 6.84302770e-04 3.58856957e-03 3.20626491e-04
1.61822070e-01 5.77152196e-03 5.71803812e-04 3.68197094e-03 2.99911502e-04
1.63371576e-01 5.84921101e-03 4.60137670e-04 3.77146534e-03 2.62979275e-04
1.64920678e-01 5.92618327e-03 3.51819986e-04 3.85638347e-03 2.10944249e-04
1.66469374e-01 6.00186969e-03 2.49249637e-04 3.93615392e-03 1.45218847e-04
1.68017660e-01 6.07570831e-03 1.54652515e-04 4.01030616e-03 6.74861470e-05
1.69565531e-01 6.14715062e-03 7.00288917e-05 4.07847381e-03 -2.03350393e-05
1.71112983e-01 6.21566992e-03 -2.89395519e-06 4.14039805e-03 -1.16132195e-04
1.72660014e-01 6.28077121e-03 -6.27022931e-05 4.19593084e-03 -2.17647424e-04
1.74206619e-01 6.34200228e-03 -1.08328237e-04 4.24503741e-03 -3.22530967e-04
1.75752795e-01 6.39896521e-03 -1.39072629e-04 4.28779751e-03 -4.28398506e-04
1.77298536e-01 6.45132787e-03 -1.54617601e-04 4.32440478e-03 -5.32890637e-04
1.78843841e-01 6.49883443e-03 -1.55028267e-04 4.35516368e-03 -6.33732666e-04
1.80388705e-01 6.54131437e-03 -1.40743360e-04 4.38048352e-03 -7.28792829e-04
1.81933124e-01 6.57868937e-03 -1.12555047e-04 4.40086921e-03 -8.16136949e-04
1.83477094e-01 6.61097737e-03 -7.15785261e-05 4.41690865e-03 -8.94077641e-04
1.85020611e-01 6.63829362e-03 -1.92124297e-05 4.42925668e-03 -9.61216300e-04
1.86563673e-01 6.66084835e-03 4.29086236e-05 4.43861610e-03 -1.01647634e-03
1.88106274e-01 6.67894116e-03 1.12967656e-04 4.44571616e-03 -1.05912649e-03
1.89648411e-01 6.69295223e-03 1.89023249e-04 4.45128942e-03 -1.08879320e-03
1.91190081e-01 6.70333074e-03 2.69069704e-04 4.45604781e-03 -1.10546193e-03
1.92731279e-01 6.71058108e-03 3.51097321e-04 4.46065910e-03 -1.10946703e-03
1.94272002e-01 6.71524745e-03 4.33150710e-04 4.46572498e-03 -1.10147102e-03
1.95812245e-01 6.71789771e-03 5.13383144e-04 4.47176166e-03 -1.08243382e-03
1.97352006e-01 6.71910730e-03 5.90105178e-04 4.47918446e-03 -1.05357352e-03
1.98891280e-01 6.71944392e-03 6.61826019e-04 4.48829696e-03 -1.01632004e-03
2.00430064e-01 6.71945405e-03 7.27286466e-04 4.49928565e-03 -9.72263690e-04
2.01968353e-01 6.71965158e-03 7.85482637e-04 4.51222049e-03 -9.23100639e-04
2.03506144e-01 6.72050951e-03 8.35680049e-04 4.52706145e-03 -8.70577283e-04
2.05043433e-01 6.72245470e-03 8.77418075e-04 4.54367104e-03 -8.16435665e-04
2.06580217e-01 6.72586607e-03 9.10505126e-04 4.56183214e-03 -7.62361819e-04
2.08116491e-01 6.73107605e-03 9.35005305e-04 4.58127059e-03 -7.09938791e-04
2.09652252e-01 6.73837502e-03 9.51217525e-04 4.60168126e-03 -6.60605793e-04
2.11187496e-01 6.74801827e-03 9.59648350e-04 4.62275646e-03 -6.15624626e-04
2.12722219e-01 6.76023479e-03 9.60979981e-04 4.64421525e-03 -5.76054181e-04
2.14256418e-01 6.77523704e-03 9.56034892e-04 4.66583211e-03 -5.42733427e-04
2.15790088e-01 6.79323092e-03 9.45738667e-04 4.68746334e-03 -5.16272951e-04
2.17323226e-01 6.81442494e-03 9.31082528e-04 4.70906984e-03 -4.97054774e-04
2.18855828e-01 6.83903763e-03 9.13086972e-04 4.73073479e-03 -4.85239832e-04
2.20387890e-01 6.86730248e-03 8.92767756e-04 4.75267507e-03 -4.80782248e-04
2.21919408e-01 6.89946963e-03 8.71105300e-04 4.77524545e-03 -4.83449303e-04
2.23450380e-01 6.93580382e-03 8.49018337e-04 4.79893512e-03 -4.92845848e-04
2.24980800e-01 6.97657831e-03 8.27342415e-04 4.82435598e-03 -5.08441787e-04
2.26510666e-01 7.02206468e-03 8.06813584e-04 4.85222311e-03 -5.29601235e-04
2.28039973e-01 7.07251879e-03 7.88057369e-04 4.88332768e-03 -5.55611983e-04
2.29568717e-01 7.12816340e-03 7.71582878e-04 4.91850337e-03 -5.85713973e-04
2.31096895e-01 7.18916813e-03 7.57781702e-04 4.95858746e-03 -6.19125657e-04
2.32624504e-01 7.25562787e-03 7.46931053e-04 5.00437813e-03 -6.55067290e-04
2.34151539e-01 7.32754077e-03 7.39200474e-04 5.05659000e-03 -6.92780453e-04
2.35677996e-01 7.40478713e-03 7.34661345e-04 5.11580972e-03 -7.31543384e-04
2.37203872e-01 7.48711068e-03 7.33298369e-04 5.18245399e-03 -7.70681933e-04
2.38729163e-01 7.57410351e-03 7.35022224e-04 5.25673195e-03 -8.09576277e-04
2.40253865e-01 7.66519612e-03 7.39682625e-04 5.33861424e-03 -8.47663738e-04
2.41777975e-01 7.75965368e-03 7.47081133e-04 5.42781029e-03 -8.84438295e-04
2.43301489e-01 7.85657939e-03 7.56983138e-04 5.52375569e-03 -9.19447512e-04
2.44824402e-01 7.95492556e-03 7.69128621e-04 5.62561059e-03 -9.52287733e-04
2.46346712e-01 8.05351280e-03 7.83241405e-04 5.73226986e-03 -9.82598413e-04
2.47868414e-01 8.15105684e-03 7.99036762e-04 5.84238529e-03 -1.01005644e-03
2.49389505e-01 8.24620276e-03 8.16227353e-04 5.95439928e-03 -1.03437120e-03
2.50909981e-01 8.33756542e-03 8.34527607e-04 6.06658925e-03 -1.05528111e-03
2.52429838e-01 8.42377469e-03 8.53656684e-04 6.17712128e-03 -1.07255188e-03
2.53949073e-01 8.50352387e-03 8.73340277e-04 6.28411095e-03 -1.08597704e-03
2.55467681e-01 8.57561931e-03 8.93311488e-04 6.38568924e-03 -1.09538054e-03
2.56985659e-01 8.63902892e-03 9.13311034e-04 6.48007074e-03 -1.10062138e-03
2.58503004e-01 8.69292759e-03 9.33087055e-04 6.56562142e-03 -1.10159993e-03
2.60019711e-01 8.73673722e-03 9.52394699e-04 6.64092324e-03 -1.09826542e-03
2.61535776e-01 8.77015941e-03 9.70995695e-04 6.70483257e-03 -1.09062391e-03
2.63051197e-01 8.79319920e-03 9.88658035e-04 6.75653029e-03 -1.07874620e-03
2.64565969e-01 8.80617842e-03 1.00515586e-03 6.79556106e-03 -1.06277496e-03
2.66080089e-01 8.80973791e-03 1.02026965e-03 6.82186010e-03 -1.04293032e-03
2.67593552e-01 8.80482811e-03 1.03378670e-03 6.83576645e-03 -1.01951356e-03
2.69106356e-01 8.79268834e-03 1.04550205e-03 6.83802170e-03 -9.92908399e-04
2.70618495e-01 8.77481530e-03 1.05521977e-03 6.82975448e-03 -9.63579542e-04
2.72129968e-01 8.75292195e-03 1.06275475e-03 6.81245107e-03 -9.32068551e-04
2.73640769e-01 8.72888845e-03 1.06793497e-03 6.78791322e-03 -8.98986955e-04
2.75150895e-01 8.70470696e-03 1.07060440e-03 6.75820491e-03 -8.65006903e-04
2.76660343e-01 8.68242249e-03 1.07062654e-03 6.72559001e-03 -8.30849699e-04
2.78169109e-01 8.66407200e-03 1.06788860e-03 6.69246319e-03 -7.97272667e-04
2.79677188e-01 8.65162422e-03 1.06230652e-03 6.66127666e-03 -7.65054889e-04
2.81184578e-01 8.64692210e-03 1.05383073e-03 6.63446540e-03 -7.34982355e-04
2.82691274e-01 8.65163014e-03 1.04245273e-03 6.61437352e-03 -7.07833069e-04
2.84197274e-01 8.66718821e-03 1.02821238e-03 6.60318423e-03 -6.84362565e-04
2.85702572e-01 8.69477322e-03 1.01120584e-03 6.60285564e-03 -6.65290240e-04
2.87207166e-01 8.73526969e-03 9.91593931e-04 6.61506436e-03 -6.51286723e-04
2.88711051e-01 8.78924973e-03 9.69610722e-04 6.64115851e-03 -6.42962438e-04
2.90214224e-01 8.85696268e-03 9.45571885e-04 6.68212120e-03 -6.40857316e-04
2.91716682e-01 8.93833415e-03 9.19882436e-04 6.73854528e-03 -6.45431517e-04
2.93218420e-01 9.03297394e-03 8.93043290e-04 6.81061967e-03 -6.57056925e-04
2.94719436e-01 9.14019196e-03 8.65656008e-04 6.89812718e-03 -6.76009078e-04
2.96219724e-01 9.25902106e-03 8.38425058e-04 7.00045338e-03 -7.02459209e-04
2.97719282e-01 9.38824567e-03 8.12156872e-04 7.11660574e-03 -7.36466075e-04
2.99218105e-01 9.52643469e-03 7.87754974e-04 7.24524222e-03 -7.77967348e-04
3.00716191e-01 9.67197758e-03 7.66210531e-04 7.38470785e-03 -8.26770452e-04
3.02213535e-01 9.82312215e-03 7.48587722e-04 7.53307835e-03 -8.82542925e-04
3.03710134e-01 9.97801301e-03 7.36003512e-04 7.68820912e-03 -9.44802570e-04
3.05205983e-01 1.01347297e-02 7.29601584e-04 7.84778844e-03 -1.01290791e-03
3.06701080e-01 1.02913235e-02 7.30520474e-04 8.00939352e-03 -1.08604968e-03
3.08195421e-01 1.04458531e-02 7.39856208e-04 8.17054808e-03 -1.16324421e-03
3.09689002e-01 1.05964172e-02 7.58620149e-04 8.32878039e-03 -1.24332999e-03
3.11181819e-01 1.07411862e-02 7.87693063e-04 8.48168063e-03 -1.32496836e-03
3.12673868e-01 1.08784308e-02 8.27776834e-04 8.62695676e-03 -1.40664985e-03
3.14165146e-01 1.10065497e-02 8.79345572e-04 8.76248784e-03 -1.48670709e-03
3.15655650e-01 1.11240946e-02 9.42598205e-04 8.88637429e-03 -1.56333550e-03
3.17145375e-01 1.12297955e-02 1.01741486e-03 8.99698414e-03 -1.63462245e-03
3.18634318e-01 1.13225841e-02 1.10331947e-03 9.09299460e-03 -1.69858522e-03
3.20122475e-01 1.14016166e-02 1.19945120e-03 9.17342835e-03 -1.75321779e-03
3.21609843e-01 1.14662964e-02 1.30454691e-03 9.23768367e-03 -1.79654589e-03
3.23096417e-01 1.15162954e-02 1.41693706e-03 9.28555770e-03 -1.82668913e-03
3.24582195e-01 1.15515741e-02 1.53455657e-03 9.31726199e-03 -1.84192851e-03
3.26067172e-01 1.15723994e-02 1.65497216e-03 9.33342954e-03 -1.84077714e-03
3.27551345e-01 1.15793595e-02 1.77542655e-03 9.33511248e-03 -1.82205141e-03
3.29034710e-01 1.15733736e-02 1.89289956e-03 9.32376975e-03 -1.78493960e-03
3.30517264e-01 1.15556966e-02 2.00418511e-03 9.30124413e-03 -1.72906442e-03
3.31999003e-01 1.15279157e-02 2.10598238e-03 9.26972820e-03 -1.65453636e-03
3.33479923e-01 1.14919387e-02 2.19499860e-03 9.23171924e-03 -1.56199421e-03
3.34960021e-01 1.14499718e-02 2.26806018e-03 9.18996336e-03 -1.45262995e-03
3.36439292e-01 1.14044868e-02 2.32222823e-03 9.14738943e-03 -1.32819536e-03
3.37917734e-01 1.13581767e-02 2.35491416e-03 9.10703415e-03 -1.19098836e-03
3.39395342e-01 1.13139002e-02 2.36399057e-03 9.07195993e-03 -1.04381804e-03
3.40872114e-01 1.12746147e-02 2.34789271e-03 9.04516772e-03 -8.89948083e-04
3.42348044e-01 1.12433006e-02 2.30570583e-03 9.02950742e-03 -7.33019380e-04
3.43823131e-01 1.12228782e-02 2.23723416e-03 9.02758896e-03 -5.76953569e-04
3.45297369e-01 1.12161187e-02 2.14304765e-03 9.04169717e-03 -4.25840326e-04
3.46770756e-01 1.12255544e-02 2.02450365e-03 9.07371389e-03 -2.83812038e-04
3.48243288e-01 1.12533901e-02 1.88374132e-03 9.12505059e-03 -1.54910371e-04
3.49714961e-01 1.13014199e-02 1.72364793e-03 9.19659458e-03 -4.29497742e-05
3.51185772e-01 1.13709529e-02 1.54779705e-03 9.28867143e-03 4.86165939e-05
3.52655716e-01 1.14627523e-02 1.36036011e-03 9.40102577e-03 1.16822937e-04
3.54124791e-01 1.15769898e-02 1.16599373e-03 9.53282175e-03 1.59303425e-04
3.55592992e-01 1.17132189e-02 9.69706456e-04 9.68266387e-03 1.74386287e-04
3.57060317e-01 1.18703692e-02 7.76709433e-04 9.84863767e-03 1.61165012e-04
3.58526760e-01 1.20467624e-02 5.92256349e-04 1.00283693e-02 1.19543184e-04
3.59992320e-01 1.22401507e-02 4.21478486e-04 1.02191019e-02 5.02505889e-05
3.61456992e-01 1.24477761e-02 2.69221075e-04 1.04177856e-02 -4.51705574e-05
3.62920772e-01 1.26664504e-02 1.39887157e-04 1.06211785e-02 -1.64409070e-04
3.64383658e-01 1.28926511e-02 3.72948981e-05 1.08259537e-02 -3.04456458e-04
3.65845645e-01 1.31226319e-02 -3.54461887e-05 1.10288090e-02 -4.61704029e-04
3.67306729e-01 1.33525427e-02 -7.60354360e-05 1.12265748e-02 -6.32061566e-04
3.68766908e-01 1.35785543e-02 -8.30538949e-05 1.14163155e-02 -8.11092765e-04
3.70226177e-01 1.37969832e-02 -5.60072897e-05 1.15954211e-02 -9.94161905e-04
3.71684534e-01 1.40044121e-02 4.66232074e-06 1.17616857e-02 -1.17658584e-03
3.73141973e-01 1.41978006e-02 9.75962804e-05 1.19133692e-02 -1.35378518e-03
3.74598493e-01 1.43745818e-02 2.20569322e-04 1.20492417e-02 -1.52142882e-03
3.76054088e-01 1.45327415e-02 3.70567480e-04 1.21686072e-02 -1.67556618e-03
3.77508756e-01 1.46708770e-02 5.43890546e-04 1.22713089e-02 -1.81274241e-03
3.78962493e-01 1.47882330e-02 7.36274847e-04 1.23577137e-02 -1.93009249e-03
3.80415296e-01 1.48847132e-02 9.43031399e-04 1.24286791e-02 -2.02541141e-03
3.81867160e-01 1.49608689e-02 1.15919413e-03 1.24855038e-02 -2.09719833e-03
3.83318083e-01 1.50178636e-02 1.37967259e-03 1.25298643e-02 -2.14467426e-03
3.84768060e-01 1.50574172e-02 1.59940365e-03 1.25637403e-02 -2.16777356e-03
3.86217089e-01 1.50817311e-02 1.81349698e-03 1.25893324e-02 -2.16711071e-03
3.87665165e-01 1.50933985e-02 2.01736939e-03 1.26089764e-02 -2.14392500e-03
3.89112285e-01 1.50953034e-02 2.20686398e-03 1.26250556e-02 -2.10000605e-03
3.90558445e-01 1.50905125e-02 2.37835062e-03 1.26399164e-02 -2.03760428e-03
3.92003642e-01 1.50821648e-02 2.52880517e-03 1.26557892e-02 -1.95933050e-03
3.93447872e-01 1.50733624e-02 2.65586585e-03 1.26747177e-02 -1.86804900e-03
3.94891132e-01 1.50670677e-02 2.75786589e-03 1.26984986e-02 -1.76676874e-03
3.96333418e-01 1.50660099e-02 2.83384274e-03 1.27286332e-02 -1.65853692e-03
3.97774727e-01 1.50726033e-02 2.88352482e-03 1.27662927e-02 -1.54633881e-03
3.99215055e-01 1.50888820e-02 2.90729754e-03 1.28122970e-02 -1.43300732e-03
4.00654398e-01 1.51164502e-02 2.90615103e-03 1.28671071e-02 -1.32114518e-03
4.02092753e-01 1.51564509e-02 2.88161271e-03 1.29308314e-02 -1.21306176e-03
4.03530117e-01 1.52095527e-02 2.83566778e-03 1.30032433e-02 -1.11072590e-03
4.04966485e-01 1.52759535e-02 2.77067152e-03 1.30838099e-02 -1.01573542e-03
4.06401855e-01 1.53554017e-02 2.68925691e-03 1.31717305e-02 -9.29302951e-04
4.07836222e-01 1.54472314e-02 2.59424127e-03 1.32659813e-02 -8.52257381e-04
4.09269584e-01 1.55504107e-02 2.48853525e-03 1.33653661e-02 -7.85059298e-04
4.10701936e-01 1.56636011e-02 2.37505729e-03 1.34685701e-02 -7.27828506e-04
4.12133276e-01 1.57852230e-02 2.25665606e-03 1.35742155e-02 -6.80381230e-04
4.13563599e-01 1.59135282e-02 2.13604295e-03 1.36809167e-02 -6.42274443e-04
4.14992902e-01 1.60466740e-02 2.01573607e-03 1.37873335e-02 -6.12854677e-04
4.16421181e-01 1.61827969e-02 1.89801647e-03 1.38922216e-02 -5.91308772e-04
4.17848434e-01 1.63200847e-02 1.78489696e-03 1.39944787e-02 -5.76714208e-04
4.19274656e-01 1.64568433e-02 1.67810294e-03 1.40931856e-02 -5.68086996e-04
4.20699844e-01 1.65915579e-02 1.57906453e-03 1.41876414e-02 -5.64425508e-04
4.22123995e-01 1.67229458e-02 1.48891875e-03 1.42773920e-02 -5.64749066e-04
4.23547105e-01 1.68499997e-02 1.40852005e-03 1.43622515e-02 -5.68130567e-04
4.24969170e-01 1.69720217e-02 1.33845764e-03 1.44423169e-02 -5.73722891e-04
4.26390187e-01 1.70886459e-02 1.27907770e-03 1.45179742e-02 -5.80779196e-04
4.27810152e-01 1.71998495e-02 1.23050895e-03 1.45898970e-02 -5.88667548e-04
4.29229063e-01 1.73059538e-02 1.19268991e-03 1.46590361e-02 -5.96880536e-04
4.30646915e-01 1.74076125e-02 1.16539665e-03 1.47266021e-02 -6.05040662e-04
4.32063705e-01 1.75057904e-02 1.14826998e-03 1.47940377e-02 -6.12902271e-04
4.33479429e-01 1.76017315e-02 1.14084156e-03 1.48629838e-02 -6.20350726e-04
4.34894084e-01 1.76969173e-02 1.14255825e-03 1.49352359e-02 -6.27399368e-04
4.36307667e-01 1.77930176e-02 1.15280486e-03 1.50126944e-02 -6.34184573e-04
4.37720174e-01 1.78918337e-02 1.17092516e-03 1.50973078e-02 -6.40958972e-04
4.39131601e-01 1.79952356e-02 1.19624136e-03 1.51910109e-02 -6.48082710e-04
4.40541946e-01 1.81050959e-02 1.22807228e-03 1.52956582e-02 -6.56012384e-04
4.41951203e-01 1.82232204e-02 1.26575037e-03 1.54129563e-02 -6.65287209e-04
4.43359371e-01 1.83512783e-02 1.30863754e-03 1.55443948e-02 -6.76511928e-04
4.44766446e-01 1.84907341e-02 1.35613980e-03 1.56911795e-02 -6.90336033e-04
4.46172424e-01 1.86427826e-02 1.40772039e-03 1.58541701e-02 -7.07429041e-04
4.47577301e-01 1.88082889e-02 1.46291087e-03 1.60338233e-02 -7.28451834e-04
4.48981074e-01 1.89877360e-02 1.52131973e-03 1.62301461e-02 -7.54024381e-04
4.50383741e-01 1.91811814e-02 1.58263770e-03 1.64426590e-02 -7.84690547e-04
4.51785296e-01 1.93882244e-02 1.64663922e-03 1.66703727e-02 -8.20881080e-04
4.53185738e-01 1.96079866e-02 1.71317934e-03 1.69117797e-02 -8.62876230e-04
4.54585061e-01 1.98391044e-02 1.78218575e-03 1.71648615e-02 -9.10769744e-04
4.55983264e-01 2.00797387e-02 1.85364556e-03 1.74271131e-02 -9.64436208e-04
4.57380342e-01 2.03275976e-02 1.92758702e-03 1.76955842e-02 -1.02350383e-03
4.58776292e-01 2.05799761e-02 2.00405661e-03 1.79669375e-02 -1.08733467e-03
4.60171111e-01 2.08338115e-02 2.08309206e-03 1.82375231e-02 -1.15501429e-03
4.61564795e-01 2.10857523e-02 2.16469265e-03 1.85034672e-02 -1.22535231e-03
4.62957340e-01 2.13322421e-02 2.24878791e-03 1.87607737e-02 -1.29689519e-03
4.64348744e-01 2.15696146e-02 2.33520665e-03 1.90054352e-02 -1.36795186e-03
4.65739003e-01 2.17941994e-02 2.42364791e-03 1.92335520e-02 -1.43663227e-03
4.67128113e-01 2.20024343e-02 2.51365583e-03 1.94414536e-02 -1.50089832e-03
4.68516071e-01 2.21909824e-02 2.60460037e-03 1.96258212e-02 -1.55862601e-03
4.69902874e-01 2.23568502e-02 2.69566553e-03 1.97838058e-02 -1.60767684e-03
4.71288518e-01 2.24975025e-02 2.78584654e-03 1.99131385e-02 -1.64597600e-03
4.72672999e-01 2.26109715e-02 2.87395720e-03 2.00122289e-02 -1.67159452e-03
4.74056315e-01 2.26959541e-02 2.95864794e-03 2.00802481e-02 -1.68283175e-03
4.75438462e-01 2.27518960e-02 3.03843472e-03 2.01171929e-02 -1.67829472e-03
4.76819436e-01 2.27790560e-02 3.11173824e-03 2.01239270e-02 -1.65697065e-03
4.78199234e-01 2.27785492e-02 3.17693241e-03 2.01021983e-02 -1.61828883e-03
4.79577853e-01 2.27523651e-02 3.23240029e-03 2.00546293e-02 -1.56216869e-03
4.80955289e-01 2.27033581e-02 3.27659534e-03 1.99846799e-02 -1.48905117e-03
4.82331539e-01 2.26352094e-02 3.30810524e-03 1.98965822e-02 -1.39991101e-03
4.83706600e-01 2.25523596e-02 3.32571516e-03 1.97952484e-02 -1.29624868e-03
4.85080468e-01 2.24599113e-02 3.32846754e-03 1.96861530e-02 -1.18006138e-03
4.86453139e-01 2.23635053e-02 3.31571487e-03 1.95751921e-02 -1.05379340e-03
4.87824611e-01 2.22691716e-02 3.28716278e-03 1.94685241e-02 -9.20267437e-04
4.89194880e-01 2.21831592e-02 3.24290061e-03 1.93723952e-02 -7.82599116e-04
4.90563942e-01 2.21117510e-02 3.18341758e-03 1.92929559e-02 -6.44097974e-04
4.91931794e-01 2.20610684e-02 3.10960308e-03 1.92360742e-02 -5.08158809e-04
4.93298434e-01 2.20368726e-02 3.02273057e-03 1.92071514e-02 -3.78147903e-04
4.94663856e-01 2.20443706e-02 2.92442529e-03 1.92109479e-02 -2.57288880e-04
4.96028059e-01 2.20880323e-02 2.81661696e-03 1.92514241e-02 -1.48553098e-04
4.97391039e-01 2.21714270e-02 2.70147933e-03 1.93316042e-02 -5.45593039e-05
4.98752791e-01 2.22970850e-02 2.58135928e-03 1.94534666e-02 2.25130622e-05
5.00113314e-01 2.24663916e-02 2.45869857e-03 1.96178665e-02 8.09931566e-05
5.01472604e-01 2.26795178e-02 2.33595219e-03 1.98244947e-02 1.19767586e-04
5.02830656e-01 2.29353916e-02 2.21550686e-03 2.00718735e-02 1.38306751e-04
5.04187469e-01 2.32317113e-02 2.09960403e-03 2.03573916e-02 1.36667612e-04
5.05543038e-01 2.35650027e-02 1.99027093e-03 2.06773770e-02 1.15472918e-04
5.06897361e-01 2.39307175e-02 1.88926326e-03 2.10272056e-02 7.58680094e-05
5.08250433e-01 2.43233692e-02 1.79802244e-03 2.14014424e-02 1.94573745e-05
5.09602252e-01 2.47367044e-02 1.71764942e-03 2.17940098e-02 -5.17759187e-05
5.10952815e-01 2.51638993e-02 1.64889673e-03 2.21983767e-02 -1.35563976e-04
5.12302117e-01 2.55977779e-02 1.59217882e-03 2.26077627e-02 -2.29456441e-04
5.13650155e-01 2.60310400e-02 1.54760043e-03 2.30153485e-02 -3.30926464e-04
5.14996927e-01 2.64564934e-02 1.51500129e-03 2.34144849e-02 -4.37475092e-04
5.16342429e-01 2.68672785e-02 1.49401481e-03 2.37988944e-02 -5.46728926e-04
5.17686658e-01 2.72570798e-02 1.48413736e-03 2.41628552e-02 -6.56526216e-04
5.19029610e-01 2.76203130e-02 1.48480436e-03 2.45013644e-02 -7.64987107e-04
5.20371281e-01 2.79522849e-02 1.49546845e-03 2.48102721e-02 -8.70564533e-04
5.21711670e-01 2.82493169e-02 1.51567520e-03 2.50863845e-02 -9.72073245e-04
5.23050772e-01 2.85088318e-02 1.54513132e-03 2.53275317e-02 -1.06869558e-03
5.24388584e-01 2.87293994e-02 1.58376078e-03 2.55326004e-02 -1.15996390e-03
5.25725102e-01 2.89107419e-02 1.63174469e-03 2.57015303e-02 -1.24572074e-03
5.27060325e-01 2.90537003e-02 1.68954132e-03 2.58352777e-02 -1.32605932e-03
5.28394247e-01 2.91601654e-02 1.75788374e-03 2.59357479e-02 -1.40124787e-03
5.29726866e-01 2.92329766e-02 1.83775362e-03 2.60057016e-02 -1.47164241e-03
5.31058179e-01 2.92757958e-02 1.93033086e-03 2.60486397e-02 -1.53759360e-03
5.32388182e-01 2.92929618e-02 2.03692016e-03 2.60686721e-02 -1.59935341e-03
5.33716872e-01 2.92893308e-02 2.15885699e-03 2.60703770e-02 -1.65698793e-03
5.35044246e-01 2.92701128e-02 2.29739645e-03 2.60586549e-02 -1.71030224e-03
5.36370301e-01 2.92407068e-02 2.45358999e-03 2.60385837e-02 -1.75878304e-03
5.37695032e-01 2.92065437e-02 2.62815573e-03 2.60152801e-02 -1.80156362e-03
5.39018438e-01 2.91729407e-02 2.82134888e-03 2.59937690e-02 -1.83741496e-03
5.40340514e-01 2.91449705e-02 3.03283923e-03 2.59788675e-02 -1.86476516e-03
5.41661258e-01 2.91273505e-02 3.26160280e-03 2.59750821e-02 -1.88174799e-03
5.42980666e-01 2.91243525e-02 3.50583459e-03 2.59865230e-02 -1.88627960e-03
5.44298735e-01 2.91397329e-02 3.76288857e-03 2.60168347e-02 -1.87616086e-03
5.45615461e-01 2.91766856e-02 4.02925057e-03 2.60691429e-02 -1.84920112e-03
5.46930842e-01 2.92378138e-02 4.30054810e-03 2.61460163e-02 -1.80335792e-03
5.48244874e-01 2.93251204e-02 4.57159999e-03 2.62494427e-02 -1.73688563e-03
5.49557555e-01 2.94400145e-02 4.83650710e-03 2.63808171e-02 -1.64848565e-03
5.50868879e-01 2.95833299e-02 5.08878334e-03 2.65409400e-02 -1.53744970e-03
5.52178845e-01 2.97553548e-02 5.32152476e-03 2.67300252e-02 -1.40378801e-03
5.53487450e-01 2.99558676e-02 5.52761241e-03 2.69477134e-02 -1.24833433e-03
5.54794689e-01 3.01841779e-02 5.69994298e-03 2.71930936e-02 -1.07282047e-03
5.56100561e-01 3.04391692e-02 5.83167983e-03 2.74647280e-02 -8.79914025e-04
5.57405060e-01 3.07193416e-02 5.91651559e-03 2.77606821e-02 -6.73214686e-04
5.58708186e-01 3.10228531e-02 5.94893636e-03 2.80785597e-02 -4.57206064e-04
5.60009933e-01 3.13475593e-02 5.92447738e-03 2.84155420e-02 -2.37162083e-04
5.61310299e-01 3.16910492e-02 5.83995910e-03 2.87684317e-02 -1.90091715e-05
5.62609281e-01 3.20506788e-02 5.69369351e-03 2.91337035e-02 1.90852364e-04
5.63906875e-01 3.24236029e-02 5.48565055e-03 2.95075604e-02 3.85762183e-04
5.65203079e-01 3.28068048e-02 5.21757606e-03 2.98859971e-02 5.59041392e-04
5.66497889e-01 3.31971257e-02 4.89305379e-03 3.02648709e-02 7.04252303e-04
5.67791302e-01 3.35912960e-02 4.51750607e-03 3.06399794e-02 8.15465714e-04
5.69083314e-01 3.39859673e-02 4.09812982e-03 3.10071456e-02 8.87523978e-04
5.70373923e-01 3.43777489e-02 3.64376718e-03 3.13623082e-02 9.16287676e-04
5.71663126e-01 3.47632487e-02 3.16471219e-03 3.17016176e-02 8.98853817e-04
5.72950918e-01 3.51391182e-02 2.67245827e-03 3.20215325e-02 8.33734212e-04
5.74237298e-01 3.55021045e-02 2.17939301e-03 3.23189184e-02 7.20984005e-04
5.75522261e-01 3.58491067e-02 1.69844992e-03 3.25911409e-02 5.62272196e-04
5.76805805e-01 3.61772378e-02 1.24272824e-03 3.28361545e-02 3.60888439e-04
5.78087927e-01 3.64838900e-02 8.25093992e-04 3.30525796e-02 1.21683175e-04
5.79368623e-01 3.67668032e-02 4.57776335e-04 3.32397671e-02 -1.49058769e-04
5.80647890e-01 3.70241333e-02 1.51973942e-04 3.33978456e-02 -4.43807782e-04
5.81925725e-01 3.72545179e-02 -8.25139503e-05 3.35277484e-02 -7.54035783e-04
5.83202125e-01 3.74571391e-02 -2.37617941e-04 3.36312182e-02 -1.07050987e-03
5.84477087e-01 3.76317763e-02 -3.07277700e-04 3.37107878e-02 -1.38362137e-03
5.85750607e-01 3.77788501e-02 -2.87659353e-04 3.37697347e-02 -1.68373633e-03
5.87022683e-01 3.78994515e-02 -1.77302695e-04 3.38120113e-02 -1.96155234e-03
5.88293311e-01 3.79953549e-02 2.28073711e-05 3.38421503e-02 -2.20844577e-03
5.89562488e-01 3.80690123e-02 3.09247764e-04 3.38651479e-02 -2.41679403e-03
5.90830212e-01 3.81235265e-02 6.76242107e-04 3.38863286e-02 -2.58025852e-03
5.92096478e-01 3.81626027e-02 1.11582013e-03 3.39111938e-02 -2.69401559e-03
5.93361284e-01 3.81904782e-02 1.61804537e-03 3.39452611e-02 -2.75492579e-03
5.94624627e-01 3.82118301e-02 2.17130261e-03 3.39938979e-02 -2.76163424e-03
5.95886503e-01 3.82316644e-02 2.76263434e-03 3.40621573e-02 -2.71459898e-03
5.97146909e-01 3.82551874e-02 3.37811425e-03 3.41546200e-02 -2.61604701e-03
5.98405843e-01 3.82876647e-02 4.00324465e-03 3.42752498e-02 -2.46986177e-03
5.99663302e-01 3.83342707e-02 4.62336447e-03 3.44272677e-02 -2.28140874e-03
6.00919281e-01 3.83999359e-02 5.22405467e-03 3.46130497e-02 -2.05730851e-03
6.02173778e-01 3.84891952e-02 5.79152826e-03 3.48340516e-02 -1.80516900e-03
6.03426791e-01 3.86060456e-02 6.31299369e-03 3.50907644e-02 -1.53328994e-03
6.04678315e-01 3.87538159e-02 6.77698125e-03 3.53827016e-02 -1.25035322e-03
6.05928348e-01 3.89350572e-02 7.17362406e-03 3.57084190e-02 -9.65112940e-04
6.07176887e-01 3.91514561e-02 7.49488716e-03 3.60655649e-02 -6.86098075e-04
6.08423928e-01 3.94037755e-02 7.73473988e-03 3.64509604e-02 -4.21339235e-04
6.09669468e-01 3.96918260e-02 7.88926884e-03 3.68607047e-02 -1.78129188e-04
6.10913506e-01 4.00144686e-02 7.95673073e-03 3.72903011e-02 3.71755598e-05
6.12156036e-01 4.03696497e-02 7.93754583e-03 3.77348005e-02 2.19307306e-04
6.13397057e-01 4.07544661e-02 7.83423476e-03 3.81889547e-02 3.64191516e-04
6.14636565e-01 4.11652594e-02 7.65130250e-03 3.86473752e-02 4.69003137e-04
6.15874558e-01 4.15977344e-02 7.39507473e-03 3.91046924e-02 5.32177138e-04
6.17111031e-01 4.20470989e-02 7.07349270e-03 3.95557090e-02 5.53377345e-04
6.18345983e-01 4.25082181e-02 6.69587336e-03 3.99955440e-02 5.33429033e-04
6.19579410e-01 4.29757795e-02 6.27264229e-03 4.04197630e-02 4.74221588e-04
6.20811308e-01 4.34444618e-02 5.81504694e-03 4.08244919e-02 3.78588041e-04
6.22041676e-01 4.39091007e-02 5.33485818e-03 4.12065118e-02 2.50168254e-04
6.23270509e-01 4.43648482e-02 4.84406791e-03 4.15633331e-02 9.32621635e-05
6.24497806e-01 4.48073178e-02 4.35459019e-03 4.18932476e-02 -8.73211538e-05
6.25723562e-01 4.52327115e-02 3.87797332e-03 4.21953596e-02 -2.86413722e-04
6.26947776e-01 4.56379247e-02 3.42512951e-03 4.24695939e-02 -4.98634317e-04
6.28170443e-01 4.60206255e-02 3.00608823e-03 4.27166833e-02 -7.18526628e-04
6.29391561e-01 4.63793050e-02 2.62977893e-03 4.29381348e-02 -9.40687962e-04
6.30611126e-01 4.67132987e-02 2.30384748e-03 4.31361761e-02 -1.15988730e-03
6.31829137e-01 4.70227772e-02 2.03451036e-03 4.33136838e-02 -1.37117212e-03
6.33045589e-01 4.73087076e-02 1.82644929e-03 4.34740944e-02 -1.56996385e-03
6.34260480e-01 4.75727865e-02 1.68274794e-03 4.36212991e-02 -1.75214185e-03
6.35473807e-01 4.78173473e-02 1.60487163e-03 4.37595262e-02 -1.91411604e-03
6.36685567e-01 4.80452457e-02 1.59268931e-03 4.38932114e-02 -2.05288795e-03
6.37895757e-01 4.82597273e-02 1.64453635e-03 4.40268599e-02 -2.16609993e-03
6.39104373e-01 4.84642827e-02 1.75731534e-03 4.41649039e-02 -2.25207175e-03
6.40311414e-01 4.86624953e-02 1.92663112e-03 4.43115587e-02 -2.30982387e-03
6.41516875e-01 4.88578884e-02 2.14695543e-03 4.44706820e-02 -2.33908632e-03
6.42720754e-01 4.90537790e-02 2.41181536e-03 4.46456420e-02 -2.34029204e-03
6.43923048e-01 4.92531426e-02 2.71399966e-03 4.48391989e-02 -2.31455391e-03
6.45123754e-01 4.94584976e-02 3.04577598e-03 4.50534047e-02 -2.26362468e-03
6.46322869e-01 4.96718129e-02 3.39911218e-03 4.52895283e-02 -2.18983980e-03
6.47520390e-01 4.98944455e-02 3.76589486e-03 4.55480082e-02 -2.09604361e-03
6.48716314e-01 5.01271106e-02 4.13813821e-03 4.58284393e-02 -1.98550020e-03
6.49910639e-01 5.03698862e-02 4.50817720e-03 4.61295944e-02 -1.86179121e-03
6.51103360e-01 5.06222540e-02 4.86883967e-03 4.64494830e-02 -1.72870338e-03
6.52294476e-01 5.08831744e-02 5.21359286e-03 4.67854473e-02 -1.59010999e-03
6.53483983e-01 5.11511928e-02 5.53666113e-03 4.71342913e-02 -1.44985030e-03
6.54671879e-01 5.14245720e-02 5.83311294e-03 4.74924401e-02 -1.31161203e-03
6.55858160e-01 5.17014435e-02 6.09891644e-03 4.78561226e-02 -1.17882174e-03
6.57042824e-01 5.19799708e-02 6.33096435e-03 4.82215689e-02 -1.05454800e-03
6.58225867e-01 5.22585129e-02 6.52707009e-03 4.85852124e-02 -9.41421600e-04
6.59407287e-01 5.25357806e-02 6.68593811e-03 4.89438877e-02 -8.41576350e-04
6.60587080e-01 5.28109741e-02 6.80711255e-03 4.92950100e-02 -7.56613019e-04
6.61765245e-01 5.30838920e-02 6.89090853e-03 4.96367293e-02 -6.87587662e-04
6.62941778e-01 5.33550057e-02 6.93833125e-03 4.99680453e-02 -6.35024246e-04
6.64116675e-01 5.36254902e-02 6.95098777e-03 5.02888781e-02 -5.98950089e-04
6.65289935e-01 5.38972087e-02 6.93099628e-03 5.06000871e-02 -5.78951264e-04
6.66461554e-01 5.41726493e-02 6.88089708e-03 5.09034350e-02 -5.74243963e-04
6.67631530e-01 5.44548148e-02 6.80356881e-03 5.12014970e-02 -5.83756873e-04
6.68799859e-01 5.47470706e-02 6.70215260e-03 5.14975194e-02 -6.06219034e-04
6.69966538e-01 5.50529572e-02 6.57998559e-03 5.17952321e-02 -6.40247422e-04
6.71131566e-01 5.53759778e-02 6.44054452e-03 5.20986265e-02 -6.84428677e-04
6.72294938e-01 5.57193723e-02 6.28739897e-03 5.24117096e-02 -7.37389977e-04
6.73456652e-01 5.60858911e-02 6.12417294e-03 5.27382487e-02 -7.97854919e-04
6.74616706e-01 5.64775817e-02 5.95451294e-03 5.30815211e-02 -8.64681460e-04
6.75775095e-01 5.68956022e-02 5.78206025e-03 5.34440845e-02 -9.36880282e-04
6.76931818e-01 5.73400731e-02 5.61042477e-03 5.38275815e-02 -1.01361337e-03
6.78086872e-01 5.78099788e-02 5.44315803e-03 5.42325906e-02 -1.09417401e-03
6.79240254e-01 5.83031251e-02 5.28372320e-03 5.46585346e-02 -1.17795071e-03
6.80391960e-01 5.88161595e-02 5.13546020e-03 5.51036522e-02 -1.26437854e-03
6.81541988e-01 5.93446534e-02 5.00154496e-03 5.55650365e-02 -1.35288255e-03
6.82690336e-01 5.98832463e-02 4.88494239e-03 5.60387404e-02 -1.44281798e-03
6.83837000e-01 6.04258449e-02 4.78835341e-03 5.65199443e-02 -1.53341255e-03
6.84981977e-01 6.09658705e-02 4.71415725e-03 5.70031777e-02 -1.62371591e-03
6.86125265e-01 6.14965406e-02 4.66435082e-03 5.74825856e-02 -1.71256054e-03
6.87266861e-01 6.20111745e-02 4.64048754e-03 5.79522244e-02 -1.79853804e-03
6.88406763e-01 6.25035058e-02 4.64361859e-03 5.84063736e-02 -1.87999347e-03
6.89544966e-01 6.29679891e-02 4.67423940e-03 5.88398465e-02 -1.95503931e-03
6.90681469e-01 6.34000830e-02 4.73224472e-03 5.92482854e-02 -2.02158959e-03
6.91816268e-01 6.37964991e-02 4.81689505e-03 5.96284248e-02 -2.07741336e-03
6.92949362e-01 6.41554015e-02 4.92679712e-03 5.99783104e-02 -2.12020581e-03
6.94080746e-01 6.44765507e-02 5.05990067e-03 6.02974626e-02 -2.14767412e-03
6.95210419e-01 6.47613807e-02 5.21351319e-03 6.05869764e-02 -2.15763480e-03
6.96338377e-01 6.50130092e-02 5.38433367e-03 6.08495517e-02 -2.14811814e-03
6.97464618e-01 6.52361766e-02 5.56850568e-03 6.10894539e-02 -2.11747554e-03
6.98589139e-01 6.54371184e-02 5.76168968e-03 6.13124041e-02 -2.06448497e-03
6.99711937e-01 6.56233728e-02 5.95915337e-03 6.15254039e-02 -1.98845004e-03
7.00833010e-01 6.58035344e-02 6.15587854e-03 6.17365021e-02 -1.88928811e-03
7.01952354e-01 6.59869605e-02 6.34668201e-03 6.19545129e-02 -1.76760356e-03
7.03069967e-01 6.61834430e-02 6.52634784e-03 6.21886959e-02 -1.62474268e-03
7.04185846e-01 6.64028588e-02 6.68976739e-03 6.24484113e-02 -1.46282716e-03
7.05299989e-01 6.66548101e-02 6.83208331e-03 6.27427640e-02 -1.28476413e-03
7.06412392e-01 6.69482701e-02 6.94883356e-03 6.30802493e-02 -1.09423125e-03
7.07523053e-01 6.72912461e-02 7.03609092e-03 6.34684140e-02 -8.95636156e-04
7.08631969e-01 6.76904709e-02 7.09059409e-03 6.39135448e-02 -6.94050433e-04
7.09739137e-01 6.81511351e-02 7.10986591e-03 6.44203945e-02 -4.95118855e-04
7.10844555e-01 6.86766669e-02 7.09231503e-03 6.49919556e-02 -3.04945445e-04
7.11948220e-01 6.92685672e-02 7.03731750e-03 6.56292874e-02 -1.29958467e-04
7.13050130e-01 6.99263033e-02 6.94527530e-03 6.63314017e-02 2.32429437e-05
7.14150280e-01 7.06472646e-02 6.81764932e-03 6.70952092e-02 1.48057307e-04
7.15248670e-01 7.14267778e-02 6.65696529e-03 6.79155273e-02 2.38060854e-04
7.16345296e-01 7.22581818e-02 6.46679130e-03 6.87851469e-02 2.87195087e-04
7.17440155e-01 7.31329563e-02 6.25168683e-03 6.96949554e-02 2.89957564e-04
7.18533244e-01 7.40408994e-02 6.01712346e-03 7.06341105e-02 2.41591316e-04
7.19624562e-01 7.49703481e-02 5.76937856e-03 7.15902596e-02 1.38268147e-04
7.20714105e-01 7.59084338e-02 5.51540340e-03 7.25497976e-02 -2.27391126e-05
7.21801870e-01 7.68413656e-02 5.26266840e-03 7.34981575e-02 -2.42900475e-04
7.22887856e-01 7.77547357e-02 5.01898828e-03 7.44201269e-02 -5.22293898e-04
7.23972059e-01 7.86338385e-02 4.79233100e-03 7.53001837e-02 -8.59496721e-04
7.25054476e-01 7.94639976e-02 4.59061446e-03 7.61228455e-02 -1.25150842e-03
7.26135105e-01 8.02308964e-02 4.42149606e-03 7.68730273e-02 -1.69370930e-03
7.27213943e-01 8.09209061e-02 4.29216004e-03 7.75364017e-02 -2.17985932e-03
7.28290988e-01 8.15214066e-02 4.20910853e-03 7.80997559e-02 -2.70214032e-03
7.29366237e-01 8.20210976e-02 4.17796197e-03 7.85513421e-02 -3.25124414e-03
7.30439687e-01 8.24102939e-02 4.20327488e-03 7.88812133e-02 -3.81650772e-03
7.31511336e-01 8.26812041e-02 4.28837279e-03 7.90815421e-02 -4.38609474e-03
7.32581181e-01 8.28281861e-02 4.43521563e-03 7.91469140e-02 -4.94722212e-03
7.33649219e-01 8.28479770e-02 4.64429248e-03 7.90745911e-02 -5.48642754e-03
7.34715448e-01 8.27398944e-02 4.91455153e-03 7.88647392e-02 -5.98987281e-03
7.35779864e-01 8.25060020e-02 5.24336850e-03 7.85206122e-02 -6.44367626e-03
7.36842467e-01 8.21512373e-02 5.62655524e-03 7.80486870e-02 -6.83426565e-03
7.37903252e-01 8.16834959e-02 6.05840924e-03 7.74587430e-02 -7.14874223e-03
7.38962217e-01 8.11136662e-02 6.53180364e-03 7.67638801e-02 -7.37524541e-03
7.40019360e-01 8.04556118e-02 7.03831563e-03 7.59804690e-02 -7.50330713e-03
7.41074678e-01 7.97260953e-02 7.56839050e-03 7.51280313e-02 -7.52418487e-03
7.42128168e-01 7.89446400e-02 8.11153697e-03 7.42290437e-02 -7.43116256e-03
7.43179828e-01 7.81333275e-02 8.65654881e-03 7.33086667e-02 -7.21980964e-03
7.44229655e-01 7.73165290e-02 9.19174684e-03 7.23943979e-02 -6.88818952e-03
7.45277647e-01 7.65205696e-02 9.70523494e-03 7.15156503e-02 -6.43701039e-03
7.46323801e-01 7.57733290e-02 1.01851634e-02 7.07032623e-02 -5.86971339e-03
7.47368114e-01 7.51037801e-02 1.06199927e-02 6.99889442e-02 -5.19249486e-03
7.48410585e-01 7.45414719e-02 1.09987519e-02 6.94046698e-02 -4.41426191e-03
7.49451209e-01 7.41159642e-02 1.13112842e-02 6.89820236e-02 -3.54652236e-03
7.50489985e-01 7.38562207e-02 1.15484760e-02 6.87515142e-02 -2.60321213e-03
7.51526911e-01 7.37899736e-02 1.17024629e-02 6.87418680e-02 -1.60046497e-03
7.52561982e-01 7.39430688e-02 1.17668103e-02 6.89793166e-02 -5.56330731e-04
7.53595199e-01 7.43388060e-02 1.17366645e-02 6.94868921e-02 5.09550594e-04
7.54626556e-01 7.49972852e-02 1.16088729e-02 7.02837456e-02 1.57631093e-03
7.55656053e-01 7.59347759e-02 1.13820721e-02 7.13845045e-02 2.62224395e-03
7.56683685e-01 7.71631201e-02 1.10567422e-02 7.27986815e-02 3.62521418e-03
7.57709452e-01 7.86891858e-02 1.06352305e-02 7.45301524e-02 4.56307735e-03
7.58733350e-01 8.05143823e-02 1.01217425e-02 7.65767132e-02 5.41410417e-03
7.59755377e-01 8.26342517e-02 9.52230357e-03 7.89297312e-02 6.15740076e-03
7.60775531e-01 8.50381489e-02 8.84469268e-03 8.15739006e-02 6.77331932e-03
7.61793808e-01 8.77090213e-02 8.09835001e-03 8.44871136e-02 7.24385373e-03
7.62810206e-01 9.06233000e-02 7.29426066e-03 8.76404570e-02 7.55301529e-03
7.63824724e-01 9.37509120e-02 6.44481650e-03 9.09983410e-02 7.68718447e-03
7.64837357e-01 9.70554222e-02 5.56365774e-03 9.45187683e-02 7.63543485e-03
7.65848104e-01 1.00494315e-01 4.66549594e-03 9.81537490e-02 7.38982577e-03
7.66856963e-01 1.04019418e-01 3.76591961e-03 1.01849864e-01 6.94566012e-03
7.67863930e-01 1.07577478e-01 2.88118313e-03 1.05548977e-01 6.30170351e-03
7.68869004e-01 1.11110884e-01 2.02798000e-03 1.09189100e-01 5.46036080e-03
7.69872181e-01 1.14558548e-01 1.22320047e-03 1.12705402e-01 4.42780550e-03
7.70873460e-01 1.17856925e-01 4.83674267e-04 1.16031350e-01 3.21405715e-03
7.71872838e-01 1.20941179e-01 -1.74101215e-04 1.19099989e-01 1.83300110e-03
7.72870312e-01 1.23746476e-01 -7.34246345e-04 1.21845323e-01 3.02345266e-04
7.73865880e-01 1.26209391e-01 -1.18179702e-03 1.24203792e-01 -1.35649219e-03
7.74859540e-01 1.28269401e-01 -1.50301257e-03 1.26115818e-01 -3.11856977e-03
7.75851289e-01 1.29870448e-01 -1.68569066e-03 1.27527385e-01 -4.95568919e-03
7.76841124e-01 1.30962534e-01 -1.71948501e-03 1.28391624e-01 -6.83674577e-03
7.77829044e-01 1.31503305e-01 -1.59621997e-03 1.28670363e-01 -8.72816498e-03
7.78815045e-01 1.31459597e-01 -1.31019526e-03 1.28335596e-01 -1.05944259e-02
7.79799126e-01 1.30808879e-01 -8.58472001e-04 1.27370832e-01 -1.23986694e-02
7.80781283e-01 1.29540561e-01 -2.41130565e-04 1.25772268e-01 -1.41033863e-02
7.81761515e-01 1.27657104e-01 5.38510695e-04 1.23549739e-01 -1.56711762e-02
7.82739819e-01 1.25174890e-01 1.47372726e-03 1.20727411e-01 -1.70655670e-02
7.83716193e-01 1.22124795e-01 2.55428250e-03 1.17344150e-01 -1.82518765e-02
7.84690634e-01 1.18552431e-01 3.76639530e-03 1.13453552e-01 -1.91980993e-02
7.85663139e-01 1.14518014e-01 5.09279167e-03 1.09123587e-01 -1.98757955e-02
7.86633708e-01 1.10095822e-01 6.51284907e-03 1.04435843e-01 -2.02609542e-02
7.87602336e-01 1.05373240e-01 8.00283990e-03 9.94843554e-02 -2.03348074e-02
7.88569022e-01 1.00449371e-01 9.53627767e-03 9.43740234e-02 -2.00845618e-02
7.89533763e-01 9.54332386e-02 1.10843657e-02 8.92186342e-02 -1.95040230e-02
7.90496556e-01 9.04415783e-02 1.26165448e-02 8.41385168e-02 -1.85940820e-02
7.91457401e-01 8.55962879e-02 1.41011303e-02 7.92578773e-02 -1.73630393e-02
7.92416293e-01 8.10215691e-02 1.55060282e-02 7.47018721e-02 -1.58267450e-02
7.93373232e-01 7.68408415e-02 1.67995108e-02 7.05934929e-02 -1.40085387e-02
7.94328214e-01 7.31735086e-02 1.79510327e-02 6.70503485e-02 -1.19389768e-02
7.95281236e-01 7.01316725e-02 1.89320628e-02 6.41814370e-02 -9.65534484e-03
7.96232298e-01 6.78168981e-02 1.97169051e-02 6.20840097e-02 -7.20095890e-03
7.97181396e-01 6.63171349e-02 2.02834808e-02 6.08406282e-02 -4.62426613e-03
7.98128528e-01 6.57039033e-02 2.06140432e-02 6.05165191e-02 -1.97776599e-03
7.99073691e-01 6.60298489e-02 2.06957966e-02 6.11573211e-02 6.83221792e-04
8.00016884e-01 6.73267601e-02 2.05213960e-02 6.27873126e-02 3.30190823e-03
8.00958104e-01 6.96041297e-02 2.00893027e-02 6.54081951e-02 5.82146548e-03
8.01897349e-01 7.28483281e-02 1.94039810e-02 6.89984878e-02 8.18649288e-03
8.02834616e-01 7.70224312e-02 1.84759214e-02 7.35135727e-02 1.03444722e-02
8.03769903e-01 8.20667268e-02 1.73214858e-02 7.88864038e-02 1.22471649e-02
8.04703207e-01 8.78998978e-02 1.59625760e-02 8.50288740e-02 1.38519056e-02
8.05634528e-01 9.44208545e-02 1.44261318e-02 9.18338060e-02 1.51227479e-02
8.06563861e-01 1.01511165e-01 1.27434736e-02 9.91775135e-02 1.60314264e-02
8.07491206e-01 1.09038013e-01 1.09495111e-02 1.06922855e-01 1.65581006e-02
8.08416559e-01 1.16857582e-01 9.08184198e-03 1.14922686e-01 1.66918588e-02
8.09339918e-01 1.24818766e-01 7.17977257e-03 1.23023603e-01 1.64309666e-02
8.10261281e-01 1.32767085e-01 5.28329126e-03 1.31069856e-01 1.57828528e-02
8.11180646e-01 1.40548664e-01 3.43203056e-03 1.38907307e-01 1.47638380e-02
8.12098011e-01 1.48014175e-01 1.66425086e-03 1.46387311e-01 1.33986166e-02
8.13013373e-01 1.55022589e-01 1.58789254e-05 1.53370400e-01 1.17195144e-02
8.13926729e-01 1.61444648e-01 -1.48036939e-03 1.59729655e-01 9.76554961e-03
8.14838079e-01 1.67165938e-01 -2.79575633e-03 1.65353678e-01 7.58133046e-03
8.15747419e-01 1.72089487e-01 -3.90615862e-03 1.70149073e-01 5.21582876e-03
8.16654747e-01 1.76137822e-01 -4.79255770e-03 1.74042383e-01 2.72107010e-03
8.17560061e-01 1.79254437e-01 -5.44137430e-03 1.76981436e-01 1.50782861e-04
8.18463359e-01 1.81404648e-01 -5.84464396e-03 1.78936091e-01 -2.44095217e-03
8.19364639e-01 1.82575848e-01 -6.00003555e-03 1.79898373e-01 -5.00101221e-03
8.20263897e-01 1.82777153e-01 -5.91072038e-03 1.79882026e-01 -7.47846666e-03
8.21161133e-01 1.82038514e-01 -5.58510375e-03 1.78921522e-01 -9.82570348e-03
8.22056344e-01 1.80409313e-01 -5.03643481e-03 1.77070585e-01 -1.19994215e-02
8.22949527e-01 1.77956532e-01 -4.28231341e-03 1.74400288e-01 -1.39614683e-02
8.23840681e-01 1.74762570e-01 -3.34411429e-03 1.70996816e-01 -1.56795098e-02
8.24729804e-01 1.70922780e-01 -2.24635013e-03 1.66958950e-01 -1.71275234e-02
8.25616892e-01 1.66542817e-01 -1.01599489e-03 1.62395392e-01 -1.82861122e-02
8.26501944e-01 1.61735888e-01 3.18212028e-04 1.57421982e-01 -1.91426453e-02
8.27384958e-01 1.56619970e-01 1.72646151e-03 1.52158907e-01 -1.96912306e-02
8.28265931e-01 1.51315082e-01 3.17855314e-03 1.46727966e-01 -1.99325333e-02
8.29144862e-01 1.45940676e-01 4.64454161e-03 1.41249958e-01 -1.98734557e-02
8.30021748e-01 1.40613197e-01 6.09533856e-03 1.35842247e-01 -1.95266956e-02
8.30896587e-01 1.35443860e-01 7.50326045e-03 1.30616557e-01 -1.89102033e-02
8.31769377e-01 1.30536691e-01 8.84251512e-03 1.25677016e-01 -1.80465558e-02
8.32640115e-01 1.25986829e-01 1.00896224e-02 1.21118484e-01 -1.69622695e-02
8.33508800e-01 1.21879134e-01 1.12237661e-02 1.17025176e-01 -1.56870707e-02
8.34375430e-01 1.18287077e-01 1.22270762e-02 1.13469580e-01 -1.42531410e-02
8.35240002e-01 1.15271933e-01 1.30848425e-02 1.10511668e-01 -1.26943557e-02
8.36102514e-01 1.12882242e-01 1.37856599e-02 1.08198388e-01 -1.10455297e-02
8.36962964e-01 1.11153546e-01 1.43215094e-02 1.06563428e-01 -9.34168619e-03
8.37821349e-01 1.10108358e-01 1.46877758e-02 1.05627223e-01 -7.61735726e-03
8.38677669e-01 1.09756373e-01 1.48832061e-02 1.05397192e-01 -5.90593043e-03
8.39531921e-01 1.10094861e-01 1.49098118e-02 1.05868176e-01 -4.23904775e-03
8.40384102e-01 1.11109257e-01 1.47727177e-02 1.07023061e-01 -2.64606648e-03
8.41234210e-01 1.12773897e-01 1.44799613e-02 1.08833562e-01 -1.15358789e-03
8.42082244e-01 1.15052899e-01 1.40422453e-02 1.11261145e-01 2.14940275e-04
8.42928201e-01 1.17901159e-01 1.34726499e-02 1.14258069e-01 1.43954305e-03
8.43772079e-01 1.21265449e-01 1.27863060e-02 1.17768531e-01 2.50395603e-03
8.44613877e-01 1.25085599e-01 1.20000376e-02 1.21729889e-01 3.39577943e-03
8.45453591e-01 1.29295740e-01 1.11319780e-02 1.26073957e-01 4.10654783e-03
8.46291221e-01 1.33825608e-01 1.02011676e-02 1.30728345e-01 4.63171629e-03
8.47126763e-01 1.38601872e-01 9.22714015e-03 1.35617825e-01 4.97056536e-03
8.47960216e-01 1.43549481e-01 8.22950797e-03 1.40665717e-01 5.12602903e-03
8.48791578e-01 1.48593016e-01 7.22755279e-03 1.45795257e-01 5.10445151e-03
8.49620847e-01 1.53658008e-01 6.23983407e-03 1.50930949e-01 4.91528043e-03
8.50448020e-01 1.58672223e-01 5.28382308e-03 1.55999858e-01 4.57070577e-03
8.51273096e-01 1.63566887e-01 4.37557231e-03 1.60932835e-01 4.08525498e-03
8.52096073e-01 1.68277814e-01 3.52942869e-03 1.65665656e-01 3.47535633e-03
8.52916948e-01 1.72746440e-01 2.75779781e-03 1.70140033e-01 2.75888288e-03
8.53735720e-01 1.76920726e-01 2.07096493e-03 1.74304511e-01 1.95469020e-03
8.54552386e-01 1.80755918e-01 1.47697642e-03 1.78115193e-01 1.08216057e-03
8.55366945e-01 1.84215145e-01 9.81583602e-04 1.81536322e-01 1.60765946e-04
8.56179395e-01 1.87269853e-01 5.88248211e-04 1.84540666e-01 -7.90339206e-04
8.56989732e-01 1.89900051e-01 2.98206814e-04 1.87109738e-01 -1.75268550e-03
8.57797957e-01 1.92094388e-01 1.10589195e-04 1.89233826e-01 -2.70880899e-03
8.58604066e-01 1.93850040e-01 2.25839070e-05 1.90911839e-01 -3.64251867e-03
8.59408057e-01 1.95172431e-01 2.96426045e-05 1.92150990e-01 -4.53910775e-03
8.60209930e-01 1.96074794e-01 1.25713649e-04 1.92966314e-01 -5.38550779e-03
8.61009680e-01 1.96577582e-01 3.03494843e-04 1.93380047e-01 -6.17038685e-03
8.61807307e-01 1.96707763e-01 5.54694993e-04 1.93420879e-01 -6.88419508e-03
8.62602809e-01 1.96498002e-01 8.70294371e-04 1.93123118e-01 -7.51916264e-03
8.63396184e-01 1.95985770e-01 1.24079499e-03 1.92525766e-01 -8.06925657e-03
8.64187429e-01 1.95212400e-01 1.65645280e-03 1.91671560e-01 -8.53010411e-03
8.64976543e-01 1.94222111e-01 2.10748562e-03 1.90605976e-01 -8.89889045e-03
8.65763524e-01 1.93061025e-01 2.58425213e-03 1.89376245e-01 -9.17423911e-03
8.66548370e-01 1.91776210e-01 3.07739958e-03 1.88030379e-01 -9.35608290e-03
8.67331079e-01 1.90414746e-01 3.57797930e-03 1.86616242e-01 -9.44553255e-03
8.68111648e-01 1.89022857e-01 4.07753125e-03 1.85180681e-01 -9.44474913e-03
8.68890077e-01 1.87645101e-01 4.56814016e-03 1.83768718e-01 -9.35682520e-03
8.69666363e-01 1.86323642e-01 5.04246717e-03 1.82422829e-01 -9.18567799e-03
8.70440504e-01 1.85097607e-01 5.49376177e-03 1.81182302e-01 -8.93595667e-03
8.71212499e-01 1.84002531e-01 5.91585938e-03 1.80082697e-01 -8.61296401e-03
8.71982345e-01 1.83069901e-01 6.30316984e-03 1.79155390e-01 -8.22259163e-03
8.72750041e-01 1.82326788e-01 6.65066239e-03 1.78427215e-01 -7.77126667e-03
8.73515584e-01 1.81795580e-01 6.95385141e-03 1.77920205e-01 -7.26590691e-03
8.74278973e-01 1.81493801e-01 7.20878724e-03 1.77651416e-01 -6.71388073e-03
8.75040206e-01 1.81434028e-01 7.41205463e-03 1.77632852e-01 -6.12296769e-03
8.75799281e-01 1.81623885e-01 7.56078081e-03 1.77871472e-01 -5.50131597e-03
8.76556196e-01 1.82066134e-01 7.65265369e-03 1.78369278e-01 -4.85739276e-03
8.77310949e-01 1.82758833e-01 7.68594951e-03 1.79123492e-01 -4.19992447e-03
8.78063539e-01 1.83695580e-01 7.65956825e-03 1.80126809e-01 -3.53782455e-03
8.78813963e-01 1.84865824e-01 7.57307431e-03 1.81367719e-01 -2.88010743e-03
8.79562220e-01 1.86255255e-01 7.42673878e-03 1.82830906e-01 -2.23578868e-03
8.80308308e-01 1.87846241e-01 7.22157978e-03 1.84497708e-01 -1.61377226e-03
8.81052225e-01 1.89618337e-01 6.95939662e-03 1.86346640e-01 -1.02272718e-03
8.81793969e-01 1.91548839e-01 6.64279413e-03 1.88353960e-01 -4.70956786e-04
8.82533538e-01 1.93613374e-01 6.27519341e-03 1.90494284e-01 3.37352836e-05
8.83270931e-01 1.95786528e-01 5.86082651e-03 1.92741230e-01 4.84177722e-04
8.84006145e-01 1.98042481e-01 5.40471264e-03 1.95068070e-01 8.73957974e-04
8.84739180e-01 2.00355652e-01 4.91261515e-03 1.97448388e-01 1.19753752e-03
8.85470032e-01 2.02701320e-01 4.39097911e-03 1.99856725e-01 1.45035157e-03
8.86198701e-01 2.05056225e-01 3.84685028e-03 2.02269178e-01 1.62888928e-03
8.86925184e-01 2.07399104e-01 3.28777749e-03 2.04663954e-01 1.73075160e-03
8.87649480e-01 2.09711171e-01 2.72170085e-03 2.07021852e-01 1.75468479e-03
8.88371587e-01 2.11976511e-01 2.15682901e-03 2.09326653e-01 1.70058870e-03
8.89091503e-01 2.14182372e-01 1.60150910e-03 2.11565414e-01 1.56950044e-03
8.89809227e-01 2.16319346e-01 1.06409296e-03 2.13728642e-01 1.36355464e-03
8.90524756e-01 2.18381439e-01 5.52803572e-04 2.15810349e-01 1.08592299e-03
8.91238089e-01 2.20366010e-01 7.56050709e-05 2.17807980e-01 7.40736324e-04
8.91949223e-01 2.22273588e-01 -3.59920469e-04 2.19722217e-01 3.32993216e-04
8.92658159e-01 2.24107570e-01 -7.46686882e-04 2.21556664e-01 -1.31540382e-04
8.93364892e-01 2.25873817e-01 -1.07820638e-03 2.23317420e-01 -6.46436012e-04
8.94069423e-01 2.27580141e-01 -1.34867935e-03 2.25012560e-01 -1.20470755e-03
8.94771748e-01 2.29235733e-01 -1.55307073e-03 2.26651549e-01 -1.79891192e-03
8.95471867e-01 2.30850528e-01 -1.68717309e-03 2.28244596e-01 -2.42124217e-03
8.96169778e-01 2.32434547e-01 -1.74765692e-03 2.29801990e-01 -3.06361015e-03
8.96865478e-01 2.33997238e-01 -1.73210913e-03 2.31333445e-01 -3.71771716e-03
8.97558967e-01 2.35546849e-01 -1.63906137e-03 2.32847470e-01 -4.37511178e-03
8.98250242e-01 2.37089862e-01 -1.46800956e-03 2.34350807e-01 -5.02723527e-03
8.98939302e-01 2.38630504e-01 -1.21942655e-03 2.35847957e-01 -5.66545631e-03
8.99626145e-01 2.40170379e-01 -8.94769249e-04 2.37340818e-01 -6.28109738e-03
9.00310769e-01 2.41708217e-01 -4.96481666e-04 2.38828449e-01 -6.86545648e-03
9.00993173e-01 2.43239781e-01 -2.79946567e-05 2.40306988e-01 -7.40982818e-03
9.01673355e-01 2.44757916e-01 5.06277270e-04 2.41769720e-01 -7.90552886e-03
9.02351313e-01 2.46252760e-01 1.10094230e-03 2.43207292e-01 -8.34393080e-03
9.03027046e-01 2.47712109e-01 1.74964171e-03 2.44608089e-01 -8.71650993e-03
9.03700552e-01 2.49121911e-01 2.44506569e-03 2.45958740e-01 -9.01491142e-03
9.04371830e-01 2.50466896e-01 3.17897664e-03 2.47244736e-01 -9.23103655e-03
9.05040876e-01 2.51731288e-01 3.94224240e-03 2.48451151e-01 -9.35715320e-03
9.05707691e-01 2.52899596e-01 4.72488198e-03 2.49563415e-01 -9.38603080e-03
9.06372273e-01 2.53957428e-01 5.51612675e-03 2.50568118e-01 -9.31109929e-03
9.07034619e-01 2.54892311e-01 6.30449978e-03 2.51453811e-01 -9.12662964e-03
9.07694728e-01 2.55694469e-01 7.07791590e-03 2.52211757e-01 -8.82793196e-03
9.08352599e-01 2.56357528e-01 7.82380421e-03 2.52836611e-01 -8.41156584e-03
9.09008229e-01 2.56879115e-01 8.52925470e-03 2.53326989e-01 -7.87555559e-03
9.09661618e-01 2.57261322e-01 9.18118896e-03 2.53685901e-01 -7.21960254e-03
9.10312763e-01 2.57511020e-01 9.76655472e-03 2.53921034e-01 -6.44528519e-03
9.10961663e-01 2.57639991e-01 1.02725423e-02 2.54044853e-01 -5.55623787e-03
9.11608317e-01 2.57664892e-01 1.06868202e-02 2.54074541e-01 -4.55829845e-03
9.12252723e-01 2.57607034e-01 1.09977859e-02 2.54031749e-01 -3.45961605e-03
9.12894879e-01 2.57491982e-01 1.11948262e-02 2.53942188e-01 -2.27071049e-03
9.13534783e-01 2.57349008e-01 1.12685822e-02 2.53835064e-01 -1.00447669e-03
9.14172435e-01 2.57210402e-01 1.12112111e-02 2.53742384e-01 3.23871526e-04
9.14807832e-01 2.57110664e-01 1.10166370e-02 2.53698157e-01 1.69692155e-03
9.15440973e-01 2.57085630e-01 1.06807849e-02 2.53737522e-01 3.09524755e-03
9.16071856e-01 2.57171534e-01 1.02017876e-02 2.53895833e-01 4.49766071e-03
9.16700480e-01 2.57404065e-01 9.58015915e-03 2.54207735e-01 5.88152129e-03
9.17326844e-01 2.57817439e-01 8.81892789e-03 2.54706262e-01 7.22310754e-03
9.17950945e-01 2.58443515e-01 7.92372204e-03 2.55421988e-01 8.49803447e-03
9.18572782e-01 2.59310988e-01 6.90280285e-03 2.56382250e-01 9.68171418e-03
9.19192354e-01 2.60444681e-01 5.76704118e-03 2.57610473e-01 1.07498475e-02
9.19809659e-01 2.61864950e-01 4.52983502e-03 2.59125610e-01 1.16789360e-02
9.20424696e-01 2.63587213e-01 3.20696674e-03 2.60941699e-01 1.24468028e-02
9.21037462e-01 2.65621619e-01 1.81640089e-03 2.63067556e-01 1.30331095e-02
9.21647958e-01 2.67972837e-01 3.78024841e-04 2.65506594e-01 1.34198580e-02
9.22256180e-01 2.70639993e-01 -1.08666363e-03 2.68256765e-01 1.35918635e-02
9.22862128e-01 2.73616711e-01 -2.55491606e-03 2.71310618e-01 1.35371902e-02
9.23465800e-01 2.76891272e-01 -4.00313302e-03 2.74655461e-01 1.32475350e-02
9.24067195e-01 2.80446870e-01 -5.40729537e-03 2.78273615e-01 1.27185541e-02
9.24666310e-01 2.84261936e-01 -6.74341713e-03 2.82142740e-01 1.19501197e-02
9.25263146e-01 2.88310542e-01 -7.98800965e-03 2.86236222e-01 1.09465017e-02
9.25857699e-01 2.92562838e-01 -9.11854575e-03 2.90523609e-01 9.71646810e-03
9.26449969e-01 2.96985531e-01 -1.01139129e-02 2.94971078e-01 8.27329762e-03
9.27039955e-01 3.01542382e-01 -1.09548439e-02 2.99541928e-01 6.63470265e-03
9.27627654e-01 3.06194717e-01 -1.16243154e-02 3.04197086e-01 4.82265934e-03
9.28213065e-01 3.10901942e-01 -1.21079033e-02 3.08895624e-01 2.86314439e-03
9.28796187e-01 3.15622054e-01 -1.23940876e-02 3.13595279e-01 7.85779620e-04
9.29377019e-01 3.20312158e-01 -1.24744997e-02 3.18252980e-01 -1.37661340e-03
9.29955559e-01 3.24928976e-01 -1.23441060e-02 3.22825378e-01 -3.58854410e-03
9.30531805e-01 3.29429360e-01 -1.20013247e-02 3.27269383e-01 -5.81246263e-03
9.31105757e-01 3.33770806e-01 -1.14480742e-02 3.31542707e-01 -8.00944025e-03
9.31677412e-01 3.37911976e-01 -1.06897541e-02 3.35604413e-01 -1.01399094e-02
9.32246769e-01 3.41813226e-01 -9.73515872e-03 3.39415482e-01 -1.21644509e-02
9.32813828e-01 3.45437150e-01 -8.59632916e-03 3.42939374e-01 -1.40446120e-02
9.33378586e-01 3.48749130e-01 -7.28834768e-03 3.46142612e-01 -1.57437394e-02
9.33941042e-01 3.51717893e-01 -5.82908068e-03 3.48995349e-01 -1.72278056e-02
9.34501195e-01 3.54316078e-01 -4.23887745e-03 3.51471936e-01 -1.84662102e-02
9.35059043e-01 3.56520788e-01 -2.54023187e-03 3.53551477e-01 -1.94325314e-02
9.35614585e-01 3.58314134e-01 -7.57414754e-04 3.55218342e-01 -2.01052074e-02
9.36167820e-01 3.59683751e-01 1.08391603e-03 3.56462647e-01 -2.04681250e-02
9.36718746e-01 3.60623261e-01 2.95712041e-03 3.57280668e-01 -2.05110937e-02
9.37267362e-01 3.61132678e-01 4.83498975e-03 3.57675178e-01 -2.02301886e-02
9.37813667e-01 3.61218740e-01 6.69016336e-03 3.57655697e-01 -1.96279448e-02
9.38357658e-01 3.60895126e-01 8.49554292e-03 3.57238625e-01 -1.87133933e-02
9.38899336e-01 3.60182569e-01 1.02247002e-02 3.56447259e-01 -1.75019307e-02
9.39438698e-01 3.59108833e-01 1.18522745e-02 3.55311669e-01 -1.60150211e-02
9.39975743e-01 3.57708539e-01 1.33543552e-02 3.53868436e-01 -1.42797356e-02
9.40510470e-01 3.56022848e-01 1.47088477e-02 3.52160240e-01 -1.23281386e-02
9.41042878e-01 3.54098973e-01 1.58958165e-02 3.50235309e-01 -1.01965370e-02
9.41572965e-01 3.51989546e-01 1.68978038e-02 3.48146711e-01 -7.92461272e-03
9.42100730e-01 3.49751826e-01 1.77001179e-02 3.45951536e-01 -5.55446572e-03
9.42626171e-01 3.47446771e-01 1.82910868e-02 3.43709942e-01 -3.12959442e-03
9.43149288e-01 3.45137992e-01 1.86622719e-02 3.41484119e-01 -6.93846893e-04
9.43670079e-01 3.42890609e-01 1.88086361e-02 3.39337172e-01 1.70962541e-03
9.44188542e-01 3.40770031e-01 1.87286608e-02 3.37331962e-01 4.03937837e-03
9.44704677e-01 3.38840707e-01 1.84244061e-02 3.35529926e-01 6.25661930e-03
9.45218483e-01 3.37164863e-01 1.79015097e-02 3.33989909e-01 8.32605581e-03
9.45729957e-01 3.35801264e-01 1.71691199e-02 3.32767044e-01 1.02166247e-02
9.46239099e-01 3.34804045e-01 1.62397605e-02 3.31911697e-01 1.19020807e-02
9.46745907e-01 3.34221625e-01 1.51291256e-02 3.31468517e-01 1.33614309e-02
9.47250380e-01 3.34095752e-01 1.38558054e-02 3.31475599e-01 1.45792052e-02
9.47752518e-01 3.34460685e-01 1.24409456e-02 3.31963802e-01 1.55455611e-02
9.48252318e-01 3.35342551e-01 1.09078447e-02 3.32956215e-01 1.62562251e-02
9.48749779e-01 3.36758876e-01 9.28149646e-03 3.34467791e-01 1.67122809e-02
9.49244901e-01 3.38718314e-01 7.58808711e-03 3.36505158e-01 1.69198168e-02
9.49737681e-01 3.41220561e-01 5.85445781e-03 3.39066598e-01 1.68894529e-02
9.50228120e-01 3.44256465e-01 4.10754547e-03 3.42142193e-01 1.66357676e-02
9.50716215e-01 3.47808314e-01 2.37381615e-03 3.45714128e-01 1.61766505e-02
9.51201965e-01 3.51850290e-01 6.78706011e-04 3.49757135e-01 1.55326052e-02
9.51685370e-01 3.56349080e-01 -9.53914724e-04 3.54239058e-01 1.47260304e-02
9.52166428e-01 3.61264602e-01 -2.50223949e-03 3.59121532e-01 1.37805041e-02
9.52645137e-01 3.66550851e-01 -3.94697011e-03 3.64360739e-01 1.27200950e-02
9.53121497e-01 3.72156811e-01 -5.27169527e-03 3.69908226e-01 1.15687233e-02
9.53595507e-01 3.78027433e-01 -6.46319093e-03 3.75711770e-01 1.03495894e-02
9.54067164e-01 3.84104635e-01 -7.51163353e-03 3.81716260e-01 9.08468485e-03
9.54536469e-01 3.90328312e-01 -8.41071904e-03 3.87864585e-01 7.79439713e-03
9.55003420e-01 3.96637333e-01 -9.15768419e-03 3.94098508e-01 6.49721332e-03
9.55468016e-01 4.02970502e-01 -9.75322900e-03 4.00359515e-01 5.20952584e-03
9.55930255e-01 4.09267478e-01 -1.02013433e-02 4.06589625e-01 3.94553739e-03
9.56390137e-01 4.15469627e-01 -1.05090427e-02 4.12732166e-01 2.71725916e-03
9.56847660e-01 4.21520816e-01 -1.06860228e-02 4.18732491e-01 1.53459281e-03
9.57302823e-01 4.27368131e-01 -1.07442425e-02 4.24538651e-01 4.05483921e-04
9.57755626e-01 4.32962517e-01 -1.06974509e-02 4.30102015e-01 -6.63867694e-04
9.58206066e-01 4.38259350e-01 -1.05606722e-02 4.35377840e-01 -1.66875676e-03
9.58654144e-01 4.43218931e-01 -1.03496664e-02 4.40325790e-01 -2.60569705e-03
9.59099857e-01 4.47806915e-01 -1.00803826e-02 4.44910412e-01 -3.47213824e-03
9.59543205e-01 4.51994671e-01 -9.76842422e-03 4.49101560e-01 -4.26619116e-03
9.59984187e-01 4.55759580e-01 -9.42854098e-03 4.52874781e-01 -4.98637577e-03
9.60422801e-01 4.59085275e-01 -9.07416690e-03 4.56211648e-01 -5.63140454e-03
9.60859046e-01 4.61961820e-01 -8.71701730e-03 4.59100044e-01 -6.20001148e-03
9.61292922e-01 4.64385834e-01 -8.36675837e-03 4.61534392e-01 -6.69083419e-03
9.61724427e-01 4.66360549e-01 -8.03075984e-03 4.63515825e-01 -7.10235354e-03
9.62153561e-01 4.67895815e-01 -7.71393811e-03 4.65052285e-01 -7.43289218e-03
9.62580321e-01 4.69008022e-01 -7.41869480e-03 4.66158544e-01 -7.68067041e-03
9.63004708e-01 4.69719964e-01 -7.14495204e-03 4.66856140e-01 -7.84391443e-03
9.63426720e-01 4.70060608e-01 -6.89028262e-03 4.67173208e-01 -7.92100950e-03
9.63846355e-01 4.70064786e-01 -6.65013003e-03 4.67144208e-01 -7.91068811e-03
9.64263614e-01 4.69772784e-01 -6.41811001e-03 4.66809541e-01 -7.81224090e-03
9.64678495e-01 4.69229837e-01 -6.18638257e-03 4.66215036e-01 -7.62573709e-03
9.65090997e-01 4.68485525e-01 -5.94608059e-03 4.65411327e-01 -7.35223976e-03
9.65501118e-01 4.67593064e-01 -5.68777916e-03 4.64453094e-01 -6.99400176e-03
9.65908859e-01 4.66608505e-01 -5.40198806e-03 4.63398206e-01 -6.55462793e-03
9.66314217e-01 4.65589841e-01 -5.07964882e-03 4.62306751e-01 -6.03919099e-03
9.66717192e-01 4.64596041e-01 -4.71261721e-03 4.61239979e-01 -5.45429031e-03
9.67117784e-01 4.63686027e-01 -4.29411263e-03 4.60259185e-01 -4.80804518e-03
9.67515990e-01 4.62917606e-01 -3.81911654e-03 4.59424546e-01 -4.11001741e-03
9.67911810e-01 4.62346398e-01 -3.28470421e-03 4.58793942e-01 -3.37106181e-03
9.68305243e-01 4.62024773e-01 -2.69029599e-03 4.58421808e-01 -2.60310651e-03
9.68696288e-01 4.62000828e-01 -2.03781789e-03 4.58358027e-01 -1.81886923e-03
9.69084944e-01 4.62317450e-01 -1.33176437e-03 4.58646919e-01 -1.03151922e-03
9.69471210e-01 4.63011476e-01 -5.79160385e-04 4.59326345e-01 -2.54297692e-04
9.69855086e-01 4.64112985e-01 2.10576284e-04 4.60426971e-01 4.99887315e-04
9.70236569e-01 4.65644760e-01 1.02586716e-03 4.61971701e-01 1.21887410e-03
9.70615660e-01 4.67621926e-01 1.85329063e-03 4.63975323e-01 1.89164954e-03
9.70992357e-01 4.70051788e-01 2.67797218e-03 4.66444365e-01 2.50872146e-03
9.71366659e-01 4.72933878e-01 3.48403177e-03 4.69377183e-01 3.06244299e-03
9.71738566e-01 4.76260214e-01 4.25507033e-03 4.72764266e-01 3.54727249e-03
9.72108076e-01 4.80015767e-01 4.97467596e-03 4.76588773e-01 3.95995536e-03
9.72475189e-01 4.84179112e-01 5.62692981e-03 4.80827260e-01 4.29961757e-03
9.72839904e-01 4.88723261e-01 6.19689195e-03 4.85450583e-01 4.56776475e-03
9.73202220e-01 4.93616624e-01 6.67104869e-03 4.90424950e-01 4.76818498e-03
9.73562135e-01 4.98824084e-01 7.03770484e-03 4.95713068e-01 4.90675854e-03
9.73919650e-01 5.04308129e-01 7.28730740e-03 5.01275350e-01 4.99118180e-03
9.74274762e-01 5.10030010e-01 7.41269014e-03 5.07071134e-01 5.03061722e-03
9.74627472e-01 5.15950859e-01 7.40923270e-03 5.13059860e-01 5.03528478e-03
9.74977778e-01 5.22032748e-01 7.27493141e-03 5.19202163e-01 5.01601335e-03
9.75325680e-01 5.28239625e-01 7.01038321e-03 5.25460836e-01 4.98377220e-03
9.75671177e-01 5.34538100e-01 6.61868768e-03 5.31801631e-01 4.94920435e-03
9.76014267e-01 5.40898048e-01 6.10527515e-03 5.38193861e-01 4.92218304e-03
9.76354950e-01 5.47293022e-01 5.47767208e-03 5.44610791e-01 4.91141160e-03
9.76693226e-01 5.53700445e-01 4.74521633e-03 5.51029812e-01 4.92408504e-03
9.77029093e-01 5.60101609e-01 3.91873664e-03 5.57432402e-01 4.96562847e-03
9.77362550e-01 5.66481483e-01 3.01021069e-03 5.63803890e-01 5.03952357e-03
9.77693597e-01 5.72828356e-01 2.03241632e-03 5.70133060e-01 5.14723010e-03
9.78022233e-01 5.79133366e-01 9.98588937e-04 5.76411627e-01 5.28820441e-03
9.78348456e-01 5.85389948e-01 -7.79028360e-05 5.82633638e-01 5.46001202e-03
9.78672267e-01 5.91593252e-01 -1.18385360e-03 5.88794859e-01 5.65852634e-03
9.78993665e-01 5.97739596e-01 -2.30648213e-03 5.94892180e-01 5.87820135e-03
9.79312648e-01 6.03825987e-01 -3.43365176e-03 6.00923117e-01 6.11240190e-03
9.79629216e-01 6.09849769e-01 -4.55404741e-03 6.06885438e-01 6.35377264e-03
9.79943368e-01 6.15808415e-01 -5.65730885e-03 6.12776952e-01 6.59462430e-03
9.80255103e-01 6.21699507e-01 -6.73412159e-03 6.18595481e-01 6.82731575e-03
9.80564421e-01 6.27520884e-01 -7.77626841e-03 6.24339034e-01 7.04461031e-03
9.80871321e-01 6.33270968e-01 -8.77664572e-03 6.30006141e-01 7.23998708e-03
9.81175801e-01 6.38949232e-01 -9.72924946e-03 6.35596354e-01 7.40789076e-03
9.81477862e-01 6.44556766e-01 -1.06291356e-02 6.41110846e-01 7.54390738e-03
9.81777503e-01 6.50096891e-01 -1.14723602e-02 6.46553059e-01 7.64485862e-03
9.82074722e-01 6.55575758e-01 -1.22559031e-02 6.51929338e-01 7.70881203e-03
9.82369519e-01 6.61002862e-01 -1.29775791e-02 6.57249483e-01 7.73501044e-03
9.82661894e-01 6.66391409e-01 -1.36359397e-02 6.62527142e-01 7.72372864e-03
9.82951845e-01 6.71758484e-01 -1.42301670e-02 6.67780001e-01 7.67607010e-03
9.83239372e-01 6.77124961e-01 -1.47599616e-02 6.73029718e-01 7.59371997e-03
9.83524474e-01 6.82515156e-01 -1.52254255e-02 6.78301578e-01 7.47867324e-03
9.83807150e-01 6.87956195e-01 -1.56269419e-02 6.83623858e-01 7.33295779e-03
9.84087401e-01 6.93477129e-01 -1.59650518e-02 6.89026936e-01 7.15837214e-03
9.84365224e-01 6.99107845e-01 -1.62403318e-02 6.94542182e-01 6.95625575e-03
9.84640620e-01 7.04877834e-01 -1.64532740e-02 7.00200698e-01 6.72730763e-03
9.84913588e-01 7.10814901e-01 -1.66041735e-02 7.06031994e-01 6.47146483e-03
9.85184126e-01 7.16943924e-01 -1.66930294e-02 7.12062710e-01 6.18784853e-03
9.85452235e-01 7.23285762e-01 -1.67194631e-02 7.18315482e-01 5.87478084e-03
9.85717914e-01 7.29856426e-01 -1.66826644e-02 7.24808068e-01 5.52987103e-03
9.85981162e-01 7.36666597e-01 -1.65813686e-02 7.31552824e-01 5.15016551e-03
9.86241978e-01 7.43721592e-01 -1.64138757e-02 7.38556621e-01 4.73235266e-03
9.86500362e-01 7.51021817e-01 -1.61781149e-02 7.45821256e-01 4.27301077e-03
9.86756313e-01 7.58563746e-01 -1.58717593e-02 7.53344394e-01 3.76888558e-03
9.87009830e-01 7.66341420e-01 -1.54923958e-02 7.61121025e-01 3.21718311e-03
9.87260914e-01 7.74348427e-01 -1.50377464e-02 7.69145408e-01 2.61586367e-03
9.87509562e-01 7.82580280e-01 -1.45059410e-02 7.77413419e-01 1.96392373e-03
9.87755776e-01 7.91037106e-01 -1.38958335e-02 7.85925211e-01 1.26165403e-03
9.87999553e-01 7.99726489e-01 -1.32073520e-02 7.94688030e-01 5.10864170e-04
9.88240894e-01 8.08666323e-01 -1.24418696e-02 8.03719050e-01 -2.84933758e-04
9.88479797e-01 8.17887509e-01 -1.16025818e-02 8.13048057e-01 -1.12038780e-03
9.88716263e-01 8.27436308e-01 -1.06948691e-02 8.22719784e-01 -1.98821800e-03
9.88950290e-01 8.37376184e-01 -9.72662780e-03 8.32795759e-01 -2.87917868e-03
9.89181879e-01 8.47788981e-01 -8.70854769e-03 8.43355485e-01 -3.78207070e-03
9.89411028e-01 8.58775284e-01 -7.65431476e-03 8.54496811e-01 -4.68380211e-03
9.89637737e-01 8.70453872e-01 -6.58072130e-03 8.66335410e-01 -5.56949474e-03
9.89862005e-01 8.82960170e-01 -5.50766520e-03 8.79003263e-01 -6.42263392e-03
9.90083833e-01 8.96443681e-01 -4.45802444e-03 8.92646141e-01 -7.22525839e-03
9.90303218e-01 9.11064412e-01 -3.45739672e-03 9.07420082e-01 -7.95818771e-03
9.90520161e-01 9.26988339e-01 -2.53369858e-03 9.23486932e-01 -8.60128449e-03
9.90734662e-01 9.44382038e-01 -1.71662400e-03 9.41009044e-01 -9.13374918e-03
9.90946719e-01 9.63406602e-01 -1.03696786e-03 9.60143299e-01 -9.53444529e-03
9.91156332e-01 9.84211049e-01 -5.25825652e-04 9.81034603e-01 -9.78225270e-03
9.91363501e-01 1.00692543e+00 -2.13686775e-04 1.00380910e+00 -9.85644633e-03
9.91568226e-01 1.03165388e+00 -1.29443954e-04 1.02856733e+00 -9.73709683e-03
9.91770504e-01 1.05846783e+00 -2.99346649e-04 1.05537755e+00 -9.40548839e-03
9.91970337e-01 1.08739976e+00 -7.45930439e-04 1.08426959e+00 -8.84454752e-03
9.92167724e-01 1.11843757e+00 -1.48695784e-03 1.11522931e+00 -8.03927423e-03
9.92362663e-01 1.15151999e+00 -2.53440824e-03 1.14819409e+00 -6.97716482e-03
9.92555155e-01 1.18653321e+00 -3.89355580e-03 1.18304952e+00 -5.64861280e-03
9.92745200e-01 1.22330886e+00 -5.56217365e-03 1.21962743e+00 -4.04727177e-03
9.92932796e-01 1.26162371e+00 -7.52990118e-03 1.25770563e+00 -2.17036190e-03
9.93117944e-01 1.30120112e+00 -9.77780772e-03 1.29700927e+00 -1.88994828e-05
9.93300642e-01 1.34171441e+00 -1.22781815e-02 1.33721427e+00 2.40217167e-03
9.93480891e-01 1.38279230e+00 -1.49945658e-02 1.37795264e+00 5.08396823e-03
9.93658689e-01 1.42402653e+00 -1.78820589e-02 1.41882001e+00 8.01379473e-03
9.93834037e-01 1.46498163e+00 -2.08878816e-02 1.45938531e+00 1.11754272e-02
9.94006934e-01 1.50520697e+00 -2.39522135e-02 1.49920269e+00 1.45495656e-02
9.94177380e-01 1.54425117e+00 -2.70092816e-02 1.53782570e+00 1.81144626e-02
9.94345374e-01 1.58167860e+00 -2.99886825e-02 1.57482375e+00 2.18467278e-02
9.94510915e-01 1.61708830e+00 -3.28169040e-02 1.60980077e+00 2.57223007e-02
9.94674004e-01 1.65013495e+00 -3.54190068e-02 1.64241607e+00 2.97175746e-02
9.94834640e-01 1.68055197e+00 -3.77204178e-02 1.67240728e+00 3.38106483e-02
9.94992823e-01 1.70817659e+00 -3.96487812e-02 1.69961529e+00 3.79826693e-02
9.95148552e-01 1.73297664e+00 -4.11358088e-02 1.72401095e+00 4.22192296e-02
9.95301826e-01 1.75507901e+00 -4.21190687e-02 1.74572345e+00 4.65117629e-02
9.95452646e-01 1.77479945e+00 -4.25436538e-02 1.76507005e+00 5.08588909e-02
9.95601011e-01 1.79267338e+00 -4.23636713e-02 1.78258694e+00 5.52676607e-02
9.95746921e-01 1.80948748e+00 -4.15435033e-02 1.79906081e+00 5.97546129e-02
9.95890375e-01 1.82631164e+00 -4.00587931e-02 1.81556090e+00 6.43466231e-02
9.96031373e-01 1.84453080e+00 -3.78971224e-02 1.83347092e+00 6.90814599e-02
9.96169914e-01 1.86587628e+00 -3.50583579e-02 1.85452052e+00 7.40080089e-02
9.96305999e-01 1.89245608e+00 -3.15546545e-02 1.88081571e+00 7.91861189e-02
9.96439627e-01 1.92678355e+00 -2.74101188e-02 1.91486775e+00 8.46860342e-02
9.96570797e-01 1.97180401e+00 -2.26601469e-02 1.95961987e+00 9.05873899e-02
9.96699510e-01 2.03091845e+00 -1.73504670e-02 2.01847121e+00 9.69777560e-02
9.96825765e-01 2.10800402e+00 -1.15359230e-02 2.09529742e+00 1.03950732e-01
9.96949561e-01 2.20743026e+00 -5.27905238e-03 2.19446713e+00 1.11603601e-01
9.97070899e-01 2.33407077e+00 1.35148857e-03 2.32085365e+00 1.20034584e-01
9.97189778e-01 2.49330925e+00 8.28258613e-03 2.47984120e+00 1.29339713e-01
9.97306197e-01 2.69103943e+00 1.54383557e-02 2.67732486e+00 1.39609404e-01
9.97420157e-01 2.93365796e+00 2.27417885e-02 2.91970355e+00 1.50924785e-01
9.97531657e-01 3.22804946e+00 3.01162991e-02 3.21386503e+00 1.63353858e-01
9.97640697e-01 3.58156306e+00 3.74871215e-02 3.56716244e+00 1.76947596e-01
9.97747277e-01 4.00197929e+00 4.47825088e-02 3.98738109e+00 1.91736079e-01
9.97851396e-01 4.49746677e+00 5.19347065e-02 4.48269503e+00 2.07724771e-01
9.97953055e-01 5.07652757e+00 5.88806774e-02 5.06161231e+00 2.24891067e-01
9.98052252e-01 5.74793057e+00 6.55625742e-02 5.73290806e+00 2.43181225e-01
9.98148988e-01 6.52063192e+00 7.19279665e-02 6.50554482e+00 2.62507815e-01
9.98243262e-01 7.40368193e+00 7.79298434e-02 7.38857919e+00 2.82747807e-01
9.98335074e-01 8.40611786e+00 8.35264229e-02 8.39105436e+00 3.03741410e-01
9.98424424e-01 9.53684218e+00 8.86808101e-02 9.52187816e+00 3.25291783e-01
9.98511312e-01 1.08044862e+01 9.33605528e-02 1.07896864e+01 3.47165708e-01
9.98595738e-01 1.22172594e+01 9.75371457e-02 1.22026921e+01 3.69095308e-01
9.98677701e-01 1.37827845e+01 1.01185537e-01 1.37685202e+01 3.90780870e-01
9.98757201e-01 1.55079204e+01 1.04283687e-01 1.54940305e+01 4.11894803e-01
9.98834237e-01 1.73985737e+01 1.06812224e-01 1.73851289e+01 4.32086744e-01
9.98908811e-01 1.94595006e+01 1.08754236e-01 1.94465694e+01 4.50989765e-01
9.98980921e-01 2.16941033e+01 1.10095217e-01 2.16817503e+01 4.68227647e-01
9.99050567e-01 2.41042234e+01 1.10823198e-01 2.40925078e+01 4.83423080e-01
9.99117750e-01 2.66899367e+01 1.10929046e-01 2.66789108e+01 4.96206676e-01
9.99182468e-01 2.94493538e+01 1.10406937e-01 2.94390615e+01 5.06226599e-01
9.99244723e-01 3.23784326e+01 1.09254964e-01 3.23689084e+01 5.13158597e-01
9.99304513e-01 3.54708079e+01 1.07475870e-01 3.54620759e+01 5.16716165e-01
9.99361839e-01 3.87176446e+01 1.05077834e-01 3.87097178e+01 5.16660582e-01
9.99416700e-01 4.21075209e+01 1.02075284e-01 4.21004010e+01 5.12810478e-01
9.99469096e-01 4.56263476e+01 9.84896740e-02 4.56200249e+01 5.05050628e-01
9.99519028e-01 4.92573307e+01 9.43501703e-02 4.92517844e+01 4.93339631e-01
9.99566494e-01 5.29809812e+01 8.96941956e-02 5.29761802e+01 4.77716155e-01
9.99611495e-01 5.67751799e+01 8.45677843e-02 5.67710837e+01 4.58303426e-01
9.99654032e-01 6.06152981e+01 7.90257066e-02 6.06118580e+01 4.35311699e-01
9.99694102e-01 6.44743800e+01 7.31313325e-02 6.44715409e+01 4.09038469e-01
9.99731708e-01 6.83233864e+01 6.69562150e-02 6.83210880e+01 3.79866253e-01
9.99766848e-01 7.21314994e+01 6.05793860e-02 7.21296787e+01 3.48257832e-01
9.99799522e-01 7.58664871e+01 5.40863700e-02 7.58650795e+01 3.14748942e-01
9.99829731e-01 7.94951224e+01 4.75679313e-02 7.94940642e+01 2.79938471e-01
9.99857474e-01 8.29836509e+01 4.11185850e-02 8.29828806e+01 2.44476336e-01
9.99882751e-01 8.62982987e+01 3.48349069e-02 8.62977590e+01 2.09049277e-01
9.99905562e-01 8.94058115e+01 2.88136907e-02 8.94054502e+01 1.74364945e-01
9.99925908e-01 9.22740107e+01 2.31500044e-02 9.22737820e+01 1.41134687e-01
9.99943787e-01 9.48723564e+01 1.79352026e-02 9.48722215e+01 1.10055553e-01
9.99959200e-01 9.71725012e+01 1.32549549e-02 9.71724285e+01 8.17920755e-02
9.99972148e-01 9.91488207e+01 9.18734962e-03 9.91487863e+01 5.69584095e-02
9.99982629e-01 1.00778908e+02 5.80112988e-03 1.00778894e+02 3.61014421e-02
9.99990644e-01 1.02044016e+02 3.15411251e-03 1.02044012e+02 1.96854350e-02
9.99996193e-01 1.02929450e+02 1.29181667e-03 1.02929449e+02 8.07862472e-03
9.99999277e-01 1.03425021e+02 2.46068903e-04 1.03425021e+02 1.54055031e-03
