-9.99999277e-01 4.80854003e-02 -1.33160306e-05 -4.80853821e-02 2.04924932e-05
-9.99996193e-01 4.79374500e-02 -7.00222917e-05 -4.79369477e-02 1.07638336e-04
-9.99990644e-01 4.76733513e-02 -1.71475119e-04 -4.76703271e-02 2.63057076e-04
-9.99982629e-01 4.72965694e-02 -3.16732570e-04 -4.72861919e-02 4.84467672e-04
-9.99972148e-01 4.68121173e-02 -5.04416107e-04 -4.67855985e-02 7.68574029e-04
-9.99959200e-01 4.62264341e-02 -7.32741446e-04 -4.61699498e-02 1.11114073e-03
-9.99943787e-01 4.55472834e-02 -9.99536984e-04 -4.54410012e-02 1.50705756e-03
-9.99925908e-01 4.47836363e-02 -1.30226440e-03 -4.46008710e-02 1.95041465e-03
-9.99905562e-01 4.39455375e-02 -1.63804231e-03 -4.36520528e-02 2.43458881e-03
-9.99882751e-01 4.30439555e-02 -2.00367285e-03 -4.25974283e-02 2.95234008e-03
-9.99857474e-01 4.20906201e-02 -2.39567094e-03 -4.14402789e-02 3.49591704e-03
-9.99829731e-01 4.10978503e-02 -2.81029584e-03 -4.01842972e-02 4.05716930e-03
-9.99799522e-01 4.00783733e-02 -3.24358480e-03 -3.88335956e-02 4.62766552e-03
-9.99766848e-01 3.90451409e-02 -3.69138819e-03 -3.73927130e-02 5.19881520e-03
-9.99731708e-01 3.80111421e-02 -4.14940595e-03 -3.58666173e-02 5.76199231e-03
-9.99694102e-01 3.69892189e-02 -4.61322489e-03 -3.42607046e-02 6.30865908e-03
-9.99654032e-01 3.59918853e-02 -5.07835653e-03 -3.25807931e-02 6.83048788e-03
-9.99611495e-01 3.50311538e-02 -5.54027496e-03 -3.08331118e-02 7.31947969e-03
-9.99566494e-01 3.41183716e-02 -5.99445466e-03 -2.90242844e-02 7.76807708e-03
-9.99519028e-01 3.32640687e-02 -6.43640770e-03 -2.71613058e-02 8.16927032e-03
-9.99469096e-01 3.24778209e-02 -6.86172015e-03 -2.52515139e-02 8.51669495e-03
-9.99416700e-01 3.17681288e-02 -7.26608738e-03 -2.33025541e-02 8.80471942e-03
-9.99361839e-01 3.11423150e-02 -7.64534809e-03 -2.13223385e-02 9.02852155e-03
-9.99304513e-01 3.06064404e-02 -7.99551671e-03 -1.93189985e-02 9.18415284e-03
-9.99244723e-01 3.01652411e-02 -8.31281409e-03 -1.73008323e-02 9.26858963e-03
-9.99182468e-01 2.98220864e-02 -8.59369633e-03 -1.52762475e-02 9.27977049e-03
-9.99117750e-01 2.95789574e-02 -8.83488146e-03 -1.32536989e-02 9.21661940e-03
-9.99050567e-01 2.94364476e-02 -9.03337403e-03 -1.12416226e-02 9.07905453e-03
-9.98980921e-01 2.93937836e-02 -9.18648745e-03 -9.24836811e-03 8.86798244e-03
-9.98908811e-01 2.94488661e-02 -9.29186397e-03 -7.28212770e-03 8.58527808e-03
-9.98834237e-01 2.95983298e-02 -9.34749219e-03 -5.35086534e-03 8.23375093e-03
-9.98757201e-01 2.98376205e-02 -9.35172227e-03 -3.46224584e-03 7.81709787e-03
-9.98677701e-01 3.01610888e-02 -9.30327846e-03 -1.62356539e-03 7.33984367e-03
-9.98595738e-01 3.05620974e-02 -9.20126921e-03 1.58315593e-04 6.80726999e-03
-9.98511312e-01 3.10331404e-02 -9.04519467e-03 1.87703593e-03 6.22533421e-03
-9.98424424e-01 3.15659732e-02 -8.83495151e-03 3.52679260e-03 5.60057920e-03
-9.98335074e-01 3.21517490e-02 -8.57083517e-03 5.10239407e-03 4.94003559e-03
-9.98243262e-01 3.27811616e-02 -8.25353939e-03 6.59930701e-03 4.25111805e-03
-9.98148988e-01 3.34445902e-02 -7.88415301e-03 8.01369574e-03 3.54151709e-03
-9.98052252e-01 3.41322457e-02 -7.46415399e-03 9.34245350e-03 2.81908812e-03
-9.97953055e-01 3.48343144e-02 -6.99540069e-03 1.05832251e-02 2.09173946e-03
-9.97851396e-01 3.55410985e-02 -6.48012025e-03 1.17344206e-02 1.36732079e-03
-9.97747277e-01 3.62431501e-02 -5.92089422e-03 1.27952191e-02 6.53513977e-04
-9.97640697e-01 3.69313973e-02 -5.32064127e-03 1.37655639e-02 -4.22724042e-05
-9.97531657e-01 3.75972615e-02 -4.68259705e-03 1.46461472e-02 -7.13003189e-04
-9.97420157e-01 3.82327621e-02 -4.01029125e-03 1.54383858e-02 -1.35210999e-03
-9.97306197e-01 3.88306102e-02 -3.30752191e-03 1.61443885e-02 -1.95357654e-03
-9.97189778e-01 3.93842881e-02 -2.57832696e-03 1.67669139e-02 -2.51201481e-03
-9.97070899e-01 3.98881147e-02 -1.82695321e-03 1.73093210e-02 -3.02273093e-03
-9.96949561e-01 4.03372957e-02 -1.05782292e-03 1.77755130e-02 -3.48178000e-03
-9.96825765e-01 4.07279599e-02 -2.75498027e-04 1.81698742e-02 -3.88600924e-03
-9.96699510e-01 4.10571790e-02 5.15357589e-04 1.84972024e-02 -4.23308887e-03
-9.96570797e-01 4.13229732e-02 1.31001768e-03 1.87626364e-02 -4.52153046e-03
-9.96439627e-01 4.15243025e-02 2.10373463e-03 1.89715815e-02 -4.75069274e-03
-9.96305999e-01 4.16610439e-02 2.89178159e-03 1.91296325e-02 -4.92077479e-03
-9.96169914e-01 4.17339558e-02 3.66949533e-03 1.92424960e-02 -5.03279706e-03
-9.96031373e-01 4.17446303e-02 4.43231935e-03 1.93159135e-02 -5.08857053e-03
-9.95890375e-01 4.16954352e-02 5.17584686e-03 1.93555863e-02 -5.09065472e-03
-9.95746921e-01 4.15894457e-02 5.89586300e-03 1.93671030e-02 -5.04230536e-03
-9.95601011e-01 4.14303693e-02 6.58838599e-03 1.93558706e-02 -4.94741251e-03
-9.95452646e-01 4.12224631e-02 7.24970639e-03 1.93270511e-02 -4.81043040e-03
-9.95301826e-01 4.09704462e-02 7.87642425e-03 1.92855033e-02 -4.63629991e-03
-9.95148552e-01 4.06794091e-02 8.46548329e-03 1.92357312e-02 -4.43036529e-03
-9.94992823e-01 4.03547205e-02 9.01420188e-03 1.91818393e-02 -4.19828605e-03
-9.94834640e-01 4.00019341e-02 9.52030012e-03 1.91274961e-02 -3.94594578e-03
-9.94674004e-01 3.96266956e-02 9.98192260e-03 1.90759046e-02 -3.67935906e-03
-9.94510915e-01 3.92346529e-02 1.03976565e-02 1.90297819e-02 -3.40457804e-03
-9.94345374e-01 3.88313693e-02 1.07665444e-02 1.89913466e-02 -3.12760003e-03
-9.94177380e-01 3.84222416e-02 1.10880920e-02 1.89623145e-02 -2.85427742e-03
-9.94006934e-01 3.80124241e-02 1.13622700e-02 1.89439023e-02 -2.59023145e-03
-9.93834037e-01 3.76067593e-02 1.15895100e-02 1.89368391e-02 -2.34077078e-03
-9.93658689e-01 3.72097157e-02 1.17706948e-02 1.89413850e-02 -2.11081630e-03
-9.93480891e-01 3.68253349e-02 1.19071428e-02 1.89573567e-02 -1.90483304e-03
-9.93300642e-01 3.64571860e-02 1.20005867e-02 1.89841587e-02 -1.72677012e-03
-9.93117944e-01 3.61083294e-02 1.20531461e-02 1.90208203e-02 -1.58000964e-03
-9.92932796e-01 3.57812909e-02 1.20672959e-02 1.90660369e-02 -1.46732499e-03
-9.92745200e-01 3.54780429e-02 1.20458288e-02 1.91182153e-02 -1.39084921e-03
-9.92555155e-01 3.51999970e-02 1.19918140e-02 1.91755210e-02 -1.35205363e-03
-9.92362663e-01 3.49480037e-02 1.19085522e-02 1.92359290e-02 -1.35173698e-03
-9.92167724e-01 3.47223620e-02 1.17995267e-02 1.92972736e-02 -1.39002508e-03
-9.91970337e-01 3.45228363e-02 1.16683527e-02 1.93573004e-02 -1.46638075e-03
-9.91770504e-01 3.43486813e-02 1.15187249e-02 1.94137162e-02 -1.57962386e-03
-9.91568226e-01 3.41986736e-02 1.13543634e-02 1.94642382e-02 -1.72796095e-03
-9.91363501e-01 3.40711503e-02 1.11789603e-02 1.95066402e-02 -1.90902378e-03
-9.91156332e-01 3.39640516e-02 1.09961266e-02 1.95387971e-02 -2.11991625e-03
-9.90946719e-01 3.38749696e-02 1.08093406e-02 1.95587245e-02 -2.35726872e-03
-9.90734662e-01 3.38011998e-02 1.06218986e-02 1.95646150e-02 -2.61729880e-03
-9.90520161e-01 3.37397962e-02 1.04368693e-02 1.95548702e-02 -2.89587769e-03
-9.90303218e-01 3.36876275e-02 1.02570511e-02 1.95281272e-02 -3.18860091e-03
-9.90083833e-01 3.36414357e-02 1.00849351e-02 1.94832804e-02 -3.49086218e-03
-9.89862005e-01 3.35978937e-02 9.92267190e-03 1.94194983e-02 -3.79792951e-03
-9.89637737e-01 3.35536630e-02 9.77204540e-03 1.93362343e-02 -4.10502208e-03
-9.89411028e-01 3.35054495e-02 9.63445193e-03 1.92332326e-02 -4.40738685e-03
-9.89181879e-01 3.34500574e-02 9.51088605e-03 1.91105294e-02 -4.70037361e-03
-9.88950290e-01 3.33844400e-02 9.40193308e-03 1.89684480e-02 -4.97950756e-03
-9.88716263e-01 3.33057471e-02 9.30776833e-03 1.88075902e-02 -5.24055803e-03
-9.88479797e-01 3.32113675e-02 9.22816316e-03 1.86288227e-02 -5.47960262e-03
-9.88240894e-01 3.30989680e-02 9.16249778e-03 1.84332596e-02 -5.69308570e-03
-9.87999553e-01 3.29665258e-02 9.10978034e-03 1.82222417e-02 -5.87787037e-03
-9.87755776e-01 3.28123566e-02 9.06867228e-03 1.79973119e-02 -6.03128341e-03
-9.87509562e-01 3.26351363e-02 9.03751927e-03 1.77601891e-02 -6.15115237e-03
-9.87260914e-01 3.24339166e-02 9.01438723e-03 1.75127386e-02 -6.23583442e-03
-9.87009830e-01 3.22081350e-02 8.99710294e-03 1.72569421e-02 -6.28423678e-03
-9.86756313e-01 3.19576185e-02 8.98329837e-03 1.69948664e-02 -6.29582822e-03
-9.86500362e-01 3.16825809e-02 8.97045809e-03 1.67286311e-02 -6.27064185e-03
-9.86241978e-01 3.13836151e-02 8.95596885e-03 1.64603768e-02 -6.20926913e-03
-9.85981162e-01 3.10616789e-02 8.93717059e-03 1.61922338e-02 -6.11284536e-03
-9.85717914e-01 3.07180764e-02 8.91140791e-03 1.59262911e-02 -5.98302695e-03
-9.85452235e-01 3.03544334e-02 8.87608119e-03 1.56645681e-02 -5.82196096e-03
-9.85184126e-01 2.99726693e-02 8.82869653e-03 1.54089863e-02 -5.63224755e-03
-9.84913588e-01 2.95749649e-02 8.76691353e-03 1.51613450e-02 -5.41689579e-03
-9.84640620e-01 2.91637263e-02 8.68859035e-03 1.49232978e-02 -5.17927394e-03
-9.84365224e-01 2.87415464e-02 8.59182506e-03 1.46963329e-02 -4.92305477e-03
-9.84087401e-01 2.83111643e-02 8.47499283e-03 1.44817559e-02 -4.65215693e-03
-9.83807150e-01 2.78754233e-02 8.33677815e-03 1.42806756e-02 -4.37068340e-03
-9.83524474e-01 2.74372275e-02 8.17620182e-03 1.40939929e-02 -4.08285785e-03
-9.83239372e-01 2.69994989e-02 7.99264199e-03 1.39223936e-02 -3.79296015e-03
-9.82951845e-01 2.65651348e-02 7.78584927e-03 1.37663434e-02 -3.50526185e-03
-9.82661894e-01 2.61369661e-02 7.55595541e-03 1.36260871e-02 -3.22396267e-03
-9.82369519e-01 2.57177179e-02 7.30347561e-03 1.35016505e-02 -2.95312906e-03
-9.82074722e-01 2.53099724e-02 7.02930448e-03 1.33928452e-02 -2.69663571e-03
-9.81777503e-01 2.49161340e-02 6.73470566e-03 1.32992769e-02 -2.45811075e-03
-9.81477862e-01 2.45383990e-02 6.42129535e-03 1.32203557e-02 -2.24088567e-03
-9.81175801e-01 2.41787283e-02 6.09102018e-03 1.31553097e-02 -2.04795043e-03
-9.80871321e-01 2.38388247e-02 5.74612965e-03 1.31032001e-02 -1.88191450e-03
-9.80564421e-01 2.35201145e-02 5.38914375e-03 1.30629388e-02 -1.74497437e-03
-9.80255103e-01 2.32237344e-02 5.02281630e-03 1.30333073e-02 -1.63888780e-03
-9.79943368e-01 2.29505220e-02 4.65009460e-03 1.30129779e-02 -1.56495515e-03
-9.79629216e-01 2.27010131e-02 4.27407613e-03 1.30005347e-02 -1.52400809e-03
-9.79312648e-01 2.24754420e-02 3.89796298e-03 1.29944965e-02 -1.51640544e-03
-9.78993665e-01 2.22737477e-02 3.52501477e-03 1.29933395e-02 -1.54203640e-03
-9.78672267e-01 2.20955848e-02 3.15850079e-03 1.29955204e-02 -1.60033075e-03
-9.78348456e-01 2.19403376e-02 2.80165224e-03 1.29994994e-02 -1.69027584e-03
-9.78022233e-01 2.18071396e-02 2.45761512e-03 1.30037621e-02 -1.81043991e-03
-9.77693597e-01 2.16948953e-02 2.12940473e-03 1.30068412e-02 -1.95900132e-03
-9.77362550e-01 2.16023061e-02 1.81986230e-03 1.30073369e-02 -2.13378304e-03
-9.77029093e-01 2.15278982e-02 1.53161449e-03 1.30039359e-02 -2.33229180e-03
-9.76693226e-01 2.14700526e-02 1.26703634e-03 1.29954282e-02 -2.55176116e-03
-9.76354950e-01 2.14270369e-02 1.02821819e-03 1.29807232e-02 -2.78919778e-03
-9.76014267e-01 2.13970379e-02 8.16937052e-04 1.29588625e-02 -3.04143002e-03
-9.75671177e-01 2.13781939e-02 6.34632830e-04 1.29290311e-02 -3.30515812e-03
-9.75325680e-01 2.13686278e-02 4.82389649e-04 1.28905663e-02 -3.57700515e-03
-9.74977778e-01 2.13664780e-02 3.60922573e-04 1.28429636e-02 -3.85356775e-03
-9.74627472e-01 2.13699289e-02 2.70569817e-04 1.27858803e-02 -4.13146618e-03
-9.74274762e-01 2.13772390e-02 2.11290501e-04 1.27191369e-02 -4.40739252e-03
-9.73919650e-01 2.13867664e-02 1.82667937e-04 1.26427150e-02 -4.67815662e-03
-9.73562135e-01 2.13969918e-02 1.83918300e-04 1.25567539e-02 -4.94072899e-03
-9.73202220e-01 2.14065379e-02 2.13904506e-04 1.24615434e-02 -5.19228001e-03
-9.72839904e-01 2.14141856e-02 2.71155019e-04 1.23575154e-02 -5.43021506e-03
-9.72475189e-01 2.14188865e-02 3.53887239e-04 1.22452327e-02 -5.65220495e-03
-9.72108076e-01 2.14197711e-02 4.60035075e-04 1.21253764e-02 -5.85621146e-03
-9.71738566e-01 2.14161533e-02 5.87280239e-04 1.19987304e-02 -6.04050762e-03
-9.71366659e-01 2.14075316e-02 7.33086747e-04 1.18661663e-02 -6.20369259e-03
-9.70992357e-01 2.13935854e-02 8.94738088e-04 1.17286250e-02 -6.34470108e-03
-9.70615660e-01 2.13741682e-02 1.06937649e-03 1.15870991e-02 -6.46280726e-03
-9.70236569e-01 2.13492977e-02 1.25404364e-03 1.14426134e-02 -6.55762332e-03
-9.69855086e-01 2.13191423e-02 1.44572237e-03 1.12962062e-02 -6.62909286e-03
-9.69471210e-01 2.12840050e-02 1.64137847e-03 1.11489101e-02 -6.67747936e-03
-9.69084944e-01 2.12443050e-02 1.83800231e-03 1.10017326e-02 -6.70335005e-03
-9.68696288e-01 2.12005574e-02 2.03264940e-03 1.08556391e-02 -6.70755561e-03
-9.68305243e-01 2.11533516e-02 2.22247956e-03 1.07115350e-02 -6.69120618e-03
-9.67911810e-01 2.11033286e-02 2.40479393e-03 1.05702501e-02 -6.65564415e-03
-9.67515990e-01 2.10511581e-02 2.57706955e-03 1.04325248e-02 -6.60241430e-03
-9.67117784e-01 2.09975156e-02 2.73699084e-03 1.02989974e-02 -6.53323180e-03
-9.66717192e-01 2.09430600e-02 2.88247770e-03 1.01701941e-02 -6.44994877e-03
-9.66314217e-01 2.08884127e-02 3.01170991e-03 1.00465204e-02 -6.35451987e-03
-9.65908859e-01 2.08341379e-02 3.12314733e-03 9.92825593e-03 -6.24896764e-03
-9.65501118e-01 2.07807248e-02 3.21554594e-03 9.81555097e-03 -6.13534794e-03
-9.65090997e-01 2.07285722e-02 3.28796932e-03 9.70842557e-03 -6.01571636e-03
-9.64678495e-01 2.06779761e-02 3.33979563e-03 9.60677140e-03 -5.89209584e-03
-9.64263614e-01 2.06291192e-02 3.37071991e-03 9.51035599e-03 -5.76644602e-03
-9.63846355e-01 2.05820644e-02 3.38075188e-03 9.41882933e-03 -5.64063500e-03
-9.63426720e-01 2.05367509e-02 3.37020916e-03 9.33173276e-03 -5.51641345e-03
-9.63004708e-01 2.04929933e-02 3.33970626e-03 9.24851000e-03 -5.39539184e-03
-9.62580321e-01 2.04504844e-02 3.29013937e-03 9.16851999e-03 -5.27902076e-03
-9.62153561e-01 2.04088009e-02 3.22266732e-03 9.09105149e-03 -5.16857459e-03
-9.61724427e-01 2.03674111e-02 3.13868904e-03 9.01533895e-03 -5.06513879e-03
-9.61292922e-01 2.03256866e-02 3.03981787e-03 8.94057956e-03 -4.96960065e-03
-9.60859046e-01 2.02829155e-02 2.92785305e-03 8.86595095e-03 -4.88264379e-03
-9.60422801e-01 2.02383180e-02 2.80474905e-03 8.79062938e-03 -4.80474609e-03
-9.59984187e-01 2.01910633e-02 2.67258290e-03 8.71380804e-03 -4.73618113e-03
-9.59543205e-01 2.01402885e-02 2.53352039e-03 8.63471494e-03 -4.67702300e-03
-9.59099857e-01 2.00851178e-02 2.38978131e-03 8.55263037e-03 -4.62715405e-03
-9.58654144e-01 2.00246821e-02 2.24360450e-03 8.46690326e-03 -4.58627565e-03
-9.58206066e-01 1.99581394e-02 2.09721306e-03 8.37696643e-03 -4.55392144e-03
-9.57755626e-01 1.98846938e-02 1.95278040e-03 8.28235014e-03 -4.52947285e-03
-9.57302823e-01 1.98036143e-02 1.81239744e-03 8.18269399e-03 -4.51217658e-03
-9.56847660e-01 1.97142523e-02 1.67804163e-03 8.07775669e-03 -4.50116358e-03
-9.56390137e-01 1.96160572e-02 1.55154811e-03 7.96742361e-03 -4.49546931e-03
-9.55930255e-01 1.95085908e-02 1.43458348e-03 7.85171204e-03 -4.49405479e-03
-9.55468016e-01 1.93915386e-02 1.32862255e-03 7.73077387e-03 -4.49582812e-03
-9.55003420e-01 1.92647195e-02 1.23492834e-03 7.60489582e-03 -4.49966612e-03
-9.54536469e-01 1.91280927e-02 1.15453577e-03 7.47449712e-03 -4.50443570e-03
-9.54067164e-01 1.89817613e-02 1.08823905e-03 7.34012461e-03 -4.50901468e-03
-9.53595507e-01 1.88259742e-02 1.03658308e-03 7.20244555e-03 -4.51231170e-03
-9.53121497e-01 1.86611243e-02 9.99858898e-04 7.06223804e-03 -4.51328494e-03
-9.52645137e-01 1.84877445e-02 9.78103258e-04 6.92037934e-03 -4.51095949e-03
-9.52166428e-01 1.83065010e-02 9.71102244e-04 6.77783235e-03 -4.50444296e-03
-9.51685370e-01 1.81181842e-02 9.78398899e-04 6.63563032e-03 -4.49293932e-03
-9.51201965e-01 1.79236970e-02 9.99304675e-04 6.49486028e-03 -4.47576074e-03
-9.50716215e-01 1.77240417e-02 1.03291451e-03 6.35664532e-03 -4.45233727e-03
-9.50228120e-01 1.75203049e-02 1.07812523e-03 6.22212614e-03 -4.42222440e-03
-9.49737681e-01 1.73136408e-02 1.13365704e-03 6.09244213e-03 -4.38510825e-03
-9.49244901e-01 1.71052543e-02 1.19807757e-03 5.96871239e-03 -4.34080867e-03
-9.48749779e-01 1.68963821e-02 1.26982829e-03 5.85201699e-03 -4.28927994e-03
-9.48252318e-01 1.66882748e-02 1.34725259e-03 5.74337879e-03 -4.23060940e-03
-9.47752518e-01 1.64821785e-02 1.42862531e-03 5.64374616e-03 -4.16501393e-03
-9.47250380e-01 1.62793164e-02 1.51218294e-03 5.55397692e-03 -4.09283448e-03
-9.46745907e-01 1.60808719e-02 1.59615432e-03 5.47482375e-03 -4.01452867e-03
-9.46239099e-01 1.58879723e-02 1.67879094e-03 5.40692126e-03 -3.93066186e-03
-9.45729957e-01 1.57016740e-02 1.75839668e-03 5.35077515e-03 -3.84189649e-03
-9.45218483e-01 1.55229491e-02 1.83335627e-03 5.30675330e-03 -3.74898030e-03
-9.44704677e-01 1.53526743e-02 1.90216208e-03 5.27507930e-03 -3.65273330e-03
-9.44188542e-01 1.51916209e-02 1.96343882e-03 5.25582818e-03 -3.55403392e-03
-9.43670079e-01 1.50404480e-02 2.01596559e-03 5.24892467e-03 -3.45380444e-03
-9.43149288e-01 1.48996974e-02 2.05869522e-03 5.25414383e-03 -3.35299603e-03
-9.42626171e-01 1.47697901e-02 2.09077019e-03 5.27111406e-03 -3.25257349e-03
-9.42100730e-01 1.46510264e-02 2.11153521e-03 5.29932248e-03 -3.15350004e-03
-9.41572965e-01 1.45435869e-02 2.12054614e-03 5.33812243e-03 -3.05672237e-03
-9.41042878e-01 1.44475363e-02 2.11757498e-03 5.38674313e-03 -2.96315604e-03
-9.40510470e-01 1.43628288e-02 2.10261111e-03 5.44430111e-03 -2.87367160e-03
-9.39975743e-01 1.42893157e-02 2.07585865e-03 5.50981341e-03 -2.78908143e-03
-9.39438698e-01 1.42267535e-02 2.03772992e-03 5.58221208e-03 -2.71012773e-03
-9.38899336e-01 1.41748149e-02 1.98883537e-03 5.66035995e-03 -2.63747151e-03
-9.38357658e-01 1.41330994e-02 1.92996990e-03 5.74306723e-03 -2.57168298e-03
-9.37813667e-01 1.41011455e-02 1.86209609e-03 5.82910877e-03 -2.51323331e-03
-9.37267362e-01 1.40784435e-02 1.78632446e-03 5.91724157e-03 -2.46248791e-03
-9.36718746e-01 1.40644477e-02 1.70389117e-03 6.00622240e-03 -2.41970134e-03
-9.36167820e-01 1.40585898e-02 1.61613368e-03 6.09482517e-03 -2.38501379e-03
-9.35614585e-01 1.40602909e-02 1.52446467e-03 6.18185768e-03 -2.35844935e-03
-9.35059043e-01 1.40689738e-02 1.43034471e-03 6.26617776e-03 -2.33991587e-03
-9.34501195e-01 1.40840739e-02 1.33525430e-03 6.34670826e-03 -2.32920659e-03
-9.33941042e-01 1.41050495e-02 1.24066558e-03 6.42245093e-03 -2.32600336e-03
-9.33378586e-01 1.41313908e-02 1.14801442e-03 6.49249874e-03 -2.32988144e-03
-9.32813828e-01 1.41626275e-02 1.05867324e-03 6.55604682e-03 -2.34031592e-03
-9.32246769e-01 1.41983353e-02 9.73925049e-04 6.61240148e-03 -2.35668939e-03
-9.31677412e-01 1.42381407e-02 8.94939281e-04 6.66098760e-03 -2.37830108e-03
-9.31105757e-01 1.42817237e-02 8.22749686e-04 6.70135404e-03 -2.40437703e-03
-9.30531805e-01 1.43288200e-02 7.58234772e-04 6.73317712e-03 -2.43408139e-03
-9.29955559e-01 1.43792208e-02 7.02101082e-04 6.75626225e-03 -2.46652848e-03
-9.29377019e-01 1.44327712e-02 6.54869602e-04 6.77054361e-03 -2.50079562e-03
-9.28796187e-01 1.44893677e-02 6.16865514e-04 6.77608196e-03 -2.53593641e-03
-9.28213065e-01 1.45489536e-02 5.88211462e-04 6.77306074e-03 -2.57099434e-03
-9.27627654e-01 1.46115138e-02 5.68824431e-04 6.76178039e-03 -2.60501650e-03
-9.27039955e-01 1.46770684e-02 5.58416260e-04 6.74265126e-03 -2.63706725e-03
-9.26449969e-01 1.47456654e-02 5.56497770e-04 6.71618504e-03 -2.66624161e-03
-9.25857699e-01 1.48173727e-02 5.62386394e-04 6.68298491e-03 -2.69167815e-03
-9.25263146e-01 1.48922698e-02 5.75217168e-04 6.64373472e-03 -2.71257131e-03
-9.24666310e-01 1.49704393e-02 5.93956840e-04 6.59918720e-03 -2.72818288e-03
-9.24067195e-01 1.50519578e-02 6.17420853e-04 6.55015153e-03 -2.73785247e-03
-9.23465800e-01 1.51368876e-02 6.44292853e-04 6.49748035e-03 -2.74100691e-03
-9.22862128e-01 1.52252687e-02 6.73146376e-04 6.44205655e-03 -2.73716843e-03
-9.22256180e-01 1.53171107e-02 7.02468306e-04 6.38477983e-03 -2.72596137e-03
-9.21647958e-01 1.54123860e-02 7.30683685e-04 6.32655347e-03 -2.70711758e-03
-9.21037462e-01 1.55110238e-02 7.56181413e-04 6.26827124e-03 -2.68048020e-03
-9.20424696e-01 1.56129048e-02 7.77340398e-04 6.21080480e-03 -2.64600596e-03
-9.19809659e-01 1.57178572e-02 7.92555682e-04 6.15499168e-03 -2.60376586e-03
-9.19192354e-01 1.58256540e-02 8.00264092e-04 6.10162404e-03 -2.55394428e-03
-9.18572782e-01 1.59360111e-02 7.98968976e-04 6.05143823e-03 -2.49683657e-03
-9.17950945e-01 1.60485874e-02 7.87263606e-04 6.00510540e-03 -2.43284513e-03
-9.17326844e-01 1.61629855e-02 7.63852850e-04 5.96322325e-03 -2.36247406e-03
-9.16700480e-01 1.62787541e-02 7.27572776e-04 5.92630889e-03 -2.28632253e-03
-9.16071856e-01 1.63953920e-02 6.77407853e-04 5.89479301e-03 -2.20507689e-03
-9.15440973e-01 1.65123521e-02 6.12505515e-04 5.86901537e-03 -2.11950177e-03
-9.14807832e-01 1.66290482e-02 5.32187847e-04 5.84922161e-03 -2.03043021e-03
-9.14172435e-01 1.67448613e-02 4.35960254e-04 5.83556147e-03 -1.93875304e-03
-9.13534783e-01 1.68591479e-02 3.23517009e-04 5.82808834e-03 -1.84540768e-03
-9.12894879e-01 1.69712482e-02 1.94743632e-04 5.82676018e-03 -1.75136653e-03
-9.12252723e-01 1.70804961e-02 4.97161259e-05 5.83144174e-03 -1.65762507e-03
-9.11608317e-01 1.71862280e-02 -1.11302875e-04 5.84190809e-03 -1.56519003e-03
-9.10961663e-01 1.72877936e-02 -2.87870897e-04 5.85784933e-03 -1.47506754e-03
-9.10312763e-01 1.73845657e-02 -4.79375200e-04 5.87887640e-03 -1.38825166e-03
-9.09661618e-01 1.74759503e-02 -6.85044898e-04 5.90452797e-03 -1.30571337e-03
-9.09008229e-01 1.75613967e-02 -9.03965364e-04 5.93427824e-03 -1.22839009e-03
-9.08352599e-01 1.76404066e-02 -1.13509461e-03 5.96754556e-03 -1.15717603e-03
-9.07694728e-01 1.77125436e-02 -1.37728133e-03 6.00370172e-03 -1.09291333e-03
-9.07034619e-01 1.77774409e-02 -1.62928422e-03 6.04208182e-03 -1.03638417e-03
-9.06372273e-01 1.78348088e-02 -1.88979223e-03 6.08199455e-03 -9.88303895e-04
-9.05707691e-01 1.78844412e-02 -2.15744537e-03 6.12273273e-03 -9.49315251e-04
-9.05040876e-01 1.79262205e-02 -2.43085563e-03 6.16358397e-03 -9.19983718e-04
-9.04371830e-01 1.79601218e-02 -2.70862775e-03 6.20384127e-03 -9.00793975e-04
-9.03700552e-01 1.79862157e-02 -2.98937940e-03 6.24281352e-03 -8.92147493e-04
-9.03027046e-01 1.80046693e-02 -3.27176037e-03 6.27983552e-03 -8.94361215e-04
-9.02351313e-01 1.80157464e-02 -3.55447063e-03 6.31427766e-03 -9.07667285e-04
-9.01673355e-01 1.80198057e-02 -3.83627677e-03 6.34555485e-03 -9.32213760e-04
-9.00993173e-01 1.80172978e-02 -4.11602674e-03 6.37313480e-03 -9.68066217e-04
-9.00310769e-01 1.80087612e-02 -4.39266255e-03 6.39654531e-03 -1.01521018e-03
-8.99626145e-01 1.79948161e-02 -4.66523084e-03 6.41538067e-03 -1.07355424e-03
-8.98939302e-01 1.79761573e-02 -4.93289119e-03 6.42930684e-03 -1.14293382e-03
-8.98250242e-01 1.79535462e-02 -5.19492204e-03 6.43806563e-03 -1.22311535e-03
-8.97558967e-01 1.79278010e-02 -5.45072423e-03 6.44147744e-03 -1.31380090e-03
-8.96865478e-01 1.78997865e-02 -5.69982226e-03 6.43944286e-03 -1.41463307e-03
-8.96169778e-01 1.78704029e-02 -5.94186308e-03 6.43194293e-03 -1.52519997e-03
-8.95471867e-01 1.78405733e-02 -6.17661290e-03 6.41903800e-03 -1.64504039e-03
-8.94771748e-01 1.78112318e-02 -6.40395174e-03 6.40086540e-03 -1.77364882e-03
-8.94069423e-01 1.77833105e-02 -6.62386626e-03 6.37763579e-03 -1.91048048e-03
-8.93364892e-01 1.77577261e-02 -6.83644084e-03 6.34962827e-03 -2.05495615e-03
-8.92658159e-01 1.77353676e-02 -7.04184733e-03 6.31718442e-03 -2.20646676e-03
-8.91949223e-01 1.77170831e-02 -7.24033355e-03 6.28070133e-03 -2.36437782e-03
-8.91238089e-01 1.77036678e-02 -7.43221097e-03 6.24062362e-03 -2.52803354e-03
-8.90524756e-01 1.76958524e-02 -7.61784175e-03 6.19743484e-03 -2.69676070e-03
-8.89809227e-01 1.76942923e-02 -7.79762554e-03 6.15164808e-03 -2.86987231e-03
-8.89091503e-01 1.76995577e-02 -7.97198618e-03 6.10379633e-03 -3.04667102e-03
-8.88371587e-01 1.77121255e-02 -8.14135871e-03 6.05442235e-03 -3.22645238e-03
-8.87649480e-01 1.77323718e-02 -8.30617688e-03 6.00406864e-03 -3.40850790e-03
-8.86925184e-01 1.77605661e-02 -8.46686142e-03 5.95326737e-03 -3.59212817e-03
-8.86198701e-01 1.77968675e-02 -8.62380935e-03 5.90253067e-03 -3.77660578e-03
-8.85470032e-01 1.78413220e-02 -8.77738439e-03 5.85234138e-03 -3.96123846e-03
-8.84739180e-01 1.78938620e-02 -8.92790880e-03 5.80314439e-03 -4.14533214e-03
-8.84006145e-01 1.79543073e-02 -9.07565666e-03 5.75533890e-03 -4.32820435e-03
-8.83270931e-01 1.80223682e-02 -9.22084871e-03 5.70927158e-03 -4.50918765e-03
-8.82533538e-01 1.80976497e-02 -9.36364883e-03 5.66523090e-03 -4.68763341e-03
-8.81793969e-01 1.81796588e-02 -9.50416220e-03 5.62344265e-03 -4.86291580e-03
-8.81052225e-01 1.82678117e-02 -9.64243501e-03 5.58406681e-03 -5.03443613e-03
-8.80308308e-01 1.83614437e-02 -9.77845581e-03 5.54719590e-03 -5.20162733e-03
-8.79562220e-01 1.84598203e-02 -9.91215832e-03 5.51285468e-03 -5.36395882e-03
-8.78813963e-01 1.85621492e-02 -1.00434256e-02 5.48100139e-03 -5.52094151e-03
-8.78063539e-01 1.86675934e-02 -1.01720953e-02 5.45153045e-03 -5.67213300e-03
-8.77310949e-01 1.87752853e-02 -1.02979664e-02 5.42427654e-03 -5.81714280e-03
-8.76556196e-01 1.88843414e-02 -1.04208061e-02 5.39902010e-03 -5.95563758e-03
-8.75799281e-01 1.89938765e-02 -1.05403577e-02 5.37549406e-03 -6.08734631e-03
-8.75040206e-01 1.91030194e-02 -1.06563492e-02 5.35339159e-03 -6.21206508e-03
-8.74278973e-01 1.92109265e-02 -1.07685013e-02 5.33237504e-03 -6.32966164e-03
-8.73515584e-01 1.93167967e-02 -1.08765362e-02 5.31208542e-03 -6.44007930e-03
-8.72750041e-01 1.94198839e-02 -1.09801852e-02 5.29215271e-03 -6.54334027e-03
-8.71982345e-01 1.95195098e-02 -1.10791968e-02 5.27220637e-03 -6.63954813e-03
-8.71212499e-01 1.96150741e-02 -1.11733430e-02 5.25188615e-03 -6.72888930e-03
-8.70440504e-01 1.97060641e-02 -1.12624260e-02 5.23085276e-03 -6.81163352e-03
-8.69666363e-01 1.97920617e-02 -1.13462823e-02 5.20879821e-03 -6.88813297e-03
-8.68890077e-01 1.98727495e-02 -1.14247874e-02 5.18545570e-03 -6.95882021e-03
-8.68111648e-01 1.99479132e-02 -1.14978572e-02 5.16060868e-03 -7.02420456e-03
-8.67331079e-01 2.00174433e-02 -1.15654504e-02 5.13409890e-03 -7.08486707e-03
-8.66548370e-01 2.00813335e-02 -1.16275672e-02 5.10583333e-03 -7.14145401e-03
-8.65763524e-01 2.01396768e-02 -1.16842482e-02 5.07578967e-03 -7.19466872e-03
-8.64976543e-01 2.01926601e-02 -1.17355718e-02 5.04402041e-03 -7.24526207e-03
-8.64187429e-01 2.02405549e-02 -1.17816491e-02 5.01065510e-03 -7.29402144e-03
-8.63396184e-01 2.02837079e-02 -1.18226196e-02 4.97590105e-03 -7.34175834e-03
-8.62602809e-01 2.03225275e-02 -1.18586443e-02 4.94004209e-03 -7.38929490e-03
-8.61807307e-01 2.03574698e-02 -1.18898984e-02 4.90343555e-03 -7.43744928e-03
-8.61009680e-01 2.03890230e-02 -1.19165641e-02 4.86650744e-03 -7.48702024e-03
-8.60209930e-01 2.04176897e-02 -1.19388216e-02 4.82974584e-03 -7.53877117e-03
-8.59408057e-01 2.04439691e-02 -1.19568414e-02 4.79369264e-03 -7.59341376e-03
-8.58604066e-01 2.04683382e-02 -1.19707753e-02 4.75893372e-03 -7.65159167e-03
-8.57797957e-01 2.04912330e-02 -1.19807486e-02 4.72608774e-03 -7.71386447e-03
-8.56989732e-01 2.05130295e-02 -1.19868525e-02 4.69579378e-03 -7.78069217e-03
-8.56179395e-01 2.05340265e-02 -1.19891370e-02 4.66869799e-03 -7.85242069e-03
-8.55366945e-01 2.05544278e-02 -1.19876056e-02 4.64543954e-03 -7.92926867e-03
-8.54552386e-01 2.05743272e-02 -1.19822105e-02 4.62663613e-03 -8.01131577e-03
-8.53735720e-01 2.05936950e-02 -1.19728493e-02 4.61286937e-03 -8.09849304e-03
-8.52916948e-01 2.06123669e-02 -1.19593635e-02 4.60467027e-03 -8.19057542e-03
-8.52096073e-01 2.06300348e-02 -1.19415387e-02 4.60250522e-03 -8.28717679e-03
-8.51273096e-01 2.06462423e-02 -1.19191063e-02 4.60676269e-03 -8.38774773e-03
-8.50448020e-01 2.06603814e-02 -1.18917476e-02 4.61774100e-03 -8.49157629e-03
-8.49620847e-01 2.06716941e-02 -1.18590988e-02 4.63563739e-03 -8.59779178e-03
-8.48791578e-01 2.06792772e-02 -1.18207590e-02 4.66053865e-03 -8.70537188e-03
-8.47960216e-01 2.06820907e-02 -1.17762988e-02 4.69241360e-03 -8.81315286e-03
-8.47126763e-01 2.06789701e-02 -1.17252717e-02 4.73110757e-03 -8.91984316e-03
-8.46291221e-01 2.06686423e-02 -1.16672256e-02 4.77633899e-03 -9.02404010e-03
-8.45453591e-01 2.06497450e-02 -1.16017167e-02 4.82769840e-03 -9.12424960e-03
-8.44613877e-01 2.06208497e-02 -1.15283242e-02 4.88464974e-03 -9.21890873e-03
-8.43772079e-01 2.05804875e-02 -1.14466648e-02 4.94653409e-03 -9.30641087e-03
-8.42928201e-01 2.05271779e-02 -1.13564090e-02 5.01257586e-03 -9.38513300e-03
-8.42082244e-01 2.04594592e-02 -1.12572964e-02 5.08189127e-03 -9.45346497e-03
-8.41234210e-01 2.03759219e-02 -1.11491516e-02 5.15349913e-03 -9.50984009e-03
-8.40384102e-01 2.02752417e-02 -1.10318986e-02 5.22633373e-03 -9.55276666e-03
-8.39531921e-01 2.01562150e-02 -1.09055752e-02 5.29925956e-03 -9.58085999e-03
-8.38677669e-01 2.00177926e-02 -1.07703454e-02 5.37108781e-03 -9.59287419e-03
-8.37821349e-01 1.98591139e-02 -1.06265103e-02 5.44059419e-03 -9.58773327e-03
-8.36962964e-01 1.96795396e-02 -1.04745173e-02 5.50653792e-03 -9.56456104e-03
-8.36102514e-01 1.94786818e-02 -1.03149668e-02 5.56768143e-03 -9.52270896e-03
-8.35240002e-01 1.92564319e-02 -1.01486162e-02 5.62281054e-03 -9.46178171e-03
-8.34375430e-01 1.90129850e-02 -9.97638165e-03 5.67075471e-03 -9.38165963e-03
-8.33508800e-01 1.87488602e-02 -9.79933650e-03 5.71040695e-03 -9.28251769e-03
-8.32640115e-01 1.84649168e-02 -9.61870670e-03 5.74074309e-03 -9.16484044e-03
-8.31769377e-01 1.81623643e-02 -9.43586325e-03 5.76084002e-03 -9.02943252e-03
-8.30896587e-01 1.78427686e-02 -9.25231147e-03 5.76989260e-03 -8.87742437e-03
-8.30021748e-01 1.75080507e-02 -9.06967712e-03 5.76722879e-03 -8.71027285e-03
-8.29144862e-01 1.71604804e-02 -8.88968962e-03 5.75232289e-03 -8.52975660e-03
-8.28265931e-01 1.68026634e-02 -8.71416247e-03 5.72480649e-03 -8.33796586e-03
-8.27384958e-01 1.64375220e-02 -8.54497106e-03 5.68447690e-03 -8.13728697e-03
-8.26501944e-01 1.60682697e-02 -8.38402823e-03 5.63130307e-03 -7.93038130e-03
-8.25616892e-01 1.56983798e-02 -8.23325789e-03 5.56542858e-03 -7.72015905e-03
-8.24729804e-01 1.53315481e-02 -8.09456707e-03 5.48717189e-03 -7.50974795e-03
-8.23840681e-01 1.49716503e-02 -7.96981683e-03 5.39702362e-03 -7.30245731e-03
-8.22949527e-01 1.46226950e-02 -7.86079255e-03 5.29564107e-03 -7.10173786e-03
-8.22056344e-01 1.42887717e-02 -7.76917398e-03 5.18383982e-03 -6.91113780e-03
-8.21161133e-01 1.39739963e-02 -7.69650568e-03 5.06258285e-03 -6.73425575e-03
-8.20263897e-01 1.36824530e-02 -7.64416824e-03 4.93296702e-03 -6.57469124e-03
-8.19364639e-01 1.34181348e-02 -7.61335095e-03 4.79620741e-03 -6.43599342e-03
-8.18463359e-01 1.31848835e-02 -7.60502624e-03 4.65361961e-03 -6.32160884e-03
-8.17560061e-01 1.29863293e-02 -7.61992655e-03 4.50660041e-03 -6.23482898e-03
-8.16654747e-01 1.28258311e-02 -7.65852394e-03 4.35660702e-03 -6.17873851e-03
-8.15747419e-01 1.27064202e-02 -7.72101303e-03 4.20513540e-03 -6.15616503e-03
-8.14838079e-01 1.26307455e-02 -7.80729746e-03 4.05369794e-03 -6.16963108e-03
-8.13926729e-01 1.26010241e-02 -7.91698030e-03 3.90380089e-03 -6.22130941e-03
-8.13013373e-01 1.26189956e-02 -8.04935864e-03 3.75692198e-03 -6.31298199e-03
-8.12098011e-01 1.26858832e-02 -8.20342265e-03 3.61448856e-03 -6.44600382e-03
-8.11180646e-01 1.28023609e-02 -8.37785899e-03 3.47785672e-03 -6.62127196e-03
-8.10261281e-01 1.29685280e-02 -8.57105890e-03 3.34829159e-03 -6.83920044e-03
-8.09339918e-01 1.31838914e-02 -8.78113079e-03 3.22694933e-03 -7.09970164e-03
-8.08416559e-01 1.34473559e-02 -9.00591721e-03 3.11486102e-03 -7.40217438e-03
-8.07491206e-01 1.37572239e-02 -9.24301619e-03 3.01291870e-03 -7.74549919e-03
-8.06563861e-01 1.41112030e-02 -9.48980642e-03 2.92186380e-03 -8.12804082e-03
-8.05634528e-01 1.45064225e-02 -9.74347626e-03 2.84227826e-03 -8.54765815e-03
-8.04703207e-01 1.49394590e-02 -1.00010560e-02 2.77457816e-03 -9.00172146e-03
-8.03769903e-01 1.54063701e-02 -1.02594528e-02 2.71901035e-03 -9.48713678e-03
-8.02834616e-01 1.59027363e-02 -1.05154884e-02 2.67565177e-03 -1.00003772e-02
-8.01897349e-01 1.64237101e-02 -1.07659382e-02 2.64441161e-03 -1.05375207e-02
-8.00958104e-01 1.69640723e-02 -1.10075720e-02 2.62503616e-03 -1.10942938e-02
-8.00016884e-01 1.75182939e-02 -1.12371949e-02 2.61711638e-03 -1.16661209e-02
-7.99073691e-01 1.80806036e-02 -1.14516887e-02 2.62009775e-03 -1.22481782e-02
-7.98128528e-01 1.86450594e-02 -1.16480527e-02 2.63329246e-03 -1.28354512e-02
-7.97181396e-01 1.92056227e-02 -1.18234428e-02 2.65589354e-03 -1.34227961e-02
-7.96232298e-01 1.97562355e-02 -1.19752095e-02 2.68699076e-03 -1.40050024e-02
-7.95281236e-01 2.02908974e-02 -1.21009332e-02 2.72558780e-03 -1.45768580e-02
-7.94328214e-01 2.08037427e-02 -1.21984565e-02 2.77062066e-03 -1.51332130e-02
-7.93373232e-01 2.12891165e-02 -1.22659138e-02 2.82097664e-03 -1.56690448e-02
-7.92416293e-01 2.17416470e-02 -1.23017561e-02 2.87551386e-03 -1.61795200e-02
-7.91457401e-01 2.21563154e-02 -1.23047727e-02 2.93308068e-03 -1.66600548e-02
-7.90496556e-01 2.25285199e-02 -1.22741078e-02 2.99253489e-03 -1.71063711e-02
-7.89533763e-01 2.28541347e-02 -1.22092722e-02 3.05276225e-03 -1.75145498e-02
-7.88569022e-01 2.31295620e-02 -1.21101514e-02 3.11269401e-03 -1.78810775e-02
-7.87602336e-01 2.33517766e-02 -1.19770069e-02 3.17132328e-03 -1.82028888e-02
-7.86633708e-01 2.35183628e-02 -1.18104743e-02 3.22771979e-03 -1.84774016e-02
-7.85663139e-01 2.36275424e-02 -1.16115556e-02 3.28104293e-03 -1.87025463e-02
-7.84690634e-01 2.36781937e-02 -1.13816066e-02 3.33055290e-03 -1.88767873e-02
-7.83716193e-01 2.36698619e-02 -1.11223208e-02 3.37561969e-03 -1.89991374e-02
-7.82739819e-01 2.36027598e-02 -1.08357078e-02 3.41572985e-03 -1.90691653e-02
-7.81761515e-01 2.34777593e-02 -1.05240689e-02 3.45049103e-03 -1.90869940e-02
-7.80781283e-01 2.32963745e-02 -1.01899683e-02 3.47963415e-03 -1.90532937e-02
-7.79799126e-01 2.30607352e-02 -9.83620194e-03 3.50301327e-03 -1.89692660e-02
-7.78815045e-01 2.27735537e-02 -9.46576344e-03 3.52060323e-03 -1.88366219e-02
-7.77829044e-01 2.24380824e-02 -9.08180782e-03 3.53249512e-03 -1.86575531e-02
-7.76841124e-01 2.20580660e-02 -8.68761392e-03 3.53888970e-03 -1.84346970e-02
-7.75851289e-01 2.16376871e-02 -8.28654573e-03 3.54008901e-03 -1.81710974e-02
-7.74859540e-01 2.11815064e-02 -7.88201320e-03 3.53648624e-03 -1.78701586e-02
-7.73865880e-01 2.06943996e-02 -7.47743319e-03 3.52855423e-03 -1.75355979e-02
-7.72870312e-01 2.01814902e-02 -7.07619099e-03 3.51683269e-03 -1.71713924e-02
-7.71872838e-01 1.96480806e-02 -6.68160287e-03 3.50191447e-03 -1.67817256e-02
-7.70873460e-01 1.90995826e-02 -6.29688036e-03 3.48443122e-03 -1.63709308e-02
-7.69872181e-01 1.85414468e-02 -5.92509636e-03 3.46503853e-03 -1.59434350e-02
-7.68869004e-01 1.79790940e-02 -5.56915377e-03 3.44440105e-03 -1.55037021e-02
-7.67863930e-01 1.74178481e-02 -5.23175686e-03 3.42317759e-03 -1.50561772e-02
-7.66856963e-01 1.68628718e-02 -4.91538562e-03 3.40200678e-03 -1.46052331e-02
-7.65848104e-01 1.63191062e-02 -4.62227347e-03 3.38149327e-03 -1.41551187e-02
-7.64837357e-01 1.57912153e-02 -4.35438846e-03 3.36219483e-03 -1.37099108e-02
-7.63824724e-01 1.52835348e-02 -4.11341803e-03 3.34461052e-03 -1.32734693e-02
-7.62810206e-01 1.48000278e-02 -3.90075754e-03 3.32917018e-03 -1.28493973e-02
-7.61793808e-01 1.43442460e-02 -3.71750241e-03 3.31622531e-03 -1.24410052e-02
-7.60775531e-01 1.39192980e-02 -3.56444408e-03 3.30604152e-03 -1.20512804e-02
-7.59755377e-01 1.35278240e-02 -3.44206944e-03 3.29879263e-03 -1.16828620e-02
-7.58733350e-01 1.31719784e-02 -3.35056384e-03 3.29455658e-03 -1.13380215e-02
-7.57709452e-01 1.28534187e-02 -3.28981731e-03 3.29331299e-03 -1.10186486e-02
-7.56683685e-01 1.25733019e-02 -3.25943397e-03 3.29494259e-03 -1.07262429e-02
-7.55656053e-01 1.23322874e-02 -3.25874419e-03 3.29922840e-03 -1.04619113e-02
-7.54626556e-01 1.21305469e-02 -3.28681941e-03 3.30585860e-03 -1.02263706e-02
-7.53595199e-01 1.19677798e-02 -3.34248918e-03 3.31443096e-03 -1.00199552e-02
-7.52561982e-01 1.18432349e-02 -3.42436024e-03 3.32445896e-03 -9.84262983e-03
-7.51526911e-01 1.17557373e-02 -3.53083717e-03 3.33537909e-03 -9.69400651e-03
-7.50489985e-01 1.17037190e-02 -3.66014449e-03 3.34655958e-03 -9.57336578e-03
-7.49451209e-01 1.16852553e-02 -3.81034960e-03 3.35731011e-03 -9.47968127e-03
-7.48410585e-01 1.16981023e-02 -3.97938659e-03 3.36689244e-03 -9.41164745e-03
-7.47368114e-01 1.17397388e-02 -4.16508021e-03 3.37453180e-03 -9.36770979e-03
-7.46323801e-01 1.18074094e-02 -4.36517011e-03 3.37942874e-03 -9.34609701e-03
-7.45277647e-01 1.18981688e-02 -4.57733469e-03 3.38077136e-03 -9.34485458e-03
-7.44229655e-01 1.20089269e-02 -4.79921456e-03 3.37774764e-03 -9.36187921e-03
-7.43179828e-01 1.21364935e-02 -5.02843528e-03 3.36955771e-03 -9.39495365e-03
-7.42128168e-01 1.22776229e-02 -5.26262912e-03 3.35542590e-03 -9.44178120e-03
-7.41074678e-01 1.24290564e-02 -5.49945571e-03 3.33461226e-03 -9.50001964e-03
-7.40019360e-01 1.25875632e-02 -5.73662139e-03 3.30642363e-03 -9.56731402e-03
-7.38962217e-01 1.27499798e-02 -5.97189713e-03 3.27022382e-03 -9.64132786e-03
-7.37903252e-01 1.29132451e-02 -6.20313491e-03 3.22544298e-03 -9.71977251e-03
-7.36842467e-01 1.30744337e-02 -6.42828250e-03 3.17158595e-03 -9.80043423e-03
-7.35779864e-01 1.32307854e-02 -6.64539645e-03 3.10823949e-03 -9.88119882e-03
-7.34715448e-01 1.33797306e-02 -6.85265353e-03 3.03507833e-03 -9.96007357e-03
-7.33649219e-01 1.35189127e-02 -7.04836028e-03 2.95186999e-03 -1.00352063e-02
-7.32581181e-01 1.36462060e-02 -7.23096096e-03 2.85847828e-03 -1.01049016e-02
-7.31511336e-01 1.37597297e-02 -7.39904375e-03 2.75486553e-03 -1.01676336e-02
-7.30439687e-01 1.38578586e-02 -7.55134536e-03 2.64109348e-03 -1.02220565e-02
-7.29366237e-01 1.39392290e-02 -7.68675399e-03 2.51732295e-03 -1.02670115e-02
-7.28290988e-01 1.40027420e-02 -7.80431090e-03 2.38381222e-03 -1.03015307e-02
-7.27213943e-01 1.40475623e-02 -7.90321046e-03 2.24091425e-03 -1.03248392e-02
-7.26135105e-01 1.40731140e-02 -7.98279901e-03 2.08907274e-03 -1.03363531e-02
-7.25054476e-01 1.40790742e-02 -8.04257238e-03 1.92881727e-03 -1.03356767e-02
-7.23972059e-01 1.40653620e-02 -8.08217241e-03 1.76075740e-03 -1.03225960e-02
-7.22887856e-01 1.40321273e-02 -8.10138246e-03 1.58557602e-03 -1.02970711e-02
-7.21801870e-01 1.39797352e-02 -8.10012206e-03 1.40402198e-03 -1.02592265e-02
-7.20714105e-01 1.39087501e-02 -8.07844073e-03 1.21690214e-03 -1.02093400e-02
-7.19624562e-01 1.38199180e-02 -8.03651129e-03 1.02507295e-03 -1.01478301e-02
-7.18533244e-01 1.37141470e-02 -7.97462256e-03 8.29431736e-04 -1.00752427e-02
-7.17440155e-01 1.35924874e-02 -7.89317160e-03 6.30907770e-04 -9.99223646e-03
-7.16345296e-01 1.34561115e-02 -7.79265578e-03 4.30453252e-04 -9.89956836e-03
-7.15248670e-01 1.33062926e-02 -7.67366447e-03 2.29034357e-04 -9.79807820e-03
-7.14150280e-01 1.31443842e-02 -7.53687074e-03 2.76224283e-05 -9.68867341e-03
-7.13050130e-01 1.29717998e-02 -7.38302293e-03 -1.72814554e-04 -9.57231379e-03
-7.11948220e-01 1.27899925e-02 -7.21293636e-03 -3.71320149e-04 -9.44999647e-03
-7.10844555e-01 1.26004364e-02 -7.02748508e-03 -5.66957178e-04 -9.32274135e-03
-7.09739137e-01 1.24046077e-02 -6.82759385e-03 -7.58814920e-04 -9.19157697e-03
-7.08631969e-01 1.22039674e-02 -6.61423040e-03 -9.46015710e-04 -9.05752715e-03
-7.07523053e-01 1.19999460e-02 -6.38839791e-03 -1.12772091e-03 -8.92159834e-03
-7.06412392e-01 1.17939279e-02 -6.15112794e-03 -1.30313616e-03 -8.78476782e-03
-7.05299989e-01 1.15872384e-02 -5.90347362e-03 -1.47151598e-03 -8.64797285e-03
-7.04185846e-01 1.13811319e-02 -5.64650339e-03 -1.63216757e-03 -8.51210075e-03
-7.03069967e-01 1.11767815e-02 -5.38129505e-03 -1.78445396e-03 -8.37798003e-03
-7.01952354e-01 1.09752701e-02 -5.10893031e-03 -1.92779637e-03 -8.24637256e-03
-7.00833010e-01 1.07775830e-02 -4.83048979e-03 -2.06167594e-03 -8.11796681e-03
-6.99711937e-01 1.05846025e-02 -4.54704848e-03 -2.18563470e-03 -7.99337208e-03
-6.98589139e-01 1.03971029e-02 -4.25967159e-03 -2.29927606e-03 -7.87311392e-03
-6.97464618e-01 1.02157484e-02 -3.96941087e-03 -2.40226455e-03 -7.75763049e-03
-6.96338377e-01 1.00410911e-02 -3.67730134e-03 -2.49432512e-03 -7.64727006e-03
-6.95210419e-01 9.87357125e-03 -3.38435836e-03 -2.57524201e-03 -7.54228947e-03
-6.94080746e-01 9.71351794e-03 -3.09157511e-03 -2.64485711e-03 -7.44285366e-03
-6.92949362e-01 9.56115172e-03 -2.79992031e-03 -2.70306802e-03 -7.34903613e-03
-6.91816268e-01 9.41658787e-03 -2.51033627e-03 -2.74982590e-03 -7.26082037e-03
-6.90681469e-01 9.27984080e-03 -2.22373719e-03 -2.78513300e-03 -7.17810227e-03
-6.89544966e-01 9.15082935e-03 -1.94100761e-03 -2.80904009e-03 -7.10069334e-03
-6.88406763e-01 9.02938291e-03 -1.66300103e-03 -2.82164382e-03 -7.02832487e-03
-6.87266861e-01 8.91524828e-03 -1.39053869e-03 -2.82308403e-03 -6.96065287e-03
-6.86125265e-01 8.80809712e-03 -1.12440834e-03 -2.81354106e-03 -6.89726376e-03
-6.84981977e-01 8.70753397e-03 -8.65363099e-04 -2.79323319e-03 -6.83768088e-03
-6.83837000e-01 8.61310469e-03 -6.14120348e-04 -2.76241410e-03 -6.78137159e-03
-6.82690336e-01 8.52430520e-03 -3.71360517e-04 -2.72137055e-03 -6.72775503e-03
-6.81541988e-01 8.44059057e-03 -1.37725875e-04 -2.67042017e-03 -6.67621043e-03
-6.80391960e-01 8.36138411e-03 8.61807636e-05 -2.60990944e-03 -6.62608589e-03
-6.79240254e-01 8.28608666e-03 2.99797420e-04 -2.54021190e-03 -6.57670761e-03
-6.78086872e-01 8.21408574e-03 5.02604416e-04 -2.46172651e-03 -6.52738935e-03
-6.76931818e-01 8.14476464e-03 6.94125924e-04 -2.37487617e-03 -6.47744222e-03
-6.75775095e-01 8.07751125e-03 8.73931602e-04 -2.28010650e-03 -6.42618449e-03
-6.74616706e-01 8.01172665e-03 1.04163828e-03 -2.17788470e-03 -6.37295151e-03
-6.73456652e-01 7.94683331e-03 1.19691168e-03 -2.06869854e-03 -6.31710548e-03
-6.72294938e-01 7.88228276e-03 1.33946819e-03 -1.95305551e-03 -6.25804503e-03
-6.71131566e-01 7.81756288e-03 1.46907651e-03 -1.83148196e-03 -6.19521442e-03
-6.69966538e-01 7.75220446e-03 1.58555932e-03 -1.70452233e-03 -6.12811240e-03
-6.68799859e-01 7.68578717e-03 1.68879483e-03 -1.57273830e-03 -6.05630035e-03
-6.67631530e-01 7.61794480e-03 1.77871805e-03 -1.43670798e-03 -5.97940984e-03
-6.66461554e-01 7.54836976e-03 1.85532201e-03 -1.29702490e-03 -5.89714931e-03
-6.65289935e-01 7.47681670e-03 1.91865858e-03 -1.15429700e-03 -5.80930987e-03
-6.64116675e-01 7.40310537e-03 1.96883898e-03 -1.00914530e-03 -5.71577005e-03
-6.62941778e-01 7.32712253e-03 2.00603404e-03 -8.62202525e-04 -5.61649944e-03
-6.61765245e-01 7.24882303e-03 2.03047385e-03 -7.14111410e-04 -5.51156115e-03
-6.60587080e-01 7.16822998e-03 2.04244714e-03 -5.65522768e-04 -5.40111302e-03
-6.59407287e-01 7.08543395e-03 2.04230000e-03 -4.17093315e-04 -5.28540746e-03
-6.58225867e-01 7.00059139e-03 2.03043424e-03 -2.69483195e-04 -5.16479010e-03
-6.57042824e-01 6.91392212e-03 2.00730508e-03 -1.23353228e-04 -5.03969691e-03
-6.55858160e-01 6.82570598e-03 1.97341834e-03 2.06381263e-05 -4.91065016e-03
-6.54671879e-01 6.73627871e-03 1.92932713e-03 1.61838074e-04 -4.77825297e-03
-6.53483983e-01 6.64602712e-03 1.87562793e-03 2.99603053e-04 -4.64318265e-03
-6.52294476e-01 6.55538351e-03 1.81295623e-03 4.33302519e-04 -4.50618288e-03
-6.51103360e-01 6.46481954e-03 1.74198163e-03 5.62322944e-04 -4.36805481e-03
-6.49910639e-01 6.37483954e-03 1.66340258e-03 6.86071960e-04 -4.22964715e-03
-6.48716314e-01 6.28597342e-03 1.57794072e-03 8.03982630e-04 -4.09184549e-03
-6.47520390e-01 6.19876920e-03 1.48633490e-03 9.15517777e-04 -3.95556092e-03
-6.46322869e-01 6.11378523e-03 1.38933504e-03 1.02017433e-03 -3.82171811e-03
-6.45123754e-01 6.03158244e-03 1.28769576e-03 1.11748760e-03 -3.69124306e-03
-6.43923048e-01 5.95271630e-03 1.18217002e-03 1.20703550e-03 -3.56505069e-03
-6.42720754e-01 5.87772905e-03 1.07350282e-03 1.28844251e-03 -3.44403248e-03
-6.41516875e-01 5.80714197e-03 9.62424928e-04 1.36138348e-03 -3.32904424e-03
-6.40311414e-01 5.74144796e-03 8.49646979e-04 1.42558709e-03 -3.22089444e-03
-6.39104373e-01 5.68110445e-03 7.35853806e-04 1.48083895e-03 -3.12033297e-03
-6.37895757e-01 5.62652684e-03 6.21699232e-04 1.52698429e-03 -3.02804077e-03
-6.36685567e-01 5.57808239e-03 5.07801347e-04 1.56393013e-03 -2.94462038e-03
-6.35473807e-01 5.53608478e-03 3.94738378e-04 1.59164698e-03 -2.87058756e-03
-6.34260480e-01 5.50078942e-03 2.83045198e-04 1.61016991e-03 -2.80636415e-03
-6.33045589e-01 5.47238939e-03 1.73210542e-04 1.61959904e-03 -2.75227226e-03
-6.31829137e-01 5.45101233e-03 6.56749711e-05 1.62009933e-03 -2.70852991e-03
-6.30611126e-01 5.43671805e-03 -3.91703911e-05 1.61189977e-03 -2.67524811e-03
-6.29391561e-01 5.42949714e-03 -1.40984330e-04 1.59529183e-03 -2.65242960e-03
-6.28170443e-01 5.42927034e-03 -2.39475226e-04 1.57062725e-03 -2.63996902e-03
-6.26947776e-01 5.43588892e-03 -3.34399967e-04 1.53831518e-03 -2.63765475e-03
-6.25723562e-01 5.44913591e-03 -4.25562127e-04 1.49881858e-03 -2.64517219e-03
-6.24497806e-01 5.46872811e-03 -5.12809458e-04 1.45265004e-03 -2.66210856e-03
-6.23270509e-01 5.49431908e-03 -5.96030749e-04 1.40036703e-03 -2.68795901e-03
-6.22041676e-01 5.52550282e-03 -6.75152151e-04 1.34256649e-03 -2.72213409e-03
-6.20811308e-01 5.56181818e-03 -7.50133027e-04 1.27987906e-03 -2.76396828e-03
-6.19579410e-01 5.60275399e-03 -8.20961453e-04 1.21296278e-03 -2.81272957e-03
-6.18345983e-01 5.64775478e-03 -8.87649459e-04 1.14249648e-03 -2.86762981e-03
-6.17111031e-01 5.69622698e-03 -9.50228130e-04 1.06917283e-03 -2.92783583e-03
-6.15874558e-01 5.74754562e-03 -1.00874268e-03 9.93691317e-04 -2.99248089e-03
-6.14636565e-01 5.80106133e-03 -1.06324761e-03 9.16750959e-04 -3.06067656e-03
-6.13397057e-01 5.85610759e-03 -1.11380209e-03 8.39043143e-04 -3.13152460e-03
-6.12156036e-01 5.91200823e-03 -1.16046562e-03 7.61244463e-04 -3.20412878e-03
-6.10913506e-01 5.96808484e-03 -1.20329417e-03 6.84009771e-04 -3.27760641e-03
-6.09669468e-01 6.02366436e-03 -1.24233675e-03 6.07965487e-04 -3.35109943e-03
-6.08423928e-01 6.07808633e-03 -1.27763264e-03 5.33703271e-04 -3.42378486e-03
-6.07176887e-01 6.13071011e-03 -1.30920922e-03 4.61774152e-04 -3.49488444e-03
-6.05928348e-01 6.18092172e-03 -1.33708060e-03 3.92683174e-04 -3.56367344e-03
-6.04678315e-01 6.22814032e-03 -1.36124691e-03 3.26884660e-04 -3.62948834e-03
-6.03426791e-01 6.27182423e-03 -1.38169439e-03 2.64778142e-04 -3.69173344e-03
-6.02173778e-01 6.31147651e-03 -1.39839626e-03 2.06705019e-04 -3.74988624e-03
-6.00919281e-01 6.34664984e-03 -1.41131428e-03 1.52945990e-04 -3.80350156e-03
-5.99663302e-01 6.37695087e-03 -1.42040113e-03 1.03719301e-04 -3.85221435e-03
-5.98405843e-01 6.40204389e-03 -1.42560330e-03 5.91798252e-05 -3.89574121e-03
-5.97146909e-01 6.42165373e-03 -1.42686463e-03 1.94189855e-05 -3.93388066e-03
-5.95886503e-01 6.43556802e-03 -1.42413036e-03 -1.55344741e-05 -3.96651204e-03
-5.94624627e-01 6.44363859e-03 -1.41735154e-03 -4.57128895e-05 -3.99359334e-03
-5.93361284e-01 6.44578224e-03 -1.40648968e-03 -7.12072749e-05 -4.01515783e-03
-5.92096478e-01 6.44198061e-03 -1.39152161e-03 -9.21641556e-05 -4.03130964e-03
-5.90830212e-01 6.43227940e-03 -1.37244436e-03 -1.08781689e-04 -4.04221848e-03
-5.89562488e-01 6.41678686e-03 -1.34927986e-03 -1.21305134e-04 -4.04811346e-03
-5.88293311e-01 6.39567145e-03 -1.32207953e-03 -1.30021741e-04 -4.04927629e-03
-5.87022683e-01 6.36915896e-03 -1.29092837e-03 -1.35255142e-04 -4.04603388e-03
-5.85750607e-01 6.33752894e-03 -1.25594867e-03 -1.37359329e-04 -4.03875056e-03
-5.84477087e-01 6.30111048e-03 -1.21730303e-03 -1.36712319e-04 -4.02782000e-03
-5.83202125e-01 6.26027752e-03 -1.17519674e-03 -1.33709597e-04 -4.01365701e-03
-5.81925725e-01 6.21544367e-03 -1.12987934e-03 -1.28757446e-04 -3.99668933e-03
-5.80647890e-01 6.16705652e-03 -1.08164529e-03 -1.22266255e-04 -3.97734957e-03
-5.79368623e-01 6.11559174e-03 -1.03083375e-03 -1.14643928e-04 -3.95606739e-03
-5.78087927e-01 6.06154672e-03 -9.77827425e-04 -1.06289470e-04 -3.93326205e-03
-5.76805805e-01 6.00543413e-03 -9.23050327e-04 -9.75868603e-05 -3.90933549e-03
-5.75522261e-01 5.94777528e-03 -8.66964715e-04 -8.88993051e-05 -3.88466589e-03
-5.74237298e-01 5.88909341e-03 -8.10066992e-04 -8.05639412e-05 -3.85960196e-03
-5.72950918e-01 5.82990699e-03 -7.52882757e-04 -7.28870777e-05 -3.83445789e-03
-5.71663126e-01 5.77072319e-03 -6.95961022e-04 -6.61400346e-05 -3.80950911e-03
-5.70373923e-01 5.71203138e-03 -6.39867694e-04 -6.05556360e-05 -3.78498880e-03
-5.69083314e-01 5.65429701e-03 -5.85178435e-04 -5.63253993e-05 -3.76108530e-03
-5.67791302e-01 5.59795570e-03 -5.32471003e-04 -5.35974533e-05 -3.73794027e-03
-5.66497889e-01 5.54340782e-03 -4.82317224e-04 -5.24752037e-05 -3.71564777e-03
-5.65203079e-01 5.49101344e-03 -4.35274730e-04 -5.30167512e-05 -3.69425409e-03
-5.63906875e-01 5.44108789e-03 -3.91878614e-04 -5.52350562e-05 -3.67375838e-03
-5.62609281e-01 5.39389781e-03 -3.52633162e-04 -5.90988319e-05 -3.65411408e-03
-5.61310299e-01 5.34965791e-03 -3.18003805e-04 -6.45341343e-05 -3.63523102e-03
-5.60009933e-01 5.30852841e-03 -2.88409470e-04 -7.14266070e-05 -3.61697817e-03
-5.58708186e-01 5.27061314e-03 -2.64215453e-04 -7.96243309e-05 -3.59918700e-03
-5.57405060e-01 5.23595848e-03 -2.45726967e-04 -8.89412152e-05 -3.58165537e-03
-5.56100561e-01 5.20455300e-03 -2.33183501e-04 -9.91608637e-05 -3.56415185e-03
-5.54794689e-01 5.17632800e-03 -2.26754088e-04 -1.10040838e-04 -3.54642050e-03
-5.53487450e-01 5.15115871e-03 -2.26533607e-04 -1.21317243e-04 -3.52818587e-03
-5.52178845e-01 5.12886643e-03 -2.32540170e-04 -1.32709542e-04 -3.50915832e-03
-5.50868879e-01 5.10922133e-03 -2.44713693e-04 -1.43925529e-04 -3.48903948e-03
-5.49557555e-01 5.09194611e-03 -2.62915653e-04 -1.54666356e-04 -3.46752778e-03
-5.48244874e-01 5.07672031e-03 -2.86930082e-04 -1.64631551e-04 -3.44432407e-03
-5.46930842e-01 5.06318530e-03 -3.16465780e-04 -1.73523928e-04 -3.41913711e-03
-5.45615461e-01 5.05094995e-03 -3.51159723e-04 -1.81054314e-04 -3.39168906e-03
-5.44298735e-01 5.03959678e-03 -3.90581622e-04 -1.86946037e-04 -3.36172066e-03
-5.42980666e-01 5.02868862e-03 -4.34239566e-04 -1.90939085e-04 -3.32899634e-03
-5.41661258e-01 5.01777567e-03 -4.81586655e-04 -1.92793902e-04 -3.29330891e-03
-5.40340514e-01 5.00640283e-03 -5.32028530e-04 -1.92294752e-04 -3.25448396e-03
-5.39018438e-01 4.99411727e-03 -5.84931669e-04 -1.89252622e-04 -3.21238391e-03
-5.37695032e-01 4.98047607e-03 -6.39632321e-04 -1.83507635e-04 -3.16691154e-03
-5.36370301e-01 4.96505383e-03 -6.95445927e-04 -1.74930939e-04 -3.11801317e-03
-5.35044246e-01 4.94745021e-03 -7.51676880e-04 -1.63426078e-04 -3.06568116e-03
-5.33716872e-01 4.92729715e-03 -8.07628466e-04 -1.48929828e-04 -3.00995605e-03
-5.32388182e-01 4.90426580e-03 -8.62612815e-04 -1.31412510e-04 -2.95092799e-03
-5.31058179e-01 4.87807296e-03 -9.15960716e-04 -1.10877810e-04 -2.88873761e-03
-5.29726866e-01 4.84848694e-03 -9.67031119e-04 -8.73621020e-05 -2.82357630e-03
-5.28394247e-01 4.81533271e-03 -1.01522019e-03 -6.09333341e-05 -2.75568581e-03
-5.27060325e-01 4.77849634e-03 -1.05996977e-03 -3.16894985e-05 -2.68535723e-03
-5.25725102e-01 4.73792856e-03 -1.10077510e-03 2.43265535e-07 -2.61292929e-03
-5.24388584e-01 4.69364728e-03 -1.13719169e-03 3.47128882e-05 -2.53878607e-03
-5.23050772e-01 4.64573930e-03 -1.16884122e-03 7.15438556e-05 -2.46335396e-03
-5.21711670e-01 4.59436078e-03 -1.19541647e-03 1.10539912e-04 -2.38709809e-03
-5.20371281e-01 4.53973674e-03 -1.21668503e-03 1.51486926e-04 -2.31051810e-03
-5.19029610e-01 4.48215944e-03 -1.23249196e-03 1.94155865e-04 -2.23414335e-03
-5.17686658e-01 4.42198557e-03 -1.24276113e-03 2.38305826e-04 -2.15852753e-03
-5.16342429e-01 4.35963251e-03 -1.24749549e-03 2.83687078e-04 -2.08424287e-03
-5.14996927e-01 4.29557336e-03 -1.24677604e-03 3.30044058e-04 -2.01187381e-03
-5.13650155e-01 4.23033110e-03 -1.24075967e-03 3.77118284e-04 -1.94201034e-03
-5.12302117e-01 4.16447178e-03 -1.22967586e-03 4.24651155e-04 -1.87524097e-03
-5.10952815e-01 4.09859681e-03 -1.21382235e-03 4.72386583e-04 -1.81214554e-03
-5.09602252e-01 4.03333462e-03 -1.19355977e-03 5.20073445e-04 -1.75328781e-03
-5.08250433e-01 3.96933158e-03 -1.16930543e-03 5.67467833e-04 -1.69920797e-03
-5.06897361e-01 3.90724253e-03 -1.14152628e-03 6.14335063e-04 -1.65041530e-03
-5.05543038e-01 3.84772089e-03 -1.11073125e-03 6.60451466e-04 -1.60738079e-03
-5.04187469e-01 3.79140862e-03 -1.07746297e-03 7.05605913e-04 -1.57053016e-03
-5.02830656e-01 3.73892614e-03 -1.04228920e-03 7.49601115e-04 -1.54023712e-03
-5.01472604e-01 3.69086232e-03 -1.00579386e-03 7.92254657e-04 -1.51681711e-03
-5.00113314e-01 3.64776487e-03 -9.68567989e-04 8.33399814e-04 -1.50052164e-03
-4.98752791e-01 3.61013107e-03 -9.31200703e-04 8.72886130e-04 -1.49153321e-03
-4.97391039e-01 3.57839924e-03 -8.94270298e-04 9.10579787e-04 -1.48996105e-03
-4.96028059e-01 3.55294085e-03 -8.58335614e-04 9.46363776e-04 -1.49583769e-03
-4.94663856e-01 3.53405364e-03 -8.23927811e-04 9.80137890e-04 -1.50911645e-03
-4.93298434e-01 3.52195576e-03 -7.91542672e-04 1.01181856e-03 -1.52966992e-03
-4.91931794e-01 3.51678108e-03 -7.61633533e-04 1.04133855e-03 -1.55728953e-03
-4.90563942e-01 3.51857571e-03 -7.34604956e-04 1.06864651e-03 -1.59168619e-03
-4.89194880e-01 3.52729593e-03 -7.10807217e-04 1.09370647e-03 -1.63249207e-03
-4.87824611e-01 3.54280748e-03 -6.90531701e-04 1.11649724e-03 -1.67926355e-03
-4.86453139e-01 3.56488628e-03 -6.74007243e-04 1.13701167e-03 -1.73148525e-03
-4.85080468e-01 3.59322061e-03 -6.61397483e-04 1.15525601e-03 -1.78857523e-03
-4.83706600e-01 3.62741471e-03 -6.52799257e-04 1.17124904e-03 -1.84989121e-03
-4.82331539e-01 3.66699381e-03 -6.48242030e-04 1.18502139e-03 -1.91473787e-03
-4.80955289e-01 3.71141042e-03 -6.47688389e-04 1.19661465e-03 -1.98237496e-03
-4.79577853e-01 3.76005190e-03 -6.51035569e-04 1.20608060e-03 -2.05202640e-03
-4.78199234e-01 3.81224921e-03 -6.58117982e-04 1.21348036e-03 -2.12288991e-03
-4.76819436e-01 3.86728661e-03 -6.68710712e-04 1.21888363e-03 -2.19414742e-03
-4.75438462e-01 3.92441222e-03 -6.82533906e-04 1.22236785e-03 -2.26497576e-03
-4.74056315e-01 3.98284928e-03 -6.99258003e-04 1.22401742e-03 -2.33455770e-03
-4.72672999e-01 4.04180793e-03 -7.18509705e-04 1.22392289e-03 -2.40209316e-03
-4.71288518e-01 4.10049731e-03 -7.39878607e-04 1.22218023e-03 -2.46681027e-03
-4.69902874e-01 4.15813771e-03 -7.62924377e-04 1.21889001e-03 -2.52797631e-03
-4.68516071e-01 4.21397276e-03 -7.87184370e-04 1.21415668e-03 -2.58490811e-03
-4.67128113e-01 4.26728116e-03 -8.12181574e-04 1.20808780e-03 -2.63698206e-03
-4.65739003e-01 4.31738809e-03 -8.37432746e-04 1.20079330e-03 -2.68364320e-03
-4.64348744e-01 4.36367575e-03 -8.62456631e-04 1.19238473e-03 -2.72441350e-03
-4.62957340e-01 4.40559315e-03 -8.86782117e-04 1.18297455e-03 -2.75889908e-03
-4.61564795e-01 4.44266480e-03 -9.09956220e-04 1.17267544e-03 -2.78679618e-03
-4.60171111e-01 4.47449815e-03 -9.31551756e-04 1.16159952e-03 -2.80789593e-03
-4.58776292e-01 4.50078974e-03 -9.51174588e-04 1.14985776e-03 -2.82208757e-03
-4.57380342e-01 4.52132981e-03 -9.68470334e-04 1.13755923e-03 -2.82936034e-03
-4.55983264e-01 4.53600544e-03 -9.83130418e-04 1.12481054e-03 -2.82980371e-03
-4.54585061e-01 4.54480199e-03 -9.94897377e-04 1.11171516e-03 -2.82360612e-03
-4.53185738e-01 4.54780288e-03 -1.00356933e-03 1.09837290e-03 -2.81105208e-03
-4.51785296e-01 4.54518780e-03 -1.00900350e-03 1.08487938e-03 -2.79251786e-03
-4.50383741e-01 4.53722913e-03 -1.01111883e-03 1.07132552e-03 -2.76846550e-03
-4.48981074e-01 4.52428685e-03 -1.00989746e-03 1.05779718e-03 -2.73943558e-03
-4.47577301e-01 4.50680194e-03 -1.00538525e-03 1.04437471e-03 -2.70603852e-03
-4.46172424e-01 4.48528832e-03 -9.97691139e-04 1.03113273e-03 -2.66894486e-03
-4.44766446e-01 4.46032353e-03 -9.86985445e-04 1.01813985e-03 -2.62887431e-03
-4.43359371e-01 4.43253830e-03 -9.73497118e-04 1.00545856e-03 -2.58658408e-03
-4.41951203e-01 4.40260516e-03 -9.57509930e-04 9.93145072e-04 -2.54285646e-03
-4.40541946e-01 4.37122628e-03 -9.39357682e-04 9.81249357e-04 -2.49848589e-03
-4.39131601e-01 4.33912084e-03 -9.19418506e-04 9.69815177e-04 -2.45426579e-03
-4.37720174e-01 4.30701198e-03 -8.98108314e-04 9.58880211e-04 -2.41097529e-03
-4.36307667e-01 4.27561373e-03 -8.75873516e-04 9.48476235e-04 -2.36936620e-03
-4.34894084e-01 4.24561809e-03 -8.53183107e-04 9.38629367e-04 -2.33015023e-03
-4.33479429e-01 4.21768238e-03 -8.30520252e-04 9.29360365e-04 -2.29398694e-03
-4.32063705e-01 4.19241735e-03 -8.08373494e-04 9.20684961e-04 -2.26147243e-03
-4.30646915e-01 4.17037596e-03 -7.87227738e-04 9.12614250e-04 -2.23312901e-03
-4.29229063e-01 4.15204324e-03 -7.67555155e-04 9.05155088e-04 -2.20939616e-03
-4.27810152e-01 4.13782739e-03 -7.49806162e-04 8.98310528e-04 -2.19062273e-03
-4.26390187e-01 4.12805217e-03 -7.34400620e-04 8.92080259e-04 -2.17706069e-03
-4.24969170e-01 4.12295093e-03 -7.21719426e-04 8.86461049e-04 -2.16886051e-03
-4.23547105e-01 4.12266212e-03 -7.12096630e-04 8.81447188e-04 -2.16606822e-03
-4.22123995e-01 4.12722667e-03 -7.05812227e-04 8.77030916e-04 -2.16862422e-03
-4.20699844e-01 4.13658709e-03 -7.03085757e-04 8.73202831e-04 -2.17636391e-03
-4.19274656e-01 4.15058834e-03 -7.04070848e-04 8.69952274e-04 -2.18902017e-03
-4.17848434e-01 4.16898061e-03 -7.08850787e-04 8.67267684e-04 -2.20622749e-03
-4.16421181e-01 4.19142378e-03 -7.17435239e-04 8.65136917e-04 -2.22752796e-03
-4.14992902e-01 4.21749360e-03 -7.29758173e-04 8.63547527e-04 -2.25237878e-03
-4.13563599e-01 4.24668951e-03 -7.45677053e-04 8.62487007e-04 -2.28016130e-03
-4.12133276e-01 4.27844384e-03 -7.64973340e-04 8.61942993e-04 -2.31019144e-03
-4.10701936e-01 4.31213240e-03 -7.87354300e-04 8.61903412e-04 -2.34173129e-03
-4.09269584e-01 4.34708614e-03 -8.12456122e-04 8.62356600e-04 -2.37400166e-03
-4.07836222e-01 4.38260372e-03 -8.39848312e-04 8.63291370e-04 -2.40619550e-03
-4.06401855e-01 4.41796484e-03 -8.69039298e-04 8.64697035e-04 -2.43749179e-03
-4.04966485e-01 4.45244394e-03 -8.99483180e-04 8.66563389e-04 -2.46706982e-03
-4.03530117e-01 4.48532410e-03 -9.30587519e-04 8.68880643e-04 -2.49412347e-03
-4.02092753e-01 4.51591096e-03 -9.61722054e-04 8.71639320e-04 -2.51787541e-03
-4.00654398e-01 4.54354626e-03 -9.92228198e-04 8.74830098e-04 -2.53759079e-03
-3.99215055e-01 4.56762084e-03 -1.02142918e-03 8.78443614e-04 -2.55259035e-03
-3.97774727e-01 4.58758676e-03 -1.04864065e-03 8.82470214e-04 -2.56226254e-03
-3.96333418e-01 4.60296850e-03 -1.07318160e-03 8.86899659e-04 -2.56607467e-03
-3.94891132e-01 4.61337275e-03 -1.09438537e-03 8.91720773e-04 -2.56358258e-03
-3.93447872e-01 4.61849678e-03 -1.11161063e-03 8.96921038e-04 -2.55443899e-03
-3.92003642e-01 4.61813521e-03 -1.12425205e-03 9.02486138e-04 -2.53840013e-03
-3.90558445e-01 4.61218497e-03 -1.13175062e-03 9.08399435e-04 -2.51533058e-03
-3.89112285e-01 4.60064826e-03 -1.13360325e-03 9.14641392e-04 -2.48520630e-03
-3.87665165e-01 4.58363373e-03 -1.12937170e-03 9.21188935e-04 -2.44811577e-03
-3.86217089e-01 4.56135540e-03 -1.11869047e-03 9.28014754e-04 -2.40425908e-03
-3.84768060e-01 4.53412973e-03 -1.10127377e-03 9.35086556e-04 -2.35394515e-03
-3.83318083e-01 4.50237059e-03 -1.07692110e-03 9.42366261e-04 -2.29758704e-03
-3.81867160e-01 4.46658229e-03 -1.04552174e-03 9.49809163e-04 -2.23569535e-03
-3.80415296e-01 4.42735078e-03 -1.00705776e-03 9.57363060e-04 -2.16886999e-03
-3.78962493e-01 4.38533321e-03 -9.61605616e-04 9.64967368e-04 -2.09779028e-03
-3.77508756e-01 4.34124583e-03 -9.09336375e-04 9.72552240e-04 -2.02320361e-03
-3.76054088e-01 4.29585072e-03 -8.50514416e-04 9.80037707e-04 -1.94591292e-03
-3.74598493e-01 4.24994129e-03 -7.85494744e-04 9.87332869e-04 -1.86676310e-03
-3.73141973e-01 4.20432704e-03 -7.14718923e-04 9.94335168e-04 -1.78662658e-03
-3.71684534e-01 4.15981770e-03 -6.38709699e-04 1.00092976e-03 -1.70638843e-03
-3.70226177e-01 4.11720711e-03 -5.58064419e-04 1.00698902e-03 -1.62693109e-03
-3.68766908e-01 4.07725710e-03 -4.73447343e-04 1.01237227e-03 -1.54911918e-03
-3.67306729e-01 4.04068179e-03 -3.85581001e-04 1.01692566e-03 -1.47378443e-03
-3.65845645e-01 4.00813236e-03 -2.95236729e-04 1.02048231e-03 -1.40171122e-03
-3.64383658e-01 3.98018292e-03 -2.03224551e-04 1.02286280e-03 -1.33362283e-03
-3.62920772e-01 3.95731745e-03 -1.10382569e-04 1.02387589e-03 -1.27016873e-03
-3.61456992e-01 3.93991833e-03 -1.75660479e-05 1.02331965e-03 -1.21191309e-03
-3.59992320e-01 3.92825652e-03 7.43636329e-05 1.02098295e-03 -1.15932475e-03
-3.58526760e-01 3.92248371e-03 1.64549985e-04 1.01664734e-03 -1.11276887e-03
-3.57060317e-01 3.92262660e-03 2.52152197e-04 1.01008938e-03 -1.07250028e-03
-3.55592992e-01 3.92858349e-03 3.36355530e-04 1.00108335e-03 -1.03865880e-03
-3.54124791e-01 3.94012317e-03 4.16381180e-04 9.89404390e-04 -1.01126663e-03
-3.52655716e-01 3.95688637e-03 4.91495450e-04 9.74832061e-04 -9.90227691e-04
-3.51185772e-01 3.97838965e-03 5.61018110e-04 9.57154289e-04 -9.75329159e-04
-3.49714961e-01 4.00403172e-03 6.24329839e-04 9.36171650e-04 -9.66245031e-04
-3.48243288e-01 4.03310222e-03 6.80878646e-04 9.11701966e-04 -9.62541740e-04
-3.46770756e-01 4.06479273e-03 7.30185220e-04 8.83585152e-04 -9.63685701e-04
-3.45297369e-01 4.09820995e-03 7.71847130e-04 8.51688243e-04 -9.69052689e-04
-3.43823131e-01 4.13239079e-03 8.05541875e-04 8.15910521e-04 -9.77938877e-04
-3.42348044e-01 4.16631915e-03 8.31028767e-04 7.76188657e-04 -9.89573368e-04
-3.40872114e-01 4.19894412e-03 8.48149647e-04 7.32501761e-04 -1.00313200e-03
-3.39395342e-01 4.22919934e-03 8.56828491e-04 6.84876248e-04 -1.01775218e-03
-3.37917734e-01 4.25602309e-03 8.57069943e-04 6.33390397e-04 -1.03254853e-03
-3.36439292e-01 4.27837883e-03 8.48956846e-04 5.78178488e-04 -1.04662904e-03
-3.34960021e-01 4.29527583e-03 8.32646852e-04 5.19434412e-04 -1.05911145e-03
-3.33479923e-01 4.30578950e-03 8.08368214e-04 4.57414628e-04 -1.06913963e-03
-3.31999003e-01 4.30908100e-03 7.76414855e-04 3.92440356e-04 -1.07589956e-03
-3.30517264e-01 4.30441584e-03 7.37140830e-04 3.24898910e-04 -1.07863483e-03
-3.29034710e-01 4.29118107e-03 6.90954305e-04 2.55244065e-04 -1.07666109e-03
-3.27551345e-01 4.26890067e-03 6.38311161e-04 1.83995385e-04 -1.06937954e-03
-3.26067172e-01 4.23724899e-03 5.79708347e-04 1.11736429e-04 -1.05628895e-03
-3.24582195e-01 4.19606173e-03 5.15677103e-04 3.91118020e-05 -1.03699607e-03
-3.23096417e-01 4.14534440e-03 4.46776156e-04 -3.31770058e-05 -1.01122438e-03
-3.21609843e-01 4.08527799e-03 3.73584996e-04 -1.04376976e-04 -9.78820786e-04
-3.20122475e-01 4.01622166e-03 2.96697340e-04 -1.73690125e-04 -9.39760318e-04
-3.18634318e-01 3.93871246e-03 2.16714844e-04 -2.40281232e-04 -8.94148683e-04
-3.17145375e-01 3.85346183e-03 1.34241164e-04 -3.03286661e-04 -8.42222589e-04
-3.15655650e-01 3.76134912e-03 4.98764123e-05 -3.61824217e-04 -7.84347864e-04
-3.14165146e-01 3.66341200e-03 -3.57879349e-05 -4.15003899e-04 -7.21015375e-04
-3.12673868e-01 3.56083401e-03 -1.22173643e-04 -4.61939438e-04 -6.52834818e-04
-3.11181819e-01 3.45492926e-03 -2.08719813e-04 -5.01760464e-04 -5.80526456e-04
-3.09689002e-01 3.34712470e-03 -2.94886452e-04 -5.33625116e-04 -5.04910959e-04
-3.08195421e-01 3.23894006e-03 -3.80157515e-04 -5.56732916e-04 -4.26897499e-04
-3.06701080e-01 3.13196584e-03 -4.64043440e-04 -5.70337703e-04 -3.47470290e-04
-3.05205983e-01 3.02783971e-03 -5.46083175e-04 -5.73760392e-04 -2.67673810e-04
-3.03710134e-01 2.92822170e-03 -6.25845747e-04 -5.66401366e-04 -1.88596932e-04
-3.02213535e-01 2.83476853e-03 -7.02931388e-04 -5.47752242e-04 -1.11356238e-04
-3.00716191e-01 2.74910764e-03 -7.76972269e-04 -5.17406807e-04 -3.70787861e-05
-2.99218105e-01 2.67281118e-03 -8.47632881e-04 -4.75070906e-04 3.31153811e-05
-2.97719282e-01 2.60737061e-03 -9.14610103e-04 -4.20571056e-04 9.81306993e-05
-2.96219724e-01 2.55417212e-03 -9.77633016e-04 -3.53861613e-04 1.56913226e-04
-2.94719436e-01 2.51447355e-03 -1.03646249e-03 -2.75030309e-04 2.08467186e-04
-2.93218420e-01 2.48938296e-03 -1.09089061e-03 -1.84302007e-04 2.51870639e-04
-2.91716682e-01 2.47983944e-03 -1.14073996e-03 -8.20405505e-05 2.86290027e-04
-2.90214224e-01 2.48659638e-03 -1.18586280e-03 3.12513730e-05 3.10993349e-04
-2.88711051e-01 2.51020749e-03 -1.22614022e-03 1.54934436e-04 3.25361764e-04
-2.87207166e-01 2.55101595e-03 -1.26148120e-03 2.88236949e-04 3.28899429e-04
-2.85702572e-01 2.60914673e-03 -1.29182172e-03 4.30261207e-04 3.21241425e-04
-2.84197274e-01 2.68450236e-03 -1.31712380e-03 5.79991861e-04 3.02159635e-04
-2.82691274e-01 2.77676207e-03 -1.33737463e-03 7.36306215e-04 2.71566516e-04
-2.81184578e-01 2.88538457e-03 -1.35258566e-03 8.97986341e-04 2.29516678e-04
-2.79677188e-01 3.00961418e-03 -1.36279172e-03 1.06373284e-03 1.76206288e-04
-2.78169109e-01 3.14849031e-03 -1.36805020e-03 1.23218006e-03 1.11970309e-04
-2.76660343e-01 3.30086025e-03 -1.36844018e-03 1.40191257e-03 3.72776337e-05
-2.75150895e-01 3.46539482e-03 -1.36406158e-03 1.57148261e-03 -4.72757926e-05
-2.73640769e-01 3.64060684e-03 -1.35503433e-03 1.73942828e-03 -1.40975724e-04
-2.72129968e-01 3.82487192e-03 -1.34149746e-03 1.90429216e-03 -2.43000092e-04
-2.70618495e-01 4.01645137e-03 -1.32360819e-03 2.06464006e-03 -3.52431025e-04
-2.69106356e-01 4.21351675e-03 -1.30154093e-03 2.21907965e-03 -4.68268185e-04
-2.67593552e-01 4.41417567e-03 -1.27548626e-03 2.36627858e-03 -5.89443218e-04
-2.66080089e-01 4.61649836e-03 -1.24564978e-03 2.50498187e-03 -7.14835042e-04
-2.64565969e-01 4.81854469e-03 -1.21225090e-03 2.63402820e-03 -8.43285746e-04
-2.63051197e-01 5.01839098e-03 -1.17552153e-03 2.75236494e-03 -9.73616814e-04
-2.61535776e-01 5.21415643e-03 -1.13570466e-03 2.85906155e-03 -1.10464542e-03
-2.60019711e-01 5.40402843e-03 -1.09305287e-03 2.95332123e-03 -1.23520052e-03
-2.58503004e-01 5.58628662e-03 -1.04782672e-03 3.03449052e-03 -1.36413852e-03
-2.56985659e-01 5.75932510e-03 -1.00029305e-03 3.10206680e-03 -1.49035822e-03
-2.55467681e-01 5.92167262e-03 -9.50723210e-04 3.15570355e-03 -1.61281481e-03
-2.53949073e-01 6.07201030e-03 -8.99391233e-04 3.19521317e-03 -1.73053283e-03
-2.52429838e-01 6.20918675e-03 -8.46571950e-04 3.22056749e-03 -1.84261767e-03
-2.50909981e-01 6.33223028e-03 -7.92539075e-04 3.23189593e-03 -1.94826572e-03
-2.49389505e-01 6.44035806e-03 -7.37563282e-04 3.22948121e-03 -2.04677280e-03
-2.47868414e-01 6.53298230e-03 -6.81910299e-04 3.21375297e-03 -2.13754089e-03
-2.46346712e-01 6.60971310e-03 -6.25839033e-04 3.18527916e-03 -2.22008315e-03
-2.44824402e-01 6.67035832e-03 -5.69599763e-04 3.14475552e-03 -2.29402697e-03
-2.43301489e-01 6.71492027e-03 -5.13432415e-04 3.09299334e-03 -2.35911528e-03
-2.41777975e-01 6.74358956e-03 -4.57564941e-04 3.03090568e-03 -2.41520596e-03
-2.40253865e-01 6.75673616e-03 -4.02211836e-04 2.95949228e-03 -2.46226958e-03
-2.38729163e-01 6.75489788e-03 -3.47572802e-04 2.87982356e-03 -2.50038531e-03
-2.37203872e-01 6.73876666e-03 -2.93831586e-04 2.79302382e-03 -2.52973541e-03
-2.35677996e-01 6.70917282e-03 -2.41154998e-04 2.70025411e-03 -2.55059814e-03
-2.34151539e-01 6.66706774e-03 -1.89692140e-04 2.60269493e-03 -2.56333948e-03
-2.32624504e-01 6.61350511e-03 -1.39573839e-04 2.50152914e-03 -2.56840367e-03
-2.31096895e-01 6.54962137e-03 -9.09123055e-05 2.39792534e-03 -2.56630289e-03
-2.29568717e-01 6.47661553e-03 -4.38010100e-05 2.29302196e-03 -2.55760616e-03
-2.28039973e-01 6.39572873e-03 1.68520477e-06 2.18791241e-03 -2.54292772e-03
-2.26510666e-01 6.30822405e-03 4.54897933e-05 2.08363140e-03 -2.52291523e-03
-2.24980800e-01 6.21536673e-03 8.75739535e-05 1.98114271e-03 -2.49823769e-03
-2.23450380e-01 6.11840533e-03 1.27915862e-04 1.88132862e-03 -2.46957368e-03
-2.21919408e-01 6.01855388e-03 1.66509705e-04 1.78498095e-03 -2.43759976e-03
-2.20387890e-01 5.91697553e-03 2.03364527e-04 1.69279409e-03 -2.40297953e-03
-2.18855828e-01 5.81476785e-03 2.38502899e-04 1.60535985e-03 -2.36635326e-03
-2.17323226e-01 5.71294983e-03 2.71959443e-04 1.52316429e-03 -2.32832847e-03
-2.15790088e-01 5.61245103e-03 3.03779219e-04 1.44658640e-03 -2.28947143e-03
-2.14256418e-01 5.51410271e-03 3.34016006e-04 1.37589879e-03 -2.25029984e-03
-2.12722219e-01 5.41863119e-03 3.62730494e-04 1.31127008e-03 -2.21127671e-03
-2.11187496e-01 5.32665335e-03 3.89988426e-04 1.25276897e-03 -2.17280546e-03
-2.09652252e-01 5.23867435e-03 4.15858702e-04 1.20036995e-03 -2.13522644e-03
-2.08116491e-01 5.15508746e-03 4.40411490e-04 1.15396031e-03 -2.09881477e-03
-2.06580217e-01 5.07617589e-03 4.63716350e-04 1.11334832e-03 -2.06377952e-03
-2.05043433e-01 5.00211648e-03 4.85840432e-04 1.07827253e-03 -2.03026420e-03
-2.03506144e-01 4.93298523e-03 5.06846749e-04 1.04841169e-03 -1.99834859e-03
-2.01968353e-01 4.86876425e-03 5.26792572e-04 1.02339529e-03 -1.96805169e-03
-2.00430064e-01 4.80935008e-03 5.45727964e-04 1.00281447e-03 -1.93933581e-03
-1.98891280e-01 4.75456314e-03 5.63694496e-04 9.86232895e-04 -1.91211166e-03
-1.97352006e-01 4.70415803e-03 5.80724156e-04 9.73197643e-04 -1.88624430e-03
-1.95812245e-01 4.65783442e-03 5.96838482e-04 9.63249694e-04 -1.86155979e-03
-1.94272002e-01 4.61524836e-03 6.12047946e-04 9.55933919e-04 -1.83785242e-03
-1.92731279e-01 4.57602369e-03 6.26351605e-04 9.50808371e-04 -1.81489239e-03
-1.91190081e-01 4.53976340e-03 6.39737027e-04 9.47452734e-04 -1.79243369e-03
-1.89648411e-01 4.50606057e-03 6.52180527e-04 9.45475795e-04 -1.77022211e-03
-1.88106274e-01 4.47450890e-03 6.63647695e-04 9.44521839e-04 -1.74800307e-03
-1.86563673e-01 4.44471248e-03 6.74094238e-04 9.44275887e-04 -1.72552939e-03
-1.85020611e-01 4.41629467e-03 6.83467137e-04 9.44467727e-04 -1.70256849e-03
-1.83477094e-01 4.38890604e-03 6.91706094e-04 9.44874722e-04 -1.67890915e-03
-1.81933124e-01 4.36223111e-03 6.98745276e-04 9.45323388e-04 -1.65436764e-03
-1.80388705e-01 4.33599402e-03 7.04515331e-04 9.45689791e-04 -1.62879300e-03
-1.78843841e-01 4.30996282e-03 7.08945650e-04 9.45898787e-04 -1.60207148e-03
-1.77298536e-01 4.28395262e-03 7.11966845e-04 9.45922217e-04 -1.57413007e-03
-1.75752795e-01 4.25782736e-03 7.13513413e-04 9.45776124e-04 -1.54493898e-03
-1.74206619e-01 4.23150046e-03 7.13526528e-04 9.45517111e-04 -1.51451306e-03
-1.72660014e-01 4.20493418e-03 7.11956933e-04 9.45237977e-04 -1.48291219e-03
-1.71112983e-01 4.17813792e-03 7.08767869e-04 9.45062746e-04 -1.45024060e-03
-1.69565531e-01 4.15116555e-03 7.03937973e-04 9.45141248e-04 -1.41664510e-03
-1.68017660e-01 4.12411173e-03 6.97464107e-04 9.45643387e-04 -1.38231237e-03
-1.66469374e-01 4.09710756e-03 6.89364034e-04 9.46753239e-04 -1.34746527e-03
-1.64920678e-01 4.07031547e-03 6.79678886e-04 9.48663135e-04 -1.31235830e-03
-1.63371576e-01 4.04392374e-03 6.68475356e-04 9.51567849e-04 -1.27727227e-03
-1.61822070e-01 4.01814052e-03 6.55847548e-04 9.55659023e-04 -1.24250838e-03
-1.60272166e-01 3.99318772e-03 6.41918425e-04 9.61119951e-04 -1.20838169e-03
-1.58721866e-01 3.96929479e-03 6.26840789e-04 9.68120810e-04 -1.17521423e-03
-1.57171175e-01 3.94669260e-03 6.10797758e-04 9.76814434e-04 -1.14332781e-03
-1.55620096e-01 3.92560744e-03 5.94002666e-04 9.87332703e-04 -1.11303680e-03
-1.54068633e-01 3.90625541e-03 5.76698371e-04 9.99783589e-04 -1.08464083e-03
-1.52516790e-01 3.88883721e-03 5.59155936e-04 1.01424891e-03 -1.05841771e-03
-1.50964572e-01 3.87353340e-03 5.41672652e-04 1.03078277e-03 -1.03461673e-03
-1.49411981e-01 3.86050031e-03 5.24569412e-04 1.04941079e-03 -1.01345235e-03
-1.47859021e-01 3.84986661e-03 5.08187441e-04 1.07012993e-03 -9.95098485e-04
-1.46305697e-01 3.84173055e-03 4.92884383e-04 1.09290909e-03 -9.79683549e-04
-1.44752012e-01 3.83615796e-03 4.79029806e-04 1.11769023e-03 -9.67286298e-04
-1.43197970e-01 3.83318104e-03 4.67000148e-04 1.14439016e-03 -9.57932586e-04
-1.41643575e-01 3.83279786e-03 4.57173173e-04 1.17290277e-03 -9.51593117e-04
-1.40088830e-01 3.83497263e-03 4.49922018e-04 1.20310164e-03 -9.48182259e-04
-1.38533740e-01 3.83963670e-03 4.45608902e-04 1.23484311e-03 -9.47557941e-04
-1.36978309e-01 3.84669020e-03 4.44578610e-04 1.26796946e-03 -9.49522677e-04
-1.35422539e-01 3.85600434e-03 4.47151842e-04 1.30231239e-03 -9.53825693e-04
-1.33866436e-01 3.86742425e-03 4.53618565e-04 1.33769644e-03 -9.60166158e-04
-1.32310002e-01 3.88077230e-03 4.64231467e-04 1.37394251e-03 -9.68197458e-04
-1.30753243e-01 3.89585186e-03 4.79199658e-04 1.41087122e-03 -9.77532471e-04
-1.29196160e-01 3.91245137e-03 4.98682733e-04 1.44830612e-03 -9.87749742e-04
-1.27638760e-01 3.93034866e-03 5.22785339e-04 1.48607668e-03 -9.98400473e-04
-1.26081044e-01 3.94931539e-03 5.51552351e-04 1.52402091e-03 -1.00901621e-03
-1.24523017e-01 3.96912164e-03 5.84964800e-04 1.56198770e-03 -1.01911707e-03
-1.22964684e-01 3.98954035e-03 6.22936646e-04 1.59983876e-03 -1.02822045e-03
-1.21406047e-01 4.01035175e-03 6.65312496e-04 1.63745005e-03 -1.03584991e-03
-1.19847110e-01 4.03134757e-03 7.11866374e-04 1.67471291e-03 -1.04154422e-03
-1.18287878e-01 4.05233499e-03 7.62301577e-04 1.71153457e-03 -1.04486637e-03
-1.16728355e-01 4.07314019e-03 8.16251712e-04 1.74783838e-03 -1.04541223e-03
-1.15168543e-01 4.09361162e-03 8.73282910e-04 1.78356344e-03 -1.04281899e-03
-1.13608448e-01 4.11362268e-03 9.32897253e-04 1.81866398e-03 -1.03677283e-03
-1.12048072e-01 4.13307403e-03 9.94537398e-04 1.85310820e-03 -1.02701602e-03
-1.10487420e-01 4.15189523e-03 1.05759236e-03 1.88687689e-03 -1.01335312e-03
-1.08926495e-01 4.17004591e-03 1.12140439e-03 1.91996169e-03 -9.95656096e-04
-1.07365302e-01 4.18751631e-03 1.18527692e-03 1.95236315e-03 -9.73868414e-04
-1.05803844e-01 4.20432726e-03 1.24848341e-03 1.98408855e-03 -9.48007841e-04
-1.04242126e-01 4.22052951e-03 1.31027699e-03 2.01514966e-03 -9.18167970e-04
-1.02680150e-01 4.23620254e-03 1.36990081e-03 2.04556039e-03 -8.84518366e-04
-1.01117920e-01 4.25145278e-03 1.42659887e-03 2.07533446e-03 -8.47303317e-04
-9.95554419e-02 4.26641135e-03 1.47962722e-03 2.10448318e-03 -8.06839171e-04
-9.79927178e-02 4.28123120e-03 1.52826528e-03 2.13301323e-03 -7.63510278e-04
-9.64297521e-02 4.29608397e-03 1.57182718e-03 2.16092479e-03 -7.17763575e-04
-9.48665486e-02 4.31115638e-03 1.60967280e-03 2.18820977e-03 -6.70101888e-04
-9.33031111e-02 4.32664626e-03 1.64121845e-03 2.21485042e-03 -6.21076033e-04
-9.17394435e-02 4.34275847e-03 1.66594689e-03 2.24081823e-03 -5.71275842e-04
-9.01755497e-02 4.35970048e-03 1.68341651e-03 2.26607318e-03 -5.21320248e-04
-8.86114334e-02 4.37767805e-03 1.69326958e-03 2.29056347e-03 -4.71846589e-04
-8.70470987e-02 4.39689067e-03 1.69523923e-03 2.31422558e-03 -4.23499318e-04
-8.54825493e-02 4.41752730e-03 1.68915526e-03 2.33698480e-03 -3.76918291e-04
-8.39177890e-02 4.43976212e-03 1.67494835e-03 2.35875629e-03 -3.32726865e-04
-8.23528218e-02 4.46375053e-03 1.65265280e-03 2.37944641e-03 -2.91520005e-04
-8.07876515e-02 4.48962557e-03 1.62240762e-03 2.39895464e-03 -2.53852621e-04
-7.92222820e-02 4.51749459e-03 1.58445592e-03 2.41717583e-03 -2.20228362e-04
-7.76567171e-02 4.54743652e-03 1.53914257e-03 2.43400288e-03 -1.91089079e-04
-7.60909607e-02 4.57949960e-03 1.48691014e-03 2.44932971e-03 -1.66805171e-04
-7.45250166e-02 4.61369967e-03 1.42829320e-03 2.46305461e-03 -1.47667021e-04
-7.29588887e-02 4.65001922e-03 1.36391094e-03 2.47508381e-03 -1.33877698e-04
-7.13925810e-02 4.68840693e-03 1.29445831e-03 2.48533523e-03 -1.25547093e-04
-6.98260971e-02 4.72877811e-03 1.22069581e-03 2.49374241e-03 -1.22687648e-04
-6.82594410e-02 4.77101565e-03 1.14343791e-03 2.50025848e-03 -1.25211782e-04
-6.66926166e-02 4.81497183e-03 1.06354053e-03 2.50486013e-03 -1.32931118e-04
-6.51256278e-02 4.86047075e-03 9.81887587e-04 2.50755152e-03 -1.45557565e-04
-6.35584783e-02 4.90731143e-03 8.99376929e-04 2.50836797e-03 -1.62706292e-04
-6.19911720e-02 4.95527155e-03 8.16905809e-04 2.50737947e-03 -1.83900586e-04
-6.04237129e-02 5.00411178e-03 7.35356231e-04 2.50469386e-03 -2.08578563e-04
-5.88561048e-02 5.05358050e-03 6.55580348e-04 2.50045954e-03 -2.36101646e-04
-5.72883515e-02 5.10341911e-03 5.78386208e-04 2.49486781e-03 -2.65764729e-04
-5.57204570e-02 5.15336750e-03 5.04524074e-04 2.48815452e-03 -2.96807860e-04
-5.41524250e-02 5.20316980e-03 4.34673582e-04 2.48060123e-03 -3.28429301e-04
-5.25842595e-02 5.25258029e-03 3.69431958e-04 2.47253555e-03 -3.59799744e-04
-5.10159643e-02 5.30136922e-03 3.09303520e-04 2.46433085e-03 -3.90077485e-04
-4.94475433e-02 5.34932855e-03 2.54690660e-04 2.45640508e-03 -4.18424287e-04
-4.78790003e-02 5.39627739e-03 2.05886491e-04 2.44921882e-03 -4.44021689e-04
-4.63103392e-02 5.44206714e-03 1.63069297e-04 2.44327242e-03 -4.66087465e-04
-4.47415640e-02 5.48658603e-03 1.26298912e-04 2.43910233e-03 -4.83891967e-04
-4.31726784e-02 5.52976314e-03 9.55151249e-05 2.43727651e-03 -4.96774045e-04
-4.16036863e-02 5.57157165e-03 7.05381521e-05 2.43838896e-03 -5.04156264e-04
-4.00345917e-02 5.61203125e-03 5.10712037e-05 2.44305351e-03 -5.05559121e-04
-3.84653983e-02 5.65120974e-03 3.67051318e-05 2.45189671e-03 -5.00614012e-04
-3.68961100e-02 5.68922353e-03 2.69251041e-05 2.46555007e-03 -4.89074661e-04
-3.53267308e-02 5.72623725e-03 2.11192190e-05 2.48464161e-03 -4.70826800e-04
-3.37572644e-02 5.76246218e-03 1.85889417e-05 2.50978685e-03 -4.45895871e-04
-3.21877148e-02 5.79815373e-03 1.85612087e-05 2.54157935e-03 -4.14452582e-04
-3.06180858e-02 5.83360778e-03 2.02020192e-05 2.58058088e-03 -3.76816145e-04
-2.90483813e-02 5.86915598e-03 2.26313026e-05 2.62731137e-03 -3.33455109e-04
-2.74786051e-02 5.90516015e-03 2.49388310e-05 2.68223886e-03 -2.84985696e-04
-2.59087612e-02 5.94200569e-03 2.62009223e-05 2.74576938e-03 -2.32167601e-04
-2.43388534e-02 5.98009422e-03 2.54976664e-05 2.81823722e-03 -1.75897278e-04
-2.27688855e-02 6.01983552e-03 2.19303933e-05 2.89989547e-03 -1.17198754e-04
-2.11988616e-02 6.06163887e-03 1.46390972e-05 2.99090716e-03 -5.72120518e-05
-1.96287853e-02 6.10590399e-03 2.81952553e-06 3.09133715e-03 2.82063066e-06
-1.80586606e-02 6.15301177e-03 -1.42603516e-05 3.20114486e-03 6.15708208e-05
-1.64884914e-02 6.20331479e-03 -3.72447732e-05 3.32017802e-03 1.17641546e-04
-1.49182815e-02 6.25712808e-03 -6.66757871e-05 3.44816769e-03 1.69586735e-04
-1.33480349e-02 6.31472002e-03 -1.02980269e-04 3.58472452e-03 2.15931977e-04
-1.17777553e-02 6.37630382e-03 -1.46458593e-04 3.72933648e-03 2.55196336e-04
-1.02074466e-02 6.44202955e-03 -1.97275160e-04 3.88136817e-03 2.85914902e-04
-8.63711283e-03 6.51197703e-03 -2.55450962e-04 4.04006169e-03 3.06661742e-04
-7.06675773e-03 6.58614972e-03 -3.20858335e-04 4.20453933e-03 3.16072900e-04
-5.49638519e-03 6.66446972e-03 -3.93218011e-04 4.37380790e-03 3.12869092e-04
-3.92599911e-03 6.74677403e-03 -4.72098551e-04 4.54676485e-03 2.95877740e-04
-2.35560334e-03 6.83281222e-03 -5.56918212e-04 4.72220615e-03 2.64053997e-04
-7.85201758e-04 6.92224556e-03 -6.46949234e-04 4.89883591e-03 2.16500426e-04
7.85201758e-04 7.01464768e-03 -7.41324537e-04 5.07527757e-03 1.52485003e-04
2.35560334e-03 7.10950687e-03 -8.39046746e-04 5.25008671e-03 7.14571615e-05
3.92599911e-03 7.20622986e-03 -9.38999443e-04 5.42176526e-03 -2.69384193e-05
5.49638519e-03 7.30414727e-03 -1.03996051e-03 5.58877702e-03 -1.42850498e-04
7.06675773e-03 7.40252054e-03 -1.14061737e-03 5.74956423e-03 -2.76212655e-04
8.63711283e-03 7.50055032e-03 -1.23958395e-03 5.90256518e-03 -4.26737525e-04
1.02074466e-02 7.59738613e-03 -1.33541910e-03 6.04623238e-03 -5.93914026e-04
1.17777553e-02 7.69213735e-03 -1.42664629e-03 6.17905131e-03 -7.77007644e-04
1.33480349e-02 7.78388511e-03 -1.51177410e-03 6.29955930e-03 -9.75063830e-04
1.49182815e-02 7.87169517e-03 -1.58931756e-03 6.40636447e-03 -1.18691448e-03
1.64884914e-02 7.95463135e-03 -1.65781965e-03 6.49816428e-03 -1.41118749e-03
1.80586606e-02 8.03176947e-03 -1.71587291e-03 6.57376356e-03 -1.64631917e-03
1.96287853e-02 8.10221150e-03 -1.76214074e-03 6.63209168e-03 -1.89056956e-03
2.11988616e-02 8.16509968e-03 -1.79537809e-03 6.67221860e-03 -2.14204030e-03
2.27688855e-02 8.21963034e-03 -1.81445121e-03 6.69336961e-03 -2.39869485e-03
2.43388534e-02 8.26506729e-03 -1.81835620e-03 6.69493846e-03 -2.65838087e-03
2.59087612e-02 8.30075440e-03 -1.80623602e-03 6.67649863e-03 -2.91885446e-03
2.74786051e-02 8.32612726e-03 -1.77739577e-03 6.63781267e-03 -3.17780584e-03
2.90483813e-02 8.34072369e-03 -1.73131594e-03 6.57883928e-03 -3.43288624e-03
3.06180858e-02 8.34419276e-03 -1.66766341e-03 6.49973812e-03 -3.68173554e-03
3.21877148e-02 8.33630247e-03 -1.58630005e-03 6.40087219e-03 -3.92201040e-03
3.37572644e-02 8.31694555e-03 -1.48728877e-03 6.28280761e-03 -4.15141238e-03
3.53267308e-02 8.28614356e-03 -1.37089690e-03 6.14631097e-03 -4.36771574e-03
3.68961100e-02 8.24404912e-03 -1.23759677e-03 5.99234401e-03 -4.56879450e-03
3.84653983e-02 8.19094609e-03 -1.08806353e-03 5.82205585e-03 -4.75264847e-03
4.00345917e-02 8.12724790e-03 -9.23170217e-04 5.63677276e-03 -4.91742775e-03
4.16036863e-02 8.05349385e-03 -7.43979989e-04 5.43798551e-03 -5.06145553e-03
4.31726784e-02 7.97034349e-03 -5.51735767e-04 5.22733464e-03 -5.18324874e-03
4.47415640e-02 7.87856923e-03 -3.47847306e-04 5.00659364e-03 -5.28153641e-03
4.63103392e-02 7.77904718e-03 -1.33875883e-04 4.77765028e-03 -5.35527532e-03
4.78790003e-02 7.67274643e-03 8.84831997e-05 4.54248647e-03 -5.40366296e-03
4.94475433e-02 7.56071687e-03 3.17420078e-04 4.30315675e-03 -5.42614736e-03
5.10159643e-02 7.44407589e-03 5.51031492e-04 4.06176573e-03 -5.42243390e-03
5.25842595e-02 7.32399395e-03 7.87343371e-04 3.82044486e-03 -5.39248889e-03
5.41524250e-02 7.20167949e-03 1.02433454e-03 3.58132876e-03 -5.33653991e-03
5.57204570e-02 7.07836320e-03 1.25996123e-03 3.34653148e-03 -5.25507290e-03
5.72883515e-02 6.95528207e-03 1.49218200e-03 3.11812291e-03 -5.14882609e-03
5.88561048e-02 6.83366341e-03 1.71898283e-03 2.89810586e-03 -5.01878084e-03
6.04237129e-02 6.71470906e-03 1.93840192e-03 2.68839390e-03 -4.86614948e-03
6.19911720e-02 6.59958012e-03 2.14855397e-03 2.49079040e-03 -4.69236042e-03
6.35584783e-02 6.48938234e-03 2.34765345e-03 2.30696898e-03 -4.49904068e-03
6.51256278e-02 6.38515250e-03 2.53403666e-03 2.13845569e-03 -4.28799604e-03
6.66926166e-02 6.28784593e-03 2.70618225e-03 1.98661309e-03 -4.06118927e-03
6.82594410e-02 6.19832532e-03 2.86272983e-03 1.85262648e-03 -3.82071644e-03
6.98260971e-02 6.11735108e-03 3.00249647e-03 1.73749242e-03 -3.56878197e-03
7.13925810e-02 6.04557330e-03 3.12449088e-03 1.64200973e-03 -3.30767250e-03
7.29588887e-02 5.98352547e-03 3.22792497e-03 1.56677299e-03 -3.03973005e-03
7.45250166e-02 5.93161998e-03 3.31222276e-03 1.51216868e-03 -2.76732481e-03
7.60909607e-02 5.89014551e-03 3.37702637e-03 1.47837395e-03 -2.49282792e-03
7.76567171e-02 5.85926628e-03 3.42219912e-03 1.46535803e-03 -2.21858459e-03
7.92222820e-02 5.83902317e-03 3.44782567e-03 1.47288619e-03 -1.94688789e-03
8.07876515e-02 5.82933659e-03 3.45420917e-03 1.50052621e-03 -1.67995360e-03
8.23528218e-02 5.83001113e-03 3.44186546e-03 1.54765720e-03 -1.41989636e-03
8.39177890e-02 5.84074180e-03 3.41151452e-03 1.61348064e-03 -1.16870747e-03
8.54825493e-02 5.86112179e-03 3.36406914e-03 1.69703349e-03 -9.28234601e-04
8.70470987e-02 5.89065148e-03 3.30062109e-03 1.79720304e-03 -7.00163650e-04
8.86114334e-02 5.92874873e-03 3.22242500e-03 1.91274346e-03 -4.86002919e-04
9.01755497e-02 5.97476004e-03 3.13088013e-03 2.04229359e-03 -2.87069838e-04
9.17394435e-02 6.02797252e-03 3.02751033e-03 2.18439589e-03 -1.04480328e-04
9.33031111e-02 6.08762642e-03 2.91394252e-03 2.33751609e-03 6.08590832e-05
9.48665486e-02 6.15292804e-03 2.79188400e-03 2.50006348e-03 2.08256332e-04
9.64297521e-02 6.22306268e-03 2.66309887e-03 2.67041134e-03 3.37236079e-04
9.79927178e-02 6.29720757e-03 2.52938402e-03 2.84691735e-03 4.47539158e-04
9.95554419e-02 6.37454454e-03 2.39254488e-03 3.02794366e-03 5.39119291e-04
1.01117920e-01 6.45427212e-03 2.25437151e-03 3.21187643e-03 6.12137157e-04
1.02680150e-01 6.53561705e-03 2.11661519e-03 3.39714442e-03 6.66951960e-04
1.04242126e-01 6.61784486e-03 1.98096585e-03 3.58223661e-03 7.04110647e-04
1.05803844e-01 6.70026957e-03 1.84903086e-03 3.76571847e-03 7.24334986e-04
1.07365302e-01 6.78226217e-03 1.72231525e-03 3.94624679e-03 7.28506715e-04
1.08926495e-01 6.86325792e-03 1.60220376e-03 4.12258279e-03 7.17651024e-04
1.10487420e-01 6.94276231e-03 1.48994491e-03 4.29360359e-03 6.92918614e-04
1.12048072e-01 7.02035571e-03 1.38663741e-03 4.45831162e-03 6.55566630e-04
1.13608448e-01 7.09569649e-03 1.29321885e-03 4.61584220e-03 6.06938754e-04
1.15168543e-01 7.16852280e-03 1.21045715e-03 4.76546901e-03 5.48444748e-04
1.16728355e-01 7.23865294e-03 1.13894445e-03 4.90660760e-03 4.81539758e-04
1.18287878e-01 7.30598429e-03 1.07909392e-03 5.03881676e-03 4.07703660e-04
1.19847110e-01 7.37049098e-03 1.03113907e-03 5.16179802e-03 3.28420751e-04
1.21406047e-01 7.43222026e-03 9.95135894e-04 5.27539316e-03 2.45160051e-04
1.22964684e-01 7.49128781e-03 9.70967548e-04 5.37957985e-03 1.59356487e-04
1.24523017e-01 7.54787190e-03 9.58351468e-04 5.47446564e-03 7.23931900e-05
1.26081044e-01 7.60220670e-03 9.56848848e-04 5.56028034e-03 -1.44148590e-05
1.27638760e-01 7.65457490e-03 9.65876229e-04 5.63736691e-03 -9.98356539e-05
1.29196160e-01 7.70529955e-03 9.84718973e-04 5.70617121e-03 -1.82733281e-04
1.30753243e-01 7.75473559e-03 1.01254640e-03 5.76723052e-03 -2.62079198e-04
1.32310002e-01 7.80326096e-03 1.04842827e-03 5.82116133e-03 -3.36961563e-04
1.33866436e-01 7.85126768e-03 1.09135238e-03 5.86864634e-03 -4.06592550e-04
1.35422539e-01 7.89915283e-03 1.14024295e-03 5.91042102e-03 -4.70313593e-04
1.36978309e-01 7.94730983e-03 1.19397936e-03 5.94725994e-03 -5.27598568e-04
1.38533740e-01 7.99611991e-03 1.25141521e-03 5.97996299e-03 -5.78054925e-04
1.40088830e-01 8.04594417e-03 1.31139708e-03 6.00934179e-03 -6.21422837e-04
1.41643575e-01 8.09711612e-03 1.37278294e-03 6.03620637e-03 -6.57572430e-04
1.43197970e-01 8.14993503e-03 1.43445967e-03 6.06135249e-03 -6.86499235e-04
1.44752012e-01 8.20466004e-03 1.49535975e-03 6.08554953e-03 -7.08317970e-04
1.46305697e-01 8.26150513e-03 1.55447651e-03 6.10952931e-03 -7.23254832e-04
1.47859021e-01 8.32063517e-03 1.61087804e-03 6.13397591e-03 -7.31638465e-04
1.49411981e-01 8.38216289e-03 1.66371933e-03 6.15951659e-03 -7.33889799e-04
1.50964572e-01 8.44614697e-03 1.71225263e-03 6.18671394e-03 -7.30510973e-04
1.52516790e-01 8.51259114e-03 1.75583589e-03 6.21605936e-03 -7.22073538e-04
1.54068633e-01 8.58144443e-03 1.79393909e-03 6.24796789e-03 -7.09206171e-04
1.55620096e-01 8.65260238e-03 1.82614855e-03 6.28277451e-03 -6.92582113e-04
1.57171175e-01 8.72590934e-03 1.85216915e-03 6.32073180e-03 -6.72906539e-04
1.58721866e-01 8.80116165e-03 1.87182444e-03 6.36200914e-03 -6.50904073e-04
1.60272166e-01 8.87811174e-03 1.88505478e-03 6.40669321e-03 -6.27306635e-04
1.61822070e-01 8.95647307e-03 1.89191357e-03 6.45478991e-03 -6.02841815e-04
1.63371576e-01 9.03592564e-03 1.89256169e-03 6.50622763e-03 -5.78221920e-04
1.64920678e-01 9.11612221e-03 1.88726027e-03 6.56086164e-03 -5.54133859e-04
1.66469374e-01 9.19669495e-03 1.87636210e-03 6.61847964e-03 -5.31229982e-04
1.68017660e-01 9.27726240e-03 1.86030168e-03 6.67880834e-03 -5.10119973e-04
1.69565531e-01 9.35743668e-03 1.83958429e-03 6.74152086e-03 -4.91363883e-04
1.71112983e-01 9.43683078e-03 1.81477425e-03 6.80624488e-03 -4.75466354e-04
1.72660014e-01 9.51506574e-03 1.78648256e-03 6.87257137e-03 -4.62872063e-04
1.74206619e-01 9.59177772e-03 1.75535426e-03 6.94006370e-03 -4.53962402e-04
1.75752795e-01 9.66662468e-03 1.72205563e-03 7.00826706e-03 -4.49053359e-04
1.77298536e-01 9.73929266e-03 1.68726154e-03 7.07671791e-03 -4.48394583e-04
1.78843841e-01 9.80950151e-03 1.65164320e-03 7.14495343e-03 -4.52169559e-04
1.80388705e-01 9.87700992e-03 1.61585637e-03 7.21252065e-03 -4.60496820e-04
1.81933124e-01 9.94161973e-03 1.58053041e-03 7.27898528e-03 -4.73432112e-04
1.83477094e-01 1.00031794e-02 1.54625820e-03 7.34393991e-03 -4.90971385e-04
1.85020611e-01 1.00615868e-02 1.51358717e-03 7.40701166e-03 -5.13054523e-04
1.86563673e-01 1.01167903e-02 1.48301145e-03 7.46786893e-03 -5.39569663e-04
1.88106274e-01 1.01687901e-02 1.45496541e-03 7.52622730e-03 -5.70357989e-04
1.89648411e-01 1.02176377e-02 1.42981845e-03 7.58185448e-03 -6.05218866e-04
1.91190081e-01 1.02634343e-02 1.40787130e-03 7.63457412e-03 -6.43915192e-04
1.92731279e-01 1.03063290e-02 1.38935362e-03 7.68426856e-03 -6.86178832e-04
1.94272002e-01 1.03465158e-02 1.37442308e-03 7.73088040e-03 -7.31716034e-04
1.95812245e-01 1.03842289e-02 1.36316579e-03 7.77441299e-03 -7.80212700e-04
1.97352006e-01 1.04197386e-02 1.35559798e-03 7.81492960e-03 -8.31339435e-04
1.98891280e-01 1.04533460e-02 1.35166894e-03 7.85255166e-03 -8.84756278e-04
2.00430064e-01 1.04853761e-02 1.35126505e-03 7.88745577e-03 -9.40117051e-04
2.01968353e-01 1.05161726e-02 1.35421475e-03 7.91986979e-03 -9.97073267e-04
2.03506144e-01 1.05460899e-02 1.36029443e-03 7.95006795e-03 -1.05527758e-03
2.05043433e-01 1.05754871e-02 1.36923496e-03 7.97836515e-03 -1.11438673e-03
2.06580217e-01 1.06047201e-02 1.38072877e-03 8.00511060e-03 -1.17406398e-03
2.08116491e-01 1.06341352e-02 1.39443733e-03 8.03068079e-03 -1.23398112e-03
2.09652252e-01 1.06640624e-02 1.40999883e-03 8.05547208e-03 -1.29381993e-03
2.11187496e-01 1.06948082e-02 1.42703598e-03 8.07989296e-03 -1.35327329e-03
2.12722219e-01 1.07266508e-02 1.44516363e-03 8.10435622e-03 -1.41204586e-03
2.14256418e-01 1.07598336e-02 1.46399626e-03 8.12927103e-03 -1.46985453e-03
2.15790088e-01 1.07945617e-02 1.48315506e-03 8.15503527e-03 -1.52642851e-03
2.17323226e-01 1.08309971e-02 1.50227455e-03 8.18202808e-03 -1.58150935e-03
2.18855828e-01 1.08692568e-02 1.52100863e-03 8.21060295e-03 -1.63485077e-03
2.20387890e-01 1.09094100e-02 1.53903596e-03 8.24108127e-03 -1.68621851e-03
2.21919408e-01 1.09514776e-02 1.55606464e-03 8.27374669e-03 -1.73539024e-03
2.23450380e-01 1.09954327e-02 1.57183605e-03 8.30884021e-03 -1.78215547e-03
2.24980800e-01 1.10412010e-02 1.58612799e-03 8.34655616e-03 -1.82631579e-03
2.26510666e-01 1.10886636e-02 1.59875696e-03 8.38703919e-03 -1.86768514e-03
2.28039973e-01 1.11376603e-02 1.60957960e-03 8.43038221e-03 -1.90609047e-03
2.29568717e-01 1.11879933e-02 1.61849343e-03 8.47662545e-03 -1.94137262e-03
2.31096895e-01 1.12394328e-02 1.62543685e-03 8.52575648e-03 -1.97338745e-03
2.32624504e-01 1.12917225e-02 1.63038841e-03 8.57771133e-03 -2.00200739e-03
2.34151539e-01 1.13445860e-02 1.63336554e-03 8.63237664e-03 -2.02712305e-03
2.35677996e-01 1.13977345e-02 1.63442275e-03 8.68959268e-03 -2.04864529e-03
2.37203872e-01 1.14508733e-02 1.63364933e-03 8.74915735e-03 -2.06650733e-03
2.38729163e-01 1.15037102e-02 1.63116678e-03 8.81083088e-03 -2.08066704e-03
2.40253865e-01 1.15559627e-02 1.62712594e-03 8.87434127e-03 -2.09110933e-03
2.41777975e-01 1.16073661e-02 1.62170397e-03 8.93939029e-03 -2.09784849e-03
2.43301489e-01 1.16576805e-02 1.61510125e-03 9.00565985e-03 -2.10093040e-03
2.44824402e-01 1.17066980e-02 1.60753831e-03 9.07281875e-03 -2.10043464e-03
2.46346712e-01 1.17542490e-02 1.59925279e-03 9.14052946e-03 -2.09647618e-03
2.47868414e-01 1.18002077e-02 1.59049664e-03 9.20845497e-03 -2.08920678e-03
2.49389505e-01 1.18444971e-02 1.58153345e-03 9.27626546e-03 -2.07881584e-03
2.50909981e-01 1.18870927e-02 1.57263605e-03 9.34364467e-03 -2.06553075e-03
2.52429838e-01 1.19280249e-02 1.56408440e-03 9.41029577e-03 -2.04961645e-03
2.53949073e-01 1.19673807e-02 1.55616377e-03 9.47594676e-03 -2.03137441e-03
2.55467681e-01 1.20053040e-02 1.54916316e-03 9.54035512e-03 -2.01114071e-03
2.56985659e-01 1.20419940e-02 1.54337409e-03 9.60331166e-03 -1.98928336e-03
2.58503004e-01 1.20777033e-02 1.53908954e-03 9.66464360e-03 -1.96619868e-03
2.60019711e-01 1.21127342e-02 1.53660311e-03 9.72421663e-03 -1.94230693e-03
2.61535776e-01 1.21474333e-02 1.53620842e-03 9.78193606e-03 -1.91804701e-03
2.63051197e-01 1.21821858e-02 1.53819847e-03 9.83774697e-03 -1.89387038e-03
2.64565969e-01 1.22174081e-02 1.54286509e-03 9.89163343e-03 -1.87023426e-03
2.66080089e-01 1.22535397e-02 1.55049836e-03 9.94361672e-03 -1.84759409e-03
2.67593552e-01 1.22910341e-02 1.56138583e-03 9.99375270e-03 -1.82639553e-03
2.69106356e-01 1.23303494e-02 1.57581158e-03 1.00421284e-02 -1.80706594e-03
2.70618495e-01 1.23719377e-02 1.59405500e-03 1.00888577e-02 -1.79000559e-03
2.72129968e-01 1.24162354e-02 1.61638923e-03 1.01340767e-02 -1.77557875e-03
2.73640769e-01 1.24636522e-02 1.64307913e-03 1.01779386e-02 -1.76410480e-03
2.75150895e-01 1.25145610e-02 1.67437888e-03 1.02206075e-02 -1.75584954e-03
2.76660343e-01 1.25692880e-02 1.71052907e-03 1.02622533e-02 -1.75101693e-03
2.78169109e-01 1.26281033e-02 1.75175326e-03 1.03030455e-02 -1.74974144e-03
2.79677188e-01 1.26912125e-02 1.79825402e-03 1.03431474e-02 -1.75208113e-03
2.81184578e-01 1.27587491e-02 1.85020858e-03 1.03827107e-02 -1.75801181e-03
2.82691274e-01 1.28307682e-02 1.90776388e-03 1.04218708e-02 -1.76742227e-03
2.84197274e-01 1.29072414e-02 1.97103134e-03 1.04607420e-02 -1.78011086e-03
2.85702572e-01 1.29880536e-02 2.04008126e-03 1.04994136e-02 -1.79578358e-03
2.87207166e-01 1.30730011e-02 2.11493698e-03 1.05379475e-02 -1.81405370e-03
2.88711051e-01 1.31617913e-02 2.19556898e-03 1.05763756e-02 -1.83444317e-03
2.90214224e-01 1.32540444e-02 2.28188893e-03 1.06146992e-02 -1.85638570e-03
2.91716682e-01 1.33492972e-02 2.37374393e-03 1.06528886e-02 -1.87923173e-03
2.93218420e-01 1.34470077e-02 2.47091108e-03 1.06908845e-02 -1.90225523e-03
2.94719436e-01 1.35465629e-02 2.57309247e-03 1.07285999e-02 -1.92466225e-03
2.96219724e-01 1.36472867e-02 2.67991088e-03 1.07659234e-02 -1.94560121e-03
2.97719282e-01 1.37484504e-02 2.79090619e-03 1.08027230e-02 -1.96417493e-03
2.99218105e-01 1.38492844e-02 2.90553289e-03 1.08388518e-02 -1.97945399e-03
3.00716191e-01 1.39489910e-02 3.02315858e-03 1.08741530e-02 -1.99049162e-03
3.02213535e-01 1.40467577e-02 3.14306384e-03 1.09084672e-02 -1.99633955e-03
3.03710134e-01 1.41417725e-02 3.26444348e-03 1.09416391e-02 -1.99606489e-03
3.05205983e-01 1.42332384e-02 3.38640925e-03 1.09735248e-02 -1.98876758e-03
3.06701080e-01 1.43203892e-02 3.50799422e-03 1.10039997e-02 -1.97359822e-03
3.08195421e-01 1.44025042e-02 3.62815880e-03 1.10329661e-02 -1.94977592e-03
3.09689002e-01 1.44789238e-02 3.74579838e-03 1.10603603e-02 -1.91660596e-03
3.11181819e-01 1.45490634e-02 3.85975275e-03 1.10861601e-02 -1.87349680e-03
3.12673868e-01 1.46124269e-02 3.96881708e-03 1.11103909e-02 -1.81997618e-03
3.14165146e-01 1.46686189e-02 4.07175452e-03 1.11331314e-02 -1.75570602e-03
3.15655650e-01 1.47173556e-02 4.16731024e-03 1.11545189e-02 -1.68049574e-03
3.17145375e-01 1.47584739e-02 4.25422680e-03 1.11747522e-02 -1.59431371e-03
3.18634318e-01 1.47919385e-02 4.33126061e-03 1.11940944e-02 -1.49729667e-03
3.20122475e-01 1.48178470e-02 4.39719939e-03 1.12128741e-02 -1.38975665e-03
3.21609843e-01 1.48364327e-02 4.45088020e-03 1.12314847e-02 -1.27218540e-03
3.23096417e-01 1.48480655e-02 4.49120798e-03 1.12503826e-02 -1.14525602e-03
3.24582195e-01 1.48532495e-02 4.51717411e-03 1.12700839e-02 -1.00982172e-03
3.26067172e-01 1.48526194e-02 4.52787484e-03 1.12911593e-02 -8.66911588e-04
3.27551345e-01 1.48469329e-02 4.52252915e-03 1.13142275e-02 -7.17723322e-04
3.29034710e-01 1.48370624e-02 4.50049576e-03 1.13399475e-02 -5.63613025e-04
3.30517264e-01 1.48239833e-02 4.46128896e-03 1.13690094e-02 -4.06082017e-04
3.31999003e-01 1.48087604e-02 4.40459289e-03 1.14021235e-02 -2.46760860e-04
3.33479923e-01 1.47925332e-02 4.33027407e-03 1.14400093e-02 -8.73907535e-05
3.34960021e-01 1.47764984e-02 4.23839164e-03 1.14833827e-02 7.01974822e-05
3.36439292e-01 1.47618917e-02 4.12920540e-03 1.15329434e-02 2.24106552e-04
3.37917734e-01 1.47499684e-02 4.00318106e-03 1.15893612e-02 3.72397648e-04
3.39395342e-01 1.47419830e-02 3.86099270e-03 1.16532623e-02 5.13116876e-04
3.40872114e-01 1.47391686e-02 3.70352225e-03 1.17252163e-02 6.44322739e-04
3.42348044e-01 1.47427164e-02 3.53185584e-03 1.18057223e-02 7.64114272e-04
3.43823131e-01 1.47537547e-02 3.34727696e-03 1.18951971e-02 8.70659390e-04
3.45297369e-01 1.47733297e-02 3.15125649e-03 1.19939632e-02 9.62222971e-04
3.46770756e-01 1.48023863e-02 2.94543956e-03 1.21022382e-02 1.03719425e-03
3.48243288e-01 1.48417510e-02 2.73162940e-03 1.22201260e-02 1.09411301e-03
3.49714961e-01 1.48921161e-02 2.51176833e-03 1.23476088e-02 1.13169422e-03
3.51185772e-01 1.49540262e-02 2.28791611e-03 1.24845418e-02 1.14885055e-03
3.52655716e-01 1.50278665e-02 2.06222593e-03 1.26306492e-02 1.14471244e-03
3.54124791e-01 1.51138545e-02 1.83691832e-03 1.27855225e-02 1.11864545e-03
3.55592992e-01 1.52120335e-02 1.61425336e-03 1.29486210e-02 1.07026429e-03
3.57060317e-01 1.53222695e-02 1.39650171e-03 1.31192744e-02 9.99443531e-04
3.58526760e-01 1.54442512e-02 1.18591463e-03 1.32966883e-02 9.06324621e-04
3.59992320e-01 1.55774927e-02 9.84693779e-04 1.34799510e-02 7.91319029e-04
3.61456992e-01 1.57213392e-02 7.94960993e-04 1.36680431e-02 6.55107467e-04
3.62920772e-01 1.58749765e-02 6.18728715e-04 1.38598495e-02 4.98635098e-04
3.64383658e-01 1.60374421e-02 4.57871478e-04 1.40541724e-02 3.23102770e-04
3.65845645e-01 1.62076401e-02 3.14098955e-04 1.42497472e-02 1.29954352e-04
3.67306729e-01 1.63843584e-02 1.88931031e-04 1.44452595e-02 -7.91396759e-05
3.68766908e-01 1.65662875e-02 8.36753380e-05 1.46393631e-02 -3.02302158e-04
3.70226177e-01 1.67520422e-02 -5.92337458e-07 1.48306997e-02 -5.37472456e-04
3.71684534e-01 1.69401845e-02 -6.30444238e-05 1.50179191e-02 -7.82432562e-04
3.73141973e-01 1.71292476e-02 -1.03114387e-04 1.51996999e-02 -1.03483576e-03
3.74598493e-01 1.73177608e-02 -1.20505755e-04 1.53747704e-02 -1.29223737e-03
3.76054088e-01 1.75042756e-02 -1.15197158e-04 1.55419294e-02 -1.55212719e-03
3.77508756e-01 1.76873903e-02 -8.74432329e-05 1.57000662e-02 -1.81196304e-03
3.78962493e-01 1.78657759e-02 -3.77713617e-05 1.58481798e-02 -2.06920498e-03
3.80415296e-01 1.80381996e-02 3.30257670e-05 1.59853976e-02 -2.32134957e-03
3.81867160e-01 1.82035484e-02 1.23901681e-04 1.61109914e-02 -2.56596380e-03
3.83318083e-01 1.83608497e-02 2.33571576e-04 1.62243927e-02 -2.80071796e-03
3.84768060e-01 1.85092909e-02 3.60531486e-04 1.63252050e-02 -3.02341708e-03
3.86217089e-01 1.86482356e-02 5.03080859e-04 1.64132147e-02 -3.23203042e-03
3.87665165e-01 1.87772383e-02 6.59348225e-04 1.64883991e-02 -3.42471851e-03
3.89112285e-01 1.88960544e-02 8.27319515e-04 1.65509309e-02 -3.59985734e-03
3.90558445e-01 1.90046485e-02 1.00486861e-03 1.66011816e-02 -3.75605936e-03
3.92003642e-01 1.91031983e-02 1.18978959e-03 1.66397199e-02 -3.89219088e-03
3.93447872e-01 1.91920955e-02 1.37983026e-03 1.66673092e-02 -4.00738571e-03
3.94891132e-01 1.92719423e-02 1.57272618e-03 1.66849002e-02 -4.10105479e-03
3.96333418e-01 1.93435453e-02 1.76623496e-03 1.66936221e-02 -4.17289162e-03
3.97774727e-01 1.94079050e-02 1.95817000e-03 1.66947698e-02 -4.22287351e-03
3.99215055e-01 1.94662022e-02 2.14643315e-03 1.66897892e-02 -4.25125863e-03
4.00654398e-01 1.95197812e-02 2.32904595e-03 1.66802592e-02 -4.25857888e-03
4.02092753e-01 1.95701295e-02 2.50417865e-03 1.66678722e-02 -4.24562871e-03
4.03530117e-01 1.96188552e-02 2.67017674e-03 1.66544117e-02 -4.21345021e-03
4.04966485e-01 1.96676618e-02 2.82558452e-03 1.66417286e-02 -4.16331452e-03
4.06401855e-01 1.97183211e-02 2.96916520e-03 1.66317158e-02 -4.09670010e-03
4.07836222e-01 1.97726437e-02 3.09991737e-03 1.66262821e-02 -4.01526801e-03
4.09269584e-01 1.98324497e-02 3.21708748e-03 1.66273244e-02 -3.92083480e-03
4.10701936e-01 1.98995370e-02 3.32017816e-03 1.66367006e-02 -3.81534327e-03
4.12133276e-01 1.99756509e-02 3.40895227e-03 1.66562018e-02 -3.70083173e-03
4.13563599e-01 2.00624528e-02 3.48343257e-03 1.66875254e-02 -3.57940216e-03
4.14992902e-01 2.01614904e-02 3.54389710e-03 1.67322483e-02 -3.45318775e-03
4.16421181e-01 2.02741688e-02 3.59087037e-03 1.67918024e-02 -3.32432047e-03
4.17848434e-01 2.04017234e-02 3.62511040e-03 1.68674506e-02 -3.19489899e-03
4.19274656e-01 2.05451946e-02 3.64759205e-03 1.69602656e-02 -3.06695756e-03
4.20699844e-01 2.07054064e-02 3.65948671e-03 1.70711106e-02 -2.94243633e-03
4.22123995e-01 2.08829462e-02 3.66213889e-03 1.72006225e-02 -2.82315343e-03
4.23547105e-01 2.10781495e-02 3.65704000e-03 1.73491986e-02 -2.71077942e-03
4.24969170e-01 2.12910871e-02 3.64579979e-03 1.75169858e-02 -2.60681428e-03
4.26390187e-01 2.15215572e-02 3.63011598e-03 1.77038735e-02 -2.51256738e-03
4.27810152e-01 2.17690808e-02 3.61174252e-03 1.79094900e-02 -2.42914066e-03
4.29229063e-01 2.20329018e-02 3.59245710e-03 1.81332022e-02 -2.35741534e-03
4.30646915e-01 2.23119911e-02 3.57402829e-03 1.83741196e-02 -2.29804207e-03
4.32063705e-01 2.26050550e-02 3.55818309e-03 1.86311013e-02 -2.25143501e-03
4.33479429e-01 2.29105478e-02 3.54657522e-03 1.89027669e-02 -2.21776949e-03
4.34894084e-01 2.32266887e-02 3.54075467e-03 1.91875112e-02 -2.19698353e-03
4.36307667e-01 2.35514820e-02 3.54213920e-03 1.94835215e-02 -2.18878302e-03
4.37720174e-01 2.38827413e-02 3.55198800e-03 1.97887992e-02 -2.19265042e-03
4.39131601e-01 2.42181168e-02 3.57137811e-03 2.01011829e-02 -2.20785694e-03
4.40541946e-01 2.45551256e-02 3.60118380e-03 2.04183753e-02 -2.23347773e-03
4.41951203e-01 2.48911840e-02 3.64205948e-03 2.07379718e-02 -2.26841012e-03
4.43359371e-01 2.52236423e-02 3.69442611e-03 2.10574910e-02 -2.31139430e-03
4.44766446e-01 2.55498206e-02 3.75846157e-03 2.13744065e-02 -2.36103630e-03
4.46172424e-01 2.58670458e-02 3.83409492e-03 2.16861802e-02 -2.41583284e-03
4.47577301e-01 2.61726891e-02 3.92100486e-03 2.19902956e-02 -2.47419754e-03
4.48981074e-01 2.64642027e-02 4.01862216e-03 2.22842915e-02 -2.53448830e-03
4.50383741e-01 2.67391565e-02 4.12613622e-03 2.25657950e-02 -2.59503522e-03
4.51785296e-01 2.69952727e-02 4.24250554e-03 2.28325542e-02 -2.65416872e-03
4.53185738e-01 2.72304594e-02 4.36647196e-03 2.30824686e-02 -2.71024742e-03
4.54585061e-01 2.74428412e-02 4.49657845e-03 2.33136184e-02 -2.76168544e-03
4.55983264e-01 2.76307871e-02 4.63119020e-03 2.35242915e-02 -2.80697854e-03
4.57380342e-01 2.77929354e-02 4.76851865e-03 2.37130072e-02 -2.84472889e-03
4.58776292e-01 2.79282144e-02 4.90664810e-03 2.38785377e-02 -2.87366803e-03
4.60171111e-01 2.80358599e-02 5.04356457e-03 2.40199254e-02 -2.89267772e-03
4.61564795e-01 2.81154272e-02 5.17718634e-03 2.41364974e-02 -2.90080837e-03
4.62957340e-01 2.81668002e-02 5.30539593e-03 2.42278753e-02 -2.89729478e-03
4.64348744e-01 2.81901945e-02 5.42607277e-03 2.42939816e-02 -2.88156904e-03
4.65739003e-01 2.81861568e-02 5.53712642e-03 2.43350416e-02 -2.85327033e-03
4.67128113e-01 2.81555587e-02 5.63652952e-03 2.43515810e-02 -2.81225159e-03
4.68516071e-01 2.80995871e-02 5.72235025e-03 2.43444201e-02 -2.75858285e-03
4.69902874e-01 2.80197291e-02 5.79278367e-03 2.43146627e-02 -2.69255138e-03
4.71288518e-01 2.79177534e-02 5.84618161e-03 2.42636823e-02 -2.61465841e-03
4.72672999e-01 2.77956875e-02 5.88108056e-03 2.41931036e-02 -2.52561278e-03
4.74056315e-01 2.76557913e-02 5.89622720e-03 2.41047813e-02 -2.42632136e-03
4.75438462e-01 2.75005280e-02 5.89060132e-03 2.40007751e-02 -2.31787653e-03
4.76819436e-01 2.73325319e-02 5.86343552e-03 2.38833229e-02 -2.20154090e-03
4.78199234e-01 2.71545741e-02 5.81423170e-03 2.37548105e-02 -2.07872947e-03
4.79577853e-01 2.69695267e-02 5.74277388e-03 2.36177403e-02 -1.95098940e-03
4.80955289e-01 2.67803261e-02 5.64913724e-03 2.34746986e-02 -1.81997794e-03
4.82331539e-01 2.65899351e-02 5.53369318e-03 2.33283213e-02 -1.68743848e-03
4.83706600e-01 2.64013061e-02 5.39711036e-03 2.31812602e-02 -1.55517540e-03
4.85080468e-01 2.62173440e-02 5.24035162e-03 2.30361487e-02 -1.42502782e-03
4.86453139e-01 2.60408709e-02 5.06466680e-03 2.28955686e-02 -1.29884280e-03
4.87824611e-01 2.58745923e-02 4.87158148e-03 2.27620181e-02 -1.17844825e-03
4.89194880e-01 2.57210653e-02 4.66288190e-03 2.26378811e-02 -1.06562599e-03
4.90563942e-01 2.55826704e-02 4.44059595e-03 2.25253990e-02 -9.62085310e-04
4.91931794e-01 2.54615849e-02 4.20697079e-03 2.24266450e-02 -8.69437460e-04
4.93298434e-01 2.53597612e-02 3.96444699e-03 2.23435010e-02 -7.89171341e-04
4.94663856e-01 2.52789077e-02 3.71562986e-03 2.22776380e-02 -7.22630822e-04
4.96028059e-01 2.52204747e-02 3.46325797e-03 2.22304998e-02 -6.70993954e-04
4.97391039e-01 2.51856433e-02 3.21016958e-03 2.22032905e-02 -6.35254413e-04
4.98752791e-01 2.51753193e-02 2.95926707e-03 2.21969654e-02 -6.16205413e-04
5.00113314e-01 2.51901308e-02 2.71348011e-03 2.22122266e-02 -6.14426339e-04
5.01472604e-01 2.52304304e-02 2.47572782e-03 2.22495214e-02 -6.30272295e-04
5.02830656e-01 2.52963008e-02 2.24888058e-03 2.23090451e-02 -6.63866724e-04
5.04187469e-01 2.53875646e-02 2.03572184e-03 2.23907475e-02 -7.15097211e-04
5.05543038e-01 2.55037972e-02 1.83891056e-03 2.24943428e-02 -7.83614560e-04
5.06897361e-01 2.56443439e-02 1.66094471e-03 2.26193220e-02 -8.68835151e-04
5.08250433e-01 2.58083383e-02 1.50412640e-03 2.27649699e-02 -9.69946578e-04
5.09602252e-01 2.59947245e-02 1.37052908e-03 2.29303824e-02 -1.08591650e-03
5.10952815e-01 2.62022806e-02 1.26196726e-03 2.31144883e-02 -1.21550460e-03
5.12302117e-01 2.64296438e-02 1.17996936e-03 2.33160712e-02 -1.35727749e-03
5.13650155e-01 2.66753366e-02 1.12575379e-03 2.35337935e-02 -1.50962639e-03
5.14996927e-01 2.69377937e-02 1.10020904e-03 2.37662211e-02 -1.67078731e-03
5.16342429e-01 2.72153884e-02 1.10387772e-03 2.40118490e-02 -1.83886355e-03
5.17686658e-01 2.75064597e-02 1.13694516e-03 2.42691260e-02 -2.01185010e-03
5.19029610e-01 2.78093372e-02 1.19923256e-03 2.45364801e-02 -2.18765968e-03
5.20371281e-01 2.81223655e-02 1.29019503e-03 2.48123419e-02 -2.36415004e-03
5.21711670e-01 2.84439268e-02 1.40892447e-03 2.50951679e-02 -2.53915223e-03
5.23050772e-01 2.87724618e-02 1.55415756e-03 2.53834612e-02 -2.71049920e-03
5.24388584e-01 2.91064872e-02 1.72428852e-03 2.56757913e-02 -2.87605469e-03
5.25725102e-01 2.94446120e-02 1.91738687e-03 2.59708109e-02 -3.03374162e-03
5.27060325e-01 2.97855504e-02 2.13121981e-03 2.62672708e-02 -3.18156993e-03
5.28394247e-01 3.01281315e-02 2.36327902e-03 2.65640322e-02 -3.31766322e-03
5.29726866e-01 3.04713068e-02 2.61081169e-03 2.68600760e-02 -3.44028387e-03
5.31058179e-01 3.08141546e-02 2.87085523e-03 2.71545101e-02 -3.54785638e-03
5.32388182e-01 3.11558807e-02 3.14027542e-03 2.74465733e-02 -3.63898844e-03
5.33716872e-01 3.14958180e-02 3.41580735e-03 2.77356370e-02 -3.71248956e-03
5.35044246e-01 3.18334216e-02 3.69409870e-03 2.80212039e-02 -3.76738687e-03
5.36370301e-01 3.21682632e-02 3.97175476e-03 2.83029048e-02 -3.80293796e-03
5.37695032e-01 3.25000220e-02 4.24538455e-03 2.85804929e-02 -3.81864044e-03
5.39018438e-01 3.28284748e-02 4.51164740e-03 2.88538360e-02 -3.81423826e-03
5.40340514e-01 3.31534841e-02 4.76729932e-03 2.91229075e-02 -3.78972454e-03
5.41661258e-01 3.34749850e-02 5.00923847e-03 2.93877750e-02 -3.74534089e-03
5.42980666e-01 3.37929716e-02 5.23454907e-03 2.96485887e-02 -3.68157335e-03
5.44298735e-01 3.41074823e-02 5.44054299e-03 2.99055687e-02 -3.59914488e-03
5.45615461e-01 3.44185861e-02 5.62479859e-03 3.01589912e-02 -3.49900453e-03
5.46930842e-01 3.47263679e-02 5.78519585e-03 3.04091754e-02 -3.38231355e-03
5.48244874e-01 3.50309153e-02 5.91994762e-03 3.06564699e-02 -3.25042856e-03
5.49557555e-01 3.53323061e-02 6.02762607e-03 3.09012395e-02 -3.10488208e-03
5.50868879e-01 3.56305966e-02 6.10718421e-03 3.11438532e-02 -2.94736072e-03
5.52178845e-01 3.59258117e-02 6.15797187e-03 3.13846722e-02 -2.77968134e-03
5.53487450e-01 3.62179370e-02 6.17974597e-03 3.16240400e-02 -2.60376558e-03
5.54794689e-01 3.65069115e-02 6.17267472e-03 3.18622732e-02 -2.42161316e-03
5.56100561e-01 3.67926240e-02 6.13733582e-03 3.20996536e-02 -2.23527432e-03
5.57405060e-01 3.70749098e-02 6.07470837e-03 3.23364225e-02 -2.04682188e-03
5.58708186e-01 3.73535505e-02 5.98615874e-03 3.25727759e-02 -1.85832331e-03
5.60009933e-01 3.76282756e-02 5.87342053e-03 3.28088621e-02 -1.67181329e-03
5.61310299e-01 3.78987657e-02 5.73856876e-03 3.30447799e-02 -1.48926707e-03
5.62609281e-01 3.81646581e-02 5.58398882e-03 3.32805795e-02 -1.31257523e-03
5.63906875e-01 3.84255539e-02 5.41234040e-03 3.35162641e-02 -1.14351999e-03
5.65203079e-01 3.86810264e-02 5.22651724e-03 3.37517931e-02 -9.83753650e-04
5.66497889e-01 3.89306308e-02 5.02960290e-03 3.39870866e-02 -8.34779305e-04
5.67791302e-01 3.91739157e-02 4.82482361e-03 3.42220313e-02 -6.97934180e-04
5.69083314e-01 3.94104344e-02 4.61549871e-03 3.44564864e-02 -5.74375840e-04
5.70373923e-01 3.96397571e-02 4.40498949e-03 3.46902911e-02 -4.65071418e-04
5.71663126e-01 3.98614841e-02 4.19664729e-03 3.49232720e-02 -3.70790004e-04
5.72950918e-01 4.00752575e-02 3.99376170e-03 3.51552514e-02 -2.92098268e-04
5.74237298e-01 4.02807737e-02 3.79950958e-03 3.53860547e-02 -2.29359337e-04
5.75522261e-01 4.04777951e-02 3.61690598e-03 3.56155185e-02 -1.82734875e-04
5.76805805e-01 4.06661606e-02 3.44875742e-03 3.58434982e-02 -1.52190297e-04
5.78087927e-01 4.08457951e-02 3.29761867e-03 3.60698749e-02 -1.37502939e-04
5.79368623e-01 4.10167181e-02 3.16575353e-03 3.62945614e-02 -1.38273009e-04
5.80647890e-01 4.11790502e-02 3.05510025e-03 3.65175080e-02 -1.53937057e-04
5.81925725e-01 4.13330182e-02 2.96724235e-03 3.67387070e-02 -1.83783689e-04
5.83202125e-01 4.14789583e-02 2.90338521e-03 3.69581961e-02 -2.26971197e-04
5.84477087e-01 4.16173181e-02 2.86433882e-03 3.71760605e-02 -2.82546744e-04
5.85750607e-01 4.17486554e-02 2.85050707e-03 3.73924348e-02 -3.49466740e-04
5.87022683e-01 4.18736362e-02 2.86188372e-03 3.76075023e-02 -4.26618005e-04
5.88293311e-01 4.19930302e-02 2.89805510e-03 3.78214946e-02 -5.12839317e-04
5.89562488e-01 4.21077048e-02 2.95820956e-03 3.80346889e-02 -6.06942959e-04
5.90830212e-01 4.22186173e-02 3.04115346e-03 3.82474051e-02 -7.07735837e-04
5.92096478e-01 4.23268048e-02 3.14533350e-03 3.84600014e-02 -8.14039827e-04
5.93361284e-01 4.24333740e-02 3.26886482e-03 3.86728692e-02 -9.24710954e-04
5.94624627e-01 4.25394884e-02 3.40956472e-03 3.88864274e-02 -1.03865710e-03
5.95886503e-01 4.26463553e-02 3.56499104e-03 3.91011161e-02 -1.15485393e-03
5.97146909e-01 4.27552117e-02 3.73248484e-03 3.93173893e-02 -1.27235878e-03
5.98405843e-01 4.28673090e-02 3.90921648e-03 3.95357079e-02 -1.39032228e-03
5.99663302e-01 4.29838987e-02 4.09223432e-03 3.97565323e-02 -1.50799760e-03
6.00919281e-01 4.31062165e-02 4.27851529e-03 3.99803149e-02 -1.62474711e-03
6.02173778e-01 4.32354678e-02 4.46501634e-03 4.02074929e-02 -1.74004654e-03
6.03426791e-01 4.33728123e-02 4.64872592e-03 4.04384810e-02 -1.85348641e-03
6.04678315e-01 4.35193506e-02 4.82671472e-03 4.06736652e-02 -1.96477100e-03
6.05928348e-01 4.36761104e-02 4.99618454e-03 4.09133961e-02 -2.07371484e-03
6.07176887e-01 4.38440347e-02 5.15451477e-03 4.11579839e-02 -2.18023682e-03
6.08423928e-01 4.40239707e-02 5.29930542e-03 4.14076936e-02 -2.28435226e-03
6.09669468e-01 4.42166597e-02 5.42841617e-03 4.16627408e-02 -2.38616292e-03
6.10913506e-01 4.44227299e-02 5.54000062e-03 4.19232888e-02 -2.48584549e-03
6.12156036e-01 4.46426892e-02 5.63253535e-03 4.21894465e-02 -2.58363867e-03
6.13397057e-01 4.48769205e-02 5.70484318e-03 4.24612669e-02 -2.67982914e-03
6.14636565e-01 4.51256794e-02 5.75611035e-03 4.27387474e-02 -2.77473687e-03
6.15874558e-01 4.53890918e-02 5.78589730e-03 4.30218296e-02 -2.86870000e-03
6.17111031e-01 4.56671556e-02 5.79414298e-03 4.33104016e-02 -2.96205969e-03
6.18345983e-01 4.59597422e-02 5.78116265e-03 4.36043003e-02 -3.05514520e-03
6.19579410e-01 4.62666008e-02 5.74763918e-03 4.39033142e-02 -3.14825957e-03
6.20811308e-01 4.65873637e-02 5.69460823e-03 4.42071878e-02 -3.24166627e-03
6.22041676e-01 4.69215535e-02 5.62343744e-03 4.45156263e-02 -3.33557691e-03
6.23270509e-01 4.72685915e-02 5.53580016e-03 4.48283005e-02 -3.43014040e-03
6.24497806e-01 4.76278067e-02 5.43364423e-03 4.51448526e-02 -3.52543381e-03
6.25723562e-01 4.79984471e-02 5.31915628e-03 4.54649024e-02 -3.62145491e-03
6.26947776e-01 4.83796906e-02 5.19472246e-03 4.57880536e-02 -3.71811673e-03
6.28170443e-01 4.87706568e-02 5.06288604e-03 4.61139004e-02 -3.81524410e-03
6.29391561e-01 4.91704203e-02 4.92630282e-03 4.64420338e-02 -3.91257225e-03
6.30611126e-01 4.95780225e-02 4.78769519e-03 4.67720485e-02 -4.00974753e-03
6.31829137e-01 4.99924852e-02 4.64980541e-03 4.71035492e-02 -4.10633007e-03
6.33045589e-01 5.04128228e-02 4.51534924e-03 4.74361569e-02 -4.20179844e-03
6.34260480e-01 5.08380547e-02 4.38697046e-03 4.77695146e-02 -4.29555612e-03
6.35473807e-01 5.12672177e-02 4.26719720e-03 4.81032929e-02 -4.38693960e-03
6.36685567e-01 5.16993765e-02 4.15840072e-03 4.84371954e-02 -4.47522800e-03
6.37895757e-01 5.21336348e-02 4.06275733e-03 4.87709628e-02 -4.55965391e-03
6.39104373e-01 5.25691443e-02 3.98221411e-03 4.91043769e-02 -4.63941527e-03
6.40311414e-01 5.30051137e-02 3.91845884e-03 4.94372644e-02 -4.71368808e-03
6.41516875e-01 5.34408155e-02 3.87289467e-03 4.97694993e-02 -4.78163954e-03
6.42720754e-01 5.38755926e-02 3.84661988e-03 5.01010049e-02 -4.84244153e-03
6.43923048e-01 5.43088626e-02 3.84041289e-03 5.04317555e-02 -4.89528410e-03
6.45123754e-01 5.47401221e-02 3.85472280e-03 5.07617766e-02 -4.93938866e-03
6.46322869e-01 5.51689481e-02 3.88966540e-03 5.10911455e-02 -4.97402078e-03
6.47520390e-01 5.55949994e-02 3.94502469e-03 5.14199900e-02 -4.99850222e-03
6.48716314e-01 5.60180162e-02 4.02025976e-03 5.17484875e-02 -5.01222215e-03
6.49910639e-01 5.64378182e-02 4.11451670e-03 5.20768625e-02 -5.01464724e-03
6.51103360e-01 5.68543021e-02 4.22664544e-03 5.24053844e-02 -5.00533067e-03
6.52294476e-01 5.72674375e-02 4.35522087e-03 5.27343639e-02 -4.98391970e-03
6.53483983e-01 5.76772618e-02 4.49856807e-03 5.30641493e-02 -4.95016200e-03
6.54671879e-01 5.80838748e-02 4.65479086e-03 5.33951222e-02 -4.90391043e-03
6.55858160e-01 5.84874314e-02 4.82180335e-03 5.37276920e-02 -4.84512649e-03
6.57042824e-01 5.88881350e-02 4.99736378e-03 5.40622915e-02 -4.77388225e-03
6.58225867e-01 5.92862288e-02 5.17911002e-03 5.43993702e-02 -4.69036094e-03
6.59407287e-01 5.96819880e-02 5.36459625e-03 5.47393885e-02 -4.59485623e-03
6.60587080e-01 6.00757108e-02 5.55133001e-03 5.50828111e-02 -4.48777019e-03
6.61765245e-01 6.04677099e-02 5.73680919e-03 5.54301001e-02 -4.36961025e-03
6.62941778e-01 6.08583031e-02 5.91855824e-03 5.57817078e-02 -4.24098500e-03
6.64116675e-01 6.12478051e-02 6.09416316e-03 5.61380695e-02 -4.10259921e-03
6.65289935e-01 6.16365181e-02 6.26130471e-03 5.64995957e-02 -3.95524802e-03
6.66461554e-01 6.20247242e-02 6.41778931e-03 5.68666649e-02 -3.79981055e-03
6.67631530e-01 6.24126769e-02 6.56157744e-03 5.72396154e-02 -3.63724294e-03
6.68799859e-01 6.28005940e-02 6.69080890e-03 5.76187382e-02 -3.46857108e-03
6.69966538e-01 6.31886505e-02 6.80382495e-03 5.80042689e-02 -3.29488301e-03
6.71131566e-01 6.35769723e-02 6.89918687e-03 5.83963805e-02 -3.11732114e-03
6.72294938e-01 6.39656309e-02 6.97569098e-03 5.87951760e-02 -2.93707443e-03
6.73456652e-01 6.43546386e-02 7.03237990e-03 5.92006819e-02 -2.75537040e-03
6.74616706e-01 6.47439442e-02 7.06855012e-03 5.96128408e-02 -2.57346724e-03
6.75775095e-01 6.51334305e-02 7.08375594e-03 6.00315065e-02 -2.39264590e-03
6.76931818e-01 6.55229115e-02 7.07780971e-03 6.04564374e-02 -2.21420216e-03
6.78086872e-01 6.59121316e-02 7.05077882e-03 6.08872927e-02 -2.03943880e-03
6.79240254e-01 6.63007647e-02 7.00297934e-03 6.13236278e-02 -1.86965760e-03
6.80391960e-01 6.66884151e-02 6.93496669e-03 6.17648917e-02 -1.70615144e-03
6.81541988e-01 6.70746192e-02 6.84752365e-03 6.22104250e-02 -1.55019617e-03
6.82690336e-01 6.74588473e-02 6.74164590e-03 6.26594592e-02 -1.40304233e-03
6.83837000e-01 6.78405077e-02 6.61852542e-03 6.31111169e-02 -1.26590673e-03
6.84981977e-01 6.82189507e-02 6.47953211e-03 6.35644146e-02 -1.13996362e-03
6.86125265e-01 6.85934741e-02 6.32619395e-03 6.40182655e-02 -1.02633571e-03
6.87266861e-01 6.89633296e-02 6.16017601e-03 6.44714853e-02 -9.26084701e-04
6.88406763e-01 6.93277301e-02 5.98325855e-03 6.49227990e-02 -8.40201558e-04
6.89544966e-01 6.96858576e-02 5.79731462e-03 6.53708499e-02 -7.69596405e-04
6.90681469e-01 7.00368731e-02 5.60428743e-03 6.58142103e-02 -7.15088112e-04
6.91816268e-01 7.03799265e-02 5.40616763e-03 6.62513945e-02 -6.77393635e-04
6.92949362e-01 7.07141677e-02 5.20497092e-03 6.66808737e-02 -6.57117201e-04
6.94080746e-01 7.10387586e-02 5.00271595e-03 6.71010926e-02 -6.54739442e-04
6.95210419e-01 7.13528867e-02 4.80140305e-03 6.75104885e-02 -6.70606655e-04
6.96338377e-01 7.16557783e-02 4.60299352e-03 6.79075117e-02 -7.04920347e-04
6.97464618e-01 7.19467135e-02 4.40939005e-03 6.82906487e-02 -7.57727278e-04
6.98589139e-01 7.22250415e-02 4.22241796e-03 6.86584455e-02 -8.28910244e-04
6.99711937e-01 7.24901968e-02 4.04380774e-03 6.90095338e-02 -9.18179847e-04
7.00833010e-01 7.27417157e-02 3.87517866e-03 6.93426579e-02 -1.02506752e-03
7.01952354e-01 7.29792533e-02 3.71802362e-03 6.96567022e-02 -1.14892012e-03
7.03069967e-01 7.32026006e-02 3.57369539e-03 6.99507195e-02 -1.28889629e-03
7.04185846e-01 7.34117021e-02 3.44339402e-03 7.02239601e-02 -1.44396502e-03
7.05299989e-01 7.36066726e-02 3.32815573e-03 7.04758996e-02 -1.61290649e-03
7.06412392e-01 7.37878140e-02 3.22884307e-03 7.07062672e-02 -1.79431564e-03
7.07523053e-01 7.39556314e-02 3.14613659e-03 7.09150719e-02 -1.98660856e-03
7.08631969e-01 7.41108478e-02 3.08052779e-03 7.11026276e-02 -2.18803192e-03
7.09739137e-01 7.42544182e-02 3.03231372e-03 7.12695761e-02 -2.39667562e-03
7.10844555e-01 7.43875413e-02 3.00159297e-03 7.14169063e-02 -2.61048873e-03
7.11948220e-01 7.45116699e-02 2.98826322e-03 7.15459717e-02 -2.82729876e-03
7.13050130e-01 7.46285178e-02 2.99202049e-03 7.16585026e-02 -3.04483426e-03
7.14150280e-01 7.47400652e-02 3.01236001e-03 7.17566141e-02 -3.26075054e-03
7.15248670e-01 7.48485600e-02 3.04857882e-03 7.18428096e-02 -3.47265857e-03
7.16345296e-01 7.49565156e-02 3.09978027e-03 7.19199785e-02 -3.67815657e-03
7.17440155e-01 7.50667053e-02 3.16488034e-03 7.19913875e-02 -3.87486412e-03
7.18533244e-01 7.51821517e-02 3.24261590e-03 7.20606660e-02 -4.06045836e-03
7.19624562e-01 7.53061118e-02 3.33155510e-03 7.21317849e-02 -4.23271179e-03
7.20714105e-01 7.54420574e-02 3.43010969e-03 7.22090278e-02 -4.38953117e-03
7.21801870e-01 7.55936501e-02 3.53654951e-03 7.22969559e-02 -4.52899695e-03
7.22887856e-01 7.57647111e-02 3.64901907e-03 7.24003650e-02 -4.64940244e-03
7.23972059e-01 7.59591857e-02 3.76555625e-03 7.25242358e-02 -4.74929227e-03
7.25054476e-01 7.61811023e-02 3.88411297e-03 7.26736778e-02 -4.82749912e-03
7.26135105e-01 7.64345269e-02 4.00257796e-03 7.28538652e-02 -4.88317829e-03
7.27213943e-01 7.67235113e-02 4.11880125e-03 7.30699682e-02 -4.91583903e-03
7.28290988e-01 7.70520376e-02 4.23062051e-03 7.33270780e-02 -4.92537216e-03
7.29366237e-01 7.74239579e-02 4.33588880e-03 7.36301269e-02 -4.91207308e-03
7.30439687e-01 7.78429304e-02 4.43250363e-03 7.39838050e-02 -4.87665956e-03
7.31511336e-01 7.83123520e-02 4.51843708e-03 7.43924733e-02 -4.82028359e-03
7.32581181e-01 7.88352888e-02 4.59176653e-03 7.48600754e-02 -4.74453688e-03
7.33649219e-01 7.94144051e-02 4.65070575e-03 7.53900484e-02 -4.65144934e-03
7.34715448e-01 8.00518910e-02 4.69363591e-03 7.59852345e-02 -4.54348028e-03
7.35779864e-01 8.07493919e-02 4.71913612e-03 7.66477947e-02 -4.42350197e-03
7.36842467e-01 8.15079379e-02 4.72601294e-03 7.73791264e-02 -4.29477545e-03
7.37903252e-01 8.23278774e-02 4.71332860e-03 7.81797851e-02 -4.16091856e-03
7.38962217e-01 8.32088141e-02 4.68042713e-03 7.90494144e-02 -4.02586627e-03
7.40019360e-01 8.41495496e-02 4.62695825e-03 7.99866823e-02 -3.89382353e-03
7.41074678e-01 8.51480321e-02 4.55289820e-03 8.09892291e-02 -3.76921114e-03
7.42128168e-01 8.62013144e-02 4.45856735e-03 8.20536244e-02 -3.65660500e-03
7.43179828e-01 8.73055199e-02 4.34464381e-03 8.31753389e-02 -3.56066965e-03
7.44229655e-01 8.84558201e-02 4.21217293e-03 8.43487277e-02 -3.48608665e-03
7.45277647e-01 8.96464231e-02 4.06257202e-03 8.55670309e-02 -3.43747894e-03
7.46323801e-01 9.08705756e-02 3.89763021e-03 8.68223877e-02 -3.41933216e-03
7.47368114e-01 9.21205777e-02 3.71950298e-03 8.81058693e-02 -3.43591400e-03
7.48410585e-01 9.33878134e-02 3.53070126e-03 8.94075279e-02 -3.49119301e-03
7.49451209e-01 9.46627951e-02 3.33407497e-03 9.07164633e-02 -3.58875799e-03
7.50489985e-01 9.59352237e-02 3.13279085e-03 9.20209076e-02 -3.73173938e-03
7.51526911e-01 9.71940655e-02 2.93030477e-03 9.33083270e-02 -3.92273402e-03
7.52561982e-01 9.84276431e-02 2.73032852e-03 9.45655411e-02 -4.16373475e-03
7.53595199e-01 9.96237426e-02 2.53679140e-03 9.57788575e-02 -4.45606598e-03
7.54626556e-01 1.00769735e-01 2.35379680e-03 9.69342225e-02 -4.80032673e-03
7.55656053e-01 1.01852713e-01 2.18557431e-03 9.80173852e-02 -5.19634235e-03
7.56683685e-01 1.02859638e-01 2.03642776e-03 9.90140735e-02 -5.64312588e-03
7.57709452e-01 1.03777500e-01 1.91067982e-03 9.99101810e-02 -6.13885037e-03
7.58733350e-01 1.04593487e-01 1.81261378e-03 1.00691962e-01 -6.68083269e-03
7.59755377e-01 1.05295165e-01 1.74641330e-03 1.01346231e-01 -7.26552982e-03
7.60775531e-01 1.05870656e-01 1.71610084e-03 1.01860567e-01 -7.88854804e-03
7.61793808e-01 1.06308831e-01 1.72547564e-03 1.02223519e-01 -8.54466529e-03
7.62810206e-01 1.06599492e-01 1.77805222e-03 1.02424805e-01 -9.22786703e-03
7.63824724e-01 1.06733563e-01 1.87700018e-03 1.02455510e-01 -9.93139532e-03
7.64837357e-01 1.06703265e-01 2.02508623e-03 1.02308272e-01 -1.06478109e-02
7.65848104e-01 1.06502299e-01 2.22461952e-03 1.01977462e-01 -1.13690680e-02
7.66856963e-01 1.06126002e-01 2.47740099e-03 1.01459339e-01 -1.20866003e-02
7.67863930e-01 1.05571502e-01 2.78467769e-03 1.00752200e-01 -1.27914186e-02
7.68869004e-01 1.04837852e-01 3.14710291e-03 9.98565018e-02 -1.34742175e-02
7.69872181e-01 1.03926147e-01 3.56470283e-03 9.87749609e-02 -1.41254903e-02
7.70873460e-01 1.02839620e-01 4.03685047e-03 9.75126301e-02 -1.47356515e-02
7.71872838e-01 1.01583712e-01 4.56224738e-03 9.60769468e-02 -1.52951635e-02
7.72870312e-01 1.00166120e-01 5.13891375e-03 9.44777519e-02 -1.57946677e-02
7.73865880e-01 9.85968177e-02 5.76418719e-03 9.27272792e-02 -1.62251161e-02
7.74859540e-01 9.68880411e-02 6.43473059e-03 9.08401119e-02 -1.65779033e-02
7.75851289e-01 9.50542535e-02 7.14654896e-03 8.88331086e-02 -1.68449956e-02
7.76841124e-01 9.31120725e-02 7.89501562e-03 8.67252956e-02 -1.70190558e-02
7.77829044e-01 9.10801699e-02 8.67490725e-03 8.45377286e-02 -1.70935617e-02
7.78815045e-01 8.89791390e-02 9.48044785e-03 8.22933224e-02 -1.70629164e-02
7.79799126e-01 8.68313325e-02 1.03053609e-02 8.00166512e-02 -1.69225484e-02
7.80781283e-01 8.46606717e-02 1.11429297e-02 7.77337211e-02 -1.66689996e-02
7.81761515e-01 8.24924274e-02 1.19860644e-02 7.54717160e-02 -1.63000004e-02
7.82739819e-01 8.03529757e-02 1.28273760e-02 7.32587214e-02 -1.58145301e-02
7.83716193e-01 7.82695315e-02 1.36592557e-02 7.11234269e-02 -1.52128612e-02
7.84690634e-01 7.62698602e-02 1.44739584e-02 6.90948127e-02 -1.44965866e-02
7.85663139e-01 7.43819749e-02 1.52636907e-02 6.72018231e-02 -1.36686305e-02
7.86633708e-01 7.26338180e-02 1.60207003e-02 6.54730310e-02 -1.27332399e-02
7.87602336e-01 7.10529354e-02 1.67373673e-02 6.39362976e-02 -1.16959590e-02
7.88569022e-01 6.96661448e-02 1.74062950e-02 6.26184321e-02 -1.05635856e-02
7.89533763e-01 6.84992031e-02 1.80203997e-02 6.15448559e-02 -9.34410956e-03
7.90496556e-01 6.75764776e-02 1.85729982e-02 6.07392752e-02 -8.04663444e-03
7.91457401e-01 6.69206264e-02 1.90578911e-02 6.02233679e-02 -6.68128371e-03
7.92416293e-01 6.65522902e-02 1.94694419e-02 6.00164877e-02 -5.25909166e-03
7.93373232e-01 6.64898026e-02 1.98026493e-02 6.01353912e-02 -3.79188116e-03
7.94328214e-01 6.67489216e-02 2.00532130e-02 6.05939906e-02 -2.29212982e-03
7.95281236e-01 6.73425870e-02 2.02175915e-02 6.14031374e-02 -7.72826193e-04
7.96232298e-01 6.82807076e-02 2.02930508e-02 6.25704387e-02 7.52681844e-04
7.97181396e-01 6.95699812e-02 2.02777034e-02 6.41001108e-02 2.27084444e-03
7.98128528e-01 7.12137509e-02 2.01705374e-02 6.59928719e-02 3.76807068e-03
7.99073691e-01 7.32119010e-02 1.99714346e-02 6.82458751e-02 5.23089069e-03
8.00016884e-01 7.55607926e-02 1.96811780e-02 7.08526848e-02 6.64611668e-03
8.00958104e-01 7.82532428e-02 1.93014480e-02 7.38032962e-02 8.00100068e-03
8.01897349e-01 8.12785471e-02 1.88348068e-02 7.70841990e-02 9.28338655e-03
8.02834616e-01 8.46225453e-02 1.82846732e-02 8.06784839e-02 1.04818543e-02
8.03769903e-01 8.82677317e-02 1.76552854e-02 8.45659921e-02 1.15858546e-02
8.04703207e-01 9.21934077e-02 1.69516541e-02 8.87235057e-02 1.25858314e-02
8.05634528e-01 9.63758760e-02 1.61795064e-02 9.31249775e-02 1.34733314e-02
8.06563861e-01 1.00788673e-01 1.53452203e-02 9.77417957e-02 1.42410983e-02
8.07491206e-01 1.05402840e-01 1.44557514e-02 1.02543084e-01 1.48831509e-02
8.08416559e-01 1.10187224e-01 1.35185530e-02 1.07496026e-01 1.53948444e-02
8.09339918e-01 1.15108812e-01 1.25414900e-02 1.12566226e-01 1.57729126e-02
8.10261281e-01 1.20133088e-01 1.15327483e-02 1.17718072e-01 1.60154934e-02
8.11180646e-01 1.25224413e-01 1.05007407e-02 1.22915136e-01 1.61221338e-02
8.12098011e-01 1.30346415e-01 9.45401078e-03 1.28120568e-01 1.60937774e-02
8.13013373e-01 1.35462400e-01 8.40113598e-03 1.33297507e-01 1.59327336e-02
8.13926729e-01 1.40535759e-01 7.35063107e-03 1.38409483e-01 1.56426294e-02
8.14838079e-01 1.45530381e-01 6.31085361e-03 1.43420824e-01 1.52283437e-02
8.15747419e-01 1.50411053e-01 5.28991240e-03 1.48297045e-01 1.46959273e-02
8.16654747e-01 1.55143862e-01 4.29558028e-03 1.53005224e-01 1.40525082e-02
8.17560061e-01 1.59696564e-01 3.33521241e-03 1.57514362e-01 1.33061841e-02
8.18463359e-01 1.64038947e-01 2.41567104e-03 1.61795710e-01 1.24659050e-02
8.19364639e-01 1.68143161e-01 1.54325780e-03 1.65823075e-01 1.15413459e-02
8.20263897e-01 1.71984016e-01 7.23654263e-04 1.69573090e-01 1.05427734e-02
8.21161133e-01 1.75539250e-01 -3.81285024e-05 1.73025443e-01 9.48090720e-03
8.22056344e-01 1.78789759e-01 -7.37790779e-04 1.76163079e-01 8.36677847e-03
8.22949527e-01 1.81719783e-01 -1.37177509e-03 1.78972348e-01 7.21158833e-03
8.23840681e-01 1.84317052e-01 -1.93728688e-03 1.81443115e-01 6.02656733e-03
8.24729804e-01 1.86572890e-01 -2.43230480e-03 1.83568829e-01 4.82283862e-03
8.25616892e-01 1.88482265e-01 -2.85558082e-03 1.85346544e-01 3.61128645e-03
8.26501944e-01 1.90043802e-01 -3.20663022e-03 1.86776893e-01 2.40243205e-03
8.27384958e-01 1.91259749e-01 -3.48571187e-03 1.87864026e-01 1.20631829e-03
8.28265931e-01 1.92135889e-01 -3.69379937e-03 1.88615496e-01 3.24047749e-05
8.29144862e-01 1.92681422e-01 -3.83254355e-03 1.89042115e-01 -1.11052538e-03
8.30021748e-01 1.92908798e-01 -3.90422727e-03 1.89157760e-01 -2.21444607e-03
8.30896587e-01 1.92833510e-01 -3.91171314e-03 1.88979159e-01 -3.27215515e-03
8.31769377e-01 1.92473859e-01 -3.85838537e-03 1.88525631e-01 -4.27732714e-03
8.32640115e-01 1.91850680e-01 -3.74808650e-03 1.87818808e-01 -5.22455143e-03
8.33508800e-01 1.90987046e-01 -3.58505041e-03 1.86882329e-01 -6.10935582e-03
8.34375430e-01 1.89907945e-01 -3.37383235e-03 1.85741516e-01 -6.92821545e-03
8.35240002e-01 1.88639939e-01 -3.11923751e-03 1.84423041e-01 -7.67854759e-03
8.36102514e-01 1.87210816e-01 -2.82624897e-03 1.82954570e-01 -8.35869271e-03
8.36962964e-01 1.85649223e-01 -2.49995625e-03 1.81364418e-01 -8.96788282e-03
8.37821349e-01 1.83984301e-01 -2.14548561e-03 1.79681196e-01 -9.50619780e-03
8.38677669e-01 1.82245327e-01 -1.76793301e-03 1.77933459e-01 -9.97451104e-03
8.39531921e-01 1.80461352e-01 -1.37230068e-03 1.76149375e-01 -1.03744256e-02
8.40384102e-01 1.78660857e-01 -9.63438275e-04 1.74356397e-01 -1.07082023e-02
8.41234210e-01 1.76871425e-01 -5.45989214e-04 1.72580959e-01 -1.09786812e-02
8.42082244e-01 1.75119430e-01 -1.24343025e-04 1.70848189e-01 -1.11891982e-02
8.42928201e-01 1.73429754e-01 2.97405923e-04 1.69181654e-01 -1.13434980e-02
8.43772079e-01 1.71825525e-01 7.15492815e-04 1.67603129e-01 -1.14456453e-02
8.44613877e-01 1.70327893e-01 1.12650966e-03 1.66132390e-01 -1.14999360e-02
8.45453591e-01 1.68955836e-01 1.52742528e-03 1.64787055e-01 -1.15108094e-02
8.46291221e-01 1.67725994e-01 1.91559809e-03 1.63582444e-01 -1.14827633e-02
8.47126763e-01 1.66652554e-01 2.28878161e-03 1.62531481e-01 -1.14202733e-02
8.47960216e-01 1.65747153e-01 2.64512323e-03 1.61644632e-01 -1.13277174e-02
8.48791578e-01 1.65018837e-01 2.98315628e-03 1.60929875e-01 -1.12093072e-02
8.49620847e-01 1.64474042e-01 3.30178617e-03 1.60392706e-01 -1.10690262e-02
8.50448020e-01 1.64116623e-01 3.60027093e-03 1.60036181e-01 -1.09105773e-02
8.51273096e-01 1.63947904e-01 3.87819692e-03 1.59860983e-01 -1.07373377e-02
8.52096073e-01 1.63966776e-01 4.13545044e-03 1.59865528e-01 -1.05523250e-02
8.52916948e-01 1.64169816e-01 4.37218593e-03 1.60046091e-01 -1.03581711e-02
8.53735720e-01 1.64551437e-01 4.58879163e-03 1.60396963e-01 -1.01571069e-02
8.54552386e-01 1.65104058e-01 4.78585347e-03 1.60910620e-01 -9.95095611e-03
8.55366945e-01 1.65818307e-01 4.96411808e-03 1.61577925e-01 -9.74113837e-03
8.56179395e-01 1.66683232e-01 5.12445572e-03 1.62388330e-01 -9.52868123e-03
8.56989732e-01 1.67686528e-01 5.26782387e-03 1.63330101e-01 -9.31424024e-03
8.57797957e-01 1.68814776e-01 5.39523223e-03 1.64390541e-01 -9.09812651e-03
8.58604066e-01 1.70053693e-01 5.50770990e-03 1.65556228e-01 -8.88034090e-03
8.59408057e-01 1.71388373e-01 5.60627521e-03 1.66813241e-01 -8.66061377e-03
8.60209930e-01 1.72803542e-01 5.69190888e-03 1.68147393e-01 -8.43844929e-03
8.61009680e-01 1.74283792e-01 5.76553078e-03 1.69544453e-01 -8.21317327e-03
8.61807307e-01 1.75813822e-01 5.82798075e-03 1.70990356e-01 -7.98398321e-03
8.62602809e-01 1.77378657e-01 5.88000375e-03 1.72471409e-01 -7.74999955e-03
8.63396184e-01 1.78963855e-01 5.92223928e-03 1.73974471e-01 -7.51031687e-03
8.64187429e-01 1.80555699e-01 5.95521528e-03 1.75487123e-01 -7.26405399e-03
8.64976543e-01 1.82141369e-01 5.97934639e-03 1.76997815e-01 -7.01040176e-03
8.65763524e-01 1.83709088e-01 5.99493626e-03 1.78495995e-01 -6.74866770e-03
8.66548370e-01 1.85248249e-01 6.00218382e-03 1.79972213e-01 -6.47831641e-03
8.67331079e-01 1.86749521e-01 6.00119304e-03 1.81418203e-01 -6.19900500e-03
8.68111648e-01 1.88204919e-01 5.99198566e-03 1.82826942e-01 -5.91061283e-03
8.68890077e-01 1.89607863e-01 5.97451663e-03 1.84192684e-01 -5.61326496e-03
8.69666363e-01 1.90953199e-01 5.94869140e-03 1.85510975e-01 -5.30734886e-03
8.70440504e-01 1.92237206e-01 5.91438468e-03 1.86778639e-01 -4.99352410e-03
8.71212499e-01 1.93457570e-01 5.87145998e-03 1.87993754e-01 -4.67272482e-03
8.71982345e-01 1.94613345e-01 5.81978919e-03 1.89155593e-01 -4.34615510e-03
8.72750041e-01 1.95704884e-01 5.75927180e-03 1.90264560e-01 -4.01527713e-03
8.73515584e-01 1.96733760e-01 5.68985284e-03 1.91322107e-01 -3.68179273e-03
8.74278973e-01 1.97702663e-01 5.61153930e-03 1.92330630e-01 -3.34761847e-03
8.75040206e-01 1.98615287e-01 5.52441418e-03 1.93293363e-01 -3.01485494e-03
8.75799281e-01 1.99476203e-01 5.42864793e-03 1.94214258e-01 -2.68575095e-03
8.76556196e-01 2.00290726e-01 5.32450674e-03 1.95097856e-01 -2.36266323e-03
8.77310949e-01 2.01064770e-01 5.21235744e-03 1.95949160e-01 -2.04801270e-03
8.78063539e-01 2.01804703e-01 5.09266868e-03 1.96773504e-01 -1.74423800e-03
8.78813963e-01 2.02517204e-01 4.96600837e-03 1.97576418e-01 -1.45374745e-03
8.79562220e-01 2.03209114e-01 4.83303718e-03 1.98363504e-01 -1.17887032e-03
8.80308308e-01 2.03887296e-01 4.69449834e-03 1.99140314e-01 -9.21808496e-04
8.81052225e-01 2.04558501e-01 4.55120365e-03 1.99912234e-01 -6.84589525e-04
8.81793969e-01 2.05229243e-01 4.40401620e-03 2.00684378e-01 -4.69022087e-04
8.82533538e-01 2.05905683e-01 4.25382997e-03 2.01461500e-01 -2.76654812e-04
8.83270931e-01 2.06593526e-01 4.10154669e-03 2.02247904e-01 -1.08739365e-04
8.84006145e-01 2.07297935e-01 3.94805070e-03 2.03047387e-01 3.38013611e-05
8.84739180e-01 2.08023451e-01 3.79418210e-03 2.03863176e-01 1.50399225e-04
8.85470032e-01 2.08773945e-01 3.64070891e-03 2.04697896e-01 2.40860328e-04
8.86198701e-01 2.09552566e-01 3.48829901e-03 2.05553548e-01 3.05377506e-04
8.86925184e-01 2.10361723e-01 3.33749231e-03 2.06431498e-01 3.44535413e-04
8.87649480e-01 2.11203077e-01 3.18867414e-03 2.07332486e-01 3.59307935e-04
8.88371587e-01 2.12077546e-01 3.04205026e-03 2.08256650e-01 3.51047805e-04
8.89091503e-01 2.12985331e-01 2.89762443e-03 2.09203560e-01 3.21468427e-04
8.89809227e-01 2.13925958e-01 2.75517906e-03 2.10172268e-01 2.72618068e-04
8.90524756e-01 2.14898323e-01 2.61425951e-03 2.11161363e-01 2.06846725e-04
8.91238089e-01 2.15900764e-01 2.47416279e-03 2.12169047e-01 1.26766088e-04
8.91949223e-01 2.16931134e-01 2.33393088e-03 2.13193207e-01 3.52031766e-05
8.92658159e-01 2.17986886e-01 2.19234929e-03 2.14231499e-01 -6.48516503e-05
8.93364892e-01 2.19065162e-01 2.04795100e-03 2.15281439e-01 -1.70301516e-04
8.94069423e-01 2.20162895e-01 1.89902615e-03 2.16340492e-01 -2.78003759e-04
8.94771748e-01 2.21276903e-01 1.74363737e-03 2.17406164e-01 -3.84833583e-04
8.95471867e-01 2.22403995e-01 1.57964105e-03 2.18476092e-01 -4.87749554e-04
8.96169778e-01 2.23541071e-01 1.40471401e-03 2.19548130e-01 -5.83859806e-04
8.96865478e-01 2.24685216e-01 1.21638578e-03 2.20620437e-01 -6.70487803e-04
8.97558967e-01 2.25833795e-01 1.01207585e-03 2.21691544e-01 -7.45236467e-04
8.98250242e-01 2.26984538e-01 7.89135474e-04 2.22760430e-01 -8.06049471e-04
8.98939302e-01 2.28135621e-01 5.44893663e-04 2.23826579e-01 -8.51268555e-04
8.99626145e-01 2.29285731e-01 2.76706480e-04 2.24890024e-01 -8.79685712e-04
9.00310769e-01 2.30434123e-01 -1.79909079e-05 2.25951389e-01 -8.90589182e-04
9.00993173e-01 2.31580667e-01 -3.41630295e-04 2.27011908e-01 -8.83802256e-04
9.01673355e-01 2.32725881e-01 -6.96455454e-04 2.28073442e-01 -8.59713994e-04
9.02351313e-01 2.33870948e-01 -1.08446700e-03 2.29138473e-01 -8.19301046e-04
9.03027046e-01 2.35017720e-01 -1.50736801e-03 2.30210090e-01 -7.64139931e-04
9.03700552e-01 2.36168713e-01 -1.96651139e-03 2.31291963e-01 -6.96409227e-04
9.04371830e-01 2.37327079e-01 -2.46284985e-03 2.32388298e-01 -6.18881302e-04
9.05040876e-01 2.38496573e-01 -2.99688949e-03 2.33503789e-01 -5.34903359e-04
9.05707691e-01 2.39681501e-01 -3.56864773e-03 2.34643551e-01 -4.48367752e-04
9.06372273e-01 2.40886658e-01 -4.17761671e-03 2.35813046e-01 -3.63671674e-04
9.07034619e-01 2.42117257e-01 -4.82273253e-03 2.37018001e-01 -2.85666518e-04
9.07694728e-01 2.43378843e-01 -5.50235138e-03 2.38264313e-01 -2.19597372e-04
9.08352599e-01 2.44677205e-01 -6.21423298e-03 2.39557959e-01 -1.71033276e-04
9.09008229e-01 2.46018272e-01 -6.95553183e-03 2.40904886e-01 -1.45789035e-04
9.09661618e-01 2.47408012e-01 -7.72279678e-03 2.42310914e-01 -1.49839540e-04
9.10312763e-01 2.48852322e-01 -8.51197899e-03 2.43781621e-01 -1.89227696e-04
9.10961663e-01 2.50356917e-01 -9.31844868e-03 2.45322246e-01 -2.69967169e-04
9.11608317e-01 2.51927224e-01 -1.01370205e-02 2.46937581e-01 -3.97941298e-04
9.12252723e-01 2.53568265e-01 -1.09619873e-02 2.48631869e-01 -5.78799615e-04
9.12894879e-01 2.55284556e-01 -1.17871627e-02 2.50408718e-01 -8.17853465e-04
9.13534783e-01 2.57080007e-01 -1.26059311e-02 2.52271005e-01 -1.11997232e-03
9.14172435e-01 2.58957823e-01 -1.34113054e-02 2.54220804e-01 -1.48948239e-03
9.14807832e-01 2.60920423e-01 -1.41959914e-02 2.56259312e-01 -1.93006908e-03
9.15440973e-01 2.62969362e-01 -1.49524591e-02 2.58386798e-01 -2.44468501e-03
9.16071856e-01 2.65105264e-01 -1.56730181e-02 2.60602551e-01 -3.03546504e-03
9.16700480e-01 2.67327772e-01 -1.63498985e-02 2.62904852e-01 -3.70364984e-03
9.17326844e-01 2.69635507e-01 -1.69753349e-02 2.65290951e-01 -4.44951944e-03
9.17950945e-01 2.72026038e-01 -1.75416527e-02 2.67757064e-01 -5.27233802e-03
9.18572782e-01 2.74495876e-01 -1.80413559e-02 2.70298383e-01 -6.17031104e-03
9.19192354e-01 2.77040474e-01 -1.84672156e-02 2.72909096e-01 -7.14055589e-03
9.19809659e-01 2.79654244e-01 -1.88123565e-02 2.75582426e-01 -8.17908666e-03
9.20424696e-01 2.82330590e-01 -1.90703428e-02 2.78310682e-01 -9.28081392e-03
9.21037462e-01 2.85061958e-01 -1.92352602e-02 2.81085321e-01 -1.04395597e-02
9.21647958e-01 2.87839891e-01 -1.93017937e-02 2.83897030e-01 -1.16480881e-02
9.22256180e-01 2.90655110e-01 -1.92653007e-02 2.86735804e-01 -1.28981513e-02
9.22862128e-01 2.93497597e-01 -1.91218779e-02 2.89591055e-01 -1.41805513e-02
9.23465800e-01 2.96356694e-01 -1.88684205e-02 2.92451712e-01 -1.54852158e-02
9.24067195e-01 2.99221213e-01 -1.85026748e-02 2.95306341e-01 -1.68012889e-02
9.24666310e-01 3.02079553e-01 -1.80232811e-02 2.98143263e-01 -1.81172351e-02
9.25263146e-01 3.04919826e-01 -1.74298085e-02 3.00950684e-01 -1.94209545e-02
9.25857699e-01 3.07729986e-01 -1.67227797e-02 3.03716825e-01 -2.06999104e-02
9.26449969e-01 3.10497969e-01 -1.59036856e-02 3.06430052e-01 -2.19412645e-02
9.27039955e-01 3.13211827e-01 -1.49749906e-02 3.09079010e-01 -2.31320212e-02
9.27627654e-01 3.15859870e-01 -1.39401270e-02 3.11652754e-01 -2.42591770e-02
9.28213065e-01 3.18430803e-01 -1.28034793e-02 3.14140878e-01 -2.53098740e-02
9.28796187e-01 3.20913864e-01 -1.15703592e-02 3.16533632e-01 -2.62715553e-02
9.29377019e-01 3.23298954e-01 -1.02469696e-02 3.18822050e-01 -2.71321200e-02
9.29955559e-01 3.25576764e-01 -8.84036016e-03 3.20998048e-01 -2.78800764e-02
9.30531805e-01 3.27738897e-01 -7.35837429e-03 3.23054532e-01 -2.85046905e-02
9.31105757e-01 3.29777972e-01 -5.80958692e-03 3.24985488e-01 -2.89961275e-02
9.31677412e-01 3.31687726e-01 -4.20323563e-03 3.26786060e-01 -2.93455857e-02
9.32246769e-01 3.33463108e-01 -2.54914471e-03 3.28452616e-01 -2.95454193e-02
9.32813828e-01 3.35100344e-01 -8.57643551e-04 3.29982807e-01 -2.95892487e-02
9.33378586e-01 3.36597008e-01 8.60519988e-04 3.31375606e-01 -2.94720575e-02
9.33941042e-01 3.37952069e-01 2.59427004e-03 3.32631332e-01 -2.91902735e-02
9.34501195e-01 3.39165917e-01 4.33229615e-03 3.33751669e-01 -2.87418329e-02
9.35059043e-01 3.40240388e-01 6.06314857e-03 3.34739659e-01 -2.81262273e-02
9.35614585e-01 3.41178763e-01 7.77533442e-03 3.35599688e-01 -2.73445309e-02
9.36167820e-01 3.41985752e-01 9.45741364e-03 3.36337454e-01 -2.63994100e-02
9.36718746e-01 3.42667467e-01 1.10980938e-02 3.36959926e-01 -2.52951113e-02
9.37267362e-01 3.43231373e-01 1.26863229e-02 3.37475281e-01 -2.40374320e-02
9.37813667e-01 3.43686232e-01 1.42113786e-02 3.37892834e-01 -2.26336696e-02
9.38357658e-01 3.44042023e-01 1.56629544e-02 3.38222956e-01 -2.10925534e-02
9.38899336e-01 3.44309860e-01 1.70312401e-02 3.38476981e-01 -1.94241578e-02
9.39438698e-01 3.44501882e-01 1.83069975e-02 3.38667095e-01 -1.76397984e-02
9.39975743e-01 3.44631148e-01 1.94816298e-02 3.38806229e-01 -1.57519128e-02
9.40510470e-01 3.44711509e-01 2.05472442e-02 3.38907932e-01 -1.37739267e-02
9.41042878e-01 3.44757478e-01 2.14967077e-02 3.38986246e-01 -1.17201077e-02
9.41572965e-01 3.44784090e-01 2.23236949e-02 3.39055568e-01 -9.60540850e-03
9.42100730e-01 3.44806752e-01 2.30227288e-02 3.39130516e-01 -7.44530132e-03
9.42626171e-01 3.44841100e-01 2.35892129e-02 3.39225789e-01 -5.25560625e-03
9.43149288e-01 3.44902838e-01 2.40194563e-02 3.39356025e-01 -3.05231504e-03
9.43670079e-01 3.45007591e-01 2.43106896e-02 3.39535660e-01 -8.51413247e-04
9.44188542e-01 3.45170744e-01 2.44610740e-02 3.39778796e-01 1.33129722e-03
9.44704677e-01 3.45407299e-01 2.44697025e-02 3.40099058e-01 3.48037270e-03
9.45218483e-01 3.45731723e-01 2.43365934e-02 3.40509475e-01 5.58089734e-03
9.45729957e-01 3.46157808e-01 2.40626772e-02 3.41022353e-01 7.61864536e-03
9.46239099e-01 3.46698539e-01 2.36497766e-02 3.41649159e-01 9.58023394e-03
9.46745907e-01 3.47365969e-01 2.31005807e-02 3.42400423e-01 1.14532648e-02
9.47250380e-01 3.48171104e-01 2.24186131e-02 3.43285640e-01 1.32264525e-02
9.47752518e-01 3.49123804e-01 2.16081955e-02 3.44313186e-01 1.48897384e-02
9.48252318e-01 3.50232691e-01 2.06744060e-02 3.45490250e-01 1.64343881e-02
9.48749779e-01 3.51505077e-01 1.96230343e-02 3.46822780e-01 1.78530719e-02
9.49244901e-01 3.52946904e-01 1.84605327e-02 3.48315434e-01 1.91399269e-02
9.49737681e-01 3.54562697e-01 1.71939652e-02 3.49971558e-01 2.02906007e-02
9.50228120e-01 3.56355540e-01 1.58309535e-02 3.51793170e-01 2.13022751e-02
9.50716215e-01 3.58327064e-01 1.43796218e-02 3.53780961e-01 2.21736716e-02
9.51201965e-01 3.60477455e-01 1.28485403e-02 3.55934315e-01 2.29050369e-02
9.51685370e-01 3.62805473e-01 1.12466682e-02 3.58251340e-01 2.34981098e-02
9.52166428e-01 3.65308495e-01 9.58329575e-03 3.60728914e-01 2.39560704e-02
9.52645137e-01 3.67982569e-01 7.86798714e-03 3.63362747e-01 2.42834716e-02
9.53121497e-01 3.70822487e-01 6.11052351e-03 3.66147457e-01 2.44861547e-02
9.53595507e-01 3.73821869e-01 4.32084663e-03 3.69076653e-01 2.45711506e-02
9.54067164e-01 3.76973264e-01 2.50900361e-03 3.72143043e-01 2.45465670e-02
9.54536469e-01 3.80268262e-01 6.85092677e-04 3.75338533e-01 2.44214648e-02
9.55003420e-01 3.83697617e-01 -1.14078974e-03 3.78654355e-01 2.42057239e-02
9.55468016e-01 3.87251380e-01 -2.95860059e-03 3.82081190e-01 2.39099022e-02
9.55930255e-01 3.90919041e-01 -4.75840042e-03 3.85609304e-01 2.35450872e-02
9.56390137e-01 3.94689674e-01 -6.53040213e-03 3.89228684e-01 2.31227453e-02
9.56847660e-01 3.98552093e-01 -8.26501839e-03 3.92929183e-01 2.26545679e-02
9.57302823e-01 4.02495000e-01 -9.95290770e-03 3.96700657e-01 2.21523184e-02
9.57755626e-01 4.06507146e-01 -1.15850191e-02 4.00533117e-01 2.16276817e-02
9.58206066e-01 4.10577481e-01 -1.31526357e-02 4.04416861e-01 2.10921166e-02
9.58654144e-01 4.14695305e-01 -1.46474170e-02 4.08342614e-01 2.05567157e-02
9.59099857e-01 4.18850415e-01 -1.60614400e-02 4.12301660e-01 2.00320719e-02
9.59543205e-01 4.23033240e-01 -1.73872397e-02 4.16285963e-01 1.95281549e-02
9.59984187e-01 4.27234972e-01 -1.86178472e-02 4.20288282e-01 1.90541982e-02
9.60422801e-01 4.31447683e-01 -1.97468286e-02 4.24302273e-01 1.86185979e-02
9.60859046e-01 4.35664434e-01 -2.07683209e-02 4.28322584e-01 1.82288259e-02
9.61292922e-01 4.39879368e-01 -2.16770678e-02 4.32344931e-01 1.78913555e-02
9.61724427e-01 4.44087785e-01 -2.24684535e-02 4.36366161e-01 1.76116032e-02
9.62153561e-01 4.48286209e-01 -2.31385347e-02 4.40384301e-01 1.73938852e-02
9.62580321e-01 4.52472430e-01 -2.36840717e-02 4.44398593e-01 1.72413900e-02
9.63004708e-01 4.56645537e-01 -2.41025561e-02 4.48409506e-01 1.71561662e-02
9.63426720e-01 4.60805928e-01 -2.43922365e-02 4.52418734e-01 1.71391262e-02
9.63846355e-01 4.64955301e-01 -2.45521416e-02 4.56429184e-01 1.71900654e-02
9.64263614e-01 4.69096635e-01 -2.45820995e-02 4.60444934e-01 1.73076960e-02
9.64678495e-01 4.73234144e-01 -2.44827535e-02 4.64471185e-01 1.74896946e-02
9.65090997e-01 4.77373221e-01 -2.42555737e-02 4.68514194e-01 1.77327637e-02
9.65501118e-01 4.81520364e-01 -2.39028635e-02 4.72581190e-01 1.80327049e-02
9.65908859e-01 4.85683090e-01 -2.34277613e-02 4.76680277e-01 1.83845034e-02
9.66314217e-01 4.89869823e-01 -2.28342364e-02 4.80820329e-01 1.87824218e-02
9.66717192e-01 4.94089790e-01 -2.21270788e-02 4.85010864e-01 1.92201025e-02
9.67117784e-01 4.98352887e-01 -2.13118822e-02 4.89261919e-01 1.96906775e-02
9.67515990e-01 5.02669547e-01 -2.03950204e-02 4.93583908e-01 2.01868818e-02
9.67911810e-01 5.07050598e-01 -1.93836162e-02 4.97987483e-01 2.07011724e-02
9.68305243e-01 5.11507114e-01 -1.82855029e-02 5.02483384e-01 2.12258477e-02
9.68696288e-01 5.16050267e-01 -1.71091778e-02 5.07082287e-01 2.17531677e-02
9.69084944e-01 5.20691172e-01 -1.58637489e-02 5.11794661e-01 2.22754732e-02
9.69471210e-01 5.25440739e-01 -1.45588726e-02 5.16630617e-01 2.27853012e-02
9.69855086e-01 5.30309526e-01 -1.32046847e-02 5.21599771e-01 2.32754964e-02
9.70236569e-01 5.35307597e-01 -1.18117242e-02 5.26711101e-01 2.37393162e-02
9.70615660e-01 5.40444385e-01 -1.03908495e-02 5.31972833e-01 2.41705280e-02
9.70992357e-01 5.45728574e-01 -8.95314879e-03 5.37392317e-01 2.45634986e-02
9.71366659e-01 5.51167980e-01 -7.50984438e-03 5.42975928e-01 2.49132722e-02
9.71738566e-01 5.56769454e-01 -6.07219241e-03 5.48728982e-01 2.52156384e-02
9.72108076e-01 5.62538798e-01 -4.65137815e-03 5.54655659e-01 2.54671878e-02
9.72475189e-01 5.68480694e-01 -3.25840836e-03 5.60758955e-01 2.56653547e-02
9.72839904e-01 5.74598653e-01 -1.90400174e-03 5.67040644e-01 2.58084469e-02
9.73202220e-01 5.80894989e-01 -5.98478581e-04 5.73501265e-01 2.58956615e-02
9.73562135e-01 5.87370796e-01 6.48348970e-04 5.80140125e-01 2.59270871e-02
9.73919650e-01 5.94025964e-01 1.82728474e-03 5.86955328e-01 2.59036916e-02
9.74274762e-01 6.00859207e-01 2.92985301e-03 5.93943817e-01 2.58272972e-02
9.74627472e-01 6.07868105e-01 3.94839820e-03 6.01101451e-01 2.57005407e-02
9.74977778e-01 6.15049181e-01 4.87617836e-03 6.08423084e-01 2.55268227e-02
9.75325680e-01 6.22397988e-01 5.70745085e-03 6.15902684e-01 2.53102434e-02
9.75671177e-01 6.29909220e-01 6.43754907e-03 6.23533454e-01 2.50555279e-02
9.76014267e-01 6.37576839e-01 7.06294865e-03 6.31307983e-01 2.47679418e-02
9.76354950e-01 6.45394225e-01 7.58132191e-03 6.39218411e-01 2.44531974e-02
9.76693226e-01 6.53354338e-01 7.99157946e-03 6.47256606e-01 2.41173530e-02
9.77029093e-01 6.61449899e-01 8.29389787e-03 6.55414360e-01 2.37667062e-02
9.77362550e-01 6.69673578e-01 8.48973246e-03 6.63683594e-01 2.34076833e-02
9.77693597e-01 6.78018205e-01 8.58181456e-03 6.72056573e-01 2.30467256e-02
9.78022233e-01 6.86476980e-01 8.57413268e-03 6.80526132e-01 2.26901755e-02
9.78348456e-01 6.95043695e-01 8.47189716e-03 6.89085899e-01 2.23441636e-02
9.78672267e-01 7.03712961e-01 8.28148836e-03 6.97730532e-01 2.20144983e-02
9.78993665e-01 7.12480439e-01 8.01038829e-03 7.06455943e-01 2.17065605e-02
9.79312648e-01 7.21343063e-01 7.66709607e-03 7.15259529e-01 2.14252048e-02
9.79629216e-01 7.30299270e-01 7.26102797e-03 7.24140395e-01 2.11746687e-02
9.79943368e-01 7.39349219e-01 6.80240249e-03 7.33099560e-01 2.09584917e-02
9.80255103e-01 7.48494998e-01 6.30211194e-03 7.42140166e-01 2.07794461e-02
9.80564421e-01 7.57740824e-01 5.77158142e-03 7.51267654e-01 2.06394799e-02
9.80871321e-01 7.67093226e-01 5.22261698e-03 7.60489940e-01 2.05396745e-02
9.81175801e-01 7.76561209e-01 4.66724455e-03 7.69817556e-01 2.04802168e-02
9.81477862e-01 7.86156394e-01 4.11754151e-03 7.79263775e-01 2.04603874e-02
9.81777503e-01 7.95893141e-01 3.58546311e-03 7.88844708e-01 2.04785658e-02
9.82074722e-01 8.05788639e-01 3.08266579e-03 7.98579369e-01 2.05322520e-02
9.82369519e-01 8.15862967e-01 2.62032986e-03 8.08489713e-01 2.06181051e-02
9.82661894e-01 8.26139124e-01 2.20898391e-03 8.18600639e-01 2.07319997e-02
9.82951845e-01 8.36643024e-01 1.85833351e-03 8.28939957e-01 2.08690986e-02
9.83239372e-01 8.47403457e-01 1.57709658e-03 8.39538317e-01 2.10239412e-02
9.83524474e-01 8.58452007e-01 1.37284807e-03 8.50429105e-01 2.11905482e-02
9.83807150e-01 8.69822942e-01 1.25187633e-03 8.61648296e-01 2.13625393e-02
9.84087401e-01 8.81553051e-01 1.21905357e-03 8.73234276e-01 2.15332649e-02
9.84365224e-01 8.93681456e-01 1.27772262e-03 8.85227615e-01 2.16959484e-02
9.84640620e-01 9.06249379e-01 1.42960212e-03 8.97670816e-01 2.18438382e-02
9.84913588e-01 9.19299873e-01 1.67471203e-03 9.10608023e-01 2.19703673e-02
9.85184126e-01 9.32877524e-01 2.01132114e-03 9.24084703e-01 2.20693186e-02
9.85452235e-01 9.47028117e-01 2.43591796e-03 9.38147291e-01 2.21349932e-02
9.85717914e-01 9.61798281e-01 2.94320612e-03 9.52842825e-01 2.21623795e-02
9.85981162e-01 9.77235110e-01 3.52612516e-03 9.68218553e-01 2.21473209e-02
9.86241978e-01 9.93385773e-01 4.17589714e-03 9.84321535e-01 2.20866792e-02
9.86500362e-01 1.01029711e+00 4.88209918e-03 1.00119824e+00 2.19784918e-02
9.86756313e-01 1.02801523e+00 5.63276173e-03 1.01889414e+00 2.18221192e-02
9.87009830e-01 1.04658515e+00 6.41449199e-03 1.03745334e+00 2.16183817e-02
9.87260914e-01 1.06605037e+00 7.21262150e-03 1.05691820e+00 2.13696814e-02
9.87509562e-01 1.08645259e+00 8.01137647e-03 1.07732903e+00 2.10801089e-02
9.87755776e-01 1.10783140e+00 8.79406925e-03 1.09872378e+00 2.07555312e-02
9.87999553e-01 1.13022402e+00 9.54330884e-03 1.12113786e+00 2.04036602e-02
9.88240894e-01 1.15366517e+00 1.02412281e-02 1.14460397e+00 2.00340985e-02
9.88479797e-01 1.17818693e+00 1.08697248e-02 1.16915204e+00 1.96583633e-02
9.88716263e-01 1.20381882e+00 1.14107138e-02 1.19480930e+00 1.92898847e-02
9.88950290e-01 1.23058786e+00 1.18463872e-02 1.22160039e+00 1.89439794e-02
9.89181879e-01 1.25851888e+00 1.21594784e-02 1.24954769e+00 1.86377990e-02
9.89411028e-01 1.28763485e+00 1.23335275e-02 1.27867170e+00 1.83902507e-02
9.89637737e-01 1.31795745e+00 1.23531439e-02 1.30899165e+00 1.82218934e-02
9.89862005e-01 1.34950778e+00 1.22042620e-02 1.34052623e+00 1.81548070e-02
9.90083833e-01 1.38230722e+00 1.18743869e-02 1.37329452e+00 1.82124371e-02
9.90303218e-01 1.41637852e+00 1.13528263e-02 1.40731707e+00 1.84194146e-02
9.90520161e-01 1.45174704e+00 1.06309046e-02 1.44261722e+00 1.88013531e-02
9.90734662e-01 1.48844220e+00 9.70215629e-03 1.47922256e+00 1.93846248e-02
9.90946719e-01 1.52649916e+00 8.56249494e-03 1.51716664e+00 2.01961159e-02
9.91156332e-01 1.56596062e+00 7.21035535e-03 1.55649085e+00 2.12629652e-02
9.91363501e-01 1.60687893e+00 5.64680575e-03 1.59724649e+00 2.26122868e-02
9.91568226e-01 1.64931829e+00 3.87562786e-03 1.63949704e+00 2.42708804e-02
9.91770504e-01 1.69335717e+00 1.90336313e-03 1.68332056e+00 2.62649308e-02
9.91970337e-01 1.73909088e+00 -2.60676659e-04 1.72881235e+00 2.86197004e-02
9.92167724e-01 1.78663433e+00 -2.60443520e-03 1.77608762e+00 3.13592172e-02
9.92362663e-01 1.83612480e+00 -5.11317456e-03 1.82528440e+00 3.45059614e-02
9.92555155e-01 1.88772496e+00 -7.76957506e-03 1.87656640e+00 3.80805533e-02
9.92745200e-01 1.94162582e+00 -1.05538719e-02 1.93012611e+00 4.21014464e-02
9.92932796e-01 1.99804975e+00 -1.34440270e-02 1.98618774e+00 4.65846286e-02
9.93117944e-01 2.05725353e+00 -1.64159357e-02 2.04501023e+00 5.15433338e-02
9.93300642e-01 2.11953128e+00 -1.94436642e-02 2.10689023e+00 5.69877684e-02
9.93480891e-01 2.18521729e+00 -2.24997179e-02 2.17216489e+00 6.29248545e-02
9.93658689e-01 2.25468876e+00 -2.55553356e-02 2.24121455e+00 6.93579934e-02
9.93834037e-01 2.32836823e+00 -2.85808067e-02 2.31446516e+00 7.62868512e-02
9.94006934e-01 2.40672586e+00 -3.15458081e-02 2.39239049e+00 8.37071714e-02
9.94177380e-01 2.49028125e+00 -3.44197568e-02 2.47551400e+00 9.16106134e-02
9.94345374e-01 2.57960503e+00 -3.71721723e-02 2.56441029e+00 9.99846231e-02
9.94510915e-01 2.67531987e+00 -3.97730462e-02 2.65970611e+00 1.08812334e-01
9.94674004e-01 2.77810111e+00 -4.21932129e-02 2.76208097e+00 1.18072505e-01
9.94834640e-01 2.88867673e+00 -4.44047166e-02 2.87226702e+00 1.27739489e-01
9.94992823e-01 3.00782682e+00 -4.63811705e-02 2.99104849e+00 1.37783247e-01
9.95148552e-01 3.13638230e+00 -4.80981023e-02 3.11926036e+00 1.48169390e-01
9.95301826e-01 3.27522298e+00 -4.95332818e-02 3.25778637e+00 1.58859269e-01
9.95452646e-01 3.42527488e+00 -5.06670255e-02 3.40755632e+00 1.69810102e-01
9.95601011e-01 3.58750675e+00 -5.14824746e-02 3.56954250e+00 1.80975137e-01
9.95746921e-01 3.76292580e+00 -5.19658420e-02 3.74475539e+00 1.92303861e-01
9.95890375e-01 3.95257259e+00 -5.21066237e-02 3.93423853e+00 2.03742243e-01
9.96031373e-01 4.15751509e+00 -5.18977729e-02 4.13906254e+00 2.15233026e-01
9.96169914e-01 4.37884193e+00 -5.13358331e-02 4.36031830e+00 2.26716041e-01
9.96305999e-01 4.61765477e+00 -5.04210276e-02 4.59910933e+00 2.38128573e-01
9.96439627e-01 4.87505993e+00 -4.91573045e-02 4.85654338e+00 2.49405755e-01
9.96570797e-01 5.15215919e+00 -4.75523360e-02 5.13372320e+00 2.60480997e-01
9.96699510e-01 5.45003991e+00 -4.56174706e-02 5.43173666e+00 2.71286442e-01
9.96825765e-01 5.76976445e+00 -4.33676389e-02 5.75164616e+00 2.81753457e-01
9.96949561e-01 6.11235901e+00 -4.08212145e-02 6.09447746e+00 2.91813142e-01
9.97070899e-01 6.47880193e+00 -3.79998295e-02 6.46120798e+00 3.01396869e-01
9.97189778e-01 6.87001157e+00 -3.49281484e-02 6.85275468e+00 3.10436825e-01
9.97306197e-01 7.28683387e+00 -3.16336019e-02 7.26996166e+00 3.18866589e-01
9.97420157e-01 7.73002966e+00 -2.81460843e-02 7.71358747e+00 3.26621698e-01
9.97531657e-01 8.20026193e+00 -2.44976169e-02 8.18429240e+00 3.33640232e-01
9.97640697e-01 8.69808311e+00 -2.07219836e-02 8.68262581e+00 3.39863393e-01
9.97747277e-01 9.22392250e+00 -1.68543411e-02 9.20901357e+00 3.45236078e-01
9.97851396e-01 9.77807408e+00 -1.29308101e-02 9.76374592e+00 3.49707447e-01
9.97953055e-01 1.03606847e+01 -8.98805193e-03 1.03469657e+01 3.53231467e-01
9.98052252e-01 1.09717430e+01 -5.06283556e-03 1.09586574e+01 3.55767441e-01
9.98148988e-01 1.16110690e+01 -1.19160217e-03 1.15986365e+01 3.57280505e-01
9.98243262e-01 1.22783045e+01 2.58996892e-03 1.22665404e+01 3.57742098e-01
9.98335074e-01 1.29729049e+01 6.24738618e-03 1.29618198e+01 3.57130381e-01
9.98424424e-01 1.36941318e+01 9.74775849e-03 1.36837319e+01 3.55430629e-01
9.98511312e-01 1.44410473e+01 1.30601890e-02 1.44313341e+01 3.52635558e-01
9.98595738e-01 1.52125094e+01 1.61561450e-02 1.52034799e+01 3.48745608e-01
9.98677701e-01 1.60071692e+01 1.90097989e-02 1.59988160e+01 3.43769159e-01
9.98757201e-01 1.68234698e+01 2.15983356e-02 1.68157815e+01 3.37722690e-01
9.98834237e-01 1.76596469e+01 2.39022230e-02 1.76526080e+01 3.30630867e-01
9.98908811e-01 1.85137308e+01 2.59054405e-02 1.85073223e+01 3.22526561e-01
9.98980921e-01 1.93835515e+01 2.75956635e-02 1.93777510e+01 3.13450796e-01
9.99050567e-01 2.02667441e+01 2.89644018e-02 2.02615262e+01 3.03452617e-01
9.99117750e-01 2.11607574e+01 3.00070881e-02 2.11560940e+01 2.92588885e-01
9.99182468e-01 2.20628638e+01 3.07231177e-02 2.20587246e+01 2.80923996e-01
9.99244723e-01 2.29701711e+01 3.11158366e-02 2.29665242e+01 2.68529524e-01
9.99304513e-01 2.38796366e+01 3.11924800e-02 2.38764484e+01 2.55483783e-01
9.99361839e-01 2.47880824e+01 3.09640603e-02 2.47853186e+01 2.41871328e-01
9.99416700e-01 2.56922126e+01 3.04452066e-02 2.56898382e+01 2.27782376e-01
9.99469096e-01 2.65886322e+01 2.96539585e-02 2.65866121e+01 2.13312167e-01
9.99519028e-01 2.74738673e+01 2.86115155e-02 2.74721667e+01 1.98560263e-01
9.99566494e-01 2.83443862e+01 2.73419455e-02 2.83429711e+01 1.83629788e-01
9.99611495e-01 2.91966226e+01 2.58718575e-02 2.91954598e+01 1.68626626e-01
9.99654032e-01 3.00269982e+01 2.42300408e-02 3.00260560e+01 1.53658574e-01
9.99694102e-01 3.08319475e+01 2.24470766e-02 3.08311959e+01 1.38834459e-01
9.99731708e-01 3.16079423e+01 2.05549267e-02 3.16073530e+01 1.24263231e-01
9.99766848e-01 3.23515161e+01 1.85865052e-02 3.23510631e+01 1.10053044e-01
9.99799522e-01 3.30592896e+01 1.65752371e-02 3.30589492e+01 9.63103197e-02
9.99829731e-01 3.37279952e+01 1.45546123e-02 3.37277458e+01 8.31388253e-02
9.99857474e-01 3.43545007e+01 1.25577380e-02 3.43543235e+01 7.06387526e-02
9.99882751e-01 3.49358338e+01 1.06168975e-02 3.49357124e+01 5.89058257e-02
9.99905562e-01 3.54692038e+01 8.76311997e-03 3.54691241e+01 4.80304366e-02
9.99925908e-01 3.59520236e+01 7.02576727e-03 3.59519740e+01 3.80968236e-02
9.99943787e-01 3.63819294e+01 5.43214336e-03 3.63819006e+01 2.91822977e-02
9.99959200e-01 3.67567997e+01 4.00713101e-03 3.67567844e+01 2.13565287e-02
9.99972148e-01 3.70747714e+01 2.77286085e-03 3.70747642e+01 1.46808968e-02
9.99982629e-01 3.73342553e+01 1.74841675e-03 3.73342525e+01 9.20791694e-03
9.99990644e-01 3.75339488e+01 9.49580557e-04 3.75339480e+01 4.98073699e-03
9.99996193e-01 3.76728488e+01 3.88613013e-04 3.76728486e+01 2.03268253e-03
9.99999277e-01 3.77502839e+01 7.39916320e-05 3.77502839e+01 3.86424209e-04
