-9.99999277e-01 2.50362467e-03 -2.46677128e-09 -2.50362467e-03 -7.11065517e-09
-9.99996193e-01 2.50359124e-03 -1.29976844e-08 -2.50359124e-03 -3.74643564e-08
-9.99990644e-01 2.50353112e-03 -3.19452925e-08 -2.50353111e-03 -9.20678457e-08
-9.99982629e-01 2.50344429e-03 -5.93166938e-08 -2.50344426e-03 -1.70924429e-07
-9.99972148e-01 2.50333076e-03 -9.51165774e-08 -2.50333070e-03 -2.74022851e-07
-9.99959200e-01 2.50319056e-03 -1.39350522e-07 -2.50319042e-03 -4.01346806e-07
-9.99943787e-01 2.50302371e-03 -1.92025306e-07 -2.50302344e-03 -5.52875842e-07
-9.99925908e-01 2.50283023e-03 -2.53148958e-07 -2.50282976e-03 -7.28585528e-07
-9.99905562e-01 2.50261016e-03 -3.22730777e-07 -2.50260939e-03 -9.28447505e-07
-9.99882751e-01 2.50236352e-03 -4.00781327e-07 -2.50236234e-03 -1.15242951e-06
-9.99857474e-01 2.50209037e-03 -4.87312441e-07 -2.50208862e-03 -1.40049537e-06
-9.99829731e-01 2.50179073e-03 -5.82337215e-07 -2.50178824e-03 -1.67260504e-06
-9.99799522e-01 2.50146467e-03 -6.85870005e-07 -2.50146122e-03 -1.96871461e-06
-9.99766848e-01 2.50111223e-03 -7.97926422e-07 -2.50110756e-03 -2.28877629e-06
-9.99731708e-01 2.50073347e-03 -9.18523328e-07 -2.50072729e-03 -2.63273844e-06
-9.99694102e-01 2.50032846e-03 -1.04767883e-06 -2.50032042e-03 -3.00054557e-06
-9.99654032e-01 2.49989724e-03 -1.18541227e-06 -2.49988697e-03 -3.39213838e-06
-9.99611495e-01 2.49943990e-03 -1.33174423e-06 -2.49942695e-03 -3.80745373e-06
-9.99566494e-01 2.49895651e-03 -1.48669651e-06 -2.49894039e-03 -4.24642470e-06
-9.99519028e-01 2.49844714e-03 -1.65029213e-06 -2.49842730e-03 -4.70898055e-06
-9.99469096e-01 2.49791187e-03 -1.82255532e-06 -2.49788771e-03 -5.19504680e-06
-9.99416700e-01 2.49735080e-03 -2.00351151e-06 -2.49732165e-03 -5.70454519e-06
-9.99361839e-01 2.49676401e-03 -2.19318735e-06 -2.49672913e-03 -6.23739372e-06
-9.99304513e-01 2.49615159e-03 -2.39161062e-06 -2.49611019e-03 -6.79350667e-06
-9.99244723e-01 2.49551364e-03 -2.59881033e-06 -2.49546484e-03 -7.37279463e-06
-9.99182468e-01 2.49485027e-03 -2.81481664e-06 -2.49479312e-03 -7.97516449e-06
-9.99117750e-01 2.49416157e-03 -3.03966084e-06 -2.49409505e-03 -8.60051946e-06
-9.99050567e-01 2.49344767e-03 -3.27337540e-06 -2.49337067e-03 -9.24875915e-06
-9.98980921e-01 2.49270866e-03 -3.51599391e-06 -2.49262000e-03 -9.91977950e-06
-9.98908811e-01 2.49194468e-03 -3.76755108e-06 -2.49184309e-03 -1.06134729e-05
-9.98834237e-01 2.49115583e-03 -4.02808275e-06 -2.49103995e-03 -1.13297281e-05
-9.98757201e-01 2.49034225e-03 -4.29762583e-06 -2.49021063e-03 -1.20684303e-05
-9.98677701e-01 2.48950407e-03 -4.57621834e-06 -2.48935517e-03 -1.28294613e-05
-9.98595738e-01 2.48864142e-03 -4.86389938e-06 -2.48847359e-03 -1.36126992e-05
-9.98511312e-01 2.48775442e-03 -5.16070909e-06 -2.48756595e-03 -1.44180187e-05
-9.98424424e-01 2.48684324e-03 -5.46668867e-06 -2.48663227e-03 -1.52452913e-05
-9.98335074e-01 2.48590800e-03 -5.78188036e-06 -2.48567260e-03 -1.60943846e-05
-9.98243262e-01 2.48494886e-03 -6.10632741e-06 -2.48468697e-03 -1.69651631e-05
-9.98148988e-01 2.48396596e-03 -6.44007409e-06 -2.48367544e-03 -1.78574880e-05
-9.98052252e-01 2.48295947e-03 -6.78316564e-06 -2.48263804e-03 -1.87712170e-05
-9.97953055e-01 2.48192955e-03 -7.13564829e-06 -2.48157483e-03 -1.97062045e-05
-9.97851396e-01 2.48087634e-03 -7.49756923e-06 -2.48048584e-03 -2.06623018e-05
-9.97747277e-01 2.47980003e-03 -7.86897659e-06 -2.47937113e-03 -2.16393568e-05
-9.97640697e-01 2.47870077e-03 -8.24991944e-06 -2.47823074e-03 -2.26372142e-05
-9.97531657e-01 2.47757874e-03 -8.64044774e-06 -2.47706472e-03 -2.36557155e-05
-9.97420157e-01 2.47643412e-03 -9.04061236e-06 -2.47587312e-03 -2.46946993e-05
-9.97306197e-01 2.47526709e-03 -9.45046504e-06 -2.47465600e-03 -2.57540007e-05
-9.97189778e-01 2.47407783e-03 -9.87005840e-06 -2.47341341e-03 -2.68334521e-05
-9.97070899e-01 2.47286652e-03 -1.02994459e-05 -2.47214540e-03 -2.79328826e-05
-9.96949561e-01 2.47163336e-03 -1.07386817e-05 -2.47085203e-03 -2.90521185e-05
-9.96825765e-01 2.47037853e-03 -1.11878211e-05 -2.46953335e-03 -3.01909830e-05
-9.96699510e-01 2.46910223e-03 -1.16469198e-05 -2.46818943e-03 -3.13492963e-05
-9.96570797e-01 2.46780467e-03 -1.21160344e-05 -2.46682031e-03 -3.25268760e-05
-9.96439627e-01 2.46648603e-03 -1.25952224e-05 -2.46542607e-03 -3.37235367e-05
-9.96305999e-01 2.46514654e-03 -1.30845419e-05 -2.46400676e-03 -3.49390900e-05
-9.96169914e-01 2.46378638e-03 -1.35840516e-05 -2.46256244e-03 -3.61733450e-05
-9.96031373e-01 2.46240579e-03 -1.40938112e-05 -2.46109319e-03 -3.74261080e-05
-9.95890375e-01 2.46100496e-03 -1.46138807e-05 -2.45959905e-03 -3.86971826e-05
-9.95746921e-01 2.45958411e-03 -1.51443211e-05 -2.45808011e-03 -3.99863697e-05
-9.95601011e-01 2.45814347e-03 -1.56851937e-05 -2.45653641e-03 -4.12934676e-05
-9.95452646e-01 2.45668326e-03 -1.62365607e-05 -2.45496805e-03 -4.26182723e-05
-9.95301826e-01 2.45520369e-03 -1.67984847e-05 -2.45337507e-03 -4.39605768e-05
-9.95148552e-01 2.45370500e-03 -1.73710289e-05 -2.45175756e-03 -4.53201721e-05
-9.94992823e-01 2.45218742e-03 -1.79542571e-05 -2.45011558e-03 -4.66968465e-05
-9.94834640e-01 2.45065118e-03 -1.85482336e-05 -2.44844921e-03 -4.80903860e-05
-9.94674004e-01 2.44909651e-03 -1.91530231e-05 -2.44675853e-03 -4.95005741e-05
-9.94510915e-01 2.44752365e-03 -1.97686910e-05 -2.44504360e-03 -5.09271924e-05
-9.94345374e-01 2.44593284e-03 -2.03953029e-05 -2.44330450e-03 -5.23700198e-05
-9.94177380e-01 2.44432433e-03 -2.10329250e-05 -2.44154131e-03 -5.38288333e-05
-9.94006934e-01 2.44269835e-03 -2.16816239e-05 -2.43975410e-03 -5.53034075e-05
-9.93834037e-01 2.44105515e-03 -2.23414664e-05 -2.43794297e-03 -5.67935153e-05
-9.93658689e-01 2.43939499e-03 -2.30125199e-05 -2.43610799e-03 -5.82989270e-05
-9.93480891e-01 2.43771810e-03 -2.36948521e-05 -2.43424923e-03 -5.98194113e-05
-9.93300642e-01 2.43602476e-03 -2.43885309e-05 -2.43236679e-03 -6.13547349e-05
-9.93117944e-01 2.43431520e-03 -2.50936246e-05 -2.43046074e-03 -6.29046622e-05
-9.92932796e-01 2.43258969e-03 -2.58102017e-05 -2.42853118e-03 -6.44689563e-05
-9.92745200e-01 2.43084848e-03 -2.65383309e-05 -2.42657819e-03 -6.60473780e-05
-9.92555155e-01 2.42909184e-03 -2.72780813e-05 -2.42460185e-03 -6.76396867e-05
-9.92362663e-01 2.42732002e-03 -2.80295220e-05 -2.42260226e-03 -6.92456398e-05
-9.92167724e-01 2.42553330e-03 -2.87927224e-05 -2.42057951e-03 -7.08649931e-05
-9.91970337e-01 2.42373193e-03 -2.95677521e-05 -2.41853368e-03 -7.24975010e-05
-9.91770504e-01 2.42191619e-03 -3.03546806e-05 -2.41646487e-03 -7.41429160e-05
-9.91568226e-01 2.42008634e-03 -3.11535777e-05 -2.41437317e-03 -7.58009894e-05
-9.91363501e-01 2.41824265e-03 -3.19645131e-05 -2.41225867e-03 -7.74714707e-05
-9.91156332e-01 2.41638540e-03 -3.27875568e-05 -2.41012148e-03 -7.91541083e-05
-9.90946719e-01 2.41451485e-03 -3.36227787e-05 -2.40796168e-03 -8.08486491e-05
-9.90734662e-01 2.41263129e-03 -3.44702485e-05 -2.40577938e-03 -8.25548386e-05
-9.90520161e-01 2.41073499e-03 -3.53300363e-05 -2.40357468e-03 -8.42724213e-05
-9.90303218e-01 2.40882622e-03 -3.62022117e-05 -2.40134767e-03 -8.60011403e-05
-9.90083833e-01 2.40690527e-03 -3.70868445e-05 -2.39909845e-03 -8.77407374e-05
-9.89862005e-01 2.40497240e-03 -3.79840044e-05 -2.39682713e-03 -8.94909537e-05
-9.89637737e-01 2.40302791e-03 -3.88937608e-05 -2.39453381e-03 -9.12515290e-05
-9.89411028e-01 2.40107208e-03 -3.98161832e-05 -2.39221859e-03 -9.30222021e-05
-9.89181879e-01 2.39910517e-03 -4.07513407e-05 -2.38988158e-03 -9.48027109e-05
-9.88950290e-01 2.39712749e-03 -4.16993023e-05 -2.38752289e-03 -9.65927924e-05
-9.88716263e-01 2.39513931e-03 -4.26601367e-05 -2.38514263e-03 -9.83921829e-05
-9.88479797e-01 2.39314092e-03 -4.36339125e-05 -2.38274089e-03 -1.00200618e-04
-9.88240894e-01 2.39113260e-03 -4.46206980e-05 -2.38031780e-03 -1.02017831e-04
-9.87999553e-01 2.38911463e-03 -4.56205609e-05 -2.37787346e-03 -1.03843558e-04
-9.87755776e-01 2.38708731e-03 -4.66335691e-05 -2.37540799e-03 -1.05677531e-04
-9.87509562e-01 2.38505092e-03 -4.76597897e-05 -2.37292150e-03 -1.07519483e-04
-9.87260914e-01 2.38300575e-03 -4.86992896e-05 -2.37041409e-03 -1.09369147e-04
-9.87009830e-01 2.38095208e-03 -4.97521353e-05 -2.36788590e-03 -1.11226254e-04
-9.86756313e-01 2.37889021e-03 -5.08183928e-05 -2.36533702e-03 -1.13090535e-04
-9.86500362e-01 2.37682042e-03 -5.18981279e-05 -2.36276759e-03 -1.14961722e-04
-9.86241978e-01 2.37474300e-03 -5.29914056e-05 -2.36017771e-03 -1.16839546e-04
-9.85981162e-01 2.37265824e-03 -5.40982906e-05 -2.35756752e-03 -1.18723737e-04
-9.85717914e-01 2.37056642e-03 -5.52188469e-05 -2.35493712e-03 -1.20614025e-04
-9.85452235e-01 2.36846784e-03 -5.63531382e-05 -2.35228664e-03 -1.22510140e-04
-9.85184126e-01 2.36636279e-03 -5.75012275e-05 -2.34961620e-03 -1.24411813e-04
-9.84913588e-01 2.36425155e-03 -5.86631772e-05 -2.34692592e-03 -1.26318774e-04
-9.84640620e-01 2.36213441e-03 -5.98390490e-05 -2.34421594e-03 -1.28230752e-04
-9.84365224e-01 2.36001166e-03 -6.10289042e-05 -2.34148637e-03 -1.30147478e-04
-9.84087401e-01 2.35788359e-03 -6.22328031e-05 -2.33873734e-03 -1.32068681e-04
-9.83807150e-01 2.35575048e-03 -6.34508055e-05 -2.33596898e-03 -1.33994094e-04
-9.83524474e-01 2.35361263e-03 -6.46829706e-05 -2.33318142e-03 -1.35923445e-04
-9.83239372e-01 2.35147031e-03 -6.59293567e-05 -2.33037478e-03 -1.37856466e-04
-9.82951845e-01 2.34932382e-03 -6.71900213e-05 -2.32754920e-03 -1.39792889e-04
-9.82661894e-01 2.34717345e-03 -6.84650212e-05 -2.32470480e-03 -1.41732444e-04
-9.82369519e-01 2.34501946e-03 -6.97544123e-05 -2.32184173e-03 -1.43674865e-04
-9.82074722e-01 2.34286216e-03 -7.10582499e-05 -2.31896011e-03 -1.45619882e-04
-9.81777503e-01 2.34070183e-03 -7.23765882e-05 -2.31606007e-03 -1.47567230e-04
-9.81477862e-01 2.33853874e-03 -7.37094807e-05 -2.31314176e-03 -1.49516643e-04
-9.81175801e-01 2.33637318e-03 -7.50569798e-05 -2.31020531e-03 -1.51467854e-04
-9.80871321e-01 2.33420543e-03 -7.64191372e-05 -2.30725085e-03 -1.53420598e-04
-9.80564421e-01 2.33203577e-03 -7.77960034e-05 -2.30427852e-03 -1.55374611e-04
-9.80255103e-01 2.32986449e-03 -7.91876283e-05 -2.30128847e-03 -1.57329630e-04
-9.79943368e-01 2.32769185e-03 -8.05940605e-05 -2.29828083e-03 -1.59285393e-04
-9.79629216e-01 2.32551814e-03 -8.20153477e-05 -2.29525574e-03 -1.61241636e-04
-9.79312648e-01 2.32334363e-03 -8.34515366e-05 -2.29221334e-03 -1.63198099e-04
-9.78993665e-01 2.32116859e-03 -8.49026728e-05 -2.28915377e-03 -1.65154523e-04
-9.78672267e-01 2.31899331e-03 -8.63688009e-05 -2.28607719e-03 -1.67110649e-04
-9.78348456e-01 2.31681805e-03 -8.78499643e-05 -2.28298373e-03 -1.69066218e-04
-9.78022233e-01 2.31464309e-03 -8.93462055e-05 -2.27987353e-03 -1.71020974e-04
-9.77693597e-01 2.31246868e-03 -9.08575656e-05 -2.27674675e-03 -1.72974663e-04
-9.77362550e-01 2.31029511e-03 -9.23840848e-05 -2.27360353e-03 -1.74927028e-04
-9.77029093e-01 2.30812264e-03 -9.39258019e-05 -2.27044401e-03 -1.76877818e-04
-9.76693226e-01 2.30595152e-03 -9.54827548e-05 -2.26726835e-03 -1.78826780e-04
-9.76354950e-01 2.30378204e-03 -9.70549800e-05 -2.26407670e-03 -1.80773665e-04
-9.76014267e-01 2.30161444e-03 -9.86425126e-05 -2.26086919e-03 -1.82718223e-04
-9.75671177e-01 2.29944899e-03 -1.00245387e-04 -2.25764599e-03 -1.84660206e-04
-9.75325680e-01 2.29728594e-03 -1.01863636e-04 -2.25440725e-03 -1.86599369e-04
-9.74977778e-01 2.29512556e-03 -1.03497291e-04 -2.25115311e-03 -1.88535468e-04
-9.74627472e-01 2.29296809e-03 -1.05146382e-04 -2.24788373e-03 -1.90468258e-04
-9.74274762e-01 2.29081380e-03 -1.06810938e-04 -2.24459927e-03 -1.92397500e-04
-9.73919650e-01 2.28866292e-03 -1.08490987e-04 -2.24129987e-03 -1.94322953e-04
-9.73562135e-01 2.28651571e-03 -1.10186555e-04 -2.23798570e-03 -1.96244378e-04
-9.73202220e-01 2.28437242e-03 -1.11897667e-04 -2.23465690e-03 -1.98161541e-04
-9.72839904e-01 2.28223329e-03 -1.13624346e-04 -2.23131364e-03 -2.00074206e-04
-9.72475189e-01 2.28009857e-03 -1.15366615e-04 -2.22795607e-03 -2.01982141e-04
-9.72108076e-01 2.27796848e-03 -1.17124495e-04 -2.22458434e-03 -2.03885115e-04
-9.71738566e-01 2.27584328e-03 -1.18898004e-04 -2.22119862e-03 -2.05782899e-04
-9.71366659e-01 2.27372320e-03 -1.20687161e-04 -2.21779907e-03 -2.07675265e-04
-9.70992357e-01 2.27160847e-03 -1.22491982e-04 -2.21438585e-03 -2.09561990e-04
-9.70615660e-01 2.26949933e-03 -1.24312482e-04 -2.21095911e-03 -2.11442850e-04
-9.70236569e-01 2.26739599e-03 -1.26148675e-04 -2.20751901e-03 -2.13317623e-04
-9.69855086e-01 2.26529870e-03 -1.28000572e-04 -2.20406572e-03 -2.15186092e-04
-9.69471210e-01 2.26320767e-03 -1.29868184e-04 -2.20059940e-03 -2.17048039e-04
-9.69084944e-01 2.26112313e-03 -1.31751521e-04 -2.19712022e-03 -2.18903250e-04
-9.68696288e-01 2.25904529e-03 -1.33650589e-04 -2.19362832e-03 -2.20751511e-04
-9.68305243e-01 2.25697438e-03 -1.35565394e-04 -2.19012389e-03 -2.22592614e-04
-9.67911810e-01 2.25491060e-03 -1.37495942e-04 -2.18660707e-03 -2.24426350e-04
-9.67515990e-01 2.25285417e-03 -1.39442235e-04 -2.18307804e-03 -2.26252513e-04
-9.67117784e-01 2.25080530e-03 -1.41404273e-04 -2.17953697e-03 -2.28070899e-04
-9.66717192e-01 2.24876419e-03 -1.43382058e-04 -2.17598400e-03 -2.29881309e-04
-9.66314217e-01 2.24673105e-03 -1.45375586e-04 -2.17241933e-03 -2.31683542e-04
-9.65908859e-01 2.24470608e-03 -1.47384855e-04 -2.16884310e-03 -2.33477404e-04
-9.65501118e-01 2.24268948e-03 -1.49409860e-04 -2.16525548e-03 -2.35262699e-04
-9.65090997e-01 2.24068145e-03 -1.51450593e-04 -2.16165665e-03 -2.37039237e-04
-9.64678495e-01 2.23868217e-03 -1.53507047e-04 -2.15804677e-03 -2.38806828e-04
-9.64263614e-01 2.23669183e-03 -1.55579211e-04 -2.15442601e-03 -2.40565287e-04
-9.63846355e-01 2.23471063e-03 -1.57667075e-04 -2.15079453e-03 -2.42314429e-04
-9.63426720e-01 2.23273875e-03 -1.59770624e-04 -2.14715251e-03 -2.44054074e-04
-9.63004708e-01 2.23077636e-03 -1.61889844e-04 -2.14350011e-03 -2.45784042e-04
-9.62580321e-01 2.22882366e-03 -1.64024719e-04 -2.13983751e-03 -2.47504157e-04
-9.62153561e-01 2.22688081e-03 -1.66175230e-04 -2.13616487e-03 -2.49214246e-04
-9.61724427e-01 2.22494798e-03 -1.68341358e-04 -2.13248236e-03 -2.50914139e-04
-9.61292922e-01 2.22302535e-03 -1.70523080e-04 -2.12879016e-03 -2.52603667e-04
-9.60859046e-01 2.22111308e-03 -1.72720375e-04 -2.12508843e-03 -2.54282664e-04
-9.60422801e-01 2.21921134e-03 -1.74933216e-04 -2.12137734e-03 -2.55950969e-04
-9.59984187e-01 2.21732028e-03 -1.77161578e-04 -2.11765707e-03 -2.57608421e-04
-9.59543205e-01 2.21544007e-03 -1.79405433e-04 -2.11392779e-03 -2.59254863e-04
-9.59099857e-01 2.21357086e-03 -1.81664749e-04 -2.11018966e-03 -2.60890141e-04
-9.58654144e-01 2.21171279e-03 -1.83939497e-04 -2.10644286e-03 -2.62514104e-04
-9.58206066e-01 2.20986602e-03 -1.86229642e-04 -2.10268757e-03 -2.64126602e-04
-9.57755626e-01 2.20803070e-03 -1.88535149e-04 -2.09892394e-03 -2.65727490e-04
-9.57302823e-01 2.20620696e-03 -1.90855983e-04 -2.09515216e-03 -2.67316624e-04
-9.56847660e-01 2.20439494e-03 -1.93192104e-04 -2.09137240e-03 -2.68893866e-04
-9.56390137e-01 2.20259478e-03 -1.95543473e-04 -2.08758483e-03 -2.70459077e-04
-9.55930255e-01 2.20080661e-03 -1.97910048e-04 -2.08378961e-03 -2.72012123e-04
-9.55468016e-01 2.19903056e-03 -2.00291785e-04 -2.07998693e-03 -2.73552873e-04
-9.55003420e-01 2.19726676e-03 -2.02688639e-04 -2.07617696e-03 -2.75081197e-04
-9.54536469e-01 2.19551533e-03 -2.05100564e-04 -2.07235986e-03 -2.76596972e-04
-9.54067164e-01 2.19377638e-03 -2.07527510e-04 -2.06853581e-03 -2.78100074e-04
-9.53595507e-01 2.19205004e-03 -2.09969429e-04 -2.06470498e-03 -2.79590383e-04
-9.53121497e-01 2.19033642e-03 -2.12426267e-04 -2.06086755e-03 -2.81067783e-04
-9.52645137e-01 2.18863563e-03 -2.14897972e-04 -2.05702369e-03 -2.82532160e-04
-9.52166428e-01 2.18694777e-03 -2.17384489e-04 -2.05317356e-03 -2.83983403e-04
-9.51685370e-01 2.18527295e-03 -2.19885759e-04 -2.04931734e-03 -2.85421405e-04
-9.51201965e-01 2.18361126e-03 -2.22401725e-04 -2.04545520e-03 -2.86846061e-04
-9.50716215e-01 2.18196281e-03 -2.24932327e-04 -2.04158732e-03 -2.88257269e-04
-9.50228120e-01 2.18032769e-03 -2.27477502e-04 -2.03771386e-03 -2.89654931e-04
-9.49737681e-01 2.17870599e-03 -2.30037187e-04 -2.03383500e-03 -2.91038951e-04
-9.49244901e-01 2.17709779e-03 -2.32611317e-04 -2.02995091e-03 -2.92409235e-04
-9.48749779e-01 2.17550318e-03 -2.35199825e-04 -2.02606176e-03 -2.93765696e-04
-9.48252318e-01 2.17392224e-03 -2.37802643e-04 -2.02216771e-03 -2.95108245e-04
-9.47752518e-01 2.17235505e-03 -2.40419700e-04 -2.01826895e-03 -2.96436800e-04
-9.47250380e-01 2.17080169e-03 -2.43050925e-04 -2.01436564e-03 -2.97751280e-04
-9.46745907e-01 2.16926221e-03 -2.45696245e-04 -2.01045795e-03 -2.99051607e-04
-9.46239099e-01 2.16773669e-03 -2.48355584e-04 -2.00654605e-03 -3.00337708e-04
-9.45729957e-01 2.16622520e-03 -2.51028866e-04 -2.00263010e-03 -3.01609510e-04
-9.45218483e-01 2.16472780e-03 -2.53716012e-04 -1.99871029e-03 -3.02866944e-04
-9.44704677e-01 2.16324453e-03 -2.56416944e-04 -1.99478677e-03 -3.04109947e-04
-9.44188542e-01 2.16177547e-03 -2.59131580e-04 -1.99085973e-03 -3.05338455e-04
-9.43670079e-01 2.16032066e-03 -2.61859838e-04 -1.98692931e-03 -3.06552409e-04
-9.43149288e-01 2.15888014e-03 -2.64601631e-04 -1.98299569e-03 -3.07751753e-04
-9.42626171e-01 2.15745397e-03 -2.67356876e-04 -1.97905905e-03 -3.08936433e-04
-9.42100730e-01 2.15604218e-03 -2.70125485e-04 -1.97511954e-03 -3.10106400e-04
-9.41572965e-01 2.15464482e-03 -2.72907367e-04 -1.97117733e-03 -3.11261605e-04
-9.41042878e-01 2.15326192e-03 -2.75702434e-04 -1.96723259e-03 -3.12402005e-04
-9.40510470e-01 2.15189351e-03 -2.78510593e-04 -1.96328547e-03 -3.13527558e-04
-9.39975743e-01 2.15053962e-03 -2.81331751e-04 -1.95933616e-03 -3.14638225e-04
-9.39438698e-01 2.14920028e-03 -2.84165813e-04 -1.95538481e-03 -3.15733973e-04
-9.38899336e-01 2.14787551e-03 -2.87012683e-04 -1.95143158e-03 -3.16814767e-04
-9.38357658e-01 2.14656533e-03 -2.89872262e-04 -1.94747664e-03 -3.17880579e-04
-9.37813667e-01 2.14526976e-03 -2.92744452e-04 -1.94352015e-03 -3.18931382e-04
-9.37267362e-01 2.14398881e-03 -2.95629153e-04 -1.93956227e-03 -3.19967152e-04
-9.36718746e-01 2.14272250e-03 -2.98526261e-04 -1.93560316e-03 -3.20987869e-04
-9.36167820e-01 2.14147083e-03 -3.01435675e-04 -1.93164299e-03 -3.21993515e-04
-9.35614585e-01 2.14023381e-03 -3.04357288e-04 -1.92768191e-03 -3.22984075e-04
-9.35059043e-01 2.13901143e-03 -3.07290996e-04 -1.92372008e-03 -3.23959537e-04
-9.34501195e-01 2.13780370e-03 -3.10236691e-04 -1.91975767e-03 -3.24919892e-04
-9.33941042e-01 2.13661062e-03 -3.13194263e-04 -1.91579482e-03 -3.25865133e-04
-9.33378586e-01 2.13543217e-03 -3.16163604e-04 -1.91183169e-03 -3.26795258e-04
-9.32813828e-01 2.13426835e-03 -3.19144602e-04 -1.90786845e-03 -3.27710265e-04
-9.32246769e-01 2.13311915e-03 -3.22137144e-04 -1.90390524e-03 -3.28610156e-04
-9.31677412e-01 2.13198455e-03 -3.25141116e-04 -1.89994223e-03 -3.29494937e-04
-9.31105757e-01 2.13086453e-03 -3.28156404e-04 -1.89597956e-03 -3.30364615e-04
-9.30531805e-01 2.12975907e-03 -3.31182891e-04 -1.89201739e-03 -3.31219201e-04
-9.29955559e-01 2.12866815e-03 -3.34220461e-04 -1.88805586e-03 -3.32058707e-04
-9.29377019e-01 2.12759174e-03 -3.37268993e-04 -1.88409514e-03 -3.32883149e-04
-9.28796187e-01 2.12652981e-03 -3.40328369e-04 -1.88013537e-03 -3.33692547e-04
-9.28213065e-01 2.12548233e-03 -3.43398469e-04 -1.87617670e-03 -3.34486921e-04
-9.27627654e-01 2.12444927e-03 -3.46479168e-04 -1.87221928e-03 -3.35266295e-04
-9.27039955e-01 2.12343059e-03 -3.49570346e-04 -1.86826326e-03 -3.36030695e-04
-9.26449969e-01 2.12242624e-03 -3.52671877e-04 -1.86430877e-03 -3.36780152e-04
-9.25857699e-01 2.12143620e-03 -3.55783637e-04 -1.86035598e-03 -3.37514695e-04
-9.25263146e-01 2.12046041e-03 -3.58905499e-04 -1.85640502e-03 -3.38234360e-04
-9.24666310e-01 2.11949882e-03 -3.62037336e-04 -1.85245603e-03 -3.38939183e-04
-9.24067195e-01 2.11855139e-03 -3.65179019e-04 -1.84850917e-03 -3.39629203e-04
-9.23465800e-01 2.11761806e-03 -3.68330420e-04 -1.84456456e-03 -3.40304463e-04
-9.22862128e-01 2.11669879e-03 -3.71491409e-04 -1.84062235e-03 -3.40965006e-04
-9.22256180e-01 2.11579350e-03 -3.74661853e-04 -1.83668269e-03 -3.41610879e-04
-9.21647958e-01 2.11490215e-03 -3.77841622e-04 -1.83274570e-03 -3.42242132e-04
-9.21037462e-01 2.11402467e-03 -3.81030583e-04 -1.82881153e-03 -3.42858814e-04
-9.20424696e-01 2.11316100e-03 -3.84228601e-04 -1.82488030e-03 -3.43460981e-04
-9.19809659e-01 2.11231107e-03 -3.87435542e-04 -1.82095216e-03 -3.44048689e-04
-9.19192354e-01 2.11147482e-03 -3.90651270e-04 -1.81702724e-03 -3.44621995e-04
-9.18572782e-01 2.11065217e-03 -3.93875651e-04 -1.81310568e-03 -3.45180961e-04
-9.17950945e-01 2.10984305e-03 -3.97108546e-04 -1.80918759e-03 -3.45725649e-04
-9.17326844e-01 2.10904738e-03 -4.00349817e-04 -1.80527312e-03 -3.46256125e-04
-9.16700480e-01 2.10826510e-03 -4.03599327e-04 -1.80136239e-03 -3.46772456e-04
-9.16071856e-01 2.10749612e-03 -4.06856936e-04 -1.79745552e-03 -3.47274711e-04
-9.15440973e-01 2.10674035e-03 -4.10122505e-04 -1.79355265e-03 -3.47762963e-04
-9.14807832e-01 2.10599773e-03 -4.13395893e-04 -1.78965390e-03 -3.48237284e-04
-9.14172435e-01 2.10526816e-03 -4.16676958e-04 -1.78575940e-03 -3.48697752e-04
-9.13534783e-01 2.10455155e-03 -4.19965559e-04 -1.78186926e-03 -3.49144442e-04
-9.12894879e-01 2.10384782e-03 -4.23261555e-04 -1.77798361e-03 -3.49577437e-04
-9.12252723e-01 2.10315688e-03 -4.26564801e-04 -1.77410256e-03 -3.49996817e-04
-9.11608317e-01 2.10247863e-03 -4.29875155e-04 -1.77022624e-03 -3.50402666e-04
-9.10961663e-01 2.10181299e-03 -4.33192472e-04 -1.76635475e-03 -3.50795070e-04
-9.10312763e-01 2.10115986e-03 -4.36516609e-04 -1.76248823e-03 -3.51174116e-04
-9.09661618e-01 2.10051913e-03 -4.39847420e-04 -1.75862678e-03 -3.51539895e-04
-9.09008229e-01 2.09989072e-03 -4.43184760e-04 -1.75477051e-03 -3.51892497e-04
-9.08352599e-01 2.09927451e-03 -4.46528483e-04 -1.75091954e-03 -3.52232015e-04
-9.07694728e-01 2.09867042e-03 -4.49878444e-04 -1.74707397e-03 -3.52558545e-04
-9.07034619e-01 2.09807833e-03 -4.53234496e-04 -1.74323392e-03 -3.52872182e-04
-9.06372273e-01 2.09749815e-03 -4.56596491e-04 -1.73939949e-03 -3.53173026e-04
-9.05707691e-01 2.09692976e-03 -4.59964284e-04 -1.73557079e-03 -3.53461176e-04
-9.05040876e-01 2.09637306e-03 -4.63337726e-04 -1.73174791e-03 -3.53736734e-04
-9.04371830e-01 2.09582793e-03 -4.66716669e-04 -1.72793097e-03 -3.53999802e-04
-9.03700552e-01 2.09529428e-03 -4.70100967e-04 -1.72412007e-03 -3.54250486e-04
-9.03027046e-01 2.09477199e-03 -4.73490471e-04 -1.72031530e-03 -3.54488892e-04
-9.02351313e-01 2.09426094e-03 -4.76885032e-04 -1.71651676e-03 -3.54715128e-04
-9.01673355e-01 2.09376102e-03 -4.80284502e-04 -1.71272455e-03 -3.54929302e-04
-9.00993173e-01 2.09327212e-03 -4.83688732e-04 -1.70893877e-03 -3.55131525e-04
-9.00310769e-01 2.09279412e-03 -4.87097575e-04 -1.70515950e-03 -3.55321909e-04
-8.99626145e-01 2.09232691e-03 -4.90510880e-04 -1.70138684e-03 -3.55500569e-04
-8.98939302e-01 2.09187036e-03 -4.93928499e-04 -1.69762088e-03 -3.55667617e-04
-8.98250242e-01 2.09142436e-03 -4.97350283e-04 -1.69386171e-03 -3.55823171e-04
-8.97558967e-01 2.09098878e-03 -5.00776083e-04 -1.69010942e-03 -3.55967347e-04
-8.96865478e-01 2.09056352e-03 -5.04205751e-04 -1.68636409e-03 -3.56100264e-04
-8.96169778e-01 2.09014844e-03 -5.07639137e-04 -1.68262580e-03 -3.56222042e-04
-8.95471867e-01 2.08974342e-03 -5.11076093e-04 -1.67889464e-03 -3.56332801e-04
-8.94771748e-01 2.08934834e-03 -5.14516470e-04 -1.67517069e-03 -3.56432662e-04
-8.94069423e-01 2.08896308e-03 -5.17960119e-04 -1.67145403e-03 -3.56521750e-04
-8.93364892e-01 2.08858750e-03 -5.21406891e-04 -1.66774473e-03 -3.56600187e-04
-8.92658159e-01 2.08822150e-03 -5.24856640e-04 -1.66404287e-03 -3.56668100e-04
-8.91949223e-01 2.08786493e-03 -5.28309215e-04 -1.66034852e-03 -3.56725613e-04
-8.91238089e-01 2.08751768e-03 -5.31764470e-04 -1.65666177e-03 -3.56772853e-04
-8.90524756e-01 2.08717962e-03 -5.35222257e-04 -1.65298267e-03 -3.56809949e-04
-8.89809227e-01 2.08685061e-03 -5.38682429e-04 -1.64931130e-03 -3.56837029e-04
-8.89091503e-01 2.08653054e-03 -5.42144837e-04 -1.64564772e-03 -3.56854222e-04
-8.88371587e-01 2.08621927e-03 -5.45609336e-04 -1.64199200e-03 -3.56861659e-04
-8.87649480e-01 2.08591668e-03 -5.49075779e-04 -1.63834421e-03 -3.56859471e-04
-8.86925184e-01 2.08562264e-03 -5.52544020e-04 -1.63470440e-03 -3.56847789e-04
-8.86198701e-01 2.08533701e-03 -5.56013913e-04 -1.63107264e-03 -3.56826745e-04
-8.85470032e-01 2.08505967e-03 -5.59485313e-04 -1.62744899e-03 -3.56796473e-04
-8.84739180e-01 2.08479049e-03 -5.62958075e-04 -1.62383350e-03 -3.56757107e-04
-8.84006145e-01 2.08452934e-03 -5.66432054e-04 -1.62022623e-03 -3.56708780e-04
-8.83270931e-01 2.08427609e-03 -5.69907106e-04 -1.61662723e-03 -3.56651628e-04
-8.82533538e-01 2.08403061e-03 -5.73383089e-04 -1.61303655e-03 -3.56585786e-04
-8.81793969e-01 2.08379277e-03 -5.76859858e-04 -1.60945425e-03 -3.56511389e-04
-8.81052225e-01 2.08356244e-03 -5.80337273e-04 -1.60588037e-03 -3.56428573e-04
-8.80308308e-01 2.08333949e-03 -5.83815190e-04 -1.60231497e-03 -3.56337477e-04
-8.79562220e-01 2.08312379e-03 -5.87293468e-04 -1.59875808e-03 -3.56238235e-04
-8.78813963e-01 2.08291521e-03 -5.90771968e-04 -1.59520974e-03 -3.56130987e-04
-8.78063539e-01 2.08271363e-03 -5.94250548e-04 -1.59167001e-03 -3.56015868e-04
-8.77310949e-01 2.08251890e-03 -5.97729070e-04 -1.58813892e-03 -3.55893019e-04
-8.76556196e-01 2.08233091e-03 -6.01207395e-04 -1.58461650e-03 -3.55762575e-04
-8.75799281e-01 2.08214953e-03 -6.04685385e-04 -1.58110280e-03 -3.55624677e-04
-8.75040206e-01 2.08197462e-03 -6.08162903e-04 -1.57759785e-03 -3.55479462e-04
-8.74278973e-01 2.08180606e-03 -6.11639812e-04 -1.57410168e-03 -3.55327069e-04
-8.73515584e-01 2.08164372e-03 -6.15115977e-04 -1.57061433e-03 -3.55167638e-04
-8.72750041e-01 2.08148747e-03 -6.18591262e-04 -1.56713582e-03 -3.55001306e-04
-8.71982345e-01 2.08133719e-03 -6.22065535e-04 -1.56366617e-03 -3.54828213e-04
-8.71212499e-01 2.08119274e-03 -6.25538660e-04 -1.56020542e-03 -3.54648498e-04
-8.70440504e-01 2.08105402e-03 -6.29010507e-04 -1.55675360e-03 -3.54462300e-04
-8.69666363e-01 2.08092088e-03 -6.32480943e-04 -1.55331071e-03 -3.54269757e-04
-8.68890077e-01 2.08079320e-03 -6.35949837e-04 -1.54987679e-03 -3.54071009e-04
-8.68111648e-01 2.08067086e-03 -6.39417061e-04 -1.54645185e-03 -3.53866194e-04
-8.67331079e-01 2.08055374e-03 -6.42882485e-04 -1.54303591e-03 -3.53655451e-04
-8.66548370e-01 2.08044172e-03 -6.46345981e-04 -1.53962898e-03 -3.53438917e-04
-8.65763524e-01 2.08033466e-03 -6.49807422e-04 -1.53623109e-03 -3.53216732e-04
-8.64976543e-01 2.08023246e-03 -6.53266683e-04 -1.53284223e-03 -3.52989033e-04
-8.64187429e-01 2.08013498e-03 -6.56723639e-04 -1.52946242e-03 -3.52755958e-04
-8.63396184e-01 2.08004211e-03 -6.60178165e-04 -1.52609167e-03 -3.52517644e-04
-8.62602809e-01 2.07995374e-03 -6.63630140e-04 -1.52272999e-03 -3.52274229e-04
-8.61807307e-01 2.07986974e-03 -6.67079440e-04 -1.51937737e-03 -3.52025848e-04
-8.61009680e-01 2.07978999e-03 -6.70525947e-04 -1.51603383e-03 -3.51772638e-04
-8.60209930e-01 2.07971438e-03 -6.73969538e-04 -1.51269937e-03 -3.51514736e-04
-8.59408057e-01 2.07964280e-03 -6.77410098e-04 -1.50937398e-03 -3.51252277e-04
-8.58604066e-01 2.07957513e-03 -6.80847507e-04 -1.50605767e-03 -3.50985395e-04
-8.57797957e-01 2.07951126e-03 -6.84281651e-04 -1.50275042e-03 -3.50714225e-04
-8.56989732e-01 2.07945107e-03 -6.87712413e-04 -1.49945225e-03 -3.50438902e-04
-8.56179395e-01 2.07939445e-03 -6.91139680e-04 -1.49616312e-03 -3.50159559e-04
-8.55366945e-01 2.07934130e-03 -6.94563340e-04 -1.49288305e-03 -3.49876328e-04
-8.54552386e-01 2.07929150e-03 -6.97983280e-04 -1.48961202e-03 -3.49589342e-04
-8.53735720e-01 2.07924495e-03 -7.01399391e-04 -1.48635002e-03 -3.49298732e-04
-8.52916948e-01 2.07920154e-03 -7.04811564e-04 -1.48309703e-03 -3.49004630e-04
-8.52096073e-01 2.07916117e-03 -7.08219691e-04 -1.47985304e-03 -3.48707167e-04
-8.51273096e-01 2.07912373e-03 -7.11623665e-04 -1.47661803e-03 -3.48406471e-04
-8.50448020e-01 2.07908911e-03 -7.15023381e-04 -1.47339198e-03 -3.48102671e-04
-8.49620847e-01 2.07905723e-03 -7.18418736e-04 -1.47017488e-03 -3.47795896e-04
-8.48791578e-01 2.07902797e-03 -7.21809627e-04 -1.46696670e-03 -3.47486274e-04
-8.47960216e-01 2.07900124e-03 -7.25195952e-04 -1.46376742e-03 -3.47173930e-04
-8.47126763e-01 2.07897694e-03 -7.28577612e-04 -1.46057701e-03 -3.46858991e-04
-8.46291221e-01 2.07895497e-03 -7.31954508e-04 -1.45739545e-03 -3.46541582e-04
-8.45453591e-01 2.07893524e-03 -7.35326543e-04 -1.45422271e-03 -3.46221826e-04
-8.44613877e-01 2.07891766e-03 -7.38693621e-04 -1.45105876e-03 -3.45899848e-04
-8.43772079e-01 2.07890214e-03 -7.42055647e-04 -1.44790356e-03 -3.45575769e-04
-8.42928201e-01 2.07888857e-03 -7.45412529e-04 -1.44475710e-03 -3.45249711e-04
-8.42082244e-01 2.07887688e-03 -7.48764175e-04 -1.44161932e-03 -3.44921794e-04
-8.41234210e-01 2.07886698e-03 -7.52110495e-04 -1.43849020e-03 -3.44592138e-04
-8.40384102e-01 2.07885878e-03 -7.55451399e-04 -1.43536970e-03 -3.44260861e-04
-8.39531921e-01 2.07885220e-03 -7.58786801e-04 -1.43225778e-03 -3.43928082e-04
-8.38677669e-01 2.07884715e-03 -7.62116614e-04 -1.42915439e-03 -3.43593915e-04
-8.37821349e-01 2.07884355e-03 -7.65440755e-04 -1.42605951e-03 -3.43258478e-04
-8.36962964e-01 2.07884132e-03 -7.68759139e-04 -1.42297307e-03 -3.42921884e-04
-8.36102514e-01 2.07884039e-03 -7.72071686e-04 -1.41989505e-03 -3.42584247e-04
-8.35240002e-01 2.07884068e-03 -7.75378315e-04 -1.41682539e-03 -3.42245679e-04
-8.34375430e-01 2.07884210e-03 -7.78678948e-04 -1.41376405e-03 -3.41906291e-04
-8.33508800e-01 2.07884460e-03 -7.81973507e-04 -1.41071097e-03 -3.41566194e-04
-8.32640115e-01 2.07884809e-03 -7.85261918e-04 -1.40766610e-03 -3.41225495e-04
-8.31769377e-01 2.07885251e-03 -7.88544106e-04 -1.40462941e-03 -3.40884304e-04
-8.30896587e-01 2.07885779e-03 -7.91819998e-04 -1.40160082e-03 -3.40542725e-04
-8.30021748e-01 2.07886386e-03 -7.95089524e-04 -1.39858029e-03 -3.40200866e-04
-8.29144862e-01 2.07887065e-03 -7.98352614e-04 -1.39556775e-03 -3.39858830e-04
-8.28265931e-01 2.07887811e-03 -8.01609200e-04 -1.39256316e-03 -3.39516720e-04
-8.27384958e-01 2.07888617e-03 -8.04859215e-04 -1.38956646e-03 -3.39174638e-04
-8.26501944e-01 2.07889478e-03 -8.08102595e-04 -1.38657758e-03 -3.38832684e-04
-8.25616892e-01 2.07890386e-03 -8.11339277e-04 -1.38359646e-03 -3.38490957e-04
-8.24729804e-01 2.07891338e-03 -8.14569197e-04 -1.38062304e-03 -3.38149557e-04
-8.23840681e-01 2.07892326e-03 -8.17792297e-04 -1.37765726e-03 -3.37808578e-04
-8.22949527e-01 2.07893347e-03 -8.21008518e-04 -1.37469904e-03 -3.37468118e-04
-8.22056344e-01 2.07894394e-03 -8.24217803e-04 -1.37174834e-03 -3.37128270e-04
-8.21161133e-01 2.07895463e-03 -8.27420095e-04 -1.36880507e-03 -3.36789126e-04
-8.20263897e-01 2.07896550e-03 -8.30615341e-04 -1.36586917e-03 -3.36450779e-04
-8.19364639e-01 2.07897648e-03 -8.33803489e-04 -1.36294056e-03 -3.36113318e-04
-8.18463359e-01 2.07898755e-03 -8.36984487e-04 -1.36001918e-03 -3.35776833e-04
-8.17560061e-01 2.07899866e-03 -8.40158288e-04 -1.35710496e-03 -3.35441411e-04
-8.16654747e-01 2.07900977e-03 -8.43324841e-04 -1.35419782e-03 -3.35107139e-04
-8.15747419e-01 2.07902084e-03 -8.46484103e-04 -1.35129769e-03 -3.34774100e-04
-8.14838079e-01 2.07903183e-03 -8.49636028e-04 -1.34840448e-03 -3.34442379e-04
-8.13926729e-01 2.07904271e-03 -8.52780573e-04 -1.34551813e-03 -3.34112058e-04
-8.13013373e-01 2.07905344e-03 -8.55917697e-04 -1.34263855e-03 -3.33783216e-04
-8.12098011e-01 2.07906400e-03 -8.59047361e-04 -1.33976568e-03 -3.33455935e-04
-8.11180646e-01 2.07907435e-03 -8.62169525e-04 -1.33689941e-03 -3.33130291e-04
-8.10261281e-01 2.07908447e-03 -8.65284153e-04 -1.33403968e-03 -3.32806361e-04
-8.09339918e-01 2.07909433e-03 -8.68391211e-04 -1.33118641e-03 -3.32484221e-04
-8.08416559e-01 2.07910390e-03 -8.71490664e-04 -1.32833951e-03 -3.32163943e-04
-8.07491206e-01 2.07911317e-03 -8.74582481e-04 -1.32549889e-03 -3.31845601e-04
-8.06563861e-01 2.07912211e-03 -8.77666632e-04 -1.32266447e-03 -3.31529265e-04
-8.05634528e-01 2.07913071e-03 -8.80743088e-04 -1.31983616e-03 -3.31215004e-04
-8.04703207e-01 2.07913894e-03 -8.83811821e-04 -1.31701389e-03 -3.30902887e-04
-8.03769903e-01 2.07914679e-03 -8.86872806e-04 -1.31419755e-03 -3.30592981e-04
-8.02834616e-01 2.07915426e-03 -8.89926018e-04 -1.31138706e-03 -3.30285350e-04
-8.01897349e-01 2.07916132e-03 -8.92971436e-04 -1.30858233e-03 -3.29980059e-04
-8.00958104e-01 2.07916797e-03 -8.96009038e-04 -1.30578327e-03 -3.29677169e-04
-8.00016884e-01 2.07917420e-03 -8.99038806e-04 -1.30298980e-03 -3.29376742e-04
-7.99073691e-01 2.07918000e-03 -9.02060720e-04 -1.30020180e-03 -3.29078838e-04
-7.98128528e-01 2.07918537e-03 -9.05074764e-04 -1.29741920e-03 -3.28783513e-04
-7.97181396e-01 2.07919031e-03 -9.08080925e-04 -1.29464190e-03 -3.28490826e-04
-7.96232298e-01 2.07919481e-03 -9.11079188e-04 -1.29186980e-03 -3.28200830e-04
-7.95281236e-01 2.07919889e-03 -9.14069541e-04 -1.28910282e-03 -3.27913580e-04
-7.94328214e-01 2.07920253e-03 -9.17051975e-04 -1.28634084e-03 -3.27629129e-04
-7.93373232e-01 2.07920574e-03 -9.20026481e-04 -1.28358378e-03 -3.27347527e-04
-7.92416293e-01 2.07920854e-03 -9.22993051e-04 -1.28083154e-03 -3.27068823e-04
-7.91457401e-01 2.07921092e-03 -9.25951680e-04 -1.27808401e-03 -3.26793066e-04
-7.90496556e-01 2.07921291e-03 -9.28902364e-04 -1.27534111e-03 -3.26520303e-04
-7.89533763e-01 2.07921450e-03 -9.31845099e-04 -1.27260273e-03 -3.26250578e-04
-7.88569022e-01 2.07921571e-03 -9.34779884e-04 -1.26986877e-03 -3.25983936e-04
-7.87602336e-01 2.07921656e-03 -9.37706720e-04 -1.26713912e-03 -3.25720419e-04
-7.86633708e-01 2.07921706e-03 -9.40625608e-04 -1.26441370e-03 -3.25460068e-04
-7.85663139e-01 2.07921724e-03 -9.43536552e-04 -1.26169239e-03 -3.25202922e-04
-7.84690634e-01 2.07921710e-03 -9.46439555e-04 -1.25897509e-03 -3.24949021e-04
-7.83716193e-01 2.07921668e-03 -9.49334623e-04 -1.25626171e-03 -3.24698400e-04
-7.82739819e-01 2.07921600e-03 -9.52221765e-04 -1.25355213e-03 -3.24451095e-04
-7.81761515e-01 2.07921507e-03 -9.55100988e-04 -1.25084625e-03 -3.24207140e-04
-7.80781283e-01 2.07921394e-03 -9.57972303e-04 -1.24814396e-03 -3.23966569e-04
-7.79799126e-01 2.07921261e-03 -9.60835722e-04 -1.24544517e-03 -3.23729412e-04
-7.78815045e-01 2.07921113e-03 -9.63691257e-04 -1.24274976e-03 -3.23495699e-04
-7.77829044e-01 2.07920953e-03 -9.66538923e-04 -1.24005764e-03 -3.23265459e-04
-7.76841124e-01 2.07920783e-03 -9.69378736e-04 -1.23736868e-03 -3.23038719e-04
-7.75851289e-01 2.07920608e-03 -9.72210712e-04 -1.23468279e-03 -3.22815506e-04
-7.74859540e-01 2.07920430e-03 -9.75034870e-04 -1.23199986e-03 -3.22595843e-04
-7.73865880e-01 2.07920254e-03 -9.77851229e-04 -1.22931978e-03 -3.22379754e-04
-7.72870312e-01 2.07920084e-03 -9.80659811e-04 -1.22664244e-03 -3.22167262e-04
-7.71872838e-01 2.07919923e-03 -9.83460638e-04 -1.22396774e-03 -3.21958386e-04
-7.70873460e-01 2.07919775e-03 -9.86253734e-04 -1.22129556e-03 -3.21753147e-04
-7.69872181e-01 2.07919645e-03 -9.89039123e-04 -1.21862579e-03 -3.21551561e-04
-7.68869004e-01 2.07919538e-03 -9.91816832e-04 -1.21595834e-03 -3.21353647e-04
-7.67863930e-01 2.07919458e-03 -9.94586888e-04 -1.21329308e-03 -3.21159419e-04
-7.66856963e-01 2.07919409e-03 -9.97349320e-04 -1.21062990e-03 -3.20968893e-04
-7.65848104e-01 2.07919397e-03 -1.00010416e-03 -1.20796870e-03 -3.20782080e-04
-7.64837357e-01 2.07919427e-03 -1.00285143e-03 -1.20530937e-03 -3.20598993e-04
-7.63824724e-01 2.07919504e-03 -1.00559118e-03 -1.20265180e-03 -3.20419642e-04
-7.62810206e-01 2.07919633e-03 -1.00832342e-03 -1.19999587e-03 -3.20244037e-04
-7.61793808e-01 2.07919819e-03 -1.01104821e-03 -1.19734147e-03 -3.20072186e-04
-7.60775531e-01 2.07920068e-03 -1.01376557e-03 -1.19468850e-03 -3.19904096e-04
-7.59755377e-01 2.07920387e-03 -1.01647553e-03 -1.19203684e-03 -3.19739773e-04
-7.58733350e-01 2.07920780e-03 -1.01917815e-03 -1.18938638e-03 -3.19579221e-04
-7.57709452e-01 2.07921253e-03 -1.02187346e-03 -1.18673700e-03 -3.19422443e-04
-7.56683685e-01 2.07921814e-03 -1.02456149e-03 -1.18408861e-03 -3.19269443e-04
-7.55656053e-01 2.07922467e-03 -1.02724229e-03 -1.18144108e-03 -3.19120221e-04
-7.54626556e-01 2.07923219e-03 -1.02991591e-03 -1.17879431e-03 -3.18974777e-04
-7.53595199e-01 2.07924077e-03 -1.03258238e-03 -1.17614817e-03 -3.18833110e-04
-7.52561982e-01 2.07925047e-03 -1.03524176e-03 -1.17350257e-03 -3.18695218e-04
-7.51526911e-01 2.07926136e-03 -1.03789408e-03 -1.17085739e-03 -3.18561098e-04
-7.50489985e-01 2.07927351e-03 -1.04053939e-03 -1.16821252e-03 -3.18430746e-04
-7.49451209e-01 2.07928698e-03 -1.04317774e-03 -1.16556784e-03 -3.18304156e-04
-7.48410585e-01 2.07930185e-03 -1.04580919e-03 -1.16292325e-03 -3.18181322e-04
-7.47368114e-01 2.07931818e-03 -1.04843377e-03 -1.16027863e-03 -3.18062236e-04
-7.46323801e-01 2.07933605e-03 -1.05105155e-03 -1.15763387e-03 -3.17946889e-04
-7.45277647e-01 2.07935554e-03 -1.05366257e-03 -1.15498886e-03 -3.17835274e-04
-7.44229655e-01 2.07937670e-03 -1.05626688e-03 -1.15234349e-03 -3.17727378e-04
-7.43179828e-01 2.07939963e-03 -1.05886454e-03 -1.14969764e-03 -3.17623191e-04
-7.42128168e-01 2.07942440e-03 -1.06145560e-03 -1.14705122e-03 -3.17522700e-04
-7.41074678e-01 2.07945108e-03 -1.06404013e-03 -1.14440410e-03 -3.17425891e-04
-7.40019360e-01 2.07947976e-03 -1.06661816e-03 -1.14175617e-03 -3.17332752e-04
-7.38962217e-01 2.07951050e-03 -1.06918977e-03 -1.13910733e-03 -3.17243266e-04
-7.37903252e-01 2.07954340e-03 -1.07175501e-03 -1.13645746e-03 -3.17157417e-04
-7.36842467e-01 2.07957853e-03 -1.07431393e-03 -1.13380645e-03 -3.17075188e-04
-7.35779864e-01 2.07961597e-03 -1.07686660e-03 -1.13115420e-03 -3.16996563e-04
-7.34715448e-01 2.07965581e-03 -1.07941308e-03 -1.12850059e-03 -3.16921521e-04
-7.33649219e-01 2.07969812e-03 -1.08195342e-03 -1.12584552e-03 -3.16850043e-04
-7.32581181e-01 2.07974300e-03 -1.08448770e-03 -1.12318887e-03 -3.16782109e-04
-7.31511336e-01 2.07979053e-03 -1.08701597e-03 -1.12053053e-03 -3.16717698e-04
-7.30439687e-01 2.07984079e-03 -1.08953830e-03 -1.11787041e-03 -3.16656788e-04
-7.29366237e-01 2.07989387e-03 -1.09205474e-03 -1.11520838e-03 -3.16599356e-04
-7.28290988e-01 2.07994986e-03 -1.09456537e-03 -1.11254434e-03 -3.16545379e-04
-7.27213943e-01 2.08000884e-03 -1.09707025e-03 -1.10987819e-03 -3.16494832e-04
-7.26135105e-01 2.08007091e-03 -1.09956944e-03 -1.10720981e-03 -3.16447690e-04
-7.25054476e-01 2.08013614e-03 -1.10206302e-03 -1.10453909e-03 -3.16403927e-04
-7.23972059e-01 2.08020464e-03 -1.10455104e-03 -1.10186594e-03 -3.16363518e-04
-7.22887856e-01 2.08027649e-03 -1.10703359e-03 -1.09919025e-03 -3.16326435e-04
-7.21801870e-01 2.08035178e-03 -1.10951071e-03 -1.09651190e-03 -3.16292649e-04
-7.20714105e-01 2.08043061e-03 -1.11198250e-03 -1.09383079e-03 -3.16262134e-04
-7.19624562e-01 2.08051306e-03 -1.11444900e-03 -1.09114682e-03 -3.16234859e-04
-7.18533244e-01 2.08059923e-03 -1.11691030e-03 -1.08845989e-03 -3.16210795e-04
-7.17440155e-01 2.08068921e-03 -1.11936646e-03 -1.08576988e-03 -3.16189911e-04
-7.16345296e-01 2.08078309e-03 -1.12181756e-03 -1.08307669e-03 -3.16172177e-04
-7.15248670e-01 2.08088098e-03 -1.12426366e-03 -1.08038023e-03 -3.16157560e-04
-7.14150280e-01 2.08098295e-03 -1.12670484e-03 -1.07768038e-03 -3.16146030e-04
-7.13050130e-01 2.08108912e-03 -1.12914118e-03 -1.07497704e-03 -3.16137553e-04
-7.11948220e-01 2.08119957e-03 -1.13157273e-03 -1.07227012e-03 -3.16132096e-04
-7.10844555e-01 2.08131439e-03 -1.13399959e-03 -1.06955951e-03 -3.16129625e-04
-7.09739137e-01 2.08143370e-03 -1.13642181e-03 -1.06684510e-03 -3.16130106e-04
-7.08631969e-01 2.08155757e-03 -1.13883948e-03 -1.06412680e-03 -3.16133505e-04
-7.07523053e-01 2.08168611e-03 -1.14125266e-03 -1.06140451e-03 -3.16139786e-04
-7.06412392e-01 2.08181941e-03 -1.14366144e-03 -1.05867812e-03 -3.16148913e-04
-7.05299989e-01 2.08195758e-03 -1.14606589e-03 -1.05594754e-03 -3.16160851e-04
-7.04185846e-01 2.08210071e-03 -1.14846608e-03 -1.05321267e-03 -3.16175563e-04
-7.03069967e-01 2.08224890e-03 -1.15086209e-03 -1.05047341e-03 -3.16193012e-04
-7.01952354e-01 2.08240224e-03 -1.15325400e-03 -1.04772966e-03 -3.16213161e-04
-7.00833010e-01 2.08256083e-03 -1.15564188e-03 -1.04498132e-03 -3.16235972e-04
-6.99711937e-01 2.08272478e-03 -1.15802580e-03 -1.04222831e-03 -3.16261406e-04
-6.98589139e-01 2.08289418e-03 -1.16040585e-03 -1.03947051e-03 -3.16289426e-04
-6.97464618e-01 2.08306913e-03 -1.16278210e-03 -1.03670784e-03 -3.16319993e-04
-6.96338377e-01 2.08324973e-03 -1.16515463e-03 -1.03394020e-03 -3.16353067e-04
-6.95210419e-01 2.08343607e-03 -1.16752351e-03 -1.03116750e-03 -3.16388609e-04
-6.94080746e-01 2.08362827e-03 -1.16988883e-03 -1.02838963e-03 -3.16426580e-04
-6.92949362e-01 2.08382641e-03 -1.17225065e-03 -1.02560652e-03 -3.16466939e-04
-6.91816268e-01 2.08403060e-03 -1.17460906e-03 -1.02281806e-03 -3.16509646e-04
-6.90681469e-01 2.08424093e-03 -1.17696414e-03 -1.02002417e-03 -3.16554660e-04
-6.89544966e-01 2.08445751e-03 -1.17931596e-03 -1.01722474e-03 -3.16601942e-04
-6.88406763e-01 2.08468043e-03 -1.18166461e-03 -1.01441970e-03 -3.16651449e-04
-6.87266861e-01 2.08490980e-03 -1.18401015e-03 -1.01160895e-03 -3.16703140e-04
-6.86125265e-01 2.08514572e-03 -1.18635267e-03 -1.00879239e-03 -3.16756975e-04
-6.84981977e-01 2.08538827e-03 -1.18869224e-03 -1.00596995e-03 -3.16812911e-04
-6.83837000e-01 2.08563757e-03 -1.19102895e-03 -1.00314153e-03 -3.16870907e-04
-6.82690336e-01 2.08589372e-03 -1.19336286e-03 -1.00030704e-03 -3.16930921e-04
-6.81541988e-01 2.08615680e-03 -1.19569407e-03 -9.97466405e-04 -3.16992910e-04
-6.80391960e-01 2.08642693e-03 -1.19802265e-03 -9.94619526e-04 -3.17056833e-04
-6.79240254e-01 2.08670420e-03 -1.20034867e-03 -9.91766320e-04 -3.17122646e-04
-6.78086872e-01 2.08698871e-03 -1.20267221e-03 -9.88906703e-04 -3.17190308e-04
-6.76931818e-01 2.08728056e-03 -1.20499335e-03 -9.86040589e-04 -3.17259777e-04
-6.75775095e-01 2.08757985e-03 -1.20731217e-03 -9.83167893e-04 -3.17331008e-04
-6.74616706e-01 2.08788667e-03 -1.20962875e-03 -9.80288534e-04 -3.17403960e-04
-6.73456652e-01 2.08820113e-03 -1.21194316e-03 -9.77402426e-04 -3.17478590e-04
-6.72294938e-01 2.08852333e-03 -1.21425548e-03 -9.74509489e-04 -3.17554855e-04
-6.71131566e-01 2.08885335e-03 -1.21656579e-03 -9.71609640e-04 -3.17632712e-04
-6.69966538e-01 2.08919131e-03 -1.21887417e-03 -9.68702798e-04 -3.17712118e-04
-6.68799859e-01 2.08953730e-03 -1.22118069e-03 -9.65788883e-04 -3.17793031e-04
-6.67631530e-01 2.08989141e-03 -1.22348542e-03 -9.62867815e-04 -3.17875407e-04
-6.66461554e-01 2.09025374e-03 -1.22578845e-03 -9.59939515e-04 -3.17959203e-04
-6.65289935e-01 2.09062439e-03 -1.22808986e-03 -9.57003904e-04 -3.18044377e-04
-6.64116675e-01 2.09100347e-03 -1.23038971e-03 -9.54060904e-04 -3.18130885e-04
-6.62941778e-01 2.09139105e-03 -1.23268808e-03 -9.51110439e-04 -3.18218685e-04
-6.61765245e-01 2.09178724e-03 -1.23498505e-03 -9.48152432e-04 -3.18307734e-04
-6.60587080e-01 2.09219214e-03 -1.23728070e-03 -9.45186806e-04 -3.18397989e-04
-6.59407287e-01 2.09260584e-03 -1.23957510e-03 -9.42213487e-04 -3.18489408e-04
-6.58225867e-01 2.09302844e-03 -1.24186832e-03 -9.39232400e-04 -3.18581948e-04
-6.57042824e-01 2.09346003e-03 -1.24416043e-03 -9.36243471e-04 -3.18675567e-04
-6.55858160e-01 2.09390070e-03 -1.24645152e-03 -9.33246626e-04 -3.18770221e-04
-6.54671879e-01 2.09435056e-03 -1.24874165e-03 -9.30241793e-04 -3.18865869e-04
-6.53483983e-01 2.09480969e-03 -1.25103091e-03 -9.27228900e-04 -3.18962469e-04
-6.52294476e-01 2.09527818e-03 -1.25331935e-03 -9.24207876e-04 -3.19059979e-04
-6.51103360e-01 2.09575614e-03 -1.25560706e-03 -9.21178649e-04 -3.19158355e-04
-6.49910639e-01 2.09624365e-03 -1.25789410e-03 -9.18141149e-04 -3.19257558e-04
-6.48716314e-01 2.09674081e-03 -1.26018056e-03 -9.15095308e-04 -3.19357545e-04
-6.47520390e-01 2.09724770e-03 -1.26246649e-03 -9.12041055e-04 -3.19458275e-04
-6.46322869e-01 2.09776443e-03 -1.26475197e-03 -9.08978324e-04 -3.19559705e-04
-6.45123754e-01 2.09829107e-03 -1.26703707e-03 -9.05907045e-04 -3.19661796e-04
-6.43923048e-01 2.09882773e-03 -1.26932187e-03 -9.02827153e-04 -3.19764506e-04
-6.42720754e-01 2.09937448e-03 -1.27160642e-03 -8.99738581e-04 -3.19867795e-04
-6.41516875e-01 2.09993143e-03 -1.27389081e-03 -8.96641262e-04 -3.19971621e-04
-6.40311414e-01 2.10049866e-03 -1.27617509e-03 -8.93535133e-04 -3.20075945e-04
-6.39104373e-01 2.10107626e-03 -1.27845934e-03 -8.90420127e-04 -3.20180725e-04
-6.37895757e-01 2.10166431e-03 -1.28074362e-03 -8.87296182e-04 -3.20285923e-04
-6.36685567e-01 2.10226291e-03 -1.28302800e-03 -8.84163234e-04 -3.20391499e-04
-6.35473807e-01 2.10287214e-03 -1.28531256e-03 -8.81021221e-04 -3.20497412e-04
-6.34260480e-01 2.10349210e-03 -1.28759734e-03 -8.77870079e-04 -3.20603623e-04
-6.33045589e-01 2.10412286e-03 -1.28988243e-03 -8.74709749e-04 -3.20710095e-04
-6.31829137e-01 2.10476451e-03 -1.29216788e-03 -8.71540167e-04 -3.20816786e-04
-6.30611126e-01 2.10541714e-03 -1.29445375e-03 -8.68361276e-04 -3.20923660e-04
-6.29391561e-01 2.10608083e-03 -1.29674012e-03 -8.65173013e-04 -3.21030677e-04
-6.28170443e-01 2.10675567e-03 -1.29902705e-03 -8.61975321e-04 -3.21137799e-04
-6.26947776e-01 2.10744173e-03 -1.30131460e-03 -8.58768141e-04 -3.21244990e-04
-6.25723562e-01 2.10813912e-03 -1.30360282e-03 -8.55551414e-04 -3.21352210e-04
-6.24497806e-01 2.10884790e-03 -1.30589179e-03 -8.52325083e-04 -3.21459423e-04
-6.23270509e-01 2.10956816e-03 -1.30818156e-03 -8.49089091e-04 -3.21566591e-04
-6.22041676e-01 2.11029998e-03 -1.31047220e-03 -8.45843382e-04 -3.21673679e-04
-6.20811308e-01 2.11104344e-03 -1.31276376e-03 -8.42587900e-04 -3.21780649e-04
-6.19579410e-01 2.11179862e-03 -1.31505630e-03 -8.39322589e-04 -3.21887464e-04
-6.18345983e-01 2.11256561e-03 -1.31734988e-03 -8.36047394e-04 -3.21994090e-04
-6.17111031e-01 2.11334448e-03 -1.31964456e-03 -8.32762262e-04 -3.22100491e-04
-6.15874558e-01 2.11413532e-03 -1.32194039e-03 -8.29467139e-04 -3.22206630e-04
-6.14636565e-01 2.11493819e-03 -1.32423744e-03 -8.26161971e-04 -3.22312474e-04
-6.13397057e-01 2.11575318e-03 -1.32653575e-03 -8.22846705e-04 -3.22417987e-04
-6.12156036e-01 2.11658037e-03 -1.32883539e-03 -8.19521290e-04 -3.22523134e-04
-6.10913506e-01 2.11741983e-03 -1.33113640e-03 -8.16185674e-04 -3.22627882e-04
-6.09669468e-01 2.11827163e-03 -1.33343884e-03 -8.12839805e-04 -3.22732196e-04
-6.08423928e-01 2.11913587e-03 -1.33574277e-03 -8.09483633e-04 -3.22836043e-04
-6.07176887e-01 2.12001260e-03 -1.33804823e-03 -8.06117107e-04 -3.22939390e-04
-6.05928348e-01 2.12090190e-03 -1.34035528e-03 -8.02740178e-04 -3.23042203e-04
-6.04678315e-01 2.12180386e-03 -1.34266397e-03 -7.99352797e-04 -3.23144449e-04
-6.03426791e-01 2.12271853e-03 -1.34497434e-03 -7.95954914e-04 -3.23246097e-04
-6.02173778e-01 2.12364601e-03 -1.34728646e-03 -7.92546481e-04 -3.23347115e-04
-6.00919281e-01 2.12458635e-03 -1.34960036e-03 -7.89127450e-04 -3.23447469e-04
-5.99663302e-01 2.12553962e-03 -1.35191609e-03 -7.85697774e-04 -3.23547129e-04
-5.98405843e-01 2.12650591e-03 -1.35423371e-03 -7.82257406e-04 -3.23646063e-04
-5.97146909e-01 2.12748528e-03 -1.35655325e-03 -7.78806299e-04 -3.23744241e-04
-5.95886503e-01 2.12847780e-03 -1.35887477e-03 -7.75344406e-04 -3.23841632e-04
-5.94624627e-01 2.12948354e-03 -1.36119831e-03 -7.71871682e-04 -3.23938204e-04
-5.93361284e-01 2.13050258e-03 -1.36352390e-03 -7.68388082e-04 -3.24033929e-04
-5.92096478e-01 2.13153497e-03 -1.36585161e-03 -7.64893560e-04 -3.24128777e-04
-5.90830212e-01 2.13258078e-03 -1.36818146e-03 -7.61388072e-04 -3.24222717e-04
-5.89562488e-01 2.13364010e-03 -1.37051351e-03 -7.57871574e-04 -3.24315721e-04
-5.88293311e-01 2.13471297e-03 -1.37284779e-03 -7.54344021e-04 -3.24407760e-04
-5.87022683e-01 2.13579947e-03 -1.37518434e-03 -7.50805371e-04 -3.24498805e-04
-5.85750607e-01 2.13689966e-03 -1.37752320e-03 -7.47255580e-04 -3.24588827e-04
-5.84477087e-01 2.13801361e-03 -1.37986441e-03 -7.43694606e-04 -3.24677799e-04
-5.83202125e-01 2.13914139e-03 -1.38220802e-03 -7.40122406e-04 -3.24765693e-04
-5.81925725e-01 2.14028305e-03 -1.38455404e-03 -7.36538937e-04 -3.24852481e-04
-5.80647890e-01 2.14143867e-03 -1.38690254e-03 -7.32944159e-04 -3.24938135e-04
-5.79368623e-01 2.14260829e-03 -1.38925353e-03 -7.29338030e-04 -3.25022629e-04
-5.78087927e-01 2.14379200e-03 -1.39160705e-03 -7.25720508e-04 -3.25105936e-04
-5.76805805e-01 2.14498984e-03 -1.39396314e-03 -7.22091553e-04 -3.25188029e-04
-5.75522261e-01 2.14620189e-03 -1.39632183e-03 -7.18451125e-04 -3.25268883e-04
-5.74237298e-01 2.14742820e-03 -1.39868316e-03 -7.14799183e-04 -3.25348470e-04
-5.72950918e-01 2.14866883e-03 -1.40104715e-03 -7.11135688e-04 -3.25426766e-04
-5.71663126e-01 2.14992385e-03 -1.40341383e-03 -7.07460600e-04 -3.25503744e-04
-5.70373923e-01 2.15119330e-03 -1.40578325e-03 -7.03773879e-04 -3.25579380e-04
-5.69083314e-01 2.15247726e-03 -1.40815542e-03 -7.00075486e-04 -3.25653647e-04
-5.67791302e-01 2.15377579e-03 -1.41053037e-03 -6.96365384e-04 -3.25726522e-04
-5.66497889e-01 2.15508893e-03 -1.41290814e-03 -6.92643532e-04 -3.25797980e-04
-5.65203079e-01 2.15641674e-03 -1.41528874e-03 -6.88909894e-04 -3.25867996e-04
-5.63906875e-01 2.15775929e-03 -1.41767221e-03 -6.85164430e-04 -3.25936545e-04
-5.62609281e-01 2.15911664e-03 -1.42005858e-03 -6.81407103e-04 -3.26003605e-04
-5.61310299e-01 2.16048883e-03 -1.42244785e-03 -6.77637876e-04 -3.26069150e-04
-5.60009933e-01 2.16187592e-03 -1.42484007e-03 -6.73856710e-04 -3.26133158e-04
-5.58708186e-01 2.16327797e-03 -1.42723525e-03 -6.70063570e-04 -3.26195605e-04
-5.57405060e-01 2.16469504e-03 -1.42963341e-03 -6.66258417e-04 -3.26256467e-04
-5.56100561e-01 2.16612717e-03 -1.43203459e-03 -6.62441215e-04 -3.26315722e-04
-5.54794689e-01 2.16757443e-03 -1.43443878e-03 -6.58611928e-04 -3.26373345e-04
-5.53487450e-01 2.16903687e-03 -1.43684603e-03 -6.54770519e-04 -3.26429316e-04
-5.52178845e-01 2.17051454e-03 -1.43925634e-03 -6.50916952e-04 -3.26483610e-04
-5.50868879e-01 2.17200749e-03 -1.44166974e-03 -6.47051191e-04 -3.26536206e-04
-5.49557555e-01 2.17351577e-03 -1.44408624e-03 -6.43173199e-04 -3.26587080e-04
-5.48244874e-01 2.17503945e-03 -1.44650586e-03 -6.39282942e-04 -3.26636211e-04
-5.46930842e-01 2.17657856e-03 -1.44892861e-03 -6.35380383e-04 -3.26683577e-04
-5.45615461e-01 2.17813317e-03 -1.45135451e-03 -6.31465487e-04 -3.26729155e-04
-5.44298735e-01 2.17970332e-03 -1.45378358e-03 -6.27538219e-04 -3.26772923e-04
-5.42980666e-01 2.18128906e-03 -1.45621583e-03 -6.23598543e-04 -3.26814860e-04
-5.41661258e-01 2.18289045e-03 -1.45865127e-03 -6.19646425e-04 -3.26854944e-04
-5.40340514e-01 2.18450753e-03 -1.46108992e-03 -6.15681829e-04 -3.26893153e-04
-5.39018438e-01 2.18614036e-03 -1.46353178e-03 -6.11704720e-04 -3.26929466e-04
-5.37695032e-01 2.18778898e-03 -1.46597687e-03 -6.07715064e-04 -3.26963860e-04
-5.36370301e-01 2.18945344e-03 -1.46842520e-03 -6.03712825e-04 -3.26996316e-04
-5.35044246e-01 2.19113380e-03 -1.47087677e-03 -5.99697970e-04 -3.27026810e-04
-5.33716872e-01 2.19283009e-03 -1.47333160e-03 -5.95670464e-04 -3.27055322e-04
-5.32388182e-01 2.19454238e-03 -1.47578969e-03 -5.91630271e-04 -3.27081831e-04
-5.31058179e-01 2.19627070e-03 -1.47825105e-03 -5.87577359e-04 -3.27106314e-04
-5.29726866e-01 2.19801510e-03 -1.48071568e-03 -5.83511692e-04 -3.27128751e-04
-5.28394247e-01 2.19977563e-03 -1.48318360e-03 -5.79433235e-04 -3.27149121e-04
-5.27060325e-01 2.20155235e-03 -1.48565481e-03 -5.75341956e-04 -3.27167401e-04
-5.25725102e-01 2.20334529e-03 -1.48812931e-03 -5.71237819e-04 -3.27183571e-04
-5.24388584e-01 2.20515450e-03 -1.49060711e-03 -5.67120790e-04 -3.27197610e-04
-5.23050772e-01 2.20698002e-03 -1.49308820e-03 -5.62990835e-04 -3.27209495e-04
-5.21711670e-01 2.20882192e-03 -1.49557260e-03 -5.58847920e-04 -3.27219205e-04
-5.20371281e-01 2.21068022e-03 -1.49806030e-03 -5.54692011e-04 -3.27226720e-04
-5.19029610e-01 2.21255498e-03 -1.50055130e-03 -5.50523073e-04 -3.27232017e-04
-5.17686658e-01 2.21444624e-03 -1.50304561e-03 -5.46341073e-04 -3.27235075e-04
-5.16342429e-01 2.21635405e-03 -1.50554322e-03 -5.42145976e-04 -3.27235871e-04
-5.14996927e-01 2.21827845e-03 -1.50804413e-03 -5.37937747e-04 -3.27234385e-04
-5.13650155e-01 2.22021949e-03 -1.51054835e-03 -5.33716353e-04 -3.27230594e-04
-5.12302117e-01 2.22217721e-03 -1.51305586e-03 -5.29481760e-04 -3.27224477e-04
-5.10952815e-01 2.22415166e-03 -1.51556667e-03 -5.25233933e-04 -3.27216011e-04
-5.09602252e-01 2.22614288e-03 -1.51808078e-03 -5.20972838e-04 -3.27205173e-04
-5.08250433e-01 2.22815091e-03 -1.52059817e-03 -5.16698440e-04 -3.27191942e-04
-5.06897361e-01 2.23017581e-03 -1.52311885e-03 -5.12410705e-04 -3.27176296e-04
-5.05543038e-01 2.23221761e-03 -1.52564281e-03 -5.08109599e-04 -3.27158210e-04
-5.04187469e-01 2.23427635e-03 -1.52817004e-03 -5.03795087e-04 -3.27137663e-04
-5.02830656e-01 2.23635209e-03 -1.53070054e-03 -4.99467134e-04 -3.27114631e-04
-5.01472604e-01 2.23844487e-03 -1.53323431e-03 -4.95125706e-04 -3.27089092e-04
-5.00113314e-01 2.24055473e-03 -1.53577132e-03 -4.90770768e-04 -3.27061021e-04
-4.98752791e-01 2.24268171e-03 -1.53831158e-03 -4.86402286e-04 -3.27030395e-04
-4.97391039e-01 2.24482585e-03 -1.54085507e-03 -4.82020223e-04 -3.26997191e-04
-4.96028059e-01 2.24698721e-03 -1.54340180e-03 -4.77624546e-04 -3.26961383e-04
-4.94663856e-01 2.24916583e-03 -1.54595174e-03 -4.73215219e-04 -3.26922949e-04
-4.93298434e-01 2.25136174e-03 -1.54850489e-03 -4.68792207e-04 -3.26881863e-04
-4.91931794e-01 2.25357499e-03 -1.55106124e-03 -4.64355475e-04 -3.26838100e-04
-4.90563942e-01 2.25580563e-03 -1.55362077e-03 -4.59904987e-04 -3.26791635e-04
-4.89194880e-01 2.25805370e-03 -1.55618348e-03 -4.55440707e-04 -3.26742444e-04
-4.87824611e-01 2.26031924e-03 -1.55874935e-03 -4.50962600e-04 -3.26690499e-04
-4.86453139e-01 2.26260229e-03 -1.56131837e-03 -4.46470631e-04 -3.26635776e-04
-4.85080468e-01 2.26490291e-03 -1.56389053e-03 -4.41964762e-04 -3.26578248e-04
-4.83706600e-01 2.26722113e-03 -1.56646582e-03 -4.37444959e-04 -3.26517889e-04
-4.82331539e-01 2.26955699e-03 -1.56904422e-03 -4.32911184e-04 -3.26454671e-04
-4.80955289e-01 2.27191055e-03 -1.57162571e-03 -4.28363402e-04 -3.26388567e-04
-4.79577853e-01 2.27428184e-03 -1.57421029e-03 -4.23801575e-04 -3.26319550e-04
-4.78199234e-01 2.27667091e-03 -1.57679793e-03 -4.19225668e-04 -3.26247591e-04
-4.76819436e-01 2.27907780e-03 -1.57938863e-03 -4.14635643e-04 -3.26172663e-04
-4.75438462e-01 2.28150256e-03 -1.58198237e-03 -4.10031464e-04 -3.26094736e-04
-4.74056315e-01 2.28394523e-03 -1.58457912e-03 -4.05413092e-04 -3.26013782e-04
-4.72672999e-01 2.28640586e-03 -1.58717888e-03 -4.00780491e-04 -3.25929770e-04
-4.71288518e-01 2.28888448e-03 -1.58978163e-03 -3.96133623e-04 -3.25842672e-04
-4.69902874e-01 2.29138115e-03 -1.59238735e-03 -3.91472450e-04 -3.25752457e-04
-4.68516071e-01 2.29389591e-03 -1.59499602e-03 -3.86796935e-04 -3.25659093e-04
-4.67128113e-01 2.29642880e-03 -1.59760764e-03 -3.82107038e-04 -3.25562550e-04
-4.65739003e-01 2.29897987e-03 -1.60022217e-03 -3.77402723e-04 -3.25462796e-04
-4.64348744e-01 2.30154917e-03 -1.60283960e-03 -3.72683950e-04 -3.25359799e-04
-4.62957340e-01 2.30413674e-03 -1.60545991e-03 -3.67950680e-04 -3.25253527e-04
-4.61564795e-01 2.30674262e-03 -1.60808309e-03 -3.63202874e-04 -3.25143945e-04
-4.60171111e-01 2.30936686e-03 -1.61070912e-03 -3.58440494e-04 -3.25031022e-04
-4.58776292e-01 2.31200952e-03 -1.61333797e-03 -3.53663500e-04 -3.24914722e-04
-4.57380342e-01 2.31467062e-03 -1.61596963e-03 -3.48871852e-04 -3.24795011e-04
-4.55983264e-01 2.31735023e-03 -1.61860408e-03 -3.44065510e-04 -3.24671855e-04
-4.54585061e-01 2.32004839e-03 -1.62124130e-03 -3.39244434e-04 -3.24545217e-04
-4.53185738e-01 2.32276514e-03 -1.62388127e-03 -3.34408584e-04 -3.24415061e-04
-4.51785296e-01 2.32550053e-03 -1.62652396e-03 -3.29557918e-04 -3.24281351e-04
-4.50383741e-01 2.32825462e-03 -1.62916937e-03 -3.24692397e-04 -3.24144050e-04
-4.48981074e-01 2.33102745e-03 -1.63181747e-03 -3.19811979e-04 -3.24003120e-04
-4.47577301e-01 2.33381906e-03 -1.63446824e-03 -3.14916623e-04 -3.23858522e-04
-4.46172424e-01 2.33662951e-03 -1.63712167e-03 -3.10006286e-04 -3.23710217e-04
-4.44766446e-01 2.33945884e-03 -1.63977772e-03 -3.05080927e-04 -3.23558167e-04
-4.43359371e-01 2.34230711e-03 -1.64243638e-03 -3.00140504e-04 -3.23402330e-04
-4.41951203e-01 2.34517436e-03 -1.64509763e-03 -2.95184974e-04 -3.23242667e-04
-4.40541946e-01 2.34806065e-03 -1.64776146e-03 -2.90214295e-04 -3.23079136e-04
-4.39131601e-01 2.35096602e-03 -1.65042783e-03 -2.85228422e-04 -3.22911695e-04
-4.37720174e-01 2.35389053e-03 -1.65309674e-03 -2.80227314e-04 -3.22740301e-04
-4.36307667e-01 2.35683423e-03 -1.65576815e-03 -2.75210926e-04 -3.22564912e-04
-4.34894084e-01 2.35979717e-03 -1.65844205e-03 -2.70179213e-04 -3.22385483e-04
-4.33479429e-01 2.36277940e-03 -1.66111843e-03 -2.65132133e-04 -3.22201971e-04
-4.32063705e-01 2.36578097e-03 -1.66379725e-03 -2.60069640e-04 -3.22014329e-04
-4.30646915e-01 2.36880195e-03 -1.66647851e-03 -2.54991690e-04 -3.21822513e-04
-4.29229063e-01 2.37184237e-03 -1.66916217e-03 -2.49898236e-04 -3.21626475e-04
-4.27810152e-01 2.37490230e-03 -1.67184823e-03 -2.44789234e-04 -3.21426169e-04
-4.26390187e-01 2.37798180e-03 -1.67453666e-03 -2.39664637e-04 -3.21221547e-04
-4.24969170e-01 2.38108090e-03 -1.67722744e-03 -2.34524399e-04 -3.21012559e-04
-4.23547105e-01 2.38419968e-03 -1.67992056e-03 -2.29368474e-04 -3.20799158e-04
-4.22123995e-01 2.38733819e-03 -1.68261599e-03 -2.24196814e-04 -3.20581293e-04
-4.20699844e-01 2.39049648e-03 -1.68531371e-03 -2.19009373e-04 -3.20358914e-04
-4.19274656e-01 2.39367461e-03 -1.68801372e-03 -2.13806102e-04 -3.20131969e-04
-4.17848434e-01 2.39687264e-03 -1.69071599e-03 -2.08586954e-04 -3.19900405e-04
-4.16421181e-01 2.40009063e-03 -1.69342050e-03 -2.03351879e-04 -3.19664171e-04
-4.14992902e-01 2.40332864e-03 -1.69612723e-03 -1.98100829e-04 -3.19423213e-04
-4.13563599e-01 2.40658672e-03 -1.69883617e-03 -1.92833755e-04 -3.19177476e-04
-4.12133276e-01 2.40986494e-03 -1.70154731e-03 -1.87550608e-04 -3.18926906e-04
-4.10701936e-01 2.41316336e-03 -1.70426061e-03 -1.82251336e-04 -3.18671446e-04
-4.09269584e-01 2.41648204e-03 -1.70697608e-03 -1.76935891e-04 -3.18411041e-04
-4.07836222e-01 2.41982104e-03 -1.70969369e-03 -1.71604220e-04 -3.18145632e-04
-4.06401855e-01 2.42318042e-03 -1.71241343e-03 -1.66256273e-04 -3.17875162e-04
-4.04966485e-01 2.42656025e-03 -1.71513528e-03 -1.60891997e-04 -3.17599571e-04
-4.03530117e-01 2.42996060e-03 -1.71785922e-03 -1.55511341e-04 -3.17318801e-04
-4.02092753e-01 2.43338152e-03 -1.72058526e-03 -1.50114253e-04 -3.17032791e-04
-4.00654398e-01 2.43682308e-03 -1.72331336e-03 -1.44700679e-04 -3.16741479e-04
-3.99215055e-01 2.44028536e-03 -1.72604352e-03 -1.39270565e-04 -3.16444804e-04
-3.97774727e-01 2.44376841e-03 -1.72877573e-03 -1.33823858e-04 -3.16142703e-04
-3.96333418e-01 2.44727230e-03 -1.73150997e-03 -1.28360503e-04 -3.15835112e-04
-3.94891132e-01 2.45079711e-03 -1.73424623e-03 -1.22880446e-04 -3.15521967e-04
-3.93447872e-01 2.45434290e-03 -1.73698450e-03 -1.17383630e-04 -3.15203203e-04
-3.92003642e-01 2.45790974e-03 -1.73972477e-03 -1.11870001e-04 -3.14878754e-04
-3.90558445e-01 2.46149771e-03 -1.74246704e-03 -1.06339502e-04 -3.14548552e-04
-3.89112285e-01 2.46510688e-03 -1.74521129e-03 -1.00792075e-04 -3.14212531e-04
-3.87665165e-01 2.46873731e-03 -1.74795751e-03 -9.52276641e-05 -3.13870621e-04
-3.86217089e-01 2.47238909e-03 -1.75070569e-03 -8.96462106e-05 -3.13522754e-04
-3.84768060e-01 2.47606228e-03 -1.75345584e-03 -8.40476562e-05 -3.13168860e-04
-3.83318083e-01 2.47975697e-03 -1.75620794e-03 -7.84319419e-05 -3.12808867e-04
-3.81867160e-01 2.48347322e-03 -1.75896199e-03 -7.27990081e-05 -3.12442704e-04
-3.80415296e-01 2.48721112e-03 -1.76171798e-03 -6.71487947e-05 -3.12070298e-04
-3.78962493e-01 2.49097075e-03 -1.76447590e-03 -6.14812410e-05 -3.11691576e-04
-3.77508756e-01 2.49475218e-03 -1.76723577e-03 -5.57962858e-05 -3.11306464e-04
-3.76054088e-01 2.49855549e-03 -1.76999756e-03 -5.00938672e-05 -3.10914887e-04
-3.74598493e-01 2.50238077e-03 -1.77276129e-03 -4.43739227e-05 -3.10516768e-04
-3.73141973e-01 2.50622810e-03 -1.77552695e-03 -3.86363892e-05 -3.10112032e-04
-3.71684534e-01 2.51009755e-03 -1.77829454e-03 -3.28812031e-05 -3.09700600e-04
-3.70226177e-01 2.51398922e-03 -1.78106406e-03 -2.71083001e-05 -3.09282394e-04
-3.68766908e-01 2.51790319e-03 -1.78383552e-03 -2.13176151e-05 -3.08857335e-04
-3.67306729e-01 2.52183954e-03 -1.78660891e-03 -1.55090825e-05 -3.08425343e-04
-3.65845645e-01 2.52579837e-03 -1.78938424e-03 -9.68263616e-06 -3.07986337e-04
-3.64383658e-01 2.52977975e-03 -1.79216152e-03 -3.83820900e-06 -3.07540235e-04
-3.62920772e-01 2.53378379e-03 -1.79494074e-03 2.02426658e-06 -3.07086955e-04
-3.61456992e-01 2.53781057e-03 -1.79772193e-03 7.90485893e-06 -3.06626414e-04
-3.59992320e-01 2.54186018e-03 -1.80050508e-03 1.38036371e-05 -3.06158527e-04
-3.58526760e-01 2.54593272e-03 -1.80329021e-03 1.97206708e-05 -3.05683209e-04
-3.57060317e-01 2.55002827e-03 -1.80607732e-03 2.56560307e-05 -3.05200374e-04
-3.55592992e-01 2.55414695e-03 -1.80886642e-03 3.16097879e-05 -3.04709936e-04
-3.54124791e-01 2.55828883e-03 -1.81165754e-03 3.75820144e-05 -3.04211808e-04
-3.52655716e-01 2.56245402e-03 -1.81445067e-03 4.35727831e-05 -3.03705900e-04
-3.51185772e-01 2.56664262e-03 -1.81724584e-03 4.95821675e-05 -3.03192124e-04
-3.49714961e-01 2.57085473e-03 -1.82004306e-03 5.56102419e-05 -3.02670390e-04
-3.48243288e-01 2.57509045e-03 -1.82284235e-03 6.16570816e-05 -3.02140608e-04
-3.46770756e-01 2.57934988e-03 -1.82564372e-03 6.77227626e-05 -3.01602685e-04
-3.45297369e-01 2.58363312e-03 -1.82844720e-03 7.38073617e-05 -3.01056529e-04
-3.43823131e-01 2.58794029e-03 -1.83125280e-03 7.99109566e-05 -3.00502047e-04
-3.42348044e-01 2.59227148e-03 -1.83406055e-03 8.60336259e-05 -2.99939145e-04
-3.40872114e-01 2.59662682e-03 -1.83687047e-03 9.21754490e-05 -2.99367729e-04
-3.39395342e-01 2.60100639e-03 -1.83968258e-03 9.83365064e-05 -2.98787703e-04
-3.37917734e-01 2.60541033e-03 -1.84249692e-03 1.04516879e-04 -2.98198970e-04
-3.36439292e-01 2.60983873e-03 -1.84531350e-03 1.10716650e-04 -2.97601434e-04
-3.34960021e-01 2.61429171e-03 -1.84813235e-03 1.16935901e-04 -2.96994997e-04
-3.33479923e-01 2.61876939e-03 -1.85095352e-03 1.23174717e-04 -2.96379560e-04
-3.31999003e-01 2.62327189e-03 -1.85377702e-03 1.29433184e-04 -2.95755023e-04
-3.30517264e-01 2.62779932e-03 -1.85660288e-03 1.35711386e-04 -2.95121288e-04
-3.29034710e-01 2.63235180e-03 -1.85943116e-03 1.42009412e-04 -2.94478252e-04
-3.27551345e-01 2.63692945e-03 -1.86226187e-03 1.48327349e-04 -2.93825814e-04
-3.26067172e-01 2.64153239e-03 -1.86509505e-03 1.54665287e-04 -2.93163872e-04
-3.24582195e-01 2.64616076e-03 -1.86793075e-03 1.61023315e-04 -2.92492323e-04
-3.23096417e-01 2.65081467e-03 -1.87076901e-03 1.67401526e-04 -2.91811063e-04
-3.21609843e-01 2.65549425e-03 -1.87360986e-03 1.73800011e-04 -2.91119987e-04
-3.20122475e-01 2.66019964e-03 -1.87645335e-03 1.80218864e-04 -2.90418991e-04
-3.18634318e-01 2.66493095e-03 -1.87929953e-03 1.86658180e-04 -2.89707968e-04
-3.17145375e-01 2.66968833e-03 -1.88214844e-03 1.93118055e-04 -2.88986811e-04
-3.15655650e-01 2.67447191e-03 -1.88500012e-03 1.99598585e-04 -2.88255415e-04
-3.14165146e-01 2.67928183e-03 -1.88785464e-03 2.06099869e-04 -2.87513670e-04
-3.12673868e-01 2.68411821e-03 -1.89071203e-03 2.12622007e-04 -2.86761468e-04
-3.11181819e-01 2.68898121e-03 -1.89357236e-03 2.19165098e-04 -2.85998699e-04
-3.09689002e-01 2.69387095e-03 -1.89643568e-03 2.25729246e-04 -2.85225255e-04
-3.08195421e-01 2.69878760e-03 -1.89930204e-03 2.32314553e-04 -2.84441024e-04
-3.06701080e-01 2.70373128e-03 -1.90217150e-03 2.38921123e-04 -2.83645895e-04
-3.05205983e-01 2.70870214e-03 -1.90504412e-03 2.45549063e-04 -2.82839756e-04
-3.03710134e-01 2.71370034e-03 -1.90791997e-03 2.52198479e-04 -2.82022496e-04
-3.02213535e-01 2.71872602e-03 -1.91079911e-03 2.58869481e-04 -2.81194000e-04
-3.00716191e-01 2.72377934e-03 -1.91368160e-03 2.65562178e-04 -2.80354156e-04
-2.99218105e-01 2.72886045e-03 -1.91656751e-03 2.72276681e-04 -2.79502849e-04
-2.97719282e-01 2.73396950e-03 -1.91945690e-03 2.79013104e-04 -2.78639964e-04
-2.96219724e-01 2.73910665e-03 -1.92234986e-03 2.85771560e-04 -2.77765387e-04
-2.94719436e-01 2.74427207e-03 -1.92524645e-03 2.92552165e-04 -2.76879002e-04
-2.93218420e-01 2.74946591e-03 -1.92814675e-03 2.99355037e-04 -2.75980692e-04
-2.91716682e-01 2.75468834e-03 -1.93105083e-03 3.06180293e-04 -2.75070340e-04
-2.90214224e-01 2.75993953e-03 -1.93395877e-03 3.13028055e-04 -2.74147829e-04
-2.88711051e-01 2.76521964e-03 -1.93687066e-03 3.19898444e-04 -2.73213042e-04
-2.87207166e-01 2.77052883e-03 -1.93978657e-03 3.26791583e-04 -2.72265860e-04
-2.85702572e-01 2.77586730e-03 -1.94270659e-03 3.33707598e-04 -2.71306163e-04
-2.84197274e-01 2.78123520e-03 -1.94563080e-03 3.40646616e-04 -2.70333834e-04
-2.82691274e-01 2.78663271e-03 -1.94855930e-03 3.47608764e-04 -2.69348752e-04
-2.81184578e-01 2.79206002e-03 -1.95149217e-03 3.54594172e-04 -2.68350797e-04
-2.79677188e-01 2.79751730e-03 -1.95442951e-03 3.61602974e-04 -2.67339849e-04
-2.78169109e-01 2.80300474e-03 -1.95737140e-03 3.68635301e-04 -2.66315787e-04
-2.76660343e-01 2.80852253e-03 -1.96031796e-03 3.75691290e-04 -2.65278489e-04
-2.75150895e-01 2.81407084e-03 -1.96326927e-03 3.82771077e-04 -2.64227835e-04
-2.73640769e-01 2.81964987e-03 -1.96622544e-03 3.89874801e-04 -2.63163701e-04
-2.72129968e-01 2.82525982e-03 -1.96918656e-03 3.97002604e-04 -2.62085965e-04
-2.70618495e-01 2.83090087e-03 -1.97215275e-03 4.04154627e-04 -2.60994506e-04
-2.69106356e-01 2.83657322e-03 -1.97512411e-03 4.11331016e-04 -2.59889200e-04
-2.67593552e-01 2.84227708e-03 -1.97810075e-03 4.18531917e-04 -2.58769923e-04
-2.66080089e-01 2.84801264e-03 -1.98108278e-03 4.25757479e-04 -2.57636552e-04
-2.64565969e-01 2.85378011e-03 -1.98407031e-03 4.33007851e-04 -2.56488964e-04
-2.63051197e-01 2.85957970e-03 -1.98706346e-03 4.40283187e-04 -2.55327034e-04
-2.61535776e-01 2.86541161e-03 -1.99006235e-03 4.47583641e-04 -2.54150638e-04
-2.60019711e-01 2.87127606e-03 -1.99306710e-03 4.54909369e-04 -2.52959652e-04
-2.58503004e-01 2.87717326e-03 -1.99607783e-03 4.62260531e-04 -2.51753950e-04
-2.56985659e-01 2.88310342e-03 -1.99909466e-03 4.69637287e-04 -2.50533409e-04
-2.55467681e-01 2.88906677e-03 -2.00211772e-03 4.77039801e-04 -2.49297902e-04
-2.53949073e-01 2.89506353e-03 -2.00514714e-03 4.84468237e-04 -2.48047305e-04
-2.52429838e-01 2.90109393e-03 -2.00818305e-03 4.91922763e-04 -2.46781493e-04
-2.50909981e-01 2.90715818e-03 -2.01122559e-03 4.99403549e-04 -2.45500339e-04
-2.49389505e-01 2.91325652e-03 -2.01427488e-03 5.06910766e-04 -2.44203719e-04
-2.47868414e-01 2.91938919e-03 -2.01733107e-03 5.14444590e-04 -2.42891507e-04
-2.46346712e-01 2.92555641e-03 -2.02039430e-03 5.22005197e-04 -2.41563578e-04
-2.44824402e-01 2.93175844e-03 -2.02346471e-03 5.29592765e-04 -2.40219804e-04
-2.43301489e-01 2.93799550e-03 -2.02654245e-03 5.37207477e-04 -2.38860062e-04
-2.41777975e-01 2.94426784e-03 -2.02962765e-03 5.44849517e-04 -2.37484225e-04
-2.40253865e-01 2.95057570e-03 -2.03272048e-03 5.52519070e-04 -2.36092167e-04
-2.38729163e-01 2.95691935e-03 -2.03582108e-03 5.60216326e-04 -2.34683764e-04
-2.37203872e-01 2.96329903e-03 -2.03892960e-03 5.67941475e-04 -2.33258888e-04
-2.35677996e-01 2.96971499e-03 -2.04204621e-03 5.75694714e-04 -2.31817415e-04
-2.34151539e-01 2.97616749e-03 -2.04517106e-03 5.83476236e-04 -2.30359220e-04
-2.32624504e-01 2.98265680e-03 -2.04830432e-03 5.91286243e-04 -2.28884176e-04
-2.31096895e-01 2.98918317e-03 -2.05144614e-03 5.99124936e-04 -2.27392159e-04
-2.29568717e-01 2.99574689e-03 -2.05459669e-03 6.06992520e-04 -2.25883043e-04
-2.28039973e-01 3.00234821e-03 -2.05775614e-03 6.14889202e-04 -2.24356705e-04
-2.26510666e-01 3.00898740e-03 -2.06092467e-03 6.22815191e-04 -2.22813018e-04
-2.24980800e-01 3.01566476e-03 -2.06410243e-03 6.30770702e-04 -2.21251859e-04
-2.23450380e-01 3.02238054e-03 -2.06728962e-03 6.38755950e-04 -2.19673103e-04
-2.21919408e-01 3.02913505e-03 -2.07048640e-03 6.46771153e-04 -2.18076626e-04
-2.20387890e-01 3.03592856e-03 -2.07369296e-03 6.54816534e-04 -2.16462305e-04
-2.18855828e-01 3.04276136e-03 -2.07690947e-03 6.62892315e-04 -2.14830016e-04
-2.17323226e-01 3.04963375e-03 -2.08013613e-03 6.70998726e-04 -2.13179636e-04
-2.15790088e-01 3.05654602e-03 -2.08337312e-03 6.79135997e-04 -2.11511042e-04
-2.14256418e-01 3.06349846e-03 -2.08662063e-03 6.87304360e-04 -2.09824112e-04
-2.12722219e-01 3.07049139e-03 -2.08987884e-03 6.95504052e-04 -2.08118723e-04
-2.11187496e-01 3.07752510e-03 -2.09314797e-03 7.03735314e-04 -2.06394754e-04
-2.09652252e-01 3.08459990e-03 -2.09642819e-03 7.11998388e-04 -2.04652083e-04
-2.08116491e-01 3.09171612e-03 -2.09971972e-03 7.20293519e-04 -2.02890590e-04
-2.06580217e-01 3.09887405e-03 -2.10302274e-03 7.28620958e-04 -2.01110154e-04
-2.05043433e-01 3.10607403e-03 -2.10633747e-03 7.36980956e-04 -1.99310656e-04
-2.03506144e-01 3.11331637e-03 -2.10966412e-03 7.45373769e-04 -1.97491975e-04
-2.01968353e-01 3.12060139e-03 -2.11300288e-03 7.53799656e-04 -1.95653993e-04
-2.00430064e-01 3.12792944e-03 -2.11635397e-03 7.62258880e-04 -1.93796591e-04
-1.98891280e-01 3.13530083e-03 -2.11971760e-03 7.70751706e-04 -1.91919652e-04
-1.97352006e-01 3.14271591e-03 -2.12309400e-03 7.79278403e-04 -1.90023059e-04
-1.95812245e-01 3.15017502e-03 -2.12648336e-03 7.87839244e-04 -1.88106694e-04
-1.94272002e-01 3.15767849e-03 -2.12988593e-03 7.96434505e-04 -1.86170441e-04
-1.92731279e-01 3.16522668e-03 -2.13330191e-03 8.05064466e-04 -1.84214186e-04
-1.91190081e-01 3.17281994e-03 -2.13673153e-03 8.13729409e-04 -1.82237813e-04
-1.89648411e-01 3.18045862e-03 -2.14017502e-03 8.22429622e-04 -1.80241209e-04
-1.88106274e-01 3.18814308e-03 -2.14363261e-03 8.31165395e-04 -1.78224259e-04
-1.86563673e-01 3.19587368e-03 -2.14710453e-03 8.39937021e-04 -1.76186852e-04
-1.85020611e-01 3.20365078e-03 -2.15059101e-03 8.48744798e-04 -1.74128875e-04
-1.83477094e-01 3.21147476e-03 -2.15409229e-03 8.57589029e-04 -1.72050218e-04
-1.81933124e-01 3.21934598e-03 -2.15760861e-03 8.66470017e-04 -1.69950770e-04
-1.80388705e-01 3.22726483e-03 -2.16114020e-03 8.75388072e-04 -1.67830421e-04
-1.78843841e-01 3.23523168e-03 -2.16468732e-03 8.84343507e-04 -1.65689062e-04
-1.77298536e-01 3.24324692e-03 -2.16825020e-03 8.93336638e-04 -1.63526587e-04
-1.75752795e-01 3.25131094e-03 -2.17182909e-03 9.02367786e-04 -1.61342888e-04
-1.74206619e-01 3.25942412e-03 -2.17542424e-03 9.11437275e-04 -1.59137858e-04
-1.72660014e-01 3.26758687e-03 -2.17903591e-03 9.20545434e-04 -1.56911393e-04
-1.71112983e-01 3.27579958e-03 -2.18266434e-03 9.29692595e-04 -1.54663388e-04
-1.69565531e-01 3.28406266e-03 -2.18630980e-03 9.38879094e-04 -1.52393741e-04
-1.68017660e-01 3.29237651e-03 -2.18997253e-03 9.48105273e-04 -1.50102348e-04
-1.66469374e-01 3.30074155e-03 -2.19365281e-03 9.57371475e-04 -1.47789109e-04
-1.64920678e-01 3.30915819e-03 -2.19735089e-03 9.66678049e-04 -1.45453922e-04
-1.63371576e-01 3.31762685e-03 -2.20106703e-03 9.76025349e-04 -1.43096690e-04
-1.61822070e-01 3.32614795e-03 -2.20480151e-03 9.85413731e-04 -1.40717313e-04
-1.60272166e-01 3.33472193e-03 -2.20855458e-03 9.94843557e-04 -1.38315694e-04
-1.58721866e-01 3.34334921e-03 -2.21232653e-03 1.00431519e-03 -1.35891738e-04
-1.57171175e-01 3.35203023e-03 -2.21611763e-03 1.01382901e-03 -1.33445349e-04
-1.55620096e-01 3.36076543e-03 -2.21992814e-03 1.02338537e-03 -1.30976433e-04
-1.54068633e-01 3.36955526e-03 -2.22375834e-03 1.03298467e-03 -1.28484899e-04
-1.52516790e-01 3.37840015e-03 -2.22760852e-03 1.04262729e-03 -1.25970653e-04
-1.50964572e-01 3.38730057e-03 -2.23147895e-03 1.05231361e-03 -1.23433607e-04
-1.49411981e-01 3.39625697e-03 -2.23536991e-03 1.06204402e-03 -1.20873671e-04
-1.47859021e-01 3.40526982e-03 -2.23928170e-03 1.07181892e-03 -1.18290756e-04
-1.46305697e-01 3.41433957e-03 -2.24321459e-03 1.08163871e-03 -1.15684777e-04
-1.44752012e-01 3.42346669e-03 -2.24716887e-03 1.09150380e-03 -1.13055648e-04
-1.43197970e-01 3.43265167e-03 -2.25114483e-03 1.10141460e-03 -1.10403285e-04
-1.41643575e-01 3.44189497e-03 -2.25514277e-03 1.11137151e-03 -1.07727605e-04
-1.40088830e-01 3.45119708e-03 -2.25916297e-03 1.12137497e-03 -1.05028527e-04
-1.38533740e-01 3.46055849e-03 -2.26320574e-03 1.13142539e-03 -1.02305970e-04
-1.36978309e-01 3.46997968e-03 -2.26727136e-03 1.14152321e-03 -9.95598560e-05
-1.35422539e-01 3.47946115e-03 -2.27136014e-03 1.15166885e-03 -9.67901070e-05
-1.33866436e-01 3.48900341e-03 -2.27547237e-03 1.16186275e-03 -9.39966472e-05
-1.32310002e-01 3.49860695e-03 -2.27960837e-03 1.17210537e-03 -9.11794021e-05
-1.30753243e-01 3.50827228e-03 -2.28376842e-03 1.18239713e-03 -8.83382983e-05
-1.29196160e-01 3.51799992e-03 -2.28795284e-03 1.19273851e-03 -8.54732641e-05
-1.27638760e-01 3.52779038e-03 -2.29216193e-03 1.20312995e-03 -8.25842291e-05
-1.26081044e-01 3.53764418e-03 -2.29639600e-03 1.21357191e-03 -7.96711245e-05
-1.24523017e-01 3.54756185e-03 -2.30065536e-03 1.22406488e-03 -7.67338830e-05
-1.22964684e-01 3.55754392e-03 -2.30494033e-03 1.23460930e-03 -7.37724385e-05
-1.21406047e-01 3.56759093e-03 -2.30925120e-03 1.24520568e-03 -7.07867268e-05
-1.19847110e-01 3.57770341e-03 -2.31358830e-03 1.25585447e-03 -6.77766851e-05
-1.18287878e-01 3.58788191e-03 -2.31795194e-03 1.26655618e-03 -6.47422519e-05
-1.16728355e-01 3.59812697e-03 -2.32234244e-03 1.27731130e-03 -6.16833677e-05
-1.15168543e-01 3.60843915e-03 -2.32676012e-03 1.28812032e-03 -5.85999741e-05
-1.13608448e-01 3.61881901e-03 -2.33120529e-03 1.29898374e-03 -5.54920147e-05
-1.12048072e-01 3.62926711e-03 -2.33567827e-03 1.30990208e-03 -5.23594344e-05
-1.10487420e-01 3.63978401e-03 -2.34017939e-03 1.32087584e-03 -4.92021798e-05
-1.08926495e-01 3.65037028e-03 -2.34470897e-03 1.33190555e-03 -4.60201993e-05
-1.07365302e-01 3.66102651e-03 -2.34926733e-03 1.34299173e-03 -4.28134426e-05
-1.05803844e-01 3.67175327e-03 -2.35385480e-03 1.35413490e-03 -3.95818613e-05
-1.04242126e-01 3.68255114e-03 -2.35847170e-03 1.36533560e-03 -3.63254086e-05
-1.02680150e-01 3.69342071e-03 -2.36311836e-03 1.37659436e-03 -3.30440393e-05
-1.01117920e-01 3.70436259e-03 -2.36779511e-03 1.38791174e-03 -2.97377100e-05
-9.95554419e-02 3.71537736e-03 -2.37250228e-03 1.39928829e-03 -2.64063789e-05
-9.79927178e-02 3.72646563e-03 -2.37724020e-03 1.41072454e-03 -2.30500059e-05
-9.64297521e-02 3.73762801e-03 -2.38200919e-03 1.42222108e-03 -1.96685527e-05
-9.48665486e-02 3.74886511e-03 -2.38680959e-03 1.43377846e-03 -1.62619826e-05
-9.33031111e-02 3.76017755e-03 -2.39164174e-03 1.44539726e-03 -1.28302607e-05
-9.17394435e-02 3.77156595e-03 -2.39650596e-03 1.45707804e-03 -9.37335397e-06
-9.01755497e-02 3.78303093e-03 -2.40140259e-03 1.46882140e-03 -5.89123087e-06
-8.86114334e-02 3.79457313e-03 -2.40633196e-03 1.48062792e-03 -2.38386178e-06
-8.70470987e-02 3.80619318e-03 -2.41129441e-03 1.49249819e-03 1.14878119e-06
-8.54825493e-02 3.81789173e-03 -2.41629028e-03 1.50443282e-03 4.70672416e-06
-8.39177890e-02 3.82966941e-03 -2.42131990e-03 1.51643240e-03 8.28999145e-06
-8.23528218e-02 3.84152688e-03 -2.42638360e-03 1.52849754e-03 1.18986056e-05
-8.07876515e-02 3.85346479e-03 -2.43148174e-03 1.54062887e-03 1.55325874e-05
-7.92222820e-02 3.86548381e-03 -2.43661463e-03 1.55282700e-03 1.91919558e-05
-7.76567171e-02 3.87758458e-03 -2.44178263e-03 1.56509256e-03 2.28767279e-05
-7.60909607e-02 3.88976779e-03 -2.44698607e-03 1.57742617e-03 2.65869192e-05
-7.45250166e-02 3.90203411e-03 -2.45222529e-03 1.58982849e-03 3.03225430e-05
-7.29588887e-02 3.91438421e-03 -2.45750063e-03 1.60230014e-03 3.40836111e-05
-7.13925810e-02 3.92681878e-03 -2.46281243e-03 1.61484178e-03 3.78701334e-05
-6.98260971e-02 3.93933851e-03 -2.46816103e-03 1.62745407e-03 4.16821180e-05
-6.82594410e-02 3.95194408e-03 -2.47354676e-03 1.64013766e-03 4.55195711e-05
-6.66926166e-02 3.96463619e-03 -2.47896998e-03 1.65289322e-03 4.93824970e-05
-6.51256278e-02 3.97741555e-03 -2.48443101e-03 1.66572143e-03 5.32708983e-05
-6.35584783e-02 3.99028286e-03 -2.48993021e-03 1.67862295e-03 5.71847758e-05
-6.19911720e-02 4.00323883e-03 -2.49546790e-03 1.69159848e-03 6.11241284e-05
-6.04237129e-02 4.01628418e-03 -2.50104443e-03 1.70464869e-03 6.50889530e-05
-5.88561048e-02 4.02941963e-03 -2.50666014e-03 1.71777429e-03 6.90792449e-05
-5.72883515e-02 4.04264590e-03 -2.51231537e-03 1.73097598e-03 7.30949975e-05
-5.57204570e-02 4.05596372e-03 -2.51801046e-03 1.74425446e-03 7.71362022e-05
-5.41524250e-02 4.06937383e-03 -2.52374575e-03 1.75761044e-03 8.12028488e-05
-5.25842595e-02 4.08287697e-03 -2.52952157e-03 1.77104465e-03 8.52949251e-05
-5.10159643e-02 4.09647387e-03 -2.53533827e-03 1.78455780e-03 8.94124171e-05
-4.94475433e-02 4.11016530e-03 -2.54119619e-03 1.79815062e-03 9.35553090e-05
-4.78790003e-02 4.12395200e-03 -2.54709565e-03 1.81182386e-03 9.77235830e-05
-4.63103392e-02 4.13783472e-03 -2.55303701e-03 1.82557825e-03 1.01917220e-04
-4.47415640e-02 4.15181424e-03 -2.55902059e-03 1.83941453e-03 1.06136198e-04
-4.31726784e-02 4.16589132e-03 -2.56504673e-03 1.85333346e-03 1.10380495e-04
-4.16036863e-02 4.18006674e-03 -2.57111578e-03 1.86733581e-03 1.14650084e-04
-4.00345917e-02 4.19434126e-03 -2.57722805e-03 1.88142232e-03 1.18944941e-04
-3.84653983e-02 4.20871567e-03 -2.58338390e-03 1.89559379e-03 1.23265035e-04
-3.68961100e-02 4.22319076e-03 -2.58958364e-03 1.90985097e-03 1.27610337e-04
-3.53267308e-02 4.23776731e-03 -2.59582762e-03 1.92419465e-03 1.31980814e-04
-3.37572644e-02 4.25244613e-03 -2.60211617e-03 1.93862562e-03 1.36376433e-04
-3.21877148e-02 4.26722801e-03 -2.60844961e-03 1.95314468e-03 1.40797157e-04
-3.06180858e-02 4.28211376e-03 -2.61482828e-03 1.96775262e-03 1.45242950e-04
-2.90483813e-02 4.29710418e-03 -2.62125251e-03 1.98245025e-03 1.49713771e-04
-2.74786051e-02 4.31220009e-03 -2.62772262e-03 1.99723838e-03 1.54209580e-04
-2.59087612e-02 4.32740232e-03 -2.63423895e-03 2.01211783e-03 1.58730333e-04
-2.43388534e-02 4.34271167e-03 -2.64080181e-03 2.02708942e-03 1.63275987e-04
-2.27688855e-02 4.35812899e-03 -2.64741153e-03 2.04215398e-03 1.67846495e-04
-2.11988616e-02 4.37365510e-03 -2.65406845e-03 2.05731234e-03 1.72441809e-04
-1.96287853e-02 4.38929084e-03 -2.66077287e-03 2.07256536e-03 1.77061879e-04
-1.80586606e-02 4.40503705e-03 -2.66752512e-03 2.08791386e-03 1.81706654e-04
-1.64884914e-02 4.42089458e-03 -2.67432551e-03 2.10335872e-03 1.86376080e-04
-1.49182815e-02 4.43686428e-03 -2.68117438e-03 2.11890077e-03 1.91070104e-04
-1.33480349e-02 4.45294701e-03 -2.68807203e-03 2.13454090e-03 1.95788667e-04
-1.17777553e-02 4.46914362e-03 -2.69501878e-03 2.15027997e-03 2.00531712e-04
-1.02074466e-02 4.48545498e-03 -2.70201494e-03 2.16611886e-03 2.05299179e-04
-8.63711283e-03 4.50188196e-03 -2.70906083e-03 2.18205844e-03 2.10091007e-04
-7.06675773e-03 4.51842543e-03 -2.71615676e-03 2.19809961e-03 2.14907133e-04
-5.49638519e-03 4.53508627e-03 -2.72330303e-03 2.21424327e-03 2.19747492e-04
-3.92599911e-03 4.55186536e-03 -2.73049995e-03 2.23049030e-03 2.24612017e-04
-2.35560334e-03 4.56876360e-03 -2.73774783e-03 2.24684162e-03 2.29500641e-04
-7.85201758e-04 4.58578187e-03 -2.74504697e-03 2.26329815e-03 2.34413294e-04
7.85201758e-04 4.60292107e-03 -2.75239767e-03 2.27986079e-03 2.39349906e-04
2.35560334e-03 4.62018210e-03 -2.75980024e-03 2.29653047e-03 2.44310403e-04
3.92599911e-03 4.63756586e-03 -2.76725497e-03 2.31330812e-03 2.49294712e-04
5.49638519e-03 4.65507327e-03 -2.77476215e-03 2.33019467e-03 2.54302757e-04
7.06675773e-03 4.67270524e-03 -2.78232209e-03 2.34719108e-03 2.59334462e-04
8.63711283e-03 4.69046269e-03 -2.78993507e-03 2.36429828e-03 2.64389747e-04
1.02074466e-02 4.70834654e-03 -2.79760138e-03 2.38151722e-03 2.69468533e-04
1.17777553e-02 4.72635773e-03 -2.80532131e-03 2.39884887e-03 2.74570738e-04
1.33480349e-02 4.74449717e-03 -2.81309514e-03 2.41629419e-03 2.79696279e-04
1.49182815e-02 4.76276581e-03 -2.82092317e-03 2.43385416e-03 2.84845073e-04
1.64884914e-02 4.78116459e-03 -2.82880566e-03 2.45152974e-03 2.90017034e-04
1.80586606e-02 4.79969446e-03 -2.83674290e-03 2.46932192e-03 2.95212074e-04
1.96287853e-02 4.81835636e-03 -2.84473517e-03 2.48723169e-03 3.00430106e-04
2.11988616e-02 4.83715125e-03 -2.85278273e-03 2.50526004e-03 3.05671040e-04
2.27688855e-02 4.85608009e-03 -2.86088587e-03 2.52340797e-03 3.10934784e-04
2.43388534e-02 4.87514383e-03 -2.86904484e-03 2.54167649e-03 3.16221248e-04
2.59087612e-02 4.89434346e-03 -2.87725991e-03 2.56006661e-03 3.21530336e-04
2.74786051e-02 4.91367994e-03 -2.88553136e-03 2.57857934e-03 3.26861955e-04
2.90483813e-02 4.93315424e-03 -2.89385943e-03 2.59721571e-03 3.32216009e-04
3.06180858e-02 4.95276735e-03 -2.90224439e-03 2.61597675e-03 3.37592400e-04
3.21877148e-02 4.97252025e-03 -2.91068650e-03 2.63486350e-03 3.42991030e-04
3.37572644e-02 4.99241393e-03 -2.91918600e-03 2.65387698e-03 3.48411800e-04
3.53267308e-02 5.01244938e-03 -2.92774315e-03 2.67301825e-03 3.53854609e-04
3.68961100e-02 5.03262761e-03 -2.93635819e-03 2.69228837e-03 3.59319355e-04
3.84653983e-02 5.05294960e-03 -2.94503138e-03 2.71168838e-03 3.64805936e-04
4.00345917e-02 5.07341638e-03 -2.95376295e-03 2.73121935e-03 3.70314247e-04
4.16036863e-02 5.09402895e-03 -2.96255313e-03 2.75088235e-03 3.75844184e-04
4.31726784e-02 5.11478833e-03 -2.97140218e-03 2.77067845e-03 3.81395641e-04
4.47415640e-02 5.13569552e-03 -2.98031031e-03 2.79060874e-03 3.86968510e-04
4.63103392e-02 5.15675157e-03 -2.98927777e-03 2.81067431e-03 3.92562684e-04
4.78790003e-02 5.17795749e-03 -2.99830477e-03 2.83087623e-03 3.98178054e-04
4.94475433e-02 5.19931432e-03 -3.00739154e-03 2.85121562e-03 4.03814510e-04
5.10159643e-02 5.22082310e-03 -3.01653831e-03 2.87169357e-03 4.09471942e-04
5.25842595e-02 5.24248486e-03 -3.02574528e-03 2.89231120e-03 4.15150237e-04
5.41524250e-02 5.26430065e-03 -3.03501268e-03 2.91306961e-03 4.20849283e-04
5.57204570e-02 5.28627151e-03 -3.04434072e-03 2.93396993e-03 4.26568967e-04
5.72883515e-02 5.30839851e-03 -3.05372960e-03 2.95501328e-03 4.32309174e-04
5.88561048e-02 5.33068270e-03 -3.06317953e-03 2.97620080e-03 4.38069791e-04
6.04237129e-02 5.35312514e-03 -3.07269071e-03 2.99753363e-03 4.43850700e-04
6.19911720e-02 5.37572689e-03 -3.08226334e-03 3.01901290e-03 4.49651786e-04
6.35584783e-02 5.39848903e-03 -3.09189761e-03 3.04063976e-03 4.55472931e-04
6.51256278e-02 5.42141264e-03 -3.10159371e-03 3.06241538e-03 4.61314018e-04
6.66926166e-02 5.44449878e-03 -3.11135184e-03 3.08434090e-03 4.67174928e-04
6.82594410e-02 5.46774854e-03 -3.12117218e-03 3.10641749e-03 4.73055541e-04
6.98260971e-02 5.49116301e-03 -3.13105491e-03 3.12864634e-03 4.78955739e-04
7.13925810e-02 5.51474329e-03 -3.14100021e-03 3.15102860e-03 4.84875400e-04
7.29588887e-02 5.53849046e-03 -3.15100824e-03 3.17356546e-03 4.90814403e-04
7.45250166e-02 5.56240562e-03 -3.16107919e-03 3.19625812e-03 4.96772628e-04
7.60909607e-02 5.58648988e-03 -3.17121322e-03 3.21910776e-03 5.02749952e-04
7.76567171e-02 5.61074435e-03 -3.18141049e-03 3.24211559e-03 5.08746253e-04
7.92222820e-02 5.63517014e-03 -3.19167117e-03 3.26528280e-03 5.14761406e-04
8.07876515e-02 5.65976836e-03 -3.20199540e-03 3.28861061e-03 5.20795290e-04
8.23528218e-02 5.68454014e-03 -3.21238334e-03 3.31210024e-03 5.26847780e-04
8.39177890e-02 5.70948660e-03 -3.22283515e-03 3.33575290e-03 5.32918752e-04
8.54825493e-02 5.73460887e-03 -3.23335096e-03 3.35956982e-03 5.39008082e-04
8.70470987e-02 5.75990808e-03 -3.24393092e-03 3.38355223e-03 5.45115643e-04
8.86114334e-02 5.78538537e-03 -3.25457517e-03 3.40770138e-03 5.51241311e-04
9.01755497e-02 5.81104188e-03 -3.26528383e-03 3.43201850e-03 5.57384960e-04
9.17394435e-02 5.83687875e-03 -3.27605704e-03 3.45650484e-03 5.63546465e-04
9.33031111e-02 5.86289715e-03 -3.28689493e-03 3.48116166e-03 5.69725698e-04
9.48665486e-02 5.88909821e-03 -3.29779762e-03 3.50599022e-03 5.75922534e-04
9.64297521e-02 5.91548310e-03 -3.30876522e-03 3.53099178e-03 5.82136846e-04
9.79927178e-02 5.94205299e-03 -3.31979786e-03 3.55616761e-03 5.88368507e-04
9.95554419e-02 5.96880903e-03 -3.33089564e-03 3.58151899e-03 5.94617390e-04
1.01117920e-01 5.99575240e-03 -3.34205867e-03 3.60704720e-03 6.00883368e-04
1.02680150e-01 6.02288428e-03 -3.35328705e-03 3.63275353e-03 6.07166313e-04
1.04242126e-01 6.05020583e-03 -3.36458089e-03 3.65863927e-03 6.13466100e-04
1.05803844e-01 6.07771826e-03 -3.37594027e-03 3.68470572e-03 6.19782598e-04
1.07365302e-01 6.10542274e-03 -3.38736530e-03 3.71095418e-03 6.26115683e-04
1.08926495e-01 6.13332047e-03 -3.39885605e-03 3.73738596e-03 6.32465225e-04
1.10487420e-01 6.16141265e-03 -3.41041261e-03 3.76400238e-03 6.38831097e-04
1.12048072e-01 6.18970046e-03 -3.42203506e-03 3.79080476e-03 6.45213173e-04
1.13608448e-01 6.21818513e-03 -3.43372347e-03 3.81779441e-03 6.51611324e-04
1.15168543e-01 6.24686786e-03 -3.44547793e-03 3.84497268e-03 6.58025423e-04
1.16728355e-01 6.27574986e-03 -3.45729848e-03 3.87234090e-03 6.64455342e-04
1.18287878e-01 6.30483235e-03 -3.46918520e-03 3.89990041e-03 6.70900955e-04
1.19847110e-01 6.33411655e-03 -3.48113815e-03 3.92765256e-03 6.77362134e-04
1.21406047e-01 6.36360369e-03 -3.49315738e-03 3.95559869e-03 6.83838753e-04
1.22964684e-01 6.39329501e-03 -3.50524294e-03 3.98374018e-03 6.90330684e-04
1.24523017e-01 6.42319173e-03 -3.51739488e-03 4.01207838e-03 6.96837800e-04
1.26081044e-01 6.45329509e-03 -3.52961325e-03 4.04061467e-03 7.03359976e-04
1.27638760e-01 6.48360634e-03 -3.54189807e-03 4.06935041e-03 7.09897086e-04
1.29196160e-01 6.51412674e-03 -3.55424939e-03 4.09828699e-03 7.16449002e-04
1.30753243e-01 6.54485752e-03 -3.56666724e-03 4.12742579e-03 7.23015600e-04
1.32310002e-01 6.57579995e-03 -3.57915163e-03 4.15676821e-03 7.29596754e-04
1.33866436e-01 6.60695529e-03 -3.59170261e-03 4.18631563e-03 7.36192338e-04
1.35422539e-01 6.63832481e-03 -3.60432017e-03 4.21606948e-03 7.42802228e-04
1.36978309e-01 6.66990978e-03 -3.61700434e-03 4.24603114e-03 7.49426300e-04
1.38533740e-01 6.70171146e-03 -3.62975513e-03 4.27620203e-03 7.56064429e-04
1.40088830e-01 6.73373115e-03 -3.64257254e-03 4.30658358e-03 7.62716491e-04
1.41643575e-01 6.76597013e-03 -3.65545658e-03 4.33717720e-03 7.69382363e-04
1.43197970e-01 6.79842968e-03 -3.66840723e-03 4.36798433e-03 7.76061921e-04
1.44752012e-01 6.83111110e-03 -3.68142450e-03 4.39900640e-03 7.82755043e-04
1.46305697e-01 6.86401568e-03 -3.69450837e-03 4.43024485e-03 7.89461608e-04
1.47859021e-01 6.89714473e-03 -3.70765882e-03 4.46170113e-03 7.96181492e-04
1.49411981e-01 6.93049956e-03 -3.72087585e-03 4.49337668e-03 8.02914575e-04
1.50964572e-01 6.96408148e-03 -3.73415941e-03 4.52527297e-03 8.09660735e-04
1.52516790e-01 6.99789180e-03 -3.74750950e-03 4.55739146e-03 8.16419853e-04
1.54068633e-01 7.03193184e-03 -3.76092606e-03 4.58973362e-03 8.23191808e-04
1.55620096e-01 7.06620294e-03 -3.77440908e-03 4.62230092e-03 8.29976481e-04
1.57171175e-01 7.10070642e-03 -3.78795849e-03 4.65509483e-03 8.36773753e-04
1.58721866e-01 7.13544361e-03 -3.80157428e-03 4.68811685e-03 8.43583505e-04
1.60272166e-01 7.17041586e-03 -3.81525637e-03 4.72136846e-03 8.50405620e-04
1.61822070e-01 7.20562451e-03 -3.82900472e-03 4.75485116e-03 8.57239981e-04
1.63371576e-01 7.24107091e-03 -3.84281927e-03 4.78856645e-03 8.64086471e-04
1.64920678e-01 7.27675641e-03 -3.85669997e-03 4.82251584e-03 8.70944973e-04
1.66469374e-01 7.31268238e-03 -3.87064673e-03 4.85670084e-03 8.77815373e-04
1.68017660e-01 7.34885018e-03 -3.88465950e-03 4.89112297e-03 8.84697555e-04
1.69565531e-01 7.38526118e-03 -3.89873820e-03 4.92578375e-03 8.91591404e-04
1.71112983e-01 7.42191674e-03 -3.91288275e-03 4.96068471e-03 8.98496808e-04
1.72660014e-01 7.45881826e-03 -3.92709306e-03 4.99582739e-03 9.05413654e-04
1.74206619e-01 7.49596711e-03 -3.94136906e-03 5.03121332e-03 9.12341828e-04
1.75752795e-01 7.53336468e-03 -3.95571064e-03 5.06684405e-03 9.19281219e-04
1.77298536e-01 7.57101237e-03 -3.97011771e-03 5.10272114e-03 9.26231715e-04
1.78843841e-01 7.60891157e-03 -3.98459018e-03 5.13884614e-03 9.33193208e-04
1.80388705e-01 7.64706369e-03 -3.99912793e-03 5.17522061e-03 9.40165586e-04
1.81933124e-01 7.68547014e-03 -4.01373086e-03 5.21184612e-03 9.47148741e-04
1.83477094e-01 7.72413234e-03 -4.02839886e-03 5.24872425e-03 9.54142564e-04
1.85020611e-01 7.76305169e-03 -4.04313181e-03 5.28585658e-03 9.61146947e-04
1.86563673e-01 7.80222963e-03 -4.05792958e-03 5.32324469e-03 9.68161784e-04
1.88106274e-01 7.84166759e-03 -4.07279206e-03 5.36089017e-03 9.75186968e-04
1.89648411e-01 7.88136699e-03 -4.08771911e-03 5.39879462e-03 9.82222395e-04
1.91190081e-01 7.92132929e-03 -4.10271060e-03 5.43695964e-03 9.89267958e-04
1.92731279e-01 7.96155592e-03 -4.11776639e-03 5.47538684e-03 9.96323554e-04
1.94272002e-01 8.00204834e-03 -4.13288633e-03 5.51407783e-03 1.00338908e-03
1.95812245e-01 8.04280799e-03 -4.14807029e-03 5.55303424e-03 1.01046443e-03
1.97352006e-01 8.08383636e-03 -4.16331810e-03 5.59225769e-03 1.01754951e-03
1.98891280e-01 8.12513489e-03 -4.17862962e-03 5.63174981e-03 1.02464421e-03
2.00430064e-01 8.16670507e-03 -4.19400468e-03 5.67151223e-03 1.03174843e-03
2.01968353e-01 8.20854836e-03 -4.20944311e-03 5.71154660e-03 1.03886208e-03
2.03506144e-01 8.25066626e-03 -4.22494476e-03 5.75185457e-03 1.04598506e-03
2.05043433e-01 8.29306024e-03 -4.24050945e-03 5.79243779e-03 1.05311726e-03
2.06580217e-01 8.33573182e-03 -4.25613700e-03 5.83329792e-03 1.06025859e-03
2.08116491e-01 8.37868247e-03 -4.27182722e-03 5.87443663e-03 1.06740896e-03
2.09652252e-01 8.42191372e-03 -4.28757994e-03 5.91585558e-03 1.07456826e-03
2.11187496e-01 8.46542707e-03 -4.30339497e-03 5.95755646e-03 1.08173640e-03
2.12722219e-01 8.50922403e-03 -4.31927210e-03 5.99954094e-03 1.08891330e-03
2.14256418e-01 8.55330613e-03 -4.33521115e-03 6.04181072e-03 1.09609885e-03
2.15790088e-01 8.59767489e-03 -4.35121190e-03 6.08436749e-03 1.10329296e-03
2.17323226e-01 8.64233185e-03 -4.36727415e-03 6.12721295e-03 1.11049555e-03
2.18855828e-01 8.68727855e-03 -4.38339770e-03 6.17034881e-03 1.11770652e-03
2.20387890e-01 8.73251653e-03 -4.39958231e-03 6.21377677e-03 1.12492577e-03
2.21919408e-01 8.77804735e-03 -4.41582778e-03 6.25749856e-03 1.13215323e-03
2.23450380e-01 8.82387255e-03 -4.43213388e-03 6.30151590e-03 1.13938880e-03
2.24980800e-01 8.86999370e-03 -4.44850038e-03 6.34583051e-03 1.14663240e-03
2.26510666e-01 8.91641237e-03 -4.46492704e-03 6.39044414e-03 1.15388394e-03
2.28039973e-01 8.96313013e-03 -4.48141364e-03 6.43535852e-03 1.16114333e-03
2.29568717e-01 9.01014856e-03 -4.49795992e-03 6.48057539e-03 1.16841049e-03
2.31096895e-01 9.05746925e-03 -4.51456564e-03 6.52609652e-03 1.17568533e-03
2.32624504e-01 9.10509379e-03 -4.53123055e-03 6.57192366e-03 1.18296778e-03
2.34151539e-01 9.15302377e-03 -4.54795440e-03 6.61805858e-03 1.19025774e-03
2.35677996e-01 9.20126079e-03 -4.56473691e-03 6.66450303e-03 1.19755514e-03
2.37203872e-01 9.24980648e-03 -4.58157785e-03 6.71125881e-03 1.20485990e-03
2.38729163e-01 9.29866243e-03 -4.59847692e-03 6.75832768e-03 1.21217193e-03
2.40253865e-01 9.34783028e-03 -4.61543386e-03 6.80571145e-03 1.21949116e-03
2.41777975e-01 9.39731165e-03 -4.63244839e-03 6.85341189e-03 1.22681751e-03
2.43301489e-01 9.44710818e-03 -4.64952024e-03 6.90143082e-03 1.23415091e-03
2.44824402e-01 9.49722150e-03 -4.66664911e-03 6.94977002e-03 1.24149127e-03
2.46346712e-01 9.54765325e-03 -4.68383471e-03 6.99843132e-03 1.24883853e-03
2.47868414e-01 9.59840510e-03 -4.70107675e-03 7.04741654e-03 1.25619260e-03
2.49389505e-01 9.64947870e-03 -4.71837493e-03 7.09672748e-03 1.26355342e-03
2.50909981e-01 9.70087570e-03 -4.73572894e-03 7.14636599e-03 1.27092091e-03
2.52429838e-01 9.75259779e-03 -4.75313848e-03 7.19633388e-03 1.27829500e-03
2.53949073e-01 9.80464664e-03 -4.77060323e-03 7.24663302e-03 1.28567562e-03
2.55467681e-01 9.85702393e-03 -4.78812288e-03 7.29726522e-03 1.29306270e-03
2.56985659e-01 9.90973135e-03 -4.80569710e-03 7.34823236e-03 1.30045618e-03
2.58503004e-01 9.96277060e-03 -4.82332556e-03 7.39953629e-03 1.30785598e-03
2.60019711e-01 1.00161434e-02 -4.84100794e-03 7.45117886e-03 1.31526204e-03
2.61535776e-01 1.00698514e-02 -4.85874390e-03 7.50316194e-03 1.32267429e-03
2.63051197e-01 1.01238963e-02 -4.87653310e-03 7.55548742e-03 1.33009268e-03
2.64565969e-01 1.01782799e-02 -4.89437518e-03 7.60815716e-03 1.33751713e-03
2.66080089e-01 1.02330040e-02 -4.91226981e-03 7.66117306e-03 1.34494759e-03
2.67593552e-01 1.02880701e-02 -4.93021663e-03 7.71453700e-03 1.35238399e-03
2.69106356e-01 1.03434801e-02 -4.94821527e-03 7.76825088e-03 1.35982627e-03
2.70618495e-01 1.03992357e-02 -4.96626538e-03 7.82231661e-03 1.36727438e-03
2.72129968e-01 1.04553387e-02 -4.98436659e-03 7.87673609e-03 1.37472826e-03
2.73640769e-01 1.05117908e-02 -5.00251851e-03 7.93151123e-03 1.38218786e-03
2.75150895e-01 1.05685938e-02 -5.02072078e-03 7.98664395e-03 1.38965311e-03
2.76660343e-01 1.06257494e-02 -5.03897302e-03 8.04213619e-03 1.39712396e-03
2.78169109e-01 1.06832595e-02 -5.05727482e-03 8.09798986e-03 1.40460036e-03
2.79677188e-01 1.07411258e-02 -5.07562581e-03 8.15420690e-03 1.41208227e-03
2.81184578e-01 1.07993501e-02 -5.09402559e-03 8.21078926e-03 1.41956962e-03
2.82691274e-01 1.08579342e-02 -5.11247374e-03 8.26773888e-03 1.42706238e-03
2.84197274e-01 1.09168800e-02 -5.13096987e-03 8.32505772e-03 1.43456049e-03
2.85702572e-01 1.09761891e-02 -5.14951357e-03 8.38274773e-03 1.44206391e-03
2.87207166e-01 1.10358635e-02 -5.16810441e-03 8.44081087e-03 1.44957260e-03
2.88711051e-01 1.10959049e-02 -5.18674198e-03 8.49924912e-03 1.45708651e-03
2.90214224e-01 1.11563152e-02 -5.20542585e-03 8.55806445e-03 1.46460560e-03
2.91716682e-01 1.12170963e-02 -5.22415558e-03 8.61725883e-03 1.47212983e-03
2.93218420e-01 1.12782499e-02 -5.24293075e-03 8.67683426e-03 1.47965917e-03
2.94719436e-01 1.13397779e-02 -5.26175091e-03 8.73679272e-03 1.48719357e-03
2.96219724e-01 1.14016822e-02 -5.28061562e-03 8.79713621e-03 1.49473301e-03
2.97719282e-01 1.14639646e-02 -5.29952441e-03 8.85786673e-03 1.50227744e-03
2.99218105e-01 1.15266270e-02 -5.31847685e-03 8.91898629e-03 1.50982684e-03
3.00716191e-01 1.15896712e-02 -5.33747246e-03 8.98049689e-03 1.51738119e-03
3.02213535e-01 1.16530993e-02 -5.35651079e-03 9.04240056e-03 1.52494044e-03
3.03710134e-01 1.17169129e-02 -5.37559135e-03 9.10469932e-03 1.53250458e-03
3.05205983e-01 1.17811141e-02 -5.39471367e-03 9.16739519e-03 1.54007359e-03
3.06701080e-01 1.18457047e-02 -5.41387728e-03 9.23049021e-03 1.54764743e-03
3.08195421e-01 1.19106867e-02 -5.43308168e-03 9.29398642e-03 1.55522610e-03
3.09689002e-01 1.19760619e-02 -5.45232638e-03 9.35788585e-03 1.56280957e-03
3.11181819e-01 1.20418323e-02 -5.47161089e-03 9.42219056e-03 1.57039782e-03
3.12673868e-01 1.21079998e-02 -5.49093471e-03 9.48690260e-03 1.57799086e-03
3.14165146e-01 1.21745663e-02 -5.51029732e-03 9.55202403e-03 1.58558866e-03
3.15655650e-01 1.22415338e-02 -5.52969822e-03 9.61755691e-03 1.59319121e-03
3.17145375e-01 1.23089043e-02 -5.54913688e-03 9.68350331e-03 1.60079852e-03
3.18634318e-01 1.23766796e-02 -5.56861279e-03 9.74986530e-03 1.60841058e-03
3.20122475e-01 1.24448617e-02 -5.58812541e-03 9.81664497e-03 1.61602738e-03
3.21609843e-01 1.25134526e-02 -5.60767422e-03 9.88384439e-03 1.62364893e-03
3.23096417e-01 1.25824543e-02 -5.62725867e-03 9.95146565e-03 1.63127524e-03
3.24582195e-01 1.26518688e-02 -5.64687823e-03 1.00195109e-02 1.63890631e-03
3.26067172e-01 1.27216980e-02 -5.66653233e-03 1.00879821e-02 1.64654215e-03
3.27551345e-01 1.27919439e-02 -5.68622043e-03 1.01568815e-02 1.65418278e-03
3.29034710e-01 1.28626086e-02 -5.70594197e-03 1.02262111e-02 1.66182821e-03
3.30517264e-01 1.29336940e-02 -5.72569638e-03 1.02959731e-02 1.66947846e-03
3.31999003e-01 1.30052021e-02 -5.74548310e-03 1.03661695e-02 1.67713355e-03
3.33479923e-01 1.30771350e-02 -5.76530154e-03 1.04368026e-02 1.68479352e-03
3.34960021e-01 1.31494947e-02 -5.78515113e-03 1.05078744e-02 1.69245839e-03
3.36439292e-01 1.32222833e-02 -5.80503127e-03 1.05793870e-02 1.70012819e-03
3.37917734e-01 1.32955027e-02 -5.82494139e-03 1.06513427e-02 1.70780296e-03
3.39395342e-01 1.33691550e-02 -5.84488087e-03 1.07237434e-02 1.71548275e-03
3.40872114e-01 1.34432423e-02 -5.86484913e-03 1.07965915e-02 1.72316759e-03
3.42348044e-01 1.35177666e-02 -5.88484554e-03 1.08698890e-02 1.73085754e-03
3.43823131e-01 1.35927300e-02 -5.90486950e-03 1.09436381e-02 1.73855264e-03
3.45297369e-01 1.36681346e-02 -5.92492040e-03 1.10178410e-02 1.74625296e-03
3.46770756e-01 1.37439825e-02 -5.94499759e-03 1.10924998e-02 1.75395855e-03
3.48243288e-01 1.38202757e-02 -5.96510047e-03 1.11676167e-02 1.76166949e-03
3.49714961e-01 1.38970163e-02 -5.98522838e-03 1.12431938e-02 1.76938583e-03
3.51185772e-01 1.39742065e-02 -6.00538070e-03 1.13192334e-02 1.77710766e-03
3.52655716e-01 1.40518483e-02 -6.02555677e-03 1.13957377e-02 1.78483506e-03
3.54124791e-01 1.41299439e-02 -6.04575595e-03 1.14727087e-02 1.79256810e-03
3.55592992e-01 1.42084953e-02 -6.06597758e-03 1.15501488e-02 1.80030688e-03
3.57060317e-01 1.42875048e-02 -6.08622100e-03 1.16280601e-02 1.80805150e-03
3.58526760e-01 1.43669744e-02 -6.10648555e-03 1.17064449e-02 1.81580205e-03
3.59992320e-01 1.44469064e-02 -6.12677054e-03 1.17853053e-02 1.82355864e-03
3.61456992e-01 1.45273028e-02 -6.14707531e-03 1.18646435e-02 1.83132138e-03
3.62920772e-01 1.46081658e-02 -6.16739918e-03 1.19444618e-02 1.83909039e-03
3.64383658e-01 1.46894976e-02 -6.18774145e-03 1.20247625e-02 1.84686578e-03
3.65845645e-01 1.47713004e-02 -6.20810143e-03 1.21055476e-02 1.85464769e-03
3.67306729e-01 1.48535763e-02 -6.22847843e-03 1.21868195e-02 1.86243626e-03
3.68766908e-01 1.49363276e-02 -6.24887174e-03 1.22685805e-02 1.87023163e-03
3.70226177e-01 1.50195564e-02 -6.26928066e-03 1.23508326e-02 1.87803393e-03
3.71684534e-01 1.51032649e-02 -6.28970447e-03 1.24335783e-02 1.88584334e-03
3.73141973e-01 1.51874555e-02 -6.31014245e-03 1.25168198e-02 1.89366000e-03
3.74598493e-01 1.52721302e-02 -6.33059389e-03 1.26005593e-02 1.90148410e-03
3.76054088e-01 1.53572913e-02 -6.35105805e-03 1.26847991e-02 1.90931580e-03
3.77508756e-01 1.54429410e-02 -6.37153420e-03 1.27695414e-02 1.91715529e-03
3.78962493e-01 1.55290817e-02 -6.39202161e-03 1.28547887e-02 1.92500275e-03
3.80415296e-01 1.56157156e-02 -6.41251952e-03 1.29405430e-02 1.93285840e-03
3.81867160e-01 1.57028448e-02 -6.43302721e-03 1.30268068e-02 1.94072243e-03
3.83318083e-01 1.57904718e-02 -6.45354390e-03 1.31135823e-02 1.94859507e-03
3.84768060e-01 1.58785988e-02 -6.47406885e-03 1.32008718e-02 1.95647653e-03
3.86217089e-01 1.59672281e-02 -6.49460130e-03 1.32886777e-02 1.96436704e-03
3.87665165e-01 1.60563619e-02 -6.51514047e-03 1.33770023e-02 1.97226686e-03
3.89112285e-01 1.61460027e-02 -6.53568561e-03 1.34658478e-02 1.98017622e-03
3.90558445e-01 1.62361527e-02 -6.55623593e-03 1.35552166e-02 1.98809539e-03
3.92003642e-01 1.63268143e-02 -6.57679066e-03 1.36451111e-02 1.99602463e-03
3.93447872e-01 1.64179898e-02 -6.59734901e-03 1.37355336e-02 2.00396423e-03
3.94891132e-01 1.65096815e-02 -6.61791019e-03 1.38264865e-02 2.01191447e-03
3.96333418e-01 1.66018918e-02 -6.63847342e-03 1.39179720e-02 2.01987565e-03
3.97774727e-01 1.66946232e-02 -6.65903791e-03 1.40099927e-02 2.02784808e-03
3.99215055e-01 1.67878779e-02 -6.67960284e-03 1.41025507e-02 2.03583208e-03
4.00654398e-01 1.68816584e-02 -6.70016742e-03 1.41956487e-02 2.04382797e-03
4.02092753e-01 1.69759671e-02 -6.72073084e-03 1.42892888e-02 2.05183611e-03
4.03530117e-01 1.70708065e-02 -6.74129228e-03 1.43834736e-02 2.05985683e-03
4.04966485e-01 1.71661788e-02 -6.76185095e-03 1.44782054e-02 2.06789051e-03
4.06401855e-01 1.72620867e-02 -6.78240601e-03 1.45734866e-02 2.07593752e-03
4.07836222e-01 1.73585325e-02 -6.80295666e-03 1.46693197e-02 2.08399824e-03
4.09269584e-01 1.74555187e-02 -6.82350205e-03 1.47657072e-02 2.09207308e-03
4.10701936e-01 1.75530479e-02 -6.84404138e-03 1.48626514e-02 2.10016245e-03
4.12133276e-01 1.76511224e-02 -6.86457380e-03 1.49601548e-02 2.10826677e-03
4.13563599e-01 1.77497448e-02 -6.88509848e-03 1.50582199e-02 2.11638648e-03
4.14992902e-01 1.78489177e-02 -6.90561459e-03 1.51568492e-02 2.12452204e-03
4.16421181e-01 1.79486436e-02 -6.92612130e-03 1.52560451e-02 2.13267390e-03
4.17848434e-01 1.80489250e-02 -6.94661775e-03 1.53558102e-02 2.14084254e-03
4.19274656e-01 1.81497645e-02 -6.96710311e-03 1.54561470e-02 2.14902846e-03
4.20699844e-01 1.82511647e-02 -6.98757653e-03 1.55570579e-02 2.15723216e-03
4.22123995e-01 1.83531281e-02 -7.00803717e-03 1.56585456e-02 2.16545417e-03
4.23547105e-01 1.84556575e-02 -7.02848417e-03 1.57606125e-02 2.17369502e-03
4.24969170e-01 1.85587555e-02 -7.04891669e-03 1.58632613e-02 2.18195526e-03
4.26390187e-01 1.86624246e-02 -7.06933387e-03 1.59664945e-02 2.19023545e-03
4.27810152e-01 1.87666676e-02 -7.08973486e-03 1.60703147e-02 2.19853619e-03
4.29229063e-01 1.88714872e-02 -7.11011880e-03 1.61747245e-02 2.20685807e-03
4.30646915e-01 1.89768860e-02 -7.13048485e-03 1.62797266e-02 2.21520171e-03
4.32063705e-01 1.90828669e-02 -7.15083213e-03 1.63853235e-02 2.22356773e-03
4.33479429e-01 1.91894325e-02 -7.17115980e-03 1.64915180e-02 2.23195678e-03
4.34894084e-01 1.92965856e-02 -7.19146700e-03 1.65983127e-02 2.24036954e-03
4.36307667e-01 1.94043291e-02 -7.21175286e-03 1.67057103e-02 2.24880668e-03
4.37720174e-01 1.95126656e-02 -7.23201654e-03 1.68137134e-02 2.25726890e-03
4.39131601e-01 1.96215981e-02 -7.25225717e-03 1.69223249e-02 2.26575693e-03
4.40541946e-01 1.97311295e-02 -7.27247389e-03 1.70315475e-02 2.27427150e-03
4.41951203e-01 1.98412625e-02 -7.29266586e-03 1.71413839e-02 2.28281337e-03
4.43359371e-01 1.99520002e-02 -7.31283220e-03 1.72518369e-02 2.29138331e-03
4.44766446e-01 2.00633453e-02 -7.33297208e-03 1.73629094e-02 2.29998212e-03
4.46172424e-01 2.01753010e-02 -7.35308462e-03 1.74746041e-02 2.30861061e-03
4.47577301e-01 2.02878702e-02 -7.37316899e-03 1.75869239e-02 2.31726962e-03
4.48981074e-01 2.04010558e-02 -7.39322433e-03 1.76998717e-02 2.32596001e-03
4.50383741e-01 2.05148610e-02 -7.41324979e-03 1.78134504e-02 2.33468263e-03
4.51785296e-01 2.06292887e-02 -7.43324452e-03 1.79276629e-02 2.34343841e-03
4.53185738e-01 2.07443422e-02 -7.45320769e-03 1.80425122e-02 2.35222824e-03
4.54585061e-01 2.08600245e-02 -7.47313844e-03 1.81580012e-02 2.36105308e-03
4.55983264e-01 2.09763387e-02 -7.49303595e-03 1.82741329e-02 2.36991388e-03
4.57380342e-01 2.10932881e-02 -7.51289937e-03 1.83909104e-02 2.37881162e-03
4.58776292e-01 2.12108760e-02 -7.53272788e-03 1.85083367e-02 2.38774732e-03
4.60171111e-01 2.13291054e-02 -7.55252065e-03 1.86264149e-02 2.39672200e-03
4.61564795e-01 2.14479799e-02 -7.57227684e-03 1.87451482e-02 2.40573671e-03
4.62957340e-01 2.15675026e-02 -7.59199566e-03 1.88645397e-02 2.41479253e-03
4.64348744e-01 2.16876769e-02 -7.61167627e-03 1.89845926e-02 2.42389056e-03
4.65739003e-01 2.18085063e-02 -7.63131788e-03 1.91053101e-02 2.43303193e-03
4.67128113e-01 2.19299942e-02 -7.65091967e-03 1.92266955e-02 2.44221778e-03
4.68516071e-01 2.20521441e-02 -7.67048085e-03 1.93487520e-02 2.45144928e-03
4.69902874e-01 2.21749595e-02 -7.69000063e-03 1.94714831e-02 2.46072764e-03
4.71288518e-01 2.22984440e-02 -7.70947822e-03 1.95948920e-02 2.47005408e-03
4.72672999e-01 2.24226011e-02 -7.72891285e-03 1.97189822e-02 2.47942984e-03
4.74056315e-01 2.25474346e-02 -7.74830373e-03 1.98437571e-02 2.48885622e-03
4.75438462e-01 2.26729482e-02 -7.76765010e-03 1.99692203e-02 2.49833450e-03
4.76819436e-01 2.27991455e-02 -7.78695121e-03 2.00953752e-02 2.50786603e-03
4.78199234e-01 2.29260305e-02 -7.80620631e-03 2.02222255e-02 2.51745215e-03
4.79577853e-01 2.30536069e-02 -7.82541466e-03 2.03497748e-02 2.52709425e-03
4.80955289e-01 2.31818786e-02 -7.84457552e-03 2.04780267e-02 2.53679375e-03
4.82331539e-01 2.33108497e-02 -7.86368817e-03 2.06069851e-02 2.54655208e-03
4.83706600e-01 2.34405241e-02 -7.88275189e-03 2.07366535e-02 2.55637072e-03
4.85080468e-01 2.35709059e-02 -7.90176599e-03 2.08670360e-02 2.56625116e-03
4.86453139e-01 2.37019991e-02 -7.92072977e-03 2.09981364e-02 2.57619493e-03
4.87824611e-01 2.38338081e-02 -7.93964255e-03 2.11299585e-02 2.58620359e-03
4.89194880e-01 2.39663370e-02 -7.95850365e-03 2.12625065e-02 2.59627872e-03
4.90563942e-01 2.40995901e-02 -7.97731241e-03 2.13957844e-02 2.60642194e-03
4.91931794e-01 2.42335718e-02 -7.99606819e-03 2.15297962e-02 2.61663491e-03
4.93298434e-01 2.43682866e-02 -8.01477035e-03 2.16645461e-02 2.62691929e-03
4.94663856e-01 2.45037389e-02 -8.03341826e-03 2.18000385e-02 2.63727680e-03
4.96028059e-01 2.46399332e-02 -8.05201131e-03 2.19362775e-02 2.64770917e-03
4.97391039e-01 2.47768743e-02 -8.07054891e-03 2.20732677e-02 2.65821819e-03
4.98752791e-01 2.49145669e-02 -8.08903047e-03 2.22110133e-02 2.66880565e-03
5.00113314e-01 2.50530157e-02 -8.10745543e-03 2.23495189e-02 2.67947339e-03
5.01472604e-01 2.51922255e-02 -8.12582322e-03 2.24887891e-02 2.69022328e-03
5.02830656e-01 2.53322015e-02 -8.14413331e-03 2.26288286e-02 2.70105722e-03
5.04187469e-01 2.54729484e-02 -8.16238518e-03 2.27696421e-02 2.71197715e-03
5.05543038e-01 2.56144715e-02 -8.18057831e-03 2.29112343e-02 2.72298504e-03
5.06897361e-01 2.57567759e-02 -8.19871223e-03 2.30536103e-02 2.73408289e-03
5.08250433e-01 2.58998670e-02 -8.21678644e-03 2.31967749e-02 2.74527274e-03
5.09602252e-01 2.60437500e-02 -8.23480050e-03 2.33407333e-02 2.75655665e-03
5.10952815e-01 2.61884304e-02 -8.25275397e-03 2.34854905e-02 2.76793673e-03
5.12302117e-01 2.63339137e-02 -8.27064643e-03 2.36310518e-02 2.77941513e-03
5.13650155e-01 2.64802057e-02 -8.28847747e-03 2.37774226e-02 2.79099402e-03
5.14996927e-01 2.66273119e-02 -8.30624671e-03 2.39246083e-02 2.80267560e-03
5.16342429e-01 2.67752384e-02 -8.32395380e-03 2.40726143e-02 2.81446214e-03
5.17686658e-01 2.69239909e-02 -8.34159839e-03 2.42214464e-02 2.82635590e-03
5.19029610e-01 2.70735755e-02 -8.35918015e-03 2.43711102e-02 2.83835921e-03
5.20371281e-01 2.72239984e-02 -8.37669880e-03 2.45216115e-02 2.85047442e-03
5.21711670e-01 2.73752659e-02 -8.39415404e-03 2.46729564e-02 2.86270393e-03
5.23050772e-01 2.75273842e-02 -8.41154563e-03 2.48251507e-02 2.87505016e-03
5.24388584e-01 2.76803599e-02 -8.42887333e-03 2.49782008e-02 2.88751557e-03
5.25725102e-01 2.78341996e-02 -8.44613694e-03 2.51321127e-02 2.90010268e-03
5.27060325e-01 2.79889100e-02 -8.46333625e-03 2.52868931e-02 2.91281401e-03
5.28394247e-01 2.81444979e-02 -8.48047113e-03 2.54425482e-02 2.92565215e-03
5.29726866e-01 2.83009704e-02 -8.49754141e-03 2.55990848e-02 2.93861971e-03
5.31058179e-01 2.84583344e-02 -8.51454700e-03 2.57565096e-02 2.95171935e-03
5.32388182e-01 2.86165972e-02 -8.53148782e-03 2.59148295e-02 2.96495376e-03
5.33716872e-01 2.87757662e-02 -8.54836378e-03 2.60740516e-02 2.97832567e-03
5.35044246e-01 2.89358489e-02 -8.56517488e-03 2.62341828e-02 2.99183783e-03
5.36370301e-01 2.90968528e-02 -8.58192109e-03 2.63952307e-02 3.00549308e-03
5.37695032e-01 2.92587859e-02 -8.59860245e-03 2.65572025e-02 3.01929424e-03
5.39018438e-01 2.94216560e-02 -8.61521900e-03 2.67201058e-02 3.03324420e-03
5.40340514e-01 2.95854711e-02 -8.63177082e-03 2.68839484e-02 3.04734589e-03
5.41661258e-01 2.97502396e-02 -8.64825802e-03 2.70487381e-02 3.06160227e-03
5.42980666e-01 2.99159697e-02 -8.66468074e-03 2.72144830e-02 3.07601635e-03
5.44298735e-01 3.00826701e-02 -8.68103915e-03 2.73811912e-02 3.09059116e-03
5.45615461e-01 3.02503494e-02 -8.69733345e-03 2.75488711e-02 3.10532978e-03
5.46930842e-01 3.04190165e-02 -8.71356387e-03 2.77175311e-02 3.12023534e-03
5.48244874e-01 3.05886804e-02 -8.72973067e-03 2.78871801e-02 3.13531100e-03
5.49557555e-01 3.07593504e-02 -8.74583415e-03 2.80578267e-02 3.15055995e-03
5.50868879e-01 3.09310358e-02 -8.76187463e-03 2.82294801e-02 3.16598545e-03
5.52178845e-01 3.11037463e-02 -8.77785249e-03 2.84021494e-02 3.18159075e-03
5.53487450e-01 3.12774914e-02 -8.79376811e-03 2.85758440e-02 3.19737920e-03
5.54794689e-01 3.14522813e-02 -8.80962194e-03 2.87505734e-02 3.21335414e-03
5.56100561e-01 3.16281260e-02 -8.82541442e-03 2.89263476e-02 3.22951898e-03
5.57405060e-01 3.18050358e-02 -8.84114607e-03 2.91031763e-02 3.24587715e-03
5.58708186e-01 3.19830213e-02 -8.85681743e-03 2.92810698e-02 3.26243214e-03
5.60009933e-01 3.21620931e-02 -8.87242906e-03 2.94600384e-02 3.27918746e-03
5.61310299e-01 3.23422623e-02 -8.88798158e-03 2.96400926e-02 3.29614667e-03
5.62609281e-01 3.25235400e-02 -8.90347564e-03 2.98212433e-02 3.31331337e-03
5.63906875e-01 3.27059375e-02 -8.91891192e-03 3.00035015e-02 3.33069120e-03
5.65203079e-01 3.28894664e-02 -8.93429115e-03 3.01868782e-02 3.34828383e-03
5.66497889e-01 3.30741384e-02 -8.94961410e-03 3.03713851e-02 3.36609499e-03
5.67791302e-01 3.32599657e-02 -8.96488157e-03 3.05570336e-02 3.38412844e-03
5.69083314e-01 3.34469605e-02 -8.98009440e-03 3.07438358e-02 3.40238795e-03
5.70373923e-01 3.36351353e-02 -8.99525348e-03 3.09318037e-02 3.42087738e-03
5.71663126e-01 3.38245027e-02 -9.01035973e-03 3.11209497e-02 3.43960060e-03
5.72950918e-01 3.40150759e-02 -9.02541413e-03 3.13112865e-02 3.45856152e-03
5.74237298e-01 3.42068680e-02 -9.04041768e-03 3.15028268e-02 3.47776409e-03
5.75522261e-01 3.43998925e-02 -9.05537143e-03 3.16955839e-02 3.49721231e-03
5.76805805e-01 3.45941631e-02 -9.07027648e-03 3.18895710e-02 3.51691020e-03
5.78087927e-01 3.47896939e-02 -9.08513396e-03 3.20848019e-02 3.53686183e-03
5.79368623e-01 3.49864991e-02 -9.09994506e-03 3.22812903e-02 3.55707130e-03
5.80647890e-01 3.51845932e-02 -9.11471100e-03 3.24790506e-02 3.57754277e-03
5.81925725e-01 3.53839912e-02 -9.12943306e-03 3.26780972e-02 3.59828040e-03
5.83202125e-01 3.55847080e-02 -9.14411254e-03 3.28784449e-02 3.61928843e-03
5.84477087e-01 3.57867591e-02 -9.15875081e-03 3.30801086e-02 3.64057109e-03
5.85750607e-01 3.59901602e-02 -9.17334928e-03 3.32831036e-02 3.66213269e-03
5.87022683e-01 3.61949272e-02 -9.18790940e-03 3.34874458e-02 3.68397756e-03
5.88293311e-01 3.64010765e-02 -9.20243266e-03 3.36931509e-02 3.70611005e-03
5.89562488e-01 3.66086245e-02 -9.21692062e-03 3.39002352e-02 3.72853457e-03
5.90830212e-01 3.68175883e-02 -9.23137487e-03 3.41087153e-02 3.75125555e-03
5.92096478e-01 3.70279850e-02 -9.24579705e-03 3.43186080e-02 3.77427746e-03
5.93361284e-01 3.72398321e-02 -9.26018885e-03 3.45299306e-02 3.79760481e-03
5.94624627e-01 3.74531476e-02 -9.27455202e-03 3.47427005e-02 3.82124214e-03
5.95886503e-01 3.76679497e-02 -9.28888832e-03 3.49569358e-02 3.84519402e-03
5.97146909e-01 3.78842568e-02 -9.30319961e-03 3.51726545e-02 3.86946505e-03
5.98405843e-01 3.81020879e-02 -9.31748778e-03 3.53898752e-02 3.89405987e-03
5.99663302e-01 3.83214622e-02 -9.33175474e-03 3.56086169e-02 3.91898316e-03
6.00919281e-01 3.85423993e-02 -9.34600250e-03 3.58288989e-02 3.94423962e-03
6.02173778e-01 3.87649192e-02 -9.36023309e-03 3.60507407e-02 3.96983398e-03
6.03426791e-01 3.89890421e-02 -9.37444859e-03 3.62741624e-02 3.99577102e-03
6.04678315e-01 3.92147887e-02 -9.38865114e-03 3.64991843e-02 4.02205551e-03
6.05928348e-01 3.94421802e-02 -9.40284294e-03 3.67258273e-02 4.04869230e-03
6.07176887e-01 3.96712379e-02 -9.41702621e-03 3.69541125e-02 4.07568624e-03
6.08423928e-01 3.99019837e-02 -9.43120327e-03 3.71840613e-02 4.10304220e-03
6.09669468e-01 4.01344399e-02 -9.44537644e-03 3.74156959e-02 4.13076511e-03
6.10913506e-01 4.03686290e-02 -9.45954812e-03 3.76490385e-02 4.15885990e-03
6.12156036e-01 4.06045741e-02 -9.47372077e-03 3.78841119e-02 4.18733154e-03
6.13397057e-01 4.08422987e-02 -9.48789688e-03 3.81209393e-02 4.21618502e-03
6.14636565e-01 4.10818267e-02 -9.50207901e-03 3.83595443e-02 4.24542536e-03
6.15874558e-01 4.13231822e-02 -9.51626976e-03 3.85999509e-02 4.27505760e-03
6.17111031e-01 4.15663901e-02 -9.53047180e-03 3.88421836e-02 4.30508680e-03
6.18345983e-01 4.18114756e-02 -9.54468783e-03 3.90862673e-02 4.33551806e-03
6.19579410e-01 4.20584641e-02 -9.55892062e-03 3.93322274e-02 4.36635649e-03
6.20811308e-01 4.23073818e-02 -9.57317299e-03 3.95800897e-02 4.39760723e-03
6.22041676e-01 4.25582553e-02 -9.58744780e-03 3.98298805e-02 4.42927542e-03
6.23270509e-01 4.28111113e-02 -9.60174799e-03 4.00816265e-02 4.46136624e-03
6.24497806e-01 4.30659775e-02 -9.61607654e-03 4.03353550e-02 4.49388490e-03
6.25723562e-01 4.33228817e-02 -9.63043647e-03 4.05910936e-02 4.52683660e-03
6.26947776e-01 4.35818523e-02 -9.64483086e-03 4.08488706e-02 4.56022657e-03
6.28170443e-01 4.38429181e-02 -9.65926287e-03 4.11087146e-02 4.59406006e-03
6.29391561e-01 4.41061087e-02 -9.67373567e-03 4.13706548e-02 4.62834233e-03
6.30611126e-01 4.43714537e-02 -9.68825251e-03 4.16347210e-02 4.66307867e-03
6.31829137e-01 4.46389836e-02 -9.70281670e-03 4.19009432e-02 4.69827436e-03
6.33045589e-01 4.49087294e-02 -9.71743158e-03 4.21693523e-02 4.73393471e-03
6.34260480e-01 4.51807223e-02 -9.73210056e-03 4.24399794e-02 4.77006504e-03
6.35473807e-01 4.54549943e-02 -9.74682709e-03 4.27128565e-02 4.80667067e-03
6.36685567e-01 4.57315780e-02 -9.76161468e-03 4.29880157e-02 4.84375695e-03
6.37895757e-01 4.60105062e-02 -9.77646691e-03 4.32654900e-02 4.88132923e-03
6.39104373e-01 4.62918125e-02 -9.79138737e-03 4.35453127e-02 4.91939285e-03
6.40311414e-01 4.65755311e-02 -9.80637974e-03 4.38275180e-02 4.95795318e-03
6.41516875e-01 4.68616966e-02 -9.82144774e-03 4.41121402e-02 4.99701560e-03
6.42720754e-01 4.71503441e-02 -9.83659514e-03 4.43992145e-02 5.03658547e-03
6.43923048e-01 4.74415095e-02 -9.85182576e-03 4.46887767e-02 5.07666816e-03
6.45123754e-01 4.77352292e-02 -9.86714347e-03 4.49808629e-02 5.11726907e-03
6.46322869e-01 4.80315400e-02 -9.88255220e-03 4.52755102e-02 5.15839357e-03
6.47520390e-01 4.83304796e-02 -9.89805593e-03 4.55727559e-02 5.20004704e-03
6.48716314e-01 4.86320861e-02 -9.91365868e-03 4.58726381e-02 5.24223486e-03
6.49910639e-01 4.89363981e-02 -9.92936452e-03 4.61751956e-02 5.28496240e-03
6.51103360e-01 4.92434551e-02 -9.94517758e-03 4.64804676e-02 5.32823505e-03
6.52294476e-01 4.95532970e-02 -9.96110203e-03 4.67884942e-02 5.37205817e-03
6.53483983e-01 4.98659644e-02 -9.97714210e-03 4.70993158e-02 5.41643712e-03
6.54671879e-01 5.01814986e-02 -9.99330206e-03 4.74129737e-02 5.46137726e-03
6.55858160e-01 5.04999413e-02 -1.00095862e-02 4.77295098e-02 5.50688394e-03
6.57042824e-01 5.08213350e-02 -1.00259990e-02 4.80489665e-02 5.55296249e-03
6.58225867e-01 5.11457230e-02 -1.00425447e-02 4.83713871e-02 5.59961824e-03
6.59407287e-01 5.14731489e-02 -1.00592278e-02 4.86968153e-02 5.64685650e-03
6.60587080e-01 5.18036574e-02 -1.00760529e-02 4.90252958e-02 5.69468257e-03
6.61765245e-01 5.21372934e-02 -1.00930245e-02 4.93568737e-02 5.74310174e-03
6.62941778e-01 5.24741028e-02 -1.01101472e-02 4.96915948e-02 5.79211926e-03
6.64116675e-01 5.28141322e-02 -1.01274256e-02 5.00295058e-02 5.84174040e-03
6.65289935e-01 5.31574286e-02 -1.01448644e-02 5.03706540e-02 5.89197037e-03
6.66461554e-01 5.35040400e-02 -1.01624684e-02 5.07150872e-02 5.94281438e-03
6.67631530e-01 5.38540149e-02 -1.01802422e-02 5.10628543e-02 5.99427763e-03
6.68799859e-01 5.42074026e-02 -1.01981908e-02 5.14140046e-02 6.04636526e-03
6.69966538e-01 5.45642531e-02 -1.02163188e-02 5.17685883e-02 6.09908242e-03
6.71131566e-01 5.49246171e-02 -1.02346314e-02 5.21266563e-02 6.15243421e-03
6.72294938e-01 5.52885461e-02 -1.02531332e-02 5.24882601e-02 6.20642572e-03
6.73456652e-01 5.56560922e-02 -1.02718294e-02 5.28534520e-02 6.26106198e-03
6.74616706e-01 5.60273083e-02 -1.02907249e-02 5.32222854e-02 6.31634802e-03
6.75775095e-01 5.64022482e-02 -1.03098247e-02 5.35948139e-02 6.37228882e-03
6.76931818e-01 5.67809661e-02 -1.03291339e-02 5.39710922e-02 6.42888933e-03
6.78086872e-01 5.71635174e-02 -1.03486576e-02 5.43511757e-02 6.48615446e-03
6.79240254e-01 5.75499578e-02 -1.03684010e-02 5.47351206e-02 6.54408908e-03
6.80391960e-01 5.79403442e-02 -1.03883693e-02 5.51229839e-02 6.60269803e-03
6.81541988e-01 5.83347339e-02 -1.04085675e-02 5.55148233e-02 6.66198610e-03
6.82690336e-01 5.87331853e-02 -1.04290010e-02 5.59106973e-02 6.72195804e-03
6.83837000e-01 5.91357574e-02 -1.04496750e-02 5.63106652e-02 6.78261855e-03
6.84981977e-01 5.95425100e-02 -1.04705947e-02 5.67147873e-02 6.84397229e-03
6.86125265e-01 5.99535037e-02 -1.04917656e-02 5.71231245e-02 6.90602387e-03
6.87266861e-01 6.03688001e-02 -1.05131929e-02 5.75357385e-02 6.96877784e-03
6.88406763e-01 6.07884613e-02 -1.05348821e-02 5.79526919e-02 7.03223872e-03
6.89544966e-01 6.12125504e-02 -1.05568384e-02 5.83740483e-02 7.09641096e-03
6.90681469e-01 6.16411312e-02 -1.05790674e-02 5.87998718e-02 7.16129895e-03
6.91816268e-01 6.20742686e-02 -1.06015743e-02 5.92302275e-02 7.22690704e-03
6.92949362e-01 6.25120280e-02 -1.06243648e-02 5.96651814e-02 7.29323952e-03
6.94080746e-01 6.29544759e-02 -1.06474442e-02 6.01048002e-02 7.36030059e-03
6.95210419e-01 6.34016793e-02 -1.06708180e-02 6.05491517e-02 7.42809443e-03
6.96338377e-01 6.38537065e-02 -1.06944918e-02 6.09983043e-02 7.49662513e-03
6.97464618e-01 6.43106263e-02 -1.07184710e-02 6.14523275e-02 7.56589672e-03
6.98589139e-01 6.47725085e-02 -1.07427612e-02 6.19112914e-02 7.63591316e-03
6.99711937e-01 6.52394237e-02 -1.07673680e-02 6.23752672e-02 7.70667834e-03
7.00833010e-01 6.57114434e-02 -1.07922968e-02 6.28443268e-02 7.77819609e-03
7.01952354e-01 6.61886401e-02 -1.08175532e-02 6.33185432e-02 7.85047015e-03
7.03069967e-01 6.66710868e-02 -1.08431428e-02 6.37979902e-02 7.92350419e-03
7.04185846e-01 6.71588579e-02 -1.08690712e-02 6.42827423e-02 7.99730182e-03
7.05299989e-01 6.76520282e-02 -1.08953439e-02 6.47728752e-02 8.07186655e-03
7.06412392e-01 6.81506736e-02 -1.09219666e-02 6.52684654e-02 8.14720181e-03
7.07523053e-01 6.86548711e-02 -1.09489447e-02 6.57695901e-02 8.22331096e-03
7.08631969e-01 6.91646981e-02 -1.09762839e-02 6.62763277e-02 8.30019727e-03
7.09739137e-01 6.96802334e-02 -1.10039897e-02 6.67887574e-02 8.37786393e-03
7.10844555e-01 7.02015563e-02 -1.10320678e-02 6.73069593e-02 8.45631402e-03
7.11948220e-01 7.07287474e-02 -1.10605236e-02 6.78310143e-02 8.53555055e-03
7.13050130e-01 7.12618878e-02 -1.10893628e-02 6.83610045e-02 8.61557644e-03
7.14150280e-01 7.18010599e-02 -1.11185909e-02 6.88970128e-02 8.69639451e-03
7.15248670e-01 7.23463467e-02 -1.11482134e-02 6.94391229e-02 8.77800748e-03
7.16345296e-01 7.28978322e-02 -1.11782359e-02 6.99874196e-02 8.86041798e-03
7.17440155e-01 7.34556015e-02 -1.12086638e-02 7.05419886e-02 8.94362852e-03
7.18533244e-01 7.40197405e-02 -1.12395027e-02 7.11029165e-02 9.02764155e-03
7.19624562e-01 7.45903359e-02 -1.12707581e-02 7.16702908e-02 9.11245938e-03
7.20714105e-01 7.51674755e-02 -1.13024353e-02 7.22442001e-02 9.19808423e-03
7.21801870e-01 7.57512480e-02 -1.13345399e-02 7.28247337e-02 9.28451820e-03
7.22887856e-01 7.63417431e-02 -1.13670772e-02 7.34119822e-02 9.37176331e-03
7.23972059e-01 7.69390512e-02 -1.14000527e-02 7.40060368e-02 9.45982144e-03
7.25054476e-01 7.75432640e-02 -1.14334716e-02 7.46069899e-02 9.54869436e-03
7.26135105e-01 7.81544737e-02 -1.14673394e-02 7.52149346e-02 9.63838375e-03
7.27213943e-01 7.87727738e-02 -1.15016613e-02 7.58299652e-02 9.72889115e-03
7.28290988e-01 7.93982586e-02 -1.15364427e-02 7.64521769e-02 9.82021798e-03
7.29366237e-01 8.00310234e-02 -1.15716886e-02 7.70816657e-02 9.91236556e-03
7.30439687e-01 8.06711643e-02 -1.16074043e-02 7.77185288e-02 1.00053351e-02
7.31511336e-01 8.13187786e-02 -1.16435951e-02 7.83628642e-02 1.00991276e-02
7.32581181e-01 8.19739643e-02 -1.16802659e-02 7.90147709e-02 1.01937440e-02
7.33649219e-01 8.26368204e-02 -1.17174219e-02 7.96743487e-02 1.02891852e-02
7.34715448e-01 8.33074470e-02 -1.17550680e-02 8.03416987e-02 1.03854518e-02
7.35779864e-01 8.39859450e-02 -1.17932093e-02 8.10169228e-02 1.04825444e-02
7.36842467e-01 8.46724163e-02 -1.18318508e-02 8.17001236e-02 1.05804633e-02
7.37903252e-01 8.53669637e-02 -1.18709971e-02 8.23914051e-02 1.06792090e-02
7.38962217e-01 8.60696910e-02 -1.19106533e-02 8.30908719e-02 1.07787814e-02
7.40019360e-01 8.67807029e-02 -1.19508240e-02 8.37986298e-02 1.08791807e-02
7.41074678e-01 8.75001051e-02 -1.19915139e-02 8.45147855e-02 1.09804066e-02
7.42128168e-01 8.82280042e-02 -1.20327278e-02 8.52394464e-02 1.10824590e-02
7.43179828e-01 8.89645077e-02 -1.20744702e-02 8.59727213e-02 1.11853373e-02
7.44229655e-01 8.97097242e-02 -1.21167455e-02 8.67147197e-02 1.12890411e-02
7.45277647e-01 9.04637630e-02 -1.21595584e-02 8.74655519e-02 1.13935696e-02
7.46323801e-01 9.12267345e-02 -1.22029131e-02 8.82253294e-02 1.14989219e-02
7.47368114e-01 9.19987502e-02 -1.22468139e-02 8.89941647e-02 1.16050971e-02
7.48410585e-01 9.27799220e-02 -1.22912652e-02 8.97721709e-02 1.17120940e-02
7.49451209e-01 9.35703633e-02 -1.23362710e-02 9.05594623e-02 1.18199112e-02
7.50489985e-01 9.43701882e-02 -1.23818354e-02 9.13561541e-02 1.19285473e-02
7.51526911e-01 9.51795116e-02 -1.24279626e-02 9.21623624e-02 1.20380007e-02
7.52561982e-01 9.59984494e-02 -1.24746563e-02 9.29782043e-02 1.21482695e-02
7.53595199e-01 9.68271186e-02 -1.25219204e-02 9.38037977e-02 1.22593519e-02
7.54626556e-01 9.76656368e-02 -1.25697587e-02 9.46392615e-02 1.23712457e-02
7.55656053e-01 9.85141228e-02 -1.26181749e-02 9.54847155e-02 1.24839486e-02
7.56683685e-01 9.93726962e-02 -1.26671724e-02 9.63402805e-02 1.25974582e-02
7.57709452e-01 1.00241477e-01 -1.27167549e-02 9.72060780e-02 1.27117720e-02
7.58733350e-01 1.01120588e-01 -1.27669256e-02 9.80822306e-02 1.28268870e-02
7.59755377e-01 1.02010149e-01 -1.28176878e-02 9.89688617e-02 1.29428005e-02
7.60775531e-01 1.02910286e-01 -1.28690448e-02 9.98660957e-02 1.30595092e-02
7.61793808e-01 1.03821120e-01 -1.29209996e-02 1.00774058e-01 1.31770099e-02
7.62810206e-01 1.04742779e-01 -1.29735552e-02 1.01692874e-01 1.32952992e-02
7.63824724e-01 1.05675386e-01 -1.30267144e-02 1.02622671e-01 1.34143733e-02
7.64837357e-01 1.06619070e-01 -1.30804801e-02 1.03563577e-01 1.35342286e-02
7.65848104e-01 1.07573956e-01 -1.31348548e-02 1.04515721e-01 1.36548609e-02
7.66856963e-01 1.08540175e-01 -1.31898411e-02 1.05479232e-01 1.37762662e-02
7.67863930e-01 1.09517854e-01 -1.32454414e-02 1.06454240e-01 1.38984401e-02
7.68869004e-01 1.10507124e-01 -1.33016581e-02 1.07440877e-01 1.40213781e-02
7.69872181e-01 1.11508115e-01 -1.33584932e-02 1.08439275e-01 1.41450755e-02
7.70873460e-01 1.12520960e-01 -1.34159488e-02 1.09449567e-01 1.42695273e-02
7.71872838e-01 1.13545790e-01 -1.34740270e-02 1.10471886e-01 1.43947285e-02
7.72870312e-01 1.14582739e-01 -1.35327294e-02 1.11506367e-01 1.45206739e-02
7.73865880e-01 1.15631941e-01 -1.35920577e-02 1.12553145e-01 1.46473580e-02
7.74859540e-01 1.16693531e-01 -1.36520135e-02 1.13612356e-01 1.47747751e-02
7.75851289e-01 1.17767644e-01 -1.37125982e-02 1.14684137e-01 1.49029194e-02
7.76841124e-01 1.18854417e-01 -1.37738131e-02 1.15768626e-01 1.50317850e-02
7.77829044e-01 1.19953987e-01 -1.38356592e-02 1.16865961e-01 1.51613656e-02
7.78815045e-01 1.21066491e-01 -1.38981377e-02 1.17976281e-01 1.52916548e-02
7.79799126e-01 1.22192068e-01 -1.39612492e-02 1.19099726e-01 1.54226460e-02
7.80781283e-01 1.23330858e-01 -1.40249947e-02 1.20236436e-01 1.55543325e-02
7.81761515e-01 1.24482999e-01 -1.40893745e-02 1.21386554e-01 1.56867073e-02
7.82739819e-01 1.25648634e-01 -1.41543891e-02 1.22550220e-01 1.58197631e-02
7.83716193e-01 1.26827904e-01 -1.42200387e-02 1.23727577e-01 1.59534927e-02
7.84690634e-01 1.28020950e-01 -1.42863236e-02 1.24918769e-01 1.60878885e-02
7.85663139e-01 1.29227915e-01 -1.43532436e-02 1.26123940e-01 1.62229427e-02
7.86633708e-01 1.30448943e-01 -1.44207985e-02 1.27343235e-01 1.63586473e-02
7.87602336e-01 1.31684177e-01 -1.44889879e-02 1.28576798e-01 1.64949942e-02
7.88569022e-01 1.32933762e-01 -1.45578114e-02 1.29824775e-01 1.66319751e-02
7.89533763e-01 1.34197844e-01 -1.46272682e-02 1.31087314e-01 1.67695814e-02
7.90496556e-01 1.35476567e-01 -1.46973575e-02 1.32364560e-01 1.69078044e-02
7.91457401e-01 1.36770080e-01 -1.47680783e-02 1.33656663e-01 1.70466350e-02
7.92416293e-01 1.38078527e-01 -1.48394294e-02 1.34963769e-01 1.71860642e-02
7.93373232e-01 1.39402058e-01 -1.49114094e-02 1.36286029e-01 1.73260826e-02
7.94328214e-01 1.40740820e-01 -1.49840168e-02 1.37623590e-01 1.74666807e-02
7.95281236e-01 1.42094961e-01 -1.50572499e-02 1.38976604e-01 1.76078486e-02
7.96232298e-01 1.43464631e-01 -1.51311069e-02 1.40345219e-01 1.77495765e-02
7.97181396e-01 1.44849979e-01 -1.52055856e-02 1.41729588e-01 1.78918542e-02
7.98128528e-01 1.46251155e-01 -1.52806839e-02 1.43129861e-01 1.80346713e-02
7.99073691e-01 1.47668309e-01 -1.53563993e-02 1.44546190e-01 1.81780173e-02
8.00016884e-01 1.49101593e-01 -1.54327292e-02 1.45978728e-01 1.83218814e-02
8.00958104e-01 1.50551158e-01 -1.55096709e-02 1.47427626e-01 1.84662527e-02
8.01897349e-01 1.52017156e-01 -1.55872215e-02 1.48893037e-01 1.86111200e-02
8.02834616e-01 1.53499738e-01 -1.56653776e-02 1.50375116e-01 1.87564720e-02
8.03769903e-01 1.54999057e-01 -1.57441362e-02 1.51874016e-01 1.89022970e-02
8.04703207e-01 1.56515266e-01 -1.58234935e-02 1.53389890e-01 1.90485834e-02
8.05634528e-01 1.58048518e-01 -1.59034459e-02 1.54922893e-01 1.91953192e-02
8.06563861e-01 1.59598966e-01 -1.59839894e-02 1.56473180e-01 1.93424921e-02
8.07491206e-01 1.61166764e-01 -1.60651201e-02 1.58040906e-01 1.94900900e-02
8.08416559e-01 1.62752066e-01 -1.61468335e-02 1.59626225e-01 1.96381001e-02
8.09339918e-01 1.64355027e-01 -1.62291253e-02 1.61229294e-01 1.97865097e-02
8.10261281e-01 1.65975800e-01 -1.63119906e-02 1.62850267e-01 1.99353060e-02
8.11180646e-01 1.67614541e-01 -1.63954247e-02 1.64489301e-01 2.00844756e-02
8.12098011e-01 1.69271404e-01 -1.64794224e-02 1.66146552e-01 2.02340054e-02
8.13013373e-01 1.70946544e-01 -1.65639785e-02 1.67822176e-01 2.03838817e-02
8.13926729e-01 1.72640117e-01 -1.66490875e-02 1.69516328e-01 2.05340909e-02
8.14838079e-01 1.74352277e-01 -1.67347436e-02 1.71229166e-01 2.06846189e-02
8.15747419e-01 1.76083180e-01 -1.68209411e-02 1.72960846e-01 2.08354516e-02
8.16654747e-01 1.77832981e-01 -1.69076738e-02 1.74711524e-01 2.09865749e-02
8.17560061e-01 1.79601837e-01 -1.69949354e-02 1.76481357e-01 2.11379740e-02
8.18463359e-01 1.81389901e-01 -1.70827194e-02 1.78270501e-01 2.12896344e-02
8.19364639e-01 1.83197330e-01 -1.71710191e-02 1.80079114e-01 2.14415412e-02
8.20263897e-01 1.85024279e-01 -1.72598276e-02 1.81907351e-01 2.15936793e-02
8.21161133e-01 1.86870904e-01 -1.73491378e-02 1.83755369e-01 2.17460333e-02
8.22056344e-01 1.88737360e-01 -1.74389423e-02 1.85623324e-01 2.18985880e-02
8.22949527e-01 1.90623802e-01 -1.75292337e-02 1.87511372e-01 2.20513276e-02
8.23840681e-01 1.92530385e-01 -1.76200041e-02 1.89419671e-01 2.22042363e-02
8.24729804e-01 1.94457264e-01 -1.77112456e-02 1.91348374e-01 2.23572982e-02
8.25616892e-01 1.96404594e-01 -1.78029501e-02 1.93297639e-01 2.25104971e-02
8.26501944e-01 1.98372530e-01 -1.78951091e-02 1.95267621e-01 2.26638166e-02
8.27384958e-01 2.00361225e-01 -1.79877142e-02 1.97258475e-01 2.28172401e-02
8.28265931e-01 2.02370834e-01 -1.80807564e-02 1.99270356e-01 2.29707511e-02
8.29144862e-01 2.04401511e-01 -1.81742269e-02 2.01303418e-01 2.31243326e-02
8.30021748e-01 2.06453410e-01 -1.82681163e-02 2.03357817e-01 2.32779676e-02
8.30896587e-01 2.08526682e-01 -1.83624153e-02 2.05433706e-01 2.34316388e-02
8.31769377e-01 2.10621482e-01 -1.84571143e-02 2.07531238e-01 2.35853289e-02
8.32640115e-01 2.12737961e-01 -1.85522033e-02 2.09650567e-01 2.37390203e-02
8.33508800e-01 2.14876271e-01 -1.86476724e-02 2.11791846e-01 2.38926954e-02
8.34375430e-01 2.17036564e-01 -1.87435113e-02 2.13955227e-01 2.40463361e-02
8.35240002e-01 2.19218991e-01 -1.88397095e-02 2.16140862e-01 2.41999246e-02
8.36102514e-01 2.21423703e-01 -1.89362564e-02 2.18348901e-01 2.43534426e-02
8.36962964e-01 2.23650849e-01 -1.90331410e-02 2.20579496e-01 2.45068718e-02
8.37821349e-01 2.25900579e-01 -1.91303523e-02 2.22832797e-01 2.46601936e-02
8.38677669e-01 2.28173041e-01 -1.92278790e-02 2.25108953e-01 2.48133895e-02
8.39531921e-01 2.30468384e-01 -1.93257096e-02 2.27408113e-01 2.49664405e-02
8.40384102e-01 2.32786754e-01 -1.94238323e-02 2.29730426e-01 2.51193279e-02
8.41234210e-01 2.35128300e-01 -1.95222352e-02 2.32076037e-01 2.52720324e-02
8.42082244e-01 2.37493167e-01 -1.96209063e-02 2.34445095e-01 2.54245349e-02
8.42928201e-01 2.39881500e-01 -1.97198333e-02 2.36837745e-01 2.55768160e-02
8.43772079e-01 2.42293444e-01 -1.98190035e-02 2.39254133e-01 2.57288562e-02
8.44613877e-01 2.44729142e-01 -1.99184042e-02 2.41694401e-01 2.58806358e-02
8.45453591e-01 2.47188738e-01 -2.00180227e-02 2.44158695e-01 2.60321352e-02
8.46291221e-01 2.49672373e-01 -2.01178456e-02 2.46647155e-01 2.61833344e-02
8.47126763e-01 2.52180188e-01 -2.02178598e-02 2.49159924e-01 2.63342133e-02
8.47960216e-01 2.54712323e-01 -2.03180516e-02 2.51697142e-01 2.64847519e-02
8.48791578e-01 2.57268918e-01 -2.04184075e-02 2.54258949e-01 2.66349300e-02
8.49620847e-01 2.59850110e-01 -2.05189134e-02 2.56845483e-01 2.67847270e-02
8.50448020e-01 2.62456037e-01 -2.06195554e-02 2.59456882e-01 2.69341227e-02
8.51273096e-01 2.65086834e-01 -2.07203190e-02 2.62093282e-01 2.70830963e-02
8.52096073e-01 2.67742637e-01 -2.08211899e-02 2.64754817e-01 2.72316271e-02
8.52916948e-01 2.70423579e-01 -2.09221534e-02 2.67441622e-01 2.73796945e-02
8.53735720e-01 2.73129791e-01 -2.10231946e-02 2.70153830e-01 2.75272774e-02
8.54552386e-01 2.75861407e-01 -2.11242986e-02 2.72891572e-01 2.76743549e-02
8.55366945e-01 2.78618555e-01 -2.12254501e-02 2.75654978e-01 2.78209060e-02
8.56179395e-01 2.81401364e-01 -2.13266337e-02 2.78444177e-01 2.79669093e-02
8.56989732e-01 2.84209963e-01 -2.14278340e-02 2.81259298e-01 2.81123438e-02
8.57797957e-01 2.87044476e-01 -2.15290350e-02 2.84100465e-01 2.82571879e-02
8.58604066e-01 2.89905028e-01 -2.16302211e-02 2.86967803e-01 2.84014204e-02
8.59408057e-01 2.92791743e-01 -2.17313759e-02 2.89861437e-01 2.85450197e-02
8.60209930e-01 2.95704742e-01 -2.18324835e-02 2.92781487e-01 2.86879643e-02
8.61009680e-01 2.98644145e-01 -2.19335272e-02 2.95728074e-01 2.88302325e-02
8.61807307e-01 3.01610072e-01 -2.20344906e-02 2.98701317e-01 2.89718026e-02
8.62602809e-01 3.04602639e-01 -2.21353569e-02 3.01701332e-01 2.91126530e-02
8.63396184e-01 3.07621961e-01 -2.22361092e-02 3.04728236e-01 2.92527617e-02
8.64187429e-01 3.10668153e-01 -2.23367306e-02 3.07782141e-01 2.93921069e-02
8.64976543e-01 3.13741327e-01 -2.24372037e-02 3.10863161e-01 2.95306667e-02
8.65763524e-01 3.16841594e-01 -2.25375113e-02 3.13971404e-01 2.96684192e-02
8.66548370e-01 3.19969061e-01 -2.26376358e-02 3.17106980e-01 2.98053423e-02
8.67331079e-01 3.23123835e-01 -2.27375597e-02 3.20269996e-01 2.99414141e-02
8.68111648e-01 3.26306023e-01 -2.28372652e-02 3.23460556e-01 3.00766125e-02
8.68890077e-01 3.29515727e-01 -2.29367343e-02 3.26678763e-01 3.02109154e-02
8.69666363e-01 3.32753048e-01 -2.30359490e-02 3.29924719e-01 3.03443006e-02
8.70440504e-01 3.36018086e-01 -2.31348912e-02 3.33198521e-01 3.04767462e-02
8.71212499e-01 3.39310938e-01 -2.32335425e-02 3.36500269e-01 3.06082298e-02
8.71982345e-01 3.42631700e-01 -2.33318845e-02 3.39830055e-01 3.07387295e-02
8.72750041e-01 3.45980465e-01 -2.34298988e-02 3.43187974e-01 3.08682229e-02
8.73515584e-01 3.49357323e-01 -2.35275665e-02 3.46574117e-01 3.09966881e-02
8.74278973e-01 3.52762366e-01 -2.36248690e-02 3.49988571e-01 3.11241028e-02
8.75040206e-01 3.56195678e-01 -2.37217874e-02 3.53431424e-01 3.12504448e-02
8.75799281e-01 3.59657346e-01 -2.38183026e-02 3.56902759e-01 3.13756921e-02
8.76556196e-01 3.63147451e-01 -2.39143956e-02 3.60402659e-01 3.14998225e-02
8.77310949e-01 3.66666074e-01 -2.40100472e-02 3.63931204e-01 3.16228139e-02
8.78063539e-01 3.70213293e-01 -2.41052382e-02 3.67488470e-01 3.17446443e-02
8.78813963e-01 3.73789184e-01 -2.41999491e-02 3.71074533e-01 3.18652916e-02
8.79562220e-01 3.77393820e-01 -2.42941605e-02 3.74689466e-01 3.19847339e-02
8.80308308e-01 3.81027271e-01 -2.43878528e-02 3.78333338e-01 3.21029491e-02
8.81052225e-01 3.84689607e-01 -2.44810065e-02 3.82006218e-01 3.22199154e-02
8.81793969e-01 3.88380893e-01 -2.45736018e-02 3.85708171e-01 3.23356108e-02
8.82533538e-01 3.92101192e-01 -2.46656190e-02 3.89439258e-01 3.24500137e-02
8.83270931e-01 3.95850566e-01 -2.47570382e-02 3.93199541e-01 3.25631021e-02
8.84006145e-01 3.99629073e-01 -2.48478396e-02 3.96989077e-01 3.26748545e-02
8.84739180e-01 4.03436767e-01 -2.49380032e-02 4.00807920e-01 3.27852492e-02
8.85470032e-01 4.07273704e-01 -2.50275091e-02 4.04656122e-01 3.28942646e-02
8.86198701e-01 4.11139931e-01 -2.51163371e-02 4.08533734e-01 3.30018793e-02
8.86925184e-01 4.15035498e-01 -2.52044673e-02 4.12440801e-01 3.31080720e-02
8.87649480e-01 4.18960449e-01 -2.52918794e-02 4.16377368e-01 3.32128213e-02
8.88371587e-01 4.22914825e-01 -2.53785533e-02 4.20343474e-01 3.33161059e-02
8.89091503e-01 4.26898667e-01 -2.54644689e-02 4.24339160e-01 3.34179049e-02
8.89809227e-01 4.30912009e-01 -2.55496058e-02 4.28364458e-01 3.35181972e-02
8.90524756e-01 4.34954886e-01 -2.56339440e-02 4.32419403e-01 3.36169619e-02
8.91238089e-01 4.39027329e-01 -2.57174631e-02 4.36504023e-01 3.37141782e-02
8.91949223e-01 4.43129363e-01 -2.58001428e-02 4.40618344e-01 3.38098255e-02
8.92658159e-01 4.47261014e-01 -2.58819630e-02 4.44762389e-01 3.39038833e-02
8.93364892e-01 4.51422303e-01 -2.59629034e-02 4.48936180e-01 3.39963310e-02
8.94069423e-01 4.55613249e-01 -2.60429437e-02 4.53139732e-01 3.40871485e-02
8.94771748e-01 4.59833866e-01 -2.61220636e-02 4.57373060e-01 3.41763156e-02
8.95471867e-01 4.64084166e-01 -2.62002430e-02 4.61636175e-01 3.42638123e-02
8.96169778e-01 4.68364159e-01 -2.62774617e-02 4.65929083e-01 3.43496188e-02
8.96865478e-01 4.72673850e-01 -2.63536994e-02 4.70251790e-01 3.44337153e-02
8.97558967e-01 4.77013241e-01 -2.64289360e-02 4.74604296e-01 3.45160824e-02
8.98250242e-01 4.81382331e-01 -2.65031514e-02 4.78986599e-01 3.45967006e-02
8.98939302e-01 4.85781116e-01 -2.65763255e-02 4.83398694e-01 3.46755508e-02
8.99626145e-01 4.90209589e-01 -2.66484383e-02 4.87840571e-01 3.47526138e-02
9.00310769e-01 4.94667739e-01 -2.67194699e-02 4.92312218e-01 3.48278710e-02
9.00993173e-01 4.99155551e-01 -2.67894002e-02 4.96813619e-01 3.49013035e-02
9.01673355e-01 5.03673007e-01 -2.68582096e-02 5.01344756e-01 3.49728930e-02
9.02351313e-01 5.08220086e-01 -2.69258781e-02 5.05905604e-01 3.50426211e-02
9.03027046e-01 5.12796764e-01 -2.69923860e-02 5.10496139e-01 3.51104697e-02
9.03700552e-01 5.17403012e-01 -2.70577139e-02 5.15116329e-01 3.51764210e-02
9.04371830e-01 5.22038799e-01 -2.71218420e-02 5.19766142e-01 3.52404573e-02
9.05040876e-01 5.26704088e-01 -2.71847509e-02 5.24445542e-01 3.53025610e-02
9.05707691e-01 5.31398842e-01 -2.72464213e-02 5.29154486e-01 3.53627150e-02
9.06372273e-01 5.36123017e-01 -2.73068340e-02 5.33892931e-01 3.54209023e-02
9.07034619e-01 5.40876567e-01 -2.73659697e-02 5.38660829e-01 3.54771060e-02
9.07694728e-01 5.45659441e-01 -2.74238095e-02 5.43458128e-01 3.55313095e-02
9.08352599e-01 5.50471587e-01 -2.74803343e-02 5.48284773e-01 3.55834966e-02
9.09008229e-01 5.55312947e-01 -2.75355255e-02 5.53140704e-01 3.56336512e-02
9.09661618e-01 5.60183459e-01 -2.75893644e-02 5.58025859e-01 3.56817574e-02
9.10312763e-01 5.65083059e-01 -2.76418323e-02 5.62940171e-01 3.57277997e-02
9.10961663e-01 5.70011677e-01 -2.76929110e-02 5.67883568e-01 3.57717626e-02
9.11608317e-01 5.74969241e-01 -2.77425822e-02 5.72855977e-01 3.58136312e-02
9.12252723e-01 5.79955674e-01 -2.77908277e-02 5.77857320e-01 3.58533907e-02
9.12894879e-01 5.84970896e-01 -2.78376297e-02 5.82887513e-01 3.58910265e-02
9.13534783e-01 5.90014823e-01 -2.78829703e-02 5.87946471e-01 3.59265243e-02
9.14172435e-01 5.95087365e-01 -2.79268321e-02 5.93034103e-01 3.59598702e-02
9.14807832e-01 6.00188430e-01 -2.79691974e-02 5.98150316e-01 3.59910505e-02
9.15440973e-01 6.05317923e-01 -2.80100492e-02 6.03295010e-01 3.60200519e-02
9.16071856e-01 6.10475743e-01 -2.80493702e-02 6.08468084e-01 3.60468611e-02
9.16700480e-01 6.15661786e-01 -2.80871437e-02 6.13669431e-01 3.60714654e-02
9.17326844e-01 6.20875942e-01 -2.81233529e-02 6.18898942e-01 3.60938522e-02
9.17950945e-01 6.26118101e-01 -2.81579815e-02 6.24156502e-01 3.61140095e-02
9.18572782e-01 6.31388144e-01 -2.81910130e-02 6.29441991e-01 3.61319252e-02
9.19192354e-01 6.36685952e-01 -2.82224314e-02 6.34755289e-01 3.61475879e-02
9.19809659e-01 6.42011400e-01 -2.82522210e-02 6.40096267e-01 3.61609862e-02
9.20424696e-01 6.47364358e-01 -2.82803661e-02 6.45464795e-01 3.61721092e-02
9.21037462e-01 6.52744694e-01 -2.83068512e-02 6.50860738e-01 3.61809463e-02
9.21647958e-01 6.58152270e-01 -2.83316613e-02 6.56283956e-01 3.61874874e-02
9.22256180e-01 6.63586945e-01 -2.83547815e-02 6.61734307e-01 3.61917223e-02
9.22862128e-01 6.69048573e-01 -2.83761969e-02 6.67211642e-01 3.61936415e-02
9.23465800e-01 6.74537005e-01 -2.83958934e-02 6.72715809e-01 3.61932359e-02
9.24067195e-01 6.80052086e-01 -2.84138566e-02 6.78246653e-01 3.61904964e-02
9.24666310e-01 6.85593657e-01 -2.84300727e-02 6.83804013e-01 3.61854145e-02
9.25263146e-01 6.91161557e-01 -2.84445281e-02 6.89387724e-01 3.61779820e-02
9.25857699e-01 6.96755618e-01 -2.84572093e-02 6.94997618e-01 3.61681912e-02
9.26449969e-01 7.02375670e-01 -2.84681034e-02 7.00633521e-01 3.61560344e-02
9.27039955e-01 7.08021536e-01 -2.84771974e-02 7.06295255e-01 3.61415047e-02
9.27627654e-01 7.13693036e-01 -2.84844790e-02 7.11982639e-01 3.61245952e-02
9.28213065e-01 7.19389988e-01 -2.84899358e-02 7.17695487e-01 3.61052996e-02
9.28796187e-01 7.25112202e-01 -2.84935559e-02 7.23433608e-01 3.60836120e-02
9.29377019e-01 7.30859486e-01 -2.84953277e-02 7.29196807e-01 3.60595266e-02
9.29955559e-01 7.36631642e-01 -2.84952400e-02 7.34984885e-01 3.60330383e-02
9.30531805e-01 7.42428470e-01 -2.84932816e-02 7.40797640e-01 3.60041423e-02
9.31105757e-01 7.48249763e-01 -2.84894418e-02 7.46634862e-01 3.59728341e-02
9.31677412e-01 7.54095311e-01 -2.84837104e-02 7.52496340e-01 3.59391096e-02
9.32246769e-01 7.59964901e-01 -2.84760773e-02 7.58381857e-01 3.59029652e-02
9.32813828e-01 7.65858312e-01 -2.84665328e-02 7.64291192e-01 3.58643976e-02
9.33378586e-01 7.71775322e-01 -2.84550674e-02 7.70224121e-01 3.58234040e-02
9.33941042e-01 7.77715704e-01 -2.84416721e-02 7.76180413e-01 3.57799819e-02
9.34501195e-01 7.83679225e-01 -2.84263383e-02 7.82159834e-01 3.57341292e-02
9.35059043e-01 7.89665649e-01 -2.84090576e-02 7.88162147e-01 3.56858443e-02
9.35614585e-01 7.95674736e-01 -2.83898220e-02 7.94187108e-01 3.56351260e-02
9.36167820e-01 8.01706240e-01 -2.83686239e-02 8.00234470e-01 3.55819735e-02
9.36718746e-01 8.07759913e-01 -2.83454560e-02 8.06303983e-01 3.55263863e-02
9.37267362e-01 8.13835500e-01 -2.83203113e-02 8.12395390e-01 3.54683645e-02
9.37813667e-01 8.19932743e-01 -2.82931833e-02 8.18508431e-01 3.54079086e-02
9.38357658e-01 8.26051380e-01 -2.82640659e-02 8.24642841e-01 3.53450193e-02
9.38899336e-01 8.32191145e-01 -2.82329533e-02 8.30798353e-01 3.52796981e-02
9.39438698e-01 8.38351765e-01 -2.81998400e-02 8.36974692e-01 3.52119465e-02
9.39975743e-01 8.44532966e-01 -2.81647211e-02 8.43171582e-01 3.51417668e-02
9.40510470e-01 8.50734468e-01 -2.81275918e-02 8.49388740e-01 3.50691615e-02
9.41042878e-01 8.56955987e-01 -2.80884479e-02 8.55625881e-01 3.49941336e-02
9.41572965e-01 8.63197233e-01 -2.80472856e-02 8.61882713e-01 3.49166866e-02
9.42100730e-01 8.69457916e-01 -2.80041014e-02 8.68158943e-01 3.48368244e-02
9.42626171e-01 8.75737737e-01 -2.79588923e-02 8.74454272e-01 3.47545512e-02
9.43149288e-01 8.82036395e-01 -2.79116555e-02 8.80768395e-01 3.46698719e-02
9.43670079e-01 8.88353585e-01 -2.78623889e-02 8.87101007e-01 3.45827916e-02
9.44188542e-01 8.94688997e-01 -2.78110907e-02 8.93451794e-01 3.44933159e-02
9.44704677e-01 9.01042317e-01 -2.77577593e-02 8.99820442e-01 3.44014510e-02
9.45218483e-01 9.07413226e-01 -2.77023938e-02 9.06206629e-01 3.43072033e-02
9.45729957e-01 9.13801403e-01 -2.76449936e-02 9.12610032e-01 3.42105799e-02
9.46239099e-01 9.20206520e-01 -2.75855586e-02 9.19030322e-01 3.41115880e-02
9.46745907e-01 9.26628246e-01 -2.75240889e-02 9.25467167e-01 3.40102357e-02
9.47250380e-01 9.33066248e-01 -2.74605853e-02 9.31920229e-01 3.39065311e-02
9.47752518e-01 9.39520184e-01 -2.73950490e-02 9.38389167e-01 3.38004830e-02
9.48252318e-01 9.45989713e-01 -2.73274814e-02 9.44873637e-01 3.36921006e-02
9.48749779e-01 9.52474487e-01 -2.72578845e-02 9.51373290e-01 3.35813935e-02
9.49244901e-01 9.58974154e-01 -2.71862607e-02 9.57887772e-01 3.34683719e-02
9.49737681e-01 9.65488359e-01 -2.71126129e-02 9.64416725e-01 3.33530462e-02
9.50228120e-01 9.72016743e-01 -2.70369444e-02 9.70959790e-01 3.32354274e-02
9.50716215e-01 9.78558941e-01 -2.69592590e-02 9.77516600e-01 3.31155269e-02
9.51201965e-01 9.85114586e-01 -2.68795607e-02 9.84086786e-01 3.29933567e-02
9.51685370e-01 9.91683308e-01 -2.67978542e-02 9.90669975e-01 3.28689290e-02
9.52166428e-01 9.98264729e-01 -2.67141445e-02 9.97265791e-01 3.27422566e-02
9.52645137e-01 1.00485847e+00 -2.66284372e-02 1.00387385e+00 3.26133526e-02
9.53121497e-01 1.01146415e+00 -2.65407382e-02 1.01049377e+00 3.24822308e-02
9.53595507e-01 1.01808138e+00 -2.64510540e-02 1.01712517e+00 3.23489053e-02
9.54067164e-01 1.02470978e+00 -2.63593913e-02 1.02376764e+00 3.22133904e-02
9.54536469e-01 1.03134893e+00 -2.62657575e-02 1.03042079e+00 3.20757014e-02
9.55003420e-01 1.03799846e+00 -2.61701603e-02 1.03708423e+00 3.19358534e-02
9.55468016e-01 1.04465794e+00 -2.60726079e-02 1.04375755e+00 3.17938625e-02
9.55930255e-01 1.05132699e+00 -2.59731090e-02 1.05044034e+00 3.16497449e-02
9.56390137e-01 1.05800519e+00 -2.58716727e-02 1.05713219e+00 3.15035173e-02
9.56847660e-01 1.06469212e+00 -2.57683085e-02 1.06383269e+00 3.13551970e-02
9.57302823e-01 1.07138737e+00 -2.56630265e-02 1.07054142e+00 3.12048014e-02
9.57755626e-01 1.07809052e+00 -2.55558370e-02 1.07725796e+00 3.10523487e-02
9.58206066e-01 1.08480115e+00 -2.54467512e-02 1.08398187e+00 3.08978572e-02
9.58654144e-01 1.09151883e+00 -2.53357801e-02 1.09071275e+00 3.07413460e-02
9.59099857e-01 1.09824312e+00 -2.52229358e-02 1.09745014e+00 3.05828343e-02
9.59543205e-01 1.10497360e+00 -2.51082305e-02 1.10419362e+00 3.04223418e-02
9.59984187e-01 1.11170982e+00 -2.49916769e-02 1.11094275e+00 3.02598887e-02
9.60422801e-01 1.11845135e+00 -2.48732881e-02 1.11769708e+00 3.00954957e-02
9.60859046e-01 1.12519774e+00 -2.47530777e-02 1.12445618e+00 2.99291836e-02
9.61292922e-01 1.13194855e+00 -2.46310599e-02 1.13121959e+00 2.97609739e-02
9.61724427e-01 1.13870332e+00 -2.45072492e-02 1.13798685e+00 2.95908885e-02
9.62153561e-01 1.14546160e+00 -2.43816604e-02 1.14475753e+00 2.94189496e-02
9.62580321e-01 1.15222293e+00 -2.42543090e-02 1.15153115e+00 2.92451797e-02
9.63004708e-01 1.15898685e+00 -2.41252108e-02 1.15830726e+00 2.90696021e-02
9.63426720e-01 1.16575291e+00 -2.39943820e-02 1.16508540e+00 2.88922400e-02
9.63846355e-01 1.17252064e+00 -2.38618395e-02 1.17186510e+00 2.87131174e-02
9.64263614e-01 1.17928956e+00 -2.37276004e-02 1.17864588e+00 2.85322585e-02
9.64678495e-01 1.18605920e+00 -2.35916821e-02 1.18542728e+00 2.83496879e-02
9.65090997e-01 1.19282910e+00 -2.34541029e-02 1.19220881e+00 2.81654307e-02
9.65501118e-01 1.19959877e+00 -2.33148810e-02 1.19899002e+00 2.79795122e-02
9.65908859e-01 1.20636774e+00 -2.31740354e-02 1.20577040e+00 2.77919582e-02
9.66314217e-01 1.21313552e+00 -2.30315853e-02 1.21254948e+00 2.76027949e-02
9.66717192e-01 1.21990162e+00 -2.28875506e-02 1.21932678e+00 2.74120488e-02
9.67117784e-01 1.22666557e+00 -2.27419512e-02 1.22610181e+00 2.72197468e-02
9.67515990e-01 1.23342687e+00 -2.25948079e-02 1.23287406e+00 2.70259162e-02
9.67911810e-01 1.24018502e+00 -2.24461415e-02 1.23964306e+00 2.68305845e-02
9.68305243e-01 1.24693953e+00 -2.22959734e-02 1.24640831e+00 2.66337798e-02
9.68696288e-01 1.25368992e+00 -2.21443255e-02 1.25316931e+00 2.64355304e-02
9.69084944e-01 1.26043566e+00 -2.19912198e-02 1.25992555e+00 2.62358650e-02
9.69471210e-01 1.26717628e+00 -2.18366791e-02 1.26667654e+00 2.60348125e-02
9.69855086e-01 1.27391125e+00 -2.16807262e-02 1.27342178e+00 2.58324024e-02
9.70236569e-01 1.28064008e+00 -2.15233846e-02 1.28016075e+00 2.56286643e-02
9.70615660e-01 1.28736225e+00 -2.13646780e-02 1.28689294e+00 2.54236283e-02
9.70992357e-01 1.29407726e+00 -2.12046306e-02 1.29361786e+00 2.52173246e-02
9.71366659e-01 1.30078460e+00 -2.10432669e-02 1.30033498e+00 2.50097841e-02
9.71738566e-01 1.30748375e+00 -2.08806118e-02 1.30704379e+00 2.48010375e-02
9.72108076e-01 1.31417419e+00 -2.07166906e-02 1.31374378e+00 2.45911163e-02
9.72475189e-01 1.32085542e+00 -2.05515290e-02 1.32043443e+00 2.43800520e-02
9.72839904e-01 1.32752690e+00 -2.03851529e-02 1.32711521e+00 2.41678764e-02
9.73202220e-01 1.33418813e+00 -2.02175887e-02 1.33378562e+00 2.39546218e-02
9.73562135e-01 1.34083857e+00 -2.00488631e-02 1.34044512e+00 2.37403206e-02
9.73919650e-01 1.34747771e+00 -1.98790032e-02 1.34709320e+00 2.35250056e-02
9.74274762e-01 1.35410501e+00 -1.97080365e-02 1.35372932e+00 2.33087098e-02
9.74627472e-01 1.36071996e+00 -1.95359906e-02 1.36035297e+00 2.30914664e-02
9.74977778e-01 1.36732203e+00 -1.93628936e-02 1.36696361e+00 2.28733091e-02
9.75325680e-01 1.37391068e+00 -1.91887740e-02 1.37356072e+00 2.26542716e-02
9.75671177e-01 1.38048540e+00 -1.90136605e-02 1.38014376e+00 2.24343880e-02
9.76014267e-01 1.38704563e+00 -1.88375821e-02 1.38671221e+00 2.22136926e-02
9.76354950e-01 1.39359087e+00 -1.86605681e-02 1.39326554e+00 2.19922199e-02
9.76693226e-01 1.40012057e+00 -1.84826483e-02 1.39980320e+00 2.17700048e-02
9.77029093e-01 1.40663419e+00 -1.83038526e-02 1.40632468e+00 2.15470822e-02
9.77362550e-01 1.41313121e+00 -1.81242113e-02 1.41282942e+00 2.13234874e-02
9.77693597e-01 1.41961109e+00 -1.79437548e-02 1.41931691e+00 2.10992558e-02
9.78022233e-01 1.42607330e+00 -1.77625141e-02 1.42578660e+00 2.08744230e-02
9.78348456e-01 1.43251729e+00 -1.75805201e-02 1.43223796e+00 2.06490250e-02
9.78672267e-01 1.43894253e+00 -1.73978043e-02 1.43867045e+00 2.04230977e-02
9.78993665e-01 1.44534848e+00 -1.72143983e-02 1.44508353e+00 2.01966774e-02
9.79312648e-01 1.45173461e+00 -1.70303339e-02 1.45147667e+00 1.99698005e-02
9.79629216e-01 1.45810038e+00 -1.68456432e-02 1.45784933e+00 1.97425036e-02
9.79943368e-01 1.46444525e+00 -1.66603588e-02 1.46420097e+00 1.95148234e-02
9.80255103e-01 1.47076868e+00 -1.64745130e-02 1.47053106e+00 1.92867970e-02
9.80564421e-01 1.47707013e+00 -1.62881388e-02 1.47683905e+00 1.90584612e-02
9.80871321e-01 1.48334907e+00 -1.61012691e-02 1.48312441e+00 1.88298534e-02
9.81175801e-01 1.48960495e+00 -1.59139374e-02 1.48938660e+00 1.86010109e-02
9.81477862e-01 1.49583725e+00 -1.57261769e-02 1.49562508e+00 1.83719713e-02
9.81777503e-01 1.50204541e+00 -1.55380214e-02 1.50183932e+00 1.81427720e-02
9.82074722e-01 1.50822890e+00 -1.53495047e-02 1.50802878e+00 1.79134508e-02
9.82369519e-01 1.51438720e+00 -1.51606609e-02 1.51419292e+00 1.76840456e-02
9.82661894e-01 1.52051975e+00 -1.49715241e-02 1.52033121e+00 1.74545943e-02
9.82951845e-01 1.52662602e+00 -1.47821287e-02 1.52644311e+00 1.72251350e-02
9.83239372e-01 1.53270549e+00 -1.45925094e-02 1.53252808e+00 1.69957057e-02
9.83524474e-01 1.53875760e+00 -1.44027007e-02 1.53858560e+00 1.67663448e-02
9.83807150e-01 1.54478184e+00 -1.42127375e-02 1.54461513e+00 1.65370903e-02
9.84087401e-01 1.55077765e+00 -1.40226548e-02 1.55061613e+00 1.63079808e-02
9.84365224e-01 1.55674453e+00 -1.38324877e-02 1.55658808e+00 1.60790546e-02
9.84640620e-01 1.56268192e+00 -1.36422714e-02 1.56253044e+00 1.58503501e-02
9.84913588e-01 1.56858931e+00 -1.34520412e-02 1.56844269e+00 1.56219058e-02
9.85184126e-01 1.57446616e+00 -1.32618326e-02 1.57432429e+00 1.53937603e-02
9.85452235e-01 1.58031194e+00 -1.30716811e-02 1.58017473e+00 1.51659522e-02
9.85717914e-01 1.58612613e+00 -1.28816224e-02 1.58599347e+00 1.49385199e-02
9.85981162e-01 1.59190821e+00 -1.26916922e-02 1.59177999e+00 1.47115021e-02
9.86241978e-01 1.59765764e+00 -1.25019262e-02 1.59753377e+00 1.44849373e-02
9.86500362e-01 1.60337392e+00 -1.23123604e-02 1.60325428e+00 1.42588642e-02
9.86756313e-01 1.60905650e+00 -1.21230305e-02 1.60894101e+00 1.40333213e-02
9.87009830e-01 1.61470489e+00 -1.19339726e-02 1.61459344e+00 1.38083472e-02
9.87260914e-01 1.62031856e+00 -1.17452227e-02 1.62021106e+00 1.35839804e-02
9.87509562e-01 1.62589699e+00 -1.15568167e-02 1.62579334e+00 1.33602593e-02
9.87755776e-01 1.63143967e+00 -1.13687907e-02 1.63133978e+00 1.31372225e-02
9.87999553e-01 1.63694610e+00 -1.11811808e-02 1.63684986e+00 1.29149083e-02
9.88240894e-01 1.64241575e+00 -1.09940230e-02 1.64232308e+00 1.26933550e-02
9.88479797e-01 1.64784814e+00 -1.08073534e-02 1.64775894e+00 1.24726009e-02
9.88716263e-01 1.65324274e+00 -1.06212080e-02 1.65315692e+00 1.22526843e-02
9.88950290e-01 1.65859905e+00 -1.04356229e-02 1.65851653e+00 1.20336431e-02
9.89181879e-01 1.66391659e+00 -1.02506340e-02 1.66383727e+00 1.18155154e-02
9.89411028e-01 1.66919484e+00 -1.00662773e-02 1.66911864e+00 1.15983392e-02
9.89637737e-01 1.67443332e+00 -9.88258878e-03 1.67436015e+00 1.13821522e-02
9.89862005e-01 1.67963153e+00 -9.69960422e-03 1.67956131e+00 1.11669922e-02
9.90083833e-01 1.68478898e+00 -9.51735941e-03 1.68472162e+00 1.09528967e-02
9.90303218e-01 1.68990518e+00 -9.33589009e-03 1.68984060e+00 1.07399031e-02
9.90520161e-01 1.69497966e+00 -9.15523190e-03 1.69491778e+00 1.05280488e-02
9.90734662e-01 1.70001192e+00 -8.97542037e-03 1.69995266e+00 1.03173708e-02
9.90946719e-01 1.70500150e+00 -8.79649095e-03 1.70494477e+00 1.01079063e-02
9.91156332e-01 1.70994791e+00 -8.61847900e-03 1.70989364e+00 9.89969200e-03
9.91363501e-01 1.71485068e+00 -8.44141973e-03 1.71479880e+00 9.69276463e-03
9.91568226e-01 1.71970935e+00 -8.26534824e-03 1.71965978e+00 9.48716066e-03
9.91770504e-01 1.72452344e+00 -8.09029949e-03 1.72447611e+00 9.28291639e-03
9.91970337e-01 1.72929250e+00 -7.91630833e-03 1.72924733e+00 9.08006795e-03
9.92167724e-01 1.73401607e+00 -7.74340941e-03 1.73397299e+00 8.87865123e-03
9.92362663e-01 1.73869369e+00 -7.57163725e-03 1.73865264e+00 8.67870196e-03
9.92555155e-01 1.74332491e+00 -7.40102620e-03 1.74328581e+00 8.48025560e-03
9.92745200e-01 1.74790928e+00 -7.23161043e-03 1.74787207e+00 8.28334742e-03
9.92932796e-01 1.75244636e+00 -7.06342393e-03 1.75241097e+00 8.08801246e-03
9.93117944e-01 1.75693571e+00 -6.89650049e-03 1.75690207e+00 7.89428551e-03
9.93300642e-01 1.76137689e+00 -6.73087370e-03 1.76134494e+00 7.70220111e-03
9.93480891e-01 1.76576946e+00 -6.56657694e-03 1.76573915e+00 7.51179356e-03
9.93658689e-01 1.77011300e+00 -6.40364338e-03 1.77008426e+00 7.32309688e-03
9.93834037e-01 1.77440709e+00 -6.24210594e-03 1.77437986e+00 7.13614484e-03
9.94006934e-01 1.77865130e+00 -6.08199734e-03 1.77862552e+00 6.95097092e-03
9.94177380e-01 1.78284521e+00 -5.92335002e-03 1.78282083e+00 6.76760833e-03
9.94345374e-01 1.78698842e+00 -5.76619620e-03 1.78696538e+00 6.58608999e-03
9.94510915e-01 1.79108051e+00 -5.61056782e-03 1.79105876e+00 6.40644849e-03
9.94674004e-01 1.79512109e+00 -5.45649655e-03 1.79510057e+00 6.22871617e-03
9.94834640e-01 1.79910975e+00 -5.30401381e-03 1.79909041e+00 6.05292501e-03
9.94992823e-01 1.80304610e+00 -5.15315071e-03 1.80302790e+00 5.87910670e-03
9.95148552e-01 1.80692975e+00 -5.00393808e-03 1.80691263e+00 5.70729258e-03
9.95301826e-01 1.81076032e+00 -4.85640644e-03 1.81074423e+00 5.53751369e-03
9.95452646e-01 1.81453741e+00 -4.71058602e-03 1.81452232e+00 5.36980071e-03
9.95601011e-01 1.81826067e+00 -4.56650673e-03 1.81824652e+00 5.20418397e-03
9.95746921e-01 1.82192971e+00 -4.42419815e-03 1.82191646e+00 5.04069346e-03
9.95890375e-01 1.82554418e+00 -4.28368953e-03 1.82553178e+00 4.87935880e-03
9.96031373e-01 1.82910370e+00 -4.14500979e-03 1.82909212e+00 4.72020926e-03
9.96169914e-01 1.83260793e+00 -4.00818749e-03 1.83259712e+00 4.56327371e-03
9.96305999e-01 1.83605650e+00 -3.87325087e-03 1.83604644e+00 4.40858068e-03
9.96439627e-01 1.83944909e+00 -3.74022777e-03 1.83943973e+00 4.25615828e-03
9.96570797e-01 1.84278534e+00 -3.60914570e-03 1.84277664e+00 4.10603425e-03
9.96699510e-01 1.84606493e+00 -3.48003176e-03 1.84605686e+00 3.95823593e-03
9.96825765e-01 1.84928751e+00 -3.35291270e-03 1.84928004e+00 3.81279025e-03
9.96949561e-01 1.85245277e+00 -3.22781487e-03 1.85244586e+00 3.66972372e-03
9.97070899e-01 1.85556039e+00 -3.10476423e-03 1.85555401e+00 3.52906247e-03
9.97189778e-01 1.85861005e+00 -2.98378633e-03 1.85860417e+00 3.39083218e-03
9.97306197e-01 1.86160145e+00 -2.86490631e-03 1.86159603e+00 3.25505812e-03
9.97420157e-01 1.86453427e+00 -2.74814892e-03 1.86452930e+00 3.12176510e-03
9.97531657e-01 1.86740824e+00 -2.63353845e-03 1.86740368e+00 2.99097753e-03
9.97640697e-01 1.87022304e+00 -2.52109881e-03 1.87021887e+00 2.86271936e-03
9.97747277e-01 1.87297840e+00 -2.41085343e-03 1.87297460e+00 2.73701408e-03
9.97851396e-01 1.87567404e+00 -2.30282534e-03 1.87567058e+00 2.61388474e-03
9.97953055e-01 1.87830969e+00 -2.19703710e-03 1.87830654e+00 2.49335394e-03
9.98052252e-01 1.88088507e+00 -2.09351083e-03 1.88088221e+00 2.37544379e-03
9.98148988e-01 1.88339992e+00 -1.99226819e-03 1.88339733e+00 2.26017595e-03
9.98243262e-01 1.88585398e+00 -1.89333037e-03 1.88585165e+00 2.14757161e-03
9.98335074e-01 1.88824701e+00 -1.79671811e-03 1.88824492e+00 2.03765148e-03
9.98424424e-01 1.89057877e+00 -1.70245165e-03 1.89057689e+00 1.93043576e-03
9.98511312e-01 1.89284900e+00 -1.61055079e-03 1.89284732e+00 1.82594420e-03
9.98595738e-01 1.89505749e+00 -1.52103480e-03 1.89505599e+00 1.72419604e-03
9.98677701e-01 1.89720399e+00 -1.43392250e-03 1.89720267e+00 1.62521002e-03
9.98757201e-01 1.89928831e+00 -1.34923220e-03 1.89928713e+00 1.52900439e-03
9.98834237e-01 1.90131021e+00 -1.26698170e-03 1.90130918e+00 1.43559690e-03
9.98908811e-01 1.90326949e+00 -1.18718832e-03 1.90326859e+00 1.34500476e-03
9.98980921e-01 1.90516596e+00 -1.10986885e-03 1.90516517e+00 1.25724472e-03
9.99050567e-01 1.90699941e+00 -1.03503959e-03 1.90699872e+00 1.17233296e-03
9.99117750e-01 1.90876966e+00 -9.62716309e-04 1.90876907e+00 1.09028518e-03
9.99182468e-01 1.91047653e+00 -8.92914251e-04 1.91047602e+00 1.01111654e-03
9.99244723e-01 1.91211983e+00 -8.25648147e-04 1.91211940e+00 9.34841663e-04
9.99304513e-01 1.91369941e+00 -7.60932195e-04 1.91369904e+00 8.61474665e-04
9.99361839e-01 1.91521509e+00 -6.98780060e-04 1.91521478e+00 7.91029114e-04
9.99416700e-01 1.91666672e+00 -6.39204873e-04 1.91666646e+00 7.23518048e-04
9.99469096e-01 1.91805416e+00 -5.82219222e-04 1.91805394e+00 6.58953961e-04
9.99519028e-01 1.91937725e+00 -5.27835156e-04 1.91937708e+00 5.97348809e-04
9.99566494e-01 1.92063587e+00 -4.76064177e-04 1.92063573e+00 5.38714001e-04
9.99611495e-01 1.92182988e+00 -4.26917238e-04 1.92182976e+00 4.83060401e-04
9.99654032e-01 1.92295915e+00 -3.80404740e-04 1.92295906e+00 4.30398322e-04
9.99694102e-01 1.92402358e+00 -3.36536530e-04 1.92402351e+00 3.80737523e-04
9.99731708e-01 1.92502305e+00 -2.95321898e-04 1.92502299e+00 3.34087213e-04
9.99766848e-01 1.92595745e+00 -2.56769574e-04 1.92595741e+00 2.90456042e-04
9.99799522e-01 1.92682670e+00 -2.20887725e-04 1.92682667e+00 2.49852102e-04
9.99829731e-01 1.92763070e+00 -1.87683957e-04 1.92763067e+00 2.12282926e-04
9.99857474e-01 1.92836936e+00 -1.57165307e-04 1.92836935e+00 1.77755483e-04
9.99882751e-01 1.92904262e+00 -1.29338246e-04 1.92904261e+00 1.46276181e-04
9.99905562e-01 1.92965040e+00 -1.04208675e-04 1.92965039e+00 1.17850862e-04
9.99925908e-01 1.93019263e+00 -8.17819219e-05 1.93019263e+00 9.24848004e-05
9.99943787e-01 1.93066927e+00 -6.20627434e-05 1.93066927e+00 7.01827049e-05
9.99959200e-01 1.93108026e+00 -4.50553203e-05 1.93108026e+00 5.09487128e-05
9.99972148e-01 1.93142556e+00 -3.07632560e-05 1.93142556e+00 3.47863894e-05
9.99982629e-01 1.93170514e+00 -1.91895698e-05 1.93170514e+00 2.16987209e-05
9.99990644e-01 1.93191896e+00 -1.03366782e-05 1.93191896e+00 1.16880928e-05
9.99996193e-01 1.93206702e+00 -4.20629319e-06 1.93206702e+00 4.75617556e-06
9.99999277e-01 1.93214931e+00 -7.98353931e-07 1.93214931e+00 9.02716545e-07
