-9.99999277e-01 4.69709073e-02 -1.23182658e-05 -4.69708956e-02 1.45041184e-05
-9.99996193e-01 4.68572470e-02 -6.47825181e-05 -4.68569224e-02 7.62101489e-05
-9.99990644e-01 4.66541516e-02 -1.58674287e-04 -4.66521962e-02 1.86365417e-04
-9.99982629e-01 4.63639354e-02 -2.93169747e-04 -4.63572217e-02 3.43535392e-04
-9.99972148e-01 4.59899591e-02 -4.67060491e-04 -4.59727902e-02 5.45642115e-04
-9.99959200e-01 4.55365487e-02 -6.78780141e-04 -4.54999466e-02 7.90012489e-04
-9.99943787e-01 4.50089338e-02 -9.26418971e-04 -4.49399885e-02 1.07341716e-03
-9.99925908e-01 4.44131767e-02 -1.20774010e-03 -4.42944688e-02 1.39211555e-03
-9.99905562e-01 4.37560910e-02 -1.52019820e-03 -4.35651982e-02 1.74190763e-03
-9.99882751e-01 4.30451509e-02 -1.86096061e-03 -4.27542487e-02 2.11819187e-03
-9.99857474e-01 4.22883916e-02 -2.22693083e-03 -4.18639551e-02 2.51602852e-03
-9.99829731e-01 4.14943041e-02 -2.61477414e-03 -4.08969167e-02 2.93020744e-03
-9.99799522e-01 4.06717230e-02 -3.02094503e-03 -3.98559980e-02 3.35531926e-03
-9.99766848e-01 3.98297126e-02 -3.44171639e-03 -3.87443268e-02 3.78582913e-03
-9.99731708e-01 3.89774496e-02 -3.87321005e-03 -3.75652918e-02 4.21615177e-03
-9.99694102e-01 3.81241063e-02 -4.31142846e-03 -3.63225376e-02 4.64072680e-03
-9.99654032e-01 3.72787354e-02 -4.75228728e-03 -3.50199574e-02 5.05409339e-03
-9.99611495e-01 3.64501572e-02 -5.19164853e-03 -3.36616834e-02 5.45096291e-03
-9.99566494e-01 3.56468525e-02 -5.62535415e-03 -3.22520746e-02 5.82628887e-03
-9.99519028e-01 3.48768605e-02 -6.04925953e-03 -3.07957012e-02 6.17533285e-03
-9.99469096e-01 3.41476853e-02 -6.45926691e-03 -2.92973274e-02 6.49372576e-03
-9.99416700e-01 3.34662106e-02 -6.85135825e-03 -2.77618898e-02 6.77752339e-03
-9.99361839e-01 3.28386247e-02 -7.22162744e-03 -2.61944746e-02 7.02325561e-03
-9.99304513e-01 3.22703555e-02 -7.56631151e-03 -2.46002907e-02 7.22796852e-03
-9.99244723e-01 3.17660178e-02 -7.88182059e-03 -2.29846411e-02 7.38925899e-03
-9.99182468e-01 3.13293728e-02 -8.16476651e-03 -2.13528917e-02 7.50530117e-03
-9.99117750e-01 3.09632991e-02 -8.41198972e-03 -1.97104386e-02 7.57486467e-03
-9.99050567e-01 3.06697772e-02 -8.62058432e-03 -1.80626730e-02 7.59732414e-03
-9.98980921e-01 3.04498863e-02 -8.78792115e-03 -1.64149451e-02 7.57266034e-03
-9.98908811e-01 3.03038132e-02 -8.91166859e-03 -1.47725279e-02 7.50145260e-03
-9.98834237e-01 3.02308736e-02 -8.98981105e-03 -1.31405794e-02 7.38486297e-03
-9.98757201e-01 3.02295446e-02 -9.02066495e-03 -1.15241060e-02 7.22461234e-03
-9.98677701e-01 3.02975074e-02 -9.00289206e-03 -9.92792607e-03 7.02294894e-03
-9.98595738e-01 3.04317004e-02 -8.93551015e-03 -8.35663464e-03 6.78260975e-03
-9.98511312e-01 3.06283810e-02 -8.81790081e-03 -6.81456997e-03 6.50677554e-03
-9.98424424e-01 3.08831942e-02 -8.64981437e-03 -5.30578224e-03 6.19902014e-03
-9.98335074e-01 3.11912486e-02 -8.43137192e-03 -3.83400485e-03 5.86325483e-03
-9.98243262e-01 3.15471971e-02 -8.16306433e-03 -2.40262884e-03 5.50366864e-03
-9.98148988e-01 3.19453212e-02 -7.84574832e-03 -1.01468087e-03 5.12466561e-03
-9.98052252e-01 3.23796184e-02 -7.48063952e-03 3.27195026e-04 4.73079976e-03
-9.97953055e-01 3.28438899e-02 -7.06930269e-03 1.62075145e-03 4.32670897e-03
-9.97851396e-01 3.33318288e-02 -6.61363889e-03 2.86414729e-03 3.91704855e-03
-9.97747277e-01 3.38371064e-02 -6.11587001e-03 4.05595279e-03 3.50642566e-03
-9.97640697e-01 3.43534561e-02 -5.57852050e-03 5.19514997e-03 3.09933532e-03
-9.97531657e-01 3.48747531e-02 -5.00439647e-03 6.28112831e-03 2.70009915e-03
-9.97420157e-01 3.53950893e-02 -4.39656245e-03 7.31367589e-03 2.31280755e-03
-9.97306197e-01 3.59088428e-02 -3.75831582e-03 8.29296590e-03 1.94126620e-03
-9.97189778e-01 3.64107398e-02 -3.09315911e-03 9.21953892e-03 1.58894753e-03
-9.97070899e-01 3.68959103e-02 -2.40477053e-03 1.00942812e-02 1.25894794e-03
-9.96949561e-01 3.73599344e-02 -1.69697282e-03 1.09183989e-02 9.53951214e-04
-9.96825765e-01 3.77988818e-02 -9.73700772e-04 1.16933896e-02 6.76198555e-04
-9.96699510e-01 3.82093417e-02 -2.38967621e-04 1.24210103e-02 4.27465759e-04
-9.96570797e-01 3.85884438e-02 5.03169258e-04 1.31032436e-02 2.09047573e-04
-9.96439627e-01 3.89338713e-02 1.24864316e-03 1.37422612e-02 2.17494838e-05
-9.96305999e-01 3.92438649e-02 1.99341295e-03 1.43403872e-02 -1.34113092e-04
-9.96169914e-01 3.95172178e-02 2.73349777e-03 1.49000595e-02 -2.58708303e-04
-9.96031373e-01 3.97532639e-02 3.46501111e-03 1.54237919e-02 -3.52674251e-04
-9.95890375e-01 3.99518577e-02 4.18419403e-03 1.59141361e-02 -4.17098578e-04
-9.95746921e-01 4.01133474e-02 4.88744698e-03 1.63736445e-02 -4.53491675e-04
-9.95601011e-01 4.02385422e-02 5.57136004e-03 1.68048352e-02 -4.63753986e-04
-9.95452646e-01 4.03286733e-02 6.23274120e-03 1.72101581e-02 -4.50138016e-04
-9.95301826e-01 4.03853515e-02 6.86864227e-03 1.75919642e-02 -4.15205683e-04
-9.95148552e-01 4.04105197e-02 7.47638214e-03 1.79524770e-02 -3.61781725e-04
-9.94992823e-01 4.04064033e-02 8.05356723e-03 1.82937678e-02 -2.92903951e-04
-9.94834640e-01 4.03754581e-02 8.59810869e-03 1.86177341e-02 -2.11771108e-04
-9.94674004e-01 4.03203174e-02 9.10823621e-03 1.89260820e-02 -1.21689221e-04
-9.94510915e-01 4.02437385e-02 9.58250832e-03 1.92203121e-02 -2.60172347e-05
-9.94345374e-01 4.01485500e-02 1.00198189e-02 1.95017104e-02 7.18872080e-05
-9.94177380e-01 4.00376001e-02 1.04193997e-02 1.97713416e-02 1.68721007e-04
-9.94006934e-01 3.99137076e-02 1.07808198e-02 2.00300486e-02 2.61287080e-04
-9.93834037e-01 3.97796148e-02 1.11039796e-02 2.02784538e-02 3.46543305e-04
-9.93658689e-01 3.96379446e-02 1.13891030e-02 2.05169656e-02 4.21648208e-04
-9.93480891e-01 3.94911614e-02 1.16367240e-02 2.07457880e-02 4.84002750e-04
-9.93300642e-01 3.93415360e-02 1.18476709e-02 2.09649334e-02 5.31287628e-04
-9.93117944e-01 3.91911157e-02 1.20230471e-02 2.11742383e-02 5.61495575e-04
-9.92932796e-01 3.90416992e-02 1.21642077e-02 2.13733816e-02 5.72958231e-04
-9.92745200e-01 3.88948172e-02 1.22727350e-02 2.15619056e-02 5.64367264e-04
-9.92555155e-01 3.87517175e-02 1.23504099e-02 2.17392377e-02 5.34789473e-04
-9.92362663e-01 3.86133568e-02 1.23991825e-02 2.19047147e-02 4.83675750e-04
-9.92167724e-01 3.84803964e-02 1.24211400e-02 2.20576068e-02 4.10863828e-04
-9.91970337e-01 3.83532043e-02 1.24184742e-02 2.21971425e-02 3.16574875e-04
-9.91770504e-01 3.82318616e-02 1.23934481e-02 2.23225338e-02 2.01404061e-04
-9.91568226e-01 3.81161734e-02 1.23483616e-02 2.24330004e-02 6.63053392e-05
-9.91363501e-01 3.80056851e-02 1.22855182e-02 2.25277930e-02 -8.74292517e-05
-9.91156332e-01 3.78997013e-02 1.22071919e-02 2.26062161e-02 -2.58195363e-04
-9.90946719e-01 3.77973092e-02 1.21155957e-02 2.26676478e-02 -4.44106720e-04
-9.90734662e-01 3.76974042e-02 1.20128514e-02 2.27115592e-02 -6.43029582e-04
-9.90520161e-01 3.75987190e-02 1.19009616e-02 2.27375303e-02 -8.52620680e-04
-9.90303218e-01 3.74998534e-02 1.17817840e-02 2.27452646e-02 -1.07036801e-03
-9.90083833e-01 3.73993065e-02 1.16570091e-02 2.27346000e-02 -1.29363378e-03
-9.89862005e-01 3.72955093e-02 1.15281405e-02 2.27055178e-02 -1.51969886e-03
-9.89637737e-01 3.71868578e-02 1.13964791e-02 2.26581483e-02 -1.74580797e-03
-9.89411028e-01 3.70717456e-02 1.12631104e-02 2.25927742e-02 -1.96921488e-03
-9.89181879e-01 3.69485958e-02 1.11288964e-02 2.25098307e-02 -2.18722708e-03
-9.88950290e-01 3.68158920e-02 1.09944713e-02 2.24099027e-02 -2.39724889e-03
-9.88716263e-01 3.66722075e-02 1.08602402e-02 2.22937204e-02 -2.59682278e-03
-9.88479797e-01 3.65162319e-02 1.07263837e-02 2.21621509e-02 -2.78366791e-03
-9.88240894e-01 3.63467959e-02 1.05928642e-02 2.20161887e-02 -2.95571554e-03
-9.87999553e-01 3.61628927e-02 1.04594377e-02 2.18569442e-02 -3.11114071e-03
-9.87755776e-01 3.59636973e-02 1.03256684e-02 2.16856291e-02 -3.24838974e-03
-9.87509562e-01 3.57485811e-02 1.01909462e-02 2.15035421e-02 -3.36620323e-03
-9.87260914e-01 3.55171247e-02 1.00545080e-02 2.13120518e-02 -3.46363418e-03
-9.87009830e-01 3.52691254e-02 9.91546105e-03 2.11125796e-02 -3.54006104e-03
-9.86756313e-01 3.50046028e-02 9.77280827e-03 2.09065817e-02 -3.59519554e-03
-9.86500362e-01 3.47237993e-02 9.62547592e-03 2.06955306e-02 -3.62908526e-03
-9.86241978e-01 3.44271787e-02 9.47234204e-03 2.04808973e-02 -3.64211089e-03
-9.85981162e-01 3.41154195e-02 9.31226584e-03 2.02641325e-02 -3.63497842e-03
-9.85717914e-01 3.37894066e-02 9.14411732e-03 2.00466498e-02 -3.60870629e-03
-9.85452235e-01 3.34502191e-02 8.96680664e-03 1.98298086e-02 -3.56460781e-03
-9.85184126e-01 3.30991152e-02 8.77931281e-03 1.96148992e-02 -3.50426926e-03
-9.84913588e-01 3.27375152e-02 8.58071108e-03 1.94031276e-02 -3.42952392e-03
-9.84640620e-01 3.23669819e-02 8.37019870e-03 1.91956036e-02 -3.34242257e-03
-9.84365224e-01 3.19891991e-02 8.14711858e-03 1.89933291e-02 -3.24520096e-03
-9.84087401e-01 3.16059483e-02 7.91098034e-03 1.87971892e-02 -3.14024472e-03
-9.83807150e-01 3.12190856e-02 7.66147863e-03 1.86079441e-02 -3.03005235e-03
-9.83524474e-01 3.08305158e-02 7.39850815e-03 1.84262242e-02 -2.91719681e-03
-9.83239372e-01 3.04421679e-02 7.12217535e-03 1.82525259e-02 -2.80428642e-03
-9.82951845e-01 3.00559702e-02 6.83280639e-03 1.80872103e-02 -2.69392558e-03
-9.82661894e-01 2.96738248e-02 6.53095149e-03 1.79305038e-02 -2.58867595e-03
-9.82369519e-01 2.92975844e-02 6.21738533e-03 1.77824995e-02 -2.49101869e-03
-9.82074722e-01 2.89290293e-02 5.89310367e-03 1.76431620e-02 -2.40331827e-03
-9.81777503e-01 2.85698458e-02 5.55931618e-03 1.75123327e-02 -2.32778848e-03
-9.81477862e-01 2.82216068e-02 5.21743561e-03 1.73897372e-02 -2.26646103e-03
-9.81175801e-01 2.78857542e-02 4.86906345e-03 1.72749940e-02 -2.22115719e-03
-9.80871321e-01 2.75635834e-02 4.51597232e-03 1.71676243e-02 -2.19346294e-03
-9.80564421e-01 2.72562301e-02 4.16008538e-03 1.70670633e-02 -2.18470784e-03
-9.80255103e-01 2.69646603e-02 3.80345312e-03 1.69726718e-02 -2.19594800e-03
-9.79943368e-01 2.66896617e-02 3.44822784e-03 1.68837489e-02 -2.22795323e-03
-9.79629216e-01 2.64318392e-02 3.09663618e-03 1.67995449e-02 -2.28119859e-03
-9.79312648e-01 2.61916122e-02 2.75095035e-03 1.67192751e-02 -2.35586033e-03
-9.78993665e-01 2.59692148e-02 2.41345820e-03 1.66421324e-02 -2.45181631e-03
-9.78672267e-01 2.57646987e-02 2.08643286e-03 1.65673013e-02 -2.56865067e-03
-9.78348456e-01 2.55779383e-02 1.77210229e-03 1.64939703e-02 -2.70566271e-03
-9.78022233e-01 2.54086386e-02 1.47261925e-03 1.64213446e-02 -2.86187978e-03
-9.77693597e-01 2.52563450e-02 1.19003205e-03 1.63486576e-02 -3.03607385e-03
-9.77362550e-01 2.51204547e-02 9.26256767e-04 1.62751823e-02 -3.22678151e-03
-9.77029093e-01 2.50002305e-02 6.83051025e-04 1.62002404e-02 -3.43232693e-03
-9.76693226e-01 2.48948154e-02 4.61990008e-04 1.61232119e-02 -3.65084759e-03
-9.76354950e-01 2.48032489e-02 2.64444889e-04 1.60435422e-02 -3.88032201e-03
-9.76014267e-01 2.47244834e-02 9.15640522e-05 1.59607486e-02 -4.11859944e-03
-9.75671177e-01 2.46574019e-02 -5.57426273e-05 1.58744253e-02 -4.36343059e-03
-9.75325680e-01 2.46008356e-02 -1.76816240e-04 1.57842467e-02 -4.61249933e-03
-9.74977778e-01 2.45535814e-02 -2.71257856e-04 1.56899700e-02 -4.86345451e-03
-9.74627472e-01 2.45144191e-02 -3.38933993e-04 1.55914351e-02 -5.11394170e-03
-9.74274762e-01 2.44821283e-02 -3.79978471e-04 1.54885649e-02 -5.36163423e-03
-9.73919650e-01 2.44555038e-02 -3.94790649e-04 1.53813623e-02 -5.60426309e-03
-9.73562135e-01 2.44333704e-02 -3.84030104e-04 1.52699075e-02 -5.83964537e-03
-9.73202220e-01 2.44145965e-02 -3.48607839e-04 1.51543529e-02 -6.06571074e-03
-9.72839904e-01 2.43981052e-02 -2.89674185e-04 1.50349179e-02 -6.28052572e-03
-9.72475189e-01 2.43828853e-02 -2.08603588e-04 1.49118816e-02 -6.48231537e-03
-9.72108076e-01 2.43679993e-02 -1.06976537e-04 1.47855757e-02 -6.66948216e-03
-9.71738566e-01 2.43525900e-02 1.34411041e-05 1.46563760e-02 -6.84062190e-03
-9.71366659e-01 2.43358855e-02 1.50721024e-04 1.45246935e-02 -6.99453639e-03
-9.70992357e-01 2.43172020e-02 3.02797315e-04 1.43909648e-02 -7.13024297e-03
-9.70615660e-01 2.42959448e-02 4.67492876e-04 1.42556429e-02 -7.24698058e-03
-9.70236569e-01 2.42716076e-02 6.42546978e-04 1.41191873e-02 -7.34421269e-03
-9.69855086e-01 2.42437702e-02 8.25643589e-04 1.39820545e-02 -7.42162686e-03
-9.69471210e-01 2.42120948e-02 1.01444007e-03 1.38446882e-02 -7.47913126e-03
-9.69084944e-01 2.41763205e-02 1.20659580e-03 1.37075110e-02 -7.51684812e-03
-9.68696288e-01 2.41362571e-02 1.39980038e-03 1.35709154e-02 -7.53510446e-03
-9.68305243e-01 2.40917773e-02 1.59180100e-03 1.34352562e-02 -7.53442020e-03
-9.67911810e-01 2.40428090e-02 1.78042858e-03 1.33008439e-02 -7.51549401e-03
-9.67515990e-01 2.39893263e-02 1.96362239e-03 1.31679384e-02 -7.47918713e-03
-9.67117784e-01 2.39313403e-02 2.13945281e-03 1.30367443e-02 -7.42650546e-03
-9.66717192e-01 2.38688903e-02 2.30614185e-03 1.29074072e-02 -7.35858035e-03
-9.66314217e-01 2.38020341e-02 2.46208141e-03 1.27800107e-02 -7.27664826e-03
-9.65908859e-01 2.37308401e-02 2.60584875e-03 1.26545759e-02 -7.18202978e-03
-9.65501118e-01 2.36553783e-02 2.73621930e-03 1.25310608e-02 -7.07610832e-03
-9.65090997e-01 2.35757133e-02 2.85217642e-03 1.24093614e-02 -6.96030868e-03
-9.64678495e-01 2.34918976e-02 2.95291824e-03 1.22893149e-02 -6.83607601e-03
-9.64263614e-01 2.34039660e-02 3.03786135e-03 1.21707029e-02 -6.70485539e-03
-9.63846355e-01 2.33119310e-02 3.10664152e-03 1.20532560e-02 -6.56807219e-03
-9.63426720e-01 2.32157797e-02 3.15911129e-03 1.19366607e-02 -6.42711373e-03
-9.63004708e-01 2.31154716e-02 3.19533475e-03 1.18205653e-02 -6.28331224e-03
-9.62580321e-01 2.30109382e-02 3.21557941e-03 1.17045881e-02 -6.13792946e-03
-9.62153561e-01 2.29020833e-02 3.22030552e-03 1.15883260e-02 -5.99214298e-03
-9.61724427e-01 2.27887850e-02 3.21015288e-03 1.14713630e-02 -5.84703451e-03
-9.61292922e-01 2.26708983e-02 3.18592550e-03 1.13532801e-02 -5.70358015e-03
-9.60859046e-01 2.25482595e-02 3.14857429e-03 1.12336648e-02 -5.56264279e-03
-9.60422801e-01 2.24206914e-02 3.09917816e-03 1.11121207e-02 -5.42496653e-03
-9.59984187e-01 2.22880086e-02 3.03892365e-03 1.09882772e-02 -5.29117329e-03
-9.59543205e-01 2.21500246e-02 2.96908365e-03 1.08617986e-02 -5.16176152e-03
-9.59099857e-01 2.20065586e-02 2.89099539e-03 1.07323934e-02 -5.03710683e-03
-9.58654144e-01 2.18574430e-02 2.80603803e-03 1.05998219e-02 -4.91746466e-03
-9.58206066e-01 2.17025308e-02 2.71561029e-03 1.04639040e-02 -4.80297471e-03
-9.57755626e-01 2.15417035e-02 2.62110838e-03 1.03245259e-02 -4.69366700e-03
-9.57302823e-01 2.13748780e-02 2.52390453e-03 1.01816450e-02 -4.58946949e-03
-9.56847660e-01 2.12020141e-02 2.42532650e-03 1.00352947e-02 -4.49021702e-03
-9.56390137e-01 2.10231202e-02 2.32663835e-03 9.88558717e-03 -4.39566135e-03
-9.55930255e-01 2.08382594e-02 2.22902265e-03 9.73271525e-03 -4.30548214e-03
-9.55468016e-01 2.06475543e-02 2.13356452e-03 9.57695270e-03 -4.21929864e-03
-9.55003420e-01 2.04511907e-02 2.04123759e-03 9.41865325e-03 -4.13668193e-03
-9.54536469e-01 2.02494206e-02 1.95289212e-03 9.25824815e-03 -4.05716736e-03
-9.54067164e-01 2.00425636e-02 1.86924540e-03 9.09624241e-03 -3.98026718e-03
-9.53595507e-01 1.98310075e-02 1.79087456e-03 8.93320972e-03 -3.90548293e-03
-9.53121497e-01 1.96152074e-02 1.71821190e-03 8.76978608e-03 -3.83231759e-03
-9.52645137e-01 1.93956840e-02 1.65154259e-03 8.60666237e-03 -3.76028722e-03
-9.52166428e-01 1.91730203e-02 1.59100504e-03 8.44457576e-03 -3.68893188e-03
-9.51685370e-01 1.89478573e-02 1.53659359e-03 8.28430031e-03 -3.61782576e-03
-9.51201965e-01 1.87208887e-02 1.48816360e-03 8.12663679e-03 -3.54658633e-03
-9.50716215e-01 1.84928547e-02 1.44543879e-03 7.97240186e-03 -3.47488245e-03
-9.50228120e-01 1.82645347e-02 1.40802069e-03 7.82241691e-03 -3.40244120e-03
-9.49737681e-01 1.80367398e-02 1.37539990e-03 7.67749653e-03 -3.32905358e-03
-9.49244901e-01 1.78103040e-02 1.34696916e-03 7.53843705e-03 -3.25457880e-03
-9.48749779e-01 1.75860757e-02 1.32203770e-03 7.40600512e-03 -3.17894729e-03
-9.48252318e-01 1.73649085e-02 1.29984695e-03 7.28092664e-03 -3.10216230e-03
-9.47752518e-01 1.71476521e-02 1.27958696e-03 7.16387612e-03 -3.02430016e-03
-9.47250380e-01 1.69351432e-02 1.26041357e-03 7.05546680e-03 -2.94550925e-03
-9.46745907e-01 1.67281968e-02 1.24146579e-03 6.95624147e-03 -2.86600763e-03
-9.46239099e-01 1.65275978e-02 1.22188324e-03 6.86666436e-03 -2.78607951e-03
-9.45729957e-01 1.63340927e-02 1.20082326e-03 6.78711403e-03 -2.70607053e-03
-9.45218483e-01 1.61483829e-02 1.17747741e-03 6.71787752e-03 -2.62638206e-03
-9.44704677e-01 1.59711179e-02 1.15108719e-03 6.65914578e-03 -2.54746447e-03
-9.44188542e-01 1.58028898e-02 1.12095847e-03 6.61101050e-03 -2.46980970e-03
-9.43670079e-01 1.56442289e-02 1.08647472e-03 6.57346223e-03 -2.39394308e-03
-9.43149288e-01 1.54955994e-02 1.04710848e-03 6.54639010e-03 -2.32041456e-03
-9.42626171e-01 1.53573977e-02 1.00243116e-03 6.52958287e-03 -2.24978965e-03
-9.42100730e-01 1.52299500e-02 9.52120837e-04 6.52273139e-03 -2.18263998e-03
-9.41572965e-01 1.51135125e-02 8.95968012e-04 6.52543245e-03 -2.11953380e-03
-9.41042878e-01 1.50082717e-02 8.33879182e-04 6.53719398e-03 -2.06102654e-03
-9.40510470e-01 1.49143455e-02 7.65878241e-04 6.55744132e-03 -2.00765146e-03
-9.39975743e-01 1.48317864e-02 6.92105644e-04 6.58552475e-03 -1.95991072e-03
-9.39438698e-01 1.47605840e-02 6.12815393e-04 6.62072791e-03 -1.91826683e-03
-9.38899336e-01 1.47006694e-02 5.28369893e-04 6.66227708e-03 -1.88313469e-03
-9.38357658e-01 1.46519197e-02 4.39232793e-04 6.70935117e-03 -1.85487434e-03
-9.37813667e-01 1.46141629e-02 3.45959937e-04 6.76109230e-03 -1.83378450e-03
-9.37267362e-01 1.45871840e-02 2.49188603e-04 6.81661664e-03 -1.82009700e-03
-9.36718746e-01 1.45707298e-02 1.49625220e-04 6.87502559e-03 -1.81397219e-03
-9.36167820e-01 1.45645156e-02 4.80318004e-05 6.93541694e-03 -1.81549538e-03
-9.35614585e-01 1.45682307e-02 -5.47886860e-05 6.99689593e-03 -1.82467438e-03
-9.35059043e-01 1.45815442e-02 -1.58007713e-04 7.05858602e-03 -1.84143817e-03
-9.34501195e-01 1.46041108e-02 -2.60787113e-04 7.11963926e-03 -1.86563668e-03
-9.33941042e-01 1.46355756e-02 -3.62295208e-04 7.17924607e-03 -1.89704176e-03
-9.33378586e-01 1.46755790e-02 -4.61722888e-04 7.23664429e-03 -1.93534927e-03
-9.32813828e-01 1.47237611e-02 -5.58299328e-04 7.29112749e-03 -1.98018227e-03
-9.32246769e-01 1.47797655e-02 -6.51307089e-04 7.34205224e-03 -2.03109529e-03
-9.31677412e-01 1.48432418e-02 -7.40096317e-04 7.38884445e-03 -2.08757952e-03
-9.31105757e-01 1.49138488e-02 -8.24097807e-04 7.43100461e-03 -2.14906910e-03
-9.30531805e-01 1.49912554e-02 -9.02834691e-04 7.46811192e-03 -2.21494805e-03
-9.29955559e-01 1.50751421e-02 -9.75932551e-04 7.49982716e-03 -2.28455809e-03
-9.29377019e-01 1.51652015e-02 -1.04312778e-03 7.52589447e-03 -2.35720700e-03
-9.28796187e-01 1.52611375e-02 -1.10427405e-03 7.54614194e-03 -2.43217758e-03
-9.28213065e-01 1.53626647e-02 -1.15934677e-03 7.56048098e-03 -2.50873695e-03
-9.27627654e-01 1.54695071e-02 -1.20844547e-03 7.56890459e-03 -2.58614610e-03
-9.27039955e-01 1.55813958e-02 -1.25179404e-03 7.57148461e-03 -2.66366958e-03
-9.26449969e-01 1.56980670e-02 -1.28973887e-03 7.56836785e-03 -2.74058525e-03
-9.25857699e-01 1.58192592e-02 -1.32274490e-03 7.55977139e-03 -2.81619377e-03
-9.25263146e-01 1.59447105e-02 -1.35138964e-03 7.54597697e-03 -2.88982788e-03
-9.24666310e-01 1.60741552e-02 -1.37635528e-03 7.52732468e-03 -2.96086129e-03
-9.24067195e-01 1.62073213e-02 -1.39841903e-03 7.50420600e-03 -3.02871700e-03
-9.23465800e-01 1.63439271e-02 -1.41844186e-03 7.47705630e-03 -3.09287500e-03
-9.22862128e-01 1.64836784e-02 -1.43735581e-03 7.44634702e-03 -3.15287922e-03
-9.22256180e-01 1.66262663e-02 -1.45615014e-03 7.41257742e-03 -3.20834361e-03
-9.21647958e-01 1.67713643e-02 -1.47585648e-03 7.37626634e-03 -3.25895739e-03
-9.21037462e-01 1.69186272e-02 -1.49753331e-03 7.33794380e-03 -3.30448913e-03
-9.20424696e-01 1.70676887e-02 -1.52224997e-03 7.29814274e-03 -3.34478998e-03
-9.19809659e-01 1.72181618e-02 -1.55107052e-03 7.25739096e-03 -3.37979568e-03
-9.19192354e-01 1.73696371e-02 -1.58503770e-03 7.21620330e-03 -3.40952751e-03
-9.18572782e-01 1.75216843e-02 -1.62515717e-03 7.17507433e-03 -3.43409214e-03
-9.17950945e-01 1.76738522e-02 -1.67238248e-03 7.13447144e-03 -3.45368032e-03
-9.17326844e-01 1.78256710e-02 -1.72760079e-03 7.09482860e-03 -3.46856457e-03
-9.16700480e-01 1.79766537e-02 -1.79161973e-03 7.05654072e-03 -3.47909575e-03
-9.16071856e-01 1.81262994e-02 -1.86515551e-03 7.01995876e-03 -3.48569868e-03
-9.15440973e-01 1.82740965e-02 -1.94882255e-03 6.98538563e-03 -3.48886690e-03
-9.14807832e-01 1.84195264e-02 -2.04312463e-03 6.95307288e-03 -3.48915646e-03
-9.14172435e-01 1.85620677e-02 -2.14844789e-03 6.92321829e-03 -3.48717912e-03
-9.13534783e-01 1.87012016e-02 -2.26505557e-03 6.89596425e-03 -3.48359481e-03
-9.12894879e-01 1.88364161e-02 -2.39308472e-03 6.87139705e-03 -3.47910357e-03
-9.12252723e-01 1.89672118e-02 -2.53254476e-03 6.84954707e-03 -3.47443709e-03
-9.11608317e-01 1.90931073e-02 -2.68331800e-03 6.83038975e-03 -3.47034994e-03
-9.10961663e-01 1.92136447e-02 -2.84516203e-03 6.81384735e-03 -3.46761063e-03
-9.10312763e-01 1.93283952e-02 -3.01771389e-03 6.79979160e-03 -3.46699256e-03
-9.09661618e-01 1.94369644e-02 -3.20049595e-03 6.78804693e-03 -3.46926509e-03
-9.09008229e-01 1.95389976e-02 -3.39292341e-03 6.77839441e-03 -3.47518473e-03
-9.08352599e-01 1.96341850e-02 -3.59431316e-03 6.77057631e-03 -3.48548661e-03
-9.07694728e-01 1.97222656e-02 -3.80389393e-03 6.76430109e-03 -3.50087633e-03
-9.07034619e-01 1.98030317e-02 -4.02081752e-03 6.75924887e-03 -3.52202233e-03
-9.06372273e-01 1.98763324e-02 -4.24417086e-03 6.75507723e-03 -3.54954871e-03
-9.05707691e-01 1.99420764e-02 -4.47298873e-03 6.75142720e-03 -3.58402874e-03
-9.05040876e-01 2.00002340e-02 -4.70626689e-03 6.74792947e-03 -3.62597908e-03
-9.04371830e-01 2.00508391e-02 -4.94297543e-03 6.74421057e-03 -3.67585463e-03
-9.03700552e-01 2.00939891e-02 -5.18207208e-03 6.73989902e-03 -3.73404430e-03
-9.03027046e-01 2.01298456e-02 -5.42251532e-03 6.73463140e-03 -3.80086741e-03
-9.02351313e-01 2.01586330e-02 -5.66327702e-03 6.72805808e-03 -3.87657101e-03
-9.01673355e-01 2.01806367e-02 -5.90335446e-03 6.71984870e-03 -3.96132800e-03
-9.00993173e-01 2.01962009e-02 -6.14178151e-03 6.70969715e-03 -4.05523596e-03
-9.00310769e-01 2.02057246e-02 -6.37763896e-03 6.69732620e-03 -4.15831688e-03
-8.99626145e-01 2.02096582e-02 -6.61006360e-03 6.68249144e-03 -4.27051754e-03
-8.98939302e-01 2.02084980e-02 -6.83825620e-03 6.66498466e-03 -4.39171068e-03
-8.98250242e-01 2.02027810e-02 -7.06148817e-03 6.64463662e-03 -4.52169673e-03
-8.97558967e-01 2.01930789e-02 -7.27910683e-03 6.62131901e-03 -4.66020634e-03
-8.96865478e-01 2.01799910e-02 -7.49053937e-03 6.59494580e-03 -4.80690326e-03
-8.96169778e-01 2.01641377e-02 -7.69529529e-03 6.56547376e-03 -4.96138791e-03
-8.95471867e-01 2.01461529e-02 -7.89296759e-03 6.53290234e-03 -5.12320134e-03
-8.94771748e-01 2.01266761e-02 -8.08323256e-03 6.49727269e-03 -5.29182953e-03
-8.94069423e-01 2.01063453e-02 -8.26584823e-03 6.45866614e-03 -5.46670815e-03
-8.93364892e-01 2.00857888e-02 -8.44065179e-03 6.41720187e-03 -5.64722751e-03
-8.92658159e-01 2.00656178e-02 -8.60755577e-03 6.37303407e-03 -5.83273777e-03
-8.91949223e-01 2.00464190e-02 -8.76654331e-03 6.32634849e-03 -6.02255438e-03
-8.91238089e-01 2.00287473e-02 -8.91766263e-03 6.27735850e-03 -6.21596360e-03
-8.90524756e-01 2.00131196e-02 -9.06102075e-03 6.22630081e-03 -6.41222813e-03
-8.89809227e-01 2.00000085e-02 -9.19677673e-03 6.17343076e-03 -6.61059284e-03
-8.89091503e-01 1.99898367e-02 -9.32513441e-03 6.11901748e-03 -6.81029046e-03
-8.88371587e-01 1.99829727e-02 -9.44633507e-03 6.06333885e-03 -7.01054737e-03
-8.87649480e-01 1.99797264e-02 -9.56064988e-03 6.00667649e-03 -7.21058919e-03
-8.86925184e-01 1.99803466e-02 -9.66837246e-03 5.94931071e-03 -7.40964650e-03
-8.86198701e-01 1.99850181e-02 -9.76981163e-03 5.89151577e-03 -7.60696039e-03
-8.85470032e-01 1.99938613e-02 -9.86528450e-03 5.83355524e-03 -7.80178787e-03
-8.84739180e-01 2.00069315e-02 -9.95510996e-03 5.77567786e-03 -7.99340727e-03
-8.84006145e-01 2.00242196e-02 -1.00396028e-02 5.71811367e-03 -8.18112338e-03
-8.83270931e-01 2.00456540e-02 -1.01190682e-02 5.66107082e-03 -8.36427256e-03
-8.82533538e-01 2.00711032e-02 -1.01937973e-02 5.60473283e-03 -8.54222752e-03
-8.81793969e-01 2.01003791e-02 -1.02640631e-02 5.54925648e-03 -8.71440199e-03
-8.81052225e-01 2.01332415e-02 -1.03301173e-02 5.49477045e-03 -8.88025515e-03
-8.80308308e-01 2.01694030e-02 -1.03921881e-02 5.44137458e-03 -9.03929570e-03
-8.79562220e-01 2.02085348e-02 -1.04504781e-02 5.38913983e-03 -9.19108570e-03
-8.78813963e-01 2.02502726e-02 -1.05051638e-02 5.33810902e-03 -9.33524406e-03
-8.78063539e-01 2.02942239e-02 -1.05563951e-02 5.28829812e-03 -9.47144960e-03
-8.77310949e-01 2.03399743e-02 -1.06042956e-02 5.23969839e-03 -9.59944368e-03
-8.76556196e-01 2.03870949e-02 -1.06489636e-02 5.19227889e-03 -9.71903239e-03
-8.75799281e-01 2.04351492e-02 -1.06904738e-02 5.14598974e-03 -9.83008819e-03
-8.75040206e-01 2.04837005e-02 -1.07288783e-02 5.10076574e-03 -9.93255090e-03
-8.74278973e-01 2.05323180e-02 -1.07642096e-02 5.05653042e-03 -1.00264282e-02
-8.73515584e-01 2.05805837e-02 -1.07964823e-02 5.01320033e-03 -1.01117954e-02
-8.72750041e-01 2.06280978e-02 -1.08256955e-02 4.97068963e-03 -1.01887942e-02
-8.71982345e-01 2.06744840e-02 -1.08518357e-02 4.92891465e-03 -1.02576316e-02
-8.71212499e-01 2.07193938e-02 -1.08748785e-02 4.88779849e-03 -1.03185765e-02
-8.70440504e-01 2.07625097e-02 -1.08947915e-02 4.84727545e-03 -1.03719573e-02
-8.69666363e-01 2.08035482e-02 -1.09115355e-02 4.80729526e-03 -1.04181571e-02
-8.68890077e-01 2.08422605e-02 -1.09250669e-02 4.76782688e-03 -1.04576092e-02
-8.68111648e-01 2.08784338e-02 -1.09353389e-02 4.72886187e-03 -1.04907910e-02
-8.67331079e-01 2.09118897e-02 -1.09423023e-02 4.69041726e-03 -1.05182179e-02
-8.66548370e-01 2.09424829e-02 -1.09459065e-02 4.65253769e-03 -1.05404357e-02
-8.65763524e-01 2.09700984e-02 -1.09460997e-02 4.61529689e-03 -1.05580128e-02
-8.64976543e-01 2.09946469e-02 -1.09428286e-02 4.57879843e-03 -1.05715318e-02
-8.64187429e-01 2.10160608e-02 -1.09360384e-02 4.54317557e-03 -1.05815804e-02
-8.63396184e-01 2.10342880e-02 -1.09256718e-02 4.50859038e-03 -1.05887418e-02
-8.62602809e-01 2.10492853e-02 -1.09116682e-02 4.47523197e-03 -1.05935855e-02
-8.61807307e-01 2.10610121e-02 -1.08939627e-02 4.44331387e-03 -1.05966566e-02
-8.61009680e-01 2.10694221e-02 -1.08724846e-02 4.41307068e-03 -1.05984671e-02
-8.60209930e-01 2.10744559e-02 -1.08471565e-02 4.38475395e-03 -1.05994852e-02
-8.59408057e-01 2.10760337e-02 -1.08178928e-02 4.35862733e-03 -1.06001264e-02
-8.58604066e-01 2.10740471e-02 -1.07845992e-02 4.33496117e-03 -1.06007449e-02
-8.57797957e-01 2.10683518e-02 -1.07471713e-02 4.31402666e-03 -1.06016249e-02
-8.56989732e-01 2.10587616e-02 -1.07054948e-02 4.29608945e-03 -1.06029737e-02
-8.56179395e-01 2.10450419e-02 -1.06594450e-02 4.28140315e-03 -1.06049153e-02
-8.55366945e-01 2.10269048e-02 -1.06088876e-02 4.27020263e-03 -1.06074853e-02
-8.54552386e-01 2.10040056e-02 -1.05536799e-02 4.26269728e-03 -1.06106271e-02
-8.53735720e-01 2.09759402e-02 -1.04936720e-02 4.25906450e-03 -1.06141898e-02
-8.52916948e-01 2.09422444e-02 -1.04287094e-02 4.25944346e-03 -1.06179274e-02
-8.52096073e-01 2.09023944e-02 -1.03586360e-02 4.26392924e-03 -1.06214998e-02
-8.51273096e-01 2.08558093e-02 -1.02832976e-02 4.27256762e-03 -1.06244758e-02
-8.50448020e-01 2.08018556e-02 -1.02025464e-02 4.28535051e-03 -1.06263377e-02
-8.49620847e-01 2.07398534e-02 -1.01162456e-02 4.30221224e-03 -1.06264876e-02
-8.48791578e-01 2.06690841e-02 -1.00242755e-02 4.32302674e-03 -1.06242562e-02
-8.47960216e-01 2.05888006e-02 -9.92653871e-03 4.34760575e-03 -1.06189122e-02
-8.47126763e-01 2.04982390e-02 -9.82296718e-03 4.37569816e-03 -1.06096749e-02
-8.46291221e-01 2.03966314e-02 -9.71352854e-03 4.40699041e-03 -1.05957273e-02
-8.45453591e-01 2.02832215e-02 -9.59823308e-03 4.44110811e-03 -1.05762307e-02
-8.44613877e-01 2.01572799e-02 -9.47714061e-03 4.47761885e-03 -1.05503415e-02
-8.43772079e-01 2.00181219e-02 -9.35036723e-03 4.51603618e-03 -1.05172278e-02
-8.42928201e-01 1.98651253e-02 -9.21809180e-03 4.55582467e-03 -1.04760879e-02
-8.42082244e-01 1.96977489e-02 -9.08056202e-03 4.59640609e-03 -1.04261685e-02
-8.41234210e-01 1.95155513e-02 -8.93809984e-03 4.63716661e-03 -1.03667840e-02
-8.40384102e-01 1.93182099e-02 -8.79110618e-03 4.67746483e-03 -1.02973348e-02
-8.39531921e-01 1.91055385e-02 -8.64006466e-03 4.71664060e-03 -1.02173264e-02
-8.38677669e-01 1.88775051e-02 -8.48554428e-03 4.75402448e-03 -1.01263864e-02
-8.37821349e-01 1.86342479e-02 -8.32820089e-03 4.78894773e-03 -1.00242821e-02
-8.36962964e-01 1.83760899e-02 -8.16877733e-03 4.82075247e-03 -9.91093526e-03
-8.36102514e-01 1.81035514e-02 -8.00810212e-03 4.84880217e-03 -9.78643604e-03
-8.35240002e-01 1.78173608e-02 -7.84708664e-03 4.87249192e-03 -9.65105489e-03
-8.34375430e-01 1.75184618e-02 -7.68672077e-03 4.89125862e-03 -9.50525192e-03
-8.33508800e-01 1.72080189e-02 -7.52806683e-03 4.90459065e-03 -9.34968391e-03
-8.32640115e-01 1.68874191e-02 -7.37225205e-03 4.91203704e-03 -9.18520857e-03
-8.31769377e-01 1.65582703e-02 -7.22045932e-03 4.91321582e-03 -9.01288581e-03
-8.30896587e-01 1.62223964e-02 -7.07391655e-03 4.90782150e-03 -8.83397600e-03
-8.30021748e-01 1.58818289e-02 -6.93388453e-03 4.89563145e-03 -8.64993492e-03
-8.29144862e-01 1.55387947e-02 -6.80164344e-03 4.87651110e-03 -8.46240558e-03
-8.28265931e-01 1.51957006e-02 -6.67847830e-03 4.85041786e-03 -8.27320669e-03
-8.27384958e-01 1.48551137e-02 -6.56566333e-03 4.81740359e-03 -8.08431801e-03
-8.26501944e-01 1.45197390e-02 -6.46444555e-03 4.77761569e-03 -7.89786251e-03
-8.25616892e-01 1.41923935e-02 -6.37602785e-03 4.73129663e-03 -7.71608564e-03
-8.24729804e-01 1.38759775e-02 -6.30155165e-03 4.67878199e-03 -7.54133182e-03
-8.23840681e-01 1.35734430e-02 -6.24207953e-03 4.62049702e-03 -7.37601846e-03
-8.22949527e-01 1.32877602e-02 -6.19857804e-03 4.55695170e-03 -7.22260782e-03
-8.22056344e-01 1.30218821e-02 -6.17190099e-03 4.48873446e-03 -7.08357701e-03
-8.21161133e-01 1.27787075e-02 -6.16277345e-03 4.41650454e-03 -6.96138658e-03
-8.20263897e-01 1.25610432e-02 -6.17177677e-03 4.34098319e-03 -6.85844810e-03
-8.19364639e-01 1.23715665e-02 -6.19933488e-03 4.26294380e-03 -6.77709115e-03
-8.18463359e-01 1.22127867e-02 -6.24570215e-03 4.18320116e-03 -6.71953023e-03
-8.17560061e-01 1.20870086e-02 -6.31095294e-03 4.10259989e-03 -6.68783215e-03
-8.16654747e-01 1.19962965e-02 -6.39497327e-03 4.02200247e-03 -6.68388418e-03
-8.15747419e-01 1.19424409e-02 -6.49745453e-03 3.94227679e-03 -6.70936369e-03
-8.14838079e-01 1.19269270e-02 -6.61788960e-03 3.86428360e-03 -6.76570966e-03
-8.13926729e-01 1.19509066e-02 -6.75557142e-03 3.78886399e-03 -6.85409642e-03
-8.13013373e-01 1.20151733e-02 -6.90959418e-03 3.71682717e-03 -6.97541030e-03
-8.12098011e-01 1.21201423e-02 -7.07885702e-03 3.64893869e-03 -7.13022935e-03
-8.11180646e-01 1.22658332e-02 -7.26207046e-03 3.58590923e-03 -7.31880668e-03
-8.10261281e-01 1.24518594e-02 -7.45776543e-03 3.52838440e-03 -7.54105761e-03
-8.09339918e-01 1.26774206e-02 -7.66430482e-03 3.47693534e-03 -7.79655094e-03
-8.08416559e-01 1.29413019e-02 -7.87989754e-03 3.43205065e-03 -8.08450460e-03
-8.07491206e-01 1.32418775e-02 -8.10261482e-03 3.39412949e-03 -8.40378577e-03
-8.06563861e-01 1.35771204e-02 -8.33040870e-03 3.36347610e-03 -8.75291549e-03
-8.05634528e-01 1.39446163e-02 -8.56113241e-03 3.34029588e-03 -9.13007792e-03
-8.04703207e-01 1.43415844e-02 -8.79256245e-03 3.32469287e-03 -9.53313408e-03
-8.03769903e-01 1.47649016e-02 -9.02242202e-03 3.31666895e-03 -9.95963996e-03
-8.02834616e-01 1.52111329e-02 -9.24840562e-03 3.31612452e-03 -1.04068689e-02
-8.01897349e-01 1.56765655e-02 -9.46820437e-03 3.32286082e-03 -1.08718376e-02
-8.00958104e-01 1.61572467e-02 -9.67953182e-03 3.33658369e-03 -1.13513366e-02
-8.00016884e-01 1.66490261e-02 -9.88014986e-03 3.35690887e-03 -1.18419626e-02
-7.99073691e-01 1.71476003e-02 -1.00678944e-02 3.38336855e-03 -1.23401550e-02
-7.98128528e-01 1.76485603e-02 -1.02407005e-02 3.41541927e-03 -1.28422340e-02
-7.97181396e-01 1.81474402e-02 -1.03966264e-02 3.45245080e-03 -1.33444406e-02
-7.96232298e-01 1.86397679e-02 -1.05338766e-02 3.49379606e-03 -1.38429784e-02
-7.95281236e-01 1.91211150e-02 -1.06508231e-02 3.53874173e-03 -1.43340552e-02
-7.94328214e-01 1.95871481e-02 -1.07460250e-02 3.58653951e-03 -1.48139259e-02
-7.93373232e-01 2.00336773e-02 -1.08182458e-02 3.63641774e-03 -1.52789338e-02
-7.92416293e-01 2.04567049e-02 -1.08664685e-02 3.68759326e-03 -1.57255522e-02
-7.91457401e-01 2.08524700e-02 -1.08899081e-02 3.73928323e-03 -1.61504232e-02
-7.90496556e-01 2.12174920e-02 -1.08880211e-02 3.79071682e-03 -1.65503951e-02
-7.89533763e-01 2.15486091e-02 -1.08605128e-02 3.84114643e-03 -1.69225575e-02
-7.88569022e-01 2.18430138e-02 -1.08073410e-02 3.88985846e-03 -1.72642723e-02
-7.87602336e-01 2.20982832e-02 -1.07287171e-02 3.93618328e-03 -1.75732023e-02
-7.86633708e-01 2.23124048e-02 -1.06251040e-02 3.97950432e-03 -1.78473354e-02
-7.85663139e-01 2.24837969e-02 -1.04972115e-02 4.01926614e-03 -1.80850047e-02
-7.84690634e-01 2.26113235e-02 -1.03459878e-02 4.05498135e-03 -1.82849040e-02
-7.83716193e-01 2.26943037e-02 -1.01726098e-02 4.08623632e-03 -1.84460996e-02
-7.82739819e-01 2.27325150e-02 -9.97846912e-03 4.11269549e-03 -1.85680359e-02
-7.81761515e-01 2.27261909e-02 -9.76515715e-03 4.13410437e-03 -1.86505377e-02
-7.80781283e-01 2.26760134e-02 -9.53444681e-03 4.15029111e-03 -1.86938068e-02
-7.79799126e-01 2.25830987e-02 -9.28827302e-03 4.16116665e-03 -1.86984145e-02
-7.78815045e-01 2.24489791e-02 -9.02871116e-03 4.16672346e-03 -1.86652891e-02
-7.77829044e-01 2.22755787e-02 -8.75795429e-03 4.16703300e-03 -1.85956999e-02
-7.76841124e-01 2.20651850e-02 -8.47828913e-03 4.16224175e-03 -1.84912364e-02
-7.75851289e-01 2.18204167e-02 -8.19207133e-03 4.15256619e-03 -1.83537843e-02
-7.74859540e-01 2.15441869e-02 -7.90170022e-03 4.13828655e-03 -1.81854979e-02
-7.73865880e-01 2.12396639e-02 -7.60959341e-03 4.11973968e-03 -1.79887705e-02
-7.72870312e-01 2.09102297e-02 -7.31816151e-03 4.09731094e-03 -1.77662011e-02
-7.71872838e-01 2.05594353e-02 -7.02978330e-03 4.07142557e-03 -1.75205601e-02
-7.70873460e-01 2.01909564e-02 -6.74678167e-03 4.04253934e-03 -1.72547536e-02
-7.69872181e-01 1.98085470e-02 -6.47140052e-03 4.01112890e-03 -1.69717862e-02
-7.68869004e-01 1.94159935e-02 -6.20578293e-03 3.97768195e-03 -1.66747240e-02
-7.67863930e-01 1.90170701e-02 -5.95195086e-03 3.94268729e-03 -1.63666572e-02
-7.66856963e-01 1.86154936e-02 -5.71178652e-03 3.90662505e-03 -1.60506641e-02
-7.65848104e-01 1.82148821e-02 -5.48701565e-03 3.86995715e-03 -1.57297755e-02
-7.64837357e-01 1.78187140e-02 -5.27919277e-03 3.83311828e-03 -1.54069404e-02
-7.63824724e-01 1.74302915e-02 -5.08968864e-03 3.79650736e-03 -1.50849953e-02
-7.62810206e-01 1.70527058e-02 -4.91967998e-03 3.76047980e-03 -1.47666333e-02
-7.61793808e-01 1.66888070e-02 -4.77014138e-03 3.72534056e-03 -1.44543786e-02
-7.60775531e-01 1.63411773e-02 -4.64183966e-03 3.69133816e-03 -1.41505616e-02
-7.59755377e-01 1.60121085e-02 -4.53533050e-03 3.65865969e-03 -1.38572990e-02
-7.58733350e-01 1.57035841e-02 -4.45095730e-03 3.62742697e-03 -1.35764762e-02
-7.57709452e-01 1.54172654e-02 -4.38885243e-03 3.59769380e-03 -1.33097337e-02
-7.56683685e-01 1.51544824e-02 -4.34894046e-03 3.56944438e-03 -1.30584570e-02
-7.55656053e-01 1.49162292e-02 -4.33094351e-03 3.54259300e-03 -1.28237698e-02
-7.54626556e-01 1.47031640e-02 -4.33438856e-03 3.51698479e-03 -1.26065319e-02
-7.53595199e-01 1.45156128e-02 -4.35861641e-03 3.49239767e-03 -1.24073387e-02
-7.52561982e-01 1.43535778e-02 -4.40279234e-03 3.46854546e-03 -1.22265261e-02
-7.51526911e-01 1.42167494e-02 -4.46591816e-03 3.44508192e-03 -1.20641772e-02
-7.50489985e-01 1.41045219e-02 -4.54684548e-03 3.42160586e-03 -1.19201329e-02
-7.49451209e-01 1.40160120e-02 -4.64429009e-03 3.39766704e-03 -1.17940041e-02
-7.48410585e-01 1.39500808e-02 -4.75684713e-03 3.37277288e-03 -1.16851880e-02
-7.47368114e-01 1.39053577e-02 -4.88300692e-03 3.34639587e-03 -1.15928848e-02
-7.46323801e-01 1.38802668e-02 -5.02117133e-03 3.31798140e-03 -1.15161179e-02
-7.45277647e-01 1.38730543e-02 -5.16967029e-03 3.28695614e-03 -1.14537542e-02
-7.44229655e-01 1.38818180e-02 -5.32677850e-03 3.25273661e-03 -1.14045263e-02
-7.43179828e-01 1.39045366e-02 -5.49073191e-03 3.21473790e-03 -1.13670557e-02
-7.42128168e-01 1.39390999e-02 -5.65974407e-03 3.17238246e-03 -1.13398757e-02
-7.41074678e-01 1.39833387e-02 -5.83202194e-03 3.12510874e-03 -1.13214552e-02
-7.40019360e-01 1.40350545e-02 -6.00578119e-03 3.07237960e-03 -1.13102219e-02
-7.38962217e-01 1.40920476e-02 -6.17926079e-03 3.01369036e-03 -1.13045850e-02
-7.37903252e-01 1.41521452e-02 -6.35073675e-03 2.94857644e-03 -1.13029574e-02
-7.36842467e-01 1.42132267e-02 -6.51853499e-03 2.87662036e-03 -1.13037766e-02
-7.35779864e-01 1.42732481e-02 -6.68104319e-03 2.79745816e-03 -1.13055244e-02
-7.34715448e-01 1.43302638e-02 -6.83672153e-03 2.71078504e-03 -1.13067453e-02
-7.33649219e-01 1.43824468e-02 -6.98411243e-03 2.61636026e-03 -1.13060627e-02
-7.32581181e-01 1.44281061e-02 -7.12184896e-03 2.51401118e-03 -1.13021939e-02
-7.31511336e-01 1.44657012e-02 -7.24866226e-03 2.40363641e-03 -1.12939630e-02
-7.30439687e-01 1.44938551e-02 -7.36338760e-03 2.28520809e-03 -1.12803118e-02
-7.29366237e-01 1.45113636e-02 -7.46496940e-03 2.15877323e-03 -1.12603081e-02
-7.28290988e-01 1.45172025e-02 -7.55246503e-03 2.02445419e-03 -1.12331533e-02
-7.27213943e-01 1.45105322e-02 -7.62504745e-03 1.88244820e-03 -1.11981862e-02
-7.26135105e-01 1.44906997e-02 -7.68200688e-03 1.73302614e-03 -1.11548865e-02
-7.25054476e-01 1.44572381e-02 -7.72275128e-03 1.57653037e-03 -1.11028747e-02
-7.23972059e-01 1.44098639e-02 -7.74680601e-03 1.41337189e-03 -1.10419118e-02
-7.22887856e-01 1.43484721e-02 -7.75381248e-03 1.24402677e-03 -1.09718955e-02
-7.21801870e-01 1.42731296e-02 -7.74352597e-03 1.06903188e-03 -1.08928566e-02
-7.20714105e-01 1.41840661e-02 -7.71581274e-03 8.88980179e-04 -1.08049520e-02
-7.19624562e-01 1.40816645e-02 -7.67064645e-03 7.04515353e-04 -1.07084579e-02
-7.18533244e-01 1.39664487e-02 -7.60810392e-03 5.16326186e-04 -1.06037611e-02
-7.17440155e-01 1.38390710e-02 -7.52836041e-03 3.25140519e-04 -1.04913491e-02
-7.16345296e-01 1.37002988e-02 -7.43168449e-03 1.31719002e-04 -1.03717998e-02
-7.15248670e-01 1.35509998e-02 -7.31843253e-03 -6.31513273e-05 -1.02457702e-02
-7.14150280e-01 1.33921270e-02 -7.18904284e-03 -2.58663540e-04 -1.01139845e-02
-7.13050130e-01 1.32247036e-02 -7.04402976e-03 -4.53997312e-04 -9.97722229e-03
-7.11948220e-01 1.30498080e-02 -6.88397744e-03 -6.48325356e-04 -9.83630612e-03
-7.10844555e-01 1.28685580e-02 -6.70953369e-03 -8.40819706e-04 -9.69208895e-03
-7.09739137e-01 1.26820960e-02 -6.52140373e-03 -1.03065781e-03 -9.54544206e-03
-7.08631969e-01 1.24915748e-02 -6.32034405e-03 -1.21702835e-03 -9.39724291e-03
-7.07523053e-01 1.22981434e-02 -6.10715632e-03 -1.39913678e-03 -9.24836352e-03
-7.06412392e-01 1.21029335e-02 -5.88268148e-03 -1.57621051e-03 -9.09965923e-03
-7.05299989e-01 1.19070477e-02 -5.64779397e-03 -1.74750370e-03 -8.95195810e-03
-7.04185846e-01 1.17115475e-02 -5.40339619e-03 -1.91230164e-03 -8.80605097e-03
-7.03069967e-01 1.15174433e-02 -5.15041319e-03 -2.06992476e-03 -8.66268228e-03
-7.01952354e-01 1.13256846e-02 -4.88978763e-03 -2.21973214e-03 -8.52254178e-03
-7.00833010e-01 1.11371522e-02 -4.62247496e-03 -2.36112463e-03 -8.38625704e-03
-6.99711937e-01 1.09526508e-02 -4.34943887e-03 -2.49354750e-03 -8.25438705e-03
-6.98589139e-01 1.07729035e-02 -4.07164710e-03 -2.61649270e-03 -8.12741668e-03
-6.97464618e-01 1.05985467e-02 -3.79006737e-03 -2.72950063e-03 -8.00575227e-03
-6.96338377e-01 1.04301274e-02 -3.50566371e-03 -2.83216166e-03 -7.88971815e-03
-6.95210419e-01 1.02681000e-02 -3.21939293e-03 -2.92411709e-03 -7.77955435e-03
-6.94080746e-01 1.01128260e-02 -2.93220142e-03 -3.00505990e-03 -7.67541524e-03
-6.92949362e-01 9.96457367e-03 -2.64502205e-03 -3.07473511e-03 -7.57736928e-03
-6.91816268e-01 9.82351912e-03 -2.35877137e-03 -3.13293988e-03 -7.48539977e-03
-6.90681469e-01 9.68974852e-03 -2.07434695e-03 -3.17952330e-03 -7.39940665e-03
-6.89544966e-01 9.56326109e-03 -1.79262485e-03 -3.21438600e-03 -7.31920917e-03
-6.88406763e-01 9.44397305e-03 -1.51445727e-03 -3.23747948e-03 -7.24454960e-03
-6.87266861e-01 9.33172240e-03 -1.24067027e-03 -3.24880530e-03 -7.17509775e-03
-6.86125265e-01 9.22627438e-03 -9.72061630e-04 -3.24841414e-03 -7.11045631e-03
-6.84981977e-01 9.12732760e-03 -7.09398770e-04 -3.23640463e-03 -7.05016697e-03
-6.83837000e-01 9.03452075e-03 -4.53416736e-04 -3.21292218e-03 -6.99371726e-03
-6.82690336e-01 8.94743977e-03 -2.04816258e-04 -3.17815760e-03 -6.94054790e-03
-6.81541988e-01 8.86562540e-03 3.57381570e-05 -3.13234573e-03 -6.89006078e-03
-6.80391960e-01 8.78858105e-03 2.67620069e-04 -3.07576391e-03 -6.84162733e-03
-6.79240254e-01 8.71578086e-03 4.90242918e-04 -3.00873048e-03 -6.79459723e-03
-6.78086872e-01 8.64667784e-03 7.03061773e-04 -2.93160310e-03 -6.74830742e-03
-6.76931818e-01 8.58071211e-03 9.05575035e-04 -2.84477712e-03 -6.70209120e-03
-6.75775095e-01 8.51731902e-03 1.09732606e-03 -2.74868380e-03 -6.65528741e-03
-6.74616706e-01 8.45593713e-03 1.27790470e-03 -2.64378856e-03 -6.60724951e-03
-6.73456652e-01 8.39601595e-03 1.44694877e-03 -2.53058904e-03 -6.55735458e-03
-6.72294938e-01 8.33702339e-03 1.60414534e-03 -2.40961320e-03 -6.50501189e-03
-6.71131566e-01 8.27845279e-03 1.74923192e-03 -2.28141726e-03 -6.44967126e-03
-6.69966538e-01 8.21982945e-03 1.88199749e-03 -2.14658356e-03 -6.39083083e-03
-6.68799859e-01 8.16071677e-03 2.00228331e-03 -2.00571837e-03 -6.32804425e-03
-6.67631530e-01 8.10072157e-03 2.10998351e-03 -1.85944950e-03 -6.26092724e-03
-6.66461554e-01 8.03949900e-03 2.20504549e-03 -1.70842389e-03 -6.18916335e-03
-6.65289935e-01 7.97675654e-03 2.28746997e-03 -1.55330497e-03 -6.11250889e-03
-6.64116675e-01 7.91225744e-03 2.35731080e-03 -1.39477003e-03 -6.03079696e-03
-6.62941778e-01 7.84582324e-03 2.41467451e-03 -1.23350732e-03 -5.94394044e-03
-6.61765245e-01 7.77733562e-03 2.45971946e-03 -1.07021312e-03 -5.85193403e-03
-6.60587080e-01 7.70673734e-03 2.49265465e-03 -9.05588644e-04 -5.75485523e-03
-6.59407287e-01 7.63403241e-03 2.51373830e-03 -7.40336821e-04 -5.65286417e-03
-6.58225867e-01 7.55928549e-03 2.52327595e-03 -5.75158993e-04 -5.54620244e-03
-6.57042824e-01 7.48262038e-03 2.52161831e-03 -4.10751490e-04 -5.43519076e-03
-6.55858160e-01 7.40421783e-03 2.50915873e-03 -2.47802134e-04 -5.32022563e-03
-6.54671879e-01 7.32431260e-03 2.48633035e-03 -8.69866819e-05 -5.20177499e-03
-6.53483983e-01 7.24318973e-03 2.45360300e-03 7.10347743e-05 -5.08037282e-03
-6.52294476e-01 7.16118027e-03 2.41147975e-03 2.25621425e-04 -4.95661289e-03
-6.51103360e-01 7.07865632e-03 2.36049329e-03 3.76155347e-04 -4.83114172e-03
-6.49910639e-01 6.99602562e-03 2.30120202e-03 5.22045060e-04 -4.70465068e-03
-6.48716314e-01 6.91372563e-03 2.23418604e-03 6.62729018e-04 -4.57786763e-03
-6.47520390e-01 6.83221721e-03 2.16004296e-03 7.97678988e-04 -4.45154787e-03
-6.46322869e-01 6.75197813e-03 2.07938367e-03 9.26403285e-04 -4.32646485e-03
-6.45123754e-01 6.67349619e-03 1.99282807e-03 1.04844983e-03 -4.20340046e-03
-6.43923048e-01 6.59726239e-03 1.90100077e-03 1.16340902e-03 -4.08313535e-03
-6.42720754e-01 6.52376396e-03 1.80452697e-03 1.27091627e-03 -3.96643912e-03
-6.41516875e-01 6.45347751e-03 1.70402832e-03 1.37065441e-03 -3.85406071e-03
-6.40311414e-01 6.38686235e-03 1.60011908e-03 1.46235562e-03 -3.74671908e-03
-6.39104373e-01 6.32435400e-03 1.49340242e-03 1.54580313e-03 -3.64509428e-03
-6.37895757e-01 6.26635810e-03 1.38446701e-03 1.62083250e-03 -3.54981906e-03
-6.36685567e-01 6.21324465e-03 1.27388392e-03 1.68733252e-03 -3.46147110e-03
-6.35473807e-01 6.16534283e-03 1.16220381e-03 1.74524566e-03 -3.38056608e-03
-6.34260480e-01 6.12293630e-03 1.04995454e-03 1.79456817e-03 -3.30755153e-03
-6.33045589e-01 6.08625911e-03 9.37639141e-04 1.83534964e-03 -3.24280167e-03
-6.31829137e-01 6.05549237e-03 8.25734192e-04 1.86769216e-03 -3.18661322e-03
-6.30611126e-01 6.03076147e-03 7.14688574e-04 1.89174905e-03 -3.13920231e-03
-6.29391561e-01 6.01213420e-03 6.04922681e-04 1.90772308e-03 -3.10070247e-03
-6.28170443e-01 5.99961948e-03 4.96827991e-04 1.91586430e-03 -3.07116373e-03
-6.26947776e-01 5.99316695e-03 3.90767046e-04 1.91646741e-03 -3.05055286e-03
-6.25723562e-01 5.99266731e-03 2.87073772e-04 1.90986878e-03 -3.03875466e-03
-6.24497806e-01 5.99795339e-03 1.86054149e-04 1.89644302e-03 -3.03557440e-03
-6.23270509e-01 6.00880197e-03 8.79871602e-05 1.87659925e-03 -3.04074121e-03
-6.22041676e-01 6.02493629e-03 -6.87399659e-06 1.85077705e-03 -3.05391243e-03
-6.20811308e-01 6.04602925e-03 -9.83004906e-05 1.81944213e-03 -3.07467888e-03
-6.19579410e-01 6.07170721e-03 -1.86086285e-04 1.78308178e-03 -3.10257089e-03
-6.18345983e-01 6.10155432e-03 -2.70046456e-04 1.74220015e-03 -3.13706497e-03
-6.17111031e-01 6.13511737e-03 -3.50015462e-04 1.69731336e-03 -3.17759110e-03
-6.15874558e-01 6.17191107e-03 -4.25845410e-04 1.64894460e-03 -3.22354048e-03
-6.14636565e-01 6.21142365e-03 -4.97404385e-04 1.59761917e-03 -3.27427354e-03
-6.13397057e-01 6.25312275e-03 -5.64574872e-04 1.54385955e-03 -3.32912821e-03
-6.12156036e-01 6.29646149e-03 -6.27252340e-04 1.48818062e-03 -3.38742825e-03
-6.10913506e-01 6.34088464e-03 -6.85344015e-04 1.43108499e-03 -3.44849147e-03
-6.09669468e-01 6.38583485e-03 -7.38767881e-04 1.37305851e-03 -3.51163790e-03
-6.08423928e-01 6.43075876e-03 -7.87451944e-04 1.31456609e-03 -3.57619751e-03
-6.07176887e-01 6.47511306e-03 -8.31333779e-04 1.25604784e-03 -3.64151763e-03
-6.05928348e-01 6.51837024e-03 -8.70360372e-04 1.19791548e-03 -3.70696985e-03
-6.04678315e-01 6.56002416e-03 -9.04488264e-04 1.14054924e-03 -3.77195633e-03
-6.03426791e-01 6.59959519e-03 -9.33683997e-04 1.08429515e-03 -3.83591539e-03
-6.02173778e-01 6.63663500e-03 -9.57924852e-04 1.02946278e-03 -3.89832643e-03
-6.00919281e-01 6.67073081e-03 -9.77199853e-04 9.76323495e-04 -3.95871404e-03
-5.99663302e-01 6.70150926e-03 -9.91511013e-04 9.25109224e-04 -4.01665128e-03
-5.98405843e-01 6.72863959e-03 -1.00087479e-03 8.76011706e-04 -4.07176213e-03
-5.97146909e-01 6.75183631e-03 -1.00532369e-03 8.29182296e-04 -4.12372305e-03
-5.95886503e-01 6.77086128e-03 -1.00490801e-03 7.84732278e-04 -4.17226378e-03
-5.94624627e-01 6.78552514e-03 -9.99697623e-04 7.42733684e-04 -4.21716722e-03
-5.93361284e-01 6.79568809e-03 -9.89783772e-04 7.03220611e-04 -4.25826857e-03
-5.92096478e-01 6.80126014e-03 -9.75280791e-04 6.66190997e-04 -4.29545372e-03
-5.90830212e-01 6.80220062e-03 -9.56327730e-04 6.31608844e-04 -4.32865690e-03
-5.89562488e-01 6.79851722e-03 -9.33089781e-04 5.99406832e-04 -4.35785781e-03
-5.88293311e-01 6.79026430e-03 -9.05759475e-04 5.69489297e-04 -4.38307805e-03
-5.87022683e-01 6.77754085e-03 -8.74557569e-04 5.41735514e-04 -4.40437724e-03
-5.85750607e-01 6.76048776e-03 -8.39733594e-04 5.16003240e-04 -4.42184858e-03
-5.84477087e-01 6.73928475e-03 -8.01566002e-04 4.92132463e-04 -4.43561429e-03
-5.83202125e-01 6.71414683e-03 -7.60361877e-04 4.69949295e-04 -4.44582067e-03
-5.81925725e-01 6.68532041e-03 -7.16456186e-04 4.49269950e-04 -4.45263316e-03
-5.80647890e-01 6.65307908e-03 -6.70210530e-04 4.29904751e-04 -4.45623133e-03
-5.79368623e-01 6.61771919e-03 -6.22011404e-04 4.11662104e-04 -4.45680388e-03
-5.78087927e-01 6.57955522e-03 -5.72267947e-04 3.94352380e-04 -4.45454389e-03
-5.76805805e-01 6.53891498e-03 -5.21409201e-04 3.77791649e-04 -4.44964416e-03
-5.75522261e-01 6.49613479e-03 -4.69880890e-04 3.61805210e-04 -4.44229291e-03
-5.74237298e-01 6.45155470e-03 -4.18141752e-04 3.46230873e-04 -4.43266979e-03
-5.72950918e-01 6.40551367e-03 -3.66659467e-04 3.30921941e-04 -4.42094235e-03
-5.71663126e-01 6.35834496e-03 -3.15906227e-04 3.15749853e-04 -4.40726288e-03
-5.70373923e-01 6.31037166e-03 -2.66353997e-04 3.00606459e-04 -4.39176578e-03
-5.69083314e-01 6.26190248e-03 -2.18469559e-04 2.85405892e-04 -4.37456546e-03
-5.67791302e-01 6.21322781e-03 -1.72709378e-04 2.70086017e-04 -4.35575474e-03
-5.66497889e-01 6.16461611e-03 -1.29514396e-04 2.54609444e-04 -4.33540381e-03
-5.65203079e-01 6.11631075e-03 -8.93048194e-05 2.38964098e-04 -4.31355974e-03
-5.63906875e-01 6.06852719e-03 -5.24749954e-05 2.23163341e-04 -4.29024649e-03
-5.62609281e-01 6.02145062e-03 -1.93884509e-05 2.07245658e-04 -4.26546553e-03
-5.61310299e-01 5.97523421e-03 9.62680929e-06 1.91273914e-04 -4.23919682e-03
-5.60009933e-01 5.92999766e-03 3.42826706e-05 1.75334210e-04 -4.21140039e-03
-5.58708186e-01 5.88582646e-03 5.43348615e-05 1.59534350e-04 -4.18201826e-03
-5.57405060e-01 5.84277161e-03 6.95864189e-05 1.44001970e-04 -4.15097682e-03
-5.56100561e-01 5.80084982e-03 7.98906005e-05 1.28882343e-04 -4.11818947e-03
-5.54794689e-01 5.76004436e-03 8.51531849e-05 1.14335916e-04 -4.08355960e-03
-5.53487450e-01 5.72030630e-03 8.53341129e-05 1.00535617e-04 -4.04698386e-03
-5.52178845e-01 5.68155639e-03 8.04484297e-05 8.76639782e-05 -4.00835547e-03
-5.50868879e-01 5.64368729e-03 7.05665031e-05 7.59101258e-05 -3.96756782e-03
-5.49557555e-01 5.60656634e-03 5.58135006e-05 6.54666811e-05 -3.92451801e-03
-5.48244874e-01 5.57003868e-03 3.63681229e-05 5.65266290e-05 -3.87911051e-03
-5.46930842e-01 5.53393081e-03 1.24606028e-05 4.92801980e-05 -3.83126066e-03
-5.45615461e-01 5.49805437e-03 -1.56300097e-05 4.39118012e-05 -3.78089820e-03
-5.44298735e-01 5.46221026e-03 -4.75792437e-05 4.05970840e-05 -3.72797056e-03
-5.42980666e-01 5.42619297e-03 -8.30212395e-05 3.95001209e-05 -3.67244598e-03
-5.41661258e-01 5.38979503e-03 -1.21553364e-04 4.07708007e-05 -3.61431639e-03
-5.40340514e-01 5.35281155e-03 -1.62741340e-04 4.45424367e-05 -3.55359998e-03
-5.39018438e-01 5.31504475e-03 -2.06124829e-04 5.09296313e-05 -3.49034349e-03
-5.37695032e-01 5.27630853e-03 -2.51223363e-04 6.00264235e-05 -3.42462405e-03
-5.36370301e-01 5.23643281e-03 -2.97542569e-04 7.19047384e-05 -3.35655074e-03
-5.35044246e-01 5.19526774e-03 -3.44580571e-04 8.66131575e-05 -3.28626559e-03
-5.33716872e-01 5.15268765e-03 -3.91834485e-04 1.04176018e-04 -3.21394428e-03
-5.32388182e-01 5.10859471e-03 -4.38806911e-04 1.24592849e-04 -3.13979627e-03
-5.31058179e-01 5.06292211e-03 -4.85012328e-04 1.47838142e-04 -3.06406451e-03
-5.29726866e-01 5.01563693e-03 -5.29983293e-04 1.73861457e-04 -2.98702465e-03
-5.28394247e-01 4.96674240e-03 -5.73276355e-04 2.02587845e-04 -2.90898383e-03
-5.27060325e-01 4.91627975e-03 -6.14477601e-04 2.33918585e-04 -2.83027887e-03
-5.25725102e-01 4.86432935e-03 -6.53207751e-04 2.67732206e-04 -2.75127416e-03
-5.24388584e-01 4.81101137e-03 -6.89126726e-04 3.03885778e-04 -2.67235895e-03
-5.23050772e-01 4.75648569e-03 -7.21937632e-04 3.42216454e-04 -2.59394434e-03
-5.21711670e-01 4.70095127e-03 -7.51390099e-04 3.82543217e-04 -2.51645975e-03
-5.20371281e-01 4.64464481e-03 -7.77282927e-04 4.24668824e-04 -2.44034915e-03
-5.19029610e-01 4.58783878e-03 -7.99466017e-04 4.68381900e-04 -2.36606685e-03
-5.17686658e-01 4.53083882e-03 -8.17841553e-04 5.13459156e-04 -2.29407304e-03
-5.16342429e-01 4.47398055e-03 -8.32364418e-04 5.59667703e-04 -2.22482914e-03
-5.14996927e-01 4.41762578e-03 -8.43041869e-04 6.06767414e-04 -2.15879283e-03
-5.13650155e-01 4.36215824e-03 -8.49932451e-04 6.54513325e-04 -2.09641310e-03
-5.12302117e-01 4.30797878e-03 -8.53144200e-04 7.02658021e-04 -2.03812512e-03
-5.10952815e-01 4.25550023e-03 -8.52832147e-04 7.50953988e-04 -1.98434508e-03
-5.09602252e-01 4.20514183e-03 -8.49195184e-04 7.99155909e-04 -1.93546520e-03
-5.08250433e-01 4.15732352e-03 -8.42472336e-04 8.47022863e-04 -1.89184867e-03
-5.06897361e-01 4.11245993e-03 -8.32938502e-04 8.94320416e-04 -1.85382497e-03
-5.05543038e-01 4.07095436e-03 -8.20899734e-04 9.40822572e-04 -1.82168524e-03
-5.04187469e-01 4.03319273e-03 -8.06688131e-04 9.86313584e-04 -1.79567816e-03
-5.02830656e-01 3.99953763e-03 -7.90656434e-04 1.03058958e-03 -1.77600599e-03
-5.01472604e-01 3.97032259e-03 -7.73172388e-04 1.07346002e-03 -1.76282127e-03
-5.00113314e-01 3.94584656e-03 -7.54612982e-04 1.11474896e-03 -1.75622383e-03
-4.98752791e-01 3.92636883e-03 -7.35358638e-04 1.15429613e-03 -1.75625846e-03
-4.97391039e-01 3.91210443e-03 -7.15787448e-04 1.19195779e-03 -1.76291315e-03
-4.96028059e-01 3.90321999e-03 -6.96269532e-04 1.22760736e-03 -1.77611795e-03
-4.94663856e-01 3.89983026e-03 -6.77161618e-04 1.26113596e-03 -1.79574449e-03
-4.93298434e-01 3.90199540e-03 -6.58801913e-04 1.29245259e-03 -1.82160628e-03
-4.91931794e-01 3.90971883e-03 -6.41505343e-04 1.32148426e-03 -1.85345962e-03
-4.90563942e-01 3.92294607e-03 -6.25559223e-04 1.34817587e-03 -1.89100532e-03
-4.89194880e-01 3.94156425e-03 -6.11219442e-04 1.37248990e-03 -1.93389105e-03
-4.87824611e-01 3.96540254e-03 -5.98707178e-04 1.39440598e-03 -1.98171453e-03
-4.86453139e-01 3.99423342e-03 -5.88206230e-04 1.41392031e-03 -2.03402725e-03
-4.85080468e-01 4.02777482e-03 -5.79860968e-04 1.43104489e-03 -2.09033897e-03
-4.83706600e-01 4.06569300e-03 -5.73774946e-04 1.44580673e-03 -2.15012276e-03
-4.82331539e-01 4.10760636e-03 -5.70010186e-04 1.45824682e-03 -2.21282058e-03
-4.80955289e-01 4.15308992e-03 -5.68587136e-04 1.46841916e-03 -2.27784944e-03
-4.79577853e-01 4.20168046e-03 -5.69485303e-04 1.47638957e-03 -2.34460782e-03
-4.78199234e-01 4.25288239e-03 -5.72644538e-04 1.48223459e-03 -2.41248260e-03
-4.76819436e-01 4.30617404e-03 -5.77966949e-04 1.48604021e-03 -2.48085607e-03
-4.75438462e-01 4.36101449e-03 -5.85319410e-04 1.48790066e-03 -2.54911321e-03
-4.74056315e-01 4.41685066e-03 -5.94536614e-04 1.48791716e-03 -2.61664895e-03
-4.72672999e-01 4.47312470e-03 -6.05424626e-04 1.48619668e-03 -2.68287540e-03
-4.71288518e-01 4.52928145e-03 -6.17764861e-04 1.48285072e-03 -2.74722892e-03
-4.69902874e-01 4.58477598e-03 -6.31318439e-04 1.47799414e-03 -2.80917693e-03
-4.68516071e-01 4.63908087e-03 -6.45830824e-04 1.47174399e-03 -2.86822434e-03
-4.67128113e-01 4.69169346e-03 -6.61036682e-04 1.46421842e-03 -2.92391956e-03
-4.65739003e-01 4.74214254e-03 -6.76664876e-04 1.45553572e-03 -2.97585984e-03
-4.64348744e-01 4.78999472e-03 -6.92443503e-04 1.44581331e-03 -3.02369613e-03
-4.62957340e-01 4.83486018e-03 -7.08104905e-04 1.43516689e-03 -3.06713704e-03
-4.61564795e-01 4.87639776e-03 -7.23390558e-04 1.42370969e-03 -3.10595213e-03
-4.60171111e-01 4.91431932e-03 -7.38055764e-04 1.41155175e-03 -3.13997429e-03
-4.58776292e-01 4.94839321e-03 -7.51874057e-04 1.39879936e-03 -3.16910118e-03
-4.57380342e-01 4.97844694e-03 -7.64641266e-04 1.38555451e-03 -3.19329587e-03
-4.55983264e-01 5.00436889e-03 -7.76179143e-04 1.37191454e-03 -3.21258635e-03
-4.54585061e-01 5.02610897e-03 -7.86338509e-04 1.35797180e-03 -3.22706421e-03
-4.53185738e-01 5.04367844e-03 -7.95001858e-04 1.34381345e-03 -3.23688234e-03
-4.51785296e-01 5.05714862e-03 -8.02085370e-04 1.32952130e-03 -3.24225170e-03
-4.50383741e-01 5.06664873e-03 -8.07540297e-04 1.31517179e-03 -3.24343723e-03
-4.48981074e-01 5.07236272e-03 -8.11353700e-04 1.30083601e-03 -3.24075289e-03
-4.47577301e-01 5.07452530e-03 -8.13548506e-04 1.28657980e-03 -3.23455608e-03
-4.46172424e-01 5.07341709e-03 -8.14182896e-04 1.27246388e-03 -3.22524122e-03
-4.44766446e-01 5.06935907e-03 -8.13349022e-04 1.25854412e-03 -3.21323290e-03
-4.43359371e-01 5.06270639e-03 -8.11171061e-04 1.24487175e-03 -3.19897851e-03
-4.41951203e-01 5.05384162e-03 -8.07802659e-04 1.23149367e-03 -3.18294050e-03
-4.40541946e-01 5.04316760e-03 -8.03423768e-04 1.21845276e-03 -3.16558848e-03
-4.39131601e-01 5.03110001e-03 -7.98236962e-04 1.20578824e-03 -3.14739117e-03
-4.37720174e-01 5.01805973e-03 -7.92463262e-04 1.19353599e-03 -3.12880835e-03
-4.36307667e-01 5.00446520e-03 -7.86337556e-04 1.18172890e-03 -3.11028307e-03
-4.34894084e-01 4.99072483e-03 -7.80103679e-04 1.17039722e-03 -3.09223405e-03
-4.33479429e-01 4.97722972e-03 -7.74009240e-04 1.15956884e-03 -3.07504857e-03
-4.32063705e-01 4.96434667e-03 -7.68300281e-04 1.14926960e-03 -3.05907583e-03
-4.30646915e-01 4.95241170e-03 -7.63215866e-04 1.13952357e-03 -3.04462098e-03
-4.29229063e-01 4.94172416e-03 -7.58982683e-04 1.13035322e-03 -3.03193995e-03
-4.27810152e-01 4.93254158e-03 -7.55809765e-04 1.12177965e-03 -3.02123505e-03
-4.26390187e-01 4.92507525e-03 -7.53883419e-04 1.11382270e-03 -3.01265151e-03
-4.24969170e-01 4.91948678e-03 -7.53362455e-04 1.10650103e-03 -3.00627499e-03
-4.23547105e-01 4.91588546e-03 -7.54373809e-04 1.09983218e-03 -3.00213015e-03
-4.22123995e-01 4.91432679e-03 -7.57008640e-04 1.09383254e-03 -3.00018024e-03
-4.20699844e-01 4.91481183e-03 -7.61318974e-04 1.08851731e-03 -3.00032773e-03
-4.19274656e-01 4.91728776e-03 -7.67314972e-04 1.08390034e-03 -3.00241608e-03
-4.17848434e-01 4.92164935e-03 -7.74962874e-04 1.07999406e-03 -3.00623242e-03
-4.16421181e-01 4.92774144e-03 -7.84183670e-04 1.07680922e-03 -3.01151135e-03
-4.14992902e-01 4.93536242e-03 -7.94852541e-04 1.07435466e-03 -3.01793957e-03
-4.13563599e-01 4.94426858e-03 -8.06799075e-04 1.07263708e-03 -3.02516140e-03
-4.12133276e-01 4.95417921e-03 -8.19808300e-04 1.07166070e-03 -3.03278508e-03
-4.10701936e-01 4.96478251e-03 -8.33622501e-04 1.07142695e-03 -3.04038968e-03
-4.09269584e-01 4.97574202e-03 -8.47943830e-04 1.07193416e-03 -3.04753258e-03
-4.07836222e-01 4.98670360e-03 -8.62437665e-04 1.07317712e-03 -3.05375737e-03
-4.06401855e-01 4.99730271e-03 -8.76736688e-04 1.07514681e-03 -3.05860199e-03
-4.04966485e-01 5.00717196e-03 -8.90445616e-04 1.07782993e-03 -3.06160702e-03
-4.03530117e-01 5.01594867e-03 -9.03146532e-04 1.08120859e-03 -3.06232399e-03
-4.02092753e-01 5.02328239e-03 -9.14404727e-04 1.08525993e-03 -3.06032351e-03
-4.00654398e-01 5.02884221e-03 -9.23774981e-04 1.08995570e-03 -3.05520309e-03
-3.99215055e-01 5.03232369e-03 -9.30808176e-04 1.09526198e-03 -3.04659457e-03
-3.97774727e-01 5.03345528e-03 -9.35058151e-04 1.10113876e-03 -3.03417092e-03
-3.96333418e-01 5.03200414e-03 -9.36088683e-04 1.10753971e-03 -3.01765246e-03
-3.94891132e-01 5.02778117e-03 -9.33480496e-04 1.11441179e-03 -2.99681213e-03
-3.93447872e-01 5.02064524e-03 -9.26838184e-04 1.12169503e-03 -2.97148001e-03
-3.92003642e-01 5.01050641e-03 -9.15796932e-04 1.12932226e-03 -2.94154677e-03
-3.90558445e-01 4.99732823e-03 -9.00028942e-04 1.13721893e-03 -2.90696612e-03
-3.89112285e-01 4.98112887e-03 -8.79249443e-04 1.14530286e-03 -2.86775613e-03
-3.87665165e-01 4.96198118e-03 -8.53222208e-04 1.15348419e-03 -2.82399948e-03
-3.86217089e-01 4.94001168e-03 -8.21764470e-04 1.16166524e-03 -2.77584251e-03
-3.84768060e-01 4.91539839e-03 -7.84751168e-04 1.16974048e-03 -2.72349324e-03
-3.83318083e-01 4.88836756e-03 -7.42118453e-04 1.17759657e-03 -2.66721824e-03
-3.81867160e-01 4.85918944e-03 -6.93866385e-04 1.18511245e-03 -2.60733843e-03
-3.80415296e-01 4.82817303e-03 -6.40060790e-04 1.19215951e-03 -2.54422405e-03
-3.78962493e-01 4.79565999e-03 -5.80834237e-04 1.19860184e-03 -2.47828855e-03
-3.77508756e-01 4.76201778e-03 -5.16386110e-04 1.20429657e-03 -2.40998189e-03
-3.76054088e-01 4.72763217e-03 -4.46981787e-04 1.20909438e-03 -2.33978304e-03
-3.74598493e-01 4.69289927e-03 -3.72950919e-04 1.21283999e-03 -2.26819199e-03
-3.73141973e-01 4.65821717e-03 -2.94684844e-04 1.21537295e-03 -2.19572141e-03
-3.71684534e-01 4.62397744e-03 -2.12633166e-04 1.21652842e-03 -2.12288798e-03
-3.70226177e-01 4.59055662e-03 -1.27299552e-04 1.21613819e-03 -2.05020369e-03
-3.68766908e-01 4.55830781e-03 -3.92368058e-05 1.21403182e-03 -1.97816718e-03
-3.67306729e-01 4.52755261e-03 5.09587056e-05 1.21003795e-03 -1.90725524e-03
-3.65845645e-01 4.49857360e-03 1.42653199e-04 1.20398577e-03 -1.83791483e-03
-3.64383658e-01 4.47160737e-03 2.35182100e-04 1.19570673e-03 -1.77055542e-03
-3.62920772e-01 4.44683842e-03 3.27857054e-04 1.18503630e-03 -1.70554213e-03
-3.61456992e-01 4.42439400e-03 4.19973227e-04 1.17181604e-03 -1.64318957e-03
-3.59992320e-01 4.40433996e-03 5.10816789e-04 1.15589574e-03 -1.58375666e-03
-3.58526760e-01 4.38667784e-03 5.99672475e-04 1.13713577e-03 -1.52744233e-03
-3.57060317e-01 4.37134315e-03 6.85831133e-04 1.11540957e-03 -1.47438238e-03
-3.55592992e-01 4.35820501e-03 7.68597146e-04 1.09060619e-03 -1.42464748e-03
-3.54124791e-01 4.34706712e-03 8.47295636e-04 1.06263310e-03 -1.37824233e-03
-3.52655716e-01 4.33767013e-03 9.21279360e-04 1.03141885e-03 -1.33510604e-03
-3.51185772e-01 4.32969534e-03 9.89935220e-04 9.96915961e-04 -1.29511371e-03
-3.49714961e-01 4.32276977e-03 1.05269029e-03 9.59103733e-04 -1.25807925e-03
-3.48243288e-01 4.31647241e-03 1.10901734e-03 9.17990993e-04 -1.22375929e-03
-3.46770756e-01 4.31034178e-03 1.15843971e-03 8.73618811e-04 -1.19185819e-03
-3.45297369e-01 4.30388443e-03 1.20053561e-03 8.26063042e-04 -1.16203414e-03
-3.43823131e-01 4.29658441e-03 1.23494168e-03 7.75436695e-04 -1.13390608e-03
-3.42348044e-01 4.28791359e-03 1.26135593e-03 7.21892053e-04 -1.10706144e-03
-3.40872114e-01 4.27734247e-03 1.27953986e-03 6.65622491e-04 -1.08106458e-03
-3.39395342e-01 4.26435152e-03 1.28931994e-03 6.06863943e-04 -1.05546569e-03
-3.37917734e-01 4.24844267e-03 1.29058838e-03 5.45895959e-04 -1.02981015e-03
-3.36439292e-01 4.22915087e-03 1.28330312e-03 4.83042288e-04 -1.00364799e-03
-3.34960021e-01 4.20605542e-03 1.26748724e-03 4.18670962e-04 -9.76543461e-04
-3.33479923e-01 4.17879093e-03 1.24322772e-03 3.53193811e-04 -9.48084489e-04
-3.31999003e-01 4.14705763e-03 1.21067353e-03 2.87065385e-04 -9.17891775e-04
-3.30517264e-01 4.11063090e-03 1.17003326e-03 2.20781241e-04 -8.85627489e-04
-3.29034710e-01 4.06936975e-03 1.12157220e-03 1.54875581e-04 -8.51003342e-04
-3.27551345e-01 4.02322417e-03 1.06560902e-03 8.99182138e-05 -8.13787891e-04
-3.26067172e-01 3.97224105e-03 1.00251199e-03 2.65108475e-05 -7.73812959e-04
-3.24582195e-01 3.91656868e-03 9.32694987e-04 -3.47172944e-05 -7.30979037e-04
-3.23096417e-01 3.85645961e-03 8.56613140e-04 -9.31145038e-05 -6.85259577e-04
-3.21609843e-01 3.79227181e-03 7.74758327e-04 -1.48012245e-04 -6.36704074e-04
-3.20122475e-01 3.72446807e-03 6.87654516e-04 -1.98731393e-04 -5.85439890e-04
-3.18634318e-01 3.65361362e-03 5.95853012e-04 -2.44588999e-04 -5.31672763e-04
-3.17145375e-01 3.58037193e-03 4.99927673e-04 -2.84905523e-04 -4.75685983e-04
-3.15655650e-01 3.50549871e-03 4.00470141e-04 -3.19012448e-04 -4.17838243e-04
-3.14165146e-01 3.42983428e-03 2.98085130e-04 -3.46260193e-04 -3.58560168e-04
-3.12673868e-01 3.35429425e-03 1.93385816e-04 -3.66026232e-04 -2.98349590e-04
-3.11181819e-01 3.27985869e-03 8.69893564e-05 -3.77723305e-04 -2.37765626e-04
-3.09689002e-01 3.20755998e-03 -2.04874220e-05 -3.80807610e-04 -1.77421637e-04
-3.08195421e-01 3.13846947e-03 -1.28432143e-04 -3.74786863e-04 -1.17977187e-04
-3.06701080e-01 3.07368312e-03 -2.36240791e-04 -3.59228095e-04 -6.01291252e-05
-3.05205983e-01 3.01430638e-03 -3.43321398e-04 -3.33765076e-04 -4.60191250e-06
-3.03710134e-01 2.96143855e-03 -4.49097481e-04 -2.98105226e-04 4.78626347e-05
-3.02213535e-01 2.91615679e-03 -5.53011245e-04 -2.52035902e-04 9.65160372e-05
-3.00716191e-01 2.87950010e-03 -6.54526523e-04 -1.95429956e-04 1.40614108e-04
-2.99218105e-01 2.85245355e-03 -7.53131467e-04 -1.28250424e-04 1.79427997e-04
-2.97719282e-01 2.83593289e-03 -8.48340994e-04 -5.05542859e-05 2.12255150e-04
-2.96219724e-01 2.83076994e-03 -9.39698966e-04 3.75048210e-05 2.38430009e-04
-2.94719436e-01 2.83769888e-03 -1.02678014e-03 1.35675000e-04 2.57334281e-04
-2.93218420e-01 2.85734375e-03 -1.10919189e-03 2.43605659e-04 2.68406619e-04
-2.91716682e-01 2.89020735e-03 -1.18657565e-03 3.60848293e-04 2.71151552e-04
-2.90214224e-01 2.93666169e-03 -1.25860817e-03 4.86858507e-04 2.65147531e-04
-2.88711051e-01 2.99694019e-03 -1.32500256e-03 6.20999281e-04 2.50053959e-04
-2.87207166e-01 3.07113178e-03 -1.38550908e-03 7.62545477e-04 2.25617099e-04
-2.85702572e-01 3.15917697e-03 -1.43991575e-03 9.10689546e-04 1.91674768e-04
-2.84197274e-01 3.26086597e-03 -1.48804873e-03 1.06454838e-03 1.48159738e-04
-2.82691274e-01 3.37583897e-03 -1.52977254e-03 1.22317126e-03 9.51018009e-05
-2.81184578e-01 3.50358844e-03 -1.56499001e-03 1.38554877e-03 3.26284651e-05
-2.79677188e-01 3.64346362e-03 -1.59364211e-03 1.55062264e-03 -3.90357232e-05
-2.78169109e-01 3.79467694e-03 -1.61570753e-03 1.71729628e-03 -1.19571222e-04
-2.76660343e-01 3.95631246e-03 -1.63120209e-03 1.88444601e-03 -2.08566860e-04
-2.75150895e-01 4.12733601e-03 -1.64017795e-03 2.05093274e-03 -3.05524469e-04
-2.73640769e-01 4.30660707e-03 -1.64272262e-03 2.21561396e-03 -4.09864713e-04
-2.72129968e-01 4.49289209e-03 -1.63895778e-03 2.37735588e-03 -5.20934006e-04
-2.70618495e-01 4.68487906e-03 -1.62903793e-03 2.53504557e-03 -6.38012420e-04
-2.69106356e-01 4.88119317e-03 -1.61314883e-03 2.68760291e-03 -7.60322448e-04
-2.67593552e-01 5.08041317e-03 -1.59150576e-03 2.83399217e-03 -8.87038487e-04
-2.66080089e-01 5.28108845e-03 -1.56435161e-03 2.97323310e-03 -1.01729689e-03
-2.64565969e-01 5.48175623e-03 -1.53195483e-03 3.10441128e-03 -1.15020642e-03
-2.63051197e-01 5.68095890e-03 -1.49460715e-03 3.22668766e-03 -1.28485899e-03
-2.61535776e-01 5.87726112e-03 -1.45262122e-03 3.33930720e-03 -1.42034045e-03
-2.60019711e-01 6.06926637e-03 -1.40632810e-03 3.44160632e-03 -1.55574133e-03
-2.58503004e-01 6.25563288e-03 -1.35607460e-03 3.53301921e-03 -1.69016734e-03
-2.56985659e-01 6.43508849e-03 -1.30222057e-03 3.61308286e-03 -1.82274948e-03
-2.55467681e-01 6.60644447e-03 -1.24513607e-03 3.68144074e-03 -1.95265363e-03
-2.53949073e-01 6.76860787e-03 -1.18519853e-03 3.73784511e-03 -2.07908948e-03
-2.52429838e-01 6.92059242e-03 -1.12278978e-03 3.78215786e-03 -2.20131863e-03
-2.50909981e-01 7.06152781e-03 -1.05829322e-03 3.81435003e-03 -2.31866188e-03
-2.49389505e-01 7.19066707e-03 -9.92090873e-04 3.83449989e-03 -2.43050545e-03
-2.47868414e-01 7.30739229e-03 -9.24560543e-04 3.84278968e-03 -2.53630618e-03
-2.46346712e-01 7.41121831e-03 -8.56073063e-04 3.83950110e-03 -2.63559566e-03
-2.44824402e-01 7.50179456e-03 -7.86989603e-04 3.82500961e-03 -2.72798312e-03
-2.43301489e-01 7.57890507e-03 -7.17659131e-04 3.79977760e-03 -2.81315724e-03
-2.41777975e-01 7.64246653e-03 -6.48416021e-04 3.76434671e-03 -2.89088675e-03
-2.40253865e-01 7.69252467e-03 -5.79577838e-04 3.71932916e-03 -2.96101987e-03
-2.38729163e-01 7.72924897e-03 -5.11443336e-04 3.66539857e-03 -3.02348276e-03
-2.37203872e-01 7.75292582e-03 -4.44290672e-04 3.60328010e-03 -3.07827672e-03
-2.35677996e-01 7.76395031e-03 -3.78375866e-04 3.53374032e-03 -3.12547464e-03
-2.34151539e-01 7.76281681e-03 -3.13931522e-04 3.45757683e-03 -3.16521638e-03
-2.32624504e-01 7.75010852e-03 -2.51165822e-04 3.37560783e-03 -3.19770348e-03
-2.31096895e-01 7.72648617e-03 -1.90261800e-04 3.28866187e-03 -3.22319309e-03
-2.29568717e-01 7.69267618e-03 -1.31376910e-04 3.19756778e-03 -3.24199143e-03
-2.28039973e-01 7.64945824e-03 -7.46428824e-05 3.10314508e-03 -3.25444672e-03
-2.26510666e-01 7.59765286e-03 -2.01658675e-05 3.00619491e-03 -3.26094189e-03
-2.24980800e-01 7.53810882e-03 3.19731291e-05 2.90749167e-03 -3.26188701e-03
-2.23450380e-01 7.47169080e-03 8.17175411e-05 2.80777541e-03 -3.25771173e-03
-2.21919408e-01 7.39926747e-03 1.29034271e-04 2.70774509e-03 -3.24885780e-03
-2.20387890e-01 7.32170012e-03 1.73912474e-04 2.60805284e-03 -3.23577172e-03
-2.18855828e-01 7.23983196e-03 2.16362115e-04 2.50929915e-03 -3.21889780e-03
-2.17323226e-01 7.15447835e-03 2.56412321e-04 2.41202914e-03 -3.19867154e-03
-2.15790088e-01 7.06641802e-03 2.94109561e-04 2.31672988e-03 -3.17551360e-03
-2.14256418e-01 6.97638532e-03 3.29515671e-04 2.22382872e-03 -3.14982434e-03
-2.12722219e-01 6.88506368e-03 3.62705769e-04 2.13369274e-03 -3.12197899e-03
-2.11187496e-01 6.79308030e-03 3.93766076e-04 2.04662907e-03 -3.09232367e-03
-2.09652252e-01 6.70100204e-03 4.22791696e-04 1.96288623e-03 -3.06117204e-03
-2.08116491e-01 6.60933262e-03 4.49884368e-04 1.88265629e-03 -3.02880284e-03
-2.06580217e-01 6.51851102e-03 4.75150252e-04 1.80607784e-03 -2.99545826e-03
-2.05043433e-01 6.42891109e-03 4.98697751e-04 1.73323961e-03 -2.96134307e-03
-2.03506144e-01 6.34084232e-03 5.20635436e-04 1.66418470e-03 -2.92662452e-03
-2.01968353e-01 6.25455168e-03 5.41070085e-04 1.59891523e-03 -2.89143316e-03
-2.00430064e-01 6.17022638e-03 5.60104871e-04 1.53739746e-03 -2.85586420e-03
-1.98891280e-01 6.08799762e-03 5.77837741e-04 1.47956699e-03 -2.81997962e-03
-1.97352006e-01 6.00794493e-03 5.94359991e-04 1.42533425e-03 -2.78381095e-03
-1.95812245e-01 5.93010133e-03 6.09755079e-04 1.37458985e-03 -2.74736240e-03
-1.94272002e-01 5.85445880e-03 6.24097685e-04 1.32720998e-03 -2.71061463e-03
-1.92731279e-01 5.78097425e-03 6.37453038e-04 1.28306150e-03 -2.67352870e-03
-1.91190081e-01 5.70957567e-03 6.49876515e-04 1.24200680e-03 -2.63605039e-03
-1.89648411e-01 5.64016833e-03 6.61413533e-04 1.20390829e-03 -2.59811460e-03
-1.88106274e-01 5.57264108e-03 6.72099712e-04 1.16863240e-03 -2.55964986e-03
-1.86563673e-01 5.50687234e-03 6.81961334e-04 1.13605318e-03 -2.52058278e-03
-1.85020611e-01 5.44273591e-03 6.91016063e-04 1.10605523e-03 -2.48084236e-03
-1.83477094e-01 5.38010646e-03 6.99273936e-04 1.07853618e-03 -2.44036408e-03
-1.81933124e-01 5.31886443e-03 7.06738590e-04 1.05340848e-03 -2.39909371e-03
-1.80388705e-01 5.25890052e-03 7.13408707e-04 1.03060064e-03 -2.35699066e-03
-1.78843841e-01 5.20011955e-03 7.19279653e-04 1.01005790e-03 -2.31403100e-03
-1.77298536e-01 5.14244364e-03 7.24345282e-04 9.91742272e-04 -2.27020984e-03
-1.75752795e-01 5.08581479e-03 7.28599847e-04 9.75632122e-04 -2.22554327e-03
-1.74206619e-01 5.03019671e-03 7.32040017e-04 9.61721193e-04 -2.18006962e-03
-1.72660014e-01 4.97557599e-03 7.34666919e-04 9.50017231e-04 -2.13385016e-03
-1.71112983e-01 4.92196260e-03 7.36488186e-04 9.40540214e-04 -2.08696919e-03
-1.69565531e-01 4.86938970e-03 7.37519959e-04 9.33320265e-04 -2.03953345e-03
-1.68017660e-01 4.81791286e-03 7.37788788e-04 9.28395319e-04 -1.99167101e-03
-1.66469374e-01 4.76760874e-03 7.37333404e-04 9.25808607e-04 -1.94352954e-03
-1.64920678e-01 4.71857320e-03 7.36206294e-04 9.25606040e-04 -1.89527399e-03
-1.63371576e-01 4.67091898e-03 7.34475051e-04 9.27833557e-04 -1.84708393e-03
-1.61822070e-01 4.62477305e-03 7.32223455e-04 9.32534499e-04 -1.79915033e-03
-1.60272166e-01 4.58027362e-03 7.29552245e-04 9.39747094e-04 -1.75167201e-03
-1.58721866e-01 4.53756693e-03 7.26579547e-04 9.49502086e-04 -1.70485187e-03
-1.57171175e-01 4.49680390e-03 7.23440930e-04 9.61820584e-04 -1.65889283e-03
-1.55620096e-01 4.45813676e-03 7.20289078e-04 9.76712166e-04 -1.61399372e-03
-1.54068633e-01 4.42171561e-03 7.17293042e-04 9.94173270e-04 -1.57034508e-03
-1.52516790e-01 4.38768516e-03 7.14637082e-04 1.01418592e-03 -1.52812508e-03
-1.50964572e-01 4.35618157e-03 7.12519085e-04 1.03671679e-03 -1.48749555e-03
-1.49411981e-01 4.32732949e-03 7.11148574e-04 1.06171662e-03 -1.44859821e-03
-1.47859021e-01 4.30123947e-03 7.10744315e-04 1.08912001e-03 -1.41155126e-03
-1.46305697e-01 4.27800556e-03 7.11531548e-04 1.11884556e-03 -1.37644636e-03
-1.44752012e-01 4.25770336e-03 7.13738876e-04 1.15079631e-03 -1.34334604e-03
-1.43197970e-01 4.24038847e-03 7.17594846e-04 1.18486059e-03 -1.31228158e-03
-1.41643575e-01 4.22609526e-03 7.23324267e-04 1.22091305e-03 -1.28325159e-03
-1.40088830e-01 4.21483620e-03 7.31144324e-04 1.25881608e-03 -1.25622105e-03
-1.38533740e-01 4.20660149e-03 7.41260544e-04 1.29842128e-03 -1.23112108e-03
-1.36978309e-01 4.20135918e-03 7.53862680e-04 1.33957128e-03 -1.20784931e-03
-1.35422539e-01 4.19905575e-03 7.69120576e-04 1.38210162e-03 -1.18627096e-03
-1.33866436e-01 4.19961694e-03 7.87180103e-04 1.42584264e-03 -1.16622050e-03
-1.32310002e-01 4.20294912e-03 8.08159217e-04 1.47062159e-03 -1.14750400e-03
-1.30753243e-01 4.20894084e-03 8.32144236e-04 1.51626456e-03 -1.12990205e-03
-1.29196160e-01 4.21746477e-03 8.59186402e-04 1.56259846e-03 -1.11317321e-03
-1.27638760e-01 4.22837985e-03 8.89298799e-04 1.60945295e-03 -1.09705799e-03
-1.26081044e-01 4.24153361e-03 9.22453709e-04 1.65666208e-03 -1.08128327e-03
-1.24523017e-01 4.25676477e-03 9.58580454e-04 1.70406599e-03 -1.06556698e-03
-1.22964684e-01 4.27390575e-03 9.97563804e-04 1.75151226e-03 -1.04962318e-03
-1.21406047e-01 4.29278544e-03 1.03924298e-03 1.79885713e-03 -1.03316721e-03
-1.19847110e-01 4.31323179e-03 1.08341134e-03 1.84596650e-03 -1.01592104e-03
-1.18287878e-01 4.33507449e-03 1.12981669e-03 1.89271665e-03 -9.97618442e-04
-1.16728355e-01 4.35814746e-03 1.17816238e-03 1.93899477e-03 -9.78010258e-04
-1.15168543e-01 4.38229131e-03 1.22810904e-03 1.98469926e-03 -9.56869288e-04
-1.13608448e-01 4.40735548e-03 1.27927714e-03 2.02973974e-03 -9.33994967e-04
-1.12048072e-01 4.43320031e-03 1.33125012e-03 2.07403694e-03 -9.09217621e-04
-1.10487420e-01 4.45969875e-03 1.38357834e-03 2.11752232e-03 -8.82402235e-04
-1.08926495e-01 4.48673790e-03 1.43578356e-03 2.16013754e-03 -8.53451672e-04
-1.07365302e-01 4.51422016e-03 1.48736411e-03 2.20183381e-03 -8.22309255e-04
-1.05803844e-01 4.54206417e-03 1.53780049e-03 2.24257108e-03 -7.88960663e-04
-1.04242126e-01 4.57020533e-03 1.58656151e-03 2.28231716e-03 -7.53435091e-04
-1.02680150e-01 4.59859612e-03 1.63311077e-03 2.32104683e-03 -7.15805636e-04
-1.01117920e-01 4.62720600e-03 1.67691342e-03 2.35874084e-03 -6.76188898e-04
-9.95554419e-02 4.65602105e-03 1.71744305e-03 2.39538503e-03 -6.34743778e-04
-9.79927178e-02 4.68504331e-03 1.75418877e-03 2.43096943e-03 -5.91669491e-04
-9.64297521e-02 4.71428985e-03 1.78666216e-03 2.46548743e-03 -5.47202812e-04
-9.48665486e-02 4.74379160e-03 1.81440405e-03 2.49893516e-03 -5.01614592e-04
-9.33031111e-02 4.77359188e-03 1.83699113e-03 2.53131084e-03 -4.55205604e-04
-9.17394435e-02 4.80374487e-03 1.85404214e-03 2.56261448e-03 -4.08301776e-04
-9.01755497e-02 4.83431377e-03 1.86522352e-03 2.59284758e-03 -3.61248886e-04
-8.86114334e-02 4.86536900e-03 1.87025458e-03 2.62201313e-03 -3.14406829e-04
-8.70470987e-02 4.89698616e-03 1.86891188e-03 2.65011580e-03 -2.68143527e-04
-8.54825493e-02 4.92924410e-03 1.86103297e-03 2.67716227e-03 -2.22828614e-04
-8.39177890e-02 4.96222285e-03 1.84651918e-03 2.70316185e-03 -1.78826995e-04
-8.23528218e-02 4.99600170e-03 1.82533754e-03 2.72812721e-03 -1.36492403e-04
-8.07876515e-02 5.03065732e-03 1.79752182e-03 2.75207538e-03 -9.61610814e-05
-7.92222820e-02 5.06626200e-03 1.76317247e-03 2.77502887e-03 -5.81456960e-05
-7.76567171e-02 5.10288203e-03 1.72245568e-03 2.79701691e-03 -2.27296173e-05
-7.60909607e-02 5.14057631e-03 1.67560137e-03 2.81807693e-03 9.83832874e-06
-7.45250166e-02 5.17939513e-03 1.62290023e-03 2.83825599e-03 3.93485247e-05
-7.29588887e-02 5.21937925e-03 1.56469982e-03 2.85761235e-03 6.56345427e-05
-7.13925810e-02 5.26055917e-03 1.50139979e-03 2.87621706e-03 8.85763523e-05
-6.98260971e-02 5.30295474e-03 1.43344622e-03 2.89415554e-03 1.08102679e-04
-6.82594410e-02 5.34657502e-03 1.36132532e-03 2.91152904e-03 1.24192449e-04
-6.66926166e-02 5.39141845e-03 1.28555636e-03 2.92845610e-03 1.36875276e-04
-6.51256278e-02 5.43747328e-03 1.20668420e-03 2.94507380e-03 1.46230953e-04
-6.35584783e-02 5.48471830e-03 1.12527127e-03 2.96153881e-03 1.52387948e-04
-6.19911720e-02 5.53312381e-03 1.04188938e-03 2.97802833e-03 1.55520886e-04
-6.04237129e-02 5.58265285e-03 9.57111312e-04 2.99474059e-03 1.55847072e-04
-5.88561048e-02 5.63326263e-03 8.71502401e-04 3.01189520e-03 1.53622070e-04
-5.72883515e-02 5.68490612e-03 7.85612278e-04 3.02973311e-03 1.49134411e-04
-5.57204570e-02 5.73753382e-03 6.99966863e-04 3.04851611e-03 1.42699503e-04
-5.41524250e-02 5.79109559e-03 6.15060768e-04 3.06852613e-03 1.34652839e-04
-5.25842595e-02 5.84554256e-03 5.31350247e-04 3.09006392e-03 1.25342614e-04
-5.10159643e-02 5.90082905e-03 4.49246815e-04 3.11344741e-03 1.15121862e-04
-4.94475433e-02 5.95691437e-03 3.69111640e-04 3.13900963e-03 1.04340257e-04
-4.78790003e-02 6.01376466e-03 2.91250835e-04 3.16709611e-03 9.33357204e-05
-4.63103392e-02 6.07135447e-03 2.15911713e-04 3.19806193e-03 8.24259752e-05
-4.47415640e-02 6.12966816e-03 1.43280095e-04 3.23226824e-03 7.19002079e-05
-4.31726784e-02 6.18870115e-03 7.34787220e-05 3.27007848e-03 6.20109930e-05
-4.16036863e-02 6.24846073e-03 6.56680762e-06 3.31185409e-03 5.29666337e-05
-4.00345917e-02 6.30896670e-03 -5.74592490e-05 3.35794998e-03 4.49240688e-05
-3.84653983e-02 6.37025155e-03 -1.18663992e-04 3.40870963e-03 3.79824934e-05
-3.68961100e-02 6.43236029e-03 -1.77169898e-04 3.46445992e-03 3.21778262e-05
-3.53267308e-02 6.49534987e-03 -2.33153274e-04 3.52550579e-03 2.74781506e-05
-3.37572644e-02 6.55928822e-03 -2.86839111e-04 3.59212471e-03 2.37802374e-05
-3.21877148e-02 6.62425281e-03 -3.38494988e-04 3.66456116e-03 2.09072466e-05
-3.06180858e-02 6.69032882e-03 -3.88424108e-04 3.74302097e-03 1.86076821e-05
-2.90483813e-02 6.75760695e-03 -4.36957588e-04 3.82766588e-03 1.65556591e-05
-2.74786051e-02 6.82618080e-03 -4.84446118e-04 3.91860813e-03 1.43525186e-05
-2.59087612e-02 6.89614394e-03 -5.31251144e-04 4.01590541e-03 1.15298052e-05
-2.43388534e-02 6.96758668e-03 -5.77735695e-04 4.11955601e-03 7.55359942e-06
-2.27688855e-02 7.04059260e-03 -6.24255042e-04 4.22949449e-03 1.83017447e-06
-2.11988616e-02 7.11523488e-03 -6.71147320e-04 4.34558775e-03 -6.28707571e-06
-1.96287853e-02 7.19157249e-03 -7.18724292e-04 4.46763176e-03 -1.74895116e-05
-1.80586606e-02 7.26964639e-03 -7.67262414e-04 4.59534890e-03 -3.25040233e-05
-1.64884914e-02 7.34947569e-03 -8.16994349e-04 4.72838598e-03 -5.20828209e-05
-1.49182815e-02 7.43105393e-03 -8.68101104e-04 4.86631319e-03 -7.69923755e-05
-1.33480349e-02 7.51434560e-03 -9.20704913e-04 5.00862373e-03 -1.08001661e-04
-1.17777553e-02 7.59928284e-03 -9.74863015e-04 5.15473448e-03 -1.45869859e-04
-1.02074466e-02 7.68576254e-03 -1.03056244e-03 5.30398755e-03 -1.91333714e-04
-8.63711283e-03 7.77364385e-03 -1.08771591e-03 5.45565279e-03 -2.45094704e-04
-7.06675773e-03 7.86274617e-03 -1.14615898e-03 5.60893133e-03 -3.07806243e-04
-5.49638519e-03 7.95284777e-03 -1.20564837e-03 5.76296008e-03 -3.80061098e-04
-3.92599911e-03 8.04368488e-03 -1.26586176e-03 5.91681721e-03 -4.62379206e-04
-2.35560334e-03 8.13495162e-03 -1.32639880e-03 6.06952863e-03 -5.55196116e-04
-7.85201758e-04 8.22630053e-03 -1.38678365e-03 6.22007530e-03 -6.58852200e-04
7.85201758e-04 8.31734384e-03 -1.44646868e-03 6.36740150e-03 -7.73582855e-04
2.35560334e-03 8.40765552e-03 -1.50483971e-03 6.51042388e-03 -8.99509827e-04
3.92599911e-03 8.49677409e-03 -1.56122235e-03 6.64804115e-03 -1.03663383e-03
5.49638519e-03 8.58420609e-03 -1.61488965e-03 6.77914453e-03 -1.18482861e-03
7.06675773e-03 8.66943037e-03 -1.66507075e-03 6.90262859e-03 -1.34383648e-03
8.63711283e-03 8.75190296e-03 -1.71096059e-03 7.01740260e-03 -1.51326561e-03
1.02074466e-02 8.83106260e-03 -1.75173048e-03 7.12240208e-03 -1.69258894e-03
1.17777553e-02 8.90633683e-03 -1.78653931e-03 7.21660056e-03 -1.88114484e-03
1.33480349e-02 8.97714855e-03 -1.81454539e-03 7.29902128e-03 -2.07813966e-03
1.49182815e-02 9.04292294e-03 -1.83491863e-03 7.36874878e-03 -2.28265194e-03
1.64884914e-02 9.10309474e-03 -1.84685295e-03 7.42494023e-03 -2.49363848e-03
1.80586606e-02 9.15711561e-03 -1.84957874e-03 7.46683621e-03 -2.70994203e-03
1.96287853e-02 9.20446169e-03 -1.84237512e-03 7.49377105e-03 -2.93030071e-03
2.11988616e-02 9.24464102e-03 -1.82458187e-03 7.50518231e-03 -3.15335886e-03
2.27688855e-02 9.27720083e-03 -1.79561092e-03 7.50061946e-03 -3.37767938e-03
2.43388534e-02 9.30173457e-03 -1.75495701e-03 7.47975148e-03 -3.60175728e-03
2.59087612e-02 9.31788856e-03 -1.70220761e-03 7.44237347e-03 -3.82403436e-03
2.74786051e-02 9.32536803e-03 -1.63705177e-03 7.38841187e-03 -4.04291485e-03
2.90483813e-02 9.32394271e-03 -1.55928781e-03 7.31792848e-03 -4.25678170e-03
3.06180858e-02 9.31345157e-03 -1.46882972e-03 7.23112300e-03 -4.46401348e-03
3.21877148e-02 9.29380684e-03 -1.36571216e-03 7.12833414e-03 -4.66300155e-03
3.37572644e-02 9.26499712e-03 -1.25009400e-03 7.01003919e-03 -4.85216737e-03
3.53267308e-02 9.22708956e-03 -1.12226022e-03 6.87685212e-03 -5.02997967e-03
3.68961100e-02 9.18023107e-03 -9.82622319e-04 6.72952008e-03 -5.19497124e-03
3.84653983e-02 9.12464848e-03 -8.31716920e-04 6.56891839e-03 -5.34575528e-03
4.00345917e-02 9.06064767e-03 -6.70202881e-04 6.39604409e-03 -5.48104086e-03
4.16036863e-02 8.98861169e-03 -4.98856690e-04 6.21200806e-03 -5.59964750e-03
4.31726784e-02 8.90899785e-03 -3.18566305e-04 6.01802571e-03 -5.70051857e-03
4.47415640e-02 8.82233377e-03 -1.30323474e-04 5.81540659e-03 -5.78273334e-03
4.63103392e-02 8.72921256e-03 6.47853862e-05 5.60554268e-03 -5.84551767e-03
4.78790003e-02 8.63028709e-03 2.65589627e-04 5.38989582e-03 -5.88825293e-03
4.94475433e-02 8.52626347e-03 4.70846005e-04 5.16998421e-03 -5.91048328e-03
5.10159643e-02 8.41789384e-03 6.79251379e-04 4.94736824e-03 -5.91192118e-03
5.25842595e-02 8.30596852e-03 8.89456285e-04 4.72363576e-03 -5.89245088e-03
5.41524250e-02 8.19130775e-03 1.10007924e-03 4.50038706e-03 -5.85213013e-03
5.57204570e-02 8.07475295e-03 1.30972159e-03 4.27921958e-03 -5.79118984e-03
5.72883515e-02 7.95715786e-03 1.51698265e-03 4.06171273e-03 -5.71003184e-03
5.88561048e-02 7.83937949e-03 1.72047505e-03 3.84941284e-03 -5.60922474e-03
6.04237129e-02 7.72226912e-03 1.91883997e-03 3.64381854e-03 -5.48949793e-03
6.19911720e-02 7.60666346e-03 2.11076212e-03 3.44636664e-03 -5.35173382e-03
6.35584783e-02 7.49337605e-03 2.29498425e-03 3.25841880e-03 -5.19695839e-03
6.51256278e-02 7.38318914e-03 2.47032104e-03 3.08124905e-03 -5.02633025e-03
6.66926166e-02 7.27684597e-03 2.63567208e-03 2.91603234e-03 -4.84112824e-03
6.82594410e-02 7.17504376e-03 2.79003390e-03 2.76383432e-03 -4.64273781e-03
6.98260971e-02 7.07842742e-03 2.93251072e-03 2.62560232e-03 -4.43263638e-03
7.13925810e-02 6.98758395e-03 3.06232403e-03 2.50215778e-03 -4.21237775e-03
7.29588887e-02 6.90303782e-03 3.17882057e-03 2.39419014e-03 -3.98357588e-03
7.45250166e-02 6.82524721e-03 3.28147882e-03 2.30225224e-03 -3.74788813e-03
7.60909607e-02 6.75460119e-03 3.36991386e-03 2.22675729e-03 -3.50699833e-03
7.76567171e-02 6.69141791e-03 3.44388053e-03 2.16797742e-03 -3.26259964e-03
7.92222820e-02 6.63594374e-03 3.50327477e-03 2.12604387e-03 -3.01637769e-03
8.07876515e-02 6.58835342e-03 3.54813336e-03 2.10094866e-03 -2.76999399e-03
8.23528218e-02 6.54875107e-03 3.57863176e-03 2.09254782e-03 -2.52506986e-03
8.39177890e-02 6.51717221e-03 3.59508032e-03 2.10056607e-03 -2.28317116e-03
8.54825493e-02 6.49358657e-03 3.59791890e-03 2.12460287e-03 -2.04579385e-03
8.70470987e-02 6.47790165e-03 3.58770981e-03 2.16413970e-03 -1.81435065e-03
8.86114334e-02 6.46996709e-03 3.56512935e-03 2.21854860e-03 -1.59015890e-03
9.01755497e-02 6.46957954e-03 3.53095807e-03 2.28710161e-03 -1.37442973e-03
9.17394435e-02 6.47648813e-03 3.48606974e-03 2.36898119e-03 -1.16825869e-03
9.33031111e-02 6.49040033e-03 3.43141934e-03 2.46329134e-03 -9.72617902e-04
9.48665486e-02 6.51098813e-03 3.36803023e-03 2.56906936e-03 -7.88349806e-04
9.64297521e-02 6.53789446e-03 3.29698058e-03 2.68529793e-03 -6.16162550e-04
9.79927178e-02 6.57073960e-03 3.21938935e-03 2.81091759e-03 -4.56627026e-04
9.95554419e-02 6.60912776e-03 3.13640202e-03 2.94483922e-03 -3.10175579e-04
1.01117920e-01 6.65265337e-03 3.04917614e-03 3.08595649e-03 -1.77102350e-04
1.02680150e-01 6.70090726e-03 2.95886715e-03 3.23315810e-03 -5.75652224e-05
1.04242126e-01 6.75348253e-03 2.86661435e-03 3.38533968e-03 4.84107002e-05
1.05803844e-01 6.80997997e-03 2.77352750e-03 3.54141513e-03 1.40928162e-04
1.07365302e-01 6.87001312e-03 2.68067406e-03 3.70032740e-03 2.20211466e-04
1.08926495e-01 6.93321270e-03 2.58906724e-03 3.86105843e-03 2.86598942e-04
1.10487420e-01 6.99923051e-03 2.49965514e-03 4.02263828e-03 3.40534306e-04
1.12048072e-01 7.06774270e-03 2.41331094e-03 4.18415336e-03 3.82557044e-04
1.13608448e-01 7.13845239e-03 2.33082444e-03 4.34475353e-03 4.13291973e-04
1.15168543e-01 7.21109163e-03 2.25289490e-03 4.50365819e-03 4.33438140e-04
1.16728355e-01 7.28542261e-03 2.18012532e-03 4.66016121e-03 4.43757217e-04
1.18287878e-01 7.36123832e-03 2.11301821e-03 4.81363477e-03 4.45061561e-04
1.19847110e-01 7.43836248e-03 2.05197292e-03 4.96353191e-03 4.38202097e-04
1.21406047e-01 7.51664885e-03 1.99728438e-03 5.10938808e-03 4.24056203e-04
1.22964684e-01 7.59598000e-03 1.94914351e-03 5.25082144e-03 4.03515741e-04
1.24523017e-01 7.67626553e-03 1.90763893e-03 5.38753212e-03 3.77475390e-04
1.26081044e-01 7.75743976e-03 1.87276017e-03 5.51930041e-03 3.46821441e-04
1.27638760e-01 7.83945916e-03 1.84440222e-03 5.64598403e-03 3.12421160e-04
1.29196160e-01 7.92229924e-03 1.82237120e-03 5.76751440e-03 2.75112867e-04
1.30753243e-01 8.00595134e-03 1.80639124e-03 5.88389220e-03 2.35696825e-04
1.32310002e-01 8.09041918e-03 1.79611226e-03 5.99518212e-03 1.94927039e-04
1.33866436e-01 8.17571521e-03 1.79111862e-03 6.10150708e-03 1.53504034e-04
1.35422539e-01 8.26185708e-03 1.79093841e-03 6.20304189e-03 1.12068685e-04
1.36978309e-01 8.34886405e-03 1.79505327e-03 6.30000652e-03 7.11971388e-05
1.38533740e-01 8.43675353e-03 1.80290849e-03 6.39265914e-03 3.13968466e-05
1.40088830e-01 8.52553785e-03 1.81392341e-03 6.48128891e-03 -6.89627025e-06
1.41643575e-01 8.61522120e-03 1.82750166e-03 6.56620882e-03 -4.33195356e-05
1.43197970e-01 8.70579701e-03 1.84304138e-03 6.64774851e-03 -7.75841365e-05
1.44752012e-01 8.79724553e-03 1.85994504e-03 6.72624733e-03 -1.09474681e-04
1.46305697e-01 8.88953193e-03 1.87762884e-03 6.80204761e-03 -1.38847748e-04
1.47859021e-01 8.98260478e-03 1.89553148e-03 6.87548831e-03 -1.65629500e-04
1.49411981e-01 9.07639505e-03 1.91312223e-03 6.94689917e-03 -1.89812423e-04
1.50964572e-01 9.17081547e-03 1.92990815e-03 7.01659528e-03 -2.11451296e-04
1.52516790e-01 9.26576053e-03 1.94544043e-03 7.08487233e-03 -2.30658472e-04
1.54068633e-01 9.36110680e-03 1.95931967e-03 7.15200247e-03 -2.47598580e-04
1.55620096e-01 9.45671385e-03 1.97120018e-03 7.21823081e-03 -2.62482753e-04
1.57171175e-01 9.55242549e-03 1.98079315e-03 7.28377272e-03 -2.75562477e-04
1.58721866e-01 9.64807157e-03 1.98786874e-03 7.34881176e-03 -2.87123197e-04
1.60272166e-01 9.74346996e-03 1.99225708e-03 7.41349841e-03 -2.97477759e-04
1.61822070e-01 9.83842908e-03 1.99384823e-03 7.47794951e-03 -3.06959816e-04
1.63371576e-01 9.93275051e-03 1.99259101e-03 7.54224836e-03 -3.15917276e-04
1.64920678e-01 1.00262319e-02 1.98849096e-03 7.60644557e-03 -3.24705916e-04
1.66469374e-01 1.01186702e-02 1.98160738e-03 7.67056048e-03 -3.33683219e-04
1.68017660e-01 1.02098645e-02 1.97204951e-03 7.73458319e-03 -3.43202534e-04
1.69565531e-01 1.02996196e-02 1.95997201e-03 7.79847707e-03 -3.53607615e-04
1.71112983e-01 1.03877490e-02 1.94556988e-03 7.86218182e-03 -3.65227616e-04
1.72660014e-01 1.04740778e-02 1.92907279e-03 7.92561678e-03 -3.78372563e-04
1.74206619e-01 1.05584459e-02 1.91073916e-03 7.98868463e-03 -3.93329369e-04
1.75752795e-01 1.06407104e-02 1.89084982e-03 8.05127531e-03 -4.10358401e-04
1.77298536e-01 1.07207482e-02 1.86970174e-03 8.11327001e-03 -4.29690618e-04
1.78843841e-01 1.07984580e-02 1.84760156e-03 8.17454529e-03 -4.51525290e-04
1.80388705e-01 1.08737618e-02 1.82485934e-03 8.23497709e-03 -4.76028282e-04
1.81933124e-01 1.09466065e-02 1.80178250e-03 8.29444473e-03 -5.03330909e-04
1.83477094e-01 1.10169644e-02 1.77867012e-03 8.35283460e-03 -5.33529305e-04
1.85020611e-01 1.10848340e-02 1.75580755e-03 8.41004368e-03 -5.66684317e-04
1.86563673e-01 1.11502393e-02 1.73346163e-03 8.46598271e-03 -6.02821850e-04
1.88106274e-01 1.12132299e-02 1.71187645e-03 8.52057893e-03 -6.41933645e-04
1.89648411e-01 1.12738795e-02 1.69126968e-03 8.57377850e-03 -6.83978434e-04
1.91190081e-01 1.13322847e-02 1.67182968e-03 8.62554829e-03 -7.28883424e-04
1.92731279e-01 1.13885629e-02 1.65371319e-03 8.67587730e-03 -7.76546065e-04
1.94272002e-01 1.14428502e-02 1.63704383e-03 8.72477751e-03 -8.26836043e-04
1.95812245e-01 1.14952988e-02 1.62191129e-03 8.77228417e-03 -8.79597460e-04
1.97352006e-01 1.15460739e-02 1.60837120e-03 8.81845559e-03 -9.34651142e-04
1.98891280e-01 1.15953507e-02 1.59644569e-03 8.86337244e-03 -9.91797044e-04
2.00430064e-01 1.16433111e-02 1.58612465e-03 8.90713647e-03 -1.05081669e-03
2.01968353e-01 1.16901402e-02 1.57736753e-03 8.94986888e-03 -1.11147567e-03
2.03506144e-01 1.17360230e-02 1.57010566e-03 8.99170812e-03 -1.17352601e-03
2.05043433e-01 1.17811406e-02 1.56424510e-03 9.03280750e-03 -1.23670869e-03
2.06580217e-01 1.18256674e-02 1.55966991e-03 9.07333231e-03 -1.30075586e-03
2.08116491e-01 1.18697674e-02 1.55624562e-03 9.11345678e-03 -1.36539321e-03
2.09652252e-01 1.19135918e-02 1.55382313e-03 9.15336084e-03 -1.43034205e-03
2.11187496e-01 1.19572759e-02 1.55224261e-03 9.19322673e-03 -1.49532148e-03
2.12722219e-01 1.20009373e-02 1.55133758e-03 9.23323559e-03 -1.56005031e-03
2.14256418e-01 1.20446737e-02 1.55093899e-03 9.27356407e-03 -1.62424899e-03
2.15790088e-01 1.20885616e-02 1.55087918e-03 9.31438100e-03 -1.68764142e-03
2.17323226e-01 1.21326555e-02 1.55099578e-03 9.35584428e-03 -1.74995671e-03
2.18855828e-01 1.21769874e-02 1.55113532e-03 9.39809796e-03 -1.81093083e-03
2.20387890e-01 1.22215669e-02 1.55115664e-03 9.44126961e-03 -1.87030827e-03
2.21919408e-01 1.22663819e-02 1.55093400e-03 9.48546800e-03 -1.92784363e-03
2.23450380e-01 1.23114000e-02 1.55035975e-03 9.53078123e-03 -1.98330313e-03
2.24980800e-01 1.23565696e-02 1.54934674e-03 9.57727522e-03 -2.03646621e-03
2.26510666e-01 1.24018229e-02 1.54783022e-03 9.62499267e-03 -2.08712698e-03
2.28039973e-01 1.24470775e-02 1.54576939e-03 9.67395246e-03 -2.13509576e-03
2.29568717e-01 1.24922404e-02 1.54314848e-03 9.72414956e-03 -2.18020053e-03
2.31096895e-01 1.25372105e-02 1.53997741e-03 9.77555535e-03 -2.22228834e-03
2.32624504e-01 1.25818825e-02 1.53629209e-03 9.82811846e-03 -2.26122678e-03
2.34151539e-01 1.26261508e-02 1.53215429e-03 9.88176601e-03 -2.29690526e-03
2.35677996e-01 1.26699129e-02 1.52765112e-03 9.93640520e-03 -2.32923629e-03
2.37203872e-01 1.27130739e-02 1.52289422e-03 9.99192537e-03 -2.35815663e-03
2.38729163e-01 1.27555496e-02 1.51801866e-03 1.00482003e-02 -2.38362835e-03
2.40253865e-01 1.27972706e-02 1.51318146e-03 1.01050906e-02 -2.40563962e-03
2.41777975e-01 1.28381857e-02 1.50856008e-03 1.01624469e-02 -2.42420542e-03
2.43301489e-01 1.28782647e-02 1.50435051e-03 1.02201123e-02 -2.43936789e-03
2.44824402e-01 1.29175014e-02 1.50076535e-03 1.02779255e-02 -2.45119657e-03
2.46346712e-01 1.29559155e-02 1.49803176e-03 1.03357239e-02 -2.45978811e-03
2.47868414e-01 1.29935545e-02 1.49638927e-03 1.03933462e-02 -2.46526585e-03
2.49389505e-01 1.30304945e-02 1.49608757e-03 1.04506356e-02 -2.46777887e-03
2.50909981e-01 1.30668411e-02 1.49738433e-03 1.05074420e-02 -2.46750074e-03
2.52429838e-01 1.31027284e-02 1.50054292e-03 1.05636244e-02 -2.46462775e-03
2.53949073e-01 1.31383187e-02 1.50583022e-03 1.06190533e-02 -2.45937683e-03
2.55467681e-01 1.31738003e-02 1.51351444e-03 1.06736118e-02 -2.45198290e-03
2.56985659e-01 1.32093859e-02 1.52386292e-03 1.07271975e-02 -2.44269588e-03
2.58503004e-01 1.32453085e-02 1.53714004e-03 1.07797232e-02 -2.43177722e-03
2.60019711e-01 1.32818188e-02 1.55360505e-03 1.08311174e-02 -2.41949603e-03
2.61535776e-01 1.33191804e-02 1.57351004e-03 1.08813245e-02 -2.40612492e-03
2.63051197e-01 1.33576651e-02 1.59709782e-03 1.09303045e-02 -2.39193536e-03
2.64565969e-01 1.33975477e-02 1.62459979e-03 1.09780325e-02 -2.37719299e-03
2.66080089e-01 1.34391009e-02 1.65623386e-03 1.10244973e-02 -2.36215248e-03
2.67593552e-01 1.34825888e-02 1.69220221e-03 1.10697004e-02 -2.34705249e-03
2.69106356e-01 1.35282616e-02 1.73268910e-03 1.11136543e-02 -2.33211045e-03
2.70618495e-01 1.35763495e-02 1.77785856e-03 1.11563805e-02 -2.31751740e-03
2.72129968e-01 1.36270566e-02 1.82785192e-03 1.11979079e-02 -2.30343307e-03
2.73640769e-01 1.36805557e-02 1.88278542e-03 1.12382700e-02 -2.28998108e-03
2.75150895e-01 1.37369828e-02 1.94274752e-03 1.12775033e-02 -2.27724457e-03
2.76660343e-01 1.37964320e-02 2.00779631e-03 1.13156452e-02 -2.26526228e-03
2.78169109e-01 1.38589520e-02 2.07795670e-03 1.13527315e-02 -2.25402517e-03
2.79677188e-01 1.39245418e-02 2.15321763e-03 1.13887951e-02 -2.24347373e-03
2.81184578e-01 1.39931481e-02 2.23352922e-03 1.14238641e-02 -2.23349599e-03
2.82691274e-01 1.40646635e-02 2.31879994e-03 1.14579605e-02 -2.22392646e-03
2.84197274e-01 1.41389255e-02 2.40889382e-03 1.14910996e-02 -2.21454586e-03
2.85702572e-01 1.42157162e-02 2.50362776e-03 1.15232889e-02 -2.20508198e-03
2.87207166e-01 1.42947636e-02 2.60276898e-03 1.15545283e-02 -2.19521142e-03
2.88711051e-01 1.43757434e-02 2.70603275e-03 1.15848105e-02 -2.18456248e-03
2.90214224e-01 1.44582822e-02 2.81308036e-03 1.16141214e-02 -2.17271910e-03
2.91716682e-01 1.45419618e-02 2.92351748e-03 1.16424418e-02 -2.15922586e-03
2.93218420e-01 1.46263240e-02 3.03689296e-03 1.16697490e-02 -2.14359400e-03
2.94719436e-01 1.47108768e-02 3.15269819e-03 1.16960188e-02 -2.12530847e-03
2.96219724e-01 1.47951013e-02 3.27036700e-03 1.17212280e-02 -2.10383591e-03
2.97719282e-01 1.48784596e-02 3.38927626e-03 1.17453579e-02 -2.07863344e-03
2.99218105e-01 1.49604027e-02 3.50874728e-03 1.17683964e-02 -2.04915821e-03
3.00716191e-01 1.50403797e-02 3.62804794e-03 1.17903426e-02 -2.01487754e-03
3.02213535e-01 1.51178471e-02 3.74639569e-03 1.18112095e-02 -1.97527957e-03
3.03710134e-01 1.51922781e-02 3.86296151e-03 1.18310278e-02 -1.92988418e-03
3.05205983e-01 1.52631722e-02 3.97687471e-03 1.18498498e-02 -1.87825403e-03
3.06701080e-01 1.53300649e-02 4.08722876e-03 1.18677523e-02 -1.82000563e-03
3.08195421e-01 1.53925366e-02 4.19308797e-03 1.18848402e-02 -1.75482008e-03
3.09689002e-01 1.54502217e-02 4.29349518e-03 1.19012491e-02 -1.68245346e-03
3.11181819e-01 1.55028167e-02 4.38748025e-03 1.19171481e-02 -1.60274656e-03
3.12673868e-01 1.55500876e-02 4.47406939e-03 1.19327410e-02 -1.51563376e-03
3.14165146e-01 1.55918766e-02 4.55229529e-03 1.19482686e-02 -1.42115099e-03
3.15655650e-01 1.56281074e-02 4.62120784e-03 1.19640085e-02 -1.31944241e-03
3.17145375e-01 1.56587899e-02 4.67988536e-03 1.19802755e-02 -1.21076576e-03
3.18634318e-01 1.56840227e-02 4.72744632e-03 1.19974207e-02 -1.09549626e-03
3.20122475e-01 1.57039954e-02 4.76306125e-03 1.20158295e-02 -9.74128830e-04
3.21609843e-01 1.57189884e-02 4.78596474e-03 1.20359195e-02 -8.47278553e-04
3.23096417e-01 1.57293720e-02 4.79546741e-03 1.20581369e-02 -7.15679366e-04
3.24582195e-01 1.57356035e-02 4.79096757e-03 1.20829522e-02 -5.80180840e-04
3.26067172e-01 1.57382231e-02 4.77196241e-03 1.21108556e-02 -4.41743065e-04
3.27551345e-01 1.57378484e-02 4.73805863e-03 1.21423508e-02 -3.01429633e-04
3.29034710e-01 1.57351670e-02 4.68898215e-03 1.21779487e-02 -1.60398772e-04
3.30517264e-01 1.57309286e-02 4.62458684e-03 1.22181608e-02 -1.98926736e-05
3.31999003e-01 1.57259350e-02 4.54486199e-03 1.22634908e-02 1.18774857e-04
3.33479923e-01 1.57210301e-02 4.44993849e-03 1.23144274e-02 2.54232318e-04
3.34960021e-01 1.57170879e-02 4.34009338e-03 1.23714358e-02 3.85065816e-04
3.36439292e-01 1.57150002e-02 4.21575281e-03 1.24349495e-02 5.09835589e-04
3.37917734e-01 1.57156643e-02 4.07749314e-03 1.25053617e-02 6.27093511e-04
3.39395342e-01 1.57199696e-02 3.92604021e-03 1.25830174e-02 7.35401359e-04
3.40872114e-01 1.57287840e-02 3.76226664e-03 1.26682056e-02 8.33349575e-04
3.42348044e-01 1.57429414e-02 3.58718713e-03 1.27611517e-02 9.19576260e-04
3.43823131e-01 1.57632280e-02 3.40195180e-03 1.28620107e-02 9.92786114e-04
3.45297369e-01 1.57903709e-02 3.20783752e-03 1.29708618e-02 1.05176904e-03
3.46770756e-01 1.58250255e-02 3.00623737e-03 1.30877024e-02 1.09541809e-03
3.48243288e-01 1.58677659e-02 2.79864825e-03 1.32124450e-02 1.12274656e-03
3.49714961e-01 1.59190744e-02 2.58665678e-03 1.33449135e-02 1.13290382e-03
3.51185772e-01 1.59793343e-02 2.37192372e-03 1.34848421e-02 1.12518971e-03
3.52655716e-01 1.60488224e-02 2.15616693e-03 1.36318748e-02 1.09906725e-03
3.54124791e-01 1.61277049e-02 1.94114324e-03 1.37855664e-02 1.05417338e-03
3.55592992e-01 1.62160331e-02 1.72862940e-03 1.39453851e-02 9.90327616e-04
3.57060317e-01 1.63137430e-02 1.52040234e-03 1.41107165e-02 9.07538352e-04
3.58526760e-01 1.64206550e-02 1.31821903e-03 1.42808686e-02 8.06006753e-04
3.59992320e-01 1.65364767e-02 1.12379630e-03 1.44550791e-02 6.86128108e-04
3.61456992e-01 1.66608070e-02 9.38790738e-04 1.46325231e-02 5.48490577e-04
3.62920772e-01 1.67931423e-02 7.64779157e-04 1.48123229e-02 3.93871315e-04
3.64383658e-01 1.69328843e-02 6.03239801e-04 1.49935578e-02 2.23229994e-04
3.65845645e-01 1.70793500e-02 4.55534619e-04 1.51752767e-02 3.76997775e-05
3.67306729e-01 1.72317824e-02 3.22892882e-04 1.53565095e-02 -1.61424154e-04
3.68766908e-01 1.73893634e-02 2.06396404e-04 1.55362808e-02 -3.72698378e-04
3.70226177e-01 1.75512273e-02 1.06966595e-04 1.57136236e-02 -5.94547147e-04
3.71684534e-01 1.77164756e-02 2.53535750e-05 1.58875932e-02 -8.25280212e-04
3.73141973e-01 1.78841927e-02 -3.78724837e-05 1.60572810e-02 -1.06311234e-03
3.74598493e-01 1.80534613e-02 -8.23276220e-05 1.62218290e-02 -1.30618421e-03
3.76054088e-01 1.82233792e-02 -1.07817865e-04 1.63804434e-02 -1.55258447e-03
3.77508756e-01 1.83930750e-02 -1.14340416e-04 1.65324074e-02 -1.80037254e-03
3.78962493e-01 1.85617238e-02 -1.02082245e-04 1.66770940e-02 -2.04760191e-03
3.80415296e-01 1.87285630e-02 -7.14160698e-05 1.68139772e-02 -2.29234355e-03
3.81867160e-01 1.88929059e-02 -2.28937931e-05 1.69426424e-02 -2.53270917e-03
3.83318083e-01 1.90541552e-02 4.27625313e-05 1.70627950e-02 -2.76687385e-03
3.84768060e-01 1.92118149e-02 1.24672059e-04 1.71742681e-02 -2.99309783e-03
3.86217089e-01 1.93655003e-02 2.21808679e-04 1.72770279e-02 -3.20974712e-03
3.87665165e-01 1.95149466e-02 3.33016500e-04 1.73711775e-02 -3.41531259e-03
3.89112285e-01 1.96600150e-02 4.57027052e-04 1.74569592e-02 -3.60842726e-03
3.90558445e-01 1.98006972e-02 5.92477948e-04 1.75347538e-02 -3.78788162e-03
3.92003642e-01 1.99371173e-02 7.37932709e-04 1.76050788e-02 -3.95263664e-03
3.93447872e-01 2.00695317e-02 8.91901444e-04 1.76685842e-02 -4.10183438e-03
3.94891132e-01 2.01983262e-02 1.05286207e-03 1.77260460e-02 -4.23480603e-03
3.96333418e-01 2.03240112e-02 1.21928170e-03 1.77783582e-02 -4.35107723e-03
3.97774727e-01 2.04472143e-02 1.38963795e-03 1.78265223e-02 -4.45037069e-03
3.99215055e-01 2.05686709e-02 1.56243971e-03 1.78716353e-02 -4.53260598e-03
4.00654398e-01 2.06892122e-02 1.73624717e-03 1.79148761e-02 -4.59789659e-03
4.02092753e-01 2.08097521e-02 1.90969068e-03 1.79574899e-02 -4.64654435e-03
4.03530117e-01 2.09312713e-02 2.08148827e-03 1.80007720e-02 -4.67903117e-03
4.04966485e-01 2.10548007e-02 2.25046145e-03 1.80460498e-02 -4.69600840e-03
4.06401855e-01 2.11814030e-02 2.41554911e-03 1.80946641e-02 -4.69828397e-03
4.07836222e-01 2.13121534e-02 2.57581926e-03 1.81479502e-02 -4.68680733e-03
4.09269584e-01 2.14481201e-02 2.73047857e-03 1.82072179e-02 -4.66265280e-03
4.10701936e-01 2.15903432e-02 2.87887933e-03 1.82737322e-02 -4.62700119e-03
4.12133276e-01 2.17398148e-02 3.02052400e-03 1.83486933e-02 -4.58112028e-03
4.13563599e-01 2.18974585e-02 3.15506714e-03 1.84332182e-02 -4.52634438e-03
4.14992902e-01 2.20641100e-02 3.28231473e-03 1.85283220e-02 -4.46405323e-03
4.16421181e-01 2.22404984e-02 3.40222098e-03 1.86349009e-02 -4.39565059e-03
4.17848434e-01 2.24272286e-02 3.51488259e-03 1.87537164e-02 -4.32254298e-03
4.19274656e-01 2.26247655e-02 3.62053071e-03 1.88853808e-02 -4.24611864e-03
4.20699844e-01 2.28334199e-02 3.71952071e-03 1.90303449e-02 -4.16772731e-03
4.22123995e-01 2.30533366e-02 3.81231983e-03 1.91888874e-02 -4.08866089e-03
4.23547105e-01 2.32844847e-02 3.89949315e-03 1.93611065e-02 -4.01013539e-03
4.24969170e-01 2.35266501e-02 3.98168796e-03 1.95469143e-02 -3.93327446e-03
4.26390187e-01 2.37794318e-02 4.05961686e-03 1.97460328e-02 -3.85909456e-03
4.27810152e-01 2.40422393e-02 4.13403996e-03 1.99579935e-02 -3.78849226e-03
4.29229063e-01 2.43142944e-02 4.20574630e-03 2.01821388e-02 -3.72223348e-03
4.30646915e-01 2.45946351e-02 4.27553508e-03 2.04176262e-02 -3.66094515e-03
4.32063705e-01 2.48821225e-02 4.34419673e-03 2.06634356e-02 -3.60510916e-03
4.33479429e-01 2.51754505e-02 4.41249436e-03 2.09183784e-02 -3.55505880e-03
4.34894084e-01 2.54731585e-02 4.48114587e-03 2.11811095e-02 -3.51097756e-03
4.36307667e-01 2.57736463e-02 4.55080687e-03 2.14501418e-02 -3.47290046e-03
4.37720174e-01 2.60751917e-02 4.62205489e-03 2.17238620e-02 -3.44071775e-03
4.39131601e-01 2.63759701e-02 4.69537508e-03 2.20005494e-02 -3.41418085e-03
4.40541946e-01 2.66740759e-02 4.77114754e-03 2.22783958e-02 -3.39291053e-03
4.41951203e-01 2.69675457e-02 4.84963667e-03 2.25555268e-02 -3.37640711e-03
4.43359371e-01 2.72543829e-02 4.93098259e-03 2.28300245e-02 -3.36406244e-03
4.44766446e-01 2.75325827e-02 5.01519478e-03 2.30999512e-02 -3.35517360e-03
4.46172424e-01 2.78001583e-02 5.10214816e-03 2.33633729e-02 -3.34895790e-03
4.47577301e-01 2.80551667e-02 5.19158151e-03 2.36183843e-02 -3.34456912e-03
4.48981074e-01 2.82957354e-02 5.28309844e-03 2.38631325e-02 -3.34111457e-03
4.50383741e-01 2.85200867e-02 5.37617073e-03 2.40958408e-02 -3.33767275e-03
4.51785296e-01 2.87265632e-02 5.47014420e-03 2.43148317e-02 -3.33331142e-03
4.53185738e-01 2.89136505e-02 5.56424678e-03 2.45185487e-02 -3.32710559e-03
4.54585061e-01 2.90799989e-02 5.65759884e-03 2.47055771e-02 -3.31815535e-03
4.55983264e-01 2.92244432e-02 5.74922565e-03 2.48746621e-02 -3.30560319e-03
4.57380342e-01 2.93460199e-02 5.83807155e-03 2.50247265e-02 -3.28865046e-03
4.58776292e-01 2.94439824e-02 5.92301593e-03 2.51548846e-02 -3.26657289e-03
4.60171111e-01 2.95178130e-02 6.00289055e-03 2.52644552e-02 -3.23873478e-03
4.61564795e-01 2.95672324e-02 6.07649800e-03 2.53529707e-02 -3.20460176e-03
4.62957340e-01 2.95922064e-02 6.14263110e-03 2.54201844e-02 -3.16375181e-03
4.64348744e-01 2.95929483e-02 6.20009284e-03 2.54660749e-02 -3.11588458e-03
4.65739003e-01 2.95699199e-02 6.24771660e-03 2.54908471e-02 -3.06082858e-03
4.67128113e-01 2.95238278e-02 6.28438639e-03 2.54949313e-02 -2.99854646e-03
4.68516071e-01 2.94556176e-02 6.30905673e-03 2.54789780e-02 -2.92913805e-03
4.69902874e-01 2.93664646e-02 6.32077188e-03 2.54438519e-02 -2.85284125e-03
4.71288518e-01 2.92577615e-02 6.31868421e-03 2.53906213e-02 -2.77003071e-03
4.72672999e-01 2.91311040e-02 6.30207131e-03 2.53205462e-02 -2.68121438e-03
4.74056315e-01 2.89882735e-02 6.27035160e-03 2.52350635e-02 -2.58702792e-03
4.75438462e-01 2.88312173e-02 6.22309833e-03 2.51357707e-02 -2.48822701e-03
4.76819436e-01 2.86620278e-02 6.16005149e-03 2.50244065e-02 -2.38567789e-03
4.78199234e-01 2.84829190e-02 6.08112767e-03 2.49028313e-02 -2.28034595e-03
4.79577853e-01 2.82962023e-02 5.98642761e-03 2.47730053e-02 -2.17328279e-03
4.80955289e-01 2.81042612e-02 5.87624123e-03 2.46369658e-02 -2.06561190e-03
4.82331539e-01 2.79095256e-02 5.75105019e-03 2.44968042e-02 -1.95851294e-03
4.83706600e-01 2.77144455e-02 5.61152774e-03 2.43546419e-02 -1.85320523e-03
4.85080468e-01 2.75214651e-02 5.45853598e-03 2.42126071e-02 -1.75093030e-03
4.86453139e-01 2.73329972e-02 5.29312039e-03 2.40728109e-02 -1.65293404e-03
4.87824611e-01 2.71513984e-02 5.11650180e-03 2.39373248e-02 -1.56044852e-03
4.89194880e-01 2.69789458e-02 4.93006578e-03 2.38081581e-02 -1.47467381e-03
4.90563942e-01 2.68178147e-02 4.73534955e-03 2.36872381e-02 -1.39676013e-03
4.91931794e-01 2.66700579e-02 4.53402664e-03 2.35763899e-02 -1.32779038e-03
4.93298434e-01 2.65375874e-02 4.32788940e-03 2.34773190e-02 -1.26876355e-03
4.94663856e-01 2.64221582e-02 4.11882959e-03 2.33915956e-02 -1.22057903e-03
4.96028059e-01 2.63253535e-02 3.90881725e-03 2.33206407e-02 -1.18402220e-03
4.97391039e-01 2.62485739e-02 3.69987817e-03 2.32657149e-02 -1.15975144e-03
4.98752791e-01 2.61930277e-02 3.49407022e-03 2.32279087e-02 -1.14828670e-03
5.00113314e-01 2.61597243e-02 3.29345876e-03 2.32081361e-02 -1.14999995e-03
5.01472604e-01 2.61494707e-02 3.10009157e-03 2.32071299e-02 -1.16510746e-03
5.02830656e-01 2.61628695e-02 2.91597357e-03 2.32254397e-02 -1.19366417e-03
5.04187469e-01 2.62003205e-02 2.74304158e-03 2.32634326e-02 -1.23556023e-03
5.05543038e-01 2.62620235e-02 2.58313965e-03 2.33212951e-02 -1.29051965e-03
5.06897361e-01 2.63479845e-02 2.43799508e-03 2.33990387e-02 -1.35810126e-03
5.08250433e-01 2.64580230e-02 2.30919564e-03 2.34965062e-02 -1.43770184e-03
5.09602252e-01 2.65917819e-02 2.19816814e-03 2.36133806e-02 -1.52856147e-03
5.10952815e-01 2.67487387e-02 2.10615885e-03 2.37491952e-02 -1.62977104e-03
5.12302117e-01 2.69282180e-02 2.03421589e-03 2.39033460e-02 -1.74028178e-03
5.13650155e-01 2.71294054e-02 1.98317389e-03 2.40751043e-02 -1.85891673e-03
5.14996927e-01 2.73513626e-02 1.95364126e-03 2.42636309e-02 -1.98438401e-03
5.16342429e-01 2.75930424e-02 1.94599015e-03 2.44679910e-02 -2.11529170e-03
5.17686658e-01 2.78533048e-02 1.96034931e-03 2.46871694e-02 -2.25016417e-03
5.19029610e-01 2.81309329e-02 1.99660007e-03 2.49200863e-02 -2.38745958e-03
5.20371281e-01 2.84246489e-02 2.05437538e-03 2.51656128e-02 -2.52558844e-03
5.21711670e-01 2.87331296e-02 2.13306212e-03 2.54225862e-02 -2.66293283e-03
5.23050772e-01 2.90550215e-02 2.23180659e-03 2.56898254e-02 -2.79786617e-03
5.24388584e-01 2.93889552e-02 2.34952322e-03 2.59661445e-02 -2.92877315e-03
5.25725102e-01 2.97335588e-02 2.48490639e-03 2.62503671e-02 -3.05406969e-03
5.27060325e-01 3.00874702e-02 2.63644516e-03 2.65413384e-02 -3.17222253e-03
5.28394247e-01 3.04493485e-02 2.80244098e-03 2.68379366e-02 -3.28176828e-03
5.29726866e-01 3.08178842e-02 2.98102789e-03 2.71390836e-02 -3.38133155e-03
5.31058179e-01 3.11918074e-02 3.17019519e-03 2.74437534e-02 -3.46964214e-03
5.32388182e-01 3.15698957e-02 3.36781214e-03 2.77509797e-02 -3.54555078e-03
5.33716872e-01 3.19509800e-02 3.57165450e-03 2.80598623e-02 -3.60804342e-03
5.35044246e-01 3.23339493e-02 3.77943247e-03 2.83695718e-02 -3.65625376e-03
5.36370301e-01 3.27177540e-02 3.98881974e-03 2.86793530e-02 -3.68947392e-03
5.37695032e-01 3.31014085e-02 4.19748313e-03 2.89885267e-02 -3.70716304e-03
5.39018438e-01 3.34839920e-02 4.40311256e-03 2.92964906e-02 -3.70895375e-03
5.40340514e-01 3.38646485e-02 4.60345090e-03 2.96027193e-02 -3.69465641e-03
5.41661258e-01 3.42425867e-02 4.79632311e-03 2.99067623e-02 -3.66426107e-03
5.42980666e-01 3.46170774e-02 4.97966453e-03 3.02082416e-02 -3.61793708e-03
5.44298735e-01 3.49874523e-02 5.15154772e-03 3.05068488e-02 -3.55603053e-03
5.45615461e-01 3.53531007e-02 5.31020743e-03 3.08023409e-02 -3.47905928e-03
5.46930842e-01 3.57134667e-02 5.45406352e-03 3.10945357e-02 -3.38770599e-03
5.48244874e-01 3.60680461e-02 5.58174128e-03 3.13833068e-02 -3.28280901e-03
5.49557555e-01 3.64163825e-02 5.69208897e-03 3.16685785e-02 -3.16535138e-03
5.50868879e-01 3.67580649e-02 5.78419222e-03 3.19503204e-02 -3.03644810e-03
5.52178845e-01 3.70927239e-02 5.85738514e-03 3.22285419e-02 -2.89733188e-03
5.53487450e-01 3.74200291e-02 5.91125789e-03 3.25032868e-02 -2.74933747e-03
5.54794689e-01 3.77396867e-02 5.94566064e-03 3.27746282e-02 -2.59388500e-03
5.56100561e-01 3.80514374e-02 5.96070382e-03 3.30426639e-02 -2.43246244e-03
5.57405060e-01 3.83550545e-02 5.95675456e-03 3.33075115e-02 -2.26660740e-03
5.58708186e-01 3.86503433e-02 5.93442956e-03 3.35693047e-02 -2.09788870e-03
5.60009933e-01 3.89371402e-02 5.89458424e-03 3.38281898e-02 -1.92788785e-03
5.61310299e-01 3.92153127e-02 5.83829851e-03 3.40843222e-02 -1.75818070e-03
5.62609281e-01 3.94847600e-02 5.76685932e-03 3.43378645e-02 -1.59031963e-03
5.63906875e-01 3.97454137e-02 5.68174012e-03 3.45889841e-02 -1.42581643e-03
5.65203079e-01 3.99972393e-02 5.58457778e-03 3.48378518e-02 -1.26612608e-03
5.66497889e-01 4.02402377e-02 5.47714710e-03 3.50846408e-02 -1.11263178e-03
5.67791302e-01 4.04744475e-02 5.36133341e-03 3.53295263e-02 -9.66631325e-04
5.69083314e-01 4.06999466e-02 5.23910368e-03 3.55726853e-02 -8.29324945e-04
5.70373923e-01 4.09168550e-02 5.11247654e-03 3.58142964e-02 -7.01804905e-04
5.71663126e-01 4.11253366e-02 4.98349175e-03 3.60545406e-02 -5.85046835e-04
5.72950918e-01 4.13256014e-02 4.85417952e-03 3.62936017e-02 -4.79902943e-04
5.74237298e-01 4.15179078e-02 4.72653021e-03 3.65316672e-02 -3.87097139e-04
5.75522261e-01 4.17025637e-02 4.60246494e-03 3.67689289e-02 -3.07222082e-04
5.76805805e-01 4.18799281e-02 4.48380740e-03 3.70055837e-02 -2.40738134e-04
5.78087927e-01 4.20504117e-02 4.37225754e-03 3.72418339e-02 -1.87974181e-04
5.79368623e-01 4.22144774e-02 4.26936736e-03 3.74778883e-02 -1.49130223e-04
5.80647890e-01 4.23726397e-02 4.17651929e-03 3.77139621e-02 -1.24281639e-04
5.81925725e-01 4.25254637e-02 4.09490746e-03 3.79502768e-02 -1.13384983e-04
5.83202125e-01 4.26735636e-02 4.02552216e-03 3.81870602e-02 -1.16285156e-04
5.84477087e-01 4.28176003e-02 3.96913772e-03 3.84245456e-02 -1.32723773e-04
5.85750607e-01 4.29582781e-02 3.92630398e-03 3.86629711e-02 -1.62348536e-04
5.87022683e-01 4.30963412e-02 3.89734155e-03 3.89025780e-02 -2.04723392e-04
5.88293311e-01 4.32325689e-02 3.88234076e-03 3.91436097e-02 -2.59339279e-04
5.89562488e-01 4.33677709e-02 3.88116443e-03 3.93863095e-02 -3.25625227e-04
5.90830212e-01 4.35027813e-02 3.89345437e-03 3.96309187e-02 -4.02959601e-04
5.92096478e-01 4.36384528e-02 3.91864138e-03 3.98776742e-02 -4.90681267e-04
5.93361284e-01 4.37756498e-02 3.95595868e-03 4.01268058e-02 -5.88100487e-04
5.94624627e-01 4.39152415e-02 4.00445845e-03 4.03785339e-02 -6.94509336e-04
5.95886503e-01 4.40580949e-02 4.06303117e-03 4.06330665e-02 -8.09191472e-04
5.97146909e-01 4.42050673e-02 4.13042747e-03 4.08905970e-02 -9.31431106e-04
5.98405843e-01 4.43569993e-02 4.20528200e-03 4.11513008e-02 -1.06052103e-03
5.99663302e-01 4.45147072e-02 4.28613907e-03 4.14153339e-02 -1.19576960e-03
6.00919281e-01 4.46789759e-02 4.37147930e-03 4.16828295e-02 -1.33650656e-03
6.02173778e-01 4.48505524e-02 4.45974726e-03 4.19538971e-02 -1.48208774e-03
6.03426791e-01 4.50301395e-02 4.54937913e-03 4.22286201e-02 -1.63189844e-03
6.04678315e-01 4.52183895e-02 4.63883030e-03 4.25070549e-02 -1.78535568e-03
6.05928348e-01 4.54158991e-02 4.72660220e-03 4.27892301e-02 -1.94190921e-03
6.07176887e-01 4.56232049e-02 4.81126802e-03 4.30751458e-02 -2.10104136e-03
6.08423928e-01 4.58407795e-02 4.89149683e-03 4.33647743e-02 -2.26226591e-03
6.09669468e-01 4.60690279e-02 4.96607568e-03 4.36580602e-02 -2.42512584e-03
6.10913506e-01 4.63082858e-02 5.03392945e-03 4.39549216e-02 -2.58919039e-03
6.12156036e-01 4.65588177e-02 5.09413797e-03 4.42552521e-02 -2.75405131e-03
6.13397057e-01 4.68208163e-02 5.14595014e-03 4.45589227e-02 -2.91931852e-03
6.14636565e-01 4.70944029e-02 5.18879507e-03 4.48657842e-02 -3.08461545e-03
6.15874558e-01 4.73796284e-02 5.22228975e-03 4.51756704e-02 -3.24957402e-03
6.17111031e-01 4.76764750e-02 5.24624337e-03 4.54884014e-02 -3.41382960e-03
6.18345983e-01 4.79848587e-02 5.26065827e-03 4.58037874e-02 -3.57701606e-03
6.19579410e-01 4.83046330e-02 5.26572730e-03 4.61216321e-02 -3.73876093e-03
6.20811308e-01 4.86355924e-02 5.26182806e-03 4.64417375e-02 -3.89868114e-03
6.22041676e-01 4.89774771e-02 5.24951374e-03 4.67639072e-02 -4.05637907e-03
6.23270509e-01 4.93299775e-02 5.22950109e-03 4.70879514e-02 -4.21143940e-03
6.24497806e-01 4.96927401e-02 5.20265561e-03 4.74136902e-02 -4.36342660e-03
6.25723562e-01 5.00653724e-02 5.16997423e-03 4.77409582e-02 -4.51188332e-03
6.26947776e-01 5.04474491e-02 5.13256596e-03 4.80696078e-02 -4.65632959e-03
6.28170443e-01 5.08385174e-02 5.09163062e-03 4.83995127e-02 -4.79626308e-03
6.29391561e-01 5.12381033e-02 5.04843637e-03 4.87305709e-02 -4.93116016e-03
6.30611126e-01 5.16457164e-02 5.00429613e-03 4.90627074e-02 -5.06047804e-03
6.31829137e-01 5.20608563e-02 4.96054353e-03 4.93958761e-02 -5.18365776e-03
6.33045589e-01 5.24830166e-02 4.91850867e-03 4.97300617e-02 -5.30012810e-03
6.34260480e-01 5.29116905e-02 4.87949424e-03 5.00652803e-02 -5.40931027e-03
6.35473807e-01 5.33463745e-02 4.84475232e-03 5.04015798e-02 -5.51062331e-03
6.36685567e-01 5.37865722e-02 4.81546219e-03 5.07390398e-02 -5.60349020e-03
6.37895757e-01 5.42317980e-02 4.79270968e-03 5.10777709e-02 -5.68734436e-03
6.39104373e-01 5.46815788e-02 4.77746829e-03 5.14179128e-02 -5.76163663e-03
6.40311414e-01 5.51354568e-02 4.77058229e-03 5.17596324e-02 -5.82584245e-03
6.41516875e-01 5.55929906e-02 4.77275228e-03 5.21031213e-02 -5.87946918e-03
6.42720754e-01 5.60537561e-02 4.78452318e-03 5.24485924e-02 -5.92206339e-03
6.43923048e-01 5.65173462e-02 4.80627494e-03 5.27962762e-02 -5.95321800e-03
6.45123754e-01 5.69833711e-02 4.83821609e-03 5.31464169e-02 -5.97257908e-03
6.46322869e-01 5.74514572e-02 4.88038013e-03 5.34992679e-02 -5.97985234e-03
6.47520390e-01 5.79212452e-02 4.93262481e-03 5.38550868e-02 -5.97480894e-03
6.48716314e-01 5.83923891e-02 4.99463422e-03 5.42141306e-02 -5.95729080e-03
6.49910639e-01 5.88645533e-02 5.06592367e-03 5.45766504e-02 -5.92721513e-03
6.51103360e-01 5.93374106e-02 5.14584724e-03 5.49428866e-02 -5.88457811e-03
6.52294476e-01 5.98106392e-02 5.23360765e-03 5.53130630e-02 -5.82945783e-03
6.53483983e-01 6.02839200e-02 5.32826855e-03 5.56873820e-02 -5.76201620e-03
6.54671879e-01 6.07569338e-02 5.42876869e-03 5.60660196e-02 -5.68250005e-03
6.55858160e-01 6.12293578e-02 5.53393789e-03 5.64491206e-02 -5.59124125e-03
6.57042824e-01 6.17008638e-02 5.64251451e-03 5.68367939e-02 -5.48865585e-03
6.58225867e-01 6.21711143e-02 5.75316395e-03 5.72291082e-02 -5.37524247e-03
6.59407287e-01 6.26397612e-02 5.86449812e-03 5.76260887e-02 -5.25157967e-03
6.60587080e-01 6.31064427e-02 5.97509538e-03 5.80277130e-02 -5.11832263e-03
6.61765245e-01 6.35707820e-02 6.08352060e-03 5.84339089e-02 -4.97619901e-03
6.62941778e-01 6.40323859e-02 6.18834530e-03 5.88445512e-02 -4.82600417e-03
6.64116675e-01 6.44908435e-02 6.28816715e-03 5.92594606e-02 -4.66859575e-03
6.65289935e-01 6.49457258e-02 6.38162897e-03 5.96784017e-02 -4.50488778e-03
6.66461554e-01 6.53965858e-02 6.46743667e-03 6.01010827e-02 -4.33584429e-03
6.67631530e-01 6.58429590e-02 6.54437601e-03 6.05271548e-02 -4.16247259e-03
6.68799859e-01 6.62843643e-02 6.61132796e-03 6.09562130e-02 -3.98581624e-03
6.69966538e-01 6.67203054e-02 6.66728247e-03 6.13877965e-02 -3.80694787e-03
6.71131566e-01 6.71502733e-02 6.71135048e-03 6.18213909e-02 -3.62696180e-03
6.72294938e-01 6.75737486e-02 6.74277407e-03 6.22564295e-02 -3.44696663e-03
6.73456652e-01 6.79902047e-02 6.76093467e-03 6.26922965e-02 -3.26807777e-03
6.74616706e-01 6.83991112e-02 6.76535924e-03 6.31283301e-02 -3.09141010e-03
6.75775095e-01 6.87999379e-02 6.75572441e-03 6.35638260e-02 -2.91807057e-03
6.76931818e-01 6.91921592e-02 6.73185865e-03 6.39980420e-02 -2.74915101e-03
6.78086872e-01 6.95752592e-02 6.69374238e-03 6.44302023e-02 -2.58572109e-03
6.79240254e-01 6.99487361e-02 6.64150620e-03 6.48595034e-02 -2.42882131e-03
6.80391960e-01 7.03121080e-02 6.57542728e-03 6.52851195e-02 -2.27945630e-03
6.81541988e-01 7.06649184e-02 6.49592397e-03 6.57062089e-02 -2.13858823e-03
6.82690336e-01 7.10067420e-02 6.40354889e-03 6.61219210e-02 -2.00713039e-03
6.83837000e-01 7.13371908e-02 6.29898046e-03 6.65314034e-02 -1.88594102e-03
6.84981977e-01 7.16559198e-02 6.18301320e-03 6.69338098e-02 -1.77581730e-03
6.86125265e-01 7.19626336e-02 6.05654684e-03 6.73283084e-02 -1.67748956e-03
6.87266861e-01 7.22570924e-02 5.92057446e-03 6.77140904e-02 -1.59161572e-03
6.88406763e-01 7.25391183e-02 5.77616984e-03 6.80903794e-02 -1.51877594e-03
6.89544966e-01 7.28086013e-02 5.62447417e-03 6.84564408e-02 -1.45946763e-03
6.90681469e-01 7.30655055e-02 5.46668229e-03 6.88115922e-02 -1.41410064e-03
6.91816268e-01 7.33098752e-02 5.30402864e-03 6.91552129e-02 -1.38299290e-03
6.92949362e-01 7.35418406e-02 5.13777311e-03 6.94867555e-02 -1.36636644e-03
6.94080746e-01 7.37616235e-02 4.96918685e-03 6.98057560e-02 -1.36434384e-03
6.95210419e-01 7.39695423e-02 4.79953831e-03 7.01118450e-02 -1.37694524e-03
6.96338377e-01 7.41660178e-02 4.63007959e-03 7.04047586e-02 -1.40408601e-03
6.97464618e-01 7.43515772e-02 4.46203315e-03 7.06843494e-02 -1.44557505e-03
6.98589139e-01 7.45268586e-02 4.29657914e-03 7.09505972e-02 -1.50111393e-03
6.99711937e-01 7.46926151e-02 4.13484339e-03 7.12036192e-02 -1.57029695e-03
7.00833010e-01 7.48497174e-02 3.97788611e-03 7.14436797e-02 -1.65261212e-03
7.01952354e-01 7.49991568e-02 3.82669145e-03 7.16711998e-02 -1.74744330e-03
7.03069967e-01 7.51420471e-02 3.68215805e-03 7.18867648e-02 -1.85407348e-03
7.04185846e-01 7.52796249e-02 3.54509046e-03 7.20911319e-02 -1.97168926e-03
7.05299989e-01 7.54132502e-02 3.41619172e-03 7.22852360e-02 -2.09938681e-03
7.06412392e-01 7.55444051e-02 3.29605699e-03 7.24701938e-02 -2.23617902e-03
7.07523053e-01 7.56746915e-02 3.18516840e-03 7.26473063e-02 -2.38100421e-03
7.08631969e-01 7.58058275e-02 3.08389103e-03 7.28180596e-02 -2.53273622e-03
7.09739137e-01 7.59396422e-02 2.99247018e-03 7.29841230e-02 -2.69019587e-03
7.10844555e-01 7.60780696e-02 2.91102990e-03 7.31473451e-02 -2.85216389e-03
7.11948220e-01 7.62231397e-02 2.83957280e-03 7.33097471e-02 -3.01739513e-03
7.13050130e-01 7.63769692e-02 2.77798119e-03 7.34735130e-02 -3.18463394e-03
7.14150280e-01 7.65417486e-02 2.72601957e-03 7.36409776e-02 -3.35263069e-03
7.15248670e-01 7.67197293e-02 2.68333835e-03 7.38146106e-02 -3.52015922e-03
7.16345296e-01 7.69132069e-02 2.64947906e-03 7.39969980e-02 -3.68603494e-03
7.17440155e-01 7.71245035e-02 2.62388076e-03 7.41908202e-02 -3.84913354e-03
7.18533244e-01 7.73559475e-02 2.60588777e-03 7.43988266e-02 -4.00840988e-03
7.19624562e-01 7.76098513e-02 2.59475873e-03 7.46238075e-02 -4.16291682e-03
7.20714105e-01 7.78884870e-02 2.58967685e-03 7.48685622e-02 -4.31182377e-03
7.21801870e-01 7.81940599e-02 2.58976131e-03 7.51358651e-02 -4.45443452e-03
7.22887856e-01 7.85286806e-02 2.59407982e-03 7.54284280e-02 -4.59020413e-03
7.23972059e-01 7.88943348e-02 2.60166220e-03 7.57488608e-02 -4.71875437e-03
7.25054476e-01 7.92928519e-02 2.61151483e-03 7.60996298e-02 -4.83988756e-03
7.26135105e-01 7.97258723e-02 2.62263599e-03 7.64830139e-02 -4.95359827e-03
7.27213943e-01 8.01948137e-02 2.63403181e-03 7.69010606e-02 -5.06008270e-03
7.28290988e-01 8.07008368e-02 2.64473282e-03 7.73555398e-02 -5.15974535e-03
7.29366237e-01 8.12448105e-02 2.65381079e-03 7.78478990e-02 -5.25320263e-03
7.30439687e-01 8.18272778e-02 2.66039580e-03 7.83792176e-02 -5.34128331e-03
7.31511336e-01 8.24484216e-02 2.66369332e-03 7.89501635e-02 -5.42502545e-03
7.32581181e-01 8.31080323e-02 2.66300098e-03 7.95609507e-02 -5.50566963e-03
7.33649219e-01 8.38054772e-02 2.65772502e-03 8.02113002e-02 -5.58464853e-03
7.34715448e-01 8.45396713e-02 2.64739592e-03 8.09004033e-02 -5.66357250e-03
7.35779864e-01 8.53090516e-02 2.63168326e-03 8.16268902e-02 -5.74421145e-03
7.36842467e-01 8.61115553e-02 2.61040930e-03 8.23888025e-02 -5.82847285e-03
7.37903252e-01 8.69446009e-02 2.58356126e-03 8.31835718e-02 -5.91837608e-03
7.38962217e-01 8.78050750e-02 2.55130187e-03 8.40080039e-02 -6.01602332e-03
7.40019360e-01 8.86893238e-02 2.51397812e-03 8.48582715e-02 -6.12356731e-03
7.41074678e-01 8.95931505e-02 2.47212786e-03 8.57299126e-02 -6.24317614e-03
7.42128168e-01 9.05118193e-02 2.42648415e-03 8.66178380e-02 -6.37699565e-03
7.43179828e-01 9.14400658e-02 2.37797709e-03 8.75163477e-02 -6.52710983e-03
7.44229655e-01 9.23721145e-02 2.32773300e-03 8.84191555e-02 -6.69549971e-03
7.45277647e-01 9.33017048e-02 2.27707080e-03 8.93194232e-02 -6.88400138e-03
7.46323801e-01 9.42221234e-02 2.22749555e-03 9.02098042e-02 -7.09426373e-03
7.47368114e-01 9.51262456e-02 2.18068895e-03 9.10824962e-02 -7.32770654e-03
7.48410585e-01 9.60065845e-02 2.13849695e-03 9.19293036e-02 -7.58547965e-03
7.49451209e-01 9.68553479e-02 2.10291427e-03 9.27417085e-02 -7.86842382e-03
7.50489985e-01 9.76645031e-02 2.07606608e-03 9.35109511e-02 -8.17703413e-03
7.51526911e-01 9.84258495e-02 2.06018679e-03 9.42281168e-02 -8.51142641e-03
7.52561982e-01 9.91310979e-02 2.05759622e-03 9.48842328e-02 -8.87130760e-03
7.53595199e-01 9.97719567e-02 2.07067321e-03 9.54703693e-02 -9.25595047e-03
7.54626556e-01 1.00340224e-01 2.10182701e-03 9.59777480e-02 -9.66417349e-03
7.55656053e-01 1.00827885e-01 2.15346667e-03 9.63978539e-02 -1.00943263e-02
7.56683685e-01 1.01227211e-01 2.22796877e-03 9.67225518e-02 -1.05442811e-02
7.57709452e-01 1.01530870e-01 2.32764388e-03 9.69442040e-02 -1.10114309e-02
7.58733350e-01 1.01732026e-01 2.45470206e-03 9.70557889e-02 -1.14926945e-02
7.59755377e-01 1.01824451e-01 2.61121791e-03 9.70510190e-02 -1.19845279e-02
7.60775531e-01 1.01802630e-01 2.79909558e-03 9.69244565e-02 -1.24829440e-02
7.61793808e-01 1.01661870e-01 3.02003420e-03 9.66716248e-02 -1.29835387e-02
7.62810206e-01 1.01398394e-01 3.27549430e-03 9.62891149e-02 -1.34815244e-02
7.63824724e-01 1.01009448e-01 3.56666553e-03 9.57746840e-02 -1.39717704e-02
7.64837357e-01 1.00493382e-01 3.89443636e-03 9.51273461e-02 -1.44488498e-02
7.65848104e-01 9.98497419e-02 4.25936618e-03 9.43474516e-02 -1.49070930e-02
7.66856963e-01 9.90793363e-02 4.66166020e-03 9.34367560e-02 -1.53406462e-02
7.67863930e-01 9.81843040e-02 5.10114767e-03 9.23984745e-02 -1.57435356e-02
7.68869004e-01 9.71681636e-02 5.57726384e-03 9.12373230e-02 -1.61097356e-02
7.69872181e-01 9.60358522e-02 6.08903597e-03 8.99595432e-02 -1.64332402e-02
7.70873460e-01 9.47937490e-02 6.63507385e-03 8.85729115e-02 -1.67081376e-02
7.71872838e-01 9.34496843e-02 7.21356494e-03 8.70867302e-02 -1.69286863e-02
7.72870312e-01 9.20129314e-02 7.82227452e-03 8.55118012e-02 -1.70893912e-02
7.73865880e-01 9.04941827e-02 8.45855096e-03 8.38603816e-02 -1.71850800e-02
7.74859540e-01 8.89055085e-02 9.11933616e-03 8.21461208e-02 -1.72109781e-02
7.75851289e-01 8.72602976e-02 9.80118128e-03 8.03839791e-02 -1.71627807e-02
7.76841124e-01 8.55731812e-02 1.05002677e-02 7.85901286e-02 -1.70367209e-02
7.77829044e-01 8.38599397e-02 1.12124331e-02 7.67818368e-02 -1.68296341e-02
7.78815045e-01 8.21373918e-02 1.19332022e-02 7.49773337e-02 -1.65390162e-02
7.79799126e-01 8.04232681e-02 1.26578229e-02 7.31956627e-02 -1.61630752e-02
7.80781283e-01 7.87360700e-02 1.33813057e-02 7.14565184e-02 -1.57007751e-02
7.81761515e-01 7.70949130e-02 1.40984683e-02 6.97800711e-02 -1.51518730e-02
7.82739819e-01 7.55193594e-02 1.48039824e-02 6.81867800e-02 -1.45169451e-02
7.83716193e-01 7.40292379e-02 1.54924246e-02 6.66971980e-02 -1.37974055e-02
7.84690634e-01 7.26444555e-02 1.61583294e-02 6.53317691e-02 -1.29955136e-02
7.85663139e-01 7.13848012e-02 1.67962435e-02 6.41106210e-02 -1.21143723e-02
7.86633708e-01 7.02697451e-02 1.74007821e-02 6.30533559e-02 -1.11579153e-02
7.87602336e-01 6.93182337e-02 1.79666851e-02 6.21788402e-02 -1.01308847e-02
7.88569022e-01 6.85484858e-02 1.84888734e-02 6.15049976e-02 -9.03879794e-03
7.89533763e-01 6.79777896e-02 1.89625045e-02 6.10486069e-02 -7.88790502e-03
7.90496556e-01 6.76223042e-02 1.93830256e-02 6.08251070e-02 -6.68513646e-03
7.91457401e-01 6.74968681e-02 1.97462259e-02 6.08484127e-02 -5.43804217e-03
7.92416293e-01 6.76148170e-02 2.00482844e-02 6.11307417e-02 -4.15472214e-03
7.93373232e-01 6.79878139e-02 2.02858153e-02 6.16824575e-02 -2.84374981e-03
7.94328214e-01 6.86256921e-02 2.04559086e-02 6.25119278e-02 -1.51408896e-03
7.95281236e-01 6.95363156e-02 2.05561659e-02 6.36254028e-02 -1.75005128e-04
7.96232298e-01 7.07254575e-02 2.05847313e-02 6.50269132e-02 1.16402724e-03
7.97181396e-01 7.21966980e-02 2.05403161e-02 6.67181907e-02 2.49342084e-03
7.98128528e-01 7.39513449e-02 2.04222183e-02 6.86986115e-02 3.80357352e-03
7.99073691e-01 7.59883769e-02 2.02303347e-02 7.09651644e-02 5.08496687e-03
8.00016884e-01 7.83044111e-02 1.99651673e-02 7.35124439e-02 6.32826437e-03
8.00958104e-01 8.08936957e-02 1.96278225e-02 7.63326684e-02 7.52440754e-03
8.01897349e-01 8.37481276e-02 1.92200039e-02 7.94157245e-02 8.66470915e-03
8.02834616e-01 8.68572968e-02 1.87439987e-02 8.27492359e-02 9.74094199e-03
8.03769903e-01 9.02085552e-02 1.82026566e-02 8.63186581e-02 1.07454224e-02
8.04703207e-01 9.37871113e-02 1.75993640e-02 9.01073956e-02 1.16710870e-02
8.05634528e-01 9.75761486e-02 1.69380109e-02 9.40969433e-02 1.25115627e-02
8.06563861e-01 1.01556967e-01 1.62229527e-02 9.82670481e-02 1.32612274e-02
8.07491206e-01 1.05709148e-01 1.54589677e-02 1.02595891e-01 1.39152623e-02
8.08416559e-01 1.10010733e-01 1.46512087e-02 1.07060284e-01 1.44696947e-02
8.09339918e-01 1.14438433e-01 1.38051516e-02 1.11635888e-01 1.49214302e-02
8.10261281e-01 1.18967835e-01 1.29265406e-02 1.16297438e-01 1.52682747e-02
8.11180646e-01 1.23573643e-01 1.20213309e-02 1.21018979e-01 1.55089458e-02
8.12098011e-01 1.28229910e-01 1.10956287e-02 1.25774114e-01 1.56430737e-02
8.13013373e-01 1.32910289e-01 1.01556316e-02 1.30536253e-01 1.56711912e-02
8.13926729e-01 1.37588291e-01 9.20756712e-03 1.35278864e-01 1.55947136e-02
8.14838079e-01 1.42237531e-01 8.25763243e-03 1.39975721e-01 1.54159092e-02
8.15747419e-01 1.46831992e-01 7.31193524e-03 1.44601157e-01 1.51378598e-02
8.16654747e-01 1.51346265e-01 6.37643619e-03 1.49130297e-01 1.47644129e-02
8.17560061e-01 1.55755801e-01 5.45689402e-03 1.53539290e-01 1.43001262e-02
8.18463359e-01 1.60037135e-01 4.55881386e-03 1.57805530e-01 1.37502049e-02
8.19364639e-01 1.64168112e-01 3.68739932e-03 1.61907853e-01 1.31204330e-02
8.20263897e-01 1.68128088e-01 2.84750894e-03 1.65826727e-01 1.24170998e-02
8.21161133e-01 1.71898118e-01 2.04361735e-03 1.69544419e-01 1.16469218e-02
8.22056344e-01 1.75461123e-01 1.27978175e-03 1.73045139e-01 1.08169632e-02
8.22949527e-01 1.78802034e-01 5.59613792e-04 1.76315162e-01 9.93455295e-03
8.23840681e-01 1.81907914e-01 -1.13742740e-04 1.79342935e-01 9.00720283e-03
8.24729804e-01 1.84768058e-01 -7.37628341e-04 1.82119143e-01 8.04252506e-03
8.25616892e-01 1.87374058e-01 -1.30987824e-03 1.84636766e-01 7.04815206e-03
8.26501944e-01 1.89719857e-01 -1.82882690e-03 1.86891104e-01 6.03165871e-03
8.27384958e-01 1.91801760e-01 -2.29330665e-03 1.88879769e-01 5.00048830e-03
8.28265931e-01 1.93618432e-01 -2.70264063e-03 1.90602670e-01 3.96188290e-03
8.29144862e-01 1.95170862e-01 -3.05663040e-03 1.92061954e-01 2.92281919e-03
8.30021748e-01 1.96462304e-01 -3.35553831e-03 1.93261939e-01 1.88995009e-03
8.30896587e-01 1.97498197e-01 -3.60006532e-03 1.94209013e-01 8.69553112e-04
8.31769377e-01 1.98286057e-01 -3.79132450e-03 1.94911525e-01 -1.32514322e-04
8.32640115e-01 1.98835350e-01 -3.93081077e-03 1.95379642e-01 -1.11085221e-03
8.33508800e-01 1.99157348e-01 -4.02036747e-03 1.95625207e-01 -2.06054765e-03
8.34375430e-01 1.99264965e-01 -4.06215025e-03 1.95661562e-01 -2.97719689e-03
8.35240002e-01 1.99172578e-01 -4.05858900e-03 1.95503378e-01 -3.85691966e-03
8.36102514e-01 1.98895839e-01 -4.01234818e-03 1.95166465e-01 -4.69636603e-03
8.36962964e-01 1.98451475e-01 -3.92628648e-03 1.94667570e-01 -5.49271598e-03
8.37821349e-01 1.97857077e-01 -3.80341612e-03 1.94024186e-01 -6.24367207e-03
8.38677669e-01 1.97130896e-01 -3.64686256e-03 1.93254339e-01 -6.94744565e-03
8.39531921e-01 1.96291623e-01 -3.45982506e-03 1.92376394e-01 -7.60273721e-03
8.40384102e-01 1.95358183e-01 -3.24553865e-03 1.91408849e-01 -8.20871134e-03
8.41234210e-01 1.94349523e-01 -3.00723803e-03 1.90370143e-01 -8.76496721e-03
8.42082244e-01 1.93284414e-01 -2.74812373e-03 1.89278468e-01 -9.27150499e-03
8.42928201e-01 1.92181253e-01 -2.47133098e-03 1.88151589e-01 -9.72868929e-03
8.43772079e-01 1.91057888e-01 -2.17990159e-03 1.87006683e-01 -1.01372101e-02
8.44613877e-01 1.89931442e-01 -1.87675908e-03 1.85860180e-01 -1.04980424e-02
8.45453591e-01 1.88818163e-01 -1.56468723e-03 1.84727626e-01 -1.08124045e-02
8.46291221e-01 1.87733283e-01 -1.24631222e-03 1.83623562e-01 -1.10817167e-02
8.47126763e-01 1.86690900e-01 -9.24088344e-04 1.82561418e-01 -1.13075610e-02
8.47960216e-01 1.85703871e-01 -6.00287396e-04 1.81553422e-01 -1.14916410e-02
8.48791578e-01 1.84783735e-01 -2.76991543e-04 1.80610534e-01 -1.16357449e-02
8.49620847e-01 1.83940643e-01 4.39103718e-05 1.79742392e-01 -1.17417105e-02
8.50448020e-01 1.83183321e-01 3.60723294e-04 1.78957279e-01 -1.18113936e-02
8.51273096e-01 1.82519038e-01 6.71943423e-04 1.78262111e-01 -1.18466388e-02
8.52096073e-01 1.81953611e-01 9.76252950e-04 1.77662435e-01 -1.18492557e-02
8.52916948e-01 1.81491410e-01 1.27251237e-03 1.77162451e-01 -1.18209972e-02
8.53735720e-01 1.81135393e-01 1.55975070e-03 1.76765047e-01 -1.17635436e-02
8.54552386e-01 1.80887155e-01 1.83715398e-03 1.76471848e-01 -1.16784895e-02
8.55366945e-01 1.80746991e-01 2.10405236e-03 1.76283279e-01 -1.15673358e-02
8.56179395e-01 1.80713972e-01 2.35990625e-03 1.76198639e-01 -1.14314850e-02
8.56989732e-01 1.80786032e-01 2.60429177e-03 1.76216188e-01 -1.12722410e-02
8.57797957e-01 1.80960071e-01 2.83688600e-03 1.76333239e-01 -1.10908119e-02
8.58604066e-01 1.81232063e-01 3.05745222e-03 1.76546259e-01 -1.08883164e-02
8.59408057e-01 1.81597167e-01 3.26582559e-03 1.76850974e-01 -1.06657929e-02
8.60209930e-01 1.82049847e-01 3.46189944e-03 1.77242478e-01 -1.04242109e-02
8.61009680e-01 1.82583994e-01 3.64561253e-03 1.77715342e-01 -1.01644847e-02
8.61807307e-01 1.83193050e-01 3.81693742e-03 1.78263726e-01 -9.88748843e-03
8.62602809e-01 1.83870125e-01 3.97587009e-03 1.78881488e-01 -9.59407186e-03
8.63396184e-01 1.84608121e-01 4.12242105e-03 1.79562283e-01 -9.28507689e-03
8.64187429e-01 1.85399838e-01 4.25660796e-03 1.80299674e-01 -8.96135394e-03
8.64976543e-01 1.86238093e-01 4.37844971e-03 1.81087214e-01 -8.62377776e-03
8.65763524e-01 1.87115810e-01 4.48796210e-03 1.81918545e-01 -8.27326228e-03
8.66548370e-01 1.88026118e-01 4.58515504e-03 1.82787470e-01 -7.91077399e-03
8.67331079e-01 1.88962435e-01 4.67003102e-03 1.83688025e-01 -7.53734358e-03
8.68111648e-01 1.89918537e-01 4.74258500e-03 1.84614543e-01 -7.15407532e-03
8.68890077e-01 1.90888623e-01 4.80280529e-03 1.85561705e-01 -6.76215418e-03
8.69666363e-01 1.91867365e-01 4.85067544e-03 1.86524579e-01 -6.36285011e-03
8.70440504e-01 1.92849947e-01 4.88617684e-03 1.87498656e-01 -5.95751976e-03
8.71212499e-01 1.93832097e-01 4.90929182e-03 1.88479871e-01 -5.54760508e-03
8.71982345e-01 1.94810100e-01 4.92000703e-03 1.89464614e-01 -5.13462927e-03
8.72750041e-01 1.95780806e-01 4.91831696e-03 1.90449736e-01 -4.72018972e-03
8.73515584e-01 1.96741630e-01 4.90422720e-03 1.91432545e-01 -4.30594835e-03
8.74278973e-01 1.97690536e-01 4.87775738e-03 1.92410791e-01 -3.89361936e-03
8.75040206e-01 1.98626015e-01 4.83894356e-03 1.93382650e-01 -3.48495470e-03
8.75799281e-01 1.99547063e-01 4.78783989e-03 1.94346697e-01 -3.08172758e-03
8.76556196e-01 2.00453136e-01 4.72451934e-03 1.95301879e-01 -2.68571434e-03
8.77310949e-01 2.01344119e-01 4.64907348e-03 1.96247479e-01 -2.29867499e-03
8.78063539e-01 2.02220274e-01 4.56161122e-03 1.97183079e-01 -1.92233301e-03
8.78813963e-01 2.03082198e-01 4.46225636e-03 1.98108525e-01 -1.55835467e-03
8.79562220e-01 2.03930768e-01 4.35114408e-03 1.99023886e-01 -1.20832845e-03
8.80308308e-01 2.04767094e-01 4.22841636e-03 1.99929414e-01 -8.73744960e-04
8.81052225e-01 2.05592469e-01 4.09421636e-03 2.00825509e-01 -5.55977848e-04
8.81793969e-01 2.06408319e-01 3.94868195e-03 2.01712684e-01 -2.56266144e-04
8.82533538e-01 2.07216160e-01 3.79193849e-03 2.02591530e-01 2.43015677e-05
8.83270931e-01 2.08017551e-01 3.62409104e-03 2.03462687e-01 2.84800712e-04
8.84006145e-01 2.08814060e-01 3.44521630e-03 2.04326822e-01 5.24481694e-04
8.84739180e-01 2.09607226e-01 3.25535431e-03 2.05184606e-01 7.42777954e-04
8.85470032e-01 2.10398537e-01 3.05450048e-03 2.06036699e-01 9.39310851e-04
8.86198701e-01 2.11189400e-01 2.84259789e-03 2.06883740e-01 1.11389119e-03
8.86925184e-01 2.11981130e-01 2.61953041e-03 2.07726342e-01 1.26651722e-03
8.87649480e-01 2.12774937e-01 2.38511668e-03 2.08565088e-01 1.39736908e-03
8.88371587e-01 2.13571921e-01 2.13910544e-03 2.09400541e-01 1.50679968e-03
8.89091503e-01 2.14373075e-01 1.88117232e-03 2.10233250e-01 1.59532202e-03
8.89809227e-01 2.15179290e-01 1.61091834e-03 2.11063763e-01 1.66359323e-03
8.90524756e-01 2.15991369e-01 1.32787049e-03 2.11892644e-01 1.71239536e-03
8.91238089e-01 2.16810041e-01 1.03148429e-03 2.12720493e-01 1.74261335e-03
8.91949223e-01 2.17635984e-01 7.21148724e-04 2.13547967e-01 1.75521044e-03
8.92658159e-01 2.18469847e-01 3.96193594e-04 2.14375808e-01 1.75120143e-03
8.93364892e-01 2.19312277e-01 5.58992198e-05 2.15204859e-01 1.73162424e-03
8.94069423e-01 2.20163947e-01 -3.00491342e-04 2.16036097e-01 1.69751023e-03
8.94771748e-01 2.21025585e-01 -6.73757691e-04 2.16870654e-01 1.64985390e-03
8.95471867e-01 2.21898000e-01 -1.06468516e-03 2.17709836e-01 1.58958244e-03
8.96169778e-01 2.22782113e-01 -1.47404573e-03 2.18555146e-01 1.51752572e-03
8.96865478e-01 2.23678984e-01 -1.90257699e-03 2.19408302e-01 1.43438737e-03
8.97558967e-01 2.24589830e-01 -2.35095935e-03 2.20271246e-01 1.34071748e-03
8.98250242e-01 2.25516051e-01 -2.81979186e-03 2.21146157e-01 1.23688750e-03
8.98939302e-01 2.26459240e-01 -3.30956695e-03 2.22035452e-01 1.12306797e-03
8.99626145e-01 2.27421202e-01 -3.82064444e-03 2.22941785e-01 9.99209520e-04
9.00310769e-01 2.28403954e-01 -4.35322525e-03 2.23868045e-01 8.65027648e-04
9.00993173e-01 2.29409727e-01 -4.90732531e-03 2.24817334e-01 7.19991810e-04
9.01673355e-01 2.30440965e-01 -5.48274995e-03 2.25792958e-01 5.63319069e-04
9.02351313e-01 2.31500309e-01 -6.07906948e-03 2.26798398e-01 3.93972714e-04
9.03027046e-01 2.32590583e-01 -6.69559619e-03 2.27837280e-01 2.10666058e-04
9.03700552e-01 2.33714771e-01 -7.33136338e-03 2.28913343e-01 1.18715882e-05
9.04371830e-01 2.34875986e-01 -7.98510689e-03 2.30030395e-01 -2.04164445e-04
9.05040876e-01 2.36077438e-01 -8.65524943e-03 2.31192269e-01 -4.39402015e-04
9.05707691e-01 2.37322396e-01 -9.33988823e-03 2.32402777e-01 -6.95981975e-04
9.06372273e-01 2.38614140e-01 -1.00367864e-02 2.33665655e-01 -9.76195553e-04
9.07034619e-01 2.39955916e-01 -1.07433680e-02 2.34984507e-01 -1.28244899e-03
9.07694728e-01 2.41350887e-01 -1.14567181e-02 2.36362754e-01 -1.61722368e-03
9.08352599e-01 2.42802073e-01 -1.21735862e-02 2.37803572e-01 -1.98303222e-03
9.09008229e-01 2.44312305e-01 -1.28903951e-02 2.39309836e-01 -2.38237098e-03
9.09661618e-01 2.45884162e-01 -1.36032547e-02 2.40884063e-01 -2.81766974e-03
9.10312763e-01 2.47519919e-01 -1.43079795e-02 2.42528362e-01 -3.29123910e-03
9.10961663e-01 2.49221491e-01 -1.50001122e-02 2.44244375e-01 -3.80521637e-03
9.11608317e-01 2.50990384e-01 -1.56749507e-02 2.46033235e-01 -4.36151078e-03
9.12252723e-01 2.52827642e-01 -1.63275805e-02 2.47895519e-01 -4.96174873e-03
9.12894879e-01 2.54733801e-01 -1.69529107e-02 2.49831213e-01 -5.60722010e-03
9.13534783e-01 2.56708855e-01 -1.75457143e-02 2.51839678e-01 -6.29882628e-03
9.14172435e-01 2.58752211e-01 -1.81006715e-02 2.53919623e-01 -7.03703097e-03
9.14807832e-01 2.60862669e-01 -1.86124170e-02 2.56069091e-01 -7.82181451e-03
9.15440973e-01 2.63038395e-01 -1.90755890e-02 2.58285448e-01 -8.65263260e-03
9.16071856e-01 2.65276907e-01 -1.94848809e-02 2.60565378e-01 -9.52838024e-03
9.16700480e-01 2.67575069e-01 -1.98350941e-02 2.62904893e-01 -1.04473615e-02
9.17326844e-01 2.69929094e-01 -2.01211922e-02 2.65299342e-01 -1.14072663e-02
9.17950945e-01 2.72334548e-01 -2.03383553e-02 2.67743444e-01 -1.24051535e-02
9.18572782e-01 2.74786374e-01 -2.04820340e-02 2.70231310e-01 -1.34374432e-02
9.19192354e-01 2.77278918e-01 -2.05480022e-02 2.72756488e-01 -1.44999159e-02
9.19809659e-01 2.79805961e-01 -2.05324090e-02 2.75312010e-01 -1.55877206e-02
9.20424696e-01 2.82360763e-01 -2.04318274e-02 2.77890445e-01 -1.66953923e-02
9.21037462e-01 2.84936115e-01 -2.02433015e-02 2.80483965e-01 -1.78168770e-02
9.21647958e-01 2.87524396e-01 -1.99643886e-02 2.83084410e-01 -1.89455670e-02
9.22256180e-01 2.90117639e-01 -1.95931993e-02 2.85683359e-01 -2.00743435e-02
9.22862128e-01 2.92707598e-01 -1.91284314e-02 2.88272214e-01 -2.11956283e-02
9.23465800e-01 2.95285829e-01 -1.85694002e-02 2.90842279e-01 -2.23014435e-02
9.24067195e-01 2.97843763e-01 -1.79160625e-02 2.93384842e-01 -2.33834779e-02
9.24666310e-01 3.00372796e-01 -1.71690360e-02 2.95891265e-01 -2.44331611e-02
9.25263146e-01 3.02864372e-01 -1.63296120e-02 2.98353069e-01 -2.54417430e-02
9.25857699e-01 3.05310071e-01 -1.53997624e-02 3.00762023e-01 -2.64003784e-02
9.26449969e-01 3.07701694e-01 -1.43821404e-02 3.03110226e-01 -2.73002161e-02
9.27039955e-01 3.10031356e-01 -1.32800749e-02 3.05390193e-01 -2.81324907e-02
9.27627654e-01 3.12291568e-01 -1.20975583e-02 3.07594936e-01 -2.88886170e-02
9.28213065e-01 3.14475321e-01 -1.08392293e-02 3.09718037e-01 -2.95602849e-02
9.28796187e-01 3.16576163e-01 -9.51034756e-03 3.11753724e-01 -3.01395536e-02
9.29377019e-01 3.18588281e-01 -8.11676492e-03 3.13696928e-01 -3.06189448e-02
9.29955559e-01 3.20506563e-01 -6.66488921e-03 3.15543351e-01 -3.09915331e-02
9.30531805e-01 3.22326666e-01 -5.16164383e-03 3.17289510e-01 -3.12510319e-02
9.31105757e-01 3.24045070e-01 -3.61442222e-03 3.18932785e-01 -3.13918744e-02
9.31677412e-01 3.25659128e-01 -2.03103803e-03 3.20471450e-01 -3.14092881e-02
9.32246769e-01 3.27167106e-01 -4.19671351e-04 3.21904702e-01 -3.12993624e-02
9.32813828e-01 3.28568213e-01 1.21118832e-03 3.23232678e-01 -3.10591068e-02
9.33378586e-01 3.29862625e-01 2.85280197e-03 3.24456461e-01 -3.06865007e-02
9.33941042e-01 3.31051496e-01 4.49624314e-03 3.25578080e-01 -3.01805328e-02
9.34501195e-01 3.32136963e-01 6.13246171e-03 3.26600498e-01 -2.95412292e-02
9.35059043e-01 3.33122136e-01 7.75234855e-03 3.27527595e-01 -2.87696712e-02
9.35614585e-01 3.34011083e-01 9.34680080e-03 3.28364132e-01 -2.78680005e-02
9.36167820e-01 3.34808804e-01 1.09067868e-02 3.29115723e-01 -2.68394132e-02
9.36718746e-01 3.35521193e-01 1.24234103e-02 3.29788778e-01 -2.56881411e-02
9.37267362e-01 3.36154996e-01 1.38879737e-02 3.30390458e-01 -2.44194214e-02
9.37813667e-01 3.36717756e-01 1.52920387e-02 3.30928611e-01 -2.30394552e-02
9.38357658e-01 3.37217749e-01 1.66274853e-02 3.31411702e-01 -2.15553535e-02
9.38899336e-01 3.37663920e-01 1.78865677e-02 3.31848745e-01 -1.99750738e-02
9.39438698e-01 3.38065803e-01 1.90619666e-02 3.32249218e-01 -1.83073458e-02
9.39975743e-01 3.38433443e-01 2.01468387e-02 3.32622989e-01 -1.65615879e-02
9.40510470e-01 3.38777305e-01 2.11348614e-02 3.32980221e-01 -1.47478159e-02
9.41042878e-01 3.39108189e-01 2.20202730e-02 3.33331293e-01 -1.28765445e-02
9.41572965e-01 3.39437133e-01 2.27979099e-02 3.33686705e-01 -1.09586821e-02
9.42100730e-01 3.39775317e-01 2.34632369e-02 3.34056990e-01 -9.00542173e-03
9.42626171e-01 3.40133968e-01 2.40123743e-02 3.34452626e-01 -7.02812816e-03
9.43149288e-01 3.40524264e-01 2.44421195e-02 3.34883946e-01 -5.03822317e-03
9.43670079e-01 3.40957236e-01 2.47499631e-02 3.35361055e-01 -3.04707013e-03
9.44188542e-01 3.41443676e-01 2.49341010e-02 3.35893748e-01 -1.06585948e-03
9.44704677e-01 3.41994048e-01 2.49934405e-02 3.36491431e-01 8.94503496e-04
9.45218483e-01 3.42618402e-01 2.49276023e-02 3.37163049e-01 2.82350729e-03
9.45729957e-01 3.43326290e-01 2.47369175e-02 3.37917020e-01 4.71113774e-03
9.46239099e-01 3.44126696e-01 2.44224198e-02 3.38761174e-01 6.54797533e-03
9.46745907e-01 3.45027965e-01 2.39858338e-02 3.39702701e-01 8.32528506e-03
9.47250380e-01 3.46037744e-01 2.34295590e-02 3.40748103e-01 1.00350976e-02
9.47752518e-01 3.47162929e-01 2.27566498e-02 3.41903160e-01 1.16702812e-02
9.48252318e-01 3.48409624e-01 2.19707917e-02 3.43172901e-01 1.32246027e-02
9.48749779e-01 3.49783107e-01 2.10762749e-02 3.44561580e-01 1.46927779e-02
9.49244901e-01 3.51287801e-01 2.00779641e-02 3.46072672e-01 1.60705101e-02
9.49737681e-01 3.52927269e-01 1.89812659e-02 3.47708864e-01 1.73545164e-02
9.50228120e-01 3.54704200e-01 1.77920938e-02 3.49472069e-01 1.85425420e-02
9.50716215e-01 3.56620422e-01 1.65168309e-02 3.51363438e-01 1.96333616e-02
9.51201965e-01 3.58676914e-01 1.51622909e-02 3.53383384e-01 2.06267689e-02
9.51685370e-01 3.60873834e-01 1.37356776e-02 3.55531620e-01 2.15235541e-02
9.52166428e-01 3.63210550e-01 1.22445426e-02 3.57807197e-01 2.23254691e-02
9.52645137e-01 3.65685687e-01 1.06967429e-02 3.60208549e-01 2.30351822e-02
9.53121497e-01 3.68297176e-01 9.10039647e-03 3.62733555e-01 2.36562221e-02
9.53595507e-01 3.71042314e-01 7.46383859e-03 3.65379595e-01 2.41929123e-02
9.54067164e-01 3.73917832e-01 5.79557668e-03 3.68143617e-01 2.46502968e-02
9.54536469e-01 3.76919960e-01 4.10424563e-03 3.71022208e-01 2.50340586e-02
9.55003420e-01 3.80044513e-01 2.39856287e-03 3.74011667e-01 2.53504308e-02
9.55468016e-01 3.83286960e-01 6.87283658e-04 3.77108081e-01 2.56061035e-02
9.55930255e-01 3.86642517e-01 -1.02084338e-03 3.80307403e-01 2.58081260e-02
9.56390137e-01 3.90106226e-01 -2.71712028e-03 3.83605529e-01 2.59638068e-02
9.56847660e-01 3.93673040e-01 -4.39294322e-03 3.86998373e-01 2.60806121e-02
9.57302823e-01 3.97337911e-01 -6.03984537e-03 3.90481949e-01 2.61660638e-02
9.57755626e-01 4.01095868e-01 -7.64953904e-03 3.94052433e-01 2.62276400e-02
9.58206066e-01 4.04942102e-01 -9.21395689e-03 3.97706242e-01 2.62726769e-02
9.58654144e-01 4.08872038e-01 -1.07252923e-02 4.01440092e-01 2.63082754e-02
9.59099857e-01 4.12881407e-01 -1.21760389e-02 4.05251057e-01 2.63412124e-02
9.59543205e-01 4.16966314e-01 -1.35590280e-02 4.09136625e-01 2.63778581e-02
9.59984187e-01 4.21123294e-01 -1.48674666e-02 4.13094739e-01 2.64241009e-02
9.60422801e-01 4.25349364e-01 -1.60949720e-02 4.17123839e-01 2.64852799e-02
9.60859046e-01 4.29642068e-01 -1.72356062e-02 4.21222888e-01 2.65661262e-02
9.61292922e-01 4.33999511e-01 -1.82839083e-02 4.25391394e-01 2.66707143e-02
9.61724427e-01 4.38420383e-01 -1.92349247e-02 4.29629427e-01 2.68024226e-02
9.62153561e-01 4.42903981e-01 -2.00842383e-02 4.33937616e-01 2.69639048e-02
9.62580321e-01 4.47450212e-01 -2.08279940e-02 4.38317148e-01 2.71570717e-02
9.63004708e-01 4.52059592e-01 -2.14629234e-02 4.42769754e-01 2.73830840e-02
9.63426720e-01 4.56733241e-01 -2.19863654e-02 4.47297685e-01 2.76423550e-02
9.63846355e-01 4.61472853e-01 -2.23962852e-02 4.51903682e-01 2.79345648e-02
9.64263614e-01 4.66280677e-01 -2.26912893e-02 4.56590939e-01 2.82586835e-02
9.64678495e-01 4.71159480e-01 -2.28706377e-02 4.61363058e-01 2.86130048e-02
9.65090997e-01 4.76112497e-01 -2.29342522e-02 4.66223995e-01 2.89951883e-02
9.65501118e-01 4.81143389e-01 -2.28827206e-02 4.71178008e-01 2.94023103e-02
9.65908859e-01 4.86256186e-01 -2.27172980e-02 4.76229589e-01 2.98309220e-02
9.66314217e-01 4.91455222e-01 -2.24399019e-02 4.81383406e-01 3.02771144e-02
9.66717192e-01 4.96745077e-01 -2.20531049e-02 4.86644232e-01 3.07365886e-02
9.67117784e-01 5.02130509e-01 -2.15601208e-02 4.92016875e-01 3.12047312e-02
9.67515990e-01 5.07616382e-01 -2.09647872e-02 4.97506113e-01 3.16766924e-02
9.67911810e-01 5.13207602e-01 -2.02715428e-02 5.03116622e-01 3.21474673e-02
9.68305243e-01 5.18909046e-01 -1.94853993e-02 5.08852910e-01 3.26119775e-02
9.68696288e-01 5.24725498e-01 -1.86119086e-02 5.14719254e-01 3.30651530e-02
9.69084944e-01 5.30661581e-01 -1.76571254e-02 5.20719643e-01 3.35020131e-02
9.69471210e-01 5.36721702e-01 -1.66275642e-02 5.26857719e-01 3.39177446e-02
9.69855086e-01 5.42909995e-01 -1.55301519e-02 5.33136732e-01 3.43077770e-02
9.70236569e-01 5.49230270e-01 -1.43721762e-02 5.39559499e-01 3.46678522e-02
9.70615660e-01 5.55685972e-01 -1.31612294e-02 5.46128367e-01 3.49940900e-02
9.70992357e-01 5.62280146e-01 -1.19051483e-02 5.52845193e-01 3.52830463e-02
9.71366659e-01 5.69015411e-01 -1.06119513e-02 5.59711324e-01 3.55317641e-02
9.71738566e-01 5.75893935e-01 -9.28977207e-03 5.66727590e-01 3.57378172e-02
9.72108076e-01 5.82917434e-01 -7.94679076e-03 5.73894310e-01 3.58993447e-02
9.72475189e-01 5.90087164e-01 -6.59116422e-03 5.81211304e-01 3.60150769e-02
9.72839904e-01 5.97403938e-01 -5.23095452e-03 5.88677917e-01 3.60843516e-02
9.73202220e-01 6.04868138e-01 -3.87405753e-03 5.96293049e-01 3.61071214e-02
9.73562135e-01 6.12479748e-01 -2.52813188e-03 6.04055205e-01 3.60839505e-02
9.73919650e-01 6.20238392e-01 -1.20052929e-03 6.11962544e-01 3.60160029e-02
9.74274762e-01 6.28143381e-01 1.01772947e-04 6.20012942e-01 3.59050209e-02
9.74627472e-01 6.36193772e-01 1.37223654e-03 6.28204066e-01 3.57532940e-02
9.74977778e-01 6.44388434e-01 2.60482286e-03 6.36533453e-01 3.55636206e-02
9.75325680e-01 6.52726118e-01 3.79404891e-03 6.44998599e-01 3.53392604e-02
9.75671177e-01 6.61205546e-01 4.93503780e-03 6.53597053e-01 3.50838809e-02
9.76014267e-01 6.69825495e-01 6.02356293e-03 6.62326516e-01 3.48014965e-02
9.76354950e-01 6.78584894e-01 7.05608504e-03 6.71184953e-01 3.44964026e-02
9.76693226e-01 6.87482922e-01 8.02978171e-03 6.80170698e-01 3.41731056e-02
9.77029093e-01 6.96519117e-01 8.94256838e-03 6.89282570e-01 3.38362491e-02
9.77362550e-01 7.05693483e-01 9.79311066e-03 6.98519991e-01 3.34905384e-02
9.77693597e-01 7.15006601e-01 1.05808274e-02 7.07883099e-01 3.31406636e-02
9.78022233e-01 7.24459741e-01 1.13058840e-02 7.17372867e-01 3.27912234e-02
9.78348456e-01 7.34054977e-01 1.19691764e-02 7.26991221e-01 3.24466503e-02
9.78672267e-01 7.43795301e-01 1.25723052e-02 7.36741148e-01 3.21111387e-02
9.78993665e-01 7.53684731e-01 1.31175393e-02 7.46626813e-01 3.17885765e-02
9.79312648e-01 7.63728421e-01 1.36077712e-02 7.56653657e-01 3.14824826e-02
9.79629216e-01 7.73932766e-01 1.40464626e-02 7.66828500e-01 3.11959503e-02
9.79943368e-01 7.84305500e-01 1.44375807e-02 7.77159635e-01 3.09315979e-02
9.80255103e-01 7.94855788e-01 1.47855279e-02 7.87656909e-01 3.06915281e-02
9.80564421e-01 8.05594312e-01 1.50950625e-02 7.98331798e-01 3.04772959e-02
9.80871321e-01 8.16533351e-01 1.53712145e-02 8.09197474e-01 3.02898869e-02
9.81175801e-01 8.27686839e-01 1.56191949e-02 8.20268857e-01 3.01297063e-02
9.81477862e-01 8.39070432e-01 1.58443013e-02 8.31562657e-01 2.99965779e-02
9.81777503e-01 8.50701544e-01 1.60518202e-02 8.43097404e-01 2.98897554e-02
9.82074722e-01 8.62599382e-01 1.62469276e-02 8.54893461e-01 2.98079448e-02
9.82369519e-01 8.74784967e-01 1.64345894e-02 8.66973029e-01 2.97493377e-02
9.82661894e-01 8.87281136e-01 1.66194620e-02 8.79360130e-01 2.97116571e-02
9.82951845e-01 9.00112533e-01 1.68057966e-02 8.92080584e-01 2.96922128e-02
9.83239372e-01 9.13305587e-01 1.69973463e-02 9.05161965e-01 2.96879681e-02
9.83524474e-01 9.26888471e-01 1.71972792e-02 9.18633547e-01 2.96956157e-02
9.83807150e-01 9.40891053e-01 1.74080982e-02 9.32526232e-01 2.97116629e-02
9.84087401e-01 9.55344831e-01 1.76315685e-02 9.46872470e-01 2.97325249e-02
9.84365224e-01 9.70282851e-01 1.78686555e-02 9.61706168e-01 2.97546240e-02
9.84640620e-01 9.85739618e-01 1.81194723e-02 9.77062580e-01 2.97744955e-02
9.84913588e-01 1.00175100e+00 1.83832394e-02 9.92978204e-01 2.97888969e-02
9.85184126e-01 1.01835413e+00 1.86582573e-02 1.00949065e+00 2.97949205e-02
9.85452235e-01 1.03558725e+00 1.89418922e-02 1.02663855e+00 2.97901067e-02
9.85717914e-01 1.05348968e+00 1.92305760e-02 1.04446139e+00 2.97725571e-02
9.85981162e-01 1.07210161e+00 1.95198207e-02 1.06299944e+00 2.97410449e-02
9.86241978e-01 1.09146407e+00 1.98042474e-02 1.08229360e+00 2.96951228e-02
9.86500362e-01 1.11161877e+00 2.00776310e-02 1.10238534e+00 2.96352236e-02
9.86756313e-01 1.13260808e+00 2.03329582e-02 1.12331661e+00 2.95627553e-02
9.87009830e-01 1.15447488e+00 2.05625008e-02 1.14512974e+00 2.94801861e-02
9.87260914e-01 1.17726262e+00 2.07579024e-02 1.16786746e+00 2.93911196e-02
9.87509562e-01 1.20101521e+00 2.09102778e-02 1.19157286e+00 2.93003578e-02
9.87755776e-01 1.22577711e+00 2.10103239e-02 1.21628947e+00 2.92139514e-02
9.87999553e-01 1.25159339e+00 2.10484422e-02 1.24206127e+00 2.91392341e-02
9.88240894e-01 1.27850980e+00 2.10148695e-02 1.26893291e+00 2.90848427e-02
9.88479797e-01 1.30657300e+00 2.08998167e-02 1.29694981e+00 2.90607199e-02
9.88716263e-01 1.33583076e+00 2.06936134e-02 1.32615849e+00 2.90780987e-02
9.88950290e-01 1.36633226e+00 2.03868563e-02 1.35660684e+00 2.91494703e-02
9.89181879e-01 1.39812847e+00 1.99705604e-02 1.38834452e+00 2.92885320e-02
9.89411028e-01 1.43127258e+00 1.94363090e-02 1.42142346e+00 2.95101172e-02
9.89637737e-01 1.46582056e+00 1.87764031e-02 1.45589836e+00 2.98301063e-02
9.89862005e-01 1.50183175e+00 1.79840052e-02 1.49182737e+00 3.02653186e-02
9.90083833e-01 1.53936954e+00 1.70532776e-02 1.52927281e+00 3.08333874e-02
9.90303218e-01 1.57850223e+00 1.59795121e-02 1.56830196e+00 3.15526165e-02
9.90520161e-01 1.61930383e+00 1.47592490e-02 1.60898797e+00 3.24418201e-02
9.90734662e-01 1.66185508e+00 1.33903843e-02 1.65141086e+00 3.35201489e-02
9.90946719e-01 1.70624447e+00 1.18722619e-02 1.69565855e+00 3.48068999e-02
9.91156332e-01 1.75256938e+00 1.02057507e-02 1.74182806e+00 3.63213154e-02
9.91363501e-01 1.80093728e+00 8.39330415e-03 1.79002667e+00 3.80823704e-02
9.91568226e-01 1.85146697e+00 6.43900097e-03 1.84037324e+00 4.01085511e-02
9.91770504e-01 1.90428996e+00 4.34856675e-03 1.89299952e+00 4.24176265e-02
9.91970337e-01 1.95955177e+00 2.12937486e-03 1.94805149e+00 4.50264154e-02
9.92167724e-01 2.01741333e+00 -2.09573447e-04 2.00569080e+00 4.79505509e-02
9.92362663e-01 2.07805238e+00 -2.65769008e-03 2.06609614e+00 5.12042445e-02
9.92555155e-01 2.14166487e+00 -5.20286227e-03 2.12946462e+00 5.48000533e-02
9.92745200e-01 2.20846630e+00 -7.83153556e-03 2.19601313e+00 5.87486513e-02
9.92932796e-01 2.27869303e+00 -1.05288169e-02 2.26597963e+00 6.30586091e-02
9.93117944e-01 2.35260349e+00 -1.32785970e-02 2.33962436e+00 6.77361825e-02
9.93300642e-01 2.43047934e+00 -1.60636911e-02 2.41723099e+00 7.27851147e-02
9.93480891e-01 2.51262645e+00 -1.88659955e-02 2.49910754e+00 7.82064530e-02
9.93658689e-01 2.59937575e+00 -2.16666605e-02 2.58558728e+00 8.39983828e-02
9.93834037e-01 2.69108389e+00 -2.44462745e-02 2.67702927e+00 9.01560816e-02
9.94006934e-01 2.78813366e+00 -2.71850609e-02 2.77381889e+00 9.66715945e-02
9.94177380e-01 2.89093427e+00 -2.98630818e-02 2.87636795e+00 1.03533734e-01
9.94345374e-01 2.99992119e+00 -3.24604491e-02 2.98511460e+00 1.10728006e-01
9.94510915e-01 3.11555587e+00 -3.49575384e-02 3.10052298e+00 1.18236562e-01
9.94674004e-01 3.23832503e+00 -3.73352040e-02 3.22308250e+00 1.26038181e-01
9.94834640e-01 3.36873964e+00 -3.95749914e-02 3.35330675e+00 1.34108280e-01
9.94992823e-01 3.50733352e+00 -4.16593462e-02 3.49173213e+00 1.42418959e-01
9.95148552e-01 3.65466159e+00 -4.35718148e-02 3.63891600e+00 1.50939076e-01
9.95301826e-01 3.81129768e+00 -4.52972351e-02 3.79543451e+00 1.59634352e-01
9.95452646e-01 3.97783190e+00 -4.68219152e-02 3.96187993e+00 1.68467509e-01
9.95601011e-01 4.15486770e+00 -4.81337965e-02 4.13885767e+00 1.77398446e-01
9.95746921e-01 4.34301839e+00 -4.92226004e-02 4.32698278e+00 1.86384439e-01
9.95890375e-01 4.54290327e+00 -5.00799544e-02 4.52687606e+00 1.95380374e-01
9.96031373e-01 4.75514338e+00 -5.06994989e-02 4.73915980e+00 2.04339014e-01
9.96169914e-01 4.98035681e+00 -5.10769700e-02 4.96445303e+00 2.13211290e-01
9.96305999e-01 5.21915362e+00 -5.12102591e-02 5.20336647e+00 2.21946621e-01
9.96439627e-01 5.47213041e+00 -5.10994479e-02 5.45649708e+00 2.30493255e-01
9.96570797e-01 5.73986455e+00 -5.07468172e-02 5.72442225e+00 2.38798642e-01
9.96699510e-01 6.02290812e+00 -5.01568312e-02 6.00769376e+00 2.46809814e-01
9.96825765e-01 6.32178153e+00 -4.93360950e-02 6.30683144e+00 2.54473793e-01
9.96949561e-01 6.63696703e+00 -4.82932876e-02 6.62231659e+00 2.61738006e-01
9.97070899e-01 6.96890198e+00 -4.70390694e-02 6.95458532e+00 2.68550716e-01
9.97189778e-01 7.31797201e+00 -4.55859677e-02 7.30402172e+00 2.74861457e-01
9.97306197e-01 7.68450418e+00 -4.39482380e-02 7.67095103e+00 2.80621473e-01
9.97420157e-01 8.06876014e+00 -4.21417066e-02 8.05563276e+00 2.85784157e-01
9.97531657e-01 8.47092934e+00 -4.01835933e-02 8.45825405e+00 2.90305486e-01
9.97640697e-01 8.89112247e+00 -3.80923185e-02 8.87892300e+00 2.94144450e-01
9.97747277e-01 9.32936510e+00 -3.58872954e-02 9.31766238e+00 2.97263463e-01
9.97851396e-01 9.78559160e+00 -3.35887117e-02 9.77440364e+00 2.99628764e-01
9.97953055e-01 1.02596395e+01 -3.12173020e-02 1.02489812e+01 3.01210792e-01
9.98052252e-01 1.07512441e+01 -2.87941143e-02 1.07411273e+01 3.01984543e-01
9.98148988e-01 1.12600343e+01 -2.63402738e-02 1.12504674e+01 3.01929891e-01
9.98243262e-01 1.17855280e+01 -2.38767475e-02 1.17765162e+01 3.01031885e-01
9.98335074e-01 1.23271287e+01 -2.14241102e-02 1.23186740e+01 2.99281002e-01
9.98424424e-01 1.28841235e+01 -1.90023185e-02 1.28762244e+01 2.96673370e-01
9.98511312e-01 1.34556805e+01 -1.66304927e-02 1.34483326e+01 2.93210943e-01
9.98595738e-01 1.40408482e+01 -1.43267105e-02 1.40340438e+01 2.88901631e-01
9.98677701e-01 1.46385553e+01 -1.21078151e-02 1.46322840e+01 2.83759389e-01
9.98757201e-01 1.52476118e+01 -9.98924065e-03 1.52418603e+01 2.77804253e-01
9.98834237e-01 1.58667105e+01 -7.98485573e-03 1.58614629e+01 2.71062322e-01
9.98908811e-01 1.64944301e+01 -6.10682853e-03 1.64896682e+01 2.63565696e-01
9.98980921e-01 1.71292388e+01 -4.36551422e-03 1.71249424e+01 2.55352359e-01
9.99050567e-01 1.77694997e+01 -2.76936655e-03 1.77656464e+01 2.46466005e-01
9.99117750e-01 1.84134759e+01 -1.32487430e-03 1.84100422e+01 2.36955819e-01
9.99182468e-01 1.90593383e+01 -3.65236721e-05 1.90562991e+01 2.26876202e-01
9.99244723e-01 1.97051727e+01 1.09321329e-03 1.97025021e+01 2.16286450e-01
9.99304513e-01 2.03489892e+01 2.06386400e-03 2.03466605e+01 2.05250381e-01
9.99361839e-01 2.09887314e+01 2.87691479e-03 2.09867175e+01 1.93835918e-01
9.99416700e-01 2.16222871e+01 3.53574515e-03 2.16205610e+01 1.82114633e-01
9.99469096e-01 2.22474998e+01 4.04553770e-03 2.22460345e+01 1.70161249e-01
9.99519028e-01 2.28621802e+01 4.41316523e-03 2.28609492e+01 1.58053104e-01
9.99566494e-01 2.34641190e+01 4.64705642e-03 2.34630967e+01 1.45869591e-01
9.99611495e-01 2.40511001e+01 4.75704216e-03 2.40502616e+01 1.33691562e-01
9.99654032e-01 2.46209133e+01 4.75418451e-03 2.46202352e+01 1.21600725e-01
9.99694102e-01 2.51713690e+01 4.65059086e-03 2.51708289e+01 1.09679009e-01
9.99731708e-01 2.57003112e+01 4.45921560e-03 2.56998884e+01 9.80079294e-02
9.99766848e-01 2.62056317e+01 4.19365232e-03 2.62053071e+01 8.66679474e-02
9.99799522e-01 2.66852842e+01 3.86791914e-03 2.66850406e+01 7.57378255e-02
9.99829731e-01 2.71372976e+01 3.49624028e-03 2.71371194e+01 6.52939963e-02
9.99857474e-01 2.75597894e+01 3.09282676e-03 2.75596629e+01 5.54099412e-02
9.99882751e-01 2.79509786e+01 2.67165922e-03 2.79508920e+01 4.61555890e-02
9.99905562e-01 2.83091982e+01 2.24627591e-03 2.83091414e+01 3.75967397e-02
9.99925908e-01 2.86329066e+01 1.82956864e-03 2.86328713e+01 2.97945185e-02
9.99943787e-01 2.89206986e+01 1.43358944e-03 2.89206781e+01 2.28048657e-02
9.99959200e-01 2.91713154e+01 1.06937070e-03 2.91713045e+01 1.66780674e-02
9.99972148e-01 2.93836536e+01 7.46760990e-04 2.93836485e+01 1.14583311e-02
9.99982629e-01 2.95567734e+01 4.74278957e-04 2.95567714e+01 7.18341055e-03
9.99990644e-01 2.96899053e+01 2.58986838e-04 2.96899048e+01 3.88427778e-03
9.99996193e-01 2.97824577e+01 1.06383645e-04 2.97824576e+01 1.58482211e-03
9.99999277e-01 2.98340370e+01 2.02968633e-05 2.98340370e+01 3.01242694e-04
