-9.99999277e-01 2.28291743e-02 1.45465683e-07 -2.28291741e-02 2.94418351e-06
-9.99996193e-01 2.28167623e-02 7.66265516e-07 -2.28167547e-02 1.55057289e-05
-9.99990644e-01 2.27944615e-02 1.88237938e-06 -2.27944157e-02 3.80763746e-05
-9.99982629e-01 2.27623173e-02 3.49276585e-06 -2.27621595e-02 7.06122997e-05
-9.99972148e-01 2.27204016e-02 5.59559338e-06 -2.27199963e-02 1.13043711e-04
-9.99959200e-01 2.26688086e-02 8.18843575e-06 -2.26679399e-02 1.65278938e-04
-9.99943787e-01 2.26076548e-02 1.12682915e-05 -2.26060079e-02 2.27205010e-04
-9.99925908e-01 2.25370779e-02 1.48315889e-05 -2.25342209e-02 2.98687972e-04
-9.99905562e-01 2.24572370e-02 1.88741880e-05 -2.24526033e-02 3.79573204e-04
-9.99882751e-01 2.23683119e-02 2.33913836e-05 -2.23611828e-02 4.69685767e-04
-9.99857474e-01 2.22705029e-02 2.83779069e-05 -2.22599906e-02 5.68830799e-04
-9.99829731e-01 2.21640302e-02 3.38279284e-05 -2.21490615e-02 6.76793940e-04
-9.99799522e-01 2.20491335e-02 3.97350606e-05 -2.20284339e-02 7.93341814e-04
-9.99766848e-01 2.19260710e-02 4.60923611e-05 -2.18981497e-02 9.18222543e-04
-9.99731708e-01 2.17951197e-02 5.28923357e-05 -2.17582549e-02 1.05116630e-03
-9.99694102e-01 2.16565736e-02 6.01269424e-05 -2.16087988e-02 1.19188592e-03
-9.99654032e-01 2.15107441e-02 6.77875949e-05 -2.14498350e-02 1.34007751e-03
-9.99611495e-01 2.13579583e-02 7.58651673e-05 -2.12814206e-02 1.49542115e-03
-9.99566494e-01 2.11985590e-02 8.43499983e-05 -2.11036171e-02 1.65758155e-03
-9.99519028e-01 2.10329036e-02 9.32318959e-05 -2.09164898e-02 1.82620884e-03
-9.99469096e-01 2.08613629e-02 1.02500143e-04 -2.07201081e-02 2.00093931e-03
-9.99416700e-01 2.06843211e-02 1.12143503e-04 -2.05145459e-02 2.18139622e-03
-9.99361839e-01 2.05021739e-02 1.22150223e-04 -2.02998810e-02 2.36719059e-03
-9.99304513e-01 2.03153284e-02 1.32508046e-04 -2.00761959e-02 2.55792211e-03
-9.99244723e-01 2.01242017e-02 1.43204211e-04 -1.98435773e-02 2.75317996e-03
-9.99182468e-01 1.99292200e-02 1.54225462e-04 -1.96021167e-02 2.95254373e-03
-9.99117750e-01 1.97308176e-02 1.65558056e-04 -1.93519099e-02 3.15558432e-03
-9.99050567e-01 1.95294362e-02 1.77187772e-04 -1.90930576e-02 3.36186490e-03
-9.98980921e-01 1.93255234e-02 1.89099912e-04 -1.88256650e-02 3.57094181e-03
-9.98908811e-01 1.91195319e-02 2.01279320e-04 -1.85498423e-02 3.78236556e-03
-9.98834237e-01 1.89119186e-02 2.13710379e-04 -1.82657047e-02 3.99568176e-03
-9.98757201e-01 1.87031432e-02 2.26377031e-04 -1.79733719e-02 4.21043213e-03
-9.98677701e-01 1.84936675e-02 2.39262775e-04 -1.76729690e-02 4.42615546e-03
-9.98595738e-01 1.82839542e-02 2.52350688e-04 -1.73646260e-02 4.64238860e-03
-9.98511312e-01 1.80744656e-02 2.65623426e-04 -1.70484781e-02 4.85866744e-03
-9.98424424e-01 1.78656631e-02 2.79063240e-04 -1.67246655e-02 5.07452792e-03
-9.98335074e-01 1.76580056e-02 2.92651984e-04 -1.63933337e-02 5.28950697e-03
-9.98243262e-01 1.74519488e-02 3.06371127e-04 -1.60546333e-02 5.50314352e-03
-9.98148988e-01 1.72479441e-02 3.20201766e-04 -1.57087204e-02 5.71497943e-03
-9.98052252e-01 1.70464374e-02 3.34124636e-04 -1.53557560e-02 5.92456050e-03
-9.97953055e-01 1.68478684e-02 3.48120123e-04 -1.49959067e-02 6.13143736e-03
-9.97851396e-01 1.66526695e-02 3.62168277e-04 -1.46293442e-02 6.33516644e-03
-9.97747277e-01 1.64612646e-02 3.76248824e-04 -1.42562456e-02 6.53531085e-03
-9.97640697e-01 1.62740686e-02 3.90341183e-04 -1.38767931e-02 6.73144131e-03
-9.97531657e-01 1.60914862e-02 4.04424475e-04 -1.34911744e-02 6.92313698e-03
-9.97420157e-01 1.59139112e-02 4.18477542e-04 -1.30995822e-02 7.10998635e-03
-9.97306197e-01 1.57417252e-02 4.32478957e-04 -1.27022144e-02 7.29158805e-03
-9.97189778e-01 1.55752975e-02 4.46407044e-04 -1.22992741e-02 7.46755166e-03
-9.97070899e-01 1.54149836e-02 4.60239888e-04 -1.18909695e-02 7.63749846e-03
-9.96949561e-01 1.52611250e-02 4.73955356e-04 -1.14775136e-02 7.80106219e-03
-9.96825765e-01 1.51140481e-02 4.87531109e-04 -1.10591246e-02 7.95788977e-03
-9.96699510e-01 1.49740637e-02 5.00944620e-04 -1.06360253e-02 8.10764195e-03
-9.96570797e-01 1.48414663e-02 5.14173192e-04 -1.02084434e-02 8.24999399e-03
-9.96439627e-01 1.47165334e-02 5.27193973e-04 -9.77661111e-03 8.38463622e-03
-9.96305999e-01 1.45995253e-02 5.39983974e-04 -9.34076514e-03 8.51127469e-03
-9.96169914e-01 1.44906842e-02 5.52520086e-04 -8.90114662e-03 8.62963163e-03
-9.96031373e-01 1.43902338e-02 5.64779101e-04 -8.45800089e-03 8.73944597e-03
-9.95890375e-01 1.42983790e-02 5.76737726e-04 -8.01157737e-03 8.84047382e-03
-9.95746921e-01 1.42153054e-02 5.88372604e-04 -7.56212936e-03 8.93248887e-03
-9.95601011e-01 1.41411792e-02 5.99660331e-04 -7.10991394e-03 9.01528274e-03
-9.95452646e-01 1.40761465e-02 6.10577477e-04 -6.65519170e-03 9.08866536e-03
-9.95301826e-01 1.40203335e-02 6.21100605e-04 -6.19822661e-03 9.15246523e-03
-9.95148552e-01 1.39738458e-02 6.31206286e-04 -5.73928579e-03 9.20652968e-03
-9.94992823e-01 1.39367690e-02 6.40871125e-04 -5.27863929e-03 9.25072507e-03
-9.94834640e-01 1.39091677e-02 6.50071777e-04 -4.81655987e-03 9.28493697e-03
-9.94674004e-01 1.38910863e-02 6.58784964e-04 -4.35332279e-03 9.30907023e-03
-9.94510915e-01 1.38825484e-02 6.66987502e-04 -3.88920554e-03 9.32304914e-03
-9.94345374e-01 1.38835571e-02 6.74656314e-04 -3.42448758e-03 9.32681737e-03
-9.94177380e-01 1.38940951e-02 6.81768453e-04 -2.95945012e-03 9.32033803e-03
-9.94006934e-01 1.39141248e-02 6.88301124e-04 -2.49437582e-03 9.30359359e-03
-9.93834037e-01 1.39435885e-02 6.94231699e-04 -2.02954853e-03 9.27658579e-03
-9.93658689e-01 1.39824086e-02 6.99537741e-04 -1.56525300e-03 9.23933548e-03
-9.93480891e-01 1.40304879e-02 7.04197023e-04 -1.10177461e-03 9.19188251e-03
-9.93300642e-01 1.40877099e-02 7.08187547e-04 -6.39399042e-04 9.13428543e-03
-9.93117944e-01 1.41539394e-02 7.11487565e-04 -1.78412003e-04 9.06662131e-03
-9.92932796e-01 1.42290224e-02 7.14075597e-04 2.80901080e-04 8.98898539e-03
-9.92745200e-01 1.43127871e-02 7.15930454e-04 7.38255379e-04 8.90149077e-03
-9.92555155e-01 1.44050439e-02 7.17031254e-04 1.19336697e-03 8.80426806e-03
-9.92362663e-01 1.45055864e-02 7.17357442e-04 1.64595318e-03 8.69746495e-03
-9.92167724e-01 1.46141915e-02 7.16888809e-04 2.09573284e-03 8.58124577e-03
-9.91970337e-01 1.47306203e-02 7.15605514e-04 2.54242669e-03 8.45579105e-03
-9.91770504e-01 1.48546186e-02 7.13488096e-04 2.98575765e-03 8.32129702e-03
-9.91568226e-01 1.49859177e-02 7.10517499e-04 3.42545118e-03 8.17797502e-03
-9.91363501e-01 1.51242347e-02 7.06675086e-04 3.86123555e-03 8.02605102e-03
-9.91156332e-01 1.52692737e-02 7.01942656e-04 4.29284224e-03 7.86576498e-03
-9.90946719e-01 1.54207263e-02 6.96302466e-04 4.72000622e-03 7.69737028e-03
-9.90734662e-01 1.55782722e-02 6.89737241e-04 5.14246626e-03 7.52113304e-03
-9.90520161e-01 1.57415803e-02 6.82230197e-04 5.55996531e-03 7.33733151e-03
-9.90303218e-01 1.59103093e-02 6.73765051e-04 5.97225075e-03 7.14625536e-03
-9.90083833e-01 1.60841085e-02 6.64326044e-04 6.37907474e-03 6.94820500e-03
-9.89862005e-01 1.62626187e-02 6.53897946e-04 6.78019456e-03 6.74349088e-03
-9.89637737e-01 1.64454732e-02 6.42466081e-04 7.17537284e-03 6.53243273e-03
-9.89411028e-01 1.66322982e-02 6.30016335e-04 7.56437794e-03 6.31535886e-03
-9.89181879e-01 1.68227142e-02 6.16535168e-04 7.94698418e-03 6.09260539e-03
-9.88950290e-01 1.70163365e-02 6.02009635e-04 8.32297218e-03 5.86451550e-03
-9.88716263e-01 1.72127761e-02 5.86427389e-04 8.69212910e-03 5.63143864e-03
-9.88479797e-01 1.74116408e-02 5.69776699e-04 9.05424894e-03 5.39372980e-03
-9.88240894e-01 1.76125359e-02 5.52046459e-04 9.40913279e-03 5.15174869e-03
-9.87999553e-01 1.78150650e-02 5.33226199e-04 9.75658908e-03 4.90585899e-03
-9.87755776e-01 1.80188311e-02 5.13306095e-04 1.00964339e-02 4.65642758e-03
-9.87509562e-01 1.82234373e-02 4.92276980e-04 1.04284910e-02 4.40382371e-03
-9.87260914e-01 1.84284876e-02 4.70130349e-04 1.07525923e-02 4.14841831e-03
-9.87009830e-01 1.86335879e-02 4.46858370e-04 1.10685781e-02 3.89058316e-03
-9.86756313e-01 1.88383467e-02 4.22453892e-04 1.13762970e-02 3.63069012e-03
-9.86500362e-01 1.90423761e-02 3.96910450e-04 1.16756063e-02 3.36911046e-03
-9.86241978e-01 1.92452923e-02 3.70222272e-04 1.19663720e-02 3.10621403e-03
-9.85981162e-01 1.94467165e-02 3.42384285e-04 1.22484695e-02 2.84236855e-03
-9.85717914e-01 1.96462761e-02 3.13392118e-04 1.25217828e-02 2.57793895e-03
-9.85452235e-01 1.98436045e-02 2.83242108e-04 1.27862057e-02 2.31328658e-03
-9.85184126e-01 2.00383429e-02 2.51931304e-04 1.30416411e-02 2.04876860e-03
-9.84913588e-01 2.02301401e-02 2.19457469e-04 1.32880014e-02 1.78473728e-03
-9.84640620e-01 2.04186537e-02 1.85819079e-04 1.35252088e-02 1.52153932e-03
-9.84365224e-01 2.06035506e-02 1.51015333e-04 1.37531950e-02 1.25951530e-03
-9.84087401e-01 2.07845075e-02 1.15046146e-04 1.39719017e-02 9.98998995e-04
-9.83807150e-01 2.09612116e-02 7.79121503e-05 1.41812800e-02 7.40316823e-04
-9.83524474e-01 2.11333613e-02 3.96147010e-05 1.43812913e-02 4.83787290e-04
-9.83239372e-01 2.13006663e-02 1.55869331e-07 1.45719065e-02 2.29720440e-04
-9.82951845e-01 2.14628486e-02 -4.04615565e-05 1.47531064e-02 -2.15826505e-05
-9.82661894e-01 2.16196425e-02 -8.22340735e-05 1.49248819e-02 -2.69830359e-04
-9.82369519e-01 2.17707955e-02 -1.25157466e-04 1.50872334e-02 -5.14740975e-04
-9.82074722e-01 2.19160682e-02 -1.69226810e-04 1.52401713e-02 -7.56043131e-04
-9.81777503e-01 2.20552350e-02 -2.14436476e-04 1.53837155e-02 -9.93476202e-04
-9.81477862e-01 2.21880843e-02 -2.60780131e-04 1.55178957e-02 -1.22679068e-03
-9.81175801e-01 2.23144187e-02 -3.08250747e-04 1.56427510e-02 -1.45574852e-03
-9.80871321e-01 2.24340557e-02 -3.56840604e-04 1.57583301e-02 -1.68012344e-03
-9.80564421e-01 2.25468270e-02 -4.06541294e-04 1.58646910e-02 -1.89970124e-03
-9.80255103e-01 2.26525798e-02 -4.57343730e-04 1.59619007e-02 -2.11427999e-03
-9.79943368e-01 2.27511760e-02 -5.09238150e-04 1.60500355e-02 -2.32367034e-03
-9.79629216e-01 2.28424928e-02 -5.62214123e-04 1.61291803e-02 -2.52769564e-03
-9.79312648e-01 2.29264229e-02 -6.16260559e-04 1.61994288e-02 -2.72619213e-03
-9.78993665e-01 2.30028738e-02 -6.71365714e-04 1.62608834e-02 -2.91900907e-03
-9.78672267e-01 2.30717688e-02 -7.27517197e-04 1.63136546e-02 -3.10600885e-03
-9.78348456e-01 2.31330463e-02 -7.84701980e-04 1.63578609e-02 -3.28706704e-03
-9.78022233e-01 2.31866596e-02 -8.42906405e-04 1.63936289e-02 -3.46207245e-03
-9.77693597e-01 2.32325776e-02 -9.02116191e-04 1.64210926e-02 -3.63092713e-03
-9.77362550e-01 2.32707838e-02 -9.62316445e-04 1.64403936e-02 -3.79354636e-03
-9.77029093e-01 2.33012767e-02 -1.02349167e-03 1.64516803e-02 -3.94985860e-03
-9.76693226e-01 2.33240692e-02 -1.08562577e-03 1.64551084e-02 -4.09980542e-03
-9.76354950e-01 2.33391887e-02 -1.14870208e-03 1.64508396e-02 -4.24334141e-03
-9.76014267e-01 2.33466767e-02 -1.21270332e-03 1.64390422e-02 -4.38043400e-03
-9.75671177e-01 2.33465885e-02 -1.27761169e-03 1.64198905e-02 -4.51106339e-03
-9.75325680e-01 2.33389931e-02 -1.34340879e-03 1.63935643e-02 -4.63522230e-03
-9.74977778e-01 2.33239723e-02 -1.41007569e-03 1.63602487e-02 -4.75291580e-03
-9.74627472e-01 2.33016211e-02 -1.47759292e-03 1.63201340e-02 -4.86416107e-03
-9.74274762e-01 2.32720467e-02 -1.54594049e-03 1.62734152e-02 -4.96898717e-03
-9.73919650e-01 2.32353684e-02 -1.61509786e-03 1.62202914e-02 -5.06743473e-03
-9.73562135e-01 2.31917171e-02 -1.68504400e-03 1.61609661e-02 -5.15955570e-03
-9.73202220e-01 2.31412348e-02 -1.75575738e-03 1.60956461e-02 -5.24541302e-03
-9.72839904e-01 2.30840743e-02 -1.82721598e-03 1.60245418e-02 -5.32508027e-03
-9.72475189e-01 2.30203984e-02 -1.89939727e-03 1.59478666e-02 -5.39864138e-03
-9.72108076e-01 2.29503796e-02 -1.97227829e-03 1.58658364e-02 -5.46619018e-03
-9.71738566e-01 2.28741999e-02 -2.04583558e-03 1.57786694e-02 -5.52783009e-03
-9.71366659e-01 2.27920495e-02 -2.12004524e-03 1.56865859e-02 -5.58367370e-03
-9.70992357e-01 2.27041270e-02 -2.19488293e-03 1.55898077e-02 -5.63384237e-03
-9.70615660e-01 2.26106385e-02 -2.27032387e-03 1.54885578e-02 -5.67846580e-03
-9.70236569e-01 2.25117971e-02 -2.34634284e-03 1.53830601e-02 -5.71768159e-03
-9.69855086e-01 2.24078222e-02 -2.42291424e-03 1.52735392e-02 -5.75163483e-03
-9.69471210e-01 2.22989394e-02 -2.50001203e-03 1.51602196e-02 -5.78047765e-03
-9.69084944e-01 2.21853792e-02 -2.57760978e-03 1.50433259e-02 -5.80436872e-03
-9.68696288e-01 2.20673772e-02 -2.65568067e-03 1.49230823e-02 -5.82347285e-03
-9.68305243e-01 2.19451729e-02 -2.73419750e-03 1.47997119e-02 -5.83796047e-03
-9.67911810e-01 2.18190094e-02 -2.81313272e-03 1.46734369e-02 -5.84800720e-03
-9.67515990e-01 2.16891331e-02 -2.89245839e-03 1.45444779e-02 -5.85379336e-03
-9.67117784e-01 2.15557923e-02 -2.97214624e-03 1.44130538e-02 -5.85550350e-03
-9.66717192e-01 2.14192377e-02 -3.05216764e-03 1.42793816e-02 -5.85332591e-03
-9.66314217e-01 2.12797209e-02 -3.13249364e-03 1.41436755e-02 -5.84745217e-03
-9.65908859e-01 2.11374946e-02 -3.21309497e-03 1.40061474e-02 -5.83807666e-03
-9.65501118e-01 2.09928113e-02 -3.29394204e-03 1.38670061e-02 -5.82539613e-03
-9.65090997e-01 2.08459236e-02 -3.37500496e-03 1.37264572e-02 -5.80960917e-03
-9.64678495e-01 2.06970829e-02 -3.45625355e-03 1.35847028e-02 -5.79091579e-03
-9.64263614e-01 2.05465394e-02 -3.53765734e-03 1.34419413e-02 -5.76951698e-03
-9.63846355e-01 2.03945414e-02 -3.61918560e-03 1.32983671e-02 -5.74561423e-03
-9.63426720e-01 2.02413348e-02 -3.70080733e-03 1.31541703e-02 -5.71940912e-03
-9.63004708e-01 2.00871627e-02 -3.78249130e-03 1.30095366e-02 -5.69110284e-03
-9.62580321e-01 1.99322650e-02 -3.86420602e-03 1.28646470e-02 -5.66089585e-03
-9.62153561e-01 1.97768776e-02 -3.94591979e-03 1.27196779e-02 -5.62898737e-03
-9.61724427e-01 1.96212325e-02 -4.02760070e-03 1.25748003e-02 -5.59557509e-03
-9.61292922e-01 1.94655570e-02 -4.10921662e-03 1.24301801e-02 -5.56085466e-03
-9.60859046e-01 1.93100735e-02 -4.19073525e-03 1.22859780e-02 -5.52501942e-03
-9.60422801e-01 1.91549989e-02 -4.27212413e-03 1.21423489e-02 -5.48825998e-03
-9.59984187e-01 1.90005448e-02 -4.35335062e-03 1.19994423e-02 -5.45076388e-03
-9.59543205e-01 1.88469163e-02 -4.43438195e-03 1.18574018e-02 -5.41271525e-03
-9.59099857e-01 1.86943126e-02 -4.51518521e-03 1.17163649e-02 -5.37429450e-03
-9.58654144e-01 1.85429260e-02 -4.59572741e-03 1.15764635e-02 -5.33567802e-03
-9.58206066e-01 1.83929420e-02 -4.67597542e-03 1.14378231e-02 -5.29703787e-03
-9.57755626e-01 1.82445390e-02 -4.75589609e-03 1.13005631e-02 -5.25854149e-03
-9.57302823e-01 1.80978881e-02 -4.83545615e-03 1.11647969e-02 -5.22035150e-03
-9.56847660e-01 1.79531527e-02 -4.91462235e-03 1.10306314e-02 -5.18262539e-03
-9.56390137e-01 1.78104886e-02 -4.99336139e-03 1.08981673e-02 -5.14551533e-03
-9.55930255e-01 1.76700434e-02 -5.07163996e-03 1.07674991e-02 -5.10916796e-03
-9.55468016e-01 1.75319571e-02 -5.14942481e-03 1.06387148e-02 -5.07372417e-03
-9.55003420e-01 1.73963612e-02 -5.22668271e-03 1.05118962e-02 -5.03931897e-03
-9.54536469e-01 1.72633791e-02 -5.30338051e-03 1.03871188e-02 -5.00608128e-03
-9.54067164e-01 1.71331256e-02 -5.37948513e-03 1.02644520e-02 -4.97413382e-03
-9.53595507e-01 1.70057075e-02 -5.45496364e-03 1.01439587e-02 -4.94359297e-03
-9.53121497e-01 1.68812229e-02 -5.52978324e-03 1.00256958e-02 -4.91456868e-03
-9.52645137e-01 1.67597616e-02 -5.60391128e-03 9.90971417e-03 -4.88716435e-03
-9.52166428e-01 1.66414048e-02 -5.67731534e-03 9.79605859e-03 -4.86147678e-03
-9.51685370e-01 1.65262254e-02 -5.74996320e-03 9.68476793e-03 -4.83759608e-03
-9.51201965e-01 1.64142881e-02 -5.82182291e-03 9.57587524e-03 -4.81560568e-03
-9.50716215e-01 1.63056490e-02 -5.89286278e-03 9.46940788e-03 -4.79558224e-03
-9.50228120e-01 1.62003561e-02 -5.96305147e-03 9.36538759e-03 -4.77759570e-03
-9.49737681e-01 1.60984493e-02 -6.03235795e-03 9.26383067e-03 -4.76170923e-03
-9.49244901e-01 1.59999607e-02 -6.10075159e-03 9.16474806e-03 -4.74797928e-03
-9.48749779e-01 1.59049141e-02 -6.16820217e-03 9.06814554e-03 -4.73645562e-03
-9.48252318e-01 1.58133260e-02 -6.23467990e-03 8.97402385e-03 -4.72718135e-03
-9.47752518e-01 1.57252051e-02 -6.30015550e-03 8.88237887e-03 -4.72019302e-03
-9.47250380e-01 1.56405527e-02 -6.36460016e-03 8.79320177e-03 -4.71552064e-03
-9.46745907e-01 1.55593631e-02 -6.42798565e-03 8.70647919e-03 -4.71318784e-03
-9.46239099e-01 1.54816236e-02 -6.49028433e-03 8.62219342e-03 -4.71321189e-03
-9.45729957e-01 1.54073145e-02 -6.55146917e-03 8.54032260e-03 -4.71560389e-03
-9.45218483e-01 1.53364097e-02 -6.61151379e-03 8.46084089e-03 -4.72036884e-03
-9.44704677e-01 1.52688769e-02 -6.67039253e-03 8.38371865e-03 -4.72750580e-03
-9.44188542e-01 1.52046777e-02 -6.72808044e-03 8.30892270e-03 -4.73700804e-03
-9.43670079e-01 1.51437676e-02 -6.78455338e-03 8.23641646e-03 -4.74886316e-03
-9.43149288e-01 1.50860971e-02 -6.83978799e-03 8.16616016e-03 -4.76305330e-03
-9.42626171e-01 1.50316109e-02 -6.89376176e-03 8.09811110e-03 -4.77955529e-03
-9.42100730e-01 1.49802490e-02 -6.94645308e-03 8.03222379e-03 -4.79834084e-03
-9.41572965e-01 1.49319467e-02 -6.99784127e-03 7.96845020e-03 -4.81937669e-03
-9.41042878e-01 1.48866346e-02 -7.04790660e-03 7.90673997e-03 -4.84262488e-03
-9.40510470e-01 1.48442396e-02 -7.09663034e-03 7.84704059e-03 -4.86804289e-03
-9.39975743e-01 1.48046843e-02 -7.14399483e-03 7.78929766e-03 -4.89558385e-03
-9.39438698e-01 1.47678881e-02 -7.18998345e-03 7.73345505e-03 -4.92519682e-03
-9.38899336e-01 1.47337670e-02 -7.23458071e-03 7.67945512e-03 -4.95682690e-03
-9.38357658e-01 1.47022340e-02 -7.27777228e-03 7.62723895e-03 -4.99041554e-03
-9.37813667e-01 1.46731995e-02 -7.31954498e-03 7.57674653e-03 -5.02590075e-03
-9.37267362e-01 1.46465715e-02 -7.35988689e-03 7.52791694e-03 -5.06321726e-03
-9.36718746e-01 1.46222560e-02 -7.39878732e-03 7.48068856e-03 -5.10229684e-03
-9.36167820e-01 1.46001572e-02 -7.43623686e-03 7.43499929e-03 -5.14306849e-03
-9.35614585e-01 1.45801778e-02 -7.47222744e-03 7.39078670e-03 -5.18545866e-03
-9.35059043e-01 1.45622193e-02 -7.50675230e-03 7.34798823e-03 -5.22939150e-03
-9.34501195e-01 1.45461823e-02 -7.53980608e-03 7.30654137e-03 -5.27478910e-03
-9.33941042e-01 1.45319667e-02 -7.57138482e-03 7.26638384e-03 -5.32157170e-03
-9.33378586e-01 1.45194720e-02 -7.60148598e-03 7.22745374e-03 -5.36965794e-03
-9.32813828e-01 1.45085978e-02 -7.63010847e-03 7.18968975e-03 -5.41896509e-03
-9.32246769e-01 1.44992436e-02 -7.65725268e-03 7.15303123e-03 -5.46940927e-03
-9.31677412e-01 1.44913094e-02 -7.68292048e-03 7.11741842e-03 -5.52090568e-03
-9.31105757e-01 1.44846959e-02 -7.70711526e-03 7.08279255e-03 -5.57336882e-03
-9.30531805e-01 1.44793045e-02 -7.72984194e-03 7.04909600e-03 -5.62671271e-03
-9.29955559e-01 1.44750381e-02 -7.75110697e-03 7.01627242e-03 -5.68085112e-03
-9.29377019e-01 1.44718004e-02 -7.77091835e-03 6.98426682e-03 -5.73569775e-03
-9.28796187e-01 1.44694971e-02 -7.78928565e-03 6.95302574e-03 -5.79116649e-03
-9.28213065e-01 1.44680354e-02 -7.80622001e-03 6.92249730e-03 -5.84717157e-03
-9.27627654e-01 1.44673244e-02 -7.82173412e-03 6.89263133e-03 -5.90362778e-03
-9.27039955e-01 1.44672753e-02 -7.83584227e-03 6.86337946e-03 -5.96045067e-03
-9.26449969e-01 1.44678019e-02 -7.84856029e-03 6.83469516e-03 -6.01755671e-03
-9.25857699e-01 1.44688200e-02 -7.85990560e-03 6.80653386e-03 -6.07486353e-03
-9.25263146e-01 1.44702482e-02 -7.86989716e-03 6.77885300e-03 -6.13229001e-03
-9.24666310e-01 1.44720079e-02 -7.87855549e-03 6.75161206e-03 -6.18975652e-03
-9.24067195e-01 1.44740232e-02 -7.88590265e-03 6.72477263e-03 -6.24718504e-03
-9.23465800e-01 1.44762212e-02 -7.89196219e-03 6.69829845e-03 -6.30449934e-03
-9.22862128e-01 1.44785321e-02 -7.89675920e-03 6.67215542e-03 -6.36162511e-03
-9.22256180e-01 1.44808893e-02 -7.90032021e-03 6.64631167e-03 -6.41849009e-03
-9.21647958e-01 1.44832295e-02 -7.90267322e-03 6.62073749e-03 -6.47502424e-03
-9.21037462e-01 1.44854925e-02 -7.90384764e-03 6.59540541e-03 -6.53115983e-03
-9.20424696e-01 1.44876218e-02 -7.90387429e-03 6.57029018e-03 -6.58683157e-03
-9.19809659e-01 1.44895641e-02 -7.90278532e-03 6.54536873e-03 -6.64197672e-03
-9.19192354e-01 1.44912697e-02 -7.90061421e-03 6.52062020e-03 -6.69653520e-03
-9.18572782e-01 1.44926923e-02 -7.89739571e-03 6.49602586e-03 -6.75044965e-03
-9.17950945e-01 1.44937894e-02 -7.89316580e-03 6.47156914e-03 -6.80366558e-03
-9.17326844e-01 1.44945217e-02 -7.88796164e-03 6.44723552e-03 -6.85613136e-03
-9.16700480e-01 1.44948536e-02 -7.88182152e-03 6.42301257e-03 -6.90779838e-03
-9.16071856e-01 1.44947532e-02 -7.87478481e-03 6.39888982e-03 -6.95862104e-03
-9.15440973e-01 1.44941918e-02 -7.86689189e-03 6.37485874e-03 -7.00855684e-03
-9.14807832e-01 1.44931444e-02 -7.85818412e-03 6.35091268e-03 -7.05756644e-03
-9.14172435e-01 1.44915894e-02 -7.84870372e-03 6.32704678e-03 -7.10561365e-03
-9.13534783e-01 1.44895086e-02 -7.83849378e-03 6.30325792e-03 -7.15266551e-03
-9.12894879e-01 1.44868871e-02 -7.82759811e-03 6.27954463e-03 -7.19869228e-03
-9.12252723e-01 1.44837133e-02 -7.81606126e-03 6.25590699e-03 -7.24366746e-03
-9.11608317e-01 1.44799790e-02 -7.80392835e-03 6.23234658e-03 -7.28756781e-03
-9.10961663e-01 1.44756788e-02 -7.79124507e-03 6.20886636e-03 -7.33037336e-03
-9.10312763e-01 1.44708108e-02 -7.77805757e-03 6.18547057e-03 -7.37206737e-03
-9.09661618e-01 1.44653756e-02 -7.76441237e-03 6.16216466e-03 -7.41263633e-03
-9.09008229e-01 1.44593770e-02 -7.75035630e-03 6.13895518e-03 -7.45206996e-03
-9.08352599e-01 1.44528215e-02 -7.73593641e-03 6.11584967e-03 -7.49036115e-03
-9.07694728e-01 1.44457181e-02 -7.72119989e-03 6.09285657e-03 -7.52750593e-03
-9.07034619e-01 1.44380787e-02 -7.70619394e-03 6.06998508e-03 -7.56350348e-03
-9.06372273e-01 1.44299172e-02 -7.69096574e-03 6.04724510e-03 -7.59835600e-03
-9.05707691e-01 1.44212502e-02 -7.67556236e-03 6.02464710e-03 -7.63206873e-03
-9.05040876e-01 1.44120963e-02 -7.66003059e-03 6.00220202e-03 -7.66464984e-03
-9.04371830e-01 1.44024762e-02 -7.64441695e-03 5.97992114e-03 -7.69611040e-03
-9.03700552e-01 1.43924124e-02 -7.62876753e-03 5.95781601e-03 -7.72646429e-03
-9.03027046e-01 1.43819295e-02 -7.61312792e-03 5.93589831e-03 -7.75572813e-03
-9.02351313e-01 1.43710535e-02 -7.59754313e-03 5.91417978e-03 -7.78392122e-03
-9.01673355e-01 1.43598121e-02 -7.58205748e-03 5.89267209e-03 -7.81106541e-03
-9.00993173e-01 1.43482342e-02 -7.56671451e-03 5.87138673e-03 -7.83718507e-03
-9.00310769e-01 1.43363501e-02 -7.55155688e-03 5.85033495e-03 -7.86230693e-03
-8.99626145e-01 1.43241913e-02 -7.53662630e-03 5.82952763e-03 -7.88646006e-03
-8.98939302e-01 1.43117901e-02 -7.52196342e-03 5.80897522e-03 -7.90967569e-03
-8.98250242e-01 1.42991796e-02 -7.50760778e-03 5.78868760e-03 -7.93198717e-03
-8.97558967e-01 1.42863937e-02 -7.49359765e-03 5.76867404e-03 -7.95342982e-03
-8.96865478e-01 1.42734670e-02 -7.47997000e-03 5.74894309e-03 -7.97404084e-03
-8.96169778e-01 1.42604342e-02 -7.46676041e-03 5.72950252e-03 -7.99385920e-03
-8.95471867e-01 1.42473305e-02 -7.45400297e-03 5.71035924e-03 -8.01292551e-03
-8.94771748e-01 1.42341913e-02 -7.44173020e-03 5.69151921e-03 -8.03128192e-03
-8.94069423e-01 1.42210519e-02 -7.42997299e-03 5.67298740e-03 -8.04897196e-03
-8.93364892e-01 1.42079474e-02 -7.41876051e-03 5.65476772e-03 -8.06604049e-03
-8.92658159e-01 1.41949130e-02 -7.40812014e-03 5.63686298e-03 -8.08253352e-03
-8.91949223e-01 1.41819833e-02 -7.39807738e-03 5.61927480e-03 -8.09849809e-03
-8.91238089e-01 1.41691925e-02 -7.38865585e-03 5.60200362e-03 -8.11398217e-03
-8.90524756e-01 1.41565742e-02 -7.37987713e-03 5.58504860e-03 -8.12903453e-03
-8.89809227e-01 1.41441614e-02 -7.37176079e-03 5.56840765e-03 -8.14370461e-03
-8.89091503e-01 1.41319861e-02 -7.36432426e-03 5.55207735e-03 -8.15804237e-03
-8.88371587e-01 1.41200796e-02 -7.35758285e-03 5.53605297e-03 -8.17209822e-03
-8.87649480e-01 1.41084721e-02 -7.35154964e-03 5.52032841e-03 -8.18592284e-03
-8.86925184e-01 1.40971928e-02 -7.34623547e-03 5.50489624e-03 -8.19956708e-03
-8.86198701e-01 1.40862697e-02 -7.34164889e-03 5.48974764e-03 -8.21308185e-03
-8.85470032e-01 1.40757293e-02 -7.33779612e-03 5.47487246e-03 -8.22651797e-03
-8.84739180e-01 1.40655972e-02 -7.33468106e-03 5.46025918e-03 -8.23992607e-03
-8.84006145e-01 1.40558972e-02 -7.33230519e-03 5.44589496e-03 -8.25335647e-03
-8.83270931e-01 1.40466519e-02 -7.33066763e-03 5.43176561e-03 -8.26685904e-03
-8.82533538e-01 1.40378820e-02 -7.32976505e-03 5.41785568e-03 -8.28048310e-03
-8.81793969e-01 1.40296070e-02 -7.32959173e-03 5.40414843e-03 -8.29427733e-03
-8.81052225e-01 1.40218446e-02 -7.33013951e-03 5.39062592e-03 -8.30828961e-03
-8.80308308e-01 1.40146106e-02 -7.33139780e-03 5.37726898e-03 -8.32256696e-03
-8.79562220e-01 1.40079194e-02 -7.33335359e-03 5.36405734e-03 -8.33715540e-03
-8.78813963e-01 1.40017834e-02 -7.33599144e-03 5.35096962e-03 -8.35209986e-03
-8.78063539e-01 1.39962132e-02 -7.33929356e-03 5.33798339e-03 -8.36744409e-03
-8.77310949e-01 1.39912177e-02 -7.34323974e-03 5.32507527e-03 -8.38323055e-03
-8.76556196e-01 1.39868039e-02 -7.34780743e-03 5.31222095e-03 -8.39950033e-03
-8.75799281e-01 1.39829769e-02 -7.35297179e-03 5.29939530e-03 -8.41629303e-03
-8.75040206e-01 1.39797401e-02 -7.35870568e-03 5.28657240e-03 -8.43364673e-03
-8.74278973e-01 1.39770947e-02 -7.36497973e-03 5.27372563e-03 -8.45159787e-03
-8.73515584e-01 1.39750403e-02 -7.37176237e-03 5.26082778e-03 -8.47018116e-03
-8.72750041e-01 1.39735747e-02 -7.37901992e-03 5.24785108e-03 -8.48942956e-03
-8.71982345e-01 1.39726937e-02 -7.38671659e-03 5.23476734e-03 -8.50937415e-03
-8.71212499e-01 1.39723912e-02 -7.39481460e-03 5.22154798e-03 -8.53004412e-03
-8.70440504e-01 1.39726596e-02 -7.40327421e-03 5.20816418e-03 -8.55146667e-03
-8.69666363e-01 1.39734893e-02 -7.41205381e-03 5.19458693e-03 -8.57366698e-03
-8.68890077e-01 1.39748690e-02 -7.42110999e-03 5.18078712e-03 -8.59666815e-03
-8.68111648e-01 1.39767857e-02 -7.43039761e-03 5.16673568e-03 -8.62049114e-03
-8.67331079e-01 1.39792248e-02 -7.43986992e-03 5.15240361e-03 -8.64515476e-03
-8.66548370e-01 1.39821700e-02 -7.44947861e-03 5.13776215e-03 -8.67067560e-03
-8.65763524e-01 1.39856035e-02 -7.45917392e-03 5.12278280e-03 -8.69706805e-03
-8.64976543e-01 1.39895060e-02 -7.46890475e-03 5.10743747e-03 -8.72434420e-03
-8.64187429e-01 1.39938566e-02 -7.47861875e-03 5.09169858e-03 -8.75251387e-03
-8.63396184e-01 1.39986331e-02 -7.48826239e-03 5.07553910e-03 -8.78158460e-03
-8.62602809e-01 1.40038120e-02 -7.49778114e-03 5.05893271e-03 -8.81156160e-03
-8.61807307e-01 1.40093685e-02 -7.50711950e-03 5.04185384e-03 -8.84244776e-03
-8.61009680e-01 1.40152766e-02 -7.51622119e-03 5.02427779e-03 -8.87424366e-03
-8.60209930e-01 1.40215091e-02 -7.52502918e-03 5.00618084e-03 -8.90694758e-03
-8.59408057e-01 1.40280379e-02 -7.53348589e-03 4.98754026e-03 -8.94055545e-03
-8.58604066e-01 1.40348336e-02 -7.54153325e-03 4.96833451e-03 -8.97506094e-03
-8.57797957e-01 1.40418663e-02 -7.54911284e-03 4.94854319e-03 -9.01045542e-03
-8.56989732e-01 1.40491049e-02 -7.55616602e-03 4.92814725e-03 -9.04672802e-03
-8.56179395e-01 1.40565179e-02 -7.56263402e-03 4.90712896e-03 -9.08386562e-03
-8.55366945e-01 1.40640727e-02 -7.56845811e-03 4.88547205e-03 -9.12185292e-03
-8.54552386e-01 1.40717365e-02 -7.57357969e-03 4.86316173e-03 -9.16067244e-03
-8.53735720e-01 1.40794758e-02 -7.57794041e-03 4.84018482e-03 -9.20030458e-03
-8.52916948e-01 1.40872567e-02 -7.58148232e-03 4.81652971e-03 -9.24072766e-03
-8.52096073e-01 1.40950450e-02 -7.58414797e-03 4.79218654e-03 -9.28191797e-03
-8.51273096e-01 1.41028062e-02 -7.58588053e-03 4.76714712e-03 -9.32384980e-03
-8.50448020e-01 1.41105056e-02 -7.58662394e-03 4.74140510e-03 -9.36649554e-03
-8.49620847e-01 1.41181084e-02 -7.58632298e-03 4.71495592e-03 -9.40982568e-03
-8.48791578e-01 1.41255798e-02 -7.58492345e-03 4.68779689e-03 -9.45380895e-03
-8.47960216e-01 1.41328852e-02 -7.58237222e-03 4.65992721e-03 -9.49841229e-03
-8.47126763e-01 1.41399900e-02 -7.57861739e-03 4.63134799e-03 -9.54360100e-03
-8.46291221e-01 1.41468598e-02 -7.57360840e-03 4.60206230e-03 -9.58933879e-03
-8.45453591e-01 1.41534605e-02 -7.56729609e-03 4.57207514e-03 -9.63558781e-03
-8.44613877e-01 1.41597585e-02 -7.55963287e-03 4.54139348e-03 -9.68230881e-03
-8.43772079e-01 1.41657207e-02 -7.55057278e-03 4.51002626e-03 -9.72946114e-03
-8.42928201e-01 1.41713142e-02 -7.54007161e-03 4.47798439e-03 -9.77700287e-03
-8.42082244e-01 1.41765071e-02 -7.52808697e-03 4.44528073e-03 -9.82489090e-03
-8.41234210e-01 1.41812678e-02 -7.51457842e-03 4.41193008e-03 -9.87308098e-03
-8.40384102e-01 1.41855658e-02 -7.49950750e-03 4.37794918e-03 -9.92152785e-03
-8.39531921e-01 1.41893709e-02 -7.48283788e-03 4.34335667e-03 -9.97018533e-03
-8.38677669e-01 1.41926543e-02 -7.46453537e-03 4.30817307e-03 -1.00190064e-02
-8.37821349e-01 1.41953877e-02 -7.44456807e-03 4.27242073e-03 -1.00679432e-02
-8.36962964e-01 1.41975440e-02 -7.42290635e-03 4.23612380e-03 -1.01169473e-02
-8.36102514e-01 1.41990970e-02 -7.39952297e-03 4.19930819e-03 -1.01659698e-02
-8.35240002e-01 1.42000215e-02 -7.37439314e-03 4.16200154e-03 -1.02149610e-02
-8.34375430e-01 1.42002936e-02 -7.34749455e-03 4.12423310e-03 -1.02638711e-02
-8.33508800e-01 1.41998904e-02 -7.31880742e-03 4.08603374e-03 -1.03126501e-02
-8.32640115e-01 1.41987903e-02 -7.28831453e-03 4.04743586e-03 -1.03612474e-02
-8.31769377e-01 1.41969729e-02 -7.25600130e-03 4.00847331e-03 -1.04096127e-02
-8.30896587e-01 1.41944188e-02 -7.22185577e-03 3.96918133e-03 -1.04576954e-02
-8.30021748e-01 1.41911104e-02 -7.18586864e-03 3.92959648e-03 -1.05054453e-02
-8.29144862e-01 1.41870310e-02 -7.14803331e-03 3.88975655e-03 -1.05528121e-02
-8.28265931e-01 1.41821654e-02 -7.10834586e-03 3.84970048e-03 -1.05997458e-02
-8.27384958e-01 1.41764996e-02 -7.06680507e-03 3.80946827e-03 -1.06461969e-02
-8.26501944e-01 1.41700212e-02 -7.02341243e-03 3.76910090e-03 -1.06921162e-02
-8.25616892e-01 1.41627190e-02 -6.97817210e-03 3.72864024e-03 -1.07374550e-02
-8.24729804e-01 1.41545833e-02 -6.93109096e-03 3.68812892e-03 -1.07821654e-02
-8.23840681e-01 1.41456057e-02 -6.88217851e-03 3.64761030e-03 -1.08262000e-02
-8.22949527e-01 1.41357792e-02 -6.83144693e-03 3.60712830e-03 -1.08695122e-02
-8.22056344e-01 1.41250983e-02 -6.77891099e-03 3.56672735e-03 -1.09120563e-02
-8.21161133e-01 1.41135587e-02 -6.72458804e-03 3.52645226e-03 -1.09537874e-02
-8.20263897e-01 1.41011576e-02 -6.66849799e-03 3.48634814e-03 -1.09946616e-02
-8.19364639e-01 1.40878934e-02 -6.61066323e-03 3.44646028e-03 -1.10346362e-02
-8.18463359e-01 1.40737661e-02 -6.55110857e-03 3.40683406e-03 -1.10736695e-02
-8.17560061e-01 1.40587769e-02 -6.48986125e-03 3.36751482e-03 -1.11117209e-02
-8.16654747e-01 1.40429281e-02 -6.42695080e-03 3.32854780e-03 -1.11487511e-02
-8.15747419e-01 1.40262236e-02 -6.36240903e-03 3.28997799e-03 -1.11847222e-02
-8.14838079e-01 1.40086684e-02 -6.29626995e-03 3.25185007e-03 -1.12195973e-02
-8.13926729e-01 1.39902686e-02 -6.22856966e-03 3.21420828e-03 -1.12533413e-02
-8.13013373e-01 1.39710316e-02 -6.15934634e-03 3.17709632e-03 -1.12859203e-02
-8.12098011e-01 1.39509660e-02 -6.08864010e-03 3.14055728e-03 -1.13173017e-02
-8.11180646e-01 1.39300814e-02 -6.01649292e-03 3.10463350e-03 -1.13474548e-02
-8.10261281e-01 1.39083885e-02 -5.94294858e-03 3.06936654e-03 -1.13763500e-02
-8.09339918e-01 1.38858989e-02 -5.86805256e-03 3.03479700e-03 -1.14039596e-02
-8.08416559e-01 1.38626254e-02 -5.79185191e-03 3.00096453e-03 -1.14302574e-02
-8.07491206e-01 1.38385816e-02 -5.71439519e-03 2.96790765e-03 -1.14552187e-02
-8.06563861e-01 1.38137820e-02 -5.63573236e-03 2.93566374e-03 -1.14788203e-02
-8.05634528e-01 1.37882419e-02 -5.55591470e-03 2.90426891e-03 -1.15010411e-02
-8.04703207e-01 1.37619773e-02 -5.47499463e-03 2.87375797e-03 -1.15218611e-02
-8.03769903e-01 1.37350051e-02 -5.39302572e-03 2.84416431e-03 -1.15412624e-02
-8.02834616e-01 1.37073428e-02 -5.31006246e-03 2.81551987e-03 -1.15592283e-02
-8.01897349e-01 1.36790084e-02 -5.22616027e-03 2.78785505e-03 -1.15757441e-02
-8.00958104e-01 1.36500206e-02 -5.14137529e-03 2.76119866e-03 -1.15907966e-02
-8.00016884e-01 1.36203986e-02 -5.05576433e-03 2.73557786e-03 -1.16043743e-02
-7.99073691e-01 1.35901618e-02 -4.96938477e-03 2.71101814e-03 -1.16164671e-02
-7.98128528e-01 1.35593304e-02 -4.88229439e-03 2.68754320e-03 -1.16270667e-02
-7.97181396e-01 1.35279244e-02 -4.79455132e-03 2.66517501e-03 -1.16361663e-02
-7.96232298e-01 1.34959646e-02 -4.70621391e-03 2.64393366e-03 -1.16437608e-02
-7.95281236e-01 1.34634717e-02 -4.61734063e-03 2.62383744e-03 -1.16498463e-02
-7.94328214e-01 1.34304666e-02 -4.52798996e-03 2.60490272e-03 -1.16544206e-02
-7.93373232e-01 1.33969703e-02 -4.43822027e-03 2.58714398e-03 -1.16574830e-02
-7.92416293e-01 1.33630038e-02 -4.34808976e-03 2.57057379e-03 -1.16590342e-02
-7.91457401e-01 1.33285882e-02 -4.25765632e-03 2.55520277e-03 -1.16590761e-02
-7.90496556e-01 1.32937445e-02 -4.16697746e-03 2.54103963e-03 -1.16576122e-02
-7.89533763e-01 1.32584934e-02 -4.07611018e-03 2.52809110e-03 -1.16546471e-02
-7.88569022e-01 1.32228556e-02 -3.98511093e-03 2.51636200e-03 -1.16501867e-02
-7.87602336e-01 1.31868516e-02 -3.89403547e-03 2.50585522e-03 -1.16442383e-02
-7.86633708e-01 1.31505014e-02 -3.80293882e-03 2.49657172e-03 -1.16368101e-02
-7.85663139e-01 1.31138249e-02 -3.71187515e-03 2.48851058e-03 -1.16279115e-02
-7.84690634e-01 1.30768415e-02 -3.62089774e-03 2.48166899e-03 -1.16175529e-02
-7.83716193e-01 1.30395702e-02 -3.53005886e-03 2.47604230e-03 -1.16057458e-02
-7.82739819e-01 1.30020296e-02 -3.43940971e-03 2.47162404e-03 -1.15925027e-02
-7.81761515e-01 1.29642376e-02 -3.34900038e-03 2.46840595e-03 -1.15778367e-02
-7.80781283e-01 1.29262119e-02 -3.25887977e-03 2.46637805e-03 -1.15617620e-02
-7.79799126e-01 1.28879692e-02 -3.16909552e-03 2.46552863e-03 -1.15442934e-02
-7.78815045e-01 1.28495258e-02 -3.07969396e-03 2.46584438e-03 -1.15254466e-02
-7.77829044e-01 1.28108975e-02 -2.99072008e-03 2.46731034e-03 -1.15052379e-02
-7.76841124e-01 1.27720992e-02 -2.90221748e-03 2.46991005e-03 -1.14836839e-02
-7.75851289e-01 1.27331451e-02 -2.81422830e-03 2.47362554e-03 -1.14608022e-02
-7.74859540e-01 1.26940487e-02 -2.72679321e-03 2.47843743e-03 -1.14366107e-02
-7.73865880e-01 1.26548229e-02 -2.63995140e-03 2.48432500e-03 -1.14111275e-02
-7.72870312e-01 1.26154796e-02 -2.55374048e-03 2.49126620e-03 -1.13843713e-02
-7.71872838e-01 1.25760301e-02 -2.46819656e-03 2.49923780e-03 -1.13563612e-02
-7.70873460e-01 1.25364847e-02 -2.38335416e-03 2.50821541e-03 -1.13271163e-02
-7.69872181e-01 1.24968530e-02 -2.29924620e-03 2.51817356e-03 -1.12966561e-02
-7.68869004e-01 1.24571438e-02 -2.21590405e-03 2.52908579e-03 -1.12650002e-02
-7.67863930e-01 1.24173649e-02 -2.13335747e-03 2.54092471e-03 -1.12321681e-02
-7.66856963e-01 1.23775236e-02 -2.05163464e-03 2.55366212e-03 -1.11981798e-02
-7.65848104e-01 1.23376261e-02 -1.97076214e-03 2.56726901e-03 -1.11630548e-02
-7.64837357e-01 1.22976777e-02 -1.89076502e-03 2.58171574e-03 -1.11268129e-02
-7.63824724e-01 1.22576831e-02 -1.81166674e-03 2.59697204e-03 -1.10894736e-02
-7.62810206e-01 1.22176460e-02 -1.73348926e-03 2.61300712e-03 -1.10510566e-02
-7.61793808e-01 1.21775694e-02 -1.65625299e-03 2.62978978e-03 -1.10115810e-02
-7.60775531e-01 1.21374555e-02 -1.57997690e-03 2.64728844e-03 -1.09710660e-02
-7.59755377e-01 1.20973055e-02 -1.50467850e-03 2.66547127e-03 -1.09295304e-02
-7.58733350e-01 1.20571202e-02 -1.43037386e-03 2.68430622e-03 -1.08869929e-02
-7.57709452e-01 1.20168993e-02 -1.35707772e-03 2.70376114e-03 -1.08434717e-02
-7.56683685e-01 1.19766421e-02 -1.28480344e-03 2.72380385e-03 -1.07989849e-02
-7.55656053e-01 1.19363468e-02 -1.21356313e-03 2.74440220e-03 -1.07535501e-02
-7.54626556e-01 1.18960113e-02 -1.14336765e-03 2.76552416e-03 -1.07071845e-02
-7.53595199e-01 1.18556326e-02 -1.07422666e-03 2.78713791e-03 -1.06599050e-02
-7.52561982e-01 1.18152073e-02 -1.00614870e-03 2.80921187e-03 -1.06117282e-02
-7.51526911e-01 1.17747311e-02 -9.39141219e-04 2.83171479e-03 -1.05626701e-02
-7.50489985e-01 1.17341995e-02 -8.73210652e-04 2.85461584e-03 -1.05127463e-02
-7.49451209e-01 1.16936073e-02 -8.08362470e-04 2.87788464e-03 -1.04619720e-02
-7.48410585e-01 1.16529488e-02 -7.44601241e-04 2.90149136e-03 -1.04103621e-02
-7.47368114e-01 1.16122179e-02 -6.81930696e-04 2.92540672e-03 -1.03579309e-02
-7.46323801e-01 1.15714081e-02 -6.20353788e-04 2.94960212e-03 -1.03046924e-02
-7.45277647e-01 1.15305125e-02 -5.59872762e-04 2.97404965e-03 -1.02506600e-02
-7.44229655e-01 1.14895241e-02 -5.00489215e-04 2.99872212e-03 -1.01958469e-02
-7.43179828e-01 1.14484353e-02 -4.42204161e-04 3.02359318e-03 -1.01402657e-02
-7.42128168e-01 1.14072384e-02 -3.85018103e-04 3.04863728e-03 -1.00839287e-02
-7.41074678e-01 1.13659257e-02 -3.28931089e-04 3.07382979e-03 -1.00268478e-02
-7.40019360e-01 1.13244890e-02 -2.73942786e-04 3.09914695e-03 -9.96903473e-03
-7.38962217e-01 1.12829203e-02 -2.20052537e-04 3.12456599e-03 -9.91050057e-03
-7.37903252e-01 1.12412114e-02 -1.67259429e-04 3.15006511e-03 -9.85125628e-03
-7.36842467e-01 1.11993542e-02 -1.15562355e-04 3.17562349e-03 -9.79131250e-03
-7.35779864e-01 1.11573406e-02 -6.49600748e-05 3.20122137e-03 -9.73067960e-03
-7.34715448e-01 1.11151626e-02 -1.54512743e-05 3.22684002e-03 -9.66936774e-03
-7.33649219e-01 1.10728122e-02 3.29653753e-05 3.25246178e-03 -9.60738687e-03
-7.32581181e-01 1.10302819e-02 8.02911616e-05 3.27807005e-03 -9.54474677e-03
-7.31511336e-01 1.09875640e-02 1.26527276e-04 3.30364931e-03 -9.48145712e-03
-7.30439687e-01 1.09446515e-02 1.71674764e-04 3.32918515e-03 -9.41752747e-03
-7.29366237e-01 1.09015375e-02 2.15734472e-04 3.35466420e-03 -9.35296736e-03
-7.28290988e-01 1.08582154e-02 2.58707002e-04 3.38007420e-03 -9.28778629e-03
-7.27213943e-01 1.08146791e-02 3.00592669e-04 3.40540396e-03 -9.22199378e-03
-7.26135105e-01 1.07709229e-02 3.41391457e-04 3.43064333e-03 -9.15559944e-03
-7.25054476e-01 1.07269416e-02 3.81102983e-04 3.45578322e-03 -9.08861298e-03
-7.23972059e-01 1.06827307e-02 4.19726461e-04 3.48081559e-03 -9.02104426e-03
-7.22887856e-01 1.06382858e-02 4.57260667e-04 3.50573338e-03 -8.95290333e-03
-7.21801870e-01 1.05936036e-02 4.93703917e-04 3.53053053e-03 -8.88420048e-03
-7.20714105e-01 1.05486812e-02 5.29054038e-04 3.55520195e-03 -8.81494630e-03
-7.19624562e-01 1.05035162e-02 5.63308344e-04 3.57974346e-03 -8.74515168e-03
-7.18533244e-01 1.04581072e-02 5.96463626e-04 3.60415179e-03 -8.67482789e-03
-7.17440155e-01 1.04124533e-02 6.28516131e-04 3.62842455e-03 -8.60398661e-03
-7.16345296e-01 1.03665545e-02 6.59461554e-04 3.65256015e-03 -8.53263995e-03
-7.15248670e-01 1.03204115e-02 6.89295032e-04 3.67655782e-03 -8.46080056e-03
-7.14150280e-01 1.02740257e-02 7.18011141e-04 3.70041752e-03 -8.38848157e-03
-7.13050130e-01 1.02273995e-02 7.45603896e-04 3.72413991e-03 -8.31569672e-03
-7.11948220e-01 1.01805360e-02 7.72066757e-04 3.74772632e-03 -8.24246035e-03
-7.10844555e-01 1.01334393e-02 7.97392639e-04 3.77117871e-03 -8.16878744e-03
-7.09739137e-01 1.00861141e-02 8.21573918e-04 3.79449958e-03 -8.09469367e-03
-7.08631969e-01 1.00385662e-02 8.44602455e-04 3.81769196e-03 -8.02019543e-03
-7.07523053e-01 9.99080236e-03 8.66469611e-04 3.84075936e-03 -7.94530985e-03
-7.06412392e-01 9.94282996e-03 8.87166271e-04 3.86370569e-03 -7.87005485e-03
-7.05299989e-01 9.89465749e-03 9.06682871e-04 3.88653523e-03 -7.79444916e-03
-7.04185846e-01 9.84629426e-03 9.25009426e-04 3.90925258e-03 -7.71851233e-03
-7.03069967e-01 9.79775053e-03 9.42135567e-04 3.93186259e-03 -7.64226480e-03
-7.01952354e-01 9.74903744e-03 9.58050575e-04 3.95437033e-03 -7.56572784e-03
-7.00833010e-01 9.70016701e-03 9.72743420e-04 3.97678102e-03 -7.48892367e-03
-6.99711937e-01 9.65115219e-03 9.86202805e-04 3.99909998e-03 -7.41187540e-03
-6.98589139e-01 9.60200679e-03 9.98417209e-04 4.02133259e-03 -7.33460707e-03
-6.97464618e-01 9.55274550e-03 1.00937494e-03 4.04348422e-03 -7.25714367e-03
-6.96338377e-01 9.50338385e-03 1.01906417e-03 4.06556020e-03 -7.17951113e-03
-6.95210419e-01 9.45393825e-03 1.02747302e-03 4.08756574e-03 -7.10173634e-03
-6.94080746e-01 9.40442591e-03 1.03458957e-03 4.10950591e-03 -7.02384717e-03
-6.92949362e-01 9.35486485e-03 1.04040196e-03 4.13138559e-03 -6.94587242e-03
-6.91816268e-01 9.30527387e-03 1.04489841e-03 4.15320938e-03 -6.86784186e-03
-6.90681469e-01 9.25567255e-03 1.04806730e-03 4.17498162e-03 -6.78978623e-03
-6.89544966e-01 9.20608119e-03 1.04989725e-03 4.19670631e-03 -6.71173717e-03
-6.88406763e-01 9.15652081e-03 1.05037712e-03 4.21838704e-03 -6.63372731e-03
-6.87266861e-01 9.10701308e-03 1.04949614e-03 4.24002703e-03 -6.55579014e-03
-6.86125265e-01 9.05758035e-03 1.04724396e-03 4.26162899e-03 -6.47796009e-03
-6.84981977e-01 9.00824558e-03 1.04361067e-03 4.28319516e-03 -6.40027245e-03
-6.83837000e-01 8.95903230e-03 1.03858693e-03 4.30472726e-03 -6.32276340e-03
-6.82690336e-01 8.90996459e-03 1.03216396e-03 4.32622642e-03 -6.24546990e-03
-6.81541988e-01 8.86106703e-03 1.02433369e-03 4.34769319e-03 -6.16842975e-03
-6.80391960e-01 8.81236470e-03 1.01508876e-03 4.36912750e-03 -6.09168151e-03
-6.79240254e-01 8.76388307e-03 1.00442259e-03 4.39052862e-03 -6.01526447e-03
-6.78086872e-01 8.71564804e-03 9.92329495e-04 4.41189516e-03 -5.93921864e-03
-6.76931818e-01 8.66768582e-03 9.78804675e-04 4.43322503e-03 -5.86358467e-03
-6.75775095e-01 8.62002297e-03 9.63844326e-04 4.45451542e-03 -5.78840384e-03
-6.74616706e-01 8.57268629e-03 9.47445682e-04 4.47576281e-03 -5.71371798e-03
-6.73456652e-01 8.52570279e-03 9.29607074e-04 4.49696293e-03 -5.63956947e-03
-6.72294938e-01 8.47909967e-03 9.10327986e-04 4.51811075e-03 -5.56600116e-03
-6.71131566e-01 8.43290428e-03 8.89609111e-04 4.53920049e-03 -5.49305633e-03
-6.69966538e-01 8.38714402e-03 8.67452400e-04 4.56022561e-03 -5.42077862e-03
-6.68799859e-01 8.34184635e-03 8.43861115e-04 4.58117878e-03 -5.34921199e-03
-6.67631530e-01 8.29703873e-03 8.18839874e-04 4.60205191e-03 -5.27840067e-03
-6.66461554e-01 8.25274855e-03 7.92394694e-04 4.62283615e-03 -5.20838908e-03
-6.65289935e-01 8.20900313e-03 7.64533035e-04 4.64352187e-03 -5.13922178e-03
-6.64116675e-01 8.16582964e-03 7.35263839e-04 4.66409870e-03 -5.07094342e-03
-6.62941778e-01 8.12325505e-03 7.04597562e-04 4.68455551e-03 -5.00359865e-03
-6.61765245e-01 8.08130611e-03 6.72546209e-04 4.70488044e-03 -4.93723207e-03
-6.60587080e-01 8.04000930e-03 6.39123362e-04 4.72506091e-03 -4.87188818e-03
-6.59407287e-01 7.99939077e-03 6.04344207e-04 4.74508362e-03 -4.80761130e-03
-6.58225867e-01 7.95947632e-03 5.68225550e-04 4.76493460e-03 -4.74444547e-03
-6.57042824e-01 7.92029133e-03 5.30785842e-04 4.78459922e-03 -4.68243446e-03
-6.55858160e-01 7.88186074e-03 4.92045190e-04 4.80406218e-03 -4.62162162e-03
-6.54671879e-01 7.84420902e-03 4.52025367e-04 4.82330759e-03 -4.56204987e-03
-6.53483983e-01 7.80736008e-03 4.10749819e-04 4.84231895e-03 -4.50376159e-03
-6.52294476e-01 7.77133729e-03 3.68243670e-04 4.86107921e-03 -4.44679860e-03
-6.51103360e-01 7.73616340e-03 3.24533716e-04 4.87957077e-03 -4.39120203e-03
-6.49910639e-01 7.70186054e-03 2.79648423e-04 4.89777555e-03 -4.33701230e-03
-6.48716314e-01 7.66845013e-03 2.33617917e-04 4.91567499e-03 -4.28426903e-03
-6.47520390e-01 7.63595292e-03 1.86473971e-04 4.93325010e-03 -4.23301100e-03
-6.46322869e-01 7.60438889e-03 1.38249987e-04 4.95048150e-03 -4.18327604e-03
-6.45123754e-01 7.57377726e-03 8.89809723e-05 4.96734943e-03 -4.13510098e-03
-6.43923048e-01 7.54413643e-03 3.87035202e-05 4.98383385e-03 -4.08852162e-03
-6.42720754e-01 7.51548398e-03 -1.25442249e-05 4.99991440e-03 -4.04357263e-03
-6.41516875e-01 7.48783662e-03 -6.47225980e-05 5.01557051e-03 -4.00028748e-03
-6.40311414e-01 7.46121020e-03 -1.17790451e-04 5.03078139e-03 -3.95869840e-03
-6.39104373e-01 7.43561963e-03 -1.71705194e-04 5.04552610e-03 -3.91883634e-03
-6.37895757e-01 7.41107889e-03 -2.26422836e-04 5.05978360e-03 -3.88073087e-03
-6.36685567e-01 7.38760104e-03 -2.81898040e-04 5.07353276e-03 -3.84441013e-03
-6.35473807e-01 7.36519814e-03 -3.38084165e-04 5.08675244e-03 -3.80990080e-03
-6.34260480e-01 7.34388126e-03 -3.94933329e-04 5.09942151e-03 -3.77722805e-03
-6.33045589e-01 7.32366047e-03 -4.52396461e-04 5.11151889e-03 -3.74641545e-03
-6.31829137e-01 7.30454484e-03 -5.10423364e-04 5.12302363e-03 -3.71748496e-03
-6.30611126e-01 7.28654238e-03 -5.68962781e-04 5.13391491e-03 -3.69045687e-03
-6.29391561e-01 7.26966008e-03 -6.27962456e-04 5.14417211e-03 -3.66534975e-03
-6.28170443e-01 7.25390385e-03 -6.87369209e-04 5.15377485e-03 -3.64218042e-03
-6.26947776e-01 7.23927858e-03 -7.47129005e-04 5.16270303e-03 -3.62096391e-03
-6.25723562e-01 7.22578806e-03 -8.07187027e-04 5.17093687e-03 -3.60171341e-03
-6.24497806e-01 7.21343502e-03 -8.67487757e-04 5.17845695e-03 -3.58444027e-03
-6.23270509e-01 7.20222113e-03 -9.27975046e-04 5.18524427e-03 -3.56915391e-03
-6.22041676e-01 7.19214696e-03 -9.88592203e-04 5.19128027e-03 -3.55586187e-03
-6.20811308e-01 7.18321203e-03 -1.04928207e-03 5.19654689e-03 -3.54456970e-03
-6.19579410e-01 7.17541477e-03 -1.10998711e-03 5.20102658e-03 -3.53528100e-03
-6.18345983e-01 7.16875254e-03 -1.17064948e-03 5.20470238e-03 -3.52799740e-03
-6.17111031e-01 7.16322165e-03 -1.23121114e-03 5.20755793e-03 -3.52271848e-03
-6.15874558e-01 7.15881734e-03 -1.29161390e-03 5.20957749e-03 -3.51944182e-03
-6.14636565e-01 7.15553378e-03 -1.35179956e-03 5.21074602e-03 -3.51816297e-03
-6.13397057e-01 7.15336413e-03 -1.41170995e-03 5.21104919e-03 -3.51887544e-03
-6.12156036e-01 7.15230047e-03 -1.47128702e-03 5.21047341e-03 -3.52157068e-03
-6.10913506e-01 7.15233388e-03 -1.53047298e-03 5.20900586e-03 -3.52623811e-03
-6.09669468e-01 7.15345444e-03 -1.58921031e-03 5.20663454e-03 -3.53286507e-03
-6.08423928e-01 7.15565119e-03 -1.64744192e-03 5.20334828e-03 -3.54143690e-03
-6.07176887e-01 7.15891221e-03 -1.70511116e-03 5.19913676e-03 -3.55193685e-03
-6.05928348e-01 7.16322461e-03 -1.76216199e-03 5.19399059e-03 -3.56434619e-03
-6.04678315e-01 7.16857452e-03 -1.81853899e-03 5.18790124e-03 -3.57864414e-03
-6.03426791e-01 7.17494714e-03 -1.87418749e-03 5.18086116e-03 -3.59480792e-03
-6.02173778e-01 7.18232676e-03 -1.92905363e-03 5.17286375e-03 -3.61281279e-03
-6.00919281e-01 7.19069675e-03 -1.98308445e-03 5.16390337e-03 -3.63263202e-03
-5.99663302e-01 7.20003958e-03 -2.03622796e-03 5.15397540e-03 -3.65423694e-03
-5.98405843e-01 7.21033689e-03 -2.08843323e-03 5.14307623e-03 -3.67759699e-03
-5.97146909e-01 7.22156943e-03 -2.13965045e-03 5.13120327e-03 -3.70267970e-03
-5.95886503e-01 7.23371716e-03 -2.18983099e-03 5.11835497e-03 -3.72945076e-03
-5.94624627e-01 7.24675921e-03 -2.23892752e-03 5.10453086e-03 -3.75787402e-03
-5.93361284e-01 7.26067394e-03 -2.28689404e-03 5.08973152e-03 -3.78791157e-03
-5.92096478e-01 7.27543893e-03 -2.33368592e-03 5.07395858e-03 -3.81952375e-03
-5.90830212e-01 7.29103105e-03 -2.37926002e-03 5.05721479e-03 -3.85266917e-03
-5.89562488e-01 7.30742643e-03 -2.42357473e-03 5.03950397e-03 -3.88730481e-03
-5.88293311e-01 7.32460052e-03 -2.46658998e-03 5.02083101e-03 -3.92338603e-03
-5.87022683e-01 7.34252808e-03 -2.50826736e-03 5.00120192e-03 -3.96086660e-03
-5.85750607e-01 7.36118325e-03 -2.54857014e-03 4.98062378e-03 -3.99969879e-03
-5.84477087e-01 7.38053954e-03 -2.58746329e-03 4.95910478e-03 -4.03983342e-03
-5.83202125e-01 7.40056985e-03 -2.62491358e-03 4.93665416e-03 -4.08121986e-03
-5.81925725e-01 7.42124652e-03 -2.66088957e-03 4.91328229e-03 -4.12380615e-03
-5.80647890e-01 7.44254134e-03 -2.69536166e-03 4.88900057e-03 -4.16753904e-03
-5.79368623e-01 7.46442556e-03 -2.72830214e-03 4.86382149e-03 -4.21236401e-03
-5.78087927e-01 7.48686996e-03 -2.75968519e-03 4.83775860e-03 -4.25822539e-03
-5.76805805e-01 7.50984483e-03 -2.78948693e-03 4.81082649e-03 -4.30506637e-03
-5.75522261e-01 7.53331999e-03 -2.81768542e-03 4.78304078e-03 -4.35282912e-03
-5.74237298e-01 7.55726488e-03 -2.84426070e-03 4.75441812e-03 -4.40145478e-03
-5.72950918e-01 7.58164850e-03 -2.86919477e-03 4.72497615e-03 -4.45088362e-03
-5.71663126e-01 7.60643950e-03 -2.89247165e-03 4.69473352e-03 -4.50105500e-03
-5.70373923e-01 7.63160616e-03 -2.91407733e-03 4.66370984e-03 -4.55190754e-03
-5.69083314e-01 7.65711647e-03 -2.93399981e-03 4.63192565e-03 -4.60337914e-03
-5.67791302e-01 7.68293809e-03 -2.95222908e-03 4.59940244e-03 -4.65540702e-03
-5.66497889e-01 7.70903841e-03 -2.96875715e-03 4.56616262e-03 -4.70792788e-03
-5.65203079e-01 7.73538459e-03 -2.98357796e-03 4.53222945e-03 -4.76087788e-03
-5.63906875e-01 7.76194356e-03 -2.99668749e-03 4.49762707e-03 -4.81419277e-03
-5.62609281e-01 7.78868205e-03 -3.00808361e-03 4.46238044e-03 -4.86780794e-03
-5.61310299e-01 7.81556661e-03 -3.01776618e-03 4.42651533e-03 -4.92165850e-03
-5.60009933e-01 7.84256366e-03 -3.02573695e-03 4.39005831e-03 -4.97567937e-03
-5.58708186e-01 7.86963950e-03 -3.03199956e-03 4.35303665e-03 -5.02980530e-03
-5.57405060e-01 7.89676033e-03 -3.03655950e-03 4.31547837e-03 -5.08397103e-03
-5.56100561e-01 7.92389227e-03 -3.03942413e-03 4.27741216e-03 -5.13811130e-03
-5.54794689e-01 7.95100143e-03 -3.04060256e-03 4.23886739e-03 -5.19216093e-03
-5.53487450e-01 7.97805388e-03 -3.04010567e-03 4.19987401e-03 -5.24605492e-03
-5.52178845e-01 8.00501570e-03 -3.03794608e-03 4.16046258e-03 -5.29972853e-03
-5.50868879e-01 8.03185302e-03 -3.03413806e-03 4.12066420e-03 -5.35311731e-03
-5.49557555e-01 8.05853203e-03 -3.02869751e-03 4.08051049e-03 -5.40615722e-03
-5.48244874e-01 8.08501900e-03 -3.02164193e-03 4.04003354e-03 -5.45878469e-03
-5.46930842e-01 8.11128035e-03 -3.01299034e-03 3.99926588e-03 -5.51093668e-03
-5.45615461e-01 8.13728260e-03 -3.00276323e-03 3.95824045e-03 -5.56255076e-03
-5.44298735e-01 8.16299248e-03 -2.99098255e-03 3.91699054e-03 -5.61356521e-03
-5.42980666e-01 8.18837690e-03 -2.97767159e-03 3.87554976e-03 -5.66391904e-03
-5.41661258e-01 8.21340302e-03 -2.96285498e-03 3.83395202e-03 -5.71355211e-03
-5.40340514e-01 8.23803823e-03 -2.94655860e-03 3.79223146e-03 -5.76240516e-03
-5.39018438e-01 8.26225023e-03 -2.92880953e-03 3.75042241e-03 -5.81041992e-03
-5.37695032e-01 8.28600702e-03 -2.90963598e-03 3.70855939e-03 -5.85753913e-03
-5.36370301e-01 8.30927695e-03 -2.88906727e-03 3.66667699e-03 -5.90370665e-03
-5.35044246e-01 8.33202875e-03 -2.86713370e-03 3.62480993e-03 -5.94886751e-03
-5.33716872e-01 8.35423154e-03 -2.84386654e-03 3.58299292e-03 -5.99296797e-03
-5.32388182e-01 8.37585488e-03 -2.81929796e-03 3.54126067e-03 -6.03595558e-03
-5.31058179e-01 8.39686879e-03 -2.79346094e-03 3.49964787e-03 -6.07777926e-03
-5.29726866e-01 8.41724378e-03 -2.76638923e-03 3.45818907e-03 -6.11838933e-03
-5.28394247e-01 8.43695089e-03 -2.73811731e-03 3.41691870e-03 -6.15773762e-03
-5.27060325e-01 8.45596172e-03 -2.70868025e-03 3.37587101e-03 -6.19577745e-03
-5.25725102e-01 8.47424844e-03 -2.67811373e-03 3.33508004e-03 -6.23246378e-03
-5.24388584e-01 8.49178384e-03 -2.64645394e-03 3.29457954e-03 -6.26775316e-03
-5.23050772e-01 8.50854136e-03 -2.61373752e-03 3.25440297e-03 -6.30160389e-03
-5.21711670e-01 8.52449514e-03 -2.58000148e-03 3.21458343e-03 -6.33397597e-03
-5.20371281e-01 8.53961998e-03 -2.54528321e-03 3.17515362e-03 -6.36483122e-03
-5.19029610e-01 8.55389148e-03 -2.50962032e-03 3.13614582e-03 -6.39413329e-03
-5.17686658e-01 8.56728597e-03 -2.47305066e-03 3.09759184e-03 -6.42184771e-03
-5.16342429e-01 8.57978061e-03 -2.43561225e-03 3.05952296e-03 -6.44794194e-03
-5.14996927e-01 8.59135337e-03 -2.39734318e-03 3.02196992e-03 -6.47238539e-03
-5.13650155e-01 8.60198311e-03 -2.35828163e-03 2.98496284e-03 -6.49514950e-03
-5.12302117e-01 8.61164959e-03 -2.31846574e-03 2.94853124e-03 -6.51620771e-03
-5.10952815e-01 8.62033347e-03 -2.27793361e-03 2.91270394e-03 -6.53553554e-03
-5.09602252e-01 8.62801640e-03 -2.23672325e-03 2.87750907e-03 -6.55311063e-03
-5.08250433e-01 8.63468100e-03 -2.19487250e-03 2.84297402e-03 -6.56891271e-03
-5.06897361e-01 8.64031092e-03 -2.15241902e-03 2.80912537e-03 -6.58292367e-03
-5.05543038e-01 8.64489085e-03 -2.10940023e-03 2.77598893e-03 -6.59512757e-03
-5.04187469e-01 8.64840656e-03 -2.06585327e-03 2.74358963e-03 -6.60551067e-03
-5.02830656e-01 8.65084493e-03 -2.02181495e-03 2.71195153e-03 -6.61406143e-03
-5.01472604e-01 8.65219395e-03 -1.97732175e-03 2.68109779e-03 -6.62077052e-03
-5.00113314e-01 8.65244279e-03 -1.93240975e-03 2.65105062e-03 -6.62563085e-03
-4.98752791e-01 8.65158180e-03 -1.88711460e-03 2.62183127e-03 -6.62863757e-03
-4.97391039e-01 8.64960253e-03 -1.84147150e-03 2.59345998e-03 -6.62978807e-03
-4.96028059e-01 8.64649777e-03 -1.79551518e-03 2.56595600e-03 -6.62908199e-03
-4.94663856e-01 8.64226156e-03 -1.74927986e-03 2.53933749e-03 -6.62652121e-03
-4.93298434e-01 8.63688923e-03 -1.70279922e-03 2.51362160e-03 -6.62210986e-03
-4.91931794e-01 8.63037738e-03 -1.65610640e-03 2.48882434e-03 -6.61585431e-03
-4.90563942e-01 8.62272396e-03 -1.60923397e-03 2.46496064e-03 -6.60776312e-03
-4.89194880e-01 8.61392821e-03 -1.56221390e-03 2.44204431e-03 -6.59784712e-03
-4.87824611e-01 8.60399077e-03 -1.51507756e-03 2.42008800e-03 -6.58611929e-03
-4.86453139e-01 8.59291361e-03 -1.46785572e-03 2.39910322e-03 -6.57259481e-03
-4.85080468e-01 8.58070008e-03 -1.42057851e-03 2.37910031e-03 -6.55729102e-03
-4.83706600e-01 8.56735493e-03 -1.37327542e-03 2.36008841e-03 -6.54022738e-03
-4.82331539e-01 8.55288431e-03 -1.32597530e-03 2.34207551e-03 -6.52142547e-03
-4.80955289e-01 8.53729577e-03 -1.27870637e-03 2.32506838e-03 -6.50090893e-03
-4.79577853e-01 8.52059826e-03 -1.23149617e-03 2.30907260e-03 -6.47870345e-03
-4.78199234e-01 8.50280217e-03 -1.18437162e-03 2.29409255e-03 -6.45483672e-03
-4.76819436e-01 8.48391928e-03 -1.13735896e-03 2.28013139e-03 -6.42933840e-03
-4.75438462e-01 8.46396282e-03 -1.09048380e-03 2.26719111e-03 -6.40224006e-03
-4.74056315e-01 8.44294740e-03 -1.04377110e-03 2.25527246e-03 -6.37357516e-03
-4.72672999e-01 8.42088907e-03 -9.97245175e-04 2.24437504e-03 -6.34337898e-03
-4.71288518e-01 8.39780526e-03 -9.50929710e-04 2.23449722e-03 -6.31168858e-03
-4.69902874e-01 8.37371481e-03 -9.04847760e-04 2.22563621e-03 -6.27854276e-03
-4.68516071e-01 8.34863793e-03 -8.59021766e-04 2.21778806e-03 -6.24398196e-03
-4.67128113e-01 8.32259621e-03 -8.13473558e-04 2.21094766e-03 -6.20804825e-03
-4.65739003e-01 8.29561260e-03 -7.68224370e-04 2.20510873e-03 -6.17078523e-03
-4.64348744e-01 8.26771135e-03 -7.23294850e-04 2.20026392e-03 -6.13223802e-03
-4.62957340e-01 8.23891805e-03 -6.78705075e-04 2.19640472e-03 -6.09245312e-03
-4.61564795e-01 8.20925957e-03 -6.34474560e-04 2.19352157e-03 -6.05147840e-03
-4.60171111e-01 8.17876405e-03 -5.90622276e-04 2.19160383e-03 -6.00936300e-03
-4.58776292e-01 8.14746086e-03 -5.47166659e-04 2.19063983e-03 -5.96615729e-03
-4.57380342e-01 8.11538056e-03 -5.04125632e-04 2.19061688e-03 -5.92191273e-03
-4.55983264e-01 8.08255489e-03 -4.61516611e-04 2.19152131e-03 -5.87668189e-03
-4.54585061e-01 8.04901673e-03 -4.19356528e-04 2.19333850e-03 -5.83051827e-03
-4.53185738e-01 8.01480004e-03 -3.77661840e-04 2.19605288e-03 -5.78347630e-03
-4.51785296e-01 7.97993984e-03 -3.36448546e-04 2.19964801e-03 -5.73561122e-03
-4.50383741e-01 7.94447215e-03 -2.95732202e-04 2.20410659e-03 -5.68697899e-03
-4.48981074e-01 7.90843398e-03 -2.55527937e-04 2.20941048e-03 -5.63763623e-03
-4.47577301e-01 7.87186323e-03 -2.15850463e-04 2.21554077e-03 -5.58764014e-03
-4.46172424e-01 7.83479868e-03 -1.76714091e-04 2.22247779e-03 -5.53704837e-03
-4.44766446e-01 7.79727991e-03 -1.38132746e-04 2.23020118e-03 -5.48591898e-03
-4.43359371e-01 7.75934728e-03 -1.00119977e-04 2.23868988e-03 -5.43431034e-03
-4.41951203e-01 7.72104184e-03 -6.26889695e-05 2.24792224e-03 -5.38228102e-03
-4.40541946e-01 7.68240529e-03 -2.58525557e-05 2.25787600e-03 -5.32988972e-03
-4.39131601e-01 7.64347990e-03 1.03767727e-05 2.26852835e-03 -5.27719519e-03
-4.37720174e-01 7.60430849e-03 4.59868569e-05 2.27985601e-03 -5.22425611e-03
-4.36307667e-01 7.56493430e-03 8.09658621e-05 2.29183524e-03 -5.17113104e-03
-4.34894084e-01 7.52540101e-03 1.15302270e-04 2.30444188e-03 -5.11787829e-03
-4.33479429e-01 7.48575259e-03 1.48984872e-04 2.31765141e-03 -5.06455587e-03
-4.32063705e-01 7.44603328e-03 1.82002765e-04 2.33143902e-03 -5.01122136e-03
-4.30646915e-01 7.40628752e-03 2.14345345e-04 2.34577960e-03 -4.95793187e-03
-4.29229063e-01 7.36655986e-03 2.46002306e-04 2.36064784e-03 -4.90474391e-03
-4.27810152e-01 7.32689489e-03 2.76963636e-04 2.37601824e-03 -4.85171335e-03
-4.26390187e-01 7.28733719e-03 3.07219619e-04 2.39186518e-03 -4.79889527e-03
-4.24969170e-01 7.24793125e-03 3.36760834e-04 2.40816296e-03 -4.74634394e-03
-4.23547105e-01 7.20872137e-03 3.65578155e-04 2.42488583e-03 -4.69411272e-03
-4.22123995e-01 7.16975162e-03 3.93662755e-04 2.44200809e-03 -4.64225394e-03
-4.20699844e-01 7.13106575e-03 4.21006114e-04 2.45950404e-03 -4.59081889e-03
-4.19274656e-01 7.09270712e-03 4.47600016e-04 2.47734813e-03 -4.53985769e-03
-4.17848434e-01 7.05471863e-03 4.73436562e-04 2.49551492e-03 -4.48941923e-03
-4.16421181e-01 7.01714263e-03 4.98508177e-04 2.51397919e-03 -4.43955111e-03
-4.14992902e-01 6.98002087e-03 5.22807615e-04 2.53271593e-03 -4.39029955e-03
-4.13563599e-01 6.94339443e-03 5.46327972e-04 2.55170041e-03 -4.34170934e-03
-4.12133276e-01 6.90730360e-03 5.69062695e-04 2.57090822e-03 -4.29382376e-03
-4.10701936e-01 6.87178787e-03 5.91005595e-04 2.59031528e-03 -4.24668453e-03
-4.09269584e-01 6.83688583e-03 6.12150859e-04 2.60989794e-03 -4.20033174e-03
-4.07836222e-01 6.80263511e-03 6.32493064e-04 2.62963294e-03 -4.15480381e-03
-4.06401855e-01 6.76907230e-03 6.52027189e-04 2.64949751e-03 -4.11013741e-03
-4.04966485e-01 6.73623290e-03 6.70748636e-04 2.66946937e-03 -4.06636744e-03
-4.03530117e-01 6.70415124e-03 6.88653237e-04 2.68952677e-03 -4.02352696e-03
-4.02092753e-01 6.67286044e-03 7.05737280e-04 2.70964852e-03 -3.98164715e-03
-4.00654398e-01 6.64239233e-03 7.21997519e-04 2.72981402e-03 -3.94075728e-03
-3.99215055e-01 6.61277741e-03 7.37431193e-04 2.75000329e-03 -3.90088468e-03
-3.97774727e-01 6.58404476e-03 7.52036045e-04 2.77019700e-03 -3.86205467e-03
-3.96333418e-01 6.55622204e-03 7.65810340e-04 2.79037646e-03 -3.82429058e-03
-3.94891132e-01 6.52933540e-03 7.78752881e-04 2.81052369e-03 -3.78761369e-03
-3.93447872e-01 6.50340943e-03 7.90863030e-04 2.83062143e-03 -3.75204322e-03
-3.92003642e-01 6.47846715e-03 8.02140724e-04 2.85065312e-03 -3.71759630e-03
-3.90558445e-01 6.45452992e-03 8.12586493e-04 2.87060295e-03 -3.68428801e-03
-3.89112285e-01 6.43161746e-03 8.22201479e-04 2.89045588e-03 -3.65213127e-03
-3.87665165e-01 6.40974774e-03 8.30987456e-04 2.91019760e-03 -3.62113695e-03
-3.86217089e-01 6.38893703e-03 8.38946840e-04 2.92981462e-03 -3.59131376e-03
-3.84768060e-01 6.36919981e-03 8.46082712e-04 2.94929422e-03 -3.56266835e-03
-3.83318083e-01 6.35054876e-03 8.52398833e-04 2.96862444e-03 -3.53520523e-03
-3.81867160e-01 6.33299474e-03 8.57899657e-04 2.98779415e-03 -3.50892684e-03
-3.80415296e-01 6.31654680e-03 8.62590347e-04 3.00679300e-03 -3.48383356e-03
-3.78962493e-01 6.30121210e-03 8.66476788e-04 3.02561144e-03 -3.45992366e-03
-3.77508756e-01 6.28699598e-03 8.69565602e-04 3.04424069e-03 -3.43719344e-03
-3.76054088e-01 6.27390188e-03 8.71864154e-04 3.06267278e-03 -3.41563714e-03
-3.74598493e-01 6.26193138e-03 8.73380569e-04 3.08090050e-03 -3.39524704e-03
-3.73141973e-01 6.25108418e-03 8.74123737e-04 3.09891743e-03 -3.37601347e-03
-3.71684534e-01 6.24135812e-03 8.74103322e-04 3.11671790e-03 -3.35792484e-03
-3.70226177e-01 6.23274918e-03 8.73329766e-04 3.13429699e-03 -3.34096771e-03
-3.68766908e-01 6.22525148e-03 8.71814300e-04 3.15165050e-03 -3.32512679e-03
-3.67306729e-01 6.21885734e-03 8.69568940e-04 3.16877498e-03 -3.31038504e-03
-3.65845645e-01 6.21355722e-03 8.66606492e-04 3.18566764e-03 -3.29672365e-03
-3.64383658e-01 6.20933984e-03 8.62940555e-04 3.20232642e-03 -3.28412217e-03
-3.62920772e-01 6.20619212e-03 8.58585513e-04 3.21874988e-03 -3.27255853e-03
-3.61456992e-01 6.20409928e-03 8.53556537e-04 3.23493724e-03 -3.26200907e-03
-3.59992320e-01 6.20304483e-03 8.47869575e-04 3.25088835e-03 -3.25244867e-03
-3.58526760e-01 6.20301061e-03 8.41541350e-04 3.26660363e-03 -3.24385077e-03
-3.57060317e-01 6.20397686e-03 8.34589345e-04 3.28208408e-03 -3.23618742e-03
-3.55592992e-01 6.20592226e-03 8.27031798e-04 3.29733125e-03 -3.22942942e-03
-3.54124791e-01 6.20882394e-03 8.18887683e-04 3.31234719e-03 -3.22354630e-03
-3.52655716e-01 6.21265758e-03 8.10176701e-04 3.32713446e-03 -3.21850648e-03
-3.51185772e-01 6.21739744e-03 8.00919259e-04 3.34169605e-03 -3.21427730e-03
-3.49714961e-01 6.22301643e-03 7.91136451e-04 3.35603540e-03 -3.21082508e-03
-3.48243288e-01 6.22948613e-03 7.80850039e-04 3.37015635e-03 -3.20811527e-03
-3.46770756e-01 6.23677693e-03 7.70082433e-04 3.38406309e-03 -3.20611244e-03
-3.45297369e-01 6.24485802e-03 7.58856657e-04 3.39776018e-03 -3.20478043e-03
-3.43823131e-01 6.25369752e-03 7.47196334e-04 3.41125247e-03 -3.20408242e-03
-3.42348044e-01 6.26326249e-03 7.35125649e-04 3.42454509e-03 -3.20398097e-03
-3.40872114e-01 6.27351905e-03 7.22669322e-04 3.43764342e-03 -3.20443817e-03
-3.39395342e-01 6.28443245e-03 7.09852576e-04 3.45055304e-03 -3.20541568e-03
-3.37917734e-01 6.29596711e-03 6.96701105e-04 3.46327975e-03 -3.20687482e-03
-3.36439292e-01 6.30808675e-03 6.83241032e-04 3.47582947e-03 -3.20877665e-03
-3.34960021e-01 6.32075442e-03 6.69498881e-04 3.48820827e-03 -3.21108210e-03
-3.33479923e-01 6.33393262e-03 6.55501532e-04 3.50042231e-03 -3.21375200e-03
-3.31999003e-01 6.34758336e-03 6.41276184e-04 3.51247781e-03 -3.21674718e-03
-3.30517264e-01 6.36166826e-03 6.26850312e-04 3.52438105e-03 -3.22002856e-03
-3.29034710e-01 6.37614860e-03 6.12251625e-04 3.53613830e-03 -3.22355723e-03
-3.27551345e-01 6.39098545e-03 5.97508024e-04 3.54775582e-03 -3.22729453e-03
-3.26067172e-01 6.40613970e-03 5.82647556e-04 3.55923985e-03 -3.23120214e-03
-3.24582195e-01 6.42157222e-03 5.67698366e-04 3.57059655e-03 -3.23524214e-03
-3.23096417e-01 6.43724385e-03 5.52688654e-04 3.58183200e-03 -3.23937710e-03
-3.21609843e-01 6.45311556e-03 5.37646626e-04 3.59295216e-03 -3.24357014e-03
-3.20122475e-01 6.46914851e-03 5.22600446e-04 3.60396289e-03 -3.24778504e-03
-3.18634318e-01 6.48530410e-03 5.07578186e-04 3.61486987e-03 -3.25198626e-03
-3.17145375e-01 6.50154410e-03 4.92607782e-04 3.62567862e-03 -3.25613906e-03
-3.15655650e-01 6.51783070e-03 4.77716979e-04 3.63639448e-03 -3.26020952e-03
-3.14165146e-01 6.53412662e-03 4.62933285e-04 3.64702259e-03 -3.26416466e-03
-3.12673868e-01 6.55039514e-03 4.48283922e-04 3.65756788e-03 -3.26797242e-03
-3.11181819e-01 6.56660020e-03 4.33795774e-04 3.66803504e-03 -3.27160183e-03
-3.09689002e-01 6.58270651e-03 4.19495342e-04 3.67842853e-03 -3.27502296e-03
-3.08195421e-01 6.59867955e-03 4.05408693e-04 3.68875257e-03 -3.27820703e-03
-3.06701080e-01 6.61448570e-03 3.91561411e-04 3.69901110e-03 -3.28112646e-03
-3.05205983e-01 6.63009227e-03 3.77978553e-04 3.70920783e-03 -3.28375490e-03
-3.03710134e-01 6.64546760e-03 3.64684599e-04 3.71934618e-03 -3.28606728e-03
-3.02213535e-01 6.66058109e-03 3.51703410e-04 3.72942930e-03 -3.28803985e-03
-3.00716191e-01 6.67540328e-03 3.39058180e-04 3.73946007e-03 -3.28965022e-03
-2.99218105e-01 6.68990588e-03 3.26771394e-04 3.74944111e-03 -3.29087739e-03
-2.97719282e-01 6.70406186e-03 3.14864784e-04 3.75937473e-03 -3.29170179e-03
-2.96219724e-01 6.71784548e-03 3.03359294e-04 3.76926301e-03 -3.29210530e-03
-2.94719436e-01 6.73123234e-03 2.92275032e-04 3.77910775e-03 -3.29207127e-03
-2.93218420e-01 6.74419941e-03 2.81631240e-04 3.78891047e-03 -3.29158454e-03
-2.91716682e-01 6.75672511e-03 2.71446254e-04 3.79867246e-03 -3.29063146e-03
-2.90214224e-01 6.76878928e-03 2.61737471e-04 3.80839474e-03 -3.28919990e-03
-2.88711051e-01 6.78037330e-03 2.52521317e-04 3.81807811e-03 -3.28727927e-03
-2.87207166e-01 6.79146002e-03 2.43813218e-04 3.82772313e-03 -3.28486051e-03
-2.85702572e-01 6.80203388e-03 2.35627569e-04 3.83733015e-03 -3.28193610e-03
-2.84197274e-01 6.81208087e-03 2.27977712e-04 3.84689931e-03 -3.27850003e-03
-2.82691274e-01 6.82158857e-03 2.20875910e-04 3.85643056e-03 -3.27454787e-03
-2.81184578e-01 6.83054614e-03 2.14333327e-04 3.86592366e-03 -3.27007665e-03
-2.79677188e-01 6.83894439e-03 2.08360008e-04 3.87537822e-03 -3.26508496e-03
-2.78169109e-01 6.84677570e-03 2.02964867e-04 3.88479370e-03 -3.25957285e-03
-2.76660343e-01 6.85403411e-03 1.98155668e-04 3.89416944e-03 -3.25354185e-03
-2.75150895e-01 6.86071524e-03 1.93939016e-04 3.90350463e-03 -3.24699494e-03
-2.73640769e-01 6.86681633e-03 1.90320352e-04 3.91279841e-03 -3.23993652e-03
-2.72129968e-01 6.87233624e-03 1.87303942e-04 3.92204979e-03 -3.23237238e-03
-2.70618495e-01 6.87727540e-03 1.84892876e-04 3.93125777e-03 -3.22430970e-03
-2.69106356e-01 6.88163580e-03 1.83089070e-04 3.94042126e-03 -3.21575695e-03
-2.67593552e-01 6.88542099e-03 1.81893263e-04 3.94953918e-03 -3.20672390e-03
-2.66080089e-01 6.88863605e-03 1.81305028e-04 3.95861043e-03 -3.19722159e-03
-2.64565969e-01 6.89128755e-03 1.81322776e-04 3.96763391e-03 -3.18726223e-03
-2.63051197e-01 6.89338352e-03 1.81943767e-04 3.97660857e-03 -3.17685921e-03
-2.61535776e-01 6.89493342e-03 1.83164123e-04 3.98553339e-03 -3.16602704e-03
-2.60019711e-01 6.89594812e-03 1.84978844e-04 3.99440743e-03 -3.15478128e-03
-2.58503004e-01 6.89643982e-03 1.87381826e-04 4.00322983e-03 -3.14313849e-03
-2.56985659e-01 6.89642203e-03 1.90365882e-04 4.01199983e-03 -3.13111619e-03
-2.55467681e-01 6.89590953e-03 1.93922764e-04 4.02071677e-03 -3.11873282e-03
-2.53949073e-01 6.89491831e-03 1.98043190e-04 4.02938015e-03 -3.10600764e-03
-2.52429838e-01 6.89346549e-03 2.02716871e-04 4.03798959e-03 -3.09296068e-03
-2.50909981e-01 6.89156934e-03 2.07932541e-04 4.04654489e-03 -3.07961273e-03
-2.49389505e-01 6.88924913e-03 2.13677990e-04 4.05504602e-03 -3.06598519e-03
-2.47868414e-01 6.88652514e-03 2.19940099e-04 4.06349311e-03 -3.05210011e-03
-2.46346712e-01 6.88341858e-03 2.26704875e-04 4.07188654e-03 -3.03798003e-03
-2.44824402e-01 6.87995150e-03 2.33957488e-04 4.08022685e-03 -3.02364798e-03
-2.43301489e-01 6.87614678e-03 2.41682317e-04 4.08851483e-03 -3.00912739e-03
-2.41777975e-01 6.87202799e-03 2.49862983e-04 4.09675148e-03 -2.99444203e-03
-2.40253865e-01 6.86761939e-03 2.58482402e-04 4.10493803e-03 -2.97961593e-03
-2.38729163e-01 6.86294584e-03 2.67522819e-04 4.11307597e-03 -2.96467335e-03
-2.37203872e-01 6.85803271e-03 2.76965866e-04 4.12116701e-03 -2.94963866e-03
-2.35677996e-01 6.85290584e-03 2.86792598e-04 4.12921312e-03 -2.93453635e-03
-2.34151539e-01 6.84759143e-03 2.96983550e-04 4.13721652e-03 -2.91939087e-03
-2.32624504e-01 6.84211603e-03 3.07518780e-04 4.14517968e-03 -2.90422667e-03
-2.31096895e-01 6.83650640e-03 3.18377924e-04 4.15310533e-03 -2.88906803e-03
-2.29568717e-01 6.83078948e-03 3.29540244e-04 4.16099643e-03 -2.87393910e-03
-2.28039973e-01 6.82499233e-03 3.40984677e-04 4.16885620e-03 -2.85886374e-03
-2.26510666e-01 6.81914201e-03 3.52689891e-04 4.17668810e-03 -2.84386556e-03
-2.24980800e-01 6.81326555e-03 3.64634336e-04 4.18449583e-03 -2.82896776e-03
-2.23450380e-01 6.80738989e-03 3.76796291e-04 4.19228332e-03 -2.81419314e-03
-2.21919408e-01 6.80154175e-03 3.89153923e-04 4.20005471e-03 -2.79956404e-03
-2.20387890e-01 6.79574764e-03 4.01685332e-04 4.20781438e-03 -2.78510223e-03
-2.18855828e-01 6.79003374e-03 4.14368605e-04 4.21556690e-03 -2.77082892e-03
-2.17323226e-01 6.78442586e-03 4.27181869e-04 4.22331702e-03 -2.75676469e-03
-2.15790088e-01 6.77894936e-03 4.40103335e-04 4.23106970e-03 -2.74292942e-03
-2.14256418e-01 6.77362909e-03 4.53111353e-04 4.23883006e-03 -2.72934226e-03
-2.12722219e-01 6.76848938e-03 4.66184458e-04 4.24660335e-03 -2.71602157e-03
-2.11187496e-01 6.76355388e-03 4.79301417e-04 4.25439499e-03 -2.70298492e-03
-2.09652252e-01 6.75884562e-03 4.92441274e-04 4.26221051e-03 -2.69024899e-03
-2.08116491e-01 6.75438686e-03 5.05583399e-04 4.27005555e-03 -2.67782958e-03
-2.06580217e-01 6.75019911e-03 5.18707528e-04 4.27793585e-03 -2.66574154e-03
-2.05043433e-01 6.74630304e-03 5.31793804e-04 4.28585720e-03 -2.65399877e-03
-2.03506144e-01 6.74271844e-03 5.44822821e-04 4.29382546e-03 -2.64261416e-03
-2.01968353e-01 6.73946419e-03 5.57775659e-04 4.30184653e-03 -2.63159957e-03
-2.00430064e-01 6.73655823e-03 5.70633925e-04 4.30992632e-03 -2.62096583e-03
-1.98891280e-01 6.73401748e-03 5.83379782e-04 4.31807074e-03 -2.61072269e-03
-1.97352006e-01 6.73185785e-03 5.95995986e-04 4.32628568e-03 -2.60087881e-03
-1.95812245e-01 6.73009419e-03 6.08465918e-04 4.33457699e-03 -2.59144174e-03
-1.94272002e-01 6.72874026e-03 6.20773607e-04 4.34295045e-03 -2.58241793e-03
-1.92731279e-01 6.72780872e-03 6.32903762e-04 4.35141177e-03 -2.57381268e-03
-1.91190081e-01 6.72731108e-03 6.44841792e-04 4.35996656e-03 -2.56563016e-03
-1.89648411e-01 6.72725772e-03 6.56573833e-04 4.36862031e-03 -2.55787341e-03
-1.88106274e-01 6.72765783e-03 6.68086761e-04 4.37737838e-03 -2.55054432e-03
-1.86563673e-01 6.72851946e-03 6.79368212e-04 4.38624596e-03 -2.54364365e-03
-1.85020611e-01 6.72984945e-03 6.90406600e-04 4.39522809e-03 -2.53717102e-03
-1.83477094e-01 6.73165345e-03 7.01191122e-04 4.40432960e-03 -2.53112491e-03
-1.81933124e-01 6.73393594e-03 7.11711775e-04 4.41355512e-03 -2.52550271e-03
-1.80388705e-01 6.73670019e-03 7.21959357e-04 4.42290906e-03 -2.52030069e-03
-1.78843841e-01 6.73994831e-03 7.31925477e-04 4.43239560e-03 -2.51551403e-03
-1.77298536e-01 6.74368121e-03 7.41602553e-04 4.44201867e-03 -2.51113685e-03
-1.75752795e-01 6.74789866e-03 7.50983816e-04 4.45178192e-03 -2.50716223e-03
-1.74206619e-01 6.75259927e-03 7.60063304e-04 4.46168875e-03 -2.50358221e-03
-1.72660014e-01 6.75778053e-03 7.68835859e-04 4.47174225e-03 -2.50038785e-03
-1.71112983e-01 6.76343882e-03 7.77297122e-04 4.48194523e-03 -2.49756924e-03
-1.69565531e-01 6.76956944e-03 7.85443517e-04 4.49230019e-03 -2.49511552e-03
-1.68017660e-01 6.77616662e-03 7.93272247e-04 4.50280933e-03 -2.49301495e-03
-1.66469374e-01 6.78322357e-03 8.00781277e-04 4.51347453e-03 -2.49125492e-03
-1.64920678e-01 6.79073252e-03 8.07969317e-04 4.52429733e-03 -2.48982199e-03
-1.63371576e-01 6.79868474e-03 8.14835805e-04 4.53527898e-03 -2.48870193e-03
-1.61822070e-01 6.80707056e-03 8.21380890e-04 4.54642037e-03 -2.48787979e-03
-1.60272166e-01 6.81587945e-03 8.27605407e-04 4.55772209e-03 -2.48733989e-03
-1.58721866e-01 6.82510004e-03 8.33510856e-04 4.56918440e-03 -2.48706593e-03
-1.57171175e-01 6.83472017e-03 8.39099376e-04 4.58080723e-03 -2.48704099e-03
-1.55620096e-01 6.84472692e-03 8.44373720e-04 4.59259019e-03 -2.48724759e-03
-1.54068633e-01 6.85510670e-03 8.49337226e-04 4.60453260e-03 -2.48766777e-03
-1.52516790e-01 6.86584526e-03 8.53993790e-04 4.61663344e-03 -2.48828308e-03
-1.50964572e-01 6.87692775e-03 8.58347833e-04 4.62889143e-03 -2.48907472e-03
-1.49411981e-01 6.88833880e-03 8.62404273e-04 4.64130498e-03 -2.49002352e-03
-1.47859021e-01 6.90006254e-03 8.66168491e-04 4.65387223e-03 -2.49111001e-03
-1.46305697e-01 6.91208268e-03 8.69646299e-04 4.66659105e-03 -2.49231452e-03
-1.44752012e-01 6.92438256e-03 8.72843906e-04 4.67945908e-03 -2.49361719e-03
-1.43197970e-01 6.93694520e-03 8.75767885e-04 4.69247369e-03 -2.49499804e-03
-1.41643575e-01 6.94975338e-03 8.78425138e-04 4.70563207e-03 -2.49643704e-03
-1.40088830e-01 6.96278968e-03 8.80822861e-04 4.71893118e-03 -2.49791414e-03
-1.38533740e-01 6.97603654e-03 8.82968512e-04 4.73236782e-03 -2.49940939e-03
-1.36978309e-01 6.98947633e-03 8.84869771e-04 4.74593860e-03 -2.50090290e-03
-1.35422539e-01 7.00309140e-03 8.86534512e-04 4.75964000e-03 -2.50237500e-03
-1.33866436e-01 7.01686416e-03 8.87970765e-04 4.77346839e-03 -2.50380622e-03
-1.32310002e-01 7.03077711e-03 8.89186680e-04 4.78742002e-03 -2.50517741e-03
-1.30753243e-01 7.04481291e-03 8.90190501e-04 4.80149106e-03 -2.50646972e-03
-1.29196160e-01 7.05895446e-03 8.90990525e-04 4.81567764e-03 -2.50766476e-03
-1.27638760e-01 7.07318492e-03 8.91595078e-04 4.82997584e-03 -2.50874455e-03
-1.26081044e-01 7.08748781e-03 8.92012479e-04 4.84438175e-03 -2.50969164e-03
-1.24523017e-01 7.10184701e-03 8.92251010e-04 4.85889147e-03 -2.51048914e-03
-1.22964684e-01 7.11624686e-03 8.92318893e-04 4.87350113e-03 -2.51112079e-03
-1.21406047e-01 7.13067221e-03 8.92224256e-04 4.88820693e-03 -2.51157097e-03
-1.19847110e-01 7.14510844e-03 8.91975111e-04 4.90300516e-03 -2.51182479e-03
-1.18287878e-01 7.15954155e-03 8.91579326e-04 4.91789222e-03 -2.51186813e-03
-1.16728355e-01 7.17395815e-03 8.91044608e-04 4.93286466e-03 -2.51168766e-03
-1.15168543e-01 7.18834557e-03 8.90378475e-04 4.94791916e-03 -2.51127092e-03
-1.13608448e-01 7.20269188e-03 8.89588240e-04 4.96305261e-03 -2.51060633e-03
-1.12048072e-01 7.21698590e-03 8.88680993e-04 4.97826208e-03 -2.50968324e-03
-1.10487420e-01 7.23121728e-03 8.87663582e-04 4.99354490e-03 -2.50849199e-03
-1.08926495e-01 7.24537651e-03 8.86542604e-04 5.00889862e-03 -2.50702389e-03
-1.07365302e-01 7.25945497e-03 8.85324388e-04 5.02432105e-03 -2.50527131e-03
-1.05803844e-01 7.27344497e-03 8.84014987e-04 5.03981032e-03 -2.50322768e-03
-1.04242126e-01 7.28733972e-03 8.82620170e-04 5.05536482e-03 -2.50088753e-03
-1.02680150e-01 7.30113345e-03 8.81145415e-04 5.07098330e-03 -2.49824649e-03
-1.01117920e-01 7.31482132e-03 8.79595904e-04 5.08666480e-03 -2.49530133e-03
-9.95554419e-02 7.32839955e-03 8.77976525e-04 5.10240876e-03 -2.49205000e-03
-9.79927178e-02 7.34186536e-03 8.76291868e-04 5.11821492e-03 -2.48849159e-03
-9.64297521e-02 7.35521699e-03 8.74546227e-04 5.13408345e-03 -2.48462640e-03
-9.48665486e-02 7.36845376e-03 8.72743608e-04 5.15001485e-03 -2.48045590e-03
-9.33031111e-02 7.38157601e-03 8.70887733e-04 5.16601002e-03 -2.47598277e-03
-9.17394435e-02 7.39458516e-03 8.68982046e-04 5.18207028e-03 -2.47121091e-03
-9.01755497e-02 7.40748365e-03 8.67029727e-04 5.19819729e-03 -2.46614538e-03
-8.86114334e-02 7.42027500e-03 8.65033704e-04 5.21439316e-03 -2.46079247e-03
-8.70470987e-02 7.43296375e-03 8.62996661e-04 5.23066035e-03 -2.45515965e-03
-8.54825493e-02 7.44555547e-03 8.60921062e-04 5.24700174e-03 -2.44925557e-03
-8.39177890e-02 7.45805677e-03 8.58809163e-04 5.26342059e-03 -2.44309004e-03
-8.23528218e-02 7.47047523e-03 8.56663033e-04 5.27992054e-03 -2.43667402e-03
-8.07876515e-02 7.48281942e-03 8.54484573e-04 5.29650559e-03 -2.43001961e-03
-7.92222820e-02 7.49509886e-03 8.52275539e-04 5.31318014e-03 -2.42313998e-03
-7.76567171e-02 7.50732399e-03 8.50037566e-04 5.32994888e-03 -2.41604941e-03
-7.60909607e-02 7.51950614e-03 8.47772193e-04 5.34681689e-03 -2.40876320e-03
-7.45250166e-02 7.53165753e-03 8.45480884e-04 5.36378953e-03 -2.40129767e-03
-7.29588887e-02 7.54379116e-03 8.43165061e-04 5.38087247e-03 -2.39367011e-03
-7.13925810e-02 7.55592085e-03 8.40826127e-04 5.39807165e-03 -2.38589874e-03
-6.98260971e-02 7.56806113e-03 8.38465496e-04 5.41539329e-03 -2.37800265e-03
-6.82594410e-02 7.58022725e-03 8.36084622e-04 5.43284379e-03 -2.37000181e-03
-6.66926166e-02 7.59243510e-03 8.33685026e-04 5.45042981e-03 -2.36191693e-03
-6.51256278e-02 7.60470115e-03 8.31268328e-04 5.46815814e-03 -2.35376949e-03
-6.35584783e-02 7.61704243e-03 8.28836277e-04 5.48603572e-03 -2.34558163e-03
-6.19911720e-02 7.62947645e-03 8.26390777e-04 5.50406963e-03 -2.33737613e-03
-6.04237129e-02 7.64202114e-03 8.23933920e-04 5.52226700e-03 -2.32917632e-03
-5.88561048e-02 7.65469483e-03 8.21468015e-04 5.54063502e-03 -2.32100602e-03
-5.72883515e-02 7.66751611e-03 8.18995614e-04 5.55918089e-03 -2.31288947e-03
-5.57204570e-02 7.68050386e-03 8.16519543e-04 5.57791177e-03 -2.30485131e-03
-5.41524250e-02 7.69367711e-03 8.14042929e-04 5.59683477e-03 -2.29691641e-03
-5.25842595e-02 7.70705502e-03 8.11569224e-04 5.61595689e-03 -2.28910992e-03
-5.10159643e-02 7.72065677e-03 8.09102234e-04 5.63528499e-03 -2.28145709e-03
-4.94475433e-02 7.73450154e-03 8.06646139e-04 5.65482573e-03 -2.27398324e-03
-4.78790003e-02 7.74860841e-03 8.04205522e-04 5.67458558e-03 -2.26671369e-03
-4.63103392e-02 7.76299631e-03 8.01785382e-04 5.69457071e-03 -2.25967366e-03
-4.47415640e-02 7.77768391e-03 7.99391159e-04 5.71478700e-03 -2.25288822e-03
-4.31726784e-02 7.79268961e-03 7.97028754e-04 5.73524000e-03 -2.24638215e-03
-4.16036863e-02 7.80803140e-03 7.94704537e-04 5.75593485e-03 -2.24017992e-03
-4.00345917e-02 7.82372685e-03 7.92425368e-04 5.77687627e-03 -2.23430558e-03
-3.84653983e-02 7.83979301e-03 7.90198605e-04 5.79806851e-03 -2.22878269e-03
-3.68961100e-02 7.85624635e-03 7.88032117e-04 5.81951532e-03 -2.22363420e-03
-3.53267308e-02 7.87310268e-03 7.85934284e-04 5.84121991e-03 -2.21888242e-03
-3.37572644e-02 7.89037710e-03 7.83914009e-04 5.86318489e-03 -2.21454890e-03
-3.21877148e-02 7.90808391e-03 7.81980715e-04 5.88541228e-03 -2.21065438e-03
-3.06180858e-02 7.92623658e-03 7.80144348e-04 5.90790341e-03 -2.20721866e-03
-2.90483813e-02 7.94484765e-03 7.78415370e-04 5.93065897e-03 -2.20426056e-03
-2.74786051e-02 7.96392868e-03 7.76804752e-04 5.95367890e-03 -2.20179786e-03
-2.59087612e-02 7.98349023e-03 7.75323970e-04 5.97696240e-03 -2.19984714e-03
-2.43388534e-02 8.00354172e-03 7.73984988e-04 6.00050792e-03 -2.19842381e-03
-2.27688855e-02 8.02409148e-03 7.72800243e-04 6.02431308e-03 -2.19754195e-03
-2.11988616e-02 8.04514660e-03 7.71782632e-04 6.04837470e-03 -2.19721430e-03
-1.96287853e-02 8.06671294e-03 7.70945483e-04 6.07268875e-03 -2.19745213e-03
-1.80586606e-02 8.08879509e-03 7.70302537e-04 6.09725036e-03 -2.19826525e-03
-1.64884914e-02 8.11139628e-03 7.69867919e-04 6.12205376e-03 -2.19966187e-03
-1.49182815e-02 8.13451839e-03 7.69656107e-04 6.14709231e-03 -2.20164859e-03
-1.33480349e-02 8.15816187e-03 7.69681902e-04 6.17235849e-03 -2.20423033e-03
-1.17777553e-02 8.18232577e-03 7.69960387e-04 6.19784386e-03 -2.20741028e-03
-1.02074466e-02 8.20700765e-03 7.70506893e-04 6.22353910e-03 -2.21118983e-03
-8.63711283e-03 8.23220359e-03 7.71336956e-04 6.24943397e-03 -2.21556855e-03
-7.06675773e-03 8.25790817e-03 7.72466271e-04 6.27551735e-03 -2.22054413e-03
-5.49638519e-03 8.28411444e-03 7.73910649e-04 6.30177724e-03 -2.22611236e-03
-3.92599911e-03 8.31081394e-03 7.75685962e-04 6.32820076e-03 -2.23226710e-03
-2.35560334e-03 8.33799665e-03 7.77808097e-04 6.35477417e-03 -2.23900023e-03
-7.85201758e-04 8.36565103e-03 7.80292900e-04 6.38148290e-03 -2.24630163e-03
7.85201758e-04 8.39376402e-03 7.83156117e-04 6.40831156e-03 -2.25415919e-03
2.35560334e-03 8.42232102e-03 7.86413341e-04 6.43524397e-03 -2.26255879e-03
3.92599911e-03 8.45130594e-03 7.90079947e-04 6.46226321e-03 -2.27148426e-03
5.49638519e-03 8.48070118e-03 7.94171035e-04 6.48935161e-03 -2.28091742e-03
7.06675773e-03 8.51048769e-03 7.98701364e-04 6.51649085e-03 -2.29083805e-03
8.63711283e-03 8.54064499e-03 8.03685287e-04 6.54366194e-03 -2.30122395e-03
1.02074466e-02 8.57115119e-03 8.09136689e-04 6.57084532e-03 -2.31205091e-03
1.17777553e-02 8.60198305e-03 8.15068916e-04 6.59802086e-03 -2.32329272e-03
1.33480349e-02 8.63311602e-03 8.21494713e-04 6.62516795e-03 -2.33492128e-03
1.49182815e-02 8.66452425e-03 8.28426152e-04 6.65226556e-03 -2.34690654e-03
1.64884914e-02 8.69618071e-03 8.35874567e-04 6.67929225e-03 -2.35921659e-03
1.80586606e-02 8.72805721e-03 8.43850483e-04 6.70622628e-03 -2.37181771e-03
1.96287853e-02 8.76012447e-03 8.52363555e-04 6.73304569e-03 -2.38467438e-03
2.11988616e-02 8.79235218e-03 8.61422493e-04 6.75972830e-03 -2.39774941e-03
2.27688855e-02 8.82470911e-03 8.71035000e-04 6.78625184e-03 -2.41100393e-03
2.43388534e-02 8.85716313e-03 8.81207705e-04 6.81259403e-03 -2.42439751e-03
2.59087612e-02 8.88968135e-03 8.91946103e-04 6.83873261e-03 -2.43788823e-03
2.74786051e-02 8.92223017e-03 9.03254484e-04 6.86464546e-03 -2.45143272e-03
2.90483813e-02 8.95477537e-03 9.15135881e-04 6.89031065e-03 -2.46498633e-03
3.06180858e-02 8.98728223e-03 9.27592003e-04 6.91570657e-03 -2.47850314e-03
3.21877148e-02 9.01971563e-03 9.40623186e-04 6.94081196e-03 -2.49193612e-03
3.37572644e-02 9.05204009e-03 9.54228332e-04 6.96560602e-03 -2.50523719e-03
3.53267308e-02 9.08421997e-03 9.68404861e-04 6.99006853e-03 -2.51835737e-03
3.68961100e-02 9.11621949e-03 9.83148661e-04 7.01417989e-03 -2.53124687e-03
3.84653983e-02 9.14800289e-03 9.98454044e-04 7.03792121e-03 -2.54385521e-03
4.00345917e-02 9.17953454e-03 1.01431370e-03 7.06127444e-03 -2.55613137e-03
4.16036863e-02 9.21077905e-03 1.03071867e-03 7.08422243e-03 -2.56802388e-03
4.31726784e-02 9.24170135e-03 1.04765830e-03 7.10674903e-03 -2.57948099e-03
4.47415640e-02 9.27226688e-03 1.06512021e-03 7.12883917e-03 -2.59045078e-03
4.63103392e-02 9.30244164e-03 1.08309028e-03 7.15047895e-03 -2.60088130e-03
4.78790003e-02 9.33219236e-03 1.10155261e-03 7.17165573e-03 -2.61072074e-03
4.94475433e-02 9.36148661e-03 1.12048954e-03 7.19235822e-03 -2.61991756e-03
5.10159643e-02 9.39029289e-03 1.13988158e-03 7.21257657e-03 -2.62842063e-03
5.25842595e-02 9.41858080e-03 1.15970746e-03 7.23230241e-03 -2.63617937e-03
5.41524250e-02 9.44632111e-03 1.17994411e-03 7.25152899e-03 -2.64314395e-03
5.57204570e-02 9.47348593e-03 1.20056664e-03 7.27025120e-03 -2.64926540e-03
5.72883515e-02 9.50004881e-03 1.22154838e-03 7.28846571e-03 -2.65449578e-03
5.88561048e-02 9.52598483e-03 1.24286090e-03 7.30617096e-03 -2.65878833e-03
6.04237129e-02 9.55127076e-03 1.26447398e-03 7.32336729e-03 -2.66209763e-03
6.19911720e-02 9.57588514e-03 1.28635570e-03 7.34005698e-03 -2.66437976e-03
6.35584783e-02 9.59980841e-03 1.30847245e-03 7.35624432e-03 -2.66559245e-03
6.51256278e-02 9.62302302e-03 1.33078894e-03 7.37193563e-03 -2.66569523e-03
6.66926166e-02 9.64551352e-03 1.35326829e-03 7.38713936e-03 -2.66464957e-03
6.82594410e-02 9.66726666e-03 1.37587203e-03 7.40186610e-03 -2.66241907e-03
6.98260971e-02 9.68827150e-03 1.39856022e-03 7.41612864e-03 -2.65896956e-03
7.13925810e-02 9.70851950e-03 1.42129146e-03 7.42994198e-03 -2.65426927e-03
7.29588887e-02 9.72800460e-03 1.44402297e-03 7.44332339e-03 -2.64828899e-03
7.45250166e-02 9.74672331e-03 1.46671068e-03 7.45629241e-03 -2.64100214e-03
7.60909607e-02 9.76467477e-03 1.48930928e-03 7.46887087e-03 -2.63238499e-03
7.76567171e-02 9.78186084e-03 1.51177236e-03 7.48108290e-03 -2.62241672e-03
7.92222820e-02 9.79828617e-03 1.53405242e-03 7.49295496e-03 -2.61107959e-03
8.07876515e-02 9.81395822e-03 1.55610104e-03 7.50451579e-03 -2.59835901e-03
8.23528218e-02 9.82888738e-03 1.57786895e-03 7.51579643e-03 -2.58424369e-03
8.39177890e-02 9.84308692e-03 1.59930613e-03 7.52683021e-03 -2.56872574e-03
8.54825493e-02 9.85657311e-03 1.62036193e-03 7.53765271e-03 -2.55180077e-03
8.70470987e-02 9.86936523e-03 1.64098520e-03 7.54830172e-03 -2.53346793e-03
8.86114334e-02 9.88148555e-03 1.66112439e-03 7.55881723e-03 -2.51373009e-03
9.01755497e-02 9.89295938e-03 1.68072766e-03 7.56924138e-03 -2.49259382e-03
9.17394435e-02 9.90381509e-03 1.69974306e-03 7.57961837e-03 -2.47006952e-03
9.33031111e-02 9.91408407e-03 1.71811860e-03 7.58999444e-03 -2.44617144e-03
9.48665486e-02 9.92380074e-03 1.73580246e-03 7.60041782e-03 -2.42091777e-03
9.64297521e-02 9.93300251e-03 1.75274303e-03 7.61093857e-03 -2.39433062e-03
9.79927178e-02 9.94172978e-03 1.76888915e-03 7.62160860e-03 -2.36643611e-03
9.95554419e-02 9.95002589e-03 1.78419018e-03 7.63248152e-03 -2.33726437e-03
1.01117920e-01 9.95793705e-03 1.79859618e-03 7.64361256e-03 -2.30684952e-03
1.02680150e-01 9.96551233e-03 1.81205806e-03 7.65505846e-03 -2.27522972e-03
1.04242126e-01 9.97280353e-03 1.82452770e-03 7.66687738e-03 -2.24244711e-03
1.05803844e-01 9.97986517e-03 1.83595813e-03 7.67912876e-03 -2.20854784e-03
1.07365302e-01 9.98675439e-03 1.84630365e-03 7.69187320e-03 -2.17358198e-03
1.08926495e-01 9.99353081e-03 1.85552001e-03 7.70517237e-03 -2.13760352e-03
1.10487420e-01 1.00002565e-02 1.86356453e-03 7.71908881e-03 -2.10067031e-03
1.12048072e-01 1.00069958e-02 1.87039626e-03 7.73368583e-03 -2.06284398e-03
1.13608448e-01 1.00138153e-02 1.87597611e-03 7.74902738e-03 -2.02418985e-03
1.15168543e-01 1.00207835e-02 1.88026704e-03 7.76517785e-03 -1.98477689e-03
1.16728355e-01 1.00279711e-02 1.88323415e-03 7.78220194e-03 -1.94467756e-03
1.18287878e-01 1.00354502e-02 1.88484484e-03 7.80016452e-03 -1.90396776e-03
1.19847110e-01 1.00432949e-02 1.88506894e-03 7.81913042e-03 -1.86272666e-03
1.21406047e-01 1.00515805e-02 1.88387887e-03 7.83916429e-03 -1.82103659e-03
1.22964684e-01 1.00603837e-02 1.88124973e-03 7.86033045e-03 -1.77898289e-03
1.24523017e-01 1.00697823e-02 1.87715945e-03 7.88269264e-03 -1.73665377e-03
1.26081044e-01 1.00798552e-02 1.87158888e-03 7.90631393e-03 -1.69414013e-03
1.27638760e-01 1.00906817e-02 1.86452196e-03 7.93125649e-03 -1.65153539e-03
1.29196160e-01 1.01023421e-02 1.85594575e-03 7.95758141e-03 -1.60893532e-03
1.30753243e-01 1.01149168e-02 1.84585061e-03 7.98534853e-03 -1.56643782e-03
1.32310002e-01 1.01284863e-02 1.83423026e-03 8.01461627e-03 -1.52414275e-03
1.33866436e-01 1.01431312e-02 1.82108183e-03 8.04544141e-03 -1.48215170e-03
1.35422539e-01 1.01589320e-02 1.80640602e-03 8.07787894e-03 -1.44056775e-03
1.36978309e-01 1.01759683e-02 1.79020713e-03 8.11198187e-03 -1.39949530e-03
1.38533740e-01 1.01943194e-02 1.77249310e-03 8.14780102e-03 -1.35903979e-03
1.40088830e-01 1.02140635e-02 1.75327564e-03 8.18538489e-03 -1.31930748e-03
1.41643575e-01 1.02352777e-02 1.73257020e-03 8.22477945e-03 -1.28040518e-03
1.43197970e-01 1.02580377e-02 1.71039607e-03 8.26602798e-03 -1.24244001e-03
1.44752012e-01 1.02824178e-02 1.68677637e-03 8.30917087e-03 -1.20551917e-03
1.46305697e-01 1.03084902e-02 1.66173809e-03 8.35424552e-03 -1.16974963e-03
1.47859021e-01 1.03363252e-02 1.63531212e-03 8.40128610e-03 -1.13523788e-03
1.49411981e-01 1.03659910e-02 1.60753322e-03 8.45032344e-03 -1.10208968e-03
1.50964572e-01 1.03975530e-02 1.57844000e-03 8.50138486e-03 -1.07040975e-03
1.52516790e-01 1.04310742e-02 1.54807496e-03 8.55449406e-03 -1.04030153e-03
1.54068633e-01 1.04666146e-02 1.51648441e-03 8.60967091e-03 -1.01186689e-03
1.55620096e-01 1.05042308e-02 1.48371844e-03 8.66693138e-03 -9.85205838e-04
1.57171175e-01 1.05439765e-02 1.44983089e-03 8.72628741e-03 -9.60416267e-04
1.58721866e-01 1.05859015e-02 1.41487928e-03 8.78774676e-03 -9.37593668e-04
1.60272166e-01 1.06300520e-02 1.37892472e-03 8.85131291e-03 -9.16830855e-04
1.61822070e-01 1.06764703e-02 1.34203186e-03 8.91698501e-03 -8.98217695e-04
1.63371576e-01 1.07251945e-02 1.30426878e-03 8.98475771e-03 -8.81840837e-04
1.64920678e-01 1.07762583e-02 1.26570688e-03 9.05462115e-03 -8.67783450e-04
1.66469374e-01 1.08296913e-02 1.22642081e-03 9.12656084e-03 -8.56124960e-04
1.68017660e-01 1.08855181e-02 1.18648830e-03 9.20055763e-03 -8.46940793e-04
1.69565531e-01 1.09437585e-02 1.14599002e-03 9.27658765e-03 -8.40302131e-04
1.71112983e-01 1.10044277e-02 1.10500951e-03 9.35462228e-03 -8.36275663e-04
1.72660014e-01 1.10675355e-02 1.06363295e-03 9.43462810e-03 -8.34923356e-04
1.74206619e-01 1.11330867e-02 1.02194903e-03 9.51656690e-03 -8.36302225e-04
1.75752795e-01 1.12010808e-02 9.80048806e-04 9.60039567e-03 -8.40464116e-04
1.77298536e-01 1.12715118e-02 9.38025472e-04 9.68606661e-03 -8.47455499e-04
1.78843841e-01 1.13443683e-02 8.95974205e-04 9.77352714e-03 -8.57317269e-04
1.80388705e-01 1.14196334e-02 8.53991963e-04 9.86271993e-03 -8.70084560e-04
1.81933124e-01 1.14972844e-02 8.12177280e-04 9.95358299e-03 -8.85786572e-04
1.83477094e-01 1.15772931e-02 7.70630062e-04 1.00460497e-02 -9.04446404e-04
1.85020611e-01 1.16596255e-02 7.29451362e-04 1.01400487e-02 -9.26080909e-04
1.86563673e-01 1.17442421e-02 6.88743168e-04 1.02355045e-02 -9.50700555e-04
1.88106274e-01 1.18310975e-02 6.48608166e-04 1.03323369e-02 -9.78309301e-04
1.89648411e-01 1.19201405e-02 6.09149512e-04 1.04304617e-02 -1.00890450e-03
1.91190081e-01 1.20113144e-02 5.70470592e-04 1.05297902e-02 -1.04247678e-03
1.92731279e-01 1.21045568e-02 5.32674781e-04 1.06302300e-02 -1.07901000e-03
1.94272002e-01 1.21997998e-02 4.95865196e-04 1.07316847e-02 -1.11848117e-03
1.95812245e-01 1.22969697e-02 4.60144452e-04 1.08340542e-02 -1.16086039e-03
1.97352006e-01 1.23959877e-02 4.25614404e-04 1.09372349e-02 -1.20611088e-03
1.98891280e-01 1.24967695e-02 3.92375901e-04 1.10411196e-02 -1.25418887e-03
2.00430064e-01 1.25992257e-02 3.60528532e-04 1.11455983e-02 -1.30504370e-03
2.01968353e-01 1.27032615e-02 3.30170369e-04 1.12505579e-02 -1.35861780e-03
2.03506144e-01 1.28087776e-02 3.01397717e-04 1.13558823e-02 -1.41484672e-03
2.05043433e-01 1.29156697e-02 2.74304861e-04 1.14614533e-02 -1.47365919e-03
2.06580217e-01 1.30238288e-02 2.48983815e-04 1.15671500e-02 -1.53497722e-03
2.08116491e-01 1.31331418e-02 2.25524073e-04 1.16728498e-02 -1.59871617e-03
2.09652252e-01 1.32434911e-02 2.04012366e-04 1.17784280e-02 -1.66478487e-03
2.11187496e-01 1.33547552e-02 1.84532419e-04 1.18837587e-02 -1.73308571e-03
2.12722219e-01 1.34668089e-02 1.67164712e-04 1.19887143e-02 -1.80351486e-03
2.14256418e-01 1.35795236e-02 1.51986253e-04 1.20931667e-02 -1.87596235e-03
2.15790088e-01 1.36927672e-02 1.39070346e-04 1.21969868e-02 -1.95031230e-03
2.17323226e-01 1.38064047e-02 1.28486374e-04 1.23000450e-02 -2.02644310e-03
2.18855828e-01 1.39202986e-02 1.20299585e-04 1.24022119e-02 -2.10422760e-03
2.20387890e-01 1.40343087e-02 1.14570889e-04 1.25033580e-02 -2.18353338e-03
2.21919408e-01 1.41482930e-02 1.11356656e-04 1.26033543e-02 -2.26422296e-03
2.23450380e-01 1.42621074e-02 1.10708533e-04 1.27020729e-02 -2.34615407e-03
2.24980800e-01 1.43756066e-02 1.12673262e-04 1.27993865e-02 -2.42917991e-03
2.26510666e-01 1.44886439e-02 1.17292513e-04 1.28951696e-02 -2.51314948e-03
2.28039973e-01 1.46010721e-02 1.24602724e-04 1.29892982e-02 -2.59790780e-03
2.29568717e-01 1.47127434e-02 1.34634956e-04 1.30816505e-02 -2.68329631e-03
2.31096895e-01 1.48235098e-02 1.47414757e-04 1.31721068e-02 -2.76915313e-03
2.32624504e-01 1.49332236e-02 1.62962039e-04 1.32605503e-02 -2.85531344e-03
2.34151539e-01 1.50417378e-02 1.81290966e-04 1.33468671e-02 -2.94160980e-03
2.35677996e-01 1.51489064e-02 2.02409857e-04 1.34309463e-02 -3.02787252e-03
2.37203872e-01 1.52545846e-02 2.26321103e-04 1.35126810e-02 -3.11393003e-03
2.38729163e-01 1.53586293e-02 2.53021093e-04 1.35919679e-02 -3.19960924e-03
2.40253865e-01 1.54608997e-02 2.82500161e-04 1.36687078e-02 -3.28473595e-03
2.41777975e-01 1.55612571e-02 3.14742541e-04 1.37428060e-02 -3.36913519e-03
2.43301489e-01 1.56595659e-02 3.49726340e-04 1.38141727e-02 -3.45263167e-03
2.44824402e-01 1.57556935e-02 3.87423524e-04 1.38827228e-02 -3.53505016e-03
2.46346712e-01 1.58495110e-02 4.27799922e-04 1.39483767e-02 -3.61621586e-03
2.47868414e-01 1.59408932e-02 4.70815241e-04 1.40110602e-02 -3.69595487e-03
2.49389505e-01 1.60297192e-02 5.16423097e-04 1.40707047e-02 -3.77409454e-03
2.50909981e-01 1.61158728e-02 5.64571067e-04 1.41272480e-02 -3.85046390e-03
2.52429838e-01 1.61992426e-02 6.15200745e-04 1.41806336e-02 -3.92489407e-03
2.53949073e-01 1.62797226e-02 6.68247826e-04 1.42308118e-02 -3.99721867e-03
2.55467681e-01 1.63572122e-02 7.23642194e-04 1.42777393e-02 -4.06727420e-03
2.56985659e-01 1.64316167e-02 7.81308033e-04 1.43213798e-02 -4.13490047e-03
2.58503004e-01 1.65028479e-02 8.41163947e-04 1.43617038e-02 -4.19994099e-03
2.60019711e-01 1.65708237e-02 9.03123103e-04 1.43986890e-02 -4.26224334e-03
2.61535776e-01 1.66354689e-02 9.67093377e-04 1.44323203e-02 -4.32165957e-03
2.63051197e-01 1.66967155e-02 1.03297752e-03 1.44625902e-02 -4.37804658e-03
2.64565969e-01 1.67545026e-02 1.10067335e-03 1.44894985e-02 -4.43126647e-03
2.66080089e-01 1.68087768e-02 1.17007392e-03 1.45130526e-02 -4.48118691e-03
2.67593552e-01 1.68594924e-02 1.24106776e-03 1.45332679e-02 -4.52768150e-03
2.69106356e-01 1.69066119e-02 1.31353906e-03 1.45501671e-02 -4.57063007e-03
2.70618495e-01 1.69501056e-02 1.38736794e-03 1.45637809e-02 -4.60991903e-03
2.72129968e-01 1.69899523e-02 1.46243065e-03 1.45741480e-02 -4.64544166e-03
2.73640769e-01 1.70261391e-02 1.53859986e-03 1.45813146e-02 -4.67709846e-03
2.75150895e-01 1.70586618e-02 1.61574492e-03 1.45853348e-02 -4.70479733e-03
2.76660343e-01 1.70875247e-02 1.69373212e-03 1.45862707e-02 -4.72845392e-03
2.78169109e-01 1.71127412e-02 1.77242498e-03 1.45841920e-02 -4.74799186e-03
2.79677188e-01 1.71343331e-02 1.85168456e-03 1.45791758e-02 -4.76334296e-03
2.81184578e-01 1.71523316e-02 1.93136973e-03 1.45713073e-02 -4.77444745e-03
2.82691274e-01 1.71667763e-02 2.01133752e-03 1.45606789e-02 -4.78125414e-03
2.84197274e-01 1.71777163e-02 2.09144340e-03 1.45473903e-02 -4.78372065e-03
2.85702572e-01 1.71852090e-02 2.17154161e-03 1.45315487e-02 -4.78181350e-03
2.87207166e-01 1.71893213e-02 2.25148551e-03 1.45132682e-02 -4.77550830e-03
2.88711051e-01 1.71901285e-02 2.33112789e-03 1.44926697e-02 -4.76478981e-03
2.90214224e-01 1.71877148e-02 2.41032128e-03 1.44698812e-02 -4.74965207e-03
2.91716682e-01 1.71821730e-02 2.48891835e-03 1.44450368e-02 -4.73009844e-03
2.93218420e-01 1.71736047e-02 2.56677219e-03 1.44182771e-02 -4.70614168e-03
2.94719436e-01 1.71621195e-02 2.64373668e-03 1.43897488e-02 -4.67780393e-03
2.96219724e-01 1.71478354e-02 2.71966683e-03 1.43596042e-02 -4.64511678e-03
2.97719282e-01 1.71308786e-02 2.79441908e-03 1.43280013e-02 -4.60812116e-03
2.99218105e-01 1.71113828e-02 2.86785171e-03 1.42951033e-02 -4.56686738e-03
3.00716191e-01 1.70894896e-02 2.93982510e-03 1.42610781e-02 -4.52141501e-03
3.02213535e-01 1.70653478e-02 3.01020211e-03 1.42260987e-02 -4.47183283e-03
3.03710134e-01 1.70391134e-02 3.07884839e-03 1.41903419e-02 -4.41819868e-03
3.05205983e-01 1.70109491e-02 3.14563269e-03 1.41539887e-02 -4.36059937e-03
3.06701080e-01 1.69810242e-02 3.21042720e-03 1.41172238e-02 -4.29913050e-03
3.08195421e-01 1.69495141e-02 3.27310786e-03 1.40802349e-02 -4.23389629e-03
3.09689002e-01 1.69166001e-02 3.33355461e-03 1.40432127e-02 -4.16500937e-03
3.11181819e-01 1.68824689e-02 3.39165176e-03 1.40063505e-02 -4.09259059e-03
3.12673868e-01 1.68473125e-02 3.44728823e-03 1.39698435e-02 -4.01676876e-03
3.14165146e-01 1.68113275e-02 3.50035781e-03 1.39338887e-02 -3.93768039e-03
3.15655650e-01 1.67747147e-02 3.55075947e-03 1.38986844e-02 -3.85546942e-03
3.17145375e-01 1.67376791e-02 3.59839758e-03 1.38644298e-02 -3.77028693e-03
3.18634318e-01 1.67004291e-02 3.64318214e-03 1.38313246e-02 -3.68229080e-03
3.20122475e-01 1.66631760e-02 3.68502903e-03 1.37995685e-02 -3.59164541e-03
3.21609843e-01 1.66261338e-02 3.72386024e-03 1.37693611e-02 -3.49852126e-03
3.23096417e-01 1.65895187e-02 3.75960402e-03 1.37409008e-02 -3.40309462e-03
3.24582195e-01 1.65535486e-02 3.79219511e-03 1.37143850e-02 -3.30554717e-03
3.26067172e-01 1.65184425e-02 3.82157488e-03 1.36900098e-02 -3.20606556e-03
3.27551345e-01 1.64844202e-02 3.84769152e-03 1.36679687e-02 -3.10484106e-03
3.29034710e-01 1.64517019e-02 3.87050013e-03 1.36484532e-02 -3.00206907e-03
3.30517264e-01 1.64205072e-02 3.88996290e-03 1.36316516e-02 -2.89794877e-03
3.31999003e-01 1.63910555e-02 3.90604917e-03 1.36177492e-02 -2.79268263e-03
3.33479923e-01 1.63635646e-02 3.91873555e-03 1.36069275e-02 -2.68647597e-03
3.34960021e-01 1.63382507e-02 3.92800597e-03 1.35993638e-02 -2.57953650e-03
3.36439292e-01 1.63153278e-02 3.93385175e-03 1.35952311e-02 -2.47207389e-03
3.37917734e-01 1.62950075e-02 3.93627162e-03 1.35946975e-02 -2.36429926e-03
3.39395342e-01 1.62774980e-02 3.93527177e-03 1.35979257e-02 -2.25642471e-03
3.40872114e-01 1.62630039e-02 3.93086582e-03 1.36050732e-02 -2.14866289e-03
3.42348044e-01 1.62517258e-02 3.92307483e-03 1.36162910e-02 -2.04122646e-03
3.43823131e-01 1.62438596e-02 3.91192723e-03 1.36317243e-02 -1.93432766e-03
3.45297369e-01 1.62395965e-02 3.89745880e-03 1.36515115e-02 -1.82817780e-03
3.46770756e-01 1.62391220e-02 3.87971260e-03 1.36757838e-02 -1.72298681e-03
3.48243288e-01 1.62426158e-02 3.85873887e-03 1.37046656e-02 -1.61896274e-03
3.49714961e-01 1.62502513e-02 3.83459491e-03 1.37382736e-02 -1.51631131e-03
3.51185772e-01 1.62621953e-02 3.80734499e-03 1.37767165e-02 -1.41523543e-03
3.52655716e-01 1.62786072e-02 3.77706021e-03 1.38200953e-02 -1.31593475e-03
3.54124791e-01 1.62996394e-02 3.74381832e-03 1.38685025e-02 -1.21860522e-03
3.55592992e-01 1.63254359e-02 3.70770355e-03 1.39220222e-02 -1.12343861e-03
3.57060317e-01 1.63561331e-02 3.66880646e-03 1.39807297e-02 -1.03062215e-03
3.58526760e-01 1.63918585e-02 3.62722369e-03 1.40446914e-02 -9.40337999e-04
3.59992320e-01 1.64327308e-02 3.58305778e-03 1.41139648e-02 -8.52762951e-04
3.61456992e-01 1.64788599e-02 3.53641691e-03 1.41885981e-02 -7.68067958e-04
3.62920772e-01 1.65303459e-02 3.48741469e-03 1.42686302e-02 -6.86417781e-04
3.64383658e-01 1.65872795e-02 3.43616985e-03 1.43540907e-02 -6.07970612e-04
3.65845645e-01 1.66497417e-02 3.38280603e-03 1.44449996e-02 -5.32877727e-04
3.67306729e-01 1.67178031e-02 3.32745146e-03 1.45413672e-02 -4.61283145e-04
3.68766908e-01 1.67915245e-02 3.27023867e-03 1.46431945e-02 -3.93323313e-04
3.70226177e-01 1.68709558e-02 3.21130419e-03 1.47504728e-02 -3.29126805e-04
3.71684534e-01 1.69561369e-02 3.15078825e-03 1.48631837e-02 -2.68814042e-04
3.73141973e-01 1.70470967e-02 3.08883445e-03 1.49812993e-02 -2.12497028e-04
3.74598493e-01 1.71438535e-02 3.02558942e-03 1.51047821e-02 -1.60279112e-04
3.76054088e-01 1.72464150e-02 2.96120249e-03 1.52335852e-02 -1.12254768e-04
3.77508756e-01 1.73547778e-02 2.89582536e-03 1.53676523e-02 -6.85093949e-05
3.78962493e-01 1.74689278e-02 2.82961174e-03 1.55069180e-02 -2.91191405e-05
3.80415296e-01 1.75888403e-02 2.76271699e-03 1.56513074e-02 5.84925239e-06
3.81867160e-01 1.77144796e-02 2.69529779e-03 1.58007370e-02 3.63385774e-05
3.83318083e-01 1.78457994e-02 2.62751176e-03 1.59551142e-02 6.23012734e-05
3.84768060e-01 1.79827428e-02 2.55951708e-03 1.61143380e-02 8.36995094e-05
3.86217089e-01 1.81252425e-02 2.49147218e-03 1.62782989e-02 1.00505247e-04
3.87665165e-01 1.82732207e-02 2.42353535e-03 1.64468793e-02 1.12700277e-04
3.89112285e-01 1.84265896e-02 2.35586437e-03 1.66199536e-02 1.20276236e-04
3.90558445e-01 1.85852513e-02 2.28861617e-03 1.67973884e-02 1.23234599e-04
3.92003642e-01 1.87490982e-02 2.22194645e-03 1.69790433e-02 1.21586640e-04
3.93447872e-01 1.89180132e-02 2.15600937e-03 1.71647705e-02 1.15353386e-04
3.94891132e-01 1.90918698e-02 2.09095716e-03 1.73544156e-02 1.04565531e-04
3.96333418e-01 1.92705325e-02 2.02693979e-03 1.75478177e-02 8.92633367e-05
3.97774727e-01 1.94538574e-02 1.96410464e-03 1.77448098e-02 6.94965076e-05
3.99215055e-01 1.96416919e-02 1.90259618e-03 1.79452193e-02 4.53240449e-05
4.00654398e-01 1.98338755e-02 1.84255561e-03 1.81488681e-02 1.68140778e-05
4.02092753e-01 2.00302401e-02 1.78412061e-03 1.83555733e-02 -1.59563266e-05
4.03530117e-01 2.02306102e-02 1.72742496e-03 1.85651472e-02 -5.29013737e-05
4.04966485e-01 2.04348034e-02 1.67259831e-03 1.87773982e-02 -9.39267718e-05
4.06401855e-01 2.06426309e-02 1.61976587e-03 1.89921306e-02 -1.38929983e-04
4.07836222e-01 2.08538978e-02 1.56904813e-03 1.92091457e-02 -1.87800492e-04
4.09269584e-01 2.10684035e-02 1.52056062e-03 1.94282416e-02 -2.40420094e-04
4.10701936e-01 2.12859424e-02 1.47441367e-03 1.96492143e-02 -2.96663198e-04
4.12133276e-01 2.15063042e-02 1.43071213e-03 1.98718573e-02 -3.56397149e-04
4.13563599e-01 2.17292740e-02 1.38955522e-03 2.00959628e-02 -4.19482564e-04
4.14992902e-01 2.19546337e-02 1.35103625e-03 2.03213218e-02 -4.85773685e-04
4.16421181e-01 2.21821615e-02 1.31524249e-03 2.05477246e-02 -5.55118742e-04
4.17848434e-01 2.24116331e-02 1.28225496e-03 2.07749612e-02 -6.27360335e-04
4.19274656e-01 2.26428219e-02 1.25214830e-03 2.10028218e-02 -7.02335818e-04
4.20699844e-01 2.28754994e-02 1.22499060e-03 2.12310972e-02 -7.79877704e-04
4.22123995e-01 2.31094361e-02 1.20084326e-03 2.14595794e-02 -8.59814076e-04
4.23547105e-01 2.33444017e-02 1.17976092e-03 2.16880619e-02 -9.41969003e-04
4.24969170e-01 2.35801656e-02 1.16179134e-03 2.19163400e-02 -1.02616297e-03
4.26390187e-01 2.38164977e-02 1.14697532e-03 2.21442116e-02 -1.11221331e-03
4.27810152e-01 2.40531686e-02 1.13534666e-03 2.23714772e-02 -1.19993463e-03
4.29229063e-01 2.42899503e-02 1.12693209e-03 2.25979408e-02 -1.28913929e-03
4.30646915e-01 2.45266166e-02 1.12175124e-03 2.28234098e-02 -1.37963779e-03
4.32063705e-01 2.47629437e-02 1.11981668e-03 2.30476958e-02 -1.47123930e-03
4.33479429e-01 2.49987105e-02 1.12113385e-03 2.32706148e-02 -1.56375201e-03
4.34894084e-01 2.52336994e-02 1.12570115e-03 2.34919874e-02 -1.65698366e-03
4.36307667e-01 2.54676966e-02 1.13350996e-03 2.37116396e-02 -1.75074195e-03
4.37720174e-01 2.57004925e-02 1.14454467e-03 2.39294030e-02 -1.84483497e-03
4.39131601e-01 2.59318822e-02 1.15878278e-03 2.41451147e-02 -1.93907169e-03
4.40541946e-01 2.61616660e-02 1.17619501e-03 2.43586185e-02 -2.03326235e-03
4.41951203e-01 2.63896499e-02 1.19674534e-03 2.45697642e-02 -2.12721890e-03
4.43359371e-01 2.66156457e-02 1.22039119e-03 2.47784088e-02 -2.22075543e-03
4.44766446e-01 2.68394718e-02 1.24708355e-03 2.49844161e-02 -2.31368860e-03
4.46172424e-01 2.70609534e-02 1.27676707e-03 2.51876574e-02 -2.40583800e-03
4.47577301e-01 2.72799228e-02 1.30938032e-03 2.53880114e-02 -2.49702660e-03
4.48981074e-01 2.74962199e-02 1.34485587e-03 2.55853649e-02 -2.58708109e-03
4.50383741e-01 2.77096922e-02 1.38312055e-03 2.57796125e-02 -2.67583229e-03
4.51785296e-01 2.79201958e-02 1.42409563e-03 2.59706569e-02 -2.76311548e-03
4.53185738e-01 2.81275948e-02 1.46769702e-03 2.61584095e-02 -2.84877076e-03
4.54585061e-01 2.83317623e-02 1.51383551e-03 2.63427900e-02 -2.93264341e-03
4.55983264e-01 2.85325803e-02 1.56241702e-03 2.65237269e-02 -3.01458415e-03
4.57380342e-01 2.87299401e-02 1.61334283e-03 2.67011572e-02 -3.09444949e-03
4.58776292e-01 2.89237421e-02 1.66650982e-03 2.68750270e-02 -3.17210199e-03
4.60171111e-01 2.91138967e-02 1.72181078e-03 2.70452914e-02 -3.24741055e-03
4.61564795e-01 2.93003237e-02 1.77913465e-03 2.72119141e-02 -3.32025065e-03
4.62957340e-01 2.94829530e-02 1.83836680e-03 2.73748683e-02 -3.39050458e-03
4.64348744e-01 2.96617244e-02 1.89938932e-03 2.75341358e-02 -3.45806165e-03
4.65739003e-01 2.98365878e-02 1.96208135e-03 2.76897076e-02 -3.52281840e-03
4.67128113e-01 3.00075031e-02 2.02631931e-03 2.78415837e-02 -3.58467877e-03
4.68516071e-01 3.01744408e-02 2.09197725e-03 2.79897730e-02 -3.64355426e-03
4.69902874e-01 3.03373812e-02 2.15892713e-03 2.81342931e-02 -3.69936406e-03
4.71288518e-01 3.04963149e-02 2.22703917e-03 2.82751707e-02 -3.75203516e-03
4.72672999e-01 3.06512428e-02 2.29618210e-03 2.84124407e-02 -3.80150247e-03
4.74056315e-01 3.08021758e-02 2.36622351e-03 2.85461470e-02 -3.84770888e-03
4.75438462e-01 3.09491348e-02 2.43703015e-03 2.86763415e-02 -3.89060532e-03
4.76819436e-01 3.10921509e-02 2.50846826e-03 2.88030846e-02 -3.93015078e-03
4.78199234e-01 3.12312647e-02 2.58040383e-03 2.89264446e-02 -3.96631234e-03
4.79577853e-01 3.13665266e-02 2.65270299e-03 2.90464977e-02 -3.99906519e-03
4.80955289e-01 3.14979966e-02 2.72523221e-03 2.91633275e-02 -4.02839254e-03
4.82331539e-01 3.16257439e-02 2.79785870e-03 2.92770255e-02 -4.05428564e-03
4.83706600e-01 3.17498469e-02 2.87045065e-03 2.93876898e-02 -4.07674367e-03
4.85080468e-01 3.18703928e-02 2.94287756e-03 2.94954257e-02 -4.09577370e-03
4.86453139e-01 3.19874775e-02 3.01501049e-03 2.96003451e-02 -4.11139054e-03
4.87824611e-01 3.21012053e-02 3.08672235e-03 2.97025662e-02 -4.12361665e-03
4.89194880e-01 3.22116886e-02 3.15788823e-03 2.98022132e-02 -4.13248199e-03
4.90563942e-01 3.23190475e-02 3.22838558e-03 2.98994162e-02 -4.13802387e-03
4.91931794e-01 3.24234098e-02 3.29809454e-03 2.99943104e-02 -4.14028677e-03
4.93298434e-01 3.25249102e-02 3.36689817e-03 3.00870365e-02 -4.13932217e-03
4.94663856e-01 3.26236903e-02 3.43468267e-03 3.01777395e-02 -4.13518831e-03
4.96028059e-01 3.27198984e-02 3.50133765e-03 3.02665692e-02 -4.12795000e-03
4.97391039e-01 3.28136885e-02 3.56675635e-03 3.03536793e-02 -4.11767837e-03
4.98752791e-01 3.29052205e-02 3.63083582e-03 3.04392270e-02 -4.10445064e-03
5.00113314e-01 3.29946596e-02 3.69347715e-03 3.05233732e-02 -4.08834982e-03
5.01472604e-01 3.30821759e-02 3.75458567e-03 3.06062816e-02 -4.06946450e-03
5.02830656e-01 3.31679441e-02 3.81407109e-03 3.06881183e-02 -4.04788851e-03
5.04187469e-01 3.32521428e-02 3.87184774e-03 3.07690520e-02 -4.02372064e-03
5.05543038e-01 3.33349543e-02 3.92783463e-03 3.08492528e-02 -3.99706436e-03
5.06897361e-01 3.34165643e-02 3.98195569e-03 3.09288928e-02 -3.96802747e-03
5.08250433e-01 3.34971612e-02 4.03413984e-03 3.10081448e-02 -3.93672183e-03
5.09602252e-01 3.35769358e-02 4.08432111e-03 3.10871823e-02 -3.90326297e-03
5.10952815e-01 3.36560807e-02 4.13243880e-03 3.11661795e-02 -3.86776980e-03
5.12302117e-01 3.37347902e-02 4.17843751e-03 3.12453103e-02 -3.83036428e-03
5.13650155e-01 3.38132596e-02 4.22226726e-03 3.13247484e-02 -3.79117102e-03
5.14996927e-01 3.38916847e-02 4.26388353e-03 3.14046664e-02 -3.75031702e-03
5.16342429e-01 3.39702618e-02 4.30324734e-03 3.14852363e-02 -3.70793124e-03
5.17686658e-01 3.40491866e-02 4.34032527e-03 3.15666283e-02 -3.66414430e-03
5.19029610e-01 3.41286543e-02 4.37508951e-03 3.16490111e-02 -3.61908811e-03
5.20371281e-01 3.42088592e-02 4.40751785e-03 3.17325509e-02 -3.57289555e-03
5.21711670e-01 3.42899939e-02 4.43759369e-03 3.18174118e-02 -3.52570007e-03
5.23050772e-01 3.43722491e-02 4.46530604e-03 3.19037551e-02 -3.47763539e-03
5.24388584e-01 3.44558134e-02 4.49064950e-03 3.19917388e-02 -3.42883515e-03
5.25725102e-01 3.45408725e-02 4.51362418e-03 3.20815178e-02 -3.37943255e-03
5.27060325e-01 3.46276093e-02 4.53423571e-03 3.21732433e-02 -3.32956003e-03
5.28394247e-01 3.47162030e-02 4.55249517e-03 3.22670626e-02 -3.27934896e-03
5.29726866e-01 3.48068292e-02 4.56841897e-03 3.23631187e-02 -3.22892928e-03
5.31058179e-01 3.48996594e-02 4.58202884e-03 3.24615503e-02 -3.17842922e-03
5.32388182e-01 3.49948606e-02 4.59335165e-03 3.25624916e-02 -3.12797498e-03
5.33716872e-01 3.50925951e-02 4.60241941e-03 3.26660717e-02 -3.07769043e-03
5.35044246e-01 3.51930202e-02 4.60926907e-03 3.27724147e-02 -3.02769683e-03
5.36370301e-01 3.52962877e-02 4.61394241e-03 3.28816396e-02 -2.97811255e-03
5.37695032e-01 3.54025439e-02 4.61648596e-03 3.29938597e-02 -2.92905278e-03
5.39018438e-01 3.55119292e-02 4.61695079e-03 3.31091829e-02 -2.88062931e-03
5.40340514e-01 3.56245781e-02 4.61539241e-03 3.32277115e-02 -2.83295029e-03
5.41661258e-01 3.57406185e-02 4.61187056e-03 3.33495416e-02 -2.78611993e-03
5.42980666e-01 3.58601720e-02 4.60644909e-03 3.34747636e-02 -2.74023837e-03
5.44298735e-01 3.59833535e-02 4.59919577e-03 3.36034618e-02 -2.69540141e-03
5.45615461e-01 3.61102709e-02 4.59018208e-03 3.37357143e-02 -2.65170035e-03
5.46930842e-01 3.62410254e-02 4.57948307e-03 3.38715929e-02 -2.60922181e-03
5.48244874e-01 3.63757107e-02 4.56717712e-03 3.40111635e-02 -2.56804753e-03
5.49557555e-01 3.65144136e-02 4.55334579e-03 3.41544853e-02 -2.52825428e-03
5.50868879e-01 3.66572135e-02 4.53807357e-03 3.43016116e-02 -2.48991368e-03
5.52178845e-01 3.68041823e-02 4.52144770e-03 3.44525890e-02 -2.45309210e-03
5.53487450e-01 3.69553846e-02 4.50355795e-03 3.46074582e-02 -2.41785055e-03
5.54794689e-01 3.71108774e-02 4.48449640e-03 3.47662534e-02 -2.38424459e-03
5.56100561e-01 3.72707103e-02 4.46435723e-03 3.49290027e-02 -2.35232427e-03
5.57405060e-01 3.74349256e-02 4.44323650e-03 3.50957281e-02 -2.32213405e-03
5.58708186e-01 3.76035578e-02 4.42123192e-03 3.52664455e-02 -2.29371279e-03
5.60009933e-01 3.77766343e-02 4.39844266e-03 3.54411648e-02 -2.26709368e-03
5.61310299e-01 3.79541750e-02 4.37496906e-03 3.56198902e-02 -2.24230426e-03
5.62609281e-01 3.81361925e-02 4.35091247e-03 3.58026200e-02 -2.21936642e-03
5.63906875e-01 3.83226925e-02 4.32637501e-03 3.59893470e-02 -2.19829642e-03
5.65203079e-01 3.85136733e-02 4.30145931e-03 3.61800584e-02 -2.17910490e-03
5.66497889e-01 3.87091264e-02 4.27626836e-03 3.63747362e-02 -2.16179697e-03
5.67791302e-01 3.89090367e-02 4.25090522e-03 3.65733572e-02 -2.14637224e-03
5.69083314e-01 3.91133821e-02 4.22547283e-03 3.67758935e-02 -2.13282489e-03
5.70373923e-01 3.93221344e-02 4.20007382e-03 3.69823120e-02 -2.12114381e-03
5.71663126e-01 3.95352590e-02 4.17481026e-03 3.71925755e-02 -2.11131263e-03
5.72950918e-01 3.97527152e-02 4.14978345e-03 3.74066420e-02 -2.10330991e-03
5.74237298e-01 3.99744566e-02 4.12509376e-03 3.76244656e-02 -2.09710922e-03
5.75522261e-01 4.02004310e-02 4.10084037e-03 3.78459966e-02 -2.09267930e-03
5.76805805e-01 4.04305809e-02 4.07712113e-03 3.80711814e-02 -2.08998421e-03
5.78087927e-01 4.06648438e-02 4.05403233e-03 3.82999630e-02 -2.08898349e-03
5.79368623e-01 4.09031521e-02 4.03166850e-03 3.85322813e-02 -2.08963234e-03
5.80647890e-01 4.11454338e-02 4.01012229e-03 3.87680731e-02 -2.09188180e-03
5.81925725e-01 4.13916125e-02 3.98948423e-03 3.90072727e-02 -2.09567895e-03
5.83202125e-01 4.16416079e-02 3.96984260e-03 3.92498119e-02 -2.10096708e-03
5.84477087e-01 4.18953357e-02 3.95128325e-03 3.94956202e-02 -2.10768596e-03
5.85750607e-01 4.21527084e-02 3.93388945e-03 3.97446253e-02 -2.11577199e-03
5.87022683e-01 4.24136352e-02 3.91774173e-03 3.99967534e-02 -2.12515850e-03
5.88293311e-01 4.26780226e-02 3.90291776e-03 4.02519289e-02 -2.13577589e-03
5.89562488e-01 4.29457747e-02 3.88949217e-03 4.05100756e-02 -2.14755194e-03
5.90830212e-01 4.32167930e-02 3.87753648e-03 4.07711161e-02 -2.16041202e-03
5.92096478e-01 4.34909776e-02 3.86711893e-03 4.10349726e-02 -2.17427933e-03
5.93361284e-01 4.37682266e-02 3.85830438e-03 4.13015668e-02 -2.18907517e-03
5.94624627e-01 4.40484373e-02 3.85115421e-03 4.15708205e-02 -2.20471917e-03
5.95886503e-01 4.43315058e-02 3.84572623e-03 4.18426557e-02 -2.22112954e-03
5.97146909e-01 4.46173277e-02 3.84207457e-03 4.21169947e-02 -2.23822335e-03
5.98405843e-01 4.49057982e-02 3.84024959e-03 4.23937607e-02 -2.25591677e-03
5.99663302e-01 4.51968127e-02 3.84029784e-03 4.26728776e-02 -2.27412530e-03
6.00919281e-01 4.54902668e-02 3.84226197e-03 4.29542707e-02 -2.29276408e-03
6.02173778e-01 4.57860569e-02 3.84618066e-03 4.32378665e-02 -2.31174810e-03
6.03426791e-01 4.60840801e-02 3.85208861e-03 4.35235934e-02 -2.33099243e-03
6.04678315e-01 4.63842351e-02 3.86001643e-03 4.38113813e-02 -2.35041256e-03
6.05928348e-01 4.66864218e-02 3.86999067e-03 4.41011624e-02 -2.36992453e-03
6.07176887e-01 4.69905420e-02 3.88203377e-03 4.43928711e-02 -2.38944526e-03
6.08423928e-01 4.72964997e-02 3.89616403e-03 4.46864441e-02 -2.40889273e-03
6.09669468e-01 4.76042012e-02 3.91239559e-03 4.49818210e-02 -2.42818625e-03
6.10913506e-01 4.79135553e-02 3.93073847e-03 4.52789439e-02 -2.44724666e-03
6.12156036e-01 4.82244738e-02 3.95119852e-03 4.55777581e-02 -2.46599655e-03
6.13397057e-01 4.85368715e-02 3.97377746e-03 4.58782117e-02 -2.48436050e-03
6.14636565e-01 4.88506666e-02 3.99847292e-03 4.61802564e-02 -2.50226525e-03
6.15874558e-01 4.91657807e-02 4.02527840e-03 4.64838471e-02 -2.51963992e-03
6.17111031e-01 4.94821392e-02 4.05418336e-03 4.67889420e-02 -2.53641619e-03
6.18345983e-01 4.97996715e-02 4.08517325e-03 4.70955033e-02 -2.55252848e-03
6.19579410e-01 5.01183111e-02 4.11822952e-03 4.74034966e-02 -2.56791413e-03
6.20811308e-01 5.04379957e-02 4.15332973e-03 4.77128913e-02 -2.58251356e-03
6.22041676e-01 5.07586675e-02 4.19044756e-03 4.80236607e-02 -2.59627041e-03
6.23270509e-01 5.10802732e-02 4.22955291e-03 4.83357820e-02 -2.60913170e-03
6.24497806e-01 5.14027642e-02 4.27061193e-03 4.86492364e-02 -2.62104794e-03
6.25723562e-01 5.17260968e-02 4.31358716e-03 4.89640090e-02 -2.63197328e-03
6.26947776e-01 5.20502321e-02 4.35843754e-03 4.92800890e-02 -2.64186558e-03
6.28170443e-01 5.23751365e-02 4.40511857e-03 4.95974694e-02 -2.65068657e-03
6.29391561e-01 5.27007811e-02 4.45358234e-03 4.99161475e-02 -2.65840187e-03
6.30611126e-01 5.30271422e-02 4.50377769e-03 5.02361244e-02 -2.66498111e-03
6.31829137e-01 5.33542016e-02 4.55565027e-03 5.05574053e-02 -2.67039797e-03
6.33045589e-01 5.36819460e-02 4.60914264e-03 5.08799992e-02 -2.67463025e-03
6.34260480e-01 5.40103674e-02 4.66419445e-03 5.12039193e-02 -2.67765991e-03
6.35473807e-01 5.43394630e-02 4.72074247e-03 5.15291822e-02 -2.67947308e-03
6.36685567e-01 5.46692354e-02 4.77872080e-03 5.18558086e-02 -2.68006010e-03
6.37895757e-01 5.49996923e-02 4.83806092e-03 5.21838229e-02 -2.67941551e-03
6.39104373e-01 5.53308464e-02 4.89869186e-03 5.25132528e-02 -2.67753807e-03
6.40311414e-01 5.56627158e-02 4.96054032e-03 5.28441297e-02 -2.67443069e-03
6.41516875e-01 5.59953235e-02 5.02353081e-03 5.31764886e-02 -2.67010046e-03
6.42720754e-01 5.63286974e-02 5.08758579e-03 5.35103673e-02 -2.66455856e-03
6.43923048e-01 5.66628705e-02 5.15262582e-03 5.38458073e-02 -2.65782024e-03
6.45123754e-01 5.69978804e-02 5.21856966e-03 5.41828525e-02 -2.64990476e-03
6.46322869e-01 5.73337695e-02 5.28533448e-03 5.45215503e-02 -2.64083528e-03
6.47520390e-01 5.76705846e-02 5.35283598e-03 5.48619504e-02 -2.63063880e-03
6.48716314e-01 5.80083772e-02 5.42098851e-03 5.52041051e-02 -2.61934609e-03
6.49910639e-01 5.83472028e-02 5.48970527e-03 5.55480694e-02 -2.60699153e-03
6.51103360e-01 5.86871211e-02 5.55889844e-03 5.58939003e-02 -2.59361304e-03
6.52294476e-01 5.90281958e-02 5.62847933e-03 5.62416569e-02 -2.57925193e-03
6.53483983e-01 5.93704945e-02 5.69835856e-03 5.65914003e-02 -2.56395280e-03
6.54671879e-01 5.97140881e-02 5.76844617e-03 5.69431930e-02 -2.54776335e-03
6.55858160e-01 6.00590513e-02 5.83865183e-03 5.72970995e-02 -2.53073427e-03
6.57042824e-01 6.04054618e-02 5.90888495e-03 5.76531853e-02 -2.51291909e-03
6.58225867e-01 6.07534004e-02 5.97905488e-03 5.80115171e-02 -2.49437397e-03
6.59407287e-01 6.11029506e-02 6.04907103e-03 5.83721626e-02 -2.47515757e-03
6.60587080e-01 6.14541986e-02 6.11884305e-03 5.87351903e-02 -2.45533085e-03
6.61765245e-01 6.18072331e-02 6.18828096e-03 5.91006692e-02 -2.43495691e-03
6.62941778e-01 6.21621447e-02 6.25729535e-03 5.94686688e-02 -2.41410077e-03
6.64116675e-01 6.25190262e-02 6.32579748e-03 5.98392586e-02 -2.39282921e-03
6.65289935e-01 6.28779720e-02 6.39369947e-03 6.02125081e-02 -2.37121053e-03
6.66461554e-01 6.32390779e-02 6.46091444e-03 6.05884869e-02 -2.34931439e-03
6.67631530e-01 6.36024410e-02 6.52735667e-03 6.09672638e-02 -2.32721160e-03
6.68799859e-01 6.39681595e-02 6.59294171e-03 6.13489074e-02 -2.30497388e-03
6.69966538e-01 6.43363323e-02 6.65758658e-03 6.17334852e-02 -2.28267367e-03
6.71131566e-01 6.47070587e-02 6.72120987e-03 6.21210640e-02 -2.26038393e-03
6.72294938e-01 6.50804385e-02 6.78373192e-03 6.25117095e-02 -2.23817790e-03
6.73456652e-01 6.54565715e-02 6.84507492e-03 6.29054860e-02 -2.21612892e-03
6.74616706e-01 6.58355573e-02 6.90516306e-03 6.33024563e-02 -2.19431017e-03
6.75775095e-01 6.62174951e-02 6.96392268e-03 6.37026818e-02 -2.17279452e-03
6.76931818e-01 6.66024836e-02 7.02128238e-03 6.41062221e-02 -2.15165425e-03
6.78086872e-01 6.69906205e-02 7.07717314e-03 6.45131349e-02 -2.13096090e-03
6.79240254e-01 6.73820024e-02 7.13152848e-03 6.49234756e-02 -2.11078500e-03
6.80391960e-01 6.77767249e-02 7.18428453e-03 6.53372979e-02 -2.09119592e-03
6.81541988e-01 6.81748817e-02 7.23538017e-03 6.57546528e-02 -2.07226165e-03
6.82690336e-01 6.85765652e-02 7.28475714e-03 6.61755891e-02 -2.05404858e-03
6.83837000e-01 6.89818655e-02 7.33236017e-03 6.66001530e-02 -2.03662133e-03
6.84981977e-01 6.93908711e-02 7.37813701e-03 6.70283882e-02 -2.02004255e-03
6.86125265e-01 6.98036678e-02 7.42203861e-03 6.74603355e-02 -2.00437273e-03
6.87266861e-01 7.02203392e-02 7.46401917e-03 6.78960332e-02 -1.98967003e-03
6.88406763e-01 7.06409661e-02 7.50403621e-03 6.83355164e-02 -1.97599010e-03
6.89544966e-01 7.10656268e-02 7.54205071e-03 6.87788175e-02 -1.96338594e-03
6.90681469e-01 7.14943963e-02 7.57802712e-03 6.92259659e-02 -1.95190767e-03
6.91816268e-01 7.19273469e-02 7.61193350e-03 6.96769879e-02 -1.94160248e-03
6.92949362e-01 7.23645474e-02 7.64374150e-03 7.01319069e-02 -1.93251437e-03
6.94080746e-01 7.28060634e-02 7.67342652e-03 7.05907431e-02 -1.92468412e-03
6.95210419e-01 7.32519571e-02 7.70096767e-03 7.10535137e-02 -1.91814909e-03
6.96338377e-01 7.37022870e-02 7.72634790e-03 7.15202327e-02 -1.91294312e-03
6.97464618e-01 7.41571082e-02 7.74955397e-03 7.19909112e-02 -1.90909643e-03
6.98589139e-01 7.46164717e-02 7.77057654e-03 7.24655569e-02 -1.90663551e-03
6.99711937e-01 7.50804250e-02 7.78941017e-03 7.29441749e-02 -1.90558303e-03
7.00833010e-01 7.55490117e-02 7.80605335e-03 7.34267671e-02 -1.90595775e-03
7.01952354e-01 7.60222713e-02 7.82050852e-03 7.39133322e-02 -1.90777446e-03
7.03069967e-01 7.65002396e-02 7.83278208e-03 7.44038665e-02 -1.91104390e-03
7.04185846e-01 7.69829481e-02 7.84288437e-03 7.48983630e-02 -1.91577274e-03
7.05299989e-01 7.74704246e-02 7.85082971e-03 7.53968122e-02 -1.92196349e-03
7.06412392e-01 7.79626927e-02 7.85663635e-03 7.58992019e-02 -1.92961451e-03
7.07523053e-01 7.84597721e-02 7.86032647e-03 7.64055172e-02 -1.93872000e-03
7.08631969e-01 7.89616783e-02 7.86192616e-03 7.69157408e-02 -1.94926992e-03
7.09739137e-01 7.94684230e-02 7.86146536e-03 7.74298530e-02 -1.96125008e-03
7.10844555e-01 7.99800139e-02 7.85897787e-03 7.79478318e-02 -1.97464209e-03
7.11948220e-01 8.04964549e-02 7.85450125e-03 7.84696531e-02 -1.98942340e-03
7.13050130e-01 8.10177458e-02 7.84807681e-03 7.89952907e-02 -2.00556735e-03
7.14150280e-01 8.15438829e-02 7.83974953e-03 7.95247168e-02 -2.02304319e-03
7.15248670e-01 8.20748587e-02 7.82956799e-03 8.00579014e-02 -2.04181615e-03
7.16345296e-01 8.26106621e-02 7.81758432e-03 8.05948134e-02 -2.06184749e-03
7.17440155e-01 8.31512784e-02 7.80385410e-03 8.11354198e-02 -2.08309460e-03
7.18533244e-01 8.36966895e-02 7.78843625e-03 8.16796868e-02 -2.10551107e-03
7.19624562e-01 8.42468742e-02 7.77139302e-03 8.22275790e-02 -2.12904677e-03
7.20714105e-01 8.48018077e-02 7.75278978e-03 8.27790604e-02 -2.15364798e-03
7.21801870e-01 8.53614627e-02 7.73269499e-03 8.33340941e-02 -2.17925750e-03
7.22887856e-01 8.59258085e-02 7.71118007e-03 8.38926427e-02 -2.20581476e-03
7.23972059e-01 8.64948118e-02 7.68831926e-03 8.44546681e-02 -2.23325597e-03
7.25054476e-01 8.70684369e-02 7.66418952e-03 8.50201323e-02 -2.26151425e-03
7.26135105e-01 8.76466452e-02 7.63887039e-03 8.55889970e-02 -2.29051978e-03
7.27213943e-01 8.82293963e-02 7.61244385e-03 8.61612241e-02 -2.32019996e-03
7.28290988e-01 8.88166472e-02 7.58499417e-03 8.67367756e-02 -2.35047957e-03
7.29366237e-01 8.94083533e-02 7.55660779e-03 8.73156143e-02 -2.38128097e-03
7.30439687e-01 9.00044680e-02 7.52737313e-03 8.78977035e-02 -2.41252423e-03
7.31511336e-01 9.06049434e-02 7.49738046e-03 8.84830072e-02 -2.44412736e-03
7.32581181e-01 9.12097299e-02 7.46672174e-03 8.90714906e-02 -2.47600647e-03
7.33649219e-01 9.18187768e-02 7.43549043e-03 8.96631199e-02 -2.50807599e-03
7.34715448e-01 9.24320325e-02 7.40378133e-03 9.02578629e-02 -2.54024886e-03
7.35779864e-01 9.30494445e-02 7.37169042e-03 9.08556887e-02 -2.57243675e-03
7.36842467e-01 9.36709596e-02 7.33931466e-03 9.14565682e-02 -2.60455023e-03
7.37903252e-01 9.42965244e-02 7.30675182e-03 9.20604742e-02 -2.63649904e-03
7.38962217e-01 9.49260851e-02 7.27410031e-03 9.26673814e-02 -2.66819229e-03
7.40019360e-01 9.55595881e-02 7.24145895e-03 9.32772667e-02 -2.69953864e-03
7.41074678e-01 9.61969798e-02 7.20892683e-03 9.38901095e-02 -2.73044658e-03
7.42128168e-01 9.68382070e-02 7.17660309e-03 9.45058914e-02 -2.76082462e-03
7.43179828e-01 9.74832172e-02 7.14458675e-03 9.51245967e-02 -2.79058153e-03
7.44229655e-01 9.81319587e-02 7.11297650e-03 9.57462125e-02 -2.81962654e-03
7.45277647e-01 9.87843808e-02 7.08187048e-03 9.63707286e-02 -2.84786959e-03
7.46323801e-01 9.94404339e-02 7.05136617e-03 9.69981381e-02 -2.87522156e-03
7.47368114e-01 1.00100070e-01 7.02156009e-03 9.76284367e-02 -2.90159446e-03
7.48410585e-01 1.00763242e-01 6.99254768e-03 9.82616236e-02 -2.92690168e-03
7.49451209e-01 1.01429905e-01 6.96442310e-03 9.88977013e-02 -2.95105821e-03
7.50489985e-01 1.02100017e-01 6.93727899e-03 9.95366754e-02 -2.97398083e-03
7.51526911e-01 1.02773537e-01 6.91120633e-03 1.00178555e-01 -2.99558836e-03
7.52561982e-01 1.03450425e-01 6.88629424e-03 1.00823353e-01 -3.01580183e-03
7.53595199e-01 1.04130646e-01 6.86262978e-03 1.01471086e-01 -3.03454472e-03
7.54626556e-01 1.04814167e-01 6.84029777e-03 1.02121774e-01 -3.05174315e-03
7.55656053e-01 1.05500956e-01 6.81938064e-03 1.02775439e-01 -3.06732606e-03
7.56683685e-01 1.06190986e-01 6.79995820e-03 1.03432110e-01 -3.08122540e-03
7.57709452e-01 1.06884232e-01 6.78210751e-03 1.04091817e-01 -3.09337635e-03
7.58733350e-01 1.07580671e-01 6.76590272e-03 1.04754594e-01 -3.10371746e-03
7.59755377e-01 1.08280286e-01 6.75141487e-03 1.05420481e-01 -3.11219081e-03
7.60775531e-01 1.08983062e-01 6.73871174e-03 1.06089519e-01 -3.11874221e-03
7.61793808e-01 1.09688987e-01 6.72785774e-03 1.06761754e-01 -3.12332134e-03
7.62810206e-01 1.10398052e-01 6.71891372e-03 1.07437236e-01 -3.12588187e-03
7.63824724e-01 1.11110254e-01 6.71193683e-03 1.08116017e-01 -3.12638161e-03
7.64837357e-01 1.11825592e-01 6.70698044e-03 1.08798155e-01 -3.12478267e-03
7.65848104e-01 1.12544070e-01 6.70409395e-03 1.09483709e-01 -3.12105154e-03
7.66856963e-01 1.13265694e-01 6.70332270e-03 1.10172743e-01 -3.11515918e-03
7.67863930e-01 1.13990475e-01 6.70470787e-03 1.10865324e-01 -3.10708120e-03
7.68869004e-01 1.14718429e-01 6.70828637e-03 1.11561523e-01 -3.09679784e-03
7.69872181e-01 1.15449575e-01 6.71409074e-03 1.12261414e-01 -3.08429413e-03
7.70873460e-01 1.16183935e-01 6.72214905e-03 1.12965073e-01 -3.06955992e-03
7.71872838e-01 1.16921537e-01 6.73248489e-03 1.13672579e-01 -3.05258995e-03
7.72870312e-01 1.17662413e-01 6.74511720e-03 1.14384017e-01 -3.03338387e-03
7.73865880e-01 1.18406597e-01 6.76006030e-03 1.15099471e-01 -3.01194630e-03
7.74859540e-01 1.19154129e-01 6.77732382e-03 1.15819030e-01 -2.98828684e-03
7.75851289e-01 1.19905051e-01 6.79691262e-03 1.16542784e-01 -2.96242008e-03
7.76841124e-01 1.20659412e-01 6.81882681e-03 1.17270827e-01 -2.93436560e-03
7.77829044e-01 1.21417262e-01 6.84306172e-03 1.18003254e-01 -2.90414793e-03
7.78815045e-01 1.22178657e-01 6.86960786e-03 1.18740162e-01 -2.87179660e-03
7.79799126e-01 1.22943655e-01 6.89845099e-03 1.19481652e-01 -2.83734600e-03
7.80781283e-01 1.23712319e-01 6.92957205e-03 1.20227824e-01 -2.80083541e-03
7.81761515e-01 1.24484716e-01 6.96294723e-03 1.20978781e-01 -2.76230892e-03
7.82739819e-01 1.25260914e-01 6.99854803e-03 1.21734628e-01 -2.72181534e-03
7.83716193e-01 1.26040987e-01 7.03634122e-03 1.22495470e-01 -2.67940813e-03
7.84690634e-01 1.26825013e-01 7.07628896e-03 1.23261414e-01 -2.63514532e-03
7.85663139e-01 1.27613071e-01 7.11834888e-03 1.24032568e-01 -2.58908937e-03
7.86633708e-01 1.28405243e-01 7.16247407e-03 1.24809039e-01 -2.54130709e-03
7.87602336e-01 1.29201616e-01 7.20861325e-03 1.25590937e-01 -2.49186950e-03
7.88569022e-01 1.30002280e-01 7.25671082e-03 1.26378371e-01 -2.44085169e-03
7.89533763e-01 1.30807325e-01 7.30670698e-03 1.27171450e-01 -2.38833268e-03
7.90496556e-01 1.31616846e-01 7.35853783e-03 1.27970284e-01 -2.33439524e-03
7.91457401e-01 1.32430940e-01 7.41213552e-03 1.28774982e-01 -2.27912577e-03
7.92416293e-01 1.33249705e-01 7.46742837e-03 1.29585652e-01 -2.22261410e-03
7.93373232e-01 1.34073243e-01 7.52434099e-03 1.30402404e-01 -2.16495327e-03
7.94328214e-01 1.34901657e-01 7.58279447e-03 1.31225343e-01 -2.10623941e-03
7.95281236e-01 1.35735051e-01 7.64270651e-03 1.32054577e-01 -2.04657150e-03
7.96232298e-01 1.36573533e-01 7.70399162e-03 1.32890212e-01 -1.98605115e-03
7.97181396e-01 1.37417209e-01 7.76656125e-03 1.33732351e-01 -1.92478241e-03
7.98128528e-01 1.38266190e-01 7.83032404e-03 1.34581097e-01 -1.86287154e-03
7.99073691e-01 1.39120586e-01 7.89518593e-03 1.35436550e-01 -1.80042680e-03
8.00016884e-01 1.39980506e-01 7.96105042e-03 1.36298811e-01 -1.73755818e-03
8.00958104e-01 1.40846065e-01 8.02781876e-03 1.37167977e-01 -1.67437720e-03
8.01897349e-01 1.41717373e-01 8.09539015e-03 1.38044142e-01 -1.61099663e-03
8.02834616e-01 1.42594543e-01 8.16366194e-03 1.38927399e-01 -1.54753030e-03
8.03769903e-01 1.43477689e-01 8.23252992e-03 1.39817840e-01 -1.48409279e-03
8.04703207e-01 1.44366924e-01 8.30188844e-03 1.40715551e-01 -1.42079921e-03
8.05634528e-01 1.45262359e-01 8.37163073e-03 1.41620619e-01 -1.35776495e-03
8.06563861e-01 1.46164107e-01 8.44164910e-03 1.42533126e-01 -1.29510539e-03
8.07491206e-01 1.47072280e-01 8.51183516e-03 1.43453151e-01 -1.23293570e-03
8.08416559e-01 1.47986988e-01 8.58208008e-03 1.44380771e-01 -1.17137050e-03
8.09339918e-01 1.48908342e-01 8.65227484e-03 1.45316060e-01 -1.11052369e-03
8.10261281e-01 1.49836451e-01 8.72231044e-03 1.46259088e-01 -1.05050812e-03
8.11180646e-01 1.50771421e-01 8.79207815e-03 1.47209922e-01 -9.91435385e-04
8.12098011e-01 1.51713361e-01 8.86146980e-03 1.48168626e-01 -9.33415528e-04
8.13013373e-01 1.52662373e-01 8.93037795e-03 1.49135260e-01 -8.76556819e-04
8.13926729e-01 1.53618561e-01 8.99869618e-03 1.50109882e-01 -8.20965490e-04
8.14838079e-01 1.54582026e-01 9.06631934e-03 1.51092544e-01 -7.66745491e-04
8.15747419e-01 1.55552867e-01 9.13314375e-03 1.52083297e-01 -7.13998248e-04
8.16654747e-01 1.56531181e-01 9.19906745e-03 1.53082186e-01 -6.62822425e-04
8.17560061e-01 1.57517063e-01 9.26399044e-03 1.54089255e-01 -6.13313692e-04
8.18463359e-01 1.58510605e-01 9.32781494e-03 1.55104543e-01 -5.65564495e-04
8.19364639e-01 1.59511896e-01 9.39044553e-03 1.56128085e-01 -5.19663839e-04
8.20263897e-01 1.60521023e-01 9.45178948e-03 1.57159914e-01 -4.75697072e-04
8.21161133e-01 1.61538072e-01 9.51175687e-03 1.58200058e-01 -4.33745675e-04
8.22056344e-01 1.62563124e-01 9.57026086e-03 1.59248541e-01 -3.93887067e-04
8.22949527e-01 1.63596256e-01 9.62721787e-03 1.60305387e-01 -3.56194411e-04
8.23840681e-01 1.64637547e-01 9.68254778e-03 1.61370612e-01 -3.20736432e-04
8.24729804e-01 1.65687067e-01 9.73617412e-03 1.62444232e-01 -2.87577243e-04
8.25616892e-01 1.66744888e-01 9.78802425e-03 1.63526258e-01 -2.56776180e-04
8.26501944e-01 1.67811075e-01 9.83802954e-03 1.64616699e-01 -2.28387647e-04
8.27384958e-01 1.68885692e-01 9.88612552e-03 1.65715560e-01 -2.02460974e-04
8.28265931e-01 1.69968801e-01 9.93225206e-03 1.66822844e-01 -1.79040279e-04
8.29144862e-01 1.71060457e-01 9.97635348e-03 1.67938550e-01 -1.58164349e-04
8.30021748e-01 1.72160716e-01 1.00183787e-02 1.69062675e-01 -1.39866524e-04
8.30896587e-01 1.73269628e-01 1.00582815e-02 1.70195214e-01 -1.24174597e-04
8.31769377e-01 1.74387241e-01 1.00960202e-02 1.71336157e-01 -1.11110726e-04
8.32640115e-01 1.75513600e-01 1.01315585e-02 1.72485496e-01 -1.00691357e-04
8.33508800e-01 1.76648748e-01 1.01648648e-02 1.73643216e-01 -9.29271563e-05
8.34375430e-01 1.77792721e-01 1.01959127e-02 1.74809304e-01 -8.78229571e-05
8.35240002e-01 1.78945558e-01 1.02246811e-02 1.75983743e-01 -8.53777208e-05
8.36102514e-01 1.80107289e-01 1.02511542e-02 1.77166514e-01 -8.55845066e-05
8.36962964e-01 1.81277947e-01 1.02753212e-02 1.78357599e-01 -8.84304555e-05
8.37821349e-01 1.82457558e-01 1.02971771e-02 1.79556976e-01 -9.38967868e-05
8.38677669e-01 1.83646146e-01 1.03167217e-02 1.80764624e-01 -1.01958807e-04
8.39531921e-01 1.84843735e-01 1.03339608e-02 1.81980519e-01 -1.12585930e-04
8.40384102e-01 1.86050345e-01 1.03489050e-02 1.83204640e-01 -1.25741712e-04
8.41234210e-01 1.87265994e-01 1.03615706e-02 1.84436961e-01 -1.41383899e-04
8.42082244e-01 1.88490696e-01 1.03719790e-02 1.85677459e-01 -1.59464483e-04
8.42928201e-01 1.89724466e-01 1.03801571e-02 1.86926109e-01 -1.79929772e-04
8.43772079e-01 1.90967317e-01 1.03861369e-02 1.88182889e-01 -2.02720477e-04
8.44613877e-01 1.92219257e-01 1.03899556e-02 1.89447775e-01 -2.27771802e-04
8.45453591e-01 1.93480298e-01 1.03916554e-02 1.90720744e-01 -2.55013553e-04
8.46291221e-01 1.94750445e-01 1.03912837e-02 1.92001775e-01 -2.84370257e-04
8.47126763e-01 1.96029705e-01 1.03888925e-02 1.93290846e-01 -3.15761285e-04
8.47960216e-01 1.97318085e-01 1.03845388e-02 1.94587941e-01 -3.49101000e-04
8.48791578e-01 1.98615589e-01 1.03782843e-02 1.95893040e-01 -3.84298902e-04
8.49620847e-01 1.99922221e-01 1.03701950e-02 1.97206128e-01 -4.21259789e-04
8.50448020e-01 2.01237987e-01 1.03603415e-02 1.98527193e-01 -4.59883932e-04
8.51273096e-01 2.02562889e-01 1.03487985e-02 1.99856223e-01 -5.00067248e-04
8.52096073e-01 2.03896933e-01 1.03356447e-02 2.01193210e-01 -5.41701495e-04
8.52916948e-01 2.05240123e-01 1.03209629e-02 2.02538149e-01 -5.84674471e-04
8.53735720e-01 2.06592465e-01 1.03048393e-02 2.03891037e-01 -6.28870214e-04
8.54552386e-01 2.07953964e-01 1.02873639e-02 2.05251875e-01 -6.74169223e-04
8.55366945e-01 2.09324628e-01 1.02686297e-02 2.06620668e-01 -7.20448673e-04
8.56179395e-01 2.10704465e-01 1.02487329e-02 2.07997424e-01 -7.67582652e-04
8.56989732e-01 2.12093486e-01 1.02277726e-02 2.09382155e-01 -8.15442387e-04
8.57797957e-01 2.13491703e-01 1.02058505e-02 2.10774878e-01 -8.63896491e-04
8.58604066e-01 2.14899129e-01 1.01830708e-02 2.12175614e-01 -9.12811206e-04
8.59408057e-01 2.16315781e-01 1.01595396e-02 2.13584389e-01 -9.62050654e-04
8.60209930e-01 2.17741677e-01 1.01353651e-02 2.15001234e-01 -1.01147710e-03
8.61009680e-01 2.19176840e-01 1.01106571e-02 2.16426183e-01 -1.06095118e-03
8.61807307e-01 2.20621293e-01 1.00855269e-02 2.17859277e-01 -1.11033223e-03
8.62602809e-01 2.22075065e-01 1.00600869e-02 2.19300564e-01 -1.15947846e-03
8.63396184e-01 2.23538187e-01 1.00344504e-02 2.20750095e-01 -1.20824730e-03
8.64187429e-01 2.25010693e-01 1.00087311e-02 2.22207927e-01 -1.25649563e-03
8.64976543e-01 2.26492622e-01 9.98304349e-03 2.23674124e-01 -1.30408005e-03
8.65763524e-01 2.27984019e-01 9.95750180e-03 2.25148755e-01 -1.35085715e-03
8.66548370e-01 2.29484929e-01 9.93222022e-03 2.26631898e-01 -1.39668379e-03
8.67331079e-01 2.30995405e-01 9.90731247e-03 2.28123633e-01 -1.44141736e-03
8.68111648e-01 2.32515503e-01 9.88289155e-03 2.29624050e-01 -1.48491605e-03
8.68890077e-01 2.34045285e-01 9.85906949e-03 2.31133244e-01 -1.52703910e-03
8.69666363e-01 2.35584819e-01 9.83595706e-03 2.32651317e-01 -1.56764710e-03
8.70440504e-01 2.37134175e-01 9.81366352e-03 2.34178379e-01 -1.60660219e-03
8.71212499e-01 2.38693431e-01 9.79229637e-03 2.35714544e-01 -1.64376836e-03
8.71982345e-01 2.40262671e-01 9.77196108e-03 2.37259936e-01 -1.67901170e-03
8.72750041e-01 2.41841984e-01 9.75276082e-03 2.38814684e-01 -1.71220061e-03
8.73515584e-01 2.43431465e-01 9.73479627e-03 2.40378925e-01 -1.74320609e-03
8.74278973e-01 2.45031215e-01 9.71816530e-03 2.41952803e-01 -1.77190193e-03
8.75040206e-01 2.46641341e-01 9.70296280e-03 2.43536469e-01 -1.79816496e-03
8.75799281e-01 2.48261956e-01 9.68928042e-03 2.45130082e-01 -1.82187528e-03
8.76556196e-01 2.49893182e-01 9.67720634e-03 2.46733806e-01 -1.84291645e-03
8.77310949e-01 2.51535143e-01 9.66682508e-03 2.48347814e-01 -1.86117571e-03
8.78063539e-01 2.53187975e-01 9.65821726e-03 2.49972285e-01 -1.87654420e-03
8.78813963e-01 2.54851815e-01 9.65145944e-03 2.51607406e-01 -1.88891710e-03
8.79562220e-01 2.56526811e-01 9.64662388e-03 2.53253371e-01 -1.89819384e-03
8.80308308e-01 2.58213116e-01 9.64377841e-03 2.54910380e-01 -1.90427831e-03
8.81052225e-01 2.59910890e-01 9.64298624e-03 2.56578640e-01 -1.90707894e-03
8.81793969e-01 2.61620299e-01 9.64430576e-03 2.58258365e-01 -1.90650891e-03
8.82533538e-01 2.63341517e-01 9.64779046e-03 2.59949777e-01 -1.90248628e-03
8.83270931e-01 2.65074723e-01 9.65348874e-03 2.61653103e-01 -1.89493411e-03
8.84006145e-01 2.66820106e-01 9.66144380e-03 2.63368575e-01 -1.88378060e-03
8.84739180e-01 2.68577858e-01 9.67169353e-03 2.65096435e-01 -1.86895918e-03
8.85470032e-01 2.70348179e-01 9.68427036e-03 2.66836928e-01 -1.85040862e-03
8.86198701e-01 2.72131276e-01 9.69920125e-03 2.68590307e-01 -1.82807310e-03
8.86925184e-01 2.73927362e-01 9.71650753e-03 2.70356829e-01 -1.80190230e-03
8.87649480e-01 2.75736655e-01 9.73620486e-03 2.72136757e-01 -1.77185147e-03
8.88371587e-01 2.77559383e-01 9.75830320e-03 2.73930361e-01 -1.73788145e-03
8.89091503e-01 2.79395775e-01 9.78280674e-03 2.75737914e-01 -1.69995874e-03
8.89809227e-01 2.81246070e-01 9.80971385e-03 2.77559694e-01 -1.65805551e-03
8.90524756e-01 2.83110510e-01 9.83901711e-03 2.79395987e-01 -1.61214962e-03
8.91238089e-01 2.84989345e-01 9.87070329e-03 2.81247078e-01 -1.56222462e-03
8.91949223e-01 2.86882827e-01 9.90475332e-03 2.83113261e-01 -1.50826973e-03
8.92658159e-01 2.88791218e-01 9.94114238e-03 2.84994831e-01 -1.45027984e-03
8.93364892e-01 2.90714779e-01 9.97983988e-03 2.86892088e-01 -1.38825544e-03
8.94069423e-01 2.92653781e-01 1.00208095e-02 2.88805334e-01 -1.32220263e-03
8.94771748e-01 2.94608497e-01 1.00640093e-02 2.90734876e-01 -1.25213300e-03
8.95471867e-01 2.96579205e-01 1.01093919e-02 2.92681023e-01 -1.17806357e-03
8.96169778e-01 2.98566185e-01 1.01569041e-02 2.94644084e-01 -1.10001675e-03
8.96865478e-01 3.00569724e-01 1.02064876e-02 2.96624375e-01 -1.01802022e-03
8.97558967e-01 3.02590109e-01 1.02580788e-02 2.98622208e-01 -9.32106778e-04
8.98250242e-01 3.04627633e-01 1.03116087e-02 3.00637902e-01 -8.42314310e-04
8.98939302e-01 3.06682590e-01 1.03670036e-02 3.02671772e-01 -7.48685594e-04
8.99626145e-01 3.08755278e-01 1.04241847e-02 3.04724138e-01 -6.51268187e-04
9.00310769e-01 3.10845996e-01 1.04830685e-02 3.06795318e-01 -5.50114269e-04
9.00993173e-01 3.12955045e-01 1.05435670e-02 3.08885631e-01 -4.45280487e-04
9.01673355e-01 3.15082728e-01 1.06055878e-02 3.10995396e-01 -3.36827777e-04
9.02351313e-01 3.17229350e-01 1.06690342e-02 3.13124929e-01 -2.24821194e-04
9.03027046e-01 3.19395215e-01 1.07338056e-02 3.15274549e-01 -1.09329712e-04
9.03700552e-01 3.21580629e-01 1.07997975e-02 3.17444572e-01 9.57396842e-06
9.04371830e-01 3.23785898e-01 1.08669020e-02 3.19635310e-01 1.31813629e-04
9.05040876e-01 3.26011328e-01 1.09350074e-02 3.21847077e-01 2.57309750e-04
9.05707691e-01 3.28257225e-01 1.10039994e-02 3.24080182e-01 3.85979734e-04
9.06372273e-01 3.30523893e-01 1.10737604e-02 3.26334933e-01 5.17738137e-04
9.07034619e-01 3.32811638e-01 1.11441702e-02 3.28611634e-01 6.52496908e-04
9.07694728e-01 3.35120761e-01 1.12151063e-02 3.30910587e-01 7.90165632e-04
9.08352599e-01 3.37451563e-01 1.12864439e-02 3.33232089e-01 9.30651782e-04
9.09008229e-01 3.39804343e-01 1.13580564e-02 3.35576435e-01 1.07386098e-03
9.09661618e-01 3.42179400e-01 1.14298153e-02 3.37943914e-01 1.21969725e-03
9.10312763e-01 3.44577026e-01 1.15015909e-02 3.40334812e-01 1.36806331e-03
9.10961663e-01 3.46997515e-01 1.15732525e-02 3.42749412e-01 1.51886081e-03
9.11608317e-01 3.49441155e-01 1.16446683e-02 3.45187988e-01 1.67199062e-03
9.12252723e-01 3.51908231e-01 1.17157061e-02 3.47650814e-01 1.82735313e-03
9.12894879e-01 3.54399027e-01 1.17862332e-02 3.50138155e-01 1.98484852e-03
9.13534783e-01 3.56913821e-01 1.18561171e-02 3.52650273e-01 2.14437702e-03
9.14172435e-01 3.59452888e-01 1.19252254e-02 3.55187425e-01 2.30583924e-03
9.14807832e-01 3.62016500e-01 1.19934263e-02 3.57749859e-01 2.46913643e-03
9.15440973e-01 3.64604924e-01 1.20605888e-02 3.60337823e-01 2.63417078e-03
9.16071856e-01 3.67218423e-01 1.21265829e-02 3.62951554e-01 2.80084569e-03
9.16700480e-01 3.69857256e-01 1.21912800e-02 3.65591287e-01 2.96906611e-03
9.17326844e-01 3.72521679e-01 1.22545532e-02 3.68257251e-01 3.13873877e-03
9.17950945e-01 3.75211941e-01 1.23162773e-02 3.70949666e-01 3.30977250e-03
9.18572782e-01 3.77928290e-01 1.23763294e-02 3.73668752e-01 3.48207850e-03
9.19192354e-01 3.80670969e-01 1.24345889e-02 3.76414718e-01 3.65557067e-03
9.19809659e-01 3.83440215e-01 1.24909380e-02 3.79187773e-01 3.83016580e-03
9.20424696e-01 3.86236263e-01 1.25452616e-02 3.81988117e-01 4.00578396e-03
9.21037462e-01 3.89059345e-01 1.25974479e-02 3.84815947e-01 4.18234868e-03
9.21647958e-01 3.91909688e-01 1.26473885e-02 3.87671456e-01 4.35978727e-03
9.22256180e-01 3.94787517e-01 1.26949784e-02 3.90554831e-01 4.53803108e-03
9.22862128e-01 3.97693053e-01 1.27401168e-02 3.93466257e-01 4.71701573e-03
9.23465800e-01 4.00626516e-01 1.27827066e-02 3.96405914e-01 4.89668142e-03
9.24067195e-01 4.03588121e-01 1.28226552e-02 3.99373980e-01 5.07697312e-03
9.24666310e-01 4.06578085e-01 1.28598743e-02 4.02370632e-01 5.25784083e-03
9.25263146e-01 4.09596622e-01 1.28942803e-02 4.05396041e-01 5.43923984e-03
9.25857699e-01 4.12643945e-01 1.29257945e-02 4.08450381e-01 5.62113092e-03
9.26449969e-01 4.15720267e-01 1.29543430e-02 4.11533823e-01 5.80348055e-03
9.27039955e-01 4.18825803e-01 1.29798574e-02 4.14646538e-01 5.98626113e-03
9.27627654e-01 4.21960767e-01 1.30022742e-02 4.17788701e-01 6.16945118e-03
9.28213065e-01 4.25125379e-01 1.30215356e-02 4.20960485e-01 6.35303551e-03
9.28796187e-01 4.28319857e-01 1.30375894e-02 4.24162067e-01 6.53700544e-03
9.29377019e-01 4.31544427e-01 1.30503890e-02 4.27393628e-01 6.72135893e-03
9.29955559e-01 4.34799318e-01 1.30598936e-02 4.30655354e-01 6.90610074e-03
9.30531805e-01 4.38084764e-01 1.30660683e-02 4.33947435e-01 7.09124258e-03
9.31105757e-01 4.41401007e-01 1.30688843e-02 4.37270069e-01 7.27680327e-03
9.31677412e-01 4.44748297e-01 1.30683186e-02 4.40623463e-01 7.46280883e-03
9.32246769e-01 4.48126892e-01 1.30643547e-02 4.44007831e-01 7.64929256e-03
9.32813828e-01 4.51537063e-01 1.30569819e-02 4.47423399e-01 7.83629522e-03
9.33378586e-01 4.54979089e-01 1.30461960e-02 4.50870404e-01 8.02386503e-03
9.33941042e-01 4.58453265e-01 1.30319986e-02 4.54349098e-01 8.21205776e-03
9.34501195e-01 4.61959899e-01 1.30143981e-02 4.57859748e-01 8.40093680e-03
9.35059043e-01 4.65499316e-01 1.29934087e-02 4.61402634e-01 8.59057319e-03
9.35614585e-01 4.69071858e-01 1.29690510e-02 4.64978058e-01 8.78104563e-03
9.36167820e-01 4.72677886e-01 1.29413517e-02 4.68586341e-01 8.97244050e-03
9.36718746e-01 4.76317781e-01 1.29103439e-02 4.72227824e-01 9.16485182e-03
9.37267362e-01 4.79991950e-01 1.28760666e-02 4.75902873e-01 9.35838130e-03
9.37813667e-01 4.83700820e-01 1.28385648e-02 4.79611878e-01 9.55313821e-03
9.38357658e-01 4.87444847e-01 1.27978898e-02 4.83355256e-01 9.74923938e-03
9.38899336e-01 4.91224515e-01 1.27540984e-02 4.87133456e-01 9.94680911e-03
9.39438698e-01 4.95040336e-01 1.27072536e-02 4.90946953e-01 1.01459791e-02
9.39975743e-01 4.98892856e-01 1.26574237e-02 4.94796261e-01 1.03468882e-02
9.40510470e-01 5.02782655e-01 1.26046830e-02 4.98681924e-01 1.05496827e-02
9.41042878e-01 5.06710349e-01 1.25491109e-02 5.02604528e-01 1.07545155e-02
9.41572965e-01 5.10676592e-01 1.24907923e-02 5.06564696e-01 1.09615466e-02
9.42100730e-01 5.14682079e-01 1.24298173e-02 5.10563093e-01 1.11709427e-02
9.42626171e-01 5.18727548e-01 1.23662810e-02 5.14600431e-01 1.13828769e-02
9.43149288e-01 5.22813783e-01 1.23002832e-02 5.18677467e-01 1.15975284e-02
9.43670079e-01 5.26941613e-01 1.22319284e-02 5.22795005e-01 1.18150827e-02
9.44188542e-01 5.31111920e-01 1.21613259e-02 5.26953904e-01 1.20357309e-02
9.44704677e-01 5.35325635e-01 1.20885888e-02 5.31155076e-01 1.22596698e-02
9.45218483e-01 5.39583747e-01 1.20138347e-02 5.35399488e-01 1.24871011e-02
9.45729957e-01 5.43887299e-01 1.19371848e-02 5.39688167e-01 1.27182319e-02
9.46239099e-01 5.48237395e-01 1.18587642e-02 5.44022202e-01 1.29532735e-02
9.46745907e-01 5.52635202e-01 1.17787012e-02 5.48402744e-01 1.31924418e-02
9.47250380e-01 5.57081949e-01 1.16971274e-02 5.52831014e-01 1.34359564e-02
9.47752518e-01 5.61578934e-01 1.16141775e-02 5.57308298e-01 1.36840405e-02
9.48252318e-01 5.66127524e-01 1.15299886e-02 5.61835956e-01 1.39369206e-02
9.48749779e-01 5.70729157e-01 1.14447007e-02 5.66415422e-01 1.41948259e-02
9.49244901e-01 5.75385347e-01 1.13584557e-02 5.71048206e-01 1.44579879e-02
9.49737681e-01 5.80097683e-01 1.12713975e-02 5.75735897e-01 1.47266403e-02
9.50228120e-01 5.84867836e-01 1.11836719e-02 5.80480165e-01 1.50010178e-02
9.50716215e-01 5.89697555e-01 1.10954259e-02 5.85282768e-01 1.52813566e-02
9.51201965e-01 5.94588676e-01 1.10068079e-02 5.90145545e-01 1.55678931e-02
9.51685370e-01 5.99543121e-01 1.09179670e-02 5.95070427e-01 1.58608640e-02
9.52166428e-01 6.04562901e-01 1.08290531e-02 6.00059436e-01 1.61605053e-02
9.52645137e-01 6.09650116e-01 1.07402163e-02 6.05114687e-01 1.64670523e-02
9.53121497e-01 6.14806962e-01 1.06516069e-02 6.10238392e-01 1.67807386e-02
9.53595507e-01 6.20035729e-01 1.05633751e-02 6.15432859e-01 1.71017958e-02
9.54067164e-01 6.25338805e-01 1.04756703e-02 6.20700497e-01 1.74304530e-02
9.54536469e-01 6.30718677e-01 1.03886416e-02 6.26043818e-01 1.77669360e-02
9.55003420e-01 6.36177934e-01 1.03024367e-02 6.31465437e-01 1.81114671e-02
9.55468016e-01 6.41719269e-01 1.02172024e-02 6.36968074e-01 1.84642640e-02
9.55930255e-01 6.47345479e-01 1.01330835e-02 6.42554560e-01 1.88255398e-02
9.56390137e-01 6.53059467e-01 1.00502233e-02 6.48227831e-01 1.91955020e-02
9.56847660e-01 6.58864247e-01 9.96876306e-03 6.53990937e-01 1.95743521e-02
9.57302823e-01 6.64762941e-01 9.88884147e-03 6.59847038e-01 1.99622847e-02
9.57755626e-01 6.70758782e-01 9.81059476e-03 6.65799411e-01 2.03594873e-02
9.58206066e-01 6.76855116e-01 9.73415628e-03 6.71851445e-01 2.07661395e-02
9.58654144e-01 6.83055402e-01 9.65965628e-03 6.78006644e-01 2.11824123e-02
9.59099857e-01 6.89363214e-01 9.58722167e-03 6.84268632e-01 2.16084676e-02
9.59543205e-01 6.95782239e-01 9.51697577e-03 6.90641147e-01 2.20444577e-02
9.59984187e-01 7.02316281e-01 9.44903810e-03 6.97128048e-01 2.24905243e-02
9.60422801e-01 7.08969263e-01 9.38352413e-03 7.03733310e-01 2.29467983e-02
9.60859046e-01 7.15745218e-01 9.32054509e-03 7.10461029e-01 2.34133989e-02
9.61292922e-01 7.22648302e-01 9.26020774e-03 7.17315418e-01 2.38904332e-02
9.61724427e-01 7.29682784e-01 9.20261414e-03 7.24300808e-01 2.43779956e-02
9.62153561e-01 7.36853050e-01 9.14786153e-03 7.31421650e-01 2.48761670e-02
9.62580321e-01 7.44163602e-01 9.09604205e-03 7.38682513e-01 2.53850143e-02
9.63004708e-01 7.51619056e-01 9.04724263e-03 7.46088081e-01 2.59045901e-02
9.63426720e-01 7.59224144e-01 9.00154478e-03 7.53643156e-01 2.64349318e-02
9.63846355e-01 7.66983711e-01 8.95902446e-03 7.61352653e-01 2.69760612e-02
9.64263614e-01 7.74902712e-01 8.91975187e-03 7.69221603e-01 2.75279837e-02
9.64678495e-01 7.82986215e-01 8.88379139e-03 7.77255147e-01 2.80906885e-02
9.65090997e-01 7.91239396e-01 8.85120135e-03 7.85458538e-01 2.86641470e-02
9.65501118e-01 7.99667536e-01 8.82203401e-03 7.93837134e-01 2.92483135e-02
9.65908859e-01 8.08276023e-01 8.79633535e-03 8.02396402e-01 2.98431238e-02
9.66314217e-01 8.17070346e-01 8.77414502e-03 8.11141909e-01 3.04484952e-02
9.66717192e-01 8.26056092e-01 8.75549625e-03 8.20079327e-01 3.10643259e-02
9.67117784e-01 8.35238946e-01 8.74041576e-03 8.29214420e-01 3.16904949e-02
9.67515990e-01 8.44624687e-01 8.72892364e-03 8.38553048e-01 3.23268611e-02
9.67911810e-01 8.54219183e-01 8.72103339e-03 8.48101163e-01 3.29732634e-02
9.68305243e-01 8.64028386e-01 8.71675178e-03 8.57864802e-01 3.36295203e-02
9.68696288e-01 8.74058333e-01 8.71607885e-03 8.67850083e-01 3.42954292e-02
9.69084944e-01 8.84315138e-01 8.71900788e-03 8.78063205e-01 3.49707668e-02
9.69471210e-01 8.94804987e-01 8.72552540e-03 8.88510438e-01 3.56552881e-02
9.69855086e-01 9.05534137e-01 8.73561111e-03 8.99198121e-01 3.63487270e-02
9.70236569e-01 9.16508905e-01 8.74923798e-03 9.10132656e-01 3.70507954e-02
9.70615660e-01 9.27735669e-01 8.76637222e-03 9.21320503e-01 3.77611836e-02
9.70992357e-01 9.39220860e-01 8.78697328e-03 9.32768174e-01 3.84795596e-02
9.71366659e-01 9.50970952e-01 8.81099397e-03 9.44482228e-01 3.92055697e-02
9.71738566e-01 9.62992464e-01 8.83838045e-03 9.56469260e-01 3.99388382e-02
9.72108076e-01 9.75291945e-01 8.86907230e-03 9.68735902e-01 4.06789669e-02
9.72475189e-01 9.87875976e-01 8.90300263e-03 9.81288812e-01 4.14255361e-02
9.72839904e-01 1.00075116e+00 8.94009812e-03 9.94134664e-01 4.21781039e-02
9.73202220e-01 1.01392410e+00 8.98027914e-03 1.00728015e+00 4.29362065e-02
9.73562135e-01 1.02740142e+00 9.02345988e-03 1.02073195e+00 4.36993587e-02
9.73919650e-01 1.04118973e+00 9.06954840e-03 1.03449677e+00 4.44670535e-02
9.74274762e-01 1.05529565e+00 9.11844684e-03 1.04858128e+00 4.52387631e-02
9.74627472e-01 1.06972577e+00 9.17005148e-03 1.06299213e+00 4.60139385e-02
9.74977778e-01 1.08448665e+00 9.22425296e-03 1.07773596e+00 4.67920101e-02
9.75325680e-01 1.09958481e+00 9.28093638e-03 1.09281936e+00 4.75723882e-02
9.75671177e-01 1.11502674e+00 9.33998149e-03 1.10824887e+00 4.83544631e-02
9.76014267e-01 1.13081888e+00 9.40126288e-03 1.12403098e+00 4.91376060e-02
9.76354950e-01 1.14696759e+00 9.46465014e-03 1.14017212e+00 4.99211691e-02
9.76693226e-01 1.16347918e+00 9.53000806e-03 1.15667864e+00 5.07044864e-02
9.77029093e-01 1.18035987e+00 9.59719686e-03 1.17355681e+00 5.14868739e-02
9.77362550e-01 1.19761577e+00 9.66607237e-03 1.19081279e+00 5.22676310e-02
9.77693597e-01 1.21525292e+00 9.73648623e-03 1.20845265e+00 5.30460403e-02
9.78022233e-01 1.23327723e+00 9.80828619e-03 1.22648236e+00 5.38213689e-02
9.78348456e-01 1.25169450e+00 9.88131626e-03 1.24490773e+00 5.45928691e-02
9.78672267e-01 1.27051039e+00 9.95541701e-03 1.26373446e+00 5.53597788e-02
9.78993665e-01 1.28973041e+00 1.00304258e-02 1.28296810e+00 5.61213230e-02
9.79312648e-01 1.30935994e+00 1.01061769e-02 1.30261403e+00 5.68767142e-02
9.79629216e-01 1.32940418e+00 1.01825022e-02 1.32267749e+00 5.76251534e-02
9.79943368e-01 1.34986815e+00 1.02592307e-02 1.34316350e+00 5.83658312e-02
9.80255103e-01 1.37075670e+00 1.03361896e-02 1.36407693e+00 5.90979287e-02
9.80564421e-01 1.39207447e+00 1.04132040e-02 1.38542242e+00 5.98206188e-02
9.80871321e-01 1.41382591e+00 1.04900975e-02 1.40720442e+00 6.05330668e-02
9.81175801e-01 1.43601522e+00 1.05666921e-02 1.42942714e+00 6.12344321e-02
9.81477862e-01 1.45864641e+00 1.06428092e-02 1.45209457e+00 6.19238688e-02
9.81777503e-01 1.48172322e+00 1.07182690e-02 1.47521045e+00 6.26005272e-02
9.82074722e-01 1.50524914e+00 1.07928913e-02 1.49877825e+00 6.32635550e-02
9.82369519e-01 1.52922741e+00 1.08664960e-02 1.52280119e+00 6.39120984e-02
9.82661894e-01 1.55366099e+00 1.09389027e-02 1.54728221e+00 6.45453036e-02
9.82951845e-01 1.57855255e+00 1.10099317e-02 1.57222396e+00 6.51623178e-02
9.83239372e-01 1.60390448e+00 1.10794038e-02 1.59762878e+00 6.57622908e-02
9.83524474e-01 1.62971884e+00 1.11471408e-02 1.62349871e+00 6.63443761e-02
9.83807150e-01 1.65599740e+00 1.12129660e-02 1.64983546e+00 6.69077324e-02
9.84087401e-01 1.68274159e+00 1.12767039e-02 1.67664042e+00 6.74515249e-02
9.84365224e-01 1.70995249e+00 1.13381812e-02 1.70391464e+00 6.79749268e-02
9.84640620e-01 1.73763085e+00 1.13972266e-02 1.73165880e+00 6.84771208e-02
9.84913588e-01 1.76577706e+00 1.14536712e-02 1.75987324e+00 6.89572999e-02
9.85184126e-01 1.79439115e+00 1.15073490e-02 1.78855791e+00 6.94146697e-02
9.85452235e-01 1.82347274e+00 1.15580967e-02 1.81771240e+00 6.98484492e-02
9.85717914e-01 1.85302112e+00 1.16057546e-02 1.84733589e+00 7.02578725e-02
9.85981162e-01 1.88303513e+00 1.16501664e-02 1.87742718e+00 7.06421901e-02
9.86241978e-01 1.91351325e+00 1.16911798e-02 1.90798466e+00 7.10006705e-02
9.86500362e-01 1.94445352e+00 1.17286463e-02 1.93900630e+00 7.13326015e-02
9.86756313e-01 1.97585358e+00 1.17624221e-02 1.97048964e+00 7.16372914e-02
9.87009830e-01 2.00771063e+00 1.17923677e-02 2.00243181e+00 7.19140709e-02
9.87260914e-01 2.04002144e+00 1.18183487e-02 2.03482949e+00 7.21622942e-02
9.87509562e-01 2.07278235e+00 1.18402357e-02 2.06767893e+00 7.23813403e-02
9.87755776e-01 2.10598924e+00 1.18579047e-02 2.10097591e+00 7.25706146e-02
9.87999553e-01 2.13963754e+00 1.18712372e-02 2.13471577e+00 7.27295500e-02
9.88240894e-01 2.17372223e+00 1.18801205e-02 2.16889339e+00 7.28576084e-02
9.88479797e-01 2.20823781e+00 1.18844479e-02 2.20350316e+00 7.29542817e-02
9.88716263e-01 2.24317833e+00 1.18841190e-02 2.23853904e+00 7.30190936e-02
9.88950290e-01 2.27853735e+00 1.18790397e-02 2.27399449e+00 7.30516003e-02
9.89181879e-01 2.31430796e+00 1.18691225e-02 2.30986249e+00 7.30513918e-02
9.89411028e-01 2.35048278e+00 1.18542866e-02 2.34613555e+00 7.30180932e-02
9.89637737e-01 2.38705394e+00 1.18344584e-02 2.38280569e+00 7.29513659e-02
9.89862005e-01 2.42401309e+00 1.18095710e-02 2.41986446e+00 7.28509082e-02
9.90083833e-01 2.46135137e+00 1.17795650e-02 2.45730290e+00 7.27164569e-02
9.90303218e-01 2.49905948e+00 1.17443882e-02 2.49511157e+00 7.25477879e-02
9.90520161e-01 2.53712759e+00 1.17039962e-02 2.53328056e+00 7.23447171e-02
9.90734662e-01 2.57554541e+00 1.16583518e-02 2.57179946e+00 7.21071016e-02
9.90946719e-01 2.61430214e+00 1.16074257e-02 2.61065736e+00 7.18348403e-02
9.91156332e-01 2.65338652e+00 1.15511966e-02 2.64984289e+00 7.15278744e-02
9.91363501e-01 2.69278678e+00 1.14896506e-02 2.68934419e+00 7.11861887e-02
9.91568226e-01 2.73249070e+00 1.14227823e-02 2.72914891e+00 7.08098118e-02
9.91770504e-01 2.77248557e+00 1.13505939e-02 2.76924424e+00 7.03988166e-02
9.91970337e-01 2.81275818e+00 1.12730958e-02 2.80961688e+00 6.99533211e-02
9.92167724e-01 2.85329489e+00 1.11903065e-02 2.85025308e+00 6.94734888e-02
9.92362663e-01 2.89408159e+00 1.11022525e-02 2.89113861e+00 6.89595288e-02
9.92555155e-01 2.93510368e+00 1.10089685e-02 2.93225880e+00 6.84116965e-02
9.92745200e-01 2.97634614e+00 1.09104972e-02 2.97359852e+00 6.78302933e-02
9.92932796e-01 3.01779349e+00 1.08068897e-02 3.01514220e+00 6.72156673e-02
9.93117944e-01 3.05942982e+00 1.06982046e-02 3.05687383e+00 6.65682130e-02
9.93300642e-01 3.10123879e+00 1.05845089e-02 3.09877699e+00 6.58883716e-02
9.93480891e-01 3.14320364e+00 1.04658776e-02 3.14083482e+00 6.51766305e-02
9.93658689e-01 3.18530718e+00 1.03423932e-02 3.18303007e+00 6.44335236e-02
9.93834037e-01 3.22753186e+00 1.02141465e-02 3.22534509e+00 6.36596308e-02
9.94006934e-01 3.26985970e+00 1.00812355e-02 3.26776182e+00 6.28555778e-02
9.94177380e-01 3.31227235e+00 9.94376621e-03 3.31026187e+00 6.20220355e-02
9.94345374e-01 3.35475112e+00 9.80185191e-03 3.35282644e+00 6.11597200e-02
9.94510915e-01 3.39727693e+00 9.65561330e-03 3.39543642e+00 6.02693914e-02
9.94674004e-01 3.43983039e+00 9.50517829e-03 3.43807232e+00 5.93518539e-02
9.94834640e-01 3.48239176e+00 9.35068185e-03 3.48071437e+00 5.84079545e-02
9.94992823e-01 3.52494100e+00 9.19226585e-03 3.52334247e+00 5.74385824e-02
9.95148552e-01 3.56745776e+00 9.03007888e-03 3.56593622e+00 5.64446682e-02
9.95301826e-01 3.60992142e+00 8.86427606e-03 3.60847495e+00 5.54271832e-02
9.95452646e-01 3.65231109e+00 8.69501887e-03 3.65093774e+00 5.43871378e-02
9.95601011e-01 3.69460562e+00 8.52247489e-03 3.69330340e+00 5.33255808e-02
9.95746921e-01 3.73678366e+00 8.34681763e-03 3.73555052e+00 5.22435983e-02
9.95890375e-01 3.77882359e+00 8.16822629e-03 3.77765750e+00 5.11423122e-02
9.96031373e-01 3.82070364e+00 7.98688551e-03 3.81960251e+00 5.00228792e-02
9.96169914e-01 3.86240184e+00 7.80298513e-03 3.86136357e+00 4.88864890e-02
9.96305999e-01 3.90389605e+00 7.61671995e-03 3.90291854e+00 4.77343635e-02
9.96439627e-01 3.94516402e+00 7.42828943e-03 3.94424513e+00 4.65677545e-02
9.96570797e-01 3.98618334e+00 7.23789745e-03 3.98532095e+00 4.53879427e-02
9.96699510e-01 4.02693153e+00 7.04575204e-03 4.02612349e+00 4.41962360e-02
9.96825765e-01 4.06738600e+00 6.85206504e-03 4.06663020e+00 4.29939675e-02
9.96949561e-01 4.10752411e+00 6.65705185e-03 4.10681843e+00 4.17824943e-02
9.97070899e-01 4.14732320e+00 6.46093115e-03 4.14666551e+00 4.05631951e-02
9.97189778e-01 4.18676056e+00 6.26392451e-03 4.18614877e+00 3.93374686e-02
9.97306197e-01 4.22581348e+00 6.06625618e-03 4.22524551e+00 3.81067318e-02
9.97420157e-01 4.26445931e+00 5.86815270e-03 4.26393310e+00 3.68724177e-02
9.97531657e-01 4.30267540e+00 5.66984261e-03 4.30218892e+00 3.56359737e-02
9.97640697e-01 4.34043920e+00 5.47155611e-03 4.33999044e+00 3.43988593e-02
9.97747277e-01 4.37772822e+00 5.27352475e-03 4.37731523e+00 3.31625439e-02
9.97851396e-01 4.41452012e+00 5.07598109e-03 4.41414094e+00 3.19285054e-02
9.97953055e-01 4.45079264e+00 4.87915834e-03 4.45044539e+00 3.06982271e-02
9.98052252e-01 4.48652371e+00 4.68329008e-03 4.48620654e+00 2.94731965e-02
9.98148988e-01 4.52169144e+00 4.48860986e-03 4.52140253e+00 2.82549025e-02
9.98243262e-01 4.55627412e+00 4.29535090e-03 4.55601171e+00 2.70448336e-02
9.98335074e-01 4.59025027e+00 4.10374574e-03 4.59001265e+00 2.58444753e-02
9.98424424e-01 4.62359865e+00 3.91402590e-03 4.62338416e+00 2.46553085e-02
9.98511312e-01 4.65629828e+00 3.72642154e-03 4.65610532e+00 2.34788066e-02
9.98595738e-01 4.68832847e+00 3.54116113e-03 4.68815550e+00 2.23164341e-02
9.98677701e-01 4.71966885e+00 3.35847109e-03 4.71951437e+00 2.11696435e-02
9.98757201e-01 4.75029937e+00 3.17857550e-03 4.75016194e+00 2.00398739e-02
9.98834237e-01 4.78020031e+00 3.00169574e-03 4.78007857e+00 1.89285482e-02
9.98908811e-01 4.80935235e+00 2.82805013e-03 4.80924498e+00 1.78370713e-02
9.98980921e-01 4.83773655e+00 2.65785370e-03 4.83764231e+00 1.67668281e-02
9.99050567e-01 4.86533438e+00 2.49131777e-03 4.86525208e+00 1.57191807e-02
9.99117750e-01 4.89212775e+00 2.32864970e-03 4.89205626e+00 1.46954671e-02
9.99182468e-01 4.91809900e+00 2.17005256e-03 4.91803726e+00 1.36969985e-02
9.99244723e-01 4.94323097e+00 2.01572481e-03 4.94317799e+00 1.27250575e-02
9.99304513e-01 4.96750696e+00 1.86586005e-03 4.96746179e+00 1.17808963e-02
9.99361839e-01 4.99091079e+00 1.72064667e-03 4.99087257e+00 1.08657345e-02
9.99416700e-01 5.01342681e+00 1.58026761e-03 5.01339472e+00 9.98075699e-03
9.99469096e-01 5.03503989e+00 1.44490010e-03 5.03501319e+00 9.12711267e-03
9.99519028e-01 5.05573549e+00 1.31471532e-03 5.05571348e+00 8.30591211e-03
9.99566494e-01 5.07549962e+00 1.18987823e-03 5.07548166e+00 7.51822601e-03
9.99611495e-01 5.09431888e+00 1.07054725e-03 5.09430440e+00 6.76508348e-03
9.99654032e-01 5.11218048e+00 9.56874092e-04 5.11216895e+00 6.04747039e-03
9.99694102e-01 5.12907225e+00 8.49003451e-04 5.12906321e+00 5.36632781e-03
9.99731708e-01 5.14498265e+00 7.47072850e-04 5.14497568e+00 4.72255050e-03
9.99766848e-01 5.15990079e+00 6.51212402e-04 5.15989551e+00 4.11698548e-03
9.99799522e-01 5.17381643e+00 5.61544621e-04 5.17381251e+00 3.55043070e-03
9.99829731e-01 5.18672000e+00 4.78184234e-04 5.18671717e+00 3.02363368e-03
9.99857474e-01 5.19860261e+00 4.01238009e-04 5.19860062e+00 2.53729043e-03
9.99882751e-01 5.20945606e+00 3.30804592e-04 5.20945471e+00 2.09204421e-03
9.99905562e-01 5.21927284e+00 2.66974358e-04 5.21927196e+00 1.68848457e-03
9.99925908e-01 5.22804616e+00 2.09829270e-04 5.22804562e+00 1.32714636e-03
9.99943787e-01 5.23576994e+00 1.59442757e-04 5.23576963e+00 1.00850888e-03
9.99959200e-01 5.24243882e+00 1.15879601e-04 5.24243866e+00 7.32995097e-04
9.99972148e-01 5.24804817e+00 7.91958325e-05 5.24804810e+00 5.00970905e-04
9.99982629e-01 5.25259410e+00 4.94386313e-05 5.25259407e+00 3.12744483e-04
9.99990644e-01 5.25607346e+00 2.66462092e-05 5.25607345e+00 1.68565477e-04
9.99996193e-01 5.25848389e+00 1.08474910e-05 5.25848388e+00 6.86229541e-05
9.99999277e-01 5.25982425e+00 2.05931447e-06 5.25982425e+00 1.30276664e-05
