-9.99999277e-01 8.35406539e-03 1.36141601e-07 -8.35406534e-03 6.11933159e-07
-9.99996193e-01 8.35149280e-03 7.17003714e-07 -8.35149116e-03 3.22310900e-06
-9.99990644e-01 8.34686951e-03 1.76072107e-06 -8.34685965e-03 7.91620451e-06
-9.99982629e-01 8.34020310e-03 3.26530278e-06 -8.34016913e-03 1.46843694e-05
-9.99972148e-01 8.33150583e-03 5.22756958e-06 -8.33141854e-03 2.35163434e-05
-9.99959200e-01 8.32079386e-03 7.64333991e-06 -8.32060665e-03 3.43972912e-05
-9.99943787e-01 8.30808709e-03 1.05074520e-05 -8.30773198e-03 4.73089006e-05
-9.99925908e-01 8.29340919e-03 1.38137736e-05 -8.29279279e-03 6.22294222e-05
-9.99905562e-01 8.27678752e-03 1.75552095e-05 -8.27578708e-03 7.91337045e-05
-9.99882751e-01 8.25825309e-03 2.17237113e-05 -8.25671262e-03 9.79932304e-05
-9.99857474e-01 8.23784051e-03 2.63102866e-05 -8.23556694e-03 1.18776158e-04
-9.99829731e-01 8.21558798e-03 3.13050099e-05 -8.21234737e-03 1.41447365e-04
-9.99799522e-01 8.19153715e-03 3.66970350e-05 -8.18705102e-03 1.65968501e-04
-9.99766848e-01 8.16573315e-03 4.24746077e-05 -8.15967484e-03 1.92298037e-04
-9.99731708e-01 8.13822448e-03 4.86250801e-05 -8.13021558e-03 2.20391328e-04
-9.99694102e-01 8.10906290e-03 5.51349259e-05 -8.09866986e-03 2.50200673e-04
-9.99654032e-01 8.07830345e-03 6.19897567e-05 -8.06503419e-03 2.81675386e-04
-9.99611495e-01 8.04600428e-03 6.91743395e-05 -8.02930493e-03 3.14761861e-04
-9.99566494e-01 8.01222660e-03 7.66726147e-05 -7.99147840e-03 3.49403654e-04
-9.99519028e-01 7.97703460e-03 8.44677161e-05 -7.95155085e-03 3.85541557e-04
-9.99469096e-01 7.94049532e-03 9.25419905e-05 -7.90951846e-03 4.23113684e-04
-9.99416700e-01 7.90267860e-03 1.00877020e-04 -7.86537746e-03 4.62055556e-04
-9.99361839e-01 7.86365694e-03 1.09453642e-04 -7.81912405e-03 5.02300192e-04
-9.99304513e-01 7.82350540e-03 1.18251977e-04 -7.77075451e-03 5.43778203e-04
-9.99244723e-01 7.78230150e-03 1.27251447e-04 -7.72026516e-03 5.86417887e-04
-9.99182468e-01 7.74012511e-03 1.36430804e-04 -7.66765246e-03 6.30145331e-04
-9.99117750e-01 7.69705831e-03 1.45768155e-04 -7.61291298e-03 6.74884513e-04
-9.99050567e-01 7.65318528e-03 1.55240988e-04 -7.55604348e-03 7.20557407e-04
-9.98980921e-01 7.60859221e-03 1.64826198e-04 -7.49704089e-03 7.67084094e-04
-9.98908811e-01 7.56336712e-03 1.74500119e-04 -7.43590240e-03 8.14382868e-04
-9.98834237e-01 7.51759976e-03 1.84238548e-04 -7.37262544e-03 8.62370355e-04
-9.98757201e-01 7.47138149e-03 1.94016776e-04 -7.30720774e-03 9.10961622e-04
-9.98677701e-01 7.42480511e-03 2.03809621e-04 -7.23964738e-03 9.60070302e-04
-9.98595738e-01 7.37796477e-03 2.13591453e-04 -7.16994278e-03 1.00960870e-03
-9.98511312e-01 7.33095580e-03 2.23336228e-04 -7.09809277e-03 1.05948794e-03
-9.98424424e-01 7.28387459e-03 2.33017520e-04 -7.02409662e-03 1.10961805e-03
-9.98335074e-01 7.23681844e-03 2.42608554e-04 -6.94795406e-03 1.15990810e-03
-9.98243262e-01 7.18988542e-03 2.52082234e-04 -6.86966531e-03 1.21026636e-03
-9.98148988e-01 7.14317424e-03 2.61411179e-04 -6.78923116e-03 1.26060037e-03
-9.98052252e-01 7.09678410e-03 2.70567759e-04 -6.70665295e-03 1.31081711e-03
-9.97953055e-01 7.05081453e-03 2.79524123e-04 -6.62193263e-03 1.36082309e-03
-9.97851396e-01 7.00536529e-03 2.88252235e-04 -6.53507279e-03 1.41052450e-03
-9.97747277e-01 6.96053618e-03 2.96723910e-04 -6.44607670e-03 1.45982734e-03
-9.97640697e-01 6.91642691e-03 3.04910846e-04 -6.35494834e-03 1.50863755e-03
-9.97531657e-01 6.87313699e-03 3.12784660e-04 -6.26169242e-03 1.55686109e-03
-9.97420157e-01 6.83076555e-03 3.20316919e-04 -6.16631445e-03 1.60440414e-03
-9.97306197e-01 6.78941120e-03 3.27479180e-04 -6.06882073e-03 1.65117317e-03
-9.97189778e-01 6.74917193e-03 3.34243021e-04 -5.96921839e-03 1.69707508e-03
-9.97070899e-01 6.71014491e-03 3.40580078e-04 -5.86751546e-03 1.74201733e-03
-9.96949561e-01 6.67242639e-03 3.46462074e-04 -5.76372084e-03 1.78590807e-03
-9.96825765e-01 6.63611158e-03 3.51860863e-04 -5.65784438e-03 1.82865624e-03
-9.96699510e-01 6.60129448e-03 3.56748455e-04 -5.54989689e-03 1.87017171e-03
-9.96570797e-01 6.56806774e-03 3.61097056e-04 -5.43989014e-03 1.91036538e-03
-9.96439627e-01 6.53652258e-03 3.64879099e-04 -5.32783694e-03 1.94914931e-03
-9.96305999e-01 6.50674862e-03 3.68067281e-04 -5.21375114e-03 1.98643685e-03
-9.96169914e-01 6.47883378e-03 3.70634592e-04 -5.09764763e-03 2.02214271e-03
-9.96031373e-01 6.45286411e-03 3.72554350e-04 -4.97954241e-03 2.05618311e-03
-9.95890375e-01 6.42892374e-03 3.73800238e-04 -4.85945259e-03 2.08847588e-03
-9.95746921e-01 6.40709471e-03 3.74346327e-04 -4.73739638e-03 2.11894054e-03
-9.95601011e-01 6.38745687e-03 3.74167116e-04 -4.61339318e-03 2.14749843e-03
-9.95452646e-01 6.37008779e-03 3.73237561e-04 -4.48746353e-03 2.17407282e-03
-9.95301826e-01 6.35506262e-03 3.71533104e-04 -4.35962916e-03 2.19858898e-03
-9.95148552e-01 6.34245401e-03 3.69029706e-04 -4.22991303e-03 2.22097427e-03
-9.94992823e-01 6.33233200e-03 3.65703872e-04 -4.09833927e-03 2.24115827e-03
-9.94834640e-01 6.32476391e-03 3.61532687e-04 -3.96493326e-03 2.25907283e-03
-9.94674004e-01 6.31981430e-03 3.56493838e-04 -3.82972163e-03 2.27465217e-03
-9.94510915e-01 6.31754483e-03 3.50565645e-04 -3.69273224e-03 2.28783297e-03
-9.94345374e-01 6.31801418e-03 3.43727087e-04 -3.55399421e-03 2.29855443e-03
-9.94177380e-01 6.32127799e-03 3.35957828e-04 -3.41353794e-03 2.30675834e-03
-9.94006934e-01 6.32738880e-03 3.27238242e-04 -3.27139507e-03 2.31238919e-03
-9.93834037e-01 6.33639594e-03 3.17549438e-04 -3.12759853e-03 2.31539417e-03
-9.93658689e-01 6.34834548e-03 3.06873285e-04 -2.98218252e-03 2.31572331e-03
-9.93480891e-01 6.36328018e-03 2.95192430e-04 -2.83518249e-03 2.31332948e-03
-9.93300642e-01 6.38123943e-03 2.82490326e-04 -2.68663520e-03 2.30816845e-03
-9.93117944e-01 6.40225917e-03 2.68751250e-04 -2.53657863e-03 2.30019898e-03
-9.92932796e-01 6.42637189e-03 2.53960319e-04 -2.38505206e-03 2.28938282e-03
-9.92745200e-01 6.45360656e-03 2.38103518e-04 -2.23209598e-03 2.27568480e-03
-9.92555155e-01 6.48398859e-03 2.21167709e-04 -2.07775217e-03 2.25907280e-03
-9.92362663e-01 6.51753980e-03 2.03140653e-04 -1.92206360e-03 2.23951786e-03
-9.92167724e-01 6.55427841e-03 1.84011025e-04 -1.76507450e-03 2.21699416e-03
-9.91970337e-01 6.59421898e-03 1.63768426e-04 -1.60683026e-03 2.19147907e-03
-9.91770504e-01 6.63737244e-03 1.42403401e-04 -1.44737749e-03 2.16295314e-03
-9.91568226e-01 6.68374605e-03 1.19907450e-04 -1.28676398e-03 2.13140016e-03
-9.91363501e-01 6.73334338e-03 9.62730367e-05 -1.12503864e-03 2.09680714e-03
-9.91156332e-01 6.78616433e-03 7.14936032e-05 -9.62251525e-04 2.05916434e-03
-9.90946719e-01 6.84220512e-03 4.55635766e-05 -7.98453809e-04 2.01846526e-03
-9.90734662e-01 6.90145831e-03 1.84783780e-05 -6.33697736e-04 1.97470663e-03
-9.90520161e-01 6.96391280e-03 -9.76557076e-06 -4.68036610e-04 1.92788844e-03
-9.90303218e-01 7.02955383e-03 -3.91708412e-05 -3.01524764e-04 1.87801391e-03
-9.90083833e-01 7.09836305e-03 -6.97389936e-05 -1.34217531e-04 1.82508948e-03
-9.89862005e-01 7.17031847e-03 -1.01470573e-04 3.38287876e-05 1.76912477e-03
-9.89637737e-01 7.24539459e-03 -1.34365108e-04 2.02556954e-04 1.71013263e-03
-9.89411028e-01 7.32356232e-03 -1.68421109e-04 3.71908828e-04 1.64812903e-03
-9.89181879e-01 7.40478913e-03 -2.03636067e-04 5.41825403e-04 1.58313309e-03
-9.88950290e-01 7.48903900e-03 -2.40006456e-04 7.12246845e-04 1.51516703e-03
-9.88716263e-01 7.57627254e-03 -2.77527737e-04 8.83112524e-04 1.44425614e-03
-9.88479797e-01 7.66644700e-03 -3.16194356e-04 1.05436106e-03 1.37042873e-03
-9.88240894e-01 7.75951631e-03 -3.55999755e-04 1.22593036e-03 1.29371608e-03
-9.87999553e-01 7.85543122e-03 -3.96936374e-04 1.39775767e-03 1.21415243e-03
-9.87755776e-01 7.95413926e-03 -4.38995659e-04 1.56977960e-03 1.13177490e-03
-9.87509562e-01 8.05558489e-03 -4.82168068e-04 1.74193218e-03 1.04662345e-03
-9.87260914e-01 8.15970951e-03 -5.26443083e-04 1.91415090e-03 9.58740803e-04
-9.87009830e-01 8.26645160e-03 -5.71809219e-04 2.08637078e-03 8.68172420e-04
-9.86756313e-01 8.37574673e-03 -6.18254034e-04 2.25852637e-03 7.74966411e-04
-9.86500362e-01 8.48752769e-03 -6.65764143e-04 2.43055184e-03 6.79173479e-04
-9.86241978e-01 8.60172454e-03 -7.14325229e-04 2.60238102e-03 5.80846856e-04
-9.85981162e-01 8.71826474e-03 -7.63922060e-04 2.77394743e-03 4.80042225e-04
-9.85717914e-01 8.83707319e-03 -8.14538503e-04 2.94518436e-03 3.76817650e-04
-9.85452235e-01 8.95807236e-03 -8.66157540e-04 3.11602490e-03 2.71233504e-04
-9.85184126e-01 9.08118237e-03 -9.18761285e-04 3.28640200e-03 1.63352383e-04
-9.84913588e-01 9.20632109e-03 -9.72331003e-04 3.45624852e-03 5.32390350e-05
-9.84640620e-01 9.33340426e-03 -1.02684713e-03 3.62549728e-03 -5.90397294e-05
-9.84365224e-01 9.46234555e-03 -1.08228929e-03 3.79408112e-03 -1.73415118e-04
-9.84087401e-01 9.59305669e-03 -1.13863631e-03 3.96193297e-03 -2.89816442e-04
-9.83807150e-01 9.72544759e-03 -1.19586626e-03 4.12898586e-03 -4.08171208e-04
-9.83524474e-01 9.85942643e-03 -1.25395647e-03 4.29517300e-03 -5.28405203e-04
-9.83239372e-01 9.99489977e-03 -1.31288352e-03 4.46042784e-03 -6.50442587e-04
-9.82951845e-01 1.01317727e-02 -1.37262332e-03 4.62468414e-03 -7.74205987e-04
-9.82661894e-01 1.02699488e-02 -1.43315108e-03 4.78787596e-03 -8.99616586e-04
-9.82369519e-01 1.04093304e-02 -1.49444139e-03 4.94993779e-03 -1.02659422e-03
-9.82074722e-01 1.05498189e-02 -1.55646820e-03 5.11080455e-03 -1.15505749e-03
-9.81777503e-01 1.06913144e-02 -1.61920485e-03 5.27041168e-03 -1.28492380e-03
-9.81477862e-01 1.08337160e-02 -1.68262413e-03 5.42869518e-03 -1.41610955e-03
-9.81175801e-01 1.09769222e-02 -1.74669827e-03 5.58559164e-03 -1.54853014e-03
-9.80871321e-01 1.11208307e-02 -1.81139901e-03 5.74103833e-03 -1.68210012e-03
-9.80564421e-01 1.12653386e-02 -1.87669758e-03 5.89497325e-03 -1.81673329e-03
-9.80255103e-01 1.14103426e-02 -1.94256476e-03 6.04733514e-03 -1.95234275e-03
-9.79943368e-01 1.15557388e-02 -2.00897091e-03 6.19806360e-03 -2.08884107e-03
-9.79629216e-01 1.17014235e-02 -2.07588597e-03 6.34709905e-03 -2.22614033e-03
-9.79312648e-01 1.18472925e-02 -2.14327954e-03 6.49438289e-03 -2.36415225e-03
-9.78993665e-01 1.19932417e-02 -2.21112084e-03 6.63985744e-03 -2.50278827e-03
-9.78672267e-01 1.21391672e-02 -2.27937883e-03 6.78346607e-03 -2.64195965e-03
-9.78348456e-01 1.22849652e-02 -2.34802215e-03 6.92515322e-03 -2.78157760e-03
-9.78022233e-01 1.24305323e-02 -2.41701922e-03 7.06486442e-03 -2.92155331e-03
-9.77693597e-01 1.25757655e-02 -2.48633823e-03 7.20254638e-03 -3.06179812e-03
-9.77362550e-01 1.27205625e-02 -2.55594718e-03 7.33814700e-03 -3.20222355e-03
-9.77029093e-01 1.28648214e-02 -2.62581393e-03 7.47161544e-03 -3.34274145e-03
-9.76693226e-01 1.30084412e-02 -2.69590619e-03 7.60290215e-03 -3.48326405e-03
-9.76354950e-01 1.31513220e-02 -2.76619161e-03 7.73195890e-03 -3.62370406e-03
-9.76014267e-01 1.32933645e-02 -2.83663775e-03 7.85873885e-03 -3.76397478e-03
-9.75671177e-01 1.34344707e-02 -2.90721215e-03 7.98319654e-03 -3.90399019e-03
-9.75325680e-01 1.35745437e-02 -2.97788234e-03 8.10528798e-03 -4.04366498e-03
-9.74977778e-01 1.37134881e-02 -3.04861589e-03 8.22497066e-03 -4.18291473e-03
-9.74627472e-01 1.38512095e-02 -3.11938041e-03 8.34220358e-03 -4.32165590e-03
-9.74274762e-01 1.39876152e-02 -3.19014362e-03 8.45694730e-03 -4.45980599e-03
-9.73919650e-01 1.41226142e-02 -3.26087333e-03 8.56916396e-03 -4.59728356e-03
-9.73562135e-01 1.42561168e-02 -3.33153753e-03 8.67881729e-03 -4.73400834e-03
-9.73202220e-01 1.43880354e-02 -3.40210437e-03 8.78587270e-03 -4.86990132e-03
-9.72839904e-01 1.45182839e-02 -3.47254218e-03 8.89029722e-03 -5.00488479e-03
-9.72475189e-01 1.46467783e-02 -3.54281956e-03 8.99205961e-03 -5.13888241e-03
-9.72108076e-01 1.47734365e-02 -3.61290536e-03 9.09113032e-03 -5.27181933e-03
-9.71738566e-01 1.48981785e-02 -3.68276868e-03 9.18748155e-03 -5.40362221e-03
-9.71366659e-01 1.50209264e-02 -3.75237899e-03 9.28108725e-03 -5.53421930e-03
-9.70992357e-01 1.51416046e-02 -3.82170605e-03 9.37192316e-03 -5.66354051e-03
-9.70615660e-01 1.52601395e-02 -3.89072001e-03 9.45996678e-03 -5.79151745e-03
-9.70236569e-01 1.53764602e-02 -3.95939141e-03 9.54519744e-03 -5.91808351e-03
-9.69855086e-01 1.54904978e-02 -4.02769117e-03 9.62759629e-03 -6.04317393e-03
-9.69471210e-01 1.56021861e-02 -4.09559069e-03 9.70714630e-03 -6.16672579e-03
-9.69084944e-01 1.57114614e-02 -4.16306180e-03 9.78383228e-03 -6.28867814e-03
-9.68696288e-01 1.58182623e-02 -4.23007681e-03 9.85764090e-03 -6.40897199e-03
-9.68305243e-01 1.59225303e-02 -4.29660855e-03 9.92856067e-03 -6.52755036e-03
-9.67911810e-01 1.60242094e-02 -4.36263037e-03 9.99658195e-03 -6.64435837e-03
-9.67515990e-01 1.61232462e-02 -4.42811613e-03 1.00616970e-02 -6.75934322e-03
-9.67117784e-01 1.62195902e-02 -4.49304030e-03 1.01238999e-02 -6.87245427e-03
-9.66717192e-01 1.63131935e-02 -4.55737790e-03 1.01831865e-02 -6.98364304e-03
-9.66314217e-01 1.64040109e-02 -4.62110454e-03 1.02395548e-02 -7.09286326e-03
-9.65908859e-01 1.64920004e-02 -4.68419646e-03 1.02930042e-02 -7.20007092e-03
-9.65501118e-01 1.65771223e-02 -4.74663052e-03 1.03435365e-02 -7.30522425e-03
-9.65090997e-01 1.66593401e-02 -4.80838424e-03 1.03911547e-02 -7.40828375e-03
-9.64678495e-01 1.67386200e-02 -4.86943578e-03 1.04358642e-02 -7.50921227e-03
-9.64263614e-01 1.68149313e-02 -4.92976396e-03 1.04776719e-02 -7.60797494e-03
-9.63846355e-01 1.68882460e-02 -4.98934832e-03 1.05165866e-02 -7.70453924e-03
-9.63426720e-01 1.69585388e-02 -5.04816906e-03 1.05526187e-02 -7.79887501e-03
-9.63004708e-01 1.70257878e-02 -5.10620711e-03 1.05857806e-02 -7.89095442e-03
-9.62580321e-01 1.70899736e-02 -5.16344408e-03 1.06160864e-02 -7.98075204e-03
-9.62153561e-01 1.71510798e-02 -5.21986233e-03 1.06435518e-02 -8.06824476e-03
-9.61724427e-01 1.72090930e-02 -5.27544496e-03 1.06681943e-02 -8.15341187e-03
-9.61292922e-01 1.72640024e-02 -5.33017577e-03 1.06900332e-02 -8.23623500e-03
-9.60859046e-01 1.73158003e-02 -5.38403933e-03 1.07090891e-02 -8.31669817e-03
-9.60422801e-01 1.73644817e-02 -5.43702096e-03 1.07253847e-02 -8.39478773e-03
-9.59984187e-01 1.74100447e-02 -5.48910671e-03 1.07389438e-02 -8.47049236e-03
-9.59543205e-01 1.74524898e-02 -5.54028339e-03 1.07497922e-02 -8.54380308e-03
-9.59099857e-01 1.74918206e-02 -5.59053859e-03 1.07579571e-02 -8.61471324e-03
-9.58654144e-01 1.75280432e-02 -5.63986063e-03 1.07634669e-02 -8.68321846e-03
-9.58206066e-01 1.75611666e-02 -5.68823861e-03 1.07663521e-02 -8.74931664e-03
-9.57755626e-01 1.75912025e-02 -5.73566237e-03 1.07666440e-02 -8.81300794e-03
-9.57302823e-01 1.76181650e-02 -5.78212251e-03 1.07643757e-02 -8.87429474e-03
-9.56847660e-01 1.76420711e-02 -5.82761039e-03 1.07595815e-02 -8.93318163e-03
-9.56390137e-01 1.76629402e-02 -5.87211813e-03 1.07522972e-02 -8.98967535e-03
-9.55930255e-01 1.76807941e-02 -5.91563858e-03 1.07425597e-02 -9.04378480e-03
-9.55468016e-01 1.76956574e-02 -5.95816533e-03 1.07304072e-02 -9.09552096e-03
-9.55003420e-01 1.77075569e-02 -5.99969273e-03 1.07158791e-02 -9.14489691e-03
-9.54536469e-01 1.77165217e-02 -6.04021584e-03 1.06990161e-02 -9.19192774e-03
-9.54067164e-01 1.77225833e-02 -6.07973045e-03 1.06798597e-02 -9.23663052e-03
-9.53595507e-01 1.77257756e-02 -6.11823308e-03 1.06584529e-02 -9.27902429e-03
-9.53121497e-01 1.77261344e-02 -6.15572092e-03 1.06348393e-02 -9.31912997e-03
-9.52645137e-01 1.77236980e-02 -6.19219191e-03 1.06090639e-02 -9.35697037e-03
-9.52166428e-01 1.77185063e-02 -6.22764463e-03 1.05811724e-02 -9.39257009e-03
-9.51685370e-01 1.77106016e-02 -6.26207837e-03 1.05512113e-02 -9.42595549e-03
-9.51201965e-01 1.77000281e-02 -6.29549306e-03 1.05192281e-02 -9.45715464e-03
-9.50716215e-01 1.76868317e-02 -6.32788931e-03 1.04852712e-02 -9.48619729e-03
-9.50228120e-01 1.76710601e-02 -6.35926836e-03 1.04493896e-02 -9.51311479e-03
-9.49737681e-01 1.76527630e-02 -6.38963207e-03 1.04116329e-02 -9.53794002e-03
-9.49244901e-01 1.76319915e-02 -6.41898294e-03 1.03720515e-02 -9.56070738e-03
-9.48749779e-01 1.76087984e-02 -6.44732403e-03 1.03306964e-02 -9.58145270e-03
-9.48252318e-01 1.75832380e-02 -6.47465903e-03 1.02876191e-02 -9.60021319e-03
-9.47752518e-01 1.75553660e-02 -6.50099218e-03 1.02428717e-02 -9.61702738e-03
-9.47250380e-01 1.75252396e-02 -6.52632826e-03 1.01965066e-02 -9.63193507e-03
-9.46745907e-01 1.74929169e-02 -6.55067263e-03 1.01485767e-02 -9.64497726e-03
-9.46239099e-01 1.74584578e-02 -6.57403113e-03 1.00991352e-02 -9.65619607e-03
-9.45729957e-01 1.74219228e-02 -6.59641013e-03 1.00482356e-02 -9.66563472e-03
-9.45218483e-01 1.73833738e-02 -6.61781650e-03 9.99593175e-03 -9.67333743e-03
-9.44704677e-01 1.73428733e-02 -6.63825754e-03 9.94227758e-03 -9.67934936e-03
-9.44188542e-01 1.73004852e-02 -6.65774105e-03 9.88732723e-03 -9.68371657e-03
-9.43670079e-01 1.72562737e-02 -6.67627523e-03 9.83113494e-03 -9.68648594e-03
-9.43149288e-01 1.72103041e-02 -6.69386873e-03 9.77375498e-03 -9.68770510e-03
-9.42626171e-01 1.71626420e-02 -6.71053057e-03 9.71524167e-03 -9.68742238e-03
-9.42100730e-01 1.71133539e-02 -6.72627017e-03 9.65564924e-03 -9.68568671e-03
-9.41572965e-01 1.70625067e-02 -6.74109730e-03 9.59503185e-03 -9.68254760e-03
-9.41042878e-01 1.70101675e-02 -6.75502207e-03 9.53344353e-03 -9.67805507e-03
-9.40510470e-01 1.69564039e-02 -6.76805495e-03 9.47093811e-03 -9.67225953e-03
-9.39975743e-01 1.69012838e-02 -6.78020666e-03 9.40756920e-03 -9.66521180e-03
-9.39438698e-01 1.68448751e-02 -6.79148824e-03 9.34339014e-03 -9.65696295e-03
-9.38899336e-01 1.67872459e-02 -6.80191100e-03 9.27845394e-03 -9.64756434e-03
-9.38357658e-01 1.67284643e-02 -6.81148648e-03 9.21281324e-03 -9.63706745e-03
-9.37813667e-01 1.66685983e-02 -6.82022646e-03 9.14652030e-03 -9.62552391e-03
-9.37267362e-01 1.66077157e-02 -6.82814293e-03 9.07962691e-03 -9.61298537e-03
-9.36718746e-01 1.65458844e-02 -6.83524808e-03 9.01218437e-03 -9.59950347e-03
-9.36167820e-01 1.64831714e-02 -6.84155424e-03 8.94424347e-03 -9.58512978e-03
-9.35614585e-01 1.64196440e-02 -6.84707394e-03 8.87585440e-03 -9.56991572e-03
-9.35059043e-01 1.63553687e-02 -6.85181981e-03 8.80706678e-03 -9.55391252e-03
-9.34501195e-01 1.62904114e-02 -6.85580461e-03 8.73792956e-03 -9.53717114e-03
-9.33941042e-01 1.62248378e-02 -6.85904122e-03 8.66849100e-03 -9.51974223e-03
-9.33378586e-01 1.61587126e-02 -6.86154257e-03 8.59879869e-03 -9.50167607e-03
-9.32813828e-01 1.60920999e-02 -6.86332167e-03 8.52889941e-03 -9.48302251e-03
-9.32246769e-01 1.60250632e-02 -6.86439158e-03 8.45883921e-03 -9.46383091e-03
-9.31677412e-01 1.59576649e-02 -6.86476539e-03 8.38866330e-03 -9.44415008e-03
-9.31105757e-01 1.58899666e-02 -6.86445621e-03 8.31841605e-03 -9.42402828e-03
-9.30531805e-01 1.58220290e-02 -6.86347713e-03 8.24814095e-03 -9.40351309e-03
-9.29955559e-01 1.57539118e-02 -6.86184124e-03 8.17788060e-03 -9.38265142e-03
-9.29377019e-01 1.56856735e-02 -6.85956160e-03 8.10767667e-03 -9.36148942e-03
-9.28796187e-01 1.56173715e-02 -6.85665122e-03 8.03756988e-03 -9.34007248e-03
-9.28213065e-01 1.55490623e-02 -6.85312303e-03 7.96759996e-03 -9.31844515e-03
-9.27627654e-01 1.54808006e-02 -6.84898991e-03 7.89780566e-03 -9.29665109e-03
-9.27039955e-01 1.54126405e-02 -6.84426463e-03 7.82822469e-03 -9.27473306e-03
-9.26449969e-01 1.53446343e-02 -6.83895988e-03 7.75889374e-03 -9.25273287e-03
-9.25857699e-01 1.52768330e-02 -6.83308821e-03 7.68984842e-03 -9.23069131e-03
-9.25263146e-01 1.52092864e-02 -6.82666206e-03 7.62112328e-03 -9.20864816e-03
-9.24666310e-01 1.51420428e-02 -6.81969372e-03 7.55275178e-03 -9.18664211e-03
-9.24067195e-01 1.50751488e-02 -6.81219533e-03 7.48476625e-03 -9.16471078e-03
-9.23465800e-01 1.50086497e-02 -6.80417889e-03 7.41719794e-03 -9.14289063e-03
-9.22862128e-01 1.49425892e-02 -6.79565620e-03 7.35007695e-03 -9.12121696e-03
-9.22256180e-01 1.48770094e-02 -6.78663889e-03 7.28343222e-03 -9.09972390e-03
-9.21647958e-01 1.48119509e-02 -6.77713839e-03 7.21729158e-03 -9.07844434e-03
-9.21037462e-01 1.47474525e-02 -6.76716596e-03 7.15168168e-03 -9.05740994e-03
-9.20424696e-01 1.46835515e-02 -6.75673262e-03 7.08662801e-03 -9.03665110e-03
-9.19809659e-01 1.46202834e-02 -6.74584919e-03 7.02215490e-03 -9.01619694e-03
-9.19192354e-01 1.45576820e-02 -6.73452627e-03 6.95828551e-03 -8.99607525e-03
-9.18572782e-01 1.44957796e-02 -6.72277423e-03 6.89504184e-03 -8.97631255e-03
-9.17950945e-01 1.44346067e-02 -6.71060320e-03 6.83244468e-03 -8.95693399e-03
-9.17326844e-01 1.43741918e-02 -6.69802308e-03 6.77051370e-03 -8.93796339e-03
-9.16700480e-01 1.43145620e-02 -6.68504352e-03 6.70926737e-03 -8.91942322e-03
-9.16071856e-01 1.42557425e-02 -6.67167393e-03 6.64872301e-03 -8.90133456e-03
-9.15440973e-01 1.41977568e-02 -6.65792345e-03 6.58889676e-03 -8.88371716e-03
-9.14807832e-01 1.41406266e-02 -6.64380098e-03 6.52980364e-03 -8.86658936e-03
-9.14172435e-01 1.40843720e-02 -6.62931516e-03 6.47145751e-03 -8.84996814e-03
-9.13534783e-01 1.40290111e-02 -6.61447437e-03 6.41387107e-03 -8.83386910e-03
-9.12894879e-01 1.39745605e-02 -6.59928672e-03 6.35705593e-03 -8.81830646e-03
-9.12252723e-01 1.39210350e-02 -6.58376006e-03 6.30102256e-03 -8.80329306e-03
-9.11608317e-01 1.38684475e-02 -6.56790200e-03 6.24578034e-03 -8.78884038e-03
-9.10961663e-01 1.38168095e-02 -6.55171984e-03 6.19133755e-03 -8.77495852e-03
-9.10312763e-01 1.37661306e-02 -6.53522065e-03 6.13770140e-03 -8.76165625e-03
-9.09661618e-01 1.37164187e-02 -6.51841124e-03 6.08487803e-03 -8.74894097e-03
-9.09008229e-01 1.36676802e-02 -6.50129814e-03 6.03287256e-03 -8.73681877e-03
-9.08352599e-01 1.36199197e-02 -6.48388764e-03 5.98168906e-03 -8.72529439e-03
-9.07694728e-01 1.35731403e-02 -6.46618575e-03 5.93133060e-03 -8.71437130e-03
-9.07034619e-01 1.35273435e-02 -6.44819825e-03 5.88179926e-03 -8.70405166e-03
-9.06372273e-01 1.34825292e-02 -6.42993064e-03 5.83309616e-03 -8.69433636e-03
-9.05707691e-01 1.34386957e-02 -6.41138821e-03 5.78522148e-03 -8.68522507e-03
-9.05040876e-01 1.33958399e-02 -6.39257597e-03 5.73817445e-03 -8.67671619e-03
-9.04371830e-01 1.33539572e-02 -6.37349871e-03 5.69195343e-03 -8.66880695e-03
-9.03700552e-01 1.33130414e-02 -6.35416098e-03 5.64655587e-03 -8.66149338e-03
-9.03027046e-01 1.32730853e-02 -6.33456709e-03 5.60197839e-03 -8.65477037e-03
-9.02351313e-01 1.32340798e-02 -6.31472115e-03 5.55821679e-03 -8.64863167e-03
-9.01673355e-01 1.31960149e-02 -6.29462702e-03 5.51526603e-03 -8.64306996e-03
-9.00993173e-01 1.31588791e-02 -6.27428836e-03 5.47312033e-03 -8.63807681e-03
-9.00310769e-01 1.31226596e-02 -6.25370864e-03 5.43177314e-03 -8.63364278e-03
-8.99626145e-01 1.30873426e-02 -6.23289109e-03 5.39121721e-03 -8.62975741e-03
-8.98939302e-01 1.30529129e-02 -6.21183878e-03 5.35144456e-03 -8.62640930e-03
-8.98250242e-01 1.30193544e-02 -6.19055457e-03 5.31244658e-03 -8.62358606e-03
-8.97558967e-01 1.29866497e-02 -6.16904116e-03 5.27421400e-03 -8.62127445e-03
-8.96865478e-01 1.29547805e-02 -6.14730105e-03 5.23673695e-03 -8.61946032e-03
-8.96169778e-01 1.29237275e-02 -6.12533660e-03 5.20000498e-03 -8.61812870e-03
-8.95471867e-01 1.28934704e-02 -6.10315001e-03 5.16400709e-03 -8.61726385e-03
-8.94771748e-01 1.28639881e-02 -6.08074330e-03 5.12873176e-03 -8.61684924e-03
-8.94069423e-01 1.28352586e-02 -6.05811838e-03 5.09416696e-03 -8.61686766e-03
-8.93364892e-01 1.28072592e-02 -6.03527702e-03 5.06030025e-03 -8.61730118e-03
-8.92658159e-01 1.27799662e-02 -6.01222085e-03 5.02711870e-03 -8.61813127e-03
-8.91949223e-01 1.27533556e-02 -5.98895139e-03 4.99460901e-03 -8.61933879e-03
-8.91238089e-01 1.27274025e-02 -5.96547005e-03 4.96275752e-03 -8.62090404e-03
-8.90524756e-01 1.27020813e-02 -5.94177814e-03 4.93155021e-03 -8.62280680e-03
-8.89809227e-01 1.26773663e-02 -5.91787687e-03 4.90097275e-03 -8.62502639e-03
-8.89091503e-01 1.26532308e-02 -5.89376738e-03 4.87101054e-03 -8.62754168e-03
-8.88371587e-01 1.26296481e-02 -5.86945073e-03 4.84164874e-03 -8.63033117e-03
-8.87649480e-01 1.26065908e-02 -5.84492789e-03 4.81287225e-03 -8.63337300e-03
-8.86925184e-01 1.25840314e-02 -5.82019979e-03 4.78466581e-03 -8.63664499e-03
-8.86198701e-01 1.25619418e-02 -5.79526731e-03 4.75701400e-03 -8.64012470e-03
-8.85470032e-01 1.25402942e-02 -5.77013128e-03 4.72990125e-03 -8.64378949e-03
-8.84739180e-01 1.25190601e-02 -5.74479250e-03 4.70331188e-03 -8.64761649e-03
-8.84006145e-01 1.24982111e-02 -5.71925174e-03 4.67723016e-03 -8.65158273e-03
-8.83270931e-01 1.24777187e-02 -5.69350974e-03 4.65164027e-03 -8.65566511e-03
-8.82533538e-01 1.24575544e-02 -5.66756725e-03 4.62652641e-03 -8.65984048e-03
-8.81793969e-01 1.24376896e-02 -5.64142500e-03 4.60187275e-03 -8.66408566e-03
-8.81052225e-01 1.24180960e-02 -5.61508374e-03 4.57766350e-03 -8.66837750e-03
-8.80308308e-01 1.23987451e-02 -5.58854420e-03 4.55388293e-03 -8.67269288e-03
-8.79562220e-01 1.23796088e-02 -5.56180716e-03 4.53051539e-03 -8.67700881e-03
-8.78813963e-01 1.23606591e-02 -5.53487341e-03 4.50754532e-03 -8.68130240e-03
-8.78063539e-01 1.23418683e-02 -5.50774378e-03 4.48495730e-03 -8.68555095e-03
-8.77310949e-01 1.23232089e-02 -5.48041913e-03 4.46273607e-03 -8.68973194e-03
-8.76556196e-01 1.23046539e-02 -5.45290038e-03 4.44086652e-03 -8.69382312e-03
-8.75799281e-01 1.22861764e-02 -5.42518848e-03 4.41933376e-03 -8.69780249e-03
-8.75040206e-01 1.22677501e-02 -5.39728446e-03 4.39812309e-03 -8.70164838e-03
-8.74278973e-01 1.22493492e-02 -5.36918940e-03 4.37722008e-03 -8.70533943e-03
-8.73515584e-01 1.22309484e-02 -5.34090445e-03 4.35661053e-03 -8.70885469e-03
-8.72750041e-01 1.22125226e-02 -5.31243084e-03 4.33628051e-03 -8.71217358e-03
-8.71982345e-01 1.21940477e-02 -5.28376987e-03 4.31621640e-03 -8.71527596e-03
-8.71212499e-01 1.21754999e-02 -5.25492293e-03 4.29640490e-03 -8.71814218e-03
-8.70440504e-01 1.21568562e-02 -5.22589150e-03 4.27683300e-03 -8.72075303e-03
-8.69666363e-01 1.21380941e-02 -5.19667716e-03 4.25748806e-03 -8.72308986e-03
-8.68890077e-01 1.21191919e-02 -5.16728156e-03 4.23835778e-03 -8.72513454e-03
-8.68111648e-01 1.21001285e-02 -5.13770649e-03 4.21943025e-03 -8.72686951e-03
-8.67331079e-01 1.20808837e-02 -5.10795381e-03 4.20069392e-03 -8.72827777e-03
-8.66548370e-01 1.20614379e-02 -5.07802550e-03 4.18213764e-03 -8.72934298e-03
-8.65763524e-01 1.20417724e-02 -5.04792366e-03 4.16375067e-03 -8.73004939e-03
-8.64976543e-01 1.20218693e-02 -5.01765049e-03 4.14552270e-03 -8.73038190e-03
-8.64187429e-01 1.20017114e-02 -4.98720830e-03 4.12744381e-03 -8.73032610e-03
-8.63396184e-01 1.19812826e-02 -4.95659954e-03 4.10950454e-03 -8.72986824e-03
-8.62602809e-01 1.19605673e-02 -4.92582676e-03 4.09169587e-03 -8.72899527e-03
-8.61807307e-01 1.19395510e-02 -4.89489264e-03 4.07400922e-03 -8.72769485e-03
-8.61009680e-01 1.19182202e-02 -4.86379997e-03 4.05643646e-03 -8.72595539e-03
-8.60209930e-01 1.18965621e-02 -4.83255168e-03 4.03896993e-03 -8.72376599e-03
-8.59408057e-01 1.18745648e-02 -4.80115082e-03 4.02160242e-03 -8.72111652e-03
-8.58604066e-01 1.18522175e-02 -4.76960054e-03 4.00432719e-03 -8.71799760e-03
-8.57797957e-01 1.18295101e-02 -4.73790415e-03 3.98713798e-03 -8.71440061e-03
-8.56989732e-01 1.18064337e-02 -4.70606507e-03 3.97002898e-03 -8.71031769e-03
-8.56179395e-01 1.17829800e-02 -4.67408683e-03 3.95299486e-03 -8.70574176e-03
-8.55366945e-01 1.17591420e-02 -4.64197311e-03 3.93603075e-03 -8.70066650e-03
-8.54552386e-01 1.17349133e-02 -4.60972768e-03 3.91913227e-03 -8.69508637e-03
-8.53735720e-01 1.17102887e-02 -4.57735447e-03 3.90229549e-03 -8.68899661e-03
-8.52916948e-01 1.16852638e-02 -4.54485749e-03 3.88551693e-03 -8.68239322e-03
-8.52096073e-01 1.16598350e-02 -4.51224090e-03 3.86879360e-03 -8.67527299e-03
-8.51273096e-01 1.16340000e-02 -4.47950895e-03 3.85212296e-03 -8.66763347e-03
-8.50448020e-01 1.16077570e-02 -4.44666604e-03 3.83550290e-03 -8.65947298e-03
-8.49620847e-01 1.15811053e-02 -4.41371665e-03 3.81893178e-03 -8.65079060e-03
-8.48791578e-01 1.15540452e-02 -4.38066538e-03 3.80240838e-03 -8.64158614e-03
-8.47960216e-01 1.15265777e-02 -4.34751694e-03 3.78593193e-03 -8.63186018e-03
-8.47126763e-01 1.14987048e-02 -4.31427615e-03 3.76950207e-03 -8.62161404e-03
-8.46291221e-01 1.14704292e-02 -4.28094792e-03 3.75311886e-03 -8.61084973e-03
-8.45453591e-01 1.14417545e-02 -4.24753726e-03 3.73678278e-03 -8.59957001e-03
-8.44613877e-01 1.14126853e-02 -4.21404929e-03 3.72049469e-03 -8.58777833e-03
-8.43772079e-01 1.13832268e-02 -4.18048919e-03 3.70425585e-03 -8.57547882e-03
-8.42928201e-01 1.13533851e-02 -4.14686227e-03 3.68806789e-03 -8.56267629e-03
-8.42082244e-01 1.13231670e-02 -4.11317389e-03 3.67193280e-03 -8.54937620e-03
-8.41234210e-01 1.12925801e-02 -4.07942951e-03 3.65585293e-03 -8.53558469e-03
-8.40384102e-01 1.12616326e-02 -4.04563465e-03 3.63983099e-03 -8.52130847e-03
-8.39531921e-01 1.12303336e-02 -4.01179491e-03 3.62386999e-03 -8.50655490e-03
-8.38677669e-01 1.11986929e-02 -3.97791596e-03 3.60797327e-03 -8.49133192e-03
-8.37821349e-01 1.11667206e-02 -3.94400353e-03 3.59214447e-03 -8.47564803e-03
-8.36962964e-01 1.11344279e-02 -3.91006340e-03 3.57638752e-03 -8.45951229e-03
-8.36102514e-01 1.11018263e-02 -3.87610142e-03 3.56070664e-03 -8.44293430e-03
-8.35240002e-01 1.10689279e-02 -3.84212348e-03 3.54510629e-03 -8.42592415e-03
-8.34375430e-01 1.10357455e-02 -3.80813552e-03 3.52959117e-03 -8.40849244e-03
-8.33508800e-01 1.10022923e-02 -3.77414350e-03 3.51416624e-03 -8.39065021e-03
-8.32640115e-01 1.09685820e-02 -3.74015344e-03 3.49883665e-03 -8.37240897e-03
-8.31769377e-01 1.09346288e-02 -3.70617138e-03 3.48360777e-03 -8.35378062e-03
-8.30896587e-01 1.09004474e-02 -3.67220338e-03 3.46848515e-03 -8.33477749e-03
-8.30021748e-01 1.08660528e-02 -3.63825551e-03 3.45347449e-03 -8.31541227e-03
-8.29144862e-01 1.08314604e-02 -3.60433389e-03 3.43858167e-03 -8.29569799e-03
-8.28265931e-01 1.07966860e-02 -3.57044460e-03 3.42381269e-03 -8.27564801e-03
-8.27384958e-01 1.07617457e-02 -3.53659378e-03 3.40917370e-03 -8.25527599e-03
-8.26501944e-01 1.07266558e-02 -3.50278751e-03 3.39467092e-03 -8.23459588e-03
-8.25616892e-01 1.06914330e-02 -3.46903191e-03 3.38031068e-03 -8.21362186e-03
-8.24729804e-01 1.06560942e-02 -3.43533307e-03 3.36609939e-03 -8.19236834e-03
-8.23840681e-01 1.06206563e-02 -3.40169707e-03 3.35204350e-03 -8.17084994e-03
-8.22949527e-01 1.05851366e-02 -3.36812996e-03 3.33814953e-03 -8.14908144e-03
-8.22056344e-01 1.05495524e-02 -3.33463778e-03 3.32442401e-03 -8.12707780e-03
-8.21161133e-01 1.05139213e-02 -3.30122651e-03 3.31087348e-03 -8.10485409e-03
-8.20263897e-01 1.04782607e-02 -3.26790213e-03 3.29750448e-03 -8.08242546e-03
-8.19364639e-01 1.04425883e-02 -3.23467055e-03 3.28432355e-03 -8.05980717e-03
-8.18463359e-01 1.04069216e-02 -3.20153766e-03 3.27133717e-03 -8.03701451e-03
-8.17560061e-01 1.03712782e-02 -3.16850927e-03 3.25855178e-03 -8.01406283e-03
-8.16654747e-01 1.03356756e-02 -3.13559117e-03 3.24597378e-03 -7.99096745e-03
-8.15747419e-01 1.03001314e-02 -3.10278906e-03 3.23360946e-03 -7.96774368e-03
-8.14838079e-01 1.02646629e-02 -3.07010859e-03 3.22146504e-03 -7.94440681e-03
-8.13926729e-01 1.02292874e-02 -3.03755535e-03 3.20954665e-03 -7.92097204e-03
-8.13013373e-01 1.01940219e-02 -3.00513484e-03 3.19786026e-03 -7.89745449e-03
-8.12098011e-01 1.01588835e-02 -2.97285249e-03 3.18641176e-03 -7.87386919e-03
-8.11180646e-01 1.01238888e-02 -2.94071365e-03 3.17520687e-03 -7.85023101e-03
-8.10261281e-01 1.00890543e-02 -2.90872360e-03 3.16425115e-03 -7.82655469e-03
-8.09339918e-01 1.00543963e-02 -2.87688750e-03 3.15355002e-03 -7.80285480e-03
-8.08416559e-01 1.00199308e-02 -2.84521044e-03 3.14310870e-03 -7.77914570e-03
-8.07491206e-01 9.98567347e-03 -2.81369741e-03 3.13293224e-03 -7.75544156e-03
-8.06563861e-01 9.95163966e-03 -2.78235330e-03 3.12302548e-03 -7.73175631e-03
-8.05634528e-01 9.91784442e-03 -2.75118289e-03 3.11339304e-03 -7.70810364e-03
-8.04703207e-01 9.88430241e-03 -2.72019086e-03 3.10403936e-03 -7.68449697e-03
-8.03769903e-01 9.85102794e-03 -2.68938179e-03 3.09496861e-03 -7.66094943e-03
-8.02834616e-01 9.81803490e-03 -2.65876013e-03 3.08618477e-03 -7.63747387e-03
-8.01897349e-01 9.78533677e-03 -2.62833022e-03 3.07769152e-03 -7.61408282e-03
-8.00958104e-01 9.75294663e-03 -2.59809629e-03 3.06949235e-03 -7.59078849e-03
-8.00016884e-01 9.72087707e-03 -2.56806243e-03 3.06159045e-03 -7.56760273e-03
-7.99073691e-01 9.68914025e-03 -2.53823264e-03 3.05398875e-03 -7.54453705e-03
-7.98128528e-01 9.65774786e-03 -2.50861077e-03 3.04668994e-03 -7.52160259e-03
-7.97181396e-01 9.62671108e-03 -2.47920054e-03 3.03969641e-03 -7.49881011e-03
-7.96232298e-01 9.59604060e-03 -2.45000554e-03 3.03301026e-03 -7.47616999e-03
-7.95281236e-01 9.56574661e-03 -2.42102926e-03 3.02663333e-03 -7.45369220e-03
-7.94328214e-01 9.53583878e-03 -2.39227501e-03 3.02056716e-03 -7.43138629e-03
-7.93373232e-01 9.50632625e-03 -2.36374600e-03 3.01481299e-03 -7.40926142e-03
-7.92416293e-01 9.47721760e-03 -2.33544529e-03 3.00937178e-03 -7.38732629e-03
-7.91457401e-01 9.44852090e-03 -2.30737580e-03 3.00424419e-03 -7.36558921e-03
-7.90496556e-01 9.42024366e-03 -2.27954032e-03 2.99943057e-03 -7.34405801e-03
-7.89533763e-01 9.39239283e-03 -2.25194149e-03 2.99493099e-03 -7.32274010e-03
-7.88569022e-01 9.36497480e-03 -2.22458182e-03 2.99074519e-03 -7.30164242e-03
-7.87602336e-01 9.33799540e-03 -2.19746368e-03 2.98687264e-03 -7.28077149e-03
-7.86633708e-01 9.31145991e-03 -2.17058928e-03 2.98331250e-03 -7.26013333e-03
-7.85663139e-01 9.28537301e-03 -2.14396071e-03 2.98006362e-03 -7.23973354e-03
-7.84690634e-01 9.25973885e-03 -2.11757990e-03 2.97712456e-03 -7.21957722e-03
-7.83716193e-01 9.23456100e-03 -2.09144865e-03 2.97449360e-03 -7.19966905e-03
-7.82739819e-01 9.20984245e-03 -2.06556861e-03 2.97216869e-03 -7.18001323e-03
-7.81761515e-01 9.18558565e-03 -2.03994130e-03 2.97014752e-03 -7.16061347e-03
-7.80781283e-01 9.16179249e-03 -2.01456808e-03 2.96842749e-03 -7.14147307e-03
-7.79799126e-01 9.13846428e-03 -1.98945019e-03 2.96700570e-03 -7.12259484e-03
-7.78815045e-01 9.11560181e-03 -1.96458870e-03 2.96587898e-03 -7.10398113e-03
-7.77829044e-01 9.09320530e-03 -1.93998457e-03 2.96504390e-03 -7.08563385e-03
-7.76841124e-01 9.07127444e-03 -1.91563860e-03 2.96449673e-03 -7.06755445e-03
-7.75851289e-01 9.04980840e-03 -1.89155147e-03 2.96423350e-03 -7.04974396e-03
-7.74859540e-01 9.02880580e-03 -1.86772371e-03 2.96424997e-03 -7.03220294e-03
-7.73865880e-01 9.00826476e-03 -1.84415571e-03 2.96454167e-03 -7.01493153e-03
-7.72870312e-01 8.98818290e-03 -1.82084774e-03 2.96510384e-03 -6.99792943e-03
-7.71872838e-01 8.96855732e-03 -1.79779994e-03 2.96593153e-03 -6.98119595e-03
-7.70873460e-01 8.94938465e-03 -1.77501229e-03 2.96701953e-03 -6.96472994e-03
-7.69872181e-01 8.93066105e-03 -1.75248467e-03 2.96836242e-03 -6.94852988e-03
-7.68869004e-01 8.91238220e-03 -1.73021682e-03 2.96995456e-03 -6.93259385e-03
-7.67863930e-01 8.89454333e-03 -1.70820837e-03 2.97179010e-03 -6.91691952e-03
-7.66856963e-01 8.87713923e-03 -1.68645880e-03 2.97386299e-03 -6.90150419e-03
-7.65848104e-01 8.86016428e-03 -1.66496750e-03 2.97616701e-03 -6.88634481e-03
-7.64837357e-01 8.84361243e-03 -1.64373370e-03 2.97869573e-03 -6.87143793e-03
-7.63824724e-01 8.82747724e-03 -1.62275657e-03 2.98144257e-03 -6.85677980e-03
-7.62810206e-01 8.81175186e-03 -1.60203510e-03 2.98440078e-03 -6.84236629e-03
-7.61793808e-01 8.79642912e-03 -1.58156823e-03 2.98756346e-03 -6.82819297e-03
-7.60775531e-01 8.78150145e-03 -1.56135476e-03 2.99092356e-03 -6.81425509e-03
-7.59755377e-01 8.76696097e-03 -1.54139338e-03 2.99447392e-03 -6.80054757e-03
-7.58733350e-01 8.75279946e-03 -1.52168270e-03 2.99820722e-03 -6.78706508e-03
-7.57709452e-01 8.73900840e-03 -1.50222120e-03 3.00211607e-03 -6.77380199e-03
-7.56683685e-01 8.72557897e-03 -1.48300729e-03 3.00619294e-03 -6.76075241e-03
-7.55656053e-01 8.71250210e-03 -1.46403927e-03 3.01043024e-03 -6.74791018e-03
-7.54626556e-01 8.69976843e-03 -1.44531536e-03 3.01482028e-03 -6.73526893e-03
-7.53595199e-01 8.68736839e-03 -1.42683369e-03 3.01935530e-03 -6.72282204e-03
-7.52561982e-01 8.67529217e-03 -1.40859230e-03 3.02402748e-03 -6.71056269e-03
-7.51526911e-01 8.66352974e-03 -1.39058915e-03 3.02882896e-03 -6.69848384e-03
-7.50489985e-01 8.65207092e-03 -1.37282212e-03 3.03375185e-03 -6.68657831e-03
-7.49451209e-01 8.64090531e-03 -1.35528903e-03 3.03878819e-03 -6.67483869e-03
-7.48410585e-01 8.63002239e-03 -1.33798761e-03 3.04393005e-03 -6.66325745e-03
-7.47368114e-01 8.61941149e-03 -1.32091554e-03 3.04916946e-03 -6.65182690e-03
-7.46323801e-01 8.60906183e-03 -1.30407043e-03 3.05449846e-03 -6.64053923e-03
-7.45277647e-01 8.59896249e-03 -1.28744982e-03 3.05990913e-03 -6.62938651e-03
-7.44229655e-01 8.58910251e-03 -1.27105120e-03 3.06539352e-03 -6.61836070e-03
-7.43179828e-01 8.57947083e-03 -1.25487201e-03 3.07094377e-03 -6.60745368e-03
-7.42128168e-01 8.57005635e-03 -1.23890965e-03 3.07655202e-03 -6.59665725e-03
-7.41074678e-01 8.56084792e-03 -1.22316144e-03 3.08221048e-03 -6.58596315e-03
-7.40019360e-01 8.55183439e-03 -1.20762470e-03 3.08791144e-03 -6.57536306e-03
-7.38962217e-01 8.54300459e-03 -1.19229668e-03 3.09364722e-03 -6.56484866e-03
-7.37903252e-01 8.53434736e-03 -1.17717460e-03 3.09941025e-03 -6.55441156e-03
-7.36842467e-01 8.52585158e-03 -1.16225567e-03 3.10519306e-03 -6.54404341e-03
-7.35779864e-01 8.51750617e-03 -1.14753704e-03 3.11098824e-03 -6.53373583e-03
-7.34715448e-01 8.50930010e-03 -1.13301586e-03 3.11678854e-03 -6.52348048e-03
-7.33649219e-01 8.50122242e-03 -1.11868924e-03 3.12258677e-03 -6.51326904e-03
-7.32581181e-01 8.49326227e-03 -1.10455429e-03 3.12837590e-03 -6.50309323e-03
-7.31511336e-01 8.48540888e-03 -1.09060810e-03 3.13414903e-03 -6.49294483e-03
-7.30439687e-01 8.47765161e-03 -1.07684773e-03 3.13989939e-03 -6.48281570e-03
-7.29366237e-01 8.46997994e-03 -1.06327026e-03 3.14562036e-03 -6.47269776e-03
-7.28290988e-01 8.46238350e-03 -1.04987275e-03 3.15130546e-03 -6.46258304e-03
-7.27213943e-01 8.45485208e-03 -1.03665226e-03 3.15694839e-03 -6.45246364e-03
-7.26135105e-01 8.44737562e-03 -1.02360586e-03 3.16254301e-03 -6.44233181e-03
-7.25054476e-01 8.43994424e-03 -1.01073062e-03 3.16808336e-03 -6.43217990e-03
-7.23972059e-01 8.43254829e-03 -9.98023620e-04 3.17356365e-03 -6.42200041e-03
-7.22887856e-01 8.42517827e-03 -9.85481940e-04 3.17897826e-03 -6.41178597e-03
-7.21801870e-01 8.41782492e-03 -9.73102690e-04 3.18432179e-03 -6.40152937e-03
-7.20714105e-01 8.41047921e-03 -9.60882987e-04 3.18958902e-03 -6.39122356e-03
-7.19624562e-01 8.40313233e-03 -9.48819973e-04 3.19477492e-03 -6.38086168e-03
-7.18533244e-01 8.39577571e-03 -9.36910810e-04 3.19987467e-03 -6.37043701e-03
-7.17440155e-01 8.38840104e-03 -9.25152684e-04 3.20488367e-03 -6.35994307e-03
-7.16345296e-01 8.38100027e-03 -9.13542810e-04 3.20979750e-03 -6.34937354e-03
-7.15248670e-01 8.37356562e-03 -9.02078432e-04 3.21461199e-03 -6.33872232e-03
-7.14150280e-01 8.36608957e-03 -8.90756827e-04 3.21932315e-03 -6.32798352e-03
-7.13050130e-01 8.35856489e-03 -8.79575306e-04 3.22392723e-03 -6.31715146e-03
-7.11948220e-01 8.35098465e-03 -8.68531216e-04 3.22842070e-03 -6.30622071e-03
-7.10844555e-01 8.34334219e-03 -8.57621942e-04 3.23280025e-03 -6.29518605e-03
-7.09739137e-01 8.33563117e-03 -8.46844911e-04 3.23706279e-03 -6.28404249e-03
-7.08631969e-01 8.32784554e-03 -8.36197590e-04 3.24120545e-03 -6.27278531e-03
-7.07523053e-01 8.31997957e-03 -8.25677491e-04 3.24522559e-03 -6.26141002e-03
-7.06412392e-01 8.31202784e-03 -8.15282171e-04 3.24912081e-03 -6.24991237e-03
-7.05299989e-01 8.30398523e-03 -8.05009234e-04 3.25288892e-03 -6.23828840e-03
-7.04185846e-01 8.29584696e-03 -7.94856332e-04 3.25652795e-03 -6.22653437e-03
-7.03069967e-01 8.28760856e-03 -7.84821166e-04 3.26003617e-03 -6.21464683e-03
-7.01952354e-01 8.27926589e-03 -7.74901487e-04 3.26341207e-03 -6.20262260e-03
-7.00833010e-01 8.27081511e-03 -7.65095099e-04 3.26665435e-03 -6.19045873e-03
-6.99711937e-01 8.26225274e-03 -7.55399855e-04 3.26976196e-03 -6.17815258e-03
-6.98589139e-01 8.25357560e-03 -7.45813665e-04 3.27273403e-03 -6.16570177e-03
-6.97464618e-01 8.24478084e-03 -7.36334490e-04 3.27556994e-03 -6.15310418e-03
-6.96338377e-01 8.23586595e-03 -7.26960345e-04 3.27826927e-03 -6.14035799e-03
-6.95210419e-01 8.22682871e-03 -7.17689301e-04 3.28083182e-03 -6.12746162e-03
-6.94080746e-01 8.21766725e-03 -7.08519481e-04 3.28325757e-03 -6.11441379e-03
-6.92949362e-01 8.20838002e-03 -6.99449067e-04 3.28554676e-03 -6.10121348e-03
-6.91816268e-01 8.19896577e-03 -6.90476291e-04 3.28769977e-03 -6.08785996e-03
-6.90681469e-01 8.18942358e-03 -6.81599444e-04 3.28971723e-03 -6.07435275e-03
-6.89544966e-01 8.17975283e-03 -6.72816869e-04 3.29159993e-03 -6.06069166e-03
-6.88406763e-01 8.16995321e-03 -6.64126964e-04 3.29334886e-03 -6.04687676e-03
-6.87266861e-01 8.16002471e-03 -6.55528182e-04 3.29496520e-03 -6.03290839e-03
-6.86125265e-01 8.14996763e-03 -6.47019027e-04 3.29645031e-03 -6.01878713e-03
-6.84981977e-01 8.13978256e-03 -6.38598057e-04 3.29780572e-03 -6.00451387e-03
-6.83837000e-01 8.12947038e-03 -6.30263884e-04 3.29903313e-03 -5.99008971e-03
-6.82690336e-01 8.11903223e-03 -6.22015167e-04 3.30013441e-03 -5.97551603e-03
-6.81541988e-01 8.10846955e-03 -6.13850618e-04 3.30111159e-03 -5.96079445e-03
-6.80391960e-01 8.09778405e-03 -6.05768998e-04 3.30196684e-03 -5.94592684e-03
-6.79240254e-01 8.08697770e-03 -5.97769116e-04 3.30270250e-03 -5.93091531e-03
-6.78086872e-01 8.07605272e-03 -5.89849827e-04 3.30332104e-03 -5.91576220e-03
-6.76931818e-01 8.06501159e-03 -5.82010032e-04 3.30382505e-03 -5.90047009e-03
-6.75775095e-01 8.05385700e-03 -5.74248676e-04 3.30421728e-03 -5.88504179e-03
-6.74616706e-01 8.04259193e-03 -5.66564749e-04 3.30450059e-03 -5.86948030e-03
-6.73456652e-01 8.03121952e-03 -5.58957278e-04 3.30467795e-03 -5.85378886e-03
-6.72294938e-01 8.01974319e-03 -5.51425334e-04 3.30475246e-03 -5.83797092e-03
-6.71131566e-01 8.00816651e-03 -5.43968024e-04 3.30472729e-03 -5.82203012e-03
-6.69966538e-01 7.99649328e-03 -5.36584492e-04 3.30460574e-03 -5.80597028e-03
-6.68799859e-01 7.98472750e-03 -5.29273915e-04 3.30439119e-03 -5.78979544e-03
-6.67631530e-01 7.97287332e-03 -5.22035505e-04 3.30408710e-03 -5.77350977e-03
-6.66461554e-01 7.96093507e-03 -5.14868503e-04 3.30369700e-03 -5.75711767e-03
-6.65289935e-01 7.94891726e-03 -5.07772182e-04 3.30322452e-03 -5.74062366e-03
-6.64116675e-01 7.93682452e-03 -5.00745838e-04 3.30267332e-03 -5.72403243e-03
-6.62941778e-01 7.92466165e-03 -4.93788795e-04 3.30204713e-03 -5.70734882e-03
-6.61765245e-01 7.91243356e-03 -4.86900401e-04 3.30134973e-03 -5.69057780e-03
-6.60587080e-01 7.90014529e-03 -4.80080021e-04 3.30058495e-03 -5.67372448e-03
-6.59407287e-01 7.88780199e-03 -4.73327044e-04 3.29975665e-03 -5.65679410e-03
-6.58225867e-01 7.87540890e-03 -4.66640873e-04 3.29886872e-03 -5.63979199e-03
-6.57042824e-01 7.86297136e-03 -4.60020927e-04 3.29792507e-03 -5.62272361e-03
-6.55858160e-01 7.85049479e-03 -4.53466638e-04 3.29692963e-03 -5.60559449e-03
-6.54671879e-01 7.83798466e-03 -4.46977449e-04 3.29588634e-03 -5.58841027e-03
-6.53483983e-01 7.82544651e-03 -4.40552811e-04 3.29479916e-03 -5.57117666e-03
-6.52294476e-01 7.81288594e-03 -4.34192184e-04 3.29367202e-03 -5.55389944e-03
-6.51103360e-01 7.80030856e-03 -4.27895031e-04 3.29250885e-03 -5.53658444e-03
-6.49910639e-01 7.78772002e-03 -4.21660818e-04 3.29131359e-03 -5.51923756e-03
-6.48716314e-01 7.77512599e-03 -4.15489012e-04 3.29009013e-03 -5.50186472e-03
-6.47520390e-01 7.76253213e-03 -4.09379081e-04 3.28884234e-03 -5.48447189e-03
-6.46322869e-01 7.74994411e-03 -4.03330487e-04 3.28757407e-03 -5.46706504e-03
-6.45123754e-01 7.73736756e-03 -3.97342689e-04 3.28628912e-03 -5.44965018e-03
-6.43923048e-01 7.72480812e-03 -3.91415139e-04 3.28499126e-03 -5.43223332e-03
-6.42720754e-01 7.71227136e-03 -3.85547280e-04 3.28368420e-03 -5.41482044e-03
-6.41516875e-01 7.69976283e-03 -3.79738546e-04 3.28237160e-03 -5.39741754e-03
-6.40311414e-01 7.68728801e-03 -3.73988359e-04 3.28105707e-03 -5.38003058e-03
-6.39104373e-01 7.67485232e-03 -3.68296126e-04 3.27974416e-03 -5.36266548e-03
-6.37895757e-01 7.66246110e-03 -3.62661241e-04 3.27843633e-03 -5.34532814e-03
-6.36685567e-01 7.65011961e-03 -3.57083081e-04 3.27713699e-03 -5.32802441e-03
-6.35473807e-01 7.63783302e-03 -3.51561004e-04 3.27584948e-03 -5.31076005e-03
-6.34260480e-01 7.62560641e-03 -3.46094351e-04 3.27457703e-03 -5.29354081e-03
-6.33045589e-01 7.61344472e-03 -3.40682439e-04 3.27332281e-03 -5.27637230e-03
-6.31829137e-01 7.60135280e-03 -3.35324568e-04 3.27208991e-03 -5.25926011e-03
-6.30611126e-01 7.58933536e-03 -3.30020009e-04 3.27088131e-03 -5.24220970e-03
-6.29391561e-01 7.57739699e-03 -3.24768016e-04 3.26969992e-03 -5.22522644e-03
-6.28170443e-01 7.56554213e-03 -3.19567811e-04 3.26854852e-03 -5.20831561e-03
-6.26947776e-01 7.55377507e-03 -3.14418597e-04 3.26742982e-03 -5.19148235e-03
-6.25723562e-01 7.54209996e-03 -3.09319544e-04 3.26634642e-03 -5.17473171e-03
-6.24497806e-01 7.53052076e-03 -3.04269800e-04 3.26530081e-03 -5.15806859e-03
-6.23270509e-01 7.51904129e-03 -2.99268481e-04 3.26429539e-03 -5.14149777e-03
-6.22041676e-01 7.50766520e-03 -2.94314676e-04 3.26333244e-03 -5.12502388e-03
-6.20811308e-01 7.49639593e-03 -2.89407446e-04 3.26241412e-03 -5.10865141e-03
-6.19579410e-01 7.48523677e-03 -2.84545821e-04 3.26154251e-03 -5.09238470e-03
-6.18345983e-01 7.47419080e-03 -2.79728801e-04 3.26071954e-03 -5.07622793e-03
-6.17111031e-01 7.46326092e-03 -2.74955358e-04 3.25994706e-03 -5.06018510e-03
-6.15874558e-01 7.45244983e-03 -2.70224433e-04 3.25922679e-03 -5.04426008e-03
-6.14636565e-01 7.44176003e-03 -2.65534935e-04 3.25856033e-03 -5.02845653e-03
-6.13397057e-01 7.43119380e-03 -2.60885747e-04 3.25794918e-03 -5.01277794e-03
-6.12156036e-01 7.42075325e-03 -2.56275718e-04 3.25739472e-03 -4.99722765e-03
-6.10913506e-01 7.41044024e-03 -2.51703669e-04 3.25689821e-03 -4.98180876e-03
-6.09669468e-01 7.40025644e-03 -2.47168394e-04 3.25646080e-03 -4.96652423e-03
-6.08423928e-01 7.39020331e-03 -2.42668654e-04 3.25608351e-03 -4.95137680e-03
-6.07176887e-01 7.38028209e-03 -2.38203184e-04 3.25576728e-03 -4.93636902e-03
-6.05928348e-01 7.37049380e-03 -2.33770691e-04 3.25551290e-03 -4.92150325e-03
-6.04678315e-01 7.36083924e-03 -2.29369853e-04 3.25532107e-03 -4.90678164e-03
-6.03426791e-01 7.35131901e-03 -2.24999325e-04 3.25519238e-03 -4.89220614e-03
-6.02173778e-01 7.34193347e-03 -2.20657733e-04 3.25512729e-03 -4.87777850e-03
-6.00919281e-01 7.33268279e-03 -2.16343679e-04 3.25512617e-03 -4.86350025e-03
-5.99663302e-01 7.32356692e-03 -2.12055742e-04 3.25518929e-03 -4.84937274e-03
-5.98405843e-01 7.31458557e-03 -2.07792477e-04 3.25531679e-03 -4.83539709e-03
-5.97146909e-01 7.30573827e-03 -2.03552418e-04 3.25550873e-03 -4.82157422e-03
-5.95886503e-01 7.29702432e-03 -1.99334078e-04 3.25576507e-03 -4.80790485e-03
-5.94624627e-01 7.28844283e-03 -1.95135951e-04 3.25608564e-03 -4.79438948e-03
-5.93361284e-01 7.27999268e-03 -1.90956512e-04 3.25647022e-03 -4.78102841e-03
-5.92096478e-01 7.27167258e-03 -1.86794219e-04 3.25691847e-03 -4.76782173e-03
-5.90830212e-01 7.26348100e-03 -1.82647515e-04 3.25742996e-03 -4.75476934e-03
-5.89562488e-01 7.25541626e-03 -1.78514831e-04 3.25800418e-03 -4.74187093e-03
-5.88293311e-01 7.24747647e-03 -1.74394581e-04 3.25864054e-03 -4.72912597e-03
-5.87022683e-01 7.23965954e-03 -1.70285171e-04 3.25933835e-03 -4.71653376e-03
-5.85750607e-01 7.23196322e-03 -1.66184997e-04 3.26009687e-03 -4.70409339e-03
-5.84477087e-01 7.22438507e-03 -1.62092446e-04 3.26091525e-03 -4.69180376e-03
-5.83202125e-01 7.21692249e-03 -1.58005901e-04 3.26179260e-03 -4.67966357e-03
-5.81925725e-01 7.20957271e-03 -1.53923739e-04 3.26272795e-03 -4.66767136e-03
-5.80647890e-01 7.20233279e-03 -1.49844333e-04 3.26372026e-03 -4.65582546e-03
-5.79368623e-01 7.19519966e-03 -1.45766056e-04 3.26476843e-03 -4.64412402e-03
-5.78087927e-01 7.18817008e-03 -1.41687283e-04 3.26587131e-03 -4.63256504e-03
-5.76805805e-01 7.18124068e-03 -1.37606388e-04 3.26702770e-03 -4.62114632e-03
-5.75522261e-01 7.17440797e-03 -1.33521751e-04 3.26823633e-03 -4.60986552e-03
-5.74237298e-01 7.16766830e-03 -1.29431760e-04 3.26949590e-03 -4.59872012e-03
-5.72950918e-01 7.16101793e-03 -1.25334807e-04 3.27080507e-03 -4.58770745e-03
-5.71663126e-01 7.15445300e-03 -1.21229295e-04 3.27216245e-03 -4.57682470e-03
-5.70373923e-01 7.14796953e-03 -1.17113640e-04 3.27356663e-03 -4.56606888e-03
-5.69083314e-01 7.14156349e-03 -1.12986269e-04 3.27501615e-03 -4.55543691e-03
-5.67791302e-01 7.13523070e-03 -1.08845624e-04 3.27650954e-03 -4.54492554e-03
-5.66497889e-01 7.12896694e-03 -1.04690167e-04 3.27804529e-03 -4.53453140e-03
-5.65203079e-01 7.12276791e-03 -1.00518374e-04 3.27962190e-03 -4.52425101e-03
-5.63906875e-01 7.11662924e-03 -9.63287455e-05 3.28123782e-03 -4.51408076e-03
-5.62609281e-01 7.11054651e-03 -9.21198022e-05 3.28289152e-03 -4.50401693e-03
-5.61310299e-01 7.10451524e-03 -8.78900895e-05 3.28458143e-03 -4.49405571e-03
-5.60009933e-01 7.09853094e-03 -8.36381785e-05 3.28630601e-03 -4.48419319e-03
-5.58708186e-01 7.09258906e-03 -7.93626679e-05 3.28806369e-03 -4.47442537e-03
-5.57405060e-01 7.08668504e-03 -7.50621856e-05 3.28985292e-03 -4.46474817e-03
-5.56100561e-01 7.08081431e-03 -7.07353908e-05 3.29167216e-03 -4.45515743e-03
-5.54794689e-01 7.07497228e-03 -6.63809749e-05 3.29351988e-03 -4.44564892e-03
-5.53487450e-01 7.06915438e-03 -6.19976641e-05 3.29539454e-03 -4.43621836e-03
-5.52178845e-01 7.06335605e-03 -5.75842201e-05 3.29729465e-03 -4.42686141e-03
-5.50868879e-01 7.05757275e-03 -5.31394425e-05 3.29921873e-03 -4.41757368e-03
-5.49557555e-01 7.05179995e-03 -4.86621697e-05 3.30116532e-03 -4.40835074e-03
-5.48244874e-01 7.04603318e-03 -4.41512806e-05 3.30313298e-03 -4.39918813e-03
-5.46930842e-01 7.04026800e-03 -3.96056963e-05 3.30512032e-03 -4.39008137e-03
-5.45615461e-01 7.03450004e-03 -3.50243814e-05 3.30712598e-03 -4.38102596e-03
-5.44298735e-01 7.02872498e-03 -3.04063451e-05 3.30914861e-03 -4.37201737e-03
-5.42980666e-01 7.02293856e-03 -2.57506431e-05 3.31118694e-03 -4.36305110e-03
-5.41661258e-01 7.01713662e-03 -2.10563783e-05 3.31323971e-03 -4.35412261e-03
-5.40340514e-01 7.01131505e-03 -1.63227025e-05 3.31530571e-03 -4.34522741e-03
-5.39018438e-01 7.00546986e-03 -1.15488176e-05 3.31738379e-03 -4.33636101e-03
-5.37695032e-01 6.99959714e-03 -6.73397625e-06 3.31947285e-03 -4.32751893e-03
-5.36370301e-01 6.99369311e-03 -1.87748373e-06 3.32157182e-03 -4.31869674e-03
-5.35044246e-01 6.98775407e-03 3.02130163e-06 3.32367969e-03 -4.30989003e-03
-5.33716872e-01 6.98177645e-03 7.96296711e-06 3.32579553e-03 -4.30109444e-03
-5.32388182e-01 6.97575682e-03 1.29480448e-05 3.32791844e-03 -4.29230567e-03
-5.31058179e-01 6.96969186e-03 1.79770105e-05 3.33004759e-03 -4.28351946e-03
-5.29726866e-01 6.96357839e-03 2.30502831e-05 3.33218220e-03 -4.27473161e-03
-5.28394247e-01 6.95741339e-03 2.81682237e-05 3.33432157e-03 -4.26593799e-03
-5.27060325e-01 6.95119395e-03 3.33311347e-05 3.33646505e-03 -4.25713454e-03
-5.25725102e-01 6.94491734e-03 3.85392596e-05 3.33861205e-03 -4.24831730e-03
-5.24388584e-01 6.93858100e-03 4.37927816e-05 3.34076205e-03 -4.23948236e-03
-5.23050772e-01 6.93218249e-03 4.90918238e-05 3.34291461e-03 -4.23062591e-03
-5.21711670e-01 6.92571956e-03 5.44364483e-05 3.34506934e-03 -4.22174426e-03
-5.20371281e-01 6.91919013e-03 5.98266557e-05 3.34722592e-03 -4.21283377e-03
-5.19029610e-01 6.91259229e-03 6.52623849e-05 3.34938410e-03 -4.20389093e-03
-5.17686658e-01 6.90592430e-03 7.07435126e-05 3.35154369e-03 -4.19491236e-03
-5.16342429e-01 6.89918461e-03 7.62698532e-05 3.35370458e-03 -4.18589474e-03
-5.14996927e-01 6.89237184e-03 8.18411584e-05 3.35586673e-03 -4.17683490e-03
-5.13650155e-01 6.88548479e-03 8.74571170e-05 3.35803016e-03 -4.16772979e-03
-5.12302117e-01 6.87852247e-03 9.31173552e-05 3.36019494e-03 -4.15857646e-03
-5.10952815e-01 6.87148405e-03 9.88214360e-05 3.36236125e-03 -4.14937210e-03
-5.09602252e-01 6.86436891e-03 1.04568860e-04 3.36452929e-03 -4.14011404e-03
-5.08250433e-01 6.85717661e-03 1.10359063e-04 3.36669937e-03 -4.13079973e-03
-5.06897361e-01 6.84990689e-03 1.16191422e-04 3.36887182e-03 -4.12142674e-03
-5.05543038e-01 6.84255970e-03 1.22065247e-04 3.37104707e-03 -4.11199280e-03
-5.04187469e-01 6.83513518e-03 1.27979789e-04 3.37322560e-03 -4.10249578e-03
-5.02830656e-01 6.82763365e-03 1.33934235e-04 3.37540795e-03 -4.09293366e-03
-5.01472604e-01 6.82005562e-03 1.39927712e-04 3.37759472e-03 -4.08330460e-03
-5.00113314e-01 6.81240181e-03 1.45959286e-04 3.37978658e-03 -4.07360688e-03
-4.98752791e-01 6.80467310e-03 1.52027960e-04 3.38198423e-03 -4.06383894e-03
-4.97391039e-01 6.79687059e-03 1.58132679e-04 3.38418846e-03 -4.05399936e-03
-4.96028059e-01 6.78899553e-03 1.64272328e-04 3.38640010e-03 -4.04408686e-03
-4.94663856e-01 6.78104939e-03 1.70445733e-04 3.38862002e-03 -4.03410031e-03
-4.93298434e-01 6.77303379e-03 1.76651663e-04 3.39084916e-03 -4.02403874e-03
-4.91931794e-01 6.76495056e-03 1.82888827e-04 3.39308849e-03 -4.01390133e-03
-4.90563942e-01 6.75680167e-03 1.89155880e-04 3.39533905e-03 -4.00368737e-03
-4.89194880e-01 6.74858931e-03 1.95451420e-04 3.39760189e-03 -3.99339636e-03
-4.87824611e-01 6.74031579e-03 2.01773992e-04 3.39987814e-03 -3.98302788e-03
-4.86453139e-01 6.73198362e-03 2.08122085e-04 3.40216894e-03 -3.97258172e-03
-4.85080468e-01 6.72359547e-03 2.14494138e-04 3.40447548e-03 -3.96205776e-03
-4.83706600e-01 6.71515416e-03 2.20888537e-04 3.40679898e-03 -3.95145606e-03
-4.82331539e-01 6.70666266e-03 2.27303617e-04 3.40914070e-03 -3.94077681e-03
-4.80955289e-01 6.69812411e-03 2.33737666e-04 3.41150190e-03 -3.93002034e-03
-4.79577853e-01 6.68954178e-03 2.40188922e-04 3.41388392e-03 -3.91918713e-03
-4.78199234e-01 6.68091909e-03 2.46655578e-04 3.41628807e-03 -3.90827779e-03
-4.76819436e-01 6.67225958e-03 2.53135782e-04 3.41871571e-03 -3.89729306e-03
-4.75438462e-01 6.66356694e-03 2.59627637e-04 3.42116821e-03 -3.88623382e-03
-4.74056315e-01 6.65484497e-03 2.66129206e-04 3.42364696e-03 -3.87510109e-03
-4.72672999e-01 6.64609762e-03 2.72638509e-04 3.42615335e-03 -3.86389600e-03
-4.71288518e-01 6.63732891e-03 2.79153528e-04 3.42868881e-03 -3.85261981e-03
-4.69902874e-01 6.62854299e-03 2.85672208e-04 3.43125474e-03 -3.84127392e-03
-4.68516071e-01 6.61974413e-03 2.92192457e-04 3.43385256e-03 -3.82985984e-03
-4.67128113e-01 6.61093667e-03 2.98712151e-04 3.43648370e-03 -3.81837918e-03
-4.65739003e-01 6.60212505e-03 3.05229132e-04 3.43914958e-03 -3.80683368e-03
-4.64348744e-01 6.59331381e-03 3.11741213e-04 3.44185161e-03 -3.79522520e-03
-4.62957340e-01 6.58450753e-03 3.18246175e-04 3.44459120e-03 -3.78355569e-03
-4.61564795e-01 6.57571090e-03 3.24741778e-04 3.44736975e-03 -3.77182720e-03
-4.60171111e-01 6.56692865e-03 3.31225751e-04 3.45018865e-03 -3.76004189e-03
-4.58776292e-01 6.55816560e-03 3.37695805e-04 3.45304926e-03 -3.74820202e-03
-4.57380342e-01 6.54942658e-03 3.44149629e-04 3.45595295e-03 -3.73630993e-03
-4.55983264e-01 6.54071650e-03 3.50584890e-04 3.45890103e-03 -3.72436805e-03
-4.54585061e-01 6.53204029e-03 3.56999244e-04 3.46189482e-03 -3.71237890e-03
-4.53185738e-01 6.52340292e-03 3.63390328e-04 3.46493561e-03 -3.70034507e-03
-4.51785296e-01 6.51480939e-03 3.69755768e-04 3.46802464e-03 -3.68826924e-03
-4.50383741e-01 6.50626471e-03 3.76093179e-04 3.47116314e-03 -3.67615414e-03
-4.48981074e-01 6.49777391e-03 3.82400171e-04 3.47435230e-03 -3.66400258e-03
-4.47577301e-01 6.48934203e-03 3.88674345e-04 3.47759327e-03 -3.65181745e-03
-4.46172424e-01 6.48097410e-03 3.94913299e-04 3.48088718e-03 -3.63960166e-03
-4.44766446e-01 6.47267515e-03 4.01114630e-04 3.48423510e-03 -3.62735821e-03
-4.43359371e-01 6.46445020e-03 4.07275937e-04 3.48763806e-03 -3.61509012e-03
-4.41951203e-01 6.45630423e-03 4.13394821e-04 3.49109706e-03 -3.60280048e-03
-4.40541946e-01 6.44824223e-03 4.19468889e-04 3.49461304e-03 -3.59049241e-03
-4.39131601e-01 6.44026913e-03 4.25495757e-04 3.49818691e-03 -3.57816907e-03
-4.37720174e-01 6.43238984e-03 4.31473050e-04 3.50181952e-03 -3.56583364e-03
-4.36307667e-01 6.42460921e-03 4.37398407e-04 3.50551166e-03 -3.55348935e-03
-4.34894084e-01 6.41693206e-03 4.43269480e-04 3.50926409e-03 -3.54113944e-03
-4.33479429e-01 6.40936315e-03 4.49083941e-04 3.51307750e-03 -3.52878717e-03
-4.32063705e-01 6.40190716e-03 4.54839481e-04 3.51695253e-03 -3.51643581e-03
-4.30646915e-01 6.39456873e-03 4.60533813e-04 3.52088976e-03 -3.50408865e-03
-4.29229063e-01 6.38735241e-03 4.66164673e-04 3.52488973e-03 -3.49174899e-03
-4.27810152e-01 6.38026270e-03 4.71729828e-04 3.52895291e-03 -3.47942013e-03
-4.26390187e-01 6.37330399e-03 4.77227071e-04 3.53307971e-03 -3.46710535e-03
-4.24969170e-01 6.36648059e-03 4.82654227e-04 3.53727048e-03 -3.45480794e-03
-4.23547105e-01 6.35979673e-03 4.88009157e-04 3.54152552e-03 -3.44253120e-03
-4.22123995e-01 6.35325653e-03 4.93289756e-04 3.54584506e-03 -3.43027837e-03
-4.20699844e-01 6.34686404e-03 4.98493960e-04 3.55022928e-03 -3.41805272e-03
-4.19274656e-01 6.34062317e-03 5.03619745e-04 3.55467830e-03 -3.40585746e-03
-4.17848434e-01 6.33453774e-03 5.08665129e-04 3.55919216e-03 -3.39369580e-03
-4.16421181e-01 6.32861145e-03 5.13628177e-04 3.56377086e-03 -3.38157091e-03
-4.14992902e-01 6.32284790e-03 5.18507002e-04 3.56841434e-03 -3.36948593e-03
-4.13563599e-01 6.31725056e-03 5.23299766e-04 3.57312247e-03 -3.35744397e-03
-4.12133276e-01 6.31182277e-03 5.28004683e-04 3.57789506e-03 -3.34544810e-03
-4.10701936e-01 6.30656777e-03 5.32620022e-04 3.58273187e-03 -3.33350134e-03
-4.09269584e-01 6.30148864e-03 5.37144106e-04 3.58763259e-03 -3.32160666e-03
-4.07836222e-01 6.29658835e-03 5.41575319e-04 3.59259687e-03 -3.30976699e-03
-4.06401855e-01 6.29186974e-03 5.45912104e-04 3.59762429e-03 -3.29798522e-03
-4.04966485e-01 6.28733550e-03 5.50152965e-04 3.60271438e-03 -3.28626417e-03
-4.03530117e-01 6.28298819e-03 5.54296472e-04 3.60786661e-03 -3.27460659e-03
-4.02092753e-01 6.27883023e-03 5.58341259e-04 3.61308040e-03 -3.26301521e-03
-4.00654398e-01 6.27486389e-03 5.62286029e-04 3.61835512e-03 -3.25149265e-03
-3.99215055e-01 6.27109133e-03 5.66129554e-04 3.62369009e-03 -3.24004151e-03
-3.97774727e-01 6.26751451e-03 5.69870675e-04 3.62908457e-03 -3.22866428e-03
-3.96333418e-01 6.26413530e-03 5.73508308e-04 3.63453780e-03 -3.21736341e-03
-3.94891132e-01 6.26095539e-03 5.77041441e-04 3.64004893e-03 -3.20614126e-03
-3.93447872e-01 6.25797635e-03 5.80469140e-04 3.64561712e-03 -3.19500014e-03
-3.92003642e-01 6.25519957e-03 5.83790544e-04 3.65124144e-03 -3.18394225e-03
-3.90558445e-01 6.25262631e-03 5.87004873e-04 3.65692095e-03 -3.17296975e-03
-3.89112285e-01 6.25025770e-03 5.90111426e-04 3.66265467e-03 -3.16208468e-03
-3.87665165e-01 6.24809469e-03 5.93109582e-04 3.66844156e-03 -3.15128904e-03
-3.86217089e-01 6.24613811e-03 5.95998799e-04 3.67428057e-03 -3.14058472e-03
-3.84768060e-01 6.24438862e-03 5.98778622e-04 3.68017062e-03 -3.12997353e-03
-3.83318083e-01 6.24284676e-03 6.01448676e-04 3.68611058e-03 -3.11945721e-03
-3.81867160e-01 6.24151290e-03 6.04008671e-04 3.69209932e-03 -3.10903740e-03
-3.80415296e-01 6.24038728e-03 6.06458402e-04 3.69813567e-03 -3.09871565e-03
-3.78962493e-01 6.23946999e-03 6.08797749e-04 3.70421843e-03 -3.08849343e-03
-3.77508756e-01 6.23876099e-03 6.11026679e-04 3.71034640e-03 -3.07837213e-03
-3.76054088e-01 6.23826009e-03 6.13145244e-04 3.71651836e-03 -3.06835303e-03
-3.74598493e-01 6.23796696e-03 6.15153583e-04 3.72273307e-03 -3.05843734e-03
-3.73141973e-01 6.23788113e-03 6.17051923e-04 3.72898927e-03 -3.04862617e-03
-3.71684534e-01 6.23800202e-03 6.18840577e-04 3.73528572e-03 -3.03892053e-03
-3.70226177e-01 6.23832889e-03 6.20519946e-04 3.74162114e-03 -3.02932137e-03
-3.68766908e-01 6.23886087e-03 6.22090518e-04 3.74799426e-03 -3.01982952e-03
-3.67306729e-01 6.23959699e-03 6.23552866e-04 3.75440383e-03 -3.01044573e-03
-3.65845645e-01 6.24053612e-03 6.24907653e-04 3.76084857e-03 -3.00117066e-03
-3.64383658e-01 6.24167702e-03 6.26155626e-04 3.76732723e-03 -2.99200488e-03
-3.62920772e-01 6.24301835e-03 6.27297620e-04 3.77383854e-03 -2.98294887e-03
-3.61456992e-01 6.24455862e-03 6.28334552e-04 3.78038128e-03 -2.97400302e-03
-3.59992320e-01 6.24629624e-03 6.29267427e-04 3.78695420e-03 -2.96516763e-03
-3.58526760e-01 6.24822952e-03 6.30097334e-04 3.79355609e-03 -2.95644293e-03
-3.57060317e-01 6.25035665e-03 6.30825442e-04 3.80018576e-03 -2.94782902e-03
-3.55592992e-01 6.25267571e-03 6.31453006e-04 3.80684203e-03 -2.93932597e-03
-3.54124791e-01 6.25518468e-03 6.31981359e-04 3.81352375e-03 -2.93093371e-03
-3.52655716e-01 6.25788147e-03 6.32411916e-04 3.82022979e-03 -2.92265213e-03
-3.51185772e-01 6.26076385e-03 6.32746171e-04 3.82695906e-03 -2.91448102e-03
-3.49714961e-01 6.26382954e-03 6.32985695e-04 3.83371049e-03 -2.90642007e-03
-3.48243288e-01 6.26707614e-03 6.33132134e-04 3.84048305e-03 -2.89846893e-03
-3.46770756e-01 6.27050119e-03 6.33187210e-04 3.84727573e-03 -2.89062713e-03
-3.45297369e-01 6.27410215e-03 6.33152717e-04 3.85408757e-03 -2.88289415e-03
-3.43823131e-01 6.27787638e-03 6.33030522e-04 3.86091766e-03 -2.87526938e-03
-3.42348044e-01 6.28182120e-03 6.32822560e-04 3.86776512e-03 -2.86775215e-03
-3.40872114e-01 6.28593385e-03 6.32530833e-04 3.87462911e-03 -2.86034169e-03
-3.39395342e-01 6.29021149e-03 6.32157410e-04 3.88150885e-03 -2.85303720e-03
-3.37917734e-01 6.29465123e-03 6.31704424e-04 3.88840359e-03 -2.84583778e-03
-3.36439292e-01 6.29925015e-03 6.31174069e-04 3.89531264e-03 -2.83874246e-03
-3.34960021e-01 6.30400523e-03 6.30568597e-04 3.90223536e-03 -2.83175024e-03
-3.33479923e-01 6.30891345e-03 6.29890320e-04 3.90917118e-03 -2.82486002e-03
-3.31999003e-01 6.31397171e-03 6.29141603e-04 3.91611954e-03 -2.81807066e-03
-3.30517264e-01 6.31917690e-03 6.28324863e-04 3.92307999e-03 -2.81138096e-03
-3.29034710e-01 6.32452583e-03 6.27442569e-04 3.93005210e-03 -2.80478965e-03
-3.27551345e-01 6.33001534e-03 6.26497235e-04 3.93703551e-03 -2.79829542e-03
-3.26067172e-01 6.33564219e-03 6.25491422e-04 3.94402993e-03 -2.79189691e-03
-3.24582195e-01 6.34140314e-03 6.24427733e-04 3.95103510e-03 -2.78559270e-03
-3.23096417e-01 6.34729493e-03 6.23308808e-04 3.95805087e-03 -2.77938132e-03
-3.21609843e-01 6.35331427e-03 6.22137327e-04 3.96507710e-03 -2.77326128e-03
-3.20122475e-01 6.35945788e-03 6.20916003e-04 3.97211376e-03 -2.76723103e-03
-3.18634318e-01 6.36572246e-03 6.19647580e-04 3.97916085e-03 -2.76128897e-03
-3.17145375e-01 6.37210471e-03 6.18334830e-04 3.98621844e-03 -2.75543349e-03
-3.15655650e-01 6.37860132e-03 6.16980553e-04 3.99328669e-03 -2.74966292e-03
-3.14165146e-01 6.38520899e-03 6.15587568e-04 4.00036580e-03 -2.74397557e-03
-3.12673868e-01 6.39192443e-03 6.14158716e-04 4.00745603e-03 -2.73836973e-03
-3.11181819e-01 6.39874437e-03 6.12696854e-04 4.01455773e-03 -2.73284364e-03
-3.09689002e-01 6.40566552e-03 6.11204854e-04 4.02167129e-03 -2.72739555e-03
-3.08195421e-01 6.41268466e-03 6.09685596e-04 4.02879719e-03 -2.72202365e-03
-3.06701080e-01 6.41979854e-03 6.08141970e-04 4.03593596e-03 -2.71672613e-03
-3.05205983e-01 6.42700396e-03 6.06576870e-04 4.04308819e-03 -2.71150117e-03
-3.03710134e-01 6.43429776e-03 6.04993192e-04 4.05025453e-03 -2.70634693e-03
-3.02213535e-01 6.44167679e-03 6.03393830e-04 4.05743573e-03 -2.70126156e-03
-3.00716191e-01 6.44913794e-03 6.01781675e-04 4.06463255e-03 -2.69624319e-03
-2.99218105e-01 6.45667814e-03 6.00159609e-04 4.07184585e-03 -2.69128996e-03
-2.97719282e-01 6.46429437e-03 5.98530505e-04 4.07907654e-03 -2.68640000e-03
-2.96219724e-01 6.47198363e-03 5.96897222e-04 4.08632557e-03 -2.68157144e-03
-2.94719436e-01 6.47974298e-03 5.95262603e-04 4.09359399e-03 -2.67680241e-03
-2.93218420e-01 6.48756954e-03 5.93629472e-04 4.10088286e-03 -2.67209104e-03
-2.91716682e-01 6.49546046e-03 5.92000631e-04 4.10819333e-03 -2.66743549e-03
-2.90214224e-01 6.50341296e-03 5.90378858e-04 4.11552660e-03 -2.66283390e-03
-2.88711051e-01 6.51142431e-03 5.88766900e-04 4.12288391e-03 -2.65828443e-03
-2.87207166e-01 6.51949184e-03 5.87167479e-04 4.13026655e-03 -2.65378526e-03
-2.85702572e-01 6.52761294e-03 5.85583278e-04 4.13767588e-03 -2.64933458e-03
-2.84197274e-01 6.53578506e-03 5.84016949e-04 4.14511329e-03 -2.64493061e-03
-2.82691274e-01 6.54400572e-03 5.82471103e-04 4.15258023e-03 -2.64057158e-03
-2.81184578e-01 6.55227251e-03 5.80948309e-04 4.16007818e-03 -2.63625573e-03
-2.79677188e-01 6.56058308e-03 5.79451096e-04 4.16760866e-03 -2.63198136e-03
-2.78169109e-01 6.56893515e-03 5.77981943e-04 4.17517326e-03 -2.62774676e-03
-2.76660343e-01 6.57732653e-03 5.76543283e-04 4.18277356e-03 -2.62355028e-03
-2.75150895e-01 6.58575507e-03 5.75137498e-04 4.19041123e-03 -2.61939027e-03
-2.73640769e-01 6.59421873e-03 5.73766917e-04 4.19808793e-03 -2.61526514e-03
-2.72129968e-01 6.60271552e-03 5.72433813e-04 4.20580537e-03 -2.61117333e-03
-2.70618495e-01 6.61124353e-03 5.71140403e-04 4.21356529e-03 -2.60711330e-03
-2.69106356e-01 6.61980095e-03 5.69888844e-04 4.22136946e-03 -2.60308356e-03
-2.67593552e-01 6.62838603e-03 5.68681232e-04 4.22921965e-03 -2.59908266e-03
-2.66080089e-01 6.63699709e-03 5.67519601e-04 4.23711769e-03 -2.59510919e-03
-2.64565969e-01 6.64563255e-03 5.66405918e-04 4.24506539e-03 -2.59116178e-03
-2.63051197e-01 6.65429091e-03 5.65342086e-04 4.25306460e-03 -2.58723911e-03
-2.61535776e-01 6.66297072e-03 5.64329940e-04 4.26111719e-03 -2.58333991e-03
-2.60019711e-01 6.67167066e-03 5.63371242e-04 4.26922503e-03 -2.57946294e-03
-2.58503004e-01 6.68038946e-03 5.62467688e-04 4.27738998e-03 -2.57560702e-03
-2.56985659e-01 6.68912593e-03 5.61620900e-04 4.28561395e-03 -2.57177102e-03
-2.55467681e-01 6.69787897e-03 5.60832425e-04 4.29389882e-03 -2.56795385e-03
-2.53949073e-01 6.70664757e-03 5.60103739e-04 4.30224648e-03 -2.56415449e-03
-2.52429838e-01 6.71543079e-03 5.59436239e-04 4.31065881e-03 -2.56037195e-03
-2.50909981e-01 6.72422777e-03 5.58831249e-04 4.31913772e-03 -2.55660531e-03
-2.49389505e-01 6.73303773e-03 5.58290015e-04 4.32768506e-03 -2.55285369e-03
-2.47868414e-01 6.74185998e-03 5.57813705e-04 4.33630272e-03 -2.54911629e-03
-2.46346712e-01 6.75069390e-03 5.57403408e-04 4.34499255e-03 -2.54539232e-03
-2.44824402e-01 6.75953895e-03 5.57060136e-04 4.35375639e-03 -2.54168109e-03
-2.43301489e-01 6.76839468e-03 5.56784822e-04 4.36259606e-03 -2.53798194e-03
-2.41777975e-01 6.77726069e-03 5.56578319e-04 4.37151337e-03 -2.53429428e-03
-2.40253865e-01 6.78613668e-03 5.56441401e-04 4.38051011e-03 -2.53061756e-03
-2.38729163e-01 6.79502243e-03 5.56374762e-04 4.38958803e-03 -2.52695130e-03
-2.37203872e-01 6.80391776e-03 5.56379018e-04 4.39874885e-03 -2.52329508e-03
-2.35677996e-01 6.81282259e-03 5.56454705e-04 4.40799429e-03 -2.51964851e-03
-2.34151539e-01 6.82173691e-03 5.56602280e-04 4.41732601e-03 -2.51601129e-03
-2.32624504e-01 6.83066077e-03 5.56822122e-04 4.42674564e-03 -2.51238315e-03
-2.31096895e-01 6.83959429e-03 5.57114533e-04 4.43625479e-03 -2.50876389e-03
-2.29568717e-01 6.84853767e-03 5.57479736e-04 4.44585501e-03 -2.50515336e-03
-2.28039973e-01 6.85749116e-03 5.57917879e-04 4.45554782e-03 -2.50155147e-03
-2.26510666e-01 6.86645507e-03 5.58429034e-04 4.46533470e-03 -2.49795818e-03
-2.24980800e-01 6.87542978e-03 5.59013196e-04 4.47521707e-03 -2.49437350e-03
-2.23450380e-01 6.88441575e-03 5.59670290e-04 4.48519632e-03 -2.49079750e-03
-2.21919408e-01 6.89341346e-03 5.60400164e-04 4.49527379e-03 -2.48723030e-03
-2.20387890e-01 6.90242347e-03 5.61202598e-04 4.50545074e-03 -2.48367207e-03
-2.18855828e-01 6.91144639e-03 5.62077300e-04 4.51572843e-03 -2.48012303e-03
-2.17323226e-01 6.92048289e-03 5.63023909e-04 4.52610802e-03 -2.47658346e-03
-2.15790088e-01 6.92953367e-03 5.64041998e-04 4.53659063e-03 -2.47305366e-03
-2.14256418e-01 6.93859949e-03 5.65131072e-04 4.54717733e-03 -2.46953401e-03
-2.12722219e-01 6.94768117e-03 5.66290573e-04 4.55786911e-03 -2.46602493e-03
-2.11187496e-01 6.95677956e-03 5.67519881e-04 4.56866693e-03 -2.46252687e-03
-2.09652252e-01 6.96589554e-03 5.68818315e-04 4.57957166e-03 -2.45904033e-03
-2.08116491e-01 6.97503006e-03 5.70185134e-04 4.59058412e-03 -2.45556586e-03
-2.06580217e-01 6.98418409e-03 5.71619540e-04 4.60170507e-03 -2.45210404e-03
-2.05043433e-01 6.99335863e-03 5.73120683e-04 4.61293519e-03 -2.44865551e-03
-2.03506144e-01 7.00255473e-03 5.74687657e-04 4.62427511e-03 -2.44522091e-03
-2.01968353e-01 7.01177346e-03 5.76319506e-04 4.63572538e-03 -2.44180096e-03
-2.00430064e-01 7.02101592e-03 5.78015226e-04 4.64728650e-03 -2.43839638e-03
-1.98891280e-01 7.03028323e-03 5.79773768e-04 4.65895888e-03 -2.43500795e-03
-1.97352006e-01 7.03957657e-03 5.81594035e-04 4.67074286e-03 -2.43163645e-03
-1.95812245e-01 7.04889709e-03 5.83474894e-04 4.68263875e-03 -2.42828273e-03
-1.94272002e-01 7.05824601e-03 5.85415167e-04 4.69464673e-03 -2.42494764e-03
-1.92731279e-01 7.06762452e-03 5.87413645e-04 4.70676695e-03 -2.42163205e-03
-1.91190081e-01 7.07703387e-03 5.89469079e-04 4.71899949e-03 -2.41833688e-03
-1.89648411e-01 7.08647530e-03 5.91580192e-04 4.73134433e-03 -2.41506305e-03
-1.88106274e-01 7.09595007e-03 5.93745677e-04 4.74380141e-03 -2.41181151e-03
-1.86563673e-01 7.10545944e-03 5.95964200e-04 4.75637058e-03 -2.40858323e-03
-1.85020611e-01 7.11500468e-03 5.98234403e-04 4.76905163e-03 -2.40537918e-03
-1.83477094e-01 7.12458709e-03 6.00554906e-04 4.78184427e-03 -2.40220038e-03
-1.81933124e-01 7.13420793e-03 6.02924311e-04 4.79474814e-03 -2.39904782e-03
-1.80388705e-01 7.14386850e-03 6.05341203e-04 4.80776281e-03 -2.39592253e-03
-1.78843841e-01 7.15357009e-03 6.07804156e-04 4.82088780e-03 -2.39282554e-03
-1.77298536e-01 7.16331397e-03 6.10311728e-04 4.83412253e-03 -2.38975786e-03
-1.75752795e-01 7.17310142e-03 6.12862474e-04 4.84746637e-03 -2.38672055e-03
-1.74206619e-01 7.18293372e-03 6.15454941e-04 4.86091862e-03 -2.38371465e-03
-1.72660014e-01 7.19281213e-03 6.18087672e-04 4.87447851e-03 -2.38074118e-03
-1.71112983e-01 7.20273791e-03 6.20759211e-04 4.88814521e-03 -2.37780119e-03
-1.69565531e-01 7.21271231e-03 6.23468105e-04 4.90191782e-03 -2.37489570e-03
-1.68017660e-01 7.22273655e-03 6.26212904e-04 4.91579537e-03 -2.37202574e-03
-1.66469374e-01 7.23281187e-03 6.28992167e-04 4.92977683e-03 -2.36919232e-03
-1.64920678e-01 7.24293946e-03 6.31804462e-04 4.94386113e-03 -2.36639646e-03
-1.63371576e-01 7.25312052e-03 6.34648370e-04 4.95804710e-03 -2.36363913e-03
-1.61822070e-01 7.26335621e-03 6.37522485e-04 4.97233356e-03 -2.36092131e-03
-1.60272166e-01 7.27364768e-03 6.40425421e-04 4.98671922e-03 -2.35824397e-03
-1.58721866e-01 7.28399607e-03 6.43355810e-04 5.00120277e-03 -2.35560803e-03
-1.57171175e-01 7.29440249e-03 6.46312308e-04 5.01578284e-03 -2.35301442e-03
-1.55620096e-01 7.30486801e-03 6.49293591e-04 5.03045801e-03 -2.35046403e-03
-1.54068633e-01 7.31539372e-03 6.52298367e-04 5.04522678e-03 -2.34795772e-03
-1.52516790e-01 7.32598063e-03 6.55325368e-04 5.06008765e-03 -2.34549634e-03
-1.50964572e-01 7.33662978e-03 6.58373360e-04 5.07503904e-03 -2.34308070e-03
-1.49411981e-01 7.34734214e-03 6.61441140e-04 5.09007932e-03 -2.34071157e-03
-1.47859021e-01 7.35811868e-03 6.64527541e-04 5.10520685e-03 -2.33838970e-03
-1.46305697e-01 7.36896033e-03 6.67631432e-04 5.12041992e-03 -2.33611580e-03
-1.44752012e-01 7.37986800e-03 6.70751721e-04 5.13571679e-03 -2.33389054e-03
-1.43197970e-01 7.39084257e-03 6.73887355e-04 5.15109570e-03 -2.33171456e-03
-1.41643575e-01 7.40188489e-03 6.77037324e-04 5.16655482e-03 -2.32958845e-03
-1.40088830e-01 7.41299578e-03 6.80200663e-04 5.18209233e-03 -2.32751277e-03
-1.38533740e-01 7.42417604e-03 6.83376450e-04 5.19770635e-03 -2.32548801e-03
-1.36978309e-01 7.43542642e-03 6.86563809e-04 5.21339500e-03 -2.32351464e-03
-1.35422539e-01 7.44674767e-03 6.89761915e-04 5.22915634e-03 -2.32159307e-03
-1.33866436e-01 7.45814049e-03 6.92969989e-04 5.24498846e-03 -2.31972367e-03
-1.32310002e-01 7.46960555e-03 6.96187304e-04 5.26088938e-03 -2.31790675e-03
-1.30753243e-01 7.48114352e-03 6.99413183e-04 5.27685713e-03 -2.31614258e-03
-1.29196160e-01 7.49275500e-03 7.02647002e-04 5.29288974e-03 -2.31443136e-03
-1.27638760e-01 7.50444059e-03 7.05888190e-04 5.30898519e-03 -2.31277326e-03
-1.26081044e-01 7.51620085e-03 7.09136230e-04 5.32514150e-03 -2.31116836e-03
-1.24523017e-01 7.52803633e-03 7.12390659e-04 5.34135665e-03 -2.30961672e-03
-1.22964684e-01 7.53994754e-03 7.15651070e-04 5.35762863e-03 -2.30811832e-03
-1.21406047e-01 7.55193496e-03 7.18917110e-04 5.37395544e-03 -2.30667308e-03
-1.19847110e-01 7.56399904e-03 7.22188483e-04 5.39033508e-03 -2.30528087e-03
-1.18287878e-01 7.57614024e-03 7.25464949e-04 5.40676554e-03 -2.30394150e-03
-1.16728355e-01 7.58835896e-03 7.28746324e-04 5.42324484e-03 -2.30265470e-03
-1.15168543e-01 7.60065559e-03 7.32032479e-04 5.43977102e-03 -2.30142017e-03
-1.13608448e-01 7.61303050e-03 7.35323344e-04 5.45634211e-03 -2.30023750e-03
-1.12048072e-01 7.62548404e-03 7.38618903e-04 5.47295619e-03 -2.29910626e-03
-1.10487420e-01 7.63801654e-03 7.41919194e-04 5.48961134e-03 -2.29802594e-03
-1.08926495e-01 7.65062831e-03 7.45224314e-04 5.50630567e-03 -2.29699595e-03
-1.07365302e-01 7.66331963e-03 7.48534412e-04 5.52303733e-03 -2.29601566e-03
-1.05803844e-01 7.67609080e-03 7.51849691e-04 5.53980449e-03 -2.29508435e-03
-1.04242126e-01 7.68894207e-03 7.55170410e-04 5.55660537e-03 -2.29420125e-03
-1.02680150e-01 7.70187370e-03 7.58496876e-04 5.57343822e-03 -2.29336552e-03
-1.01117920e-01 7.71488591e-03 7.61829452e-04 5.59030132e-03 -2.29257624e-03
-9.95554419e-02 7.72797894e-03 7.65168550e-04 5.60719301e-03 -2.29183246e-03
-9.79927178e-02 7.74115300e-03 7.68514629e-04 5.62411168e-03 -2.29113311e-03
-9.64297521e-02 7.75440831e-03 7.71868198e-04 5.64105576e-03 -2.29047710e-03
-9.48665486e-02 7.76774507e-03 7.75229815e-04 5.65802375e-03 -2.28986326e-03
-9.33031111e-02 7.78116348e-03 7.78600079e-04 5.67501418e-03 -2.28929033e-03
-9.17394435e-02 7.79466374e-03 7.81979635e-04 5.69202567e-03 -2.28875702e-03
-9.01755497e-02 7.80824605e-03 7.85369171e-04 5.70905688e-03 -2.28826195e-03
-8.86114334e-02 7.82191059e-03 7.88769413e-04 5.72610655e-03 -2.28780370e-03
-8.70470987e-02 7.83565758e-03 7.92181127e-04 5.74317349e-03 -2.28738076e-03
-8.54825493e-02 7.84948721e-03 7.95605115e-04 5.76025657e-03 -2.28699157e-03
-8.39177890e-02 7.86339970e-03 7.99042215e-04 5.77735475e-03 -2.28663451e-03
-8.23528218e-02 7.87739524e-03 8.02493296e-04 5.79446705e-03 -2.28630789e-03
-8.07876515e-02 7.89147408e-03 8.05959258e-04 5.81159258e-03 -2.28600997e-03
-7.92222820e-02 7.90563645e-03 8.09441029e-04 5.82873054e-03 -2.28573894e-03
-7.76567171e-02 7.91988258e-03 8.12939564e-04 5.84588021e-03 -2.28549294e-03
-7.60909607e-02 7.93421274e-03 8.16455840e-04 5.86304094e-03 -2.28527006e-03
-7.45250166e-02 7.94862721e-03 8.19990856e-04 5.88021220e-03 -2.28506832e-03
-7.29588887e-02 7.96312628e-03 8.23545630e-04 5.89739354e-03 -2.28488569e-03
-7.13925810e-02 7.97771026e-03 8.27121195e-04 5.91458460e-03 -2.28472010e-03
-6.98260971e-02 7.99237947e-03 8.30718599e-04 5.93178513e-03 -2.28456941e-03
-6.82594410e-02 8.00713428e-03 8.34338898e-04 5.94899496e-03 -2.28443145e-03
-6.66926166e-02 8.02197506e-03 8.37983161e-04 5.96621404e-03 -2.28430399e-03
-6.51256278e-02 8.03690221e-03 8.41652457e-04 5.98344241e-03 -2.28418477e-03
-6.35584783e-02 8.05191615e-03 8.45347862e-04 6.00068024e-03 -2.28407146e-03
-6.19911720e-02 8.06701735e-03 8.49070450e-04 6.01792777e-03 -2.28396172e-03
-6.04237129e-02 8.08220629e-03 8.52821291e-04 6.03518539e-03 -2.28385316e-03
-5.88561048e-02 8.09748349e-03 8.56601452e-04 6.05245356e-03 -2.28374334e-03
-5.72883515e-02 8.11284949e-03 8.60411988e-04 6.06973288e-03 -2.28362982e-03
-5.57204570e-02 8.12830487e-03 8.64253946e-04 6.08702406e-03 -2.28351008e-03
-5.41524250e-02 8.14385025e-03 8.68128356e-04 6.10432790e-03 -2.28338162e-03
-5.25842595e-02 8.15948628e-03 8.72036232e-04 6.12164535e-03 -2.28324189e-03
-5.10159643e-02 8.17521365e-03 8.75978567e-04 6.13897746e-03 -2.28308831e-03
-4.94475433e-02 8.19103308e-03 8.79956332e-04 6.15632539e-03 -2.28291829e-03
-4.78790003e-02 8.20694534e-03 8.83970471e-04 6.17369043e-03 -2.28272923e-03
-4.63103392e-02 8.22295124e-03 8.88021900e-04 6.19107399e-03 -2.28251850e-03
-4.47415640e-02 8.23905162e-03 8.92111503e-04 6.20847758e-03 -2.28228346e-03
-4.31726784e-02 8.25524737e-03 8.96240129e-04 6.22590284e-03 -2.28202148e-03
-4.16036863e-02 8.27153941e-03 9.00408593e-04 6.24335154e-03 -2.28172989e-03
-4.00345917e-02 8.28792873e-03 9.04617665e-04 6.26082556e-03 -2.28140605e-03
-3.84653983e-02 8.30441633e-03 9.08868078e-04 6.27832689e-03 -2.28104731e-03
-3.68961100e-02 8.32100329e-03 9.13160517e-04 6.29585766e-03 -2.28065102e-03
-3.53267308e-02 8.33769070e-03 9.17495618e-04 6.31342008e-03 -2.28021454e-03
-3.37572644e-02 8.35447971e-03 9.21873969e-04 6.33101653e-03 -2.27973524e-03
-3.21877148e-02 8.37137152e-03 9.26296106e-04 6.34864946e-03 -2.27921050e-03
-3.06180858e-02 8.38836738e-03 9.30762509e-04 6.36632145e-03 -2.27863774e-03
-2.90483813e-02 8.40546856e-03 9.35273599e-04 6.38403521e-03 -2.27801437e-03
-2.74786051e-02 8.42267641e-03 9.39829740e-04 6.40179355e-03 -2.27733785e-03
-2.59087612e-02 8.43999230e-03 9.44431233e-04 6.41959939e-03 -2.27660566e-03
-2.43388534e-02 8.45741766e-03 9.49078316e-04 6.43745575e-03 -2.27581530e-03
-2.27688855e-02 8.47495396e-03 9.53771163e-04 6.45536579e-03 -2.27496434e-03
-2.11988616e-02 8.49260270e-03 9.58509876e-04 6.47333274e-03 -2.27405034e-03
-1.96287853e-02 8.51036546e-03 9.63294492e-04 6.49135996e-03 -2.27307096e-03
-1.80586606e-02 8.52824384e-03 9.68124977e-04 6.50945090e-03 -2.27202385e-03
-1.64884914e-02 8.54623948e-03 9.73001221e-04 6.52760911e-03 -2.27090676e-03
-1.49182815e-02 8.56435408e-03 9.77923045e-04 6.54583824e-03 -2.26971747e-03
-1.33480349e-02 8.58258938e-03 9.82890193e-04 6.56414203e-03 -2.26845382e-03
-1.17777553e-02 8.60094714e-03 9.87902331e-04 6.58252431e-03 -2.26711371e-03
-1.02074466e-02 8.61942920e-03 9.92959051e-04 6.60098900e-03 -2.26569512e-03
-8.63711283e-03 8.63803739e-03 9.98059866e-04 6.61954011e-03 -2.26419608e-03
-7.06675773e-03 8.65677363e-03 1.00320421e-03 6.63818173e-03 -2.26261471e-03
-5.49638519e-03 8.67563985e-03 1.00839144e-03 6.65691801e-03 -2.26094919e-03
-3.92599911e-03 8.69463802e-03 1.01362082e-03 6.67575320e-03 -2.25919780e-03
-2.35560334e-03 8.71377015e-03 1.01889156e-03 6.69469162e-03 -2.25735889e-03
-7.85201758e-04 8.73303827e-03 1.02420276e-03 6.71373762e-03 -2.25543090e-03
7.85201758e-04 8.75244448e-03 1.02955346e-03 6.73289566e-03 -2.25341235e-03
2.35560334e-03 8.77199086e-03 1.03494262e-03 6.75217022e-03 -2.25130188e-03
3.92599911e-03 8.79167956e-03 1.04036911e-03 6.77156586e-03 -2.24909820e-03
5.49638519e-03 8.81151275e-03 1.04583172e-03 6.79108719e-03 -2.24680014e-03
7.06675773e-03 8.83149261e-03 1.05132917e-03 6.81073883e-03 -2.24440662e-03
8.63711283e-03 8.85162137e-03 1.05686009e-03 6.83052548e-03 -2.24191667e-03
1.02074466e-02 8.87190126e-03 1.06242305e-03 6.85045186e-03 -2.23932944e-03
1.17777553e-02 8.89233455e-03 1.06801654e-03 6.87052272e-03 -2.23664417e-03
1.33480349e-02 8.91292352e-03 1.07363894e-03 6.89074283e-03 -2.23386023e-03
1.49182815e-02 8.93367047e-03 1.07928862e-03 6.91111701e-03 -2.23097711e-03
1.64884914e-02 8.95457771e-03 1.08496382e-03 6.93165005e-03 -2.22799441e-03
1.80586606e-02 8.97564757e-03 1.09066275e-03 6.95234678e-03 -2.22491186e-03
1.96287853e-02 8.99688240e-03 1.09638352e-03 6.97321204e-03 -2.22172931e-03
2.11988616e-02 9.01828455e-03 1.10212419e-03 6.99425065e-03 -2.21844673e-03
2.27688855e-02 9.03985637e-03 1.10788276e-03 7.01546744e-03 -2.21506424e-03
2.43388534e-02 9.06160022e-03 1.11365717e-03 7.03686722e-03 -2.21158206e-03
2.59087612e-02 9.08351849e-03 1.11944528e-03 7.05845479e-03 -2.20800057e-03
2.74786051e-02 9.10561352e-03 1.12524491e-03 7.08023493e-03 -2.20432027e-03
2.90483813e-02 9.12788770e-03 1.13105382e-03 7.10221238e-03 -2.20054179e-03
3.06180858e-02 9.15034339e-03 1.13686972e-03 7.12439187e-03 -2.19666590e-03
3.21877148e-02 9.17298294e-03 1.14269027e-03 7.14677808e-03 -2.19269352e-03
3.37572644e-02 9.19580870e-03 1.14851310e-03 7.16937564e-03 -2.18862568e-03
3.53267308e-02 9.21882301e-03 1.15433578e-03 7.19218914e-03 -2.18446358e-03
3.68961100e-02 9.24202821e-03 1.16015583e-03 7.21522313e-03 -2.18020852e-03
3.84653983e-02 9.26542661e-03 1.16597078e-03 7.23848206e-03 -2.17586198e-03
4.00345917e-02 9.28902050e-03 1.17177808e-03 7.26197036e-03 -2.17142556e-03
4.16036863e-02 9.31281216e-03 1.17757519e-03 7.28569237e-03 -2.16690098e-03
4.31726784e-02 9.33680385e-03 1.18335951e-03 7.30965235e-03 -2.16229013e-03
4.47415640e-02 9.36099779e-03 1.18912846e-03 7.33385449e-03 -2.15759502e-03
4.63103392e-02 9.38539621e-03 1.19487942e-03 7.35830290e-03 -2.15281781e-03
4.78790003e-02 9.41000127e-03 1.20060975e-03 7.38300158e-03 -2.14796077e-03
4.94475433e-02 9.43481512e-03 1.20631683e-03 7.40795446e-03 -2.14302633e-03
5.10159643e-02 9.45983990e-03 1.21199803e-03 7.43316536e-03 -2.13801705e-03
5.25842595e-02 9.48507766e-03 1.21765069e-03 7.45863798e-03 -2.13293562e-03
5.41524250e-02 9.51053048e-03 1.22327221e-03 7.48437593e-03 -2.12778484e-03
5.57204570e-02 9.53620035e-03 1.22885994e-03 7.51038272e-03 -2.12256767e-03
5.72883515e-02 9.56208924e-03 1.23441130e-03 7.53666170e-03 -2.11728717e-03
5.88561048e-02 9.58819909e-03 1.23992369e-03 7.56321614e-03 -2.11194654e-03
6.04237129e-02 9.61453177e-03 1.24539455e-03 7.59004917e-03 -2.10654910e-03
6.19911720e-02 9.64108913e-03 1.25082135e-03 7.61716379e-03 -2.10109827e-03
6.35584783e-02 9.66787296e-03 1.25620159e-03 7.64456287e-03 -2.09559760e-03
6.51256278e-02 9.69488500e-03 1.26153279e-03 7.67224913e-03 -2.09005076e-03
6.66926166e-02 9.72212694e-03 1.26681255e-03 7.70022518e-03 -2.08446150e-03
6.82594410e-02 9.74960043e-03 1.27203847e-03 7.72849345e-03 -2.07883370e-03
6.98260971e-02 9.77730705e-03 1.27720825e-03 7.75705627e-03 -2.07317133e-03
7.13925810e-02 9.80524834e-03 1.28231960e-03 7.78591578e-03 -2.06747846e-03
7.29588887e-02 9.83342577e-03 1.28737031e-03 7.81507400e-03 -2.06175925e-03
7.45250166e-02 9.86184078e-03 1.29235824e-03 7.84453277e-03 -2.05601794e-03
7.60909607e-02 9.89049471e-03 1.29728132e-03 7.87429381e-03 -2.05025886e-03
7.76567171e-02 9.91938887e-03 1.30213753e-03 7.90435865e-03 -2.04448643e-03
7.92222820e-02 9.94852452e-03 1.30692494e-03 7.93472868e-03 -2.03870512e-03
8.07876515e-02 9.97790283e-03 1.31164171e-03 7.96540513e-03 -2.03291949e-03
8.23528218e-02 1.00075249e-02 1.31628607e-03 7.99638907e-03 -2.02713414e-03
8.39177890e-02 1.00373918e-02 1.32085634e-03 8.02768140e-03 -2.02135376e-03
8.54825493e-02 1.00675046e-02 1.32535095e-03 8.05928286e-03 -2.01558306e-03
8.70470987e-02 1.00978642e-02 1.32976840e-03 8.09119404e-03 -2.00982681e-03
8.86114334e-02 1.01284713e-02 1.33410730e-03 8.12341536e-03 -2.00408982e-03
9.01755497e-02 1.01593270e-02 1.33836637e-03 8.15594707e-03 -1.99837693e-03
9.17394435e-02 1.01904318e-02 1.34254443e-03 8.18878926e-03 -1.99269302e-03
9.33031111e-02 1.02217865e-02 1.34664040e-03 8.22194187e-03 -1.98704299e-03
9.48665486e-02 1.02533916e-02 1.35065332e-03 8.25540467e-03 -1.98143173e-03
9.64297521e-02 1.02852478e-02 1.35458235e-03 8.28917727e-03 -1.97586418e-03
9.79927178e-02 1.03173555e-02 1.35842676e-03 8.32325912e-03 -1.97034525e-03
9.95554419e-02 1.03497151e-02 1.36218594e-03 8.35764952e-03 -1.96487987e-03
1.01117920e-01 1.03823270e-02 1.36585939e-03 8.39234761e-03 -1.95947295e-03
1.02680150e-01 1.04151914e-02 1.36944676e-03 8.42735238e-03 -1.95412937e-03
1.04242126e-01 1.04483087e-02 1.37294780e-03 8.46266266e-03 -1.94885403e-03
1.05803844e-01 1.04816790e-02 1.37636239e-03 8.49827714e-03 -1.94365175e-03
1.07365302e-01 1.05153023e-02 1.37969056e-03 8.53419436e-03 -1.93852734e-03
1.08926495e-01 1.05491788e-02 1.38293245e-03 8.57041273e-03 -1.93348557e-03
1.10487420e-01 1.05833083e-02 1.38608832e-03 8.60693049e-03 -1.92853115e-03
1.12048072e-01 1.06176910e-02 1.38915859e-03 8.64374577e-03 -1.92366875e-03
1.13608448e-01 1.06523265e-02 1.39214379e-03 8.68085656e-03 -1.91890295e-03
1.15168543e-01 1.06872148e-02 1.39504459e-03 8.71826071e-03 -1.91423828e-03
1.16728355e-01 1.07223555e-02 1.39786178e-03 8.75595597e-03 -1.90967920e-03
1.18287878e-01 1.07577485e-02 1.40059630e-03 8.79393995e-03 -1.90523008e-03
1.19847110e-01 1.07933934e-02 1.40324921e-03 8.83221014e-03 -1.90089520e-03
1.21406047e-01 1.08292897e-02 1.40582170e-03 8.87076392e-03 -1.89667875e-03
1.22964684e-01 1.08654370e-02 1.40831510e-03 8.90959858e-03 -1.89258482e-03
1.24523017e-01 1.09018348e-02 1.41073085e-03 8.94871128e-03 -1.88861738e-03
1.26081044e-01 1.09384827e-02 1.41307055e-03 8.98809911e-03 -1.88478031e-03
1.27638760e-01 1.09753799e-02 1.41533588e-03 9.02775905e-03 -1.88107736e-03
1.29196160e-01 1.10125260e-02 1.41752869e-03 9.06768799e-03 -1.87751216e-03
1.30753243e-01 1.10499202e-02 1.41965092e-03 9.10788274e-03 -1.87408821e-03
1.32310002e-01 1.10875618e-02 1.42170465e-03 9.14834006e-03 -1.87080886e-03
1.33866436e-01 1.11254501e-02 1.42369207e-03 9.18905661e-03 -1.86767736e-03
1.35422539e-01 1.11635844e-02 1.42561548e-03 9.23002898e-03 -1.86469677e-03
1.36978309e-01 1.12019638e-02 1.42747730e-03 9.27125374e-03 -1.86187004e-03
1.38533740e-01 1.12405874e-02 1.42928006e-03 9.31272736e-03 -1.85919993e-03
1.40088830e-01 1.12794545e-02 1.43102639e-03 9.35444630e-03 -1.85668908e-03
1.41643575e-01 1.13185642e-02 1.43271904e-03 9.39640697e-03 -1.85433993e-03
1.43197970e-01 1.13579155e-02 1.43436083e-03 9.43860573e-03 -1.85215479e-03
1.44752012e-01 1.13975076e-02 1.43595470e-03 9.48103893e-03 -1.85013578e-03
1.46305697e-01 1.14373394e-02 1.43750368e-03 9.52370290e-03 -1.84828485e-03
1.47859021e-01 1.14774101e-02 1.43901088e-03 9.56659394e-03 -1.84660378e-03
1.49411981e-01 1.15177187e-02 1.44047950e-03 9.60970835e-03 -1.84509416e-03
1.50964572e-01 1.15582641e-02 1.44191280e-03 9.65304243e-03 -1.84375741e-03
1.52516790e-01 1.15990454e-02 1.44331415e-03 9.69659247e-03 -1.84259477e-03
1.54068633e-01 1.16400616e-02 1.44468695e-03 9.74035479e-03 -1.84160727e-03
1.55620096e-01 1.16813117e-02 1.44603471e-03 9.78432572e-03 -1.84079578e-03
1.57171175e-01 1.17227947e-02 1.44736096e-03 9.82850160e-03 -1.84016096e-03
1.58721866e-01 1.17645097e-02 1.44866931e-03 9.87287881e-03 -1.83970331e-03
1.60272166e-01 1.18064555e-02 1.44996341e-03 9.91745377e-03 -1.83942310e-03
1.61822070e-01 1.18486313e-02 1.45124697e-03 9.96222294e-03 -1.83932043e-03
1.63371576e-01 1.18910360e-02 1.45252370e-03 1.00071828e-02 -1.83939522e-03
1.64920678e-01 1.19336688e-02 1.45379740e-03 1.00523299e-02 -1.83964716e-03
1.66469374e-01 1.19765286e-02 1.45507187e-03 1.00976610e-02 -1.84007579e-03
1.68017660e-01 1.20196145e-02 1.45635093e-03 1.01431725e-02 -1.84068043e-03
1.69565531e-01 1.20629257e-02 1.45763842e-03 1.01888614e-02 -1.84146022e-03
1.71112983e-01 1.21064611e-02 1.45893822e-03 1.02347245e-02 -1.84241411e-03
1.72660014e-01 1.21502200e-02 1.46025417e-03 1.02807585e-02 -1.84354086e-03
1.74206619e-01 1.21942016e-02 1.46159016e-03 1.03269607e-02 -1.84483905e-03
1.75752795e-01 1.22384050e-02 1.46295005e-03 1.03733280e-02 -1.84630707e-03
1.77298536e-01 1.22828294e-02 1.46433770e-03 1.04198576e-02 -1.84794312e-03
1.78843841e-01 1.23274740e-02 1.46575694e-03 1.04665468e-02 -1.84974523e-03
1.80388705e-01 1.23723383e-02 1.46721161e-03 1.05133930e-02 -1.85171127e-03
1.81933124e-01 1.24174215e-02 1.46870550e-03 1.05603938e-02 -1.85383890e-03
1.83477094e-01 1.24627229e-02 1.47024238e-03 1.06075467e-02 -1.85612563e-03
1.85020611e-01 1.25082421e-02 1.47182598e-03 1.06548495e-02 -1.85856881e-03
1.86563673e-01 1.25539784e-02 1.47346000e-03 1.07023000e-02 -1.86116562e-03
1.88106274e-01 1.25999313e-02 1.47514809e-03 1.07498964e-02 -1.86391307e-03
1.89648411e-01 1.26461003e-02 1.47689383e-03 1.07976365e-02 -1.86680804e-03
1.91190081e-01 1.26924852e-02 1.47870077e-03 1.08455189e-02 -1.86984723e-03
1.92731279e-01 1.27390854e-02 1.48057240e-03 1.08935417e-02 -1.87302723e-03
1.94272002e-01 1.27859008e-02 1.48251212e-03 1.09417036e-02 -1.87634446e-03
1.95812245e-01 1.28329310e-02 1.48452329e-03 1.09900033e-02 -1.87979522e-03
1.97352006e-01 1.28801758e-02 1.48660917e-03 1.10384396e-02 -1.88337568e-03
1.98891280e-01 1.29276352e-02 1.48877297e-03 1.10870114e-02 -1.88708189e-03
2.00430064e-01 1.29753090e-02 1.49101779e-03 1.11357179e-02 -1.89090977e-03
2.01968353e-01 1.30231972e-02 1.49334667e-03 1.11845584e-02 -1.89485514e-03
2.03506144e-01 1.30712999e-02 1.49576254e-03 1.12335323e-02 -1.89891370e-03
2.05043433e-01 1.31196170e-02 1.49826824e-03 1.12826391e-02 -1.90308108e-03
2.06580217e-01 1.31681489e-02 1.50086653e-03 1.13318786e-02 -1.90735279e-03
2.08116491e-01 1.32168957e-02 1.50356005e-03 1.13812508e-02 -1.91172425e-03
2.09652252e-01 1.32658576e-02 1.50635135e-03 1.14307556e-02 -1.91619084e-03
2.11187496e-01 1.33150351e-02 1.50924287e-03 1.14803933e-02 -1.92074781e-03
2.12722219e-01 1.33644285e-02 1.51223694e-03 1.15301643e-02 -1.92539039e-03
2.14256418e-01 1.34140384e-02 1.51533579e-03 1.15800690e-02 -1.93011374e-03
2.15790088e-01 1.34638652e-02 1.51854153e-03 1.16301081e-02 -1.93491295e-03
2.17323226e-01 1.35139096e-02 1.52185615e-03 1.16802826e-02 -1.93978308e-03
2.18855828e-01 1.35641722e-02 1.52528152e-03 1.17305933e-02 -1.94471916e-03
2.20387890e-01 1.36146538e-02 1.52881942e-03 1.17810415e-02 -1.94971616e-03
2.21919408e-01 1.36653551e-02 1.53247148e-03 1.18316284e-02 -1.95476906e-03
2.23450380e-01 1.37162772e-02 1.53623923e-03 1.18823556e-02 -1.95987281e-03
2.24980800e-01 1.37674207e-02 1.54012407e-03 1.19332245e-02 -1.96502234e-03
2.26510666e-01 1.38187869e-02 1.54412728e-03 1.19842370e-02 -1.97021258e-03
2.28039973e-01 1.38703767e-02 1.54825001e-03 1.20353949e-02 -1.97543849e-03
2.29568717e-01 1.39221913e-02 1.55249331e-03 1.20867004e-02 -1.98069500e-03
2.31096895e-01 1.39742318e-02 1.55685808e-03 1.21381556e-02 -1.98597710e-03
2.32624504e-01 1.40264996e-02 1.56134511e-03 1.21897628e-02 -1.99127977e-03
2.34151539e-01 1.40789959e-02 1.56595509e-03 1.22415244e-02 -1.99659805e-03
2.35677996e-01 1.41317221e-02 1.57068854e-03 1.22934432e-02 -2.00192700e-03
2.37203872e-01 1.41846797e-02 1.57554592e-03 1.23455218e-02 -2.00726173e-03
2.38729163e-01 1.42378702e-02 1.58052752e-03 1.23977631e-02 -2.01259741e-03
2.40253865e-01 1.42912951e-02 1.58563354e-03 1.24501700e-02 -2.01792925e-03
2.41777975e-01 1.43449561e-02 1.59086405e-03 1.25027457e-02 -2.02325255e-03
2.43301489e-01 1.43988548e-02 1.59621902e-03 1.25554933e-02 -2.02856265e-03
2.44824402e-01 1.44529930e-02 1.60169829e-03 1.26084162e-02 -2.03385500e-03
2.46346712e-01 1.45073725e-02 1.60730162e-03 1.26615179e-02 -2.03912510e-03
2.47868414e-01 1.45619950e-02 1.61302862e-03 1.27148018e-02 -2.04436855e-03
2.49389505e-01 1.46168626e-02 1.61887882e-03 1.27682716e-02 -2.04958105e-03
2.50909981e-01 1.46719771e-02 1.62485165e-03 1.28219311e-02 -2.05475838e-03
2.52429838e-01 1.47273406e-02 1.63094642e-03 1.28757841e-02 -2.05989645e-03
2.53949073e-01 1.47829550e-02 1.63716237e-03 1.29298344e-02 -2.06499125e-03
2.55467681e-01 1.48388226e-02 1.64349862e-03 1.29840861e-02 -2.07003889e-03
2.56985659e-01 1.48949454e-02 1.64995421e-03 1.30385433e-02 -2.07503560e-03
2.58503004e-01 1.49513255e-02 1.65652809e-03 1.30932101e-02 -2.07997774e-03
2.60019711e-01 1.50079654e-02 1.66321913e-03 1.31480907e-02 -2.08486177e-03
2.61535776e-01 1.50648671e-02 1.67002611e-03 1.32031894e-02 -2.08968429e-03
2.63051197e-01 1.51220329e-02 1.67694775e-03 1.32585105e-02 -2.09444204e-03
2.64565969e-01 1.51794654e-02 1.68398267e-03 1.33140584e-02 -2.09913187e-03
2.66080089e-01 1.52371667e-02 1.69112944e-03 1.33698376e-02 -2.10375079e-03
2.67593552e-01 1.52951393e-02 1.69838657e-03 1.34258525e-02 -2.10829594e-03
2.69106356e-01 1.53533857e-02 1.70575248e-03 1.34821077e-02 -2.11276460e-03
2.70618495e-01 1.54119082e-02 1.71322557e-03 1.35386077e-02 -2.11715419e-03
2.72129968e-01 1.54707095e-02 1.72080416e-03 1.35953571e-02 -2.12146229e-03
2.73640769e-01 1.55297920e-02 1.72848652e-03 1.36523605e-02 -2.12568660e-03
2.75150895e-01 1.55891582e-02 1.73627089e-03 1.37096226e-02 -2.12982499e-03
2.76660343e-01 1.56488108e-02 1.74415547e-03 1.37671479e-02 -2.13387548e-03
2.78169109e-01 1.57087523e-02 1.75213842e-03 1.38249412e-02 -2.13783622e-03
2.79677188e-01 1.57689854e-02 1.76021784e-03 1.38830071e-02 -2.14170553e-03
2.81184578e-01 1.58295126e-02 1.76839186e-03 1.39413503e-02 -2.14548187e-03
2.82691274e-01 1.58903366e-02 1.77665853e-03 1.39999755e-02 -2.14916384e-03
2.84197274e-01 1.59514600e-02 1.78501591e-03 1.40588872e-02 -2.15275021e-03
2.85702572e-01 1.60128856e-02 1.79346206e-03 1.41180902e-02 -2.15623988e-03
2.87207166e-01 1.60746160e-02 1.80199498e-03 1.41775891e-02 -2.15963191e-03
2.88711051e-01 1.61366538e-02 1.81061272e-03 1.42373885e-02 -2.16292551e-03
2.90214224e-01 1.61990019e-02 1.81931329e-03 1.42974929e-02 -2.16612001e-03
2.91716682e-01 1.62616628e-02 1.82809472e-03 1.43579070e-02 -2.16921492e-03
2.93218420e-01 1.63246394e-02 1.83695503e-03 1.44186353e-02 -2.17220986e-03
2.94719436e-01 1.63879343e-02 1.84589227e-03 1.44796823e-02 -2.17510461e-03
2.96219724e-01 1.64515502e-02 1.85490449e-03 1.45410525e-02 -2.17789907e-03
2.97719282e-01 1.65154899e-02 1.86398977e-03 1.46027502e-02 -2.18059329e-03
2.99218105e-01 1.65797561e-02 1.87314620e-03 1.46647799e-02 -2.18318744e-03
3.00716191e-01 1.66443515e-02 1.88237189e-03 1.47271460e-02 -2.18568183e-03
3.02213535e-01 1.67092789e-02 1.89166500e-03 1.47898526e-02 -2.18807688e-03
3.03710134e-01 1.67745408e-02 1.90102370e-03 1.48529042e-02 -2.19037315e-03
3.05205983e-01 1.68401402e-02 1.91044622e-03 1.49163047e-02 -2.19257131e-03
3.06701080e-01 1.69060797e-02 1.91993080e-03 1.49800585e-02 -2.19467213e-03
3.08195421e-01 1.69723619e-02 1.92947574e-03 1.50441695e-02 -2.19667653e-03
3.09689002e-01 1.70389897e-02 1.93907939e-03 1.51086418e-02 -2.19858549e-03
3.11181819e-01 1.71059657e-02 1.94874012e-03 1.51734794e-02 -2.20040013e-03
3.12673868e-01 1.71732926e-02 1.95845638e-03 1.52386862e-02 -2.20212165e-03
3.14165146e-01 1.72409731e-02 1.96822665e-03 1.53042660e-02 -2.20375134e-03
3.15655650e-01 1.73090100e-02 1.97804949e-03 1.53702226e-02 -2.20529059e-03
3.17145375e-01 1.73774058e-02 1.98792348e-03 1.54365597e-02 -2.20674088e-03
3.18634318e-01 1.74461633e-02 1.99784730e-03 1.55032810e-02 -2.20810375e-03
3.20122475e-01 1.75152851e-02 2.00781967e-03 1.55703901e-02 -2.20938083e-03
3.21609843e-01 1.75847740e-02 2.01783936e-03 1.56378905e-02 -2.21057382e-03
3.23096417e-01 1.76546325e-02 2.02790523e-03 1.57057857e-02 -2.21168446e-03
3.24582195e-01 1.77248635e-02 2.03801619e-03 1.57740791e-02 -2.21271460e-03
3.26067172e-01 1.77954694e-02 2.04817121e-03 1.58427740e-02 -2.21366609e-03
3.27551345e-01 1.78664530e-02 2.05836936e-03 1.59118737e-02 -2.21454087e-03
3.29034710e-01 1.79378170e-02 2.06860973e-03 1.59813815e-02 -2.21534089e-03
3.30517264e-01 1.80095640e-02 2.07889153e-03 1.60513005e-02 -2.21606818e-03
3.31999003e-01 1.80816966e-02 2.08921399e-03 1.61216337e-02 -2.21672476e-03
3.33479923e-01 1.81542176e-02 2.09957645e-03 1.61923844e-02 -2.21731272e-03
3.34960021e-01 1.82271297e-02 2.10997831e-03 1.62635553e-02 -2.21783414e-03
3.36439292e-01 1.83004354e-02 2.12041903e-03 1.63351496e-02 -2.21829113e-03
3.37917734e-01 1.83741374e-02 2.13089813e-03 1.64071701e-02 -2.21868581e-03
3.39395342e-01 1.84482385e-02 2.14141524e-03 1.64796195e-02 -2.21902033e-03
3.40872114e-01 1.85227414e-02 2.15197003e-03 1.65525008e-02 -2.21929681e-03
3.42348044e-01 1.85976488e-02 2.16256223e-03 1.66258167e-02 -2.21951738e-03
3.43823131e-01 1.86729633e-02 2.17319167e-03 1.66995699e-02 -2.21968418e-03
3.45297369e-01 1.87486878e-02 2.18385822e-03 1.67737631e-02 -2.21979932e-03
3.46770756e-01 1.88248249e-02 2.19456182e-03 1.68483989e-02 -2.21986488e-03
3.48243288e-01 1.89013776e-02 2.20530249e-03 1.69234799e-02 -2.21988296e-03
3.49714961e-01 1.89783485e-02 2.21608029e-03 1.69990087e-02 -2.21985560e-03
3.51185772e-01 1.90557404e-02 2.22689537e-03 1.70749879e-02 -2.21978482e-03
3.52655716e-01 1.91335564e-02 2.23774793e-03 1.71514201e-02 -2.21967261e-03
3.54124791e-01 1.92117991e-02 2.24863820e-03 1.72283077e-02 -2.21952091e-03
3.55592992e-01 1.92904715e-02 2.25956651e-03 1.73056532e-02 -2.21933164e-03
3.57060317e-01 1.93695767e-02 2.27053323e-03 1.73834593e-02 -2.21910664e-03
3.58526760e-01 1.94491174e-02 2.28153876e-03 1.74617283e-02 -2.21884773e-03
3.59992320e-01 1.95290968e-02 2.29258358e-03 1.75404628e-02 -2.21855666e-03
3.61456992e-01 1.96095180e-02 2.30366821e-03 1.76196652e-02 -2.21823513e-03
3.62920772e-01 1.96903839e-02 2.31479320e-03 1.76993382e-02 -2.21788478e-03
3.64383658e-01 1.97716978e-02 2.32595916e-03 1.77794842e-02 -2.21750719e-03
3.65845645e-01 1.98534629e-02 2.33716675e-03 1.78601058e-02 -2.21710386e-03
3.67306729e-01 1.99356825e-02 2.34841663e-03 1.79412055e-02 -2.21667623e-03
3.68766908e-01 2.00183597e-02 2.35970953e-03 1.80227860e-02 -2.21622567e-03
3.70226177e-01 2.01014980e-02 2.37104621e-03 1.81048499e-02 -2.21575348e-03
3.71684534e-01 2.01851009e-02 2.38242743e-03 1.81873998e-02 -2.21526088e-03
3.73141973e-01 2.02691718e-02 2.39385401e-03 1.82704384e-02 -2.21474901e-03
3.74598493e-01 2.03537142e-02 2.40532678e-03 1.83539686e-02 -2.21421893e-03
3.76054088e-01 2.04387318e-02 2.41684659e-03 1.84379930e-02 -2.21367162e-03
3.77508756e-01 2.05242283e-02 2.42841431e-03 1.85225146e-02 -2.21310799e-03
3.78962493e-01 2.06102075e-02 2.44003081e-03 1.86075363e-02 -2.21252886e-03
3.80415296e-01 2.06966732e-02 2.45169699e-03 1.86930611e-02 -2.21193495e-03
3.81867160e-01 2.07836293e-02 2.46341376e-03 1.87790919e-02 -2.21132692e-03
3.83318083e-01 2.08710799e-02 2.47518201e-03 1.88656321e-02 -2.21070534e-03
3.84768060e-01 2.09590290e-02 2.48700266e-03 1.89526846e-02 -2.21007068e-03
3.86217089e-01 2.10474809e-02 2.49887662e-03 1.90402529e-02 -2.20942333e-03
3.87665165e-01 2.11364398e-02 2.51080479e-03 1.91283403e-02 -2.20876361e-03
3.89112285e-01 2.12259100e-02 2.52278805e-03 1.92169502e-02 -2.20809174e-03
3.90558445e-01 2.13158961e-02 2.53482731e-03 1.93060862e-02 -2.20740787e-03
3.92003642e-01 2.14064027e-02 2.54692343e-03 1.93957521e-02 -2.20671204e-03
3.93447872e-01 2.14974343e-02 2.55907726e-03 1.94859514e-02 -2.20600424e-03
3.94891132e-01 2.15889957e-02 2.57128964e-03 1.95766881e-02 -2.20528435e-03
3.96333418e-01 2.16810918e-02 2.58356139e-03 1.96679662e-02 -2.20455220e-03
3.97774727e-01 2.17737276e-02 2.59589329e-03 1.97597898e-02 -2.20380751e-03
3.99215055e-01 2.18669082e-02 2.60828610e-03 1.98521630e-02 -2.20304995e-03
4.00654398e-01 2.19606387e-02 2.62074057e-03 1.99450902e-02 -2.20227910e-03
4.02092753e-01 2.20549245e-02 2.63325737e-03 2.00385759e-02 -2.20149447e-03
4.03530117e-01 2.21497709e-02 2.64583718e-03 2.01326245e-02 -2.20069550e-03
4.04966485e-01 2.22451835e-02 2.65848062e-03 2.02272408e-02 -2.19988156e-03
4.06401855e-01 2.23411679e-02 2.67118827e-03 2.03224297e-02 -2.19905197e-03
4.07836222e-01 2.24377298e-02 2.68396067e-03 2.04181960e-02 -2.19820596e-03
4.09269584e-01 2.25348752e-02 2.69679832e-03 2.05145450e-02 -2.19734272e-03
4.10701936e-01 2.26326101e-02 2.70970167e-03 2.06114817e-02 -2.19646138e-03
4.12133276e-01 2.27309404e-02 2.72267112e-03 2.07090117e-02 -2.19556100e-03
4.13563599e-01 2.28298725e-02 2.73570702e-03 2.08071404e-02 -2.19464061e-03
4.14992902e-01 2.29294127e-02 2.74880967e-03 2.09058734e-02 -2.19369918e-03
4.16421181e-01 2.30295674e-02 2.76197931e-03 2.10052166e-02 -2.19273565e-03
4.17848434e-01 2.31303432e-02 2.77521612e-03 2.11051759e-02 -2.19174889e-03
4.19274656e-01 2.32317468e-02 2.78852024e-03 2.12057574e-02 -2.19073776e-03
4.20699844e-01 2.33337850e-02 2.80189175e-03 2.13069672e-02 -2.18970108e-03
4.22123995e-01 2.34364647e-02 2.81533065e-03 2.14088118e-02 -2.18863764e-03
4.23547105e-01 2.35397930e-02 2.82883690e-03 2.15112977e-02 -2.18754620e-03
4.24969170e-01 2.36437770e-02 2.84241040e-03 2.16144314e-02 -2.18642549e-03
4.26390187e-01 2.37484239e-02 2.85605097e-03 2.17182199e-02 -2.18527424e-03
4.27810152e-01 2.38537412e-02 2.86975839e-03 2.18226700e-02 -2.18409115e-03
4.29229063e-01 2.39597363e-02 2.88353235e-03 2.19277888e-02 -2.18287493e-03
4.30646915e-01 2.40664169e-02 2.89737251e-03 2.20335835e-02 -2.18162427e-03
4.32063705e-01 2.41737905e-02 2.91127844e-03 2.21400614e-02 -2.18033784e-03
4.33479429e-01 2.42818651e-02 2.92524966e-03 2.22472301e-02 -2.17901434e-03
4.34894084e-01 2.43906485e-02 2.93928562e-03 2.23550970e-02 -2.17765247e-03
4.36307667e-01 2.45001487e-02 2.95338572e-03 2.24636700e-02 -2.17625094e-03
4.37720174e-01 2.46103738e-02 2.96754929e-03 2.25729569e-02 -2.17480845e-03
4.39131601e-01 2.47213320e-02 2.98177558e-03 2.26829657e-02 -2.17332375e-03
4.40541946e-01 2.48330316e-02 2.99606382e-03 2.27937045e-02 -2.17179560e-03
4.41951203e-01 2.49454809e-02 3.01041314e-03 2.29051815e-02 -2.17022277e-03
4.43359371e-01 2.50586885e-02 3.02482263e-03 2.30174049e-02 -2.16860409e-03
4.44766446e-01 2.51726627e-02 3.03929132e-03 2.31303834e-02 -2.16693840e-03
4.46172424e-01 2.52874123e-02 3.05381818e-03 2.32441253e-02 -2.16522457e-03
4.47577301e-01 2.54029460e-02 3.06840213e-03 2.33586394e-02 -2.16346154e-03
4.48981074e-01 2.55192724e-02 3.08304202e-03 2.34739343e-02 -2.16164827e-03
4.50383741e-01 2.56364003e-02 3.09773667e-03 2.35900189e-02 -2.15978377e-03
4.51785296e-01 2.57543388e-02 3.11248484e-03 2.37069021e-02 -2.15786711e-03
4.53185738e-01 2.58730965e-02 3.12728524e-03 2.38245929e-02 -2.15589740e-03
4.54585061e-01 2.59926827e-02 3.14213652e-03 2.39431003e-02 -2.15387381e-03
4.55983264e-01 2.61131062e-02 3.15703731e-03 2.40624334e-02 -2.15179559e-03
4.57380342e-01 2.62343761e-02 3.17198618e-03 2.41826014e-02 -2.14966202e-03
4.58776292e-01 2.63565016e-02 3.18698167e-03 2.43036137e-02 -2.14747248e-03
4.60171111e-01 2.64794917e-02 3.20202227e-03 2.44254793e-02 -2.14522637e-03
4.61564795e-01 2.66033556e-02 3.21710644e-03 2.45482078e-02 -2.14292322e-03
4.62957340e-01 2.67281025e-02 3.23223262e-03 2.46718085e-02 -2.14056258e-03
4.64348744e-01 2.68537416e-02 3.24739921e-03 2.47962908e-02 -2.13814410e-03
4.65739003e-01 2.69802820e-02 3.26260457e-03 2.49216640e-02 -2.13566751e-03
4.67128113e-01 2.71077330e-02 3.27784704e-03 2.50479377e-02 -2.13313260e-03
4.68516071e-01 2.72361038e-02 3.29312497e-03 2.51751214e-02 -2.13053925e-03
4.69902874e-01 2.73654036e-02 3.30843665e-03 2.53032244e-02 -2.12788742e-03
4.71288518e-01 2.74956415e-02 3.32378038e-03 2.54322563e-02 -2.12517716e-03
4.72672999e-01 2.76268267e-02 3.33915443e-03 2.55622264e-02 -2.12240859e-03
4.74056315e-01 2.77589683e-02 3.35455707e-03 2.56931443e-02 -2.11958192e-03
4.75438462e-01 2.78920755e-02 3.36998658e-03 2.58250193e-02 -2.11669744e-03
4.76819436e-01 2.80261573e-02 3.38544120e-03 2.59578609e-02 -2.11375554e-03
4.78199234e-01 2.81612227e-02 3.40091921e-03 2.60916783e-02 -2.11075668e-03
4.79577853e-01 2.82972808e-02 3.41641887e-03 2.62264808e-02 -2.10770140e-03
4.80955289e-01 2.84343404e-02 3.43193845e-03 2.63622778e-02 -2.10459036e-03
4.82331539e-01 2.85724104e-02 3.44747624e-03 2.64990784e-02 -2.10142426e-03
4.83706600e-01 2.87114997e-02 3.46303053e-03 2.66368917e-02 -2.09820391e-03
4.85080468e-01 2.88516169e-02 3.47859965e-03 2.67757268e-02 -2.09493021e-03
4.86453139e-01 2.89927708e-02 3.49418193e-03 2.69155926e-02 -2.09160412e-03
4.87824611e-01 2.91349699e-02 3.50977574e-03 2.70564982e-02 -2.08822671e-03
4.89194880e-01 2.92782227e-02 3.52537945e-03 2.71984522e-02 -2.08479910e-03
4.90563942e-01 2.94225376e-02 3.54099150e-03 2.73414634e-02 -2.08132251e-03
4.91931794e-01 2.95679229e-02 3.55661034e-03 2.74855403e-02 -2.07779823e-03
4.93298434e-01 2.97143869e-02 3.57223445e-03 2.76306916e-02 -2.07422764e-03
4.94663856e-01 2.98619377e-02 3.58786239e-03 2.77769255e-02 -2.07061217e-03
4.96028059e-01 3.00105832e-02 3.60349272e-03 2.79242504e-02 -2.06695334e-03
4.97391039e-01 3.01603314e-02 3.61912407e-03 2.80726744e-02 -2.06325273e-03
4.98752791e-01 3.03111900e-02 3.63475511e-03 2.82222055e-02 -2.05951199e-03
5.00113314e-01 3.04631666e-02 3.65038459e-03 2.83728515e-02 -2.05573283e-03
5.01472604e-01 3.06162690e-02 3.66601128e-03 2.85246203e-02 -2.05191703e-03
5.02830656e-01 3.07705043e-02 3.68163404e-03 2.86775195e-02 -2.04806642e-03
5.04187469e-01 3.09258799e-02 3.69725176e-03 2.88315565e-02 -2.04418289e-03
5.05543038e-01 3.10824030e-02 3.71286344e-03 2.89867385e-02 -2.04026837e-03
5.06897361e-01 3.12400805e-02 3.72846810e-03 2.91430729e-02 -2.03632486e-03
5.08250433e-01 3.13989194e-02 3.74406487e-03 2.93005665e-02 -2.03235438e-03
5.09602252e-01 3.15589263e-02 3.75965292e-03 2.94592263e-02 -2.02835900e-03
5.10952815e-01 3.17201079e-02 3.77523152e-03 2.96190589e-02 -2.02434084e-03
5.12302117e-01 3.18824705e-02 3.79080002e-03 2.97800708e-02 -2.02030205e-03
5.13650155e-01 3.20460206e-02 3.80635782e-03 2.99422685e-02 -2.01624478e-03
5.14996927e-01 3.22107642e-02 3.82190443e-03 3.01056580e-02 -2.01217123e-03
5.16342429e-01 3.23767074e-02 3.83743943e-03 3.02702456e-02 -2.00808363e-03
5.17686658e-01 3.25438561e-02 3.85296248e-03 3.04360369e-02 -2.00398421e-03
5.19029610e-01 3.27122160e-02 3.86847336e-03 3.06030379e-02 -1.99987521e-03
5.20371281e-01 3.28817926e-02 3.88397190e-03 3.07712539e-02 -1.99575888e-03
5.21711670e-01 3.30525915e-02 3.89945803e-03 3.09406904e-02 -1.99163748e-03
5.23050772e-01 3.32246179e-02 3.91493178e-03 3.11113526e-02 -1.98751327e-03
5.24388584e-01 3.33978769e-02 3.93039326e-03 3.12832456e-02 -1.98338849e-03
5.25725102e-01 3.35723737e-02 3.94584269e-03 3.14563743e-02 -1.97926538e-03
5.27060325e-01 3.37481131e-02 3.96128037e-03 3.16307434e-02 -1.97514616e-03
5.28394247e-01 3.39250999e-02 3.97670669e-03 3.18063577e-02 -1.97103303e-03
5.29726866e-01 3.41033386e-02 3.99212215e-03 3.19832214e-02 -1.96692818e-03
5.31058179e-01 3.42828339e-02 4.00752733e-03 3.21613390e-02 -1.96283375e-03
5.32388182e-01 3.44635901e-02 4.02292290e-03 3.23407146e-02 -1.95875185e-03
5.33716872e-01 3.46456114e-02 4.03830966e-03 3.25213523e-02 -1.95468457e-03
5.35044246e-01 3.48289020e-02 4.05368846e-03 3.27032559e-02 -1.95063393e-03
5.36370301e-01 3.50134661e-02 4.06906026e-03 3.28864294e-02 -1.94660193e-03
5.37695032e-01 3.51993074e-02 4.08442612e-03 3.30708764e-02 -1.94259050e-03
5.39018438e-01 3.53864300e-02 4.09978720e-03 3.32566005e-02 -1.93860152e-03
5.40340514e-01 3.55748375e-02 4.11514472e-03 3.34436051e-02 -1.93463681e-03
5.41661258e-01 3.57645337e-02 4.13050002e-03 3.36318936e-02 -1.93069812e-03
5.42980666e-01 3.59555221e-02 4.14585451e-03 3.38214694e-02 -1.92678715e-03
5.44298735e-01 3.61478063e-02 4.16120971e-03 3.40123356e-02 -1.92290551e-03
5.45615461e-01 3.63413898e-02 4.17656719e-03 3.42044955e-02 -1.91905473e-03
5.46930842e-01 3.65362760e-02 4.19192864e-03 3.43979520e-02 -1.91523629e-03
5.48244874e-01 3.67324684e-02 4.20729580e-03 3.45927083e-02 -1.91145155e-03
5.49557555e-01 3.69299702e-02 4.22267052e-03 3.47887674e-02 -1.90770180e-03
5.50868879e-01 3.71287848e-02 4.23805471e-03 3.49861323e-02 -1.90398825e-03
5.52178845e-01 3.73289156e-02 4.25345035e-03 3.51848058e-02 -1.90031200e-03
5.53487450e-01 3.75303658e-02 4.26885950e-03 3.53847911e-02 -1.89667407e-03
5.54794689e-01 3.77331387e-02 4.28428429e-03 3.55860910e-02 -1.89307536e-03
5.56100561e-01 3.79372378e-02 4.29972690e-03 3.57887085e-02 -1.88951670e-03
5.57405060e-01 3.81426663e-02 4.31518961e-03 3.59926466e-02 -1.88599879e-03
5.58708186e-01 3.83494277e-02 4.33067472e-03 3.61979084e-02 -1.88252223e-03
5.60009933e-01 3.85575253e-02 4.34618460e-03 3.64044970e-02 -1.87908753e-03
5.61310299e-01 3.87669628e-02 4.36172169e-03 3.66124156e-02 -1.87569506e-03
5.62609281e-01 3.89777437e-02 4.37728844e-03 3.68216674e-02 -1.87234510e-03
5.63906875e-01 3.91898716e-02 4.39288738e-03 3.70322557e-02 -1.86903783e-03
5.65203079e-01 3.94033503e-02 4.40852106e-03 3.72441840e-02 -1.86577328e-03
5.66497889e-01 3.96181836e-02 4.42419209e-03 3.74574559e-02 -1.86255141e-03
5.67791302e-01 3.98343756e-02 4.43990308e-03 3.76720750e-02 -1.85937202e-03
5.69083314e-01 4.00519303e-02 4.45565670e-03 3.78880453e-02 -1.85623484e-03
5.70373923e-01 4.02708521e-02 4.47145562e-03 3.81053706e-02 -1.85313945e-03
5.71663126e-01 4.04911453e-02 4.48730254e-03 3.83240553e-02 -1.85008534e-03
5.72950918e-01 4.07128145e-02 4.50320017e-03 3.85441036e-02 -1.84707187e-03
5.74237298e-01 4.09358644e-02 4.51915124e-03 3.87655202e-02 -1.84409828e-03
5.75522261e-01 4.11603001e-02 4.53515847e-03 3.89883098e-02 -1.84116373e-03
5.76805805e-01 4.13861268e-02 4.55122460e-03 3.92124775e-02 -1.83826724e-03
5.78087927e-01 4.16133497e-02 4.56735234e-03 3.94380286e-02 -1.83540773e-03
5.79368623e-01 4.18419746e-02 4.58354440e-03 3.96649684e-02 -1.83258400e-03
5.80647890e-01 4.20720073e-02 4.59980350e-03 3.98933030e-02 -1.82979476e-03
5.81925725e-01 4.23034540e-02 4.61613230e-03 4.01230382e-02 -1.82703861e-03
5.83202125e-01 4.25363211e-02 4.63253346e-03 4.03541806e-02 -1.82431405e-03
5.84477087e-01 4.27706152e-02 4.64900960e-03 4.05867369e-02 -1.82161947e-03
5.85750607e-01 4.30063433e-02 4.66556332e-03 4.08207140e-02 -1.81895319e-03
5.87022683e-01 4.32435128e-02 4.68219716e-03 4.10561192e-02 -1.81631341e-03
5.88293311e-01 4.34821313e-02 4.69891362e-03 4.12929605e-02 -1.81369826e-03
5.89562488e-01 4.37222068e-02 4.71571516e-03 4.15312457e-02 -1.81110576e-03
5.90830212e-01 4.39637474e-02 4.73260418e-03 4.17709834e-02 -1.80853389e-03
5.92096478e-01 4.42067620e-02 4.74958302e-03 4.20121824e-02 -1.80598052e-03
5.93361284e-01 4.44512594e-02 4.76665394e-03 4.22548519e-02 -1.80344346e-03
5.94624627e-01 4.46972492e-02 4.78381914e-03 4.24990017e-02 -1.80092045e-03
5.95886503e-01 4.49447411e-02 4.80108076e-03 4.27446417e-02 -1.79840916e-03
5.97146909e-01 4.51937453e-02 4.81844084e-03 4.29917825e-02 -1.79590722e-03
5.98405843e-01 4.54442723e-02 4.83590134e-03 4.32404351e-02 -1.79341220e-03
5.99663302e-01 4.56963333e-02 4.85346412e-03 4.34906108e-02 -1.79092162e-03
6.00919281e-01 4.59499396e-02 4.87113097e-03 4.37423215e-02 -1.78843296e-03
6.02173778e-01 4.62051030e-02 4.88890356e-03 4.39955795e-02 -1.78594368e-03
6.03426791e-01 4.64618360e-02 4.90678347e-03 4.42503976e-02 -1.78345119e-03
6.04678315e-01 4.67201512e-02 4.92477217e-03 4.45067891e-02 -1.78095290e-03
6.05928348e-01 4.69800620e-02 4.94287100e-03 4.47647678e-02 -1.77844619e-03
6.07176887e-01 4.72415818e-02 4.96108121e-03 4.50243480e-02 -1.77592844e-03
6.08423928e-01 4.75047250e-02 4.97940392e-03 4.52855443e-02 -1.77339703e-03
6.09669468e-01 4.77695061e-02 4.99784013e-03 4.55483722e-02 -1.77084933e-03
6.10913506e-01 4.80359401e-02 5.01639071e-03 4.58128472e-02 -1.76828276e-03
6.12156036e-01 4.83040428e-02 5.03505639e-03 4.60789859e-02 -1.76569472e-03
6.13397057e-01 4.85738301e-02 5.05383779e-03 4.63468048e-02 -1.76308266e-03
6.14636565e-01 4.88453186e-02 5.07273537e-03 4.66163215e-02 -1.76044407e-03
6.15874558e-01 4.91185253e-02 5.09174947e-03 4.68875537e-02 -1.75777647e-03
6.17111031e-01 4.93934677e-02 5.11088028e-03 4.71605197e-02 -1.75507745e-03
6.18345983e-01 4.96701639e-02 5.13012784e-03 4.74352384e-02 -1.75234463e-03
6.19579410e-01 4.99486323e-02 5.14949206e-03 4.77117293e-02 -1.74957573e-03
6.20811308e-01 5.02288920e-02 5.16897268e-03 4.79900123e-02 -1.74676852e-03
6.22041676e-01 5.05109624e-02 5.18856931e-03 4.82701076e-02 -1.74392088e-03
6.23270509e-01 5.07948635e-02 5.20828140e-03 4.85520364e-02 -1.74103075e-03
6.24497806e-01 5.10806158e-02 5.22810824e-03 4.88358199e-02 -1.73809621e-03
6.25723562e-01 5.13682401e-02 5.24804899e-03 4.91214801e-02 -1.73511541e-03
6.26947776e-01 5.16577579e-02 5.26810263e-03 4.94090395e-02 -1.73208663e-03
6.28170443e-01 5.19491911e-02 5.28826799e-03 4.96985208e-02 -1.72900829e-03
6.29391561e-01 5.22425619e-02 5.30854376e-03 4.99899476e-02 -1.72587892e-03
6.30611126e-01 5.25378932e-02 5.32892845e-03 5.02833436e-02 -1.72269720e-03
6.31829137e-01 5.28352082e-02 5.34942045e-03 5.05787332e-02 -1.71946196e-03
6.33045589e-01 5.31345306e-02 5.37001796e-03 5.08761410e-02 -1.71617218e-03
6.34260480e-01 5.34358844e-02 5.39071905e-03 5.11755923e-02 -1.71282702e-03
6.35473807e-01 5.37392943e-02 5.41152162e-03 5.14771126e-02 -1.70942580e-03
6.36685567e-01 5.40447850e-02 5.43242345e-03 5.17807281e-02 -1.70596801e-03
6.37895757e-01 5.43523820e-02 5.45342212e-03 5.20864650e-02 -1.70245335e-03
6.39104373e-01 5.46621109e-02 5.47451512e-03 5.23943502e-02 -1.69888169e-03
6.40311414e-01 5.49739979e-02 5.49569975e-03 5.27044109e-02 -1.69525313e-03
6.41516875e-01 5.52880692e-02 5.51697320e-03 5.30166746e-02 -1.69156795e-03
6.42720754e-01 5.56043518e-02 5.53833249e-03 5.33311691e-02 -1.68782666e-03
6.43923048e-01 5.59228726e-02 5.55977454e-03 5.36479226e-02 -1.68402999e-03
6.45123754e-01 5.62436591e-02 5.58129609e-03 5.39669635e-02 -1.68017891e-03
6.46322869e-01 5.65667390e-02 5.60289380e-03 5.42883206e-02 -1.67627460e-03
6.47520390e-01 5.68921401e-02 5.62456418e-03 5.46120229e-02 -1.67231850e-03
6.48716314e-01 5.72198908e-02 5.64630361e-03 5.49380995e-02 -1.66831229e-03
6.49910639e-01 5.75500193e-02 5.66810837e-03 5.52665800e-02 -1.66425790e-03
6.51103360e-01 5.78825543e-02 5.68997464e-03 5.55974938e-02 -1.66015753e-03
6.52294476e-01 5.82175248e-02 5.71189845e-03 5.59308709e-02 -1.65601361e-03
6.53483983e-01 5.85549596e-02 5.73387579e-03 5.62667412e-02 -1.65182889e-03
6.54671879e-01 5.88948878e-02 5.75590249e-03 5.66051346e-02 -1.64760633e-03
6.55858160e-01 5.92373388e-02 5.77797435e-03 5.69460814e-02 -1.64334920e-03
6.57042824e-01 5.95823418e-02 5.80008704e-03 5.72896117e-02 -1.63906105e-03
6.58225867e-01 5.99299263e-02 5.82223619e-03 5.76357557e-02 -1.63474569e-03
6.59407287e-01 6.02801217e-02 5.84441733e-03 5.79845437e-02 -1.63040724e-03
6.60587080e-01 6.06329575e-02 5.86662595e-03 5.83360060e-02 -1.62605009e-03
6.61765245e-01 6.09884632e-02 5.88885748e-03 5.86901726e-02 -1.62167892e-03
6.62941778e-01 6.13466682e-02 5.91110729e-03 5.90470737e-02 -1.61729871e-03
6.64116675e-01 6.17076017e-02 5.93337072e-03 5.94067394e-02 -1.61291472e-03
6.65289935e-01 6.20712932e-02 5.95564308e-03 5.97691994e-02 -1.60853250e-03
6.66461554e-01 6.24377718e-02 5.97791965e-03 6.01344834e-02 -1.60415792e-03
6.67631530e-01 6.28070663e-02 6.00019570e-03 6.05026209e-02 -1.59979711e-03
6.68799859e-01 6.31792058e-02 6.02246648e-03 6.08736412e-02 -1.59545652e-03
6.69966538e-01 6.35542187e-02 6.04472725e-03 6.12475733e-02 -1.59114287e-03
6.71131566e-01 6.39321335e-02 6.06697329e-03 6.16244459e-02 -1.58686319e-03
6.72294938e-01 6.43129782e-02 6.08919988e-03 6.20042874e-02 -1.58262478e-03
6.73456652e-01 6.46967806e-02 6.11140234e-03 6.23871257e-02 -1.57843525e-03
6.74616706e-01 6.50835683e-02 6.13357603e-03 6.27729886e-02 -1.57430247e-03
6.75775095e-01 6.54733682e-02 6.15571634e-03 6.31619033e-02 -1.57023460e-03
6.76931818e-01 6.58662071e-02 6.17781874e-03 6.35538964e-02 -1.56624010e-03
6.78086872e-01 6.62621114e-02 6.19987876e-03 6.39489943e-02 -1.56232766e-03
6.79240254e-01 6.66611067e-02 6.22189199e-03 6.43472227e-02 -1.55850626e-03
6.80391960e-01 6.70632185e-02 6.24385412e-03 6.47486067e-02 -1.55478516e-03
6.81541988e-01 6.74684715e-02 6.26576093e-03 6.51531711e-02 -1.55117386e-03
6.82690336e-01 6.78768901e-02 6.28760833e-03 6.55609397e-02 -1.54768209e-03
6.83837000e-01 6.82884978e-02 6.30939230e-03 6.59719360e-02 -1.54431988e-03
6.84981977e-01 6.87033179e-02 6.33110899e-03 6.63861825e-02 -1.54109743e-03
6.86125265e-01 6.91213726e-02 6.35275466e-03 6.68037012e-02 -1.53802524e-03
6.87266861e-01 6.95426838e-02 6.37432572e-03 6.72245132e-02 -1.53511396e-03
6.88406763e-01 6.99672724e-02 6.39581875e-03 6.76486390e-02 -1.53237452e-03
6.89544966e-01 7.03951588e-02 6.41723048e-03 6.80760982e-02 -1.52981800e-03
6.90681469e-01 7.08263625e-02 6.43855782e-03 6.85069094e-02 -1.52745571e-03
6.91816268e-01 7.12609023e-02 6.45979788e-03 6.89410907e-02 -1.52529912e-03
6.92949362e-01 7.16987960e-02 6.48094794e-03 6.93786589e-02 -1.52335990e-03
6.94080746e-01 7.21400608e-02 6.50200551e-03 6.98196301e-02 -1.52164984e-03
6.95210419e-01 7.25847129e-02 6.52296830e-03 7.02640194e-02 -1.52018092e-03
6.96338377e-01 7.30327674e-02 6.54383426e-03 7.07118409e-02 -1.51896524e-03
6.97464618e-01 7.34842388e-02 6.56460155e-03 7.11631077e-02 -1.51801503e-03
6.98589139e-01 7.39391404e-02 6.58526860e-03 7.16178319e-02 -1.51734263e-03
6.99711937e-01 7.43974847e-02 6.60583407e-03 7.20760245e-02 -1.51696048e-03
7.00833010e-01 7.48592830e-02 6.62629691e-03 7.25376953e-02 -1.51688110e-03
7.01952354e-01 7.53245457e-02 6.64665631e-03 7.30028532e-02 -1.51711709e-03
7.03069967e-01 7.57932821e-02 6.66691175e-03 7.34715059e-02 -1.51768110e-03
7.04185846e-01 7.62655004e-02 6.68706301e-03 7.39436598e-02 -1.51858582e-03
7.05299989e-01 7.67412079e-02 6.70711015e-03 7.44193203e-02 -1.51984396e-03
7.06412392e-01 7.72204104e-02 6.72705354e-03 7.48984915e-02 -1.52146826e-03
7.07523053e-01 7.77031130e-02 6.74689385e-03 7.53811765e-02 -1.52347142e-03
7.08631969e-01 7.81893193e-02 6.76663209e-03 7.58673768e-02 -1.52586615e-03
7.09739137e-01 7.86790319e-02 6.78626957e-03 7.63570930e-02 -1.52866509e-03
7.10844555e-01 7.91722523e-02 6.80580794e-03 7.68503243e-02 -1.53188084e-03
7.11948220e-01 7.96689806e-02 6.82524921e-03 7.73470686e-02 -1.53552591e-03
7.13050130e-01 8.01692158e-02 6.84459570e-03 7.78473226e-02 -1.53961273e-03
7.14150280e-01 8.06729557e-02 6.86385009e-03 7.83510818e-02 -1.54415361e-03
7.15248670e-01 8.11801968e-02 6.88301544e-03 7.88583400e-02 -1.54916072e-03
7.16345296e-01 8.16909346e-02 6.90209514e-03 7.93690903e-02 -1.55464610e-03
7.17440155e-01 8.22051630e-02 6.92109295e-03 7.98833239e-02 -1.56062160e-03
7.18533244e-01 8.27228749e-02 6.94001302e-03 8.04010312e-02 -1.56709891e-03
7.19624562e-01 8.32440619e-02 6.95885984e-03 8.09222008e-02 -1.57408947e-03
7.20714105e-01 8.37687144e-02 6.97763830e-03 8.14468205e-02 -1.58160454e-03
7.21801870e-01 8.42968214e-02 6.99635366e-03 8.19748763e-02 -1.58965510e-03
7.22887856e-01 8.48283708e-02 7.01501157e-03 8.25063533e-02 -1.59825188e-03
7.23972059e-01 8.53633492e-02 7.03361805e-03 8.30412350e-02 -1.60740532e-03
7.25054476e-01 8.59017420e-02 7.05217952e-03 8.35795037e-02 -1.61712556e-03
7.26135105e-01 8.64435333e-02 7.07070277e-03 8.41211406e-02 -1.62742241e-03
7.27213943e-01 8.69887061e-02 7.08919499e-03 8.46661253e-02 -1.63830532e-03
7.28290988e-01 8.75372420e-02 7.10766375e-03 8.52144363e-02 -1.64978341e-03
7.29366237e-01 8.80891216e-02 7.12611702e-03 8.57660510e-02 -1.66186538e-03
7.30439687e-01 8.86443242e-02 7.14456314e-03 8.63209454e-02 -1.67455955e-03
7.31511336e-01 8.92028279e-02 7.16301083e-03 8.68790943e-02 -1.68787380e-03
7.32581181e-01 8.97646099e-02 7.18146923e-03 8.74404713e-02 -1.70181557e-03
7.33649219e-01 9.03296459e-02 7.19994782e-03 8.80050488e-02 -1.71639185e-03
7.34715448e-01 9.08979108e-02 7.21845647e-03 8.85727984e-02 -1.73160913e-03
7.35779864e-01 9.14693783e-02 7.23700544e-03 8.91436900e-02 -1.74747340e-03
7.36842467e-01 9.20440211e-02 7.25560534e-03 8.97176930e-02 -1.76399015e-03
7.37903252e-01 9.26218107e-02 7.27426717e-03 9.02947754e-02 -1.78116431e-03
7.38962217e-01 9.32027179e-02 7.29300226e-03 9.08749043e-02 -1.79900028e-03
7.40019360e-01 9.37867123e-02 7.31182233e-03 9.14580458e-02 -1.81750184e-03
7.41074678e-01 9.43737626e-02 7.33073943e-03 9.20441650e-02 -1.83667223e-03
7.42128168e-01 9.49638367e-02 7.34976595e-03 9.26332262e-02 -1.85651406e-03
7.43179828e-01 9.55569017e-02 7.36891465e-03 9.32251928e-02 -1.87702930e-03
7.44229655e-01 9.61529238e-02 7.38819857e-03 9.38200273e-02 -1.89821931e-03
7.45277647e-01 9.67518683e-02 7.40763112e-03 9.44176917e-02 -1.92008477e-03
7.46323801e-01 9.73537000e-02 7.42722600e-03 9.50181470e-02 -1.94262569e-03
7.47368114e-01 9.79583830e-02 7.44699720e-03 9.56213536e-02 -1.96584140e-03
7.48410585e-01 9.85658807e-02 7.46695904e-03 9.62272714e-02 -1.98973054e-03
7.49451209e-01 9.91761559e-02 7.48712610e-03 9.68358595e-02 -2.01429101e-03
7.50489985e-01 9.97891709e-02 7.50751324e-03 9.74470768e-02 -2.03952000e-03
7.51526911e-01 1.00404888e-01 7.52813558e-03 9.80608816e-02 -2.06541396e-03
7.52561982e-01 1.01023267e-01 7.54900850e-03 9.86772318e-02 -2.09196859e-03
7.53595199e-01 1.01644272e-01 7.57014763e-03 9.92960850e-02 -2.11917881e-03
7.54626556e-01 1.02267861e-01 7.59156880e-03 9.99173985e-02 -2.14703880e-03
7.55656053e-01 1.02893996e-01 7.61328808e-03 1.00541130e-01 -2.17554193e-03
7.56683685e-01 1.03522636e-01 7.63532173e-03 1.01167235e-01 -2.20468079e-03
7.57709452e-01 1.04153744e-01 7.65768619e-03 1.01795672e-01 -2.23444717e-03
7.58733350e-01 1.04787277e-01 7.68039810e-03 1.02426398e-01 -2.26483207e-03
7.59755377e-01 1.05423198e-01 7.70347425e-03 1.03059370e-01 -2.29582565e-03
7.60775531e-01 1.06061467e-01 7.72693155e-03 1.03694544e-01 -2.32741727e-03
7.61793808e-01 1.06702043e-01 7.75078707e-03 1.04331879e-01 -2.35959548e-03
7.62810206e-01 1.07344888e-01 7.77505799e-03 1.04971332e-01 -2.39234798e-03
7.63824724e-01 1.07989964e-01 7.79976158e-03 1.05612862e-01 -2.42566165e-03
7.64837357e-01 1.08637231e-01 7.82491520e-03 1.06256427e-01 -2.45952254e-03
7.65848104e-01 1.09286652e-01 7.85053625e-03 1.06901987e-01 -2.49391589e-03
7.66856963e-01 1.09938189e-01 7.87664223e-03 1.07549502e-01 -2.52882608e-03
7.67863930e-01 1.10591807e-01 7.90325062e-03 1.08198932e-01 -2.56423667e-03
7.68869004e-01 1.11247468e-01 7.93037894e-03 1.08850239e-01 -2.60013039e-03
7.69872181e-01 1.11905139e-01 7.95804471e-03 1.09503385e-01 -2.63648916e-03
7.70873460e-01 1.12564784e-01 7.98626542e-03 1.10158335e-01 -2.67329407e-03
7.71872838e-01 1.13226370e-01 8.01505852e-03 1.10815051e-01 -2.71052537e-03
7.72870312e-01 1.13889865e-01 8.04444141e-03 1.11473501e-01 -2.74816254e-03
7.73865880e-01 1.14555239e-01 8.07443140e-03 1.12133651e-01 -2.78618424e-03
7.74859540e-01 1.15222461e-01 8.10504573e-03 1.12795469e-01 -2.82456832e-03
7.75851289e-01 1.15891503e-01 8.13630150e-03 1.13458925e-01 -2.86329187e-03
7.76841124e-01 1.16562337e-01 8.16821571e-03 1.14123991e-01 -2.90233118e-03
7.77829044e-01 1.17234939e-01 8.20080518e-03 1.14790639e-01 -2.94166179e-03
7.78815045e-01 1.17909285e-01 8.23408658e-03 1.15458844e-01 -2.98125849e-03
7.79799126e-01 1.18585351e-01 8.26807639e-03 1.16128583e-01 -3.02109531e-03
7.80781283e-01 1.19263119e-01 8.30279088e-03 1.16799834e-01 -3.06114558e-03
7.81761515e-01 1.19942568e-01 8.33824609e-03 1.17472577e-01 -3.10138189e-03
7.82739819e-01 1.20623682e-01 8.37445783e-03 1.18146795e-01 -3.14177617e-03
7.83716193e-01 1.21306448e-01 8.41144163e-03 1.18822473e-01 -3.18229963e-03
7.84690634e-01 1.21990851e-01 8.44921276e-03 1.19499597e-01 -3.22292286e-03
7.85663139e-01 1.22676882e-01 8.48778618e-03 1.20178157e-01 -3.26361578e-03
7.86633708e-01 1.23364533e-01 8.52717652e-03 1.20858145e-01 -3.30434771e-03
7.87602336e-01 1.24053798e-01 8.56739811e-03 1.21539554e-01 -3.34508735e-03
7.88569022e-01 1.24744674e-01 8.60846488e-03 1.22222382e-01 -3.38580283e-03
7.89533763e-01 1.25437161e-01 8.65039042e-03 1.22906628e-01 -3.42646173e-03
7.90496556e-01 1.26131260e-01 8.69318794e-03 1.23592295e-01 -3.46703108e-03
7.91457401e-01 1.26826976e-01 8.73687020e-03 1.24279387e-01 -3.50747742e-03
7.92416293e-01 1.27524317e-01 8.78144958e-03 1.24967914e-01 -3.54776679e-03
7.93373232e-01 1.28223293e-01 8.82693801e-03 1.25657885e-01 -3.58786477e-03
7.94328214e-01 1.28923918e-01 8.87334696e-03 1.26349317e-01 -3.62773652e-03
7.95281236e-01 1.29626208e-01 8.92068741e-03 1.27042226e-01 -3.66734680e-03
7.96232298e-01 1.30330182e-01 8.96896990e-03 1.27736632e-01 -3.70665996e-03
7.97181396e-01 1.31035863e-01 9.01820441e-03 1.28432561e-01 -3.74564003e-03
7.98128528e-01 1.31743277e-01 9.06840046e-03 1.29130039e-01 -3.78425072e-03
7.99073691e-01 1.32452454e-01 9.11956700e-03 1.29829099e-01 -3.82245542e-03
8.00016884e-01 1.33163426e-01 9.17171245e-03 1.30529773e-01 -3.86021729e-03
8.00958104e-01 1.33876229e-01 9.22484468e-03 1.31232101e-01 -3.89749926e-03
8.01897349e-01 1.34590903e-01 9.27897096e-03 1.31936124e-01 -3.93426403e-03
8.02834616e-01 1.35307491e-01 9.33409802e-03 1.32641888e-01 -3.97047415e-03
8.03769903e-01 1.36026040e-01 9.39023195e-03 1.33349441e-01 -4.00609204e-03
8.04703207e-01 1.36746600e-01 9.44737828e-03 1.34058838e-01 -4.04108002e-03
8.05634528e-01 1.37469227e-01 9.50554189e-03 1.34770136e-01 -4.07540030e-03
8.06563861e-01 1.38193976e-01 9.56472706e-03 1.35483394e-01 -4.10901510e-03
8.07491206e-01 1.38920912e-01 9.62493741e-03 1.36198679e-01 -4.14188659e-03
8.08416559e-01 1.39650099e-01 9.68617594e-03 1.36916058e-01 -4.17397699e-03
8.09339918e-01 1.40381607e-01 9.74844498e-03 1.37635606e-01 -4.20524857e-03
8.10261281e-01 1.41115510e-01 9.81174622e-03 1.38357398e-01 -4.23566369e-03
8.11180646e-01 1.41851885e-01 9.87608068e-03 1.39081517e-01 -4.26518484e-03
8.12098011e-01 1.42590814e-01 9.94144869e-03 1.39808046e-01 -4.29377465e-03
8.13013373e-01 1.43332383e-01 1.00078499e-02 1.40537077e-01 -4.32139594e-03
8.13926729e-01 1.44076681e-01 1.00752834e-02 1.41268701e-01 -4.34801177e-03
8.14838079e-01 1.44823803e-01 1.01437474e-02 1.42003017e-01 -4.37358543e-03
8.15747419e-01 1.45573846e-01 1.02132396e-02 1.42740128e-01 -4.39808051e-03
8.16654747e-01 1.46326912e-01 1.02837568e-02 1.43480138e-01 -4.42146090e-03
8.17560061e-01 1.47083107e-01 1.03552954e-02 1.44223159e-01 -4.44369084e-03
8.18463359e-01 1.47842543e-01 1.04278509e-02 1.44969304e-01 -4.46473495e-03
8.19364639e-01 1.48605332e-01 1.05014182e-02 1.45718693e-01 -4.48455825e-03
8.20263897e-01 1.49371595e-01 1.05759914e-02 1.46471449e-01 -4.50312621e-03
8.21161133e-01 1.50141453e-01 1.06515640e-02 1.47227698e-01 -4.52040473e-03
8.22056344e-01 1.50915033e-01 1.07281289e-02 1.47987572e-01 -4.53636024e-03
8.22949527e-01 1.51692467e-01 1.08056781e-02 1.48751206e-01 -4.55095967e-03
8.23840681e-01 1.52473888e-01 1.08842032e-02 1.49518740e-01 -4.56417049e-03
8.24729804e-01 1.53259438e-01 1.09636949e-02 1.50290317e-01 -4.57596074e-03
8.25616892e-01 1.54049257e-01 1.10441433e-02 1.51066085e-01 -4.58629908e-03
8.26501944e-01 1.54843494e-01 1.11255380e-02 1.51846196e-01 -4.59515475e-03
8.27384958e-01 1.55642300e-01 1.12078676e-02 1.52630806e-01 -4.60249766e-03
8.28265931e-01 1.56445830e-01 1.12911205e-02 1.53420073e-01 -4.60829837e-03
8.29144862e-01 1.57254243e-01 1.13752841e-02 1.54214162e-01 -4.61252813e-03
8.30021748e-01 1.58067701e-01 1.14603453e-02 1.55013240e-01 -4.61515889e-03
8.30896587e-01 1.58886371e-01 1.15462905e-02 1.55817477e-01 -4.61616331e-03
8.31769377e-01 1.59710424e-01 1.16331053e-02 1.56627050e-01 -4.61551482e-03
8.32640115e-01 1.60540034e-01 1.17207749e-02 1.57442136e-01 -4.61318756e-03
8.33508800e-01 1.61375379e-01 1.18092839e-02 1.58262918e-01 -4.60915648e-03
8.34375430e-01 1.62216639e-01 1.18986162e-02 1.59089581e-01 -4.60339728e-03
8.35240002e-01 1.63064001e-01 1.19887552e-02 1.59922314e-01 -4.59588647e-03
8.36102514e-01 1.63917652e-01 1.20796840e-02 1.60761311e-01 -4.58660136e-03
8.36962964e-01 1.64777785e-01 1.21713848e-02 1.61606766e-01 -4.57552007e-03
8.37821349e-01 1.65644594e-01 1.22638395e-02 1.62458880e-01 -4.56262155e-03
8.38677669e-01 1.66518278e-01 1.23570297e-02 1.63317855e-01 -4.54788557e-03
8.39531921e-01 1.67399038e-01 1.24509363e-02 1.64183895e-01 -4.53129272e-03
8.40384102e-01 1.68287080e-01 1.25455397e-02 1.65057210e-01 -4.51282444e-03
8.41234210e-01 1.69182611e-01 1.26408201e-02 1.65938010e-01 -4.49246300e-03
8.42082244e-01 1.70085842e-01 1.27367572e-02 1.66826511e-01 -4.47019150e-03
8.42928201e-01 1.70996987e-01 1.28333302e-02 1.67722929e-01 -4.44599388e-03
8.43772079e-01 1.71916261e-01 1.29305182e-02 1.68627483e-01 -4.41985491e-03
8.44613877e-01 1.72843885e-01 1.30282997e-02 1.69540395e-01 -4.39176018e-03
8.45453591e-01 1.73780079e-01 1.31266530e-02 1.70461891e-01 -4.36169610e-03
8.46291221e-01 1.74725068e-01 1.32255562e-02 1.71392197e-01 -4.32964989e-03
8.47126763e-01 1.75679078e-01 1.33249869e-02 1.72331542e-01 -4.29560959e-03
8.47960216e-01 1.76642339e-01 1.34249227e-02 1.73280158e-01 -4.25956398e-03
8.48791578e-01 1.77615082e-01 1.35253408e-02 1.74238278e-01 -4.22150268e-03
8.49620847e-01 1.78597540e-01 1.36262182e-02 1.75206138e-01 -4.18141602e-03
8.50448020e-01 1.79589949e-01 1.37275318e-02 1.76183974e-01 -4.13929510e-03
8.51273096e-01 1.80592545e-01 1.38292585e-02 1.77172026e-01 -4.09513175e-03
8.52096073e-01 1.81605568e-01 1.39313747e-02 1.78170535e-01 -4.04891850e-03
8.52916948e-01 1.82629260e-01 1.40338570e-02 1.79179743e-01 -4.00064855e-03
8.53735720e-01 1.83663862e-01 1.41366818e-02 1.80199894e-01 -3.95031581e-03
8.54552386e-01 1.84709620e-01 1.42398256e-02 1.81231232e-01 -3.89791478e-03
8.55366945e-01 1.85766778e-01 1.43432647e-02 1.82274006e-01 -3.84344062e-03
8.56179395e-01 1.86835585e-01 1.44469755e-02 1.83328461e-01 -3.78688905e-03
8.56989732e-01 1.87916289e-01 1.45509344e-02 1.84394848e-01 -3.72825635e-03
8.57797957e-01 1.89009139e-01 1.46551179e-02 1.85473416e-01 -3.66753934e-03
8.58604066e-01 1.90114388e-01 1.47595026e-02 1.86564417e-01 -3.60473535e-03
8.59408057e-01 1.91232286e-01 1.48640651e-02 1.87668101e-01 -3.53984216e-03
8.60209930e-01 1.92363087e-01 1.49687823e-02 1.88784722e-01 -3.47285797e-03
8.61009680e-01 1.93507045e-01 1.50736311e-02 1.89914533e-01 -3.40378142e-03
8.61807307e-01 1.94664415e-01 1.51785887e-02 1.91057788e-01 -3.33261147e-03
8.62602809e-01 1.95835453e-01 1.52836326e-02 1.92214742e-01 -3.25934743e-03
8.63396184e-01 1.97020415e-01 1.53887404e-02 1.93385649e-01 -3.18398888e-03
8.64187429e-01 1.98219558e-01 1.54938900e-02 1.94570766e-01 -3.10653567e-03
8.64976543e-01 1.99433141e-01 1.55990596e-02 1.95770349e-01 -3.02698784e-03
8.65763524e-01 2.00661422e-01 1.57042278e-02 1.96984654e-01 -2.94534560e-03
8.66548370e-01 2.01904660e-01 1.58093734e-02 1.98213937e-01 -2.86160929e-03
8.67331079e-01 2.03163114e-01 1.59144757e-02 1.99458457e-01 -2.77577932e-03
8.68111648e-01 2.04437044e-01 1.60195144e-02 2.00718471e-01 -2.68785614e-03
8.68890077e-01 2.05726710e-01 1.61244695e-02 2.01994236e-01 -2.59784022e-03
8.69666363e-01 2.07032375e-01 1.62293215e-02 2.03286010e-01 -2.50573194e-03
8.70440504e-01 2.08354297e-01 1.63340515e-02 2.04594052e-01 -2.41153162e-03
8.71212499e-01 2.09692741e-01 1.64386410e-02 2.05918620e-01 -2.31523942e-03
8.71982345e-01 2.11047966e-01 1.65430718e-02 2.07259972e-01 -2.21685532e-03
8.72750041e-01 2.12420236e-01 1.66473266e-02 2.08618368e-01 -2.11637908e-03
8.73515584e-01 2.13809815e-01 1.67513884e-02 2.09994067e-01 -2.01381016e-03
8.74278973e-01 2.15216964e-01 1.68552408e-02 2.11387328e-01 -1.90914773e-03
8.75040206e-01 2.16641947e-01 1.69588682e-02 2.12798411e-01 -1.80239055e-03
8.75799281e-01 2.18085030e-01 1.70622552e-02 2.14227577e-01 -1.69353699e-03
8.76556196e-01 2.19546476e-01 1.71653875e-02 2.15675085e-01 -1.58258497e-03
8.77310949e-01 2.21026552e-01 1.72682510e-02 2.17141197e-01 -1.46953188e-03
8.78063539e-01 2.22525522e-01 1.73708327e-02 2.18626175e-01 -1.35437458e-03
8.78813963e-01 2.24043654e-01 1.74731199e-02 2.20130281e-01 -1.23710933e-03
8.79562220e-01 2.25581216e-01 1.75751008e-02 2.21653778e-01 -1.11773174e-03
8.80308308e-01 2.27138475e-01 1.76767642e-02 2.23196929e-01 -9.96236744e-04
8.81052225e-01 2.28715702e-01 1.77780997e-02 2.24759999e-01 -8.72618569e-04
8.81793969e-01 2.30313166e-01 1.78790976e-02 2.26343255e-01 -7.46870660e-04
8.82533538e-01 2.31931139e-01 1.79797488e-02 2.27946962e-01 -6.18985662e-04
8.83270931e-01 2.33569894e-01 1.80800452e-02 2.29571389e-01 -4.88955373e-04
8.84006145e-01 2.35229706e-01 1.81799793e-02 2.31216806e-01 -3.56770710e-04
8.84739180e-01 2.36910851e-01 1.82795443e-02 2.32883484e-01 -2.22421669e-04
8.85470032e-01 2.38613605e-01 1.83787343e-02 2.34571695e-01 -8.58972912e-05
8.86198701e-01 2.40338249e-01 1.84775441e-02 2.36281714e-01 5.28143741e-05
8.86925184e-01 2.42085065e-01 1.85759693e-02 2.38013819e-01 1.93726300e-04
8.87649480e-01 2.43854336e-01 1.86740063e-02 2.39768289e-01 3.36852512e-04
8.88371587e-01 2.45646349e-01 1.87716522e-02 2.41545404e-01 4.82208122e-04
8.89091503e-01 2.47461393e-01 1.88689049e-02 2.43345450e-01 6.29809353e-04
8.89809227e-01 2.49299760e-01 1.89657632e-02 2.45168715e-01 7.79673562e-04
8.90524756e-01 2.51161744e-01 1.90622265e-02 2.47015487e-01 9.31819270e-04
8.91238089e-01 2.53047644e-01 1.91582951e-02 2.48886062e-01 1.08626618e-03
8.91949223e-01 2.54957762e-01 1.92539701e-02 2.50780738e-01 1.24303520e-03
8.92658159e-01 2.56892403e-01 1.93492532e-02 2.52699814e-01 1.40214846e-03
8.93364892e-01 2.58851877e-01 1.94441470e-02 2.54643598e-01 1.56362931e-03
8.94069423e-01 2.60836498e-01 1.95386548e-02 2.56612399e-01 1.72750236e-03
8.94771748e-01 2.62846585e-01 1.96327807e-02 2.58606533e-01 1.89379350e-03
8.95471867e-01 2.64882461e-01 1.97265294e-02 2.60626319e-01 2.06252984e-03
8.96169778e-01 2.66944455e-01 1.98199064e-02 2.62672083e-01 2.23373981e-03
8.96865478e-01 2.69032902e-01 1.99129179e-02 2.64744156e-01 2.40745308e-03
8.97558967e-01 2.71148140e-01 2.00055709e-02 2.66842876e-01 2.58370062e-03
8.98250242e-01 2.73290517e-01 2.00978728e-02 2.68968585e-01 2.76251465e-03
8.98939302e-01 2.75460385e-01 2.01898320e-02 2.71121635e-01 2.94392868e-03
8.99626145e-01 2.77658103e-01 2.02814572e-02 2.73302381e-01 3.12797747e-03
9.00310769e-01 2.79884039e-01 2.03727581e-02 2.75511191e-01 3.31469701e-03
9.00993173e-01 2.82138566e-01 2.04637446e-02 2.77748435e-01 3.50412456e-03
9.01673355e-01 2.84422068e-01 2.05544276e-02 2.80014494e-01 3.69629857e-03
9.02351313e-01 2.86734933e-01 2.06448182e-02 2.82309759e-01 3.89125870e-03
9.03027046e-01 2.89077561e-01 2.07349282e-02 2.84634627e-01 4.08904577e-03
9.03700552e-01 2.91450361e-01 2.08247700e-02 2.86989506e-01 4.28970177e-03
9.04371830e-01 2.93853749e-01 2.09143562e-02 2.89374814e-01 4.49326978e-03
9.05040876e-01 2.96288153e-01 2.10037003e-02 2.91790977e-01 4.69979398e-03
9.05707691e-01 2.98754011e-01 2.10928158e-02 2.94238434e-01 4.90931961e-03
9.06372273e-01 3.01251770e-01 2.11817169e-02 2.96717635e-01 5.12189291e-03
9.07034619e-01 3.03781891e-01 2.12704181e-02 2.99229039e-01 5.33756108e-03
9.07694728e-01 3.06344844e-01 2.13589341e-02 3.01773119e-01 5.55637227e-03
9.08352599e-01 3.08941110e-01 2.14472801e-02 3.04350359e-01 5.77837547e-03
9.09008229e-01 3.11571187e-01 2.15354715e-02 3.06961257e-01 6.00362053e-03
9.09661618e-01 3.14235580e-01 2.16235240e-02 3.09606324e-01 6.23215805e-03
9.10312763e-01 3.16934810e-01 2.17114535e-02 3.12286082e-01 6.46403934e-03
9.10961663e-01 3.19669413e-01 2.17992761e-02 3.15001071e-01 6.69931637e-03
9.11608317e-01 3.22439937e-01 2.18870080e-02 3.17751842e-01 6.93804170e-03
9.12252723e-01 3.25246943e-01 2.19746655e-02 3.20538963e-01 7.18026839e-03
9.12894879e-01 3.28091011e-01 2.20622651e-02 3.23363015e-01 7.42604996e-03
9.13534783e-01 3.30972733e-01 2.21498231e-02 3.26224598e-01 7.67544032e-03
9.14172435e-01 3.33892719e-01 2.22373562e-02 3.29124326e-01 7.92849367e-03
9.14807832e-01 3.36851592e-01 2.23248806e-02 3.32062829e-01 8.18526441e-03
9.15440973e-01 3.39849994e-01 2.24124128e-02 3.35040756e-01 8.44580711e-03
9.16071856e-01 3.42888585e-01 2.24999689e-02 3.38058772e-01 8.71017637e-03
9.16700480e-01 3.45968040e-01 2.25875651e-02 3.41117561e-01 8.97842678e-03
9.17326844e-01 3.49089053e-01 2.26752173e-02 3.44217823e-01 9.25061279e-03
9.17950945e-01 3.52252336e-01 2.27629411e-02 3.47360279e-01 9.52678864e-03
9.18572782e-01 3.55458620e-01 2.28507519e-02 3.50545669e-01 9.80700824e-03
9.19192354e-01 3.58708655e-01 2.29386647e-02 3.53774750e-01 1.00913251e-02
9.19809659e-01 3.62003209e-01 2.30266944e-02 3.57048303e-01 1.03797923e-02
9.20424696e-01 3.65343073e-01 2.31148552e-02 3.60367124e-01 1.06724621e-02
9.21037462e-01 3.68729055e-01 2.32031611e-02 3.63732035e-01 1.09693863e-02
9.21647958e-01 3.72161985e-01 2.32916254e-02 3.67143875e-01 1.12706157e-02
9.22256180e-01 3.75642714e-01 2.33802611e-02 3.70603506e-01 1.15762001e-02
9.22862128e-01 3.79172114e-01 2.34690805e-02 3.74111811e-01 1.18861886e-02
9.23465800e-01 3.82751078e-01 2.35580954e-02 3.77669696e-01 1.22006288e-02
9.24067195e-01 3.86380521e-01 2.36473169e-02 3.81278088e-01 1.25195671e-02
9.24666310e-01 3.90061383e-01 2.37367555e-02 3.84937937e-01 1.28430487e-02
9.25263146e-01 3.93794621e-01 2.38264209e-02 3.88650217e-01 1.31711170e-02
9.25857699e-01 3.97581221e-01 2.39163221e-02 3.92415923e-01 1.35038141e-02
9.26449969e-01 4.01422186e-01 2.40064673e-02 3.96236075e-01 1.38411800e-02
9.27039955e-01 4.05318547e-01 2.40968638e-02 4.00111717e-01 1.41832532e-02
9.27627654e-01 4.09271356e-01 2.41875182e-02 4.04043914e-01 1.45300700e-02
9.28213065e-01 4.13281690e-01 2.42784359e-02 4.08033758e-01 1.48816646e-02
9.28796187e-01 4.17350648e-01 2.43696218e-02 4.12082365e-01 1.52380692e-02
9.29377019e-01 4.21479356e-01 2.44610794e-02 4.16190873e-01 1.55993132e-02
9.29955559e-01 4.25668961e-01 2.45528115e-02 4.20360446e-01 1.59654240e-02
9.30531805e-01 4.29920636e-01 2.46448196e-02 4.24592275e-01 1.63364261e-02
9.31105757e-01 4.34235580e-01 2.47371042e-02 4.28887571e-01 1.67123414e-02
9.31677412e-01 4.38615013e-01 2.48296649e-02 4.33247573e-01 1.70931890e-02
9.32246769e-01 4.43060183e-01 2.49224998e-02 4.37673544e-01 1.74789848e-02
9.32813828e-01 4.47572360e-01 2.50156062e-02 4.42166772e-01 1.78697420e-02
9.33378586e-01 4.52152841e-01 2.51089799e-02 4.46728570e-01 1.82654701e-02
9.33941042e-01 4.56802945e-01 2.52026156e-02 4.51360276e-01 1.86661757e-02
9.34501195e-01 4.61524019e-01 2.52965067e-02 4.56063252e-01 1.90718617e-02
9.35059043e-01 4.66317431e-01 2.53906454e-02 4.60838885e-01 1.94825275e-02
9.35614585e-01 4.71184576e-01 2.54850225e-02 4.65688587e-01 1.98981688e-02
9.36167820e-01 4.76126873e-01 2.55796275e-02 4.70613795e-01 2.03187775e-02
9.36718746e-01 4.81145764e-01 2.56744485e-02 4.75615968e-01 2.07443416e-02
9.37267362e-01 4.86242716e-01 2.57694724e-02 4.80696593e-01 2.11748449e-02
9.37813667e-01 4.91419221e-01 2.58646844e-02 4.85857178e-01 2.16102674e-02
9.38357658e-01 4.96676791e-01 2.59600687e-02 4.91099256e-01 2.20505844e-02
9.38899336e-01 5.02016966e-01 2.60556076e-02 4.96424382e-01 2.24957673e-02
9.39438698e-01 5.07441306e-01 2.61512823e-02 5.01834135e-01 2.29457826e-02
9.39975743e-01 5.12951394e-01 2.62470723e-02 5.07330117e-01 2.34005925e-02
9.40510470e-01 5.18548837e-01 2.63429560e-02 5.12913953e-01 2.38601545e-02
9.41042878e-01 5.24235262e-01 2.64389099e-02 5.18587289e-01 2.43244213e-02
9.41572965e-01 5.30012320e-01 2.65349092e-02 5.24351792e-01 2.47933407e-02
9.42100730e-01 5.35881680e-01 2.66309275e-02 5.30209151e-01 2.52668557e-02
9.42626171e-01 5.41845034e-01 2.67269372e-02 5.36161075e-01 2.57449041e-02
9.43149288e-01 5.47904094e-01 2.68229088e-02 5.42209294e-01 2.62274187e-02
9.43670079e-01 5.54060591e-01 2.69188115e-02 5.48355557e-01 2.67143271e-02
9.44188542e-01 5.60316275e-01 2.70146130e-02 5.54601631e-01 2.72055517e-02
9.44704677e-01 5.66672914e-01 2.71102794e-02 5.60949302e-01 2.77010095e-02
9.45218483e-01 5.73132295e-01 2.72057752e-02 5.67400374e-01 2.82006120e-02
9.45729957e-01 5.79696220e-01 2.73010637e-02 5.73956666e-01 2.87042654e-02
9.46239099e-01 5.86366508e-01 2.73961065e-02 5.80620015e-01 2.92118703e-02
9.46745907e-01 5.93144996e-01 2.74908636e-02 5.87392272e-01 2.97233219e-02
9.47250380e-01 6.00033531e-01 2.75852938e-02 5.94275304e-01 3.02385097e-02
9.47752518e-01 6.07033979e-01 2.76793542e-02 6.01270988e-01 3.07573174e-02
9.48252318e-01 6.14148214e-01 2.77730006e-02 6.08381218e-01 3.12796232e-02
9.48749779e-01 6.21378125e-01 2.78661872e-02 6.15607898e-01 3.18052995e-02
9.49244901e-01 6.28725612e-01 2.79588670e-02 6.22952941e-01 3.23342131e-02
9.49737681e-01 6.36192584e-01 2.80509913e-02 6.30418272e-01 3.28662248e-02
9.50228120e-01 6.43780961e-01 2.81425103e-02 6.38005824e-01 3.34011898e-02
9.50716215e-01 6.51492668e-01 2.82333726e-02 6.45717538e-01 3.39389576e-02
9.51201965e-01 6.59329639e-01 2.83235257e-02 6.53555360e-01 3.44793716e-02
9.51685370e-01 6.67293814e-01 2.84129157e-02 6.61521244e-01 3.50222698e-02
9.52166428e-01 6.75387137e-01 2.85014872e-02 6.69617146e-01 3.55674842e-02
9.52645137e-01 6.83611555e-01 2.85891839e-02 6.77845025e-01 3.61148411e-02
9.53121497e-01 6.91969018e-01 2.86759480e-02 6.86206844e-01 3.66641610e-02
9.53595507e-01 7.00461477e-01 2.87617207e-02 6.94704563e-01 3.72152589e-02
9.54067164e-01 7.09090881e-01 2.88464419e-02 7.03340143e-01 3.77679441e-02
9.54536469e-01 7.17859178e-01 2.89300504e-02 7.12115544e-01 3.83220200e-02
9.55003420e-01 7.26768316e-01 2.90124842e-02 7.21032719e-01 3.88772847e-02
9.55468016e-01 7.35820233e-01 2.90936797e-02 7.30093619e-01 3.94335308e-02
9.55930255e-01 7.45016865e-01 2.91735729e-02 7.39300188e-01 3.99905453e-02
9.56390137e-01 7.54360139e-01 2.92520984e-02 7.48654359e-01 4.05481099e-02
9.56847660e-01 7.63851974e-01 2.93291901e-02 7.58158060e-01 4.11060010e-02
9.57302823e-01 7.73494278e-01 2.94047810e-02 7.67813205e-01 4.16639898e-02
9.57755626e-01 7.83288947e-01 2.94788032e-02 7.77621695e-01 4.22218423e-02
9.58206066e-01 7.93237862e-01 2.95511882e-02 7.87585418e-01 4.27793196e-02
9.58654144e-01 8.03342891e-01 2.96218666e-02 7.97706246e-01 4.33361776e-02
9.59099857e-01 8.13605885e-01 2.96907686e-02 8.07986034e-01 4.38921677e-02
9.59543205e-01 8.24028673e-01 2.97578233e-02 8.18426616e-01 4.44470363e-02
9.59984187e-01 8.34613069e-01 2.98229598e-02 8.29029806e-01 4.50005256e-02
9.60422801e-01 8.45360861e-01 2.98861062e-02 8.39797396e-01 4.55523730e-02
9.60859046e-01 8.56273814e-01 2.99471907e-02 8.50731151e-01 4.61023117e-02
9.61292922e-01 8.67353668e-01 3.00061405e-02 8.61832814e-01 4.66500709e-02
9.61724427e-01 8.78602137e-01 3.00628829e-02 8.73104095e-01 4.71953756e-02
9.62153561e-01 8.90020902e-01 3.01173449e-02 8.84546679e-01 4.77379470e-02
9.62580321e-01 9.01611617e-01 3.01694530e-02 8.96162215e-01 4.82775027e-02
9.63004708e-01 9.13375902e-01 3.02191339e-02 9.07952321e-01 4.88137567e-02
9.63426720e-01 9.25315341e-01 3.02663140e-02 9.19918579e-01 4.93464197e-02
9.63846355e-01 9.37431481e-01 3.03109198e-02 9.32062533e-01 4.98751992e-02
9.64263614e-01 9.49725834e-01 3.03528778e-02 9.44385689e-01 5.03997998e-02
9.64678495e-01 9.62199867e-01 3.03921146e-02 9.56889510e-01 5.09199234e-02
9.65090997e-01 9.74855008e-01 3.04285570e-02 9.69575417e-01 5.14352692e-02
9.65501118e-01 9.87692640e-01 3.04621321e-02 9.82444786e-01 5.19455343e-02
9.65908859e-01 1.00071410e+00 3.04927672e-02 9.95498946e-01 5.24504133e-02
9.66314217e-01 1.01392067e+00 3.05203901e-02 1.00873918e+00 5.29495993e-02
9.66717192e-01 1.02731360e+00 3.05449290e-02 1.02216671e+00 5.34427834e-02
9.67117784e-01 1.04089406e+00 3.05663126e-02 1.03578271e+00 5.39296554e-02
9.67515990e-01 1.05466319e+00 3.05844703e-02 1.04958832e+00 5.44099039e-02
9.67911810e-01 1.06862207e+00 3.05993320e-02 1.06358458e+00 5.48832165e-02
9.68305243e-01 1.08277171e+00 3.06108284e-02 1.07777251e+00 5.53492801e-02
9.68696288e-01 1.09711307e+00 3.06188912e-02 1.09215305e+00 5.58077811e-02
9.69084944e-01 1.11164704e+00 3.06234526e-02 1.10672709e+00 5.62584058e-02
9.69471210e-01 1.12637446e+00 3.06244461e-02 1.12149544e+00 5.67008403e-02
9.69855086e-01 1.14129609e+00 3.06218061e-02 1.13645884e+00 5.71347713e-02
9.70236569e-01 1.15641263e+00 3.06154679e-02 1.15161799e+00 5.75598860e-02
9.70615660e-01 1.17172471e+00 3.06053682e-02 1.16697350e+00 5.79758723e-02
9.70992357e-01 1.18723288e+00 3.05914448e-02 1.18252590e+00 5.83824196e-02
9.71366659e-01 1.20293762e+00 3.05736370e-02 1.19827566e+00 5.87792183e-02
9.71738566e-01 1.21883935e+00 3.05518851e-02 1.21422317e+00 5.91659607e-02
9.72108076e-01 1.23493839e+00 3.05261312e-02 1.23036873e+00 5.95423412e-02
9.72475189e-01 1.25123498e+00 3.04963187e-02 1.24671259e+00 5.99080563e-02
9.72839904e-01 1.26772930e+00 3.04623927e-02 1.26325488e+00 6.02628051e-02
9.73202220e-01 1.28442144e+00 3.04242998e-02 1.27999567e+00 6.06062896e-02
9.73562135e-01 1.30131140e+00 3.03819884e-02 1.29693495e+00 6.09382150e-02
9.73919650e-01 1.31839908e+00 3.03354087e-02 1.31407260e+00 6.12582898e-02
9.74274762e-01 1.33568432e+00 3.02845126e-02 1.33140844e+00 6.15662264e-02
9.74627472e-01 1.35316686e+00 3.02292542e-02 1.34894217e+00 6.18617411e-02
9.74977778e-01 1.37084633e+00 3.01695893e-02 1.36667341e+00 6.21445548e-02
9.75325680e-01 1.38872228e+00 3.01054757e-02 1.38460170e+00 6.24143926e-02
9.75671177e-01 1.40679419e+00 3.00368735e-02 1.40272646e+00 6.26709851e-02
9.76014267e-01 1.42506140e+00 2.99637449e-02 1.42104703e+00 6.29140676e-02
9.76354950e-01 1.44352317e+00 2.98860543e-02 1.43956265e+00 6.31433812e-02
9.76693226e-01 1.46217868e+00 2.98037683e-02 1.45827246e+00 6.33586730e-02
9.77029093e-01 1.48102698e+00 2.97168558e-02 1.47717549e+00 6.35596959e-02
9.77362550e-01 1.50006703e+00 2.96252883e-02 1.49627067e+00 6.37462093e-02
9.77693597e-01 1.51929768e+00 2.95290395e-02 1.51555684e+00 6.39179795e-02
9.78022233e-01 1.53871770e+00 2.94280858e-02 1.53503272e+00 6.40747796e-02
9.78348456e-01 1.55832572e+00 2.93224059e-02 1.55469693e+00 6.42163901e-02
9.78672267e-01 1.57812028e+00 2.92119814e-02 1.57454797e+00 6.43425991e-02
9.78993665e-01 1.59809981e+00 2.90967962e-02 1.59458426e+00 6.44532023e-02
9.79312648e-01 1.61826263e+00 2.89768371e-02 1.61480407e+00 6.45480039e-02
9.79629216e-01 1.63860695e+00 2.88520936e-02 1.63520560e+00 6.46268162e-02
9.79943368e-01 1.65913087e+00 2.87225580e-02 1.65578691e+00 6.46894604e-02
9.80255103e-01 1.67983237e+00 2.85882252e-02 1.67654597e+00 6.47357665e-02
9.80564421e-01 1.70070933e+00 2.84490933e-02 1.69748060e+00 6.47655738e-02
9.80871321e-01 1.72175950e+00 2.83051630e-02 1.71858855e+00 6.47787309e-02
9.81175801e-01 1.74298052e+00 2.81564380e-02 1.73986743e+00 6.47750962e-02
9.81477862e-01 1.76436993e+00 2.80029249e-02 1.76131474e+00 6.47545381e-02
9.81777503e-01 1.78592514e+00 2.78446336e-02 1.78292786e+00 6.47169351e-02
9.82074722e-01 1.80764344e+00 2.76815765e-02 1.80470406e+00 6.46621761e-02
9.82369519e-01 1.82952201e+00 2.75137695e-02 1.82664049e+00 6.45901606e-02
9.82661894e-01 1.85155791e+00 2.73412312e-02 1.84873418e+00 6.45007991e-02
9.82951845e-01 1.87374810e+00 2.71639836e-02 1.87098206e+00 6.43940131e-02
9.83239372e-01 1.89608939e+00 2.69820515e-02 1.89338092e+00 6.42697352e-02
9.83524474e-01 1.91857850e+00 2.67954631e-02 1.91592744e+00 6.41279098e-02
9.83807150e-01 1.94121201e+00 2.66042495e-02 1.93861819e+00 6.39684925e-02
9.84087401e-01 1.96398641e+00 2.64084451e-02 1.96144961e+00 6.37914510e-02
9.84365224e-01 1.98689805e+00 2.62080875e-02 1.98441804e+00 6.35967649e-02
9.84640620e-01 2.00994317e+00 2.60032172e-02 2.00751969e+00 6.33844261e-02
9.84913588e-01 2.03311788e+00 2.57938781e-02 2.03075065e+00 6.31544384e-02
9.85184126e-01 2.05641821e+00 2.55801172e-02 2.05410690e+00 6.29068185e-02
9.85452235e-01 2.07984004e+00 2.53619847e-02 2.07758430e+00 6.26415953e-02
9.85717914e-01 2.10337913e+00 2.51395340e-02 2.10117862e+00 6.23588104e-02
9.85981162e-01 2.12703116e+00 2.49128215e-02 2.12488547e+00 6.20585184e-02
9.86241978e-01 2.15079167e+00 2.46819068e-02 2.14870039e+00 6.17407866e-02
9.86500362e-01 2.17465609e+00 2.44468529e-02 2.17261878e+00 6.14056954e-02
9.86756313e-01 2.19861974e+00 2.42077256e-02 2.19663593e+00 6.10533379e-02
9.87009830e-01 2.22267782e+00 2.39645940e-02 2.22074704e+00 6.06838208e-02
9.87260914e-01 2.24682545e+00 2.37175301e-02 2.24494717e+00 6.02972636e-02
9.87509562e-01 2.27105759e+00 2.34666094e-02 2.26923129e+00 5.98937990e-02
9.87755776e-01 2.29536915e+00 2.32119099e-02 2.29359427e+00 5.94735731e-02
9.87999553e-01 2.31975488e+00 2.29535130e-02 2.31803085e+00 5.90367452e-02
9.88240894e-01 2.34420946e+00 2.26915030e-02 2.34253569e+00 5.85834876e-02
9.88479797e-01 2.36872746e+00 2.24259672e-02 2.36710333e+00 5.81139862e-02
9.88716263e-01 2.39330334e+00 2.21569958e-02 2.39172822e+00 5.76284399e-02
9.88950290e-01 2.41793147e+00 2.18846818e-02 2.41640471e+00 5.71270607e-02
9.89181879e-01 2.44260610e+00 2.16091212e-02 2.44112703e+00 5.66100739e-02
9.89411028e-01 2.46732141e+00 2.13304128e-02 2.46588934e+00 5.60777179e-02
9.89637737e-01 2.49207148e+00 2.10486582e-02 2.49068571e+00 5.55302440e-02
9.89862005e-01 2.51685028e+00 2.07639615e-02 2.51551010e+00 5.49679164e-02
9.90083833e-01 2.54165170e+00 2.04764298e-02 2.54035638e+00 5.43910121e-02
9.90303218e-01 2.56646956e+00 2.01861726e-02 2.56521834e+00 5.37998209e-02
9.90520161e-01 2.59129757e+00 1.98933021e-02 2.59008970e+00 5.31946453e-02
9.90734662e-01 2.61612937e+00 1.95979329e-02 2.61496407e+00 5.25758000e-02
9.90946719e-01 2.64095850e+00 1.93001822e-02 2.63983500e+00 5.19436121e-02
9.91156332e-01 2.66577845e+00 1.90001695e-02 2.66469595e+00 5.12984208e-02
9.91363501e-01 2.69058261e+00 1.86980167e-02 2.68954031e+00 5.06405775e-02
9.91568226e-01 2.71536432e+00 1.83938479e-02 2.71436141e+00 4.99704451e-02
9.91770504e-01 2.74011684e+00 1.80877894e-02 2.73915249e+00 4.92883981e-02
9.91970337e-01 2.76483334e+00 1.77799698e-02 2.76390673e+00 4.85948226e-02
9.92167724e-01 2.78950697e+00 1.74705195e-02 2.78861727e+00 4.78901155e-02
9.92362663e-01 2.81413079e+00 1.71595711e-02 2.81327715e+00 4.71746850e-02
9.92555155e-01 2.83869780e+00 1.68472590e-02 2.83787938e+00 4.64489495e-02
9.92745200e-01 2.86320096e+00 1.65337196e-02 2.86241691e+00 4.57133381e-02
9.92932796e-01 2.88763318e+00 1.62190907e-02 2.88688265e+00 4.49682900e-02
9.93117944e-01 2.91198730e+00 1.59035122e-02 2.91126944e+00 4.42142541e-02
9.93300642e-01 2.93625614e+00 1.55871254e-02 2.93557009e+00 4.34516889e-02
9.93480891e-01 2.96043246e+00 1.52700731e-02 2.95977737e+00 4.26810621e-02
9.93658689e-01 2.98450901e+00 1.49524994e-02 2.98388402e+00 4.19028503e-02
9.93834037e-01 3.00847846e+00 1.46345500e-02 3.00788272e+00 4.11175387e-02
9.94006934e-01 3.03233350e+00 1.43163717e-02 3.03176616e+00 4.03256207e-02
9.94177380e-01 3.05606677e+00 1.39981124e-02 3.05552696e+00 3.95275975e-02
9.94345374e-01 3.07967087e+00 1.36799212e-02 3.07915776e+00 3.87239780e-02
9.94510915e-01 3.10313841e+00 1.33619480e-02 3.10265116e+00 3.79152781e-02
9.94674004e-01 3.12646197e+00 1.30443438e-02 3.12599974e+00 3.71020203e-02
9.94834640e-01 3.14963412e+00 1.27272602e-02 3.14919609e+00 3.62847339e-02
9.94992823e-01 3.17264743e+00 1.24108494e-02 3.17223276e+00 3.54639538e-02
9.95148552e-01 3.19549446e+00 1.20952644e-02 3.19510234e+00 3.46402206e-02
9.95301826e-01 3.21816776e+00 1.17806585e-02 3.21779739e+00 3.38140799e-02
9.95452646e-01 3.24065992e+00 1.14671856e-02 3.24031049e+00 3.29860823e-02
9.95601011e-01 3.26296349e+00 1.11549996e-02 3.26263421e+00 3.21567824e-02
9.95746921e-01 3.28507107e+00 1.08442548e-02 3.28476117e+00 3.13267388e-02
9.95890375e-01 3.30697526e+00 1.05351054e-02 3.30668396e+00 3.04965134e-02
9.96031373e-01 3.32866869e+00 1.02277058e-02 3.32839524e+00 2.96666711e-02
9.96169914e-01 3.35014401e+00 9.92221002e-03 3.34988766e+00 2.88377794e-02
9.96305999e-01 3.37139390e+00 9.61877202e-03 3.37115391e+00 2.80104077e-02
9.96439627e-01 3.39241106e+00 9.31754533e-03 3.39218673e+00 2.71851270e-02
9.96570797e-01 3.41318827e+00 9.01868309e-03 3.41297887e+00 2.63625093e-02
9.96699510e-01 3.43371829e+00 8.72233785e-03 3.43352314e+00 2.55431273e-02
9.96825765e-01 3.45399399e+00 8.42866154e-03 3.45381241e+00 2.47275539e-02
9.96949561e-01 3.47400824e+00 8.13780532e-03 3.47383957e+00 2.39163616e-02
9.97070899e-01 3.49375399e+00 7.84991949e-03 3.49359758e+00 2.31101221e-02
9.97189778e-01 3.51322424e+00 7.56515339e-03 3.51307947e+00 2.23094056e-02
9.97306197e-01 3.53241206e+00 7.28365528e-03 3.53227831e+00 2.15147807e-02
9.97420157e-01 3.55131059e+00 7.00557225e-03 3.55118725e+00 2.07268136e-02
9.97531657e-01 3.56991303e+00 6.73105014e-03 3.56979953e+00 1.99460679e-02
9.97640697e-01 3.58821265e+00 6.46023338e-03 3.58810842e+00 1.91731036e-02
9.97747277e-01 3.60620282e+00 6.19326494e-03 3.60610732e+00 1.84084773e-02
9.97851396e-01 3.62387699e+00 5.93028619e-03 3.62378968e+00 1.76527411e-02
9.97953055e-01 3.64122867e+00 5.67143685e-03 3.64114905e+00 1.69064425e-02
9.98052252e-01 3.65825150e+00 5.41685483e-03 3.65817907e+00 1.61701237e-02
9.98148988e-01 3.67493918e+00 5.16667617e-03 3.67487347e+00 1.54443211e-02
9.98243262e-01 3.69128555e+00 4.92103495e-03 3.69122610e+00 1.47295653e-02
9.98335074e-01 3.70728451e+00 4.68006316e-03 3.70723088e+00 1.40263798e-02
9.98424424e-01 3.72293010e+00 4.44389064e-03 3.72288187e+00 1.33352813e-02
9.98511312e-01 3.73821646e+00 4.21264494e-03 3.73817322e+00 1.26567787e-02
9.98595738e-01 3.75313783e+00 3.98645130e-03 3.75309920e+00 1.19913731e-02
9.98677701e-01 3.76768858e+00 3.76543249e-03 3.76765420e+00 1.13395568e-02
9.98757201e-01 3.78186322e+00 3.54970874e-03 3.78183274e+00 1.07018134e-02
9.98834237e-01 3.79565636e+00 3.33939769e-03 3.79562944e+00 1.00786170e-02
9.98908811e-01 3.80906275e+00 3.13461425e-03 3.80903908e+00 9.47043180e-03
9.98980921e-01 3.82207726e+00 2.93547056e-03 3.82205655e+00 8.87771195e-03
9.99050567e-01 3.83469492e+00 2.74207588e-03 3.83467688e+00 8.30090079e-03
9.99117750e-01 3.84691087e+00 2.55453651e-03 3.84689524e+00 7.74043062e-03
9.99182468e-01 3.85872041e+00 2.37295574e-03 3.85870695e+00 7.19672227e-03
9.99244723e-01 3.87011898e+00 2.19743374e-03 3.87010745e+00 6.67018468e-03
9.99304513e-01 3.88110217e+00 2.02806751e-03 3.88109237e+00 6.16121459e-03
9.99361839e-01 3.89166572e+00 1.86495081e-03 3.89165744e+00 5.67019607e-03
9.99416700e-01 3.90180552e+00 1.70817405e-03 3.90179859e+00 5.19750027e-03
9.99469096e-01 3.91151762e+00 1.55782428e-03 3.91151186e+00 4.74348497e-03
9.99519028e-01 3.92079823e+00 1.41398509e-03 3.92079349e+00 4.30849433e-03
9.99566494e-01 3.92964371e+00 1.27673657e-03 3.92963986e+00 3.89285851e-03
9.99611495e-01 3.93805061e+00 1.14615521e-03 3.93804751e+00 3.49689339e-03
9.99654032e-01 3.94601562e+00 1.02231391e-03 3.94601316e+00 3.12090027e-03
9.99694102e-01 3.95353561e+00 9.05281846e-04 3.95353368e+00 2.76516555e-03
9.99731708e-01 3.96060762e+00 7.95124492e-04 3.96060613e+00 2.42996052e-03
9.99766848e-01 3.96722885e+00 6.91903522e-04 3.96722772e+00 2.11554105e-03
9.99799522e-01 3.97339669e+00 5.95676782e-04 3.97339586e+00 1.82214738e-03
9.99829731e-01 3.97910871e+00 5.06498250e-04 3.97910811e+00 1.55000387e-03
9.99857474e-01 3.98436264e+00 4.24417986e-04 3.98436222e+00 1.29931880e-03
9.99882751e-01 3.98915639e+00 3.49482101e-04 3.98915611e+00 1.07028417e-03
9.99905562e-01 3.99348807e+00 2.81732722e-04 3.99348789e+00 8.63075527e-04
9.99925908e-01 3.99735596e+00 2.21207956e-04 3.99735585e+00 6.77851764e-04
9.99943787e-01 4.00075852e+00 1.67941864e-04 4.00075845e+00 5.14754999e-04
9.99959200e-01 4.00369439e+00 1.21964434e-04 4.00369435e+00 3.73910421e-04
9.99972148e-01 4.00616241e+00 8.33015525e-05 4.00616239e+00 2.55426156e-04
9.99982629e-01 4.00816160e+00 5.19749705e-05 4.00816159e+00 1.59393126e-04
9.99990644e-01 4.00969116e+00 2.80022395e-05 4.00969116e+00 8.58848032e-05
9.99996193e-01 4.01075053e+00 1.13964243e-05 4.01075053e+00 3.49563075e-05
9.99999277e-01 4.01133950e+00 2.16319856e-06 4.01133950e+00 6.63547295e-06
