-9.99999277e-01 3.80374441e-02 -4.76961861e-06 -3.80374376e-02 8.96045265e-06
-9.99996193e-01 3.79627715e-02 -2.50644960e-05 -3.79625916e-02 4.71209095e-05
-9.99990644e-01 3.78292148e-02 -6.13067065e-05 -3.78281308e-02 1.15403625e-04
-9.99982629e-01 3.76380797e-02 -1.13045332e-04 -3.76343562e-02 2.13192912e-04
-9.99972148e-01 3.73912696e-02 -1.79625720e-04 -3.73817424e-02 3.39589412e-04
-9.99959200e-01 3.70912391e-02 -2.60203876e-04 -3.70709146e-02 4.93433033e-04
-9.99943787e-01 3.67409611e-02 -3.53757346e-04 -3.67026467e-02 6.73318131e-04
-9.99925908e-01 3.63438904e-02 -4.59097771e-04 -3.62778611e-02 8.77610679e-04
-9.99905562e-01 3.59039209e-02 -5.74885337e-04 -3.57976291e-02 1.10446795e-03
-9.99882751e-01 3.54253381e-02 -6.99644995e-04 -3.52631707e-02 1.35186056e-03
-9.99857474e-01 3.49127675e-02 -8.31784258e-04 -3.46758546e-02 1.61759654e-03
-9.99829731e-01 3.43711183e-02 -9.69612340e-04 -3.40371975e-02 1.89934719e-03
-9.99799522e-01 3.38055244e-02 -1.11136038e-03 -3.33488632e-02 2.19467423e-03
-9.99766848e-01 3.32212839e-02 -1.25520248e-03 -3.26126610e-02 2.50105806e-03
-9.99731708e-01 3.26237956e-02 -1.39927736e-03 -3.18305439e-02 2.81592644e-03
-9.99694102e-01 3.20184961e-02 -1.54171018e-03 -3.10046050e-02 3.13668359e-03
-9.99654032e-01 3.14107972e-02 -1.68063444e-03 -3.01370748e-02 3.46073887e-03
-9.99611495e-01 3.08060231e-02 -1.81421359e-03 -2.92303160e-02 3.78553508e-03
-9.99566494e-01 3.02093509e-02 -1.94066203e-03 -2.82868180e-02 4.10857566e-03
-9.99519028e-01 2.96257530e-02 -2.05826531e-03 -2.73091910e-02 4.42745061e-03
-9.99469096e-01 2.90599429e-02 -2.16539933e-03 -2.63001575e-02 4.73986079e-03
-9.99416700e-01 2.85163252e-02 -2.26054813e-03 -2.52625448e-02 5.04364022e-03
-9.99361839e-01 2.79989504e-02 -2.34232023e-03 -2.41992742e-02 5.33677618e-03
-9.99304513e-01 2.75114743e-02 -2.40946325e-03 -2.31133512e-02 5.61742674e-03
-9.99244723e-01 2.70571239e-02 -2.46087669e-03 -2.20078530e-02 5.88393579e-03
-9.99182468e-01 2.66386685e-02 -2.49562265e-03 -2.08859157e-02 6.13484507e-03
-9.99117750e-01 2.62583978e-02 -2.51293449e-03 -1.97507212e-02 6.36890335e-03
-9.99050567e-01 2.59181058e-02 -2.51222326e-03 -1.86054817e-02 6.58507260e-03
-9.98980921e-01 2.56190822e-02 -2.49308189e-03 -1.74534247e-02 6.78253111e-03
-9.98908811e-01 2.53621094e-02 -2.45528717e-03 -1.62977769e-02 6.96067364e-03
-9.98834237e-01 2.51474669e-02 -2.39879936e-03 -1.51417477e-02 7.11910857e-03
-9.98757201e-01 2.49749414e-02 -2.32375975e-03 -1.39885120e-02 7.25765232e-03
-9.98677701e-01 2.48438436e-02 -2.23048595e-03 -1.28411931e-02 7.37632104e-03
-9.98595738e-01 2.47530299e-02 -2.11946521e-03 -1.17028456e-02 7.47531984e-03
-9.98511312e-01 2.47009303e-02 -1.99134579e-03 -1.05764379e-02 7.55502972e-03
-9.98424424e-01 2.46855807e-02 -1.84692663e-03 -9.46483561e-03 7.61599259e-03
-9.98335074e-01 2.47046595e-02 -1.68714532e-03 -8.37078507e-03 7.65889449e-03
-9.98243262e-01 2.47555279e-02 -1.51306471e-03 -7.29689756e-03 7.68454735e-03
-9.98148988e-01 2.48352734e-02 -1.32585834e-03 -6.24563442e-03 7.69386977e-03
-9.98052252e-01 2.49407557e-02 -1.12679484e-03 -5.21929307e-03 7.68786683e-03
-9.97953055e-01 2.50686542e-02 -9.17221496e-04 -4.21999424e-03 7.66760962e-03
-9.97851396e-01 2.52155165e-02 -6.98547423e-04 -3.24967052e-03 7.63421449e-03
-9.97747277e-01 2.53778076e-02 -4.72226268e-04 -2.31005634e-03 7.58882258e-03
-9.97640697e-01 2.55519582e-02 -2.39738925e-04 -1.40267950e-03 7.53257982e-03
-9.97531657e-01 2.57344127e-02 -2.57636196e-06 -5.28854457e-04 7.46661775e-03
-9.97420157e-01 2.59216747e-02 2.37777188e-04 3.10322729e-04 7.39203541e-03
-9.97306197e-01 2.61103511e-02 4.79860460e-04 1.11397750e-03 7.30988256e-03
-9.97189778e-01 2.62971932e-02 7.22250624e-04 1.88145810e-03 7.22114449e-03
-9.97070899e-01 2.64791341e-02 9.63577808e-04 2.61233494e-03 7.12672854e-03
-9.96949561e-01 2.66533230e-02 1.20253851e-03 3.30639806e-03 7.02745261e-03
-9.96825765e-01 2.68171551e-02 1.43790773e-03 3.96365273e-03 6.92403564e-03
-9.96699510e-01 2.69682974e-02 1.66854981e-03 4.58431322e-03 6.81709033e-03
-9.96570797e-01 2.71047098e-02 1.89342765e-03 5.16879476e-03 6.70711798e-03
-9.96439627e-01 2.72246611e-02 2.11161054e-03 5.71770390e-03 6.59450558e-03
-9.96305999e-01 2.73267411e-02 2.32228023e-03 6.23182728e-03 6.47952510e-03
-9.96169914e-01 2.74098668e-02 2.52473549e-03 6.71211894e-03 6.36233496e-03
-9.96031373e-01 2.74732846e-02 2.71839494e-03 7.15968646e-03 6.24298352e-03
-9.95890375e-01 2.75165675e-02 2.90279830e-03 7.57577585e-03 6.12141449e-03
-9.95746921e-01 2.75396080e-02 3.07760600e-03 7.96175560e-03 5.99747423e-03
-9.95601011e-01 2.75426065e-02 3.24259735e-03 8.31909997e-03 5.87092060e-03
-9.95452646e-01 2.75260564e-02 3.39766716e-03 8.64937168e-03 5.74143322e-03
-9.95301826e-01 2.74907248e-02 3.54282106e-03 8.95420429e-03 5.60862504e-03
-9.95148552e-01 2.74376309e-02 3.67816957e-03 9.23528445e-03 5.47205477e-03
-9.94992823e-01 2.73680211e-02 3.80392106e-03 9.49433409e-03 5.33124017e-03
-9.94834640e-01 2.72833419e-02 3.92037368e-03 9.73309301e-03 5.18567175e-03
-9.94674004e-01 2.71852111e-02 4.02790654e-03 9.95330181e-03 5.03482677e-03
-9.94510915e-01 2.70753876e-02 4.12697011e-03 1.01566855e-02 4.87818323e-03
-9.94345374e-01 2.69557403e-02 4.21807618e-03 1.03449377e-02 4.71523362e-03
-9.94177380e-01 2.68282166e-02 4.30178738e-03 1.05197063e-02 4.54549821e-03
-9.94006934e-01 2.66948110e-02 4.37870654e-03 1.06825796e-02 4.36853764e-03
-9.93834037e-01 2.65575346e-02 4.44946594e-03 1.08350742e-02 4.18396464e-03
-9.93658689e-01 2.64183845e-02 4.51471671e-03 1.09786238e-02 3.99145467e-03
-9.93480891e-01 2.62793158e-02 4.57511841e-03 1.11145697e-02 3.79075537e-03
-9.93300642e-01 2.61422147e-02 4.63132899e-03 1.12441526e-02 3.58169458e-03
-9.93117944e-01 2.60088734e-02 4.68399529e-03 1.13685064e-02 3.36418697e-03
-9.92932796e-01 2.58809677e-02 4.73374400e-03 1.14886528e-02 3.13823906e-03
-9.92745200e-01 2.57600372e-02 4.78117352e-03 1.16054979e-02 2.90395265e-03
-9.92555155e-01 2.56474676e-02 4.82684640e-03 1.17198308e-02 2.66152666e-03
-9.92362663e-01 2.55444769e-02 4.87128275e-03 1.18323226e-02 2.41125726e-03
-9.92167724e-01 2.54521035e-02 4.91495451e-03 1.19435278e-02 2.15353647e-03
-9.91970337e-01 2.53711979e-02 4.95828070e-03 1.20538870e-02 1.88884919e-03
-9.91770504e-01 2.53024174e-02 5.00162355e-03 1.21637300e-02 1.61776875e-03
-9.91568226e-01 2.52462233e-02 5.04528570e-03 1.22732814e-02 1.34095107e-03
-9.91363501e-01 2.52028818e-02 5.08950830e-03 1.23826665e-02 1.05912766e-03
-9.91156332e-01 2.51724664e-02 5.13447009e-03 1.24919177e-02 7.73097411e-04
-9.90946719e-01 2.51548642e-02 5.18028742e-03 1.26009831e-02 4.83717481e-04
-9.90734662e-01 2.51497837e-02 5.22701506e-03 1.27097340e-02 1.91893395e-04
-9.90520161e-01 2.51567648e-02 5.27464792e-03 1.28179748e-02 -1.01431490e-04
-9.90303218e-01 2.51751913e-02 5.32312348e-03 1.29254512e-02 -3.95286946e-04
-9.90083833e-01 2.52043045e-02 5.37232491e-03 1.30318607e-02 -6.88687092e-04
-9.89862005e-01 2.52432180e-02 5.42208482e-03 1.31368613e-02 -9.80641682e-04
-9.89637737e-01 2.52909345e-02 5.47218952e-03 1.32400815e-02 -1.27016729e-03
-9.89411028e-01 2.53463623e-02 5.52238368e-03 1.33411295e-02 -1.55629820e-03
-9.89181879e-01 2.54083330e-02 5.57237547e-03 1.34396019e-02 -1.83809689e-03
-9.88950290e-01 2.54756194e-02 5.62184181e-03 1.35350923e-02 -2.11466390e-03
-9.88716263e-01 2.55469532e-02 5.67043395e-03 1.36271993e-02 -2.38514692e-03
-9.88479797e-01 2.56210422e-02 5.71778303e-03 1.37155335e-02 -2.64874917e-03
-9.88240894e-01 2.56965876e-02 5.76350572e-03 1.37997246e-02 -2.90473664e-03
-9.87999553e-01 2.57723000e-02 5.80720979e-03 1.38794265e-02 -3.15244442e-03
-9.87755776e-01 2.58469145e-02 5.84849959e-03 1.39543229e-02 -3.39128185e-03
-9.87509562e-01 2.59192054e-02 5.88698122e-03 1.40241306e-02 -3.62073655e-03
-9.87260914e-01 2.59879984e-02 5.92226762e-03 1.40886036e-02 -3.84037723e-03
-9.87009830e-01 2.60521827e-02 5.95398316e-03 1.41475348e-02 -4.04985534e-03
-9.86756313e-01 2.61107210e-02 5.98176809e-03 1.42007576e-02 -4.24890547e-03
-9.86500362e-01 2.61626577e-02 6.00528245e-03 1.42481466e-02 -4.43734472e-03
-9.86241978e-01 2.62071261e-02 6.02420963e-03 1.42896175e-02 -4.61507083e-03
-9.85981162e-01 2.62433542e-02 6.03825952e-03 1.43251259e-02 -4.78205936e-03
-9.85717914e-01 2.62706680e-02 6.04717119e-03 1.43546659e-02 -4.93835987e-03
-9.85452235e-01 2.62884939e-02 6.05071513e-03 1.43782678e-02 -5.08409126e-03
-9.85184126e-01 2.62963600e-02 6.04869504e-03 1.43959952e-02 -5.21943632e-03
-9.84913588e-01 2.62938953e-02 6.04094917e-03 1.44079420e-02 -5.34463564e-03
-9.84640620e-01 2.62808279e-02 6.02735127e-03 1.44142284e-02 -5.45998098e-03
-9.84365224e-01 2.62569819e-02 6.00781105e-03 1.44149974e-02 -5.56580822e-03
-9.84087401e-01 2.62222739e-02 5.98227436e-03 1.44104105e-02 -5.66249006e-03
-9.83807150e-01 2.61767072e-02 5.95072287e-03 1.44006433e-02 -5.75042854e-03
-9.83524474e-01 2.61203667e-02 5.91317352e-03 1.43858815e-02 -5.83004750e-03
-9.83239372e-01 2.60534120e-02 5.86967763e-03 1.43663168e-02 -5.90178518e-03
-9.82951845e-01 2.59760708e-02 5.82031965e-03 1.43421425e-02 -5.96608699e-03
-9.82661894e-01 2.58886313e-02 5.76521580e-03 1.43135502e-02 -6.02339859e-03
-9.82369519e-01 2.57914348e-02 5.70451236e-03 1.42807258e-02 -6.07415938e-03
-9.82074722e-01 2.56848676e-02 5.63838383e-03 1.42438463e-02 -6.11879653e-03
-9.81777503e-01 2.55693540e-02 5.56703097e-03 1.42030774e-02 -6.15771952e-03
-9.81477862e-01 2.54453480e-02 5.49067862e-03 1.41585708e-02 -6.19131535e-03
-9.81175801e-01 2.53133265e-02 5.40957347e-03 1.41104624e-02 -6.21994448e-03
-9.80871321e-01 2.51737820e-02 5.32398177e-03 1.40588704e-02 -6.24393742e-03
-9.80564421e-01 2.50272163e-02 5.23418692e-03 1.40038952e-02 -6.26359220e-03
-9.80255103e-01 2.48741339e-02 5.14048712e-03 1.39456182e-02 -6.27917245e-03
-9.79943368e-01 2.47150370e-02 5.04319290e-03 1.38841019e-02 -6.29090642e-03
-9.79629216e-01 2.45504202e-02 4.94262475e-03 1.38193907e-02 -6.29898663e-03
-9.79312648e-01 2.43807661e-02 4.83911068e-03 1.37515118e-02 -6.30357031e-03
-9.78993665e-01 2.42065417e-02 4.73298393e-03 1.36804760e-02 -6.30478053e-03
-9.78672267e-01 2.40281952e-02 4.62458055e-03 1.36062802e-02 -6.30270796e-03
-9.78348456e-01 2.38461538e-02 4.51423724e-03 1.35289089e-02 -6.29741324e-03
-9.78022233e-01 2.36608215e-02 4.40228906e-03 1.34483367e-02 -6.28892983e-03
-9.77693597e-01 2.34725781e-02 4.28906735e-03 1.33645310e-02 -6.27726742e-03
-9.77362550e-01 2.32817788e-02 4.17489765e-03 1.32774547e-02 -6.26241559e-03
-9.77029093e-01 2.30887536e-02 4.06009774e-03 1.31870688e-02 -6.24434787e-03
-9.76693226e-01 2.28938082e-02 3.94497577e-03 1.30933360e-02 -6.22302597e-03
-9.76354950e-01 2.26972243e-02 3.82982843e-03 1.29962230e-02 -6.19840416e-03
-9.76014267e-01 2.24992616e-02 3.71493933e-03 1.28957039e-02 -6.17043370e-03
-9.75671177e-01 2.23001585e-02 3.60057736e-03 1.27917629e-02 -6.13906726e-03
-9.75325680e-01 2.21001347e-02 3.48699528e-03 1.26843968e-02 -6.10426318e-03
-9.74977778e-01 2.18993928e-02 3.37442837e-03 1.25736180e-02 -6.06598964e-03
-9.74627472e-01 2.16981208e-02 3.26309318e-03 1.24594561e-02 -6.02422849e-03
-9.74274762e-01 2.14964945e-02 3.15318651e-03 1.23419606e-02 -5.97897883e-03
-9.73919650e-01 2.12946795e-02 3.04488443e-03 1.22212022e-02 -5.93026020e-03
-9.73562135e-01 2.10928343e-02 2.93834152e-03 1.20972743e-02 -5.87811535e-03
-9.73202220e-01 2.08911120e-02 2.83369023e-03 1.19702941e-02 -5.82261260e-03
-9.72839904e-01 2.06896631e-02 2.73104043e-03 1.18404031e-02 -5.76384761e-03
-9.72475189e-01 2.04886375e-02 2.63047911e-03 1.17077675e-02 -5.70194476e-03
-9.72108076e-01 2.02881863e-02 2.53207026e-03 1.15725784e-02 -5.63705797e-03
-9.71738566e-01 2.00884640e-02 2.43585492e-03 1.14350510e-02 -5.56937089e-03
-9.71366659e-01 1.98896300e-02 2.34185149e-03 1.12954237e-02 -5.49909675e-03
-9.70992357e-01 1.96918497e-02 2.25005609e-03 1.11539575e-02 -5.42647750e-03
-9.70615660e-01 1.94952961e-02 2.16044326e-03 1.10109340e-02 -5.35178259e-03
-9.70236569e-01 1.93001502e-02 2.07296673e-03 1.08666538e-02 -5.27530723e-03
-9.69855086e-01 1.91066018e-02 1.98756045e-03 1.07214344e-02 -5.19737017e-03
-9.69471210e-01 1.89148499e-02 1.90413976e-03 1.05756081e-02 -5.11831117e-03
-9.69084944e-01 1.87251025e-02 1.82260273e-03 1.04295187e-02 -5.03848804e-03
-9.68696288e-01 1.85375766e-02 1.74283174e-03 1.02835198e-02 -4.95827337e-03
-9.68305243e-01 1.83524973e-02 1.66469507e-03 1.01379709e-02 -4.87805105e-03
-9.67911810e-01 1.81700976e-02 1.58804879e-03 9.99323499e-03 -4.79821258e-03
-9.67515990e-01 1.79906169e-02 1.51273864e-03 9.84967533e-03 -4.71915318e-03
-9.67117784e-01 1.78143002e-02 1.43860209e-03 9.70765210e-03 -4.64126784e-03
-9.66717192e-01 1.76413962e-02 1.36547046e-03 9.56751939e-03 -4.56494738e-03
-9.66314217e-01 1.74721561e-02 1.29317111e-03 9.42962206e-03 -4.49057447e-03
-9.65908859e-01 1.73068315e-02 1.22152967e-03 9.29429267e-03 -4.41851974e-03
-9.65501118e-01 1.71456728e-02 1.15037227e-03 9.16184848e-03 -4.34913805e-03
-9.65090997e-01 1.69889266e-02 1.07952779e-03 9.03258869e-03 -4.28276493e-03
-9.64678495e-01 1.68368343e-02 1.00883005e-03 8.90679171e-03 -4.21971321e-03
-9.64263614e-01 1.66896292e-02 9.38119985e-04 8.78471269e-03 -4.16026994e-03
-9.63846355e-01 1.65475346e-02 8.67247671e-04 8.66658131e-03 -4.10469365e-03
-9.63426720e-01 1.64107617e-02 7.96074323e-04 8.55259970e-03 -4.05321189e-03
-9.63004708e-01 1.62795067e-02 7.24474111e-04 8.44294072e-03 -4.00601915e-03
-9.62580321e-01 1.61539494e-02 6.52335848e-04 8.33774643e-03 -3.96327515e-03
-9.62153561e-01 1.60342505e-02 5.79564510e-04 8.23712696e-03 -3.92510358e-03
-9.61724427e-01 1.59205496e-02 5.06082573e-04 8.14115957e-03 -3.89159121e-03
-9.61292922e-01 1.58129635e-02 4.31831144e-04 8.04988807e-03 -3.86278737e-03
-9.60859046e-01 1.57115844e-02 3.56770889e-04 7.96332263e-03 -3.83870393e-03
-9.60422801e-01 1.56164780e-02 2.80882731e-04 7.88143976e-03 -3.81931562e-03
-9.59984187e-01 1.55276825e-02 2.04168331e-04 7.80418274e-03 -3.80456076e-03
-9.59543205e-01 1.54452071e-02 1.26650326e-04 7.73146235e-03 -3.79434237e-03
-9.59099857e-01 1.53690312e-02 4.83723413e-05 7.66315784e-03 -3.78852963e-03
-9.58654144e-01 1.52991036e-02 -3.06012343e-05 7.59911831e-03 -3.78695965e-03
-9.58206066e-01 1.52353422e-02 -1.10185695e-04 7.53916429e-03 -3.78943956e-03
-9.57755626e-01 1.51776338e-02 -1.90276691e-04 7.48308972e-03 -3.79574889e-03
-9.57302823e-01 1.51258343e-02 -2.70751105e-04 7.43066406e-03 -3.80564213e-03
-9.56847660e-01 1.50797691e-02 -3.51468141e-04 7.38163475e-03 -3.81885153e-03
-9.56390137e-01 1.50392338e-02 -4.32270584e-04 7.33572987e-03 -3.83509003e-03
-9.55930255e-01 1.50039957e-02 -5.12986242e-04 7.29266103e-03 -3.85405435e-03
-9.55468016e-01 1.49737947e-02 -5.93429539e-04 7.25212636e-03 -3.87542816e-03
-9.55003420e-01 1.49483451e-02 -6.73403243e-04 7.21381377e-03 -3.89888521e-03
-9.54536469e-01 1.49273379e-02 -7.52700313e-04 7.17740426e-03 -3.92409265e-03
-9.54067164e-01 1.49104427e-02 -8.31105844e-04 7.14257534e-03 -3.95071412e-03
-9.53595507e-01 1.48973106e-02 -9.08399092e-04 7.10900450e-03 -3.97841292e-03
-9.53121497e-01 1.48875764e-02 -9.84355555e-04 7.07637279e-03 -4.00685505e-03
-9.52645137e-01 1.48808623e-02 -1.05874909e-03 7.04436825e-03 -4.03571209e-03
-9.52166428e-01 1.48767807e-02 -1.13135408e-03 7.01268944e-03 -4.06466399e-03
-9.51685370e-01 1.48749372e-02 -1.20194751e-03 6.98104880e-03 -4.09340166e-03
-9.51201965e-01 1.48749350e-02 -1.27031119e-03 6.94917593e-03 -4.12162936e-03
-9.50716215e-01 1.48763773e-02 -1.33623375e-03 6.91682071e-03 -4.14906688e-03
-9.50228120e-01 1.48788720e-02 -1.39951275e-03 6.88375628e-03 -4.17545156e-03
-9.49737681e-01 1.48820345e-02 -1.45995659e-03 6.84978167e-03 -4.20053995e-03
-9.49244901e-01 1.48854915e-02 -1.51738648e-03 6.81472434e-03 -4.22410936e-03
-9.48749779e-01 1.48888849e-02 -1.57163816e-03 6.77844228e-03 -4.24595908e-03
-9.48252318e-01 1.48918745e-02 -1.62256366e-03 6.74082592e-03 -4.26591143e-03
-9.47752518e-01 1.48941418e-02 -1.67003281e-03 6.70179955e-03 -4.28381245e-03
-9.47250380e-01 1.48953929e-02 -1.71393477e-03 6.66132250e-03 -4.29953250e-03
-9.46745907e-01 1.48953610e-02 -1.75417927e-03 6.61938984e-03 -4.31296650e-03
-9.46239099e-01 1.48938093e-02 -1.79069780e-03 6.57603269e-03 -4.32403407e-03
-9.45729957e-01 1.48905329e-02 -1.82344465e-03 6.53131814e-03 -4.33267933e-03
-9.45218483e-01 1.48853608e-02 -1.85239773e-03 6.48534862e-03 -4.33887062e-03
-9.44704677e-01 1.48781576e-02 -1.87755924e-03 6.43826098e-03 -4.34259996e-03
-9.44188542e-01 1.48688241e-02 -1.89895625e-03 6.39022503e-03 -4.34388241e-03
-9.43670079e-01 1.48572982e-02 -1.91664093e-03 6.34144165e-03 -4.34275519e-03
-9.43149288e-01 1.48435555e-02 -1.93069077e-03 6.29214050e-03 -4.33927676e-03
-9.42626171e-01 1.48276085e-02 -1.94120852e-03 6.24257735e-03 -4.33352570e-03
-9.42100730e-01 1.48095062e-02 -1.94832190e-03 6.19303096e-03 -4.32559955e-03
-9.41572965e-01 1.47893333e-02 -1.95218323e-03 6.14379966e-03 -4.31561347e-03
-9.41042878e-01 1.47672082e-02 -1.95296871e-03 6.09519757e-03 -4.30369893e-03
-9.40510470e-01 1.47432813e-02 -1.95087765e-03 6.04755058e-03 -4.29000223e-03
-9.39975743e-01 1.47177327e-02 -1.94613136e-03 6.00119207e-03 -4.27468304e-03
-9.39438698e-01 1.46907694e-02 -1.93897192e-03 5.95645842e-03 -4.25791286e-03
-9.38899336e-01 1.46626221e-02 -1.92966070e-03 5.91368442e-03 -4.23987344e-03
-9.38357658e-01 1.46335421e-02 -1.91847672e-03 5.87319858e-03 -4.22075518e-03
-9.37813667e-01 1.46037975e-02 -1.90571475e-03 5.83531841e-03 -4.20075553e-03
-9.37267362e-01 1.45736692e-02 -1.89168331e-03 5.80034579e-03 -4.18007733e-03
-9.36718746e-01 1.45434470e-02 -1.87670240e-03 5.76856235e-03 -4.15892716e-03
-9.36167820e-01 1.45134253e-02 -1.86110112e-03 5.74022511e-03 -4.13751371e-03
-9.35614585e-01 1.44838990e-02 -1.84521507e-03 5.71556226e-03 -4.11604613e-03
-9.35059043e-01 1.44551589e-02 -1.82938374e-03 5.69476932e-03 -4.09473232e-03
-9.34501195e-01 1.44274880e-02 -1.81394758e-03 5.67800557e-03 -4.07377734e-03
-9.33941042e-01 1.44011566e-02 -1.79924516e-03 5.66539089e-03 -4.05338176e-03
-9.33378586e-01 1.43764191e-02 -1.78561015e-03 5.65700314e-03 -4.03373999e-03
-9.32813828e-01 1.43535095e-02 -1.77336829e-03 5.65287588e-03 -4.01503872e-03
-9.32246769e-01 1.43326385e-02 -1.76283430e-03 5.65299681e-03 -3.99745532e-03
-9.31677412e-01 1.43139896e-02 -1.75430887e-03 5.65730662e-03 -3.98115625e-03
-9.31105757e-01 1.42977169e-02 -1.74807565e-03 5.66569860e-03 -3.96629558e-03
-9.30531805e-01 1.42839422e-02 -1.74439832e-03 5.67801873e-03 -3.95301350e-03
-9.29955559e-01 1.42727531e-02 -1.74351781e-03 5.69406652e-03 -3.94143491e-03
-9.29377019e-01 1.42642015e-02 -1.74564965e-03 5.71359637e-03 -3.93166805e-03
-9.28796187e-01 1.42583026e-02 -1.75098154e-03 5.73631968e-03 -3.92380324e-03
-9.28213065e-01 1.42550338e-02 -1.75967112e-03 5.76190748e-03 -3.91791173e-03
-9.27627654e-01 1.42543355e-02 -1.77184406e-03 5.78999370e-03 -3.91404458e-03
-9.27039955e-01 1.42561111e-02 -1.78759235e-03 5.82017894e-03 -3.91223173e-03
-9.26449969e-01 1.42602280e-02 -1.80697308e-03 5.85203484e-03 -3.91248124e-03
-9.25857699e-01 1.42665194e-02 -1.83000746e-03 5.88510886e-03 -3.91477856e-03
-9.25263146e-01 1.42747863e-02 -1.85668025e-03 5.91892940e-03 -3.91908612e-03
-9.24666310e-01 1.42847997e-02 -1.88693971e-03 5.95301141e-03 -3.92534300e-03
-9.24067195e-01 1.42963042e-02 -1.92069783e-03 5.98686215e-03 -3.93346486e-03
-9.23465800e-01 1.43090208e-02 -1.95783110e-03 6.01998717e-03 -3.94334406e-03
-9.22862128e-01 1.43226512e-02 -1.99818173e-03 6.05189641e-03 -3.95485004e-03
-9.22256180e-01 1.43368815e-02 -2.04155931e-03 6.08211039e-03 -3.96782990e-03
-9.21647958e-01 1.43513866e-02 -2.08774287e-03 6.11016620e-03 -3.98210927e-03
-9.21037462e-01 1.43658351e-02 -2.13648345e-03 6.13562352e-03 -3.99749342e-03
-9.20424696e-01 1.43798934e-02 -2.18750704e-03 6.15807029e-03 -4.01376862e-03
-9.19809659e-01 1.43932312e-02 -2.24051793e-03 6.17712814e-03 -4.03070378e-03
-9.19192354e-01 1.44055259e-02 -2.29520238e-03 6.19245739e-03 -4.04805233e-03
-9.18572782e-01 1.44164673e-02 -2.35123264e-03 6.20376166e-03 -4.06555438e-03
-9.17950945e-01 1.44257625e-02 -2.40827122e-03 6.21079185e-03 -4.08293904e-03
-9.17326844e-01 1.44331400e-02 -2.46597538e-03 6.21334964e-03 -4.09992706e-03
-9.16700480e-01 1.44383544e-02 -2.52400181e-03 6.21129025e-03 -4.11623362e-03
-9.16071856e-01 1.44411897e-02 -2.58201134e-03 6.20452457e-03 -4.13157126e-03
-9.15440973e-01 1.44414632e-02 -2.63967374e-03 6.19302055e-03 -4.14565305e-03
-9.14807832e-01 1.44390286e-02 -2.69667249e-03 6.17680381e-03 -4.15819582e-03
-9.14172435e-01 1.44337781e-02 -2.75270937e-03 6.15595755e-03 -4.16892347e-03
-9.13534783e-01 1.44256453e-02 -2.80750902e-03 6.13062157e-03 -4.17757035e-03
-9.12894879e-01 1.44146059e-02 -2.86082309e-03 6.10099070e-03 -4.18388465e-03
-9.12252723e-01 1.44006791e-02 -2.91243417e-03 6.06731231e-03 -4.18763172e-03
-9.11608317e-01 1.43839280e-02 -2.96215939e-03 6.02988323e-03 -4.18859732e-03
-9.10961663e-01 1.43644590e-02 -3.00985345e-03 5.98904593e-03 -4.18659080e-03
-9.10312763e-01 1.43424210e-02 -3.05541125e-03 5.94518411e-03 -4.18144800e-03
-9.09661618e-01 1.43180042e-02 -3.09876998e-03 5.89871771e-03 -4.17303403e-03
-9.09008229e-01 1.42914373e-02 -3.13991057e-03 5.85009742e-03 -4.16124573e-03
-9.08352599e-01 1.42629855e-02 -3.17885855e-03 5.79979880e-03 -4.14601387e-03
-9.07694728e-01 1.42329468e-02 -3.21568426e-03 5.74831601e-03 -4.12730498e-03
-9.07034619e-01 1.42016485e-02 -3.25050241e-03 5.69615538e-03 -4.10512281e-03
-9.06372273e-01 1.41694427e-02 -3.28347090e-03 5.64382873e-03 -4.07950938e-03
-9.05707691e-01 1.41367018e-02 -3.31478909e-03 5.59184670e-03 -4.05054565e-03
-9.05040876e-01 1.41038136e-02 -3.34469531e-03 5.54071207e-03 -4.01835163e-03
-9.04371830e-01 1.40711756e-02 -3.37346379e-03 5.49091326e-03 -3.98308611e-03
-9.03700552e-01 1.40391904e-02 -3.40140101e-03 5.44291799e-03 -3.94494588e-03
-9.03027046e-01 1.40082589e-02 -3.42884150e-03 5.39716732e-03 -3.90416451e-03
-9.02351313e-01 1.39787755e-02 -3.45614309e-03 5.35407008e-03 -3.86101058e-03
-9.01673355e-01 1.39511224e-02 -3.48368184e-03 5.31399774e-03 -3.81578553e-03
-9.00993173e-01 1.39256634e-02 -3.51184652e-03 5.27727990e-03 -3.76882100e-03
-9.00310769e-01 1.39027393e-02 -3.54103287e-03 5.24420034e-03 -3.72047587e-03
-8.99626145e-01 1.38826622e-02 -3.57163766e-03 5.21499383e-03 -3.67113278e-03
-8.98939302e-01 1.38657114e-02 -3.60405263e-03 5.18984357e-03 -3.62119439e-03
-8.98250242e-01 1.38521284e-02 -3.63865844e-03 5.16887943e-03 -3.57107937e-03
-8.97558967e-01 1.38421134e-02 -3.67581867e-03 5.15217701e-03 -3.52121807e-03
-8.96865478e-01 1.38358222e-02 -3.71587409e-03 5.13975742e-03 -3.47204809e-03
-8.96169778e-01 1.38333631e-02 -3.75913707e-03 5.13158793e-03 -3.42400966e-03
-8.95471867e-01 1.38347950e-02 -3.80588643e-03 5.12758329e-03 -3.37754096e-03
-8.94771748e-01 1.38401261e-02 -3.85636276e-03 5.12760797e-03 -3.33307350e-03
-8.94069423e-01 1.38493133e-02 -3.91076415e-03 5.13147895e-03 -3.29102746e-03
-8.93364892e-01 1.38622624e-02 -3.96924265e-03 5.13896927e-03 -3.25180727e-03
-8.92658159e-01 1.38788285e-02 -4.03190129e-03 5.14981225e-03 -3.21579729e-03
-8.91949223e-01 1.38988180e-02 -4.09879182e-03 5.16370612e-03 -3.18335779e-03
-8.91238089e-01 1.39219908e-02 -4.16991327e-03 5.18031930e-03 -3.15482123e-03
-8.90524756e-01 1.39480634e-02 -4.24521118e-03 5.19929590e-03 -3.13048890e-03
-8.89809227e-01 1.39767123e-02 -4.32457773e-03 5.22026171e-03 -3.11062796e-03
-8.89091503e-01 1.40075787e-02 -4.40785259e-03 5.24283027e-03 -3.09546894e-03
-8.88371587e-01 1.40402731e-02 -4.49482465e-03 5.26660916e-03 -3.08520373e-03
-8.87649480e-01 1.40743807e-02 -4.58523446e-03 5.29120628e-03 -3.07998407e-03
-8.86925184e-01 1.41094674e-02 -4.67877740e-03 5.31623607e-03 -3.07992060e-03
-8.86198701e-01 1.41450859e-02 -4.77510765e-03 5.34132560e-03 -3.08508238e-03
-8.85470032e-01 1.41807818e-02 -4.87384268e-03 5.36612037e-03 -3.09549710e-03
-8.84739180e-01 1.42161008e-02 -4.97456840e-03 5.39028986e-03 -3.11115161e-03
-8.84006145e-01 1.42505950e-02 -5.07684474e-03 5.41353251e-03 -3.13199323e-03
-8.83270931e-01 1.42838297e-02 -5.18021170e-03 5.43558041e-03 -3.15793132e-03
-8.82533538e-01 1.43153898e-02 -5.28419572e-03 5.45620326e-03 -3.18883948e-03
-8.81793969e-01 1.43448865e-02 -5.38831620e-03 5.47521180e-03 -3.22455810e-03
-8.81052225e-01 1.43719630e-02 -5.49209226e-03 5.49246056e-03 -3.26489734e-03
-8.80308308e-01 1.43963004e-02 -5.59504941e-03 5.50784991e-03 -3.30964040e-03
-8.79562220e-01 1.44176225e-02 -5.69672620e-03 5.52132735e-03 -3.35854705e-03
-8.78813963e-01 1.44357009e-02 -5.79668066e-03 5.53288808e-03 -3.41135747e-03
-8.78063539e-01 1.44503588e-02 -5.89449649e-03 5.54257482e-03 -3.46779610e-03
-8.77310949e-01 1.44614740e-02 -5.98978879e-03 5.55047685e-03 -3.52757568e-03
-8.76556196e-01 1.44689816e-02 -6.08220944e-03 5.55672832e-03 -3.59040127e-03
-8.75799281e-01 1.44728758e-02 -6.17145182e-03 5.56150593e-03 -3.65597419e-03
-8.75040206e-01 1.44732107e-02 -6.25725497e-03 5.56502582e-03 -3.72399588e-03
-8.74278973e-01 1.44701002e-02 -6.33940706e-03 5.56753992e-03 -3.79417158e-03
-8.73515584e-01 1.44637175e-02 -6.41774810e-03 5.56933173e-03 -3.86621379e-03
-8.72750041e-01 1.44542930e-02 -6.49217194e-03 5.57071159e-03 -3.93984535e-03
-8.71982345e-01 1.44421120e-02 -6.56262741e-03 5.57201151e-03 -4.01480236e-03
-8.71212499e-01 1.44275114e-02 -6.62911870e-03 5.57357966e-03 -4.09083652e-03
-8.70440504e-01 1.44108758e-02 -6.69170487e-03 5.57577456e-03 -4.16771726e-03
-8.69666363e-01 1.43926321e-02 -6.75049866e-03 5.57895914e-03 -4.24523329e-03
-8.68890077e-01 1.43732447e-02 -6.80566447e-03 5.58349467e-03 -4.32319383e-03
-8.68111648e-01 1.43532094e-02 -6.85741556e-03 5.58973462e-03 -4.40142925e-03
-8.67331079e-01 1.43330464e-02 -6.90601073e-03 5.59801870e-03 -4.47979141e-03
-8.66548370e-01 1.43132942e-02 -6.95175020e-03 5.60866696e-03 -4.55815348e-03
-8.65763524e-01 1.42945019e-02 -6.99497102e-03 5.62197419e-03 -4.63640932e-03
-8.64976543e-01 1.42772220e-02 -7.03604206e-03 5.63820463e-03 -4.71447258e-03
-8.64187429e-01 1.42620032e-02 -7.07535850e-03 5.65758701e-03 -4.79227534e-03
-8.63396184e-01 1.42493826e-02 -7.11333607e-03 5.68031017e-03 -4.86976649e-03
-8.62602809e-01 1.42398787e-02 -7.15040512e-03 5.70651903e-03 -4.94690983e-03
-8.61807307e-01 1.42339843e-02 -7.18700447e-03 5.73631131e-03 -5.02368201e-03
-8.61009680e-01 1.42321597e-02 -7.22357534e-03 5.76973471e-03 -5.10007027e-03
-8.60209930e-01 1.42348267e-02 -7.26055529e-03 5.80678482e-03 -5.17607007e-03
-8.59408057e-01 1.42423626e-02 -7.29837233e-03 5.84740371e-03 -5.25168279e-03
-8.58604066e-01 1.42550950e-02 -7.33743929e-03 5.89147914e-03 -5.32691335e-03
-8.57797957e-01 1.42732978e-02 -7.37814847e-03 5.93884455e-03 -5.40176797e-03
-8.56989732e-01 1.42971871e-02 -7.42086673e-03 5.98927969e-03 -5.47625211e-03
-8.56179395e-01 1.43269183e-02 -7.46593099e-03 6.04251198e-03 -5.55036853e-03
-8.55366945e-01 1.43625844e-02 -7.51364431e-03 6.09821848e-03 -5.62411570e-03
-8.54552386e-01 1.44042140e-02 -7.56427240e-03 6.15602856e-03 -5.69748644e-03
-8.53735720e-01 1.44517721e-02 -7.61804087e-03 6.21552713e-03 -5.77046690e-03
-8.52916948e-01 1.45051595e-02 -7.67513294e-03 6.27625844e-03 -5.84303588e-03
-8.52096073e-01 1.45642149e-02 -7.73568790e-03 6.33773040e-03 -5.91516461e-03
-8.51273096e-01 1.46287169e-02 -7.79980009e-03 6.39941936e-03 -5.98681683e-03
-8.50448020e-01 1.46983870e-02 -7.86751855e-03 6.46077525e-03 -6.05794930e-03
-8.49620847e-01 1.47728933e-02 -7.93884725e-03 6.52122714e-03 -6.12851267e-03
-8.48791578e-01 1.48518552e-02 -8.01374585e-03 6.58018894e-03 -6.19845277e-03
-8.47960216e-01 1.49348483e-02 -8.09213103e-03 6.63706541e-03 -6.26771222e-03
-8.47126763e-01 1.50214099e-02 -8.17387827e-03 6.69125827e-03 -6.33623228e-03
-8.46291221e-01 1.51110451e-02 -8.25882409e-03 6.74217231e-03 -6.40395510e-03
-8.45453591e-01 1.52032333e-02 -8.34676859e-03 6.78922160e-03 -6.47082606e-03
-8.44613877e-01 1.52974348e-02 -8.43747837e-03 6.83183551e-03 -6.53679635e-03
-8.43772079e-01 1.53930975e-02 -8.53068969e-03 6.86946469e-03 -6.60182562e-03
-8.42928201e-01 1.54896638e-02 -8.62611175e-03 6.90158673e-03 -6.66588469e-03
-8.42082244e-01 1.55865773e-02 -8.72343016e-03 6.92771168e-03 -6.72895818e-03
-8.41234210e-01 1.56832896e-02 -8.82231042e-03 6.94738714e-03 -6.79104713e-03
-8.40384102e-01 1.57792666e-02 -8.92240145e-03 6.96020305e-03 -6.85217134e-03
-8.39531921e-01 1.58739947e-02 -9.02333895e-03 6.96579602e-03 -6.91237156e-03
-8.38677669e-01 1.59669861e-02 -9.12474877e-03 6.96385321e-03 -6.97171136e-03
-8.37821349e-01 1.60577843e-02 -9.22625005e-03 6.95411576e-03 -7.03027862e-03
-8.36962964e-01 1.61459685e-02 -9.32745821e-03 6.93638161e-03 -7.08818664e-03
-8.36102514e-01 1.62311575e-02 -9.42798764e-03 6.91050784e-03 -7.14557477e-03
-8.35240002e-01 1.63130131e-02 -9.52745426e-03 6.87641245e-03 -7.20260854e-03
-8.34375430e-01 1.63912428e-02 -9.62547766e-03 6.83407549e-03 -7.25947924e-03
-8.33508800e-01 1.64656013e-02 -9.72168314e-03 6.78353971e-03 -7.31640304e-03
-8.32640115e-01 1.65358920e-02 -9.81570332e-03 6.72491054e-03 -7.37361940e-03
-8.31769377e-01 1.66019670e-02 -9.90717958e-03 6.65835557e-03 -7.43138909e-03
-8.30896587e-01 1.66637271e-02 -9.99576323e-03 6.58410335e-03 -7.48999148e-03
-8.30021748e-01 1.67211207e-02 -1.00811164e-02 6.50244179e-03 -7.54972151e-03
-8.29144862e-01 1.67741419e-02 -1.01629129e-02 6.41371591e-03 -7.61088594e-03
-8.28265931e-01 1.68228282e-02 -1.02408386e-02 6.31832511e-03 -7.67379938e-03
-8.27384958e-01 1.68672580e-02 -1.03145920e-02 6.21672001e-03 -7.73877975e-03
-8.26501944e-01 1.69075464e-02 -1.03838843e-02 6.10939880e-03 -7.80614349e-03
-8.25616892e-01 1.69438424e-02 -1.04484399e-02 5.99690317e-03 -7.87620052e-03
-8.24729804e-01 1.69763236e-02 -1.05079968e-02 5.87981391e-03 -7.94924899e-03
-8.23840681e-01 1.70051926e-02 -1.05623061e-02 5.75874615e-03 -8.02556996e-03
-8.22949527e-01 1.70306718e-02 -1.06111331e-02 5.63434434e-03 -8.10542203e-03
-8.22056344e-01 1.70529988e-02 -1.06542573e-02 5.50727695e-03 -8.18903614e-03
-8.21161133e-01 1.70724213e-02 -1.06914727e-02 5.37823099e-03 -8.27661043e-03
-8.20263897e-01 1.70891927e-02 -1.07225887e-02 5.24790643e-03 -8.36830551e-03
-8.19364639e-01 1.71035671e-02 -1.07474306e-02 5.11701042e-03 -8.46423996e-03
-8.18463359e-01 1.71157948e-02 -1.07658405e-02 4.98625160e-03 -8.56448636e-03
-8.17560061e-01 1.71261182e-02 -1.07776785e-02 4.85633425e-03 -8.66906780e-03
-8.16654747e-01 1.71347677e-02 -1.07828238e-02 4.72795264e-03 -8.77795505e-03
-8.15747419e-01 1.71419587e-02 -1.07811759e-02 4.60178538e-03 -8.89106429e-03
-8.14838079e-01 1.71478876e-02 -1.07726563e-02 4.47848995e-03 -9.00825569e-03
-8.13926729e-01 1.71527301e-02 -1.07572096e-02 4.35869742e-03 -9.12933266e-03
-8.13013373e-01 1.71566384e-02 -1.07348059e-02 4.24300739e-03 -9.25404194e-03
-8.12098011e-01 1.71597399e-02 -1.07054414e-02 4.13198327e-03 -9.38207449e-03
-8.11180646e-01 1.71621361e-02 -1.06691410e-02 4.02614778e-03 -9.51306721e-03
-8.10261281e-01 1.71639020e-02 -1.06259594e-02 3.92597889e-03 -9.64660548e-03
-8.09339918e-01 1.71650858e-02 -1.05759825e-02 3.83190614e-03 -9.78222655e-03
-8.08416559e-01 1.71657098e-02 -1.05193289e-02 3.74430735e-03 -9.91942357e-03
-8.07491206e-01 1.71657711e-02 -1.04561511e-02 3.66350584e-03 -1.00576505e-02
-8.06563861e-01 1.71652428e-02 -1.03866362e-02 3.58976809e-03 -1.01963275e-02
-8.05634528e-01 1.71640761e-02 -1.03110063e-02 3.52330190e-03 -1.03348472e-02
-8.04703207e-01 1.71622023e-02 -1.02295191e-02 3.46425512e-03 -1.04725810e-02
-8.03769903e-01 1.71595350e-02 -1.01424675e-02 3.41271488e-03 -1.06088864e-02
-8.02834616e-01 1.71559733e-02 -1.00501790e-02 3.36870734e-03 -1.07431141e-02
-8.01897349e-01 1.71514042e-02 -9.95301470e-03 3.33219801e-03 -1.08746158e-02
-8.00958104e-01 1.71457056e-02 -9.85136780e-03 3.30309265e-03 -1.10027517e-02
-8.00016884e-01 1.71387500e-02 -9.74566154e-03 3.28123862e-03 -1.11268982e-02
-7.99073691e-01 1.71304066e-02 -9.63634681e-03 3.26642684e-03 -1.12464556e-02
-7.98128528e-01 1.71205454e-02 -9.52389915e-03 3.25839424e-03 -1.13608552e-02
-7.97181396e-01 1.71090393e-02 -9.40881530e-03 3.25682664e-03 -1.14695666e-02
-7.96232298e-01 1.70957676e-02 -9.29160942e-03 3.26136217e-03 -1.15721041e-02
-7.95281236e-01 1.70806179e-02 -9.17280879e-03 3.27159508e-03 -1.16680330e-02
-7.94328214e-01 1.70634891e-02 -9.05294917e-03 3.28707994e-03 -1.17569745e-02
-7.93373232e-01 1.70442932e-02 -8.93256993e-03 3.30733623e-03 -1.18386111e-02
-7.92416293e-01 1.70229571e-02 -8.81220888e-03 3.33185318e-03 -1.19126900e-02
-7.91457401e-01 1.69994243e-02 -8.69239687e-03 3.36009492e-03 -1.19790264e-02
-7.90496556e-01 1.69736557e-02 -8.57365241e-03 3.39150585e-03 -1.20375059e-02
-7.89533763e-01 1.69456306e-02 -8.45647615e-03 3.42551608e-03 -1.20880853e-02
-7.88569022e-01 1.69153472e-02 -8.34134551e-03 3.46154710e-03 -1.21307937e-02
-7.87602336e-01 1.68828227e-02 -8.22870932e-03 3.49901736e-03 -1.21657311e-02
-7.86633708e-01 1.68480927e-02 -8.11898284e-03 3.53734797e-03 -1.21930674e-02
-7.85663139e-01 1.68112112e-02 -8.01254294e-03 3.57596816e-03 -1.22130398e-02
-7.84690634e-01 1.67722495e-02 -7.90972377e-03 3.61432078e-03 -1.22259497e-02
-7.83716193e-01 1.67312948e-02 -7.81081282e-03 3.65186750e-03 -1.22321580e-02
-7.82739819e-01 1.66884496e-02 -7.71604751e-03 3.68809376e-03 -1.22320809e-02
-7.81761515e-01 1.66438292e-02 -7.62561246e-03 3.72251348e-03 -1.22261836e-02
-7.80781283e-01 1.65975610e-02 -7.53963725e-03 3.75467342e-03 -1.22149749e-02
-7.79799126e-01 1.65497817e-02 -7.45819501e-03 3.78415703e-03 -1.21989996e-02
-7.78815045e-01 1.65006361e-02 -7.38130166e-03 3.81058804e-03 -1.21788319e-02
-7.77829044e-01 1.64502748e-02 -7.30891593e-03 3.83363340e-03 -1.21550678e-02
-7.76841124e-01 1.63988523e-02 -7.24094009e-03 3.85300587e-03 -1.21283174e-02
-7.75851289e-01 1.63465249e-02 -7.17722149e-03 3.86846592e-03 -1.20991973e-02
-7.74859540e-01 1.62934489e-02 -7.11755483e-03 3.87982323e-03 -1.20683223e-02
-7.73865880e-01 1.62397789e-02 -7.06168509e-03 3.88693752e-03 -1.20362985e-02
-7.72870312e-01 1.61856661e-02 -7.00931125e-03 3.88971885e-03 -1.20037154e-02
-7.71872838e-01 1.61312563e-02 -6.96009054e-03 3.88812735e-03 -1.19711389e-02
-7.70873460e-01 1.60766891e-02 -6.91364331e-03 3.88217237e-03 -1.19391047e-02
-7.69872181e-01 1.60220964e-02 -6.86955836e-03 3.87191113e-03 -1.19081122e-02
-7.68869004e-01 1.59676012e-02 -6.82739877e-03 3.85744680e-03 -1.18786187e-02
-7.67863930e-01 1.59133172e-02 -6.78670800e-03 3.83892609e-03 -1.18510348e-02
-7.66856963e-01 1.58593477e-02 -6.74701625e-03 3.81653636e-03 -1.18257199e-02
-7.65848104e-01 1.58057852e-02 -6.70784696e-03 3.79050240e-03 -1.18029791e-02
-7.64837357e-01 1.57527112e-02 -6.66872342e-03 3.76108272e-03 -1.17830600e-02
-7.63824724e-01 1.57001964e-02 -6.62917529e-03 3.72856553e-03 -1.17661515e-02
-7.62810206e-01 1.56482998e-02 -6.58874494e-03 3.69326454e-03 -1.17523823e-02
-7.61793808e-01 1.55970699e-02 -6.54699361e-03 3.65551441e-03 -1.17418210e-02
-7.60775531e-01 1.55465443e-02 -6.50350725e-03 3.61566615e-03 -1.17344764e-02
-7.59755377e-01 1.54967503e-02 -6.45790186e-03 3.57408233e-03 -1.17302991e-02
-7.58733350e-01 1.54477054e-02 -6.40982837e-03 3.53113237e-03 -1.17291836e-02
-7.57709452e-01 1.53994177e-02 -6.35897703e-03 3.48718768e-03 -1.17309707e-02
-7.56683685e-01 1.53518865e-02 -6.30508103e-03 3.44261710e-03 -1.17354514e-02
-7.55656053e-01 1.53051029e-02 -6.24791953e-03 3.39778228e-03 -1.17423709e-02
-7.54626556e-01 1.52590500e-02 -6.18731996e-03 3.35303340e-03 -1.17514324e-02
-7.53595199e-01 1.52137040e-02 -6.12315959e-03 3.30870509e-03 -1.17623027e-02
-7.52561982e-01 1.51690344e-02 -6.05536626e-03 3.26511264e-03 -1.17746172e-02
-7.51526911e-01 1.51250043e-02 -5.98391845e-03 3.22254858e-03 -1.17879852e-02
-7.50489985e-01 1.50815711e-02 -5.90884453e-03 3.18127966e-03 -1.18019957e-02
-7.49451209e-01 1.50386864e-02 -5.83022136e-03 3.14154417e-03 -1.18162233e-02
-7.48410585e-01 1.49962969e-02 -5.74817207e-03 3.10354981e-03 -1.18302335e-02
-7.47368114e-01 1.49543439e-02 -5.66286334e-03 3.06747197e-03 -1.18435887e-02
-7.46323801e-01 1.49127641e-02 -5.57450201e-03 3.03345248e-03 -1.18558537e-02
-7.45277647e-01 1.48714892e-02 -5.48333118e-03 3.00159886e-03 -1.18666009e-02
-7.44229655e-01 1.48304462e-02 -5.38962586e-03 2.97198410e-03 -1.18754153e-02
-7.43179828e-01 1.47895575e-02 -5.29368827e-03 2.94464682e-03 -1.18818991e-02
-7.42128168e-01 1.47487405e-02 -5.19584283e-03 2.91959203e-03 -1.18856764e-02
-7.41074678e-01 1.47079084e-02 -5.09643099e-03 2.89679220e-03 -1.18863963e-02
-7.40019360e-01 1.46669695e-02 -4.99580591e-03 2.87618887e-03 -1.18837371e-02
-7.38962217e-01 1.46258276e-02 -4.89432715e-03 2.85769455e-03 -1.18774086e-02
-7.37903252e-01 1.45843824e-02 -4.79235546e-03 2.84119506e-03 -1.18671545e-02
-7.36842467e-01 1.45425290e-02 -4.69024765e-03 2.82655213e-03 -1.18527548e-02
-7.35779864e-01 1.45001591e-02 -4.58835181e-03 2.81360629e-03 -1.18340266e-02
-7.34715448e-01 1.44571608e-02 -4.48700274e-03 2.80217996e-03 -1.18108251e-02
-7.33649219e-01 1.44134193e-02 -4.38651786e-03 2.79208076e-03 -1.17830440e-02
-7.32581181e-01 1.43688175e-02 -4.28719349e-03 2.78310488e-03 -1.17506155e-02
-7.31511336e-01 1.43232371e-02 -4.18930167e-03 2.77504056e-03 -1.17135093e-02
-7.30439687e-01 1.42765589e-02 -4.09308752e-03 2.76767156e-03 -1.16717322e-02
-7.29366237e-01 1.42286645e-02 -3.99876714e-03 2.76078063e-03 -1.16253264e-02
-7.28290988e-01 1.41794370e-02 -3.90652611e-03 2.75415288e-03 -1.15743678e-02
-7.27213943e-01 1.41287625e-02 -3.81651861e-03 2.74757899e-03 -1.15189642e-02
-7.26135105e-01 1.40765315e-02 -3.72886711e-03 2.74085829e-03 -1.14592532e-02
-7.25054476e-01 1.40226403e-02 -3.64366262e-03 2.73380160e-03 -1.13953993e-02
-7.23972059e-01 1.39669926e-02 -3.56096556e-03 2.72623384e-03 -1.13275920e-02
-7.22887856e-01 1.39095011e-02 -3.48080708e-03 2.71799629e-03 -1.12560426e-02
-7.21801870e-01 1.38500891e-02 -3.40319089e-03 2.70894866e-03 -1.11809819e-02
-7.20714105e-01 1.37886921e-02 -3.32809552e-03 2.69897072e-03 -1.11026573e-02
-7.19624562e-01 1.37252596e-02 -3.25547698e-03 2.68796359e-03 -1.10213299e-02
-7.18533244e-01 1.36597561e-02 -3.18527161e-03 2.67585077e-03 -1.09372721e-02
-7.17440155e-01 1.35921631e-02 -3.11739933e-03 2.66257869e-03 -1.08507648e-02
-7.16345296e-01 1.35224798e-02 -3.05176692e-03 2.64811694e-03 -1.07620954e-02
-7.15248670e-01 1.34507246e-02 -2.98827145e-03 2.63245819e-03 -1.06715546e-02
-7.14150280e-01 1.33769360e-02 -2.92680372e-03 2.61561769e-03 -1.05794351e-02
-7.13050130e-01 1.33011730e-02 -2.86725167e-03 2.59763249e-03 -1.04860290e-02
-7.11948220e-01 1.32235157e-02 -2.80950358e-03 2.57856035e-03 -1.03916260e-02
-7.10844555e-01 1.31440655e-02 -2.75345123e-03 2.55847835e-03 -1.02965120e-02
-7.09739137e-01 1.30629449e-02 -2.69899262e-03 2.53748124e-03 -1.02009672e-02
-7.08631969e-01 1.29802970e-02 -2.64603455e-03 2.51567965e-03 -1.01052649e-02
-7.07523053e-01 1.28962848e-02 -2.59449476e-03 2.49319796e-03 -1.00096703e-02
-7.06412392e-01 1.28110900e-02 -2.54430369e-03 2.47017220e-03 -9.91443943e-03
-7.05299989e-01 1.27249119e-02 -2.49540580e-03 2.44674770e-03 -9.81981819e-03
-7.04185846e-01 1.26379653e-02 -2.44776050e-03 2.42307673e-03 -9.72604155e-03
-7.03069967e-01 1.25504786e-02 -2.40134256e-03 2.39931610e-03 -9.63333283e-03
-7.01952354e-01 1.24626917e-02 -2.35614208e-03 2.37562479e-03 -9.54190312e-03
-7.00833010e-01 1.23748529e-02 -2.31216400e-03 2.35216152e-03 -9.45195070e-03
-6.99711937e-01 1.22872167e-02 -2.26942718e-03 2.32908255e-03 -9.36366054e-03
-6.98589139e-01 1.22000404e-02 -2.22796307e-03 2.30653943e-03 -9.27720387e-03
-6.97464618e-01 1.21135809e-02 -2.18781392e-03 2.28467706e-03 -9.19273771e-03
-6.96338377e-01 1.20280918e-02 -2.14903081e-03 2.26363174e-03 -9.11040448e-03
-6.95210419e-01 1.19438195e-02 -2.11167120e-03 2.24352956e-03 -9.03033158e-03
-6.94080746e-01 1.18609999e-02 -2.07579636e-03 2.22448492e-03 -8.95263095e-03
-6.92949362e-01 1.17798555e-02 -2.04146860e-03 2.20659933e-03 -8.87739866e-03
-6.91816268e-01 1.17005912e-02 -2.00874831e-03 2.18996040e-03 -8.80471444e-03
-6.90681469e-01 1.16233921e-02 -1.97769105e-03 2.17464112e-03 -8.73464127e-03
-6.89544966e-01 1.15484197e-02 -1.94834453e-03 2.16069939e-03 -8.66722488e-03
-6.88406763e-01 1.14758092e-02 -1.92074579e-03 2.14817780e-03 -8.60249330e-03
-6.87266861e-01 1.14056675e-02 -1.89491839e-03 2.13710366e-03 -8.54045643e-03
-6.86125265e-01 1.13380703e-02 -1.87086990e-03 2.12748929e-03 -8.48110557e-03
-6.84981977e-01 1.12730606e-02 -1.84858958e-03 2.11933251e-03 -8.42441306e-03
-6.83837000e-01 1.12106471e-02 -1.82804641e-03 2.11261738e-03 -8.37033189e-03
-6.82690336e-01 1.11508031e-02 -1.80918748e-03 2.10731514e-03 -8.31879544e-03
-6.81541988e-01 1.10934662e-02 -1.79193674e-03 2.10338530e-03 -8.26971727e-03
-6.80391960e-01 1.10385375e-02 -1.77619422e-03 2.10077691e-03 -8.22299101e-03
-6.79240254e-01 1.09858825e-02 -1.76183568e-03 2.09942998e-03 -8.17849034e-03
-6.78086872e-01 1.09353318e-02 -1.74871281e-03 2.09927696e-03 -8.13606920e-03
-6.76931818e-01 1.08866821e-02 -1.73665379e-03 2.10024433e-03 -8.09556202e-03
-6.75775095e-01 1.08396982e-02 -1.72546447e-03 2.10225426e-03 -8.05678422e-03
-6.74616706e-01 1.07941152e-02 -1.71492993e-03 2.10522624e-03 -8.01953283e-03
-6.73456652e-01 1.07496412e-02 -1.70481659e-03 2.10907875e-03 -7.98358732e-03
-6.72294938e-01 1.07059602e-02 -1.69487467e-03 2.11373090e-03 -7.94871063e-03
-6.71131566e-01 1.06627357e-02 -1.68484111e-03 2.11910398e-03 -7.91465038e-03
-6.69966538e-01 1.06196144e-02 -1.67444287e-03 2.12512298e-03 -7.88114036e-03
-6.68799859e-01 1.05762304e-02 -1.66340048e-03 2.13171792e-03 -7.84790208e-03
-6.67631530e-01 1.05322091e-02 -1.65143194e-03 2.13882519e-03 -7.81464668e-03
-6.66461554e-01 1.04871723e-02 -1.63825675e-03 2.14638863e-03 -7.78107694e-03
-6.65289935e-01 1.04407425e-02 -1.62360016e-03 2.15436049e-03 -7.74688947e-03
-6.64116675e-01 1.03925475e-02 -1.60719745e-03 2.16270227e-03 -7.71177715e-03
-6.62941778e-01 1.03422254e-02 -1.58879826e-03 2.17138529e-03 -7.67543157e-03
-6.61765245e-01 1.02894288e-02 -1.56817085e-03 2.18039114e-03 -7.63754576e-03
-6.60587080e-01 1.02338300e-02 -1.54510623e-03 2.18971193e-03 -7.59781691e-03
-6.59407287e-01 1.01751247e-02 -1.51942219e-03 2.19935032e-03 -7.55594920e-03
-6.58225867e-01 1.01130368e-02 -1.49096696e-03 2.20931938e-03 -7.51165671e-03
-6.57042824e-01 1.00473215e-02 -1.45962267e-03 2.21964227e-03 -7.46466628e-03
-6.55858160e-01 9.97776954e-03 -1.42530842e-03 2.23035170e-03 -7.41472041e-03
-6.54671879e-01 9.90421012e-03 -1.38798290e-03 2.24148925e-03 -7.36158011e-03
-6.53483983e-01 9.82651347e-03 -1.34764660e-03 2.25310455e-03 -7.30502762e-03
-6.52294476e-01 9.74459330e-03 -1.30434353e-03 2.26525427e-03 -7.24486906e-03
-6.51103360e-01 9.65840855e-03 -1.25816240e-03 2.27800098e-03 -7.18093693e-03
-6.49910639e-01 9.56796469e-03 -1.20923722e-03 2.29141194e-03 -7.11309241e-03
-6.48716314e-01 9.47331443e-03 -1.15774740e-03 2.30555773e-03 -7.04122745e-03
-6.47520390e-01 9.37455801e-03 -1.10391723e-03 2.32051087e-03 -6.96526666e-03
-6.46322869e-01 9.27184281e-03 -1.04801481e-03 2.33634432e-03 -6.88516887e-03
-6.45123754e-01 9.16536255e-03 -9.90350368e-04 2.35312999e-03 -6.80092848e-03
-6.43923048e-01 9.05535589e-03 -9.31274107e-04 2.37093719e-03 -6.71257646e-03
-6.42720754e-01 8.94210453e-03 -8.71173441e-04 2.38983112e-03 -6.62018100e-03
-6.41516875e-01 8.82593088e-03 -8.10469778e-04 2.40987136e-03 -6.52384793e-03
-6.40311414e-01 8.70719520e-03 -7.49614818e-04 2.43111043e-03 -6.42372063e-03
-6.39104373e-01 8.58629236e-03 -6.89086432e-04 2.45359235e-03 -6.31997978e-03
-6.37895757e-01 8.46364826e-03 -6.29384172e-04 2.47735136e-03 -6.21284260e-03
-6.36685567e-01 8.33971583e-03 -5.71024441e-04 2.50241068e-03 -6.10256186e-03
-6.35473807e-01 8.21497085e-03 -5.14535407e-04 2.52878140e-03 -5.98942447e-03
-6.34260480e-01 8.08990744e-03 -4.60451703e-04 2.55646149e-03 -5.87374978e-03
-6.33045589e-01 7.96503341e-03 -4.09308973e-04 2.58543494e-03 -5.75588758e-03
-6.31829137e-01 7.84086554e-03 -3.61638341e-04 2.61567108e-03 -5.63621578e-03
-6.30611126e-01 7.71792469e-03 -3.17960849e-04 2.64712400e-03 -5.51513784e-03
-6.29391561e-01 7.59673098e-03 -2.78781940e-04 2.67973218e-03 -5.39307990e-03
-6.28170443e-01 7.47779900e-03 -2.44586044e-04 2.71341827e-03 -5.27048779e-03
-6.26947776e-01 7.36163307e-03 -2.15831330e-04 2.74808904e-03 -5.14782373e-03
-6.25723562e-01 7.24872269e-03 -1.92944675e-04 2.78363548e-03 -5.02556299e-03
-6.24497806e-01 7.13953821e-03 -1.76316921e-04 2.81993314e-03 -4.90419033e-03
-6.23270509e-01 7.03452672e-03 -1.66298458e-04 2.85684253e-03 -4.78419638e-03
-6.22041676e-01 6.93410819e-03 -1.63195184e-04 2.89420980e-03 -4.66607400e-03
-6.20811308e-01 6.83867200e-03 -1.67264893e-04 2.93186748e-03 -4.55031454e-03
-6.19579410e-01 6.74857381e-03 -1.78714120e-04 2.96963542e-03 -4.43740420e-03
-6.18345983e-01 6.66413276e-03 -1.97695479e-04 3.00732189e-03 -4.32782034e-03
-6.17111031e-01 6.58562916e-03 -2.24305524e-04 3.04472474e-03 -4.22202799e-03
-6.15874558e-01 6.51330255e-03 -2.58583147e-04 3.08163276e-03 -4.12047630e-03
-6.14636565e-01 6.44735022e-03 -3.00508541e-04 3.11782709e-03 -4.02359533e-03
-6.13397057e-01 6.38792614e-03 -3.50002712e-04 3.15308278e-03 -3.93179282e-03
-6.12156036e-01 6.33514039e-03 -4.06927580e-04 3.18717034e-03 -3.84545127e-03
-6.10913506e-01 6.28905895e-03 -4.71086626e-04 3.21985747e-03 -3.76492522e-03
-6.09669468e-01 6.24970398e-03 -5.42226103e-04 3.25091075e-03 -3.69053868e-03
-6.08423928e-01 6.21705449e-03 -6.20036787e-04 3.28009742e-03 -3.62258295e-03
-6.07176887e-01 6.19104739e-03 -7.04156246e-04 3.30718713e-03 -3.56131460e-03
-6.05928348e-01 6.17157894e-03 -7.94171603e-04 3.33195376e-03 -3.50695374e-03
-6.04678315e-01 6.15850649e-03 -8.89622760e-04 3.35417716e-03 -3.45968265e-03
-6.03426791e-01 6.15165060e-03 -9.90006057e-04 3.37364493e-03 -3.41964463e-03
-6.02173778e-01 6.15079738e-03 -1.09477832e-03 3.39015409e-03 -3.38694318e-03
-6.00919281e-01 6.15570110e-03 -1.20336123e-03 3.40351276e-03 -3.36164146e-03
-5.99663302e-01 6.16608699e-03 -1.31514606e-03 3.41354170e-03 -3.34376211e-03
-5.98405843e-01 6.18165426e-03 -1.42949859e-03 3.42007588e-03 -3.33328724e-03
-5.97146909e-01 6.20207918e-03 -1.54576427e-03 3.42296581e-03 -3.33015884e-03
-5.95886503e-01 6.22701828e-03 -1.66327352e-03 3.42207885e-03 -3.33427938e-03
-5.94624627e-01 6.25611166e-03 -1.78134716e-03 3.41730046e-03 -3.34551269e-03
-5.93361284e-01 6.28898621e-03 -1.89930183e-03 3.40853514e-03 -3.36368516e-03
-5.92096478e-01 6.32525891e-03 -2.01645547e-03 3.39570747e-03 -3.38858707e-03
-5.90830212e-01 6.36454005e-03 -2.13213270e-03 3.37876278e-03 -3.41997425e-03
-5.89562488e-01 6.40643635e-03 -2.24567012e-03 3.35766786e-03 -3.45756985e-03
-5.88293311e-01 6.45055396e-03 -2.35642142e-03 3.33241141e-03 -3.50106643e-03
-5.87022683e-01 6.49650141e-03 -2.46376235e-03 3.30300434e-03 -3.55012809e-03
-5.85750607e-01 6.54389229e-03 -2.56709535e-03 3.26947998e-03 -3.60439286e-03
-5.84477087e-01 6.59234782e-03 -2.66585400e-03 3.23189403e-03 -3.66347515e-03
-5.83202125e-01 6.64149920e-03 -2.75950706e-03 3.19032444e-03 -3.72696838e-03
-5.81925725e-01 6.69098980e-03 -2.84756217e-03 3.14487109e-03 -3.79444769e-03
-5.80647890e-01 6.74047703e-03 -2.92956918e-03 3.09565529e-03 -3.86547271e-03
-5.79368623e-01 6.78963412e-03 -3.00512307e-03 3.04281920e-03 -3.93959041e-03
-5.78087927e-01 6.83815154e-03 -3.07386638e-03 2.98652502e-03 -4.01633799e-03
-5.76805805e-01 6.88573831e-03 -3.13549124e-03 2.92695408e-03 -4.09524582e-03
-5.75522261e-01 6.93212298e-03 -3.18974091e-03 2.86430582e-03 -4.17584031e-03
-5.74237298e-01 6.97705448e-03 -3.23641082e-03 2.79879658e-03 -4.25764687e-03
-5.72950918e-01 7.02030268e-03 -3.27534920e-03 2.73065835e-03 -4.34019276e-03
-5.71663126e-01 7.06165882e-03 -3.30645715e-03 2.66013729e-03 -4.42300993e-03
-5.70373923e-01 7.10093564e-03 -3.32968833e-03 2.58749234e-03 -4.50563777e-03
-5.69083314e-01 7.13796747e-03 -3.34504809e-03 2.51299351e-03 -4.58762583e-03
-5.67791302e-01 7.17261001e-03 -3.35259230e-03 2.43692032e-03 -4.66853638e-03
-5.66497889e-01 7.20474003e-03 -3.35242558e-03 2.35956003e-03 -4.74794689e-03
-5.65203079e-01 7.23425498e-03 -3.34469935e-03 2.28120585e-03 -4.82545237e-03
-5.63906875e-01 7.26107231e-03 -3.32960928e-03 2.20215514e-03 -4.90066761e-03
-5.62609281e-01 7.28512887e-03 -3.30739262e-03 2.12270758e-03 -4.97322921e-03
-5.61310299e-01 7.30638012e-03 -3.27832508e-03 2.04316332e-03 -5.04279745e-03
-5.60009933e-01 7.32479921e-03 -3.24271750e-03 1.96382109e-03 -5.10905799e-03
-5.58708186e-01 7.34037614e-03 -3.20091234e-03 1.88497641e-03 -5.17172344e-03
-5.57405060e-01 7.35311672e-03 -3.15327988e-03 1.80691976e-03 -5.23053456e-03
-5.56100561e-01 7.36304156e-03 -3.10021436e-03 1.72993483e-03 -5.28526145e-03
-5.54794689e-01 7.37018507e-03 -3.04213004e-03 1.65429676e-03 -5.33570440e-03
-5.53487450e-01 7.37459431e-03 -2.97945708e-03 1.58027056e-03 -5.38169449e-03
-5.52178845e-01 7.37632798e-03 -2.91263759e-03 1.50810948e-03 -5.42309409e-03
-5.50868879e-01 7.37545532e-03 -2.84212152e-03 1.43805354e-03 -5.45979698e-03
-5.49557555e-01 7.37205501e-03 -2.76836276e-03 1.37032814e-03 -5.49172832e-03
-5.48244874e-01 7.36621414e-03 -2.69181527e-03 1.30514280e-03 -5.51884437e-03
-5.46930842e-01 7.35802713e-03 -2.61292941e-03 1.24268998e-03 -5.54113195e-03
-5.45615461e-01 7.34759473e-03 -2.53214835e-03 1.18314401e-03 -5.55860771e-03
-5.44298735e-01 7.33502298e-03 -2.44990484e-03 1.12666025e-03 -5.57131713e-03
-5.42980666e-01 7.32042225e-03 -2.36661808e-03 1.07337426e-03 -5.57933332e-03
-5.41661258e-01 7.30390630e-03 -2.28269091e-03 1.02340121e-03 -5.58275564e-03
-5.40340514e-01 7.28559130e-03 -2.19850731e-03 9.76835373e-04 -5.58170811e-03
-5.39018438e-01 7.26559503e-03 -2.11443015e-03 9.33749821e-04 -5.57633762e-03
-5.37695032e-01 7.24403592e-03 -2.03079927e-03 8.94196241e-04 -5.56681200e-03
-5.36370301e-01 7.22103231e-03 -1.94792991e-03 8.58204915e-04 -5.55331792e-03
-5.35044246e-01 7.19670161e-03 -1.86611141e-03 8.25784856e-04 -5.53605874e-03
-5.33716872e-01 7.17115957e-03 -1.78560632e-03 7.96924088e-04 -5.51525214e-03
-5.32388182e-01 7.14451955e-03 -1.70664974e-03 7.71590093e-04 -5.49112777e-03
-5.31058179e-01 7.11689190e-03 -1.62944908e-03 7.49730386e-04 -5.46392479e-03
-5.29726866e-01 7.08838326e-03 -1.55418400e-03 7.31273245e-04 -5.43388941e-03
-5.28394247e-01 7.05909603e-03 -1.48100682e-03 7.16128576e-04 -5.40127240e-03
-5.27060325e-01 7.02912781e-03 -1.41004299e-03 7.04188900e-04 -5.36632664e-03
-5.25725102e-01 6.99857093e-03 -1.34139202e-03 6.95330473e-04 -5.32930471e-03
-5.24388584e-01 6.96751204e-03 -1.27512851e-03 6.89414508e-04 -5.29045656e-03
-5.23050772e-01 6.93603169e-03 -1.21130344e-03 6.86288512e-04 -5.25002727e-03
-5.21711670e-01 6.90420410e-03 -1.14994565e-03 6.85787701e-04 -5.20825493e-03
-5.20371281e-01 6.87209684e-03 -1.09106344e-03 6.87736509e-04 -5.16536868e-03
-5.19029610e-01 6.83977070e-03 -1.03464633e-03 6.91950159e-04 -5.12158690e-03
-5.17686658e-01 6.80727961e-03 -9.80666894e-04 6.98236288e-04 -5.07711564e-03
-5.16342429e-01 6.77467055e-03 -9.29082707e-04 7.06396619e-04 -5.03214712e-03
-5.14996927e-01 6.74198363e-03 -8.79838262e-04 7.16228659e-04 -4.98685865e-03
-5.13650155e-01 6.70925225e-03 -8.32866955e-04 7.27527409e-04 -4.94141155e-03
-5.12302117e-01 6.67650323e-03 -7.88093043e-04 7.40087076e-04 -4.89595051e-03
-5.10952815e-01 6.64375714e-03 -7.45433549e-04 7.53702765e-04 -4.85060307e-03
-5.09602252e-01 6.61102864e-03 -7.04800122e-04 7.68172149e-04 -4.80547940e-03
-5.08250433e-01 6.57832689e-03 -6.66100802e-04 7.83297085e-04 -4.76067226e-03
-5.06897361e-01 6.54565609e-03 -6.29241689e-04 7.98885180e-04 -4.71625729e-03
-5.05543038e-01 6.51301598e-03 -5.94128482e-04 8.14751279e-04 -4.67229346e-03
-5.04187469e-01 6.48040251e-03 -5.60667900e-04 8.30718866e-04 -4.62882380e-03
-5.02830656e-01 6.44780848e-03 -5.28768941e-04 8.46621377e-04 -4.58587622e-03
-5.01472604e-01 6.41522429e-03 -4.98344003e-04 8.62303389e-04 -4.54346468e-03
-5.00113314e-01 6.38263863e-03 -4.69309831e-04 8.77621700e-04 -4.50159038e-03
-4.98752791e-01 6.35003932e-03 -4.41588312e-04 8.92446274e-04 -4.46024317e-03
-4.97391039e-01 6.31741403e-03 -4.15107102e-04 9.06661048e-04 -4.41940309e-03
-4.96028059e-01 6.28475111e-03 -3.89800091e-04 9.20164595e-04 -4.37904194e-03
-4.94663856e-01 6.25204035e-03 -3.65607711e-04 9.32870632e-04 -4.33912495e-03
-4.93298434e-01 6.21927372e-03 -3.42477092e-04 9.44708378e-04 -4.29961249e-03
-4.91931794e-01 6.18644609e-03 -3.20362082e-04 9.55622748e-04 -4.26046179e-03
-4.90563942e-01 6.15355589e-03 -2.99223120e-04 9.65574393e-04 -4.22162862e-03
-4.89194880e-01 6.12060570e-03 -2.79027002e-04 9.74539576e-04 -4.18306888e-03
-4.87824611e-01 6.08760279e-03 -2.59746527e-04 9.82509894e-04 -4.14474020e-03
-4.86453139e-01 6.05455955e-03 -2.41360058e-04 9.89491847e-04 -4.10660336e-03
-4.85080468e-01 6.02149382e-03 -2.23850987e-04 9.95506261e-04 -4.06862363e-03
-4.83706600e-01 5.98842915e-03 -2.07207152e-04 1.00058756e-03 -4.03077185e-03
-4.82331539e-01 5.95539494e-03 -1.91420183e-04 1.00478294e-03 -3.99302550e-03
-4.80955289e-01 5.92242639e-03 -1.76484825e-04 1.00815134e-03 -3.95536946e-03
-4.79577853e-01 5.88956446e-03 -1.62398227e-04 1.01076243e-03 -3.91779658e-03
-4.78199234e-01 5.85685558e-03 -1.49159231e-04 1.01269537e-03 -3.88030810e-03
-4.76819436e-01 5.82435132e-03 -1.36767655e-04 1.01403758e-03 -3.84291377e-03
-4.75438462e-01 5.79210793e-03 -1.25223599e-04 1.01488338e-03 -3.80563185e-03
-4.74056315e-01 5.76018568e-03 -1.14526774e-04 1.01533261e-03 -3.76848879e-03
-4.72672999e-01 5.72864823e-03 -1.04675868e-04 1.01548920e-03 -3.73151875e-03
-4.71288518e-01 5.69756179e-03 -9.56679578e-05 1.01545973e-03 -3.69476295e-03
-4.69902874e-01 5.66699421e-03 -8.74979764e-05 1.01535194e-03 -3.65826878e-03
-4.68516071e-01 5.63701404e-03 -8.01582351e-05 1.01527334e-03 -3.62208880e-03
-4.67128113e-01 5.60768947e-03 -7.36380145e-05 1.01532976e-03 -3.58627948e-03
-4.65739003e-01 5.57908727e-03 -6.79232221e-05 1.01562398e-03 -3.55089999e-03
-4.64348744e-01 5.55127165e-03 -6.29961203e-05 1.01625445e-03 -3.51601073e-03
-4.62957340e-01 5.52430317e-03 -5.88351281e-05 1.01731404e-03 -3.48167190e-03
-4.61564795e-01 5.49823759e-03 -5.54146945e-05 1.01888890e-03 -3.44794197e-03
-4.60171111e-01 5.47312480e-03 -5.27052439e-05 1.02105742e-03 -3.41487614e-03
-4.58776292e-01 5.44900777e-03 -5.06731918e-05 1.02388933e-03 -3.38252488e-03
-4.57380342e-01 5.42592157e-03 -4.92810285e-05 1.02744488e-03 -3.35093247e-03
-4.55983264e-01 5.40389248e-03 -4.84874666e-05 1.03177417e-03 -3.32013563e-03
-4.54585061e-01 5.38293721e-03 -4.82476495e-05 1.03691669e-03 -3.29016226e-03
-4.53185738e-01 5.36306221e-03 -4.85134167e-05 1.04290086e-03 -3.26103036e-03
-4.51785296e-01 5.34426312e-03 -4.92336189e-05 1.04974385e-03 -3.23274705e-03
-4.50383741e-01 5.32652440e-03 -5.03544811e-05 1.05745154e-03 -3.20530785e-03
-4.48981074e-01 5.30981908e-03 -5.18200053e-05 1.06601852e-03 -3.17869607e-03
-4.47577301e-01 5.29410868e-03 -5.35724086e-05 1.07542838e-03 -3.15288254e-03
-4.46172424e-01 5.27934332e-03 -5.55525912e-05 1.08565405e-03 -3.12782546e-03
-4.44766446e-01 5.26546197e-03 -5.77006275e-05 1.09665832e-03 -3.10347055e-03
-4.43359371e-01 5.25239293e-03 -5.99562754e-05 1.10839449e-03 -3.07975147e-03
-4.41951203e-01 5.24005441e-03 -6.22594975e-05 1.12080709e-03 -3.05659040e-03
-4.40541946e-01 5.22835534e-03 -6.45509891e-05 1.13383279e-03 -3.03389891e-03
-4.39131601e-01 5.21719628e-03 -6.67727067e-05 1.14740137e-03 -3.01157908e-03
-4.37720174e-01 5.20647053e-03 -6.88683918e-05 1.16143674e-03 -2.98952475e-03
-4.36307667e-01 5.19606534e-03 -7.07840846e-05 1.17585807e-03 -2.96762304e-03
-4.34894084e-01 5.18586322e-03 -7.24686227e-05 1.19058098e-03 -2.94575603e-03
-4.33479429e-01 5.17574339e-03 -7.38741182e-05 1.20551874e-03 -2.92380250e-03
-4.32063705e-01 5.16558328e-03 -7.49564100e-05 1.22058352e-03 -2.90163991e-03
-4.30646915e-01 5.15526010e-03 -7.56754854e-05 1.23568757e-03 -2.87914640e-03
-4.29229063e-01 5.14465240e-03 -7.59958653e-05 1.25074453e-03 -2.85620281e-03
-4.27810152e-01 5.13364167e-03 -7.58869505e-05 1.26567055e-03 -2.83269477e-03
-4.26390187e-01 5.12211397e-03 -7.53233225e-05 1.28038547e-03 -2.80851477e-03
-4.24969170e-01 5.10996140e-03 -7.42849961e-05 1.29481390e-03 -2.78356411e-03
-4.23547105e-01 5.09708363e-03 -7.27576185e-05 1.30888625e-03 -2.75775485e-03
-4.22123995e-01 5.08338925e-03 -7.07326125e-05 1.32253961e-03 -2.73101156e-03
-4.20699844e-01 5.06879705e-03 -6.82072586e-05 1.33571862e-03 -2.70327295e-03
-4.19274656e-01 5.05323719e-03 -6.51847152e-05 1.34837616e-03 -2.67449331e-03
-4.17848434e-01 5.03665218e-03 -6.16739724e-05 1.36047393e-03 -2.64464370e-03
-4.16421181e-01 5.01899769e-03 -5.76897393e-05 1.37198291e-03 -2.61371297e-03
-4.14992902e-01 5.00024325e-03 -5.32522613e-05 1.38288369e-03 -2.58170843e-03
-4.13563599e-01 4.98037272e-03 -4.83870688e-05 1.39316665e-03 -2.54865633e-03
-4.12133276e-01 4.95938451e-03 -4.31246567e-05 1.40283203e-03 -2.51460200e-03
-4.10701936e-01 4.93729174e-03 -3.75000951e-05 1.41188978e-03 -2.47960973e-03
-4.09269584e-01 4.91412204e-03 -3.15525742e-05 1.42035936e-03 -2.44376230e-03
-4.07836222e-01 4.88991731e-03 -2.53248860e-05 1.42826936e-03 -2.40716029e-03
-4.06401855e-01 4.86473317e-03 -1.88628461e-05 1.43565699e-03 -2.36992108e-03
-4.04966485e-01 4.83863828e-03 -1.22146617e-05 1.44256744e-03 -2.33217755e-03
-4.03530117e-01 4.81171351e-03 -5.43025148e-06 1.44905317e-03 -2.29407656e-03
-4.02092753e-01 4.78405093e-03 1.43947587e-06 1.45517302e-03 -2.25577720e-03
-4.00654398e-01 4.75575264e-03 8.34337551e-06 1.46099128e-03 -2.21744885e-03
-3.99215055e-01 4.72692955e-03 1.52308440e-05 1.46657668e-03 -2.17926901e-03
-3.97774727e-01 4.69770001e-03 2.20526102e-05 1.47200128e-03 -2.14142107e-03
-3.96333418e-01 4.66818838e-03 2.87615285e-05 1.47733932e-03 -2.10409190e-03
-3.94891132e-01 4.63852359e-03 3.53133627e-05 1.48266609e-03 -2.06746947e-03
-3.93447872e-01 4.60883760e-03 4.16675491e-05 1.48805665e-03 -2.03174032e-03
-3.92003642e-01 4.57926392e-03 4.77879242e-05 1.49358471e-03 -1.99708713e-03
-3.90558445e-01 4.54993615e-03 5.36434074e-05 1.49932136e-03 -1.96368635e-03
-3.89112285e-01 4.52098651e-03 5.92086225e-05 1.50533396e-03 -1.93170585e-03
-3.87665165e-01 4.49254456e-03 6.44644477e-05 1.51168497e-03 -1.90130276e-03
-3.86217089e-01 4.46473584e-03 6.93984823e-05 1.51843095e-03 -1.87262142e-03
-3.84768060e-01 4.43768078e-03 7.40054166e-05 1.52562150e-03 -1.84579159e-03
-3.83318083e-01 4.41149361e-03 7.82872965e-05 1.53329839e-03 -1.82092683e-03
-3.81867160e-01 4.38628148e-03 8.22536733e-05 1.54149479e-03 -1.79812315e-03
-3.80415296e-01 4.36214371e-03 8.59216304e-05 1.55023449e-03 -1.77745790e-03
-3.78962493e-01 4.33917118e-03 8.93156806e-05 1.55953141e-03 -1.75898901e-03
-3.77508756e-01 4.31744588e-03 9.24675307e-05 1.56938912e-03 -1.74275446e-03
-3.76054088e-01 4.29704061e-03 9.54157098e-05 1.57980053e-03 -1.72877207e-03
-3.74598493e-01 4.27801888e-03 9.82050621e-05 1.59074774e-03 -1.71703964e-03
-3.73141973e-01 4.26043492e-03 1.00886106e-04 1.60220199e-03 -1.70753530e-03
-3.71684534e-01 4.24433385e-03 1.03514264e-04 1.61412380e-03 -1.70021824e-03
-3.70226177e-01 4.22975196e-03 1.06148968e-04 1.62646325e-03 -1.69502967e-03
-3.68766908e-01 4.21671713e-03 1.08852658e-04 1.63916037e-03 -1.69189403e-03
-3.67306729e-01 4.20524937e-03 1.11689670e-04 1.65214572e-03 -1.69072044e-03
-3.65845645e-01 4.19536140e-03 1.14725045e-04 1.66534103e-03 -1.69140440e-03
-3.64383658e-01 4.18705933e-03 1.18023260e-04 1.67866007e-03 -1.69382956e-03
-3.62920772e-01 4.18034337e-03 1.21646911e-04 1.69200955e-03 -1.69786974e-03
-3.61456992e-01 4.17520860e-03 1.25655359e-04 1.70529018e-03 -1.70339100e-03
-3.59992320e-01 4.17164568e-03 1.30103363e-04 1.71839778e-03 -1.71025377e-03
-3.58526760e-01 4.16964158e-03 1.35039727e-04 1.73122455e-03 -1.71831506e-03
-3.57060317e-01 4.16918033e-03 1.40505977e-04 1.74366031e-03 -1.72743055e-03
-3.55592992e-01 4.17024360e-03 1.46535094e-04 1.75559389e-03 -1.73745679e-03
-3.54124791e-01 4.17281132e-03 1.53150333e-04 1.76691449e-03 -1.74825317e-03
-3.52655716e-01 4.17686213e-03 1.60364141e-04 1.77751311e-03 -1.75968384e-03
-3.51185772e-01 4.18237380e-03 1.68177203e-04 1.78728396e-03 -1.77161949e-03
-3.49714961e-01 4.18932351e-03 1.76577641e-04 1.79612583e-03 -1.78393889e-03
-3.48243288e-01 4.19768798e-03 1.85540373e-04 1.80394355e-03 -1.79653024e-03
-3.46770756e-01 4.20744357e-03 1.95026666e-04 1.81064922e-03 -1.80929236e-03
-3.45297369e-01 4.21856617e-03 2.04983890e-04 1.81616357e-03 -1.82213552e-03
-3.43823131e-01 4.23103104e-03 2.15345479e-04 1.82041710e-03 -1.83498208e-03
-3.42348044e-01 4.24481248e-03 2.26031130e-04 1.82335118e-03 -1.84776685e-03
-3.40872114e-01 4.25988342e-03 2.36947217e-04 1.82491907e-03 -1.86043717e-03
-3.39395342e-01 4.27621495e-03 2.47987454e-04 1.82508680e-03 -1.87295273e-03
-3.37917734e-01 4.29377571e-03 2.59033779e-04 1.82383386e-03 -1.88528512e-03
-3.36439292e-01 4.31253125e-03 2.69957476e-04 1.82115384e-03 -1.89741717e-03
-3.34960021e-01 4.33244334e-03 2.80620505e-04 1.81705485e-03 -1.90934198e-03
-3.33479923e-01 4.35346926e-03 2.90877054e-04 1.81155984e-03 -1.92106186e-03
-3.31999003e-01 4.37556104e-03 3.00575267e-04 1.80470666e-03 -1.93258694e-03
-3.30517264e-01 4.39866479e-03 3.09559156e-04 1.79654807e-03 -1.94393377e-03
-3.29034710e-01 4.42272002e-03 3.17670650e-04 1.78715149e-03 -1.95512374e-03
-3.27551345e-01 4.44765902e-03 3.24751774e-04 1.77659859e-03 -1.96618134e-03
-3.26067172e-01 4.47340632e-03 3.30646917e-04 1.76498476e-03 -1.97713251e-03
-3.24582195e-01 4.49987828e-03 3.35205156e-04 1.75241837e-03 -1.98800285e-03
-3.23096417e-01 4.52698276e-03 3.38282619e-04 1.73901987e-03 -1.99881592e-03
-3.21609843e-01 4.55461897e-03 3.39744831e-04 1.72492079e-03 -2.00959157e-03
-3.20122475e-01 4.58267739e-03 3.39469017e-04 1.71026250e-03 -2.02034437e-03
-3.18634318e-01 4.61103998e-03 3.37346334e-04 1.69519497e-03 -2.03108215e-03
-3.17145375e-01 4.63958041e-03 3.33283978e-04 1.67987530e-03 -2.04180473e-03
-3.15655650e-01 4.66816460e-03 3.27207148e-04 1.66446620e-03 -2.05250279e-03
-3.14165146e-01 4.69665133e-03 3.19060826e-04 1.64913441e-03 -2.06315696e-03
-3.12673868e-01 4.72489306e-03 3.08811337e-04 1.63404896e-03 -2.07373718e-03
-3.11181819e-01 4.75273699e-03 2.96447673e-04 1.61937952e-03 -2.08420220e-03
-3.09689002e-01 4.78002613e-03 2.81982540e-04 1.60529455e-03 -2.09449946e-03
-3.08195421e-01 4.80660068e-03 2.65453115e-04 1.59195963e-03 -2.10456516e-03
-3.06701080e-01 4.83229938e-03 2.46921496e-04 1.57953561e-03 -2.11432456e-03
-3.05205983e-01 4.85696115e-03 2.26474826e-04 1.56817693e-03 -2.12369261e-03
-3.03710134e-01 4.88042665e-03 2.04225076e-04 1.55802995e-03 -2.13257478e-03
-3.02213535e-01 4.90254001e-03 1.80308497e-04 1.54923131e-03 -2.14086817e-03
-3.00716191e-01 4.92315059e-03 1.54884735e-04 1.54190644e-03 -2.14846275e-03
-2.99218105e-01 4.94211473e-03 1.28135603e-04 1.53616811e-03 -2.15524291e-03
-2.97719282e-01 4.95929748e-03 1.00263544e-04 1.53211520e-03 -2.16108909e-03
-2.96219724e-01 4.97457434e-03 7.14897752e-05 1.52983152e-03 -2.16587960e-03
-2.94719436e-01 4.98783286e-03 4.20521543e-05 1.52938485e-03 -2.16949252e-03
-2.93218420e-01 4.99897418e-03 1.22027811e-05 1.53082608e-03 -2.17180767e-03
-2.91716682e-01 5.00791449e-03 -1.77946326e-05 1.53418863e-03 -2.17270868e-03
-2.90214224e-01 5.01458620e-03 -4.76675922e-05 1.53948797e-03 -2.17208499e-03
-2.88711051e-01 5.01893911e-03 -7.71378114e-05 1.54672137e-03 -2.16983384e-03
-2.87207166e-01 5.02094125e-03 -1.05924328e-04 1.55586786e-03 -2.16586221e-03
-2.85702572e-01 5.02057958e-03 -1.33746700e-04 1.56688836e-03 -2.16008864e-03
-2.84197274e-01 5.01786043e-03 -1.60328243e-04 1.57972607e-03 -2.15244493e-03
-2.82691274e-01 5.01280974e-03 -1.85399258e-04 1.59430699e-03 -2.14287763e-03
-2.81184578e-01 5.00547297e-03 -2.08700215e-04 1.61054069e-03 -2.13134939e-03
-2.79677188e-01 4.99591491e-03 -2.29984841e-04 1.62832123e-03 -2.11784004e-03
-2.78169109e-01 4.98421906e-03 -2.49023065e-04 1.64752826e-03 -2.10234748e-03
-2.76660343e-01 4.97048695e-03 -2.65603799e-04 1.66802834e-03 -2.08488827e-03
-2.75150895e-01 4.95483706e-03 -2.79537484e-04 1.68967629e-03 -2.06549799e-03
-2.73640769e-01 4.93740367e-03 -2.90658404e-04 1.71231683e-03 -2.04423126e-03
-2.72129968e-01 4.91833538e-03 -2.98826693e-04 1.73578619e-03 -2.02116157e-03
-2.70618495e-01 4.89779355e-03 -3.03930048e-04 1.75991393e-03 -1.99638077e-03
-2.69106356e-01 4.87595048e-03 -3.05885092e-04 1.78452473e-03 -1.96999833e-03
-2.67593552e-01 4.85298755e-03 -3.04638383e-04 1.80944035e-03 -1.94214027e-03
-2.66080089e-01 4.82909317e-03 -3.00167058e-04 1.83448152e-03 -1.91294796e-03
-2.64565969e-01 4.80446072e-03 -2.92479094e-04 1.85946991e-03 -1.88257663e-03
-2.63051197e-01 4.77928638e-03 -2.81613184e-04 1.88423001e-03 -1.85119366e-03
-2.61535776e-01 4.75376700e-03 -2.67638239e-04 1.90859109e-03 -1.81897676e-03
-2.60019711e-01 4.72809793e-03 -2.50652517e-04 1.93238894e-03 -1.78611196e-03
-2.58503004e-01 4.70247093e-03 -2.30782390e-04 1.95546769e-03 -1.75279153e-03
-2.56985659e-01 4.67707217e-03 -2.08180776e-04 1.97768141e-03 -1.71921176e-03
-2.55467681e-01 4.65208028e-03 -1.83025251e-04 1.99889562e-03 -1.68557080e-03
-2.53949073e-01 4.62766457e-03 -1.55515870e-04 2.01898870e-03 -1.65206634e-03
-2.52429838e-01 4.60398341e-03 -1.25872730e-04 2.03785307e-03 -1.61889348e-03
-2.50909981e-01 4.58118275e-03 -9.43333161e-05 2.05539627e-03 -1.58624252e-03
-2.49389505e-01 4.55939490e-03 -6.11496538e-05 2.07154178e-03 -1.55429693e-03
-2.47868414e-01 4.53873743e-03 -2.65853191e-05 2.08622971e-03 -1.52323142e-03
-2.46346712e-01 4.51931239e-03 9.08765418e-06 2.09941726e-03 -1.49321009e-03
-2.44824402e-01 4.50120566e-03 4.55919286e-05 2.11107897e-03 -1.46438484e-03
-2.43301489e-01 4.48448665e-03 8.26480351e-05 2.12120673e-03 -1.43689398e-03
-2.41777975e-01 4.46920812e-03 1.19977519e-04 2.12980969e-03 -1.41086091e-03
-2.40253865e-01 4.45540629e-03 1.57306020e-04 2.13691382e-03 -1.38639322e-03
-2.38729163e-01 4.44310120e-03 1.94366245e-04 2.14256136e-03 -1.36358189e-03
-2.37203872e-01 4.43229722e-03 2.30900790e-04 2.14681006e-03 -1.34250077e-03
-2.35677996e-01 4.42298377e-03 2.66664789e-04 2.14973223e-03 -1.32320629e-03
-2.34151539e-01 4.41513629e-03 3.01428346e-04 2.15141361e-03 -1.30573747e-03
-2.32624504e-01 4.40871728e-03 3.34978717e-04 2.15195214e-03 -1.29011609e-03
-2.31096895e-01 4.40367754e-03 3.67122241e-04 2.15145650e-03 -1.27634709e-03
-2.29568717e-01 4.39995751e-03 3.97685967e-04 2.15004462e-03 -1.26441927e-03
-2.28039973e-01 4.39748869e-03 4.26518989e-04 2.14784209e-03 -1.25430606e-03
-2.26510666e-01 4.39619516e-03 4.53493463e-04 2.14498039e-03 -1.24596656e-03
-2.24980800e-01 4.39599511e-03 4.78505304e-04 2.14159521e-03 -1.23934671e-03
-2.23450380e-01 4.39680238e-03 5.01474559e-04 2.13782466e-03 -1.23438053e-03
-2.21919408e-01 4.39852801e-03 5.22345464e-04 2.13380744e-03 -1.23099158e-03
-2.20387890e-01 4.40108177e-03 5.41086189e-04 2.12968114e-03 -1.22909442e-03
-2.18855828e-01 4.40437356e-03 5.57688285e-04 2.12558048e-03 -1.22859610e-03
-2.17323226e-01 4.40831482e-03 5.72165844e-04 2.12163565e-03 -1.22939779e-03
-2.15790088e-01 4.41281978e-03 5.84554402e-04 2.11797072e-03 -1.23139626e-03
-2.14256418e-01 4.41780659e-03 5.94909599e-04 2.11470221e-03 -1.23448548e-03
-2.12722219e-01 4.42319837e-03 6.03305624e-04 2.11193767e-03 -1.23855804e-03
-2.11187496e-01 4.42892407e-03 6.09833482e-04 2.10977452e-03 -1.24350663e-03
-2.09652252e-01 4.43491916e-03 6.14599094e-04 2.10829900e-03 -1.24922530e-03
-2.08116491e-01 4.44112625e-03 6.17721288e-04 2.10758523e-03 -1.25561071e-03
-2.06580217e-01 4.44749545e-03 6.19329690e-04 2.10769455e-03 -1.26256323e-03
-2.05043433e-01 4.45398463e-03 6.19562563e-04 2.10867498e-03 -1.26998784e-03
-2.03506144e-01 4.46055950e-03 6.18564622e-04 2.11056088e-03 -1.27779499e-03
-2.01968353e-01 4.46719355e-03 6.16484852e-04 2.11337284e-03 -1.28590123e-03
-2.00430064e-01 4.47386784e-03 6.13474370e-04 2.11711772e-03 -1.29422974e-03
-1.98891280e-01 4.48057066e-03 6.09684355e-04 2.12178890e-03 -1.30271065e-03
-1.97352006e-01 4.48729708e-03 6.05264071e-04 2.12736675e-03 -1.31128126e-03
-1.95812245e-01 4.49404837e-03 6.00359011e-04 2.13381921e-03 -1.31988606e-03
-1.94272002e-01 4.50083139e-03 5.95109188e-04 2.14110263e-03 -1.32847670e-03
-1.92731279e-01 4.50765781e-03 5.89647580e-04 2.14916267e-03 -1.33701171e-03
-1.91190081e-01 4.51454341e-03 5.84098758e-04 2.15793542e-03 -1.34545625e-03
-1.89648411e-01 4.52150723e-03 5.78577708e-04 2.16734861e-03 -1.35378160e-03
-1.88106274e-01 4.52857073e-03 5.73188841e-04 2.17732293e-03 -1.36196473e-03
-1.86563673e-01 4.53575703e-03 5.68025221e-04 2.18777347e-03 -1.36998765e-03
-1.85020611e-01 4.54309005e-03 5.63167995e-04 2.19861116e-03 -1.37783685e-03
-1.83477094e-01 4.55059377e-03 5.58686025e-04 2.20974436e-03 -1.38550256e-03
-1.81933124e-01 4.55829148e-03 5.54635735e-04 2.22108035e-03 -1.39297816e-03
-1.80388705e-01 4.56620519e-03 5.51061138e-04 2.23252692e-03 -1.40025944e-03
-1.78843841e-01 4.57435496e-03 5.47994062e-04 2.24399391e-03 -1.40734398e-03
-1.77298536e-01 4.58275845e-03 5.45454540e-04 2.25539467e-03 -1.41423048e-03
-1.75752795e-01 4.59143052e-03 5.43451357e-04 2.26664753e-03 -1.42091827e-03
-1.74206619e-01 4.60038285e-03 5.41982747e-04 2.27767712e-03 -1.42740670e-03
-1.72660014e-01 4.60962381e-03 5.41037204e-04 2.28841559e-03 -1.43369477e-03
-1.71112983e-01 4.61915826e-03 5.40594398e-04 2.29880379e-03 -1.43978068e-03
-1.69565531e-01 4.62898758e-03 5.40626181e-04 2.30879217e-03 -1.44566164e-03
-1.68017660e-01 4.63910973e-03 5.41097645e-04 2.31834167e-03 -1.45133360e-03
-1.66469374e-01 4.64951940e-03 5.41968234e-04 2.32742437e-03 -1.45679117e-03
-1.64920678e-01 4.66020826e-03 5.43192864e-04 2.33602394e-03 -1.46202762e-03
-1.63371576e-01 4.67116528e-03 5.44723061e-04 2.34413603e-03 -1.46703489e-03
-1.61822070e-01 4.68237710e-03 5.46508064e-04 2.35176832e-03 -1.47180382e-03
-1.60272166e-01 4.69382846e-03 5.48495912e-04 2.35894049e-03 -1.47632433e-03
-1.58721866e-01 4.70550266e-03 5.50634462e-04 2.36568399e-03 -1.48058569e-03
-1.57171175e-01 4.71738208e-03 5.52872359e-04 2.37204156e-03 -1.48457694e-03
-1.55620096e-01 4.72944865e-03 5.55159913e-04 2.37806667e-03 -1.48828721e-03
-1.54068633e-01 4.74168438e-03 5.57449897e-04 2.38382270e-03 -1.49170621e-03
-1.52516790e-01 4.75407184e-03 5.59698249e-04 2.38938202e-03 -1.49482464e-03
-1.50964572e-01 4.76659467e-03 5.61864660e-04 2.39482494e-03 -1.49763468e-03
-1.49411981e-01 4.77923794e-03 5.63913067e-04 2.40023841e-03 -1.50013042e-03
-1.47859021e-01 4.79198862e-03 5.65812030e-04 2.40571477e-03 -1.50230830e-03
-1.46305697e-01 4.80483583e-03 5.67534997e-04 2.41135030e-03 -1.50416751e-03
-1.44752012e-01 4.81777119e-03 5.69060473e-04 2.41724373e-03 -1.50571038e-03
-1.43197970e-01 4.83078896e-03 5.70372072e-04 2.42349467e-03 -1.50694264e-03
-1.41643575e-01 4.84388616e-03 5.71458478e-04 2.43020205e-03 -1.50787367e-03
-1.40088830e-01 4.85706268e-03 5.72313317e-04 2.43746252e-03 -1.50851672e-03
-1.38533740e-01 4.87032116e-03 5.72934945e-04 2.44536886e-03 -1.50888891e-03
-1.36978309e-01 4.88366696e-03 5.73326160e-04 2.45400849e-03 -1.50901131e-03
-1.35422539e-01 4.89710790e-03 5.73493860e-04 2.46346194e-03 -1.50890882e-03
-1.33866436e-01 4.91065405e-03 5.73448641e-04 2.47380146e-03 -1.50861000e-03
-1.32310002e-01 4.92431740e-03 5.73204362e-04 2.48508976e-03 -1.50814683e-03
-1.30753243e-01 4.93811142e-03 5.72777681e-04 2.49737882e-03 -1.50755431e-03
-1.29196160e-01 4.95205071e-03 5.72187572e-04 2.51070882e-03 -1.50687009e-03
-1.27638760e-01 4.96615045e-03 5.71454838e-04 2.52510733e-03 -1.50613393e-03
-1.26081044e-01 4.98042589e-03 5.70601630e-04 2.54058858e-03 -1.50538714e-03
-1.24523017e-01 4.99489186e-03 5.69650983e-04 2.55715290e-03 -1.50467196e-03
-1.22964684e-01 5.00956220e-03 5.68626370e-04 2.57478645e-03 -1.50403083e-03
-1.21406047e-01 5.02444920e-03 5.67551297e-04 2.59346104e-03 -1.50350577e-03
-1.19847110e-01 5.03956311e-03 5.66448928e-04 2.61313420e-03 -1.50313756e-03
-1.18287878e-01 5.05491160e-03 5.65341762e-04 2.63374951e-03 -1.50296503e-03
-1.16728355e-01 5.07049934e-03 5.64251357e-04 2.65523700e-03 -1.50302434e-03
-1.15168543e-01 5.08632751e-03 5.63198101e-04 2.67751387e-03 -1.50334823e-03
-1.13608448e-01 5.10239353e-03 5.62201046e-04 2.70048531e-03 -1.50396536e-03
-1.12048072e-01 5.11869067e-03 5.61277784e-04 2.72404559e-03 -1.50489964e-03
-1.10487420e-01 5.13520789e-03 5.60444388e-04 2.74807927e-03 -1.50616969e-03
-1.08926495e-01 5.15192966e-03 5.59715391e-04 2.77246249e-03 -1.50778831e-03
-1.07365302e-01 5.16883594e-03 5.59103826e-04 2.79706457e-03 -1.50976204e-03
-1.05803844e-01 5.18590216e-03 5.58621292e-04 2.82174953e-03 -1.51209089e-03
-1.04242126e-01 5.20309935e-03 5.58278075e-04 2.84637789e-03 -1.51476801e-03
-1.02680150e-01 5.22039435e-03 5.58083288e-04 2.87080837e-03 -1.51777968e-03
-1.01117920e-01 5.23775013e-03 5.58045040e-04 2.89489977e-03 -1.52110518e-03
-9.95554419e-02 5.25512610e-03 5.58170621e-04 2.91851281e-03 -1.52471698e-03
-9.79927178e-02 5.27247865e-03 5.58466706e-04 2.94151197e-03 -1.52858092e-03
-9.64297521e-02 5.28976161e-03 5.58939549e-04 2.96376735e-03 -1.53265652e-03
-9.48665486e-02 5.30692688e-03 5.59595185e-04 2.98515638e-03 -1.53689745e-03
-9.33031111e-02 5.32392510e-03 5.60439614e-04 3.00556559e-03 -1.54125205e-03
-9.17394435e-02 5.34070632e-03 5.61478969e-04 3.02489215e-03 -1.54566397e-03
-9.01755497e-02 5.35722077e-03 5.62719666e-04 3.04304533e-03 -1.55007291e-03
-8.86114334e-02 5.37341962e-03 5.64168514e-04 3.05994788e-03 -1.55441544e-03
-8.70470987e-02 5.38925573e-03 5.65832805e-04 3.07553713e-03 -1.55862583e-03
-8.54825493e-02 5.40468449e-03 5.67720352e-04 3.08976596e-03 -1.56263702e-03
-8.39177890e-02 5.41966452e-03 5.69839500e-04 3.10260362e-03 -1.56638155e-03
-8.23528218e-02 5.43415846e-03 5.72199087e-04 3.11403627e-03 -1.56979259e-03
-8.07876515e-02 5.44813369e-03 5.74808362e-04 3.12406729e-03 -1.57280494e-03
-7.92222820e-02 5.46156293e-03 5.77676864e-04 3.13271746e-03 -1.57535596e-03
-7.76567171e-02 5.47442489e-03 5.80814260e-04 3.14002478e-03 -1.57738663e-03
-7.60909607e-02 5.48670476e-03 5.84230134e-04 3.14604417e-03 -1.57884245e-03
-7.45250166e-02 5.49839468e-03 5.87933754e-04 3.15084688e-03 -1.57967430e-03
-7.29588887e-02 5.50949410e-03 5.91933796e-04 3.15451969e-03 -1.57983929e-03
-7.13925810e-02 5.52001001e-03 5.96238047e-04 3.15716389e-03 -1.57930147e-03
-6.98260971e-02 5.52995710e-03 6.00853082e-04 3.15889413e-03 -1.57803253e-03
-6.82594410e-02 5.53935785e-03 6.05783930e-04 3.15983693e-03 -1.57601228e-03
-6.66926166e-02 5.54824242e-03 6.11033732e-04 3.16012920e-03 -1.57322909e-03
-6.51256278e-02 5.55664851e-03 6.16603394e-04 3.15991650e-03 -1.56968027e-03
-6.35584783e-02 5.56462110e-03 6.22491251e-04 3.15935120e-03 -1.56537217e-03
-6.19911720e-02 5.57221200e-03 6.28692742e-04 3.15859058e-03 -1.56032031e-03
-6.04237129e-02 5.57947943e-03 6.35200113e-04 3.15779478e-03 -1.55454928e-03
-5.88561048e-02 5.58648739e-03 6.42002140e-04 3.15712477e-03 -1.54809253e-03
-5.72883515e-02 5.59330502e-03 6.49083897e-04 3.15674028e-03 -1.54099211e-03
-5.57204570e-02 5.60000581e-03 6.56426565e-04 3.15679777e-03 -1.53329814e-03
-5.41524250e-02 5.60666679e-03 6.64007287e-04 3.15744832e-03 -1.52506833e-03
-5.25842595e-02 5.61336763e-03 6.71799087e-04 3.15883578e-03 -1.51636725e-03
-5.10159643e-02 5.62018975e-03 6.79770837e-04 3.16109485e-03 -1.50726558e-03
-4.94475433e-02 5.62721526e-03 6.87887299e-04 3.16434935e-03 -1.49783929e-03
-4.78790003e-02 5.63452606e-03 6.96109227e-04 3.16871063e-03 -1.48816865e-03
-4.63103392e-02 5.64220279e-03 7.04393538e-04 3.17427615e-03 -1.47833730e-03
-4.47415640e-02 5.65032386e-03 7.12693558e-04 3.18112823e-03 -1.46843115e-03
-4.31726784e-02 5.65896446e-03 7.20959330e-04 3.18933304e-03 -1.45853736e-03
-4.16036863e-02 5.66819565e-03 7.29137992e-04 3.19893978e-03 -1.44874323e-03
-4.00345917e-02 5.67808347e-03 7.37174223e-04 3.20998007e-03 -1.43913513e-03
-3.84653983e-02 5.68868811e-03 7.45010746e-04 3.22246770e-03 -1.42979738e-03
-3.68961100e-02 5.70006319e-03 7.52588889e-04 3.23639844e-03 -1.42081126e-03
-3.53267308e-02 5.71225508e-03 7.59849198e-04 3.25175029e-03 -1.41225398e-03
-3.37572644e-02 5.72530235e-03 7.66732093e-04 3.26848383e-03 -1.40419775e-03
-3.21877148e-02 5.73923533e-03 7.73178557e-04 3.28654291e-03 -1.39670889e-03
-3.06180858e-02 5.75407574e-03 7.79130857e-04 3.30585550e-03 -1.38984708e-03
-2.90483813e-02 5.76983651e-03 7.84533282e-04 3.32633482e-03 -1.38366461e-03
-2.74786051e-02 5.78652165e-03 7.89332886e-04 3.34788066e-03 -1.37820585e-03
-2.59087612e-02 5.80412629e-03 7.93480235e-04 3.37038084e-03 -1.37350671e-03
-2.43388534e-02 5.82263683e-03 7.96930136e-04 3.39371291e-03 -1.36959431e-03
-2.27688855e-02 5.84203124e-03 7.99642350e-04 3.41774594e-03 -1.36648672e-03
-2.11988616e-02 5.86227941e-03 8.01582260e-04 3.44234244e-03 -1.36419282e-03
-1.96287853e-02 5.88334372e-03 8.02721509e-04 3.46736043e-03 -1.36271231e-03
-1.80586606e-02 5.90517961e-03 8.03038571e-04 3.49265542e-03 -1.36203584e-03
-1.64884914e-02 5.92773631e-03 8.02519264e-04 3.51808262e-03 -1.36214521e-03
-1.49182815e-02 5.95095768e-03 8.01157188e-04 3.54349901e-03 -1.36301373e-03
-1.33480349e-02 5.97478305e-03 7.98954077e-04 3.56876540e-03 -1.36460668e-03
-1.17777553e-02 5.99914818e-03 7.95920070e-04 3.59374853e-03 -1.36688185e-03
-1.02074466e-02 6.02398624e-03 7.92073872e-04 3.61832297e-03 -1.36979021e-03
-8.63711283e-03 6.04922888e-03 7.87442828e-04 3.64237295e-03 -1.37327659e-03
-7.06675773e-03 6.07480723e-03 7.82062874e-04 3.66579408e-03 -1.37728050e-03
-5.49638519e-03 6.10065296e-03 7.75978395e-04 3.68849488e-03 -1.38173697e-03
-3.92599911e-03 6.12669932e-03 7.69241959e-04 3.71039813e-03 -1.38657747e-03
-2.35560334e-03 6.15288214e-03 7.61913946e-04 3.73144202e-03 -1.39173082e-03
-7.85201758e-04 6.17914079e-03 7.54062068e-04 3.75158106e-03 -1.39712413e-03
7.85201758e-04 6.20541904e-03 7.45760779e-04 3.77078682e-03 -1.40268381e-03
2.35560334e-03 6.23166596e-03 7.37090590e-04 3.78904839e-03 -1.40833647e-03
3.92599911e-03 6.25783656e-03 7.28137278e-04 3.80637255e-03 -1.41400992e-03
5.49638519e-03 6.28389250e-03 7.18991017e-04 3.82278380e-03 -1.41963404e-03
7.06675773e-03 6.30980258e-03 7.09745427e-04 3.83832406e-03 -1.42514169e-03
8.63711283e-03 6.33554315e-03 7.00496555e-04 3.85305213e-03 -1.43046952e-03
1.02074466e-02 6.36109840e-03 6.91341802e-04 3.86704296e-03 -1.43555880e-03
1.17777553e-02 6.38646053e-03 6.82378803e-04 3.88038669e-03 -1.44035607e-03
1.33480349e-02 6.41162974e-03 6.73704286e-04 3.89318743e-03 -1.44481383e-03
1.49182815e-02 6.43661419e-03 6.65412913e-04 3.90556191e-03 -1.44889108e-03
1.64884914e-02 6.46142969e-03 6.57596122e-04 3.91763793e-03 -1.45255385e-03
1.80586606e-02 6.48609944e-03 6.50340995e-04 3.92955267e-03 -1.45577558e-03
1.96287853e-02 6.51065345e-03 6.43729152e-04 3.94145084e-03 -1.45853745e-03
2.11988616e-02 6.53512804e-03 6.37835705e-04 3.95348280e-03 -1.46082861e-03
2.27688855e-02 6.55956513e-03 6.32728276e-04 3.96580253e-03 -1.46264634e-03
2.43388534e-02 6.58401146e-03 6.28466099e-04 3.97856561e-03 -1.46399608e-03
2.59087612e-02 6.60851773e-03 6.25099223e-04 3.99192713e-03 -1.46489147e-03
2.74786051e-02 6.63313772e-03 6.22667828e-04 4.00603968e-03 -1.46535417e-03
2.90483813e-02 6.65792730e-03 6.21201664e-04 4.02105126e-03 -1.46541375e-03
3.06180858e-02 6.68294343e-03 6.20719636e-04 4.03710339e-03 -1.46510735e-03
3.21877148e-02 6.70824319e-03 6.21229526e-04 4.05432918e-03 -1.46447941e-03
3.37572644e-02 6.73388273e-03 6.22727882e-04 4.07285161e-03 -1.46358123e-03
3.53267308e-02 6.75991629e-03 6.25200056e-04 4.09278187e-03 -1.46247052e-03
3.68961100e-02 6.78639521e-03 6.28620420e-04 4.11421785e-03 -1.46121085e-03
3.84653983e-02 6.81336707e-03 6.32952740e-04 4.13724287e-03 -1.45987109e-03
4.00345917e-02 6.84087473e-03 6.38150717e-04 4.16192451e-03 -1.45852477e-03
4.16036863e-02 6.86895565e-03 6.44158691e-04 4.18831368e-03 -1.45724937e-03
4.31726784e-02 6.89764108e-03 6.50912499e-04 4.21644387e-03 -1.45612564e-03
4.47415640e-02 6.92695552e-03 6.58340478e-04 4.24633062e-03 -1.45523679e-03
4.63103392e-02 6.95691616e-03 6.66364603e-04 4.27797120e-03 -1.45466772e-03
4.78790003e-02 6.98753249e-03 6.74901748e-04 4.31134450e-03 -1.45450420e-03
4.94475433e-02 7.01880599e-03 6.83865045e-04 4.34641114e-03 -1.45483197e-03
5.10159643e-02 7.05072996e-03 6.93165334e-04 4.38311378e-03 -1.45573593e-03
5.25842595e-02 7.08328945e-03 7.02712673e-04 4.42137765e-03 -1.45729917e-03
5.41524250e-02 7.11646127e-03 7.12417898e-04 4.46111122e-03 -1.45960214e-03
5.57204570e-02 7.15021419e-03 7.22194192e-04 4.50220712e-03 -1.46272167e-03
5.72883515e-02 7.18450917e-03 7.31958659e-04 4.54454318e-03 -1.46673007e-03
5.88561048e-02 7.21929970e-03 7.41633858e-04 4.58798361e-03 -1.47169423e-03
6.04237129e-02 7.25453229e-03 7.51149288e-04 4.63238038e-03 -1.47767470e-03
6.19911720e-02 7.29014694e-03 7.60442787e-04 4.67757469e-03 -1.48472478e-03
6.35584783e-02 7.32607779e-03 7.69461820e-04 4.72339846e-03 -1.49288963e-03
6.51256278e-02 7.36225375e-03 7.78164648e-04 4.76967609e-03 -1.50220548e-03
6.66926166e-02 7.39859923e-03 7.86521327e-04 4.81622607e-03 -1.51269877e-03
6.82594410e-02 7.43503487e-03 7.94514545e-04 4.86286282e-03 -1.52438537e-03
6.98260971e-02 7.47147833e-03 8.02140258e-04 4.90939842e-03 -1.53726994e-03
7.13925810e-02 7.50784508e-03 8.09408114e-04 4.95564445e-03 -1.55134523e-03
7.29588887e-02 7.54404920e-03 8.16341661e-04 5.00141378e-03 -1.56659152e-03
7.45250166e-02 7.58000418e-03 8.22978315e-04 5.04652230e-03 -1.58297616e-03
7.60909607e-02 7.61562370e-03 8.29369087e-04 5.09079072e-03 -1.60045316e-03
7.76567171e-02 7.65082238e-03 8.35578071e-04 5.13404617e-03 -1.61896296e-03
7.92222820e-02 7.68551654e-03 8.41681687e-04 5.17612386e-03 -1.63843221e-03
8.07876515e-02 7.71962487e-03 8.47767686e-04 5.21686858e-03 -1.65877384e-03
8.23528218e-02 7.75306910e-03 8.53933932e-04 5.25613614e-03 -1.67988709e-03
8.39177890e-02 7.78577464e-03 8.60286962e-04 5.29379469e-03 -1.70165784e-03
8.54825493e-02 7.81767111e-03 8.66940358e-04 5.32972594e-03 -1.72395901e-03
8.70470987e-02 7.84869289e-03 8.74012932e-04 5.36382625e-03 -1.74665115e-03
8.86114334e-02 7.87877962e-03 8.81626771e-04 5.39600760e-03 -1.76958322e-03
9.01755497e-02 7.90787659e-03 8.89905152e-04 5.42619841e-03 -1.79259349e-03
9.17394435e-02 7.93593515e-03 8.98970360e-04 5.45434422e-03 -1.81551066e-03
9.33031111e-02 7.96291310e-03 9.08941462e-04 5.48040825e-03 -1.83815515e-03
9.48665486e-02 7.98877493e-03 9.19932040e-04 5.50437179e-03 -1.86034049e-03
9.64297521e-02 8.01349216e-03 9.32047947e-04 5.52623442e-03 -1.88187494e-03
9.79927178e-02 8.03704352e-03 9.45385113e-04 5.54601415e-03 -1.90256322e-03
9.95554419e-02 8.05941523e-03 9.60027434e-04 5.56374727e-03 -1.92220839e-03
1.01117920e-01 8.08060112e-03 9.76044795e-04 5.57948823e-03 -1.94061384e-03
1.02680150e-01 8.10060283e-03 9.93491249e-04 5.59330920e-03 -1.95758533e-03
1.04242126e-01 8.11942991e-03 1.01240340e-03 5.60529954e-03 -1.97293321e-03
1.05803844e-01 8.13709995e-03 1.03279900e-03 5.61556517e-03 -1.98647457e-03
1.07365302e-01 8.15363866e-03 1.05467583e-03 5.62422772e-03 -1.99803551e-03
1.08926495e-01 8.16907989e-03 1.07801085e-03 5.63142353e-03 -2.00745332e-03
1.10487420e-01 8.18346569e-03 1.10275966e-03 5.63730258e-03 -2.01457866e-03
1.12048072e-01 8.19684626e-03 1.12885627e-03 5.64202724e-03 -2.01927769e-03
1.13608448e-01 8.20927996e-03 1.15621324e-03 5.64577089e-03 -2.02143406e-03
1.15168543e-01 8.22083314e-03 1.18472213e-03 5.64871641e-03 -2.02095071e-03
1.16728355e-01 8.23158005e-03 1.21425431e-03 5.65105463e-03 -2.01775162e-03
1.18287878e-01 8.24160262e-03 1.24466209e-03 5.65298260e-03 -2.01178326e-03
1.19847110e-01 8.25099020e-03 1.27578025e-03 5.65470179e-03 -2.00301577e-03
1.21406047e-01 8.25983922e-03 1.30742773e-03 5.65641630e-03 -1.99144399e-03
1.22964684e-01 8.26825280e-03 1.33940978e-03 5.65833087e-03 -1.97708809e-03
1.24523017e-01 8.27634021e-03 1.37152028e-03 5.66064897e-03 -1.95999391e-03
1.26081044e-01 8.28421634e-03 1.40354427e-03 5.66357083e-03 -1.94023298e-03
1.27638760e-01 8.29200100e-03 1.43526074e-03 5.66729141e-03 -1.91790218e-03
1.29196160e-01 8.29981814e-03 1.46644548e-03 5.67199851e-03 -1.89312299e-03
1.30753243e-01 8.30779499e-03 1.49687416e-03 5.67787080e-03 -1.86604048e-03
1.32310002e-01 8.31606112e-03 1.52632528e-03 5.68507597e-03 -1.83682178e-03
1.33866436e-01 8.32474733e-03 1.55458331e-03 5.69376895e-03 -1.80565438e-03
1.35422539e-01 8.33398454e-03 1.58144163e-03 5.70409026e-03 -1.77274389e-03
1.36978309e-01 8.34390258e-03 1.60670550e-03 5.71616448e-03 -1.73831166e-03
1.38533740e-01 8.35462883e-03 1.63019472e-03 5.73009886e-03 -1.70259195e-03
1.40088830e-01 8.36628694e-03 1.65174625e-03 5.74598212e-03 -1.66582894e-03
1.41643575e-01 8.37899538e-03 1.67121644e-03 5.76388350e-03 -1.62827348e-03
1.43197970e-01 8.39286605e-03 1.68848306e-03 5.78385193e-03 -1.59017969e-03
1.44752012e-01 8.40800285e-03 1.70344690e-03 5.80591557e-03 -1.55180134e-03
1.46305697e-01 8.42450025e-03 1.71603311e-03 5.83008150e-03 -1.51338831e-03
1.47859021e-01 8.44244199e-03 1.72619203e-03 5.85633575e-03 -1.47518288e-03
1.49411981e-01 8.46189974e-03 1.73389964e-03 5.88464357e-03 -1.43741618e-03
1.50964572e-01 8.48293193e-03 1.73915760e-03 5.91495006e-03 -1.40030466e-03
1.52516790e-01 8.50558267e-03 1.74199276e-03 5.94718102e-03 -1.36404681e-03
1.54068633e-01 8.52988085e-03 1.74245632e-03 5.98124414e-03 -1.32882005e-03
1.55620096e-01 8.55583936e-03 1.74062244e-03 6.01703049e-03 -1.29477793e-03
1.57171175e-01 8.58345460e-03 1.73658652e-03 6.05441627e-03 -1.26204773e-03
1.58721866e-01 8.61270617e-03 1.73046304e-03 6.09326483e-03 -1.23072840e-03
1.60272166e-01 8.64355675e-03 1.72238301e-03 6.13342899e-03 -1.20088899e-03
1.61822070e-01 8.67595237e-03 1.71249113e-03 6.17475350e-03 -1.17256762e-03
1.63371576e-01 8.70982286e-03 1.70094266e-03 6.21707780e-03 -1.14577091e-03
1.64920678e-01 8.74508266e-03 1.68790006e-03 6.26023891e-03 -1.12047407e-03
1.66469374e-01 8.78163185e-03 1.67352943e-03 6.30407439e-03 -1.09662152e-03
1.68017660e-01 8.81935756e-03 1.65799690e-03 6.34842550e-03 -1.07412811e-03
1.69565531e-01 8.85813563e-03 1.64146497e-03 6.39314035e-03 -1.05288102e-03
1.71112983e-01 8.89783253e-03 1.62408885e-03 6.43807705e-03 -1.03274216e-03
1.72660014e-01 8.93830762e-03 1.60601295e-03 6.48310681e-03 -1.01355118e-03
1.74206619e-01 8.97941555e-03 1.58736751e-03 6.52811698e-03 -9.95129059e-04
1.75752795e-01 9.02100898e-03 1.56826548e-03 6.57301388e-03 -9.77282115e-04
1.77298536e-01 9.06294139e-03 1.54879976e-03 6.61772549e-03 -9.59806544e-04
1.78843841e-01 9.10507010e-03 1.52904076e-03 6.66220383e-03 -9.42493285e-04
1.80388705e-01 9.14725934e-03 1.50903441e-03 6.70642707e-03 -9.25133227e-04
1.81933124e-01 9.18938337e-03 1.48880066e-03 6.75040128e-03 -9.07522638e-04
1.83477094e-01 9.23132965e-03 1.46833257e-03 6.79416181e-03 -8.89468737e-04
1.85020611e-01 9.27300183e-03 1.44759583e-03 6.83777417e-03 -8.70795325e-04
1.86563673e-01 9.31432279e-03 1.42652902e-03 6.88133454e-03 -8.51348360e-04
1.88106274e-01 9.35523733e-03 1.40504442e-03 6.92496968e-03 -8.31001394e-04
1.89648411e-01 9.39571474e-03 1.38302940e-03 6.96883642e-03 -8.09660750e-04
1.91190081e-01 9.43575105e-03 1.36034847e-03 7.01312054e-03 -7.87270349e-04
1.92731279e-01 9.47537089e-03 1.33684594e-03 7.05803516e-03 -7.63816093e-04
1.94272002e-01 9.51462901e-03 1.31234906e-03 7.10381858e-03 -7.39329685e-04
1.95812245e-01 9.55361130e-03 1.28667182e-03 7.15073159e-03 -7.13891821e-04
1.97352006e-01 9.59243537e-03 1.25961908e-03 7.19905428e-03 -6.87634653e-04
1.98891280e-01 9.63125056e-03 1.23099120e-03 7.24908236e-03 -6.60743467e-04
2.00430064e-01 9.67023742e-03 1.20058906e-03 7.30112306e-03 -6.33457486e-04
2.01968353e-01 9.70960663e-03 1.16821919e-03 7.35549061e-03 -6.06069784e-04
2.03506144e-01 9.74959730e-03 1.13369925e-03 7.41250140e-03 -5.78926240e-04
2.05043433e-01 9.79047474e-03 1.09686353e-03 7.47246888e-03 -5.52423526e-04
2.06580217e-01 9.83252761e-03 1.05756840e-03 7.53569815e-03 -5.27006130e-04
2.08116491e-01 9.87606456e-03 1.01569773e-03 7.60248055e-03 -5.03162398e-04
2.09652252e-01 9.92141028e-03 9.71168083e-04 7.67308807e-03 -4.81419647e-04
2.11187496e-01 9.96890119e-03 9.23933559e-04 7.74776790e-03 -4.62338377e-04
2.12722219e-01 1.00188806e-02 8.73990303e-04 7.82673698e-03 -4.46505639e-04
2.14256418e-01 1.00716934e-02 8.21380465e-04 7.91017680e-03 -4.34527642e-04
2.15790088e-01 1.01276809e-02 7.66195600e-04 7.99822853e-03 -4.27021680e-04
2.17323226e-01 1.01871748e-02 7.08579398e-04 8.09098841e-03 -4.24607494e-04
2.18855828e-01 1.02504916e-02 6.48729670e-04 8.18850375e-03 -4.27898164e-04
2.20387890e-01 1.03179264e-02 5.86899540e-04 8.29076929e-03 -4.37490682e-04
2.21919408e-01 1.03897477e-02 5.23397796e-04 8.39772434e-03 -4.53956330e-04
2.23450380e-01 1.04661909e-02 4.58588338e-04 8.50925047e-03 -4.77831004e-04
2.24980800e-01 1.05474536e-02 3.92888737e-04 8.62517001e-03 -5.09605642e-04
2.26510666e-01 1.06336900e-02 3.26767866e-04 8.74524531e-03 -5.49716902e-04
2.28039973e-01 1.07250066e-02 2.60742623e-04 8.86917880e-03 -5.98538242e-04
2.29568717e-01 1.08214579e-02 1.95373769e-04 8.99661397e-03 -6.56371554e-04
2.31096895e-01 1.09230429e-02 1.31260912e-04 9.12713714e-03 -7.23439500e-04
2.32624504e-01 1.10297024e-02 6.90366955e-05 9.26028018e-03 -7.99878678e-04
2.34151539e-01 1.11413171e-02 9.36024591e-06 9.39552397e-03 -8.85733754e-04
2.35677996e-01 1.12577060e-02 -4.70900224e-05 9.53230284e-03 -9.80952684e-04
2.37203872e-01 1.13786264e-02 -9.96241706e-05 9.67000972e-03 -1.08538311e-03
2.38729163e-01 1.15037745e-02 -1.47548954e-04 9.80800201e-03 -1.19877002e-03
2.40253865e-01 1.16327868e-02 -1.90176384e-04 9.94560823e-03 -1.32075478e-03
2.41777975e-01 1.17652425e-02 -2.26832515e-04 1.00821352e-02 -1.45087550e-03
2.43301489e-01 1.19006670e-02 -2.56866329e-04 1.02168756e-02 -1.58856887e-03
2.44824402e-01 1.20385362e-02 -2.79658580e-04 1.03491164e-02 -1.73317337e-03
2.46346712e-01 1.21782816e-02 -2.94630474e-04 1.04781471e-02 -1.88393395e-03
2.47868414e-01 1.23192961e-02 -3.01252051e-04 1.06032685e-02 -2.04000798e-03
2.49389505e-01 1.24609407e-02 -2.99050131e-04 1.07238011e-02 -2.20047265e-03
2.50909981e-01 1.26025521e-02 -2.87615699e-04 1.08390941e-02 -2.36433349e-03
2.52429838e-01 1.27434501e-02 -2.66610627e-04 1.09485340e-02 -2.53053404e-03
2.53949073e-01 1.28829462e-02 -2.35773593e-04 1.10515524e-02 -2.69796660e-03
2.55467681e-01 1.30203520e-02 -1.94925125e-04 1.11476341e-02 -2.86548377e-03
2.56985659e-01 1.31549883e-02 -1.43971664e-04 1.12363240e-02 -3.03191076e-03
2.58503004e-01 1.32861932e-02 -8.29085862e-05 1.13172342e-02 -3.19605825e-03
2.60019711e-01 1.34133319e-02 -1.18221145e-05 1.13900493e-02 -3.35673561e-03
2.61535776e-01 1.35358041e-02 6.91099115e-05 1.14545313e-02 -3.51276434e-03
2.63051197e-01 1.36530530e-02 1.59618437e-04 1.15105241e-02 -3.66299150e-03
2.64565969e-01 1.37645724e-02 2.59344767e-04 1.15579559e-02 -3.80630294e-03
2.66080089e-01 1.38699139e-02 3.67843310e-04 1.15968411e-02 -3.94163621e-03
2.67593552e-01 1.39686931e-02 4.84585446e-04 1.16272813e-02 -4.06799281e-03
2.69106356e-01 1.40605950e-02 6.08964490e-04 1.16494645e-02 -4.18444976e-03
2.70618495e-01 1.41453784e-02 7.40301667e-04 1.16636636e-02 -4.29017027e-03
2.72129968e-01 1.42228790e-02 8.77853030e-04 1.16702335e-02 -4.38441325e-03
2.73640769e-01 1.42930121e-02 1.02081722e-03 1.16696071e-02 -4.46654171e-03
2.75150895e-01 1.43557731e-02 1.16834397e-03 1.16622902e-02 -4.53602970e-03
2.76660343e-01 1.44112375e-02 1.31954320e-03 1.16488555e-02 -4.59246794e-03
2.78169109e-01 1.44595597e-02 1.47349462e-03 1.16299350e-02 -4.63556783e-03
2.79677188e-01 1.45009701e-02 1.62925766e-03 1.16062127e-02 -4.66516386e-03
2.81184578e-01 1.45357713e-02 1.78588162e-03 1.15784150e-02 -4.68121450e-03
2.82691274e-01 1.45643333e-02 1.94241587e-03 1.15473020e-02 -4.68380135e-03
2.84197274e-01 1.45870873e-02 2.09791994e-03 1.15136570e-02 -4.67312670e-03
2.85702572e-01 1.46045186e-02 2.25147343e-03 1.14782761e-02 -4.64950961e-03
2.87207166e-01 1.46171589e-02 2.40218547e-03 1.14419579e-02 -4.61338029e-03
2.88711051e-01 1.46255774e-02 2.54920376e-03 1.14054926e-02 -4.56527325e-03
2.90214224e-01 1.46303716e-02 2.69172291e-03 1.13696515e-02 -4.50581899e-03
2.91716682e-01 1.46321575e-02 2.82899205e-03 1.13351764e-02 -4.43573462e-03
2.93218420e-01 1.46315593e-02 2.96032166e-03 1.13027698e-02 -4.35581331e-03
2.94719436e-01 1.46291993e-02 3.08508932e-03 1.12730853e-02 -4.26691301e-03
2.96219724e-01 1.46256878e-02 3.20274465e-03 1.12467187e-02 -4.16994439e-03
2.97719282e-01 1.46216127e-02 3.31281302e-03 1.12242005e-02 -4.06585826e-03
2.99218105e-01 1.46175298e-02 3.41489826e-03 1.12059883e-02 -3.95563272e-03
3.00716191e-01 1.46139540e-02 3.50868423e-03 1.11924615e-02 -3.84026020e-03
3.02213535e-01 1.46113505e-02 3.59393531e-03 1.11839157e-02 -3.72073450e-03
3.03710134e-01 1.46101273e-02 3.67049568e-03 1.11805600e-02 -3.59803823e-03
3.05205983e-01 1.46106284e-02 3.73828773e-03 1.11825142e-02 -3.47313058e-03
3.06701080e-01 1.46131286e-02 3.79730925e-03 1.11898083e-02 -3.34693582e-03
3.08195421e-01 1.46178287e-02 3.84762985e-03 1.12023827e-02 -3.22033264e-03
3.09689002e-01 1.46248530e-02 3.88938638e-03 1.12200900e-02 -3.09414435e-03
3.11181819e-01 1.46342474e-02 3.92277772e-03 1.12426986e-02 -2.96913027e-03
3.12673868e-01 1.46459790e-02 3.94805877e-03 1.12698970e-02 -2.84597836e-03
3.14165146e-01 1.46599378e-02 3.96553402e-03 1.13012997e-02 -2.72529906e-03
3.15655650e-01 1.46759391e-02 3.97555058e-03 1.13364541e-02 -2.60762064e-03
3.17145375e-01 1.46937274e-02 3.97849102e-03 1.13748484e-02 -2.49338590e-03
3.18634318e-01 1.47129821e-02 3.97476591e-03 1.14159211e-02 -2.38295042e-03
3.20122475e-01 1.47333241e-02 3.96480648e-03 1.14590707e-02 -2.27658219e-03
3.21609843e-01 1.47543239e-02 3.94905719e-03 1.15036659e-02 -2.17446277e-03
3.23096417e-01 1.47755102e-02 3.92796865e-03 1.15490574e-02 -2.07668976e-03
3.24582195e-01 1.47963799e-02 3.90199077e-03 1.15945887e-02 -1.98328068e-03
3.26067172e-01 1.48164089e-02 3.87156636e-03 1.16396084e-02 -1.89417802e-03
3.27551345e-01 1.48350635e-02 3.83712526e-03 1.16834813e-02 -1.80925545e-03
3.29034710e-01 1.48518116e-02 3.79907908e-03 1.17256008e-02 -1.72832505e-03
3.30517264e-01 1.48661349e-02 3.75781663e-03 1.17653993e-02 -1.65114532e-03
3.31999003e-01 1.48775408e-02 3.71370003e-03 1.18023593e-02 -1.57742996e-03
3.33479923e-01 1.48855742e-02 3.66706166e-03 1.18360238e-02 -1.50685714e-03
3.34960021e-01 1.48898287e-02 3.61820189e-03 1.18660050e-02 -1.43907919e-03
3.36439292e-01 1.48899577e-02 3.56738762e-03 1.18919929e-02 -1.37373237e-03
3.37917734e-01 1.48856840e-02 3.51485164e-03 1.19137625e-02 -1.31044679e-03
3.39395342e-01 1.48768093e-02 3.46079275e-03 1.19311796e-02 -1.24885605e-03
3.40872114e-01 1.48632220e-02 3.40537669e-03 1.19442056e-02 -1.18860658e-03
3.42348044e-01 1.48449043e-02 3.34873774e-03 1.19529008e-02 -1.12936656e-03
3.43823131e-01 1.48219368e-02 3.29098093e-03 1.19574261e-02 -1.07083409e-03
3.45297369e-01 1.47945031e-02 3.23218489e-03 1.19580433e-02 -1.01274466e-03
3.46770756e-01 1.47628920e-02 3.17240515e-03 1.19551141e-02 -9.54877727e-04
3.48243288e-01 1.47274975e-02 3.11167788e-03 1.19490972e-02 -8.97062249e-04
3.49714961e-01 1.46888187e-02 3.05002385e-03 1.19405441e-02 -8.39181187e-04
3.51185772e-01 1.46474565e-02 2.98745271e-03 1.19300941e-02 -7.81174848e-04
3.52655716e-01 1.46041093e-02 2.92396729e-03 1.19184665e-02 -7.23043049e-04
3.54124791e-01 1.45595672e-02 2.85956796e-03 1.19064532e-02 -6.64846078e-04
3.55592992e-01 1.45147042e-02 2.79425688e-03 1.18949089e-02 -6.06704464e-04
3.57060317e-01 1.44704693e-02 2.72804206e-03 1.18847410e-02 -5.48797558e-04
3.58526760e-01 1.44278764e-02 2.66094113e-03 1.18768983e-02 -4.91360988e-04
3.59992320e-01 1.43879923e-02 2.59298483e-03 1.18723592e-02 -4.34683046e-04
3.61456992e-01 1.43519246e-02 2.52422001e-03 1.18721190e-02 -3.79100075e-04
3.62920772e-01 1.43208079e-02 2.45471214e-03 1.18771772e-02 -3.24990972e-04
3.64383658e-01 1.42957899e-02 2.38454737e-03 1.18885247e-02 -2.72770905e-04
3.65845645e-01 1.42780168e-02 2.31383391e-03 1.19071301e-02 -2.22884368e-04
3.67306729e-01 1.42686187e-02 2.24270291e-03 1.19339274e-02 -1.75797711e-04
3.68766908e-01 1.42686944e-02 2.17130868e-03 1.19698031e-02 -1.31991284e-04
3.70226177e-01 1.42792970e-02 2.09982835e-03 1.20155845e-02 -9.19513376e-05
3.71684534e-01 1.43014197e-02 2.02846093e-03 1.20720281e-02 -5.61618181e-05
3.73141973e-01 1.43359821e-02 1.95742577e-03 1.21398090e-02 -2.50962207e-05
3.74598493e-01 1.43838171e-02 1.88696060e-03 1.22195119e-02 7.90376276e-07
3.76054088e-01 1.44456597e-02 1.81731900e-03 1.23116222e-02 2.10689522e-05
3.77508756e-01 1.45221357e-02 1.74876752e-03 1.24165194e-02 3.53437333e-05
3.78962493e-01 1.46137528e-02 1.68158245e-03 1.25344706e-02 4.32588158e-05
3.80415296e-01 1.47208925e-02 1.61604630e-03 1.26656269e-02 4.45041171e-05
3.81867160e-01 1.48438040e-02 1.55244411e-03 1.28100200e-02 3.88205650e-05
3.83318083e-01 1.49825996e-02 1.49105967e-03 1.29675608e-02 2.60044512e-05
3.84768060e-01 1.51372516e-02 1.43217165e-03 1.31380396e-02 5.91088856e-06
3.86217089e-01 1.53075914e-02 1.37604985e-03 1.33211278e-02 -2.15436681e-05
3.87665165e-01 1.54933102e-02 1.32295156e-03 1.35163809e-02 -5.63798619e-05
3.89112285e-01 1.56939615e-02 1.27311811e-03 1.37232428e-02 -9.85548409e-05
3.90558445e-01 1.59089651e-02 1.22677176e-03 1.39410520e-02 -1.47962623e-04
3.92003642e-01 1.61376133e-02 1.18411286e-03 1.41690487e-02 -2.04435387e-04
3.93447872e-01 1.63790781e-02 1.14531746e-03 1.44063829e-02 -2.67745656e-04
3.94891132e-01 1.66324203e-02 1.11053535e-03 1.46521242e-02 -3.37609302e-04
3.96333418e-01 1.68965999e-02 1.07988857e-03 1.49052716e-02 -4.13689310e-04
3.97774727e-01 1.71704874e-02 1.05347043e-03 1.51647649e-02 -4.95600226e-04
3.99215055e-01 1.74528762e-02 1.03134506e-03 1.54294966e-02 -5.82913172e-04
4.00654398e-01 1.77424963e-02 1.01354745e-03 1.56983234e-02 -6.75161358e-04
4.02092753e-01 1.80380284e-02 1.00008399e-03 1.59700793e-02 -7.71845969e-04
4.03530117e-01 1.83381180e-02 9.90933561e-04 1.62435882e-02 -8.72442313e-04
4.04966485e-01 1.86413904e-02 9.86049008e-04 1.65176760e-02 -9.76406141e-04
4.06401855e-01 1.89464657e-02 9.85359051e-04 1.67911834e-02 -1.08318000e-03
4.07836222e-01 1.92519731e-02 9.88770565e-04 1.70629778e-02 -1.19219955e-03
4.09269584e-01 1.95565659e-02 9.96171159e-04 1.73319646e-02 -1.30289968e-03
4.10701936e-01 1.98589347e-02 1.00743200e-03 1.75970987e-02 -1.41472043e-03
4.12133276e-01 2.01578211e-02 1.02241078e-03 1.78573939e-02 -1.52711251e-03
4.13563599e-01 2.04520298e-02 1.04095486e-03 1.81119327e-02 -1.63954245e-03
4.14992902e-01 2.07404402e-02 1.06290433e-03 1.83598741e-02 -1.75149720e-03
4.16421181e-01 2.10220160e-02 1.08809512e-03 1.86004609e-02 -1.86248825e-03
4.17848434e-01 2.12958150e-02 1.11636194e-03 1.88330258e-02 -1.97205515e-03
4.19274656e-01 2.15609961e-02 1.14754104e-03 1.90569963e-02 -2.07976836e-03
4.20699844e-01 2.18168258e-02 1.18147275e-03 1.92718977e-02 -2.18523157e-03
4.22123995e-01 2.20626830e-02 1.21800367e-03 1.94773560e-02 -2.28808330e-03
4.23547105e-01 2.22980622e-02 1.25698856e-03 1.96730988e-02 -2.38799789e-03
4.24969170e-01 2.25225753e-02 1.29829176e-03 1.98589548e-02 -2.48468595e-03
4.26390187e-01 2.27359521e-02 1.34178824e-03 2.00348528e-02 -2.57789415e-03
4.27810152e-01 2.29380391e-02 1.38736421e-03 2.02008188e-02 -2.66740454e-03
4.29229063e-01 2.31287970e-02 1.43491722e-03 2.03569725e-02 -2.75303335e-03
4.30646915e-01 2.33082969e-02 1.48435586e-03 2.05035227e-02 -2.83462944e-03
4.32063705e-01 2.34767155e-02 1.53559896e-03 2.06407616e-02 -2.91207231e-03
4.33479429e-01 2.36343288e-02 1.58857444e-03 2.07690583e-02 -2.98526989e-03
4.34894084e-01 2.37815049e-02 1.64321770e-03 2.08888517e-02 -3.05415609e-03
4.36307667e-01 2.39186964e-02 1.69946972e-03 2.10006429e-02 -3.11868819e-03
4.37720174e-01 2.40464312e-02 1.75727484e-03 2.11049868e-02 -3.17884420e-03
4.39131601e-01 2.41653037e-02 1.81657833e-03 2.12024835e-02 -3.23462022e-03
4.40541946e-01 2.42759647e-02 1.87732376e-03 2.12937695e-02 -3.28602782e-03
4.41951203e-01 2.43791113e-02 1.93945030e-03 2.13795089e-02 -3.33309157e-03
4.43359371e-01 2.44754770e-02 2.00289000e-03 2.14603840e-02 -3.37584680e-03
4.44766446e-01 2.45658213e-02 2.06756510e-03 2.15370872e-02 -3.41433752e-03
4.46172424e-01 2.46509196e-02 2.13338549e-03 2.16103118e-02 -3.44861461e-03
4.47577301e-01 2.47315533e-02 2.20024636e-03 2.16807442e-02 -3.47873440e-03
4.48981074e-01 2.48085004e-02 2.26802611e-03 2.17490556e-02 -3.50475742e-03
4.50383741e-01 2.48825266e-02 2.33658466e-03 2.18158955e-02 -3.52674763e-03
4.51785296e-01 2.49543767e-02 2.40576207e-03 2.18818842e-02 -3.54477186e-03
4.53185738e-01 2.50247669e-02 2.47537767e-03 2.19476076e-02 -3.55889964e-03
4.54585061e-01 2.50943781e-02 2.54522967e-03 2.20136113e-02 -3.56920331e-03
4.55983264e-01 2.51638493e-02 2.61509526e-03 2.20803964e-02 -3.57575841e-03
4.57380342e-01 2.52337725e-02 2.68473133e-03 2.21484159e-02 -3.57864434e-03
4.58776292e-01 2.53046881e-02 2.75387567e-03 2.22180716e-02 -3.57794517e-03
4.60171111e-01 2.53770816e-02 2.82224874e-03 2.22897119e-02 -3.57375067e-03
4.61564795e-01 2.54513807e-02 2.88955605e-03 2.23636312e-02 -3.56615742e-03
4.62957340e-01 2.55279537e-02 2.95549094e-03 2.24400684e-02 -3.55526999e-03
4.64348744e-01 2.56071084e-02 3.01973790e-03 2.25192081e-02 -3.54120209e-03
4.65739003e-01 2.56890922e-02 3.08197636e-03 2.26011811e-02 -3.52407776e-03
4.67128113e-01 2.57740928e-02 3.14188473e-03 2.26860665e-02 -3.50403231e-03
4.68516071e-01 2.58622397e-02 3.19914488e-03 2.27738933e-02 -3.48121329e-03
4.69902874e-01 2.59536063e-02 3.25344672e-03 2.28646442e-02 -3.45578109e-03
4.71288518e-01 2.60482126e-02 3.30449297e-03 2.29582583e-02 -3.42790939e-03
4.72672999e-01 2.61460286e-02 3.35200404e-03 2.30546350e-02 -3.39778532e-03
4.74056315e-01 2.62469781e-02 3.39572276e-03 2.31536386e-02 -3.36560931e-03
4.75438462e-01 2.63509426e-02 3.43541909e-03 2.32551023e-02 -3.33159458e-03
4.76819436e-01 2.64577661e-02 3.47089450e-03 2.33588327e-02 -3.29596632e-03
4.78199234e-01 2.65672596e-02 3.50198612e-03 2.34646152e-02 -3.25896053e-03
4.79577853e-01 2.66792059e-02 3.52857046e-03 2.35722183e-02 -3.22082249e-03
4.80955289e-01 2.67933646e-02 3.55056663e-03 2.36813986e-02 -3.18180493e-03
4.82331539e-01 2.69094771e-02 3.56793902e-03 2.37919055e-02 -3.14216585e-03
4.83706600e-01 2.70272712e-02 3.58069937e-03 2.39034858e-02 -3.10216611e-03
4.85080468e-01 2.71464665e-02 3.58890810e-03 2.40158882e-02 -3.06206678e-03
4.86453139e-01 2.72667781e-02 3.59267502e-03 2.41288674e-02 -3.02212624e-03
4.87824611e-01 2.73879218e-02 3.59215919e-03 2.42421879e-02 -2.98259722e-03
4.89194880e-01 2.75096178e-02 3.58756805e-03 2.43556275e-02 -2.94372369e-03
4.90563942e-01 2.76315948e-02 3.57915576e-03 2.44689808e-02 -2.90573772e-03
4.91931794e-01 2.77535932e-02 3.56722080e-03 2.45820618e-02 -2.86885644e-03
4.93298434e-01 2.78753690e-02 3.55210275e-03 2.46947060e-02 -2.83327907e-03
4.94663856e-01 2.79966956e-02 3.53417847e-03 2.48067730e-02 -2.79918404e-03
4.96028059e-01 2.81173675e-02 3.51385749e-03 2.49181477e-02 -2.76672645e-03
4.97391039e-01 2.82372017e-02 3.49157690e-03 2.50287416e-02 -2.73603577e-03
4.98752791e-01 2.83560395e-02 3.46779565e-03 2.51384936e-02 -2.70721382e-03
5.00113314e-01 2.84737485e-02 3.44298846e-03 2.52473702e-02 -2.68033325e-03
5.01472604e-01 2.85902232e-02 3.41763933e-03 2.53553660e-02 -2.65543633e-03
5.02830656e-01 2.87053862e-02 3.39223482e-03 2.54625027e-02 -2.63253434e-03
5.04187469e-01 2.88191883e-02 3.36725719e-03 2.55688293e-02 -2.61160734e-03
5.05543038e-01 2.89316092e-02 3.34317749e-03 2.56744203e-02 -2.59260450e-03
5.06897361e-01 2.90426569e-02 3.32044872e-03 2.57793752e-02 -2.57544496e-03
5.08250433e-01 2.91523681e-02 3.29949921e-03 2.58838168e-02 -2.56001922e-03
5.09602252e-01 2.92608071e-02 3.28072624e-03 2.59878893e-02 -2.54619099e-03
5.10952815e-01 2.93680653e-02 3.26449011e-03 2.60917572e-02 -2.53379959e-03
5.12302117e-01 2.94742603e-02 3.25110867e-03 2.61956026e-02 -2.52266274e-03
5.13650155e-01 2.95795348e-02 3.24085246e-03 2.62996239e-02 -2.51257984e-03
5.14996927e-01 2.96840556e-02 3.23394053e-03 2.64040331e-02 -2.50333558e-03
5.16342429e-01 2.97880119e-02 3.23053701e-03 2.65090540e-02 -2.49470385e-03
5.17686658e-01 2.98916138e-02 3.23074844e-03 2.66149197e-02 -2.48645194e-03
5.19029610e-01 2.99950911e-02 3.23462202e-03 2.67218710e-02 -2.47834490e-03
5.20371281e-01 3.00986913e-02 3.24214473e-03 2.68301534e-02 -2.47015000e-03
5.21711670e-01 3.02026777e-02 3.25324334e-03 2.69400160e-02 -2.46164122e-03
5.23050772e-01 3.03073277e-02 3.26778532e-03 2.70517084e-02 -2.45260376e-03
5.24388584e-01 3.04129311e-02 3.28558076e-03 2.71654795e-02 -2.44283833e-03
5.25725102e-01 3.05197872e-02 3.30638501e-03 2.72815752e-02 -2.43216530e-03
5.27060325e-01 3.06282036e-02 3.32990232e-03 2.74002366e-02 -2.42042859e-03
5.28394247e-01 3.07384934e-02 3.35579017e-03 2.75216983e-02 -2.40749916e-03
5.29726866e-01 3.08509733e-02 3.38366438e-03 2.76461869e-02 -2.39327815e-03
5.31058179e-01 3.09659609e-02 3.41310483e-03 2.77739192e-02 -2.37769949e-03
5.32388182e-01 3.10837728e-02 3.44366181e-03 2.79051008e-02 -2.36073207e-03
5.33716872e-01 3.12047218e-02 3.47486280e-03 2.80399247e-02 -2.34238128e-03
5.35044246e-01 3.13291145e-02 3.50621956e-03 2.81785705e-02 -2.32268999e-03
5.36370301e-01 3.14572490e-02 3.53723566e-03 2.83212023e-02 -2.30173887e-03
5.37695032e-01 3.15894122e-02 3.56741392e-03 2.84679685e-02 -2.27964615e-03
5.39018438e-01 3.17258774e-02 3.59626411e-03 2.86190005e-02 -2.25656667e-03
5.40340514e-01 3.18669019e-02 3.62331039e-03 2.87744115e-02 -2.23269032e-03
5.41661258e-01 3.20127245e-02 3.64809869e-03 2.89342960e-02 -2.20823992e-03
5.42980666e-01 3.21635630e-02 3.67020368e-03 2.90987292e-02 -2.18346842e-03
5.44298735e-01 3.23196120e-02 3.68923543e-03 2.92677658e-02 -2.15865567e-03
5.45615461e-01 3.24810409e-02 3.70484550e-03 2.94414402e-02 -2.13410457e-03
5.46930842e-01 3.26479915e-02 3.71673242e-03 2.96197654e-02 -2.11013690e-03
5.48244874e-01 3.28205765e-02 3.72464657e-03 2.98027328e-02 -2.08708867e-03
5.49557555e-01 3.29988773e-02 3.72839425e-03 2.99903123e-02 -2.06530523e-03
5.50868879e-01 3.31829432e-02 3.72784092e-03 3.01824518e-02 -2.04513611e-03
5.52178845e-01 3.33727895e-02 3.72291370e-03 3.03790772e-02 -2.02692971e-03
5.53487450e-01 3.35683970e-02 3.71360286e-03 3.05800926e-02 -2.01102795e-03
5.54794689e-01 3.37697110e-02 3.69996245e-03 3.07853809e-02 -1.99776089e-03
5.56100561e-01 3.39766415e-02 3.68211009e-03 3.09948034e-02 -1.98744144e-03
5.57405060e-01 3.41890625e-02 3.66022570e-03 3.12082013e-02 -1.98036029e-03
5.58708186e-01 3.44068129e-02 3.63454951e-03 3.14253956e-02 -1.97678110e-03
5.60009933e-01 3.46296971e-02 3.60537909e-03 3.16461888e-02 -1.97693591e-03
5.61310299e-01 3.48574860e-02 3.57306568e-03 3.18703653e-02 -1.98102114e-03
5.62609281e-01 3.50899187e-02 3.53800966e-03 3.20976931e-02 -1.98919386e-03
5.63906875e-01 3.53267046e-02 3.50065542e-03 3.23279252e-02 -2.00156876e-03
5.65203079e-01 3.55675251e-02 3.46148560e-03 3.25608013e-02 -2.01821555e-03
5.66497889e-01 3.58120368e-02 3.42101480e-03 3.27960494e-02 -2.03915706e-03
5.67791302e-01 3.60598747e-02 3.37978280e-03 3.30333882e-02 -2.06436796e-03
5.69083314e-01 3.63106548e-02 3.33834759e-03 3.32725292e-02 -2.09377415e-03
5.70373923e-01 3.65639788e-02 3.29727798e-03 3.35131790e-02 -2.12725280e-03
5.71663126e-01 3.68194373e-02 3.25714620e-03 3.37550419e-02 -2.16463309e-03
5.72950918e-01 3.70766143e-02 3.21852040e-03 3.39978224e-02 -2.20569766e-03
5.74237298e-01 3.73350919e-02 3.18195725e-03 3.42412286e-02 -2.25018459e-03
5.75522261e-01 3.75944543e-02 3.14799467e-03 3.44849742e-02 -2.29779013e-03
5.76805805e-01 3.78542930e-02 3.11714484e-03 3.47287821e-02 -2.34817192e-03
5.78087927e-01 3.81142111e-02 3.08988760e-03 3.49723871e-02 -2.40095282e-03
5.79368623e-01 3.83738285e-02 3.06666414e-03 3.52155390e-02 -2.45572511e-03
5.80647890e-01 3.86327859e-02 3.04787144e-03 3.54580054e-02 -2.51205524e-03
5.81925725e-01 3.88907499e-02 3.03385704e-03 3.56995745e-02 -2.56948885e-03
5.83202125e-01 3.91474168e-02 3.02491466e-03 3.59400583e-02 -2.62755609e-03
5.84477087e-01 3.94025171e-02 3.02128038e-03 3.61792944e-02 -2.68577717e-03
5.85750607e-01 3.96558188e-02 3.02312966e-03 3.64171495e-02 -2.74366801e-03
5.87022683e-01 3.99071314e-02 3.03057505e-03 3.66535204e-02 -2.80074597e-03
5.88293311e-01 4.01563080e-02 3.04366477e-03 3.68883370e-02 -2.85653556e-03
5.89562488e-01 4.04032484e-02 3.06238202e-03 3.71215633e-02 -2.91057402e-03
5.90830212e-01 4.06479011e-02 3.08664516e-03 3.73531988e-02 -2.96241674e-03
5.92096478e-01 4.08902643e-02 3.11630870e-03 3.75832797e-02 -3.01164249e-03
5.93361284e-01 4.11303871e-02 3.15116498e-03 3.78118792e-02 -3.05785821e-03
5.94624627e-01 4.13683694e-02 3.19094674e-03 3.80391078e-02 -3.10070356e-03
5.95886503e-01 4.16043619e-02 3.23533028e-03 3.82651132e-02 -3.13985497e-03
5.97146909e-01 4.18385648e-02 3.28393939e-03 3.84900792e-02 -3.17502923e-03
5.98405843e-01 4.20712263e-02 3.33634984e-03 3.87142248e-02 -3.20598653e-03
5.99663302e-01 4.23026400e-02 3.39209448e-03 3.89378027e-02 -3.23253299e-03
6.00919281e-01 4.25331424e-02 3.45066883e-03 3.91610970e-02 -3.25452261e-03
6.02173778e-01 4.27631090e-02 3.51153709e-03 3.93844210e-02 -3.27185854e-03
6.03426791e-01 4.29929507e-02 3.57413850e-03 3.96081140e-02 -3.28449383e-03
6.04678315e-01 4.32231087e-02 3.63789404e-03 3.98325384e-02 -3.29243153e-03
6.05928348e-01 4.34540498e-02 3.70221328e-03 4.00580755e-02 -3.29572417e-03
6.07176887e-01 4.36862609e-02 3.76650135e-03 4.02851220e-02 -3.29447267e-03
6.08423928e-01 4.39202428e-02 3.83016602e-03 4.05140854e-02 -3.28882467e-03
6.09669468e-01 4.41565047e-02 3.89262470e-03 4.07453796e-02 -3.27897229e-03
6.10913506e-01 4.43955571e-02 3.95331130e-03 4.09794199e-02 -3.26514940e-03
6.12156036e-01 4.46379059e-02 4.01168296e-03 4.12166182e-02 -3.24762846e-03
6.13397057e-01 4.48840457e-02 4.06722651e-03 4.14573780e-02 -3.22671682e-03
6.14636565e-01 4.51344527e-02 4.11946450e-03 4.17020894e-02 -3.20275277e-03
6.15874558e-01 4.53895791e-02 4.16796097e-03 4.19511237e-02 -3.17610121e-03
6.17111031e-01 4.56498460e-02 4.21232664e-03 4.22048289e-02 -3.14714903e-03
6.18345983e-01 4.59156380e-02 4.25222362e-03 4.24635244e-02 -3.11630034e-03
6.19579410e-01 4.61872969e-02 4.28736958e-03 4.27274967e-02 -3.08397153e-03
6.20811308e-01 4.64651169e-02 4.31754120e-03 4.29969952e-02 -3.05058621e-03
6.22041676e-01 4.67493395e-02 4.34257706e-03 4.32722276e-02 -3.01657022e-03
6.23270509e-01 4.70401494e-02 4.36237977e-03 4.35533569e-02 -2.98234658e-03
6.24497806e-01 4.73376709e-02 4.37691742e-03 4.38404980e-02 -2.94833058e-03
6.25723562e-01 4.76419646e-02 4.38622429e-03 4.41337152e-02 -2.91492505e-03
6.26947776e-01 4.79530259e-02 4.39040075e-03 4.44330196e-02 -2.88251581e-03
6.28170443e-01 4.82707827e-02 4.38961252e-03 4.47383683e-02 -2.85146735e-03
6.29391561e-01 4.85950954e-02 4.38408908e-03 4.50496630e-02 -2.82211892e-03
6.30611126e-01 4.89257569e-02 4.37412140e-03 4.53667499e-02 -2.79478084e-03
6.31829137e-01 4.92624932e-02 4.36005894e-03 4.56894203e-02 -2.76973128e-03
6.33045589e-01 4.96049661e-02 4.34230600e-03 4.60174113e-02 -2.74721345e-03
6.34260480e-01 4.99527751e-02 4.32131736e-03 4.63504080e-02 -2.72743326e-03
6.35473807e-01 5.03054613e-02 4.29759335e-03 4.66880459e-02 -2.71055734e-03
6.36685567e-01 5.06625116e-02 4.27167437e-03 4.70299139e-02 -2.69671171e-03
6.37895757e-01 5.10233639e-02 4.24413489e-03 4.73755581e-02 -2.68598082e-03
6.39104373e-01 5.13874126e-02 4.21557703e-03 4.77244863e-02 -2.67840713e-03
6.40311414e-01 5.17540152e-02 4.18662371e-03 4.80761730e-02 -2.67399120e-03
6.41516875e-01 5.21224993e-02 4.15791160e-03 4.84300647e-02 -2.67269228e-03
6.42720754e-01 5.24921700e-02 4.13008374e-03 4.87855860e-02 -2.67442930e-03
6.43923048e-01 5.28623178e-02 4.10378213e-03 4.91421461e-02 -2.67908242e-03
6.45123754e-01 5.32322271e-02 4.07964012e-03 4.94991452e-02 -2.68649497e-03
6.46322869e-01 5.36011844e-02 4.05827496e-03 4.98559818e-02 -2.69647577e-03
6.47520390e-01 5.39684871e-02 4.04028039e-03 5.02120596e-02 -2.70880185e-03
6.48716314e-01 5.43334521e-02 4.02621943e-03 5.05667949e-02 -2.72322153e-03
6.49910639e-01 5.46954246e-02 4.01661746e-03 5.09196238e-02 -2.73945773e-03
6.51103360e-01 5.50537862e-02 4.01195570e-03 5.12700093e-02 -2.75721161e-03
6.52294476e-01 5.54079634e-02 4.01266505e-03 5.16174486e-02 -2.77616635e-03
6.53483983e-01 5.57574352e-02 4.01912058e-03 5.19614795e-02 -2.79599115e-03
6.54671879e-01 5.61017404e-02 4.03163649e-03 5.23016873e-02 -2.81634526e-03
6.55858160e-01 5.64404843e-02 4.05046182e-03 5.26377101e-02 -2.83688219e-03
6.57042824e-01 5.67733448e-02 4.07577686e-03 5.29692450e-02 -2.85725379e-03
6.58225867e-01 5.71000774e-02 4.10769030e-03 5.32960524e-02 -2.87711443e-03
6.59407287e-01 5.74205198e-02 4.14623729e-03 5.36179607e-02 -2.89612497e-03
6.60587080e-01 5.77345956e-02 4.19137824e-03 5.39348693e-02 -2.91395671e-03
6.61765245e-01 5.80423162e-02 4.24299861e-03 5.42467518e-02 -2.93029510e-03
6.62941778e-01 5.83437828e-02 4.30090951e-03 5.45536575e-02 -2.94484321e-03
6.64116675e-01 5.86391869e-02 4.36484928e-03 5.48557127e-02 -2.95732505e-03
6.65289935e-01 5.89288090e-02 4.43448588e-03 5.51531206e-02 -2.96748846e-03
6.66461554e-01 5.92130177e-02 4.50942025e-03 5.54461607e-02 -2.97510783e-03
6.67631530e-01 5.94922662e-02 4.58919042e-03 5.57351869e-02 -2.97998634e-03
6.68799859e-01 5.97670887e-02 4.67327650e-03 5.60206249e-02 -2.98195793e-03
6.69966538e-01 6.00380953e-02 4.76110642e-03 5.63029689e-02 -2.98088883e-03
6.71131566e-01 6.03059662e-02 4.85206230e-03 5.65827770e-02 -2.97667878e-03
6.72294938e-01 6.05714446e-02 4.94548751e-03 5.68606657e-02 -2.96926173e-03
6.73456652e-01 6.08353290e-02 5.04069425e-03 5.71373048e-02 -2.95860628e-03
6.74616706e-01 6.10984649e-02 5.13697156e-03 5.74134094e-02 -2.94471563e-03
6.75775095e-01 6.13617349e-02 5.23359373e-03 5.76897339e-02 -2.92762720e-03
6.76931818e-01 6.16260496e-02 5.32982892e-03 5.79670630e-02 -2.90741188e-03
6.78086872e-01 6.18923366e-02 5.42494794e-03 5.82462038e-02 -2.88417296e-03
6.79240254e-01 6.21615304e-02 5.51823309e-03 5.85279771e-02 -2.85804467e-03
6.80391960e-01 6.24345611e-02 5.60898688e-03 5.88132081e-02 -2.82919055e-03
6.81541988e-01 6.27123434e-02 5.69654059e-03 5.91027174e-02 -2.79780143e-03
6.82690336e-01 6.29957661e-02 5.78026251e-03 5.93973116e-02 -2.76409331e-03
6.83837000e-01 6.32856809e-02 5.85956580e-03 5.96977742e-02 -2.72830500e-03
6.84981977e-01 6.35828920e-02 5.93391578e-03 6.00048566e-02 -2.69069559e-03
6.86125265e-01 6.38881464e-02 6.00283665e-03 6.03192692e-02 -2.65154189e-03
6.87266861e-01 6.42021246e-02 6.06591747e-03 6.06416733e-02 -2.61113573e-03
6.88406763e-01 6.45254315e-02 6.12281734e-03 6.09726732e-02 -2.56978125e-03
6.89544966e-01 6.48585891e-02 6.17326976e-03 6.13128086e-02 -2.52779227e-03
6.90681469e-01 6.52020296e-02 6.21708597e-03 6.16625489e-02 -2.48548960e-03
6.91816268e-01 6.55560894e-02 6.25415738e-03 6.20222867e-02 -2.44319850e-03
6.92949362e-01 6.59210048e-02 6.28445696e-03 6.23923333e-02 -2.40124624e-03
6.94080746e-01 6.62969085e-02 6.30803949e-03 6.27729147e-02 -2.35995975e-03
6.95210419e-01 6.66838277e-02 6.32504089e-03 6.31641688e-02 -2.31966353e-03
6.96338377e-01 6.70816831e-02 6.33567636e-03 6.35661433e-02 -2.28067760e-03
6.97464618e-01 6.74902895e-02 6.34023752e-03 6.39787951e-02 -2.24331576e-03
6.98589139e-01 6.79093582e-02 6.33908858e-03 6.44019903e-02 -2.20788398e-03
6.99711937e-01 6.83384998e-02 6.33266142e-03 6.48355061e-02 -2.17467900e-03
7.00833010e-01 6.87772293e-02 6.32144985e-03 6.52790324e-02 -2.14398714e-03
7.01952354e-01 6.92249718e-02 6.30600301e-03 6.57321762e-02 -2.11608330e-03
7.03069967e-01 6.96810700e-02 6.28691796e-03 6.61944655e-02 -2.09123010e-03
7.04185846e-01 7.01447921e-02 6.26483166e-03 6.66653550e-02 -2.06967728e-03
7.05299989e-01 7.06153417e-02 6.24041232e-03 6.71442329e-02 -2.05166111e-03
7.06412392e-01 7.10918677e-02 6.21435035e-03 6.76304273e-02 -2.03740402e-03
7.07523053e-01 7.15734761e-02 6.18734893e-03 6.81232151e-02 -2.02711430e-03
7.08631969e-01 7.20592410e-02 6.16011442e-03 6.86218301e-02 -2.02098583e-03
7.09739137e-01 7.25482178e-02 6.13334657e-03 6.91254722e-02 -2.01919789e-03
7.10844555e-01 7.30394558e-02 6.10772893e-03 6.96333176e-02 -2.02191496e-03
7.11948220e-01 7.35320109e-02 6.08391932e-03 7.01445281e-02 -2.02928649e-03
7.13050130e-01 7.40249589e-02 6.06254058e-03 7.06582617e-02 -2.04144662e-03
7.14150280e-01 7.45174087e-02 6.04417185e-03 7.11736827e-02 -2.05851386e-03
7.15248670e-01 7.50085146e-02 6.02934031e-03 7.16899718e-02 -2.08059056e-03
7.16345296e-01 7.54974887e-02 6.01851355e-03 7.22063365e-02 -2.10776243e-03
7.17440155e-01 7.59836126e-02 6.01209283e-03 7.27220203e-02 -2.14009773e-03
7.18533244e-01 7.64662480e-02 6.01040699e-03 7.32363124e-02 -2.17764645e-03
7.19624562e-01 7.69448468e-02 6.01370749e-03 7.37485562e-02 -2.22043928e-03
7.20714105e-01 7.74189600e-02 6.02216435e-03 7.42581576e-02 -2.26848643e-03
7.21801870e-01 7.78882451e-02 6.03586312e-03 7.47645923e-02 -2.32177626e-03
7.22887856e-01 7.83524727e-02 6.05480310e-03 7.52674122e-02 -2.38027385e-03
7.23972059e-01 7.88115312e-02 6.07889651e-03 7.57662513e-02 -2.44391938e-03
7.25054476e-01 7.92654303e-02 6.10796898e-03 7.62608299e-02 -2.51262643e-03
7.26135105e-01 7.97143032e-02 6.14176106e-03 7.67509585e-02 -2.58628023e-03
7.27213943e-01 8.01584065e-02 6.17993093e-03 7.72365402e-02 -2.66473587e-03
7.28290988e-01 8.05981191e-02 6.22205817e-03 7.77175718e-02 -2.74781650e-03
7.29366237e-01 8.10339394e-02 6.26764864e-03 7.81941443e-02 -2.83531164e-03
7.30439687e-01 8.14664804e-02 6.31614028e-03 7.86664419e-02 -2.92697556e-03
7.31511336e-01 8.18964643e-02 6.36690990e-03 7.91347396e-02 -3.02252580e-03
7.32581181e-01 8.23247141e-02 6.41928073e-03 7.95994004e-02 -3.12164196e-03
7.33649219e-01 8.27521455e-02 6.47253080e-03 8.00608709e-02 -3.22396473e-03
7.34715448e-01 8.31797561e-02 6.52590190e-03 8.05196758e-02 -3.32909530e-03
7.35779864e-01 8.36086141e-02 6.57860904e-03 8.09764119e-02 -3.43659503e-03
7.36842467e-01 8.40398457e-02 6.62985041e-03 8.14317411e-02 -3.54598573e-03
7.37903252e-01 8.44746218e-02 6.67881750e-03 8.18863819e-02 -3.65675026e-03
7.38962217e-01 8.49141435e-02 6.72470548e-03 8.23411014e-02 -3.76833382e-03
7.40019360e-01 8.53596278e-02 6.76672352e-03 8.27967057e-02 -3.88014562e-03
7.41074678e-01 8.58122918e-02 6.80410506e-03 8.32540305e-02 -3.99156134e-03
7.42128168e-01 8.62733379e-02 6.83611784e-03 8.37139306e-02 -4.10192606e-03
7.43179828e-01 8.67439379e-02 6.86207353e-03 8.41772699e-02 -4.21055788e-03
7.44229655e-01 8.72252177e-02 6.88133696e-03 8.46449107e-02 -4.31675217e-03
7.45277647e-01 8.77182429e-02 6.89333474e-03 8.51177036e-02 -4.41978644e-03
7.46323801e-01 8.82240036e-02 6.89756312e-03 8.55964765e-02 -4.51892578e-03
7.47368114e-01 8.87434014e-02 6.89359521e-03 8.60820251e-02 -4.61342890e-03
7.48410585e-01 8.92772362e-02 6.88108719e-03 8.65751027e-02 -4.70255471e-03
7.49451209e-01 8.98261946e-02 6.85978370e-03 8.70764110e-02 -4.78556929e-03
7.50489985e-01 9.03908390e-02 6.82952211e-03 8.75865913e-02 -4.86175338e-03
7.51526911e-01 9.09715991e-02 6.79023587e-03 8.81062166e-02 -4.93041006e-03
7.52561982e-01 9.15687634e-02 6.74195665e-03 8.86357837e-02 -4.99087280e-03
7.53595199e-01 9.21824732e-02 6.68481550e-03 8.91757073e-02 -5.04251353e-03
7.54626556e-01 9.28127183e-02 6.61904273e-03 8.97263139e-02 -5.08475085e-03
7.55656053e-01 9.34593337e-02 6.54496687e-03 9.02878374e-02 -5.11705810e-03
7.56683685e-01 9.41219989e-02 6.46301236e-03 9.08604154e-02 -5.13897124e-03
7.57709452e-01 9.48002382e-02 6.37369632e-03 9.14440866e-02 -5.15009649e-03
7.58733350e-01 9.54934232e-02 6.27762417e-03 9.20387890e-02 -5.15011744e-03
7.59755377e-01 9.62007772e-02 6.17548438e-03 9.26443600e-02 -5.13880174e-03
7.60775531e-01 9.69213807e-02 6.06804226e-03 9.32605365e-02 -5.11600698e-03
7.61793808e-01 9.76541795e-02 5.95613295e-03 9.38869572e-02 -5.08168595e-03
7.62810206e-01 9.83979931e-02 5.84065365e-03 9.45231650e-02 -5.03589089e-03
7.63824724e-01 9.91515259e-02 5.72255518e-03 9.51686109e-02 -4.97877685e-03
7.64837357e-01 9.99133791e-02 5.60283301e-03 9.58226591e-02 -4.91060395e-03
7.65848104e-01 1.00682064e-01 5.48251779e-03 9.64845926e-02 -4.83173849e-03
7.66856963e-01 1.01456015e-01 5.36266557e-03 9.71536200e-02 -4.74265289e-03
7.67863930e-01 1.02233607e-01 5.24434774e-03 9.78288827e-02 -4.64392439e-03
7.68869004e-01 1.03013170e-01 5.12864087e-03 9.85094639e-02 -4.53623243e-03
7.69872181e-01 1.03793007e-01 5.01661644e-03 9.91943966e-02 -4.42035479e-03
7.70873460e-01 1.04571409e-01 4.90933080e-03 9.98826740e-02 -4.29716240e-03
7.71872838e-01 1.05346673e-01 4.80781512e-03 1.00573259e-01 -4.16761297e-03
7.72870312e-01 1.06117123e-01 4.71306581e-03 1.01265094e-01 -4.03274330e-03
7.73865880e-01 1.06881119e-01 4.62603520e-03 1.01957113e-01 -3.89366053e-03
7.74859540e-01 1.07637085e-01 4.54762276e-03 1.02648253e-01 -3.75153226e-03
7.75851289e-01 1.08383514e-01 4.47866682e-03 1.03337461e-01 -3.60757571e-03
7.76841124e-01 1.09118992e-01 4.41993699e-03 1.04023710e-01 -3.46304601e-03
7.77829044e-01 1.09842211e-01 4.37212727e-03 1.04706007e-01 -3.31922380e-03
7.78815045e-01 1.10551981e-01 4.33584987e-03 1.05383406e-01 -3.17740211e-03
7.79799126e-01 1.11247243e-01 4.31162992e-03 1.06055013e-01 -3.03887298e-03
7.80781283e-01 1.11927084e-01 4.29990101e-03 1.06720004e-01 -2.90491365e-03
7.81761515e-01 1.12590744e-01 4.30100159e-03 1.07377629e-01 -2.77677271e-03
7.82739819e-01 1.13237625e-01 4.31517237e-03 1.08027220e-01 -2.65565634e-03
7.83716193e-01 1.13867302e-01 4.34255456e-03 1.08668205e-01 -2.54271475e-03
7.84690634e-01 1.14479523e-01 4.38318908e-03 1.09300110e-01 -2.43902908e-03
7.85663139e-01 1.15074217e-01 4.43701671e-03 1.09922569e-01 -2.34559890e-03
7.86633708e-01 1.15651496e-01 4.50387915e-03 1.10535326e-01 -2.26333048e-03
7.87602336e-01 1.16211653e-01 4.58352094e-03 1.11138247e-01 -2.19302603e-03
7.88569022e-01 1.16755164e-01 4.67559229e-03 1.11731315e-01 -2.13537395e-03
7.89533763e-01 1.17282684e-01 4.77965268e-03 1.12314639e-01 -2.09094040e-03
7.90496556e-01 1.17795042e-01 4.89517529e-03 1.12888457e-01 -2.06016223e-03
7.91457401e-01 1.18293236e-01 5.02155208e-03 1.13453128e-01 -2.04334125e-03
7.92416293e-01 1.18778425e-01 5.15809961e-03 1.14009143e-01 -2.04064021e-03
7.93373232e-01 1.19251918e-01 5.30406543e-03 1.14557115e-01 -2.05208032e-03
7.94328214e-01 1.19715167e-01 5.45863500e-03 1.15097779e-01 -2.07754041e-03
7.95281236e-01 1.20169753e-01 5.62093905e-03 1.15631991e-01 -2.11675788e-03
7.96232298e-01 1.20617375e-01 5.79006141e-03 1.16160717e-01 -2.16933123e-03
7.97181396e-01 1.21059832e-01 5.96504705e-03 1.16685034e-01 -2.23472434e-03
7.98128528e-01 1.21499013e-01 6.14491040e-03 1.17206116e-01 -2.31227234e-03
7.99073691e-01 1.21936880e-01 6.32864387e-03 1.17725232e-01 -2.40118903e-03
8.00016884e-01 1.22375447e-01 6.51522636e-03 1.18243733e-01 -2.50057582e-03
8.00958104e-01 1.22816773e-01 6.70363181e-03 1.18763044e-01 -2.60943188e-03
8.01897349e-01 1.23262936e-01 6.89283767e-03 1.19284651e-01 -2.72666571e-03
8.02834616e-01 1.23716019e-01 7.08183322e-03 1.19810093e-01 -2.85110762e-03
8.03769903e-01 1.24178094e-01 7.26962762e-03 1.20340947e-01 -2.98152317e-03
8.04703207e-01 1.24651204e-01 7.45525769e-03 1.20878816e-01 -3.11662739e-03
8.05634528e-01 1.25137346e-01 7.63779534e-03 1.21425316e-01 -3.25509946e-03
8.06563861e-01 1.25638454e-01 7.81635449e-03 1.21982062e-01 -3.39559780e-03
8.07491206e-01 1.26156385e-01 7.99009763e-03 1.22550654e-01 -3.53677528e-03
8.08416559e-01 1.26692902e-01 8.15824168e-03 1.23132665e-01 -3.67729439e-03
8.09339918e-01 1.27249661e-01 8.32006337e-03 1.23729623e-01 -3.81584215e-03
8.10261281e-01 1.27828197e-01 8.47490397e-03 1.24343002e-01 -3.95114458e-03
8.11180646e-01 1.28429911e-01 8.62217327e-03 1.24974204e-01 -4.08198051e-03
8.12098011e-01 1.29056061e-01 8.76135298e-03 1.25624550e-01 -4.20719460e-03
8.13013373e-01 1.29707751e-01 8.89199927e-03 1.26295264e-01 -4.32570933e-03
8.13926729e-01 1.30385921e-01 9.01374465e-03 1.26987462e-01 -4.43653593e-03
8.14838079e-01 1.31091342e-01 9.12629911e-03 1.27702141e-01 -4.53878396e-03
8.15747419e-01 1.31824608e-01 9.22945037e-03 1.28440169e-01 -4.63166955e-03
8.16654747e-01 1.32586136e-01 9.32306354e-03 1.29202276e-01 -4.71452214e-03
8.17560061e-01 1.33376158e-01 9.40707992e-03 1.29989042e-01 -4.78678968e-03
8.18463359e-01 1.34194723e-01 9.48151505e-03 1.30800896e-01 -4.84804220e-03
8.19364639e-01 1.35041697e-01 9.54645617e-03 1.31638108e-01 -4.89797382e-03
8.20263897e-01 1.35916763e-01 9.60205883e-03 1.32500780e-01 -4.93640308e-03
8.21161133e-01 1.36819428e-01 9.64854301e-03 1.33388852e-01 -4.96327165e-03
8.22056344e-01 1.37749025e-01 9.68618852e-03 1.34302093e-01 -4.97864156e-03
8.22949527e-01 1.38704721e-01 9.71532991e-03 1.35240107e-01 -4.98269088e-03
8.23840681e-01 1.39685525e-01 9.73635083e-03 1.36202331e-01 -4.97570801e-03
8.24729804e-01 1.40690295e-01 9.74967795e-03 1.37188038e-01 -4.95808474e-03
8.25616892e-01 1.41717750e-01 9.75577452e-03 1.38196349e-01 -4.93030807e-03
8.26501944e-01 1.42766482e-01 9.75513357e-03 1.39226229e-01 -4.89295110e-03
8.27384958e-01 1.43834969e-01 9.74827091e-03 1.40276507e-01 -4.84666298e-03
8.28265931e-01 1.44921587e-01 9.73571785e-03 1.41345874e-01 -4.79215829e-03
8.29144862e-01 1.46024624e-01 9.71801398e-03 1.42432905e-01 -4.73020573e-03
8.30021748e-01 1.47142298e-01 9.69569972e-03 1.43536064e-01 -4.66161669e-03
8.30896587e-01 1.48272770e-01 9.66930913e-03 1.44653719e-01 -4.58723350e-03
8.31769377e-01 1.49414164e-01 9.63936266e-03 1.45784161e-01 -4.50791778e-03
8.32640115e-01 1.50564576e-01 9.60636025e-03 1.46925613e-01 -4.42453900e-03
8.33508800e-01 1.51722100e-01 9.57077463e-03 1.48076253e-01 -4.33796344e-03
8.34375430e-01 1.52884839e-01 9.53304502e-03 1.49234226e-01 -4.24904363e-03
8.35240002e-01 1.54050920e-01 9.49357124e-03 1.50397665e-01 -4.15860855e-03
8.36102514e-01 1.55218517e-01 9.45270834e-03 1.51564707e-01 -4.06745461e-03
8.36962964e-01 1.56385860e-01 9.41076175e-03 1.52733511e-01 -3.97633763e-03
8.37821349e-01 1.57551254e-01 9.36798314e-03 1.53902277e-01 -3.88596582e-03
8.38677669e-01 1.58713093e-01 9.32456686e-03 1.55069261e-01 -3.79699390e-03
8.39531921e-01 1.59869872e-01 9.28064717e-03 1.56232796e-01 -3.71001849e-03
8.40384102e-01 1.61020201e-01 9.23629627e-03 1.57391304e-01 -3.62557462e-03
8.41234210e-01 1.62162817e-01 9.19152301e-03 1.58543314e-01 -3.54413360e-03
8.42082244e-01 1.63296593e-01 9.14627260e-03 1.59687475e-01 -3.46610206e-03
8.42928201e-01 1.64420549e-01 9.10042699e-03 1.60822571e-01 -3.39182228e-03
8.43772079e-01 1.65533858e-01 9.05380626e-03 1.61947533e-01 -3.32157371e-03
8.44613877e-01 1.66635850e-01 9.00617079e-03 1.63061444e-01 -3.25557551e-03
8.45453591e-01 1.67726023e-01 8.95722426e-03 1.64163555e-01 -3.19399027e-03
8.46291221e-01 1.68804040e-01 8.90661750e-03 1.65253288e-01 -3.13692857e-03
8.47126763e-01 1.69869733e-01 8.85395319e-03 1.66330241e-01 -3.08445434e-03
8.47960216e-01 1.70923102e-01 8.79879124e-03 1.67394192e-01 -3.03659105e-03
8.48791578e-01 1.71964315e-01 8.74065489e-03 1.68445100e-01 -2.99332826e-03
8.49620847e-01 1.72993701e-01 8.67903755e-03 1.69483106e-01 -2.95462875e-03
8.50448020e-01 1.74011749e-01 8.61341013e-03 1.70508525e-01 -2.92043579e-03
8.51273096e-01 1.75019097e-01 8.54322893e-03 1.71521850e-01 -2.89068059e-03
8.52096073e-01 1.76016528e-01 8.46794401e-03 1.72523737e-01 -2.86528960e-03
8.52916948e-01 1.77004960e-01 8.38700784e-03 1.73515001e-01 -2.84419173e-03
8.53735720e-01 1.77985431e-01 8.29988422e-03 1.74496605e-01 -2.82732507e-03
8.54552386e-01 1.78959093e-01 8.20605743e-03 1.75469649e-01 -2.81464324e-03
8.55366945e-01 1.79927195e-01 8.10504133e-03 1.76435357e-01 -2.80612104e-03
8.56179395e-01 1.80891069e-01 7.99638852e-03 1.77395058e-01 -2.80175938e-03
8.56989732e-01 1.81852117e-01 7.87969921e-03 1.78350178e-01 -2.80158937e-03
8.57797957e-01 1.82811797e-01 7.75462997e-03 1.79302217e-01 -2.80567546e-03
8.58604066e-01 1.83771602e-01 7.62090200e-03 1.80252734e-01 -2.81411760e-03
8.59408057e-01 1.84733048e-01 7.47830895e-03 1.81203328e-01 -2.82705233e-03
8.60209930e-01 1.85697658e-01 7.32672415e-03 1.82155622e-01 -2.84465278e-03
8.61009680e-01 1.86666941e-01 7.16610714e-03 1.83111240e-01 -2.86712758e-03
8.61807307e-01 1.87642382e-01 6.99650946e-03 1.84071793e-01 -2.89471869e-03
8.62602809e-01 1.88625422e-01 6.81807949e-03 1.85038855e-01 -2.92769812e-03
8.63396184e-01 1.89617444e-01 6.63106639e-03 1.86013953e-01 -2.96636369e-03
8.64187429e-01 1.90619758e-01 6.43582296e-03 1.86998543e-01 -3.01103383e-03
8.64976543e-01 1.91633590e-01 6.23280749e-03 1.87993997e-01 -3.06204143e-03
8.65763524e-01 1.92660064e-01 6.02258433e-03 1.89001587e-01 -3.11972704e-03
8.66548370e-01 1.93700197e-01 5.80582340e-03 1.90022472e-01 -3.18443134e-03
8.67331079e-01 1.94754885e-01 5.58329837e-03 1.91057686e-01 -3.25648706e-03
8.68111648e-01 1.95824893e-01 5.35588367e-03 1.92108124e-01 -3.33621057e-03
8.68890077e-01 1.96910852e-01 5.12455023e-03 1.93174538e-01 -3.42389315e-03
8.69666363e-01 1.98013249e-01 4.89035999e-03 1.94257526e-01 -3.51979220e-03
8.70440504e-01 1.99132428e-01 4.65445917e-03 1.95357529e-01 -3.62412250e-03
8.71212499e-01 2.00268580e-01 4.41807045e-03 1.96474825e-01 -3.73704762e-03
8.71982345e-01 2.01421751e-01 4.18248395e-03 1.97609530e-01 -3.85867176e-03
8.72750041e-01 2.02591837e-01 3.94904721e-03 1.98761599e-01 -3.98903205e-03
8.73515584e-01 2.03778588e-01 3.71915414e-03 1.99930827e-01 -4.12809150e-03
8.74278973e-01 2.04981614e-01 3.49423321e-03 2.01116853e-01 -4.27573274e-03
8.75040206e-01 2.06200391e-01 3.27573471e-03 2.02319171e-01 -4.43175270e-03
8.75799281e-01 2.07434266e-01 3.06511749e-03 2.03537133e-01 -4.59585820e-03
8.76556196e-01 2.08682469e-01 2.86383513e-03 2.04769961e-01 -4.76766277e-03
8.77310949e-01 2.09944123e-01 2.67332169e-03 2.06016761e-01 -4.94668458e-03
8.78063539e-01 2.11218255e-01 2.49497723e-03 2.07276532e-01 -5.13234569e-03
8.78813963e-01 2.12503807e-01 2.33015330e-03 2.08548183e-01 -5.32397248e-03
8.79562220e-01 2.13799655e-01 2.18013837e-03 2.09830548e-01 -5.52079754e-03
8.80308308e-01 2.15104619e-01 2.04614362e-03 2.11122401e-01 -5.72196282e-03
8.81052225e-01 2.16417478e-01 1.92928898e-03 2.12422476e-01 -5.92652405e-03
8.81793969e-01 2.17736990e-01 1.83058983e-03 2.13729480e-01 -6.13345655e-03
8.82533538e-01 2.19061906e-01 1.75094429e-03 2.15042114e-01 -6.34166216e-03
8.83270931e-01 2.20390982e-01 1.69112146e-03 2.16359090e-01 -6.54997740e-03
8.84006145e-01 2.21723004e-01 1.65175060e-03 2.17679147e-01 -6.75718269e-03
8.84739180e-01 2.23056793e-01 1.63331145e-03 2.19001073e-01 -6.96201248e-03
8.85470032e-01 2.24391229e-01 1.63612585e-03 2.20323712e-01 -7.16316633e-03
8.86198701e-01 2.25725262e-01 1.66035072e-03 2.21645993e-01 -7.35932061e-03
8.86925184e-01 2.27057926e-01 1.70597254e-03 2.22966931e-01 -7.54914084e-03
8.87649480e-01 2.28388352e-01 1.77280342e-03 2.24285652e-01 -7.73129444e-03
8.88371587e-01 2.29715782e-01 1.86047881e-03 2.25601399e-01 -7.90446375e-03
8.89091503e-01 2.31039574e-01 1.96845694e-03 2.26913544e-01 -8.06735912e-03
8.89809227e-01 2.32359219e-01 2.09602001e-03 2.28221598e-01 -8.21873200e-03
8.90524756e-01 2.33674341e-01 2.24227712e-03 2.29525218e-01 -8.35738778e-03
8.91238089e-01 2.34984710e-01 2.40616904e-03 2.30824214e-01 -8.48219823e-03
8.91949223e-01 2.36290240e-01 2.58647471e-03 2.32118551e-01 -8.59211340e-03
8.92658159e-01 2.37590998e-01 2.78181939e-03 2.33408353e-01 -8.68617284e-03
8.93364892e-01 2.38887201e-01 2.99068458e-03 2.34693901e-01 -8.76351597e-03
8.94069423e-01 2.40179216e-01 3.21141947e-03 2.35975635e-01 -8.82339147e-03
8.94771748e-01 2.41467561e-01 3.44225382e-03 2.37254145e-01 -8.86516560e-03
8.95471867e-01 2.42752895e-01 3.68131233e-03 2.38530169e-01 -8.88832925e-03
8.96169778e-01 2.44036019e-01 3.92663011e-03 2.39804589e-01 -8.89250383e-03
8.96865478e-01 2.45317864e-01 4.17616936e-03 2.41078413e-01 -8.87744565e-03
8.97558967e-01 2.46599482e-01 4.42783688e-03 2.42352774e-01 -8.84304899e-03
8.98250242e-01 2.47882042e-01 4.67950238e-03 2.43628915e-01 -8.78934761e-03
8.98939302e-01 2.49166810e-01 4.92901738e-03 2.44908172e-01 -8.71651486e-03
8.99626145e-01 2.50455145e-01 5.17423441e-03 2.46191967e-01 -8.62486227e-03
9.00310769e-01 2.51748477e-01 5.41302643e-03 2.47481787e-01 -8.51483662e-03
9.00993173e-01 2.53048300e-01 5.64330625e-03 2.48779172e-01 -8.38701569e-03
9.01673355e-01 2.54356154e-01 5.86304563e-03 2.50085698e-01 -8.24210247e-03
9.02351313e-01 2.55673608e-01 6.07029397e-03 2.51402957e-01 -8.08091823e-03
9.03027046e-01 2.57002246e-01 6.26319643e-03 2.52732545e-01 -7.90439417e-03
9.03700552e-01 2.58343651e-01 6.44001107e-03 2.54076043e-01 -7.71356210e-03
9.04371830e-01 2.59699389e-01 6.59912508e-03 2.55434999e-01 -7.50954404e-03
9.05040876e-01 2.61070993e-01 6.73906972e-03 2.56810915e-01 -7.29354085e-03
9.05707691e-01 2.62459947e-01 6.85853391e-03 2.58205229e-01 -7.06682026e-03
9.06372273e-01 2.63867673e-01 6.95637634e-03 2.59619300e-01 -6.83070413e-03
9.07034619e-01 2.65295515e-01 7.03163581e-03 2.61054399e-01 -6.58655532e-03
9.07694728e-01 2.66744728e-01 7.08353990e-03 2.62511688e-01 -6.33576429e-03
9.08352599e-01 2.68216463e-01 7.11151169e-03 2.63992218e-01 -6.07973542e-03
9.09008229e-01 2.69711762e-01 7.11517454e-03 2.65496911e-01 -5.81987346e-03
9.09661618e-01 2.71231539e-01 7.09435487e-03 2.67026557e-01 -5.55757006e-03
9.10312763e-01 2.72776582e-01 7.04908291e-03 2.68581805e-01 -5.29419068e-03
9.10961663e-01 2.74347539e-01 6.97959135e-03 2.70163157e-01 -5.03106188e-03
9.11608317e-01 2.75944915e-01 6.88631199e-03 2.71770967e-01 -4.76945928e-03
9.12252723e-01 2.77569070e-01 6.76987036e-03 2.73405435e-01 -4.51059624e-03
9.12894879e-01 2.79220214e-01 6.63107845e-03 2.75066612e-01 -4.25561341e-03
9.13534783e-01 2.80898410e-01 6.47092550e-03 2.76754397e-01 -4.00556917e-03
9.14172435e-01 2.82603572e-01 6.29056707e-03 2.78468545e-01 -3.76143130e-03
9.14807832e-01 2.84335469e-01 6.09131253e-03 2.80208667e-01 -3.52406960e-03
9.15440973e-01 2.86093730e-01 5.87461090e-03 2.81974239e-01 -3.29424990e-03
9.16071856e-01 2.87877850e-01 5.64203555e-03 2.83764611e-01 -3.07262925e-03
9.16700480e-01 2.89687193e-01 5.39526756e-03 2.85579013e-01 -2.85975244e-03
9.17326844e-01 2.91521009e-01 5.13607821e-03 2.87416570e-01 -2.65604984e-03
9.17950945e-01 2.93378433e-01 4.86631063e-03 2.89276308e-01 -2.46183658e-03
9.18572782e-01 2.95258505e-01 4.58786089e-03 2.91157172e-01 -2.27731309e-03
9.19192354e-01 2.97160176e-01 4.30265871e-03 2.93058034e-01 -2.10256680e-03
9.19809659e-01 2.99082324e-01 4.01264800e-03 2.94977712e-01 -1.93757522e-03
9.20424696e-01 3.01023763e-01 3.71976750e-03 2.96914982e-01 -1.78221015e-03
9.21037462e-01 3.02983261e-01 3.42593162e-03 2.98868590e-01 -1.63624291e-03
9.21647958e-01 3.04959551e-01 3.13301179e-03 3.00837272e-01 -1.49935076e-03
9.22256180e-01 3.06951348e-01 2.84281850e-03 3.02819763e-01 -1.37112405e-03
9.22862128e-01 3.08957359e-01 2.55708417e-03 3.04814818e-01 -1.25107429e-03
9.23465800e-01 3.10976301e-01 2.27744706e-03 3.06821219e-01 -1.13864285e-03
9.24067195e-01 3.13006914e-01 2.00543645e-03 3.08837793e-01 -1.03321028e-03
9.24666310e-01 3.15047974e-01 1.74245912e-03 3.10863423e-01 -9.34105936e-04
9.25263146e-01 3.17098305e-01 1.48978735e-03 3.12897062e-01 -8.40618027e-04
9.25857699e-01 3.19156795e-01 1.24854859e-03 3.14937741e-01 -7.52003703e-04
9.26449969e-01 3.21222402e-01 1.01971672e-03 3.16984580e-01 -6.67499217e-04
9.27039955e-01 3.23294170e-01 8.04105234e-04 3.19036801e-01 -5.86329926e-04
9.27627654e-01 3.25371237e-01 6.02362203e-04 3.21093728e-01 -5.07720052e-04
9.28213065e-01 3.27452843e-01 4.14967103e-04 3.23154799e-01 -4.30902043e-04
9.28796187e-01 3.29538339e-01 2.42229574e-04 3.25219573e-01 -3.55125434e-04
9.29377019e-01 3.31627193e-01 8.42900457e-05 3.27287725e-01 -2.79665085e-04
9.29955559e-01 3.33718996e-01 -5.88777872e-05 3.29359060e-01 -2.03828703e-04
9.30531805e-01 3.35813466e-01 -1.87462689e-04 3.31433505e-01 -1.26963549e-04
9.31105757e-01 3.37910451e-01 -3.01809877e-04 3.33511116e-01 -4.84622708e-05
9.31677412e-01 3.40009932e-01 -4.02413381e-04 3.35592071e-01 3.22322240e-05
9.32246769e-01 3.42112022e-01 -4.89906867e-04 3.37676674e-01 1.15622884e-04
9.32813828e-01 3.44216967e-01 -5.65053068e-04 3.39765346e-01 2.02155661e-04
9.33378586e-01 3.46325147e-01 -6.28731937e-04 3.41858623e-01 2.92217701e-04
9.33941042e-01 3.48437068e-01 -6.81927693e-04 3.43957155e-01 3.86136581e-04
9.34501195e-01 3.50553364e-01 -7.25714913e-04 3.46061691e-01 4.84180584e-04
9.35059043e-01 3.52674790e-01 -7.61243841e-04 3.48173082e-01 5.86559966e-04
9.35614585e-01 3.54802216e-01 -7.89725100e-04 3.50292269e-01 6.93429185e-04
9.36167820e-01 3.56936626e-01 -8.12413975e-04 3.52420276e-01 8.04890027e-04
9.36718746e-01 3.59079106e-01 -8.30594466e-04 3.54558201e-01 9.20995552e-04
9.37267362e-01 3.61230839e-01 -8.45563287e-04 3.56707213e-01 1.04175478e-03
9.37813667e-01 3.63393099e-01 -8.58613996e-04 3.58868536e-01 1.16713802e-03
9.38357658e-01 3.65567240e-01 -8.71021435e-04 3.61043450e-01 1.29708272e-03
9.38899336e-01 3.67754691e-01 -8.84026655e-04 3.63233273e-01 1.43149976e-03
9.39438698e-01 3.69956945e-01 -8.98822479e-04 3.65439363e-01 1.57028004e-03
9.39975743e-01 3.72175550e-01 -9.16539881e-04 3.67663102e-01 1.71330119e-03
9.40510470e-01 3.74412103e-01 -9.38235298e-04 3.69905895e-01 1.86043446e-03
9.41042878e-01 3.76668235e-01 -9.64879025e-04 3.72169160e-01 2.01155133e-03
9.41572965e-01 3.78945612e-01 -9.97344802e-04 3.74454319e-01 2.16653012e-03
9.42100730e-01 3.81245915e-01 -1.03640069e-03 3.76762799e-01 2.32526213e-03
9.42626171e-01 3.83570840e-01 -1.08270135e-03 3.79096020e-01 2.48765737e-03
9.43149288e-01 3.85922084e-01 -1.13678171e-03 3.81455392e-01 2.65364974e-03
9.43670079e-01 3.88301341e-01 -1.19905222e-03 3.83842314e-01 2.82320156e-03
9.44188542e-01 3.90710291e-01 -1.26979557e-03 3.86258162e-01 2.99630731e-03
9.44704677e-01 3.93150592e-01 -1.34916496e-03 3.88704294e-01 3.17299654e-03
9.45218483e-01 3.95623875e-01 -1.43718395e-03 3.91182040e-01 3.35333598e-03
9.45729957e-01 3.98131738e-01 -1.53374782e-03 3.93692705e-01 3.53743053e-03
9.46239099e-01 4.00675733e-01 -1.63862639e-03 3.96237561e-01 3.72542345e-03
9.46745907e-01 4.03257368e-01 -1.75146830e-03 3.98817852e-01 3.91749539e-03
9.47250380e-01 4.05878097e-01 -1.87180666e-03 4.01434784e-01 4.11386260e-03
9.47752518e-01 4.08539316e-01 -1.99906596e-03 4.04089531e-01 4.31477396e-03
9.48252318e-01 4.11242356e-01 -2.13257015e-03 4.06783230e-01 4.52050722e-03
9.48749779e-01 4.13988484e-01 -2.27155183e-03 4.09516982e-01 4.73136425e-03
9.49244901e-01 4.16778894e-01 -2.41516236e-03 4.12291848e-01 4.94766552e-03
9.49737681e-01 4.19614709e-01 -2.56248279e-03 4.15108854e-01 5.16974376e-03
9.50228120e-01 4.22496975e-01 -2.71253549e-03 4.17968986e-01 5.39793705e-03
9.50716215e-01 4.25426662e-01 -2.86429627e-03 4.20873193e-01 5.63258130e-03
9.51201965e-01 4.28404662e-01 -3.01670695e-03 4.23822386e-01 5.87400236e-03
9.51685370e-01 4.31431790e-01 -3.16868808e-03 4.26817437e-01 6.12250780e-03
9.52166428e-01 4.34508783e-01 -3.31915180e-03 4.29859183e-01 6.37837861e-03
9.52645137e-01 4.37636306e-01 -3.46701459e-03 4.32948422e-01 6.64186080e-03
9.53121497e-01 4.40814947e-01 -3.61120980e-03 4.36085919e-01 6.91315724e-03
9.53595507e-01 4.44045228e-01 -3.75069976e-03 4.39272405e-01 7.19241976e-03
9.54067164e-01 4.47327607e-01 -3.88448744e-03 4.42508579e-01 7.47974173e-03
9.54536469e-01 4.50662481e-01 -4.01162734e-03 4.45795113e-01 7.77515119e-03
9.55003420e-01 4.54050195e-01 -4.13123572e-03 4.49132650e-01 8.07860474e-03
9.55468016e-01 4.57491051e-01 -4.24249979e-03 4.52521812e-01 8.38998239e-03
9.55930255e-01 4.60985311e-01 -4.34468598e-03 4.55963204e-01 8.70908327e-03
9.56390137e-01 4.64533214e-01 -4.43714701e-03 4.59457415e-01 9.03562254e-03
9.56847660e-01 4.68134979e-01 -4.51932789e-03 4.63005029e-01 9.36922954e-03
9.57302823e-01 4.71790825e-01 -4.59077051e-03 4.66606630e-01 9.70944711e-03
9.57755626e-01 4.75500977e-01 -4.65111703e-03 4.70262806e-01 1.00557324e-02
9.58206066e-01 4.79265682e-01 -4.70011183e-03 4.73974162e-01 1.04074592e-02
9.58654144e-01 4.83085224e-01 -4.73760221e-03 4.77741330e-01 1.07639211e-02
9.59099857e-01 4.86959941e-01 -4.76353754e-03 4.81564975e-01 1.11243370e-02
9.59543205e-01 4.90890237e-01 -4.77796724e-03 4.85445809e-01 1.14878572e-02
9.59984187e-01 4.94876603e-01 -4.78103727e-03 4.89384603e-01 1.18535717e-02
9.60422801e-01 4.98919635e-01 -4.77298541e-03 4.93382202e-01 1.22205187e-02
9.60859046e-01 5.03020045e-01 -4.75413531e-03 4.97439535e-01 1.25876958e-02
9.61292922e-01 5.07178689e-01 -4.72488939e-03 5.01557632e-01 1.29540710e-02
9.61724427e-01 5.11396578e-01 -4.68572066e-03 5.05737642e-01 1.33185954e-02
9.62153561e-01 5.15674900e-01 -4.63716361e-03 5.09980844e-01 1.36802169e-02
9.62580321e-01 5.20015037e-01 -4.57980427e-03 5.14288667e-01 1.40378946e-02
9.63004708e-01 5.24418582e-01 -4.51426958e-03 5.18662704e-01 1.43906130e-02
9.63426720e-01 5.28887360e-01 -4.44121617e-03 5.23104731e-01 1.47373981e-02
9.63846355e-01 5.33423441e-01 -4.36131871e-03 5.27616724e-01 1.50773320e-02
9.64263614e-01 5.38029156e-01 -4.27525811e-03 5.32200872e-01 1.54095692e-02
9.64678495e-01 5.42707115e-01 -4.18370945e-03 5.36859599e-01 1.57333515e-02
9.65090997e-01 5.47460219e-01 -4.08733013e-03 5.41595574e-01 1.60480231e-02
9.65501118e-01 5.52291673e-01 -3.98674816e-03 5.46411731e-01 1.63530449e-02
9.65908859e-01 5.57204996e-01 -3.88255084e-03 5.51311278e-01 1.66480081e-02
9.66314217e-01 5.62204035e-01 -3.77527407e-03 5.56297715e-01 1.69326472e-02
9.66717192e-01 5.67292966e-01 -3.66539227e-03 5.61374845e-01 1.72068510e-02
9.67117784e-01 5.72476309e-01 -3.55330921e-03 5.66546783e-01 1.74706734e-02
9.67515990e-01 5.77758928e-01 -3.43934984e-03 5.71817970e-01 1.77243414e-02
9.67911810e-01 5.83146036e-01 -3.32375324e-03 5.77193178e-01 1.79682631e-02
9.68305243e-01 5.88643199e-01 -3.20666677e-03 5.82677516e-01 1.82030321e-02
9.68696288e-01 5.94256333e-01 -3.08814168e-03 5.88276443e-01 1.84294316e-02
9.69084944e-01 5.99991707e-01 -2.96813003e-03 5.93995764e-01 1.86484357e-02
9.69471210e-01 6.05855941e-01 -2.84648322e-03 5.99841642e-01 1.88612087e-02
9.69855086e-01 6.11856000e-01 -2.72295204e-03 6.05820593e-01 1.90691026e-02
9.70236569e-01 6.17999194e-01 -2.59718834e-03 6.11939491e-01 1.92736523e-02
9.70615660e-01 6.24293171e-01 -2.46874828e-03 6.18205570e-01 1.94765687e-02
9.70992357e-01 6.30745914e-01 -2.33709725e-03 6.24626421e-01 1.96797295e-02
9.71366659e-01 6.37365734e-01 -2.20161634e-03 6.31209993e-01 1.98851681e-02
9.71738566e-01 6.44161269e-01 -2.06161040e-03 6.37964590e-01 2.00950604e-02
9.72108076e-01 6.51141473e-01 -1.91631747e-03 6.44898873e-01 2.03117095e-02
9.72475189e-01 6.58315616e-01 -1.76491977e-03 6.52021855e-01 2.05375287e-02
9.72839904e-01 6.65693277e-01 -1.60655583e-03 6.59342903e-01 2.07750226e-02
9.73202220e-01 6.73284346e-01 -1.44033388e-03 6.66871735e-01 2.10267667e-02
9.73562135e-01 6.81099013e-01 -1.26534623e-03 6.74618421e-01 2.12953851e-02
9.73919650e-01 6.89147773e-01 -1.08068456e-03 6.82593382e-01 2.15835275e-02
9.74274762e-01 6.97441425e-01 -8.85455854e-04 6.90807389e-01 2.18938445e-02
9.74627472e-01 7.05991067e-01 -6.78798914e-04 6.99271567e-01 2.22289622e-02
9.74977778e-01 7.14808104e-01 -4.59901202e-04 7.07997393e-01 2.25914558e-02
9.75325680e-01 7.23904243e-01 -2.28015785e-04 7.16996699e-01 2.29838232e-02
9.75671177e-01 7.33291499e-01 1.75217695e-05 7.26281673e-01 2.34084574e-02
9.76014267e-01 7.42982199e-01 2.77276791e-04 7.35864860e-01 2.38676196e-02
9.76354950e-01 7.52988975e-01 5.51699400e-04 7.45759161e-01 2.43634120e-02
9.76693226e-01 7.63324777e-01 8.41109106e-04 7.55977834e-01 2.48977511e-02
9.77029093e-01 7.74002863e-01 1.14568033e-03 7.66534491e-01 2.54723415e-02
9.77362550e-01 7.85036803e-01 1.46542902e-03 7.77443095e-01 2.60886511e-02
9.77693597e-01 7.96440470e-01 1.80020063e-03 7.88717949e-01 2.67478865e-02
9.78022233e-01 8.08228039e-01 2.14965954e-03 8.00373692e-01 2.74509710e-02
9.78348456e-01 8.20413970e-01 2.51328021e-03 8.12425277e-01 2.81985227e-02
9.78672267e-01 8.33012994e-01 2.89034009e-03 8.24887958e-01 2.89908364e-02
9.78993665e-01 8.46040095e-01 3.27991460e-03 8.37777265e-01 2.98278659e-02
9.79312648e-01 8.59510479e-01 3.68087411e-03 8.51108970e-01 3.07092097e-02
9.79629216e-01 8.73439547e-01 4.09188322e-03 8.64899055e-01 3.16340994e-02
9.79943368e-01 8.87842847e-01 4.51140230e-03 8.79163662e-01 3.26013902e-02
9.80255103e-01 9.02736034e-01 4.93769136e-03 8.93919049e-01 3.36095555e-02
9.80564421e-01 9.18134812e-01 5.36881639e-03 9.09181522e-01 3.46566840e-02
9.80871321e-01 9.34054870e-01 5.80265806e-03 9.24967376e-01 3.57404810e-02
9.81175801e-01 9.50511810e-01 6.23692290e-03 9.41292811e-01 3.68582731e-02
9.81477862e-01 9.67521069e-01 6.66915686e-03 9.58173852e-01 3.80070164e-02
9.81777503e-01 9.85097833e-01 7.09676116e-03 9.75626258e-01 3.91833098e-02
9.82074722e-01 1.00325694e+00 7.51701053e-03 9.93665420e-01 4.03834115e-02
9.82369519e-01 1.02201278e+00 7.92707347e-03 1.01230626e+00 4.16032600e-02
9.82661894e-01 1.04137920e+00 8.32403474e-03 1.03156312e+00 4.28384998e-02
9.82951845e-01 1.06136938e+00 8.70491956e-03 1.05144964e+00 4.40845110e-02
9.83239372e-01 1.08199572e+00 9.06671974e-03 1.07197866e+00 4.53364435e-02
9.83524474e-01 1.10326975e+00 9.40642125e-03 1.09316209e+00 4.65892554e-02
9.83807150e-01 1.12520201e+00 9.72103321e-03 1.11501081e+00 4.78377556e-02
9.84087401e-01 1.14780194e+00 1.00076180e-02 1.13753454e+00 4.90766508e-02
9.84365224e-01 1.17107781e+00 1.02633221e-02 1.16074178e+00 5.03005956e-02
9.84640620e-01 1.19503661e+00 1.04854080e-02 1.18463968e+00 5.15042471e-02
9.84913588e-01 1.21968400e+00 1.06712861e-02 1.20923401e+00 5.26823224e-02
9.85184126e-01 1.24502425e+00 1.08185465e-02 1.23452908e+00 5.38296587e-02
9.85452235e-01 1.27106023e+00 1.09249914e-02 1.26052774e+00 5.49412770e-02
9.85717914e-01 1.29779341e+00 1.09886662e-02 1.28723133e+00 5.60124467e-02
9.85981162e-01 1.32522387e+00 1.10078902e-02 1.31463979e+00 5.70387522e-02
9.86241978e-01 1.35335042e+00 1.09812859e-02 1.34275167e+00 5.80161611e-02
9.86500362e-01 1.38217066e+00 1.09078073e-02 1.37156423e+00 5.89410910e-02
9.86756313e-01 1.41168117e+00 1.07867663e-02 1.40107368e+00 5.98104779e-02
9.87009830e-01 1.44187770e+00 1.06178566e-02 1.43127530e+00 6.06218419e-02
9.87260914e-01 1.47275544e+00 1.04011762e-02 1.46216374e+00 6.13733513e-02
9.87509562e-01 1.50430932e+00 1.01372462e-02 1.49373334e+00 6.20638843e-02
9.87755776e-01 1.53653441e+00 9.82702762e-03 1.52597850e+00 6.26930864e-02
9.87999553e-01 1.56942634e+00 9.47193428e-03 1.55889414e+00 6.32614237e-02
9.88240894e-01 1.60298181e+00 9.07384284e-03 1.59247619e+00 6.37702302e-02
9.88479797e-01 1.63719916e+00 8.63509871e-03 1.62672219e+00 6.42217490e-02
9.88716263e-01 1.67207903e+00 8.15851827e-03 1.66163192e+00 6.46191664e-02
9.88950290e-01 1.70762503e+00 7.64738692e-03 1.69720814e+00 6.49666370e-02
9.89181879e-01 1.74384455e+00 7.10545292e-03 1.73345734e+00 6.52693006e-02
9.89411028e-01 1.78074958e+00 6.53691678e-03 1.77039063e+00 6.55332890e-02
9.89637737e-01 1.81835762e+00 5.94641615e-03 1.80802461e+00 6.57657217e-02
9.89862005e-01 1.85669264e+00 5.33900614e-03 1.84638239e+00 6.59746913e-02
9.90083833e-01 1.89578607e+00 4.72013506e-03 1.88549456e+00 6.61692362e-02
9.90303218e-01 1.93567790e+00 4.09561546e-03 1.92540031e+00 6.63593012e-02
9.90520161e-01 1.97641776e+00 3.47159073e-03 1.96614852e+00 6.65556863e-02
9.90734662e-01 2.01806603e+00 2.85449713e-03 2.00779889e+00 6.67699809e-02
9.90946719e-01 2.06069499e+00 2.25102154e-03 2.05042312e+00 6.70144868e-02
9.91156332e-01 2.10439003e+00 1.66805505e-03 2.09410607e+00 6.73021272e-02
9.91363501e-01 2.14925073e+00 1.11264263e-03 2.13894691e+00 6.76463432e-02
9.91568226e-01 2.19539203e+00 5.91929120e-04 2.18506029e+00 6.80609781e-02
9.91770504e-01 2.24294533e+00 1.13101954e-04 2.23257743e+00 6.85601501e-02
9.91970337e-01 2.29205955e+00 -3.16669089e-04 2.28164721e+00 6.91581134e-02
9.92167724e-01 2.34290214e+00 -6.90294663e-04 2.33243715e+00 6.98691101e-02
9.92362663e-01 2.39565993e+00 -1.00083069e-03 2.38513432e+00 7.07072118e-02
9.92555155e-01 2.45054002e+00 -1.24154472e-03 2.43994619e+00 7.16861549e-02
9.92745200e-01 2.50777045e+00 -1.40598338e-03 2.49710132e+00 7.28191682e-02
9.92932796e-01 2.56760076e+00 -1.48804012e-03 2.55684992e+00 7.41187966e-02
9.93117944e-01 2.63030241e+00 -1.48202284e-03 2.61946426e+00 7.55967217e-02
9.93300642e-01 2.69616905e+00 -1.38272068e-03 2.68523896e+00 7.72635808e-02
9.93480891e-01 2.76551657e+00 -1.18546920e-03 2.75449098e+00 7.91287872e-02
9.93658689e-01 2.83868294e+00 -8.86213481e-04 2.82755953e+00 8.12003530e-02
9.93834037e-01 2.91602793e+00 -4.81568177e-04 2.90480569e+00 8.34847178e-02
9.94006934e-01 2.99793242e+00 3.11259217e-05 2.98661181e+00 8.59865833e-02
9.94177380e-01 3.08479768e+00 6.53749719e-04 3.07338068e+00 8.87087593e-02
9.94345374e-01 3.17704421e+00 1.38735861e-03 3.16553441e+00 9.16520197e-02
9.94510915e-01 3.27511044e+00 2.23214098e-03 3.26351312e+00 9.48149738e-02
9.94674004e-01 3.37945109e+00 3.18738299e-03 3.36777322e+00 9.81939536e-02
9.94834640e-01 3.49053528e+00 4.25144032e-03 3.47878559e+00 1.01782919e-01
9.94992823e-01 3.60884439e+00 5.42171740e-03 3.59703333e+00 1.05573382e-01
9.95148552e-01 3.73486958e+00 6.69465462e-03 3.72300930e+00 1.09554359e-01
9.95301826e-01 3.86910906e+00 8.06572405e-03 3.85721342e+00 1.13712337e-01
9.95452646e-01 4.01206515e+00 9.52943391e-03 4.00014959e+00 1.18031274e-01
9.95601011e-01 4.16424098e+00 1.10793423e-02 4.15232247e+00 1.22492622e-01
9.95746921e-01 4.32613703e+00 1.27080801e-02 4.31423396e+00 1.27075374e-01
9.95890375e-01 4.49824738e+00 1.44073838e-02 4.48637943e+00 1.31756148e-01
9.96031373e-01 4.68105579e+00 1.61681371e-02 4.66924377e+00 1.36509293e-01
9.96169914e-01 4.87503155e+00 1.79804227e-02 4.86329727e+00 1.41307023e-01
9.96305999e-01 5.08062522e+00 1.98335831e-02 5.06899127e+00 1.46119581e-01
9.96439627e-01 5.29826416e+00 2.17162906e-02 5.28675372e+00 1.50915434e-01
9.96570797e-01 5.52834799e+00 2.36166255e-02 5.51698466e+00 1.55661488e-01
9.96699510e-01 5.77124400e+00 2.55221629e-02 5.76005155e+00 1.60323335e-01
9.96825765e-01 6.02728249e+00 2.74200670e-02 6.01628463e+00 1.64865520e-01
9.96949561e-01 6.29675209e+00 2.92971920e-02 6.28597228e+00 1.69251829e-01
9.97070899e-01 6.57989517e+00 3.11401899e-02 6.56935637e+00 1.73445601e-01
9.97189778e-01 6.87690330e+00 3.29356219e-02 6.86662772e+00 1.77410052e-01
9.97306197e-01 7.18791281e+00 3.46700762e-02 7.17792172e+00 1.81108616e-01
9.97420157e-01 7.51300057e+00 3.63302867e-02 7.50331407e+00 1.84505296e-01
9.97531657e-01 7.85217992e+00 3.79032557e-02 7.84281676e+00 1.87565021e-01
9.97640697e-01 8.20539691e+00 3.93763762e-02 8.19637427e+00 1.90254012e-01
9.97747277e-01 8.57252677e+00 4.07375544e-02 8.56386011e+00 1.92540138e-01
9.97851396e-01 8.95337080e+00 4.19753305e-02 8.94507366e+00 1.94393280e-01
9.97953055e-01 9.34765352e+00 4.30789967e-02 9.33973745e+00 1.95785679e-01
9.98052252e-01 9.75502038e+00 4.40387109e-02 9.74749477e+00 1.96692273e-01
9.98148988e-01 1.01750358e+01 4.48456047e-02 1.01679078e+01 1.97091024e-01
9.98243262e-01 1.06071817e+01 4.54918858e-02 1.06004563e+01 1.96963218e-01
9.98335074e-01 1.10508568e+01 4.59709308e-02 1.10445365e+01 1.96293746e-01
9.98424424e-01 1.15053760e+01 4.62773706e-02 1.14994610e+01 1.95071354e-01
9.98511312e-01 1.19699707e+01 4.64071647e-02 1.19644590e+01 1.93288868e-01
9.98595738e-01 1.24437896e+01 4.63576645e-02 1.24386769e+01 1.90943383e-01
9.98677701e-01 1.29259002e+01 4.61276647e-02 1.29211799e+01 1.88036410e-01
9.98757201e-01 1.34152905e+01 4.57174420e-02 1.34109540e+01 1.84573989e-01
9.98834237e-01 1.39108722e+01 4.51287798e-02 1.39069088e+01 1.80566764e-01
9.98908811e-01 1.44114831e+01 4.43649792e-02 1.44078805e+01 1.76030005e-01
9.98980921e-01 1.49158918e+01 4.34308556e-02 1.49126359e+01 1.70983596e-01
9.99050567e-01 1.54228016e+01 4.23327204e-02 1.54198769e+01 1.65451969e-01
9.99117750e-01 1.59308560e+01 4.10783478e-02 1.59282455e+01 1.59463998e-01
9.99182468e-01 1.64386436e+01 3.96769272e-02 1.64363294e+01 1.53052845e-01
9.99244723e-01 1.69447049e+01 3.81390009e-02 1.69426683e+01 1.46255763e-01
9.99304513e-01 1.74475388e+01 3.64763876e-02 1.74457602e+01 1.39113851e-01
9.99361839e-01 1.79456092e+01 3.47020925e-02 1.79440689e+01 1.31671774e-01
9.99416700e-01 1.84373533e+01 3.28302047e-02 1.84360312e+01 1.23977437e-01
9.99469096e-01 1.89211886e+01 3.08757822e-02 1.89200647e+01 1.16081625e-01
9.99519028e-01 1.93955217e+01 2.88547262e-02 1.93945764e+01 1.08037604e-01
9.99566494e-01 1.98587568e+01 2.67836456e-02 1.98579708e+01 9.99007040e-02
9.99611495e-01 2.03093038e+01 2.46797131e-02 2.03086583e+01 9.17278569e-02
9.99654032e-01 2.07455875e+01 2.25605135e-02 2.07450648e+01 8.35771289e-02
9.99694102e-01 2.11660564e+01 2.04438871e-02 2.11656397e+01 7.55072255e-02
9.99731708e-01 2.15691918e+01 1.83477683e-02 2.15688652e+01 6.75769865e-02
9.99766848e-01 2.19535159e+01 1.62900222e-02 2.19532650e+01 5.98448735e-02
9.99799522e-01 2.23176014e+01 1.42882800e-02 2.23174129e+01 5.23684536e-02
9.99829731e-01 2.26600795e+01 1.23597753e-02 2.26599415e+01 4.52038872e-02
9.99857474e-01 2.29796482e+01 1.05211829e-02 2.29795502e+01 3.84054221e-02
9.99882751e-01 2.32750802e+01 8.78846238e-03 2.32750130e+01 3.20249021e-02
9.99905562e-01 2.35452306e+01 7.17670634e-03 2.35451866e+01 2.61112934e-02
9.99925908e-01 2.37890440e+01 5.69999741e-03 2.37890166e+01 2.07102345e-02
9.99943787e-01 2.40055607e+01 4.37127348e-03 2.40055448e+01 1.58636147e-02
9.99959200e-01 2.41939233e+01 3.20220358e-03 2.41939148e+01 1.16091842e-02
9.99972148e-01 2.43533816e+01 2.20307551e-03 2.43533776e+01 7.98020226e-03
9.99982629e-01 2.44832977e+01 1.38269618e-03 2.44832962e+01 5.00512420e-03
9.99990644e-01 2.45831504e+01 7.48305008e-04 2.45831499e+01 2.70732931e-03
9.99996193e-01 2.46525392e+01 3.05496458e-04 2.46525391e+01 1.10487434e-03
9.99999277e-01 2.46911996e+01 5.80878130e-05 2.46911996e+01 2.10041620e-04
