-9.99999277e-01 1.79015336e-02 -1.31861861e-07 -1.79015334e-02 2.05533170e-06
-9.99996193e-01 1.78928950e-02 -6.94646775e-07 -1.78928900e-02 1.08248084e-05
-9.99990644e-01 1.78773727e-02 -1.70662825e-06 -1.78773424e-02 2.65829636e-05
-9.99982629e-01 1.78549959e-02 -3.16715548e-06 -1.78548918e-02 4.93011124e-05
-9.99972148e-01 1.78258117e-02 -5.07499398e-06 -1.78255441e-02 7.89332719e-05
-9.99959200e-01 1.77898814e-02 -7.42850518e-06 -1.77893077e-02 1.15419006e-04
-9.99943787e-01 1.77472811e-02 -1.02256672e-05 -1.77461933e-02 1.58683804e-04
-9.99925908e-01 1.76981006e-02 -1.34640831e-05 -1.76962133e-02 2.08639285e-04
-9.99905562e-01 1.76424439e-02 -1.71409878e-05 -1.76393823e-02 2.65183384e-04
-9.99882751e-01 1.75804286e-02 -2.12532550e-05 -1.75757172e-02 3.28200566e-04
-9.99857474e-01 1.75121856e-02 -2.57974058e-05 -1.75052367e-02 3.97562060e-04
-9.99829731e-01 1.74378591e-02 -3.07696171e-05 -1.74279617e-02 4.73126120e-04
-9.99799522e-01 1.73576060e-02 -3.61657315e-05 -1.73439155e-02 5.54738315e-04
-9.99766848e-01 1.72715960e-02 -4.19812677e-05 -1.72531232e-02 6.42231834e-04
-9.99731708e-01 1.71800105e-02 -4.82114318e-05 -1.71556126e-02 7.35427831e-04
-9.99694102e-01 1.70830431e-02 -5.48511296e-05 -1.70514132e-02 8.34135777e-04
-9.99654032e-01 1.69808984e-02 -6.18949795e-05 -1.69405574e-02 9.38153851e-04
-9.99611495e-01 1.68737920e-02 -6.93373257e-05 -1.68230794e-02 1.04726934e-03
-9.99566494e-01 1.67619502e-02 -7.71722530e-05 -1.66990161e-02 1.16125907e-03
-9.99519028e-01 1.66456090e-02 -8.53936013e-05 -1.65684067e-02 1.27988986e-03
-9.99469096e-01 1.65250140e-02 -9.39949813e-05 -1.64312930e-02 1.40291897e-03
-9.99416700e-01 1.64004196e-02 -1.02969791e-04 -1.62877190e-02 1.53009461e-03
-9.99361839e-01 1.62720889e-02 -1.12311231e-04 -1.61377316e-02 1.66115642e-03
-9.99304513e-01 1.61402927e-02 -1.22012323e-04 -1.59813801e-02 1.79583603e-03
-9.99244723e-01 1.60053090e-02 -1.32065928e-04 -1.58187164e-02 1.93385752e-03
-9.99182468e-01 1.58674227e-02 -1.42464761e-04 -1.56497952e-02 2.07493806e-03
-9.99117750e-01 1.57269248e-02 -1.53201413e-04 -1.54746738e-02 2.21878842e-03
-9.99050567e-01 1.55841117e-02 -1.64268368e-04 -1.52934125e-02 2.36511352e-03
-9.98980921e-01 1.54392847e-02 -1.75658021e-04 -1.51060742e-02 2.51361308e-03
-9.98908811e-01 1.52927494e-02 -1.87362698e-04 -1.49127247e-02 2.66398216e-03
-9.98834237e-01 1.51448150e-02 -1.99374676e-04 -1.47134326e-02 2.81591179e-03
-9.98757201e-01 1.49957936e-02 -2.11686200e-04 -1.45082698e-02 2.96908954e-03
-9.98677701e-01 1.48459998e-02 -2.24289506e-04 -1.42973107e-02 3.12320018e-03
-9.98595738e-01 1.46957497e-02 -2.37176834e-04 -1.40806331e-02 3.27792627e-03
-9.98511312e-01 1.45453606e-02 -2.50340456e-04 -1.38583177e-02 3.43294877e-03
-9.98424424e-01 1.43951498e-02 -2.63772688e-04 -1.36304481e-02 3.58794769e-03
-9.98335074e-01 1.42454347e-02 -2.77465912e-04 -1.33971113e-02 3.74260267e-03
-9.98243262e-01 1.40965316e-02 -2.91412595e-04 -1.31583973e-02 3.89659365e-03
-9.98148988e-01 1.39487551e-02 -3.05605306e-04 -1.29143992e-02 4.04960142e-03
-9.98052252e-01 1.38024177e-02 -3.20036736e-04 -1.26652134e-02 4.20130830e-03
-9.97953055e-01 1.36578291e-02 -3.34699715e-04 -1.24109394e-02 4.35139871e-03
-9.97851396e-01 1.35152953e-02 -3.49587232e-04 -1.21516800e-02 4.49955975e-03
-9.97747277e-01 1.33751182e-02 -3.64692446e-04 -1.18875411e-02 4.64548186e-03
-9.97640697e-01 1.32375951e-02 -3.80008711e-04 -1.16186320e-02 4.78885932e-03
-9.97531657e-01 1.31030179e-02 -3.95529584e-04 -1.13450649e-02 4.92939091e-03
-9.97420157e-01 1.29716726e-02 -4.11248847e-04 -1.10669555e-02 5.06678040e-03
-9.97306197e-01 1.28438386e-02 -4.27160518e-04 -1.07844226e-02 5.20073712e-03
-9.97189778e-01 1.27197885e-02 -4.43258868e-04 -1.04975883e-02 5.33097654e-03
-9.97070899e-01 1.25997871e-02 -4.59538430e-04 -1.02065777e-02 5.45722072e-03
-9.96949561e-01 1.24840913e-02 -4.75994020e-04 -9.91151910e-03 5.57919887e-03
-9.96825765e-01 1.23729491e-02 -4.92620739e-04 -9.61254405e-03 5.69664783e-03
-9.96699510e-01 1.22665997e-02 -5.09413993e-04 -9.30978707e-03 5.80931251e-03
-9.96570797e-01 1.21652728e-02 -5.26369499e-04 -9.00338575e-03 5.91694638e-03
-9.96439627e-01 1.20691878e-02 -5.43483296e-04 -8.69348070e-03 6.01931189e-03
-9.96305999e-01 1.19785540e-02 -5.60751752e-04 -8.38021547e-03 6.11618089e-03
-9.96169914e-01 1.18935698e-02 -5.78171575e-04 -8.06373651e-03 6.20733501e-03
-9.96031373e-01 1.18144225e-02 -5.95739818e-04 -7.74419312e-03 6.29256604e-03
-9.95890375e-01 1.17412878e-02 -6.13453885e-04 -7.42173736e-03 6.37167627e-03
-9.95746921e-01 1.16743296e-02 -6.31311537e-04 -7.09652396e-03 6.44447884e-03
-9.95601011e-01 1.16136999e-02 -6.49310894e-04 -6.76871032e-03 6.51079801e-03
-9.95452646e-01 1.15595380e-02 -6.67450442e-04 -6.43845632e-03 6.57046947e-03
-9.95301826e-01 1.15119709e-02 -6.85729030e-04 -6.10592432e-03 6.62334056e-03
-9.95148552e-01 1.14711125e-02 -7.04145876e-04 -5.77127899e-03 6.66927052e-03
-9.94992823e-01 1.14370638e-02 -7.22700564e-04 -5.43468728e-03 6.70813072e-03
-9.94834640e-01 1.14099127e-02 -7.41393044e-04 -5.09631826e-03 6.73980477e-03
-9.94674004e-01 1.13897337e-02 -7.60223630e-04 -4.75634301e-03 6.76418875e-03
-9.94510915e-01 1.13765881e-02 -7.79192997e-04 -4.41493456e-03 6.78119127e-03
-9.94345374e-01 1.13705235e-02 -7.98302178e-04 -4.07226769e-03 6.79073363e-03
-9.94177380e-01 1.13715742e-02 -8.17552557e-04 -3.72851885e-03 6.79274985e-03
-9.94006934e-01 1.13797607e-02 -8.36945865e-04 -3.38386602e-03 6.78718676e-03
-9.93834037e-01 1.13950903e-02 -8.56484172e-04 -3.03848854e-03 6.77400397e-03
-9.93658689e-01 1.14175567e-02 -8.76169879e-04 -2.69256704e-03 6.75317393e-03
-9.93480891e-01 1.14471402e-02 -8.96005711e-04 -2.34628321e-03 6.72468186e-03
-9.93300642e-01 1.14838079e-02 -9.15994705e-04 -1.99981972e-03 6.68852572e-03
-9.93117944e-01 1.15275136e-02 -9.36140200e-04 -1.65336001e-03 6.64471613e-03
-9.92932796e-01 1.15781981e-02 -9.56445826e-04 -1.30708817e-03 6.59327623e-03
-9.92745200e-01 1.16357894e-02 -9.76915492e-04 -9.61188757e-04 6.53424163e-03
-9.92555155e-01 1.17002029e-02 -9.97553372e-04 -6.15846640e-04 6.46766019e-03
-9.92362663e-01 1.17713414e-02 -1.01836389e-03 -2.71246829e-04 6.39359189e-03
-9.92167724e-01 1.18490958e-02 -1.03935170e-03 7.24256966e-05 6.31210860e-03
-9.91970337e-01 1.19333448e-02 -1.06052170e-03 4.14986161e-04 6.22329390e-03
-9.91770504e-01 1.20239557e-02 -1.08187896e-03 7.56250168e-04 6.12724281e-03
-9.91568226e-01 1.21207845e-02 -1.10342877e-03 1.09603388e-03 6.02406156e-03
-9.91363501e-01 1.22236762e-02 -1.12517656e-03 1.43415419e-03 5.91386728e-03
-9.91156332e-01 1.23324654e-02 -1.14712793e-03 1.77042891e-03 5.79678771e-03
-9.90946719e-01 1.24469761e-02 -1.16928862e-03 2.10467696e-03 5.67296090e-03
-9.90734662e-01 1.25670230e-02 -1.19166446e-03 2.43671853e-03 5.54253485e-03
-9.90520161e-01 1.26924111e-02 -1.21426141e-03 2.76637528e-03 5.40566718e-03
-9.90303218e-01 1.28229365e-02 -1.23708546e-03 3.09347051e-03 5.26252476e-03
-9.90083833e-01 1.29583867e-02 -1.26014271e-03 3.41782937e-03 5.11328330e-03
-9.89862005e-01 1.30985414e-02 -1.28343924e-03 3.73927899e-03 4.95812700e-03
-9.89637737e-01 1.32431725e-02 -1.30698118e-03 4.05764872e-03 4.79724808e-03
-9.89411028e-01 1.33920448e-02 -1.33077464e-03 4.37277028e-03 4.63084643e-03
-9.89181879e-01 1.35449168e-02 -1.35482570e-03 4.68447793e-03 4.45912913e-03
-9.88950290e-01 1.37015406e-02 -1.37914039e-03 4.99260868e-03 4.28231001e-03
-9.88716263e-01 1.38616628e-02 -1.40372468e-03 5.29700243e-03 4.10060922e-03
-9.88479797e-01 1.40250249e-02 -1.42858444e-03 5.59750215e-03 3.91425274e-03
-9.88240894e-01 1.41913641e-02 -1.45372541e-03 5.89395408e-03 3.72347195e-03
-9.87999553e-01 1.43604134e-02 -1.47915322e-03 6.18620785e-03 3.52850315e-03
-9.87755776e-01 1.45319024e-02 -1.50487334e-03 6.47411668e-03 3.32958705e-03
-9.87509562e-01 1.47055577e-02 -1.53089105e-03 6.75753751e-03 3.12696832e-03
-9.87260914e-01 1.48811037e-02 -1.55721143e-03 7.03633120e-03 2.92089512e-03
-9.87009830e-01 1.50582628e-02 -1.58383937e-03 7.31036262e-03 2.71161856e-03
-9.86756313e-01 1.52367561e-02 -1.61077950e-03 7.57950083e-03 2.49939230e-03
-9.86500362e-01 1.54163041e-02 -1.63803619e-03 7.84361925e-03 2.28447198e-03
-9.86241978e-01 1.55966269e-02 -1.66561354e-03 8.10259573e-03 2.06711478e-03
-9.85981162e-01 1.57774450e-02 -1.69351536e-03 8.35631273e-03 1.84757895e-03
-9.85717914e-01 1.59584797e-02 -1.72174515e-03 8.60465745e-03 1.62612329e-03
-9.85452235e-01 1.61394535e-02 -1.75030606e-03 8.84752189e-03 1.40300673e-03
-9.85184126e-01 1.63200911e-02 -1.77920091e-03 9.08480305e-03 1.17848783e-03
-9.84913588e-01 1.65001191e-02 -1.80843216e-03 9.31640296e-03 9.52824319e-04
-9.84640620e-01 1.66792672e-02 -1.83800189e-03 9.54222884e-03 7.26272648e-04
-9.84365224e-01 1.68572685e-02 -1.86791176e-03 9.76219314e-03 4.99087552e-04
-9.84087401e-01 1.70338597e-02 -1.89816305e-03 9.97621367e-03 2.71521604e-04
-9.83807150e-01 1.72087818e-02 -1.92875663e-03 1.01842137e-02 4.38247916e-05
-9.83524474e-01 1.73817806e-02 -1.95969290e-03 1.03861218e-02 -1.83755900e-04
-9.83239372e-01 1.75526068e-02 -1.99097185e-03 1.05818725e-02 -4.10976893e-04
-9.82951845e-01 1.77210168e-02 -2.02259300e-03 1.07714055e-02 -6.37598409e-04
-9.82661894e-01 1.78867730e-02 -2.05455540e-03 1.09546665e-02 -8.63384850e-04
-9.82369519e-01 1.80496440e-02 -2.08685766e-03 1.11316067e-02 -1.08810516e-03
-9.82074722e-01 1.82094050e-02 -2.11949786e-03 1.13021833e-02 -1.31153320e-03
-9.81777503e-01 1.83658384e-02 -2.15247364e-03 1.14663590e-02 -1.53344804e-03
-9.81477862e-01 1.85187339e-02 -2.18578212e-03 1.16241024e-02 -1.75363433e-03
-9.81175801e-01 1.86678888e-02 -2.21941993e-03 1.17753879e-02 -1.97188259e-03
-9.80871321e-01 1.88131085e-02 -2.25338322e-03 1.19201959e-02 -2.18798950e-03
-9.80564421e-01 1.89542066e-02 -2.28766760e-03 1.20585122e-02 -2.40175817e-03
-9.80255103e-01 1.90910050e-02 -2.32226822e-03 1.21903289e-02 -2.61299841e-03
-9.79943368e-01 1.92233347e-02 -2.35717969e-03 1.23156434e-02 -2.82152696e-03
-9.79629216e-01 1.93510354e-02 -2.39239613e-03 1.24344591e-02 -3.02716775e-03
-9.79312648e-01 1.94739559e-02 -2.42791118e-03 1.25467851e-02 -3.22975203e-03
-9.78993665e-01 1.95919544e-02 -2.46371795e-03 1.26526362e-02 -3.42911866e-03
-9.78672267e-01 1.97048986e-02 -2.49980907e-03 1.27520327e-02 -3.62511419e-03
-9.78348456e-01 1.98126658e-02 -2.53617670e-03 1.28450005e-02 -3.81759308e-03
-9.78022233e-01 1.99151428e-02 -2.57281249e-03 1.29315710e-02 -4.00641779e-03
-9.77693597e-01 2.00122265e-02 -2.60970763e-03 1.30117810e-02 -4.19145893e-03
-9.77362550e-01 2.01038234e-02 -2.64685284e-03 1.30856728e-02 -4.37259534e-03
-9.77029093e-01 2.01898501e-02 -2.68423838e-03 1.31532938e-02 -4.54971418e-03
-9.76693226e-01 2.02702329e-02 -2.72185409e-03 1.32146964e-02 -4.72271100e-03
-9.76354950e-01 2.03449085e-02 -2.75968933e-03 1.32699385e-02 -4.89148975e-03
-9.76014267e-01 2.04138230e-02 -2.79773308e-03 1.33190826e-02 -5.05596288e-03
-9.75671177e-01 2.04769327e-02 -2.83597389e-03 1.33621961e-02 -5.21605127e-03
-9.75325680e-01 2.05342039e-02 -2.87439990e-03 1.33993513e-02 -5.37168428e-03
-9.74977778e-01 2.05856123e-02 -2.91299890e-03 1.34306248e-02 -5.52279970e-03
-9.74627472e-01 2.06311435e-02 -2.95175831e-03 1.34560980e-02 -5.66934374e-03
-9.74274762e-01 2.06707928e-02 -2.99066518e-03 1.34758564e-02 -5.81127094e-03
-9.73919650e-01 2.07045649e-02 -3.02970625e-03 1.34899897e-02 -5.94854411e-03
-9.73562135e-01 2.07324736e-02 -3.06886794e-03 1.34985917e-02 -6.08113428e-03
-9.73202220e-01 2.07545423e-02 -3.10813637e-03 1.35017603e-02 -6.20902054e-03
-9.72839904e-01 2.07708030e-02 -3.14749741e-03 1.34995967e-02 -6.33218998e-03
-9.72475189e-01 2.07812968e-02 -3.18693665e-03 1.34922061e-02 -6.45063750e-03
-9.72108076e-01 2.07860732e-02 -3.22643946e-03 1.34796968e-02 -6.56436575e-03
-9.71738566e-01 2.07851903e-02 -3.26599099e-03 1.34621807e-02 -6.67338489e-03
-9.71366659e-01 2.07787142e-02 -3.30557620e-03 1.34397725e-02 -6.77771250e-03
-9.70992357e-01 2.07667189e-02 -3.34517988e-03 1.34125899e-02 -6.87737333e-03
-9.70615660e-01 2.07492864e-02 -3.38478668e-03 1.33807534e-02 -6.97239916e-03
-9.70236569e-01 2.07265056e-02 -3.42438113e-03 1.33443861e-02 -7.06282860e-03
-9.69855086e-01 2.06984730e-02 -3.46394763e-03 1.33036133e-02 -7.14870683e-03
-9.69471210e-01 2.06652917e-02 -3.50347054e-03 1.32585628e-02 -7.23008545e-03
-9.69084944e-01 2.06270712e-02 -3.54293414e-03 1.32093642e-02 -7.30702220e-03
-9.68696288e-01 2.05839277e-02 -3.58232268e-03 1.31561490e-02 -7.37958074e-03
-9.68305243e-01 2.05359830e-02 -3.62162041e-03 1.30990505e-02 -7.44783042e-03
-9.67911810e-01 2.04833646e-02 -3.66081159e-03 1.30382033e-02 -7.51184603e-03
-9.67515990e-01 2.04262053e-02 -3.69988052e-03 1.29737435e-02 -7.57170752e-03
-9.67117784e-01 2.03646430e-02 -3.73881156e-03 1.29058082e-02 -7.62749976e-03
-9.66717192e-01 2.02988200e-02 -3.77758916e-03 1.28345354e-02 -7.67931227e-03
-9.66314217e-01 2.02288832e-02 -3.81619787e-03 1.27600640e-02 -7.72723897e-03
-9.65908859e-01 2.01549832e-02 -3.85462237e-03 1.26825334e-02 -7.77137787e-03
-9.65501118e-01 2.00772746e-02 -3.89284750e-03 1.26020834e-02 -7.81183083e-03
-9.65090997e-01 1.99959150e-02 -3.93085827e-03 1.25188541e-02 -7.84870326e-03
-9.64678495e-01 1.99110649e-02 -3.96863988e-03 1.24329857e-02 -7.88210387e-03
-9.64263614e-01 1.98228879e-02 -4.00617776e-03 1.23446180e-02 -7.91214436e-03
-9.63846355e-01 1.97315493e-02 -4.04345758e-03 1.22538908e-02 -7.93893917e-03
-9.63426720e-01 1.96372167e-02 -4.08046524e-03 1.21609433e-02 -7.96260518e-03
-9.63004708e-01 1.95400593e-02 -4.11718695e-03 1.20659143e-02 -7.98326146e-03
-9.62580321e-01 1.94402476e-02 -4.15360920e-03 1.19689415e-02 -8.00102895e-03
-9.62153561e-01 1.93379528e-02 -4.18971879e-03 1.18701619e-02 -8.01603024e-03
-9.61724427e-01 1.92333470e-02 -4.22550287e-03 1.17697113e-02 -8.02838928e-03
-9.61292922e-01 1.91266026e-02 -4.26094891e-03 1.16677243e-02 -8.03823110e-03
-9.60859046e-01 1.90178920e-02 -4.29604478e-03 1.15643342e-02 -8.04568157e-03
-9.60422801e-01 1.89073872e-02 -4.33077870e-03 1.14596726e-02 -8.05086713e-03
-9.59984187e-01 1.87952597e-02 -4.36513931e-03 1.13538696e-02 -8.05391453e-03
-9.59543205e-01 1.86816801e-02 -4.39911562e-03 1.12470534e-02 -8.05495061e-03
-9.59099857e-01 1.85668180e-02 -4.43269711e-03 1.11393504e-02 -8.05410203e-03
-9.58654144e-01 1.84508412e-02 -4.46587364e-03 1.10308847e-02 -8.05149505e-03
-9.58206066e-01 1.83339161e-02 -4.49863555e-03 1.09217786e-02 -8.04725531e-03
-9.57755626e-01 1.82162070e-02 -4.53097362e-03 1.08121519e-02 -8.04150757e-03
-9.57302823e-01 1.80978760e-02 -4.56287909e-03 1.07021219e-02 -8.03437554e-03
-9.56847660e-01 1.79790828e-02 -4.59434365e-03 1.05918038e-02 -8.02598164e-03
-9.56390137e-01 1.78599844e-02 -4.62535951e-03 1.04813099e-02 -8.01644683e-03
-9.55930255e-01 1.77407349e-02 -4.65591932e-03 1.03707499e-02 -8.00589040e-03
-9.55468016e-01 1.76214853e-02 -4.68601623e-03 1.02602308e-02 -7.99442977e-03
-9.55003420e-01 1.75023833e-02 -4.71564388e-03 1.01498567e-02 -7.98218036e-03
-9.54536469e-01 1.73835730e-02 -4.74479639e-03 1.00397288e-02 -7.96925538e-03
-9.54067164e-01 1.72651950e-02 -4.77346840e-03 9.92994547e-03 -7.95576570e-03
-9.53595507e-01 1.71473861e-02 -4.80165501e-03 9.82060180e-03 -7.94181970e-03
-9.53121497e-01 1.70302789e-02 -4.82935184e-03 9.71178992e-03 -7.92752311e-03
-9.52645137e-01 1.69140021e-02 -4.85655498e-03 9.60359878e-03 -7.91297891e-03
-9.52166428e-01 1.67986800e-02 -4.88326104e-03 9.49611414e-03 -7.89828718e-03
-9.51685370e-01 1.66844325e-02 -4.90946707e-03 9.38941851e-03 -7.88354499e-03
-9.51201965e-01 1.65713753e-02 -4.93517064e-03 9.28359114e-03 -7.86884635e-03
-9.50716215e-01 1.64596192e-02 -4.96036977e-03 9.17870799e-03 -7.85428204e-03
-9.50228120e-01 1.63492705e-02 -4.98506297e-03 9.07484167e-03 -7.83993957e-03
-9.49737681e-01 1.62404308e-02 -5.00924919e-03 8.97206147e-03 -7.82590310e-03
-9.49244901e-01 1.61331968e-02 -5.03292785e-03 8.87043332e-03 -7.81225336e-03
-9.48749779e-01 1.60276604e-02 -5.05609879e-03 8.77001979e-03 -7.79906761e-03
-9.48252318e-01 1.59239086e-02 -5.07876232e-03 8.67088009e-03 -7.78641960e-03
-9.47752518e-01 1.58220235e-02 -5.10091913e-03 8.57307007e-03 -7.77437949e-03
-9.47250380e-01 1.57220822e-02 -5.12257036e-03 8.47664223e-03 -7.76301385e-03
-9.46745907e-01 1.56241570e-02 -5.14371752e-03 8.38164573e-03 -7.75238565e-03
-9.46239099e-01 1.55283152e-02 -5.16436251e-03 8.28812640e-03 -7.74255419e-03
-9.45729957e-01 1.54346190e-02 -5.18450761e-03 8.19612679e-03 -7.73357516e-03
-9.45218483e-01 1.53431259e-02 -5.20415545e-03 8.10568618e-03 -7.72550060e-03
-9.44704677e-01 1.52538883e-02 -5.22330901e-03 8.01684059e-03 -7.71837892e-03
-9.44188542e-01 1.51669540e-02 -5.24197157e-03 7.92962285e-03 -7.71225491e-03
-9.43670079e-01 1.50823657e-02 -5.26014675e-03 7.84406263e-03 -7.70716978e-03
-9.43149288e-01 1.50001616e-02 -5.27783845e-03 7.76018647e-03 -7.70316115e-03
-9.42626171e-01 1.49203750e-02 -5.29505084e-03 7.67801785e-03 -7.70026314e-03
-9.42100730e-01 1.48430347e-02 -5.31178834e-03 7.59757721e-03 -7.69850638e-03
-9.41572965e-01 1.47681650e-02 -5.32805565e-03 7.51888204e-03 -7.69791806e-03
-9.41042878e-01 1.46957856e-02 -5.34385763e-03 7.44194690e-03 -7.69852197e-03
-9.40510470e-01 1.46259118e-02 -5.35919939e-03 7.36678352e-03 -7.70033859e-03
-9.39975743e-01 1.45585548e-02 -5.37408622e-03 7.29340084e-03 -7.70338515e-03
-9.39438698e-01 1.44937213e-02 -5.38852354e-03 7.22180506e-03 -7.70767567e-03
-9.38899336e-01 1.44314143e-02 -5.40251696e-03 7.15199976e-03 -7.71322106e-03
-9.38357658e-01 1.43716326e-02 -5.41607219e-03 7.08398591e-03 -7.72002918e-03
-9.37813667e-01 1.43143710e-02 -5.42919505e-03 7.01776200e-03 -7.72810493e-03
-9.37267362e-01 1.42596210e-02 -5.44189146e-03 6.95332408e-03 -7.73745035e-03
-9.36718746e-01 1.42073701e-02 -5.45416741e-03 6.89066583e-03 -7.74806466e-03
-9.36167820e-01 1.41576023e-02 -5.46602893e-03 6.82977867e-03 -7.75994440e-03
-9.35614585e-01 1.41102986e-02 -5.47748209e-03 6.77065183e-03 -7.77308351e-03
-9.35059043e-01 1.40654364e-02 -5.48853297e-03 6.71327241e-03 -7.78747339e-03
-9.34501195e-01 1.40229901e-02 -5.49918765e-03 6.65762550e-03 -7.80310305e-03
-9.33941042e-01 1.39829312e-02 -5.50945219e-03 6.60369422e-03 -7.81995917e-03
-9.33378586e-01 1.39452283e-02 -5.51933260e-03 6.55145984e-03 -7.83802622e-03
-9.32813828e-01 1.39098473e-02 -5.52883485e-03 6.50090186e-03 -7.85728654e-03
-9.32246769e-01 1.38767516e-02 -5.53796483e-03 6.45199806e-03 -7.87772048e-03
-9.31677412e-01 1.38459021e-02 -5.54672833e-03 6.40472464e-03 -7.89930644e-03
-9.31105757e-01 1.38172576e-02 -5.55513105e-03 6.35905626e-03 -7.92202103e-03
-9.30531805e-01 1.37907744e-02 -5.56317856e-03 6.31496616e-03 -7.94583916e-03
-9.29955559e-01 1.37664071e-02 -5.57087630e-03 6.27242622e-03 -7.97073412e-03
-9.29377019e-01 1.37441084e-02 -5.57822957e-03 6.23140706e-03 -7.99667769e-03
-9.28796187e-01 1.37238291e-02 -5.58524348e-03 6.19187811e-03 -8.02364025e-03
-9.28213065e-01 1.37055185e-02 -5.59192301e-03 6.15380772e-03 -8.05159087e-03
-9.27627654e-01 1.36891244e-02 -5.59827290e-03 6.11716320e-03 -8.08049742e-03
-9.27039955e-01 1.36745933e-02 -5.60429774e-03 6.08191096e-03 -8.11032666e-03
-9.26449969e-01 1.36618705e-02 -5.61000189e-03 6.04801654e-03 -8.14104433e-03
-9.25857699e-01 1.36509000e-02 -5.61538949e-03 6.01544471e-03 -8.17261526e-03
-9.25263146e-01 1.36416252e-02 -5.62046445e-03 5.98415956e-03 -8.20500343e-03
-9.24666310e-01 1.36339883e-02 -5.62523046e-03 5.95412456e-03 -8.23817211e-03
-9.24067195e-01 1.36279310e-02 -5.62969096e-03 5.92530265e-03 -8.27208390e-03
-9.23465800e-01 1.36233943e-02 -5.63384914e-03 5.89765630e-03 -8.30670084e-03
-9.22862128e-01 1.36203186e-02 -5.63770794e-03 5.87114759e-03 -8.34198451e-03
-9.22256180e-01 1.36186442e-02 -5.64127004e-03 5.84573829e-03 -8.37789607e-03
-9.21647958e-01 1.36183109e-02 -5.64453785e-03 5.82138993e-03 -8.41439635e-03
-9.21037462e-01 1.36192582e-02 -5.64751352e-03 5.79806382e-03 -8.45144596e-03
-9.20424696e-01 1.36214257e-02 -5.65019894e-03 5.77572121e-03 -8.48900533e-03
-9.19809659e-01 1.36247531e-02 -5.65259571e-03 5.75432326e-03 -8.52703479e-03
-9.19192354e-01 1.36291799e-02 -5.65470517e-03 5.73383115e-03 -8.56549463e-03
-9.18572782e-01 1.36346459e-02 -5.65652840e-03 5.71420613e-03 -8.60434517e-03
-9.17950945e-01 1.36410914e-02 -5.65806619e-03 5.69540959e-03 -8.64354683e-03
-9.17326844e-01 1.36484567e-02 -5.65931909e-03 5.67740310e-03 -8.68306018e-03
-9.16700480e-01 1.36566827e-02 -5.66028737e-03 5.66014844e-03 -8.72284601e-03
-9.16071856e-01 1.36657107e-02 -5.66097104e-03 5.64360770e-03 -8.76286536e-03
-9.15440973e-01 1.36754827e-02 -5.66136985e-03 5.62774333e-03 -8.80307957e-03
-9.14807832e-01 1.36859412e-02 -5.66148331e-03 5.61251811e-03 -8.84345036e-03
-9.14172435e-01 1.36970294e-02 -5.66131068e-03 5.59789528e-03 -8.88393986e-03
-9.13534783e-01 1.37086914e-02 -5.66085098e-03 5.58383855e-03 -8.92451061e-03
-9.12894879e-01 1.37208717e-02 -5.66010300e-03 5.57031213e-03 -8.96512569e-03
-9.12252723e-01 1.37335162e-02 -5.65906531e-03 5.55728078e-03 -9.00574865e-03
-9.11608317e-01 1.37465711e-02 -5.65773625e-03 5.54470983e-03 -9.04634362e-03
-9.10961663e-01 1.37599840e-02 -5.65611399e-03 5.53256525e-03 -9.08687533e-03
-9.10312763e-01 1.37737033e-02 -5.65419646e-03 5.52081364e-03 -9.12730911e-03
-9.09661618e-01 1.37876783e-02 -5.65198144e-03 5.50942226e-03 -9.16761092e-03
-9.09008229e-01 1.38018594e-02 -5.64946652e-03 5.49835909e-03 -9.20774741e-03
-9.08352599e-01 1.38161981e-02 -5.64664912e-03 5.48759284e-03 -9.24768592e-03
-9.07694728e-01 1.38306471e-02 -5.64352653e-03 5.47709294e-03 -9.28739447e-03
-9.07034619e-01 1.38451600e-02 -5.64009588e-03 5.46682963e-03 -9.32684183e-03
-9.06372273e-01 1.38596917e-02 -5.63635418e-03 5.45677389e-03 -9.36599750e-03
-9.05707691e-01 1.38741980e-02 -5.63229833e-03 5.44689753e-03 -9.40483174e-03
-9.05040876e-01 1.38886363e-02 -5.62792513e-03 5.43717317e-03 -9.44331557e-03
-9.04371830e-01 1.39029648e-02 -5.62323129e-03 5.42757426e-03 -9.48142079e-03
-9.03700552e-01 1.39171431e-02 -5.61821344e-03 5.41807508e-03 -9.51911996e-03
-9.03027046e-01 1.39311318e-02 -5.61286816e-03 5.40865077e-03 -9.55638647e-03
-9.02351313e-01 1.39448929e-02 -5.60719199e-03 5.39927731e-03 -9.59319447e-03
-9.01673355e-01 1.39583895e-02 -5.60118142e-03 5.38993156e-03 -9.62951893e-03
-9.00993173e-01 1.39715861e-02 -5.59483294e-03 5.38059123e-03 -9.66533560e-03
-9.00310769e-01 1.39844481e-02 -5.58814302e-03 5.37123490e-03 -9.70062106e-03
-8.99626145e-01 1.39969423e-02 -5.58110816e-03 5.36184202e-03 -9.73535266e-03
-8.98939302e-01 1.40090366e-02 -5.57372487e-03 5.35239290e-03 -9.76950858e-03
-8.98250242e-01 1.40207004e-02 -5.56598971e-03 5.34286872e-03 -9.80306778e-03
-8.97558967e-01 1.40319039e-02 -5.55789928e-03 5.33325153e-03 -9.83601002e-03
-8.96865478e-01 1.40426187e-02 -5.54945026e-03 5.32352420e-03 -9.86831587e-03
-8.96169778e-01 1.40528176e-02 -5.54063940e-03 5.31367051e-03 -9.89996666e-03
-8.95471867e-01 1.40624745e-02 -5.53146356e-03 5.30367502e-03 -9.93094452e-03
-8.94771748e-01 1.40715645e-02 -5.52191969e-03 5.29352317e-03 -9.96123237e-03
-8.94069423e-01 1.40800638e-02 -5.51200486e-03 5.28320121e-03 -9.99081389e-03
-8.93364892e-01 1.40879497e-02 -5.50171628e-03 5.27269621e-03 -1.00196735e-02
-8.92658159e-01 1.40952009e-02 -5.49105130e-03 5.26199604e-03 -1.00477965e-02
-8.91949223e-01 1.41017970e-02 -5.48000743e-03 5.25108938e-03 -1.00751688e-02
-8.91238089e-01 1.41077186e-02 -5.46858233e-03 5.23996566e-03 -1.01017771e-02
-8.90524756e-01 1.41129476e-02 -5.45677386e-03 5.22861511e-03 -1.01276088e-02
-8.89809227e-01 1.41174670e-02 -5.44458005e-03 5.21702871e-03 -1.01526522e-02
-8.89091503e-01 1.41212606e-02 -5.43199913e-03 5.20519816e-03 -1.01768962e-02
-8.88371587e-01 1.41243135e-02 -5.41902955e-03 5.19311592e-03 -1.02003304e-02
-8.87649480e-01 1.41266118e-02 -5.40566997e-03 5.18077511e-03 -1.02229452e-02
-8.86925184e-01 1.41281425e-02 -5.39191925e-03 5.16816961e-03 -1.02447315e-02
-8.86198701e-01 1.41288937e-02 -5.37777652e-03 5.15529391e-03 -1.02656813e-02
-8.85470032e-01 1.41288545e-02 -5.36324111e-03 5.14214322e-03 -1.02857868e-02
-8.84739180e-01 1.41280150e-02 -5.34831262e-03 5.12871336e-03 -1.03050412e-02
-8.84006145e-01 1.41263661e-02 -5.33299089e-03 5.11500079e-03 -1.03234383e-02
-8.83270931e-01 1.41238998e-02 -5.31727601e-03 5.10100257e-03 -1.03409726e-02
-8.82533538e-01 1.41206090e-02 -5.30116835e-03 5.08671638e-03 -1.03576392e-02
-8.81793969e-01 1.41164875e-02 -5.28466851e-03 5.07214044e-03 -1.03734338e-02
-8.81052225e-01 1.41115301e-02 -5.26777739e-03 5.05727357e-03 -1.03883530e-02
-8.80308308e-01 1.41057323e-02 -5.25049613e-03 5.04211509e-03 -1.04023938e-02
-8.79562220e-01 1.40990906e-02 -5.23282617e-03 5.02666487e-03 -1.04155539e-02
-8.78813963e-01 1.40916024e-02 -5.21476920e-03 5.01092328e-03 -1.04278316e-02
-8.78063539e-01 1.40832660e-02 -5.19632718e-03 4.99489118e-03 -1.04392260e-02
-8.77310949e-01 1.40740802e-02 -5.17750236e-03 4.97856989e-03 -1.04497365e-02
-8.76556196e-01 1.40640450e-02 -5.15829725e-03 4.96196120e-03 -1.04593635e-02
-8.75799281e-01 1.40531610e-02 -5.13871464e-03 4.94506732e-03 -1.04681076e-02
-8.75040206e-01 1.40414298e-02 -5.11875757e-03 4.92789090e-03 -1.04759703e-02
-8.74278973e-01 1.40288535e-02 -5.09842937e-03 4.91043498e-03 -1.04829535e-02
-8.73515584e-01 1.40154351e-02 -5.07773361e-03 4.89270299e-03 -1.04890600e-02
-8.72750041e-01 1.40011785e-02 -5.05667413e-03 4.87469873e-03 -1.04942927e-02
-8.71982345e-01 1.39860881e-02 -5.03525503e-03 4.85642635e-03 -1.04986555e-02
-8.71212499e-01 1.39701691e-02 -5.01348066e-03 4.83789036e-03 -1.05021527e-02
-8.70440504e-01 1.39534276e-02 -4.99135559e-03 4.81909555e-03 -1.05047890e-02
-8.69666363e-01 1.39358700e-02 -4.96888466e-03 4.80004707e-03 -1.05065700e-02
-8.68890077e-01 1.39175039e-02 -4.94607293e-03 4.78075032e-03 -1.05075016e-02
-8.68111648e-01 1.38983371e-02 -4.92292568e-03 4.76121100e-03 -1.05075903e-02
-8.67331079e-01 1.38783784e-02 -4.89944841e-03 4.74143508e-03 -1.05068431e-02
-8.66548370e-01 1.38576370e-02 -4.87564685e-03 4.72142876e-03 -1.05052676e-02
-8.65763524e-01 1.38361229e-02 -4.85152691e-03 4.70119850e-03 -1.05028719e-02
-8.64976543e-01 1.38138467e-02 -4.82709470e-03 4.68075094e-03 -1.04996645e-02
-8.64187429e-01 1.37908194e-02 -4.80235651e-03 4.66009299e-03 -1.04956546e-02
-8.63396184e-01 1.37670529e-02 -4.77731883e-03 4.63923171e-03 -1.04908517e-02
-8.62602809e-01 1.37425593e-02 -4.75198830e-03 4.61817437e-03 -1.04852658e-02
-8.61807307e-01 1.37173517e-02 -4.72637170e-03 4.59692839e-03 -1.04789076e-02
-8.61009680e-01 1.36914433e-02 -4.70047600e-03 4.57550138e-03 -1.04717878e-02
-8.60209930e-01 1.36648481e-02 -4.67430827e-03 4.55390107e-03 -1.04639181e-02
-8.59408057e-01 1.36375805e-02 -4.64787574e-03 4.53213535e-03 -1.04553103e-02
-8.58604066e-01 1.36096554e-02 -4.62118572e-03 4.51021222e-03 -1.04459765e-02
-8.57797957e-01 1.35810882e-02 -4.59424567e-03 4.48813982e-03 -1.04359296e-02
-8.56989732e-01 1.35518946e-02 -4.56706311e-03 4.46592637e-03 -1.04251827e-02
-8.56179395e-01 1.35220910e-02 -4.53964566e-03 4.44358021e-03 -1.04137491e-02
-8.55366945e-01 1.34916939e-02 -4.51200103e-03 4.42110974e-03 -1.04016429e-02
-8.54552386e-01 1.34607205e-02 -4.48413698e-03 4.39852346e-03 -1.03888781e-02
-8.53735720e-01 1.34291882e-02 -4.45606132e-03 4.37582993e-03 -1.03754693e-02
-8.52916948e-01 1.33971146e-02 -4.42778191e-03 4.35303776e-03 -1.03614314e-02
-8.52096073e-01 1.33645180e-02 -4.39930666e-03 4.33015564e-03 -1.03467795e-02
-8.51273096e-01 1.33314167e-02 -4.37064348e-03 4.30719227e-03 -1.03315292e-02
-8.50448020e-01 1.32978294e-02 -4.34180031e-03 4.28415640e-03 -1.03156962e-02
-8.49620847e-01 1.32637751e-02 -4.31278507e-03 4.26105680e-03 -1.02992964e-02
-8.48791578e-01 1.32292730e-02 -4.28360572e-03 4.23790225e-03 -1.02823462e-02
-8.47960216e-01 1.31943426e-02 -4.25427015e-03 4.21470156e-03 -1.02648619e-02
-8.47126763e-01 1.31590033e-02 -4.22478627e-03 4.19146353e-03 -1.02468602e-02
-8.46291221e-01 1.31232751e-02 -4.19516192e-03 4.16819696e-03 -1.02283580e-02
-8.45453591e-01 1.30871779e-02 -4.16540494e-03 4.14491064e-03 -1.02093722e-02
-8.44613877e-01 1.30507317e-02 -4.13552307e-03 4.12161333e-03 -1.01899200e-02
-8.43772079e-01 1.30139567e-02 -4.10552402e-03 4.09831378e-03 -1.01700187e-02
-8.42928201e-01 1.29768732e-02 -4.07541543e-03 4.07502071e-03 -1.01496856e-02
-8.42082244e-01 1.29395014e-02 -4.04520487e-03 4.05174277e-03 -1.01289381e-02
-8.41234210e-01 1.29018617e-02 -4.01489981e-03 4.02848862e-03 -1.01077938e-02
-8.40384102e-01 1.28639745e-02 -3.98450765e-03 4.00526682e-03 -1.00862702e-02
-8.39531921e-01 1.28258600e-02 -3.95403568e-03 3.98208590e-03 -1.00643847e-02
-8.38677669e-01 1.27875384e-02 -3.92349110e-03 3.95895432e-03 -1.00421550e-02
-8.37821349e-01 1.27490301e-02 -3.89288100e-03 3.93588047e-03 -1.00195986e-02
-8.36962964e-01 1.27103551e-02 -3.86221234e-03 3.91287268e-03 -9.99673287e-03
-8.36102514e-01 1.26715333e-02 -3.83149200e-03 3.88993918e-03 -9.97357527e-03
-8.35240002e-01 1.26325847e-02 -3.80072670e-03 3.86708812e-03 -9.95014307e-03
-8.34375430e-01 1.25935288e-02 -3.76992306e-03 3.84432757e-03 -9.92645346e-03
-8.33508800e-01 1.25543851e-02 -3.73908755e-03 3.82166551e-03 -9.90252349e-03
-8.32640115e-01 1.25151729e-02 -3.70822653e-03 3.79910978e-03 -9.87837003e-03
-8.31769377e-01 1.24759113e-02 -3.67734621e-03 3.77666817e-03 -9.85400981e-03
-8.30896587e-01 1.24366189e-02 -3.64645265e-03 3.75434831e-03 -9.82945935e-03
-8.30021748e-01 1.23973143e-02 -3.61555179e-03 3.73215774e-03 -9.80473494e-03
-8.29144862e-01 1.23580156e-02 -3.58464942e-03 3.71010387e-03 -9.77985265e-03
-8.28265931e-01 1.23187406e-02 -3.55375119e-03 3.68819400e-03 -9.75482829e-03
-8.27384958e-01 1.22795069e-02 -3.52286259e-03 3.66643527e-03 -9.72967738e-03
-8.26501944e-01 1.22403315e-02 -3.49198897e-03 3.64483471e-03 -9.70441518e-03
-8.25616892e-01 1.22012313e-02 -3.46113556e-03 3.62339920e-03 -9.67905661e-03
-8.24729804e-01 1.21622224e-02 -3.43030741e-03 3.60213547e-03 -9.65361629e-03
-8.23840681e-01 1.21233209e-02 -3.39950944e-03 3.58105012e-03 -9.62810846e-03
-8.22949527e-01 1.20845422e-02 -3.36874643e-03 3.56014958e-03 -9.60254705e-03
-8.22056344e-01 1.20459013e-02 -3.33802300e-03 3.53944014e-03 -9.57694557e-03
-8.21161133e-01 1.20074128e-02 -3.30734365e-03 3.51892790e-03 -9.55131718e-03
-8.20263897e-01 1.19690905e-02 -3.27671271e-03 3.49861882e-03 -9.52567462e-03
-8.19364639e-01 1.19309482e-02 -3.24613441e-03 3.47851869e-03 -9.50003021e-03
-8.18463359e-01 1.18929989e-02 -3.21561281e-03 3.45863312e-03 -9.47439586e-03
-8.17560061e-01 1.18552549e-02 -3.18515186e-03 3.43896754e-03 -9.44878305e-03
-8.16654747e-01 1.18177284e-02 -3.15475536e-03 3.41952720e-03 -9.42320278e-03
-8.15747419e-01 1.17804306e-02 -3.12442699e-03 3.40031719e-03 -9.39766564e-03
-8.14838079e-01 1.17433725e-02 -3.09417031e-03 3.38134239e-03 -9.37218172e-03
-8.13926729e-01 1.17065643e-02 -3.06398875e-03 3.36260749e-03 -9.34676066e-03
-8.13013373e-01 1.16700158e-02 -3.03388562e-03 3.34411700e-03 -9.32141162e-03
-8.12098011e-01 1.16337360e-02 -3.00386412e-03 3.32587523e-03 -9.29614326e-03
-8.11180646e-01 1.15977336e-02 -2.97392734e-03 3.30788629e-03 -9.27096379e-03
-8.10261281e-01 1.15620166e-02 -2.94407826e-03 3.29015409e-03 -9.24588088e-03
-8.09339918e-01 1.15265922e-02 -2.91431974e-03 3.27268234e-03 -9.22090176e-03
-8.08416559e-01 1.14914673e-02 -2.88465457e-03 3.25547454e-03 -9.19603311e-03
-8.07491206e-01 1.14566480e-02 -2.85508542e-03 3.23853399e-03 -9.17128117e-03
-8.06563861e-01 1.14221401e-02 -2.82561488e-03 3.22186378e-03 -9.14665165e-03
-8.05634528e-01 1.13879485e-02 -2.79624544e-03 3.20546679e-03 -9.12214977e-03
-8.04703207e-01 1.13540776e-02 -2.76697952e-03 3.18934568e-03 -9.09778026e-03
-8.03769903e-01 1.13205313e-02 -2.73781945e-03 3.17350290e-03 -9.07354738e-03
-8.02834616e-01 1.12873129e-02 -2.70876749e-03 3.15794070e-03 -9.04945487e-03
-8.01897349e-01 1.12544250e-02 -2.67982582e-03 3.14266110e-03 -9.02550602e-03
-8.00958104e-01 1.12218699e-02 -2.65099654e-03 3.12766590e-03 -9.00170364e-03
-8.00016884e-01 1.11896490e-02 -2.62228173e-03 3.11295671e-03 -8.97805005e-03
-7.99073691e-01 1.11577635e-02 -2.59368335e-03 3.09853490e-03 -8.95454713e-03
-7.98128528e-01 1.11262138e-02 -2.56520334e-03 3.08440163e-03 -8.93119631e-03
-7.97181396e-01 1.10949998e-02 -2.53684358e-03 3.07055786e-03 -8.90799857e-03
-7.96232298e-01 1.10641211e-02 -2.50860589e-03 3.05700430e-03 -8.88495445e-03
-7.95281236e-01 1.10335766e-02 -2.48049204e-03 3.04374148e-03 -8.86206407e-03
-7.94328214e-01 1.10033646e-02 -2.45250378e-03 3.03076970e-03 -8.83932714e-03
-7.93373232e-01 1.09734832e-02 -2.42464280e-03 3.01808905e-03 -8.81674296e-03
-7.92416293e-01 1.09439298e-02 -2.39691074e-03 3.00569942e-03 -8.79431044e-03
-7.91457401e-01 1.09147016e-02 -2.36930922e-03 2.99360047e-03 -8.77202813e-03
-7.90496556e-01 1.08857951e-02 -2.34183982e-03 2.98179167e-03 -8.74989421e-03
-7.89533763e-01 1.08572064e-02 -2.31450411e-03 2.97027228e-03 -8.72790648e-03
-7.88569022e-01 1.08289315e-02 -2.28730358e-03 2.95904136e-03 -8.70606244e-03
-7.87602336e-01 1.08009656e-02 -2.26023975e-03 2.94809777e-03 -8.68435925e-03
-7.86633708e-01 1.07733039e-02 -2.23331408e-03 2.93744015e-03 -8.66279378e-03
-7.85663139e-01 1.07459409e-02 -2.20652802e-03 2.92706699e-03 -8.64136257e-03
-7.84690634e-01 1.07188711e-02 -2.17988298e-03 2.91697655e-03 -8.62006193e-03
-7.83716193e-01 1.06920884e-02 -2.15338037e-03 2.90716692e-03 -8.59888787e-03
-7.82739819e-01 1.06655866e-02 -2.12702157e-03 2.89763601e-03 -8.57783617e-03
-7.81761515e-01 1.06393591e-02 -2.10080794e-03 2.88838154e-03 -8.55690239e-03
-7.80781283e-01 1.06133991e-02 -2.07474082e-03 2.87940107e-03 -8.53608186e-03
-7.79799126e-01 1.05876996e-02 -2.04882154e-03 2.87069196e-03 -8.51536970e-03
-7.78815045e-01 1.05622533e-02 -2.02305140e-03 2.86225143e-03 -8.49476089e-03
-7.77829044e-01 1.05370526e-02 -1.99743170e-03 2.85407653e-03 -8.47425021e-03
-7.76841124e-01 1.05120900e-02 -1.97196370e-03 2.84616417e-03 -8.45383229e-03
-7.75851289e-01 1.04873576e-02 -1.94664866e-03 2.83851106e-03 -8.43350163e-03
-7.74859540e-01 1.04628475e-02 -1.92148781e-03 2.83111382e-03 -8.41325263e-03
-7.73865880e-01 1.04385514e-02 -1.89648237e-03 2.82396891e-03 -8.39307956e-03
-7.72870312e-01 1.04144613e-02 -1.87163354e-03 2.81707263e-03 -8.37297662e-03
-7.71872838e-01 1.03905688e-02 -1.84694250e-03 2.81042118e-03 -8.35293793e-03
-7.70873460e-01 1.03668655e-02 -1.82241041e-03 2.80401063e-03 -8.33295755e-03
-7.69872181e-01 1.03433430e-02 -1.79803841e-03 2.79783693e-03 -8.31302950e-03
-7.68869004e-01 1.03199929e-02 -1.77382760e-03 2.79189592e-03 -8.29314777e-03
-7.67863930e-01 1.02968066e-02 -1.74977909e-03 2.78618333e-03 -8.27330634e-03
-7.66856963e-01 1.02737757e-02 -1.72589395e-03 2.78069481e-03 -8.25349918e-03
-7.65848104e-01 1.02508916e-02 -1.70217321e-03 2.77542589e-03 -8.23372027e-03
-7.64837357e-01 1.02281459e-02 -1.67861789e-03 2.77037204e-03 -8.21396363e-03
-7.63824724e-01 1.02055303e-02 -1.65522900e-03 2.76552864e-03 -8.19422330e-03
-7.62810206e-01 1.01830363e-02 -1.63200747e-03 2.76089100e-03 -8.17449338e-03
-7.61793808e-01 1.01606557e-02 -1.60895426e-03 2.75645436e-03 -8.15476802e-03
-7.60775531e-01 1.01383803e-02 -1.58607025e-03 2.75221392e-03 -8.13504144e-03
-7.59755377e-01 1.01162020e-02 -1.56335631e-03 2.74816480e-03 -8.11530796e-03
-7.58733350e-01 1.00941128e-02 -1.54081328e-03 2.74430211e-03 -8.09556196e-03
-7.57709452e-01 1.00721049e-02 -1.51844195e-03 2.74062089e-03 -8.07579795e-03
-7.56683685e-01 1.00501705e-02 -1.49624309e-03 2.73711617e-03 -8.05601053e-03
-7.55656053e-01 1.00283021e-02 -1.47421742e-03 2.73378295e-03 -8.03619443e-03
-7.54626556e-01 1.00064923e-02 -1.45236561e-03 2.73061621e-03 -8.01634449e-03
-7.53595199e-01 9.98473375e-03 -1.43068833e-03 2.72761093e-03 -7.99645571e-03
-7.52561982e-01 9.96301950e-03 -1.40918617e-03 2.72476207e-03 -7.97652320e-03
-7.51526911e-01 9.94134264e-03 -1.38785969e-03 2.72206461e-03 -7.95654223e-03
-7.50489985e-01 9.91969647e-03 -1.36670942e-03 2.71951354e-03 -7.93650822e-03
-7.49451209e-01 9.89807451e-03 -1.34573583e-03 2.71710385e-03 -7.91641676e-03
-7.48410585e-01 9.87647050e-03 -1.32493936e-03 2.71483056e-03 -7.89626358e-03
-7.47368114e-01 9.85487837e-03 -1.30432039e-03 2.71268873e-03 -7.87604459e-03
-7.46323801e-01 9.83329229e-03 -1.28387927e-03 2.71067344e-03 -7.85575587e-03
-7.45277647e-01 9.81170665e-03 -1.26361629e-03 2.70877981e-03 -7.83539366e-03
-7.44229655e-01 9.79011608e-03 -1.24353172e-03 2.70700303e-03 -7.81495441e-03
-7.43179828e-01 9.76851541e-03 -1.22362576e-03 2.70533832e-03 -7.79443471e-03
-7.42128168e-01 9.74689977e-03 -1.20389857e-03 2.70378097e-03 -7.77383135e-03
-7.41074678e-01 9.72526448e-03 -1.18435028e-03 2.70232632e-03 -7.75314132e-03
-7.40019360e-01 9.70360513e-03 -1.16498095e-03 2.70096980e-03 -7.73236175e-03
-7.38962217e-01 9.68191755e-03 -1.14579062e-03 2.69970689e-03 -7.71149000e-03
-7.37903252e-01 9.66019782e-03 -1.12677926e-03 2.69853316e-03 -7.69052360e-03
-7.36842467e-01 9.63844228e-03 -1.10794683e-03 2.69744428e-03 -7.66946025e-03
-7.35779864e-01 9.61664751e-03 -1.08929323e-03 2.69643597e-03 -7.64829786e-03
-7.34715448e-01 9.59481034e-03 -1.07081831e-03 2.69550408e-03 -7.62703452e-03
-7.33649219e-01 9.57292787e-03 -1.05252190e-03 2.69464453e-03 -7.60566850e-03
-7.32581181e-01 9.55099743e-03 -1.03440377e-03 2.69385335e-03 -7.58419825e-03
-7.31511336e-01 9.52901662e-03 -1.01646367e-03 2.69312668e-03 -7.56262242e-03
-7.30439687e-01 9.50698328e-03 -9.98701312e-04 2.69246074e-03 -7.54093983e-03
-7.29366237e-01 9.48489550e-03 -9.81116361e-04 2.69185189e-03 -7.51914948e-03
-7.28290988e-01 9.46275162e-03 -9.63708461e-04 2.69129658e-03 -7.49725055e-03
-7.27213943e-01 9.44055023e-03 -9.46477220e-04 2.69079139e-03 -7.47524240e-03
-7.26135105e-01 9.41829016e-03 -9.29422218e-04 2.69033299e-03 -7.45312457e-03
-7.25054476e-01 9.39597048e-03 -9.12543007e-04 2.68991821e-03 -7.43089676e-03
-7.23972059e-01 9.37359051e-03 -8.95839115e-04 2.68954396e-03 -7.40855885e-03
-7.22887856e-01 9.35114979e-03 -8.79310045e-04 2.68920729e-03 -7.38611088e-03
-7.21801870e-01 9.32864811e-03 -8.62955280e-04 2.68890537e-03 -7.36355307e-03
-7.20714105e-01 9.30608548e-03 -8.46774282e-04 2.68863549e-03 -7.34088578e-03
-7.19624562e-01 9.28346215e-03 -8.30766498e-04 2.68839507e-03 -7.31810957e-03
-7.18533244e-01 9.26077859e-03 -8.14931359e-04 2.68818164e-03 -7.29522511e-03
-7.17440155e-01 9.23803548e-03 -7.99268283e-04 2.68799287e-03 -7.27223326e-03
-7.16345296e-01 9.21523373e-03 -7.83776679e-04 2.68782655e-03 -7.24913503e-03
-7.15248670e-01 9.19237446e-03 -7.68455946e-04 2.68768059e-03 -7.22593157e-03
-7.14150280e-01 9.16945902e-03 -7.53305479e-04 2.68755301e-03 -7.20262417e-03
-7.13050130e-01 9.14648893e-03 -7.38324668e-04 2.68744198e-03 -7.17921429e-03
-7.11948220e-01 9.12346595e-03 -7.23512900e-04 2.68734576e-03 -7.15570352e-03
-7.10844555e-01 9.10039201e-03 -7.08869566e-04 2.68726274e-03 -7.13209359e-03
-7.09739137e-01 9.07726926e-03 -6.94394055e-04 2.68719144e-03 -7.10838637e-03
-7.08631969e-01 9.05410002e-03 -6.80085763e-04 2.68713048e-03 -7.08458387e-03
-7.07523053e-01 9.03088681e-03 -6.65944092e-04 2.68707860e-03 -7.06068822e-03
-7.06412392e-01 9.00763234e-03 -6.51968452e-04 2.68703464e-03 -7.03670169e-03
-7.05299989e-01 8.98433949e-03 -6.38158261e-04 2.68699755e-03 -7.01262668e-03
-7.04185846e-01 8.96101132e-03 -6.24512951e-04 2.68696639e-03 -6.98846572e-03
-7.03069967e-01 8.93765104e-03 -6.11031964e-04 2.68694033e-03 -6.96422145e-03
-7.01952354e-01 8.91426207e-03 -5.97714760e-04 2.68691862e-03 -6.93989665e-03
-7.00833010e-01 8.89084797e-03 -5.84560809e-04 2.68690062e-03 -6.91549420e-03
-6.99711937e-01 8.86741244e-03 -5.71569603e-04 2.68688577e-03 -6.89101712e-03
-6.98589139e-01 8.84395937e-03 -5.58740648e-04 2.68687360e-03 -6.86646853e-03
-6.97464618e-01 8.82049277e-03 -5.46073470e-04 2.68686374e-03 -6.84185167e-03
-6.96338377e-01 8.79701683e-03 -5.33567613e-04 2.68685587e-03 -6.81716988e-03
-6.95210419e-01 8.77353585e-03 -5.21222641e-04 2.68684978e-03 -6.79242663e-03
-6.94080746e-01 8.75005428e-03 -5.09038137e-04 2.68684531e-03 -6.76762548e-03
-6.92949362e-01 8.72657671e-03 -4.97013705e-04 2.68684237e-03 -6.74277011e-03
-6.91816268e-01 8.70310785e-03 -4.85148969e-04 2.68684094e-03 -6.71786429e-03
-6.90681469e-01 8.67965254e-03 -4.73443571e-04 2.68684105e-03 -6.69291189e-03
-6.89544966e-01 8.65621574e-03 -4.61897176e-04 2.68684280e-03 -6.66791690e-03
-6.88406763e-01 8.63280251e-03 -4.50509465e-04 2.68684632e-03 -6.64288338e-03
-6.87266861e-01 8.60941803e-03 -4.39280139e-04 2.68685180e-03 -6.61781551e-03
-6.86125265e-01 8.58606760e-03 -4.28208914e-04 2.68685946e-03 -6.59271753e-03
-6.84981977e-01 8.56275659e-03 -4.17295525e-04 2.68686956e-03 -6.56759380e-03
-6.83837000e-01 8.53949049e-03 -4.06539721e-04 2.68688240e-03 -6.54244876e-03
-6.82690336e-01 8.51627487e-03 -3.95941266e-04 2.68689830e-03 -6.51728692e-03
-6.81541988e-01 8.49311539e-03 -3.85499934e-04 2.68691760e-03 -6.49211288e-03
-6.80391960e-01 8.47001776e-03 -3.75215512e-04 2.68694065e-03 -6.46693133e-03
-6.79240254e-01 8.44698781e-03 -3.65087794e-04 2.68696785e-03 -6.44174703e-03
-6.78086872e-01 8.42403140e-03 -3.55116582e-04 2.68699956e-03 -6.41656479e-03
-6.76931818e-01 8.40115447e-03 -3.45301681e-04 2.68703618e-03 -6.39138953e-03
-6.75775095e-01 8.37836300e-03 -3.35642900e-04 2.68707809e-03 -6.36622620e-03
-6.74616706e-01 8.35566304e-03 -3.26140048e-04 2.68712568e-03 -6.34107983e-03
-6.73456652e-01 8.33306067e-03 -3.16792929e-04 2.68717934e-03 -6.31595550e-03
-6.72294938e-01 8.31056199e-03 -3.07601345e-04 2.68723942e-03 -6.29085836e-03
-6.71131566e-01 8.28817315e-03 -2.98565086e-04 2.68730629e-03 -6.26579358e-03
-6.69966538e-01 8.26590033e-03 -2.89683936e-04 2.68738027e-03 -6.24076641e-03
-6.68799859e-01 8.24374969e-03 -2.80957660e-04 2.68746168e-03 -6.21578213e-03
-6.67631530e-01 8.22172743e-03 -2.72386010e-04 2.68755080e-03 -6.19084603e-03
-6.66461554e-01 8.19983974e-03 -2.63968717e-04 2.68764790e-03 -6.16596346e-03
-6.65289935e-01 8.17809279e-03 -2.55705488e-04 2.68775321e-03 -6.14113980e-03
-6.64116675e-01 8.15649275e-03 -2.47596005e-04 2.68786692e-03 -6.11638043e-03
-6.62941778e-01 8.13504577e-03 -2.39639921e-04 2.68798920e-03 -6.09169075e-03
-6.61765245e-01 8.11375794e-03 -2.31836855e-04 2.68812015e-03 -6.06707618e-03
-6.60587080e-01 8.09263534e-03 -2.24186392e-04 2.68825987e-03 -6.04254213e-03
-6.59407287e-01 8.07168399e-03 -2.16688076e-04 2.68840840e-03 -6.01809402e-03
-6.58225867e-01 8.05090985e-03 -2.09341410e-04 2.68856572e-03 -5.99373725e-03
-6.57042824e-01 8.03031882e-03 -2.02145852e-04 2.68873179e-03 -5.96947720e-03
-6.55858160e-01 8.00991672e-03 -1.95100811e-04 2.68890652e-03 -5.94531924e-03
-6.54671879e-01 7.98970929e-03 -1.88205645e-04 2.68908975e-03 -5.92126871e-03
-6.53483983e-01 7.96970217e-03 -1.81459658e-04 2.68928130e-03 -5.89733090e-03
-6.52294476e-01 7.94990092e-03 -1.74862096e-04 2.68948093e-03 -5.87351106e-03
-6.51103360e-01 7.93031097e-03 -1.68412144e-04 2.68968834e-03 -5.84981440e-03
-6.49910639e-01 7.91093762e-03 -1.62108927e-04 2.68990321e-03 -5.82624606e-03
-6.48716314e-01 7.89178607e-03 -1.55951503e-04 2.69012513e-03 -5.80281112e-03
-6.47520390e-01 7.87286136e-03 -1.49938861e-04 2.69035368e-03 -5.77951458e-03
-6.46322869e-01 7.85416839e-03 -1.44069922e-04 2.69058838e-03 -5.75636136e-03
-6.45123754e-01 7.83571190e-03 -1.38343533e-04 2.69082869e-03 -5.73335629e-03
-6.43923048e-01 7.81749648e-03 -1.32758469e-04 2.69107404e-03 -5.71050411e-03
-6.42720754e-01 7.79952651e-03 -1.27313427e-04 2.69132382e-03 -5.68780945e-03
-6.41516875e-01 7.78180622e-03 -1.22007026e-04 2.69157735e-03 -5.66527682e-03
-6.40311414e-01 7.76433963e-03 -1.16837808e-04 2.69183394e-03 -5.64291061e-03
-6.39104373e-01 7.74713057e-03 -1.11804232e-04 2.69209285e-03 -5.62071511e-03
-6.37895757e-01 7.73018265e-03 -1.06904676e-04 2.69235330e-03 -5.59869443e-03
-6.36685567e-01 7.71349927e-03 -1.02137437e-04 2.69261447e-03 -5.57685256e-03
-6.35473807e-01 7.69708359e-03 -9.75007279e-05 2.69287553e-03 -5.55519334e-03
-6.34260480e-01 7.68093854e-03 -9.29926772e-05 2.69313559e-03 -5.53372045e-03
-6.33045589e-01 7.66506683e-03 -8.86113306e-05 2.69339377e-03 -5.51243740e-03
-6.31829137e-01 7.64947088e-03 -8.43546497e-05 2.69364914e-03 -5.49134753e-03
-6.30611126e-01 7.63415289e-03 -8.02205122e-05 2.69390076e-03 -5.47045400e-03
-6.29391561e-01 7.61911479e-03 -7.62067130e-05 2.69414767e-03 -5.44975978e-03
-6.28170443e-01 7.60435821e-03 -7.23109642e-05 2.69438890e-03 -5.42926765e-03
-6.26947776e-01 7.58988454e-03 -6.85308964e-05 2.69462348e-03 -5.40898019e-03
-6.25723562e-01 7.57569487e-03 -6.48640597e-05 2.69485041e-03 -5.38889977e-03
-6.24497806e-01 7.56179001e-03 -6.13079251e-05 2.69506872e-03 -5.36902858e-03
-6.23270509e-01 7.54817047e-03 -5.78598859e-05 2.69527742e-03 -5.34936854e-03
-6.22041676e-01 7.53483648e-03 -5.45172599e-05 2.69547553e-03 -5.32992140e-03
-6.20811308e-01 7.52178794e-03 -5.12772912e-05 2.69566209e-03 -5.31068866e-03
-6.19579410e-01 7.50902449e-03 -4.81371521e-05 2.69583614e-03 -5.29167160e-03
-6.18345983e-01 7.49654542e-03 -4.50939464e-05 2.69599676e-03 -5.27287125e-03
-6.17111031e-01 7.48434974e-03 -4.21447111e-05 2.69614303e-03 -5.25428842e-03
-6.15874558e-01 7.47243613e-03 -3.92864201e-05 2.69627408e-03 -5.23592368e-03
-6.14636565e-01 7.46080297e-03 -3.65159867e-05 2.69638905e-03 -5.21777735e-03
-6.13397057e-01 7.44944832e-03 -3.38302671e-05 2.69648714e-03 -5.19984951e-03
-6.12156036e-01 7.43836994e-03 -3.12260637e-05 2.69656756e-03 -5.18214000e-03
-6.10913506e-01 7.42756525e-03 -2.87001288e-05 2.69662960e-03 -5.16464840e-03
-6.09669468e-01 7.41703140e-03 -2.62491683e-05 2.69667257e-03 -5.14737406e-03
-6.08423928e-01 7.40676518e-03 -2.38698455e-05 2.69669584e-03 -5.13031606e-03
-6.07176887e-01 7.39676311e-03 -2.15587854e-05 2.69669886e-03 -5.11347325e-03
-6.05928348e-01 7.38702139e-03 -1.93125786e-05 2.69668110e-03 -5.09684423e-03
-6.04678315e-01 7.37753593e-03 -1.71277856e-05 2.69664212e-03 -5.08042735e-03
-6.03426791e-01 7.36830231e-03 -1.50009414e-05 2.69658156e-03 -5.06422073e-03
-6.02173778e-01 7.35931585e-03 -1.29285599e-05 2.69649911e-03 -5.04822222e-03
-6.00919281e-01 7.35057157e-03 -1.09071383e-05 2.69639454e-03 -5.03242947e-03
-5.99663302e-01 7.34206421e-03 -8.93316202e-06 2.69626771e-03 -5.01683986e-03
-5.98405843e-01 7.33378823e-03 -7.00310914e-06 2.69611855e-03 -5.00145057e-03
-5.97146909e-01 7.32573782e-03 -5.11345531e-06 2.69594709e-03 -4.98625853e-03
-5.95886503e-01 7.31790693e-03 -3.26067843e-06 2.69575344e-03 -4.97126047e-03
-5.94624627e-01 7.31028922e-03 -1.44126351e-06 2.69553779e-03 -4.95645287e-03
-5.93361284e-01 7.30287814e-03 3.48292574e-07 2.69530045e-03 -4.94183204e-03
-5.92096478e-01 7.29566689e-03 2.11147628e-06 2.69504182e-03 -4.92739406e-03
-5.90830212e-01 7.28864845e-03 3.85175263e-06 2.69476238e-03 -4.91313482e-03
-5.89562488e-01 7.28181557e-03 5.57256044e-06 2.69446273e-03 -4.89905003e-03
-5.88293311e-01 7.27516083e-03 7.27730767e-06 2.69414357e-03 -4.88513520e-03
-5.87022683e-01 7.26867657e-03 8.96936675e-06 2.69380569e-03 -4.87138569e-03
-5.85750607e-01 7.26235501e-03 1.06520700e-05 2.69345001e-03 -4.85779666e-03
-5.84477087e-01 7.25618814e-03 1.23287053e-05 2.69307755e-03 -4.84436315e-03
-5.83202125e-01 7.25016784e-03 1.40025114e-05 2.69268941e-03 -4.83108002e-03
-5.81925725e-01 7.24428583e-03 1.56766739e-05 2.69228685e-03 -4.81794203e-03
-5.80647890e-01 7.23853371e-03 1.73543209e-05 2.69187119e-03 -4.80494378e-03
-5.79368623e-01 7.23290294e-03 1.90385191e-05 2.69144389e-03 -4.79207976e-03
-5.78087927e-01 7.22738490e-03 2.07322697e-05 2.69100651e-03 -4.77934437e-03
-5.76805805e-01 7.22197089e-03 2.24385049e-05 2.69056072e-03 -4.76673188e-03
-5.75522261e-01 7.21665212e-03 2.41600840e-05 2.69010829e-03 -4.75423651e-03
-5.74237298e-01 7.21141976e-03 2.58997902e-05 2.68965111e-03 -4.74185239e-03
-5.72950918e-01 7.20626492e-03 2.76603270e-05 2.68919117e-03 -4.72957358e-03
-5.71663126e-01 7.20117869e-03 2.94443154e-05 2.68873057e-03 -4.71739411e-03
-5.70373923e-01 7.19615214e-03 3.12542909e-05 2.68827151e-03 -4.70530793e-03
-5.69083314e-01 7.19117637e-03 3.30927008e-05 2.68781630e-03 -4.69330901e-03
-5.67791302e-01 7.18624247e-03 3.49619013e-05 2.68736733e-03 -4.68139127e-03
-5.66497889e-01 7.18134157e-03 3.68641559e-05 2.68692711e-03 -4.66954864e-03
-5.65203079e-01 7.17646485e-03 3.88016324e-05 2.68649823e-03 -4.65777505e-03
-5.63906875e-01 7.17160357e-03 4.07764018e-05 2.68608338e-03 -4.64606444e-03
-5.62609281e-01 7.16674905e-03 4.27904360e-05 2.68568535e-03 -4.63441080e-03
-5.61310299e-01 7.16189271e-03 4.48456064e-05 2.68530699e-03 -4.62280815e-03
-5.60009933e-01 7.15702608e-03 4.69436829e-05 2.68495124e-03 -4.61125056e-03
-5.58708186e-01 7.15214081e-03 4.90863326e-05 2.68462114e-03 -4.59973217e-03
-5.57405060e-01 7.14722870e-03 5.12751189e-05 2.68431979e-03 -4.58824719e-03
-5.56100561e-01 7.14228170e-03 5.35115010e-05 2.68405035e-03 -4.57678992e-03
-5.54794689e-01 7.13729191e-03 5.57968333e-05 2.68381607e-03 -4.56535475e-03
-5.53487450e-01 7.13225163e-03 5.81323653e-05 2.68362024e-03 -4.55393617e-03
-5.52178845e-01 7.12715335e-03 6.05192416e-05 2.68346622e-03 -4.54252882e-03
-5.50868879e-01 7.12198976e-03 6.29585020e-05 2.68335742e-03 -4.53112743e-03
-5.49557555e-01 7.11675377e-03 6.54510817e-05 2.68329729e-03 -4.51972688e-03
-5.48244874e-01 7.11143852e-03 6.79978125e-05 2.68328933e-03 -4.50832220e-03
-5.46930842e-01 7.10603740e-03 7.05994226e-05 2.68333709e-03 -4.49690856e-03
-5.45615461e-01 7.10054404e-03 7.32565385e-05 2.68344412e-03 -4.48548131e-03
-5.44298735e-01 7.09495236e-03 7.59696855e-05 2.68361401e-03 -4.47403595e-03
-5.42980666e-01 7.08925652e-03 7.87392893e-05 2.68385038e-03 -4.46256818e-03
-5.41661258e-01 7.08345098e-03 8.15656772e-05 2.68415686e-03 -4.45107386e-03
-5.40340514e-01 7.07753050e-03 8.44490802e-05 2.68453707e-03 -4.43954906e-03
-5.39018438e-01 7.07149013e-03 8.73896339e-05 2.68499465e-03 -4.42799005e-03
-5.37695032e-01 7.06532524e-03 9.03873815e-05 2.68553323e-03 -4.41639327e-03
-5.36370301e-01 7.05903149e-03 9.34422748e-05 2.68615642e-03 -4.40475541e-03
-5.35044246e-01 7.05260489e-03 9.65541770e-05 2.68686784e-03 -4.39307335e-03
-5.33716872e-01 7.04604176e-03 9.97228647e-05 2.68767106e-03 -4.38134419e-03
-5.32388182e-01 7.03933875e-03 1.02948030e-04 2.68856962e-03 -4.36956526e-03
-5.31058179e-01 7.03249288e-03 1.06229285e-04 2.68956705e-03 -4.35773408e-03
-5.29726866e-01 7.02550147e-03 1.09566160e-04 2.69066680e-03 -4.34584844e-03
-5.28394247e-01 7.01836220e-03 1.12958110e-04 2.69187231e-03 -4.33390633e-03
-5.27060325e-01 7.01107310e-03 1.16404516e-04 2.69318693e-03 -4.32190599e-03
-5.25725102e-01 7.00363255e-03 1.19904688e-04 2.69461396e-03 -4.30984585e-03
-5.24388584e-01 6.99603926e-03 1.23457868e-04 2.69615665e-03 -4.29772462e-03
-5.23050772e-01 6.98829232e-03 1.27063232e-04 2.69781815e-03 -4.28554122e-03
-5.21711670e-01 6.98039114e-03 1.30719892e-04 2.69960155e-03 -4.27329478e-03
-5.20371281e-01 6.97233550e-03 1.34426903e-04 2.70150982e-03 -4.26098468e-03
-5.19029610e-01 6.96412551e-03 1.38183259e-04 2.70354587e-03 -4.24861053e-03
-5.17686658e-01 6.95576165e-03 1.41987904e-04 2.70571249e-03 -4.23617215e-03
-5.16342429e-01 6.94724470e-03 1.45839726e-04 2.70801239e-03 -4.22366960e-03
-5.14996927e-01 6.93857582e-03 1.49737569e-04 2.71044814e-03 -4.21110314e-03
-5.13650155e-01 6.92975647e-03 1.53680228e-04 2.71302220e-03 -4.19847324e-03
-5.12302117e-01 6.92078848e-03 1.57666456e-04 2.71573692e-03 -4.18578062e-03
-5.10952815e-01 6.91167395e-03 1.61694965e-04 2.71859451e-03 -4.17302616e-03
-5.09602252e-01 6.90241534e-03 1.65764429e-04 2.72159705e-03 -4.16021097e-03
-5.08250433e-01 6.89301541e-03 1.69873489e-04 2.72474648e-03 -4.14733635e-03
-5.06897361e-01 6.88347722e-03 1.74020750e-04 2.72804461e-03 -4.13440378e-03
-5.05543038e-01 6.87380413e-03 1.78204789e-04 2.73149308e-03 -4.12141494e-03
-5.04187469e-01 6.86399979e-03 1.82424153e-04 2.73509339e-03 -4.10837168e-03
-5.02830656e-01 6.85406812e-03 1.86677364e-04 2.73884689e-03 -4.09527602e-03
-5.01472604e-01 6.84401333e-03 1.90962922e-04 2.74275474e-03 -4.08213015e-03
-5.00113314e-01 6.83383988e-03 1.95279304e-04 2.74681797e-03 -4.06893642e-03
-4.98752791e-01 6.82355248e-03 1.99624966e-04 2.75103743e-03 -4.05569731e-03
-4.97391039e-01 6.81315610e-03 2.03998348e-04 2.75541378e-03 -4.04241547e-03
-4.96028059e-01 6.80265593e-03 2.08397874e-04 2.75994753e-03 -4.02909367e-03
-4.94663856e-01 6.79205737e-03 2.12821953e-04 2.76463899e-03 -4.01573480e-03
-4.93298434e-01 6.78136605e-03 2.17268981e-04 2.76948830e-03 -4.00234186e-03
-4.91931794e-01 6.77058780e-03 2.21737343e-04 2.77449543e-03 -3.98891800e-03
-4.90563942e-01 6.75972862e-03 2.26225413e-04 2.77966013e-03 -3.97546642e-03
-4.89194880e-01 6.74879471e-03 2.30731557e-04 2.78498199e-03 -3.96199044e-03
-4.87824611e-01 6.73779242e-03 2.35254134e-04 2.79046041e-03 -3.94849346e-03
-4.86453139e-01 6.72672826e-03 2.39791493e-04 2.79609459e-03 -3.93497895e-03
-4.85080468e-01 6.71560887e-03 2.44341979e-04 2.80188353e-03 -3.92145045e-03
-4.83706600e-01 6.70444104e-03 2.48903933e-04 2.80782606e-03 -3.90791154e-03
-4.82331539e-01 6.69323165e-03 2.53475689e-04 2.81392081e-03 -3.89436587e-03
-4.80955289e-01 6.68198770e-03 2.58055578e-04 2.82016621e-03 -3.88081713e-03
-4.79577853e-01 6.67071629e-03 2.62641927e-04 2.82656049e-03 -3.86726902e-03
-4.78199234e-01 6.65942460e-03 2.67233060e-04 2.83310172e-03 -3.85372527e-03
-4.76819436e-01 6.64811985e-03 2.71827299e-04 2.83978775e-03 -3.84018963e-03
-4.75438462e-01 6.63680935e-03 2.76422960e-04 2.84661624e-03 -3.82666585e-03
-4.74056315e-01 6.62550045e-03 2.81018361e-04 2.85358469e-03 -3.81315769e-03
-4.72672999e-01 6.61420052e-03 2.85611814e-04 2.86069038e-03 -3.79966888e-03
-4.71288518e-01 6.60291696e-03 2.90201628e-04 2.86793043e-03 -3.78620314e-03
-4.69902874e-01 6.59165717e-03 2.94786113e-04 2.87530177e-03 -3.77276416e-03
-4.68516071e-01 6.58042857e-03 2.99363572e-04 2.88280114e-03 -3.75935562e-03
-4.67128113e-01 6.56923856e-03 3.03932307e-04 2.89042512e-03 -3.74598112e-03
-4.65739003e-01 6.55809449e-03 3.08490616e-04 2.89817010e-03 -3.73264423e-03
-4.64348744e-01 6.54700372e-03 3.13036795e-04 2.90603233e-03 -3.71934849e-03
-4.62957340e-01 6.53597355e-03 3.17569133e-04 2.91400787e-03 -3.70609734e-03
-4.61564795e-01 6.52501122e-03 3.22085919e-04 2.92209263e-03 -3.69289418e-03
-4.60171111e-01 6.51412391e-03 3.26585434e-04 2.93028235e-03 -3.67974233e-03
-4.58776292e-01 6.50331873e-03 3.31065957e-04 2.93857264e-03 -3.66664503e-03
-4.57380342e-01 6.49260271e-03 3.35525758e-04 2.94695896e-03 -3.65360544e-03
-4.55983264e-01 6.48198280e-03 3.39963106e-04 2.95543661e-03 -3.64062664e-03
-4.54585061e-01 6.47146584e-03 3.44376262e-04 2.96400079e-03 -3.62771159e-03
-4.53185738e-01 6.46105856e-03 3.48763481e-04 2.97264655e-03 -3.61486320e-03
-4.51785296e-01 6.45076760e-03 3.53123012e-04 2.98136881e-03 -3.60208424e-03
-4.50383741e-01 6.44059946e-03 3.57453098e-04 2.99016240e-03 -3.58937738e-03
-4.48981074e-01 6.43056051e-03 3.61751975e-04 2.99902203e-03 -3.57674522e-03
-4.47577301e-01 6.42065702e-03 3.66017873e-04 3.00794230e-03 -3.56419020e-03
-4.46172424e-01 6.41089507e-03 3.70249014e-04 3.01691773e-03 -3.55171468e-03
-4.44766446e-01 6.40128065e-03 3.74443615e-04 3.02594276e-03 -3.53932090e-03
-4.43359371e-01 6.39181956e-03 3.78599885e-04 3.03501174e-03 -3.52701099e-03
-4.41951203e-01 6.38251746e-03 3.82716027e-04 3.04411894e-03 -3.51478693e-03
-4.40541946e-01 6.37337986e-03 3.86790239e-04 3.05325861e-03 -3.50265063e-03
-4.39131601e-01 6.36441209e-03 3.90820711e-04 3.06242490e-03 -3.49060384e-03
-4.37720174e-01 6.35561934e-03 3.94805630e-04 3.07161195e-03 -3.47864820e-03
-4.36307667e-01 6.34700659e-03 3.98743176e-04 3.08081385e-03 -3.46678525e-03
-4.34894084e-01 6.33857870e-03 4.02631527e-04 3.09002467e-03 -3.45501639e-03
-4.33479429e-01 6.33034030e-03 4.06468855e-04 3.09923845e-03 -3.44334289e-03
-4.32063705e-01 6.32229589e-03 4.10253333e-04 3.10844925e-03 -3.43176593e-03
-4.30646915e-01 6.31444977e-03 4.13983128e-04 3.11765112e-03 -3.42028653e-03
-4.29229063e-01 6.30680605e-03 4.17656410e-04 3.12683810e-03 -3.40890564e-03
-4.27810152e-01 6.29936869e-03 4.21271348e-04 3.13600429e-03 -3.39762406e-03
-4.26390187e-01 6.29214144e-03 4.24826113e-04 3.14514380e-03 -3.38644249e-03
-4.24969170e-01 6.28512787e-03 4.28318880e-04 3.15425078e-03 -3.37536150e-03
-4.23547105e-01 6.27833139e-03 4.31747827e-04 3.16331943e-03 -3.36438157e-03
-4.22123995e-01 6.27175521e-03 4.35111141e-04 3.17234404e-03 -3.35350305e-03
-4.20699844e-01 6.26540235e-03 4.38407014e-04 3.18131893e-03 -3.34272621e-03
-4.19274656e-01 6.25927566e-03 4.41633652e-04 3.19023853e-03 -3.33205119e-03
-4.17848434e-01 6.25337782e-03 4.44789270e-04 3.19909734e-03 -3.32147804e-03
-4.16421181e-01 6.24771132e-03 4.47872097e-04 3.20788999e-03 -3.31100672e-03
-4.14992902e-01 6.24227846e-03 4.50880380e-04 3.21661118e-03 -3.30063708e-03
-4.13563599e-01 6.23708139e-03 4.53812385e-04 3.22525578e-03 -3.29036888e-03
-4.12133276e-01 6.23212205e-03 4.56666395e-04 3.23381875e-03 -3.28020179e-03
-4.10701936e-01 6.22740225e-03 4.59440720e-04 3.24229520e-03 -3.27013542e-03
-4.09269584e-01 6.22292358e-03 4.62133696e-04 3.25068040e-03 -3.26016927e-03
-4.07836222e-01 6.21868751e-03 4.64743685e-04 3.25896977e-03 -3.25030276e-03
-4.06401855e-01 6.21469532e-03 4.67269082e-04 3.26715890e-03 -3.24053525e-03
-4.04966485e-01 6.21094811e-03 4.69708317e-04 3.27524355e-03 -3.23086602e-03
-4.03530117e-01 6.20744685e-03 4.72059853e-04 3.28321967e-03 -3.22129430e-03
-4.02092753e-01 6.20419232e-03 4.74322198e-04 3.29108342e-03 -3.21181923e-03
-4.00654398e-01 6.20118518e-03 4.76493900e-04 3.29883113e-03 -3.20243991e-03
-3.99215055e-01 6.19842590e-03 4.78573552e-04 3.30645936e-03 -3.19315537e-03
-3.97774727e-01 6.19591482e-03 4.80559797e-04 3.31396489e-03 -3.18396461e-03
-3.96333418e-01 6.19365212e-03 4.82451331e-04 3.32134470e-03 -3.17486654e-03
-3.94891132e-01 6.19163785e-03 4.84246903e-04 3.32859605e-03 -3.16586008e-03
-3.93447872e-01 6.18987190e-03 4.85945322e-04 3.33571638e-03 -3.15694407e-03
-3.92003642e-01 6.18835403e-03 4.87545458e-04 3.34270343e-03 -3.14811731e-03
-3.90558445e-01 6.18708386e-03 4.89046243e-04 3.34955516e-03 -3.13937860e-03
-3.89112285e-01 6.18606088e-03 4.90446680e-04 3.35626978e-03 -3.13072669e-03
-3.87665165e-01 6.18528444e-03 4.91745842e-04 3.36284580e-03 -3.12216028e-03
-3.86217089e-01 6.18475377e-03 4.92942873e-04 3.36928196e-03 -3.11367810e-03
-3.84768060e-01 6.18446796e-03 4.94036997e-04 3.37557728e-03 -3.10527880e-03
-3.83318083e-01 6.18442598e-03 4.95027516e-04 3.38173108e-03 -3.09696108e-03
-3.81867160e-01 6.18462670e-03 4.95913816e-04 3.38774292e-03 -3.08872356e-03
-3.80415296e-01 6.18506885e-03 4.96695368e-04 3.39361269e-03 -3.08056489e-03
-3.78962493e-01 6.18575104e-03 4.97371731e-04 3.39934052e-03 -3.07248372e-03
-3.77508756e-01 6.18667177e-03 4.97942555e-04 3.40492685e-03 -3.06447866e-03
-3.76054088e-01 6.18782944e-03 4.98407586e-04 3.41037241e-03 -3.05654835e-03
-3.74598493e-01 6.18922232e-03 4.98766664e-04 3.41567821e-03 -3.04869142e-03
-3.73141973e-01 6.19084860e-03 4.99019730e-04 3.42084557e-03 -3.04090650e-03
-3.71684534e-01 6.19270633e-03 4.99166823e-04 3.42587607e-03 -3.03319224e-03
-3.70226177e-01 6.19479348e-03 4.99208089e-04 3.43077161e-03 -3.02554730e-03
-3.68766908e-01 6.19710790e-03 4.99143779e-04 3.43553437e-03 -3.01797032e-03
-3.67306729e-01 6.19964736e-03 4.98974249e-04 3.44016680e-03 -3.01046000e-03
-3.65845645e-01 6.20240952e-03 4.98699968e-04 3.44467167e-03 -3.00301502e-03
-3.64383658e-01 6.20539194e-03 4.98321513e-04 3.44905199e-03 -2.99563410e-03
-3.62920772e-01 6.20859208e-03 4.97839577e-04 3.45331110e-03 -2.98831597e-03
-3.61456992e-01 6.21200732e-03 4.97254965e-04 3.45745258e-03 -2.98105939e-03
-3.59992320e-01 6.21563494e-03 4.96568597e-04 3.46148029e-03 -2.97386313e-03
-3.58526760e-01 6.21947211e-03 4.95781512e-04 3.46539835e-03 -2.96672600e-03
-3.57060317e-01 6.22351594e-03 4.94894864e-04 3.46921117e-03 -2.95964682e-03
-3.55592992e-01 6.22776344e-03 4.93909928e-04 3.47292339e-03 -2.95262446e-03
-3.54124791e-01 6.23221151e-03 4.92828093e-04 3.47653990e-03 -2.94565781e-03
-3.52655716e-01 6.23685699e-03 4.91650874e-04 3.48006584e-03 -2.93874579e-03
-3.51185772e-01 6.24169662e-03 4.90379899e-04 3.48350658e-03 -2.93188733e-03
-3.49714961e-01 6.24672707e-03 4.89016920e-04 3.48686772e-03 -2.92508145e-03
-3.48243288e-01 6.25194490e-03 4.87563807e-04 3.49015508e-03 -2.91832714e-03
-3.46770756e-01 6.25734661e-03 4.86022547e-04 3.49337468e-03 -2.91162346e-03
-3.45297369e-01 6.26292861e-03 4.84395250e-04 3.49653274e-03 -2.90496951e-03
-3.43823131e-01 6.26868722e-03 4.82684139e-04 3.49963569e-03 -2.89836440e-03
-3.42348044e-01 6.27461869e-03 4.80891558e-04 3.50269011e-03 -2.89180731e-03
-3.40872114e-01 6.28071920e-03 4.79019964e-04 3.50570276e-03 -2.88529743e-03
-3.39395342e-01 6.28698484e-03 4.77071931e-04 3.50868055e-03 -2.87883400e-03
-3.37917734e-01 6.29341161e-03 4.75050145e-04 3.51163056e-03 -2.87241629e-03
-3.36439292e-01 6.29999548e-03 4.72957402e-04 3.51455997e-03 -2.86604363e-03
-3.34960021e-01 6.30673230e-03 4.70796611e-04 3.51747610e-03 -2.85971537e-03
-3.33479923e-01 6.31361787e-03 4.68570787e-04 3.52038637e-03 -2.85343090e-03
-3.31999003e-01 6.32064792e-03 4.66283051e-04 3.52329829e-03 -2.84718966e-03
-3.30517264e-01 6.32781811e-03 4.63936626e-04 3.52621947e-03 -2.84099111e-03
-3.29034710e-01 6.33512403e-03 4.61534838e-04 3.52915756e-03 -2.83483478e-03
-3.27551345e-01 6.34256120e-03 4.59081109e-04 3.53212029e-03 -2.82872022e-03
-3.26067172e-01 6.35012510e-03 4.56578957e-04 3.53511540e-03 -2.82264700e-03
-3.24582195e-01 6.35781112e-03 4.54031993e-04 3.53815069e-03 -2.81661477e-03
-3.23096417e-01 6.36561461e-03 4.51443915e-04 3.54123395e-03 -2.81062320e-03
-3.21609843e-01 6.37353086e-03 4.48818508e-04 3.54437296e-03 -2.80467199e-03
-3.20122475e-01 6.38155512e-03 4.46159640e-04 3.54757549e-03 -2.79876088e-03
-3.18634318e-01 6.38968256e-03 4.43471256e-04 3.55084930e-03 -2.79288966e-03
-3.17145375e-01 6.39790832e-03 4.40757376e-04 3.55420205e-03 -2.78705816e-03
-3.15655650e-01 6.40622752e-03 4.38022091e-04 3.55764139e-03 -2.78126622e-03
-3.14165146e-01 6.41463519e-03 4.35269559e-04 3.56117486e-03 -2.77551373e-03
-3.12673868e-01 6.42312636e-03 4.32504002e-04 3.56480993e-03 -2.76980064e-03
-3.11181819e-01 6.43169602e-03 4.29729699e-04 3.56855394e-03 -2.76412689e-03
-3.09689002e-01 6.44033912e-03 4.26950982e-04 3.57241414e-03 -2.75849248e-03
-3.08195421e-01 6.44905060e-03 4.24172235e-04 3.57639762e-03 -2.75289745e-03
-3.06701080e-01 6.45782535e-03 4.21397885e-04 3.58051133e-03 -2.74734185e-03
-3.05205983e-01 6.46665829e-03 4.18632401e-04 3.58476207e-03 -2.74182576e-03
-3.03710134e-01 6.47554428e-03 4.15880287e-04 3.58915646e-03 -2.73634932e-03
-3.02213535e-01 6.48447821e-03 4.13146077e-04 3.59370091e-03 -2.73091267e-03
-3.00716191e-01 6.49345494e-03 4.10434332e-04 3.59840165e-03 -2.72551598e-03
-2.99218105e-01 6.50246935e-03 4.07749632e-04 3.60326471e-03 -2.72015945e-03
-2.97719282e-01 6.51151633e-03 4.05096575e-04 3.60829587e-03 -2.71484332e-03
-2.96219724e-01 6.52059076e-03 4.02479768e-04 3.61350067e-03 -2.70956782e-03
-2.94719436e-01 6.52968758e-03 3.99903824e-04 3.61888444e-03 -2.70433323e-03
-2.93218420e-01 6.53880173e-03 3.97373356e-04 3.62445221e-03 -2.69913983e-03
-2.91716682e-01 6.54792817e-03 3.94892973e-04 3.63020876e-03 -2.69398793e-03
-2.90214224e-01 6.55706193e-03 3.92467271e-04 3.63615861e-03 -2.68887786e-03
-2.88711051e-01 6.56619805e-03 3.90100834e-04 3.64230595e-03 -2.68380995e-03
-2.87207166e-01 6.57533165e-03 3.87798222e-04 3.64865472e-03 -2.67878455e-03
-2.85702572e-01 6.58445789e-03 3.85563970e-04 3.65520853e-03 -2.67380202e-03
-2.84197274e-01 6.59357200e-03 3.83402582e-04 3.66197070e-03 -2.66886272e-03
-2.82691274e-01 6.60266927e-03 3.81318522e-04 3.66894423e-03 -2.66396704e-03
-2.81184578e-01 6.61174509e-03 3.79316215e-04 3.67613178e-03 -2.65911534e-03
-2.79677188e-01 6.62079492e-03 3.77400035e-04 3.68353570e-03 -2.65430801e-03
-2.78169109e-01 6.62981429e-03 3.75574305e-04 3.69115802e-03 -2.64954543e-03
-2.76660343e-01 6.63879888e-03 3.73843288e-04 3.69900042e-03 -2.64482796e-03
-2.75150895e-01 6.64774442e-03 3.72211183e-04 3.70706426e-03 -2.64015599e-03
-2.73640769e-01 6.65664678e-03 3.70682119e-04 3.71535053e-03 -2.63552987e-03
-2.72129968e-01 6.66550196e-03 3.69260152e-04 3.72385993e-03 -2.63094995e-03
-2.70618495e-01 6.67430607e-03 3.67949257e-04 3.73259278e-03 -2.62641656e-03
-2.69106356e-01 6.68305535e-03 3.66753323e-04 3.74154909e-03 -2.62193003e-03
-2.67593552e-01 6.69174618e-03 3.65676149e-04 3.75072850e-03 -2.61749066e-03
-2.66080089e-01 6.70037511e-03 3.64721438e-04 3.76013034e-03 -2.61309873e-03
-2.64565969e-01 6.70893882e-03 3.63892794e-04 3.76975361e-03 -2.60875449e-03
-2.63051197e-01 6.71743416e-03 3.63193713e-04 3.77959696e-03 -2.60445817e-03
-2.61535776e-01 6.72585814e-03 3.62627580e-04 3.78965873e-03 -2.60020997e-03
-2.60019711e-01 6.73420796e-03 3.62197665e-04 3.79993696e-03 -2.59601004e-03
-2.58503004e-01 6.74248099e-03 3.61907118e-04 3.81042933e-03 -2.59185853e-03
-2.56985659e-01 6.75067478e-03 3.61758962e-04 3.82113325e-03 -2.58775552e-03
-2.55467681e-01 6.75878709e-03 3.61756089e-04 3.83204583e-03 -2.58370106e-03
-2.53949073e-01 6.76681586e-03 3.61901259e-04 3.84316387e-03 -2.57969515e-03
-2.52429838e-01 6.77475925e-03 3.62197090e-04 3.85448390e-03 -2.57573774e-03
-2.50909981e-01 6.78261562e-03 3.62646056e-04 3.86600220e-03 -2.57182876e-03
-2.49389505e-01 6.79038354e-03 3.63250482e-04 3.87771474e-03 -2.56796805e-03
-2.47868414e-01 6.79806182e-03 3.64012543e-04 3.88961729e-03 -2.56415541e-03
-2.46346712e-01 6.80564947e-03 3.64934254e-04 3.90170535e-03 -2.56039059e-03
-2.44824402e-01 6.81314574e-03 3.66017469e-04 3.91397420e-03 -2.55667327e-03
-2.43301489e-01 6.82055012e-03 3.67263880e-04 3.92641892e-03 -2.55300308e-03
-2.41777975e-01 6.82786231e-03 3.68675005e-04 3.93903439e-03 -2.54937957e-03
-2.40253865e-01 6.83508229e-03 3.70252194e-04 3.95181528e-03 -2.54580222e-03
-2.38729163e-01 6.84221024e-03 3.71996618e-04 3.96475611e-03 -2.54227048e-03
-2.37203872e-01 6.84924661e-03 3.73909268e-04 3.97785124e-03 -2.53878369e-03
-2.35677996e-01 6.85619210e-03 3.75990954e-04 3.99109490e-03 -2.53534113e-03
-2.34151539e-01 6.86304765e-03 3.78242297e-04 4.00448117e-03 -2.53194201e-03
-2.32624504e-01 6.86981444e-03 3.80663729e-04 4.01800405e-03 -2.52858548e-03
-2.31096895e-01 6.87649393e-03 3.83255492e-04 4.03165742e-03 -2.52527058e-03
-2.29568717e-01 6.88308780e-03 3.86017630e-04 4.04543510e-03 -2.52199631e-03
-2.28039973e-01 6.88959802e-03 3.88949990e-04 4.05933085e-03 -2.51876158e-03
-2.26510666e-01 6.89602678e-03 3.92052222e-04 4.07333839e-03 -2.51556521e-03
-2.24980800e-01 6.90237654e-03 3.95323768e-04 4.08745141e-03 -2.51240596e-03
-2.23450380e-01 6.90864999e-03 3.98763872e-04 4.10166359e-03 -2.50928250e-03
-2.21919408e-01 6.91485011e-03 4.02371568e-04 4.11596863e-03 -2.50619344e-03
-2.20387890e-01 6.92098009e-03 4.06145683e-04 4.13036024e-03 -2.50313730e-03
-2.18855828e-01 6.92704337e-03 4.10084837e-04 4.14483219e-03 -2.50011252e-03
-2.17323226e-01 6.93304366e-03 4.14187437e-04 4.15937830e-03 -2.49711749e-03
-2.15790088e-01 6.93898487e-03 4.18451682e-04 4.17399249e-03 -2.49415050e-03
-2.14256418e-01 6.94487117e-03 4.22875558e-04 4.18866874e-03 -2.49120977e-03
-2.12722219e-01 6.95070696e-03 4.27456837e-04 4.20340116e-03 -2.48829348e-03
-2.11187496e-01 6.95649686e-03 4.32193082e-04 4.21818400e-03 -2.48539970e-03
-2.09652252e-01 6.96224571e-03 4.37081641e-04 4.23301163e-03 -2.48252647e-03
-2.08116491e-01 6.96795856e-03 4.42119652e-04 4.24787859e-03 -2.47967176e-03
-2.06580217e-01 6.97364069e-03 4.47304041e-04 4.26277960e-03 -2.47683346e-03
-2.05043433e-01 6.97929756e-03 4.52631524e-04 4.27770955e-03 -2.47400943e-03
-2.03506144e-01 6.98493484e-03 4.58098607e-04 4.29266354e-03 -2.47119747e-03
-2.01968353e-01 6.99055839e-03 4.63701588e-04 4.30763691e-03 -2.46839533e-03
-2.00430064e-01 6.99617422e-03 4.69436562e-04 4.32262518e-03 -2.46560071e-03
-1.98891280e-01 7.00178857e-03 4.75299416e-04 4.33762415e-03 -2.46281129e-03
-1.97352006e-01 7.00740778e-03 4.81285840e-04 4.35262987e-03 -2.46002470e-03
-1.95812245e-01 7.01303839e-03 4.87391322e-04 4.36763863e-03 -2.45723855e-03
-1.94272002e-01 7.01868707e-03 4.93611156e-04 4.38264702e-03 -2.45445041e-03
-1.92731279e-01 7.02436063e-03 4.99940444e-04 4.39765189e-03 -2.45165786e-03
-1.91190081e-01 7.03006600e-03 5.06374101e-04 4.41265040e-03 -2.44885845e-03
-1.89648411e-01 7.03581022e-03 5.12906855e-04 4.42764000e-03 -2.44604972e-03
-1.88106274e-01 7.04160045e-03 5.19533257e-04 4.44261844e-03 -2.44322922e-03
-1.86563673e-01 7.04744393e-03 5.26247682e-04 4.45758381e-03 -2.44039451e-03
-1.85020611e-01 7.05334800e-03 5.33044335e-04 4.47253448e-03 -2.43754316e-03
-1.83477094e-01 7.05932004e-03 5.39917258e-04 4.48746916e-03 -2.43467276e-03
-1.81933124e-01 7.06536753e-03 5.46860334e-04 4.50238690e-03 -2.43178093e-03
-1.80388705e-01 7.07149796e-03 5.53867296e-04 4.51728704e-03 -2.42886532e-03
-1.78843841e-01 7.07771888e-03 5.60931729e-04 4.53216929e-03 -2.42592364e-03
-1.77298536e-01 7.08403784e-03 5.68047082e-04 4.54703365e-03 -2.42295364e-03
-1.75752795e-01 7.09046243e-03 5.75206672e-04 4.56188047e-03 -2.41995312e-03
-1.74206619e-01 7.09700021e-03 5.82403695e-04 4.57671044e-03 -2.41691997e-03
-1.72660014e-01 7.10365874e-03 5.89631230e-04 4.59152454e-03 -2.41385212e-03
-1.71112983e-01 7.11044554e-03 5.96882250e-04 4.60632409e-03 -2.41074763e-03
-1.69565531e-01 7.11736810e-03 6.04149631e-04 4.62111072e-03 -2.40760460e-03
-1.68017660e-01 7.12443387e-03 6.11426162e-04 4.63588639e-03 -2.40442126e-03
-1.66469374e-01 7.13165019e-03 6.18704551e-04 4.65065333e-03 -2.40119593e-03
-1.64920678e-01 7.13902437e-03 6.25977438e-04 4.66541410e-03 -2.39792707e-03
-1.63371576e-01 7.14656358e-03 6.33237405e-04 4.68017152e-03 -2.39461322e-03
-1.61822070e-01 7.15427494e-03 6.40476984e-04 4.69492872e-03 -2.39125309e-03
-1.60272166e-01 7.16216540e-03 6.47688672e-04 4.70968907e-03 -2.38784551e-03
-1.58721866e-01 7.17024181e-03 6.54864940e-04 4.72445621e-03 -2.38438943e-03
-1.57171175e-01 7.17851088e-03 6.61998241e-04 4.73923404e-03 -2.38088400e-03
-1.55620096e-01 7.18697913e-03 6.69081029e-04 4.75402666e-03 -2.37732848e-03
-1.54068633e-01 7.19565297e-03 6.76105765e-04 4.76883844e-03 -2.37372234e-03
-1.52516790e-01 7.20453857e-03 6.83064931e-04 4.78367390e-03 -2.37006517e-03
-1.50964572e-01 7.21364196e-03 6.89951045e-04 4.79853781e-03 -2.36635678e-03
-1.49411981e-01 7.22296894e-03 6.96756669e-04 4.81343507e-03 -2.36259714e-03
-1.47859021e-01 7.23252511e-03 7.03474426e-04 4.82837076e-03 -2.35878641e-03
-1.46305697e-01 7.24231584e-03 7.10097010e-04 4.84335012e-03 -2.35492496e-03
-1.44752012e-01 7.25234628e-03 7.16617201e-04 4.85837848e-03 -2.35101333e-03
-1.43197970e-01 7.26262132e-03 7.23027878e-04 4.87346132e-03 -2.34705229e-03
-1.41643575e-01 7.27314561e-03 7.29322035e-04 4.88860418e-03 -2.34304279e-03
-1.40088830e-01 7.28392354e-03 7.35492787e-04 4.90381270e-03 -2.33898600e-03
-1.38533740e-01 7.29495921e-03 7.41533392e-04 4.91909255e-03 -2.33488330e-03
-1.36978309e-01 7.30625646e-03 7.47437260e-04 4.93444945e-03 -2.33073629e-03
-1.35422539e-01 7.31781885e-03 7.53197969e-04 4.94988914e-03 -2.32654677e-03
-1.33866436e-01 7.32964963e-03 7.58809276e-04 4.96541735e-03 -2.32231677e-03
-1.32310002e-01 7.34175176e-03 7.64265133e-04 4.98103980e-03 -2.31804853e-03
-1.30753243e-01 7.35412790e-03 7.69559701e-04 4.99676215e-03 -2.31374450e-03
-1.29196160e-01 7.36678037e-03 7.74687358e-04 5.01259003e-03 -2.30940735e-03
-1.27638760e-01 7.37971121e-03 7.79642720e-04 5.02852895e-03 -2.30503998e-03
-1.26081044e-01 7.39292212e-03 7.84420651e-04 5.04458437e-03 -2.30064548e-03
-1.24523017e-01 7.40641448e-03 7.89016272e-04 5.06076158e-03 -2.29622716e-03
-1.22964684e-01 7.42018934e-03 7.93424980e-04 5.07706579e-03 -2.29178853e-03
-1.21406047e-01 7.43424741e-03 7.97642456e-04 5.09350201e-03 -2.28733330e-03
-1.19847110e-01 7.44858910e-03 8.01664681e-04 5.11007510e-03 -2.28286540e-03
-1.18287878e-01 7.46321444e-03 8.05487944e-04 5.12678973e-03 -2.27838892e-03
-1.16728355e-01 7.47812316e-03 8.09108855e-04 5.14365036e-03 -2.27390816e-03
-1.15168543e-01 7.49331465e-03 8.12524358e-04 5.16066123e-03 -2.26942758e-03
-1.13608448e-01 7.50878795e-03 8.15731738e-04 5.17782634e-03 -2.26495183e-03
-1.12048072e-01 7.52454178e-03 8.18728635e-04 5.19514943e-03 -2.26048572e-03
-1.10487420e-01 7.54057454e-03 8.21513050e-04 5.21263397e-03 -2.25603421e-03
-1.08926495e-01 7.55688427e-03 8.24083360e-04 5.23028318e-03 -2.25160241e-03
-1.07365302e-01 7.57346871e-03 8.26438318e-04 5.24809994e-03 -2.24719556e-03
-1.05803844e-01 7.59032528e-03 8.28577072e-04 5.26608684e-03 -2.24281903e-03
-1.04242126e-01 7.60745107e-03 8.30499161e-04 5.28424617e-03 -2.23847832e-03
-1.02680150e-01 7.62484286e-03 8.32204532e-04 5.30257987e-03 -2.23417900e-03
-1.01117920e-01 7.64249714e-03 8.33693540e-04 5.32108954e-03 -2.22992675e-03
-9.95554419e-02 7.66041009e-03 8.34966954e-04 5.33977644e-03 -2.22572733e-03
-9.79927178e-02 7.67857758e-03 8.36025967e-04 5.35864149e-03 -2.22158657e-03
-9.64297521e-02 7.69699523e-03 8.36872192e-04 5.37768523e-03 -2.21751032e-03
-9.48665486e-02 7.71565836e-03 8.37507674e-04 5.39690784e-03 -2.21350449e-03
-9.33031111e-02 7.73456203e-03 8.37934883e-04 5.41630913e-03 -2.20957502e-03
-9.17394435e-02 7.75370104e-03 8.38156725e-04 5.43588855e-03 -2.20572784e-03
-9.01755497e-02 7.77306996e-03 8.38176537e-04 5.45564516e-03 -2.20196885e-03
-8.86114334e-02 7.79266308e-03 8.37998088e-04 5.47557765e-03 -2.19830398e-03
-8.70470987e-02 7.81247451e-03 8.37625580e-04 5.49568435e-03 -2.19473906e-03
-8.54825493e-02 7.83249813e-03 8.37063644e-04 5.51596319e-03 -2.19127989e-03
-8.39177890e-02 7.85272759e-03 8.36317339e-04 5.53641176e-03 -2.18793220e-03
-8.23528218e-02 7.87315640e-03 8.35392146e-04 5.55702727e-03 -2.18470161e-03
-8.07876515e-02 7.89377785e-03 8.34293968e-04 5.57780658e-03 -2.18159365e-03
-7.92222820e-02 7.91458508e-03 8.33029118e-04 5.59874617e-03 -2.17861370e-03
-7.76567171e-02 7.93557110e-03 8.31604319e-04 5.61984222e-03 -2.17576702e-03
-7.60909607e-02 7.95672875e-03 8.30026693e-04 5.64109053e-03 -2.17305870e-03
-7.45250166e-02 7.97805078e-03 8.28303753e-04 5.66248660e-03 -2.17049365e-03
-7.29588887e-02 7.99952981e-03 8.26443395e-04 5.68402562e-03 -2.16807658e-03
-7.13925810e-02 8.02115837e-03 8.24453886e-04 5.70570244e-03 -2.16581200e-03
-6.98260971e-02 8.04292894e-03 8.22343855e-04 5.72751167e-03 -2.16370419e-03
-6.82594410e-02 8.06483390e-03 8.20122280e-04 5.74944761e-03 -2.16175718e-03
-6.66926166e-02 8.08686562e-03 8.17798473e-04 5.77150432e-03 -2.15997473e-03
-6.51256278e-02 8.10901641e-03 8.15382069e-04 5.79367559e-03 -2.15836035e-03
-6.35584783e-02 8.13127860e-03 8.12883010e-04 5.81595503e-03 -2.15691724e-03
-6.19911720e-02 8.15364449e-03 8.10311528e-04 5.83833600e-03 -2.15564829e-03
-6.04237129e-02 8.17610642e-03 8.07678132e-04 5.86081170e-03 -2.15455607e-03
-5.88561048e-02 8.19865676e-03 8.04993585e-04 5.88337513e-03 -2.15364282e-03
-5.72883515e-02 8.22128793e-03 8.02268891e-04 5.90601919e-03 -2.15291044e-03
-5.57204570e-02 8.24399241e-03 7.99515274e-04 5.92873661e-03 -2.15236045e-03
-5.41524250e-02 8.26676277e-03 7.96744156e-04 5.95152003e-03 -2.15199400e-03
-5.25842595e-02 8.28959169e-03 7.93967141e-04 5.97436202e-03 -2.15181186e-03
-5.10159643e-02 8.31247195e-03 7.91195989e-04 5.99725508e-03 -2.15181441e-03
-4.94475433e-02 8.33539646e-03 7.88442598e-04 6.02019167e-03 -2.15200162e-03
-4.78790003e-02 8.35835828e-03 7.85718979e-04 6.04316427e-03 -2.15237305e-03
-4.63103392e-02 8.38135064e-03 7.83037233e-04 6.06616532e-03 -2.15292782e-03
-4.47415640e-02 8.40436693e-03 7.80409528e-04 6.08918735e-03 -2.15366465e-03
-4.31726784e-02 8.42740074e-03 7.77848076e-04 6.11222292e-03 -2.15458180e-03
-4.16036863e-02 8.45044586e-03 7.75365106e-04 6.13526470e-03 -2.15567711e-03
-4.00345917e-02 8.47349632e-03 7.72972841e-04 6.15830545e-03 -2.15694797e-03
-3.84653983e-02 8.49654634e-03 7.70683471e-04 6.18133809e-03 -2.15839133e-03
-3.68961100e-02 8.51959043e-03 7.68509128e-04 6.20435568e-03 -2.16000367e-03
-3.53267308e-02 8.54262332e-03 7.66461862e-04 6.22735149e-03 -2.16178105e-03
-3.37572644e-02 8.56564004e-03 7.64553610e-04 6.25031898e-03 -2.16371906e-03
-3.21877148e-02 8.58863589e-03 7.62796176e-04 6.27325186e-03 -2.16581286e-03
-3.06180858e-02 8.61160646e-03 7.61201200e-04 6.29614409e-03 -2.16805716e-03
-2.90483813e-02 8.63454765e-03 7.59780134e-04 6.31898993e-03 -2.17044624e-03
-2.74786051e-02 8.65745566e-03 7.58544213e-04 6.34178392e-03 -2.17297392e-03
-2.59087612e-02 8.68032703e-03 7.57504434e-04 6.36452095e-03 -2.17563362e-03
-2.43388534e-02 8.70315862e-03 7.56671525e-04 6.38719624e-03 -2.17841833e-03
-2.27688855e-02 8.72594764e-03 7.56055922e-04 6.40980540e-03 -2.18132063e-03
-2.11988616e-02 8.74869164e-03 7.55667741e-04 6.43234441e-03 -2.18433271e-03
-1.96287853e-02 8.77138851e-03 7.55516757e-04 6.45480967e-03 -2.18744634e-03
-1.80586606e-02 8.79403653e-03 7.55612375e-04 6.47719801e-03 -2.19065296e-03
-1.64884914e-02 8.81663432e-03 7.55963609e-04 6.49950670e-03 -2.19394360e-03
-1.49182815e-02 8.83918088e-03 7.56579057e-04 6.52173347e-03 -2.19730898e-03
-1.33480349e-02 8.86167558e-03 7.57466877e-04 6.54387653e-03 -2.20073947e-03
-1.17777553e-02 8.88411818e-03 7.58634766e-04 6.56593457e-03 -2.20422513e-03
-1.02074466e-02 8.90650880e-03 7.60089939e-04 6.58790680e-03 -2.20775571e-03
-8.63711283e-03 8.92884794e-03 7.61839108e-04 6.60979292e-03 -2.21132071e-03
-7.06675773e-03 8.95113651e-03 7.63888459e-04 6.63159319e-03 -2.21490935e-03
-5.49638519e-03 8.97337576e-03 7.66243636e-04 6.65330836e-03 -2.21851062e-03
-3.92599911e-03 8.99556736e-03 7.68909724e-04 6.67493977e-03 -2.22211332e-03
-2.35560334e-03 9.01771332e-03 7.71891228e-04 6.69648927e-03 -2.22570602e-03
-7.85201758e-04 9.03981607e-03 7.75192060e-04 6.71795927e-03 -2.22927716e-03
7.85201758e-04 9.06187838e-03 7.78815524e-04 6.73935275e-03 -2.23281502e-03
2.35560334e-03 9.08390340e-03 7.82764302e-04 6.76067324e-03 -2.23630778e-03
3.92599911e-03 9.10589465e-03 7.87040439e-04 6.78192483e-03 -2.23974351e-03
5.49638519e-03 9.12785602e-03 7.91645336e-04 6.80311217e-03 -2.24311024e-03
7.06675773e-03 9.14979172e-03 7.96579738e-04 6.82424045e-03 -2.24639595e-03
8.63711283e-03 9.17170635e-03 8.01843727e-04 6.84531544e-03 -2.24958863e-03
1.02074466e-02 9.19360481e-03 8.07436711e-04 6.86634343e-03 -2.25267628e-03
1.17777553e-02 9.21549237e-03 8.13357424e-04 6.88733125e-03 -2.25564697e-03
1.33480349e-02 9.23737458e-03 8.19603917e-04 6.90828629e-03 -2.25848882e-03
1.49182815e-02 9.25925735e-03 8.26173558e-04 6.92921643e-03 -2.26119009e-03
1.64884914e-02 9.28114686e-03 8.33063030e-04 6.95013007e-03 -2.26373917e-03
1.80586606e-02 9.30304958e-03 8.40268332e-04 6.97103610e-03 -2.26612462e-03
1.96287853e-02 9.32497230e-03 8.47784779e-04 6.99194391e-03 -2.26833521e-03
2.11988616e-02 9.34692202e-03 8.55607007e-04 7.01286334e-03 -2.27035992e-03
2.27688855e-02 9.36890605e-03 8.63728979e-04 7.03380469e-03 -2.27218802e-03
2.43388534e-02 9.39093192e-03 8.72143989e-04 7.05477868e-03 -2.27380904e-03
2.59087612e-02 9.41300738e-03 8.80844672e-04 7.07579645e-03 -2.27521286e-03
2.74786051e-02 9.43514041e-03 8.89823015e-04 7.09686953e-03 -2.27638967e-03
2.90483813e-02 9.45733918e-03 8.99070363e-04 7.11800982e-03 -2.27733007e-03
3.06180858e-02 9.47961207e-03 9.08577440e-04 7.13922957e-03 -2.27802505e-03
3.21877148e-02 9.50196759e-03 9.18334356e-04 7.16054134e-03 -2.27846603e-03
3.37572644e-02 9.52441445e-03 9.28330627e-04 7.18195799e-03 -2.27864491e-03
3.53267308e-02 9.54696147e-03 9.38555193e-04 7.20349266e-03 -2.27855404e-03
3.68961100e-02 9.56961760e-03 9.48996434e-04 7.22515872e-03 -2.27818631e-03
3.84653983e-02 9.59239189e-03 9.59642193e-04 7.24696977e-03 -2.27753513e-03
4.00345917e-02 9.61529350e-03 9.70479797e-04 7.26893957e-03 -2.27659447e-03
4.16036863e-02 9.63833164e-03 9.81496080e-04 7.29108208e-03 -2.27535888e-03
4.31726784e-02 9.66151558e-03 9.92677411e-04 7.31341134e-03 -2.27382352e-03
4.47415640e-02 9.68485465e-03 1.00400971e-03 7.33594151e-03 -2.27198415e-03
4.63103392e-02 9.70835817e-03 1.01547850e-03 7.35868682e-03 -2.26983719e-03
4.78790003e-02 9.73203548e-03 1.02706888e-03 7.38166151e-03 -2.26737972e-03
4.94475433e-02 9.75589591e-03 1.03876565e-03 7.40487986e-03 -2.26460947e-03
5.10159643e-02 9.77994875e-03 1.05055322e-03 7.42835607e-03 -2.26152487e-03
5.25842595e-02 9.80420326e-03 1.06241576e-03 7.45210433e-03 -2.25812507e-03
5.41524250e-02 9.82866861e-03 1.07433714e-03 7.47613868e-03 -2.25440990e-03
5.57204570e-02 9.85335390e-03 1.08630103e-03 7.50047308e-03 -2.25037994e-03
5.72883515e-02 9.87826815e-03 1.09829089e-03 7.52512131e-03 -2.24603648e-03
5.88561048e-02 9.90342023e-03 1.11029002e-03 7.55009694e-03 -2.24138158e-03
6.04237129e-02 9.92881891e-03 1.12228161e-03 7.57541336e-03 -2.23641800e-03
6.19911720e-02 9.95447279e-03 1.13424876e-03 7.60108367e-03 -2.23114929e-03
6.35584783e-02 9.98039034e-03 1.14617450e-03 7.62712069e-03 -2.22557972e-03
6.51256278e-02 1.00065798e-02 1.15804188e-03 7.65353693e-03 -2.21971432e-03
6.66926166e-02 1.00330493e-02 1.16983396e-03 7.68034455e-03 -2.21355886e-03
6.82594410e-02 1.00598066e-02 1.18153387e-03 7.70755534e-03 -2.20711987e-03
6.98260971e-02 1.00868595e-02 1.19312482e-03 7.73518067e-03 -2.20040461e-03
7.13925810e-02 1.01142154e-02 1.20459019e-03 7.76323151e-03 -2.19342105e-03
7.29588887e-02 1.01418813e-02 1.21591351e-03 7.79171833e-03 -2.18617790e-03
7.45250166e-02 1.01698643e-02 1.22707856e-03 7.82065114e-03 -2.17868459e-03
7.60909607e-02 1.01981709e-02 1.23806934e-03 7.85003943e-03 -2.17095123e-03
7.76567171e-02 1.02268076e-02 1.24887016e-03 7.87989218e-03 -2.16298863e-03
7.92222820e-02 1.02557803e-02 1.25946566e-03 7.91021778e-03 -2.15480824e-03
8.07876515e-02 1.02850948e-02 1.26984084e-03 7.94102407e-03 -2.14642219e-03
8.23528218e-02 1.03147566e-02 1.27998109e-03 7.97231827e-03 -2.13784321e-03
8.39177890e-02 1.03447709e-02 1.28987226e-03 8.00410701e-03 -2.12908466e-03
8.54825493e-02 1.03751423e-02 1.29950065e-03 8.03639626e-03 -2.12016048e-03
8.70470987e-02 1.04058753e-02 1.30885309e-03 8.06919135e-03 -2.11108516e-03
8.86114334e-02 1.04369740e-02 1.31791692e-03 8.10249697e-03 -2.10187373e-03
9.01755497e-02 1.04684423e-02 1.32668008e-03 8.13631710e-03 -2.09254172e-03
9.17394435e-02 1.05002834e-02 1.33513110e-03 8.17065505e-03 -2.08310515e-03
9.33031111e-02 1.05325005e-02 1.34325912e-03 8.20551342e-03 -2.07358047e-03
9.48665486e-02 1.05650962e-02 1.35105397e-03 8.24089412e-03 -2.06398454e-03
9.64297521e-02 1.05980727e-02 1.35850615e-03 8.27679834e-03 -2.05433463e-03
9.79927178e-02 1.06314321e-02 1.36560688e-03 8.31322656e-03 -2.04464832e-03
9.95554419e-02 1.06651760e-02 1.37234812e-03 8.35017853e-03 -2.03494351e-03
1.01117920e-01 1.06993054e-02 1.37872258e-03 8.38765327e-03 -2.02523839e-03
1.02680150e-01 1.07338212e-02 1.38472375e-03 8.42564911e-03 -2.01555136e-03
1.04242126e-01 1.07687239e-02 1.39034592e-03 8.46416364e-03 -2.00590104e-03
1.05803844e-01 1.08040136e-02 1.39558422e-03 8.50319374e-03 -1.99630618e-03
1.07365302e-01 1.08396899e-02 1.40043457e-03 8.54273556e-03 -1.98678568e-03
1.08926495e-01 1.08757522e-02 1.40489379e-03 8.58278459e-03 -1.97735848e-03
1.10487420e-01 1.09121995e-02 1.40895951e-03 8.62333559e-03 -1.96804359e-03
1.12048072e-01 1.09490305e-02 1.41263026e-03 8.66438265e-03 -1.95886000e-03
1.13608448e-01 1.09862434e-02 1.41590544e-03 8.70591919e-03 -1.94982663e-03
1.15168543e-01 1.10238361e-02 1.41878534e-03 8.74793796e-03 -1.94096234e-03
1.16728355e-01 1.10618062e-02 1.42127113e-03 8.79043109e-03 -1.93228584e-03
1.18287878e-01 1.11001511e-02 1.42336488e-03 8.83339007e-03 -1.92381567e-03
1.19847110e-01 1.11388676e-02 1.42506954e-03 8.87680578e-03 -1.91557015e-03
1.21406047e-01 1.11779524e-02 1.42638897e-03 8.92066852e-03 -1.90756734e-03
1.22964684e-01 1.12174018e-02 1.42732789e-03 8.96496802e-03 -1.89982500e-03
1.24523017e-01 1.12572118e-02 1.42789191e-03 9.00969346e-03 -1.89236053e-03
1.26081044e-01 1.12973783e-02 1.42808754e-03 9.05483352e-03 -1.88519098e-03
1.27638760e-01 1.13378966e-02 1.42792210e-03 9.10037637e-03 -1.87833293e-03
1.29196160e-01 1.13787619e-02 1.42740379e-03 9.14630970e-03 -1.87180253e-03
1.30753243e-01 1.14199693e-02 1.42654166e-03 9.19262079e-03 -1.86561541e-03
1.32310002e-01 1.14615134e-02 1.42534555e-03 9.23929649e-03 -1.85978666e-03
1.33866436e-01 1.15033887e-02 1.42382612e-03 9.28632326e-03 -1.85433080e-03
1.35422539e-01 1.15455896e-02 1.42199481e-03 9.33368721e-03 -1.84926171e-03
1.36978309e-01 1.15881101e-02 1.41986380e-03 9.38137414e-03 -1.84459266e-03
1.38533740e-01 1.16309440e-02 1.41744603e-03 9.42936956e-03 -1.84033619e-03
1.40088830e-01 1.16740852e-02 1.41475515e-03 9.47765870e-03 -1.83650416e-03
1.41643575e-01 1.17175272e-02 1.41180548e-03 9.52622661e-03 -1.83310766e-03
1.43197970e-01 1.17612634e-02 1.40861201e-03 9.57505810e-03 -1.83015702e-03
1.44752012e-01 1.18052872e-02 1.40519033e-03 9.62413785e-03 -1.82766175e-03
1.46305697e-01 1.18495918e-02 1.40155664e-03 9.67345044e-03 -1.82563055e-03
1.47859021e-01 1.18941702e-02 1.39772770e-03 9.72298033e-03 -1.82407124e-03
1.49411981e-01 1.19390154e-02 1.39372078e-03 9.77271195e-03 -1.82299080e-03
1.50964572e-01 1.19841205e-02 1.38955365e-03 9.82262969e-03 -1.82239527e-03
1.52516790e-01 1.20294784e-02 1.38524453e-03 9.87271801e-03 -1.82228980e-03
1.54068633e-01 1.20750819e-02 1.38081204e-03 9.92296137e-03 -1.82267861e-03
1.55620096e-01 1.21209240e-02 1.37627517e-03 9.97334437e-03 -1.82356495e-03
1.57171175e-01 1.21669974e-02 1.37165325e-03 1.00238517e-02 -1.82495114e-03
1.58721866e-01 1.22132951e-02 1.36696589e-03 1.00744682e-02 -1.82683851e-03
1.60272166e-01 1.22598101e-02 1.36223296e-03 1.01251790e-02 -1.82922741e-03
1.61822070e-01 1.23065352e-02 1.35747452e-03 1.01759693e-02 -1.83211722e-03
1.63371576e-01 1.23534635e-02 1.35271078e-03 1.02268248e-02 -1.83550631e-03
1.64920678e-01 1.24005881e-02 1.34796209e-03 1.02777311e-02 -1.83939208e-03
1.66469374e-01 1.24479022e-02 1.34324886e-03 1.03286746e-02 -1.84377093e-03
1.68017660e-01 1.24953992e-02 1.33859152e-03 1.03796418e-02 -1.84863827e-03
1.69565531e-01 1.25430725e-02 1.33401048e-03 1.04306196e-02 -1.85398855e-03
1.71112983e-01 1.25909156e-02 1.32952609e-03 1.04815952e-02 -1.85981520e-03
1.72660014e-01 1.26389223e-02 1.32515860e-03 1.05325567e-02 -1.86611073e-03
1.74206619e-01 1.26870865e-02 1.32092810e-03 1.05834920e-02 -1.87286668e-03
1.75752795e-01 1.27354022e-02 1.31685446e-03 1.06343902e-02 -1.88007365e-03
1.77298536e-01 1.27838637e-02 1.31295734e-03 1.06852404e-02 -1.88772130e-03
1.78843841e-01 1.28324655e-02 1.30925610e-03 1.07360326e-02 -1.89579841e-03
1.80388705e-01 1.28812023e-02 1.30576977e-03 1.07867570e-02 -1.90429288e-03
1.81933124e-01 1.29300689e-02 1.30251701e-03 1.08374048e-02 -1.91319170e-03
1.83477094e-01 1.29790606e-02 1.29951606e-03 1.08879676e-02 -1.92248109e-03
1.85020611e-01 1.30281726e-02 1.29678472e-03 1.09384377e-02 -1.93214639e-03
1.86563673e-01 1.30774008e-02 1.29434029e-03 1.09888080e-02 -1.94217221e-03
1.88106274e-01 1.31267410e-02 1.29219953e-03 1.10390720e-02 -1.95254238e-03
1.89648411e-01 1.31761894e-02 1.29037863e-03 1.10892241e-02 -1.96324001e-03
1.91190081e-01 1.32257425e-02 1.28889320e-03 1.11392593e-02 -1.97424752e-03
1.92731279e-01 1.32753971e-02 1.28775818e-03 1.11891732e-02 -1.98554670e-03
1.94272002e-01 1.33251502e-02 1.28698786e-03 1.12389622e-02 -1.99711869e-03
1.95812245e-01 1.33749994e-02 1.28659579e-03 1.12886235e-02 -2.00894407e-03
1.97352006e-01 1.34249422e-02 1.28659483e-03 1.13381549e-02 -2.02100290e-03
1.98891280e-01 1.34749768e-02 1.28699705e-03 1.13875550e-02 -2.03327469e-03
2.00430064e-01 1.35251015e-02 1.28781372e-03 1.14368232e-02 -2.04573856e-03
2.01968353e-01 1.35753149e-02 1.28905532e-03 1.14859595e-02 -2.05837316e-03
2.03506144e-01 1.36256161e-02 1.29073148e-03 1.15349649e-02 -2.07115681e-03
2.05043433e-01 1.36760045e-02 1.29285097e-03 1.15838408e-02 -2.08406750e-03
2.06580217e-01 1.37264797e-02 1.29542168e-03 1.16325895e-02 -2.09708293e-03
2.08116491e-01 1.37770417e-02 1.29845061e-03 1.16812142e-02 -2.11018058e-03
2.09652252e-01 1.38276910e-02 1.30194384e-03 1.17297187e-02 -2.12333775e-03
2.11187496e-01 1.38784283e-02 1.30590653e-03 1.17781073e-02 -2.13653159e-03
2.12722219e-01 1.39292546e-02 1.31034292e-03 1.18263854e-02 -2.14973918e-03
2.14256418e-01 1.39801713e-02 1.31525630e-03 1.18745589e-02 -2.16293754e-03
2.15790088e-01 1.40311801e-02 1.32064899e-03 1.19226343e-02 -2.17610373e-03
2.17323226e-01 1.40822832e-02 1.32652240e-03 1.19706190e-02 -2.18921483e-03
2.18855828e-01 1.41334829e-02 1.33287693e-03 1.20185210e-02 -2.20224805e-03
2.20387890e-01 1.41847821e-02 1.33971208e-03 1.20663488e-02 -2.21518076e-03
2.21919408e-01 1.42361836e-02 1.34702636e-03 1.21141117e-02 -2.22799050e-03
2.23450380e-01 1.42876911e-02 1.35481735e-03 1.21618195e-02 -2.24065508e-03
2.24980800e-01 1.43393081e-02 1.36308168e-03 1.22094827e-02 -2.25315262e-03
2.26510666e-01 1.43910387e-02 1.37181506e-03 1.22571123e-02 -2.26546154e-03
2.28039973e-01 1.44428873e-02 1.38101227e-03 1.23047199e-02 -2.27756068e-03
2.29568717e-01 1.44948585e-02 1.39066717e-03 1.23523175e-02 -2.28942931e-03
2.31096895e-01 1.45469571e-02 1.40077276e-03 1.23999179e-02 -2.30104716e-03
2.32624504e-01 1.45991886e-02 1.41132114e-03 1.24475340e-02 -2.31239447e-03
2.34151539e-01 1.46515583e-02 1.42230356e-03 1.24951794e-02 -2.32345207e-03
2.35677996e-01 1.47040721e-02 1.43371044e-03 1.25428682e-02 -2.33420136e-03
2.37203872e-01 1.47567359e-02 1.44553139e-03 1.25906146e-02 -2.34462439e-03
2.38729163e-01 1.48095562e-02 1.45775522e-03 1.26384334e-02 -2.35470388e-03
2.40253865e-01 1.48625394e-02 1.47037000e-03 1.26863397e-02 -2.36442325e-03
2.41777975e-01 1.49156923e-02 1.48336306e-03 1.27343490e-02 -2.37376669e-03
2.43301489e-01 1.49690219e-02 1.49672103e-03 1.27824770e-02 -2.38271913e-03
2.44824402e-01 1.50225355e-02 1.51042987e-03 1.28307395e-02 -2.39126634e-03
2.46346712e-01 1.50762405e-02 1.52447491e-03 1.28791529e-02 -2.39939490e-03
2.47868414e-01 1.51301445e-02 1.53884086e-03 1.29277336e-02 -2.40709226e-03
2.49389505e-01 1.51842553e-02 1.55351189e-03 1.29764980e-02 -2.41434678e-03
2.50909981e-01 1.52385808e-02 1.56847163e-03 1.30254630e-02 -2.42114768e-03
2.52429838e-01 1.52931294e-02 1.58370322e-03 1.30746454e-02 -2.42748516e-03
2.53949073e-01 1.53479091e-02 1.59918935e-03 1.31240621e-02 -2.43335035e-03
2.55467681e-01 1.54029286e-02 1.61491230e-03 1.31737301e-02 -2.43873532e-03
2.56985659e-01 1.54581962e-02 1.63085397e-03 1.32236663e-02 -2.44363316e-03
2.58503004e-01 1.55137207e-02 1.64699594e-03 1.32738878e-02 -2.44803794e-03
2.60019711e-01 1.55695108e-02 1.66331951e-03 1.33244114e-02 -2.45194471e-03
2.61535776e-01 1.56255754e-02 1.67980573e-03 1.33752542e-02 -2.45534956e-03
2.63051197e-01 1.56819235e-02 1.69643546e-03 1.34264329e-02 -2.45824958e-03
2.64565969e-01 1.57385640e-02 1.71318937e-03 1.34779641e-02 -2.46064288e-03
2.66080089e-01 1.57955059e-02 1.73004806e-03 1.35298645e-02 -2.46252858e-03
2.67593552e-01 1.58527585e-02 1.74699205e-03 1.35821503e-02 -2.46390683e-03
2.69106356e-01 1.59103306e-02 1.76400181e-03 1.36348377e-02 -2.46477879e-03
2.70618495e-01 1.59682316e-02 1.78105786e-03 1.36879427e-02 -2.46514662e-03
2.72129968e-01 1.60264705e-02 1.79814077e-03 1.37414809e-02 -2.46501349e-03
2.73640769e-01 1.60850565e-02 1.81523122e-03 1.37954678e-02 -2.46438356e-03
2.75150895e-01 1.61439986e-02 1.83231003e-03 1.38499184e-02 -2.46326195e-03
2.76660343e-01 1.62033059e-02 1.84935821e-03 1.39048476e-02 -2.46165476e-03
2.78169109e-01 1.62629875e-02 1.86635702e-03 1.39602698e-02 -2.45956902e-03
2.79677188e-01 1.63230523e-02 1.88328799e-03 1.40161991e-02 -2.45701269e-03
2.81184578e-01 1.63835092e-02 1.90013294e-03 1.40726492e-02 -2.45399465e-03
2.82691274e-01 1.64443670e-02 1.91687406e-03 1.41296334e-02 -2.45052463e-03
2.84197274e-01 1.65056346e-02 1.93349395e-03 1.41871647e-02 -2.44661326e-03
2.85702572e-01 1.65673204e-02 1.94997562e-03 1.42452554e-02 -2.44227196e-03
2.87207166e-01 1.66294331e-02 1.96630253e-03 1.43039177e-02 -2.43751298e-03
2.88711051e-01 1.66919810e-02 1.98245866e-03 1.43631630e-02 -2.43234933e-03
2.90214224e-01 1.67549725e-02 1.99842853e-03 1.44230025e-02 -2.42679476e-03
2.91716682e-01 1.68184156e-02 2.01419721e-03 1.44834468e-02 -2.42086373e-03
2.93218420e-01 1.68823185e-02 2.02975037e-03 1.45445060e-02 -2.41457139e-03
2.94719436e-01 1.69466888e-02 2.04507429e-03 1.46061896e-02 -2.40793350e-03
2.96219724e-01 1.70115343e-02 2.06015594e-03 1.46685068e-02 -2.40096643e-03
2.97719282e-01 1.70768625e-02 2.07498294e-03 1.47314661e-02 -2.39368712e-03
2.99218105e-01 1.71426807e-02 2.08954361e-03 1.47950756e-02 -2.38611304e-03
3.00716191e-01 1.72089961e-02 2.10382700e-03 1.48593428e-02 -2.37826210e-03
3.02213535e-01 1.72758156e-02 2.11782292e-03 1.49242746e-02 -2.37015271e-03
3.03710134e-01 1.73431459e-02 2.13152193e-03 1.49898775e-02 -2.36180363e-03
3.05205983e-01 1.74109936e-02 2.14491537e-03 1.50561573e-02 -2.35323400e-03
3.06701080e-01 1.74793650e-02 2.15799538e-03 1.51231194e-02 -2.34446327e-03
3.08195421e-01 1.75482663e-02 2.17075490e-03 1.51907687e-02 -2.33551116e-03
3.09689002e-01 1.76177032e-02 2.18318771e-03 1.52591093e-02 -2.32639759e-03
3.11181819e-01 1.76876816e-02 2.19528840e-03 1.53281451e-02 -2.31714270e-03
3.12673868e-01 1.77582068e-02 2.20705239e-03 1.53978792e-02 -2.30776674e-03
3.14165146e-01 1.78292841e-02 2.21847598e-03 1.54683142e-02 -2.29829006e-03
3.15655650e-01 1.79009183e-02 2.22955626e-03 1.55394525e-02 -2.28873303e-03
3.17145375e-01 1.79731143e-02 2.24029120e-03 1.56112955e-02 -2.27911607e-03
3.18634318e-01 1.80458766e-02 2.25067962e-03 1.56838445e-02 -2.26945950e-03
3.20122475e-01 1.81192093e-02 2.26072116e-03 1.57571001e-02 -2.25978361e-03
3.21609843e-01 1.81931165e-02 2.27041630e-03 1.58310625e-02 -2.25010851e-03
3.23096417e-01 1.82676020e-02 2.27976636e-03 1.59057312e-02 -2.24045416e-03
3.24582195e-01 1.83426693e-02 2.28877348e-03 1.59811056e-02 -2.23084031e-03
3.26067172e-01 1.84183217e-02 2.29744061e-03 1.60571844e-02 -2.22128643e-03
3.27551345e-01 1.84945621e-02 2.30577150e-03 1.61339659e-02 -2.21181171e-03
3.29034710e-01 1.85713935e-02 2.31377067e-03 1.62114481e-02 -2.20243499e-03
3.30517264e-01 1.86488184e-02 2.32144344e-03 1.62896283e-02 -2.19317473e-03
3.31999003e-01 1.87268390e-02 2.32879586e-03 1.63685038e-02 -2.18404900e-03
3.33479923e-01 1.88054575e-02 2.33583472e-03 1.64480711e-02 -2.17507538e-03
3.34960021e-01 1.88846758e-02 2.34256752e-03 1.65283267e-02 -2.16627100e-03
3.36439292e-01 1.89644954e-02 2.34900245e-03 1.66092666e-02 -2.15765242e-03
3.37917734e-01 1.90449178e-02 2.35514837e-03 1.66908864e-02 -2.14923571e-03
3.39395342e-01 1.91259441e-02 2.36101478e-03 1.67731815e-02 -2.14103629e-03
3.40872114e-01 1.92075752e-02 2.36661180e-03 1.68561469e-02 -2.13306900e-03
3.42348044e-01 1.92898121e-02 2.37195013e-03 1.69397775e-02 -2.12534804e-03
3.43823131e-01 1.93726551e-02 2.37704104e-03 1.70240678e-02 -2.11788692e-03
3.45297369e-01 1.94561046e-02 2.38189633e-03 1.71090120e-02 -2.11069846e-03
3.46770756e-01 1.95401609e-02 2.38652828e-03 1.71946043e-02 -2.10379477e-03
3.48243288e-01 1.96248238e-02 2.39094965e-03 1.72808385e-02 -2.09718721e-03
3.49714961e-01 1.97100931e-02 2.39517366e-03 1.73677083e-02 -2.09088639e-03
3.51185772e-01 1.97959684e-02 2.39921388e-03 1.74552073e-02 -2.08490213e-03
3.52655716e-01 1.98824492e-02 2.40308428e-03 1.75433289e-02 -2.07924347e-03
3.54124791e-01 1.99695348e-02 2.40679918e-03 1.76320664e-02 -2.07391864e-03
3.55592992e-01 2.00572243e-02 2.41037315e-03 1.77214130e-02 -2.06893503e-03
3.57060317e-01 2.01455166e-02 2.41382107e-03 1.78113617e-02 -2.06429924e-03
3.58526760e-01 2.02344107e-02 2.41715802e-03 1.79019057e-02 -2.06001699e-03
3.59992320e-01 2.03239052e-02 2.42039927e-03 1.79930380e-02 -2.05609319e-03
3.61456992e-01 2.04139989e-02 2.42356025e-03 1.80847516e-02 -2.05253187e-03
3.62920772e-01 2.05046901e-02 2.42665653e-03 1.81770395e-02 -2.04933624e-03
3.64383658e-01 2.05959774e-02 2.42970372e-03 1.82698948e-02 -2.04650863e-03
3.65845645e-01 2.06878590e-02 2.43271751e-03 1.83633105e-02 -2.04405054e-03
3.67306729e-01 2.07803333e-02 2.43571359e-03 1.84572798e-02 -2.04196261e-03
3.68766908e-01 2.08733983e-02 2.43870761e-03 1.85517959e-02 -2.04024465e-03
3.70226177e-01 2.09670523e-02 2.44171518e-03 1.86468521e-02 -2.03889561e-03
3.71684534e-01 2.10612933e-02 2.44475181e-03 1.87424419e-02 -2.03791364e-03
3.73141973e-01 2.11561194e-02 2.44783288e-03 1.88385589e-02 -2.03729606e-03
3.74598493e-01 2.12515286e-02 2.45097358e-03 1.89351968e-02 -2.03703939e-03
3.76054088e-01 2.13475191e-02 2.45418895e-03 1.90323495e-02 -2.03713935e-03
3.77508756e-01 2.14440887e-02 2.45749377e-03 1.91300112e-02 -2.03759091e-03
3.78962493e-01 2.15412355e-02 2.46090255e-03 1.92281761e-02 -2.03838826e-03
3.80415296e-01 2.16389577e-02 2.46442954e-03 1.93268388e-02 -2.03952485e-03
3.81867160e-01 2.17372532e-02 2.46808865e-03 1.94259941e-02 -2.04099342e-03
3.83318083e-01 2.18361203e-02 2.47189345e-03 1.95256370e-02 -2.04278602e-03
3.84768060e-01 2.19355572e-02 2.47585711e-03 1.96257628e-02 -2.04489401e-03
3.86217089e-01 2.20355621e-02 2.47999242e-03 1.97263670e-02 -2.04730811e-03
3.87665165e-01 2.21361333e-02 2.48431173e-03 1.98274457e-02 -2.05001841e-03
3.89112285e-01 2.22372694e-02 2.48882694e-03 1.99289948e-02 -2.05301440e-03
3.90558445e-01 2.23389688e-02 2.49354948e-03 2.00310110e-02 -2.05628502e-03
3.92003642e-01 2.24412303e-02 2.49849027e-03 2.01334912e-02 -2.05981864e-03
3.93447872e-01 2.25440526e-02 2.50365972e-03 2.02364324e-02 -2.06360314e-03
3.94891132e-01 2.26474346e-02 2.50906769e-03 2.03398323e-02 -2.06762590e-03
3.96333418e-01 2.27513754e-02 2.51472351e-03 2.04436888e-02 -2.07187388e-03
3.97774727e-01 2.28558743e-02 2.52063591e-03 2.05480002e-02 -2.07633358e-03
3.99215055e-01 2.29609306e-02 2.52681307e-03 2.06527651e-02 -2.08099117e-03
4.00654398e-01 2.30665439e-02 2.53326253e-03 2.07579827e-02 -2.08583241e-03
4.02092753e-01 2.31727140e-02 2.53999126e-03 2.08636524e-02 -2.09084279e-03
4.03530117e-01 2.32794409e-02 2.54700559e-03 2.09697741e-02 -2.09600749e-03
4.04966485e-01 2.33867246e-02 2.55431121e-03 2.10763482e-02 -2.10131145e-03
4.06401855e-01 2.34945657e-02 2.56191321e-03 2.11833753e-02 -2.10673940e-03
4.07836222e-01 2.36029648e-02 2.56981601e-03 2.12908567e-02 -2.11227588e-03
4.09269584e-01 2.37119227e-02 2.57802339e-03 2.13987939e-02 -2.11790529e-03
4.10701936e-01 2.38214404e-02 2.58653849e-03 2.15071890e-02 -2.12361194e-03
4.12133276e-01 2.39315195e-02 2.59536379e-03 2.16160445e-02 -2.12938002e-03
4.13563599e-01 2.40421614e-02 2.60450113e-03 2.17253632e-02 -2.13519373e-03
4.14992902e-01 2.41533681e-02 2.61395171e-03 2.18351486e-02 -2.14103724e-03
4.16421181e-01 2.42651418e-02 2.62371607e-03 2.19454044e-02 -2.14689475e-03
4.17848434e-01 2.43774848e-02 2.63379412e-03 2.20561350e-02 -2.15275053e-03
4.19274656e-01 2.44904000e-02 2.64418515e-03 2.21673450e-02 -2.15858894e-03
4.20699844e-01 2.46038904e-02 2.65488779e-03 2.22790397e-02 -2.16439447e-03
4.22123995e-01 2.47179594e-02 2.66590010e-03 2.23912245e-02 -2.17015178e-03
4.23547105e-01 2.48326104e-02 2.67721949e-03 2.25039056e-02 -2.17584571e-03
4.24969170e-01 2.49478476e-02 2.68884280e-03 2.26170895e-02 -2.18146132e-03
4.26390187e-01 2.50636753e-02 2.70076629e-03 2.27307831e-02 -2.18698395e-03
4.27810152e-01 2.51800979e-02 2.71298563e-03 2.28449939e-02 -2.19239921e-03
4.29229063e-01 2.52971204e-02 2.72549595e-03 2.29597295e-02 -2.19769300e-03
4.30646915e-01 2.54147480e-02 2.73829185e-03 2.30749983e-02 -2.20285159e-03
4.32063705e-01 2.55329864e-02 2.75136739e-03 2.31908090e-02 -2.20786159e-03
4.33479429e-01 2.56518414e-02 2.76471614e-03 2.33071706e-02 -2.21271003e-03
4.34894084e-01 2.57713193e-02 2.77833118e-03 2.34240926e-02 -2.21738434e-03
4.36307667e-01 2.58914266e-02 2.79220511e-03 2.35415850e-02 -2.22187237e-03
4.37720174e-01 2.60121701e-02 2.80633011e-03 2.36596580e-02 -2.22616245e-03
4.39131601e-01 2.61335572e-02 2.82069792e-03 2.37783223e-02 -2.23024340e-03
4.40541946e-01 2.62555954e-02 2.83529988e-03 2.38975891e-02 -2.23410452e-03
4.41951203e-01 2.63782925e-02 2.85012695e-03 2.40174697e-02 -2.23773564e-03
4.43359371e-01 2.65016568e-02 2.86516974e-03 2.41379760e-02 -2.24112712e-03
4.44766446e-01 2.66256968e-02 2.88041852e-03 2.42591202e-02 -2.24426987e-03
4.46172424e-01 2.67504213e-02 2.89586324e-03 2.43809147e-02 -2.24715539e-03
4.47577301e-01 2.68758395e-02 2.91149358e-03 2.45033724e-02 -2.24977572e-03
4.48981074e-01 2.70019609e-02 2.92729896e-03 2.46265064e-02 -2.25212352e-03
4.50383741e-01 2.71287952e-02 2.94326855e-03 2.47503303e-02 -2.25419204e-03
4.51785296e-01 2.72563526e-02 2.95939132e-03 2.48748577e-02 -2.25597514e-03
4.53185738e-01 2.73846434e-02 2.97565606e-03 2.50001027e-02 -2.25746731e-03
4.54585061e-01 2.75136783e-02 2.99205137e-03 2.51260797e-02 -2.25866364e-03
4.55983264e-01 2.76434682e-02 3.00856576e-03 2.52528031e-02 -2.25955988e-03
4.57380342e-01 2.77740243e-02 3.02518759e-03 2.53802878e-02 -2.26015238e-03
4.58776292e-01 2.79053581e-02 3.04190516e-03 2.55085488e-02 -2.26043814e-03
4.60171111e-01 2.80374814e-02 3.05870670e-03 2.56376014e-02 -2.26041481e-03
4.61564795e-01 2.81704061e-02 3.07558041e-03 2.57674610e-02 -2.26008065e-03
4.62957340e-01 2.83041444e-02 3.09251448e-03 2.58981432e-02 -2.25943457e-03
4.64348744e-01 2.84387088e-02 3.10949711e-03 2.60296638e-02 -2.25847611e-03
4.65739003e-01 2.85741119e-02 3.12651654e-03 2.61620387e-02 -2.25720541e-03
4.67128113e-01 2.87103665e-02 3.14356107e-03 2.62952840e-02 -2.25562327e-03
4.68516071e-01 2.88474858e-02 3.16061910e-03 2.64294158e-02 -2.25373108e-03
4.69902874e-01 2.89854829e-02 3.17767913e-03 2.65644504e-02 -2.25153084e-03
4.71288518e-01 2.91243711e-02 3.19472978e-03 2.67004042e-02 -2.24902515e-03
4.72672999e-01 2.92641642e-02 3.21175982e-03 2.68372936e-02 -2.24621719e-03
4.74056315e-01 2.94048756e-02 3.22875822e-03 2.69751350e-02 -2.24311072e-03
4.75438462e-01 2.95465192e-02 3.24571412e-03 2.71139449e-02 -2.23971008e-03
4.76819436e-01 2.96891089e-02 3.26261688e-03 2.72537399e-02 -2.23602012e-03
4.78199234e-01 2.98326586e-02 3.27945608e-03 2.73945363e-02 -2.23204628e-03
4.79577853e-01 2.99771826e-02 3.29622157e-03 2.75363508e-02 -2.22779446e-03
4.80955289e-01 3.01226949e-02 3.31290346e-03 2.76791996e-02 -2.22327112e-03
4.82331539e-01 3.02692096e-02 3.32949213e-03 2.78230991e-02 -2.21848317e-03
4.83706600e-01 3.04167411e-02 3.34597828e-03 2.79680657e-02 -2.21343802e-03
4.85080468e-01 3.05653035e-02 3.36235291e-03 2.81141155e-02 -2.20814351e-03
4.86453139e-01 3.07149111e-02 3.37860736e-03 2.82612645e-02 -2.20260793e-03
4.87824611e-01 3.08655782e-02 3.39473331e-03 2.84095287e-02 -2.19683997e-03
4.89194880e-01 3.10173188e-02 3.41072279e-03 2.85589239e-02 -2.19084873e-03
4.90563942e-01 3.11701472e-02 3.42656819e-03 2.87094656e-02 -2.18464368e-03
4.91931794e-01 3.13240774e-02 3.44226230e-03 2.88611693e-02 -2.17823463e-03
4.93298434e-01 3.14791235e-02 3.45779827e-03 2.90140502e-02 -2.17163173e-03
4.94663856e-01 3.16352993e-02 3.47316966e-03 2.91681233e-02 -2.16484546e-03
4.96028059e-01 3.17926186e-02 3.48837043e-03 2.93234034e-02 -2.15788655e-03
4.97391039e-01 3.19510951e-02 3.50339495e-03 2.94799049e-02 -2.15076602e-03
4.98752791e-01 3.21107423e-02 3.51823801e-03 2.96376421e-02 -2.14349514e-03
5.00113314e-01 3.22715736e-02 3.53289481e-03 2.97966290e-02 -2.13608537e-03
5.01472604e-01 3.24336021e-02 3.54736099e-03 2.99568791e-02 -2.12854840e-03
5.02830656e-01 3.25968408e-02 3.56163260e-03 3.01184059e-02 -2.12089608e-03
5.04187469e-01 3.27613025e-02 3.57570614e-03 3.02812224e-02 -2.11314041e-03
5.05543038e-01 3.29269998e-02 3.58957854e-03 3.04453411e-02 -2.10529351e-03
5.06897361e-01 3.30939449e-02 3.60324715e-03 3.06107744e-02 -2.09736763e-03
5.08250433e-01 3.32621500e-02 3.61670976e-03 3.07775343e-02 -2.08937509e-03
5.09602252e-01 3.34316268e-02 3.62996459e-03 3.09456323e-02 -2.08132826e-03
5.10952815e-01 3.36023868e-02 3.64301030e-03 3.11150796e-02 -2.07323957e-03
5.12302117e-01 3.37744413e-02 3.65584598e-03 3.12858869e-02 -2.06512146e-03
5.13650155e-01 3.39478012e-02 3.66847112e-03 3.14580645e-02 -2.05698636e-03
5.14996927e-01 3.41224771e-02 3.68088565e-03 3.16316225e-02 -2.04884666e-03
5.16342429e-01 3.42984793e-02 3.69308991e-03 3.18065702e-02 -2.04071474e-03
5.17686658e-01 3.44758178e-02 3.70508466e-03 3.19829167e-02 -2.03260287e-03
5.19029610e-01 3.46545020e-02 3.71687105e-03 3.21606706e-02 -2.02452327e-03
5.20371281e-01 3.48345413e-02 3.72845062e-03 3.23398401e-02 -2.01648802e-03
5.21711670e-01 3.50159446e-02 3.73982533e-03 3.25204328e-02 -2.00850910e-03
5.23050772e-01 3.51987202e-02 3.75099749e-03 3.27024559e-02 -2.00059831e-03
5.24388584e-01 3.53828764e-02 3.76196980e-03 3.28859162e-02 -1.99276733e-03
5.25725102e-01 3.55684208e-02 3.77274531e-03 3.30708198e-02 -1.98502763e-03
5.27060325e-01 3.57553607e-02 3.78332745e-03 3.32571727e-02 -1.97739048e-03
5.28394247e-01 3.59437031e-02 3.79371995e-03 3.34449801e-02 -1.96986695e-03
5.29726866e-01 3.61334545e-02 3.80392692e-03 3.36342468e-02 -1.96246788e-03
5.31058179e-01 3.63246210e-02 3.81395277e-03 3.38249771e-02 -1.95520384e-03
5.32388182e-01 3.65172082e-02 3.82380220e-03 3.40171750e-02 -1.94808519e-03
5.33716872e-01 3.67112214e-02 3.83348026e-03 3.42108437e-02 -1.94112196e-03
5.35044246e-01 3.69066656e-02 3.84299223e-03 3.44059862e-02 -1.93432395e-03
5.36370301e-01 3.71035450e-02 3.85234371e-03 3.46026049e-02 -1.92770062e-03
5.37695032e-01 3.73018638e-02 3.86154054e-03 3.48007018e-02 -1.92126114e-03
5.39018438e-01 3.75016255e-02 3.87058881e-03 3.50002783e-02 -1.91501436e-03
5.40340514e-01 3.77028333e-02 3.87949485e-03 3.52013355e-02 -1.90896880e-03
5.41661258e-01 3.79054900e-02 3.88826521e-03 3.54038740e-02 -1.90313265e-03
5.42980666e-01 3.81095980e-02 3.89690665e-03 3.56078939e-02 -1.89751374e-03
5.44298735e-01 3.83151591e-02 3.90542613e-03 3.58133949e-02 -1.89211955e-03
5.45615461e-01 3.85221751e-02 3.91383078e-03 3.60203762e-02 -1.88695722e-03
5.46930842e-01 3.87306469e-02 3.92212793e-03 3.62288369e-02 -1.88203349e-03
5.48244874e-01 3.89405755e-02 3.93032503e-03 3.64387752e-02 -1.87735476e-03
5.49557555e-01 3.91519613e-02 3.93842969e-03 3.66501893e-02 -1.87292703e-03
5.50868879e-01 3.93648042e-02 3.94644964e-03 3.68630769e-02 -1.86875594e-03
5.52178845e-01 3.95791040e-02 3.95439273e-03 3.70774353e-02 -1.86484673e-03
5.53487450e-01 3.97948600e-02 3.96226692e-03 3.72932615e-02 -1.86120427e-03
5.54794689e-01 4.00120711e-02 3.97008024e-03 3.75105521e-02 -1.85783304e-03
5.56100561e-01 4.02307362e-02 3.97784080e-03 3.77293034e-02 -1.85473712e-03
5.57405060e-01 4.04508535e-02 3.98555677e-03 3.79495115e-02 -1.85192022e-03
5.58708186e-01 4.06724210e-02 3.99323639e-03 3.81711720e-02 -1.84938565e-03
5.60009933e-01 4.08954366e-02 4.00088791e-03 3.83942805e-02 -1.84713635e-03
5.61310299e-01 4.11198978e-02 4.00851962e-03 3.86188322e-02 -1.84517486e-03
5.62609281e-01 4.13458018e-02 4.01613980e-03 3.88448219e-02 -1.84350334e-03
5.63906875e-01 4.15731457e-02 4.02375676e-03 3.90722446e-02 -1.84212358e-03
5.65203079e-01 4.18019261e-02 4.03137876e-03 3.93010948e-02 -1.84103698e-03
5.66497889e-01 4.20321398e-02 4.03901407e-03 3.95313669e-02 -1.84024460e-03
5.67791302e-01 4.22637831e-02 4.04667092e-03 3.97630552e-02 -1.83974709e-03
5.69083314e-01 4.24968521e-02 4.05435746e-03 3.99961537e-02 -1.83954476e-03
5.70373923e-01 4.27313431e-02 4.06208182e-03 4.02306565e-02 -1.83963758e-03
5.71663126e-01 4.29672519e-02 4.06985206e-03 4.04665576e-02 -1.84002514e-03
5.72950918e-01 4.32045744e-02 4.07767613e-03 4.07038507e-02 -1.84070670e-03
5.74237298e-01 4.34433063e-02 4.08556193e-03 4.09425299e-02 -1.84168118e-03
5.75522261e-01 4.36834433e-02 4.09351724e-03 4.11825887e-02 -1.84294719e-03
5.76805805e-01 4.39249809e-02 4.10154974e-03 4.14240211e-02 -1.84450298e-03
5.78087927e-01 4.41679148e-02 4.10966701e-03 4.16668210e-02 -1.84634652e-03
5.79368623e-01 4.44122405e-02 4.11787649e-03 4.19109821e-02 -1.84847545e-03
5.80647890e-01 4.46579536e-02 4.12618549e-03 4.21564984e-02 -1.85088713e-03
5.81925725e-01 4.49050497e-02 4.13460119e-03 4.24033641e-02 -1.85357862e-03
5.83202125e-01 4.51535244e-02 4.14313062e-03 4.26515732e-02 -1.85654671e-03
5.84477087e-01 4.54033735e-02 4.15178067e-03 4.29011201e-02 -1.85978792e-03
5.85750607e-01 4.56545928e-02 4.16055804e-03 4.31519992e-02 -1.86329849e-03
5.87022683e-01 4.59071782e-02 4.16946931e-03 4.34042052e-02 -1.86707443e-03
5.88293311e-01 4.61611258e-02 4.17852086e-03 4.36577329e-02 -1.87111150e-03
5.89562488e-01 4.64164318e-02 4.18771889e-03 4.39125774e-02 -1.87540523e-03
5.90830212e-01 4.66730926e-02 4.19706943e-03 4.41687341e-02 -1.87995092e-03
5.92096478e-01 4.69311048e-02 4.20657835e-03 4.44261984e-02 -1.88474367e-03
5.93361284e-01 4.71904652e-02 4.21625127e-03 4.46849664e-02 -1.88977837e-03
5.94624627e-01 4.74511708e-02 4.22609369e-03 4.49450341e-02 -1.89504972e-03
5.95886503e-01 4.77132190e-02 4.23611084e-03 4.52063981e-02 -1.90055224e-03
5.97146909e-01 4.79766072e-02 4.24630781e-03 4.54690551e-02 -1.90628028e-03
5.98405843e-01 4.82413334e-02 4.25668946e-03 4.57330026e-02 -1.91222802e-03
5.99663302e-01 4.85073957e-02 4.26726045e-03 4.59982379e-02 -1.91838951e-03
6.00919281e-01 4.87747926e-02 4.27802521e-03 4.62647591e-02 -1.92475862e-03
6.02173778e-01 4.90435230e-02 4.28898801e-03 4.65325646e-02 -1.93132912e-03
6.03426791e-01 4.93135860e-02 4.30015287e-03 4.68016532e-02 -1.93809464e-03
6.04678315e-01 4.95849812e-02 4.31152361e-03 4.70720241e-02 -1.94504872e-03
6.05928348e-01 4.98577085e-02 4.32310383e-03 4.73436771e-02 -1.95218477e-03
6.07176887e-01 5.01317684e-02 4.33489694e-03 4.76166124e-02 -1.95949613e-03
6.08423928e-01 5.04071616e-02 4.34690610e-03 4.78908306e-02 -1.96697603e-03
6.09669468e-01 5.06838894e-02 4.35913430e-03 4.81663329e-02 -1.97461765e-03
6.10913506e-01 5.09619533e-02 4.37158428e-03 4.84431209e-02 -1.98241408e-03
6.12156036e-01 5.12413555e-02 4.38425858e-03 4.87211968e-02 -1.99035838e-03
6.13397057e-01 5.15220986e-02 4.39715953e-03 4.90005633e-02 -1.99844354e-03
6.14636565e-01 5.18041856e-02 4.41028926e-03 4.92812235e-02 -2.00666251e-03
6.15874558e-01 5.20876202e-02 4.42364967e-03 4.95631814e-02 -2.01500822e-03
6.17111031e-01 5.23724062e-02 4.43724247e-03 4.98464411e-02 -2.02347356e-03
6.18345983e-01 5.26585483e-02 4.45106915e-03 5.01310074e-02 -2.03205142e-03
6.19579410e-01 5.29460516e-02 4.46513100e-03 5.04168859e-02 -2.04073466e-03
6.20811308e-01 5.32349215e-02 4.47942911e-03 5.07040823e-02 -2.04951615e-03
6.22041676e-01 5.35251641e-02 4.49396438e-03 5.09926034e-02 -2.05838877e-03
6.23270509e-01 5.38167862e-02 4.50873749e-03 5.12824560e-02 -2.06734541e-03
6.24497806e-01 5.41097947e-02 4.52374895e-03 5.15736478e-02 -2.07637896e-03
6.25723562e-01 5.44041974e-02 4.53899907e-03 5.18661871e-02 -2.08548237e-03
6.26947776e-01 5.47000026e-02 4.55448797e-03 5.21600826e-02 -2.09464858e-03
6.28170443e-01 5.49972188e-02 4.57021559e-03 5.24553435e-02 -2.10387059e-03
6.29391561e-01 5.52958554e-02 4.58618167e-03 5.27519798e-02 -2.11314145e-03
6.30611126e-01 5.55959222e-02 4.60238581e-03 5.30500019e-02 -2.12245425e-03
6.31829137e-01 5.58974294e-02 4.61882740e-03 5.33494208e-02 -2.13180213e-03
6.33045589e-01 5.62003881e-02 4.63550568e-03 5.36502478e-02 -2.14117828e-03
6.34260480e-01 5.65048095e-02 4.65241971e-03 5.39524952e-02 -2.15057598e-03
6.35473807e-01 5.68107056e-02 4.66956841e-03 5.42561756e-02 -2.15998857e-03
6.36685567e-01 5.71180887e-02 4.68695052e-03 5.45613019e-02 -2.16940944e-03
6.37895757e-01 5.74269719e-02 4.70456464e-03 5.48678879e-02 -2.17883209e-03
6.39104373e-01 5.77373685e-02 4.72240921e-03 5.51759476e-02 -2.18825009e-03
6.40311414e-01 5.80492926e-02 4.74048255e-03 5.54854958e-02 -2.19765708e-03
6.41516875e-01 5.83627584e-02 4.75878280e-03 5.57965476e-02 -2.20704682e-03
6.42720754e-01 5.86777811e-02 4.77730800e-03 5.61091186e-02 -2.21641313e-03
6.43923048e-01 5.89943758e-02 4.79605605e-03 5.64232249e-02 -2.22574997e-03
6.45123754e-01 5.93125586e-02 4.81502471e-03 5.67388831e-02 -2.23505135e-03
6.46322869e-01 5.96323456e-02 4.83421165e-03 5.70561101e-02 -2.24431142e-03
6.47520390e-01 5.99537537e-02 4.85361438e-03 5.73749234e-02 -2.25352444e-03
6.48716314e-01 6.02768000e-02 4.87323034e-03 5.76953408e-02 -2.26268475e-03
6.49910639e-01 6.06015022e-02 4.89305684e-03 5.80173807e-02 -2.27178683e-03
6.51103360e-01 6.09278782e-02 4.91309110e-03 5.83410618e-02 -2.28082526e-03
6.52294476e-01 6.12559465e-02 4.93333025e-03 5.86664030e-02 -2.28979475e-03
6.53483983e-01 6.15857259e-02 4.95377129e-03 5.89934238e-02 -2.29869013e-03
6.54671879e-01 6.19172355e-02 4.97441119e-03 5.93221440e-02 -2.30750635e-03
6.55858160e-01 6.22504949e-02 4.99524680e-03 5.96525838e-02 -2.31623849e-03
6.57042824e-01 6.25855240e-02 5.01627491e-03 5.99847636e-02 -2.32488176e-03
6.58225867e-01 6.29223428e-02 5.03749223e-03 6.03187043e-02 -2.33343149e-03
6.59407287e-01 6.32609721e-02 5.05889541e-03 6.06544268e-02 -2.34188316e-03
6.60587080e-01 6.36014325e-02 5.08048104e-03 6.09919526e-02 -2.35023237e-03
6.61765245e-01 6.39437452e-02 5.10224566e-03 6.13313034e-02 -2.35847488e-03
6.62941778e-01 6.42879315e-02 5.12418573e-03 6.16725009e-02 -2.36660657e-03
6.64116675e-01 6.46340131e-02 5.14629770e-03 6.20155675e-02 -2.37462347e-03
6.65289935e-01 6.49820119e-02 5.16857796e-03 6.23605253e-02 -2.38252176e-03
6.66461554e-01 6.53319500e-02 5.19102287e-03 6.27073971e-02 -2.39029775e-03
6.67631530e-01 6.56838496e-02 5.21362876e-03 6.30562056e-02 -2.39794793e-03
6.68799859e-01 6.60377332e-02 5.23639192e-03 6.34069738e-02 -2.40546890e-03
6.69966538e-01 6.63936236e-02 5.25930864e-03 6.37597249e-02 -2.41285745e-03
6.71131566e-01 6.67515436e-02 5.28237518e-03 6.41144820e-02 -2.42011050e-03
6.72294938e-01 6.71115162e-02 5.30558778e-03 6.44712686e-02 -2.42722514e-03
6.73456652e-01 6.74735645e-02 5.32894269e-03 6.48301084e-02 -2.43419861e-03
6.74616706e-01 6.78377118e-02 5.35243615e-03 6.51910249e-02 -2.44102831e-03
6.75775095e-01 6.82039814e-02 5.37606439e-03 6.55540420e-02 -2.44771181e-03
6.76931818e-01 6.85723968e-02 5.39982367e-03 6.59191834e-02 -2.45424684e-03
6.78086872e-01 6.89429815e-02 5.42371024e-03 6.62864732e-02 -2.46063129e-03
6.79240254e-01 6.93157591e-02 5.44772037e-03 6.66559353e-02 -2.46686323e-03
6.80391960e-01 6.96907532e-02 5.47185035e-03 6.70275937e-02 -2.47294088e-03
6.81541988e-01 7.00679876e-02 5.49609649e-03 6.74014725e-02 -2.47886264e-03
6.82690336e-01 7.04474858e-02 5.52045513e-03 6.77775958e-02 -2.48462709e-03
6.83837000e-01 7.08292717e-02 5.54492264e-03 6.81559876e-02 -2.49023298e-03
6.84981977e-01 7.12133689e-02 5.56949543e-03 6.85366722e-02 -2.49567922e-03
6.86125265e-01 7.15998010e-02 5.59416994e-03 6.89196735e-02 -2.50096490e-03
6.87266861e-01 7.19885918e-02 5.61894265e-03 6.93050155e-02 -2.50608931e-03
6.88406763e-01 7.23797649e-02 5.64381010e-03 6.96927224e-02 -2.51105188e-03
6.89544966e-01 7.27733437e-02 5.66876886e-03 7.00828181e-02 -2.51585226e-03
6.90681469e-01 7.31693519e-02 5.69381558e-03 7.04753265e-02 -2.52049025e-03
6.91816268e-01 7.35678128e-02 5.71894693e-03 7.08702713e-02 -2.52496583e-03
6.92949362e-01 7.39687497e-02 5.74415968e-03 7.12676765e-02 -2.52927918e-03
6.94080746e-01 7.43721859e-02 5.76945063e-03 7.16675655e-02 -2.53343066e-03
6.95210419e-01 7.47781445e-02 5.79481667e-03 7.20699621e-02 -2.53742078e-03
6.96338377e-01 7.51866486e-02 5.82025473e-03 7.24748896e-02 -2.54125028e-03
6.97464618e-01 7.55977209e-02 5.84576184e-03 7.28823714e-02 -2.54492003e-03
6.98589139e-01 7.60113844e-02 5.87133510e-03 7.32924307e-02 -2.54843113e-03
6.99711937e-01 7.64276614e-02 5.89697167e-03 7.37050905e-02 -2.55178482e-03
7.00833010e-01 7.68465746e-02 5.92266880e-03 7.41203738e-02 -2.55498254e-03
7.01952354e-01 7.72681462e-02 5.94842383e-03 7.45383033e-02 -2.55802591e-03
7.03069967e-01 7.76923984e-02 5.97423418e-03 7.49589017e-02 -2.56091671e-03
7.04185846e-01 7.81193529e-02 6.00009736e-03 7.53821913e-02 -2.56365692e-03
7.05299989e-01 7.85490318e-02 6.02601096e-03 7.58081944e-02 -2.56624866e-03
7.06412392e-01 7.89814564e-02 6.05197267e-03 7.62369330e-02 -2.56869426e-03
7.07523053e-01 7.94166481e-02 6.07798027e-03 7.66684291e-02 -2.57099619e-03
7.08631969e-01 7.98546282e-02 6.10403165e-03 7.71027041e-02 -2.57315710e-03
7.09739137e-01 8.02954175e-02 6.13012477e-03 7.75397796e-02 -2.57517978e-03
7.10844555e-01 8.07390369e-02 6.15625773e-03 7.79796768e-02 -2.57706721e-03
7.11948220e-01 8.11855067e-02 6.18242870e-03 7.84224166e-02 -2.57882251e-03
7.13050130e-01 8.16348473e-02 6.20863596e-03 7.88680197e-02 -2.58044894e-03
7.14150280e-01 8.20870787e-02 6.23487791e-03 7.93165067e-02 -2.58194993e-03
7.15248670e-01 8.25422207e-02 6.26115305e-03 7.97678977e-02 -2.58332901e-03
7.16345296e-01 8.30002929e-02 6.28745997e-03 8.02222127e-02 -2.58458990e-03
7.17440155e-01 8.34613145e-02 6.31379741e-03 8.06794714e-02 -2.58573640e-03
7.18533244e-01 8.39253045e-02 6.34016418e-03 8.11396932e-02 -2.58677245e-03
7.19624562e-01 8.43922818e-02 6.36655924e-03 8.16028972e-02 -2.58770211e-03
7.20714105e-01 8.48622649e-02 6.39298164e-03 8.20691022e-02 -2.58852955e-03
7.21801870e-01 8.53352720e-02 6.41943055e-03 8.25383268e-02 -2.58925903e-03
7.22887856e-01 8.58113209e-02 6.44590528e-03 8.30105891e-02 -2.58989490e-03
7.23972059e-01 8.62904295e-02 6.47240523e-03 8.34859070e-02 -2.59044160e-03
7.25054476e-01 8.67726152e-02 6.49892993e-03 8.39642981e-02 -2.59090365e-03
7.26135105e-01 8.72578949e-02 6.52547904e-03 8.44457796e-02 -2.59128562e-03
7.27213943e-01 8.77462856e-02 6.55205234e-03 8.49303684e-02 -2.59159214e-03
7.28290988e-01 8.82378037e-02 6.57864973e-03 8.54180810e-02 -2.59182788e-03
7.29366237e-01 8.87324654e-02 6.60527123e-03 8.59089336e-02 -2.59199755e-03
7.30439687e-01 8.92302868e-02 6.63191699e-03 8.64029420e-02 -2.59210587e-03
7.31511336e-01 8.97312834e-02 6.65858729e-03 8.69001217e-02 -2.59215758e-03
7.32581181e-01 9.02354704e-02 6.68528254e-03 8.74004878e-02 -2.59215740e-03
7.33649219e-01 9.07428630e-02 6.71200327e-03 8.79040550e-02 -2.59211005e-03
7.34715448e-01 9.12534758e-02 6.73875015e-03 8.84108375e-02 -2.59202021e-03
7.35779864e-01 9.17673231e-02 6.76552397e-03 8.89208493e-02 -2.59189251e-03
7.36842467e-01 9.22844190e-02 6.79232566e-03 8.94341040e-02 -2.59173153e-03
7.37903252e-01 9.28047774e-02 6.81915628e-03 8.99506147e-02 -2.59154178e-03
7.38962217e-01 9.33284115e-02 6.84601703e-03 9.04703941e-02 -2.59132765e-03
7.40019360e-01 9.38553346e-02 6.87290923e-03 9.09934546e-02 -2.59109348e-03
7.41074678e-01 9.43855594e-02 6.89983434e-03 9.15198081e-02 -2.59084343e-03
7.42128168e-01 9.49190984e-02 6.92679396e-03 9.20494661e-02 -2.59058157e-03
7.43179828e-01 9.54559638e-02 6.95378983e-03 9.25824397e-02 -2.59031179e-03
7.44229655e-01 9.59961674e-02 6.98082381e-03 9.31187397e-02 -2.59003782e-03
7.45277647e-01 9.65397208e-02 7.00789792e-03 9.36583762e-02 -2.58976319e-03
7.46323801e-01 9.70866352e-02 7.03501429e-03 9.42013593e-02 -2.58949124e-03
7.47368114e-01 9.76369216e-02 7.06217522e-03 9.47476984e-02 -2.58922509e-03
7.48410585e-01 9.81905907e-02 7.08938313e-03 9.52974026e-02 -2.58896759e-03
7.49451209e-01 9.87476527e-02 7.11664058e-03 9.58504805e-02 -2.58872136e-03
7.50489985e-01 9.93081178e-02 7.14395026e-03 9.64069405e-02 -2.58848874e-03
7.51526911e-01 9.98719956e-02 7.17131503e-03 9.69667905e-02 -2.58827175e-03
7.52561982e-01 1.00439296e-01 7.19873787e-03 9.75300380e-02 -2.58807212e-03
7.53595199e-01 1.01010028e-01 7.22622189e-03 9.80966902e-02 -2.58789124e-03
7.54626556e-01 1.01584200e-01 7.25377036e-03 9.86667539e-02 -2.58773014e-03
7.55656053e-01 1.02161822e-01 7.28138667e-03 9.92402355e-02 -2.58758949e-03
7.56683685e-01 1.02742901e-01 7.30907437e-03 9.98171413e-02 -2.58746956e-03
7.57709452e-01 1.03327447e-01 7.33683715e-03 1.00397477e-01 -2.58737022e-03
7.58733350e-01 1.03915467e-01 7.36467880e-03 1.00981248e-01 -2.58729092e-03
7.59755377e-01 1.04506969e-01 7.39260330e-03 1.01568460e-01 -2.58723064e-03
7.60775531e-01 1.05101961e-01 7.42061473e-03 1.02159117e-01 -2.58718793e-03
7.61793808e-01 1.05700450e-01 7.44871733e-03 1.02753225e-01 -2.58716085e-03
7.62810206e-01 1.06302445e-01 7.47691546e-03 1.03350788e-01 -2.58714693e-03
7.63824724e-01 1.06907951e-01 7.50521361e-03 1.03951810e-01 -2.58714324e-03
7.64837357e-01 1.07516977e-01 7.53361643e-03 1.04556296e-01 -2.58714627e-03
7.65848104e-01 1.08129530e-01 7.56212867e-03 1.05164249e-01 -2.58715200e-03
7.66856963e-01 1.08745617e-01 7.59075523e-03 1.05775674e-01 -2.58715580e-03
7.67863930e-01 1.09365245e-01 7.61950113e-03 1.06390573e-01 -2.58715251e-03
7.68869004e-01 1.09988421e-01 7.64837151e-03 1.07008952e-01 -2.58713634e-03
7.69872181e-01 1.10615152e-01 7.67737164e-03 1.07630814e-01 -2.58710091e-03
7.70873460e-01 1.11245446e-01 7.70650691e-03 1.08256163e-01 -2.58703919e-03
7.71872838e-01 1.11879310e-01 7.73578284e-03 1.08885002e-01 -2.58694356e-03
7.72870312e-01 1.12516751e-01 7.76520503e-03 1.09517337e-01 -2.58680570e-03
7.73865880e-01 1.13157778e-01 7.79477922e-03 1.10153170e-01 -2.58661666e-03
7.74859540e-01 1.13802398e-01 7.82451126e-03 1.10792507e-01 -2.58636681e-03
7.75851289e-01 1.14450620e-01 7.85440708e-03 1.11435352e-01 -2.58604584e-03
7.76841124e-01 1.15102452e-01 7.88447273e-03 1.12081711e-01 -2.58564274e-03
7.77829044e-01 1.15757903e-01 7.91471434e-03 1.12731588e-01 -2.58514582e-03
7.78815045e-01 1.16416982e-01 7.94513815e-03 1.13384990e-01 -2.58454266e-03
7.79799126e-01 1.17079700e-01 7.97575047e-03 1.14041924e-01 -2.58382015e-03
7.80781283e-01 1.17746066e-01 8.00655768e-03 1.14702395e-01 -2.58296442e-03
7.81761515e-01 1.18416091e-01 8.03756626e-03 1.15366411e-01 -2.58196093e-03
7.82739819e-01 1.19089787e-01 8.06878275e-03 1.16033981e-01 -2.58079437e-03
7.83716193e-01 1.19767167e-01 8.10021373e-03 1.16705114e-01 -2.57944871e-03
7.84690634e-01 1.20448242e-01 8.13186586e-03 1.17379819e-01 -2.57790720e-03
7.85663139e-01 1.21133027e-01 8.16374584e-03 1.18058107e-01 -2.57615236e-03
7.86633708e-01 1.21821537e-01 8.19586041e-03 1.18739990e-01 -2.57416595e-03
7.87602336e-01 1.22513786e-01 8.22821633e-03 1.19425479e-01 -2.57192904e-03
7.88569022e-01 1.23209792e-01 8.26082042e-03 1.20114590e-01 -2.56942193e-03
7.89533763e-01 1.23909571e-01 8.29367947e-03 1.20807337e-01 -2.56662425e-03
7.90496556e-01 1.24613144e-01 8.32680031e-03 1.21503736e-01 -2.56351487e-03
7.91457401e-01 1.25320528e-01 8.36018976e-03 1.22203804e-01 -2.56007197e-03
7.92416293e-01 1.26031747e-01 8.39385462e-03 1.22907561e-01 -2.55627303e-03
7.93373232e-01 1.26746823e-01 8.42780167e-03 1.23615027e-01 -2.55209483e-03
7.94328214e-01 1.27465778e-01 8.46203768e-03 1.24326224e-01 -2.54751349e-03
7.95281236e-01 1.28188640e-01 8.49656934e-03 1.25041176e-01 -2.54250442e-03
7.96232298e-01 1.28915435e-01 8.53140332e-03 1.25759909e-01 -2.53704241e-03
7.97181396e-01 1.29646192e-01 8.56654620e-03 1.26482449e-01 -2.53110159e-03
7.98128528e-01 1.30380942e-01 8.60200450e-03 1.27208827e-01 -2.52465548e-03
7.99073691e-01 1.31119716e-01 8.63778466e-03 1.27939073e-01 -2.51767696e-03
8.00016884e-01 1.31862550e-01 8.67389298e-03 1.28673221e-01 -2.51013836e-03
8.00958104e-01 1.32609480e-01 8.71033569e-03 1.29411308e-01 -2.50201139e-03
8.01897349e-01 1.33360544e-01 8.74711886e-03 1.30153370e-01 -2.49326724e-03
8.02834616e-01 1.34115782e-01 8.78424845e-03 1.30899449e-01 -2.48387656e-03
8.03769903e-01 1.34875239e-01 8.82173024e-03 1.31649587e-01 -2.47380949e-03
8.04703207e-01 1.35638958e-01 8.85956985e-03 1.32403830e-01 -2.46303568e-03
8.05634528e-01 1.36406989e-01 8.89777274e-03 1.33162227e-01 -2.45152434e-03
8.06563861e-01 1.37179381e-01 8.93634413e-03 1.33924828e-01 -2.43924422e-03
8.07491206e-01 1.37956187e-01 8.97528908e-03 1.34691688e-01 -2.42616368e-03
8.08416559e-01 1.38737463e-01 9.01461238e-03 1.35462863e-01 -2.41225069e-03
8.09339918e-01 1.39523267e-01 9.05431860e-03 1.36238413e-01 -2.39747289e-03
8.10261281e-01 1.40313660e-01 9.09441207e-03 1.37018401e-01 -2.38179759e-03
8.11180646e-01 1.41108708e-01 9.13489681e-03 1.37802894e-01 -2.36519180e-03
8.12098011e-01 1.41908478e-01 9.17577659e-03 1.38591961e-01 -2.34762228e-03
8.13013373e-01 1.42713039e-01 9.21705485e-03 1.39385675e-01 -2.32905557e-03
8.13926729e-01 1.43522467e-01 9.25873474e-03 1.40184113e-01 -2.30945803e-03
8.14838079e-01 1.44336837e-01 9.30081904e-03 1.40987356e-01 -2.28879585e-03
8.15747419e-01 1.45156232e-01 9.34331021e-03 1.41795486e-01 -2.26703509e-03
8.16654747e-01 1.45980734e-01 9.38621033e-03 1.42608591e-01 -2.24414174e-03
8.17560061e-01 1.46810433e-01 9.42952111e-03 1.43426764e-01 -2.22008173e-03
8.18463359e-01 1.47645418e-01 9.47324385e-03 1.44250098e-01 -2.19482100e-03
8.19364639e-01 1.48485785e-01 9.51737944e-03 1.45078693e-01 -2.16832549e-03
8.20263897e-01 1.49331633e-01 9.56192833e-03 1.45912653e-01 -2.14056120e-03
8.21161133e-01 1.50183065e-01 9.60689056e-03 1.46752084e-01 -2.11149426e-03
8.22056344e-01 1.51040188e-01 9.65226567e-03 1.47597098e-01 -2.08109090e-03
8.22949527e-01 1.51903112e-01 9.69805274e-03 1.48447812e-01 -2.04931757e-03
8.23840681e-01 1.52771953e-01 9.74425036e-03 1.49304345e-01 -2.01614090e-03
8.24729804e-01 1.53646829e-01 9.79085662e-03 1.50166821e-01 -1.98152780e-03
8.25616892e-01 1.54527863e-01 9.83786908e-03 1.51035369e-01 -1.94544548e-03
8.26501944e-01 1.55415185e-01 9.88528477e-03 1.51910123e-01 -1.90786145e-03
8.27384958e-01 1.56308924e-01 9.93310016e-03 1.52791220e-01 -1.86874364e-03
8.28265931e-01 1.57209217e-01 9.98131117e-03 1.53678803e-01 -1.82806037e-03
8.29144862e-01 1.58116206e-01 1.00299132e-02 1.54573018e-01 -1.78578042e-03
8.30021748e-01 1.59030036e-01 1.00789008e-02 1.55474017e-01 -1.74187307e-03
8.30896587e-01 1.59950855e-01 1.01282684e-02 1.56381957e-01 -1.69630812e-03
8.31769377e-01 1.60878820e-01 1.01780094e-02 1.57296997e-01 -1.64905594e-03
8.32640115e-01 1.61814087e-01 1.02281167e-02 1.58219303e-01 -1.60008754e-03
8.33508800e-01 1.62756821e-01 1.02785826e-02 1.59149047e-01 -1.54937454e-03
8.34375430e-01 1.63707190e-01 1.03293987e-02 1.60086401e-01 -1.49688928e-03
8.35240002e-01 1.64665367e-01 1.03805560e-02 1.61031547e-01 -1.44260480e-03
8.36102514e-01 1.65631530e-01 1.04320449e-02 1.61984669e-01 -1.38649492e-03
8.36962964e-01 1.66605859e-01 1.04838549e-02 1.62945955e-01 -1.32853423e-03
8.37821349e-01 1.67588543e-01 1.05359751e-02 1.63915600e-01 -1.26869819e-03
8.38677669e-01 1.68579773e-01 1.05883937e-02 1.64893802e-01 -1.20696310e-03
8.39531921e-01 1.69579745e-01 1.06410982e-02 1.65880765e-01 -1.14330617e-03
8.40384102e-01 1.70588660e-01 1.06940756e-02 1.66876696e-01 -1.07770556e-03
8.41234210e-01 1.71606723e-01 1.07473121e-02 1.67881808e-01 -1.01014038e-03
8.42082244e-01 1.72634145e-01 1.08007932e-02 1.68896318e-01 -9.40590754e-04
8.42928201e-01 1.73671140e-01 1.08545035e-02 1.69920449e-01 -8.69037828e-04
8.43772079e-01 1.74717929e-01 1.09084272e-02 1.70954426e-01 -7.95463820e-04
8.44613877e-01 1.75774735e-01 1.09625475e-02 1.71998481e-01 -7.19852036e-04
8.45453591e-01 1.76841786e-01 1.10168472e-02 1.73052848e-01 -6.42186901e-04
8.46291221e-01 1.77919315e-01 1.10713082e-02 1.74117768e-01 -5.62453990e-04
8.47126763e-01 1.79007560e-01 1.11259116e-02 1.75193485e-01 -4.80640049e-04
8.47960216e-01 1.80106763e-01 1.11806380e-02 1.76280246e-01 -3.96733025e-04
8.48791578e-01 1.81217169e-01 1.12354671e-02 1.77378304e-01 -3.10722086e-04
8.49620847e-01 1.82339029e-01 1.12903781e-02 1.78487916e-01 -2.22597645e-04
8.50448020e-01 1.83472597e-01 1.13453494e-02 1.79609342e-01 -1.32351382e-04
8.51273096e-01 1.84618131e-01 1.14003586e-02 1.80742848e-01 -3.99762651e-05
8.52096073e-01 1.85775894e-01 1.14553830e-02 1.81888700e-01 5.45334328e-05
8.52916948e-01 1.86946152e-01 1.15103987e-02 1.83047172e-01 1.51182114e-04
8.53735720e-01 1.88129175e-01 1.15653817e-02 1.84218538e-01 2.49972841e-04
8.54552386e-01 1.89325237e-01 1.16203068e-02 1.85403078e-01 3.50907319e-04
8.55366945e-01 1.90534614e-01 1.16751486e-02 1.86601075e-01 4.53985885e-04
8.56179395e-01 1.91757588e-01 1.17298810e-02 1.87812814e-01 5.59207493e-04
8.56989732e-01 1.92994443e-01 1.17844770e-02 1.89038584e-01 6.66569705e-04
8.57797957e-01 1.94245465e-01 1.18389095e-02 1.90278677e-01 7.76068679e-04
8.58604066e-01 1.95510944e-01 1.18931503e-02 1.91533389e-01 8.87699163e-04
8.59408057e-01 1.96791175e-01 1.19471710e-02 1.92803015e-01 1.00145448e-03
8.60209930e-01 1.98086453e-01 1.20009425e-02 1.94087857e-01 1.11732655e-03
8.61009680e-01 1.99397075e-01 1.20544354e-02 1.95388217e-01 1.23530583e-03
8.61807307e-01 2.00723344e-01 1.21076194e-02 1.96704399e-01 1.35538139e-03
8.62602809e-01 2.02065563e-01 1.21604642e-02 1.98036710e-01 1.47754083e-03
8.63396184e-01 2.03424035e-01 1.22129387e-02 1.99385460e-01 1.60177033e-03
8.64187429e-01 2.04799070e-01 1.22650115e-02 2.00750957e-01 1.72805467e-03
8.64976543e-01 2.06190976e-01 1.23166508e-02 2.02133515e-01 1.85637716e-03
8.65763524e-01 2.07600063e-01 1.23678244e-02 2.03533447e-01 1.98671972e-03
8.66548370e-01 2.09026643e-01 1.24184997e-02 2.04951066e-01 2.11906285e-03
8.67331079e-01 2.10471031e-01 1.24686440e-02 2.06386689e-01 2.25338563e-03
8.68111648e-01 2.11933539e-01 1.25182239e-02 2.07840632e-01 2.38966577e-03
8.68890077e-01 2.13414483e-01 1.25672061e-02 2.09313212e-01 2.52787956e-03
8.69666363e-01 2.14914179e-01 1.26155569e-02 2.10804746e-01 2.66800196e-03
8.70440504e-01 2.16432942e-01 1.26632425e-02 2.12315551e-01 2.81000653e-03
8.71212499e-01 2.17971089e-01 1.27102288e-02 2.13845945e-01 2.95386551e-03
8.71982345e-01 2.19528936e-01 1.27564816e-02 2.15396246e-01 3.09954982e-03
8.72750041e-01 2.21106798e-01 1.28019667e-02 2.16966769e-01 3.24702907e-03
8.73515584e-01 2.22704991e-01 1.28466496e-02 2.18557831e-01 3.39627156e-03
8.74278973e-01 2.24323830e-01 1.28904959e-02 2.20169746e-01 3.54724437e-03
8.75040206e-01 2.25963629e-01 1.29334714e-02 2.21802830e-01 3.69991330e-03
8.75799281e-01 2.27624699e-01 1.29755415e-02 2.23457394e-01 3.85424297e-03
8.76556196e-01 2.29307353e-01 1.30166719e-02 2.25133750e-01 4.01019680e-03
8.77310949e-01 2.31011899e-01 1.30568285e-02 2.26832207e-01 4.16773704e-03
8.78063539e-01 2.32738645e-01 1.30959773e-02 2.28553071e-01 4.32682484e-03
8.78813963e-01 2.34487897e-01 1.31340842e-02 2.30296649e-01 4.48742024e-03
8.79562220e-01 2.36259957e-01 1.31711157e-02 2.32063241e-01 4.64948221e-03
8.80308308e-01 2.38055126e-01 1.32070383e-02 2.33853148e-01 4.81296872e-03
8.81052225e-01 2.39873703e-01 1.32418189e-02 2.35666667e-01 4.97783673e-03
8.81793969e-01 2.41715980e-01 1.32754247e-02 2.37504089e-01 5.14404226e-03
8.82533538e-01 2.43582251e-01 1.33078234e-02 2.39365706e-01 5.31154043e-03
8.83270931e-01 2.45472801e-01 1.33389827e-02 2.41251804e-01 5.48028548e-03
8.84006145e-01 2.47387916e-01 1.33688714e-02 2.43162664e-01 5.65023084e-03
8.84739180e-01 2.49327874e-01 1.33974581e-02 2.45098564e-01 5.82132917e-03
8.85470032e-01 2.51292952e-01 1.34247124e-02 2.47059778e-01 5.99353240e-03
8.86198701e-01 2.53283420e-01 1.34506043e-02 2.49046576e-01 6.16679177e-03
8.86925184e-01 2.55299545e-01 1.34751044e-02 2.51059220e-01 6.34105791e-03
8.87649480e-01 2.57341588e-01 1.34981839e-02 2.53097969e-01 6.51628088e-03
8.88371587e-01 2.59409805e-01 1.35198147e-02 2.55163078e-01 6.69241021e-03
8.89091503e-01 2.61504446e-01 1.35399696e-02 2.57254793e-01 6.86939500e-03
8.89809227e-01 2.63625757e-01 1.35586218e-02 2.59373358e-01 7.04718391e-03
8.90524756e-01 2.65773977e-01 1.35757457e-02 2.61519009e-01 7.22572530e-03
8.91238089e-01 2.67949338e-01 1.35913161e-02 2.63691974e-01 7.40496722e-03
8.91949223e-01 2.70152068e-01 1.36053091e-02 2.65892479e-01 7.58485754e-03
8.92658159e-01 2.72382387e-01 1.36177013e-02 2.68120739e-01 7.76534397e-03
8.93364892e-01 2.74640509e-01 1.36284704e-02 2.70376966e-01 7.94637415e-03
8.94069423e-01 2.76926640e-01 1.36375953e-02 2.72661362e-01 8.12789570e-03
8.94771748e-01 2.79240980e-01 1.36450555e-02 2.74974123e-01 8.30985633e-03
8.95471867e-01 2.81583723e-01 1.36508318e-02 2.77315439e-01 8.49220387e-03
8.96169778e-01 2.83955054e-01 1.36549060e-02 2.79685490e-01 8.67488639e-03
8.96865478e-01 2.86355149e-01 1.36572610e-02 2.82084450e-01 8.85785224e-03
8.97558967e-01 2.88784181e-01 1.36578809e-02 2.84512485e-01 9.04105015e-03
8.98250242e-01 2.91242312e-01 1.36567508e-02 2.86969754e-01 9.22442930e-03
8.98939302e-01 2.93729696e-01 1.36538572e-02 2.89456406e-01 9.40793943e-03
8.99626145e-01 2.96246480e-01 1.36491876e-02 2.91972584e-01 9.59153090e-03
9.00310769e-01 2.98792804e-01 1.36427311e-02 2.94518420e-01 9.77515476e-03
9.00993173e-01 3.01368798e-01 1.36344777e-02 2.97094042e-01 9.95876290e-03
9.01673355e-01 3.03974586e-01 1.36244189e-02 2.99699566e-01 1.01423081e-02
9.02351313e-01 3.06610281e-01 1.36125475e-02 3.02335100e-01 1.03257441e-02
9.03027046e-01 3.09275990e-01 1.35988577e-02 3.05000747e-01 1.05090257e-02
9.03700552e-01 3.11971811e-01 1.35833449e-02 3.07696596e-01 1.06921089e-02
9.04371830e-01 3.14697835e-01 1.35660062e-02 3.10422733e-01 1.08749510e-02
9.05040876e-01 3.17454143e-01 1.35468398e-02 3.13179233e-01 1.10575107e-02
9.05707691e-01 3.20240809e-01 1.35258455e-02 3.15966162e-01 1.12397481e-02
9.06372273e-01 3.23057899e-01 1.35030246e-02 3.18783579e-01 1.14216248e-02
9.07034619e-01 3.25905471e-01 1.34783798e-02 3.21631534e-01 1.16031043e-02
9.07694728e-01 3.28783574e-01 1.34519152e-02 3.24510071e-01 1.17841516e-02
9.08352599e-01 3.31692250e-01 1.34236367e-02 3.27419222e-01 1.19647338e-02
9.09008229e-01 3.34631535e-01 1.33935514e-02 3.30359016e-01 1.21448199e-02
9.09661618e-01 3.37601456e-01 1.33616680e-02 3.33329470e-01 1.23243810e-02
9.10312763e-01 3.40602032e-01 1.33279969e-02 3.36330595e-01 1.25033904e-02
9.10961663e-01 3.43633277e-01 1.32925498e-02 3.39362397e-01 1.26818236e-02
9.11608317e-01 3.46695197e-01 1.32553402e-02 3.42424871e-01 1.28596587e-02
9.12252723e-01 3.49787792e-01 1.32163830e-02 3.45518009e-01 1.30368762e-02
9.12894879e-01 3.52911056e-01 1.31756948e-02 3.48641795e-01 1.32134593e-02
9.13534783e-01 3.56064976e-01 1.31332935e-02 3.51796205e-01 1.33893938e-02
9.14172435e-01 3.59249537e-01 1.30891989e-02 3.54981212e-01 1.35646684e-02
9.14807832e-01 3.62464714e-01 1.30434322e-02 3.58196783e-01 1.37392749e-02
9.15440973e-01 3.65710481e-01 1.29960161e-02 3.61442879e-01 1.39132079e-02
9.16071856e-01 3.68986807e-01 1.29469750e-02 3.64719457e-01 1.40864653e-02
9.16700480e-01 3.72293656e-01 1.28963349e-02 3.68026472e-01 1.42590483e-02
9.17326844e-01 3.75630991e-01 1.28441232e-02 3.71363871e-01 1.44309613e-02
9.17950945e-01 3.78998771e-01 1.27903689e-02 3.74731603e-01 1.46022122e-02
9.18572782e-01 3.82396952e-01 1.27351026e-02 3.78129612e-01 1.47728127e-02
9.19192354e-01 3.85825492e-01 1.26783564e-02 3.81557839e-01 1.49427778e-02
9.19809659e-01 3.89284343e-01 1.26201639e-02 3.85016227e-01 1.51121264e-02
9.20424696e-01 3.92773463e-01 1.25605603e-02 3.88504716e-01 1.52808814e-02
9.21037462e-01 3.96292804e-01 1.24995820e-02 3.92023249e-01 1.54490694e-02
9.21647958e-01 3.99842326e-01 1.24372673e-02 3.95571767e-01 1.56167211e-02
9.22256180e-01 4.03421986e-01 1.23736555e-02 3.99150215e-01 1.57838712e-02
9.22862128e-01 4.07031746e-01 1.23087878e-02 4.02758539e-01 1.59505589e-02
9.23465800e-01 4.10671572e-01 1.22427064e-02 4.06396692e-01 1.61168272e-02
9.24067195e-01 4.14341435e-01 1.21754552e-02 4.10064627e-01 1.62827238e-02
9.24666310e-01 4.18041310e-01 1.21070792e-02 4.13762305e-01 1.64483005e-02
9.25263146e-01 4.21771180e-01 1.20376249e-02 4.17489694e-01 1.66136138e-02
9.25857699e-01 4.25531036e-01 1.19671401e-02 4.21246768e-01 1.67787244e-02
9.26449969e-01 4.29320877e-01 1.18956738e-02 4.25033509e-01 1.69436979e-02
9.27039955e-01 4.33140711e-01 1.18232764e-02 4.28849911e-01 1.71086042e-02
9.27627654e-01 4.36990559e-01 1.17499994e-02 4.32695977e-01 1.72735179e-02
9.28213065e-01 4.40870451e-01 1.16758955e-02 4.36571723e-01 1.74385185e-02
9.28796187e-01 4.44780433e-01 1.16010184e-02 4.40477176e-01 1.76036898e-02
9.29377019e-01 4.48720564e-01 1.15254233e-02 4.44412381e-01 1.77691206e-02
9.29955559e-01 4.52690919e-01 1.14491660e-02 4.48377395e-01 1.79349043e-02
9.30531805e-01 4.56691591e-01 1.13723036e-02 4.52372295e-01 1.81011391e-02
9.31105757e-01 4.60722689e-01 1.12948943e-02 4.56397175e-01 1.82679277e-02
9.31677412e-01 4.64784345e-01 1.12169969e-02 4.60452148e-01 1.84353777e-02
9.32246769e-01 4.68876708e-01 1.11386713e-02 4.64537351e-01 1.86036014e-02
9.32813828e-01 4.72999953e-01 1.10599783e-02 4.68652940e-01 1.87727156e-02
9.33378586e-01 4.77154278e-01 1.09809793e-02 4.72799099e-01 1.89428417e-02
9.33941042e-01 4.81339906e-01 1.09017367e-02 4.76976035e-01 1.91141058e-02
9.34501195e-01 4.85557086e-01 1.08223134e-02 4.81183984e-01 1.92866383e-02
9.35059043e-01 4.89806099e-01 1.07427731e-02 4.85423209e-01 1.94605743e-02
9.35614585e-01 4.94087252e-01 1.06631799e-02 4.89694006e-01 1.96360529e-02
9.36167820e-01 4.98400886e-01 1.05835986e-02 4.93996701e-01 1.98132176e-02
9.36718746e-01 5.02747375e-01 1.05040945e-02 4.98331654e-01 1.99922163e-02
9.37267362e-01 5.07127128e-01 1.04247332e-02 5.02699263e-01 2.01732004e-02
9.37813667e-01 5.11540591e-01 1.03455807e-02 5.07099960e-01 2.03563257e-02
9.38357658e-01 5.15988246e-01 1.02667034e-02 5.11534218e-01 2.05417516e-02
9.38899336e-01 5.20470619e-01 1.01881677e-02 5.16002549e-01 2.07296410e-02
9.39438698e-01 5.24988273e-01 1.01100405e-02 5.20505509e-01 2.09201605e-02
9.39975743e-01 5.29541819e-01 1.00323886e-02 5.25043699e-01 2.11134799e-02
9.40510470e-01 5.34131911e-01 9.95527888e-03 5.29617762e-01 2.13097721e-02
9.41042878e-01 5.38759249e-01 9.87877819e-03 5.34228393e-01 2.15092130e-02
9.41572965e-01 5.43424583e-01 9.80295335e-03 5.38876335e-01 2.17119811e-02
9.42100730e-01 5.48128712e-01 9.72787097e-03 5.43562382e-01 2.19182576e-02
9.42626171e-01 5.52872490e-01 9.65359746e-03 5.48287381e-01 2.21282258e-02
9.43149288e-01 5.57656823e-01 9.58019893e-03 5.53052235e-01 2.23420712e-02
9.43670079e-01 5.62482671e-01 9.50774112e-03 5.57857903e-01 2.25599809e-02
9.44188542e-01 5.67351053e-01 9.43628932e-03 5.62705403e-01 2.27821436e-02
9.44704677e-01 5.72263049e-01 9.36590832e-03 5.67595813e-01 2.30087495e-02
9.45218483e-01 5.77219795e-01 9.29666232e-03 5.72530271e-01 2.32399892e-02
9.45729957e-01 5.82222495e-01 9.22861484e-03 5.77509982e-01 2.34760546e-02
9.46239099e-01 5.87272412e-01 9.16182870e-03 5.82536215e-01 2.37171374e-02
9.46745907e-01 5.92370877e-01 9.09636589e-03 5.87610306e-01 2.39634297e-02
9.47250380e-01 5.97519289e-01 9.03228750e-03 5.92733659e-01 2.42151231e-02
9.47752518e-01 6.02719116e-01 8.96965369e-03 5.97907749e-01 2.44724086e-02
9.48252318e-01 6.07971893e-01 8.90852355e-03 6.03134123e-01 2.47354762e-02
9.48749779e-01 6.13279231e-01 8.84895508e-03 6.08414402e-01 2.50045145e-02
9.49244901e-01 6.18642812e-01 8.79100508e-03 6.13750280e-01 2.52797104e-02
9.49737681e-01 6.24064394e-01 8.73472909e-03 6.19143528e-01 2.55612488e-02
9.50228120e-01 6.29545810e-01 8.68018128e-03 6.24595996e-01 2.58493117e-02
9.50716215e-01 6.35088971e-01 8.62741445e-03 6.30109612e-01 2.61440785e-02
9.51201965e-01 6.40695866e-01 8.57647986e-03 6.35686383e-01 2.64457253e-02
9.51685370e-01 6.46368564e-01 8.52742723e-03 6.41328400e-01 2.67544243e-02
9.52166428e-01 6.52109216e-01 8.48030463e-03 6.47037833e-01 2.70703435e-02
9.52645137e-01 6.57920052e-01 8.43515839e-03 6.52816939e-01 2.73936466e-02
9.53121497e-01 6.63803389e-01 8.39203308e-03 6.58668058e-01 2.77244919e-02
9.53595507e-01 6.69761623e-01 8.35097138e-03 6.64593614e-01 2.80630324e-02
9.54067164e-01 6.75797238e-01 8.31201405e-03 6.70596120e-01 2.84094154e-02
9.54536469e-01 6.81912802e-01 8.27519984e-03 6.76678172e-01 2.87637814e-02
9.55003420e-01 6.88110967e-01 8.24056541e-03 6.82842457e-01 2.91262644e-02
9.55468016e-01 6.94394475e-01 8.20814529e-03 6.89091748e-01 2.94969911e-02
9.55930255e-01 7.00766151e-01 8.17797178e-03 6.95428907e-01 2.98760804e-02
9.56390137e-01 7.07228909e-01 8.15007491e-03 7.01856883e-01 3.02636431e-02
9.56847660e-01 7.13785749e-01 8.12448237e-03 7.08378715e-01 3.06597813e-02
9.57302823e-01 7.20439759e-01 8.10121944e-03 7.14997531e-01 3.10645881e-02
9.57755626e-01 7.27194112e-01 8.08030893e-03 7.21716545e-01 3.14781470e-02
9.58206066e-01 7.34052072e-01 8.06177113e-03 7.28539063e-01 3.19005315e-02
9.58654144e-01 7.41016984e-01 8.04562372e-03 7.35468477e-01 3.23318047e-02
9.59099857e-01 7.48092285e-01 8.03188178e-03 7.42508266e-01 3.27720188e-02
9.59543205e-01 7.55281492e-01 8.02055767e-03 7.49661996e-01 3.32212147e-02
9.59984187e-01 7.62588211e-01 8.01166103e-03 7.56933321e-01 3.36794217e-02
9.60422801e-01 7.70016131e-01 8.00519868e-03 7.64325979e-01 3.41466566e-02
9.60859046e-01 7.77569022e-01 8.00117463e-03 7.71843790e-01 3.46229239e-02
9.61292922e-01 7.85250738e-01 7.99958999e-03 7.79490661e-01 3.51082149e-02
9.61724427e-01 7.93065213e-01 8.00044298e-03 7.87270577e-01 3.56025078e-02
9.62153561e-01 8.01016459e-01 8.00372883e-03 7.95187605e-01 3.61057668e-02
9.62580321e-01 8.09108566e-01 8.00943980e-03 8.03245889e-01 3.66179421e-02
9.63004708e-01 8.17345701e-01 8.01756512e-03 8.11449652e-01 3.71389691e-02
9.63426720e-01 8.25732102e-01 8.02809099e-03 8.19803188e-01 3.76687688e-02
9.63846355e-01 8.34272082e-01 8.04100049e-03 8.28310865e-01 3.82072468e-02
9.64263614e-01 8.42970020e-01 8.05627366e-03 8.36977121e-01 3.87542931e-02
9.64678495e-01 8.51830363e-01 8.07388738e-03 8.45806461e-01 3.93097822e-02
9.65090997e-01 8.60857624e-01 8.09381544e-03 8.54803455e-01 3.98735723e-02
9.65501118e-01 8.70056375e-01 8.11602847e-03 8.63972734e-01 4.04455054e-02
9.65908859e-01 8.79431248e-01 8.14049394e-03 8.73318988e-01 4.10254069e-02
9.66314217e-01 8.88986930e-01 8.16717622e-03 8.82846964e-01 4.16130855e-02
9.66717192e-01 8.98728159e-01 8.19603649e-03 8.92561457e-01 4.22083329e-02
9.67117784e-01 9.08659723e-01 8.22703281e-03 9.02467315e-01 4.28109236e-02
9.67515990e-01 9.18786455e-01 8.26012010e-03 9.12569429e-01 4.34206149e-02
9.67911810e-01 9.29113227e-01 8.29525017e-03 9.22872728e-01 4.40371467e-02
9.68305243e-01 9.39644949e-01 8.33237170e-03 9.33382182e-01 4.46602414e-02
9.68696288e-01 9.50386567e-01 8.37143034e-03 9.44102790e-01 4.52896037e-02
9.69084944e-01 9.61343049e-01 8.41236864e-03 9.55039580e-01 4.59249208e-02
9.69471210e-01 9.72519393e-01 8.45512615e-03 9.66197604e-01 4.65658622e-02
9.69855086e-01 9.83920612e-01 8.49963943e-03 9.77581930e-01 4.72120800e-02
9.70236569e-01 9.95551736e-01 8.54584208e-03 9.89197642e-01 4.78632084e-02
9.70615660e-01 1.00741780e+00 8.59366482e-03 1.00104983e+00 4.85188642e-02
9.70992357e-01 1.01952385e+00 8.64303547e-03 1.01314358e+00 4.91786469e-02
9.71366659e-01 1.03187493e+00 8.69387909e-03 1.02548400e+00 4.98421386e-02
9.71738566e-01 1.04447606e+00 8.74611796e-03 1.03807616e+00 5.05089044e-02
9.72108076e-01 1.05733228e+00 8.79967169e-03 1.05092512e+00 5.11784924e-02
9.72475189e-01 1.07044857e+00 8.85445727e-03 1.06403595e+00 5.18504340e-02
9.72839904e-01 1.08382992e+00 8.91038914e-03 1.07741365e+00 5.25242443e-02
9.73202220e-01 1.09748128e+00 8.96737925e-03 1.09106322e+00 5.31994221e-02
9.73562135e-01 1.11140756e+00 9.02533718e-03 1.10498960e+00 5.38754506e-02
9.73919650e-01 1.12561361e+00 9.08417018e-03 1.11919771e+00 5.45517973e-02
9.74274762e-01 1.14010427e+00 9.14378328e-03 1.13369239e+00 5.52279149e-02
9.74627472e-01 1.15488428e+00 9.20407939e-03 1.14847843e+00 5.59032413e-02
9.74977778e-01 1.16995834e+00 9.26495937e-03 1.16356057e+00 5.65772004e-02
9.75325680e-01 1.18533108e+00 9.32632215e-03 1.17894345e+00 5.72492021e-02
9.75671177e-01 1.20100704e+00 9.38806485e-03 1.19463166e+00 5.79186436e-02
9.76014267e-01 1.21699070e+00 9.45008284e-03 1.21062966e+00 5.85849092e-02
9.76354950e-01 1.23328641e+00 9.51226990e-03 1.22694187e+00 5.92473713e-02
9.76693226e-01 1.24989845e+00 9.57451831e-03 1.24357256e+00 5.99053909e-02
9.77029093e-01 1.26683098e+00 9.63671900e-03 1.26052592e+00 6.05583183e-02
9.77362550e-01 1.28408806e+00 9.69876162e-03 1.27780602e+00 6.12054938e-02
9.77693597e-01 1.30167362e+00 9.76053472e-03 1.29541678e+00 6.18462483e-02
9.78022233e-01 1.31959144e+00 9.82192586e-03 1.31336202e+00 6.24799041e-02
9.78348456e-01 1.33784521e+00 9.88282173e-03 1.33164540e+00 6.31057760e-02
9.78672267e-01 1.35643842e+00 9.94310832e-03 1.35027045e+00 6.37231715e-02
9.78993665e-01 1.37537446e+00 1.00026710e-02 1.36924052e+00 6.43313919e-02
9.79312648e-01 1.39465652e+00 1.00613948e-02 1.38855882e+00 6.49297336e-02
9.79629216e-01 1.41428765e+00 1.01191643e-02 1.40822838e+00 6.55174881e-02
9.79943368e-01 1.43427070e+00 1.01758640e-02 1.42825205e+00 6.60939438e-02
9.80255103e-01 1.45460836e+00 1.02313786e-02 1.44863249e+00 6.66583862e-02
9.80564421e-01 1.47530312e+00 1.02855925e-02 1.46937218e+00 6.72100995e-02
9.80871321e-01 1.49635726e+00 1.03383909e-02 1.49047339e+00 6.77483671e-02
9.81175801e-01 1.51777288e+00 1.03896592e-02 1.51193818e+00 6.82724727e-02
9.81477862e-01 1.53955184e+00 1.04392834e-02 1.53376839e+00 6.87817015e-02
9.81777503e-01 1.56169580e+00 1.04871503e-02 1.55596565e+00 6.92753411e-02
9.82074722e-01 1.58420617e+00 1.05331478e-02 1.57853134e+00 6.97526826e-02
9.82369519e-01 1.60708416e+00 1.05771646e-02 1.60146662e+00 7.02130214e-02
9.82661894e-01 1.63033069e+00 1.06190909e-02 1.62477240e+00 7.06556589e-02
9.82951845e-01 1.65394647e+00 1.06588181e-02 1.64844933e+00 7.10799027e-02
9.83239372e-01 1.67793193e+00 1.06962394e-02 1.67249779e+00 7.14850687e-02
9.83524474e-01 1.70228726e+00 1.07312495e-02 1.69691793e+00 7.18704813e-02
9.83807150e-01 1.72701235e+00 1.07637452e-02 1.72170959e+00 7.22354751e-02
9.84087401e-01 1.75210684e+00 1.07936252e-02 1.74687236e+00 7.25793957e-02
9.84365224e-01 1.77757007e+00 1.08207905e-02 1.77240553e+00 7.29016011e-02
9.84640620e-01 1.80340110e+00 1.08451442e-02 1.79830809e+00 7.32014626e-02
9.84913588e-01 1.82959869e+00 1.08665923e-02 1.82457874e+00 7.34783658e-02
9.85184126e-01 1.85616131e+00 1.08850432e-02 1.85121590e+00 7.37317120e-02
9.85452235e-01 1.88308712e+00 1.09004082e-02 1.87821765e+00 7.39609194e-02
9.85717914e-01 1.91037395e+00 1.09126016e-02 1.90558177e+00 7.41654236e-02
9.85981162e-01 1.93801935e+00 1.09215407e-02 1.93330572e+00 7.43446794e-02
9.86241978e-01 1.96602051e+00 1.09271462e-02 1.96138665e+00 7.44981614e-02
9.86500362e-01 1.99437432e+00 1.09293421e-02 1.98982136e+00 7.46253652e-02
9.86756313e-01 2.02307735e+00 1.09280560e-02 2.01860633e+00 7.47258087e-02
9.87009830e-01 2.05212580e+00 1.09232190e-02 2.04773772e+00 7.47990327e-02
9.87260914e-01 2.08151556e+00 1.09147663e-02 2.07721132e+00 7.48446022e-02
9.87509562e-01 2.11124218e+00 1.09026368e-02 2.10702260e+00 7.48621073e-02
9.87755776e-01 2.14130085e+00 1.08867734e-02 2.13716669e+00 7.48511642e-02
9.87999553e-01 2.17168644e+00 1.08671234e-02 2.16763836e+00 7.48114162e-02
9.88240894e-01 2.20239344e+00 1.08436383e-02 2.19843203e+00 7.47425345e-02
9.88479797e-01 2.23341601e+00 1.08162738e-02 2.22954178e+00 7.46442193e-02
9.88716263e-01 2.26474796e+00 1.07849903e-02 2.26096134e+00 7.45162001e-02
9.88950290e-01 2.29638274e+00 1.07497527e-02 2.29268406e+00 7.43582374e-02
9.89181879e-01 2.32831344e+00 1.07105307e-02 2.32470297e+00 7.41701228e-02
9.89411028e-01 2.36053281e+00 1.06672987e-02 2.35701072e+00 7.39516800e-02
9.89637737e-01 2.39303323e+00 1.06200358e-02 2.38959962e+00 7.37027654e-02
9.89862005e-01 2.42580673e+00 1.05687263e-02 2.42246161e+00 7.34232690e-02
9.90083833e-01 2.45884500e+00 1.05133594e-02 2.45558830e+00 7.31131148e-02
9.90303218e-01 2.49213935e+00 1.04539292e-02 2.48897093e+00 7.27722617e-02
9.90520161e-01 2.52568076e+00 1.03904351e-02 2.52260038e+00 7.24007036e-02
9.90734662e-01 2.55945986e+00 1.03228818e-02 2.55646721e+00 7.19984701e-02
9.90946719e-01 2.59346692e+00 1.02512788e-02 2.59056162e+00 7.15656272e-02
9.91156332e-01 2.62769188e+00 1.01756412e-02 2.62487344e+00 7.11022774e-02
9.91363501e-01 2.66212432e+00 1.00959893e-02 2.65939221e+00 7.06085601e-02
9.91568226e-01 2.69675349e+00 1.00123486e-02 2.69410709e+00 7.00846520e-02
9.91770504e-01 2.73156831e+00 9.92475004e-03 2.72900693e+00 6.95307672e-02
9.91970337e-01 2.76655737e+00 9.83322976e-03 2.76408024e+00 6.89471577e-02
9.92167724e-01 2.80170893e+00 9.73782931e-03 2.79931522e+00 6.83341129e-02
9.92362663e-01 2.83701093e+00 9.63859551e-03 2.83469973e+00 6.76919607e-02
9.92555155e-01 2.87245100e+00 9.53558051e-03 2.87022134e+00 6.70210663e-02
9.92745200e-01 2.90801646e+00 9.42884170e-03 2.90586730e+00 6.63218334e-02
9.92932796e-01 2.94369431e+00 9.31844176e-03 2.94162457e+00 6.55947030e-02
9.93117944e-01 2.97947129e+00 9.20444853e-03 2.97747980e+00 6.48401542e-02
9.93300642e-01 3.01533383e+00 9.08693503e-03 3.01341938e+00 6.40587032e-02
9.93480891e-01 3.05126807e+00 8.96597940e-03 3.04942940e+00 6.32509037e-02
9.93658689e-01 3.08725990e+00 8.84166480e-03 3.08549568e+00 6.24173461e-02
9.93834037e-01 3.12329494e+00 8.71407939e-03 3.12160381e+00 6.15586575e-02
9.94006934e-01 3.15935855e+00 8.58331622e-03 3.15773908e+00 6.06755007e-02
9.94177380e-01 3.19543584e+00 8.44947316e-03 3.19388658e+00 5.97685745e-02
9.94345374e-01 3.23151169e+00 8.31265280e-03 3.23003114e+00 5.88386124e-02
9.94510915e-01 3.26757076e+00 8.17296236e-03 3.26615737e+00 5.78863823e-02
9.94674004e-01 3.30359748e+00 8.03051359e-03 3.30224970e+00 5.69126861e-02
9.94834640e-01 3.33957610e+00 7.88542264e-03 3.33829231e+00 5.59183584e-02
9.94992823e-01 3.37549065e+00 7.73780995e-03 3.37426921e+00 5.49042660e-02
9.95148552e-01 3.41132498e+00 7.58780012e-03 3.41016424e+00 5.38713073e-02
9.95301826e-01 3.44706279e+00 7.43552177e-03 3.44596107e+00 5.28204108e-02
9.95452646e-01 3.48268760e+00 7.28110741e-03 3.48164320e+00 5.17525347e-02
9.95601011e-01 3.51818280e+00 7.12469331e-03 3.51719401e+00 5.06686658e-02
9.95746921e-01 3.55353164e+00 6.96641931e-03 3.55259671e+00 4.95698180e-02
9.95890375e-01 3.58871724e+00 6.80642866e-03 3.58783445e+00 4.84570319e-02
9.96031373e-01 3.62372262e+00 6.64486790e-03 3.62289022e+00 4.73313729e-02
9.96169914e-01 3.65853072e+00 6.48188665e-03 3.65774696e+00 4.61939307e-02
9.96305999e-01 3.69312437e+00 6.31763745e-03 3.69238750e+00 4.50458174e-02
9.96439627e-01 3.72748637e+00 6.15227556e-03 3.72679465e+00 4.38881667e-02
9.96570797e-01 3.76159944e+00 5.98595882e-03 3.76095112e+00 4.27221322e-02
9.96699510e-01 3.79544627e+00 5.81884738e-03 3.79483962e+00 4.15488865e-02
9.96825765e-01 3.82900953e+00 5.65110359e-03 3.82844283e+00 4.03696190e-02
9.96949561e-01 3.86227188e+00 5.48289174e-03 3.86174343e+00 3.91855354e-02
9.97070899e-01 3.89521599e+00 5.31437788e-03 3.89472409e+00 3.79978552e-02
9.97189778e-01 3.92782454e+00 5.14572962e-03 3.92736753e+00 3.68078112e-02
9.97306197e-01 3.96008026e+00 4.97711591e-03 3.95965649e+00 3.56166471e-02
9.97420157e-01 3.99196593e+00 4.80870681e-03 3.99157377e+00 3.44256164e-02
9.97531657e-01 4.02346438e+00 4.64067331e-03 4.02310224e+00 3.32359806e-02
9.97640697e-01 4.05455854e+00 4.47318707e-03 4.05422486e+00 3.20490076e-02
9.97747277e-01 4.08523143e+00 4.30642023e-03 4.08492467e+00 3.08659702e-02
9.97851396e-01 4.11546618e+00 4.14054520e-03 4.11518485e+00 2.96881440e-02
9.97953055e-01 4.14524607e+00 3.97573437e-03 4.14498869e+00 2.85168064e-02
9.98052252e-01 4.17455449e+00 3.81215996e-03 4.17431963e+00 2.73532342e-02
9.98148988e-01 4.20337501e+00 3.64999376e-03 4.20316129e+00 2.61987024e-02
9.98243262e-01 4.23169137e+00 3.48940690e-03 4.23149744e+00 2.50544821e-02
9.98335074e-01 4.25948749e+00 3.33056963e-03 4.25931205e+00 2.39218393e-02
9.98424424e-01 4.28674751e+00 3.17365111e-03 4.28658930e+00 2.28020324e-02
9.98511312e-01 4.31345579e+00 3.01881916e-03 4.31331358e+00 2.16963114e-02
9.98595738e-01 4.33959690e+00 2.86624003e-03 4.33946953e+00 2.06059153e-02
9.98677701e-01 4.36515568e+00 2.71607822e-03 4.36504202e+00 1.95320711e-02
9.98757201e-01 4.39011724e+00 2.56849622e-03 4.39001621e+00 1.84759916e-02
9.98834237e-01 4.41446694e+00 2.42365429e-03 4.41437751e+00 1.74388741e-02
9.98908811e-01 4.43819045e+00 2.28171027e-03 4.43811164e+00 1.64218985e-02
9.98980921e-01 4.46127375e+00 2.14281935e-03 4.46120463e+00 1.54262256e-02
9.99050567e-01 4.48370313e+00 2.00713385e-03 4.48364281e+00 1.44529955e-02
9.99117750e-01 4.50546523e+00 1.87480303e-03 4.50541286e+00 1.35033263e-02
9.99182468e-01 4.52654700e+00 1.74597288e-03 4.52650180e+00 1.25783119e-02
9.99244723e-01 4.54693578e+00 1.62078589e-03 4.54689702e+00 1.16790212e-02
9.99304513e-01 4.56661928e+00 1.49938093e-03 4.56658626e+00 1.08064959e-02
9.99361839e-01 4.58558558e+00 1.38189296e-03 4.58555765e+00 9.96174941e-03
9.99416700e-01 4.60382316e+00 1.26845291e-03 4.60379973e+00 9.14576517e-03
9.99469096e-01 4.62132091e+00 1.15918751e-03 4.62130142e+00 8.35949544e-03
9.99519028e-01 4.63806815e+00 1.05421905e-03 4.63805209e+00 7.60385980e-03
9.99566494e-01 4.65405460e+00 9.53665258e-04 4.65404151e+00 6.87974383e-03
9.99611495e-01 4.66927045e+00 8.57639130e-04 4.66925990e+00 6.18799788e-03
9.99654032e-01 4.68370631e+00 7.66248766e-04 4.68369792e+00 5.52943576e-03
9.99694102e-01 4.69735328e+00 6.79597218e-04 4.69734670e+00 4.90483365e-03
9.99731708e-01 4.71020291e+00 5.97782350e-04 4.71019783e+00 4.31492887e-03
9.99766848e-01 4.72224721e+00 5.20896703e-04 4.72224336e+00 3.76041890e-03
9.99799522e-01 4.73347871e+00 4.49027358e-04 4.73347586e+00 3.24196027e-03
9.99829731e-01 4.74389042e+00 3.82255821e-04 4.74388835e+00 2.76016768e-03
9.99857474e-01 4.75347582e+00 3.20657905e-04 4.75347438e+00 2.31561304e-03
9.99882751e-01 4.76222895e+00 2.64303624e-04 4.76222796e+00 1.90882465e-03
9.99905562e-01 4.77014431e+00 2.13257095e-04 4.77014367e+00 1.54028645e-03
9.99925908e-01 4.77721694e+00 1.67576448e-04 4.77721655e+00 1.21043725e-03
9.99943787e-01 4.78344242e+00 1.27313741e-04 4.78344220e+00 9.19670125e-04
9.99959200e-01 4.78881684e+00 9.25148882e-05 4.78881672e+00 6.68331814e-04
9.99972148e-01 4.79333681e+00 6.32195907e-05 4.79333675e+00 4.56722176e-04
9.99982629e-01 4.79699949e+00 3.94612696e-05 4.79699947e+00 2.85093683e-04
9.99990644e-01 4.79980260e+00 2.12669813e-05 4.79980259e+00 1.53650761e-04
9.99996193e-01 4.80174442e+00 8.65717188e-06 4.80174442e+00 6.25480022e-05
9.99999277e-01 4.80282416e+00 1.64344910e-06 4.80282416e+00 1.18740372e-05
