-9.99999277e-01 9.19823057e-03 9.30649405e-08 -9.19823050e-03 7.33923348e-07
-9.99996193e-01 9.19469898e-03 4.90306336e-07 -9.19469681e-03 3.86520492e-06
-9.99990644e-01 9.18835347e-03 1.20478083e-06 -9.18834037e-03 9.49130746e-06
-9.99982629e-01 9.17920647e-03 2.23631470e-06 -9.17916133e-03 1.76009659e-05
-9.99972148e-01 9.16727779e-03 3.58444429e-06 -9.16716183e-03 2.81762894e-05
-9.99959200e-01 9.15259342e-03 5.24853747e-06 -9.15234483e-03 4.11937824e-05
-9.99943787e-01 9.13518540e-03 7.22780133e-06 -9.13471402e-03 5.66244886e-05
-9.99925908e-01 9.11509170e-03 9.52127948e-06 -9.11427383e-03 7.44340708e-05
-9.99905562e-01 9.09235618e-03 1.21278468e-05 -9.09102943e-03 9.45828903e-05
-9.99882751e-01 9.06702844e-03 1.50462032e-05 -9.06498670e-03 1.17026094e-04
-9.99857474e-01 9.03916373e-03 1.82748657e-05 -9.03615225e-03 1.41713714e-04
-9.99829731e-01 9.00882282e-03 2.18121609e-05 -9.00453346e-03 1.68590774e-04
-9.99799522e-01 8.97607187e-03 2.56562156e-05 -8.97013845e-03 1.97597410e-04
-9.99766848e-01 8.94098231e-03 2.98049469e-05 -8.93297609e-03 2.28668997e-04
-9.99731708e-01 8.90363061e-03 3.42560525e-05 -8.89305603e-03 2.61736294e-04
-9.99694102e-01 8.86409818e-03 3.90069987e-05 -8.85038869e-03 2.96725587e-04
-9.99654032e-01 8.82247117e-03 4.40550100e-05 -8.80498531e-03 3.33558851e-04
-9.99611495e-01 8.77884025e-03 4.93970560e-05 -8.75685788e-03 3.72153917e-04
-9.99566494e-01 8.73330047e-03 5.50298394e-05 -8.70601925e-03 4.12424646e-04
-9.99519028e-01 8.68595097e-03 6.09497830e-05 -8.65248305e-03 4.54281116e-04
-9.99469096e-01 8.63689486e-03 6.71530164e-05 -8.59626379e-03 4.97629812e-04
-9.99416700e-01 8.58623892e-03 7.36353624e-05 -8.53737678e-03 5.42373823e-04
-9.99361839e-01 8.53409338e-03 8.03923236e-05 -8.47583821e-03 5.88413050e-04
-9.99304513e-01 8.48057171e-03 8.74190679e-05 -8.41166514e-03 6.35644416e-04
-9.99244723e-01 8.42579035e-03 9.47104154e-05 -8.34487552e-03 6.83962084e-04
-9.99182468e-01 8.36986848e-03 1.02260824e-04 -8.27548816e-03 7.33257675e-04
-9.99117750e-01 8.31292774e-03 1.10064374e-04 -8.20352281e-03 7.83420501e-04
-9.99050567e-01 8.25509196e-03 1.18114760e-04 -8.12900012e-03 8.34337790e-04
-9.98980921e-01 8.19648696e-03 1.26405268e-04 -8.05194166e-03 8.85894923e-04
-9.98908811e-01 8.13724020e-03 1.34928773e-04 -7.97236994e-03 9.37975667e-04
-9.98834237e-01 8.07748057e-03 1.43677716e-04 -7.89030843e-03 9.90462418e-04
-9.98757201e-01 8.01733809e-03 1.52644101e-04 -7.80578153e-03 1.04323644e-03
-9.98677701e-01 7.95694365e-03 1.61819475e-04 -7.71881464e-03 1.09617810e-03
-9.98595738e-01 7.89642875e-03 1.71194923e-04 -7.62943410e-03 1.14916712e-03
-9.98511312e-01 7.83592519e-03 1.80761051e-04 -7.53766725e-03 1.20208282e-03
-9.98424424e-01 7.77556483e-03 1.90507983e-04 -7.44354240e-03 1.25480434e-03
-9.98335074e-01 7.71547932e-03 2.00425348e-04 -7.34708886e-03 1.30721091e-03
-9.98243262e-01 7.65579983e-03 2.10502271e-04 -7.24833695e-03 1.35918206e-03
-9.98148988e-01 7.59665676e-03 2.20727368e-04 -7.14731797e-03 1.41059787e-03
-9.98052252e-01 7.53817953e-03 2.31088737e-04 -7.04406422e-03 1.46133920e-03
-9.97953055e-01 7.48049628e-03 2.41573956e-04 -6.93860904e-03 1.51128792e-03
-9.97851396e-01 7.42373364e-03 2.52170073e-04 -6.83098673e-03 1.56032713e-03
-9.97747277e-01 7.36801648e-03 2.62863610e-04 -6.72123261e-03 1.60834141e-03
-9.97640697e-01 7.31346765e-03 2.73640556e-04 -6.60938301e-03 1.65521699e-03
-9.97531657e-01 7.26020779e-03 2.84486366e-04 -6.49547524e-03 1.70084198e-03
-9.97420157e-01 7.20835506e-03 2.95385965e-04 -6.37954761e-03 1.74510661e-03
-9.97306197e-01 7.15802495e-03 3.06323745e-04 -6.26163942e-03 1.78790335e-03
-9.97189778e-01 7.10933004e-03 3.17283574e-04 -6.14179094e-03 1.82912719e-03
-9.97070899e-01 7.06237982e-03 3.28248793e-04 -6.02004341e-03 1.86867578e-03
-9.96949561e-01 7.01728048e-03 3.39202229e-04 -5.89643902e-03 1.90644958e-03
-9.96825765e-01 6.97413475e-03 3.50126197e-04 -5.77102091e-03 1.94235211e-03
-9.96699510e-01 6.93304169e-03 3.61002511e-04 -5.64383316e-03 1.97629002e-03
-9.96570797e-01 6.89409653e-03 3.71812493e-04 -5.51492073e-03 2.00817332e-03
-9.96439627e-01 6.85739055e-03 3.82536986e-04 -5.38432952e-03 2.03791547e-03
-9.96305999e-01 6.82301087e-03 3.93156365e-04 -5.25210628e-03 2.06543355e-03
-9.96169914e-01 6.79104039e-03 4.03650553e-04 -5.11829862e-03 2.09064837e-03
-9.96031373e-01 6.76155759e-03 4.13999034e-04 -4.98295500e-03 2.11348458e-03
-9.95890375e-01 6.73463647e-03 4.24180874e-04 -4.84612469e-03 2.13387081e-03
-9.95746921e-01 6.71034644e-03 4.34174737e-04 -4.70785773e-03 2.15173973e-03
-9.95601011e-01 6.68875220e-03 4.43958908e-04 -4.56820494e-03 2.16702816e-03
-9.95452646e-01 6.66991369e-03 4.53511308e-04 -4.42721787e-03 2.17967715e-03
-9.95301826e-01 6.65388601e-03 4.62809525e-04 -4.28494877e-03 2.18963203e-03
-9.95148552e-01 6.64071936e-03 4.71830831e-04 -4.14145057e-03 2.19684248e-03
-9.94992823e-01 6.63045901e-03 4.80552212e-04 -3.99677684e-03 2.20126259e-03
-9.94834640e-01 6.62314523e-03 4.88950393e-04 -3.85098175e-03 2.20285089e-03
-9.94674004e-01 6.61881331e-03 4.97001863e-04 -3.70412005e-03 2.20157034e-03
-9.94510915e-01 6.61749354e-03 5.04682910e-04 -3.55624703e-03 2.19738844e-03
-9.94345374e-01 6.61921118e-03 5.11969645e-04 -3.40741848e-03 2.19027713e-03
-9.94177380e-01 6.62398649e-03 5.18838035e-04 -3.25769065e-03 2.18021289e-03
-9.94006934e-01 6.63183477e-03 5.25263937e-04 -3.10712021e-03 2.16717663e-03
-9.93834037e-01 6.64276635e-03 5.31223129e-04 -2.95576422e-03 2.15115378e-03
-9.93658689e-01 6.65678668e-03 5.36691342e-04 -2.80368008e-03 2.13213416e-03
-9.93480891e-01 6.67389634e-03 5.41644298e-04 -2.65092549e-03 2.11011201e-03
-9.93300642e-01 6.69409112e-03 5.46057743e-04 -2.49755841e-03 2.08508592e-03
-9.93117944e-01 6.71736210e-03 5.49907485e-04 -2.34363699e-03 2.05705875e-03
-9.92932796e-01 6.74369571e-03 5.53169426e-04 -2.18921959e-03 2.02603764e-03
-9.92745200e-01 6.77307385e-03 5.55819603e-04 -2.03436467e-03 1.99203384e-03
-9.92555155e-01 6.80547395e-03 5.57834225e-04 -1.87913076e-03 1.95506273e-03
-9.92362663e-01 6.84086909e-03 5.59189707e-04 -1.72357645e-03 1.91514367e-03
-9.92167724e-01 6.87922815e-03 5.59862711e-04 -1.56776030e-03 1.87229990e-03
-9.91970337e-01 6.92051587e-03 5.59830186e-04 -1.41174081e-03 1.82655851e-03
-9.91770504e-01 6.96469303e-03 5.59069399e-04 -1.25557639e-03 1.77795027e-03
-9.91568226e-01 7.01171653e-03 5.57557978e-04 -1.09932530e-03 1.72650954e-03
-9.91363501e-01 7.06153960e-03 5.55273952e-04 -9.43045577e-04 1.67227414e-03
-9.91156332e-01 7.11411187e-03 5.52195782e-04 -7.86795046e-04 1.61528528e-03
-9.90946719e-01 7.16937959e-03 5.48302402e-04 -6.30631228e-04 1.55558734e-03
-9.90734662e-01 7.22728574e-03 5.43573258e-04 -4.74611312e-04 1.49322784e-03
-9.90520161e-01 7.28777019e-03 5.37988342e-04 -3.18792109e-04 1.42825724e-03
-9.90303218e-01 7.35076989e-03 5.31528226e-04 -1.63230004e-04 1.36072881e-03
-9.90083833e-01 7.41621902e-03 5.24174101e-04 -7.98091495e-06 1.29069851e-03
-9.89862005e-01 7.48404917e-03 5.15907811e-04 1.46899752e-04 1.21822484e-03
-9.89637737e-01 7.55418946e-03 5.06711885e-04 3.01357147e-04 1.14336866e-03
-9.89411028e-01 7.62656681e-03 4.96569570e-04 4.55337015e-04 1.06619311e-03
-9.89181879e-01 7.70110602e-03 4.85464865e-04 6.08785741e-04 9.86763373e-04
-9.88950290e-01 7.77772998e-03 4.73382550e-04 7.61650386e-04 9.05146606e-04
-9.88716263e-01 7.85635986e-03 4.60308216e-04 9.13878730e-04 8.21411735e-04
-9.88479797e-01 7.93691528e-03 4.46228295e-04 1.06541931e-03 7.35629324e-04
-9.88240894e-01 8.01931445e-03 4.31130086e-04 1.21622145e-03 6.47871419e-04
-9.87999553e-01 8.10347439e-03 4.15001781e-04 1.36623531e-03 5.58211397e-04
-9.87755776e-01 8.18931106e-03 3.97832488e-04 1.51541190e-03 4.66723815e-04
-9.87509562e-01 8.27673956e-03 3.79612261e-04 1.66370314e-03 3.73484260e-04
-9.87260914e-01 8.36567431e-03 3.60332111e-04 1.81106188e-03 2.78569205e-04
-9.87009830e-01 8.45602914e-03 3.39984036e-04 1.95744192e-03 1.82055856e-04
-9.86756313e-01 8.54771755e-03 3.18561034e-04 2.10279803e-03 8.40220154e-05
-9.86500362e-01 8.64065280e-03 2.96057120e-04 2.24708603e-03 -1.54540642e-05
-9.86241978e-01 8.73474810e-03 2.72467345e-04 2.39026276e-03 -1.16293816e-04
-9.85981162e-01 8.82991674e-03 2.47787804e-04 2.53228612e-03 -2.18418497e-04
-9.85717914e-01 8.92607224e-03 2.22015654e-04 2.67311511e-03 -3.21749316e-04
-9.85452235e-01 9.02312851e-03 1.95149117e-04 2.81270982e-03 -4.26207566e-04
-9.85184126e-01 9.12099997e-03 1.67187493e-04 2.95103150e-03 -5.31714748e-04
-9.84913588e-01 9.21960168e-03 1.38131165e-04 3.08804250e-03 -6.38192690e-04
-9.84640620e-01 9.31884949e-03 1.07981603e-04 3.22370637e-03 -7.45563667e-04
-9.84365224e-01 9.41866013e-03 7.67413664e-05 3.35798780e-03 -8.53750510e-04
-9.84087401e-01 9.51895135e-03 4.44141056e-05 3.49085271e-03 -9.62676714e-04
-9.83807150e-01 9.61964202e-03 1.10045598e-05 3.62226818e-03 -1.07226654e-03
-9.83524474e-01 9.72065223e-03 -2.34814456e-05 3.75220252e-03 -1.18244512e-03
-9.83239372e-01 9.82190340e-03 -5.90370039e-05 3.88062523e-03 -1.29313855e-03
-9.82951845e-01 9.92331838e-03 -9.56541341e-05 4.00750706e-03 -1.40427394e-03
-9.82661894e-01 1.00248215e-02 -1.33323789e-04 4.13281995e-03 -1.51577958e-03
-9.82369519e-01 1.01263387e-02 -1.72035866e-04 4.25653711e-03 -1.62758493e-03
-9.82074722e-01 1.02277975e-02 -2.11779220e-04 4.37863293e-03 -1.73962073e-03
-9.81777503e-01 1.03291273e-02 -2.52541675e-04 4.49908306e-03 -1.85181910e-03
-9.81477862e-01 1.04302591e-02 -2.94310043e-04 4.61786436e-03 -1.96411354e-03
-9.81175801e-01 1.05311259e-02 -3.37070138e-04 4.73495490e-03 -2.07643901e-03
-9.80871321e-01 1.06316625e-02 -3.80806799e-04 4.85033398e-03 -2.18873203e-03
-9.80564421e-01 1.07318056e-02 -4.25503905e-04 4.96398210e-03 -2.30093063e-03
-9.80255103e-01 1.08314939e-02 -4.71144404e-04 5.07588096e-03 -2.41297449e-03
-9.79943368e-01 1.09306682e-02 -5.17710331e-04 5.18601344e-03 -2.52480490e-03
-9.79629216e-01 1.10292711e-02 -5.65182835e-04 5.29436361e-03 -2.63636485e-03
-9.79312648e-01 1.11272476e-02 -6.13542208e-04 5.40091669e-03 -2.74759900e-03
-9.78993665e-01 1.12245443e-02 -6.62767909e-04 5.50565907e-03 -2.85845376e-03
-9.78672267e-01 1.13211102e-02 -7.12838594e-04 5.60857825e-03 -2.96887727e-03
-9.78348456e-01 1.14168962e-02 -7.63732148e-04 5.70966288e-03 -3.07881940e-03
-9.78022233e-01 1.15118554e-02 -8.15425716e-04 5.80890269e-03 -3.18823180e-03
-9.77693597e-01 1.16059429e-02 -8.67895733e-04 5.90628851e-03 -3.29706788e-03
-9.77362550e-01 1.16991157e-02 -9.21117962e-04 6.00181222e-03 -3.40528280e-03
-9.77029093e-01 1.17913331e-02 -9.75067522e-04 6.09546676e-03 -3.51283350e-03
-9.76693226e-01 1.18825562e-02 -1.02971893e-03 6.18724611e-03 -3.61967865e-03
-9.76354950e-01 1.19727481e-02 -1.08504614e-03 6.27714521e-03 -3.72577866e-03
-9.76014267e-01 1.20618740e-02 -1.14102255e-03 6.36516003e-03 -3.83109568e-03
-9.75671177e-01 1.21499010e-02 -1.19762109e-03 6.45128748e-03 -3.93559354e-03
-9.75325680e-01 1.22367978e-02 -1.25481422e-03 6.53552541e-03 -4.03923778e-03
-9.74977778e-01 1.23225354e-02 -1.31257399e-03 6.61787258e-03 -4.14199559e-03
-9.74627472e-01 1.24070863e-02 -1.37087204e-03 6.69832864e-03 -4.24383578e-03
-9.74274762e-01 1.24904250e-02 -1.42967971e-03 6.77689412e-03 -4.34472880e-03
-9.73919650e-01 1.25725274e-02 -1.48896801e-03 6.85357038e-03 -4.44464665e-03
-9.73562135e-01 1.26533714e-02 -1.54870768e-03 6.92835959e-03 -4.54356288e-03
-9.73202220e-01 1.27329363e-02 -1.60886925e-03 7.00126474e-03 -4.64145254e-03
-9.72839904e-01 1.28112033e-02 -1.66942307e-03 7.07228955e-03 -4.73829216e-03
-9.72475189e-01 1.28881547e-02 -1.73033933e-03 7.14143851e-03 -4.83405970e-03
-9.72108076e-01 1.29637747e-02 -1.79158810e-03 7.20871683e-03 -4.92873453e-03
-9.71738566e-01 1.30380485e-02 -1.85313941e-03 7.27413039e-03 -5.02229735e-03
-9.71366659e-01 1.31109630e-02 -1.91496323e-03 7.33768575e-03 -5.11473019e-03
-9.70992357e-01 1.31825064e-02 -1.97702954e-03 7.39939013e-03 -5.20601635e-03
-9.70615660e-01 1.32526679e-02 -2.03930839e-03 7.45925135e-03 -5.29614038e-03
-9.70236569e-01 1.33214382e-02 -2.10176986e-03 7.51727784e-03 -5.38508800e-03
-9.69855086e-01 1.33888089e-02 -2.16438418e-03 7.57347858e-03 -5.47284608e-03
-9.69471210e-01 1.34547729e-02 -2.22712171e-03 7.62786314e-03 -5.55940261e-03
-9.69084944e-01 1.35193241e-02 -2.28995302e-03 7.68044157e-03 -5.64474664e-03
-9.68696288e-01 1.35824574e-02 -2.35284886e-03 7.73122447e-03 -5.72886826e-03
-9.68305243e-01 1.36441685e-02 -2.41578025e-03 7.78022290e-03 -5.81175851e-03
-9.67911810e-01 1.37044542e-02 -2.47871850e-03 7.82744838e-03 -5.89340942e-03
-9.67515990e-01 1.37633121e-02 -2.54163519e-03 7.87291289e-03 -5.97381390e-03
-9.67117784e-01 1.38207404e-02 -2.60450230e-03 7.91662882e-03 -6.05296573e-03
-9.66717192e-01 1.38767384e-02 -2.66729212e-03 7.95860896e-03 -6.13085953e-03
-9.66314217e-01 1.39313058e-02 -2.72997737e-03 7.99886650e-03 -6.20749070e-03
-9.65908859e-01 1.39844432e-02 -2.79253118e-03 8.03741498e-03 -6.28285543e-03
-9.65501118e-01 1.40361516e-02 -2.85492713e-03 8.07426830e-03 -6.35695061e-03
-9.65090997e-01 1.40864329e-02 -2.91713927e-03 8.10944069e-03 -6.42977384e-03
-9.64678495e-01 1.41352892e-02 -2.97914214e-03 8.14294670e-03 -6.50132337e-03
-9.64263614e-01 1.41827234e-02 -3.04091079e-03 8.17480117e-03 -6.57159811e-03
-9.63846355e-01 1.42287388e-02 -3.10242080e-03 8.20501925e-03 -6.64059756e-03
-9.63426720e-01 1.42733391e-02 -3.16364830e-03 8.23361635e-03 -6.70832181e-03
-9.63004708e-01 1.43165286e-02 -3.22457001e-03 8.26060813e-03 -6.77477149e-03
-9.62580321e-01 1.43583117e-02 -3.28516319e-03 8.28601050e-03 -6.83994778e-03
-9.62153561e-01 1.43986936e-02 -3.34540573e-03 8.30983964e-03 -6.90385238e-03
-9.61724427e-01 1.44376795e-02 -3.40527612e-03 8.33211190e-03 -6.96648746e-03
-9.61292922e-01 1.44752752e-02 -3.46475346e-03 8.35284389e-03 -7.02785567e-03
-9.60859046e-01 1.45114867e-02 -3.52381750e-03 8.37205240e-03 -7.08796014e-03
-9.60422801e-01 1.45463202e-02 -3.58244860e-03 8.38975443e-03 -7.14680440e-03
-9.59984187e-01 1.45797826e-02 -3.64062780e-03 8.40596715e-03 -7.20439245e-03
-9.59543205e-01 1.46118805e-02 -3.69833676e-03 8.42070792e-03 -7.26072867e-03
-9.59099857e-01 1.46426214e-02 -3.75555782e-03 8.43399427e-03 -7.31581786e-03
-9.58654144e-01 1.46720127e-02 -3.81227397e-03 8.44584389e-03 -7.36966522e-03
-9.58206066e-01 1.47000620e-02 -3.86846885e-03 8.45627462e-03 -7.42227632e-03
-9.57755626e-01 1.47267775e-02 -3.92412677e-03 8.46530448e-03 -7.47365711e-03
-9.57302823e-01 1.47521673e-02 -3.97923272e-03 8.47295160e-03 -7.52381393e-03
-9.56847660e-01 1.47762401e-02 -4.03377231e-03 8.47923427e-03 -7.57275346e-03
-9.56390137e-01 1.47990047e-02 -4.08773185e-03 8.48417091e-03 -7.62048275e-03
-9.55930255e-01 1.48204700e-02 -4.14109826e-03 8.48778008e-03 -7.66700922e-03
-9.55468016e-01 1.48406454e-02 -4.19385914e-03 8.49008045e-03 -7.71234064e-03
-9.55003420e-01 1.48595405e-02 -4.24600272e-03 8.49109083e-03 -7.75648512e-03
-9.54536469e-01 1.48771651e-02 -4.29751784e-03 8.49083013e-03 -7.79945114e-03
-9.54067164e-01 1.48935295e-02 -4.34839400e-03 8.48931741e-03 -7.84124753e-03
-9.53595507e-01 1.49086439e-02 -4.39862130e-03 8.48657179e-03 -7.88188346e-03
-9.53121497e-01 1.49225191e-02 -4.44819043e-03 8.48261255e-03 -7.92136847e-03
-9.52645137e-01 1.49351661e-02 -4.49709271e-03 8.47745905e-03 -7.95971243e-03
-9.52166428e-01 1.49465962e-02 -4.54532002e-03 8.47113076e-03 -7.99692559e-03
-9.51685370e-01 1.49568209e-02 -4.59286480e-03 8.46364724e-03 -8.03301852e-03
-9.51201965e-01 1.49658523e-02 -4.63972007e-03 8.45502816e-03 -8.06800217e-03
-9.50716215e-01 1.49737026e-02 -4.68587938e-03 8.44529329e-03 -8.10188785e-03
-9.50228120e-01 1.49803843e-02 -4.73133681e-03 8.43446246e-03 -8.13468719e-03
-9.49737681e-01 1.49859103e-02 -4.77608696e-03 8.42255563e-03 -8.16641221e-03
-9.49244901e-01 1.49902939e-02 -4.82012493e-03 8.40959282e-03 -8.19707527e-03
-9.48749779e-01 1.49935487e-02 -4.86344629e-03 8.39559413e-03 -8.22668909e-03
-9.48252318e-01 1.49956886e-02 -4.90604708e-03 8.38057975e-03 -8.25526674e-03
-9.47752518e-01 1.49967279e-02 -4.94792382e-03 8.36456993e-03 -8.28282164e-03
-9.47250380e-01 1.49966813e-02 -4.98907341e-03 8.34758502e-03 -8.30936757e-03
-9.46745907e-01 1.49955638e-02 -5.02949322e-03 8.32964539e-03 -8.33491865e-03
-9.46239099e-01 1.49933906e-02 -5.06918097e-03 8.31077152e-03 -8.35948933e-03
-9.45729957e-01 1.49901777e-02 -5.10813482e-03 8.29098392e-03 -8.38309442e-03
-9.45218483e-01 1.49859411e-02 -5.14635324e-03 8.27030316e-03 -8.40574906e-03
-9.44704677e-01 1.49806972e-02 -5.18383508e-03 8.24874985e-03 -8.42746871e-03
-9.44188542e-01 1.49744629e-02 -5.22057952e-03 8.22634466e-03 -8.44826914e-03
-9.43670079e-01 1.49672553e-02 -5.25658603e-03 8.20310827e-03 -8.46816647e-03
-9.43149288e-01 1.49590919e-02 -5.29185441e-03 8.17906141e-03 -8.48717709e-03
-9.42626171e-01 1.49499907e-02 -5.32638471e-03 8.15422484e-03 -8.50531769e-03
-9.42100730e-01 1.49399697e-02 -5.36017726e-03 8.12861931e-03 -8.52260525e-03
-9.41572965e-01 1.49290476e-02 -5.39323265e-03 8.10226561e-03 -8.53905703e-03
-9.41042878e-01 1.49172431e-02 -5.42555166e-03 8.07518450e-03 -8.55469052e-03
-9.40510470e-01 1.49045753e-02 -5.45713532e-03 8.04739677e-03 -8.56952349e-03
-9.39975743e-01 1.48910638e-02 -5.48798484e-03 8.01892316e-03 -8.58357391e-03
-9.39438698e-01 1.48767281e-02 -5.51810165e-03 7.98978443e-03 -8.59686000e-03
-9.38899336e-01 1.48615883e-02 -5.54748729e-03 7.96000127e-03 -8.60940013e-03
-9.38357658e-01 1.48456645e-02 -5.57614351e-03 7.92959435e-03 -8.62121290e-03
-9.37813667e-01 1.48289771e-02 -5.60407218e-03 7.89858429e-03 -8.63231703e-03
-9.37267362e-01 1.48115469e-02 -5.63127530e-03 7.86699164e-03 -8.64273142e-03
-9.36718746e-01 1.47933945e-02 -5.65775499e-03 7.83483691e-03 -8.65247507e-03
-9.36167820e-01 1.47745410e-02 -5.68351346e-03 7.80214050e-03 -8.66156708e-03
-9.35614585e-01 1.47550075e-02 -5.70855303e-03 7.76892273e-03 -8.67002665e-03
-9.35059043e-01 1.47348152e-02 -5.73287611e-03 7.73520384e-03 -8.67787301e-03
-9.34501195e-01 1.47139855e-02 -5.75648515e-03 7.70100392e-03 -8.68512546e-03
-9.33941042e-01 1.46925397e-02 -5.77938269e-03 7.66634299e-03 -8.69180328e-03
-9.33378586e-01 1.46704993e-02 -5.80157131e-03 7.63124089e-03 -8.69792576e-03
-9.32813828e-01 1.46478857e-02 -5.82305364e-03 7.59571735e-03 -8.70351214e-03
-9.32246769e-01 1.46247205e-02 -5.84383233e-03 7.55979193e-03 -8.70858160e-03
-9.31677412e-01 1.46010249e-02 -5.86391008e-03 7.52348402e-03 -8.71315326e-03
-9.31105757e-01 1.45768203e-02 -5.88328961e-03 7.48681286e-03 -8.71724610e-03
-9.30531805e-01 1.45521281e-02 -5.90197363e-03 7.44979747e-03 -8.72087897e-03
-9.29955559e-01 1.45269693e-02 -5.91996489e-03 7.41245668e-03 -8.72407056e-03
-9.29377019e-01 1.45013648e-02 -5.93726614e-03 7.37480911e-03 -8.72683939e-03
-9.28796187e-01 1.44753356e-02 -5.95388011e-03 7.33687316e-03 -8.72920374e-03
-9.28213065e-01 1.44489021e-02 -5.96980955e-03 7.29866700e-03 -8.73118168e-03
-9.27627654e-01 1.44220848e-02 -5.98505720e-03 7.26020854e-03 -8.73279100e-03
-9.27039955e-01 1.43949036e-02 -5.99962579e-03 7.22151545e-03 -8.73404922e-03
-9.26449969e-01 1.43673785e-02 -6.01351802e-03 7.18260513e-03 -8.73497354e-03
-9.25857699e-01 1.43395288e-02 -6.02673662e-03 7.14349469e-03 -8.73558082e-03
-9.25263146e-01 1.43113738e-02 -6.03928426e-03 7.10420097e-03 -8.73588759e-03
-9.24666310e-01 1.42829321e-02 -6.05116364e-03 7.06474050e-03 -8.73590998e-03
-9.24067195e-01 1.42542221e-02 -6.06237741e-03 7.02512951e-03 -8.73566372e-03
-9.23465800e-01 1.42252618e-02 -6.07292823e-03 6.98538391e-03 -8.73516413e-03
-9.22862128e-01 1.41960686e-02 -6.08281874e-03 6.94551928e-03 -8.73442608e-03
-9.22256180e-01 1.41666595e-02 -6.09205157e-03 6.90555089e-03 -8.73346398e-03
-9.21647958e-01 1.41370511e-02 -6.10062934e-03 6.86549363e-03 -8.73229178e-03
-9.21037462e-01 1.41072593e-02 -6.10855467e-03 6.82536207e-03 -8.73092291e-03
-9.20424696e-01 1.40772996e-02 -6.11583017e-03 6.78517041e-03 -8.72937030e-03
-9.19809659e-01 1.40471870e-02 -6.12245844e-03 6.74493248e-03 -8.72764636e-03
-9.19192354e-01 1.40169358e-02 -6.12844209e-03 6.70466175e-03 -8.72576294e-03
-9.18572782e-01 1.39865597e-02 -6.13378375e-03 6.66437132e-03 -8.72373135e-03
-9.17950945e-01 1.39560719e-02 -6.13848602e-03 6.62407387e-03 -8.72156234e-03
-9.17326844e-01 1.39254850e-02 -6.14255154e-03 6.58378175e-03 -8.71926608e-03
-9.16700480e-01 1.38948108e-02 -6.14598297e-03 6.54350687e-03 -8.71685216e-03
-9.16071856e-01 1.38640607e-02 -6.14878297e-03 6.50326076e-03 -8.71432957e-03
-9.15440973e-01 1.38332453e-02 -6.15095424e-03 6.46305457e-03 -8.71170672e-03
-9.14807832e-01 1.38023745e-02 -6.15249949e-03 6.42289902e-03 -8.70899140e-03
-9.14172435e-01 1.37714578e-02 -6.15342149e-03 6.38280445e-03 -8.70619080e-03
-9.13534783e-01 1.37405037e-02 -6.15372303e-03 6.34278079e-03 -8.70331152e-03
-9.12894879e-01 1.37095203e-02 -6.15340694e-03 6.30283756e-03 -8.70035954e-03
-9.12252723e-01 1.36785149e-02 -6.15247609e-03 6.26298388e-03 -8.69734022e-03
-9.11608317e-01 1.36474943e-02 -6.15093344e-03 6.22322847e-03 -8.69425835e-03
-9.10961663e-01 1.36164643e-02 -6.14878196e-03 6.18357964e-03 -8.69111809e-03
-9.10312763e-01 1.35854304e-02 -6.14602470e-03 6.14404530e-03 -8.68792301e-03
-9.09661618e-01 1.35543973e-02 -6.14266478e-03 6.10463297e-03 -8.68467611e-03
-9.09008229e-01 1.35233690e-02 -6.13870538e-03 6.06534976e-03 -8.68137979e-03
-9.08352599e-01 1.34923490e-02 -6.13414976e-03 6.02620242e-03 -8.67803589e-03
-9.07694728e-01 1.34613401e-02 -6.12900125e-03 5.98719727e-03 -8.67464567e-03
-9.07034619e-01 1.34303444e-02 -6.12326326e-03 5.94834028e-03 -8.67120987e-03
-9.06372273e-01 1.33993636e-02 -6.11693930e-03 5.90963704e-03 -8.66772866e-03
-9.05707691e-01 1.33683987e-02 -6.11003296e-03 5.87109276e-03 -8.66420172e-03
-9.05040876e-01 1.33374501e-02 -6.10254792e-03 5.83271228e-03 -8.66062820e-03
-9.04371830e-01 1.33065177e-02 -6.09448796e-03 5.79450011e-03 -8.65700676e-03
-9.03700552e-01 1.32756008e-02 -6.08585695e-03 5.75646039e-03 -8.65333559e-03
-9.03027046e-01 1.32446983e-02 -6.07665888e-03 5.71859693e-03 -8.64961243e-03
-9.02351313e-01 1.32138085e-02 -6.06689782e-03 5.68091321e-03 -8.64583457e-03
-9.01673355e-01 1.31829294e-02 -6.05657796e-03 5.64341238e-03 -8.64199889e-03
-9.00993173e-01 1.31520582e-02 -6.04570361e-03 5.60609728e-03 -8.63810187e-03
-9.00310769e-01 1.31211921e-02 -6.03427918e-03 5.56897045e-03 -8.63413963e-03
-8.99626145e-01 1.30903277e-02 -6.02230918e-03 5.53203414e-03 -8.63010790e-03
-8.98939302e-01 1.30594610e-02 -6.00979824e-03 5.49529032e-03 -8.62600213e-03
-8.98250242e-01 1.30285881e-02 -5.99675113e-03 5.45874069e-03 -8.62181741e-03
-8.97558967e-01 1.29977045e-02 -5.98317270e-03 5.42238670e-03 -8.61754860e-03
-8.96865478e-01 1.29668053e-02 -5.96906794e-03 5.38622953e-03 -8.61319025e-03
-8.96169778e-01 1.29358857e-02 -5.95444194e-03 5.35027016e-03 -8.60873670e-03
-8.95471867e-01 1.29049403e-02 -5.93929991e-03 5.31450932e-03 -8.60418210e-03
-8.94771748e-01 1.28739637e-02 -5.92364720e-03 5.27894755e-03 -8.59952036e-03
-8.94069423e-01 1.28429502e-02 -5.90748924e-03 5.24358518e-03 -8.59474528e-03
-8.93364892e-01 1.28118940e-02 -5.89083160e-03 5.20842238e-03 -8.58985051e-03
-8.92658159e-01 1.27807891e-02 -5.87367995e-03 5.17345912e-03 -8.58482957e-03
-8.91949223e-01 1.27496295e-02 -5.85604009e-03 5.13869524e-03 -8.57967592e-03
-8.91238089e-01 1.27184091e-02 -5.83791791e-03 5.10413043e-03 -8.57438293e-03
-8.90524756e-01 1.26871217e-02 -5.81931942e-03 5.06976423e-03 -8.56894397e-03
-8.89809227e-01 1.26557611e-02 -5.80025074e-03 5.03559608e-03 -8.56335237e-03
-8.89091503e-01 1.26243212e-02 -5.78071810e-03 5.00162533e-03 -8.55760148e-03
-8.88371587e-01 1.25927957e-02 -5.76072783e-03 4.96785121e-03 -8.55168468e-03
-8.87649480e-01 1.25611787e-02 -5.74028635e-03 4.93427288e-03 -8.54559541e-03
-8.86925184e-01 1.25294641e-02 -5.71940019e-03 4.90088945e-03 -8.53932719e-03
-8.86198701e-01 1.24976461e-02 -5.69807597e-03 4.86769997e-03 -8.53287365e-03
-8.85470032e-01 1.24657189e-02 -5.67632042e-03 4.83470343e-03 -8.52622852e-03
-8.84739180e-01 1.24336769e-02 -5.65414033e-03 4.80189882e-03 -8.51938570e-03
-8.84006145e-01 1.24015147e-02 -5.63154261e-03 4.76928509e-03 -8.51233925e-03
-8.83270931e-01 1.23692272e-02 -5.60853421e-03 4.73686122e-03 -8.50508338e-03
-8.82533538e-01 1.23368094e-02 -5.58512220e-03 4.70462615e-03 -8.49761254e-03
-8.81793969e-01 1.23042565e-02 -5.56131370e-03 4.67257887e-03 -8.48992138e-03
-8.81052225e-01 1.22715641e-02 -5.53711591e-03 4.64071839e-03 -8.48200478e-03
-8.80308308e-01 1.22387281e-02 -5.51253611e-03 4.60904376e-03 -8.47385788e-03
-8.79562220e-01 1.22057445e-02 -5.48758163e-03 4.57755408e-03 -8.46547607e-03
-8.78813963e-01 1.21726097e-02 -5.46225985e-03 4.54624850e-03 -8.45685505e-03
-8.78063539e-01 1.21393207e-02 -5.43657823e-03 4.51512624e-03 -8.44799076e-03
-8.77310949e-01 1.21058744e-02 -5.41054426e-03 4.48418660e-03 -8.43887949e-03
-8.76556196e-01 1.20722684e-02 -5.38416551e-03 4.45342897e-03 -8.42951782e-03
-8.75799281e-01 1.20385005e-02 -5.35744955e-03 4.42285282e-03 -8.41990264e-03
-8.75040206e-01 1.20045689e-02 -5.33040402e-03 4.39245772e-03 -8.41003121e-03
-8.74278973e-01 1.19704722e-02 -5.30303658e-03 4.36224334e-03 -8.39990110e-03
-8.73515584e-01 1.19362095e-02 -5.27535495e-03 4.33220949e-03 -8.38951022e-03
-8.72750041e-01 1.19017800e-02 -5.24736683e-03 4.30235605e-03 -8.37885685e-03
-8.71982345e-01 1.18671837e-02 -5.21907999e-03 4.27268307e-03 -8.36793962e-03
-8.71212499e-01 1.18324207e-02 -5.19050219e-03 4.24319070e-03 -8.35675751e-03
-8.70440504e-01 1.17974916e-02 -5.16164122e-03 4.21387922e-03 -8.34530987e-03
-8.69666363e-01 1.17623976e-02 -5.13250488e-03 4.18474907e-03 -8.33359641e-03
-8.68890077e-01 1.17271400e-02 -5.10310096e-03 4.15580078e-03 -8.32161719e-03
-8.68111648e-01 1.16917207e-02 -5.07343728e-03 4.12703507e-03 -8.30937266e-03
-8.67331079e-01 1.16561420e-02 -5.04352165e-03 4.09845277e-03 -8.29686361e-03
-8.66548370e-01 1.16204066e-02 -5.01336187e-03 4.07005486e-03 -8.28409119e-03
-8.65763524e-01 1.15845175e-02 -4.98296574e-03 4.04184248e-03 -8.27105691e-03
-8.64976543e-01 1.15484783e-02 -4.95234106e-03 4.01381688e-03 -8.25776262e-03
-8.64187429e-01 1.15122929e-02 -4.92149559e-03 3.98597949e-03 -8.24421054e-03
-8.63396184e-01 1.14759655e-02 -4.89043710e-03 3.95833187e-03 -8.23040321e-03
-8.62602809e-01 1.14395008e-02 -4.85917333e-03 3.93087570e-03 -8.21634349e-03
-8.61807307e-01 1.14029038e-02 -4.82771199e-03 3.90361283e-03 -8.20203461e-03
-8.61009680e-01 1.13661798e-02 -4.79606078e-03 3.87654524e-03 -8.18748008e-03
-8.60209930e-01 1.13293347e-02 -4.76422735e-03 3.84967503e-03 -8.17268372e-03
-8.59408057e-01 1.12923746e-02 -4.73221935e-03 3.82300445e-03 -8.15764967e-03
-8.58604066e-01 1.12553057e-02 -4.70004437e-03 3.79653586e-03 -8.14238235e-03
-8.57797957e-01 1.12181349e-02 -4.66770998e-03 3.77027177e-03 -8.12688645e-03
-8.56989732e-01 1.11808692e-02 -4.63522369e-03 3.74421479e-03 -8.11116695e-03
-8.56179395e-01 1.11435158e-02 -4.60259299e-03 3.71836765e-03 -8.09522906e-03
-8.55366945e-01 1.11060824e-02 -4.56982533e-03 3.69273318e-03 -8.07907826e-03
-8.54552386e-01 1.10685769e-02 -4.53692810e-03 3.66731434e-03 -8.06272024e-03
-8.53735720e-01 1.10310073e-02 -4.50390865e-03 3.64211416e-03 -8.04616092e-03
-8.52916948e-01 1.09933820e-02 -4.47077428e-03 3.61713577e-03 -8.02940642e-03
-8.52096073e-01 1.09557095e-02 -4.43753225e-03 3.59238240e-03 -8.01246308e-03
-8.51273096e-01 1.09179985e-02 -4.40418974e-03 3.56785735e-03 -7.99533738e-03
-8.50448020e-01 1.08802581e-02 -4.37075392e-03 3.54356398e-03 -7.97803599e-03
-8.49620847e-01 1.08424972e-02 -4.33723186e-03 3.51950573e-03 -7.96056573e-03
-8.48791578e-01 1.08047251e-02 -4.30363061e-03 3.49568610e-03 -7.94293355e-03
-8.47960216e-01 1.07669512e-02 -4.26995715e-03 3.47210863e-03 -7.92514654e-03
-8.47126763e-01 1.07291850e-02 -4.23621838e-03 3.44877691e-03 -7.90721188e-03
-8.46291221e-01 1.06914361e-02 -4.20242118e-03 3.42569455e-03 -7.88913687e-03
-8.45453591e-01 1.06537141e-02 -4.16857233e-03 3.40286520e-03 -7.87092886e-03
-8.44613877e-01 1.06160289e-02 -4.13467859e-03 3.38029252e-03 -7.85259530e-03
-8.43772079e-01 1.05783901e-02 -4.10074661e-03 3.35798020e-03 -7.83414369e-03
-8.42928201e-01 1.05408076e-02 -4.06678301e-03 3.33593191e-03 -7.81558154e-03
-8.42082244e-01 1.05032913e-02 -4.03279434e-03 3.31415131e-03 -7.79691644e-03
-8.41234210e-01 1.04658510e-02 -3.99878707e-03 3.29264207e-03 -7.77815594e-03
-8.40384102e-01 1.04284965e-02 -3.96476762e-03 3.27140782e-03 -7.75930763e-03
-8.39531921e-01 1.03912377e-02 -3.93074234e-03 3.25045216e-03 -7.74037907e-03
-8.38677669e-01 1.03540842e-02 -3.89671751e-03 3.22977867e-03 -7.72137780e-03
-8.37821349e-01 1.03170457e-02 -3.86269933e-03 3.20939085e-03 -7.70231133e-03
-8.36962964e-01 1.02801320e-02 -3.82869395e-03 3.18929217e-03 -7.68318710e-03
-8.36102514e-01 1.02433525e-02 -3.79470744e-03 3.16948604e-03 -7.66401253e-03
-8.35240002e-01 1.02067166e-02 -3.76074581e-03 3.14997579e-03 -7.64479492e-03
-8.34375430e-01 1.01702337e-02 -3.72681498e-03 3.13076466e-03 -7.62554152e-03
-8.33508800e-01 1.01339129e-02 -3.69292082e-03 3.11185584e-03 -7.60625949e-03
-8.32640115e-01 1.00977633e-02 -3.65906912e-03 3.09325240e-03 -7.58695586e-03
-8.31769377e-01 1.00617937e-02 -3.62526558e-03 3.07495732e-03 -7.56763758e-03
-8.30896587e-01 1.00260130e-02 -3.59151586e-03 3.05697348e-03 -7.54831145e-03
-8.30021748e-01 9.99042952e-03 -3.55782552e-03 3.03930364e-03 -7.52898417e-03
-8.29144862e-01 9.95505179e-03 -3.52420005e-03 3.02195045e-03 -7.50966226e-03
-8.28265931e-01 9.91988792e-03 -3.49064488e-03 3.00491642e-03 -7.49035214e-03
-8.27384958e-01 9.88494588e-03 -3.45716535e-03 2.98820396e-03 -7.47106005e-03
-8.26501944e-01 9.85023341e-03 -3.42376672e-03 2.97181532e-03 -7.45179206e-03
-8.25616892e-01 9.81575804e-03 -3.39045419e-03 2.95575262e-03 -7.43255410e-03
-8.24729804e-01 9.78152707e-03 -3.35723286e-03 2.94001783e-03 -7.41335190e-03
-8.23840681e-01 9.74754755e-03 -3.32410778e-03 2.92461278e-03 -7.39419103e-03
-8.22949527e-01 9.71382629e-03 -3.29108390e-03 2.90953913e-03 -7.37507687e-03
-8.22056344e-01 9.68036987e-03 -3.25816609e-03 2.89479842e-03 -7.35601460e-03
-8.21161133e-01 9.64718458e-03 -3.22535915e-03 2.88039197e-03 -7.33700922e-03
-8.20263897e-01 9.61427647e-03 -3.19266780e-03 2.86632100e-03 -7.31806553e-03
-8.19364639e-01 9.58165133e-03 -3.16009666e-03 2.85258652e-03 -7.29918813e-03
-8.18463359e-01 9.54931466e-03 -3.12765030e-03 2.83918938e-03 -7.28038141e-03
-8.17560061e-01 9.51727171e-03 -3.09533316e-03 2.82613028e-03 -7.26164956e-03
-8.16654747e-01 9.48552742e-03 -3.06314965e-03 2.81340971e-03 -7.24299656e-03
-8.15747419e-01 9.45408650e-03 -3.03110406e-03 2.80102801e-03 -7.22442619e-03
-8.14838079e-01 9.42295333e-03 -2.99920060e-03 2.78898535e-03 -7.20594200e-03
-8.13926729e-01 9.39213203e-03 -2.96744339e-03 2.77728170e-03 -7.18754735e-03
-8.13013373e-01 9.36162645e-03 -2.93583649e-03 2.76591687e-03 -7.16924536e-03
-8.12098011e-01 9.33144013e-03 -2.90438385e-03 2.75489048e-03 -7.15103897e-03
-8.11180646e-01 9.30157634e-03 -2.87308932e-03 2.74420200e-03 -7.13293089e-03
-8.10261281e-01 9.27203806e-03 -2.84195669e-03 2.73385069e-03 -7.11492362e-03
-8.09339918e-01 9.24282799e-03 -2.81098965e-03 2.72383564e-03 -7.09701945e-03
-8.08416559e-01 9.21394855e-03 -2.78019179e-03 2.71415579e-03 -7.07922046e-03
-8.07491206e-01 9.18540186e-03 -2.74956662e-03 2.70480988e-03 -7.06152852e-03
-8.06563861e-01 9.15718980e-03 -2.71911756e-03 2.69579648e-03 -7.04394532e-03
-8.05634528e-01 9.12931393e-03 -2.68884792e-03 2.68711402e-03 -7.02647231e-03
-8.04703207e-01 9.10177556e-03 -2.65876095e-03 2.67876071e-03 -7.00911076e-03
-8.03769903e-01 9.07457573e-03 -2.62885978e-03 2.67073465e-03 -6.99186174e-03
-8.02834616e-01 9.04771521e-03 -2.59914745e-03 2.66303374e-03 -6.97472613e-03
-8.01897349e-01 9.02119449e-03 -2.56962693e-03 2.65565573e-03 -6.95770460e-03
-8.00958104e-01 8.99501382e-03 -2.54030106e-03 2.64859823e-03 -6.94079765e-03
-8.00016884e-01 8.96917318e-03 -2.51117263e-03 2.64185867e-03 -6.92400560e-03
-7.99073691e-01 8.94367231e-03 -2.48224428e-03 2.63543435e-03 -6.90732858e-03
-7.98128528e-01 8.91851070e-03 -2.45351861e-03 2.62932242e-03 -6.89076653e-03
-7.97181396e-01 8.89368759e-03 -2.42499810e-03 2.62351990e-03 -6.87431926e-03
-7.96232298e-01 8.86920200e-03 -2.39668513e-03 2.61802365e-03 -6.85798637e-03
-7.95281236e-01 8.84505269e-03 -2.36858199e-03 2.61283041e-03 -6.84176733e-03
-7.94328214e-01 8.82123824e-03 -2.34069088e-03 2.60793681e-03 -6.82566142e-03
-7.93373232e-01 8.79775698e-03 -2.31301392e-03 2.60333932e-03 -6.80966781e-03
-7.92416293e-01 8.77460702e-03 -2.28555310e-03 2.59903432e-03 -6.79378550e-03
-7.91457401e-01 8.75178628e-03 -2.25831034e-03 2.59501808e-03 -6.77801333e-03
-7.90496556e-01 8.72929249e-03 -2.23128746e-03 2.59128674e-03 -6.76235005e-03
-7.89533763e-01 8.70712317e-03 -2.20448620e-03 2.58783636e-03 -6.74679424e-03
-7.88569022e-01 8.68527565e-03 -2.17790819e-03 2.58466288e-03 -6.73134437e-03
-7.87602336e-01 8.66374709e-03 -2.15155497e-03 2.58176216e-03 -6.71599880e-03
-7.86633708e-01 8.64253449e-03 -2.12542799e-03 2.57912999e-03 -6.70075576e-03
-7.85663139e-01 8.62163465e-03 -2.09952862e-03 2.57676205e-03 -6.68561339e-03
-7.84690634e-01 8.60104424e-03 -2.07385813e-03 2.57465396e-03 -6.67056972e-03
-7.83716193e-01 8.58075978e-03 -2.04841769e-03 2.57280126e-03 -6.65562267e-03
-7.82739819e-01 8.56077762e-03 -2.02320841e-03 2.57119944e-03 -6.64077009e-03
-7.81761515e-01 8.54109401e-03 -1.99823129e-03 2.56984392e-03 -6.62600976e-03
-7.80781283e-01 8.52170505e-03 -1.97348723e-03 2.56873007e-03 -6.61133935e-03
-7.79799126e-01 8.50260672e-03 -1.94897709e-03 2.56785321e-03 -6.59675647e-03
-7.78815045e-01 8.48379489e-03 -1.92470160e-03 2.56720861e-03 -6.58225867e-03
-7.77829044e-01 8.46526533e-03 -1.90066143e-03 2.56679153e-03 -6.56784346e-03
-7.76841124e-01 8.44701369e-03 -1.87685717e-03 2.56659715e-03 -6.55350825e-03
-7.75851289e-01 8.42903556e-03 -1.85328930e-03 2.56662067e-03 -6.53925044e-03
-7.74859540e-01 8.41132643e-03 -1.82995826e-03 2.56685724e-03 -6.52506738e-03
-7.73865880e-01 8.39388171e-03 -1.80686440e-03 2.56730201e-03 -6.51095638e-03
-7.72870312e-01 8.37669675e-03 -1.78400796e-03 2.56795009e-03 -6.49691472e-03
-7.71872838e-01 8.35976683e-03 -1.76138915e-03 2.56879662e-03 -6.48293967e-03
-7.70873460e-01 8.34308719e-03 -1.73900809e-03 2.56983672e-03 -6.46902847e-03
-7.69872181e-01 8.32665301e-03 -1.71686481e-03 2.57106549e-03 -6.45517834e-03
-7.68869004e-01 8.31045944e-03 -1.69495929e-03 2.57247808e-03 -6.44138651e-03
-7.67863930e-01 8.29450159e-03 -1.67329143e-03 2.57406962e-03 -6.42765021e-03
-7.66856963e-01 8.27877456e-03 -1.65186107e-03 2.57583526e-03 -6.41396665e-03
-7.65848104e-01 8.26327340e-03 -1.63066798e-03 2.57777017e-03 -6.40033307e-03
-7.64837357e-01 8.24799318e-03 -1.60971185e-03 2.57986956e-03 -6.38674673e-03
-7.63824724e-01 8.23292895e-03 -1.58899234e-03 2.58212864e-03 -6.37320489e-03
-7.62810206e-01 8.21807576e-03 -1.56850902e-03 2.58454266e-03 -6.35970485e-03
-7.61793808e-01 8.20342868e-03 -1.54826142e-03 2.58710691e-03 -6.34624393e-03
-7.60775531e-01 8.18898277e-03 -1.52824898e-03 2.58981672e-03 -6.33281949e-03
-7.59755377e-01 8.17473312e-03 -1.50847112e-03 2.59266745e-03 -6.31942893e-03
-7.58733350e-01 8.16067487e-03 -1.48892718e-03 2.59565449e-03 -6.30606968e-03
-7.57709452e-01 8.14680315e-03 -1.46961647e-03 2.59877331e-03 -6.29273924e-03
-7.56683685e-01 8.13311315e-03 -1.45053822e-03 2.60201941e-03 -6.27943513e-03
-7.55656053e-01 8.11960010e-03 -1.43169162e-03 2.60538833e-03 -6.26615496e-03
-7.54626556e-01 8.10625926e-03 -1.41307583e-03 2.60887568e-03 -6.25289637e-03
-7.53595199e-01 8.09308597e-03 -1.39468994e-03 2.61247711e-03 -6.23965707e-03
-7.52561982e-01 8.08007560e-03 -1.37653299e-03 2.61618835e-03 -6.22643485e-03
-7.51526911e-01 8.06722359e-03 -1.35860401e-03 2.62000518e-03 -6.21322756e-03
-7.50489985e-01 8.05452544e-03 -1.34090195e-03 2.62392341e-03 -6.20003311e-03
-7.49451209e-01 8.04197673e-03 -1.32342573e-03 2.62793896e-03 -6.18684950e-03
-7.48410585e-01 8.02957311e-03 -1.30617425e-03 2.63204779e-03 -6.17367480e-03
-7.47368114e-01 8.01731028e-03 -1.28914634e-03 2.63624591e-03 -6.16050716e-03
-7.46323801e-01 8.00518406e-03 -1.27234081e-03 2.64052942e-03 -6.14734482e-03
-7.45277647e-01 7.99319033e-03 -1.25575644e-03 2.64489447e-03 -6.13418609e-03
-7.44229655e-01 7.98132504e-03 -1.23939196e-03 2.64933729e-03 -6.12102937e-03
-7.43179828e-01 7.96958426e-03 -1.22324607e-03 2.65385417e-03 -6.10787316e-03
-7.42128168e-01 7.95796412e-03 -1.20731746e-03 2.65844146e-03 -6.09471603e-03
-7.41074678e-01 7.94646088e-03 -1.19160475e-03 2.66309559e-03 -6.08155665e-03
-7.40019360e-01 7.93507084e-03 -1.17610657e-03 2.66781306e-03 -6.06839378e-03
-7.38962217e-01 7.92379045e-03 -1.16082149e-03 2.67259042e-03 -6.05522628e-03
-7.37903252e-01 7.91261622e-03 -1.14574807e-03 2.67742431e-03 -6.04205308e-03
-7.36842467e-01 7.90154478e-03 -1.13088484e-03 2.68231143e-03 -6.02887321e-03
-7.35779864e-01 7.89057285e-03 -1.11623030e-03 2.68724853e-03 -6.01568582e-03
-7.34715448e-01 7.87969724e-03 -1.10178293e-03 2.69223245e-03 -6.00249012e-03
-7.33649219e-01 7.86891488e-03 -1.08754118e-03 2.69726008e-03 -5.98928542e-03
-7.32581181e-01 7.85822279e-03 -1.07350348e-03 2.70232840e-03 -5.97607114e-03
-7.31511336e-01 7.84761809e-03 -1.05966824e-03 2.70743442e-03 -5.96284676e-03
-7.30439687e-01 7.83709802e-03 -1.04603386e-03 2.71257525e-03 -5.94961188e-03
-7.29366237e-01 7.82665989e-03 -1.03259869e-03 2.71774803e-03 -5.93636617e-03
-7.28290988e-01 7.81630113e-03 -1.01936108e-03 2.72294998e-03 -5.92310941e-03
-7.27213943e-01 7.80601926e-03 -1.00631935e-03 2.72817840e-03 -5.90984145e-03
-7.26135105e-01 7.79581192e-03 -9.93471828e-04 2.73343060e-03 -5.89656222e-03
-7.25054476e-01 7.78567681e-03 -9.80816789e-04 2.73870400e-03 -5.88327175e-03
-7.23972059e-01 7.77561176e-03 -9.68352509e-04 2.74399604e-03 -5.86997015e-03
-7.22887856e-01 7.76561468e-03 -9.56077243e-04 2.74930425e-03 -5.85665761e-03
-7.21801870e-01 7.75568358e-03 -9.43989228e-04 2.75462619e-03 -5.84333439e-03
-7.20714105e-01 7.74581654e-03 -9.32086688e-04 2.75995948e-03 -5.83000083e-03
-7.19624562e-01 7.73601177e-03 -9.20367829e-04 2.76530179e-03 -5.81665734e-03
-7.18533244e-01 7.72626754e-03 -9.08830842e-04 2.77065087e-03 -5.80330442e-03
-7.17440155e-01 7.71658219e-03 -8.97473904e-04 2.77600447e-03 -5.78994262e-03
-7.16345296e-01 7.70695419e-03 -8.86295176e-04 2.78136042e-03 -5.77657255e-03
-7.15248670e-01 7.69738205e-03 -8.75292806e-04 2.78671661e-03 -5.76319491e-03
-7.14150280e-01 7.68786437e-03 -8.64464928e-04 2.79207094e-03 -5.74981043e-03
-7.13050130e-01 7.67839984e-03 -8.53809662e-04 2.79742138e-03 -5.73641991e-03
-7.11948220e-01 7.66898721e-03 -8.43325115e-04 2.80276594e-03 -5.72302421e-03
-7.10844555e-01 7.65962530e-03 -8.33009381e-04 2.80810265e-03 -5.70962423e-03
-7.09739137e-01 7.65031300e-03 -8.22860542e-04 2.81342962e-03 -5.69622093e-03
-7.08631969e-01 7.64104926e-03 -8.12876667e-04 2.81874496e-03 -5.68281528e-03
-7.07523053e-01 7.63183310e-03 -8.03055812e-04 2.82404685e-03 -5.66940835e-03
-7.06412392e-01 7.62266361e-03 -7.93396023e-04 2.82933347e-03 -5.65600118e-03
-7.05299989e-01 7.61353991e-03 -7.83895334e-04 2.83460307e-03 -5.64259490e-03
-7.04185846e-01 7.60446118e-03 -7.74551767e-04 2.83985392e-03 -5.62919064e-03
-7.03069967e-01 7.59542667e-03 -7.65363332e-04 2.84508432e-03 -5.61578956e-03
-7.01952354e-01 7.58643566e-03 -7.56328031e-04 2.85029261e-03 -5.60239286e-03
-7.00833010e-01 7.57748747e-03 -7.47443852e-04 2.85547714e-03 -5.58900173e-03
-6.99711937e-01 7.56858147e-03 -7.38708777e-04 2.86063632e-03 -5.57561741e-03
-6.98589139e-01 7.55971707e-03 -7.30120773e-04 2.86576855e-03 -5.56224113e-03
-6.97464618e-01 7.55089371e-03 -7.21677801e-04 2.87087231e-03 -5.54887414e-03
-6.96338377e-01 7.54211087e-03 -7.13377811e-04 2.87594605e-03 -5.53551769e-03
-6.95210419e-01 7.53336804e-03 -7.05218744e-04 2.88098829e-03 -5.52217305e-03
-6.94080746e-01 7.52466476e-03 -6.97198533e-04 2.88599754e-03 -5.50884146e-03
-6.92949362e-01 7.51600058e-03 -6.89315100e-04 2.89097236e-03 -5.49552420e-03
-6.91816268e-01 7.50737508e-03 -6.81566361e-04 2.89591132e-03 -5.48222249e-03
-6.90681469e-01 7.49878785e-03 -6.73950223e-04 2.90081303e-03 -5.46893759e-03
-6.89544966e-01 7.49023851e-03 -6.66464586e-04 2.90567608e-03 -5.45567072e-03
-6.88406763e-01 7.48172667e-03 -6.59107344e-04 2.91049914e-03 -5.44242310e-03
-6.87266861e-01 7.47325198e-03 -6.51876380e-04 2.91528085e-03 -5.42919593e-03
-6.86125265e-01 7.46481408e-03 -6.44769576e-04 2.92001990e-03 -5.41599037e-03
-6.84981977e-01 7.45641263e-03 -6.37784803e-04 2.92471499e-03 -5.40280759e-03
-6.83837000e-01 7.44804728e-03 -6.30919929e-04 2.92936484e-03 -5.38964871e-03
-6.82690336e-01 7.43971769e-03 -6.24172817e-04 2.93396819e-03 -5.37651483e-03
-6.81541988e-01 7.43142352e-03 -6.17541325e-04 2.93852382e-03 -5.36340703e-03
-6.80391960e-01 7.42316445e-03 -6.11023305e-04 2.94303048e-03 -5.35032635e-03
-6.79240254e-01 7.41494012e-03 -6.04616607e-04 2.94748700e-03 -5.33727380e-03
-6.78086872e-01 7.40675020e-03 -5.98319078e-04 2.95189218e-03 -5.32425035e-03
-6.76931818e-01 7.39859434e-03 -5.92128561e-04 2.95624487e-03 -5.31125694e-03
-6.75775095e-01 7.39047219e-03 -5.86042897e-04 2.96054393e-03 -5.29829446e-03
-6.74616706e-01 7.38238337e-03 -5.80059926e-04 2.96478823e-03 -5.28536378e-03
-6.73456652e-01 7.37432754e-03 -5.74177486e-04 2.96897668e-03 -5.27246572e-03
-6.72294938e-01 7.36630430e-03 -5.68393416e-04 2.97310820e-03 -5.25960104e-03
-6.71131566e-01 7.35831327e-03 -5.62705552e-04 2.97718173e-03 -5.24677050e-03
-6.69966538e-01 7.35035405e-03 -5.57111735e-04 2.98119623e-03 -5.23397477e-03
-6.68799859e-01 7.34242624e-03 -5.51609803e-04 2.98515070e-03 -5.22121451e-03
-6.67631530e-01 7.33452941e-03 -5.46197598e-04 2.98904413e-03 -5.20849032e-03
-6.66461554e-01 7.32666313e-03 -5.40872965e-04 2.99287555e-03 -5.19580276e-03
-6.65289935e-01 7.31882695e-03 -5.35633750e-04 2.99664404e-03 -5.18315233e-03
-6.64116675e-01 7.31102042e-03 -5.30477806e-04 3.00034865e-03 -5.17053951e-03
-6.62941778e-01 7.30324308e-03 -5.25402987e-04 3.00398850e-03 -5.15796472e-03
-6.61765245e-01 7.29549443e-03 -5.20407154e-04 3.00756272e-03 -5.14542834e-03
-6.60587080e-01 7.28777398e-03 -5.15488174e-04 3.01107047e-03 -5.13293069e-03
-6.59407287e-01 7.28008124e-03 -5.10643919e-04 3.01451093e-03 -5.12047206e-03
-6.58225867e-01 7.27241568e-03 -5.05872270e-04 3.01788331e-03 -5.10805270e-03
-6.57042824e-01 7.26477678e-03 -5.01171114e-04 3.02118686e-03 -5.09567280e-03
-6.55858160e-01 7.25716400e-03 -4.96538348e-04 3.02442086e-03 -5.08333252e-03
-6.54671879e-01 7.24957678e-03 -4.91971876e-04 3.02758459e-03 -5.07103198e-03
-6.53483983e-01 7.24201458e-03 -4.87469613e-04 3.03067741e-03 -5.05877125e-03
-6.52294476e-01 7.23447682e-03 -4.83029485e-04 3.03369868e-03 -5.04655035e-03
-6.51103360e-01 7.22696293e-03 -4.78649428e-04 3.03664780e-03 -5.03436928e-03
-6.49910639e-01 7.21947233e-03 -4.74327390e-04 3.03952422e-03 -5.02222801e-03
-6.48716314e-01 7.21200442e-03 -4.70061330e-04 3.04232741e-03 -5.01012643e-03
-6.47520390e-01 7.20455862e-03 -4.65849223e-04 3.04505689e-03 -4.99806444e-03
-6.46322869e-01 7.19713431e-03 -4.61689054e-04 3.04771220e-03 -4.98604189e-03
-6.45123754e-01 7.18973089e-03 -4.57578824e-04 3.05029293e-03 -4.97405858e-03
-6.43923048e-01 7.18234775e-03 -4.53516548e-04 3.05279872e-03 -4.96211430e-03
-6.42720754e-01 7.17498429e-03 -4.49500256e-04 3.05522924e-03 -4.95020879e-03
-6.41516875e-01 7.16763987e-03 -4.45527994e-04 3.05758421e-03 -4.93834179e-03
-6.40311414e-01 7.16031390e-03 -4.41597824e-04 3.05986337e-03 -4.92651299e-03
-6.39104373e-01 7.15300575e-03 -4.37707824e-04 3.06206654e-03 -4.91472206e-03
-6.37895757e-01 7.14571480e-03 -4.33856091e-04 3.06419356e-03 -4.90296863e-03
-6.36685567e-01 7.13844044e-03 -4.30040737e-04 3.06624433e-03 -4.89125233e-03
-6.35473807e-01 7.13118206e-03 -4.26259894e-04 3.06821879e-03 -4.87957277e-03
-6.34260480e-01 7.12393904e-03 -4.22511711e-04 3.07011692e-03 -4.86792952e-03
-6.33045589e-01 7.11671078e-03 -4.18794356e-04 3.07193877e-03 -4.85632214e-03
-6.31829137e-01 7.10949667e-03 -4.15106017e-04 3.07368442e-03 -4.84475017e-03
-6.30611126e-01 7.10229611e-03 -4.11444901e-04 3.07535402e-03 -4.83321315e-03
-6.29391561e-01 7.09510851e-03 -4.07809234e-04 3.07694775e-03 -4.82171059e-03
-6.28170443e-01 7.08793327e-03 -4.04197262e-04 3.07846586e-03 -4.81024199e-03
-6.26947776e-01 7.08076982e-03 -4.00607252e-04 3.07990863e-03 -4.79880683e-03
-6.25723562e-01 7.07361757e-03 -3.97037490e-04 3.08127643e-03 -4.78740461e-03
-6.24497806e-01 7.06647596e-03 -3.93486284e-04 3.08256964e-03 -4.77603478e-03
-6.23270509e-01 7.05934441e-03 -3.89951963e-04 3.08378873e-03 -4.76469681e-03
-6.22041676e-01 7.05222237e-03 -3.86432875e-04 3.08493420e-03 -4.75339015e-03
-6.20811308e-01 7.04510929e-03 -3.82927391e-04 3.08600663e-03 -4.74211426e-03
-6.19579410e-01 7.03800462e-03 -3.79433902e-04 3.08700663e-03 -4.73086859e-03
-6.18345983e-01 7.03090783e-03 -3.75950820e-04 3.08793487e-03 -4.71965256e-03
-6.17111031e-01 7.02381839e-03 -3.72476580e-04 3.08879210e-03 -4.70846562e-03
-6.15874558e-01 7.01673577e-03 -3.69009635e-04 3.08957910e-03 -4.69730721e-03
-6.14636565e-01 7.00965946e-03 -3.65548464e-04 3.09029671e-03 -4.68617676e-03
-6.13397057e-01 7.00258894e-03 -3.62091562e-04 3.09094583e-03 -4.67507370e-03
-6.12156036e-01 6.99552372e-03 -3.58637449e-04 3.09152742e-03 -4.66399748e-03
-6.10913506e-01 6.98846330e-03 -3.55184665e-04 3.09204250e-03 -4.65294752e-03
-6.09669468e-01 6.98140718e-03 -3.51731771e-04 3.09249213e-03 -4.64192326e-03
-6.08423928e-01 6.97435488e-03 -3.48277350e-04 3.09287743e-03 -4.63092414e-03
-6.07176887e-01 6.96730591e-03 -3.44820006e-04 3.09319958e-03 -4.61994961e-03
-6.05928348e-01 6.96025980e-03 -3.41358362e-04 3.09345981e-03 -4.60899909e-03
-6.04678315e-01 6.95321607e-03 -3.37891065e-04 3.09365942e-03 -4.59807204e-03
-6.03426791e-01 6.94617424e-03 -3.34416781e-04 3.09379973e-03 -4.58716790e-03
-6.02173778e-01 6.93913386e-03 -3.30934197e-04 3.09388215e-03 -4.57628613e-03
-6.00919281e-01 6.93209444e-03 -3.27442021e-04 3.09390812e-03 -4.56542616e-03
-5.99663302e-01 6.92505553e-03 -3.23938981e-04 3.09387912e-03 -4.55458746e-03
-5.98405843e-01 6.91801665e-03 -3.20423826e-04 3.09379672e-03 -4.54376949e-03
-5.97146909e-01 6.91097733e-03 -3.16895327e-04 3.09366251e-03 -4.53297169e-03
-5.95886503e-01 6.90393711e-03 -3.13352272e-04 3.09347813e-03 -4.52219354e-03
-5.94624627e-01 6.89689552e-03 -3.09793473e-04 3.09324527e-03 -4.51143449e-03
-5.93361284e-01 6.88985207e-03 -3.06217759e-04 3.09296567e-03 -4.50069400e-03
-5.92096478e-01 6.88280630e-03 -3.02623983e-04 3.09264112e-03 -4.48997156e-03
-5.90830212e-01 6.87575772e-03 -2.99011015e-04 3.09227345e-03 -4.47926661e-03
-5.89562488e-01 6.86870584e-03 -2.95377748e-04 3.09186451e-03 -4.46857863e-03
-5.88293311e-01 6.86165017e-03 -2.91723093e-04 3.09141623e-03 -4.45790709e-03
-5.87022683e-01 6.85459021e-03 -2.88045983e-04 3.09093056e-03 -4.44725144e-03
-5.85750607e-01 6.84752546e-03 -2.84345372e-04 3.09040948e-03 -4.43661116e-03
-5.84477087e-01 6.84045541e-03 -2.80620234e-04 3.08985502e-03 -4.42598572e-03
-5.83202125e-01 6.83337953e-03 -2.76869563e-04 3.08926924e-03 -4.41537457e-03
-5.81925725e-01 6.82629729e-03 -2.73092375e-04 3.08865424e-03 -4.40477718e-03
-5.80647890e-01 6.81920817e-03 -2.69287708e-04 3.08801214e-03 -4.39419301e-03
-5.79368623e-01 6.81211161e-03 -2.65454619e-04 3.08734509e-03 -4.38362151e-03
-5.78087927e-01 6.80500705e-03 -2.61592190e-04 3.08665529e-03 -4.37306214e-03
-5.76805805e-01 6.79789394e-03 -2.57699523e-04 3.08594493e-03 -4.36251435e-03
-5.75522261e-01 6.79077171e-03 -2.53775742e-04 3.08521626e-03 -4.35197757e-03
-5.74237298e-01 6.78363976e-03 -2.49819996e-04 3.08447152e-03 -4.34145127e-03
-5.72950918e-01 6.77649750e-03 -2.45831453e-04 3.08371300e-03 -4.33093486e-03
-5.71663126e-01 6.76934435e-03 -2.41809310e-04 3.08294299e-03 -4.32042779e-03
-5.70373923e-01 6.76217967e-03 -2.37752784e-04 3.08216381e-03 -4.30992947e-03
-5.69083314e-01 6.75500286e-03 -2.33661118e-04 3.08137777e-03 -4.29943934e-03
-5.67791302e-01 6.74781329e-03 -2.29533580e-04 3.08058722e-03 -4.28895680e-03
-5.66497889e-01 6.74061033e-03 -2.25369464e-04 3.07979450e-03 -4.27848127e-03
-5.65203079e-01 6.73339332e-03 -2.21168091e-04 3.07900197e-03 -4.26801215e-03
-5.63906875e-01 6.72616163e-03 -2.16928807e-04 3.07821200e-03 -4.25754884e-03
-5.62609281e-01 6.71891461e-03 -2.12650987e-04 3.07742693e-03 -4.24709074e-03
-5.61310299e-01 6.71165158e-03 -2.08334034e-04 3.07664916e-03 -4.23663722e-03
-5.60009933e-01 6.70437190e-03 -2.03977381e-04 3.07588103e-03 -4.22618768e-03
-5.58708186e-01 6.69707490e-03 -1.99580489e-04 3.07512492e-03 -4.21574149e-03
-5.57405060e-01 6.68975991e-03 -1.95142853e-04 3.07438318e-03 -4.20529802e-03
-5.56100561e-01 6.68242628e-03 -1.90663995e-04 3.07365817e-03 -4.19485664e-03
-5.54794689e-01 6.67507334e-03 -1.86143472e-04 3.07295222e-03 -4.18441671e-03
-5.53487450e-01 6.66770043e-03 -1.81580874e-04 3.07226768e-03 -4.17397760e-03
-5.52178845e-01 6.66030691e-03 -1.76975824e-04 3.07160685e-03 -4.16353865e-03
-5.50868879e-01 6.65289211e-03 -1.72327982e-04 3.07097204e-03 -4.15309923e-03
-5.49557555e-01 6.64545542e-03 -1.67637041e-04 3.07036554e-03 -4.14265868e-03
-5.48244874e-01 6.63799620e-03 -1.62902732e-04 3.06978961e-03 -4.13221636e-03
-5.46930842e-01 6.63051383e-03 -1.58124824e-04 3.06924650e-03 -4.12177161e-03
-5.45615461e-01 6.62300773e-03 -1.53303123e-04 3.06873842e-03 -4.11132379e-03
-5.44298735e-01 6.61547731e-03 -1.48437476e-04 3.06826757e-03 -4.10087226e-03
-5.42980666e-01 6.60792201e-03 -1.43527769e-04 3.06783612e-03 -4.09041636e-03
-5.41661258e-01 6.60034128e-03 -1.38573928e-04 3.06744620e-03 -4.07995546e-03
-5.40340514e-01 6.59273462e-03 -1.33575924e-04 3.06709993e-03 -4.06948892e-03
-5.39018438e-01 6.58510153e-03 -1.28533768e-04 3.06679937e-03 -4.05901610e-03
-5.37695032e-01 6.57744157e-03 -1.23447516e-04 3.06654657e-03 -4.04853639e-03
-5.36370301e-01 6.56975429e-03 -1.18317268e-04 3.06634353e-03 -4.03804916e-03
-5.35044246e-01 6.56203931e-03 -1.13143169e-04 3.06619222e-03 -4.02755382e-03
-5.33716872e-01 6.55429627e-03 -1.07925409e-04 3.06609455e-03 -4.01704976e-03
-5.32388182e-01 6.54652486e-03 -1.02664227e-04 3.06605241e-03 -4.00653640e-03
-5.31058179e-01 6.53872481e-03 -9.73599064e-05 3.06606765e-03 -3.99601317e-03
-5.29726866e-01 6.53089588e-03 -9.20127801e-05 3.06614205e-03 -3.98547952e-03
-5.28394247e-01 6.52303791e-03 -8.66232288e-05 3.06627738e-03 -3.97493491e-03
-5.27060325e-01 6.51515075e-03 -8.11916823e-05 3.06647533e-03 -3.96437881e-03
-5.25725102e-01 6.50723435e-03 -7.57186198e-05 3.06673756e-03 -3.95381072e-03
-5.24388584e-01 6.49928867e-03 -7.02045700e-05 3.06706568e-03 -3.94323016e-03
-5.23050772e-01 6.49131377e-03 -6.46501120e-05 3.06746125e-03 -3.93263668e-03
-5.21711670e-01 6.48330974e-03 -5.90558752e-05 3.06792577e-03 -3.92202983e-03
-5.20371281e-01 6.47527674e-03 -5.34225394e-05 3.06846069e-03 -3.91140920e-03
-5.19029610e-01 6.46721503e-03 -4.77508354e-05 3.06906741e-03 -3.90077442e-03
-5.17686658e-01 6.45912489e-03 -4.20415448e-05 3.06974729e-03 -3.89012513e-03
-5.16342429e-01 6.45100671e-03 -3.62955000e-05 3.07050160e-03 -3.87946099e-03
-5.14996927e-01 6.44286093e-03 -3.05135841e-05 3.07133158e-03 -3.86878173e-03
-5.13650155e-01 6.43468808e-03 -2.46967310e-05 3.07223842e-03 -3.85808706e-03
-5.12302117e-01 6.42648876e-03 -1.88459247e-05 3.07322322e-03 -3.84737677e-03
-5.10952815e-01 6.41826366e-03 -1.29621995e-05 3.07428707e-03 -3.83665067e-03
-5.09602252e-01 6.41001355e-03 -7.04663931e-06 3.07543096e-03 -3.82590859e-03
-5.08250433e-01 6.40173928e-03 -1.10037728e-06 3.07665585e-03 -3.81515042e-03
-5.06897361e-01 6.39344180e-03 4.87540481e-06 3.07796261e-03 -3.80437608e-03
-5.05543038e-01 6.38512212e-03 1.08794772e-05 3.07935209e-03 -3.79358553e-03
-5.04187469e-01 6.37678136e-03 1.69105628e-05 3.08082506e-03 -3.78277877e-03
-5.02830656e-01 6.36842074e-03 2.29673380e-05 3.08238224e-03 -3.77195585e-03
-5.01472604e-01 6.36004155e-03 2.90484338e-05 3.08402426e-03 -3.76111685e-03
-5.00113314e-01 6.35164520e-03 3.51524363e-05 3.08575175e-03 -3.75026192e-03
-4.98752791e-01 6.34323316e-03 4.12778882e-05 3.08756522e-03 -3.73939122e-03
-4.97391039e-01 6.33480702e-03 4.74232899e-05 3.08946517e-03 -3.72850499e-03
-4.96028059e-01 6.32636846e-03 5.35871005e-05 3.09145201e-03 -3.71760349e-03
-4.94663856e-01 6.31791926e-03 5.97677391e-05 3.09352611e-03 -3.70668705e-03
-4.93298434e-01 6.30946128e-03 6.59635865e-05 3.09568777e-03 -3.69575602e-03
-4.91931794e-01 6.30099649e-03 7.21729862e-05 3.09793725e-03 -3.68481084e-03
-4.90563942e-01 6.29252696e-03 7.83942463e-05 3.10027473e-03 -3.67385196e-03
-4.89194880e-01 6.28405485e-03 8.46256408e-05 3.10270035e-03 -3.66287991e-03
-4.87824611e-01 6.27558242e-03 9.08654117e-05 3.10521419e-03 -3.65189523e-03
-4.86453139e-01 6.26711200e-03 9.71117699e-05 3.10781628e-03 -3.64089856e-03
-4.85080468e-01 6.25864605e-03 1.03362898e-04 3.11050660e-03 -3.62989055e-03
-4.83706600e-01 6.25018710e-03 1.09616951e-04 3.11328504e-03 -3.61887192e-03
-4.82331539e-01 6.24173779e-03 1.15872060e-04 3.11615150e-03 -3.60784343e-03
-4.80955289e-01 6.23330082e-03 1.22126331e-04 3.11910576e-03 -3.59680590e-03
-4.79577853e-01 6.22487900e-03 1.28377851e-04 3.12214761e-03 -3.58576020e-03
-4.78199234e-01 6.21647523e-03 1.34624686e-04 3.12527675e-03 -3.57470722e-03
-4.76819436e-01 6.20809248e-03 1.40864885e-04 3.12849283e-03 -3.56364794e-03
-4.75438462e-01 6.19973381e-03 1.47096484e-04 3.13179549e-03 -3.55258337e-03
-4.74056315e-01 6.19140236e-03 1.53317504e-04 3.13518427e-03 -3.54151455e-03
-4.72672999e-01 6.18310135e-03 1.59525957e-04 3.13865870e-03 -3.53044259e-03
-4.71288518e-01 6.17483405e-03 1.65719843e-04 3.14221825e-03 -3.51936864e-03
-4.69902874e-01 6.16660383e-03 1.71897160e-04 3.14586236e-03 -3.50829390e-03
-4.68516071e-01 6.15841412e-03 1.78055898e-04 3.14959040e-03 -3.49721958e-03
-4.67128113e-01 6.15026841e-03 1.84194048e-04 3.15340171e-03 -3.48614699e-03
-4.65739003e-01 6.14217025e-03 1.90309598e-04 3.15729560e-03 -3.47507742e-03
-4.64348744e-01 6.13412325e-03 1.96400541e-04 3.16127132e-03 -3.46401225e-03
-4.62957340e-01 6.12613107e-03 2.02464873e-04 3.16532810e-03 -3.45295287e-03
-4.61564795e-01 6.11819741e-03 2.08500597e-04 3.16946511e-03 -3.44190071e-03
-4.60171111e-01 6.11032605e-03 2.14505724e-04 3.17368150e-03 -3.43085724e-03
-4.58776292e-01 6.10252076e-03 2.20478277e-04 3.17797638e-03 -3.41982397e-03
-4.57380342e-01 6.09478538e-03 2.26416292e-04 3.18234880e-03 -3.40880244e-03
-4.55983264e-01 6.08712377e-03 2.32317818e-04 3.18679782e-03 -3.39779420e-03
-4.54585061e-01 6.07953982e-03 2.38180923e-04 3.19132243e-03 -3.38680086e-03
-4.53185738e-01 6.07203744e-03 2.44003693e-04 3.19592160e-03 -3.37582404e-03
-4.51785296e-01 6.06462056e-03 2.49784235e-04 3.20059427e-03 -3.36486538e-03
-4.50383741e-01 6.05729310e-03 2.55520680e-04 3.20533935e-03 -3.35392656e-03
-4.48981074e-01 6.05005902e-03 2.61211182e-04 3.21015573e-03 -3.34300925e-03
-4.47577301e-01 6.04292226e-03 2.66853923e-04 3.21504224e-03 -3.33211518e-03
-4.46172424e-01 6.03588675e-03 2.72447111e-04 3.21999772e-03 -3.32124607e-03
-4.44766446e-01 6.02895643e-03 2.77988986e-04 3.22502096e-03 -3.31040366e-03
-4.43359371e-01 6.02213521e-03 2.83477819e-04 3.23011074e-03 -3.29958970e-03
-4.41951203e-01 6.01542698e-03 2.88911913e-04 3.23526580e-03 -3.28880595e-03
-4.40541946e-01 6.00883561e-03 2.94289606e-04 3.24048486e-03 -3.27805419e-03
-4.39131601e-01 6.00236494e-03 2.99609272e-04 3.24576664e-03 -3.26733619e-03
-4.37720174e-01 5.99601876e-03 3.04869324e-04 3.25110981e-03 -3.25665372e-03
-4.36307667e-01 5.98980084e-03 3.10068211e-04 3.25651304e-03 -3.24600858e-03
-4.34894084e-01 5.98371487e-03 3.15204423e-04 3.26197496e-03 -3.23540255e-03
-4.33479429e-01 5.97776451e-03 3.20276492e-04 3.26749420e-03 -3.22483738e-03
-4.32063705e-01 5.97195336e-03 3.25282990e-04 3.27306938e-03 -3.21431487e-03
-4.30646915e-01 5.96628494e-03 3.30222533e-04 3.27869907e-03 -3.20383676e-03
-4.29229063e-01 5.96076272e-03 3.35093782e-04 3.28438185e-03 -3.19340481e-03
-4.27810152e-01 5.95539009e-03 3.39895443e-04 3.29011629e-03 -3.18302076e-03
-4.26390187e-01 5.95017035e-03 3.44626266e-04 3.29590094e-03 -3.17268633e-03
-4.24969170e-01 5.94510672e-03 3.49285049e-04 3.30173432e-03 -3.16240323e-03
-4.23547105e-01 5.94020233e-03 3.53870638e-04 3.30761498e-03 -3.15217314e-03
-4.22123995e-01 5.93546023e-03 3.58381924e-04 3.31354141e-03 -3.14199774e-03
-4.20699844e-01 5.93088334e-03 3.62817850e-04 3.31951213e-03 -3.13187865e-03
-4.19274656e-01 5.92647450e-03 3.67177405e-04 3.32552564e-03 -3.12181750e-03
-4.17848434e-01 5.92223644e-03 3.71459629e-04 3.33158043e-03 -3.11181588e-03
-4.16421181e-01 5.91817177e-03 3.75663612e-04 3.33767498e-03 -3.10187533e-03
-4.14992902e-01 5.91428299e-03 3.79788493e-04 3.34380778e-03 -3.09199739e-03
-4.13563599e-01 5.91057248e-03 3.83833463e-04 3.34997730e-03 -3.08218355e-03
-4.12133276e-01 5.90704248e-03 3.87797762e-04 3.35618202e-03 -3.07243526e-03
-4.10701936e-01 5.90369512e-03 3.91680681e-04 3.36242042e-03 -3.06275393e-03
-4.09269584e-01 5.90053239e-03 3.95481563e-04 3.36869097e-03 -3.05314095e-03
-4.07836222e-01 5.89755617e-03 3.99199803e-04 3.37499215e-03 -3.04359766e-03
-4.06401855e-01 5.89476816e-03 4.02834844e-04 3.38132245e-03 -3.03412533e-03
-4.04966485e-01 5.89216995e-03 4.06386183e-04 3.38768033e-03 -3.02472523e-03
-4.03530117e-01 5.88976299e-03 4.09853368e-04 3.39406431e-03 -3.01539854e-03
-4.02092753e-01 5.88754857e-03 4.13235996e-04 3.40047287e-03 -3.00614644e-03
-4.00654398e-01 5.88552785e-03 4.16533719e-04 3.40690452e-03 -2.99697001e-03
-3.99215055e-01 5.88370183e-03 4.19746236e-04 3.41335777e-03 -2.98787031e-03
-3.97774727e-01 5.88207136e-03 4.22873299e-04 3.41983117e-03 -2.97884835e-03
-3.96333418e-01 5.88063715e-03 4.25914712e-04 3.42632324e-03 -2.96990508e-03
-3.94891132e-01 5.87939976e-03 4.28870326e-04 3.43283254e-03 -2.96104137e-03
-3.93447872e-01 5.87835957e-03 4.31740048e-04 3.43935765e-03 -2.95225809e-03
-3.92003642e-01 5.87751686e-03 4.34523830e-04 3.44589717e-03 -2.94355600e-03
-3.90558445e-01 5.87687169e-03 4.37221678e-04 3.45244969e-03 -2.93493583e-03
-3.89112285e-01 5.87642403e-03 4.39833646e-04 3.45901385e-03 -2.92639826e-03
-3.87665165e-01 5.87617367e-03 4.42359839e-04 3.46558832e-03 -2.91794387e-03
-3.86217089e-01 5.87612023e-03 4.44800411e-04 3.47217176e-03 -2.90957324e-03
-3.84768060e-01 5.87626321e-03 4.47155565e-04 3.47876290e-03 -2.90128683e-03
-3.83318083e-01 5.87660194e-03 4.49425554e-04 3.48536047e-03 -2.89308509e-03
-3.81867160e-01 5.87713562e-03 4.51610681e-04 3.49196323e-03 -2.88496837e-03
-3.80415296e-01 5.87786329e-03 4.53711297e-04 3.49856999e-03 -2.87693699e-03
-3.78962493e-01 5.87878384e-03 4.55727800e-04 3.50517958e-03 -2.86899118e-03
-3.77508756e-01 5.87989602e-03 4.57660638e-04 3.51179089e-03 -2.86113112e-03
-3.76054088e-01 5.88119845e-03 4.59510308e-04 3.51840281e-03 -2.85335694e-03
-3.74598493e-01 5.88268961e-03 4.61277354e-04 3.52501431e-03 -2.84566869e-03
-3.73141973e-01 5.88436782e-03 4.62962367e-04 3.53162438e-03 -2.83806637e-03
-3.71684534e-01 5.88623130e-03 4.64565987e-04 3.53823206e-03 -2.83054990e-03
-3.70226177e-01 5.88827812e-03 4.66088900e-04 3.54483644e-03 -2.82311917e-03
-3.68766908e-01 5.89050623e-03 4.67531842e-04 3.55143665e-03 -2.81577399e-03
-3.67306729e-01 5.89291346e-03 4.68895591e-04 3.55803188e-03 -2.80851409e-03
-3.65845645e-01 5.89549752e-03 4.70180977e-04 3.56462136e-03 -2.80133918e-03
-3.64383658e-01 5.89825599e-03 4.71388872e-04 3.57120440e-03 -2.79424887e-03
-3.62920772e-01 5.90118637e-03 4.72520197e-04 3.57778034e-03 -2.78724276e-03
-3.61456992e-01 5.90428602e-03 4.73575918e-04 3.58434860e-03 -2.78032033e-03
-3.59992320e-01 5.90755223e-03 4.74557045e-04 3.59090863e-03 -2.77348105e-03
-3.58526760e-01 5.91098217e-03 4.75464638e-04 3.59745997e-03 -2.76672432e-03
-3.57060317e-01 5.91457293e-03 4.76299796e-04 3.60400221e-03 -2.76004948e-03
-3.55592992e-01 5.91832150e-03 4.77063667e-04 3.61053501e-03 -2.75345582e-03
-3.54124791e-01 5.92222479e-03 4.77757442e-04 3.61705810e-03 -2.74694257e-03
-3.52655716e-01 5.92627965e-03 4.78382355e-04 3.62357127e-03 -2.74050890e-03
-3.51185772e-01 5.93048284e-03 4.78939684e-04 3.63007439e-03 -2.73415396e-03
-3.49714961e-01 5.93483105e-03 4.79430752e-04 3.63656739e-03 -2.72787683e-03
-3.48243288e-01 5.93932093e-03 4.79856922e-04 3.64305027e-03 -2.72167653e-03
-3.46770756e-01 5.94394905e-03 4.80219601e-04 3.64952311e-03 -2.71555205e-03
-3.45297369e-01 5.94871194e-03 4.80520234e-04 3.65598608e-03 -2.70950234e-03
-3.43823131e-01 5.95360608e-03 4.80760312e-04 3.66243940e-03 -2.70352629e-03
-3.42348044e-01 5.95862793e-03 4.80941363e-04 3.66888337e-03 -2.69762275e-03
-3.40872114e-01 5.96377388e-03 4.81064954e-04 3.67531838e-03 -2.69179054e-03
-3.39395342e-01 5.96904033e-03 4.81132692e-04 3.68174488e-03 -2.68602844e-03
-3.37917734e-01 5.97442364e-03 4.81146223e-04 3.68816342e-03 -2.68033519e-03
-3.36439292e-01 5.97992013e-03 4.81107228e-04 3.69457461e-03 -2.67470950e-03
-3.34960021e-01 5.98552616e-03 4.81017426e-04 3.70097914e-03 -2.66915004e-03
-3.33479923e-01 5.99123803e-03 4.80878569e-04 3.70737778e-03 -2.66365545e-03
-3.31999003e-01 5.99705209e-03 4.80692444e-04 3.71377138e-03 -2.65822435e-03
-3.30517264e-01 6.00296464e-03 4.80460873e-04 3.72016086e-03 -2.65285533e-03
-3.29034710e-01 6.00897205e-03 4.80185706e-04 3.72654723e-03 -2.64754696e-03
-3.27551345e-01 6.01507065e-03 4.79868827e-04 3.73293157e-03 -2.64229777e-03
-3.26067172e-01 6.02125684e-03 4.79512148e-04 3.73931502e-03 -2.63710631e-03
-3.24582195e-01 6.02752700e-03 4.79117609e-04 3.74569882e-03 -2.63197108e-03
-3.23096417e-01 6.03387758e-03 4.78687175e-04 3.75208427e-03 -2.62689056e-03
-3.21609843e-01 6.04030505e-03 4.78222837e-04 3.75847273e-03 -2.62186325e-03
-3.20122475e-01 6.04680591e-03 4.77726611e-04 3.76486565e-03 -2.61688763e-03
-3.18634318e-01 6.05337673e-03 4.77200531e-04 3.77126453e-03 -2.61196215e-03
-3.17145375e-01 6.06001410e-03 4.76646654e-04 3.77767095e-03 -2.60708528e-03
-3.15655650e-01 6.06671470e-03 4.76067054e-04 3.78408656e-03 -2.60225547e-03
-3.14165146e-01 6.07347524e-03 4.75463821e-04 3.79051304e-03 -2.59747121e-03
-3.12673868e-01 6.08029250e-03 4.74839058e-04 3.79695215e-03 -2.59273094e-03
-3.11181819e-01 6.08716334e-03 4.74194884e-04 3.80340573e-03 -2.58803313e-03
-3.09689002e-01 6.09408467e-03 4.73533425e-04 3.80987562e-03 -2.58337628e-03
-3.08195421e-01 6.10105349e-03 4.72856815e-04 3.81636375e-03 -2.57875886e-03
-3.06701080e-01 6.10806687e-03 4.72167197e-04 3.82287209e-03 -2.57417939e-03
-3.05205983e-01 6.11512198e-03 4.71466716e-04 3.82940266e-03 -2.56963637e-03
-3.03710134e-01 6.12221603e-03 4.70757516e-04 3.83595749e-03 -2.56512836e-03
-3.02213535e-01 6.12934636e-03 4.70041745e-04 3.84253867e-03 -2.56065390e-03
-3.00716191e-01 6.13651039e-03 4.69321545e-04 3.84914834e-03 -2.55621158e-03
-2.99218105e-01 6.14370561e-03 4.68599053e-04 3.85578864e-03 -2.55180002e-03
-2.97719282e-01 6.15092964e-03 4.67876398e-04 3.86246175e-03 -2.54741784e-03
-2.96219724e-01 6.15818016e-03 4.67155699e-04 3.86916986e-03 -2.54306372e-03
-2.94719436e-01 6.16545497e-03 4.66439062e-04 3.87591519e-03 -2.53873636e-03
-2.93218420e-01 6.17275197e-03 4.65728578e-04 3.88269996e-03 -2.53443448e-03
-2.91716682e-01 6.18006915e-03 4.65026320e-04 3.88952641e-03 -2.53015688e-03
-2.90214224e-01 6.18740461e-03 4.64334341e-04 3.89639678e-03 -2.52590235e-03
-2.88711051e-01 6.19475656e-03 4.63654673e-04 3.90331331e-03 -2.52166975e-03
-2.87207166e-01 6.20212330e-03 4.62989319e-04 3.91027823e-03 -2.51745799e-03
-2.85702572e-01 6.20950325e-03 4.62340259e-04 3.91729377e-03 -2.51326599e-03
-2.84197274e-01 6.21689492e-03 4.61709440e-04 3.92436212e-03 -2.50909276e-03
-2.82691274e-01 6.22429695e-03 4.61098777e-04 3.93148549e-03 -2.50493734e-03
-2.81184578e-01 6.23170806e-03 4.60510153e-04 3.93866603e-03 -2.50079880e-03
-2.79677188e-01 6.23912709e-03 4.59945411e-04 3.94590589e-03 -2.49667630e-03
-2.78169109e-01 6.24655299e-03 4.59406357e-04 3.95320717e-03 -2.49256902e-03
-2.76660343e-01 6.25398480e-03 4.58894753e-04 3.96057193e-03 -2.48847621e-03
-2.75150895e-01 6.26142169e-03 4.58412320e-04 3.96800220e-03 -2.48439718e-03
-2.73640769e-01 6.26886290e-03 4.57960732e-04 3.97549995e-03 -2.48033130e-03
-2.72129968e-01 6.27630779e-03 4.57541616e-04 3.98306712e-03 -2.47627797e-03
-2.70618495e-01 6.28375585e-03 4.57156550e-04 3.99070557e-03 -2.47223667e-03
-2.69106356e-01 6.29120662e-03 4.56807059e-04 3.99841711e-03 -2.46820693e-03
-2.67593552e-01 6.29865977e-03 4.56494617e-04 4.00620350e-03 -2.46418836e-03
-2.66080089e-01 6.30611507e-03 4.56220641e-04 4.01406641e-03 -2.46018061e-03
-2.64565969e-01 6.31357237e-03 4.55986494e-04 4.02200746e-03 -2.45618338e-03
-2.63051197e-01 6.32103162e-03 4.55793479e-04 4.03002817e-03 -2.45219646e-03
-2.61535776e-01 6.32849287e-03 4.55642842e-04 4.03813002e-03 -2.44821967e-03
-2.60019711e-01 6.33595626e-03 4.55535768e-04 4.04631437e-03 -2.44425290e-03
-2.58503004e-01 6.34342200e-03 4.55473380e-04 4.05458251e-03 -2.44029612e-03
-2.56985659e-01 6.35089041e-03 4.55456740e-04 4.06293566e-03 -2.43634932e-03
-2.55467681e-01 6.35836189e-03 4.55486846e-04 4.07137493e-03 -2.43241258e-03
-2.53949073e-01 6.36583689e-03 4.55564632e-04 4.07990133e-03 -2.42848602e-03
-2.52429838e-01 6.37331599e-03 4.55690969e-04 4.08851581e-03 -2.42456982e-03
-2.50909981e-01 6.38079980e-03 4.55866661e-04 4.09721920e-03 -2.42066422e-03
-2.49389505e-01 6.38828903e-03 4.56092449e-04 4.10601223e-03 -2.41676950e-03
-2.47868414e-01 6.39578446e-03 4.56369006e-04 4.11489555e-03 -2.41288601e-03
-2.46346712e-01 6.40328692e-03 4.56696943e-04 4.12386968e-03 -2.40901414e-03
-2.44824402e-01 6.41079732e-03 4.57076803e-04 4.13293508e-03 -2.40515433e-03
-2.43301489e-01 6.41831663e-03 4.57509066e-04 4.14209208e-03 -2.40130706e-03
-2.41777975e-01 6.42584588e-03 4.57994144e-04 4.15134092e-03 -2.39747287e-03
-2.40253865e-01 6.43338616e-03 4.58532389e-04 4.16068174e-03 -2.39365233e-03
-2.38729163e-01 6.44093860e-03 4.59124087e-04 4.17011456e-03 -2.38984606e-03
-2.37203872e-01 6.44850439e-03 4.59769462e-04 4.17963935e-03 -2.38605471e-03
-2.35677996e-01 6.45608478e-03 4.60468675e-04 4.18925592e-03 -2.38227897e-03
-2.34151539e-01 6.46368104e-03 4.61221828e-04 4.19896403e-03 -2.37851956e-03
-2.32624504e-01 6.47129451e-03 4.62028961e-04 4.20876332e-03 -2.37477723e-03
-2.31096895e-01 6.47892654e-03 4.62890057e-04 4.21865335e-03 -2.37105277e-03
-2.29568717e-01 6.48657854e-03 4.63805042e-04 4.22863358e-03 -2.36734697e-03
-2.28039973e-01 6.49425194e-03 4.64773786e-04 4.23870339e-03 -2.36366066e-03
-2.26510666e-01 6.50194821e-03 4.65796104e-04 4.24886206e-03 -2.35999469e-03
-2.24980800e-01 6.50966885e-03 4.66871759e-04 4.25910881e-03 -2.35634992e-03
-2.23450380e-01 6.51741537e-03 4.68000464e-04 4.26944277e-03 -2.35272722e-03
-2.21919408e-01 6.52518932e-03 4.69181883e-04 4.27986298e-03 -2.34912746e-03
-2.20387890e-01 6.53299226e-03 4.70415632e-04 4.29036843e-03 -2.34555155e-03
-2.18855828e-01 6.54082577e-03 4.71701282e-04 4.30095803e-03 -2.34200037e-03
-2.17323226e-01 6.54869145e-03 4.73038363e-04 4.31163063e-03 -2.33847480e-03
-2.15790088e-01 6.55659091e-03 4.74426361e-04 4.32238504e-03 -2.33497574e-03
-2.14256418e-01 6.56452576e-03 4.75864727e-04 4.33321998e-03 -2.33150406e-03
-2.12722219e-01 6.57249764e-03 4.77352872e-04 4.34413414e-03 -2.32806063e-03
-2.11187496e-01 6.58050817e-03 4.78890174e-04 4.35512619e-03 -2.32464631e-03
-2.09652252e-01 6.58855900e-03 4.80475980e-04 4.36619471e-03 -2.32126193e-03
-2.08116491e-01 6.59665176e-03 4.82109604e-04 4.37733830e-03 -2.31790831e-03
-2.06580217e-01 6.60478808e-03 4.83790337e-04 4.38855549e-03 -2.31458626e-03
-2.05043433e-01 6.61296960e-03 4.85517439e-04 4.39984481e-03 -2.31129652e-03
-2.03506144e-01 6.62119796e-03 4.87290152e-04 4.41120479e-03 -2.30803985e-03
-2.01968353e-01 6.62947477e-03 4.89107693e-04 4.42263391e-03 -2.30481695e-03
-2.00430064e-01 6.63780166e-03 4.90969264e-04 4.43413067e-03 -2.30162850e-03
-1.98891280e-01 6.64618021e-03 4.92874047e-04 4.44569358e-03 -2.29847512e-03
-1.97352006e-01 6.65461204e-03 4.94821213e-04 4.45732113e-03 -2.29535742e-03
-1.95812245e-01 6.66309871e-03 4.96809916e-04 4.46901185e-03 -2.29227594e-03
-1.94272002e-01 6.67164180e-03 4.98839305e-04 4.48076427e-03 -2.28923120e-03
-1.92731279e-01 6.68024284e-03 5.00908517e-04 4.49257695e-03 -2.28622365e-03
-1.91190081e-01 6.68890338e-03 5.03016684e-04 4.50444849e-03 -2.28325371e-03
-1.89648411e-01 6.69762492e-03 5.05162932e-04 4.51637752e-03 -2.28032173e-03
-1.88106274e-01 6.70640895e-03 5.07346387e-04 4.52836271e-03 -2.27742803e-03
-1.86563673e-01 6.71525694e-03 5.09566172e-04 4.54040277e-03 -2.27457285e-03
-1.85020611e-01 6.72417035e-03 5.11821409e-04 4.55249647e-03 -2.27175640e-03
-1.83477094e-01 6.73315058e-03 5.14111225e-04 4.56464265e-03 -2.26897882e-03
-1.81933124e-01 6.74219904e-03 5.16434748e-04 4.57684017e-03 -2.26624019e-03
-1.80388705e-01 6.75131710e-03 5.18791112e-04 4.58908801e-03 -2.26354054e-03
-1.78843841e-01 6.76050610e-03 5.21179456e-04 4.60138518e-03 -2.26087983e-03
-1.77298536e-01 6.76976735e-03 5.23598926e-04 4.61373078e-03 -2.25825797e-03
-1.75752795e-01 6.77910215e-03 5.26048677e-04 4.62612399e-03 -2.25567481e-03
-1.74206619e-01 6.78851174e-03 5.28527872e-04 4.63856407e-03 -2.25313014e-03
-1.72660014e-01 6.79799736e-03 5.31035683e-04 4.65105037e-03 -2.25062368e-03
-1.71112983e-01 6.80756018e-03 5.33571294e-04 4.66358231e-03 -2.24815512e-03
-1.69565531e-01 6.81720139e-03 5.36133899e-04 4.67615941e-03 -2.24572405e-03
-1.68017660e-01 6.82692209e-03 5.38722704e-04 4.68878131e-03 -2.24333004e-03
-1.66469374e-01 6.83672339e-03 5.41336926e-04 4.70144769e-03 -2.24097259e-03
-1.64920678e-01 6.84660634e-03 5.43975794e-04 4.71415838e-03 -2.23865113e-03
-1.63371576e-01 6.85657197e-03 5.46638550e-04 4.72691328e-03 -2.23636507e-03
-1.61822070e-01 6.86662126e-03 5.49324448e-04 4.73971239e-03 -2.23411373e-03
-1.60272166e-01 6.87675516e-03 5.52032755e-04 4.75255581e-03 -2.23189642e-03
-1.58721866e-01 6.88697459e-03 5.54762750e-04 4.76544375e-03 -2.22971237e-03
-1.57171175e-01 6.89728042e-03 5.57513724e-04 4.77837651e-03 -2.22756077e-03
-1.55620096e-01 6.90767349e-03 5.60284980e-04 4.79135447e-03 -2.22544080e-03
-1.54068633e-01 6.91815459e-03 5.63075833e-04 4.80437815e-03 -2.22335155e-03
-1.52516790e-01 6.92872449e-03 5.65885609e-04 4.81744812e-03 -2.22129211e-03
-1.50964572e-01 6.93938391e-03 5.68713645e-04 4.83056508e-03 -2.21926151e-03
-1.49411981e-01 6.95013352e-03 5.71559288e-04 4.84372979e-03 -2.21725877e-03
-1.47859021e-01 6.96097396e-03 5.74421896e-04 4.85694313e-03 -2.21528287e-03
-1.46305697e-01 6.97190582e-03 5.77300837e-04 4.87020603e-03 -2.21333278e-03
-1.44752012e-01 6.98292967e-03 5.80195485e-04 4.88351954e-03 -2.21140741e-03
-1.43197970e-01 6.99404602e-03 5.83105227e-04 4.89688476e-03 -2.20950570e-03
-1.41643575e-01 7.00525534e-03 5.86029453e-04 4.91030288e-03 -2.20762655e-03
-1.40088830e-01 7.01655806e-03 5.88967563e-04 4.92377516e-03 -2.20576884e-03
-1.38533740e-01 7.02795456e-03 5.91918964e-04 4.93730292e-03 -2.20393147e-03
-1.36978309e-01 7.03944519e-03 5.94883068e-04 4.95088755e-03 -2.20211333e-03
-1.35422539e-01 7.05103025e-03 5.97859294e-04 4.96453047e-03 -2.20031328e-03
-1.33866436e-01 7.06270999e-03 6.00847064e-04 4.97823319e-03 -2.19853023e-03
-1.32310002e-01 7.07448463e-03 6.03845806e-04 4.99199724e-03 -2.19676308e-03
-1.30753243e-01 7.08635435e-03 6.06854954e-04 5.00582419e-03 -2.19501072e-03
-1.29196160e-01 7.09831926e-03 6.09873943e-04 5.01971565e-03 -2.19327209e-03
-1.27638760e-01 7.11037945e-03 6.12902214e-04 5.03367325e-03 -2.19154614e-03
-1.26081044e-01 7.12253496e-03 6.15939212e-04 5.04769865e-03 -2.18983183e-03
-1.24523017e-01 7.13478579e-03 6.18984382e-04 5.06179351e-03 -2.18812816e-03
-1.22964684e-01 7.14713190e-03 6.22037178e-04 5.07595951e-03 -2.18643416e-03
-1.21406047e-01 7.15957319e-03 6.25097052e-04 5.09019833e-03 -2.18474889e-03
-1.19847110e-01 7.17210954e-03 6.28163463e-04 5.10451163e-03 -2.18307145e-03
-1.18287878e-01 7.18474077e-03 6.31235874e-04 5.11890107e-03 -2.18140098e-03
-1.16728355e-01 7.19746666e-03 6.34313751e-04 5.13336828e-03 -2.17973667e-03
-1.15168543e-01 7.21028697e-03 6.37396565e-04 5.14791488e-03 -2.17807774e-03
-1.13608448e-01 7.22320140e-03 6.40483793e-04 5.16254244e-03 -2.17642348e-03
-1.12048072e-01 7.23620961e-03 6.43574918e-04 5.17725249e-03 -2.17477322e-03
-1.10487420e-01 7.24931122e-03 6.46669430e-04 5.19204653e-03 -2.17312634e-03
-1.08926495e-01 7.26250584e-03 6.49766827e-04 5.20692598e-03 -2.17148229e-03
-1.07365302e-01 7.27579300e-03 6.52866615e-04 5.22189224e-03 -2.16984058e-03
-1.05803844e-01 7.28917223e-03 6.55968311e-04 5.23694661e-03 -2.16820075e-03
-1.04242126e-01 7.30264300e-03 6.59071443e-04 5.25209033e-03 -2.16656243e-03
-1.02680150e-01 7.31620476e-03 6.62175553e-04 5.26732457e-03 -2.16492531e-03
-1.01117920e-01 7.32985693e-03 6.65280196e-04 5.28265041e-03 -2.16328914e-03
-9.95554419e-02 7.34359889e-03 6.68384943e-04 5.29806884e-03 -2.16165371e-03
-9.79927178e-02 7.35742999e-03 6.71489383e-04 5.31358077e-03 -2.16001892e-03
-9.64297521e-02 7.37134956e-03 6.74593125e-04 5.32918701e-03 -2.15838470e-03
-9.48665486e-02 7.38535690e-03 6.77695798e-04 5.34488827e-03 -2.15675105e-03
-9.33031111e-02 7.39945129e-03 6.80797056e-04 5.36068515e-03 -2.15511804e-03
-9.17394435e-02 7.41363198e-03 6.83896577e-04 5.37657815e-03 -2.15348580e-03
-9.01755497e-02 7.42789821e-03 6.86994068e-04 5.39256765e-03 -2.15185451e-03
-8.86114334e-02 7.44224918e-03 6.90089265e-04 5.40865393e-03 -2.15022443e-03
-8.70470987e-02 7.45668411e-03 6.93181936e-04 5.42483716e-03 -2.14859586e-03
-8.54825493e-02 7.47120217e-03 6.96271885e-04 5.44111737e-03 -2.14696918e-03
-8.39177890e-02 7.48580254e-03 6.99358949e-04 5.45749449e-03 -2.14534479e-03
-8.23528218e-02 7.50048439e-03 7.02443008e-04 5.47396834e-03 -2.14372317e-03
-8.07876515e-02 7.51524688e-03 7.05523980e-04 5.49053861e-03 -2.14210483e-03
-7.92222820e-02 7.53008917e-03 7.08601830e-04 5.50720487e-03 -2.14049033e-03
-7.76567171e-02 7.54501041e-03 7.11676567e-04 5.52396657e-03 -2.13888029e-03
-7.60909607e-02 7.56000975e-03 7.14748247e-04 5.54082307e-03 -2.13727533e-03
-7.45250166e-02 7.57508637e-03 7.17816980e-04 5.55777360e-03 -2.13567614e-03
-7.29588887e-02 7.59023943e-03 7.20882925e-04 5.57481726e-03 -2.13408343e-03
-7.13925810e-02 7.60546811e-03 7.23946298e-04 5.59195308e-03 -2.13249792e-03
-6.98260971e-02 7.62077162e-03 7.27007371e-04 5.60917997e-03 -2.13092037e-03
-6.82594410e-02 7.63614916e-03 7.30066475e-04 5.62649671e-03 -2.12935154e-03
-6.66926166e-02 7.65159997e-03 7.33124001e-04 5.64390204e-03 -2.12779222e-03
-6.51256278e-02 7.66712331e-03 7.36180402e-04 5.66139456e-03 -2.12624319e-03
-6.35584783e-02 7.68271847e-03 7.39236194e-04 5.67897280e-03 -2.12470524e-03
-6.19911720e-02 7.69838474e-03 7.42291959e-04 5.69663523e-03 -2.12317915e-03
-6.04237129e-02 7.71412150e-03 7.45348344e-04 5.71438021e-03 -2.12166569e-03
-5.88561048e-02 7.72992811e-03 7.48406064e-04 5.73220605e-03 -2.12016562e-03
-5.72883515e-02 7.74580401e-03 7.51465899e-04 5.75011100e-03 -2.11867968e-03
-5.57204570e-02 7.76174867e-03 7.54528701e-04 5.76809326e-03 -2.11720856e-03
-5.41524250e-02 7.77776159e-03 7.57595387e-04 5.78615098e-03 -2.11575295e-03
-5.25842595e-02 7.79384236e-03 7.60666945e-04 5.80428227e-03 -2.11431349e-03
-5.10159643e-02 7.80999058e-03 7.63744430e-04 5.82248522e-03 -2.11289076e-03
-4.94475433e-02 7.82620593e-03 7.66828965e-04 5.84075788e-03 -2.11148531e-03
-4.78790003e-02 7.84248815e-03 7.69921740e-04 5.85909831e-03 -2.11009763e-03
-4.63103392e-02 7.85883703e-03 7.73024012e-04 5.87750456e-03 -2.10872814e-03
-4.47415640e-02 7.87525244e-03 7.76137102e-04 5.89597468e-03 -2.10737720e-03
-4.31726784e-02 7.89173430e-03 7.79262395e-04 5.91450675e-03 -2.10604510e-03
-4.16036863e-02 7.90828263e-03 7.82401336e-04 5.93309887e-03 -2.10473205e-03
-4.00345917e-02 7.92489750e-03 7.85555430e-04 5.95174918e-03 -2.10343819e-03
-3.84653983e-02 7.94157906e-03 7.88726239e-04 5.97045585e-03 -2.10216354e-03
-3.68961100e-02 7.95832755e-03 7.91915378e-04 5.98921713e-03 -2.10090808e-03
-3.53267308e-02 7.97514328e-03 7.95124515e-04 6.00803132e-03 -2.09967165e-03
-3.37572644e-02 7.99202665e-03 7.98355361e-04 6.02689681e-03 -2.09845401e-03
-3.21877148e-02 8.00897814e-03 8.01609674e-04 6.04581205e-03 -2.09725483e-03
-3.06180858e-02 8.02599832e-03 8.04889251e-04 6.06477562e-03 -2.09607364e-03
-2.90483813e-02 8.04308786e-03 8.08195924e-04 6.08378618e-03 -2.09490989e-03
-2.74786051e-02 8.06024750e-03 8.11531554e-04 6.10284251e-03 -2.09376292e-03
-2.59087612e-02 8.07747810e-03 8.14898030e-04 6.12194353e-03 -2.09263193e-03
-2.43388534e-02 8.09478058e-03 8.18297261e-04 6.14108825e-03 -2.09151603e-03
-2.27688855e-02 8.11215599e-03 8.21731170e-04 6.16027588e-03 -2.09041420e-03
-2.11988616e-02 8.12960544e-03 8.25201689e-04 6.17950574e-03 -2.08932530e-03
-1.96287853e-02 8.14713017e-03 8.28710755e-04 6.19877732e-03 -2.08824809e-03
-1.80586606e-02 8.16473149e-03 8.32260301e-04 6.21809028e-03 -2.08718118e-03
-1.64884914e-02 8.18241083e-03 8.35852251e-04 6.23744443e-03 -2.08612309e-03
-1.49182815e-02 8.20016969e-03 8.39488514e-04 6.25683981e-03 -2.08507220e-03
-1.33480349e-02 8.21800968e-03 8.43170976e-04 6.27627658e-03 -2.08402679e-03
-1.17777553e-02 8.23593252e-03 8.46901492e-04 6.29575516e-03 -2.08298502e-03
-1.02074466e-02 8.25393999e-03 8.50681884e-04 6.31527611e-03 -2.08194493e-03
-8.63711283e-03 8.27203401e-03 8.54513926e-04 6.33484023e-03 -2.08090446e-03
-7.06675773e-03 8.29021655e-03 8.58399344e-04 6.35444852e-03 -2.07986144e-03
-5.49638519e-03 8.30848969e-03 8.62339805e-04 6.37410218e-03 -2.07881358e-03
-3.92599911e-03 8.32685561e-03 8.66336911e-04 6.39380263e-03 -2.07775852e-03
-2.35560334e-03 8.34531656e-03 8.70392189e-04 6.41355151e-03 -2.07669378e-03
-7.85201758e-04 8.36387489e-03 8.74507088e-04 6.43335067e-03 -2.07561681e-03
7.85201758e-04 8.38253302e-03 8.78682968e-04 6.45320219e-03 -2.07452496e-03
2.35560334e-03 8.40129346e-03 8.82921094e-04 6.47310837e-03 -2.07341551e-03
3.92599911e-03 8.42015880e-03 8.87222628e-04 6.49307172e-03 -2.07228567e-03
5.49638519e-03 8.43913171e-03 8.91588624e-04 6.51309498e-03 -2.07113258e-03
7.06675773e-03 8.45821491e-03 8.96020020e-04 6.53318109e-03 -2.06995331e-03
8.63711283e-03 8.47741121e-03 9.00517628e-04 6.55333323e-03 -2.06874491e-03
1.02074466e-02 8.49672348e-03 9.05082135e-04 6.57355478e-03 -2.06750437e-03
1.17777553e-02 8.51615466e-03 9.09714087e-04 6.59384933e-03 -2.06622865e-03
1.33480349e-02 8.53570771e-03 9.14413893e-04 6.61422068e-03 -2.06491467e-03
1.49182815e-02 8.55538570e-03 9.19181809e-04 6.63467282e-03 -2.06355936e-03
1.64884914e-02 8.57519171e-03 9.24017942e-04 6.65520994e-03 -2.06215963e-03
1.80586606e-02 8.59512888e-03 9.28922238e-04 6.67583644e-03 -2.06071240e-03
1.96287853e-02 8.61520037e-03 9.33894481e-04 6.69655686e-03 -2.05921458e-03
2.11988616e-02 8.63540941e-03 9.38934286e-04 6.71737595e-03 -2.05766315e-03
2.27688855e-02 8.65575923e-03 9.44041098e-04 6.73829860e-03 -2.05605507e-03
2.43388534e-02 8.67625310e-03 9.49214186e-04 6.75932989e-03 -2.05438738e-03
2.59087612e-02 8.69689431e-03 9.54452640e-04 6.78047502e-03 -2.05265716e-03
2.74786051e-02 8.71768617e-03 9.59755370e-04 6.80173934e-03 -2.05086157e-03
2.90483813e-02 8.73863199e-03 9.65121104e-04 6.82312832e-03 -2.04899782e-03
3.06180858e-02 8.75973508e-03 9.70548384e-04 6.84464756e-03 -2.04706323e-03
3.21877148e-02 8.78099878e-03 9.76035567e-04 6.86630276e-03 -2.04505521e-03
3.37572644e-02 8.80242639e-03 9.81580823e-04 6.88809973e-03 -2.04297127e-03
3.53267308e-02 8.82402121e-03 9.87182139e-04 6.91004432e-03 -2.04080904e-03
3.68961100e-02 8.84578655e-03 9.92837314e-04 6.93214251e-03 -2.03856630e-03
3.84653983e-02 8.86772566e-03 9.98543963e-04 6.95440028e-03 -2.03624095e-03
4.00345917e-02 8.88984178e-03 1.00429952e-03 6.97682371e-03 -2.03383103e-03
4.16036863e-02 8.91213813e-03 1.01010124e-03 6.99941886e-03 -2.03133475e-03
4.31726784e-02 8.93461789e-03 1.01594620e-03 7.02219183e-03 -2.02875050e-03
4.47415640e-02 8.95728417e-03 1.02183131e-03 7.04514875e-03 -2.02607684e-03
4.63103392e-02 8.98014006e-03 1.02775329e-03 7.06829569e-03 -2.02331250e-03
4.78790003e-02 9.00318861e-03 1.03370873e-03 7.09163873e-03 -2.02045642e-03
4.94475433e-02 9.02643279e-03 1.03969404e-03 7.11518392e-03 -2.01750775e-03
5.10159643e-02 9.04987550e-03 1.04570547e-03 7.13893722e-03 -2.01446583e-03
5.25842595e-02 9.07351961e-03 1.05173915e-03 7.16290456e-03 -2.01133024e-03
5.41524250e-02 9.09736790e-03 1.05779106e-03 7.18709177e-03 -2.00810078e-03
5.57204570e-02 9.12142307e-03 1.06385703e-03 7.21150462e-03 -2.00477747e-03
5.72883515e-02 9.14568774e-03 1.06993280e-03 7.23614872e-03 -2.00136057e-03
5.88561048e-02 9.17016448e-03 1.07601399e-03 7.26102961e-03 -1.99785060e-03
6.04237129e-02 9.19485575e-03 1.08209609e-03 7.28615267e-03 -1.99424829e-03
6.19911720e-02 9.21976391e-03 1.08817453e-03 7.31152314e-03 -1.99055465e-03
6.35584783e-02 9.24489124e-03 1.09424464e-03 7.33714610e-03 -1.98677094e-03
6.51256278e-02 9.27023995e-03 1.10030167e-03 7.36302648e-03 -1.98289866e-03
6.66926166e-02 9.29581211e-03 1.10634084e-03 7.38916900e-03 -1.97893958e-03
6.82594410e-02 9.32160972e-03 1.11235728e-03 7.41557819e-03 -1.97489572e-03
6.98260971e-02 9.34763466e-03 1.11834611e-03 7.44225839e-03 -1.97076938e-03
7.13925810e-02 9.37388872e-03 1.12430242e-03 7.46921373e-03 -1.96656309e-03
7.29588887e-02 9.40037358e-03 1.13022128e-03 7.49644810e-03 -1.96227964e-03
7.45250166e-02 9.42709081e-03 1.13609777e-03 7.52396515e-03 -1.95792210e-03
7.60909607e-02 9.45404186e-03 1.14192697e-03 7.55176831e-03 -1.95349377e-03
7.76567171e-02 9.48122810e-03 1.14770399e-03 7.57986075e-03 -1.94899821e-03
7.92222820e-02 9.50865077e-03 1.15342400e-03 7.60824537e-03 -1.94443921e-03
8.07876515e-02 9.53631101e-03 1.15908220e-03 7.63692484e-03 -1.93982082e-03
8.23528218e-02 9.56420982e-03 1.16467387e-03 7.66590153e-03 -1.93514730e-03
8.39177890e-02 9.59234814e-03 1.17019435e-03 7.69517754e-03 -1.93042317e-03
8.54825493e-02 9.62072675e-03 1.17563911e-03 7.72475470e-03 -1.92565314e-03
8.70470987e-02 9.64934636e-03 1.18100370e-03 7.75463455e-03 -1.92084216e-03
8.86114334e-02 9.67820756e-03 1.18628380e-03 7.78481835e-03 -1.91599535e-03
9.01755497e-02 9.70731082e-03 1.19147522e-03 7.81530706e-03 -1.91111807e-03
9.17394435e-02 9.73665652e-03 1.19657392e-03 7.84610136e-03 -1.90621581e-03
9.33031111e-02 9.76624493e-03 1.20157603e-03 7.87720163e-03 -1.90129429e-03
9.48665486e-02 9.79607622e-03 1.20647783e-03 7.90860799e-03 -1.89635936e-03
9.64297521e-02 9.82615047e-03 1.21127581e-03 7.94032023e-03 -1.89141702e-03
9.79927178e-02 9.85646765e-03 1.21596663e-03 7.97233787e-03 -1.88647343e-03
9.95554419e-02 9.88702764e-03 1.22054718e-03 8.00466016e-03 -1.88153485e-03
1.01117920e-01 9.91783024e-03 1.22501456e-03 8.03728604e-03 -1.87660769e-03
1.02680150e-01 9.94887515e-03 1.22936611e-03 8.07021420e-03 -1.87169841e-03
1.04242126e-01 9.98016198e-03 1.23359938e-03 8.10344304e-03 -1.86681359e-03
1.05803844e-01 1.00116903e-02 1.23771219e-03 8.13697069e-03 -1.86195988e-03
1.07365302e-01 1.00434595e-02 1.24170263e-03 8.17079505e-03 -1.85714396e-03
1.08926495e-01 1.00754691e-02 1.24556903e-03 8.20491372e-03 -1.85237256e-03
1.10487420e-01 1.01077183e-02 1.24931001e-03 8.23932409e-03 -1.84765246e-03
1.12048072e-01 1.01402064e-02 1.25292445e-03 8.27402330e-03 -1.84299040e-03
1.13608448e-01 1.01729326e-02 1.25641153e-03 8.30900827e-03 -1.83839316e-03
1.15168543e-01 1.02058960e-02 1.25977073e-03 8.34427568e-03 -1.83386745e-03
1.16728355e-01 1.02390957e-02 1.26300180e-03 8.37982202e-03 -1.82941998e-03
1.18287878e-01 1.02725308e-02 1.26610482e-03 8.41564359e-03 -1.82505737e-03
1.19847110e-01 1.03062003e-02 1.26908014e-03 8.45173647e-03 -1.82078618e-03
1.21406047e-01 1.03401030e-02 1.27192844e-03 8.48809660e-03 -1.81661289e-03
1.22964684e-01 1.03742380e-02 1.27465069e-03 8.52471974e-03 -1.81254386e-03
1.24523017e-01 1.04086042e-02 1.27724818e-03 8.56160150e-03 -1.80858533e-03
1.26081044e-01 1.04432003e-02 1.27972249e-03 8.59873737e-03 -1.80474341e-03
1.27638760e-01 1.04780254e-02 1.28207551e-03 8.63612269e-03 -1.80102404e-03
1.29196160e-01 1.05130781e-02 1.28430945e-03 8.67375271e-03 -1.79743301e-03
1.30753243e-01 1.05483575e-02 1.28642678e-03 8.71162257e-03 -1.79397591e-03
1.32310002e-01 1.05838622e-02 1.28843031e-03 8.74972735e-03 -1.79065814e-03
1.33866436e-01 1.06195911e-02 1.29032311e-03 8.78806204e-03 -1.78748489e-03
1.35422539e-01 1.06555430e-02 1.29210855e-03 8.82662158e-03 -1.78446110e-03
1.36978309e-01 1.06917169e-02 1.29379027e-03 8.86540089e-03 -1.78159151e-03
1.38533740e-01 1.07281115e-02 1.29537220e-03 8.90439485e-03 -1.77888057e-03
1.40088830e-01 1.07647257e-02 1.29685850e-03 8.94359833e-03 -1.77633248e-03
1.41643575e-01 1.08015585e-02 1.29825362e-03 8.98300621e-03 -1.77395117e-03
1.43197970e-01 1.08386087e-02 1.29956224e-03 9.02261340e-03 -1.77174027e-03
1.44752012e-01 1.08758753e-02 1.30078928e-03 9.06241482e-03 -1.76970312e-03
1.46305697e-01 1.09133573e-02 1.30193987e-03 9.10240546e-03 -1.76784275e-03
1.47859021e-01 1.09510538e-02 1.30301937e-03 9.14258036e-03 -1.76616187e-03
1.49411981e-01 1.09889638e-02 1.30403335e-03 9.18293465e-03 -1.76466289e-03
1.50964572e-01 1.10270864e-02 1.30498753e-03 9.22346353e-03 -1.76334785e-03
1.52516790e-01 1.10654208e-02 1.30588784e-03 9.26416233e-03 -1.76221849e-03
1.54068633e-01 1.11039663e-02 1.30674036e-03 9.30502647e-03 -1.76127618e-03
1.55620096e-01 1.11427220e-02 1.30755132e-03 9.34605152e-03 -1.76052196e-03
1.57171175e-01 1.11816873e-02 1.30832706e-03 9.38723316e-03 -1.75995653e-03
1.58721866e-01 1.12208616e-02 1.30907406e-03 9.42856727e-03 -1.75958020e-03
1.60272166e-01 1.12602443e-02 1.30979890e-03 9.47004984e-03 -1.75939297e-03
1.61822070e-01 1.12998351e-02 1.31050822e-03 9.51167707e-03 -1.75939444e-03
1.63371576e-01 1.13396333e-02 1.31120876e-03 9.55344534e-03 -1.75958390e-03
1.64920678e-01 1.13796388e-02 1.31190729e-03 9.59535122e-03 -1.75996024e-03
1.66469374e-01 1.14198511e-02 1.31261062e-03 9.63739146e-03 -1.76052204e-03
1.68017660e-01 1.14602702e-02 1.31332559e-03 9.67956307e-03 -1.76126750e-03
1.69565531e-01 1.15008958e-02 1.31405902e-03 9.72186323e-03 -1.76219449e-03
1.71112983e-01 1.15417278e-02 1.31481772e-03 9.76428938e-03 -1.76330053e-03
1.72660014e-01 1.15827663e-02 1.31560849e-03 9.80683917e-03 -1.76458281e-03
1.74206619e-01 1.16240113e-02 1.31643806e-03 9.84951050e-03 -1.76603819e-03
1.75752795e-01 1.16654630e-02 1.31731309e-03 9.89230152e-03 -1.76766320e-03
1.77298536e-01 1.17071217e-02 1.31824017e-03 9.93521061e-03 -1.76945407e-03
1.78843841e-01 1.17489874e-02 1.31922580e-03 9.97823641e-03 -1.77140673e-03
1.80388705e-01 1.17910608e-02 1.32027634e-03 1.00213778e-02 -1.77351678e-03
1.81933124e-01 1.18333421e-02 1.32139805e-03 1.00646340e-02 -1.77577958e-03
1.83477094e-01 1.18758319e-02 1.32259702e-03 1.01080044e-02 -1.77819019e-03
1.85020611e-01 1.19185307e-02 1.32387920e-03 1.01514885e-02 -1.78074341e-03
1.86563673e-01 1.19614392e-02 1.32525034e-03 1.01950865e-02 -1.78343381e-03
1.88106274e-01 1.20045582e-02 1.32671604e-03 1.02387985e-02 -1.78625571e-03
1.89648411e-01 1.20478883e-02 1.32828167e-03 1.02826248e-02 -1.78920322e-03
1.91190081e-01 1.20914304e-02 1.32995240e-03 1.03265663e-02 -1.79227022e-03
1.92731279e-01 1.21351855e-02 1.33173316e-03 1.03706239e-02 -1.79545042e-03
1.94272002e-01 1.21791544e-02 1.33362866e-03 1.04147987e-02 -1.79873736e-03
1.95812245e-01 1.22233383e-02 1.33564336e-03 1.04590924e-02 -1.80212440e-03
1.97352006e-01 1.22677381e-02 1.33778144e-03 1.05035064e-02 -1.80560476e-03
1.98891280e-01 1.23123551e-02 1.34004685e-03 1.05480429e-02 -1.80917155e-03
2.00430064e-01 1.23571904e-02 1.34244323e-03 1.05927040e-02 -1.81281776e-03
2.01968353e-01 1.24022453e-02 1.34497397e-03 1.06374920e-02 -1.81653627e-03
2.03506144e-01 1.24475211e-02 1.34764214e-03 1.06824097e-02 -1.82031992e-03
2.05043433e-01 1.24930190e-02 1.35045054e-03 1.07274598e-02 -1.82416145e-03
2.06580217e-01 1.25387405e-02 1.35340165e-03 1.07726453e-02 -1.82805360e-03
2.08116491e-01 1.25846871e-02 1.35649765e-03 1.08179697e-02 -1.83198907e-03
2.09652252e-01 1.26308601e-02 1.35974043e-03 1.08634361e-02 -1.83596053e-03
2.11187496e-01 1.26772611e-02 1.36313155e-03 1.09090484e-02 -1.83996071e-03
2.12722219e-01 1.27238916e-02 1.36667225e-03 1.09548103e-02 -1.84398234e-03
2.14256418e-01 1.27707533e-02 1.37036350e-03 1.10007257e-02 -1.84801820e-03
2.15790088e-01 1.28178476e-02 1.37420590e-03 1.10467987e-02 -1.85206113e-03
2.17323226e-01 1.28651762e-02 1.37819979e-03 1.10930336e-02 -1.85610407e-03
2.18855828e-01 1.29127408e-02 1.38234517e-03 1.11394349e-02 -1.86014005e-03
2.20387890e-01 1.29605431e-02 1.38664175e-03 1.11860069e-02 -1.86416219e-03
2.21919408e-01 1.30085848e-02 1.39108893e-03 1.12327544e-02 -1.86816377e-03
2.23450380e-01 1.30568675e-02 1.39568582e-03 1.12796820e-02 -1.87213821e-03
2.24980800e-01 1.31053931e-02 1.40043123e-03 1.13267947e-02 -1.87607908e-03
2.26510666e-01 1.31541632e-02 1.40532370e-03 1.13740972e-02 -1.87998013e-03
2.28039973e-01 1.32031797e-02 1.41036146e-03 1.14215947e-02 -1.88383529e-03
2.29568717e-01 1.32524443e-02 1.41554251e-03 1.14692922e-02 -1.88763871e-03
2.31096895e-01 1.33019588e-02 1.42086456e-03 1.15171947e-02 -1.89138473e-03
2.32624504e-01 1.33517251e-02 1.42632508e-03 1.15653074e-02 -1.89506793e-03
2.34151539e-01 1.34017448e-02 1.43192128e-03 1.16136355e-02 -1.89868313e-03
2.35677996e-01 1.34520199e-02 1.43765018e-03 1.16621841e-02 -1.90222539e-03
2.37203872e-01 1.35025522e-02 1.44350853e-03 1.17109586e-02 -1.90569003e-03
2.38729163e-01 1.35533434e-02 1.44949289e-03 1.17599641e-02 -1.90907263e-03
2.40253865e-01 1.36043954e-02 1.45559965e-03 1.18092058e-02 -1.91236906e-03
2.41777975e-01 1.36557100e-02 1.46182497e-03 1.18586889e-02 -1.91557546e-03
2.43301489e-01 1.37072891e-02 1.46816487e-03 1.19084185e-02 -1.91868827e-03
2.44824402e-01 1.37591344e-02 1.47461520e-03 1.19583999e-02 -1.92170421e-03
2.46346712e-01 1.38112478e-02 1.48117168e-03 1.20086381e-02 -1.92462030e-03
2.47868414e-01 1.38636311e-02 1.48782990e-03 1.20591382e-02 -1.92743388e-03
2.49389505e-01 1.39162862e-02 1.49458531e-03 1.21099050e-02 -1.93014259e-03
2.50909981e-01 1.39692148e-02 1.50143329e-03 1.21609436e-02 -1.93274436e-03
2.52429838e-01 1.40224188e-02 1.50836913e-03 1.22122589e-02 -1.93523747e-03
2.53949073e-01 1.40758999e-02 1.51538804e-03 1.22638555e-02 -1.93762048e-03
2.55467681e-01 1.41296601e-02 1.52248518e-03 1.23157381e-02 -1.93989226e-03
2.56985659e-01 1.41837011e-02 1.52965568e-03 1.23679114e-02 -1.94205201e-03
2.58503004e-01 1.42380248e-02 1.53689463e-03 1.24203799e-02 -1.94409923e-03
2.60019711e-01 1.42926329e-02 1.54419712e-03 1.24731479e-02 -1.94603372e-03
2.61535776e-01 1.43475272e-02 1.55155825e-03 1.25262198e-02 -1.94785559e-03
2.63051197e-01 1.44027097e-02 1.55897313e-03 1.25795998e-02 -1.94956525e-03
2.64565969e-01 1.44581820e-02 1.56643690e-03 1.26332919e-02 -1.95116339e-03
2.66080089e-01 1.45139461e-02 1.57394478e-03 1.26873001e-02 -1.95265101e-03
2.67593552e-01 1.45700037e-02 1.58149202e-03 1.27416283e-02 -1.95402935e-03
2.69106356e-01 1.46263566e-02 1.58907396e-03 1.27962802e-02 -1.95529997e-03
2.70618495e-01 1.46830068e-02 1.59668602e-03 1.28512594e-02 -1.95646468e-03
2.72129968e-01 1.47399560e-02 1.60432375e-03 1.29065694e-02 -1.95752552e-03
2.73640769e-01 1.47972060e-02 1.61198278e-03 1.29622136e-02 -1.95848482e-03
2.75150895e-01 1.48547588e-02 1.61965890e-03 1.30181952e-02 -1.95934513e-03
2.76660343e-01 1.49126162e-02 1.62734801e-03 1.30745174e-02 -1.96010921e-03
2.78169109e-01 1.49707800e-02 1.63504618e-03 1.31311831e-02 -1.96078006e-03
2.79677188e-01 1.50292522e-02 1.64274963e-03 1.31881952e-02 -1.96136089e-03
2.81184578e-01 1.50880345e-02 1.65045475e-03 1.32455566e-02 -1.96185508e-03
2.82691274e-01 1.51471290e-02 1.65815812e-03 1.33032697e-02 -1.96226623e-03
2.84197274e-01 1.52065376e-02 1.66585649e-03 1.33613373e-02 -1.96259806e-03
2.85702572e-01 1.52662621e-02 1.67354681e-03 1.34197616e-02 -1.96285449e-03
2.87207166e-01 1.53263045e-02 1.68122624e-03 1.34785450e-02 -1.96303957e-03
2.88711051e-01 1.53866669e-02 1.68889214e-03 1.35376897e-02 -1.96315748e-03
2.90214224e-01 1.54473511e-02 1.69654209e-03 1.35971977e-02 -1.96321252e-03
2.91716682e-01 1.55083592e-02 1.70417388e-03 1.36570710e-02 -1.96320908e-03
2.93218420e-01 1.55696932e-02 1.71178554e-03 1.37173116e-02 -1.96315167e-03
2.94719436e-01 1.56313552e-02 1.71937530e-03 1.37779212e-02 -1.96304485e-03
2.96219724e-01 1.56933472e-02 1.72694164e-03 1.38389015e-02 -1.96289325e-03
2.97719282e-01 1.57556713e-02 1.73448327e-03 1.39002541e-02 -1.96270157e-03
2.99218105e-01 1.58183296e-02 1.74199912e-03 1.39619806e-02 -1.96247452e-03
3.00716191e-01 1.58813243e-02 1.74948837e-03 1.40240824e-02 -1.96221685e-03
3.02213535e-01 1.59446574e-02 1.75695042e-03 1.40865608e-02 -1.96193330e-03
3.03710134e-01 1.60083313e-02 1.76438490e-03 1.41494172e-02 -1.96162863e-03
3.05205983e-01 1.60723480e-02 1.77179168e-03 1.42126528e-02 -1.96130756e-03
3.06701080e-01 1.61367098e-02 1.77917085e-03 1.42762688e-02 -1.96097480e-03
3.08195421e-01 1.62014190e-02 1.78652274e-03 1.43402663e-02 -1.96063500e-03
3.09689002e-01 1.62664778e-02 1.79384789e-03 1.44046465e-02 -1.96029277e-03
3.11181819e-01 1.63318886e-02 1.80114704e-03 1.44694102e-02 -1.95995264e-03
3.12673868e-01 1.63976536e-02 1.80842119e-03 1.45345586e-02 -1.95961909e-03
3.14165146e-01 1.64637752e-02 1.81567149e-03 1.46000926e-02 -1.95929648e-03
3.15655650e-01 1.65302558e-02 1.82289933e-03 1.46660131e-02 -1.95898907e-03
3.17145375e-01 1.65970978e-02 1.83010629e-03 1.47323209e-02 -1.95870105e-03
3.18634318e-01 1.66643035e-02 1.83729412e-03 1.47990171e-02 -1.95843644e-03
3.20122475e-01 1.67318755e-02 1.84446477e-03 1.48661024e-02 -1.95819917e-03
3.21609843e-01 1.67998161e-02 1.85162034e-03 1.49335777e-02 -1.95799301e-03
3.23096417e-01 1.68681279e-02 1.85876312e-03 1.50014438e-02 -1.95782160e-03
3.24582195e-01 1.69368133e-02 1.86589554e-03 1.50697015e-02 -1.95768843e-03
3.26067172e-01 1.70058749e-02 1.87302018e-03 1.51383518e-02 -1.95759681e-03
3.27551345e-01 1.70753151e-02 1.88013975e-03 1.52073955e-02 -1.95754989e-03
3.29034710e-01 1.71451366e-02 1.88725710e-03 1.52768333e-02 -1.95755067e-03
3.30517264e-01 1.72153419e-02 1.89437518e-03 1.53466661e-02 -1.95760195e-03
3.31999003e-01 1.72859335e-02 1.90149706e-03 1.54168949e-02 -1.95770636e-03
3.33479923e-01 1.73569141e-02 1.90862590e-03 1.54875205e-02 -1.95786634e-03
3.34960021e-01 1.74282862e-02 1.91576496e-03 1.55585438e-02 -1.95808413e-03
3.36439292e-01 1.75000524e-02 1.92291757e-03 1.56299658e-02 -1.95836180e-03
3.37917734e-01 1.75722155e-02 1.93008711e-03 1.57017874e-02 -1.95870121e-03
3.39395342e-01 1.76447779e-02 1.93727703e-03 1.57740096e-02 -1.95910403e-03
3.40872114e-01 1.77177423e-02 1.94449083e-03 1.58466334e-02 -1.95957174e-03
3.42348044e-01 1.77911113e-02 1.95173204e-03 1.59196598e-02 -1.96010560e-03
3.43823131e-01 1.78648876e-02 1.95900421e-03 1.59930901e-02 -1.96070670e-03
3.45297369e-01 1.79390738e-02 1.96631090e-03 1.60669251e-02 -1.96137591e-03
3.46770756e-01 1.80136725e-02 1.97365569e-03 1.61411663e-02 -1.96211392e-03
3.48243288e-01 1.80886864e-02 1.98104214e-03 1.62158146e-02 -1.96292122e-03
3.49714961e-01 1.81641181e-02 1.98847380e-03 1.62908714e-02 -1.96379811e-03
3.51185772e-01 1.82399702e-02 1.99595419e-03 1.63663379e-02 -1.96474469e-03
3.52655716e-01 1.83162453e-02 2.00348681e-03 1.64422155e-02 -1.96576091e-03
3.54124791e-01 1.83929460e-02 2.01107510e-03 1.65185054e-02 -1.96684649e-03
3.55592992e-01 1.84700750e-02 2.01872246e-03 1.65952092e-02 -1.96800099e-03
3.57060317e-01 1.85476348e-02 2.02643224e-03 1.66723282e-02 -1.96922382e-03
3.58526760e-01 1.86256279e-02 2.03420770e-03 1.67498639e-02 -1.97051419e-03
3.59992320e-01 1.87040571e-02 2.04205204e-03 1.68278178e-02 -1.97187116e-03
3.61456992e-01 1.87829248e-02 2.04996838e-03 1.69061916e-02 -1.97329362e-03
3.62920772e-01 1.88622335e-02 2.05795974e-03 1.69849867e-02 -1.97478032e-03
3.64383658e-01 1.89419858e-02 2.06602907e-03 1.70642050e-02 -1.97632986e-03
3.65845645e-01 1.90221843e-02 2.07417920e-03 1.71438480e-02 -1.97794071e-03
3.67306729e-01 1.91028313e-02 2.08241287e-03 1.72239175e-02 -1.97961118e-03
3.68766908e-01 1.91839295e-02 2.09073269e-03 1.73044152e-02 -1.98133947e-03
3.70226177e-01 1.92654812e-02 2.09914119e-03 1.73853430e-02 -1.98312366e-03
3.71684534e-01 1.93474889e-02 2.10764075e-03 1.74667027e-02 -1.98496172e-03
3.73141973e-01 1.94299550e-02 2.11623365e-03 1.75484962e-02 -1.98685151e-03
3.74598493e-01 1.95128820e-02 2.12492205e-03 1.76307254e-02 -1.98879078e-03
3.76054088e-01 1.95962723e-02 2.13370797e-03 1.77133923e-02 -1.99077720e-03
3.77508756e-01 1.96801283e-02 2.14259332e-03 1.77964989e-02 -1.99280836e-03
3.78962493e-01 1.97644522e-02 2.15157986e-03 1.78800472e-02 -1.99488176e-03
3.80415296e-01 1.98492466e-02 2.16066926e-03 1.79640392e-02 -1.99699484e-03
3.81867160e-01 1.99345137e-02 2.16986303e-03 1.80484772e-02 -1.99914497e-03
3.83318083e-01 2.00202559e-02 2.17916256e-03 1.81333631e-02 -2.00132947e-03
3.84768060e-01 2.01064755e-02 2.18856911e-03 1.82186992e-02 -2.00354562e-03
3.86217089e-01 2.01931748e-02 2.19808383e-03 1.83044877e-02 -2.00579063e-03
3.87665165e-01 2.02803561e-02 2.20770773e-03 1.83907308e-02 -2.00806169e-03
3.89112285e-01 2.03680218e-02 2.21744169e-03 1.84774308e-02 -2.01035599e-03
3.90558445e-01 2.04561740e-02 2.22728649e-03 1.85645899e-02 -2.01267064e-03
3.92003642e-01 2.05448152e-02 2.23724279e-03 1.86522105e-02 -2.01500279e-03
3.93447872e-01 2.06339476e-02 2.24731113e-03 1.87402950e-02 -2.01734954e-03
3.94891132e-01 2.07235736e-02 2.25749192e-03 1.88288458e-02 -2.01970801e-03
3.96333418e-01 2.08136953e-02 2.26778550e-03 1.89178652e-02 -2.02207530e-03
3.97774727e-01 2.09043151e-02 2.27819209e-03 1.90073557e-02 -2.02444854e-03
3.99215055e-01 2.09954353e-02 2.28871180e-03 1.90973199e-02 -2.02682484e-03
4.00654398e-01 2.10870583e-02 2.29934466e-03 1.91877603e-02 -2.02920137e-03
4.02092753e-01 2.11791863e-02 2.31009061e-03 1.92786794e-02 -2.03157527e-03
4.03530117e-01 2.12718218e-02 2.32094950e-03 1.93700799e-02 -2.03394374e-03
4.04966485e-01 2.13649671e-02 2.33192110e-03 1.94619644e-02 -2.03630398e-03
4.06401855e-01 2.14586246e-02 2.34300512e-03 1.95543355e-02 -2.03865326e-03
4.07836222e-01 2.15527968e-02 2.35420118e-03 1.96471960e-02 -2.04098884e-03
4.09269584e-01 2.16474860e-02 2.36550886e-03 1.97405487e-02 -2.04330804e-03
4.10701936e-01 2.17426948e-02 2.37692767e-03 1.98343963e-02 -2.04560821e-03
4.12133276e-01 2.18384258e-02 2.38845706e-03 1.99287418e-02 -2.04788676e-03
4.13563599e-01 2.19346814e-02 2.40009645e-03 2.00235881e-02 -2.05014111e-03
4.14992902e-01 2.20314642e-02 2.41184521e-03 2.01189380e-02 -2.05236875e-03
4.16421181e-01 2.21287771e-02 2.42370268e-03 2.02147947e-02 -2.05456721e-03
4.17848434e-01 2.22266225e-02 2.43566817e-03 2.03111612e-02 -2.05673406e-03
4.19274656e-01 2.23250035e-02 2.44774097e-03 2.04080406e-02 -2.05886691e-03
4.20699844e-01 2.24239226e-02 2.45992033e-03 2.05054362e-02 -2.06096344e-03
4.22123995e-01 2.25233829e-02 2.47220552e-03 2.06033511e-02 -2.06302135e-03
4.23547105e-01 2.26233873e-02 2.48459578e-03 2.07017888e-02 -2.06503841e-03
4.24969170e-01 2.27239389e-02 2.49709034e-03 2.08007525e-02 -2.06701241e-03
4.26390187e-01 2.28250407e-02 2.50968846e-03 2.09002459e-02 -2.06894121e-03
4.27810152e-01 2.29266959e-02 2.52238937e-03 2.10002724e-02 -2.07082270e-03
4.29229063e-01 2.30289078e-02 2.53519234e-03 2.11008357e-02 -2.07265481e-03
4.30646915e-01 2.31316797e-02 2.54809664e-03 2.12019395e-02 -2.07443551e-03
4.32063705e-01 2.32350151e-02 2.56110155e-03 2.13035875e-02 -2.07616283e-03
4.33479429e-01 2.33389176e-02 2.57420638e-03 2.14057838e-02 -2.07783481e-03
4.34894084e-01 2.34433907e-02 2.58741047e-03 2.15085322e-02 -2.07944953e-03
4.36307667e-01 2.35484383e-02 2.60071318e-03 2.16118370e-02 -2.08100512e-03
4.37720174e-01 2.36540641e-02 2.61411390e-03 2.17157022e-02 -2.08249974e-03
4.39131601e-01 2.37602721e-02 2.62761205e-03 2.18201322e-02 -2.08393154e-03
4.40541946e-01 2.38670664e-02 2.64120708e-03 2.19251314e-02 -2.08529876e-03
4.41951203e-01 2.39744512e-02 2.65489848e-03 2.20307043e-02 -2.08659960e-03
4.43359371e-01 2.40824307e-02 2.66868578e-03 2.21368555e-02 -2.08783232e-03
4.44766446e-01 2.41910095e-02 2.68256854e-03 2.22435899e-02 -2.08899519e-03
4.46172424e-01 2.43001921e-02 2.69654637e-03 2.23509122e-02 -2.09008649e-03
4.47577301e-01 2.44099830e-02 2.71061890e-03 2.24588276e-02 -2.09110452e-03
4.48981074e-01 2.45203873e-02 2.72478582e-03 2.25673411e-02 -2.09204758e-03
4.50383741e-01 2.46314098e-02 2.73904682e-03 2.26764581e-02 -2.09291399e-03
4.51785296e-01 2.47430556e-02 2.75340168e-03 2.27861838e-02 -2.09370208e-03
4.53185738e-01 2.48553299e-02 2.76785016e-03 2.28965240e-02 -2.09441016e-03
4.54585061e-01 2.49682382e-02 2.78239210e-03 2.30074843e-02 -2.09503657e-03
4.55983264e-01 2.50817859e-02 2.79702735e-03 2.31190705e-02 -2.09557961e-03
4.57380342e-01 2.51959787e-02 2.81175579e-03 2.32312887e-02 -2.09603763e-03
4.58776292e-01 2.53108224e-02 2.82657734e-03 2.33441449e-02 -2.09640893e-03
4.60171111e-01 2.54263229e-02 2.84149193e-03 2.34576455e-02 -2.09669181e-03
4.61564795e-01 2.55424865e-02 2.85649953e-03 2.35717969e-02 -2.09688459e-03
4.62957340e-01 2.56593193e-02 2.87160012e-03 2.36866057e-02 -2.09698555e-03
4.64348744e-01 2.57768278e-02 2.88679369e-03 2.38020787e-02 -2.09699297e-03
4.65739003e-01 2.58950186e-02 2.90208025e-03 2.39182228e-02 -2.09690511e-03
4.67128113e-01 2.60138984e-02 2.91745984e-03 2.40350452e-02 -2.09672022e-03
4.68516071e-01 2.61334741e-02 2.93293246e-03 2.41525530e-02 -2.09643655e-03
4.69902874e-01 2.62537528e-02 2.94849816e-03 2.42707538e-02 -2.09605232e-03
4.71288518e-01 2.63747417e-02 2.96415696e-03 2.43896550e-02 -2.09556573e-03
4.72672999e-01 2.64964482e-02 2.97990887e-03 2.45092646e-02 -2.09497499e-03
4.74056315e-01 2.66188798e-02 2.99575391e-03 2.46295903e-02 -2.09427826e-03
4.75438462e-01 2.67420443e-02 3.01169207e-03 2.47506403e-02 -2.09347371e-03
4.76819436e-01 2.68659494e-02 3.02772331e-03 2.48724229e-02 -2.09255950e-03
4.78199234e-01 2.69906032e-02 3.04384760e-03 2.49949465e-02 -2.09153376e-03
4.79577853e-01 2.71160140e-02 3.06006484e-03 2.51182198e-02 -2.09039462e-03
4.80955289e-01 2.72421901e-02 3.07637492e-03 2.52422514e-02 -2.08914018e-03
4.82331539e-01 2.73691399e-02 3.09277769e-03 2.53670505e-02 -2.08776857e-03
4.83706600e-01 2.74968722e-02 3.10927295e-03 2.54926260e-02 -2.08627787e-03
4.85080468e-01 2.76253958e-02 3.12586046e-03 2.56189874e-02 -2.08466617e-03
4.86453139e-01 2.77547197e-02 3.14253992e-03 2.57461440e-02 -2.08293158e-03
4.87824611e-01 2.78848530e-02 3.15931099e-03 2.58741055e-02 -2.08107217e-03
4.89194880e-01 2.80158051e-02 3.17617324e-03 2.60028818e-02 -2.07908604e-03
4.90563942e-01 2.81475854e-02 3.19312621e-03 2.61324827e-02 -2.07697129e-03
4.91931794e-01 2.82802035e-02 3.21016935e-03 2.62629185e-02 -2.07472601e-03
4.93298434e-01 2.84136693e-02 3.22730204e-03 2.63941994e-02 -2.07234831e-03
4.94663856e-01 2.85479927e-02 3.24452359e-03 2.65263358e-02 -2.06983633e-03
4.96028059e-01 2.86831837e-02 3.26183324e-03 2.66593385e-02 -2.06718821e-03
4.97391039e-01 2.88192525e-02 3.27923013e-03 2.67932181e-02 -2.06440211e-03
4.98752791e-01 2.89562097e-02 3.29671332e-03 2.69279857e-02 -2.06147622e-03
5.00113314e-01 2.90940656e-02 3.31428180e-03 2.70636523e-02 -2.05840875e-03
5.01472604e-01 2.92328310e-02 3.33193443e-03 2.72002292e-02 -2.05519796e-03
5.02830656e-01 2.93725167e-02 3.34967002e-03 2.73377278e-02 -2.05184213e-03
5.04187469e-01 2.95131337e-02 3.36748727e-03 2.74761596e-02 -2.04833958e-03
5.05543038e-01 2.96546931e-02 3.38538478e-03 2.76155364e-02 -2.04468868e-03
5.06897361e-01 2.97972061e-02 3.40336104e-03 2.77558699e-02 -2.04088785e-03
5.08250433e-01 2.99406841e-02 3.42141448e-03 2.78971721e-02 -2.03693556e-03
5.09602252e-01 3.00851386e-02 3.43954340e-03 2.80394553e-02 -2.03283033e-03
5.10952815e-01 3.02305814e-02 3.45774600e-03 2.81827316e-02 -2.02857076e-03
5.12302117e-01 3.03770241e-02 3.47602039e-03 2.83270135e-02 -2.02415548e-03
5.13650155e-01 3.05244788e-02 3.49436458e-03 2.84723134e-02 -2.01958323e-03
5.14996927e-01 3.06729574e-02 3.51277649e-03 2.86186442e-02 -2.01485280e-03
5.16342429e-01 3.08224722e-02 3.53125391e-03 2.87660184e-02 -2.00996306e-03
5.17686658e-01 3.09730354e-02 3.54979457e-03 2.89144491e-02 -2.00491298e-03
5.19029610e-01 3.11246595e-02 3.56839607e-03 2.90639494e-02 -1.99970158e-03
5.20371281e-01 3.12773571e-02 3.58705594e-03 2.92145323e-02 -1.99432801e-03
5.21711670e-01 3.14311407e-02 3.60577160e-03 2.93662112e-02 -1.98879149e-03
5.23050772e-01 3.15860233e-02 3.62454039e-03 2.95189994e-02 -1.98309134e-03
5.24388584e-01 3.17420178e-02 3.64335956e-03 2.96729104e-02 -1.97722699e-03
5.25725102e-01 3.18991370e-02 3.66222626e-03 2.98279580e-02 -1.97119797e-03
5.27060325e-01 3.20573943e-02 3.68113759e-03 2.99841558e-02 -1.96500391e-03
5.28394247e-01 3.22168028e-02 3.70009053e-03 3.01415176e-02 -1.95864457e-03
5.29726866e-01 3.23773760e-02 3.71908202e-03 3.03000574e-02 -1.95211981e-03
5.31058179e-01 3.25391272e-02 3.73810889e-03 3.04597893e-02 -1.94542961e-03
5.32388182e-01 3.27020700e-02 3.75716793e-03 3.06207273e-02 -1.93857408e-03
5.33716872e-01 3.28662183e-02 3.77625587e-03 3.07828858e-02 -1.93155345e-03
5.35044246e-01 3.30315856e-02 3.79536935e-03 3.09462789e-02 -1.92436806e-03
5.36370301e-01 3.31981860e-02 3.81450497e-03 3.11109213e-02 -1.91701839e-03
5.37695032e-01 3.33660334e-02 3.83365929e-03 3.12768273e-02 -1.90950506e-03
5.39018438e-01 3.35351419e-02 3.85282881e-03 3.14440116e-02 -1.90182881e-03
5.40340514e-01 3.37055257e-02 3.87200999e-03 3.16124889e-02 -1.89399052e-03
5.41661258e-01 3.38771991e-02 3.89119926e-03 3.17822739e-02 -1.88599119e-03
5.42980666e-01 3.40501763e-02 3.91039300e-03 3.19533814e-02 -1.87783197e-03
5.44298735e-01 3.42244720e-02 3.92958760e-03 3.21258265e-02 -1.86951415e-03
5.45615461e-01 3.44001006e-02 3.94877939e-03 3.22996240e-02 -1.86103914e-03
5.46930842e-01 3.45770768e-02 3.96796472e-03 3.24747892e-02 -1.85240852e-03
5.48244874e-01 3.47554153e-02 3.98713990e-03 3.26513370e-02 -1.84362398e-03
5.49557555e-01 3.49351309e-02 4.00630126e-03 3.28292828e-02 -1.83468736e-03
5.50868879e-01 3.51162385e-02 4.02544511e-03 3.30086418e-02 -1.82560064e-03
5.52178845e-01 3.52987530e-02 4.04456778e-03 3.31894294e-02 -1.81636594e-03
5.53487450e-01 3.54826895e-02 4.06366563e-03 3.33716609e-02 -1.80698553e-03
5.54794689e-01 3.56680631e-02 4.08273500e-03 3.35553518e-02 -1.79746178e-03
5.56100561e-01 3.58548890e-02 4.10177228e-03 3.37405177e-02 -1.78779725e-03
5.57405060e-01 3.60431824e-02 4.12077388e-03 3.39271741e-02 -1.77799460e-03
5.58708186e-01 3.62329586e-02 4.13973625e-03 3.41153366e-02 -1.76805663e-03
5.60009933e-01 3.64242330e-02 4.15865589e-03 3.43050209e-02 -1.75798629e-03
5.61310299e-01 3.66170211e-02 4.17752931e-03 3.44962427e-02 -1.74778665e-03
5.62609281e-01 3.68113384e-02 4.19635310e-03 3.46890179e-02 -1.73746091e-03
5.63906875e-01 3.70072003e-02 4.21512391e-03 3.48833621e-02 -1.72701241e-03
5.65203079e-01 3.72046225e-02 4.23383843e-03 3.50792912e-02 -1.71644459e-03
5.66497889e-01 3.74036207e-02 4.25249343e-03 3.52768211e-02 -1.70576105e-03
5.67791302e-01 3.76042105e-02 4.27108573e-03 3.54759676e-02 -1.69496549e-03
5.69083314e-01 3.78064077e-02 4.28961225e-03 3.56767468e-02 -1.68406173e-03
5.70373923e-01 3.80102281e-02 4.30806997e-03 3.58791744e-02 -1.67305371e-03
5.71663126e-01 3.82156874e-02 4.32645596e-03 3.60832666e-02 -1.66194550e-03
5.72950918e-01 3.84228015e-02 4.34476738e-03 3.62890393e-02 -1.65074125e-03
5.74237298e-01 3.86315862e-02 4.36300147e-03 3.64965084e-02 -1.63944524e-03
5.75522261e-01 3.88420574e-02 4.38115556e-03 3.67056900e-02 -1.62806184e-03
5.76805805e-01 3.90542311e-02 4.39922709e-03 3.69166000e-02 -1.61659555e-03
5.78087927e-01 3.92681232e-02 4.41721361e-03 3.71292545e-02 -1.60505093e-03
5.79368623e-01 3.94837495e-02 4.43511274e-03 3.73436695e-02 -1.59343267e-03
5.80647890e-01 3.97011260e-02 4.45292224e-03 3.75598608e-02 -1.58174552e-03
5.81925725e-01 3.99202686e-02 4.47063995e-03 3.77778446e-02 -1.56999435e-03
5.83202125e-01 4.01411932e-02 4.48826384e-03 3.79976367e-02 -1.55818408e-03
5.84477087e-01 4.03639158e-02 4.50579199e-03 3.82192531e-02 -1.54631974e-03
5.85750607e-01 4.05884522e-02 4.52322258e-03 3.84427097e-02 -1.53440643e-03
5.87022683e-01 4.08148184e-02 4.54055392e-03 3.86680223e-02 -1.52244930e-03
5.88293311e-01 4.10430301e-02 4.55778444e-03 3.88952068e-02 -1.51045359e-03
5.89562488e-01 4.12731031e-02 4.57491268e-03 3.91242789e-02 -1.49842462e-03
5.90830212e-01 4.15050534e-02 4.59193730e-03 3.93552543e-02 -1.48636774e-03
5.92096478e-01 4.17388965e-02 4.60885709e-03 3.95881488e-02 -1.47428838e-03
5.93361284e-01 4.19746482e-02 4.62567094e-03 3.98229779e-02 -1.46219201e-03
5.94624627e-01 4.22123241e-02 4.64237789e-03 4.00597573e-02 -1.45008415e-03
5.95886503e-01 4.24519397e-02 4.65897708e-03 4.02985023e-02 -1.43797040e-03
5.97146909e-01 4.26935107e-02 4.67546777e-03 4.05392284e-02 -1.42585635e-03
5.98405843e-01 4.29370525e-02 4.69184936e-03 4.07819509e-02 -1.41374766e-03
5.99663302e-01 4.31825803e-02 4.70812135e-03 4.10266850e-02 -1.40165003e-03
6.00919281e-01 4.34301095e-02 4.72428337e-03 4.12734458e-02 -1.38956918e-03
6.02173778e-01 4.36796553e-02 4.74033517e-03 4.15222484e-02 -1.37751085e-03
6.03426791e-01 4.39312327e-02 4.75627660e-03 4.17731077e-02 -1.36548082e-03
6.04678315e-01 4.41848568e-02 4.77210766e-03 4.20260386e-02 -1.35348490e-03
6.05928348e-01 4.44405425e-02 4.78782844e-03 4.22810556e-02 -1.34152888e-03
6.07176887e-01 4.46983045e-02 4.80343914e-03 4.25381735e-02 -1.32961861e-03
6.08423928e-01 4.49581576e-02 4.81894009e-03 4.27974065e-02 -1.31775992e-03
6.09669468e-01 4.52201161e-02 4.83433171e-03 4.30587691e-02 -1.30595865e-03
6.10913506e-01 4.54841947e-02 4.84961455e-03 4.33222755e-02 -1.29422067e-03
6.12156036e-01 4.57504074e-02 4.86478925e-03 4.35879395e-02 -1.28255181e-03
6.13397057e-01 4.60187686e-02 4.87985656e-03 4.38557751e-02 -1.27095795e-03
6.14636565e-01 4.62892921e-02 4.89481733e-03 4.41257961e-02 -1.25944491e-03
6.15874558e-01 4.65619918e-02 4.90967250e-03 4.43980159e-02 -1.24801856e-03
6.17111031e-01 4.68368814e-02 4.92442312e-03 4.46724480e-02 -1.23668471e-03
6.18345983e-01 4.71139744e-02 4.93907033e-03 4.49491055e-02 -1.22544920e-03
6.19579410e-01 4.73932842e-02 4.95361536e-03 4.52280015e-02 -1.21431782e-03
6.20811308e-01 4.76748240e-02 4.96805953e-03 4.55091489e-02 -1.20329637e-03
6.22041676e-01 4.79586067e-02 4.98240424e-03 4.57925603e-02 -1.19239061e-03
6.23270509e-01 4.82446453e-02 4.99665098e-03 4.60782482e-02 -1.18160630e-03
6.24497806e-01 4.85329524e-02 5.01080132e-03 4.63662248e-02 -1.17094916e-03
6.25723562e-01 4.88235404e-02 5.02485689e-03 4.66565024e-02 -1.16042490e-03
6.26947776e-01 4.91164217e-02 5.03881942e-03 4.69490927e-02 -1.15003919e-03
6.28170443e-01 4.94116083e-02 5.05269069e-03 4.72440074e-02 -1.13979766e-03
6.29391561e-01 4.97091120e-02 5.06647257e-03 4.75412581e-02 -1.12970595e-03
6.30611126e-01 5.00089447e-02 5.08016698e-03 4.78408558e-02 -1.11976963e-03
6.31829137e-01 5.03111177e-02 5.09377590e-03 4.81428118e-02 -1.10999426e-03
6.33045589e-01 5.06156423e-02 5.10730138e-03 4.84471368e-02 -1.10038534e-03
6.34260480e-01 5.09225296e-02 5.12074552e-03 4.87538414e-02 -1.09094836e-03
6.35473807e-01 5.12317905e-02 5.13411048e-03 4.90629360e-02 -1.08168877e-03
6.36685567e-01 5.15434355e-02 5.14739846e-03 4.93744307e-02 -1.07261196e-03
6.37895757e-01 5.18574752e-02 5.16061173e-03 4.96883355e-02 -1.06372331e-03
6.39104373e-01 5.21739196e-02 5.17375258e-03 5.00046601e-02 -1.05502815e-03
6.40311414e-01 5.24927789e-02 5.18682336e-03 5.03234139e-02 -1.04653176e-03
6.41516875e-01 5.28140626e-02 5.19982646e-03 5.06446062e-02 -1.03823938e-03
6.42720754e-01 5.31377805e-02 5.21276430e-03 5.09682459e-02 -1.03015623e-03
6.43923048e-01 5.34639418e-02 5.22563935e-03 5.12943419e-02 -1.02228746e-03
6.45123754e-01 5.37925555e-02 5.23845409e-03 5.16229027e-02 -1.01463821e-03
6.46322869e-01 5.41236307e-02 5.25121106e-03 5.19539366e-02 -1.00721353e-03
6.47520390e-01 5.44571758e-02 5.26391280e-03 5.22874516e-02 -1.00001848e-03
6.48716314e-01 5.47931994e-02 5.27656191e-03 5.26234557e-02 -9.93058047e-04
6.49910639e-01 5.51317096e-02 5.28916098e-03 5.29619563e-02 -9.86337174e-04
6.51103360e-01 5.54727144e-02 5.30171266e-03 5.33029609e-02 -9.79860771e-04
6.52294476e-01 5.58162216e-02 5.31421959e-03 5.36464767e-02 -9.73633701e-04
6.53483983e-01 5.61622386e-02 5.32668446e-03 5.39925104e-02 -9.67660784e-04
6.54671879e-01 5.65107728e-02 5.33910995e-03 5.43410689e-02 -9.61946797e-04
6.55858160e-01 5.68618313e-02 5.35149877e-03 5.46921585e-02 -9.56496475e-04
6.57042824e-01 5.72154209e-02 5.36385366e-03 5.50457855e-02 -9.51314509e-04
6.58225867e-01 5.75715483e-02 5.37617736e-03 5.54019558e-02 -9.46405549e-04
6.59407287e-01 5.79302199e-02 5.38847262e-03 5.57606752e-02 -9.41774201e-04
6.60587080e-01 5.82914419e-02 5.40074222e-03 5.61219493e-02 -9.37425032e-04
6.61765245e-01 5.86552202e-02 5.41298893e-03 5.64857834e-02 -9.33362566e-04
6.62941778e-01 5.90215607e-02 5.42521556e-03 5.68521825e-02 -9.29591284e-04
6.64116675e-01 5.93904690e-02 5.43742492e-03 5.72211516e-02 -9.26115630e-04
6.65289935e-01 5.97619503e-02 5.44961981e-03 5.75926953e-02 -9.22940004e-04
6.66461554e-01 6.01360098e-02 5.46180308e-03 5.79668180e-02 -9.20068769e-04
6.67631530e-01 6.05126525e-02 5.47397757e-03 5.83435239e-02 -9.17506244e-04
6.68799859e-01 6.08918831e-02 5.48614613e-03 5.87228172e-02 -9.15256714e-04
6.69966538e-01 6.12737060e-02 5.49831162e-03 5.91047015e-02 -9.13324421e-04
6.71131566e-01 6.16581256e-02 5.51047692e-03 5.94891804e-02 -9.11713570e-04
6.72294938e-01 6.20451460e-02 5.52264492e-03 5.98762574e-02 -9.10428326e-04
6.73456652e-01 6.24347711e-02 5.53481852e-03 6.02659355e-02 -9.09472817e-04
6.74616706e-01 6.28270046e-02 5.54700064e-03 6.06582178e-02 -9.08851133e-04
6.75775095e-01 6.32218501e-02 5.55919420e-03 6.10531070e-02 -9.08567327e-04
6.76931818e-01 6.36193107e-02 5.57140215e-03 6.14506056e-02 -9.08625413e-04
6.78086872e-01 6.40193896e-02 5.58362745e-03 6.18507160e-02 -9.09029368e-04
6.79240254e-01 6.44220898e-02 5.59587308e-03 6.22534403e-02 -9.09783132e-04
6.80391960e-01 6.48274139e-02 5.60814203e-03 6.26587805e-02 -9.10890608e-04
6.81541988e-01 6.52353644e-02 5.62043733e-03 6.30667382e-02 -9.12355659e-04
6.82690336e-01 6.56459437e-02 5.63276201e-03 6.34773149e-02 -9.14182115e-04
6.83837000e-01 6.60591538e-02 5.64511913e-03 6.38905121e-02 -9.16373763e-04
6.84981977e-01 6.64749967e-02 5.65751178e-03 6.43063308e-02 -9.18934357e-04
6.86125265e-01 6.68934741e-02 5.66994307e-03 6.47247719e-02 -9.21867609e-04
6.87266861e-01 6.73145874e-02 5.68241615e-03 6.51458361e-02 -9.25177193e-04
6.88406763e-01 6.77383382e-02 5.69493418e-03 6.55695238e-02 -9.28866746e-04
6.89544966e-01 6.81647273e-02 5.70750038e-03 6.59958355e-02 -9.32939861e-04
6.90681469e-01 6.85937559e-02 5.72011799e-03 6.64247711e-02 -9.37400094e-04
6.91816268e-01 6.90254245e-02 5.73279027e-03 6.68563305e-02 -9.42250957e-04
6.92949362e-01 6.94597337e-02 5.74552056e-03 6.72905133e-02 -9.47495921e-04
6.94080746e-01 6.98966838e-02 5.75831220e-03 6.77273190e-02 -9.53138413e-04
6.95210419e-01 7.03362748e-02 5.77116861e-03 6.81667468e-02 -9.59181815e-04
6.96338377e-01 7.07785067e-02 5.78409324e-03 6.86087956e-02 -9.65629462e-04
6.97464618e-01 7.12233792e-02 5.79708959e-03 6.90534641e-02 -9.72484643e-04
6.98589139e-01 7.16708916e-02 5.81016120e-03 6.95007510e-02 -9.79750599e-04
6.99711937e-01 7.21210431e-02 5.82331170e-03 6.99506545e-02 -9.87430516e-04
7.00833010e-01 7.25738329e-02 5.83654475e-03 7.04031726e-02 -9.95527531e-04
7.01952354e-01 7.30292596e-02 5.84986408e-03 7.08583032e-02 -1.00404473e-03
7.03069967e-01 7.34873218e-02 5.86327348e-03 7.13160438e-02 -1.01298512e-03
7.04185846e-01 7.39480179e-02 5.87677681e-03 7.17763917e-02 -1.02235169e-03
7.05299989e-01 7.44113458e-02 5.89037801e-03 7.22393440e-02 -1.03214733e-03
7.06412392e-01 7.48773034e-02 5.90408107e-03 7.27048974e-02 -1.04237487e-03
7.07523053e-01 7.53458882e-02 5.91789008e-03 7.31730485e-02 -1.05303710e-03
7.08631969e-01 7.58170977e-02 5.93180919e-03 7.36437936e-02 -1.06413670e-03
7.09739137e-01 7.62909288e-02 5.94584265e-03 7.41171287e-02 -1.07567632e-03
7.10844555e-01 7.67673784e-02 5.95999478e-03 7.45930493e-02 -1.08765850e-03
7.11948220e-01 7.72464430e-02 5.97427000e-03 7.50715511e-02 -1.10008570e-03
7.13050130e-01 7.77281188e-02 5.98867281e-03 7.55526289e-02 -1.11296031e-03
7.14150280e-01 7.82124018e-02 6.00320782e-03 7.60362778e-02 -1.12628464e-03
7.15248670e-01 7.86992878e-02 6.01787972e-03 7.65224922e-02 -1.14006088e-03
7.16345296e-01 7.91887722e-02 6.03269331e-03 7.70112663e-02 -1.15429114e-03
7.17440155e-01 7.96808500e-02 6.04765351e-03 7.75025939e-02 -1.16897743e-03
7.18533244e-01 8.01755162e-02 6.06276532e-03 7.79964688e-02 -1.18412165e-03
7.19624562e-01 8.06727651e-02 6.07803385e-03 7.84928841e-02 -1.19972558e-03
7.20714105e-01 8.11725912e-02 6.09346435e-03 7.89918327e-02 -1.21579090e-03
7.21801870e-01 8.16749882e-02 6.10906216e-03 7.94933072e-02 -1.23231916e-03
7.22887856e-01 8.21799497e-02 6.12483274e-03 7.99972999e-02 -1.24931177e-03
7.23972059e-01 8.26874691e-02 6.14078170e-03 8.05038027e-02 -1.26677003e-03
7.25054476e-01 8.31975392e-02 6.15691472e-03 8.10128070e-02 -1.28469509e-03
7.26135105e-01 8.37101528e-02 6.17323766e-03 8.15243041e-02 -1.30308794e-03
7.27213943e-01 8.42253020e-02 6.18975648e-03 8.20382848e-02 -1.32194945e-03
7.28290988e-01 8.47429790e-02 6.20647727e-03 8.25547396e-02 -1.34128029e-03
7.29366237e-01 8.52631752e-02 6.22340626e-03 8.30736587e-02 -1.36108101e-03
7.30439687e-01 8.57858819e-02 6.24054982e-03 8.35950316e-02 -1.38135194e-03
7.31511336e-01 8.63110902e-02 6.25791444e-03 8.41188479e-02 -1.40209327e-03
7.32581181e-01 8.68387906e-02 6.27550675e-03 8.46450965e-02 -1.42330498e-03
7.33649219e-01 8.73689734e-02 6.29333355e-03 8.51737661e-02 -1.44498685e-03
7.34715448e-01 8.79016286e-02 6.31140175e-03 8.57048450e-02 -1.46713848e-03
7.35779864e-01 8.84367456e-02 6.32971841e-03 8.62383210e-02 -1.48975923e-03
7.36842467e-01 8.89743138e-02 6.34829074e-03 8.67741817e-02 -1.51284827e-03
7.37903252e-01 8.95143221e-02 6.36712609e-03 8.73124143e-02 -1.53640451e-03
7.38962217e-01 9.00567591e-02 6.38623196e-03 8.78530056e-02 -1.56042665e-03
7.40019360e-01 9.06016130e-02 6.40561599e-03 8.83959421e-02 -1.58491313e-03
7.41074678e-01 9.11488717e-02 6.42528597e-03 8.89412098e-02 -1.60986213e-03
7.42128168e-01 9.16985228e-02 6.44524984e-03 8.94887946e-02 -1.63527159e-03
7.43179828e-01 9.22505537e-02 6.46551569e-03 9.00386819e-02 -1.66113915e-03
7.44229655e-01 9.28049513e-02 6.48609174e-03 9.05908567e-02 -1.68746219e-03
7.45277647e-01 9.33617024e-02 6.50698637e-03 9.11453039e-02 -1.71423778e-03
7.46323801e-01 9.39207932e-02 6.52820810e-03 9.17020079e-02 -1.74146270e-03
7.47368114e-01 9.44822100e-02 6.54976560e-03 9.22609529e-02 -1.76913341e-03
7.48410585e-01 9.50459386e-02 6.57166769e-03 9.28221227e-02 -1.79724606e-03
7.49451209e-01 9.56119646e-02 6.59392330e-03 9.33855010e-02 -1.82579647e-03
7.50489985e-01 9.61802734e-02 6.61654153e-03 9.39510711e-02 -1.85478011e-03
7.51526911e-01 9.67508501e-02 6.63953162e-03 9.45188161e-02 -1.88419211e-03
7.52561982e-01 9.73236796e-02 6.66290293e-03 9.50887188e-02 -1.91402722e-03
7.53595199e-01 9.78987467e-02 6.68666495e-03 9.56607620e-02 -1.94427985e-03
7.54626556e-01 9.84760359e-02 6.71082731e-03 9.62349281e-02 -1.97494401e-03
7.55656053e-01 9.90555317e-02 6.73539978e-03 9.68111995e-02 -2.00601333e-03
7.56683685e-01 9.96372183e-02 6.76039223e-03 9.73895582e-02 -2.03748104e-03
7.57709452e-01 1.00221080e-01 6.78581466e-03 9.79699864e-02 -2.06933994e-03
7.58733350e-01 1.00807101e-01 6.81167720e-03 9.85524660e-02 -2.10158245e-03
7.59755377e-01 1.01395265e-01 6.83799007e-03 9.91369789e-02 -2.13420052e-03
7.60775531e-01 1.01985556e-01 6.86476362e-03 9.97235070e-02 -2.16718571e-03
7.61793808e-01 1.02577958e-01 6.89200828e-03 1.00312032e-01 -2.20052908e-03
7.62810206e-01 1.03172455e-01 6.91973460e-03 1.00902536e-01 -2.23422128e-03
7.63824724e-01 1.03769032e-01 6.94795322e-03 1.01495001e-01 -2.26825247e-03
7.64837357e-01 1.04367672e-01 6.97667485e-03 1.02089408e-01 -2.30261234e-03
7.65848104e-01 1.04968360e-01 7.00591030e-03 1.02685741e-01 -2.33729010e-03
7.66856963e-01 1.05571080e-01 7.03567047e-03 1.03283981e-01 -2.37227447e-03
7.67863930e-01 1.06175818e-01 7.06596628e-03 1.03884111e-01 -2.40755367e-03
7.68869004e-01 1.06782557e-01 7.09680878e-03 1.04486113e-01 -2.44311540e-03
7.69872181e-01 1.07391283e-01 7.12820902e-03 1.05089971e-01 -2.47894688e-03
7.70873460e-01 1.08001982e-01 7.16017814e-03 1.05695668e-01 -2.51503478e-03
7.71872838e-01 1.08614639e-01 7.19272729e-03 1.06303188e-01 -2.55136525e-03
7.72870312e-01 1.09229241e-01 7.22586768e-03 1.06912515e-01 -2.58792391e-03
7.73865880e-01 1.09845774e-01 7.25961055e-03 1.07523633e-01 -2.62469582e-03
7.74859540e-01 1.10464226e-01 7.29396713e-03 1.08136529e-01 -2.66166552e-03
7.75851289e-01 1.11084585e-01 7.32894870e-03 1.08751187e-01 -2.69881697e-03
7.76841124e-01 1.11706839e-01 7.36456653e-03 1.09367594e-01 -2.73613361e-03
7.77829044e-01 1.12330977e-01 7.40083187e-03 1.09985737e-01 -2.77359828e-03
7.78815045e-01 1.12956989e-01 7.43775597e-03 1.10605604e-01 -2.81119328e-03
7.79799126e-01 1.13584865e-01 7.47535007e-03 1.11227183e-01 -2.84890033e-03
7.80781283e-01 1.14214597e-01 7.51362536e-03 1.11850465e-01 -2.88670057e-03
7.81761515e-01 1.14846177e-01 7.55259301e-03 1.12475439e-01 -2.92457459e-03
7.82739819e-01 1.15479598e-01 7.59226413e-03 1.13102096e-01 -2.96250237e-03
7.83716193e-01 1.16114854e-01 7.63264977e-03 1.13730429e-01 -3.00046333e-03
7.84690634e-01 1.16751941e-01 7.67376093e-03 1.14360431e-01 -3.03843630e-03
7.85663139e-01 1.17390855e-01 7.71560851e-03 1.14992098e-01 -3.07639956e-03
7.86633708e-01 1.18031593e-01 7.75820336e-03 1.15625424e-01 -3.11433076e-03
7.87602336e-01 1.18674154e-01 7.80155619e-03 1.16260407e-01 -3.15220701e-03
7.88569022e-01 1.19318538e-01 7.84567766e-03 1.16897045e-01 -3.19000482e-03
7.89533763e-01 1.19964746e-01 7.89057826e-03 1.17535338e-01 -3.22770013e-03
7.90496556e-01 1.20612782e-01 7.93626841e-03 1.18175288e-01 -3.26526830e-03
7.91457401e-01 1.21262650e-01 7.98275837e-03 1.18816897e-01 -3.30268412e-03
7.92416293e-01 1.21914355e-01 8.03005826e-03 1.19460169e-01 -3.33992181e-03
7.93373232e-01 1.22567905e-01 8.07817805e-03 1.20105112e-01 -3.37695504e-03
7.94328214e-01 1.23223309e-01 8.12712755e-03 1.20751733e-01 -3.41375690e-03
7.95281236e-01 1.23880579e-01 8.17691642e-03 1.21400041e-01 -3.45029993e-03
7.96232298e-01 1.24539727e-01 8.22755410e-03 1.22050049e-01 -3.48655612e-03
7.97181396e-01 1.25200767e-01 8.27904989e-03 1.22701770e-01 -3.52249693e-03
7.98128528e-01 1.25863717e-01 8.33141285e-03 1.23355219e-01 -3.55809327e-03
7.99073691e-01 1.26528596e-01 8.38465186e-03 1.24010416e-01 -3.59331552e-03
8.00016884e-01 1.27195424e-01 8.43877558e-03 1.24667379e-01 -3.62813356e-03
8.00958104e-01 1.27864224e-01 8.49379244e-03 1.25326131e-01 -3.66251674e-03
8.01897349e-01 1.28535022e-01 8.54971064e-03 1.25986697e-01 -3.69643392e-03
8.02834616e-01 1.29207846e-01 8.60653814e-03 1.26649104e-01 -3.72985346e-03
8.03769903e-01 1.29882725e-01 8.66428265e-03 1.27313381e-01 -3.76274324e-03
8.04703207e-01 1.30559691e-01 8.72295162e-03 1.27979560e-01 -3.79507068e-03
8.05634528e-01 1.31238782e-01 8.78255225e-03 1.28647676e-01 -3.82680275e-03
8.06563861e-01 1.31920033e-01 8.84309143e-03 1.29317767e-01 -3.85790593e-03
8.07491206e-01 1.32603485e-01 8.90457580e-03 1.29989872e-01 -3.88834633e-03
8.08416559e-01 1.33289182e-01 8.96701171e-03 1.30664036e-01 -3.91808958e-03
8.09339918e-01 1.33977169e-01 9.03040519e-03 1.31340303e-01 -3.94710096e-03
8.10261281e-01 1.34667496e-01 9.09476199e-03 1.32018723e-01 -3.97534531e-03
8.11180646e-01 1.35360214e-01 9.16008753e-03 1.32699348e-01 -4.00278712e-03
8.12098011e-01 1.36055378e-01 9.22638694e-03 1.33382233e-01 -4.02939052e-03
8.13013373e-01 1.36753047e-01 9.29366500e-03 1.34067436e-01 -4.05511929e-03
8.13926729e-01 1.37453280e-01 9.36192616e-03 1.34755019e-01 -4.07993686e-03
8.14838079e-01 1.38156144e-01 9.43117456e-03 1.35445047e-01 -4.10380638e-03
8.15747419e-01 1.38861705e-01 9.50141396e-03 1.36137589e-01 -4.12669069e-03
8.16654747e-01 1.39570034e-01 9.57264781e-03 1.36832716e-01 -4.14855233e-03
8.17560061e-01 1.40281206e-01 9.64487919e-03 1.37530503e-01 -4.16935362e-03
8.18463359e-01 1.40995300e-01 9.71811081e-03 1.38231031e-01 -4.18905661e-03
8.19364639e-01 1.41712396e-01 9.79234503e-03 1.38934381e-01 -4.20762312e-03
8.20263897e-01 1.42432580e-01 9.86758385e-03 1.39640639e-01 -4.22501478e-03
8.21161133e-01 1.43155941e-01 9.94382889e-03 1.40349897e-01 -4.24119301e-03
8.22056344e-01 1.43882571e-01 1.00210814e-02 1.41062247e-01 -4.25611909e-03
8.22949527e-01 1.44612566e-01 1.00993422e-02 1.41777789e-01 -4.26975414e-03
8.23840681e-01 1.45346028e-01 1.01786118e-02 1.42496624e-01 -4.28205913e-03
8.24729804e-01 1.46083060e-01 1.02588903e-02 1.43218858e-01 -4.29299493e-03
8.25616892e-01 1.46823771e-01 1.03401774e-02 1.43944601e-01 -4.30252235e-03
8.26501944e-01 1.47568272e-01 1.04224724e-02 1.44673967e-01 -4.31060207e-03
8.27384958e-01 1.48316681e-01 1.05057742e-02 1.45407076e-01 -4.31719477e-03
8.28265931e-01 1.49069117e-01 1.05900813e-02 1.46144049e-01 -4.32226107e-03
8.29144862e-01 1.49825705e-01 1.06753919e-02 1.46885013e-01 -4.32576159e-03
8.30021748e-01 1.50586574e-01 1.07617037e-02 1.47630100e-01 -4.32765695e-03
8.30896587e-01 1.51351857e-01 1.08490139e-02 1.48379446e-01 -4.32790781e-03
8.31769377e-01 1.52121692e-01 1.09373194e-02 1.49133191e-01 -4.32647488e-03
8.32640115e-01 1.52896221e-01 1.10266169e-02 1.49891479e-01 -4.32331891e-03
8.33508800e-01 1.53675590e-01 1.11169022e-02 1.50654460e-01 -4.31840078e-03
8.34375430e-01 1.54459950e-01 1.12081713e-02 1.51422288e-01 -4.31168145e-03
8.35240002e-01 1.55249456e-01 1.13004192e-02 1.52195121e-01 -4.30312201e-03
8.36102514e-01 1.56044268e-01 1.13936409e-02 1.52973122e-01 -4.29268370e-03
8.36962964e-01 1.56844552e-01 1.14878309e-02 1.53756459e-01 -4.28032792e-03
8.37821349e-01 1.57650475e-01 1.15829831e-02 1.54545304e-01 -4.26601628e-03
8.38677669e-01 1.58462212e-01 1.16790913e-02 1.55339836e-01 -4.24971056e-03
8.39531921e-01 1.59279942e-01 1.17761486e-02 1.56140236e-01 -4.23137278e-03
8.40384102e-01 1.60103847e-01 1.18741479e-02 1.56946691e-01 -4.21096519e-03
8.41234210e-01 1.60934117e-01 1.19730816e-02 1.57759393e-01 -4.18845030e-03
8.42082244e-01 1.61770944e-01 1.20729418e-02 1.58578539e-01 -4.16379091e-03
8.42928201e-01 1.62614526e-01 1.21737200e-02 1.59404331e-01 -4.13695008e-03
8.43772079e-01 1.63465066e-01 1.22754075e-02 1.60236976e-01 -4.10789121e-03
8.44613877e-01 1.64322772e-01 1.23779951e-02 1.61076684e-01 -4.07657800e-03
8.45453591e-01 1.65187856e-01 1.24814733e-02 1.61923674e-01 -4.04297451e-03
8.46291221e-01 1.66060536e-01 1.25858320e-02 1.62778166e-01 -4.00704515e-03
8.47126763e-01 1.66941035e-01 1.26910609e-02 1.63640389e-01 -3.96875467e-03
8.47960216e-01 1.67829581e-01 1.27971493e-02 1.64510573e-01 -3.92806826e-03
8.48791578e-01 1.68726405e-01 1.29040861e-02 1.65388956e-01 -3.88495146e-03
8.49620847e-01 1.69631748e-01 1.30118598e-02 1.66275779e-01 -3.83937024e-03
8.50448020e-01 1.70545850e-01 1.31204585e-02 1.67171292e-01 -3.79129099e-03
8.51273096e-01 1.71468961e-01 1.32298699e-02 1.68075745e-01 -3.74068055e-03
8.52096073e-01 1.72401334e-01 1.33400815e-02 1.68989397e-01 -3.68750618e-03
8.52916948e-01 1.73343228e-01 1.34510803e-02 1.69912511e-01 -3.63173563e-03
8.53735720e-01 1.74294906e-01 1.35628529e-02 1.70845354e-01 -3.57333710e-03
8.54552386e-01 1.75256637e-01 1.36753856e-02 1.71788201e-01 -3.51227925e-03
8.55366945e-01 1.76228695e-01 1.37886645e-02 1.72741329e-01 -3.44853127e-03
8.56179395e-01 1.77211360e-01 1.39026752e-02 1.73705024e-01 -3.38206282e-03
8.56989732e-01 1.78204918e-01 1.40174030e-02 1.74679573e-01 -3.31284405e-03
8.57797957e-01 1.79209657e-01 1.41328327e-02 1.75665271e-01 -3.24084566e-03
8.58604066e-01 1.80225873e-01 1.42489491e-02 1.76662419e-01 -3.16603883e-03
8.59408057e-01 1.81253867e-01 1.43657365e-02 1.77671320e-01 -3.08839529e-03
8.60209930e-01 1.82293944e-01 1.44831789e-02 1.78692286e-01 -3.00788727e-03
8.61009680e-01 1.83346418e-01 1.46012599e-02 1.79725632e-01 -2.92448757e-03
8.61807307e-01 1.84411603e-01 1.47199631e-02 1.80771678e-01 -2.83816948e-03
8.62602809e-01 1.85489822e-01 1.48392715e-02 1.81830752e-01 -2.74890689e-03
8.63396184e-01 1.86581404e-01 1.49591679e-02 1.82903184e-01 -2.65667417e-03
8.64187429e-01 1.87686680e-01 1.50796349e-02 1.83989312e-01 -2.56144629e-03
8.64976543e-01 1.88805989e-01 1.52006548e-02 1.85089478e-01 -2.46319873e-03
8.65763524e-01 1.89939675e-01 1.53222095e-02 1.86204029e-01 -2.36190754e-03
8.66548370e-01 1.91088087e-01 1.54442810e-02 1.87333320e-01 -2.25754932e-03
8.67331079e-01 1.92251580e-01 1.55668507e-02 1.88477707e-01 -2.15010119e-03
8.68111648e-01 1.93430515e-01 1.56898999e-02 1.89637555e-01 -2.03954086e-03
8.68890077e-01 1.94625256e-01 1.58134096e-02 1.90813233e-01 -1.92584656e-03
8.69666363e-01 1.95836176e-01 1.59373607e-02 1.92005116e-01 -1.80899707e-03
8.70440504e-01 1.97063650e-01 1.60617339e-02 1.93213584e-01 -1.68897173e-03
8.71212499e-01 1.98308061e-01 1.61865096e-02 1.94439022e-01 -1.56575042e-03
8.71982345e-01 1.99569797e-01 1.63116681e-02 1.95681821e-01 -1.43931353e-03
8.72750041e-01 2.00849251e-01 1.64371893e-02 1.96942377e-01 -1.30964202e-03
8.73515584e-01 2.02146823e-01 1.65630532e-02 1.98221092e-01 -1.17671738e-03
8.74278973e-01 2.03462915e-01 1.66892396e-02 1.99518374e-01 -1.04052163e-03
8.75040206e-01 2.04797940e-01 1.68157280e-02 2.00834635e-01 -9.01037299e-04
8.75799281e-01 2.06152312e-01 1.69424978e-02 2.02170294e-01 -7.58247461e-04
8.76556196e-01 2.07526453e-01 1.70695283e-02 2.03525774e-01 -6.12135699e-04
8.77310949e-01 2.08920789e-01 1.71967988e-02 2.04901504e-01 -4.62686116e-04
8.78063539e-01 2.10335754e-01 1.73242882e-02 2.06297921e-01 -3.09883323e-04
8.78813963e-01 2.11771786e-01 1.74519756e-02 2.07715463e-01 -1.53712441e-04
8.79562220e-01 2.13229329e-01 1.75798399e-02 2.09154578e-01 5.84090952e-06
8.80308308e-01 2.14708833e-01 1.77078597e-02 2.10615717e-01 1.68790606e-04
8.81052225e-01 2.16210753e-01 1.78360139e-02 2.12099337e-01 3.35150031e-04
8.81793969e-01 2.17735550e-01 1.79642811e-02 2.13605902e-01 5.04932079e-04
8.82533538e-01 2.19283693e-01 1.80926398e-02 2.15135880e-01 6.78149154e-04
8.83270931e-01 2.20855654e-01 1.82210687e-02 2.16689746e-01 8.54813175e-04
8.84006145e-01 2.22451912e-01 1.83495464e-02 2.18267980e-01 1.03493558e-03
8.84739180e-01 2.24072951e-01 1.84780512e-02 2.19871069e-01 1.21852734e-03
8.85470032e-01 2.25719262e-01 1.86065617e-02 2.21499503e-01 1.40559893e-03
8.86198701e-01 2.27391343e-01 1.87350564e-02 2.23153782e-01 1.59616036e-03
8.86925184e-01 2.29089694e-01 1.88635139e-02 2.24834409e-01 1.79022118e-03
8.87649480e-01 2.30814826e-01 1.89919127e-02 2.26541892e-01 1.98779044e-03
8.88371587e-01 2.32567252e-01 1.91202312e-02 2.28276749e-01 2.18887675e-03
8.89091503e-01 2.34347493e-01 1.92484483e-02 2.30039501e-01 2.39348823e-03
8.89809227e-01 2.36156076e-01 1.93765424e-02 2.31830674e-01 2.60163253e-03
8.90524756e-01 2.37993534e-01 1.95044923e-02 2.33650804e-01 2.81331683e-03
8.91238089e-01 2.39860405e-01 1.96322768e-02 2.35500430e-01 3.02854783e-03
8.91949223e-01 2.41757236e-01 1.97598748e-02 2.37380098e-01 3.24733176e-03
8.92658159e-01 2.43684576e-01 1.98872653e-02 2.39290360e-01 3.46967436e-03
8.93364892e-01 2.45642986e-01 2.00144271e-02 2.41231775e-01 3.69558088e-03
8.94069423e-01 2.47633027e-01 2.01413396e-02 2.43204908e-01 3.92505610e-03
8.94771748e-01 2.49655270e-01 2.02679820e-02 2.45210331e-01 4.15810428e-03
8.95471867e-01 2.51710293e-01 2.03943337e-02 2.47248620e-01 4.39472918e-03
8.96169778e-01 2.53798679e-01 2.05203741e-02 2.49320361e-01 4.63493406e-03
8.96865478e-01 2.55921016e-01 2.06460831e-02 2.51426143e-01 4.87872164e-03
8.97558967e-01 2.58077902e-01 2.07714402e-02 2.53566564e-01 5.12609413e-03
8.98250242e-01 2.60269939e-01 2.08964256e-02 2.55742228e-01 5.37705318e-03
8.98939302e-01 2.62497735e-01 2.10210193e-02 2.57953745e-01 5.63159990e-03
8.99626145e-01 2.64761908e-01 2.11452017e-02 2.60201733e-01 5.88973483e-03
9.00310769e-01 2.67063079e-01 2.12689531e-02 2.62486815e-01 6.15145795e-03
9.00993173e-01 2.69401878e-01 2.13922542e-02 2.64809622e-01 6.41676863e-03
9.01673355e-01 2.71778940e-01 2.15150858e-02 2.67170792e-01 6.68566563e-03
9.02351313e-01 2.74194909e-01 2.16374290e-02 2.69570969e-01 6.95814710e-03
9.03027046e-01 2.76650433e-01 2.17592649e-02 2.72010804e-01 7.23421056e-03
9.03700552e-01 2.79146170e-01 2.18805749e-02 2.74490955e-01 7.51385284e-03
9.04371830e-01 2.81682782e-01 2.20013407e-02 2.77012089e-01 7.79707014e-03
9.05040876e-01 2.84260939e-01 2.21215440e-02 2.79574878e-01 8.08385792e-03
9.05707691e-01 2.86881318e-01 2.22411670e-02 2.82180000e-01 8.37421097e-03
9.06372273e-01 2.89544604e-01 2.23601917e-02 2.84828143e-01 8.66812331e-03
9.07034619e-01 2.92251488e-01 2.24786008e-02 2.87520000e-01 8.96558823e-03
9.07694728e-01 2.95002666e-01 2.25963769e-02 2.90256272e-01 9.26659822e-03
9.08352599e-01 2.97798846e-01 2.27135028e-02 2.93037668e-01 9.57114499e-03
9.09008229e-01 3.00640738e-01 2.28299617e-02 2.95864904e-01 9.87921940e-03
9.09661618e-01 3.03529062e-01 2.29457370e-02 2.98738701e-01 1.01908115e-02
9.10312763e-01 3.06464545e-01 2.30608122e-02 3.01659789e-01 1.05059104e-02
9.10961663e-01 3.09447919e-01 2.31751711e-02 3.04628908e-01 1.08245044e-02
9.11608317e-01 3.12479926e-01 2.32887979e-02 3.07646800e-01 1.11465809e-02
9.12252723e-01 3.15561313e-01 2.34016766e-02 3.10714219e-01 1.14721262e-02
9.12894879e-01 3.18692836e-01 2.35137919e-02 3.13831923e-01 1.18011257e-02
9.13534783e-01 3.21875257e-01 2.36251283e-02 3.17000680e-01 1.21335638e-02
9.14172435e-01 3.25109345e-01 2.37356709e-02 3.20221264e-01 1.24694240e-02
9.14807832e-01 3.28395877e-01 2.38454048e-02 3.23494457e-01 1.28086886e-02
9.15440973e-01 3.31735637e-01 2.39543154e-02 3.26821047e-01 1.31513388e-02
9.16071856e-01 3.35129415e-01 2.40623881e-02 3.30201832e-01 1.34973548e-02
9.16700480e-01 3.38578011e-01 2.41696089e-02 3.33637615e-01 1.38467157e-02
9.17326844e-01 3.42082229e-01 2.42759638e-02 3.37129208e-01 1.41993993e-02
9.17950945e-01 3.45642883e-01 2.43814389e-02 3.40677429e-01 1.45553823e-02
9.18572782e-01 3.49260792e-01 2.44860206e-02 3.44283104e-01 1.49146401e-02
9.19192354e-01 3.52936783e-01 2.45896955e-02 3.47947067e-01 1.52771472e-02
9.19809659e-01 3.56671691e-01 2.46924505e-02 3.51670157e-01 1.56428764e-02
9.20424696e-01 3.60466356e-01 2.47942725e-02 3.55453224e-01 1.60117995e-02
9.21037462e-01 3.64321628e-01 2.48951487e-02 3.59297122e-01 1.63838870e-02
9.21647958e-01 3.68238361e-01 2.49950663e-02 3.63202713e-01 1.67591078e-02
9.22256180e-01 3.72217419e-01 2.50940129e-02 3.67170867e-01 1.71374299e-02
9.22862128e-01 3.76259670e-01 2.51919762e-02 3.71202461e-01 1.75188196e-02
9.23465800e-01 3.80365992e-01 2.52889438e-02 3.75298379e-01 1.79032419e-02
9.24067195e-01 3.84537267e-01 2.53849039e-02 3.79459510e-01 1.82906605e-02
9.24666310e-01 3.88774387e-01 2.54798444e-02 3.83686753e-01 1.86810375e-02
9.25263146e-01 3.93078248e-01 2.55737536e-02 3.87981013e-01 1.90743336e-02
9.25857699e-01 3.97449755e-01 2.56666199e-02 3.92343200e-01 1.94705083e-02
9.26449969e-01 4.01889818e-01 2.57584315e-02 3.96774233e-01 1.98695193e-02
9.27039955e-01 4.06399354e-01 2.58491772e-02 4.01275038e-01 2.02713229e-02
9.27627654e-01 4.10979289e-01 2.59388456e-02 4.05846546e-01 2.06758741e-02
9.28213065e-01 4.15630553e-01 2.60274253e-02 4.10489694e-01 2.10831262e-02
9.28796187e-01 4.20354083e-01 2.61149052e-02 4.15205428e-01 2.14930310e-02
9.29377019e-01 4.25150823e-01 2.62012742e-02 4.19994700e-01 2.19055389e-02
9.29955559e-01 4.30021723e-01 2.62865212e-02 4.24858466e-01 2.23205987e-02
9.30531805e-01 4.34967740e-01 2.63706351e-02 4.29797691e-01 2.27381576e-02
9.31105757e-01 4.39989837e-01 2.64536050e-02 4.34813344e-01 2.31581613e-02
9.31677412e-01 4.45088982e-01 2.65354199e-02 4.39906403e-01 2.35805541e-02
9.32246769e-01 4.50266152e-01 2.66160688e-02 4.45077849e-01 2.40052786e-02
9.32813828e-01 4.55522328e-01 2.66955409e-02 4.50328670e-01 2.44322758e-02
9.33378586e-01 4.60858496e-01 2.67738252e-02 4.55659861e-01 2.48614854e-02
9.33941042e-01 4.66275651e-01 2.68509106e-02 4.61072421e-01 2.52928453e-02
9.34501195e-01 4.71774791e-01 2.69267863e-02 4.66567357e-01 2.57262921e-02
9.35059043e-01 4.77356922e-01 2.70014411e-02 4.72145679e-01 2.61617607e-02
9.35614585e-01 4.83023054e-01 2.70748640e-02 4.77808404e-01 2.65991845e-02
9.36167820e-01 4.88774204e-01 2.71470440e-02 4.83556555e-01 2.70384955e-02
9.36718746e-01 4.94611393e-01 2.72179697e-02 4.89391159e-01 2.74796241e-02
9.37267362e-01 5.00535650e-01 2.72876299e-02 4.95313250e-01 2.79224992e-02
9.37813667e-01 5.06548006e-01 2.73560132e-02 5.01323864e-01 2.83670482e-02
9.38357658e-01 5.12649501e-01 2.74231081e-02 5.07424045e-01 2.88131971e-02
9.38899336e-01 5.18841178e-01 2.74889032e-02 5.13614842e-01 2.92608704e-02
9.39438698e-01 5.25124085e-01 2.75533865e-02 5.19897308e-01 2.97099912e-02
9.39975743e-01 5.31499277e-01 2.76165464e-02 5.26272500e-01 3.01604810e-02
9.40510470e-01 5.37967812e-01 2.76783709e-02 5.32741482e-01 3.06122602e-02
9.41042878e-01 5.44530754e-01 2.77388477e-02 5.39305320e-01 3.10652475e-02
9.41572965e-01 5.51189173e-01 2.77979647e-02 5.45965087e-01 3.15193603e-02
9.42100730e-01 5.57944140e-01 2.78557093e-02 5.52721860e-01 3.19745147e-02
9.42626171e-01 5.64796736e-01 2.79120690e-02 5.59576719e-01 3.24306254e-02
9.43149288e-01 5.71748043e-01 2.79670308e-02 5.66530750e-01 3.28876059e-02
9.43670079e-01 5.78799148e-01 2.80205818e-02 5.73585042e-01 3.33453681e-02
9.44188542e-01 5.85951144e-01 2.80727087e-02 5.80740690e-01 3.38038228e-02
9.44704677e-01 5.93205127e-01 2.81233980e-02 5.87998792e-01 3.42628796e-02
9.45218483e-01 6.00562198e-01 2.81726361e-02 5.95360449e-01 3.47224467e-02
9.45729957e-01 6.08023462e-01 2.82204091e-02 6.02826768e-01 3.51824310e-02
9.46239099e-01 6.15590029e-01 2.82667028e-02 6.10398859e-01 3.56427384e-02
9.46745907e-01 6.23263013e-01 2.83115028e-02 6.18077835e-01 3.61032734e-02
9.47250380e-01 6.31043530e-01 2.83547945e-02 6.25864815e-01 3.65639393e-02
9.47752518e-01 6.38932703e-01 2.83965630e-02 6.33760920e-01 3.70246384e-02
9.48252318e-01 6.46931657e-01 2.84367930e-02 6.41767274e-01 3.74852717e-02
9.48749779e-01 6.55041521e-01 2.84754691e-02 6.49885006e-01 3.79457390e-02
9.49244901e-01 6.63263429e-01 2.85125757e-02 6.58115249e-01 3.84059391e-02
9.49737681e-01 6.71598516e-01 2.85480966e-02 6.66459137e-01 3.88657695e-02
9.50228120e-01 6.80047922e-01 2.85820156e-02 6.74917809e-01 3.93251269e-02
9.50716215e-01 6.88612792e-01 2.86143161e-02 6.83492407e-01 3.97839064e-02
9.51201965e-01 6.97294272e-01 2.86449813e-02 6.92184075e-01 4.02420025e-02
9.51685370e-01 7.06093512e-01 2.86739938e-02 7.00993962e-01 4.06993084e-02
9.52166428e-01 7.15011664e-01 2.87013363e-02 7.09923218e-01 4.11557160e-02
9.52645137e-01 7.24049884e-01 2.87269910e-02 7.18972996e-01 4.16111165e-02
9.53121497e-01 7.33209332e-01 2.87509397e-02 7.28144453e-01 4.20653997e-02
9.53595507e-01 7.42491169e-01 2.87731640e-02 7.37438747e-01 4.25184544e-02
9.54067164e-01 7.51896557e-01 2.87936453e-02 7.46857039e-01 4.29701685e-02
9.54536469e-01 7.61426664e-01 2.88123644e-02 7.56400493e-01 4.34204286e-02
9.55003420e-01 7.71082656e-01 2.88293022e-02 7.66070273e-01 4.38691201e-02
9.55468016e-01 7.80865706e-01 2.88444389e-02 7.75867546e-01 4.43161277e-02
9.55930255e-01 7.90776983e-01 2.88577546e-02 7.85793482e-01 4.47613345e-02
9.56390137e-01 8.00817662e-01 2.88692291e-02 7.95849250e-01 4.52046228e-02
9.56847660e-01 8.10988917e-01 2.88788417e-02 8.06036022e-01 4.56458736e-02
9.57302823e-01 8.21291923e-01 2.88865718e-02 8.16354970e-01 4.60849669e-02
9.57755626e-01 8.31727858e-01 2.88923981e-02 8.26807267e-01 4.65217813e-02
9.58206066e-01 8.42297896e-01 2.88962992e-02 8.37394087e-01 4.69561944e-02
9.58654144e-01 8.53003216e-01 2.88982534e-02 8.48116605e-01 4.73880825e-02
9.59099857e-01 8.63844995e-01 2.88982387e-02 8.58975993e-01 4.78173206e-02
9.59543205e-01 8.74824407e-01 2.88962329e-02 8.69973425e-01 4.82437826e-02
9.59984187e-01 8.85942628e-01 2.88922134e-02 8.81110073e-01 4.86673410e-02
9.60422801e-01 8.97200833e-01 2.88861575e-02 8.92387108e-01 4.90878670e-02
9.60859046e-01 9.08600192e-01 2.88780422e-02 9.03805700e-01 4.95052305e-02
9.61292922e-01 9.20141875e-01 2.88678442e-02 9.15367016e-01 4.99193000e-02
9.61724427e-01 9.31827050e-01 2.88555399e-02 9.27072221e-01 5.03299426e-02
9.62153561e-01 9.43656880e-01 2.88411058e-02 9.38922476e-01 5.07370239e-02
9.62580321e-01 9.55632525e-01 2.88245179e-02 9.50918939e-01 5.11404082e-02
9.63004708e-01 9.67755140e-01 2.88057522e-02 9.63062764e-01 5.15399583e-02
9.63426720e-01 9.80025875e-01 2.87847843e-02 9.75355100e-01 5.19355352e-02
9.63846355e-01 9.92445875e-01 2.87615898e-02 9.87797090e-01 5.23269987e-02
9.64263614e-01 1.00501628e+00 2.87361441e-02 1.00038987e+00 5.27142068e-02
9.64678495e-01 1.01773822e+00 2.87084227e-02 1.01313457e+00 5.30970159e-02
9.65090997e-01 1.03061281e+00 2.86784005e-02 1.02603232e+00 5.34752809e-02
9.65501118e-01 1.04364117e+00 2.86460527e-02 1.03908422e+00 5.38488548e-02
9.65908859e-01 1.05682441e+00 2.86113543e-02 1.05229138e+00 5.42175890e-02
9.66314217e-01 1.07016362e+00 2.85742802e-02 1.06565490e+00 5.45813333e-02
9.66717192e-01 1.08365989e+00 2.85348053e-02 1.07917586e+00 5.49399355e-02
9.67117784e-01 1.09731427e+00 2.84929046e-02 1.09285533e+00 5.52932418e-02
9.67515990e-01 1.11112783e+00 2.84485528e-02 1.10669436e+00 5.56410965e-02
9.67911810e-01 1.12510161e+00 2.84017249e-02 1.12069400e+00 5.59833422e-02
9.68305243e-01 1.13923664e+00 2.83523959e-02 1.13485527e+00 5.63198194e-02
9.68696288e-01 1.15353392e+00 2.83005408e-02 1.14917918e+00 5.66503672e-02
9.69084944e-01 1.16799444e+00 2.82461346e-02 1.16366674e+00 5.69748224e-02
9.69471210e-01 1.18261918e+00 2.81891528e-02 1.17831890e+00 5.72930202e-02
9.69855086e-01 1.19740909e+00 2.81295706e-02 1.19313662e+00 5.76047940e-02
9.70236569e-01 1.21236508e+00 2.80673637e-02 1.20812083e+00 5.79099751e-02
9.70615660e-01 1.22748808e+00 2.80025079e-02 1.22327244e+00 5.82083932e-02
9.70992357e-01 1.24277894e+00 2.79349792e-02 1.23859232e+00 5.84998761e-02
9.71366659e-01 1.25823853e+00 2.78647539e-02 1.25408132e+00 5.87842498e-02
9.71738566e-01 1.27386767e+00 2.77918087e-02 1.26974029e+00 5.90613384e-02
9.72108076e-01 1.28966715e+00 2.77161204e-02 1.28556999e+00 5.93309646e-02
9.72475189e-01 1.30563773e+00 2.76376664e-02 1.30157121e+00 5.95929491e-02
9.72839904e-01 1.32178014e+00 2.75564244e-02 1.31774467e+00 5.98471111e-02
9.73202220e-01 1.33809506e+00 2.74723725e-02 1.33409106e+00 6.00932682e-02
9.73562135e-01 1.35458315e+00 2.73854893e-02 1.35061103e+00 6.03312364e-02
9.73919650e-01 1.37124503e+00 2.72957540e-02 1.36730521e+00 6.05608303e-02
9.74274762e-01 1.38808126e+00 2.72031462e-02 1.38417416e+00 6.07818632e-02
9.74627472e-01 1.40509238e+00 2.71076461e-02 1.40121842e+00 6.09941470e-02
9.74977778e-01 1.42227886e+00 2.70092346e-02 1.41843847e+00 6.11974924e-02
9.75325680e-01 1.43964115e+00 2.69078933e-02 1.43583474e+00 6.13917091e-02
9.75671177e-01 1.45717962e+00 2.68036042e-02 1.45340763e+00 6.15766058e-02
9.76014267e-01 1.47489460e+00 2.66963504e-02 1.47115746e+00 6.17519904e-02
9.76354950e-01 1.49278639e+00 2.65861156e-02 1.48908451e+00 6.19176700e-02
9.76693226e-01 1.51085518e+00 2.64728842e-02 1.50718901e+00 6.20734512e-02
9.77029093e-01 1.52910116e+00 2.63566418e-02 1.52547111e+00 6.22191402e-02
9.77362550e-01 1.54752440e+00 2.62373745e-02 1.54393091e+00 6.23545427e-02
9.77693597e-01 1.56612496e+00 2.61150697e-02 1.56256845e+00 6.24794648e-02
9.78022233e-01 1.58490279e+00 2.59897155e-02 1.58138369e+00 6.25937123e-02
9.78348456e-01 1.60385779e+00 2.58613011e-02 1.60037652e+00 6.26970914e-02
9.78672267e-01 1.62298979e+00 2.57298170e-02 1.61954678e+00 6.27894089e-02
9.78993665e-01 1.64229854e+00 2.55952546e-02 1.63889420e+00 6.28704722e-02
9.79312648e-01 1.66178372e+00 2.54576063e-02 1.65841846e+00 6.29400897e-02
9.79629216e-01 1.68144491e+00 2.53168661e-02 1.67811916e+00 6.29980710e-02
9.79943368e-01 1.70128163e+00 2.51730290e-02 1.69799578e+00 6.30442271e-02
9.80255103e-01 1.72129330e+00 2.50260912e-02 1.71804776e+00 6.30783705e-02
9.80564421e-01 1.74147927e+00 2.48760506e-02 1.73827443e+00 6.31003160e-02
9.80871321e-01 1.76183877e+00 2.47229060e-02 1.75867503e+00 6.31098803e-02
9.81175801e-01 1.78237096e+00 2.45666580e-02 1.77924870e+00 6.31068826e-02
9.81477862e-01 1.80307491e+00 2.44073085e-02 1.79999449e+00 6.30911450e-02
9.81777503e-01 1.82394955e+00 2.42448610e-02 1.82091136e+00 6.30624928e-02
9.82074722e-01 1.84499377e+00 2.40793203e-02 1.84199815e+00 6.30207543e-02
9.82369519e-01 1.86620629e+00 2.39106932e-02 1.86325359e+00 6.29657619e-02
9.82661894e-01 1.88758578e+00 2.37389878e-02 1.88467634e+00 6.28973519e-02
9.82951845e-01 1.90913076e+00 2.35642140e-02 1.90626491e+00 6.28153648e-02
9.83239372e-01 1.93083967e+00 2.33863834e-02 1.92801771e+00 6.27196460e-02
9.83524474e-01 1.95271080e+00 2.32055093e-02 1.94993304e+00 6.26100460e-02
9.83807150e-01 1.97474235e+00 2.30216070e-02 1.97200907e+00 6.24864204e-02
9.84087401e-01 1.99693240e+00 2.28346933e-02 1.99424387e+00 6.23486308e-02
9.84365224e-01 2.01927888e+00 2.26447872e-02 2.01663536e+00 6.21965448e-02
9.84640620e-01 2.04177963e+00 2.24519094e-02 2.03918136e+00 6.20300367e-02
9.84913588e-01 2.06443234e+00 2.22560826e-02 2.06187954e+00 6.18489872e-02
9.85184126e-01 2.08723459e+00 2.20573315e-02 2.08472746e+00 6.16532847e-02
9.85452235e-01 2.11018380e+00 2.18556827e-02 2.10772253e+00 6.14428249e-02
9.85717914e-01 2.13327727e+00 2.16511650e-02 2.13086204e+00 6.12175116e-02
9.85981162e-01 2.15651219e+00 2.14438092e-02 2.15414313e+00 6.09772568e-02
9.86241978e-01 2.17988556e+00 2.12336482e-02 2.17756281e+00 6.07219813e-02
9.86500362e-01 2.20339429e+00 2.10207169e-02 2.20111795e+00 6.04516151e-02
9.86756313e-01 2.22703512e+00 2.08050526e-02 2.22480528e+00 6.01660975e-02
9.87009830e-01 2.25080466e+00 2.05866946e-02 2.24862137e+00 5.98653777e-02
9.87260914e-01 2.27469936e+00 2.03656845e-02 2.27256267e+00 5.95494151e-02
9.87509562e-01 2.29871554e+00 2.01420659e-02 2.29662546e+00 5.92181797e-02
9.87755776e-01 2.32284937e+00 1.99158850e-02 2.32080589e+00 5.88716524e-02
9.87999553e-01 2.34709685e+00 1.96871898e-02 2.34509995e+00 5.85098254e-02
9.88240894e-01 2.37145386e+00 1.94560310e-02 2.36950348e+00 5.81327025e-02
9.88479797e-01 2.39591612e+00 1.92224614e-02 2.39401216e+00 5.77402996e-02
9.88716263e-01 2.42047918e+00 1.89865360e-02 2.41862155e+00 5.73326448e-02
9.88950290e-01 2.44513846e+00 1.87483123e-02 2.44332702e+00 5.69097787e-02
9.89181879e-01 2.46988922e+00 1.85078498e-02 2.46812381e+00 5.64717550e-02
9.89411028e-01 2.49472656e+00 1.82652107e-02 2.49300700e+00 5.60186407e-02
9.89637737e-01 2.51964544e+00 1.80204592e-02 2.51797150e+00 5.55505161e-02
9.89862005e-01 2.54464065e+00 1.77736619e-02 2.54301210e+00 5.50674755e-02
9.90083833e-01 2.56970683e+00 1.75248878e-02 2.56812341e+00 5.45696272e-02
9.90303218e-01 2.59483848e+00 1.72742081e-02 2.59329989e+00 5.40570938e-02
9.90520161e-01 2.62002993e+00 1.70216963e-02 2.61853585e+00 5.35300124e-02
9.90734662e-01 2.64527538e+00 1.67674282e-02 2.64382546e+00 5.29885350e-02
9.90946719e-01 2.67056884e+00 1.65114818e-02 2.66916272e+00 5.24328285e-02
9.91156332e-01 2.69590421e+00 1.62539375e-02 2.69454148e+00 5.18630749e-02
9.91363501e-01 2.72127522e+00 1.59948778e-02 2.71995546e+00 5.12794715e-02
9.91568226e-01 2.74667545e+00 1.57343874e-02 2.74539821e+00 5.06822311e-02
9.91770504e-01 2.77209834e+00 1.54725533e-02 2.77086314e+00 5.00715820e-02
9.91970337e-01 2.79753719e+00 1.52094645e-02 2.79634354e+00 4.94477683e-02
9.92167724e-01 2.82298515e+00 1.49452123e-02 2.82183251e+00 4.88110498e-02
9.92362663e-01 2.84843523e+00 1.46798899e-02 2.84732306e+00 4.81617020e-02
9.92555155e-01 2.87388029e+00 1.44135928e-02 2.87280802e+00 4.75000164e-02
9.92745200e-01 2.89931308e+00 1.41464182e-02 2.89828011e+00 4.68263004e-02
9.92932796e-01 2.92472620e+00 1.38784655e-02 2.92373192e+00 4.61408770e-02
9.93117944e-01 2.95011211e+00 1.36098360e-02 2.94915589e+00 4.54440853e-02
9.93300642e-01 2.97546317e+00 1.33406329e-02 2.97454435e+00 4.47362799e-02
9.93480891e-01 3.00077160e+00 1.30709610e-02 2.99988949e+00 4.40178313e-02
9.93658689e-01 3.02602950e+00 1.28009273e-02 3.02518341e+00 4.32891254e-02
9.93834037e-01 3.05122884e+00 1.25306402e-02 3.05041807e+00 4.25505636e-02
9.94006934e-01 3.07636152e+00 1.22602099e-02 3.07558533e+00 4.18025623e-02
9.94177380e-01 3.10141927e+00 1.19897481e-02 3.10067692e+00 4.10455534e-02
9.94345374e-01 3.12639378e+00 1.17193681e-02 3.12568451e+00 4.02799834e-02
9.94510915e-01 3.15127659e+00 1.14491847e-02 3.15059963e+00 3.95063132e-02
9.94674004e-01 3.17605918e+00 1.11793141e-02 3.17541374e+00 3.87250183e-02
9.94834640e-01 3.20073291e+00 1.09098739e-02 3.20011820e+00 3.79365882e-02
9.94992823e-01 3.22528909e+00 1.06409827e-02 3.22470429e+00 3.71415260e-02
9.95148552e-01 3.24971891e+00 1.03727605e-02 3.24916321e+00 3.63403482e-02
9.95301826e-01 3.27401351e+00 1.01053285e-02 3.27348610e+00 3.55335843e-02
9.95452646e-01 3.29816397e+00 9.83880860e-03 3.29766402e+00 3.47217762e-02
9.95601011e-01 3.32216129e+00 9.57332392e-03 3.32168796e+00 3.39054781e-02
9.95746921e-01 3.34599642e+00 9.30899830e-03 3.34554887e+00 3.30852557e-02
9.95890375e-01 3.36966026e+00 9.04595638e-03 3.36923765e+00 3.22616862e-02
9.96031373e-01 3.39314366e+00 8.78432346e-03 3.39274515e+00 3.14353572e-02
9.96169914e-01 3.41643743e+00 8.52422543e-03 3.41606218e+00 3.06068664e-02
9.96305999e-01 3.43953237e+00 8.26578865e-03 3.43917954e+00 2.97768214e-02
9.96439627e-01 3.46241924e+00 8.00913989e-03 3.46208799e+00 2.89458385e-02
9.96570797e-01 3.48508877e+00 7.75440621e-03 3.48477827e+00 2.81145426e-02
9.96699510e-01 3.50753170e+00 7.50171486e-03 3.50724112e+00 2.72835662e-02
9.96825765e-01 3.52973876e+00 7.25119318e-03 3.52946728e+00 2.64535492e-02
9.96949561e-01 3.55170068e+00 7.00296851e-03 3.55144748e+00 2.56251378e-02
9.97070899e-01 3.57340821e+00 6.75716809e-03 3.57317249e+00 2.47989839e-02
9.97189778e-01 3.59485210e+00 6.51391891e-03 3.59463306e+00 2.39757447e-02
9.97306197e-01 3.61602314e+00 6.27334768e-03 3.61581999e+00 2.31560816e-02
9.97420157e-01 3.63691216e+00 6.03558066e-03 3.63672413e+00 2.23406598e-02
9.97531657e-01 3.65751001e+00 5.80074358e-03 3.65733634e+00 2.15301471e-02
9.97640697e-01 3.67780760e+00 5.56896154e-03 3.67764754e+00 2.07252136e-02
9.97747277e-01 3.69779590e+00 5.34035887e-03 3.69764872e+00 1.99265308e-02
9.97851396e-01 3.71746594e+00 5.11505907e-03 3.71733093e+00 1.91347705e-02
9.97953055e-01 3.73680881e+00 4.89318465e-03 3.73668527e+00 1.83506044e-02
9.98052252e-01 3.75581570e+00 4.67485706e-03 3.75570295e+00 1.75747031e-02
9.98148988e-01 3.77447788e+00 4.46019657e-03 3.77437525e+00 1.68077352e-02
9.98243262e-01 3.79278671e+00 4.24932214e-03 3.79269356e+00 1.60503668e-02
9.98335074e-01 3.81073364e+00 4.04235135e-03 3.81064936e+00 1.53032602e-02
9.98424424e-01 3.82831027e+00 3.83940026e-03 3.82823424e+00 1.45670734e-02
9.98511312e-01 3.84550827e+00 3.64058332e-03 3.84543992e+00 1.38424593e-02
9.98595738e-01 3.86231947e+00 3.44601326e-03 3.86225823e+00 1.31300645e-02
9.98677701e-01 3.87873582e+00 3.25580097e-03 3.87868116e+00 1.24305290e-02
9.98757201e-01 3.89474941e+00 3.07005544e-03 3.89470082e+00 1.17444847e-02
9.98834237e-01 3.91035248e+00 2.88888358e-03 3.91030946e+00 1.10725553e-02
9.98908811e-01 3.92553744e+00 2.71239021e-03 3.92549951e+00 1.04153550e-02
9.98980921e-01 3.94029682e+00 2.54067787e-03 3.94026355e+00 9.77348754e-03
9.99050567e-01 3.95462338e+00 2.37384680e-03 3.95459433e+00 9.14754600e-03
9.99117750e-01 3.96851000e+00 2.21199478e-03 3.96848479e+00 8.53811145e-03
9.99182468e-01 3.98194979e+00 2.05521707e-03 3.98192802e+00 7.94575240e-03
9.99244723e-01 3.99493601e+00 1.90360632e-03 3.99491734e+00 7.37102396e-03
9.99304513e-01 4.00746215e+00 1.75725244e-03 4.00744624e+00 6.81446708e-03
9.99361839e-01 4.01952188e+00 1.61624255e-03 4.01950843e+00 6.27660783e-03
9.99416700e-01 4.03110911e+00 1.48066089e-03 4.03109781e+00 5.75795665e-03
9.99469096e-01 4.04221792e+00 1.35058871e-03 4.04220852e+00 5.25900762e-03
9.99519028e-01 4.05284265e+00 1.22610422e-03 4.05283491e+00 4.78023780e-03
9.99566494e-01 4.06297786e+00 1.10728248e-03 4.06297154e+00 4.32210653e-03
9.99611495e-01 4.07261833e+00 9.94195353e-04 4.07261324e+00 3.88505480e-03
9.99654032e-01 4.08175908e+00 8.86911409e-04 4.08175503e+00 3.46950461e-03
9.99694102e-01 4.09039540e+00 7.85495872e-04 4.09039222e+00 3.07585837e-03
9.99731708e-01 4.09852278e+00 6.90010546e-04 4.09852033e+00 2.70449834e-03
9.99766848e-01 4.10613701e+00 6.00513753e-04 4.10613516e+00 2.35578606e-03
9.99799522e-01 4.11323412e+00 5.17060271e-04 4.11323274e+00 2.03006184e-03
9.99829731e-01 4.11981037e+00 4.39701282e-04 4.11980938e+00 1.72764427e-03
9.99857474e-01 4.12586234e+00 3.68484313e-04 4.12586164e+00 1.44882975e-03
9.99882751e-01 4.13138685e+00 3.03453196e-04 4.13138637e+00 1.19389207e-03
9.99905562e-01 4.13638097e+00 2.44648011e-04 4.13638066e+00 9.63082002e-04
9.99925908e-01 4.14084209e+00 1.92105055e-04 4.14084190e+00 7.56626946e-04
9.99943787e-01 4.14476784e+00 1.45856797e-04 4.14476773e+00 5.74730583e-04
9.99959200e-01 4.14815616e+00 1.05931842e-04 4.14815610e+00 4.17572576e-04
9.99972148e-01 4.15100524e+00 7.23549045e-05 4.15100522e+00 2.85308292e-04
9.99982629e-01 4.15331359e+00 4.51467625e-05 4.15331358e+00 1.78068527e-04
9.99990644e-01 4.15507998e+00 2.43241970e-05 4.15507998e+00 9.59591417e-05
9.99996193e-01 4.15630352e+00 9.89973635e-06 4.15630352e+00 3.90599703e-05
9.99999277e-01 4.15698382e+00 1.87912886e-06 4.15698382e+00 7.41478286e-06
