-9.99999277e-01 3.36901536e-03 -3.29130428e-09 -3.36901536e-03 -6.10848210e-09
-9.99996193e-01 3.36898394e-03 -1.73419301e-08 -3.36898394e-03 -3.21844342e-08
-9.99990644e-01 3.36892743e-03 -4.26210793e-08 -3.36892742e-03 -7.90938334e-08
-9.99982629e-01 3.36884580e-03 -7.91360711e-08 -3.36884579e-03 -1.46841548e-07
-9.99972148e-01 3.36873908e-03 -1.26890054e-07 -3.36873904e-03 -2.35420836e-07
-9.99959200e-01 3.36860728e-03 -1.85886410e-07 -3.36860718e-03 -3.44821520e-07
-9.99943787e-01 3.36845040e-03 -2.56129164e-07 -3.36845021e-03 -4.75030757e-07
-9.99925908e-01 3.36826847e-03 -3.37623063e-07 -3.36826814e-03 -6.26033186e-07
-9.99905562e-01 3.36806150e-03 -4.30373590e-07 -3.36806098e-03 -7.97810966e-07
-9.99882751e-01 3.36782953e-03 -5.34386974e-07 -3.36782872e-03 -9.90343798e-07
-9.99857474e-01 3.36757257e-03 -6.49670185e-07 -3.36757137e-03 -1.20360893e-06
-9.99829731e-01 3.36729066e-03 -7.76230936e-07 -3.36728895e-03 -1.43758116e-06
-9.99799522e-01 3.36698383e-03 -9.14077677e-07 -3.36698147e-03 -1.69223286e-06
-9.99766848e-01 3.36665211e-03 -1.06321959e-06 -3.36664892e-03 -1.96753395e-06
-9.99731708e-01 3.36629555e-03 -1.22366660e-06 -3.36629132e-03 -2.26345195e-06
-9.99694102e-01 3.36591417e-03 -1.39542935e-06 -3.36590867e-03 -2.57995195e-06
-9.99654032e-01 3.36550804e-03 -1.57851920e-06 -3.36550100e-03 -2.91699662e-06
-9.99611495e-01 3.36507718e-03 -1.77294824e-06 -3.36506832e-03 -3.27454625e-06
-9.99566494e-01 3.36462166e-03 -1.97872926e-06 -3.36461063e-03 -3.65255873e-06
-9.99519028e-01 3.36414152e-03 -2.19587578e-06 -3.36412794e-03 -4.05098954e-06
-9.99469096e-01 3.36363681e-03 -2.42440200e-06 -3.36362028e-03 -4.46979183e-06
-9.99416700e-01 3.36310761e-03 -2.66432281e-06 -3.36308766e-03 -4.90891636e-06
-9.99361839e-01 3.36255395e-03 -2.91565381e-06 -3.36253009e-03 -5.36831153e-06
-9.99304513e-01 3.36197592e-03 -3.17841127e-06 -3.36194759e-03 -5.84792342e-06
-9.99244723e-01 3.36137356e-03 -3.45261215e-06 -3.36134017e-03 -6.34769577e-06
-9.99182468e-01 3.36074696e-03 -3.73827404e-06 -3.36070786e-03 -6.86756999e-06
-9.99117750e-01 3.36009618e-03 -4.03541524e-06 -3.36005067e-03 -7.40748521e-06
-9.99050567e-01 3.35942130e-03 -4.34405467e-06 -3.35936862e-03 -7.96737824e-06
-9.98980921e-01 3.35872239e-03 -4.66421190e-06 -3.35866174e-03 -8.54718363e-06
-9.98908811e-01 3.35799952e-03 -4.99590714e-06 -3.35793004e-03 -9.14683366e-06
-9.98834237e-01 3.35725279e-03 -5.33916123e-06 -3.35717354e-03 -9.76625836e-06
-9.98757201e-01 3.35648228e-03 -5.69399562e-06 -3.35639226e-03 -1.04053855e-05
-9.98677701e-01 3.35568807e-03 -6.06043238e-06 -3.35558624e-03 -1.10641407e-05
-9.98595738e-01 3.35487025e-03 -6.43849416e-06 -3.35475549e-03 -1.17424474e-05
-9.98511312e-01 3.35402891e-03 -6.82820422e-06 -3.35390004e-03 -1.24402266e-05
-9.98424424e-01 3.35316415e-03 -7.22958639e-06 -3.35301991e-03 -1.31573974e-05
-9.98335074e-01 3.35227606e-03 -7.64266507e-06 -3.35211512e-03 -1.38938768e-05
-9.98243262e-01 3.35136474e-03 -8.06746522e-06 -3.35118572e-03 -1.46495794e-05
-9.98148988e-01 3.35043030e-03 -8.50401235e-06 -3.35023172e-03 -1.54244177e-05
-9.98052252e-01 3.34947284e-03 -8.95233251e-06 -3.34925314e-03 -1.62183025e-05
-9.97953055e-01 3.34849246e-03 -9.41245225e-06 -3.34825003e-03 -1.70311420e-05
-9.97851396e-01 3.34748927e-03 -9.88439868e-06 -3.34722241e-03 -1.78628427e-05
-9.97747277e-01 3.34646339e-03 -1.03681994e-05 -3.34617032e-03 -1.87133089e-05
-9.97640697e-01 3.34541492e-03 -1.08638824e-05 -3.34509377e-03 -1.95824430e-05
-9.97531657e-01 3.34434398e-03 -1.13714763e-05 -3.34399281e-03 -2.04701452e-05
-9.97420157e-01 3.34325070e-03 -1.18910101e-05 -3.34286747e-03 -2.13763138e-05
-9.97306197e-01 3.34213519e-03 -1.24225134e-05 -3.34171778e-03 -2.23008454e-05
-9.97189778e-01 3.34099756e-03 -1.29660159e-05 -3.34054378e-03 -2.32436344e-05
-9.97070899e-01 3.33983796e-03 -1.35215480e-05 -3.33934549e-03 -2.42045732e-05
-9.96949561e-01 3.33865650e-03 -1.40891406e-05 -3.33812297e-03 -2.51835527e-05
-9.96825765e-01 3.33745331e-03 -1.46688247e-05 -3.33687624e-03 -2.61804615e-05
-9.96699510e-01 3.33622852e-03 -1.52606319e-05 -3.33560535e-03 -2.71951865e-05
-9.96570797e-01 3.33498228e-03 -1.58645941e-05 -3.33431032e-03 -2.82276131e-05
-9.96439627e-01 3.33371470e-03 -1.64807436e-05 -3.33299121e-03 -2.92776244e-05
-9.96305999e-01 3.33242593e-03 -1.71091130e-05 -3.33164805e-03 -3.03451021e-05
-9.96169914e-01 3.33111610e-03 -1.77497352e-05 -3.33028088e-03 -3.14299260e-05
-9.96031373e-01 3.32978537e-03 -1.84026435e-05 -3.32888974e-03 -3.25319742e-05
-9.95890375e-01 3.32843386e-03 -1.90678716e-05 -3.32747468e-03 -3.36511231e-05
-9.95746921e-01 3.32706173e-03 -1.97454531e-05 -3.32603574e-03 -3.47872474e-05
-9.95601011e-01 3.32566913e-03 -2.04354223e-05 -3.32457297e-03 -3.59402203e-05
-9.95452646e-01 3.32425619e-03 -2.11378135e-05 -3.32308640e-03 -3.71099132e-05
-9.95301826e-01 3.32282307e-03 -2.18526614e-05 -3.32157609e-03 -3.82961961e-05
-9.95148552e-01 3.32136993e-03 -2.25800008e-05 -3.32004208e-03 -3.94989372e-05
-9.94992823e-01 3.31989691e-03 -2.33198668e-05 -3.31848442e-03 -4.07180034e-05
-9.94834640e-01 3.31840417e-03 -2.40722945e-05 -3.31690315e-03 -4.19532599e-05
-9.94674004e-01 3.31689187e-03 -2.48373195e-05 -3.31529834e-03 -4.32045705e-05
-9.94510915e-01 3.31536017e-03 -2.56149774e-05 -3.31367002e-03 -4.44717977e-05
-9.94345374e-01 3.31380923e-03 -2.64053038e-05 -3.31201824e-03 -4.57548022e-05
-9.94177380e-01 3.31223920e-03 -2.72083347e-05 -3.31034307e-03 -4.70534437e-05
-9.94006934e-01 3.31065025e-03 -2.80241060e-05 -3.30864455e-03 -4.83675803e-05
-9.93834037e-01 3.30904256e-03 -2.88526539e-05 -3.30692273e-03 -4.96970689e-05
-9.93658689e-01 3.30741627e-03 -2.96940145e-05 -3.30517767e-03 -5.10417648e-05
-9.93480891e-01 3.30577157e-03 -3.05482240e-05 -3.30340943e-03 -5.24015224e-05
-9.93300642e-01 3.30410861e-03 -3.14153188e-05 -3.30161806e-03 -5.37761946e-05
-9.93117944e-01 3.30242758e-03 -3.22953351e-05 -3.29980361e-03 -5.51656332e-05
-9.92932796e-01 3.30072863e-03 -3.31883093e-05 -3.29796614e-03 -5.65696887e-05
-9.92745200e-01 3.29901195e-03 -3.40942777e-05 -3.29610572e-03 -5.79882106e-05
-9.92555155e-01 3.29727771e-03 -3.50132767e-05 -3.29422240e-03 -5.94210469e-05
-9.92362663e-01 3.29552608e-03 -3.59453426e-05 -3.29231624e-03 -6.08680451e-05
-9.92167724e-01 3.29375725e-03 -3.68905115e-05 -3.29038730e-03 -6.23290510e-05
-9.91970337e-01 3.29197138e-03 -3.78488197e-05 -3.28843565e-03 -6.38039097e-05
-9.91770504e-01 3.29016865e-03 -3.88203032e-05 -3.28646134e-03 -6.52924653e-05
-9.91568226e-01 3.28834926e-03 -3.98049981e-05 -3.28446444e-03 -6.67945607e-05
-9.91363501e-01 3.28651337e-03 -4.08029403e-05 -3.28244502e-03 -6.83100381e-05
-9.91156332e-01 3.28466117e-03 -4.18141654e-05 -3.28040314e-03 -6.98387386e-05
-9.90946719e-01 3.28279284e-03 -4.28387091e-05 -3.27833886e-03 -7.13805026e-05
-9.90734662e-01 3.28090856e-03 -4.38766068e-05 -3.27625225e-03 -7.29351693e-05
-9.90520161e-01 3.27900853e-03 -4.49278937e-05 -3.27414338e-03 -7.45025774e-05
-9.90303218e-01 3.27709292e-03 -4.59926050e-05 -3.27201232e-03 -7.60825647e-05
-9.90083833e-01 3.27516192e-03 -4.70707754e-05 -3.26985914e-03 -7.76749681e-05
-9.89862005e-01 3.27321572e-03 -4.81624395e-05 -3.26768390e-03 -7.92796240e-05
-9.89637737e-01 3.27125450e-03 -4.92676317e-05 -3.26548668e-03 -8.08963679e-05
-9.89411028e-01 3.26927846e-03 -5.03863861e-05 -3.26326755e-03 -8.25250347e-05
-9.89181879e-01 3.26728778e-03 -5.15187365e-05 -3.26102658e-03 -8.41654588e-05
-9.88950290e-01 3.26528265e-03 -5.26647163e-05 -3.25876385e-03 -8.58174736e-05
-9.88716263e-01 3.26326327e-03 -5.38243588e-05 -3.25647943e-03 -8.74809123e-05
-9.88479797e-01 3.26122982e-03 -5.49976969e-05 -3.25417340e-03 -8.91556074e-05
-9.88240894e-01 3.25918249e-03 -5.61847630e-05 -3.25184583e-03 -9.08413909e-05
-9.87999553e-01 3.25712147e-03 -5.73855894e-05 -3.24949679e-03 -9.25380942e-05
-9.87755776e-01 3.25504697e-03 -5.86002077e-05 -3.24712637e-03 -9.42455485e-05
-9.87509562e-01 3.25295916e-03 -5.98286494e-05 -3.24473465e-03 -9.59635843e-05
-9.87260914e-01 3.25085825e-03 -6.10709455e-05 -3.24232170e-03 -9.76920319e-05
-9.87009830e-01 3.24874442e-03 -6.23271264e-05 -3.23988760e-03 -9.94307211e-05
-9.86756313e-01 3.24661787e-03 -6.35972223e-05 -3.23743244e-03 -1.01179481e-04
-9.86500362e-01 3.24447880e-03 -6.48812628e-05 -3.23495630e-03 -1.02938142e-04
-9.86241978e-01 3.24232739e-03 -6.61792771e-05 -3.23245925e-03 -1.04706532e-04
-9.85981162e-01 3.24016384e-03 -6.74912939e-05 -3.22994139e-03 -1.06484480e-04
-9.85717914e-01 3.23798834e-03 -6.88173414e-05 -3.22740280e-03 -1.08271815e-04
-9.85452235e-01 3.23580110e-03 -7.01574472e-05 -3.22484355e-03 -1.10068364e-04
-9.85184126e-01 3.23360230e-03 -7.15116386e-05 -3.22226375e-03 -1.11873956e-04
-9.84913588e-01 3.23139213e-03 -7.28799419e-05 -3.21966347e-03 -1.13688419e-04
-9.84640620e-01 3.22917080e-03 -7.42623834e-05 -3.21704281e-03 -1.15511582e-04
-9.84365224e-01 3.22693849e-03 -7.56589885e-05 -3.21440184e-03 -1.17343271e-04
-9.84087401e-01 3.22469541e-03 -7.70697819e-05 -3.21174067e-03 -1.19183314e-04
-9.83807150e-01 3.22244174e-03 -7.84947880e-05 -3.20905937e-03 -1.21031540e-04
-9.83524474e-01 3.22017768e-03 -7.99340305e-05 -3.20635804e-03 -1.22887777e-04
-9.83239372e-01 3.21790342e-03 -8.13875323e-05 -3.20363678e-03 -1.24751851e-04
-9.82951845e-01 3.21561915e-03 -8.28553158e-05 -3.20089567e-03 -1.26623592e-04
-9.82661894e-01 3.21332508e-03 -8.43374027e-05 -3.19813481e-03 -1.28502828e-04
-9.82369519e-01 3.21102139e-03 -8.58338142e-05 -3.19535429e-03 -1.30389386e-04
-9.82074722e-01 3.20870827e-03 -8.73445704e-05 -3.19255420e-03 -1.32283095e-04
-9.81777503e-01 3.20638593e-03 -8.88696912e-05 -3.18973465e-03 -1.34183784e-04
-9.81477862e-01 3.20405454e-03 -9.04091954e-05 -3.18689572e-03 -1.36091281e-04
-9.81175801e-01 3.20171431e-03 -9.19631013e-05 -3.18403752e-03 -1.38005416e-04
-9.80871321e-01 3.19936542e-03 -9.35314264e-05 -3.18116013e-03 -1.39926017e-04
-9.80564421e-01 3.19700807e-03 -9.51141875e-05 -3.17826367e-03 -1.41852916e-04
-9.80255103e-01 3.19464244e-03 -9.67114005e-05 -3.17534822e-03 -1.43785941e-04
-9.79943368e-01 3.19226872e-03 -9.83230808e-05 -3.17241390e-03 -1.45724923e-04
-9.79629216e-01 3.18988711e-03 -9.99492427e-05 -3.16946079e-03 -1.47669692e-04
-9.79312648e-01 3.18749780e-03 -1.01589900e-04 -3.16648900e-03 -1.49620081e-04
-9.78993665e-01 3.18510096e-03 -1.03245066e-04 -3.16349864e-03 -1.51575920e-04
-9.78672267e-01 3.18269680e-03 -1.04914751e-04 -3.16048979e-03 -1.53537042e-04
-9.78348456e-01 3.18028549e-03 -1.06598969e-04 -3.15746258e-03 -1.55503278e-04
-9.78022233e-01 3.17786722e-03 -1.08297728e-04 -3.15441710e-03 -1.57474463e-04
-9.77693597e-01 3.17544219e-03 -1.10011039e-04 -3.15135345e-03 -1.59450430e-04
-9.77362550e-01 3.17301056e-03 -1.11738910e-04 -3.14827175e-03 -1.61431012e-04
-9.77029093e-01 3.17057254e-03 -1.13481349e-04 -3.14517209e-03 -1.63416045e-04
-9.76693226e-01 3.16812829e-03 -1.15238364e-04 -3.14205459e-03 -1.65405365e-04
-9.76354950e-01 3.16567801e-03 -1.17009960e-04 -3.13891935e-03 -1.67398806e-04
-9.76014267e-01 3.16322187e-03 -1.18796142e-04 -3.13576648e-03 -1.69396205e-04
-9.75671177e-01 3.16076006e-03 -1.20596915e-04 -3.13259609e-03 -1.71397401e-04
-9.75325680e-01 3.15829276e-03 -1.22412282e-04 -3.12940828e-03 -1.73402231e-04
-9.74977778e-01 3.15582014e-03 -1.24242247e-04 -3.12620317e-03 -1.75410533e-04
-9.74627472e-01 3.15334238e-03 -1.26086810e-04 -3.12298087e-03 -1.77422147e-04
-9.74274762e-01 3.15085966e-03 -1.27945972e-04 -3.11974149e-03 -1.79436914e-04
-9.73919650e-01 3.14837216e-03 -1.29819733e-04 -3.11648513e-03 -1.81454675e-04
-9.73562135e-01 3.14588005e-03 -1.31708092e-04 -3.11321192e-03 -1.83475270e-04
-9.73202220e-01 3.14338351e-03 -1.33611046e-04 -3.10992196e-03 -1.85498544e-04
-9.72839904e-01 3.14088271e-03 -1.35528594e-04 -3.10661537e-03 -1.87524339e-04
-9.72475189e-01 3.13837782e-03 -1.37460730e-04 -3.10329227e-03 -1.89552501e-04
-9.72108076e-01 3.13586901e-03 -1.39407450e-04 -3.09995276e-03 -1.91582873e-04
-9.71738566e-01 3.13335645e-03 -1.41368747e-04 -3.09659696e-03 -1.93615303e-04
-9.71366659e-01 3.13084031e-03 -1.43344616e-04 -3.09322498e-03 -1.95649637e-04
-9.70992357e-01 3.12832076e-03 -1.45335048e-04 -3.08983695e-03 -1.97685724e-04
-9.70615660e-01 3.12579797e-03 -1.47340034e-04 -3.08643298e-03 -1.99723413e-04
-9.70236569e-01 3.12327210e-03 -1.49359565e-04 -3.08301318e-03 -2.01762553e-04
-9.69855086e-01 3.12074332e-03 -1.51393630e-04 -3.07957767e-03 -2.03802996e-04
-9.69471210e-01 3.11821178e-03 -1.53442216e-04 -3.07612658e-03 -2.05844593e-04
-9.69084944e-01 3.11567765e-03 -1.55505312e-04 -3.07266001e-03 -2.07887199e-04
-9.68696288e-01 3.11314109e-03 -1.57582903e-04 -3.06917809e-03 -2.09930666e-04
-9.68305243e-01 3.11060227e-03 -1.59674974e-04 -3.06568094e-03 -2.11974850e-04
-9.67911810e-01 3.10806133e-03 -1.61781511e-04 -3.06216867e-03 -2.14019607e-04
-9.67515990e-01 3.10551843e-03 -1.63902496e-04 -3.05864141e-03 -2.16064794e-04
-9.67117784e-01 3.10297374e-03 -1.66037911e-04 -3.05509928e-03 -2.18110271e-04
-9.66717192e-01 3.10042740e-03 -1.68187738e-04 -3.05154239e-03 -2.20155896e-04
-9.66314217e-01 3.09787957e-03 -1.70351957e-04 -3.04797087e-03 -2.22201530e-04
-9.65908859e-01 3.09533040e-03 -1.72530547e-04 -3.04438484e-03 -2.24247035e-04
-9.65501118e-01 3.09278003e-03 -1.74723486e-04 -3.04078443e-03 -2.26292274e-04
-9.65090997e-01 3.09022863e-03 -1.76930752e-04 -3.03716974e-03 -2.28337111e-04
-9.64678495e-01 3.08767633e-03 -1.79152321e-04 -3.03354091e-03 -2.30381412e-04
-9.64263614e-01 3.08512328e-03 -1.81388167e-04 -3.02989806e-03 -2.32425043e-04
-9.63846355e-01 3.08256963e-03 -1.83638267e-04 -3.02624132e-03 -2.34467871e-04
-9.63426720e-01 3.08001552e-03 -1.85902591e-04 -3.02257079e-03 -2.36509766e-04
-9.63004708e-01 3.07746109e-03 -1.88181114e-04 -3.01888662e-03 -2.38550599e-04
-9.62580321e-01 3.07490648e-03 -1.90473805e-04 -3.01518892e-03 -2.40590239e-04
-9.62153561e-01 3.07235184e-03 -1.92780636e-04 -3.01147781e-03 -2.42628561e-04
-9.61724427e-01 3.06979730e-03 -1.95101575e-04 -3.00775342e-03 -2.44665437e-04
-9.61292922e-01 3.06724299e-03 -1.97436591e-04 -3.00401588e-03 -2.46700744e-04
-9.60859046e-01 3.06468905e-03 -1.99785651e-04 -3.00026531e-03 -2.48734358e-04
-9.60422801e-01 3.06213562e-03 -2.02148721e-04 -2.99650184e-03 -2.50766156e-04
-9.59984187e-01 3.05958283e-03 -2.04525766e-04 -2.99272558e-03 -2.52796018e-04
-9.59543205e-01 3.05703080e-03 -2.06916752e-04 -2.98893667e-03 -2.54823823e-04
-9.59099857e-01 3.05447968e-03 -2.09321640e-04 -2.98513523e-03 -2.56849454e-04
-9.58654144e-01 3.05192957e-03 -2.11740394e-04 -2.98132138e-03 -2.58872794e-04
-9.58206066e-01 3.04938062e-03 -2.14172976e-04 -2.97749526e-03 -2.60893727e-04
-9.57755626e-01 3.04683294e-03 -2.16619344e-04 -2.97365698e-03 -2.62912138e-04
-9.57302823e-01 3.04428666e-03 -2.19079459e-04 -2.96980668e-03 -2.64927914e-04
-9.56847660e-01 3.04174191e-03 -2.21553280e-04 -2.96594447e-03 -2.66940945e-04
-9.56390137e-01 3.03919879e-03 -2.24040764e-04 -2.96207049e-03 -2.68951119e-04
-9.55930255e-01 3.03665744e-03 -2.26541867e-04 -2.95818486e-03 -2.70958327e-04
-9.55468016e-01 3.03411796e-03 -2.29056546e-04 -2.95428771e-03 -2.72962462e-04
-9.55003420e-01 3.03158048e-03 -2.31584755e-04 -2.95037915e-03 -2.74963417e-04
-9.54536469e-01 3.02904511e-03 -2.34126448e-04 -2.94645933e-03 -2.76961087e-04
-9.54067164e-01 3.02651196e-03 -2.36681578e-04 -2.94252836e-03 -2.78955370e-04
-9.53595507e-01 3.02398114e-03 -2.39250098e-04 -2.93858637e-03 -2.80946162e-04
-9.53121497e-01 3.02145277e-03 -2.41831957e-04 -2.93463349e-03 -2.82933363e-04
-9.52645137e-01 3.01892696e-03 -2.44427107e-04 -2.93066984e-03 -2.84916872e-04
-9.52166428e-01 3.01640380e-03 -2.47035497e-04 -2.92669555e-03 -2.86896593e-04
-9.51685370e-01 3.01388341e-03 -2.49657075e-04 -2.92271074e-03 -2.88872428e-04
-9.51201965e-01 3.01136589e-03 -2.52291789e-04 -2.91871554e-03 -2.90844282e-04
-9.50716215e-01 3.00885135e-03 -2.54939586e-04 -2.91471007e-03 -2.92812061e-04
-9.50228120e-01 3.00633988e-03 -2.57600412e-04 -2.91069447e-03 -2.94775671e-04
-9.49737681e-01 3.00383159e-03 -2.60274211e-04 -2.90666885e-03 -2.96735023e-04
-9.49244901e-01 3.00132658e-03 -2.62960929e-04 -2.90263334e-03 -2.98690025e-04
-9.48749779e-01 2.99882494e-03 -2.65660508e-04 -2.89858806e-03 -3.00640589e-04
-9.48252318e-01 2.99632676e-03 -2.68372891e-04 -2.89453314e-03 -3.02586628e-04
-9.47752518e-01 2.99383215e-03 -2.71098021e-04 -2.89046871e-03 -3.04528056e-04
-9.47250380e-01 2.99134120e-03 -2.73835837e-04 -2.88639489e-03 -3.06464789e-04
-9.46745907e-01 2.98885399e-03 -2.76586280e-04 -2.88231180e-03 -3.08396743e-04
-9.46239099e-01 2.98637063e-03 -2.79349291e-04 -2.87821956e-03 -3.10323837e-04
-9.45729957e-01 2.98389119e-03 -2.82124806e-04 -2.87411830e-03 -3.12245989e-04
-9.45218483e-01 2.98141576e-03 -2.84912766e-04 -2.87000815e-03 -3.14163122e-04
-9.44704677e-01 2.97894444e-03 -2.87713105e-04 -2.86588922e-03 -3.16075157e-04
-9.44188542e-01 2.97647731e-03 -2.90525762e-04 -2.86176164e-03 -3.17982018e-04
-9.43670079e-01 2.97401445e-03 -2.93350672e-04 -2.85762552e-03 -3.19883630e-04
-9.43149288e-01 2.97155594e-03 -2.96187770e-04 -2.85348100e-03 -3.21779919e-04
-9.42626171e-01 2.96910186e-03 -2.99036991e-04 -2.84932820e-03 -3.23670813e-04
-9.42100730e-01 2.96665230e-03 -3.01898267e-04 -2.84516722e-03 -3.25556240e-04
-9.41572965e-01 2.96420733e-03 -3.04771533e-04 -2.84099820e-03 -3.27436131e-04
-9.41042878e-01 2.96176703e-03 -3.07656720e-04 -2.83682126e-03 -3.29310417e-04
-9.40510470e-01 2.95933147e-03 -3.10553760e-04 -2.83263652e-03 -3.31179031e-04
-9.39975743e-01 2.95690073e-03 -3.13462585e-04 -2.82844408e-03 -3.33041907e-04
-9.39438698e-01 2.95447489e-03 -3.16383125e-04 -2.82424409e-03 -3.34898981e-04
-9.38899336e-01 2.95205401e-03 -3.19315309e-04 -2.82003664e-03 -3.36750190e-04
-9.38357658e-01 2.94963817e-03 -3.22259067e-04 -2.81582187e-03 -3.38595471e-04
-9.37813667e-01 2.94722744e-03 -3.25214328e-04 -2.81159988e-03 -3.40434763e-04
-9.37267362e-01 2.94482188e-03 -3.28181020e-04 -2.80737080e-03 -3.42268008e-04
-9.36718746e-01 2.94242156e-03 -3.31159070e-04 -2.80313474e-03 -3.44095146e-04
-9.36167820e-01 2.94002655e-03 -3.34148405e-04 -2.79889183e-03 -3.45916122e-04
-9.35614585e-01 2.93763691e-03 -3.37148953e-04 -2.79464216e-03 -3.47730878e-04
-9.35059043e-01 2.93525271e-03 -3.40160638e-04 -2.79038586e-03 -3.49539362e-04
-9.34501195e-01 2.93287400e-03 -3.43183387e-04 -2.78612305e-03 -3.51341518e-04
-9.33941042e-01 2.93050086e-03 -3.46217124e-04 -2.78185383e-03 -3.53137296e-04
-9.33378586e-01 2.92813334e-03 -3.49261774e-04 -2.77757833e-03 -3.54926645e-04
-9.32813828e-01 2.92577150e-03 -3.52317262e-04 -2.77329665e-03 -3.56709514e-04
-9.32246769e-01 2.92341540e-03 -3.55383509e-04 -2.76900890e-03 -3.58485856e-04
-9.31677412e-01 2.92106510e-03 -3.58460441e-04 -2.76471520e-03 -3.60255623e-04
-9.31105757e-01 2.91872064e-03 -3.61547979e-04 -2.76041565e-03 -3.62018769e-04
-9.30531805e-01 2.91638210e-03 -3.64646047e-04 -2.75611038e-03 -3.63775248e-04
-9.29955559e-01 2.91404952e-03 -3.67754565e-04 -2.75179948e-03 -3.65525018e-04
-9.29377019e-01 2.91172295e-03 -3.70873456e-04 -2.74748306e-03 -3.67268035e-04
-9.28796187e-01 2.90940245e-03 -3.74002641e-04 -2.74316124e-03 -3.69004258e-04
-9.28213065e-01 2.90708806e-03 -3.77142041e-04 -2.73883412e-03 -3.70733647e-04
-9.27627654e-01 2.90477985e-03 -3.80291576e-04 -2.73450181e-03 -3.72456161e-04
-9.27039955e-01 2.90247785e-03 -3.83451166e-04 -2.73016441e-03 -3.74171764e-04
-9.26449969e-01 2.90018212e-03 -3.86620733e-04 -2.72582203e-03 -3.75880417e-04
-9.25857699e-01 2.89789271e-03 -3.89800194e-04 -2.72147477e-03 -3.77582084e-04
-9.25263146e-01 2.89560965e-03 -3.92989471e-04 -2.71712274e-03 -3.79276731e-04
-9.24666310e-01 2.89333300e-03 -3.96188481e-04 -2.71276603e-03 -3.80964324e-04
-9.24067195e-01 2.89106280e-03 -3.99397144e-04 -2.70840476e-03 -3.82644829e-04
-9.23465800e-01 2.88879909e-03 -4.02615378e-04 -2.70403902e-03 -3.84318216e-04
-9.22862128e-01 2.88654192e-03 -4.05843103e-04 -2.69966892e-03 -3.85984452e-04
-9.22256180e-01 2.88429133e-03 -4.09080235e-04 -2.69529454e-03 -3.87643507e-04
-9.21647958e-01 2.88204737e-03 -4.12326694e-04 -2.69091600e-03 -3.89295354e-04
-9.21037462e-01 2.87981006e-03 -4.15582397e-04 -2.68653338e-03 -3.90939964e-04
-9.20424696e-01 2.87757946e-03 -4.18847262e-04 -2.68214679e-03 -3.92577311e-04
-9.19809659e-01 2.87535560e-03 -4.22121207e-04 -2.67775633e-03 -3.94207367e-04
-9.19192354e-01 2.87313853e-03 -4.25404149e-04 -2.67336208e-03 -3.95830109e-04
-9.18572782e-01 2.87092826e-03 -4.28696005e-04 -2.66896414e-03 -3.97445511e-04
-9.17950945e-01 2.86872486e-03 -4.31996693e-04 -2.66456260e-03 -3.99053552e-04
-9.17326844e-01 2.86652835e-03 -4.35306130e-04 -2.66015757e-03 -4.00654208e-04
-9.16700480e-01 2.86433876e-03 -4.38624234e-04 -2.65574912e-03 -4.02247458e-04
-9.16071856e-01 2.86215614e-03 -4.41950920e-04 -2.65133736e-03 -4.03833282e-04
-9.15440973e-01 2.85998052e-03 -4.45286107e-04 -2.64692236e-03 -4.05411660e-04
-9.14807832e-01 2.85781193e-03 -4.48629711e-04 -2.64250423e-03 -4.06982574e-04
-9.14172435e-01 2.85565040e-03 -4.51981649e-04 -2.63808304e-03 -4.08546004e-04
-9.13534783e-01 2.85349597e-03 -4.55341839e-04 -2.63365888e-03 -4.10101935e-04
-9.12894879e-01 2.85134867e-03 -4.58710197e-04 -2.62923185e-03 -4.11650350e-04
-9.12252723e-01 2.84920853e-03 -4.62086641e-04 -2.62480202e-03 -4.13191233e-04
-9.11608317e-01 2.84707559e-03 -4.65471087e-04 -2.62036948e-03 -4.14724570e-04
-9.10961663e-01 2.84494987e-03 -4.68863453e-04 -2.61593431e-03 -4.16250348e-04
-9.10312763e-01 2.84283140e-03 -4.72263655e-04 -2.61149659e-03 -4.17768551e-04
-9.09661618e-01 2.84072022e-03 -4.75671613e-04 -2.60705642e-03 -4.19279170e-04
-9.09008229e-01 2.83861635e-03 -4.79087241e-04 -2.60261385e-03 -4.20782191e-04
-9.08352599e-01 2.83651982e-03 -4.82510460e-04 -2.59816898e-03 -4.22277604e-04
-9.07694728e-01 2.83443066e-03 -4.85941185e-04 -2.59372189e-03 -4.23765399e-04
-9.07034619e-01 2.83234890e-03 -4.89379335e-04 -2.58927264e-03 -4.25245566e-04
-9.06372273e-01 2.83027456e-03 -4.92824828e-04 -2.58482132e-03 -4.26718097e-04
-9.05707691e-01 2.82820768e-03 -4.96277582e-04 -2.58036800e-03 -4.28182983e-04
-9.05040876e-01 2.82614827e-03 -4.99737515e-04 -2.57591276e-03 -4.29640218e-04
-9.04371830e-01 2.82409637e-03 -5.03204545e-04 -2.57145566e-03 -4.31089794e-04
-9.03700552e-01 2.82205200e-03 -5.06678592e-04 -2.56699679e-03 -4.32531705e-04
-9.03027046e-01 2.82001519e-03 -5.10159575e-04 -2.56253620e-03 -4.33965946e-04
-9.02351313e-01 2.81798596e-03 -5.13647412e-04 -2.55807397e-03 -4.35392511e-04
-9.01673355e-01 2.81596434e-03 -5.17142023e-04 -2.55361018e-03 -4.36811398e-04
-9.00993173e-01 2.81395035e-03 -5.20643328e-04 -2.54914488e-03 -4.38222602e-04
-9.00310769e-01 2.81194402e-03 -5.24151246e-04 -2.54467814e-03 -4.39626119e-04
-8.99626145e-01 2.80994537e-03 -5.27665698e-04 -2.54021003e-03 -4.41021949e-04
-8.98939302e-01 2.80795442e-03 -5.31186604e-04 -2.53574061e-03 -4.42410088e-04
-8.98250242e-01 2.80597121e-03 -5.34713885e-04 -2.53126995e-03 -4.43790535e-04
-8.97558967e-01 2.80399574e-03 -5.38247462e-04 -2.52679811e-03 -4.45163290e-04
-8.96865478e-01 2.80202806e-03 -5.41787257e-04 -2.52232515e-03 -4.46528352e-04
-8.96169778e-01 2.80006817e-03 -5.45333190e-04 -2.51785112e-03 -4.47885722e-04
-8.95471867e-01 2.79811610e-03 -5.48885186e-04 -2.51337610e-03 -4.49235400e-04
-8.94771748e-01 2.79617188e-03 -5.52443165e-04 -2.50890013e-03 -4.50577387e-04
-8.94069423e-01 2.79423553e-03 -5.56007050e-04 -2.50442328e-03 -4.51911685e-04
-8.93364892e-01 2.79230707e-03 -5.59576766e-04 -2.49994559e-03 -4.53238297e-04
-8.92658159e-01 2.79038652e-03 -5.63152234e-04 -2.49546713e-03 -4.54557225e-04
-8.91949223e-01 2.78847390e-03 -5.66733380e-04 -2.49098794e-03 -4.55868472e-04
-8.91238089e-01 2.78656925e-03 -5.70320128e-04 -2.48650809e-03 -4.57172041e-04
-8.90524756e-01 2.78467257e-03 -5.73912403e-04 -2.48202761e-03 -4.58467937e-04
-8.89809227e-01 2.78278389e-03 -5.77510129e-04 -2.47754657e-03 -4.59756164e-04
-8.89091503e-01 2.78090324e-03 -5.81113232e-04 -2.47306500e-03 -4.61036727e-04
-8.88371587e-01 2.77903063e-03 -5.84721639e-04 -2.46858297e-03 -4.62309631e-04
-8.87649480e-01 2.77716609e-03 -5.88335276e-04 -2.46410051e-03 -4.63574881e-04
-8.86925184e-01 2.77530964e-03 -5.91954070e-04 -2.45961767e-03 -4.64832484e-04
-8.86198701e-01 2.77346129e-03 -5.95577949e-04 -2.45513449e-03 -4.66082446e-04
-8.85470032e-01 2.77162108e-03 -5.99206840e-04 -2.45065103e-03 -4.67324773e-04
-8.84739180e-01 2.76978903e-03 -6.02840672e-04 -2.44616732e-03 -4.68559473e-04
-8.84006145e-01 2.76796514e-03 -6.06479374e-04 -2.44168340e-03 -4.69786553e-04
-8.83270931e-01 2.76614946e-03 -6.10122874e-04 -2.43719931e-03 -4.71006020e-04
-8.82533538e-01 2.76434199e-03 -6.13771105e-04 -2.43271510e-03 -4.72217883e-04
-8.81793969e-01 2.76254277e-03 -6.17423994e-04 -2.42823079e-03 -4.73422150e-04
-8.81052225e-01 2.76075181e-03 -6.21081474e-04 -2.42374644e-03 -4.74618830e-04
-8.80308308e-01 2.75896913e-03 -6.24743477e-04 -2.41926207e-03 -4.75807932e-04
-8.79562220e-01 2.75719475e-03 -6.28409933e-04 -2.41477772e-03 -4.76989464e-04
-8.78813963e-01 2.75542870e-03 -6.32080776e-04 -2.41029342e-03 -4.78163437e-04
-8.78063539e-01 2.75367101e-03 -6.35755938e-04 -2.40580921e-03 -4.79329860e-04
-8.77310949e-01 2.75192168e-03 -6.39435354e-04 -2.40132512e-03 -4.80488743e-04
-8.76556196e-01 2.75018075e-03 -6.43118958e-04 -2.39684118e-03 -4.81640097e-04
-8.75799281e-01 2.74844823e-03 -6.46806684e-04 -2.39235741e-03 -4.82783931e-04
-8.75040206e-01 2.74672415e-03 -6.50498468e-04 -2.38787385e-03 -4.83920258e-04
-8.74278973e-01 2.74500852e-03 -6.54194245e-04 -2.38339052e-03 -4.85049087e-04
-8.73515584e-01 2.74330138e-03 -6.57893952e-04 -2.37890746e-03 -4.86170431e-04
-8.72750041e-01 2.74160275e-03 -6.61597527e-04 -2.37442468e-03 -4.87284300e-04
-8.71982345e-01 2.73991264e-03 -6.65304907e-04 -2.36994221e-03 -4.88390706e-04
-8.71212499e-01 2.73823108e-03 -6.69016030e-04 -2.36546008e-03 -4.89489662e-04
-8.70440504e-01 2.73655809e-03 -6.72730835e-04 -2.36097830e-03 -4.90581178e-04
-8.69666363e-01 2.73489370e-03 -6.76449261e-04 -2.35649690e-03 -4.91665269e-04
-8.68890077e-01 2.73323792e-03 -6.80171249e-04 -2.35201590e-03 -4.92741945e-04
-8.68111648e-01 2.73159079e-03 -6.83896739e-04 -2.34753531e-03 -4.93811219e-04
-8.67331079e-01 2.72995231e-03 -6.87625672e-04 -2.34305516e-03 -4.94873105e-04
-8.66548370e-01 2.72832253e-03 -6.91357991e-04 -2.33857546e-03 -4.95927615e-04
-8.65763524e-01 2.72670146e-03 -6.95093638e-04 -2.33409624e-03 -4.96974763e-04
-8.64976543e-01 2.72508912e-03 -6.98832556e-04 -2.32961749e-03 -4.98014561e-04
-8.64187429e-01 2.72348554e-03 -7.02574688e-04 -2.32513925e-03 -4.99047024e-04
-8.63396184e-01 2.72189074e-03 -7.06319980e-04 -2.32066152e-03 -5.00072164e-04
-8.62602809e-01 2.72030474e-03 -7.10068375e-04 -2.31618431e-03 -5.01089996e-04
-8.61807307e-01 2.71872758e-03 -7.13819820e-04 -2.31170764e-03 -5.02100533e-04
-8.61009680e-01 2.71715927e-03 -7.17574261e-04 -2.30723152e-03 -5.03103789e-04
-8.60209930e-01 2.71559983e-03 -7.21331644e-04 -2.30275595e-03 -5.04099778e-04
-8.59408057e-01 2.71404930e-03 -7.25091918e-04 -2.29828095e-03 -5.05088516e-04
-8.58604066e-01 2.71250770e-03 -7.28855030e-04 -2.29380652e-03 -5.06070015e-04
-8.57797957e-01 2.71097505e-03 -7.32620929e-04 -2.28933267e-03 -5.07044291e-04
-8.56989732e-01 2.70945137e-03 -7.36389564e-04 -2.28485940e-03 -5.08011357e-04
-8.56179395e-01 2.70793670e-03 -7.40160885e-04 -2.28038673e-03 -5.08971230e-04
-8.55366945e-01 2.70643105e-03 -7.43934844e-04 -2.27591465e-03 -5.09923923e-04
-8.54552386e-01 2.70493446e-03 -7.47711390e-04 -2.27144317e-03 -5.10869451e-04
-8.53735720e-01 2.70344694e-03 -7.51490477e-04 -2.26697229e-03 -5.11807830e-04
-8.52916948e-01 2.70196853e-03 -7.55272056e-04 -2.26250201e-03 -5.12739074e-04
-8.52096073e-01 2.70049924e-03 -7.59056081e-04 -2.25803233e-03 -5.13663199e-04
-8.51273096e-01 2.69903912e-03 -7.62842505e-04 -2.25356325e-03 -5.14580220e-04
-8.50448020e-01 2.69758817e-03 -7.66631283e-04 -2.24909478e-03 -5.15490152e-04
-8.49620847e-01 2.69614642e-03 -7.70422370e-04 -2.24462690e-03 -5.16393010e-04
-8.48791578e-01 2.69471391e-03 -7.74215721e-04 -2.24015963e-03 -5.17288811e-04
-8.47960216e-01 2.69329066e-03 -7.78011292e-04 -2.23569294e-03 -5.18177569e-04
-8.47126763e-01 2.69187670e-03 -7.81809041e-04 -2.23122684e-03 -5.19059301e-04
-8.46291221e-01 2.69047205e-03 -7.85608925e-04 -2.22676133e-03 -5.19934021e-04
-8.45453591e-01 2.68907673e-03 -7.89410902e-04 -2.22229639e-03 -5.20801747e-04
-8.44613877e-01 2.68769079e-03 -7.93214930e-04 -2.21783202e-03 -5.21662493e-04
-8.43772079e-01 2.68631423e-03 -7.97020969e-04 -2.21336822e-03 -5.22516276e-04
-8.42928201e-01 2.68494710e-03 -8.00828979e-04 -2.20890497e-03 -5.23363112e-04
-8.42082244e-01 2.68358941e-03 -8.04638921e-04 -2.20444227e-03 -5.24203016e-04
-8.41234210e-01 2.68224119e-03 -8.08450754e-04 -2.19998011e-03 -5.25036006e-04
-8.40384102e-01 2.68090248e-03 -8.12264442e-04 -2.19551847e-03 -5.25862096e-04
-8.39531921e-01 2.67957330e-03 -8.16079946e-04 -2.19105734e-03 -5.26681304e-04
-8.38677669e-01 2.67825367e-03 -8.19897228e-04 -2.18659672e-03 -5.27493645e-04
-8.37821349e-01 2.67694362e-03 -8.23716254e-04 -2.18213659e-03 -5.28299137e-04
-8.36962964e-01 2.67564319e-03 -8.27536986e-04 -2.17767694e-03 -5.29097794e-04
-8.36102514e-01 2.67435239e-03 -8.31359389e-04 -2.17321774e-03 -5.29889635e-04
-8.35240002e-01 2.67307126e-03 -8.35183428e-04 -2.16875900e-03 -5.30674676e-04
-8.34375430e-01 2.67179983e-03 -8.39009069e-04 -2.16430069e-03 -5.31452932e-04
-8.33508800e-01 2.67053811e-03 -8.42836278e-04 -2.15984280e-03 -5.32224422e-04
-8.32640115e-01 2.66928615e-03 -8.46665023e-04 -2.15538531e-03 -5.32989161e-04
-8.31769377e-01 2.66804397e-03 -8.50495269e-04 -2.15092821e-03 -5.33747167e-04
-8.30896587e-01 2.66681159e-03 -8.54326986e-04 -2.14647146e-03 -5.34498456e-04
-8.30021748e-01 2.66558904e-03 -8.58160141e-04 -2.14201507e-03 -5.35243045e-04
-8.29144862e-01 2.66437636e-03 -8.61994705e-04 -2.13755901e-03 -5.35980951e-04
-8.28265931e-01 2.66317357e-03 -8.65830645e-04 -2.13310325e-03 -5.36712192e-04
-8.27384958e-01 2.66198070e-03 -8.69667932e-04 -2.12864779e-03 -5.37436784e-04
-8.26501944e-01 2.66079777e-03 -8.73506538e-04 -2.12419259e-03 -5.38154745e-04
-8.25616892e-01 2.65962481e-03 -8.77346431e-04 -2.11973764e-03 -5.38866091e-04
-8.24729804e-01 2.65846186e-03 -8.81187586e-04 -2.11528292e-03 -5.39570841e-04
-8.23840681e-01 2.65730894e-03 -8.85029972e-04 -2.11082840e-03 -5.40269011e-04
-8.22949527e-01 2.65616608e-03 -8.88873564e-04 -2.10637406e-03 -5.40960619e-04
-8.22056344e-01 2.65503331e-03 -8.92718333e-04 -2.10191987e-03 -5.41645682e-04
-8.21161133e-01 2.65391064e-03 -8.96564253e-04 -2.09746582e-03 -5.42324218e-04
-8.20263897e-01 2.65279813e-03 -9.00411299e-04 -2.09301188e-03 -5.42996246e-04
-8.19364639e-01 2.65169578e-03 -9.04259445e-04 -2.08855802e-03 -5.43661781e-04
-8.18463359e-01 2.65060363e-03 -9.08108665e-04 -2.08410422e-03 -5.44320843e-04
-8.17560061e-01 2.64952170e-03 -9.11958936e-04 -2.07965046e-03 -5.44973449e-04
-8.16654747e-01 2.64845003e-03 -9.15810232e-04 -2.07519670e-03 -5.45619616e-04
-8.15747419e-01 2.64738864e-03 -9.19662530e-04 -2.07074292e-03 -5.46259364e-04
-8.14838079e-01 2.64633757e-03 -9.23515806e-04 -2.06628909e-03 -5.46892710e-04
-8.13926729e-01 2.64529682e-03 -9.27370039e-04 -2.06183519e-03 -5.47519672e-04
-8.13013373e-01 2.64426644e-03 -9.31225204e-04 -2.05738119e-03 -5.48140269e-04
-8.12098011e-01 2.64324646e-03 -9.35081280e-04 -2.05292706e-03 -5.48754518e-04
-8.11180646e-01 2.64223689e-03 -9.38938246e-04 -2.04847276e-03 -5.49362439e-04
-8.10261281e-01 2.64123776e-03 -9.42796079e-04 -2.04401828e-03 -5.49964050e-04
-8.09339918e-01 2.64024911e-03 -9.46654760e-04 -2.03956358e-03 -5.50559369e-04
-8.08416559e-01 2.63927096e-03 -9.50514267e-04 -2.03510864e-03 -5.51148415e-04
-8.07491206e-01 2.63830334e-03 -9.54374580e-04 -2.03065341e-03 -5.51731208e-04
-8.06563861e-01 2.63734627e-03 -9.58235680e-04 -2.02619788e-03 -5.52307765e-04
-8.05634528e-01 2.63639977e-03 -9.62097546e-04 -2.02174201e-03 -5.52878106e-04
-8.04703207e-01 2.63546389e-03 -9.65960160e-04 -2.01728577e-03 -5.53442250e-04
-8.03769903e-01 2.63453863e-03 -9.69823503e-04 -2.01282912e-03 -5.54000216e-04
-8.02834616e-01 2.63362403e-03 -9.73687557e-04 -2.00837205e-03 -5.54552023e-04
-8.01897349e-01 2.63272012e-03 -9.77552303e-04 -2.00391450e-03 -5.55097691e-04
-8.00958104e-01 2.63182691e-03 -9.81417723e-04 -1.99945646e-03 -5.55637240e-04
-8.00016884e-01 2.63094444e-03 -9.85283800e-04 -1.99499789e-03 -5.56170688e-04
-7.99073691e-01 2.63007273e-03 -9.89150517e-04 -1.99053876e-03 -5.56698056e-04
-7.98128528e-01 2.62921181e-03 -9.93017856e-04 -1.98607902e-03 -5.57219364e-04
-7.97181396e-01 2.62836169e-03 -9.96885802e-04 -1.98161866e-03 -5.57734630e-04
-7.96232298e-01 2.62752241e-03 -1.00075434e-03 -1.97715763e-03 -5.58243877e-04
-7.95281236e-01 2.62669399e-03 -1.00462345e-03 -1.97269591e-03 -5.58747123e-04
-7.94328214e-01 2.62587645e-03 -1.00849311e-03 -1.96823345e-03 -5.59244389e-04
-7.93373232e-01 2.62506981e-03 -1.01236332e-03 -1.96377023e-03 -5.59735695e-04
-7.92416293e-01 2.62427411e-03 -1.01623405e-03 -1.95930621e-03 -5.60221062e-04
-7.91457401e-01 2.62348936e-03 -1.02010530e-03 -1.95484135e-03 -5.60700511e-04
-7.90496556e-01 2.62271559e-03 -1.02397704e-03 -1.95037562e-03 -5.61174063e-04
-7.89533763e-01 2.62195282e-03 -1.02784927e-03 -1.94590898e-03 -5.61641738e-04
-7.88569022e-01 2.62120107e-03 -1.03172196e-03 -1.94144141e-03 -5.62103557e-04
-7.87602336e-01 2.62046037e-03 -1.03559510e-03 -1.93697285e-03 -5.62559542e-04
-7.86633708e-01 2.61973073e-03 -1.03946868e-03 -1.93250329e-03 -5.63009714e-04
-7.85663139e-01 2.61901218e-03 -1.04334269e-03 -1.92803267e-03 -5.63454095e-04
-7.84690634e-01 2.61830475e-03 -1.04721711e-03 -1.92356097e-03 -5.63892706e-04
-7.83716193e-01 2.61760845e-03 -1.05109193e-03 -1.91908815e-03 -5.64325569e-04
-7.82739819e-01 2.61692330e-03 -1.05496713e-03 -1.91461417e-03 -5.64752706e-04
-7.81761515e-01 2.61624932e-03 -1.05884270e-03 -1.91013900e-03 -5.65174138e-04
-7.80781283e-01 2.61558654e-03 -1.06271862e-03 -1.90566260e-03 -5.65589889e-04
-7.79799126e-01 2.61493498e-03 -1.06659489e-03 -1.90118494e-03 -5.65999980e-04
-7.78815045e-01 2.61429464e-03 -1.07047150e-03 -1.89670596e-03 -5.66404435e-04
-7.77829044e-01 2.61366557e-03 -1.07434842e-03 -1.89222565e-03 -5.66803275e-04
-7.76841124e-01 2.61304776e-03 -1.07822565e-03 -1.88774396e-03 -5.67196523e-04
-7.75851289e-01 2.61244125e-03 -1.08210317e-03 -1.88326086e-03 -5.67584203e-04
-7.74859540e-01 2.61184605e-03 -1.08598097e-03 -1.87877630e-03 -5.67966338e-04
-7.73865880e-01 2.61126218e-03 -1.08985904e-03 -1.87429026e-03 -5.68342950e-04
-7.72870312e-01 2.61068965e-03 -1.09373737e-03 -1.86980269e-03 -5.68714064e-04
-7.71872838e-01 2.61012849e-03 -1.09761594e-03 -1.86531355e-03 -5.69079702e-04
-7.70873460e-01 2.60957871e-03 -1.10149474e-03 -1.86082281e-03 -5.69439890e-04
-7.69872181e-01 2.60904033e-03 -1.10537376e-03 -1.85633044e-03 -5.69794649e-04
-7.68869004e-01 2.60851336e-03 -1.10925299e-03 -1.85183638e-03 -5.70144006e-04
-7.67863930e-01 2.60799782e-03 -1.11313242e-03 -1.84734062e-03 -5.70487983e-04
-7.66856963e-01 2.60749373e-03 -1.11701202e-03 -1.84284310e-03 -5.70826606e-04
-7.65848104e-01 2.60700111e-03 -1.12089180e-03 -1.83834379e-03 -5.71159899e-04
-7.64837357e-01 2.60651995e-03 -1.12477174e-03 -1.83384265e-03 -5.71487886e-04
-7.63824724e-01 2.60605030e-03 -1.12865183e-03 -1.82933964e-03 -5.71810592e-04
-7.62810206e-01 2.60559214e-03 -1.13253205e-03 -1.82483473e-03 -5.72128044e-04
-7.61793808e-01 2.60514551e-03 -1.13641240e-03 -1.82032788e-03 -5.72440265e-04
-7.60775531e-01 2.60471041e-03 -1.14029285e-03 -1.81581905e-03 -5.72747282e-04
-7.59755377e-01 2.60428686e-03 -1.14417341e-03 -1.81130820e-03 -5.73049119e-04
-7.58733350e-01 2.60387487e-03 -1.14805406e-03 -1.80679529e-03 -5.73345803e-04
-7.57709452e-01 2.60347445e-03 -1.15193478e-03 -1.80228029e-03 -5.73637359e-04
-7.56683685e-01 2.60308561e-03 -1.15581556e-03 -1.79776316e-03 -5.73923814e-04
-7.55656053e-01 2.60270837e-03 -1.15969640e-03 -1.79324386e-03 -5.74205194e-04
-7.54626556e-01 2.60234274e-03 -1.16357727e-03 -1.78872234e-03 -5.74481525e-04
-7.53595199e-01 2.60198873e-03 -1.16745817e-03 -1.78419858e-03 -5.74752834e-04
-7.52561982e-01 2.60164635e-03 -1.17133909e-03 -1.77967254e-03 -5.75019147e-04
-7.51526911e-01 2.60131560e-03 -1.17522001e-03 -1.77514417e-03 -5.75280492e-04
-7.50489985e-01 2.60099650e-03 -1.17910092e-03 -1.77061344e-03 -5.75536896e-04
-7.49451209e-01 2.60068907e-03 -1.18298181e-03 -1.76608031e-03 -5.75788385e-04
-7.48410585e-01 2.60039330e-03 -1.18686266e-03 -1.76154475e-03 -5.76034987e-04
-7.47368114e-01 2.60010921e-03 -1.19074346e-03 -1.75700671e-03 -5.76276731e-04
-7.46323801e-01 2.59983680e-03 -1.19462421e-03 -1.75246615e-03 -5.76513643e-04
-7.45277647e-01 2.59957608e-03 -1.19850488e-03 -1.74792304e-03 -5.76745751e-04
-7.44229655e-01 2.59932707e-03 -1.20238547e-03 -1.74337734e-03 -5.76973084e-04
-7.43179828e-01 2.59908976e-03 -1.20626595e-03 -1.73882901e-03 -5.77195670e-04
-7.42128168e-01 2.59886416e-03 -1.21014633e-03 -1.73427802e-03 -5.77413536e-04
-7.41074678e-01 2.59865029e-03 -1.21402657e-03 -1.72972432e-03 -5.77626713e-04
-7.40019360e-01 2.59844814e-03 -1.21790668e-03 -1.72516788e-03 -5.77835228e-04
-7.38962217e-01 2.59825773e-03 -1.22178664e-03 -1.72060866e-03 -5.78039110e-04
-7.37903252e-01 2.59807905e-03 -1.22566643e-03 -1.71604661e-03 -5.78238388e-04
-7.36842467e-01 2.59791212e-03 -1.22954604e-03 -1.71148172e-03 -5.78433092e-04
-7.35779864e-01 2.59775693e-03 -1.23342545e-03 -1.70691392e-03 -5.78623250e-04
-7.34715448e-01 2.59761350e-03 -1.23730466e-03 -1.70234319e-03 -5.78808893e-04
-7.33649219e-01 2.59748182e-03 -1.24118364e-03 -1.69776949e-03 -5.78990049e-04
-7.32581181e-01 2.59736190e-03 -1.24506239e-03 -1.69319278e-03 -5.79166749e-04
-7.31511336e-01 2.59725375e-03 -1.24894088e-03 -1.68861303e-03 -5.79339023e-04
-7.30439687e-01 2.59715735e-03 -1.25281911e-03 -1.68403019e-03 -5.79506899e-04
-7.29366237e-01 2.59707273e-03 -1.25669706e-03 -1.67944422e-03 -5.79670410e-04
-7.28290988e-01 2.59699987e-03 -1.26057471e-03 -1.67485510e-03 -5.79829584e-04
-7.27213943e-01 2.59693879e-03 -1.26445204e-03 -1.67026277e-03 -5.79984453e-04
-7.26135105e-01 2.59688948e-03 -1.26832905e-03 -1.66566721e-03 -5.80135046e-04
-7.25054476e-01 2.59685194e-03 -1.27220572e-03 -1.66106837e-03 -5.80281395e-04
-7.23972059e-01 2.59682618e-03 -1.27608203e-03 -1.65646622e-03 -5.80423531e-04
-7.22887856e-01 2.59681220e-03 -1.27995796e-03 -1.65186071e-03 -5.80561484e-04
-7.21801870e-01 2.59680999e-03 -1.28383350e-03 -1.64725182e-03 -5.80695285e-04
-7.20714105e-01 2.59681955e-03 -1.28770863e-03 -1.64263950e-03 -5.80824966e-04
-7.19624562e-01 2.59684090e-03 -1.29158334e-03 -1.63802372e-03 -5.80950557e-04
-7.18533244e-01 2.59687401e-03 -1.29545760e-03 -1.63340443e-03 -5.81072091e-04
-7.17440155e-01 2.59691890e-03 -1.29933141e-03 -1.62878160e-03 -5.81189598e-04
-7.16345296e-01 2.59697556e-03 -1.30320474e-03 -1.62415519e-03 -5.81303111e-04
-7.15248670e-01 2.59704399e-03 -1.30707758e-03 -1.61952517e-03 -5.81412661e-04
-7.14150280e-01 2.59712419e-03 -1.31094990e-03 -1.61489149e-03 -5.81518280e-04
-7.13050130e-01 2.59721615e-03 -1.31482170e-03 -1.61025412e-03 -5.81619999e-04
-7.11948220e-01 2.59731988e-03 -1.31869295e-03 -1.60561302e-03 -5.81717850e-04
-7.10844555e-01 2.59743537e-03 -1.32256364e-03 -1.60096815e-03 -5.81811867e-04
-7.09739137e-01 2.59756261e-03 -1.32643374e-03 -1.59631947e-03 -5.81902080e-04
-7.08631969e-01 2.59770161e-03 -1.33030323e-03 -1.59166695e-03 -5.81988522e-04
-7.07523053e-01 2.59785237e-03 -1.33417211e-03 -1.58701054e-03 -5.82071226e-04
-7.06412392e-01 2.59801486e-03 -1.33804034e-03 -1.58235021e-03 -5.82150223e-04
-7.05299989e-01 2.59818911e-03 -1.34190791e-03 -1.57768593e-03 -5.82225545e-04
-7.04185846e-01 2.59837509e-03 -1.34577481e-03 -1.57301765e-03 -5.82297227e-04
-7.03069967e-01 2.59857280e-03 -1.34964100e-03 -1.56834533e-03 -5.82365299e-04
-7.01952354e-01 2.59878225e-03 -1.35350647e-03 -1.56366894e-03 -5.82429795e-04
-7.00833010e-01 2.59900342e-03 -1.35737120e-03 -1.55898843e-03 -5.82490747e-04
-6.99711937e-01 2.59923630e-03 -1.36123516e-03 -1.55430378e-03 -5.82548187e-04
-6.98589139e-01 2.59948091e-03 -1.36509835e-03 -1.54961494e-03 -5.82602149e-04
-6.97464618e-01 2.59973722e-03 -1.36896073e-03 -1.54492187e-03 -5.82652665e-04
-6.96338377e-01 2.60000524e-03 -1.37282229e-03 -1.54022454e-03 -5.82699768e-04
-6.95210419e-01 2.60028495e-03 -1.37668299e-03 -1.53552290e-03 -5.82743490e-04
-6.94080746e-01 2.60057635e-03 -1.38054283e-03 -1.53081693e-03 -5.82783865e-04
-6.92949362e-01 2.60087944e-03 -1.38440178e-03 -1.52610657e-03 -5.82820925e-04
-6.91816268e-01 2.60119421e-03 -1.38825982e-03 -1.52139179e-03 -5.82854703e-04
-6.90681469e-01 2.60152065e-03 -1.39211692e-03 -1.51667256e-03 -5.82885231e-04
-6.89544966e-01 2.60185875e-03 -1.39597306e-03 -1.51194883e-03 -5.82912543e-04
-6.88406763e-01 2.60220852e-03 -1.39982822e-03 -1.50722056e-03 -5.82936671e-04
-6.87266861e-01 2.60256993e-03 -1.40368238e-03 -1.50248772e-03 -5.82957648e-04
-6.86125265e-01 2.60294300e-03 -1.40753550e-03 -1.49775026e-03 -5.82975507e-04
-6.84981977e-01 2.60332769e-03 -1.41138758e-03 -1.49300816e-03 -5.82990280e-04
-6.83837000e-01 2.60372402e-03 -1.41523858e-03 -1.48826136e-03 -5.83002000e-04
-6.82690336e-01 2.60413198e-03 -1.41908848e-03 -1.48350983e-03 -5.83010699e-04
-6.81541988e-01 2.60455155e-03 -1.42293725e-03 -1.47875354e-03 -5.83016411e-04
-6.80391960e-01 2.60498272e-03 -1.42678488e-03 -1.47399243e-03 -5.83019168e-04
-6.79240254e-01 2.60542550e-03 -1.43063133e-03 -1.46922648e-03 -5.83019002e-04
-6.78086872e-01 2.60587987e-03 -1.43447659e-03 -1.46445563e-03 -5.83015946e-04
-6.76931818e-01 2.60634583e-03 -1.43832061e-03 -1.45967986e-03 -5.83010031e-04
-6.75775095e-01 2.60682337e-03 -1.44216339e-03 -1.45489912e-03 -5.83001291e-04
-6.74616706e-01 2.60731247e-03 -1.44600489e-03 -1.45011338e-03 -5.82989757e-04
-6.73456652e-01 2.60781314e-03 -1.44984509e-03 -1.44532258e-03 -5.82975462e-04
-6.72294938e-01 2.60832537e-03 -1.45368397e-03 -1.44052670e-03 -5.82958437e-04
-6.71131566e-01 2.60884914e-03 -1.45752148e-03 -1.43572569e-03 -5.82938715e-04
-6.69966538e-01 2.60938445e-03 -1.46135762e-03 -1.43091952e-03 -5.82916327e-04
-6.68799859e-01 2.60993129e-03 -1.46519235e-03 -1.42610813e-03 -5.82891305e-04
-6.67631530e-01 2.61048966e-03 -1.46902564e-03 -1.42129150e-03 -5.82863681e-04
-6.66461554e-01 2.61105954e-03 -1.47285747e-03 -1.41646957e-03 -5.82833486e-04
-6.65289935e-01 2.61164093e-03 -1.47668781e-03 -1.41164231e-03 -5.82800751e-04
-6.64116675e-01 2.61223383e-03 -1.48051663e-03 -1.40680969e-03 -5.82765508e-04
-6.62941778e-01 2.61283821e-03 -1.48434390e-03 -1.40197165e-03 -5.82727787e-04
-6.61765245e-01 2.61345409e-03 -1.48816960e-03 -1.39712815e-03 -5.82687620e-04
-6.60587080e-01 2.61408144e-03 -1.49199370e-03 -1.39227916e-03 -5.82645038e-04
-6.59407287e-01 2.61472026e-03 -1.49581617e-03 -1.38742463e-03 -5.82600070e-04
-6.58225867e-01 2.61537055e-03 -1.49963697e-03 -1.38256452e-03 -5.82552748e-04
-6.57042824e-01 2.61603229e-03 -1.50345609e-03 -1.37769879e-03 -5.82503101e-04
-6.55858160e-01 2.61670549e-03 -1.50727349e-03 -1.37282740e-03 -5.82451160e-04
-6.54671879e-01 2.61739012e-03 -1.51108914e-03 -1.36795030e-03 -5.82396955e-04
-6.53483983e-01 2.61808620e-03 -1.51490301e-03 -1.36306746e-03 -5.82340516e-04
-6.52294476e-01 2.61879370e-03 -1.51871508e-03 -1.35817882e-03 -5.82281871e-04
-6.51103360e-01 2.61951263e-03 -1.52252531e-03 -1.35328435e-03 -5.82221050e-04
-6.49910639e-01 2.62024297e-03 -1.52633367e-03 -1.34838401e-03 -5.82158083e-04
-6.48716314e-01 2.62098472e-03 -1.53014014e-03 -1.34347774e-03 -5.82092998e-04
-6.47520390e-01 2.62173788e-03 -1.53394468e-03 -1.33856551e-03 -5.82025824e-04
-6.46322869e-01 2.62250244e-03 -1.53774726e-03 -1.33364728e-03 -5.81956589e-04
-6.45123754e-01 2.62327839e-03 -1.54154785e-03 -1.32872300e-03 -5.81885322e-04
-6.43923048e-01 2.62406572e-03 -1.54534642e-03 -1.32379262e-03 -5.81812051e-04
-6.42720754e-01 2.62486444e-03 -1.54914294e-03 -1.31885611e-03 -5.81736802e-04
-6.41516875e-01 2.62567454e-03 -1.55293737e-03 -1.31391341e-03 -5.81659605e-04
-6.40311414e-01 2.62649600e-03 -1.55672970e-03 -1.30896449e-03 -5.81580485e-04
-6.39104373e-01 2.62732884e-03 -1.56051987e-03 -1.30400930e-03 -5.81499470e-04
-6.37895757e-01 2.62817304e-03 -1.56430787e-03 -1.29904779e-03 -5.81416587e-04
-6.36685567e-01 2.62902859e-03 -1.56809366e-03 -1.29407993e-03 -5.81331861e-04
-6.35473807e-01 2.62989550e-03 -1.57187721e-03 -1.28910565e-03 -5.81245320e-04
-6.34260480e-01 2.63077377e-03 -1.57565848e-03 -1.28412493e-03 -5.81156989e-04
-6.33045589e-01 2.63166338e-03 -1.57943745e-03 -1.27913771e-03 -5.81066893e-04
-6.31829137e-01 2.63256433e-03 -1.58321408e-03 -1.27414395e-03 -5.80975057e-04
-6.30611126e-01 2.63347663e-03 -1.58698834e-03 -1.26914360e-03 -5.80881507e-04
-6.29391561e-01 2.63440027e-03 -1.59076019e-03 -1.26413661e-03 -5.80786267e-04
-6.28170443e-01 2.63533524e-03 -1.59452961e-03 -1.25912294e-03 -5.80689362e-04
-6.26947776e-01 2.63628155e-03 -1.59829656e-03 -1.25410255e-03 -5.80590815e-04
-6.25723562e-01 2.63723919e-03 -1.60206100e-03 -1.24907537e-03 -5.80490650e-04
-6.24497806e-01 2.63820817e-03 -1.60582291e-03 -1.24404138e-03 -5.80388890e-04
-6.23270509e-01 2.63918847e-03 -1.60958225e-03 -1.23900052e-03 -5.80285558e-04
-6.22041676e-01 2.64018011e-03 -1.61333899e-03 -1.23395274e-03 -5.80180676e-04
-6.20811308e-01 2.64118308e-03 -1.61709309e-03 -1.22889800e-03 -5.80074268e-04
-6.19579410e-01 2.64219737e-03 -1.62084453e-03 -1.22383624e-03 -5.79966355e-04
-6.18345983e-01 2.64322300e-03 -1.62459325e-03 -1.21876743e-03 -5.79856958e-04
-6.17111031e-01 2.64425996e-03 -1.62833924e-03 -1.21369150e-03 -5.79746098e-04
-6.15874558e-01 2.64530825e-03 -1.63208247e-03 -1.20860842e-03 -5.79633796e-04
-6.14636565e-01 2.64636787e-03 -1.63582288e-03 -1.20351813e-03 -5.79520073e-04
-6.13397057e-01 2.64743883e-03 -1.63956046e-03 -1.19842058e-03 -5.79404948e-04
-6.12156036e-01 2.64852112e-03 -1.64329516e-03 -1.19331573e-03 -5.79288441e-04
-6.10913506e-01 2.64961476e-03 -1.64702696e-03 -1.18820352e-03 -5.79170572e-04
-6.09669468e-01 2.65071974e-03 -1.65075581e-03 -1.18308391e-03 -5.79051358e-04
-6.08423928e-01 2.65183607e-03 -1.65448169e-03 -1.17795685e-03 -5.78930819e-04
-6.07176887e-01 2.65296375e-03 -1.65820456e-03 -1.17282228e-03 -5.78808972e-04
-6.05928348e-01 2.65410278e-03 -1.66192438e-03 -1.16768015e-03 -5.78685834e-04
-6.04678315e-01 2.65525317e-03 -1.66564112e-03 -1.16253042e-03 -5.78561424e-04
-6.03426791e-01 2.65641493e-03 -1.66935476e-03 -1.15737303e-03 -5.78435757e-04
-6.02173778e-01 2.65758806e-03 -1.67306524e-03 -1.15220793e-03 -5.78308849e-04
-6.00919281e-01 2.65877256e-03 -1.67677254e-03 -1.14703508e-03 -5.78180717e-04
-5.99663302e-01 2.65996845e-03 -1.68047662e-03 -1.14185441e-03 -5.78051376e-04
-5.98405843e-01 2.66117572e-03 -1.68417745e-03 -1.13666588e-03 -5.77920840e-04
-5.97146909e-01 2.66239440e-03 -1.68787500e-03 -1.13146943e-03 -5.77789124e-04
-5.95886503e-01 2.66362447e-03 -1.69156922e-03 -1.12626502e-03 -5.77656243e-04
-5.94624627e-01 2.66486596e-03 -1.69526009e-03 -1.12105259e-03 -5.77522208e-04
-5.93361284e-01 2.66611888e-03 -1.69894756e-03 -1.11583208e-03 -5.77387034e-04
-5.92096478e-01 2.66738322e-03 -1.70263161e-03 -1.11060345e-03 -5.77250733e-04
-5.90830212e-01 2.66865900e-03 -1.70631220e-03 -1.10536664e-03 -5.77113317e-04
-5.89562488e-01 2.66994624e-03 -1.70998930e-03 -1.10012160e-03 -5.76974798e-04
-5.88293311e-01 2.67124493e-03 -1.71366286e-03 -1.09486827e-03 -5.76835186e-04
-5.87022683e-01 2.67255510e-03 -1.71733286e-03 -1.08960660e-03 -5.76694493e-04
-5.85750607e-01 2.67387675e-03 -1.72099926e-03 -1.08433654e-03 -5.76552727e-04
-5.84477087e-01 2.67520990e-03 -1.72466203e-03 -1.07905803e-03 -5.76409900e-04
-5.83202125e-01 2.67655456e-03 -1.72832113e-03 -1.07377102e-03 -5.76266020e-04
-5.81925725e-01 2.67791073e-03 -1.73197653e-03 -1.06847546e-03 -5.76121095e-04
-5.80647890e-01 2.67927845e-03 -1.73562818e-03 -1.06317128e-03 -5.75975133e-04
-5.79368623e-01 2.68065771e-03 -1.73927607e-03 -1.05785843e-03 -5.75828143e-04
-5.78087927e-01 2.68204854e-03 -1.74292015e-03 -1.05253686e-03 -5.75680131e-04
-5.76805805e-01 2.68345095e-03 -1.74656038e-03 -1.04720652e-03 -5.75531104e-04
-5.75522261e-01 2.68486496e-03 -1.75019674e-03 -1.04186734e-03 -5.75381067e-04
-5.74237298e-01 2.68629057e-03 -1.75382919e-03 -1.03651927e-03 -5.75230026e-04
-5.72950918e-01 2.68772782e-03 -1.75745769e-03 -1.03116226e-03 -5.75077986e-04
-5.71663126e-01 2.68917671e-03 -1.76108222e-03 -1.02579625e-03 -5.74924951e-04
-5.70373923e-01 2.69063727e-03 -1.76470273e-03 -1.02042118e-03 -5.74770925e-04
-5.69083314e-01 2.69210950e-03 -1.76831919e-03 -1.01503699e-03 -5.74615911e-04
-5.67791302e-01 2.69359344e-03 -1.77193157e-03 -1.00964363e-03 -5.74459912e-04
-5.66497889e-01 2.69508910e-03 -1.77553983e-03 -1.00424105e-03 -5.74302930e-04
-5.65203079e-01 2.69659650e-03 -1.77914394e-03 -9.98829175e-04 -5.74144967e-04
-5.63906875e-01 2.69811566e-03 -1.78274387e-03 -9.93407962e-04 -5.73986024e-04
-5.62609281e-01 2.69964660e-03 -1.78633958e-03 -9.87977348e-04 -5.73826101e-04
-5.61310299e-01 2.70118935e-03 -1.78993104e-03 -9.82537277e-04 -5.73665198e-04
-5.60009933e-01 2.70274393e-03 -1.79351821e-03 -9.77087689e-04 -5.73503315e-04
-5.58708186e-01 2.70431035e-03 -1.79710106e-03 -9.71628528e-04 -5.73340449e-04
-5.57405060e-01 2.70588865e-03 -1.80067956e-03 -9.66159735e-04 -5.73176601e-04
-5.56100561e-01 2.70747884e-03 -1.80425367e-03 -9.60681252e-04 -5.73011766e-04
-5.54794689e-01 2.70908095e-03 -1.80782336e-03 -9.55193021e-04 -5.72845942e-04
-5.53487450e-01 2.71069501e-03 -1.81138860e-03 -9.49694982e-04 -5.72679126e-04
-5.52178845e-01 2.71232104e-03 -1.81494935e-03 -9.44187077e-04 -5.72511313e-04
-5.50868879e-01 2.71395907e-03 -1.81850558e-03 -9.38669248e-04 -5.72342499e-04
-5.49557555e-01 2.71560912e-03 -1.82205726e-03 -9.33141434e-04 -5.72172679e-04
-5.48244874e-01 2.71727123e-03 -1.82560436e-03 -9.27603578e-04 -5.72001846e-04
-5.46930842e-01 2.71894541e-03 -1.82914684e-03 -9.22055619e-04 -5.71829994e-04
-5.45615461e-01 2.72063171e-03 -1.83268467e-03 -9.16497498e-04 -5.71657116e-04
-5.44298735e-01 2.72233014e-03 -1.83621781e-03 -9.10929156e-04 -5.71483205e-04
-5.42980666e-01 2.72404073e-03 -1.83974624e-03 -9.05350534e-04 -5.71308252e-04
-5.41661258e-01 2.72576352e-03 -1.84326992e-03 -8.99761570e-04 -5.71132248e-04
-5.40340514e-01 2.72749854e-03 -1.84678883e-03 -8.94162206e-04 -5.70955183e-04
-5.39018438e-01 2.72924582e-03 -1.85030292e-03 -8.88552382e-04 -5.70777049e-04
-5.37695032e-01 2.73100539e-03 -1.85381217e-03 -8.82932037e-04 -5.70597833e-04
-5.36370301e-01 2.73277728e-03 -1.85731655e-03 -8.77301111e-04 -5.70417526e-04
-5.35044246e-01 2.73456153e-03 -1.86081602e-03 -8.71659544e-04 -5.70236114e-04
-5.33716872e-01 2.73635817e-03 -1.86431055e-03 -8.66007275e-04 -5.70053586e-04
-5.32388182e-01 2.73816723e-03 -1.86780012e-03 -8.60344245e-04 -5.69869928e-04
-5.31058179e-01 2.73998874e-03 -1.87128468e-03 -8.54670393e-04 -5.69685126e-04
-5.29726866e-01 2.74182275e-03 -1.87476422e-03 -8.48985657e-04 -5.69499168e-04
-5.28394247e-01 2.74366929e-03 -1.87823870e-03 -8.43289979e-04 -5.69312036e-04
-5.27060325e-01 2.74552840e-03 -1.88170808e-03 -8.37583295e-04 -5.69123716e-04
-5.25725102e-01 2.74740011e-03 -1.88517235e-03 -8.31865547e-04 -5.68934192e-04
-5.24388584e-01 2.74928445e-03 -1.88863146e-03 -8.26136673e-04 -5.68743447e-04
-5.23050772e-01 2.75118148e-03 -1.89208539e-03 -8.20396611e-04 -5.68551464e-04
-5.21711670e-01 2.75309122e-03 -1.89553412e-03 -8.14645302e-04 -5.68358224e-04
-5.20371281e-01 2.75501372e-03 -1.89897760e-03 -8.08882685e-04 -5.68163708e-04
-5.19029610e-01 2.75694901e-03 -1.90241581e-03 -8.03108697e-04 -5.67967899e-04
-5.17686658e-01 2.75889714e-03 -1.90584873e-03 -7.97323279e-04 -5.67770775e-04
-5.16342429e-01 2.76085814e-03 -1.90927632e-03 -7.91526368e-04 -5.67572316e-04
-5.14996927e-01 2.76283207e-03 -1.91269855e-03 -7.85717905e-04 -5.67372502e-04
-5.13650155e-01 2.76481895e-03 -1.91611540e-03 -7.79897827e-04 -5.67171310e-04
-5.12302117e-01 2.76681884e-03 -1.91952683e-03 -7.74066074e-04 -5.66968718e-04
-5.10952815e-01 2.76883177e-03 -1.92293283e-03 -7.68222584e-04 -5.66764703e-04
-5.09602252e-01 2.77085779e-03 -1.92633335e-03 -7.62367296e-04 -5.66559242e-04
-5.08250433e-01 2.77289694e-03 -1.92972838e-03 -7.56500150e-04 -5.66352310e-04
-5.06897361e-01 2.77494927e-03 -1.93311789e-03 -7.50621083e-04 -5.66143882e-04
-5.05543038e-01 2.77701483e-03 -1.93650185e-03 -7.44730035e-04 -5.65933933e-04
-5.04187469e-01 2.77909366e-03 -1.93988022e-03 -7.38826944e-04 -5.65722437e-04
-5.02830656e-01 2.78118580e-03 -1.94325300e-03 -7.32911749e-04 -5.65509367e-04
-5.01472604e-01 2.78329130e-03 -1.94662014e-03 -7.26984390e-04 -5.65294696e-04
-5.00113314e-01 2.78541022e-03 -1.94998163e-03 -7.21044805e-04 -5.65078395e-04
-4.98752791e-01 2.78754259e-03 -1.95333743e-03 -7.15092932e-04 -5.64860437e-04
-4.97391039e-01 2.78968847e-03 -1.95668753e-03 -7.09128711e-04 -5.64640791e-04
-4.96028059e-01 2.79184791e-03 -1.96003189e-03 -7.03152081e-04 -5.64419429e-04
-4.94663856e-01 2.79402095e-03 -1.96337049e-03 -6.97162981e-04 -5.64196319e-04
-4.93298434e-01 2.79620765e-03 -1.96670330e-03 -6.91161350e-04 -5.63971430e-04
-4.91931794e-01 2.79840806e-03 -1.97003031e-03 -6.85147126e-04 -5.63744732e-04
-4.90563942e-01 2.80062223e-03 -1.97335148e-03 -6.79120249e-04 -5.63516191e-04
-4.89194880e-01 2.80285020e-03 -1.97666680e-03 -6.73080658e-04 -5.63285774e-04
-4.87824611e-01 2.80509204e-03 -1.97997623e-03 -6.67028293e-04 -5.63053448e-04
-4.86453139e-01 2.80734780e-03 -1.98327976e-03 -6.60963092e-04 -5.62819178e-04
-4.85080468e-01 2.80961753e-03 -1.98657736e-03 -6.54884996e-04 -5.62582931e-04
-4.83706600e-01 2.81190128e-03 -1.98986901e-03 -6.48793942e-04 -5.62344669e-04
-4.82331539e-01 2.81419910e-03 -1.99315469e-03 -6.42689872e-04 -5.62104358e-04
-4.80955289e-01 2.81651106e-03 -1.99643437e-03 -6.36572724e-04 -5.61861960e-04
-4.79577853e-01 2.81883721e-03 -1.99970802e-03 -6.30442437e-04 -5.61617439e-04
-4.78199234e-01 2.82117761e-03 -2.00297564e-03 -6.24298953e-04 -5.61370755e-04
-4.76819436e-01 2.82353231e-03 -2.00623720e-03 -6.18142210e-04 -5.61121871e-04
-4.75438462e-01 2.82590136e-03 -2.00949267e-03 -6.11972149e-04 -5.60870747e-04
-4.74056315e-01 2.82828484e-03 -2.01274203e-03 -6.05788709e-04 -5.60617344e-04
-4.72672999e-01 2.83068279e-03 -2.01598527e-03 -5.99591830e-04 -5.60361621e-04
-4.71288518e-01 2.83309527e-03 -2.01922237e-03 -5.93381453e-04 -5.60103536e-04
-4.69902874e-01 2.83552235e-03 -2.02245330e-03 -5.87157518e-04 -5.59843049e-04
-4.68516071e-01 2.83796408e-03 -2.02567804e-03 -5.80919965e-04 -5.59580117e-04
-4.67128113e-01 2.84042053e-03 -2.02889658e-03 -5.74668734e-04 -5.59314697e-04
-4.65739003e-01 2.84289175e-03 -2.03210889e-03 -5.68403767e-04 -5.59046745e-04
-4.64348744e-01 2.84537780e-03 -2.03531496e-03 -5.62125003e-04 -5.58776217e-04
-4.62957340e-01 2.84787876e-03 -2.03851477e-03 -5.55832384e-04 -5.58503069e-04
-4.61564795e-01 2.85039468e-03 -2.04170830e-03 -5.49525851e-04 -5.58227255e-04
-4.60171111e-01 2.85292562e-03 -2.04489553e-03 -5.43205343e-04 -5.57948729e-04
-4.58776292e-01 2.85547166e-03 -2.04807645e-03 -5.36870803e-04 -5.57667444e-04
-4.57380342e-01 2.85803284e-03 -2.05125103e-03 -5.30522172e-04 -5.57383353e-04
-4.55983264e-01 2.86060924e-03 -2.05441927e-03 -5.24159391e-04 -5.57096408e-04
-4.54585061e-01 2.86320093e-03 -2.05758114e-03 -5.17782401e-04 -5.56806561e-04
-4.53185738e-01 2.86580796e-03 -2.06073663e-03 -5.11391144e-04 -5.56513762e-04
-4.51785296e-01 2.86843041e-03 -2.06388573e-03 -5.04985562e-04 -5.56217963e-04
-4.50383741e-01 2.87106834e-03 -2.06702841e-03 -4.98565596e-04 -5.55919111e-04
-4.48981074e-01 2.87372182e-03 -2.07016467e-03 -4.92131188e-04 -5.55617157e-04
-4.47577301e-01 2.87639092e-03 -2.07329448e-03 -4.85682280e-04 -5.55312048e-04
-4.46172424e-01 2.87907571e-03 -2.07641784e-03 -4.79218815e-04 -5.55003734e-04
-4.44766446e-01 2.88177624e-03 -2.07953474e-03 -4.72740735e-04 -5.54692159e-04
-4.43359371e-01 2.88449261e-03 -2.08264515e-03 -4.66247982e-04 -5.54377273e-04
-4.41951203e-01 2.88722486e-03 -2.08574906e-03 -4.59740498e-04 -5.54059019e-04
-4.40541946e-01 2.88997309e-03 -2.08884647e-03 -4.53218227e-04 -5.53737344e-04
-4.39131601e-01 2.89273735e-03 -2.09193736e-03 -4.46681110e-04 -5.53412192e-04
-4.37720174e-01 2.89551772e-03 -2.09502172e-03 -4.40129092e-04 -5.53083508e-04
-4.36307667e-01 2.89831427e-03 -2.09809954e-03 -4.33562114e-04 -5.52751235e-04
-4.34894084e-01 2.90112707e-03 -2.10117080e-03 -4.26980120e-04 -5.52415315e-04
-4.33479429e-01 2.90395620e-03 -2.10423550e-03 -4.20383053e-04 -5.52075691e-04
-4.32063705e-01 2.90680173e-03 -2.10729362e-03 -4.13770857e-04 -5.51732304e-04
-4.30646915e-01 2.90966374e-03 -2.11034517e-03 -4.07143474e-04 -5.51385097e-04
-4.29229063e-01 2.91254230e-03 -2.11339012e-03 -4.00500849e-04 -5.51034008e-04
-4.27810152e-01 2.91543749e-03 -2.11642847e-03 -3.93842925e-04 -5.50678978e-04
-4.26390187e-01 2.91834938e-03 -2.11946021e-03 -3.87169646e-04 -5.50319946e-04
-4.24969170e-01 2.92127805e-03 -2.12248533e-03 -3.80480956e-04 -5.49956850e-04
-4.23547105e-01 2.92422358e-03 -2.12550383e-03 -3.73776799e-04 -5.49589628e-04
-4.22123995e-01 2.92718604e-03 -2.12851570e-03 -3.67057118e-04 -5.49218219e-04
-4.20699844e-01 2.93016552e-03 -2.13152093e-03 -3.60321859e-04 -5.48842557e-04
-4.19274656e-01 2.93316209e-03 -2.13451952e-03 -3.53570965e-04 -5.48462580e-04
-4.17848434e-01 2.93617584e-03 -2.13751146e-03 -3.46804380e-04 -5.48078223e-04
-4.16421181e-01 2.93920684e-03 -2.14049675e-03 -3.40022050e-04 -5.47689421e-04
-4.14992902e-01 2.94225517e-03 -2.14347537e-03 -3.33223919e-04 -5.47296107e-04
-4.13563599e-01 2.94532092e-03 -2.14644734e-03 -3.26409931e-04 -5.46898216e-04
-4.12133276e-01 2.94840417e-03 -2.14941264e-03 -3.19580031e-04 -5.46495681e-04
-4.10701936e-01 2.95150500e-03 -2.15237128e-03 -3.12734164e-04 -5.46088433e-04
-4.09269584e-01 2.95462350e-03 -2.15532324e-03 -3.05872275e-04 -5.45676405e-04
-4.07836222e-01 2.95775975e-03 -2.15826854e-03 -2.98994308e-04 -5.45259527e-04
-4.06401855e-01 2.96091383e-03 -2.16120716e-03 -2.92100209e-04 -5.44837730e-04
-4.04966485e-01 2.96408583e-03 -2.16413910e-03 -2.85189923e-04 -5.44410945e-04
-4.03530117e-01 2.96727583e-03 -2.16706437e-03 -2.78263395e-04 -5.43979099e-04
-4.02092753e-01 2.97048393e-03 -2.16998297e-03 -2.71320570e-04 -5.43542123e-04
-4.00654398e-01 2.97371021e-03 -2.17289489e-03 -2.64361393e-04 -5.43099943e-04
-3.99215055e-01 2.97695476e-03 -2.17580015e-03 -2.57385809e-04 -5.42652487e-04
-3.97774727e-01 2.98021766e-03 -2.17869873e-03 -2.50393764e-04 -5.42199681e-04
-3.96333418e-01 2.98349901e-03 -2.18159065e-03 -2.43385203e-04 -5.41741453e-04
-3.94891132e-01 2.98679890e-03 -2.18447590e-03 -2.36360071e-04 -5.41277726e-04
-3.93447872e-01 2.99011741e-03 -2.18735449e-03 -2.29318313e-04 -5.40808427e-04
-3.92003642e-01 2.99345464e-03 -2.19022643e-03 -2.22259876e-04 -5.40333478e-04
-3.90558445e-01 2.99681068e-03 -2.19309172e-03 -2.15184703e-04 -5.39852804e-04
-3.89112285e-01 3.00018563e-03 -2.19595037e-03 -2.08092741e-04 -5.39366328e-04
-3.87665165e-01 3.00357957e-03 -2.19880237e-03 -2.00983934e-04 -5.38873972e-04
-3.86217089e-01 3.00699260e-03 -2.20164775e-03 -1.93858229e-04 -5.38375656e-04
-3.84768060e-01 3.01042483e-03 -2.20448650e-03 -1.86715569e-04 -5.37871303e-04
-3.83318083e-01 3.01387633e-03 -2.20731863e-03 -1.79555900e-04 -5.37360833e-04
-3.81867160e-01 3.01734721e-03 -2.21014416e-03 -1.72379168e-04 -5.36844164e-04
-3.80415296e-01 3.02083757e-03 -2.21296310e-03 -1.65185318e-04 -5.36321217e-04
-3.78962493e-01 3.02434750e-03 -2.21577544e-03 -1.57974293e-04 -5.35791909e-04
-3.77508756e-01 3.02787711e-03 -2.21858121e-03 -1.50746040e-04 -5.35256159e-04
-3.76054088e-01 3.03142649e-03 -2.22138042e-03 -1.43500503e-04 -5.34713882e-04
-3.74598493e-01 3.03499575e-03 -2.22417307e-03 -1.36237626e-04 -5.34164996e-04
-3.73141973e-01 3.03858498e-03 -2.22695919e-03 -1.28957355e-04 -5.33609417e-04
-3.71684534e-01 3.04219429e-03 -2.22973878e-03 -1.21659634e-04 -5.33047058e-04
-3.70226177e-01 3.04582378e-03 -2.23251186e-03 -1.14344407e-04 -5.32477835e-04
-3.68766908e-01 3.04947355e-03 -2.23527844e-03 -1.07011618e-04 -5.31901661e-04
-3.67306729e-01 3.05314372e-03 -2.23803854e-03 -9.96612117e-05 -5.31318450e-04
-3.65845645e-01 3.05683437e-03 -2.24079218e-03 -9.22931317e-05 -5.30728113e-04
-3.64383658e-01 3.06054563e-03 -2.24353938e-03 -8.49073218e-05 -5.30130563e-04
-3.62920772e-01 3.06427760e-03 -2.24628015e-03 -7.75037255e-05 -5.29525709e-04
-3.61456992e-01 3.06803039e-03 -2.24901451e-03 -7.00822861e-05 -5.28913464e-04
-3.59992320e-01 3.07180410e-03 -2.25174248e-03 -6.26429469e-05 -5.28293735e-04
-3.58526760e-01 3.07559885e-03 -2.25446409e-03 -5.51856506e-05 -5.27666433e-04
-3.57060317e-01 3.07941475e-03 -2.25717934e-03 -4.77103400e-05 -5.27031465e-04
-3.55592992e-01 3.08325191e-03 -2.25988828e-03 -4.02169575e-05 -5.26388739e-04
-3.54124791e-01 3.08711044e-03 -2.26259091e-03 -3.27054453e-05 -5.25738162e-04
-3.52655716e-01 3.09099046e-03 -2.26528727e-03 -2.51757452e-05 -5.25079639e-04
-3.51185772e-01 3.09489208e-03 -2.26797737e-03 -1.76277990e-05 -5.24413077e-04
-3.49714961e-01 3.09881542e-03 -2.27066125e-03 -1.00615478e-05 -5.23738380e-04
-3.48243288e-01 3.10276059e-03 -2.27333893e-03 -2.47693279e-06 -5.23055452e-04
-3.46770756e-01 3.10672772e-03 -2.27601044e-03 5.12610551e-06 -5.22364196e-04
-3.45297369e-01 3.11071692e-03 -2.27867580e-03 1.27476267e-05 -5.21664515e-04
-3.43823131e-01 3.11472831e-03 -2.28133505e-03 2.03876910e-05 -5.20956311e-04
-3.42348044e-01 3.11876202e-03 -2.28398821e-03 2.80463585e-05 -5.20239486e-04
-3.40872114e-01 3.12281816e-03 -2.28663532e-03 3.57236903e-05 -5.19513938e-04
-3.39395342e-01 3.12689687e-03 -2.28927641e-03 4.34197476e-05 -5.18779569e-04
-3.37917734e-01 3.13099825e-03 -2.29191151e-03 5.11345918e-05 -5.18036276e-04
-3.36439292e-01 3.13512245e-03 -2.29454066e-03 5.88682853e-05 -5.17283959e-04
-3.34960021e-01 3.13926959e-03 -2.29716389e-03 6.66208904e-05 -5.16522515e-04
-3.33479923e-01 3.14343979e-03 -2.29978124e-03 7.43924701e-05 -5.15751840e-04
-3.31999003e-01 3.14763319e-03 -2.30239274e-03 8.21830881e-05 -5.14971831e-04
-3.30517264e-01 3.15184991e-03 -2.30499843e-03 8.99928083e-05 -5.14182383e-04
-3.29034710e-01 3.15609009e-03 -2.30759835e-03 9.78216952e-05 -5.13383389e-04
-3.27551345e-01 3.16035386e-03 -2.31019255e-03 1.05669814e-04 -5.12574745e-04
-3.26067172e-01 3.16464136e-03 -2.31278106e-03 1.13537230e-04 -5.11756343e-04
-3.24582195e-01 3.16895271e-03 -2.31536392e-03 1.21424010e-04 -5.10928074e-04
-3.23096417e-01 3.17328806e-03 -2.31794118e-03 1.29330220e-04 -5.10089832e-04
-3.21609843e-01 3.17764755e-03 -2.32051289e-03 1.37255929e-04 -5.09241505e-04
-3.20122475e-01 3.18203132e-03 -2.32307908e-03 1.45201203e-04 -5.08382985e-04
-3.18634318e-01 3.18643949e-03 -2.32563981e-03 1.53166112e-04 -5.07514160e-04
-3.17145375e-01 3.19087223e-03 -2.32819512e-03 1.61150726e-04 -5.06634918e-04
-3.15655650e-01 3.19532967e-03 -2.33074507e-03 1.69155114e-04 -5.05745148e-04
-3.14165146e-01 3.19981196e-03 -2.33328970e-03 1.77179346e-04 -5.04844735e-04
-3.12673868e-01 3.20431924e-03 -2.33582906e-03 1.85223496e-04 -5.03933566e-04
-3.11181819e-01 3.20885166e-03 -2.33836321e-03 1.93287635e-04 -5.03011526e-04
-3.09689002e-01 3.21340937e-03 -2.34089220e-03 2.01371836e-04 -5.02078499e-04
-3.08195421e-01 3.21799252e-03 -2.34341609e-03 2.09476173e-04 -5.01134368e-04
-3.06701080e-01 3.22260127e-03 -2.34593493e-03 2.17600721e-04 -5.00179018e-04
-3.05205983e-01 3.22723577e-03 -2.34844878e-03 2.25745556e-04 -4.99212328e-04
-3.03710134e-01 3.23189617e-03 -2.35095770e-03 2.33910753e-04 -4.98234181e-04
-3.02213535e-01 3.23658263e-03 -2.35346175e-03 2.42096391e-04 -4.97244457e-04
-3.00716191e-01 3.24129531e-03 -2.35596099e-03 2.50302548e-04 -4.96243035e-04
-2.99218105e-01 3.24603437e-03 -2.35845548e-03 2.58529303e-04 -4.95229794e-04
-2.97719282e-01 3.25079997e-03 -2.36094529e-03 2.66776736e-04 -4.94204612e-04
-2.96219724e-01 3.25559228e-03 -2.36343049e-03 2.75044928e-04 -4.93167365e-04
-2.94719436e-01 3.26041146e-03 -2.36591113e-03 2.83333962e-04 -4.92117929e-04
-2.93218420e-01 3.26525768e-03 -2.36838730e-03 2.91643921e-04 -4.91056181e-04
-2.91716682e-01 3.27013111e-03 -2.37085905e-03 2.99974888e-04 -4.89981994e-04
-2.90214224e-01 3.27503191e-03 -2.37332646e-03 3.08326951e-04 -4.88895242e-04
-2.88711051e-01 3.27996026e-03 -2.37578961e-03 3.16700195e-04 -4.87795797e-04
-2.87207166e-01 3.28491634e-03 -2.37824856e-03 3.25094707e-04 -4.86683532e-04
-2.85702572e-01 3.28990032e-03 -2.38070340e-03 3.33510577e-04 -4.85558318e-04
-2.84197274e-01 3.29491237e-03 -2.38315420e-03 3.41947895e-04 -4.84420024e-04
-2.82691274e-01 3.29995268e-03 -2.38560103e-03 3.50406752e-04 -4.83268520e-04
-2.81184578e-01 3.30502144e-03 -2.38804398e-03 3.58887240e-04 -4.82103674e-04
-2.79677188e-01 3.31011881e-03 -2.39048313e-03 3.67389453e-04 -4.80925354e-04
-2.78169109e-01 3.31524499e-03 -2.39291857e-03 3.75913487e-04 -4.79733427e-04
-2.76660343e-01 3.32040017e-03 -2.39535037e-03 3.84459438e-04 -4.78527758e-04
-2.75150895e-01 3.32558454e-03 -2.39777863e-03 3.93027403e-04 -4.77308212e-04
-2.73640769e-01 3.33079828e-03 -2.40020344e-03 4.01617483e-04 -4.76074653e-04
-2.72129968e-01 3.33604159e-03 -2.40262487e-03 4.10229776e-04 -4.74826945e-04
-2.70618495e-01 3.34131467e-03 -2.40504303e-03 4.18864386e-04 -4.73564949e-04
-2.69106356e-01 3.34661772e-03 -2.40745800e-03 4.27521417e-04 -4.72288527e-04
-2.67593552e-01 3.35195093e-03 -2.40986989e-03 4.36200972e-04 -4.70997539e-04
-2.66080089e-01 3.35731450e-03 -2.41227879e-03 4.44903159e-04 -4.69691846e-04
-2.64565969e-01 3.36270865e-03 -2.41468479e-03 4.53628086e-04 -4.68371305e-04
-2.63051197e-01 3.36813357e-03 -2.41708800e-03 4.62375862e-04 -4.67035774e-04
-2.61535776e-01 3.37358948e-03 -2.41948852e-03 4.71146600e-04 -4.65685111e-04
-2.60019711e-01 3.37907659e-03 -2.42188645e-03 4.79940412e-04 -4.64319170e-04
-2.58503004e-01 3.38459511e-03 -2.42428189e-03 4.88757413e-04 -4.62937808e-04
-2.56985659e-01 3.39014525e-03 -2.42667496e-03 4.97597719e-04 -4.61540879e-04
-2.55467681e-01 3.39572724e-03 -2.42906577e-03 5.06461449e-04 -4.60128235e-04
-2.53949073e-01 3.40134130e-03 -2.43145442e-03 5.15348722e-04 -4.58699729e-04
-2.52429838e-01 3.40698764e-03 -2.43384102e-03 5.24259662e-04 -4.57255212e-04
-2.50909981e-01 3.41266650e-03 -2.43622570e-03 5.33194391e-04 -4.55794536e-04
-2.49389505e-01 3.41837810e-03 -2.43860857e-03 5.42153035e-04 -4.54317548e-04
-2.47868414e-01 3.42412267e-03 -2.44098974e-03 5.51135722e-04 -4.52824099e-04
-2.46346712e-01 3.42990044e-03 -2.44336934e-03 5.60142581e-04 -4.51314036e-04
-2.44824402e-01 3.43571166e-03 -2.44574749e-03 5.69173744e-04 -4.49787206e-04
-2.43301489e-01 3.44155656e-03 -2.44812431e-03 5.78229344e-04 -4.48243455e-04
-2.41777975e-01 3.44743538e-03 -2.45049994e-03 5.87309518e-04 -4.46682627e-04
-2.40253865e-01 3.45334836e-03 -2.45287449e-03 5.96414402e-04 -4.45104568e-04
-2.38729163e-01 3.45929575e-03 -2.45524811e-03 6.05544138e-04 -4.43509119e-04
-2.37203872e-01 3.46527780e-03 -2.45762091e-03 6.14698867e-04 -4.41896124e-04
-2.35677996e-01 3.47129476e-03 -2.45999305e-03 6.23878733e-04 -4.40265424e-04
-2.34151539e-01 3.47734688e-03 -2.46236465e-03 6.33083883e-04 -4.38616859e-04
-2.32624504e-01 3.48343443e-03 -2.46473585e-03 6.42314466e-04 -4.36950269e-04
-2.31096895e-01 3.48955767e-03 -2.46710680e-03 6.51570633e-04 -4.35265492e-04
-2.29568717e-01 3.49571684e-03 -2.46947764e-03 6.60852539e-04 -4.33562366e-04
-2.28039973e-01 3.50191224e-03 -2.47184851e-03 6.70160338e-04 -4.31840729e-04
-2.26510666e-01 3.50814411e-03 -2.47421956e-03 6.79494189e-04 -4.30100415e-04
-2.24980800e-01 3.51441273e-03 -2.47659094e-03 6.88854254e-04 -4.28341261e-04
-2.23450380e-01 3.52071839e-03 -2.47896281e-03 6.98240695e-04 -4.26563099e-04
-2.21919408e-01 3.52706135e-03 -2.48133532e-03 7.07653680e-04 -4.24765764e-04
-2.20387890e-01 3.53344191e-03 -2.48370862e-03 7.17093376e-04 -4.22949087e-04
-2.18855828e-01 3.53986033e-03 -2.48608288e-03 7.26559955e-04 -4.21112901e-04
-2.17323226e-01 3.54631692e-03 -2.48845825e-03 7.36053592e-04 -4.19257035e-04
-2.15790088e-01 3.55281196e-03 -2.49083491e-03 7.45574462e-04 -4.17381319e-04
-2.14256418e-01 3.55934575e-03 -2.49321301e-03 7.55122745e-04 -4.15485582e-04
-2.12722219e-01 3.56591858e-03 -2.49559273e-03 7.64698624e-04 -4.13569652e-04
-2.11187496e-01 3.57253075e-03 -2.49797423e-03 7.74302284e-04 -4.11633356e-04
-2.09652252e-01 3.57918258e-03 -2.50035770e-03 7.83933913e-04 -4.09676520e-04
-2.08116491e-01 3.58587436e-03 -2.50274330e-03 7.93593702e-04 -4.07698969e-04
-2.06580217e-01 3.59260641e-03 -2.50513122e-03 8.03281846e-04 -4.05700528e-04
-2.05043433e-01 3.59937904e-03 -2.50752163e-03 8.12998541e-04 -4.03681020e-04
-2.03506144e-01 3.60619257e-03 -2.50991472e-03 8.22743988e-04 -4.01640268e-04
-2.01968353e-01 3.61304733e-03 -2.51231068e-03 8.32518389e-04 -3.99578093e-04
-2.00430064e-01 3.61994363e-03 -2.51470969e-03 8.42321952e-04 -3.97494318e-04
-1.98891280e-01 3.62688181e-03 -2.51711195e-03 8.52154887e-04 -3.95388760e-04
-1.97352006e-01 3.63386220e-03 -2.51951765e-03 8.62017405e-04 -3.93261241e-04
-1.95812245e-01 3.64088514e-03 -2.52192699e-03 8.71909724e-04 -3.91111579e-04
-1.94272002e-01 3.64795096e-03 -2.52434016e-03 8.81832063e-04 -3.88939591e-04
-1.92731279e-01 3.65506001e-03 -2.52675737e-03 8.91784644e-04 -3.86745094e-04
-1.91190081e-01 3.66221264e-03 -2.52917882e-03 9.01767696e-04 -3.84527904e-04
-1.89648411e-01 3.66940920e-03 -2.53160471e-03 9.11781447e-04 -3.82287836e-04
-1.88106274e-01 3.67665004e-03 -2.53403527e-03 9.21826131e-04 -3.80024705e-04
-1.86563673e-01 3.68393552e-03 -2.53647070e-03 9.31901985e-04 -3.77738325e-04
-1.85020611e-01 3.69126602e-03 -2.53891121e-03 9.42009251e-04 -3.75428508e-04
-1.83477094e-01 3.69864188e-03 -2.54135703e-03 9.52148171e-04 -3.73095066e-04
-1.81933124e-01 3.70606350e-03 -2.54380837e-03 9.62318995e-04 -3.70737812e-04
-1.80388705e-01 3.71353123e-03 -2.54626546e-03 9.72521975e-04 -3.68356555e-04
-1.78843841e-01 3.72104547e-03 -2.54872853e-03 9.82757365e-04 -3.65951105e-04
-1.77298536e-01 3.72860659e-03 -2.55119780e-03 9.93025427e-04 -3.63521271e-04
-1.75752795e-01 3.73621499e-03 -2.55367351e-03 1.00332642e-03 -3.61066863e-04
-1.74206619e-01 3.74387105e-03 -2.55615589e-03 1.01366062e-03 -3.58587686e-04
-1.72660014e-01 3.75157517e-03 -2.55864518e-03 1.02402829e-03 -3.56083550e-04
-1.71112983e-01 3.75932776e-03 -2.56114162e-03 1.03442971e-03 -3.53554259e-04
-1.69565531e-01 3.76712922e-03 -2.56364545e-03 1.04486516e-03 -3.50999620e-04
-1.68017660e-01 3.77497996e-03 -2.56615692e-03 1.05533493e-03 -3.48419437e-04
-1.66469374e-01 3.78288040e-03 -2.56867628e-03 1.06583929e-03 -3.45813515e-04
-1.64920678e-01 3.79083095e-03 -2.57120379e-03 1.07637855e-03 -3.43181657e-04
-1.63371576e-01 3.79883203e-03 -2.57373969e-03 1.08695300e-03 -3.40523666e-04
-1.61822070e-01 3.80688409e-03 -2.57628425e-03 1.09756295e-03 -3.37839345e-04
-1.60272166e-01 3.81498754e-03 -2.57883773e-03 1.10820869e-03 -3.35128495e-04
-1.58721866e-01 3.82314282e-03 -2.58140038e-03 1.11889053e-03 -3.32390918e-04
-1.57171175e-01 3.83135039e-03 -2.58397249e-03 1.12960881e-03 -3.29626414e-04
-1.55620096e-01 3.83961068e-03 -2.58655432e-03 1.14036382e-03 -3.26834784e-04
-1.54068633e-01 3.84792415e-03 -2.58914614e-03 1.15115590e-03 -3.24015825e-04
-1.52516790e-01 3.85629126e-03 -2.59174823e-03 1.16198537e-03 -3.21169339e-04
-1.50964572e-01 3.86471246e-03 -2.59436087e-03 1.17285258e-03 -3.18295122e-04
-1.49411981e-01 3.87318822e-03 -2.59698435e-03 1.18375785e-03 -3.15392972e-04
-1.47859021e-01 3.88171903e-03 -2.59961894e-03 1.19470153e-03 -3.12462688e-04
-1.46305697e-01 3.89030534e-03 -2.60226494e-03 1.20568397e-03 -3.09504065e-04
-1.44752012e-01 3.89894765e-03 -2.60492264e-03 1.21670552e-03 -3.06516900e-04
-1.43197970e-01 3.90764644e-03 -2.60759233e-03 1.22776655e-03 -3.03500990e-04
-1.41643575e-01 3.91640220e-03 -2.61027432e-03 1.23886740e-03 -3.00456129e-04
-1.40088830e-01 3.92521544e-03 -2.61296890e-03 1.25000846e-03 -2.97382112e-04
-1.38533740e-01 3.93408665e-03 -2.61567639e-03 1.26119009e-03 -2.94278734e-04
-1.36978309e-01 3.94301634e-03 -2.61839708e-03 1.27241268e-03 -2.91145790e-04
-1.35422539e-01 3.95200504e-03 -2.62113128e-03 1.28367661e-03 -2.87983072e-04
-1.33866436e-01 3.96105324e-03 -2.62387933e-03 1.29498226e-03 -2.84790376e-04
-1.32310002e-01 3.97016149e-03 -2.62664152e-03 1.30633004e-03 -2.81567492e-04
-1.30753243e-01 3.97933031e-03 -2.62941818e-03 1.31772034e-03 -2.78314215e-04
-1.29196160e-01 3.98856023e-03 -2.63220964e-03 1.32915358e-03 -2.75030337e-04
-1.27638760e-01 3.99785180e-03 -2.63501621e-03 1.34063015e-03 -2.71715650e-04
-1.26081044e-01 4.00720557e-03 -2.63783825e-03 1.35215049e-03 -2.68369946e-04
-1.24523017e-01 4.01662208e-03 -2.64067606e-03 1.36371501e-03 -2.64993016e-04
-1.22964684e-01 4.02610190e-03 -2.64353000e-03 1.37532414e-03 -2.61584653e-04
-1.21406047e-01 4.03564558e-03 -2.64640040e-03 1.38697831e-03 -2.58144646e-04
-1.19847110e-01 4.04525371e-03 -2.64928761e-03 1.39867798e-03 -2.54672787e-04
-1.18287878e-01 4.05492685e-03 -2.65219197e-03 1.41042358e-03 -2.51168866e-04
-1.16728355e-01 4.06466559e-03 -2.65511383e-03 1.42221557e-03 -2.47632675e-04
-1.15168543e-01 4.07447051e-03 -2.65805354e-03 1.43405440e-03 -2.44064004e-04
-1.13608448e-01 4.08434221e-03 -2.66101147e-03 1.44594054e-03 -2.40462643e-04
-1.12048072e-01 4.09428129e-03 -2.66398796e-03 1.45787447e-03 -2.36828381e-04
-1.10487420e-01 4.10428836e-03 -2.66698339e-03 1.46985665e-03 -2.33161010e-04
-1.08926495e-01 4.11436402e-03 -2.66999812e-03 1.48188758e-03 -2.29460319e-04
-1.07365302e-01 4.12450890e-03 -2.67303251e-03 1.49396774e-03 -2.25726099e-04
-1.05803844e-01 4.13472361e-03 -2.67608695e-03 1.50609764e-03 -2.21958138e-04
-1.04242126e-01 4.14500880e-03 -2.67916180e-03 1.51827776e-03 -2.18156228e-04
-1.02680150e-01 4.15536509e-03 -2.68225745e-03 1.53050863e-03 -2.14320158e-04
-1.01117920e-01 4.16579314e-03 -2.68537428e-03 1.54279075e-03 -2.10449717e-04
-9.95554419e-02 4.17629359e-03 -2.68851266e-03 1.55512466e-03 -2.06544697e-04
-9.79927178e-02 4.18686710e-03 -2.69167300e-03 1.56751088e-03 -2.02604886e-04
-9.64297521e-02 4.19751433e-03 -2.69485568e-03 1.57994995e-03 -1.98630076e-04
-9.48665486e-02 4.20823595e-03 -2.69806110e-03 1.59244241e-03 -1.94620056e-04
-9.33031111e-02 4.21903263e-03 -2.70128966e-03 1.60498881e-03 -1.90574617e-04
-9.17394435e-02 4.22990507e-03 -2.70454176e-03 1.61758971e-03 -1.86493549e-04
-9.01755497e-02 4.24085395e-03 -2.70781780e-03 1.63024567e-03 -1.82376644e-04
-8.86114334e-02 4.25187997e-03 -2.71111819e-03 1.64295727e-03 -1.78223692e-04
-8.70470987e-02 4.26298383e-03 -2.71444334e-03 1.65572508e-03 -1.74034484e-04
-8.54825493e-02 4.27416624e-03 -2.71779367e-03 1.66854968e-03 -1.69808811e-04
-8.39177890e-02 4.28542792e-03 -2.72116959e-03 1.68143168e-03 -1.65546466e-04
-8.23528218e-02 4.29676959e-03 -2.72457152e-03 1.69437167e-03 -1.61247240e-04
-8.07876515e-02 4.30819199e-03 -2.72799990e-03 1.70737026e-03 -1.56910926e-04
-7.92222820e-02 4.31969584e-03 -2.73145514e-03 1.72042807e-03 -1.52537316e-04
-7.76567171e-02 4.33128191e-03 -2.73493767e-03 1.73354571e-03 -1.48126202e-04
-7.60909607e-02 4.34295093e-03 -2.73844794e-03 1.74672382e-03 -1.43677379e-04
-7.45250166e-02 4.35470367e-03 -2.74198637e-03 1.75996304e-03 -1.39190640e-04
-7.29588887e-02 4.36654090e-03 -2.74555340e-03 1.77326400e-03 -1.34665778e-04
-7.13925810e-02 4.37846339e-03 -2.74914948e-03 1.78662737e-03 -1.30102589e-04
-6.98260971e-02 4.39047193e-03 -2.75277506e-03 1.80005381e-03 -1.25500868e-04
-6.82594410e-02 4.40256729e-03 -2.75643057e-03 1.81354398e-03 -1.20860409e-04
-6.66926166e-02 4.41475028e-03 -2.76011648e-03 1.82709856e-03 -1.16181010e-04
-6.51256278e-02 4.42702170e-03 -2.76383323e-03 1.84071825e-03 -1.11462465e-04
-6.35584783e-02 4.43938236e-03 -2.76758129e-03 1.85440372e-03 -1.06704573e-04
-6.19911720e-02 4.45183309e-03 -2.77136111e-03 1.86815568e-03 -1.01907131e-04
-6.04237129e-02 4.46437470e-03 -2.77517316e-03 1.88197484e-03 -9.70699372e-05
-5.88561048e-02 4.47700803e-03 -2.77901791e-03 1.89586192e-03 -9.21927900e-05
-5.72883515e-02 4.48973393e-03 -2.78289582e-03 1.90981764e-03 -8.72754891e-05
-5.57204570e-02 4.50255323e-03 -2.78680737e-03 1.92384275e-03 -8.23178344e-05
-5.41524250e-02 4.51546681e-03 -2.79075303e-03 1.93793797e-03 -7.73196266e-05
-5.25842595e-02 4.52847552e-03 -2.79473328e-03 1.95210406e-03 -7.22806673e-05
-5.10159643e-02 4.54158024e-03 -2.79874861e-03 1.96634179e-03 -6.72007584e-05
-4.94475433e-02 4.55478185e-03 -2.80279948e-03 1.98065192e-03 -6.20797029e-05
-4.78790003e-02 4.56808124e-03 -2.80688640e-03 1.99503522e-03 -5.69173042e-05
-4.63103392e-02 4.58147930e-03 -2.81100985e-03 2.00949249e-03 -5.17133669e-05
-4.47415640e-02 4.59497694e-03 -2.81517032e-03 2.02402451e-03 -4.64676959e-05
-4.31726784e-02 4.60857507e-03 -2.81936830e-03 2.03863209e-03 -4.11800974e-05
-4.16036863e-02 4.62227461e-03 -2.82360430e-03 2.05331604e-03 -3.58503780e-05
-4.00345917e-02 4.63607649e-03 -2.82787882e-03 2.06807719e-03 -3.04783455e-05
-3.84653983e-02 4.64998166e-03 -2.83219235e-03 2.08291636e-03 -2.50638084e-05
-3.68961100e-02 4.66399104e-03 -2.83654540e-03 2.09783439e-03 -1.96065759e-05
-3.53267308e-02 4.67810561e-03 -2.84093847e-03 2.11283213e-03 -1.41064586e-05
-3.37572644e-02 4.69232632e-03 -2.84537209e-03 2.12791044e-03 -8.56326752e-06
-3.21877148e-02 4.70665413e-03 -2.84984676e-03 2.14307018e-03 -2.97681492e-06
-3.06180858e-02 4.72109004e-03 -2.85436299e-03 2.15831223e-03 2.65308607e-06
-2.90483813e-02 4.73563503e-03 -2.85892131e-03 2.17363747e-03 8.32662134e-06
-2.74786051e-02 4.75029009e-03 -2.86352223e-03 2.18904680e-03 1.40439758e-05
-2.59087612e-02 4.76505623e-03 -2.86816628e-03 2.20454113e-03 1.98053332e-05
-2.43388534e-02 4.77993446e-03 -2.87285398e-03 2.22012136e-03 2.56108766e-05
-2.27688855e-02 4.79492580e-03 -2.87758585e-03 2.23578842e-03 3.14607877e-05
-2.11988616e-02 4.81003128e-03 -2.88236243e-03 2.25154324e-03 3.73552472e-05
-1.96287853e-02 4.82525195e-03 -2.88718425e-03 2.26738676e-03 4.32944347e-05
-1.80586606e-02 4.84058885e-03 -2.89205184e-03 2.28331994e-03 4.92785290e-05
-1.64884914e-02 4.85604303e-03 -2.89696574e-03 2.29934374e-03 5.53077074e-05
-1.49182815e-02 4.87161557e-03 -2.90192648e-03 2.31545912e-03 6.13821462e-05
-1.33480349e-02 4.88730753e-03 -2.90693460e-03 2.33166707e-03 6.75020208e-05
-1.17777553e-02 4.90312000e-03 -2.91199065e-03 2.34796859e-03 7.36675051e-05
-1.02074466e-02 4.91905407e-03 -2.91709517e-03 2.36436466e-03 7.98787720e-05
-8.63711283e-03 4.93511084e-03 -2.92224870e-03 2.38085631e-03 8.61359934e-05
-7.06675773e-03 4.95129143e-03 -2.92745179e-03 2.39744455e-03 9.24393396e-05
-5.49638519e-03 4.96759695e-03 -2.93270500e-03 2.41413042e-03 9.87889801e-05
-3.92599911e-03 4.98402852e-03 -2.93800887e-03 2.43091495e-03 1.05185083e-04
-2.35560334e-03 5.00058729e-03 -2.94336395e-03 2.44779921e-03 1.11627815e-04
-7.85201758e-04 5.01727441e-03 -2.94877081e-03 2.46478424e-03 1.18117343e-04
7.85201758e-04 5.03409102e-03 -2.95422999e-03 2.48187113e-03 1.24653829e-04
2.35560334e-03 5.05103830e-03 -2.95974206e-03 2.49906095e-03 1.31237439e-04
3.92599911e-03 5.06811741e-03 -2.96530757e-03 2.51635480e-03 1.37868332e-04
5.49638519e-03 5.08532954e-03 -2.97092708e-03 2.53375378e-03 1.44546672e-04
7.06675773e-03 5.10267589e-03 -2.97660117e-03 2.55125901e-03 1.51272616e-04
8.63711283e-03 5.12015765e-03 -2.98233038e-03 2.56887161e-03 1.58046322e-04
1.02074466e-02 5.13777604e-03 -2.98811529e-03 2.58659271e-03 1.64867948e-04
1.17777553e-02 5.15553228e-03 -2.99395647e-03 2.60442347e-03 1.71737650e-04
1.33480349e-02 5.17342759e-03 -2.99985448e-03 2.62236504e-03 1.78655581e-04
1.49182815e-02 5.19146322e-03 -3.00580988e-03 2.64041858e-03 1.85621894e-04
1.64884914e-02 5.20964042e-03 -3.01182326e-03 2.65858528e-03 1.92636741e-04
1.80586606e-02 5.22796044e-03 -3.01789518e-03 2.67686632e-03 1.99700273e-04
1.96287853e-02 5.24642456e-03 -3.02402622e-03 2.69526290e-03 2.06812638e-04
2.11988616e-02 5.26503405e-03 -3.03021694e-03 2.71377624e-03 2.13973984e-04
2.27688855e-02 5.28379020e-03 -3.03646793e-03 2.73240755e-03 2.21184457e-04
2.43388534e-02 5.30269431e-03 -3.04277976e-03 2.75115807e-03 2.28444203e-04
2.59087612e-02 5.32174769e-03 -3.04915300e-03 2.77002904e-03 2.35753366e-04
2.74786051e-02 5.34095164e-03 -3.05558824e-03 2.78902172e-03 2.43112087e-04
2.90483813e-02 5.36030751e-03 -3.06208605e-03 2.80813738e-03 2.50520508e-04
3.06180858e-02 5.37981662e-03 -3.06864701e-03 2.82737728e-03 2.57978769e-04
3.21877148e-02 5.39948033e-03 -3.07527169e-03 2.84674273e-03 2.65487008e-04
3.37572644e-02 5.41929999e-03 -3.08196069e-03 2.86623501e-03 2.73045363e-04
3.53267308e-02 5.43927696e-03 -3.08871457e-03 2.88585544e-03 2.80653969e-04
3.68961100e-02 5.45941262e-03 -3.09553393e-03 2.90560535e-03 2.88312961e-04
3.84653983e-02 5.47970836e-03 -3.10241934e-03 2.92548606e-03 2.96022473e-04
4.00345917e-02 5.50016558e-03 -3.10937138e-03 2.94549893e-03 3.03782636e-04
4.16036863e-02 5.52078568e-03 -3.11639064e-03 2.96564530e-03 3.11593581e-04
4.31726784e-02 5.54157008e-03 -3.12347770e-03 2.98592655e-03 3.19455438e-04
4.47415640e-02 5.56252020e-03 -3.13063314e-03 3.00634406e-03 3.27368335e-04
4.63103392e-02 5.58363749e-03 -3.13785755e-03 3.02689922e-03 3.35332399e-04
4.78790003e-02 5.60492339e-03 -3.14515151e-03 3.04759343e-03 3.43347756e-04
4.94475433e-02 5.62637935e-03 -3.15251560e-03 3.06842811e-03 3.51414531e-04
5.10159643e-02 5.64800684e-03 -3.15995040e-03 3.08940468e-03 3.59532846e-04
5.25842595e-02 5.66980735e-03 -3.16745650e-03 3.11052458e-03 3.67702824e-04
5.41524250e-02 5.69178236e-03 -3.17503448e-03 3.13178927e-03 3.75924586e-04
5.57204570e-02 5.71393337e-03 -3.18268492e-03 3.15320020e-03 3.84198252e-04
5.72883515e-02 5.73626188e-03 -3.19040842e-03 3.17475885e-03 3.92523940e-04
5.88561048e-02 5.75876942e-03 -3.19820553e-03 3.19646670e-03 4.00901769e-04
6.04237129e-02 5.78145752e-03 -3.20607687e-03 3.21832526e-03 4.09331853e-04
6.19911720e-02 5.80432772e-03 -3.21402299e-03 3.24033603e-03 4.17814309e-04
6.35584783e-02 5.82738156e-03 -3.22204448e-03 3.26250053e-03 4.26349251e-04
6.51256278e-02 5.85062062e-03 -3.23014193e-03 3.28482030e-03 4.34936792e-04
6.66926166e-02 5.87404645e-03 -3.23831592e-03 3.30729688e-03 4.43577044e-04
6.82594410e-02 5.89766065e-03 -3.24656702e-03 3.32993184e-03 4.52270118e-04
6.98260971e-02 5.92146480e-03 -3.25489581e-03 3.35272674e-03 4.61016125e-04
7.13925810e-02 5.94546052e-03 -3.26330287e-03 3.37568317e-03 4.69815173e-04
7.29588887e-02 5.96964940e-03 -3.27178877e-03 3.39880271e-03 4.78667371e-04
7.45250166e-02 5.99403309e-03 -3.28035411e-03 3.42208699e-03 4.87572826e-04
7.60909607e-02 6.01861322e-03 -3.28899944e-03 3.44553761e-03 4.96531645e-04
7.76567171e-02 6.04339143e-03 -3.29772534e-03 3.46915620e-03 5.05543933e-04
7.92222820e-02 6.06836937e-03 -3.30653240e-03 3.49294443e-03 5.14609794e-04
8.07876515e-02 6.09354873e-03 -3.31542117e-03 3.51690393e-03 5.23729332e-04
8.23528218e-02 6.11893118e-03 -3.32439223e-03 3.54103638e-03 5.32902652e-04
8.39177890e-02 6.14451840e-03 -3.33344616e-03 3.56534347e-03 5.42129854e-04
8.54825493e-02 6.17031210e-03 -3.34258352e-03 3.58982688e-03 5.51411042e-04
8.70470987e-02 6.19631399e-03 -3.35180487e-03 3.61448832e-03 5.60746315e-04
8.86114334e-02 6.22252580e-03 -3.36111079e-03 3.63932952e-03 5.70135774e-04
9.01755497e-02 6.24894926e-03 -3.37050184e-03 3.66435220e-03 5.79579519e-04
9.17394435e-02 6.27558612e-03 -3.37997858e-03 3.68955811e-03 5.89077649e-04
9.33031111e-02 6.30243812e-03 -3.38954157e-03 3.71494901e-03 5.98630262e-04
9.48665486e-02 6.32950705e-03 -3.39919138e-03 3.74052666e-03 6.08237457e-04
9.64297521e-02 6.35679467e-03 -3.40892857e-03 3.76629286e-03 6.17899332e-04
9.79927178e-02 6.38430278e-03 -3.41875368e-03 3.79224940e-03 6.27615983e-04
9.95554419e-02 6.41203319e-03 -3.42866729e-03 3.81839808e-03 6.37387508e-04
1.01117920e-01 6.43998769e-03 -3.43866993e-03 3.84474074e-03 6.47214003e-04
1.02680150e-01 6.46816813e-03 -3.44876216e-03 3.87127919e-03 6.57095564e-04
1.04242126e-01 6.49657632e-03 -3.45894454e-03 3.89801531e-03 6.67032287e-04
1.05803844e-01 6.52521413e-03 -3.46921761e-03 3.92495093e-03 6.77024268e-04
1.07365302e-01 6.55408341e-03 -3.47958191e-03 3.95208795e-03 6.87071604e-04
1.08926495e-01 6.58318603e-03 -3.49003800e-03 3.97942825e-03 6.97174388e-04
1.10487420e-01 6.61252386e-03 -3.50058641e-03 4.00697372e-03 7.07332717e-04
1.12048072e-01 6.64209882e-03 -3.51122768e-03 4.03472628e-03 7.17546686e-04
1.13608448e-01 6.67191279e-03 -3.52196235e-03 4.06268786e-03 7.27816390e-04
1.15168543e-01 6.70196771e-03 -3.53279097e-03 4.09086041e-03 7.38141926e-04
1.16728355e-01 6.73226549e-03 -3.54371405e-03 4.11924587e-03 7.48523388e-04
1.18287878e-01 6.76280807e-03 -3.55473213e-03 4.14784621e-03 7.58960873e-04
1.19847110e-01 6.79359742e-03 -3.56584575e-03 4.17666341e-03 7.69454477e-04
1.21406047e-01 6.82463548e-03 -3.57705542e-03 4.20569947e-03 7.80004295e-04
1.22964684e-01 6.85592425e-03 -3.58836168e-03 4.23495640e-03 7.90610425e-04
1.24523017e-01 6.88746571e-03 -3.59976504e-03 4.26443622e-03 8.01272964e-04
1.26081044e-01 6.91926186e-03 -3.61126603e-03 4.29414096e-03 8.11992010e-04
1.27638760e-01 6.95131471e-03 -3.62286515e-03 4.32407268e-03 8.22767660e-04
1.29196160e-01 6.98362629e-03 -3.63456294e-03 4.35423343e-03 8.33600013e-04
1.30753243e-01 7.01619863e-03 -3.64635989e-03 4.38462530e-03 8.44489168e-04
1.32310002e-01 7.04903378e-03 -3.65825652e-03 4.41525037e-03 8.55435226e-04
1.33866436e-01 7.08213381e-03 -3.67025333e-03 4.44611075e-03 8.66438286e-04
1.35422539e-01 7.11550080e-03 -3.68235083e-03 4.47720856e-03 8.77498451e-04
1.36978309e-01 7.14913681e-03 -3.69454952e-03 4.50854594e-03 8.88615823e-04
1.38533740e-01 7.18304397e-03 -3.70684990e-03 4.54012502e-03 8.99790506e-04
1.40088830e-01 7.21722437e-03 -3.71925246e-03 4.57194797e-03 9.11022602e-04
1.41643575e-01 7.25168015e-03 -3.73175770e-03 4.60401697e-03 9.22312219e-04
1.43197970e-01 7.28641344e-03 -3.74436611e-03 4.63633421e-03 9.33659461e-04
1.44752012e-01 7.32142639e-03 -3.75707818e-03 4.66890188e-03 9.45064438e-04
1.46305697e-01 7.35672117e-03 -3.76989438e-03 4.70172222e-03 9.56527258e-04
1.47859021e-01 7.39229995e-03 -3.78281521e-03 4.73479745e-03 9.68048030e-04
1.49411981e-01 7.42816492e-03 -3.79584114e-03 4.76812983e-03 9.79626867e-04
1.50964572e-01 7.46431828e-03 -3.80897265e-03 4.80172160e-03 9.91263882e-04
1.52516790e-01 7.50076226e-03 -3.82221021e-03 4.83557506e-03 1.00295919e-03
1.54068633e-01 7.53749907e-03 -3.83555429e-03 4.86969250e-03 1.01471291e-03
1.55620096e-01 7.57453097e-03 -3.84900536e-03 4.90407621e-03 1.02652515e-03
1.57171175e-01 7.61186020e-03 -3.86256389e-03 4.93872853e-03 1.03839604e-03
1.58721866e-01 7.64948905e-03 -3.87623032e-03 4.97365179e-03 1.05032569e-03
1.60272166e-01 7.68741978e-03 -3.89000514e-03 5.00884835e-03 1.06231424e-03
1.61822070e-01 7.72565471e-03 -3.90388878e-03 5.04432056e-03 1.07436180e-03
1.63371576e-01 7.76419614e-03 -3.91788170e-03 5.08007082e-03 1.08646850e-03
1.64920678e-01 7.80304639e-03 -3.93198436e-03 5.11610153e-03 1.09863448e-03
1.66469374e-01 7.84220781e-03 -3.94619719e-03 5.15241509e-03 1.11085986e-03
1.68017660e-01 7.88168274e-03 -3.96052064e-03 5.18901394e-03 1.12314478e-03
1.69565531e-01 7.92147357e-03 -3.97495515e-03 5.22590052e-03 1.13548937e-03
1.71112983e-01 7.96158266e-03 -3.98950116e-03 5.26307730e-03 1.14789377e-03
1.72660014e-01 8.00201242e-03 -4.00415911e-03 5.30054674e-03 1.16035813e-03
1.74206619e-01 8.04276525e-03 -4.01892942e-03 5.33831135e-03 1.17288258e-03
1.75752795e-01 8.08384358e-03 -4.03381252e-03 5.37637364e-03 1.18546728e-03
1.77298536e-01 8.12524986e-03 -4.04880884e-03 5.41473612e-03 1.19811236e-03
1.78843841e-01 8.16698654e-03 -4.06391880e-03 5.45340134e-03 1.21081799e-03
1.80388705e-01 8.20905609e-03 -4.07914282e-03 5.49237186e-03 1.22358431e-03
1.81933124e-01 8.25146099e-03 -4.09448131e-03 5.53165025e-03 1.23641148e-03
1.83477094e-01 8.29420375e-03 -4.10993469e-03 5.57123911e-03 1.24929967e-03
1.85020611e-01 8.33728689e-03 -4.12550338e-03 5.61114105e-03 1.26224904e-03
1.86563673e-01 8.38071293e-03 -4.14118777e-03 5.65135867e-03 1.27525975e-03
1.88106274e-01 8.42448443e-03 -4.15698827e-03 5.69189465e-03 1.28833197e-03
1.89648411e-01 8.46860394e-03 -4.17290529e-03 5.73275162e-03 1.30146588e-03
1.91190081e-01 8.51307406e-03 -4.18893921e-03 5.77393226e-03 1.31466165e-03
1.92731279e-01 8.55789737e-03 -4.20509045e-03 5.81543928e-03 1.32791946e-03
1.94272002e-01 8.60307649e-03 -4.22135938e-03 5.85727538e-03 1.34123950e-03
1.95812245e-01 8.64861405e-03 -4.23774641e-03 5.89944329e-03 1.35462195e-03
1.97352006e-01 8.69451269e-03 -4.25425191e-03 5.94194577e-03 1.36806699e-03
1.98891280e-01 8.74077508e-03 -4.27087627e-03 5.98478556e-03 1.38157484e-03
2.00430064e-01 8.78740389e-03 -4.28761988e-03 6.02796547e-03 1.39514568e-03
2.01968353e-01 8.83440183e-03 -4.30448312e-03 6.07148829e-03 1.40877972e-03
2.03506144e-01 8.88177160e-03 -4.32146635e-03 6.11535684e-03 1.42247716e-03
2.05043433e-01 8.92951594e-03 -4.33856996e-03 6.15957396e-03 1.43623821e-03
2.06580217e-01 8.97763760e-03 -4.35579431e-03 6.20414251e-03 1.45006308e-03
2.08116491e-01 9.02613935e-03 -4.37313977e-03 6.24906536e-03 1.46395200e-03
2.09652252e-01 9.07502396e-03 -4.39060671e-03 6.29434542e-03 1.47790519e-03
2.11187496e-01 9.12429425e-03 -4.40819550e-03 6.33998559e-03 1.49192288e-03
2.12722219e-01 9.17395304e-03 -4.42590649e-03 6.38598882e-03 1.50600529e-03
2.14256418e-01 9.22400315e-03 -4.44374004e-03 6.43235806e-03 1.52015266e-03
2.15790088e-01 9.27444747e-03 -4.46169651e-03 6.47909627e-03 1.53436523e-03
2.17323226e-01 9.32528886e-03 -4.47977625e-03 6.52620647e-03 1.54864325e-03
2.18855828e-01 9.37653021e-03 -4.49797962e-03 6.57369166e-03 1.56298696e-03
2.20387890e-01 9.42817446e-03 -4.51630696e-03 6.62155488e-03 1.57739663e-03
2.21919408e-01 9.48022452e-03 -4.53475863e-03 6.66979918e-03 1.59187251e-03
2.23450380e-01 9.53268337e-03 -4.55333496e-03 6.71842764e-03 1.60641487e-03
2.24980800e-01 9.58555398e-03 -4.57203630e-03 6.76744337e-03 1.62102396e-03
2.26510666e-01 9.63883934e-03 -4.59086299e-03 6.81684948e-03 1.63570008e-03
2.28039973e-01 9.69254247e-03 -4.60981537e-03 6.86664911e-03 1.65044350e-03
2.29568717e-01 9.74666641e-03 -4.62889378e-03 6.91684543e-03 1.66525450e-03
2.31096895e-01 9.80121421e-03 -4.64809855e-03 6.96744162e-03 1.68013338e-03
2.32624504e-01 9.85618897e-03 -4.66743003e-03 7.01844089e-03 1.69508042e-03
2.34151539e-01 9.91159378e-03 -4.68688853e-03 7.06984647e-03 1.71009594e-03
2.35677996e-01 9.96743176e-03 -4.70647439e-03 7.12166161e-03 1.72518023e-03
2.37203872e-01 1.00237061e-02 -4.72618794e-03 7.17388959e-03 1.74033361e-03
2.38729163e-01 1.00804199e-02 -4.74602951e-03 7.22653370e-03 1.75555639e-03
2.40253865e-01 1.01375763e-02 -4.76599942e-03 7.27959728e-03 1.77084891e-03
2.41777975e-01 1.01951787e-02 -4.78609800e-03 7.33308367e-03 1.78621148e-03
2.43301489e-01 1.02532302e-02 -4.80632557e-03 7.38699624e-03 1.80164444e-03
2.44824402e-01 1.03117341e-02 -4.82668246e-03 7.44133838e-03 1.81714813e-03
2.46346712e-01 1.03706937e-02 -4.84716898e-03 7.49611351e-03 1.83272290e-03
2.47868414e-01 1.04301122e-02 -4.86778545e-03 7.55132508e-03 1.84836910e-03
2.49389505e-01 1.04899931e-02 -4.88853220e-03 7.60697656e-03 1.86408709e-03
2.50909981e-01 1.05503396e-02 -4.90940955e-03 7.66307144e-03 1.87987724e-03
2.52429838e-01 1.06111552e-02 -4.93041780e-03 7.71961325e-03 1.89573990e-03
2.53949073e-01 1.06724433e-02 -4.95155729e-03 7.77660552e-03 1.91167547e-03
2.55467681e-01 1.07342072e-02 -4.97282831e-03 7.83405185e-03 1.92768431e-03
2.56985659e-01 1.07964506e-02 -4.99423120e-03 7.89195582e-03 1.94376682e-03
2.58503004e-01 1.08591767e-02 -5.01576627e-03 7.95032106e-03 1.95992340e-03
2.60019711e-01 1.09223892e-02 -5.03743382e-03 8.00915123e-03 1.97615445e-03
2.61535776e-01 1.09860916e-02 -5.05923418e-03 8.06845001e-03 1.99246036e-03
2.63051197e-01 1.10502874e-02 -5.08116766e-03 8.12822112e-03 2.00884157e-03
2.64565969e-01 1.11149803e-02 -5.10323458e-03 8.18846828e-03 2.02529848e-03
2.66080089e-01 1.11801739e-02 -5.12543524e-03 8.24919527e-03 2.04183153e-03
2.67593552e-01 1.12458718e-02 -5.14776997e-03 8.31040589e-03 2.05844114e-03
2.69106356e-01 1.13120777e-02 -5.17023907e-03 8.37210395e-03 2.07512777e-03
2.70618495e-01 1.13787953e-02 -5.19284287e-03 8.43429333e-03 2.09189184e-03
2.72129968e-01 1.14460283e-02 -5.21558168e-03 8.49697789e-03 2.10873383e-03
2.73640769e-01 1.15137805e-02 -5.23845582e-03 8.56016157e-03 2.12565417e-03
2.75150895e-01 1.15820557e-02 -5.26146559e-03 8.62384830e-03 2.14265336e-03
2.76660343e-01 1.16508578e-02 -5.28461133e-03 8.68804207e-03 2.15973184e-03
2.78169109e-01 1.17201906e-02 -5.30789334e-03 8.75274688e-03 2.17689012e-03
2.79677188e-01 1.17900579e-02 -5.33131195e-03 8.81796678e-03 2.19412866e-03
2.81184578e-01 1.18604637e-02 -5.35486747e-03 8.88370585e-03 2.21144797e-03
2.82691274e-01 1.19314120e-02 -5.37856023e-03 8.94996819e-03 2.22884854e-03
2.84197274e-01 1.20029067e-02 -5.40239055e-03 9.01675794e-03 2.24633088e-03
2.85702572e-01 1.20749519e-02 -5.42635876e-03 9.08407927e-03 2.26389550e-03
2.87207166e-01 1.21475515e-02 -5.45046516e-03 9.15193641e-03 2.28154293e-03
2.88711051e-01 1.22207098e-02 -5.47471011e-03 9.22033358e-03 2.29927369e-03
2.90214224e-01 1.22944308e-02 -5.49909391e-03 9.28927508e-03 2.31708831e-03
2.91716682e-01 1.23687186e-02 -5.52361690e-03 9.35876520e-03 2.33498733e-03
2.93218420e-01 1.24435775e-02 -5.54827942e-03 9.42880831e-03 2.35297130e-03
2.94719436e-01 1.25190117e-02 -5.57308179e-03 9.49940879e-03 2.37104077e-03
2.96219724e-01 1.25950255e-02 -5.59802435e-03 9.57057106e-03 2.38919631e-03
2.97719282e-01 1.26716231e-02 -5.62310744e-03 9.64229958e-03 2.40743848e-03
2.99218105e-01 1.27488088e-02 -5.64833140e-03 9.71459885e-03 2.42576785e-03
3.00716191e-01 1.28265871e-02 -5.67369657e-03 9.78747341e-03 2.44418501e-03
3.02213535e-01 1.29049624e-02 -5.69920329e-03 9.86092782e-03 2.46269054e-03
3.03710134e-01 1.29839391e-02 -5.72485191e-03 9.93496671e-03 2.48128504e-03
3.05205983e-01 1.30635217e-02 -5.75064278e-03 1.00095947e-02 2.49996910e-03
3.06701080e-01 1.31437147e-02 -5.77657625e-03 1.00848166e-02 2.51874334e-03
3.08195421e-01 1.32245227e-02 -5.80265267e-03 1.01606370e-02 2.53760836e-03
3.09689002e-01 1.33059503e-02 -5.82887242e-03 1.02370607e-02 2.55656479e-03
3.11181819e-01 1.33880021e-02 -5.85523583e-03 1.03140925e-02 2.57561326e-03
3.12673868e-01 1.34706829e-02 -5.88174329e-03 1.03917374e-02 2.59475439e-03
3.14165146e-01 1.35539974e-02 -5.90839515e-03 1.04700002e-02 2.61398883e-03
3.15655650e-01 1.36379503e-02 -5.93519179e-03 1.05488858e-02 2.63331723e-03
3.17145375e-01 1.37225464e-02 -5.96213358e-03 1.06283993e-02 2.65274023e-03
3.18634318e-01 1.38077907e-02 -5.98922090e-03 1.07085456e-02 2.67225850e-03
3.20122475e-01 1.38936881e-02 -6.01645413e-03 1.07893299e-02 2.69187269e-03
3.21609843e-01 1.39802434e-02 -6.04383365e-03 1.08707573e-02 2.71158349e-03
3.23096417e-01 1.40674616e-02 -6.07135985e-03 1.09528328e-02 2.73139157e-03
3.24582195e-01 1.41553479e-02 -6.09903313e-03 1.10355619e-02 2.75129762e-03
3.26067172e-01 1.42439073e-02 -6.12685388e-03 1.11189496e-02 2.77130231e-03
3.27551345e-01 1.43331449e-02 -6.15482251e-03 1.12030014e-02 2.79140636e-03
3.29034710e-01 1.44230659e-02 -6.18293940e-03 1.12877226e-02 2.81161046e-03
3.30517264e-01 1.45136756e-02 -6.21120499e-03 1.13731185e-02 2.83191531e-03
3.31999003e-01 1.46049791e-02 -6.23961967e-03 1.14591947e-02 2.85232164e-03
3.33479923e-01 1.46969819e-02 -6.26818387e-03 1.15459567e-02 2.87283016e-03
3.34960021e-01 1.47896894e-02 -6.29689801e-03 1.16334099e-02 2.89344160e-03
3.36439292e-01 1.48831068e-02 -6.32576251e-03 1.17215600e-02 2.91415668e-03
3.37917734e-01 1.49772398e-02 -6.35477781e-03 1.18104127e-02 2.93497614e-03
3.39395342e-01 1.50720939e-02 -6.38394435e-03 1.18999737e-02 2.95590073e-03
3.40872114e-01 1.51676745e-02 -6.41326255e-03 1.19902487e-02 2.97693119e-03
3.42348044e-01 1.52639874e-02 -6.44273288e-03 1.20812435e-02 2.99806827e-03
3.43823131e-01 1.53610383e-02 -6.47235578e-03 1.21729641e-02 3.01931273e-03
3.45297369e-01 1.54588328e-02 -6.50213171e-03 1.22654163e-02 3.04066533e-03
3.46770756e-01 1.55573769e-02 -6.53206112e-03 1.23586061e-02 3.06212683e-03
3.48243288e-01 1.56566762e-02 -6.56214449e-03 1.24525396e-02 3.08369802e-03
3.49714961e-01 1.57567367e-02 -6.59238229e-03 1.25472229e-02 3.10537966e-03
3.51185772e-01 1.58575645e-02 -6.62277498e-03 1.26426620e-02 3.12717254e-03
3.52655716e-01 1.59591654e-02 -6.65332307e-03 1.27388632e-02 3.14907744e-03
3.54124791e-01 1.60615456e-02 -6.68402703e-03 1.28358328e-02 3.17109515e-03
3.55592992e-01 1.61647113e-02 -6.71488735e-03 1.29335771e-02 3.19322647e-03
3.57060317e-01 1.62686685e-02 -6.74590454e-03 1.30321024e-02 3.21547219e-03
3.58526760e-01 1.63734235e-02 -6.77707910e-03 1.31314153e-02 3.23783312e-03
3.59992320e-01 1.64789828e-02 -6.80841153e-03 1.32315221e-02 3.26031007e-03
3.61456992e-01 1.65853525e-02 -6.83990237e-03 1.33324296e-02 3.28290383e-03
3.62920772e-01 1.66925392e-02 -6.87155212e-03 1.34341442e-02 3.30561524e-03
3.64383658e-01 1.68005494e-02 -6.90336131e-03 1.35366727e-02 3.32844509e-03
3.65845645e-01 1.69093895e-02 -6.93533048e-03 1.36400219e-02 3.35139422e-03
3.67306729e-01 1.70190663e-02 -6.96746017e-03 1.37441986e-02 3.37446345e-03
3.68766908e-01 1.71295864e-02 -6.99975092e-03 1.38492096e-02 3.39765360e-03
3.70226177e-01 1.72409565e-02 -7.03220327e-03 1.39550618e-02 3.42096551e-03
3.71684534e-01 1.73531835e-02 -7.06481780e-03 1.40617624e-02 3.44440000e-03
3.73141973e-01 1.74662743e-02 -7.09759506e-03 1.41693184e-02 3.46795791e-03
3.74598493e-01 1.75802357e-02 -7.13053561e-03 1.42777369e-02 3.49164009e-03
3.76054088e-01 1.76950748e-02 -7.16364004e-03 1.43870251e-02 3.51544736e-03
3.77508756e-01 1.78107987e-02 -7.19690892e-03 1.44971904e-02 3.53938057e-03
3.78962493e-01 1.79274145e-02 -7.23034285e-03 1.46082400e-02 3.56344057e-03
3.80415296e-01 1.80449295e-02 -7.26394240e-03 1.47201814e-02 3.58762821e-03
3.81867160e-01 1.81633509e-02 -7.29770819e-03 1.48330221e-02 3.61194432e-03
3.83318083e-01 1.82826860e-02 -7.33164081e-03 1.49467697e-02 3.63638976e-03
3.84768060e-01 1.84029423e-02 -7.36574088e-03 1.50614318e-02 3.66096538e-03
3.86217089e-01 1.85241273e-02 -7.40000901e-03 1.51770160e-02 3.68567203e-03
3.87665165e-01 1.86462486e-02 -7.43444583e-03 1.52935303e-02 3.71051056e-03
3.89112285e-01 1.87693138e-02 -7.46905196e-03 1.54109824e-02 3.73548184e-03
3.90558445e-01 1.88933306e-02 -7.50382804e-03 1.55293802e-02 3.76058670e-03
3.92003642e-01 1.90183068e-02 -7.53877470e-03 1.56487318e-02 3.78582601e-03
3.93447872e-01 1.91442503e-02 -7.57389260e-03 1.57690453e-02 3.81120062e-03
3.94891132e-01 1.92711690e-02 -7.60918239e-03 1.58903287e-02 3.83671139e-03
3.96333418e-01 1.93990709e-02 -7.64464472e-03 1.60125904e-02 3.86235917e-03
3.97774727e-01 1.95279641e-02 -7.68028025e-03 1.61358387e-02 3.88814482e-03
3.99215055e-01 1.96578568e-02 -7.71608967e-03 1.62600819e-02 3.91406919e-03
4.00654398e-01 1.97887573e-02 -7.75207363e-03 1.63853285e-02 3.94013313e-03
4.02092753e-01 1.99206738e-02 -7.78823283e-03 1.65115871e-02 3.96633751e-03
4.03530117e-01 2.00536147e-02 -7.82456794e-03 1.66388663e-02 3.99268316e-03
4.04966485e-01 2.01875886e-02 -7.86107966e-03 1.67671748e-02 4.01917094e-03
4.06401855e-01 2.03226040e-02 -7.89776869e-03 1.68965214e-02 4.04580170e-03
4.07836222e-01 2.04586696e-02 -7.93463573e-03 1.70269149e-02 4.07257629e-03
4.09269584e-01 2.05957940e-02 -7.97168149e-03 1.71583644e-02 4.09949555e-03
4.10701936e-01 2.07339861e-02 -8.00890667e-03 1.72908789e-02 4.12656033e-03
4.12133276e-01 2.08732549e-02 -8.04631200e-03 1.74244675e-02 4.15377147e-03
4.13563599e-01 2.10136091e-02 -8.08389820e-03 1.75591393e-02 4.18112980e-03
4.14992902e-01 2.11550580e-02 -8.12166599e-03 1.76949038e-02 4.20863617e-03
4.16421181e-01 2.12976107e-02 -8.15961612e-03 1.78317703e-02 4.23629141e-03
4.17848434e-01 2.14412763e-02 -8.19774931e-03 1.79697483e-02 4.26409634e-03
4.19274656e-01 2.15860643e-02 -8.23606631e-03 1.81088473e-02 4.29205180e-03
4.20699844e-01 2.17319840e-02 -8.27456787e-03 1.82490769e-02 4.32015861e-03
4.22123995e-01 2.18790449e-02 -8.31325473e-03 1.83904469e-02 4.34841758e-03
4.23547105e-01 2.20272566e-02 -8.35212766e-03 1.85329672e-02 4.37682955e-03
4.24969170e-01 2.21766287e-02 -8.39118740e-03 1.86766476e-02 4.40539531e-03
4.26390187e-01 2.23271710e-02 -8.43043473e-03 1.88214981e-02 4.43411567e-03
4.27810152e-01 2.24788934e-02 -8.46987041e-03 1.89675289e-02 4.46299145e-03
4.29229063e-01 2.26318058e-02 -8.50949521e-03 1.91147501e-02 4.49202343e-03
4.30646915e-01 2.27859182e-02 -8.54930991e-03 1.92631721e-02 4.52121241e-03
4.32063705e-01 2.29412407e-02 -8.58931528e-03 1.94128050e-02 4.55055918e-03
4.33479429e-01 2.30977835e-02 -8.62951210e-03 1.95636596e-02 4.58006452e-03
4.34894084e-01 2.32555570e-02 -8.66990117e-03 1.97157462e-02 4.60972922e-03
4.36307667e-01 2.34145716e-02 -8.71048326e-03 1.98690756e-02 4.63955403e-03
4.37720174e-01 2.35748377e-02 -8.75125916e-03 2.00236585e-02 4.66953973e-03
4.39131601e-01 2.37363658e-02 -8.79222967e-03 2.01795057e-02 4.69968708e-03
4.40541946e-01 2.38991668e-02 -8.83339559e-03 2.03366283e-02 4.72999682e-03
4.41951203e-01 2.40632513e-02 -8.87475771e-03 2.04950371e-02 4.76046971e-03
4.43359371e-01 2.42286303e-02 -8.91631682e-03 2.06547434e-02 4.79110648e-03
4.44766446e-01 2.43953146e-02 -8.95807374e-03 2.08157585e-02 4.82190788e-03
4.46172424e-01 2.45633154e-02 -9.00002926e-03 2.09780935e-02 4.85287461e-03
4.47577301e-01 2.47326439e-02 -9.04218419e-03 2.11417600e-02 4.88400740e-03
4.48981074e-01 2.49033111e-02 -9.08453933e-03 2.13067695e-02 4.91530696e-03
4.50383741e-01 2.50753286e-02 -9.12709549e-03 2.14731337e-02 4.94677399e-03
4.51785296e-01 2.52487078e-02 -9.16985348e-03 2.16408642e-02 4.97840918e-03
4.53185738e-01 2.54234603e-02 -9.21281410e-03 2.18099728e-02 5.01021322e-03
4.54585061e-01 2.55995976e-02 -9.25597817e-03 2.19804716e-02 5.04218679e-03
4.55983264e-01 2.57771315e-02 -9.29934648e-03 2.21523725e-02 5.07433054e-03
4.57380342e-01 2.59560739e-02 -9.34291986e-03 2.23256877e-02 5.10664516e-03
4.58776292e-01 2.61364368e-02 -9.38669911e-03 2.25004295e-02 5.13913127e-03
4.60171111e-01 2.63182321e-02 -9.43068503e-03 2.26766101e-02 5.17178952e-03
4.61564795e-01 2.65014722e-02 -9.47487844e-03 2.28542420e-02 5.20462055e-03
4.62957340e-01 2.66861691e-02 -9.51928014e-03 2.30333378e-02 5.23762497e-03
4.64348744e-01 2.68723353e-02 -9.56389093e-03 2.32139102e-02 5.27080339e-03
4.65739003e-01 2.70599833e-02 -9.60871162e-03 2.33959718e-02 5.30415642e-03
4.67128113e-01 2.72491256e-02 -9.65374300e-03 2.35795356e-02 5.33768465e-03
4.68516071e-01 2.74397748e-02 -9.69898589e-03 2.37646145e-02 5.37138864e-03
4.69902874e-01 2.76319439e-02 -9.74444106e-03 2.39512215e-02 5.40526899e-03
4.71288518e-01 2.78256456e-02 -9.79010933e-03 2.41393700e-02 5.43932623e-03
4.72672999e-01 2.80208929e-02 -9.83599147e-03 2.43290732e-02 5.47356093e-03
4.74056315e-01 2.82176990e-02 -9.88208829e-03 2.45203444e-02 5.50797361e-03
4.75438462e-01 2.84160770e-02 -9.92840056e-03 2.47131973e-02 5.54256480e-03
4.76819436e-01 2.86160402e-02 -9.97492906e-03 2.49076453e-02 5.57733500e-03
4.78199234e-01 2.88176021e-02 -1.00216746e-02 2.51037022e-02 5.61228474e-03
4.79577853e-01 2.90207762e-02 -1.00686379e-02 2.53013819e-02 5.64741448e-03
4.80955289e-01 2.92255761e-02 -1.01158197e-02 2.55006983e-02 5.68272471e-03
4.82331539e-01 2.94320156e-02 -1.01632209e-02 2.57016655e-02 5.71821589e-03
4.83706600e-01 2.96401084e-02 -1.02108421e-02 2.59042976e-02 5.75388847e-03
4.85080468e-01 2.98498685e-02 -1.02586842e-02 2.61086088e-02 5.78974289e-03
4.86453139e-01 3.00613101e-02 -1.03067478e-02 2.63146136e-02 5.82577958e-03
4.87824611e-01 3.02744472e-02 -1.03550337e-02 2.65223265e-02 5.86199896e-03
4.89194880e-01 3.04892942e-02 -1.04035427e-02 2.67317620e-02 5.89840141e-03
4.90563942e-01 3.07058654e-02 -1.04522755e-02 2.69429349e-02 5.93498733e-03
4.91931794e-01 3.09241753e-02 -1.05012327e-02 2.71558600e-02 5.97175709e-03
4.93298434e-01 3.11442386e-02 -1.05504152e-02 2.73705522e-02 6.00871104e-03
4.94663856e-01 3.13660699e-02 -1.05998235e-02 2.75870266e-02 6.04584955e-03
4.96028059e-01 3.15896842e-02 -1.06494585e-02 2.78052983e-02 6.08317293e-03
4.97391039e-01 3.18150962e-02 -1.06993208e-02 2.80253826e-02 6.12068150e-03
4.98752791e-01 3.20423211e-02 -1.07494110e-02 2.82472950e-02 6.15837558e-03
5.00113314e-01 3.22713741e-02 -1.07997299e-02 2.84710508e-02 6.19625544e-03
5.01472604e-01 3.25022703e-02 -1.08502781e-02 2.86966658e-02 6.23432136e-03
5.02830656e-01 3.27350253e-02 -1.09010562e-02 2.89241556e-02 6.27257361e-03
5.04187469e-01 3.29696544e-02 -1.09520649e-02 2.91535360e-02 6.31101243e-03
5.05543038e-01 3.32061734e-02 -1.10033049e-02 2.93848231e-02 6.34963805e-03
5.06897361e-01 3.34445978e-02 -1.10547767e-02 2.96180328e-02 6.38845069e-03
5.08250433e-01 3.36849436e-02 -1.11064810e-02 2.98531815e-02 6.42745055e-03
5.09602252e-01 3.39272267e-02 -1.11584183e-02 3.00902852e-02 6.46663781e-03
5.10952815e-01 3.41714631e-02 -1.12105892e-02 3.03293606e-02 6.50601265e-03
5.12302117e-01 3.44176691e-02 -1.12629944e-02 3.05704240e-02 6.54557522e-03
5.13650155e-01 3.46658608e-02 -1.13156343e-02 3.08134921e-02 6.58532567e-03
5.14996927e-01 3.49160547e-02 -1.13685096e-02 3.10585817e-02 6.62526412e-03
5.16342429e-01 3.51682674e-02 -1.14216207e-02 3.13057097e-02 6.66539068e-03
5.17686658e-01 3.54225153e-02 -1.14749681e-02 3.15548929e-02 6.70570544e-03
5.19029610e-01 3.56788153e-02 -1.15285525e-02 3.18061485e-02 6.74620849e-03
5.20371281e-01 3.59371842e-02 -1.15823742e-02 3.20594938e-02 6.78689989e-03
5.21711670e-01 3.61976389e-02 -1.16364338e-02 3.23149460e-02 6.82777968e-03
5.23050772e-01 3.64601966e-02 -1.16907316e-02 3.25725225e-02 6.86884789e-03
5.24388584e-01 3.67248744e-02 -1.17452683e-02 3.28322410e-02 6.91010455e-03
5.25725102e-01 3.69916896e-02 -1.18000441e-02 3.30941190e-02 6.95154966e-03
5.27060325e-01 3.72606597e-02 -1.18550595e-02 3.33581744e-02 6.99318319e-03
5.28394247e-01 3.75318021e-02 -1.19103150e-02 3.36244251e-02 7.03500512e-03
5.29726866e-01 3.78051345e-02 -1.19658108e-02 3.38928890e-02 7.07701540e-03
5.31058179e-01 3.80806747e-02 -1.20215473e-02 3.41635843e-02 7.11921397e-03
5.32388182e-01 3.83584405e-02 -1.20775250e-02 3.44365293e-02 7.16160074e-03
5.33716872e-01 3.86384499e-02 -1.21337441e-02 3.47117423e-02 7.20417563e-03
5.35044246e-01 3.89207211e-02 -1.21902049e-02 3.49892417e-02 7.24693851e-03
5.36370301e-01 3.92052721e-02 -1.22469077e-02 3.52690462e-02 7.28988927e-03
5.37695032e-01 3.94921214e-02 -1.23038529e-02 3.55511744e-02 7.33302776e-03
5.39018438e-01 3.97812873e-02 -1.23610405e-02 3.58356452e-02 7.37635383e-03
5.40340514e-01 4.00727885e-02 -1.24184710e-02 3.61224775e-02 7.41986728e-03
5.41661258e-01 4.03666436e-02 -1.24761445e-02 3.64116904e-02 7.46356795e-03
5.42980666e-01 4.06628714e-02 -1.25340612e-02 3.67033029e-02 7.50745561e-03
5.44298735e-01 4.09614907e-02 -1.25922213e-02 3.69973344e-02 7.55153005e-03
5.45615461e-01 4.12625206e-02 -1.26506249e-02 3.72938043e-02 7.59579102e-03
5.46930842e-01 4.15659802e-02 -1.27092721e-02 3.75927321e-02 7.64023827e-03
5.48244874e-01 4.18718888e-02 -1.27681631e-02 3.78941373e-02 7.68487154e-03
5.49557555e-01 4.21802656e-02 -1.28272979e-02 3.81980398e-02 7.72969053e-03
5.50868879e-01 4.24911301e-02 -1.28866767e-02 3.85044593e-02 7.77469494e-03
5.52178845e-01 4.28045020e-02 -1.29462994e-02 3.88134158e-02 7.81988446e-03
5.53487450e-01 4.31204009e-02 -1.30061661e-02 3.91249295e-02 7.86525875e-03
5.54794689e-01 4.34388466e-02 -1.30662768e-02 3.94390204e-02 7.91081747e-03
5.56100561e-01 4.37598589e-02 -1.31266314e-02 3.97557090e-02 7.95656024e-03
5.57405060e-01 4.40834581e-02 -1.31872300e-02 4.00750155e-02 8.00248670e-03
5.58708186e-01 4.44096641e-02 -1.32480723e-02 4.03969606e-02 8.04859644e-03
5.60009933e-01 4.47384973e-02 -1.33091584e-02 4.07215649e-02 8.09488906e-03
5.61310299e-01 4.50699780e-02 -1.33704880e-02 4.10488492e-02 8.14136413e-03
5.62609281e-01 4.54041267e-02 -1.34320611e-02 4.13788342e-02 8.18802121e-03
5.63906875e-01 4.57409639e-02 -1.34938774e-02 4.17115411e-02 8.23485985e-03
5.65203079e-01 4.60805105e-02 -1.35559368e-02 4.20469908e-02 8.28187957e-03
5.66497889e-01 4.64227872e-02 -1.36182391e-02 4.23852047e-02 8.32907989e-03
5.67791302e-01 4.67678149e-02 -1.36807839e-02 4.27262041e-02 8.37646032e-03
5.69083314e-01 4.71156148e-02 -1.37435711e-02 4.30700103e-02 8.42402034e-03
5.70373923e-01 4.74662078e-02 -1.38066002e-02 4.34166449e-02 8.47175942e-03
5.71663126e-01 4.78196155e-02 -1.38698710e-02 4.37661297e-02 8.51967702e-03
5.72950918e-01 4.81758590e-02 -1.39333830e-02 4.41184863e-02 8.56777258e-03
5.74237298e-01 4.85349599e-02 -1.39971360e-02 4.44737367e-02 8.61604554e-03
5.75522261e-01 4.88969399e-02 -1.40611295e-02 4.48319029e-02 8.66449531e-03
5.76805805e-01 4.92618206e-02 -1.41253630e-02 4.51930069e-02 8.71312130e-03
5.78087927e-01 4.96296239e-02 -1.41898360e-02 4.55570711e-02 8.76192288e-03
5.79368623e-01 5.00003717e-02 -1.42545481e-02 4.59241177e-02 8.81089945e-03
5.80647890e-01 5.03740860e-02 -1.43194988e-02 4.62941693e-02 8.86005035e-03
5.81925725e-01 5.07507892e-02 -1.43846874e-02 4.66672483e-02 8.90937495e-03
5.83202125e-01 5.11305034e-02 -1.44501134e-02 4.70433774e-02 8.95887258e-03
5.84477087e-01 5.15132510e-02 -1.45157761e-02 4.74225795e-02 9.00854256e-03
5.85750607e-01 5.18990545e-02 -1.45816749e-02 4.78048775e-02 9.05838420e-03
5.87022683e-01 5.22879367e-02 -1.46478092e-02 4.81902943e-02 9.10839681e-03
5.88293311e-01 5.26799201e-02 -1.47141781e-02 4.85788530e-02 9.15857966e-03
5.89562488e-01 5.30750277e-02 -1.47807811e-02 4.89705770e-02 9.20893204e-03
5.90830212e-01 5.34732824e-02 -1.48476172e-02 4.93654896e-02 9.25945322e-03
5.92096478e-01 5.38747073e-02 -1.49146857e-02 4.97636142e-02 9.31014243e-03
5.93361284e-01 5.42793255e-02 -1.49819857e-02 5.01649744e-02 9.36099893e-03
5.94624627e-01 5.46871604e-02 -1.50495165e-02 5.05695939e-02 9.41202194e-03
5.95886503e-01 5.50982354e-02 -1.51172770e-02 5.09774964e-02 9.46321067e-03
5.97146909e-01 5.55125740e-02 -1.51852664e-02 5.13887060e-02 9.51456435e-03
5.98405843e-01 5.59301998e-02 -1.52534837e-02 5.18032466e-02 9.56608216e-03
5.99663302e-01 5.63511366e-02 -1.53219279e-02 5.22211423e-02 9.61776329e-03
6.00919281e-01 5.67754082e-02 -1.53905980e-02 5.26424174e-02 9.66960692e-03
6.02173778e-01 5.72030386e-02 -1.54594929e-02 5.30670963e-02 9.72161222e-03
6.03426791e-01 5.76340519e-02 -1.55286115e-02 5.34952034e-02 9.77377834e-03
6.04678315e-01 5.80684723e-02 -1.55979528e-02 5.39267633e-02 9.82610442e-03
6.05928348e-01 5.85063241e-02 -1.56675155e-02 5.43618006e-02 9.87858961e-03
6.07176887e-01 5.89476318e-02 -1.57372985e-02 5.48003403e-02 9.93123304e-03
6.08423928e-01 5.93924198e-02 -1.58073005e-02 5.52424072e-02 9.98403383e-03
6.09669468e-01 5.98407128e-02 -1.58775204e-02 5.56880264e-02 1.00369911e-02
6.10913506e-01 6.02925356e-02 -1.59479567e-02 5.61372229e-02 1.00901039e-02
6.12156036e-01 6.07479131e-02 -1.60186083e-02 5.65900221e-02 1.01433714e-02
6.13397057e-01 6.12068702e-02 -1.60894737e-02 5.70464493e-02 1.01967926e-02
6.14636565e-01 6.16694321e-02 -1.61605516e-02 5.75065300e-02 1.02503667e-02
6.15874558e-01 6.21356240e-02 -1.62318405e-02 5.79702898e-02 1.03040927e-02
6.17111031e-01 6.26054713e-02 -1.63033390e-02 5.84377544e-02 1.03579697e-02
6.18345983e-01 6.30789993e-02 -1.63750456e-02 5.89089496e-02 1.04119966e-02
6.19579410e-01 6.35562337e-02 -1.64469589e-02 5.93839014e-02 1.04661727e-02
6.20811308e-01 6.40372001e-02 -1.65190771e-02 5.98626358e-02 1.05204969e-02
6.22041676e-01 6.45219244e-02 -1.65913988e-02 6.03451790e-02 1.05749682e-02
6.23270509e-01 6.50104325e-02 -1.66639224e-02 6.08315573e-02 1.06295857e-02
6.24497806e-01 6.55027504e-02 -1.67366461e-02 6.13217970e-02 1.06843485e-02
6.25723562e-01 6.59989042e-02 -1.68095683e-02 6.18159247e-02 1.07392555e-02
6.26947776e-01 6.64989202e-02 -1.68826874e-02 6.23139670e-02 1.07943057e-02
6.28170443e-01 6.70028249e-02 -1.69560014e-02 6.28159507e-02 1.08494982e-02
6.29391561e-01 6.75106446e-02 -1.70295087e-02 6.33219025e-02 1.09048320e-02
6.30611126e-01 6.80224061e-02 -1.71032074e-02 6.38318495e-02 1.09603060e-02
6.31829137e-01 6.85381361e-02 -1.71770958e-02 6.43458188e-02 1.10159193e-02
6.33045589e-01 6.90578615e-02 -1.72511718e-02 6.48638376e-02 1.10716709e-02
6.34260480e-01 6.95816092e-02 -1.73254335e-02 6.53859332e-02 1.11275597e-02
6.35473807e-01 7.01094063e-02 -1.73998791e-02 6.59121331e-02 1.11835847e-02
6.36685567e-01 7.06412801e-02 -1.74745065e-02 6.64424648e-02 1.12397449e-02
6.37895757e-01 7.11772579e-02 -1.75493138e-02 6.69769561e-02 1.12960393e-02
6.39104373e-01 7.17173672e-02 -1.76242988e-02 6.75156346e-02 1.13524669e-02
6.40311414e-01 7.22616355e-02 -1.76994595e-02 6.80585285e-02 1.14090266e-02
6.41516875e-01 7.28100907e-02 -1.77747938e-02 6.86056656e-02 1.14657174e-02
6.42720754e-01 7.33627605e-02 -1.78502995e-02 6.91570743e-02 1.15225383e-02
6.43923048e-01 7.39196729e-02 -1.79259744e-02 6.97127827e-02 1.15794881e-02
6.45123754e-01 7.44808560e-02 -1.80018163e-02 7.02728193e-02 1.16365660e-02
6.46322869e-01 7.50463381e-02 -1.80778230e-02 7.08372127e-02 1.16937708e-02
6.47520390e-01 7.56161473e-02 -1.81539923e-02 7.14059915e-02 1.17511015e-02
6.48716314e-01 7.61903123e-02 -1.82303217e-02 7.19791845e-02 1.18085570e-02
6.49910639e-01 7.67688617e-02 -1.83068089e-02 7.25568206e-02 1.18661364e-02
6.51103360e-01 7.73518241e-02 -1.83834516e-02 7.31389289e-02 1.19238385e-02
6.52294476e-01 7.79392284e-02 -1.84602474e-02 7.37255386e-02 1.19816624e-02
6.53483983e-01 7.85311037e-02 -1.85371938e-02 7.43166789e-02 1.20396069e-02
6.54671879e-01 7.91274790e-02 -1.86142883e-02 7.49123793e-02 1.20976710e-02
6.55858160e-01 7.97283836e-02 -1.86915285e-02 7.55126693e-02 1.21558537e-02
6.57042824e-01 8.03338469e-02 -1.87689118e-02 7.61175787e-02 1.22141539e-02
6.58225867e-01 8.09438984e-02 -1.88464357e-02 7.67271372e-02 1.22725705e-02
6.59407287e-01 8.15585678e-02 -1.89240975e-02 7.73413749e-02 1.23311026e-02
6.60587080e-01 8.21778849e-02 -1.90018947e-02 7.79603217e-02 1.23897491e-02
6.61765245e-01 8.28018796e-02 -1.90798245e-02 7.85840081e-02 1.24485088e-02
6.62941778e-01 8.34305819e-02 -1.91578844e-02 7.92124642e-02 1.25073809e-02
6.64116675e-01 8.40640222e-02 -1.92360715e-02 7.98457206e-02 1.25663641e-02
6.65289935e-01 8.47022307e-02 -1.93143832e-02 8.04838080e-02 1.26254575e-02
6.66461554e-01 8.53452380e-02 -1.93928166e-02 8.11267571e-02 1.26846601e-02
6.67631530e-01 8.59930746e-02 -1.94713690e-02 8.17745988e-02 1.27439707e-02
6.68799859e-01 8.66457714e-02 -1.95500376e-02 8.24273643e-02 1.28033883e-02
6.69966538e-01 8.73033594e-02 -1.96288194e-02 8.30850846e-02 1.28629119e-02
6.71131566e-01 8.79658695e-02 -1.97077115e-02 8.37477912e-02 1.29225405e-02
6.72294938e-01 8.86333330e-02 -1.97867112e-02 8.44155156e-02 1.29822729e-02
6.73456652e-01 8.93057813e-02 -1.98658153e-02 8.50882893e-02 1.30421083e-02
6.74616706e-01 8.99832458e-02 -1.99450210e-02 8.57661442e-02 1.31020454e-02
6.75775095e-01 9.06657584e-02 -2.00243253e-02 8.64491121e-02 1.31620833e-02
6.76931818e-01 9.13533507e-02 -2.01037251e-02 8.71372252e-02 1.32222209e-02
6.78086872e-01 9.20460548e-02 -2.01832173e-02 8.78305158e-02 1.32824573e-02
6.79240254e-01 9.27439028e-02 -2.02627989e-02 8.85290161e-02 1.33427913e-02
6.80391960e-01 9.34469270e-02 -2.03424667e-02 8.92327588e-02 1.34032220e-02
6.81541988e-01 9.41551599e-02 -2.04222177e-02 8.99417764e-02 1.34637482e-02
6.82690336e-01 9.48686340e-02 -2.05020487e-02 9.06561020e-02 1.35243691e-02
6.83837000e-01 9.55873822e-02 -2.05819564e-02 9.13757685e-02 1.35850834e-02
6.84981977e-01 9.63114374e-02 -2.06619378e-02 9.21008090e-02 1.36458904e-02
6.86125265e-01 9.70408326e-02 -2.07419894e-02 9.28312569e-02 1.37067888e-02
6.87266861e-01 9.77756012e-02 -2.08221081e-02 9.35671457e-02 1.37677777e-02
6.88406763e-01 9.85157766e-02 -2.09022906e-02 9.43085090e-02 1.38288560e-02
6.89544966e-01 9.92613923e-02 -2.09825336e-02 9.50553808e-02 1.38900228e-02
6.90681469e-01 1.00012482e-01 -2.10628337e-02 9.58077948e-02 1.39512770e-02
6.91816268e-01 1.00769080e-01 -2.11431876e-02 9.65657854e-02 1.40126176e-02
6.92949362e-01 1.01531220e-01 -2.12235919e-02 9.73293868e-02 1.40740436e-02
6.94080746e-01 1.02298937e-01 -2.13040432e-02 9.80986336e-02 1.41355539e-02
6.95210419e-01 1.03072265e-01 -2.13845381e-02 9.88735604e-02 1.41971476e-02
6.96338377e-01 1.03851238e-01 -2.14650730e-02 9.96542021e-02 1.42588236e-02
6.97464618e-01 1.04635892e-01 -2.15456446e-02 1.00440594e-01 1.43205810e-02
6.98589139e-01 1.05426261e-01 -2.16262493e-02 1.01232770e-01 1.43824186e-02
6.99711937e-01 1.06222381e-01 -2.17068837e-02 1.02030768e-01 1.44443356e-02
7.00833010e-01 1.07024286e-01 -2.17875442e-02 1.02834621e-01 1.45063308e-02
7.01952354e-01 1.07832014e-01 -2.18682271e-02 1.03644366e-01 1.45684034e-02
7.03069967e-01 1.08645599e-01 -2.19489291e-02 1.04460039e-01 1.46305522e-02
7.04185846e-01 1.09465077e-01 -2.20296463e-02 1.05281676e-01 1.46927762e-02
7.05299989e-01 1.10290484e-01 -2.21103753e-02 1.06109312e-01 1.47550745e-02
7.06412392e-01 1.11121857e-01 -2.21911124e-02 1.06942986e-01 1.48174461e-02
7.07523053e-01 1.11959233e-01 -2.22718539e-02 1.07782733e-01 1.48798898e-02
7.08631969e-01 1.12802647e-01 -2.23525962e-02 1.08628591e-01 1.49424048e-02
7.09739137e-01 1.13652138e-01 -2.24333355e-02 1.09480595e-01 1.50049899e-02
7.10844555e-01 1.14507741e-01 -2.25140682e-02 1.10338785e-01 1.50676443e-02
7.11948220e-01 1.15369495e-01 -2.25947904e-02 1.11203196e-01 1.51303667e-02
7.13050130e-01 1.16237436e-01 -2.26754985e-02 1.12073868e-01 1.51931563e-02
7.14150280e-01 1.17111604e-01 -2.27561886e-02 1.12950837e-01 1.52560121e-02
7.15248670e-01 1.17992035e-01 -2.28368571e-02 1.13834142e-01 1.53189329e-02
7.16345296e-01 1.18878767e-01 -2.29175000e-02 1.14723821e-01 1.53819177e-02
7.17440155e-01 1.19771840e-01 -2.29981135e-02 1.15619912e-01 1.54449656e-02
7.18533244e-01 1.20671291e-01 -2.30786939e-02 1.16522455e-01 1.55080755e-02
7.19624562e-01 1.21577160e-01 -2.31592372e-02 1.17431489e-01 1.55712463e-02
7.20714105e-01 1.22489485e-01 -2.32397396e-02 1.18347052e-01 1.56344771e-02
7.21801870e-01 1.23408306e-01 -2.33201972e-02 1.19269183e-01 1.56977667e-02
7.22887856e-01 1.24333663e-01 -2.34006061e-02 1.20197923e-01 1.57611141e-02
7.23972059e-01 1.25265594e-01 -2.34809624e-02 1.21133312e-01 1.58245182e-02
7.25054476e-01 1.26204140e-01 -2.35612621e-02 1.22075388e-01 1.58879781e-02
7.26135105e-01 1.27149340e-01 -2.36415013e-02 1.23024193e-01 1.59514925e-02
7.27213943e-01 1.28101236e-01 -2.37216760e-02 1.23979767e-01 1.60150605e-02
7.28290988e-01 1.29059868e-01 -2.38017823e-02 1.24942150e-01 1.60786809e-02
7.29366237e-01 1.30025276e-01 -2.38818161e-02 1.25911384e-01 1.61423526e-02
7.30439687e-01 1.30997502e-01 -2.39617734e-02 1.26887510e-01 1.62060747e-02
7.31511336e-01 1.31976587e-01 -2.40416503e-02 1.27870569e-01 1.62698458e-02
7.32581181e-01 1.32962573e-01 -2.41214426e-02 1.28860602e-01 1.63336650e-02
7.33649219e-01 1.33955501e-01 -2.42011464e-02 1.29857653e-01 1.63975311e-02
7.34715448e-01 1.34955413e-01 -2.42807576e-02 1.30861761e-01 1.64614430e-02
7.35779864e-01 1.35962351e-01 -2.43602721e-02 1.31872971e-01 1.65253994e-02
7.36842467e-01 1.36976358e-01 -2.44396858e-02 1.32891325e-01 1.65893994e-02
7.37903252e-01 1.37997478e-01 -2.45189947e-02 1.33916865e-01 1.66534416e-02
7.38962217e-01 1.39025751e-01 -2.45981945e-02 1.34949634e-01 1.67175249e-02
7.40019360e-01 1.40061223e-01 -2.46772813e-02 1.35989676e-01 1.67816481e-02
7.41074678e-01 1.41103936e-01 -2.47562508e-02 1.37037035e-01 1.68458100e-02
7.42128168e-01 1.42153934e-01 -2.48350989e-02 1.38091753e-01 1.69100094e-02
7.43179828e-01 1.43211261e-01 -2.49138215e-02 1.39153876e-01 1.69742450e-02
7.44229655e-01 1.44275962e-01 -2.49924143e-02 1.40223447e-01 1.70385156e-02
7.45277647e-01 1.45348080e-01 -2.50708733e-02 1.41300511e-01 1.71028199e-02
7.46323801e-01 1.46427661e-01 -2.51491942e-02 1.42385113e-01 1.71671566e-02
7.47368114e-01 1.47514749e-01 -2.52273728e-02 1.43477298e-01 1.72315245e-02
7.48410585e-01 1.48609390e-01 -2.53054049e-02 1.44577111e-01 1.72959222e-02
7.49451209e-01 1.49711630e-01 -2.53832862e-02 1.45684598e-01 1.73603483e-02
7.50489985e-01 1.50821513e-01 -2.54610127e-02 1.46799805e-01 1.74248016e-02
7.51526911e-01 1.51939087e-01 -2.55385799e-02 1.47922777e-01 1.74892806e-02
7.52561982e-01 1.53064397e-01 -2.56159836e-02 1.49053561e-01 1.75537840e-02
7.53595199e-01 1.54197490e-01 -2.56932196e-02 1.50192204e-01 1.76183103e-02
7.54626556e-01 1.55338412e-01 -2.57702837e-02 1.51338752e-01 1.76828581e-02
7.55656053e-01 1.56487212e-01 -2.58471714e-02 1.52493253e-01 1.77474259e-02
7.56683685e-01 1.57643936e-01 -2.59238786e-02 1.53655754e-01 1.78120123e-02
7.57709452e-01 1.58808632e-01 -2.60004009e-02 1.54826303e-01 1.78766157e-02
7.58733350e-01 1.59981348e-01 -2.60767340e-02 1.56004947e-01 1.79412346e-02
7.59755377e-01 1.61162132e-01 -2.61528735e-02 1.57191735e-01 1.80058675e-02
7.60775531e-01 1.62351032e-01 -2.62288152e-02 1.58386716e-01 1.80705128e-02
7.61793808e-01 1.63548097e-01 -2.63045547e-02 1.59589937e-01 1.81351688e-02
7.62810206e-01 1.64753377e-01 -2.63800877e-02 1.60801449e-01 1.81998340e-02
7.63824724e-01 1.65966920e-01 -2.64554097e-02 1.62021300e-01 1.82645066e-02
7.64837357e-01 1.67188775e-01 -2.65305164e-02 1.63249540e-01 1.83291849e-02
7.65848104e-01 1.68418994e-01 -2.66054034e-02 1.64486218e-01 1.83938674e-02
7.66856963e-01 1.69657625e-01 -2.66800664e-02 1.65731385e-01 1.84585521e-02
7.67863930e-01 1.70904720e-01 -2.67545009e-02 1.66985091e-01 1.85232373e-02
7.68869004e-01 1.72160328e-01 -2.68287025e-02 1.68247387e-01 1.85879212e-02
7.69872181e-01 1.73424501e-01 -2.69026668e-02 1.69518323e-01 1.86526019e-02
7.70873460e-01 1.74697290e-01 -2.69763894e-02 1.70797951e-01 1.87172777e-02
7.71872838e-01 1.75978746e-01 -2.70498657e-02 1.72086323e-01 1.87819464e-02
7.72870312e-01 1.77268920e-01 -2.71230915e-02 1.73383489e-01 1.88466062e-02
7.73865880e-01 1.78567866e-01 -2.71960621e-02 1.74689501e-01 1.89112551e-02
7.74859540e-01 1.79875635e-01 -2.72687732e-02 1.76004413e-01 1.89758911e-02
7.75851289e-01 1.81192280e-01 -2.73412202e-02 1.77328276e-01 1.90405121e-02
7.76841124e-01 1.82517853e-01 -2.74133987e-02 1.78661143e-01 1.91051160e-02
7.77829044e-01 1.83852407e-01 -2.74853041e-02 1.80003068e-01 1.91697006e-02
7.78815045e-01 1.85195996e-01 -2.75569320e-02 1.81354103e-01 1.92342639e-02
7.79799126e-01 1.86548674e-01 -2.76282778e-02 1.82714302e-01 1.92988035e-02
7.80781283e-01 1.87910493e-01 -2.76993370e-02 1.84083719e-01 1.93633171e-02
7.81761515e-01 1.89281509e-01 -2.77701051e-02 1.85462408e-01 1.94278026e-02
7.82739819e-01 1.90661776e-01 -2.78405774e-02 1.86850422e-01 1.94922575e-02
7.83716193e-01 1.92051348e-01 -2.79107495e-02 1.88247818e-01 1.95566795e-02
7.84690634e-01 1.93450280e-01 -2.79806167e-02 1.89654649e-01 1.96210660e-02
7.85663139e-01 1.94858628e-01 -2.80501745e-02 1.91070971e-01 1.96854147e-02
7.86633708e-01 1.96276446e-01 -2.81194182e-02 1.92496839e-01 1.97497229e-02
7.87602336e-01 1.97703790e-01 -2.81883434e-02 1.93932309e-01 1.98139882e-02
7.88569022e-01 1.99140717e-01 -2.82569452e-02 1.95377436e-01 1.98782079e-02
7.89533763e-01 2.00587282e-01 -2.83252191e-02 1.96832276e-01 1.99423792e-02
7.90496556e-01 2.02043542e-01 -2.83931605e-02 1.98296886e-01 2.00064996e-02
7.91457401e-01 2.03509554e-01 -2.84607647e-02 1.99771323e-01 2.00705661e-02
7.92416293e-01 2.04985373e-01 -2.85280271e-02 2.01255643e-01 2.01345760e-02
7.93373232e-01 2.06471058e-01 -2.85949428e-02 2.02749903e-01 2.01985265e-02
7.94328214e-01 2.07966666e-01 -2.86615074e-02 2.04254160e-01 2.02624145e-02
7.95281236e-01 2.09472254e-01 -2.87277160e-02 2.05768472e-01 2.03262370e-02
7.96232298e-01 2.10987881e-01 -2.87935639e-02 2.07292897e-01 2.03899911e-02
7.97181396e-01 2.12513603e-01 -2.88590464e-02 2.08827493e-01 2.04536737e-02
7.98128528e-01 2.14049480e-01 -2.89241587e-02 2.10372317e-01 2.05172816e-02
7.99073691e-01 2.15595570e-01 -2.89888962e-02 2.11927428e-01 2.05808115e-02
8.00016884e-01 2.17151932e-01 -2.90532539e-02 2.13492885e-01 2.06442603e-02
8.00958104e-01 2.18718624e-01 -2.91172272e-02 2.15068746e-01 2.07076246e-02
8.01897349e-01 2.20295705e-01 -2.91808112e-02 2.16655071e-01 2.07709009e-02
8.02834616e-01 2.21883236e-01 -2.92440011e-02 2.18251918e-01 2.08340860e-02
8.03769903e-01 2.23481275e-01 -2.93067920e-02 2.19859347e-01 2.08971762e-02
8.04703207e-01 2.25089882e-01 -2.93691792e-02 2.21477418e-01 2.09601681e-02
8.05634528e-01 2.26709116e-01 -2.94311578e-02 2.23106190e-01 2.10230579e-02
8.06563861e-01 2.28339039e-01 -2.94927229e-02 2.24745723e-01 2.10858421e-02
8.07491206e-01 2.29979711e-01 -2.95538695e-02 2.26396077e-01 2.11485168e-02
8.08416559e-01 2.31631190e-01 -2.96145928e-02 2.28057312e-01 2.12110782e-02
8.09339918e-01 2.33293539e-01 -2.96748879e-02 2.29729490e-01 2.12735225e-02
8.10261281e-01 2.34966818e-01 -2.97347499e-02 2.31412670e-01 2.13358457e-02
8.11180646e-01 2.36651088e-01 -2.97941737e-02 2.33106913e-01 2.13980439e-02
8.12098011e-01 2.38346410e-01 -2.98531543e-02 2.34812280e-01 2.14601129e-02
8.13013373e-01 2.40052845e-01 -2.99116869e-02 2.36528832e-01 2.15220486e-02
8.13926729e-01 2.41770454e-01 -2.99697664e-02 2.38256631e-01 2.15838468e-02
8.14838079e-01 2.43499299e-01 -3.00273878e-02 2.39995737e-01 2.16455032e-02
8.15747419e-01 2.45239442e-01 -3.00845459e-02 2.41746211e-01 2.17070136e-02
8.16654747e-01 2.46990943e-01 -3.01412359e-02 2.43508116e-01 2.17683734e-02
8.17560061e-01 2.48753865e-01 -3.01974525e-02 2.45281513e-01 2.18295782e-02
8.18463359e-01 2.50528271e-01 -3.02531907e-02 2.47066463e-01 2.18906235e-02
8.19364639e-01 2.52314220e-01 -3.03084454e-02 2.48863029e-01 2.19515046e-02
8.20263897e-01 2.54111777e-01 -3.03632115e-02 2.50671272e-01 2.20122168e-02
8.21161133e-01 2.55921003e-01 -3.04174837e-02 2.52491253e-01 2.20727555e-02
8.22056344e-01 2.57741959e-01 -3.04712570e-02 2.54323036e-01 2.21331157e-02
8.22949527e-01 2.59574709e-01 -3.05245260e-02 2.56166682e-01 2.21932926e-02
8.23840681e-01 2.61419315e-01 -3.05772857e-02 2.58022254e-01 2.22532812e-02
8.24729804e-01 2.63275839e-01 -3.06295308e-02 2.59889812e-01 2.23130764e-02
8.25616892e-01 2.65144344e-01 -3.06812561e-02 2.61769420e-01 2.23726732e-02
8.26501944e-01 2.67024891e-01 -3.07324562e-02 2.63661140e-01 2.24320663e-02
8.27384958e-01 2.68917544e-01 -3.07831258e-02 2.65565033e-01 2.24912505e-02
8.28265931e-01 2.70822365e-01 -3.08332598e-02 2.67481163e-01 2.25502204e-02
8.29144862e-01 2.72739416e-01 -3.08828527e-02 2.69409590e-01 2.26089707e-02
8.30021748e-01 2.74668759e-01 -3.09318992e-02 2.71350378e-01 2.26674959e-02
8.30896587e-01 2.76610458e-01 -3.09803939e-02 2.73303589e-01 2.27257903e-02
8.31769377e-01 2.78564575e-01 -3.10283315e-02 2.75269283e-01 2.27838485e-02
8.32640115e-01 2.80531171e-01 -3.10757064e-02 2.77247525e-01 2.28416646e-02
8.33508800e-01 2.82510309e-01 -3.11225134e-02 2.79238375e-01 2.28992329e-02
8.34375430e-01 2.84502052e-01 -3.11687468e-02 2.81241895e-01 2.29565476e-02
8.35240002e-01 2.86506461e-01 -3.12144014e-02 2.83258148e-01 2.30136028e-02
8.36102514e-01 2.88523598e-01 -3.12594715e-02 2.85287194e-01 2.30703923e-02
8.36962964e-01 2.90553526e-01 -3.13039516e-02 2.87329096e-01 2.31269103e-02
8.37821349e-01 2.92596306e-01 -3.13478363e-02 2.89383916e-01 2.31831504e-02
8.38677669e-01 2.94652000e-01 -3.13911199e-02 2.91451713e-01 2.32391066e-02
8.39531921e-01 2.96720670e-01 -3.14337968e-02 2.93532550e-01 2.32947725e-02
8.40384102e-01 2.98802376e-01 -3.14758616e-02 2.95626488e-01 2.33501417e-02
8.41234210e-01 3.00897181e-01 -3.15173085e-02 2.97733587e-01 2.34052079e-02
8.42082244e-01 3.03005145e-01 -3.15581318e-02 2.99853909e-01 2.34599645e-02
8.42928201e-01 3.05126329e-01 -3.15983260e-02 3.01987513e-01 2.35144049e-02
8.43772079e-01 3.07260793e-01 -3.16378854e-02 3.04134460e-01 2.35685224e-02
8.44613877e-01 3.09408599e-01 -3.16768042e-02 3.06294810e-01 2.36223104e-02
8.45453591e-01 3.11569807e-01 -3.17150767e-02 3.08468623e-01 2.36757621e-02
8.46291221e-01 3.13744476e-01 -3.17526971e-02 3.10655959e-01 2.37288705e-02
8.47126763e-01 3.15932666e-01 -3.17896598e-02 3.12856876e-01 2.37816288e-02
8.47960216e-01 3.18134437e-01 -3.18259588e-02 3.15071435e-01 2.38340299e-02
8.48791578e-01 3.20349848e-01 -3.18615885e-02 3.17299693e-01 2.38860667e-02
8.49620847e-01 3.22578957e-01 -3.18965429e-02 3.19541709e-01 2.39377322e-02
8.50448020e-01 3.24821824e-01 -3.19308163e-02 3.21797541e-01 2.39890190e-02
8.51273096e-01 3.27078507e-01 -3.19644027e-02 3.24067247e-01 2.40399199e-02
8.52096073e-01 3.29349062e-01 -3.19972962e-02 3.26350884e-01 2.40904276e-02
8.52916948e-01 3.31633549e-01 -3.20294910e-02 3.28648510e-01 2.41405345e-02
8.53735720e-01 3.33932023e-01 -3.20609811e-02 3.30960180e-01 2.41902333e-02
8.54552386e-01 3.36244543e-01 -3.20917606e-02 3.33285952e-01 2.42395164e-02
8.55366945e-01 3.38571163e-01 -3.21218235e-02 3.35625881e-01 2.42883761e-02
8.56179395e-01 3.40911941e-01 -3.21511639e-02 3.37980022e-01 2.43368048e-02
8.56989732e-01 3.43266931e-01 -3.21797756e-02 3.40348431e-01 2.43847947e-02
8.57797957e-01 3.45636188e-01 -3.22076528e-02 3.42731161e-01 2.44323381e-02
8.58604066e-01 3.48019767e-01 -3.22347894e-02 3.45128268e-01 2.44794270e-02
8.59408057e-01 3.50417722e-01 -3.22611794e-02 3.47539804e-01 2.45260535e-02
8.60209930e-01 3.52830107e-01 -3.22868166e-02 3.49965822e-01 2.45722096e-02
8.61009680e-01 3.55256974e-01 -3.23116949e-02 3.52406374e-01 2.46178874e-02
8.61807307e-01 3.57698375e-01 -3.23358084e-02 3.54861513e-01 2.46630786e-02
8.62602809e-01 3.60154364e-01 -3.23591509e-02 3.57331290e-01 2.47077751e-02
8.63396184e-01 3.62624990e-01 -3.23817163e-02 3.59815756e-01 2.47519688e-02
8.64187429e-01 3.65110305e-01 -3.24034983e-02 3.62314960e-01 2.47956512e-02
8.64976543e-01 3.67610359e-01 -3.24244910e-02 3.64828952e-01 2.48388142e-02
8.65763524e-01 3.70125200e-01 -3.24446881e-02 3.67357780e-01 2.48814493e-02
8.66548370e-01 3.72654879e-01 -3.24640834e-02 3.69901494e-01 2.49235481e-02
8.67331079e-01 3.75199442e-01 -3.24826709e-02 3.72460140e-01 2.49651022e-02
8.68111648e-01 3.77758937e-01 -3.25004441e-02 3.75033765e-01 2.50061029e-02
8.68890077e-01 3.80333412e-01 -3.25173971e-02 3.77622415e-01 2.50465418e-02
8.69666363e-01 3.82922911e-01 -3.25335236e-02 3.80226135e-01 2.50864102e-02
8.70440504e-01 3.85527479e-01 -3.25488173e-02 3.82844971e-01 2.51256994e-02
8.71212499e-01 3.88147162e-01 -3.25632720e-02 3.85478964e-01 2.51644008e-02
8.71982345e-01 3.90782003e-01 -3.25768815e-02 3.88128159e-01 2.52025056e-02
8.72750041e-01 3.93432045e-01 -3.25896396e-02 3.90792598e-01 2.52400051e-02
8.73515584e-01 3.96097329e-01 -3.26015400e-02 3.93472321e-01 2.52768904e-02
8.74278973e-01 3.98777896e-01 -3.26125766e-02 3.96167369e-01 2.53131527e-02
8.75040206e-01 4.01473787e-01 -3.26227429e-02 3.98877782e-01 2.53487830e-02
8.75799281e-01 4.04185041e-01 -3.26320329e-02 4.01603597e-01 2.53837725e-02
8.76556196e-01 4.06911697e-01 -3.26404402e-02 4.04344854e-01 2.54181122e-02
8.77310949e-01 4.09653791e-01 -3.26479586e-02 4.07101587e-01 2.54517931e-02
8.78063539e-01 4.12411360e-01 -3.26545819e-02 4.09873834e-01 2.54848062e-02
8.78813963e-01 4.15184441e-01 -3.26603039e-02 4.12661628e-01 2.55171426e-02
8.79562220e-01 4.17973066e-01 -3.26651182e-02 4.15465004e-01 2.55487930e-02
8.80308308e-01 4.20777270e-01 -3.26690187e-02 4.18283994e-01 2.55797485e-02
8.81052225e-01 4.23597085e-01 -3.26719991e-02 4.21118630e-01 2.56100000e-02
8.81793969e-01 4.26432542e-01 -3.26740533e-02 4.23968942e-01 2.56395383e-02
8.82533538e-01 4.29283671e-01 -3.26751750e-02 4.26834959e-01 2.56683543e-02
8.83270931e-01 4.32150503e-01 -3.26753581e-02 4.29716711e-01 2.56964388e-02
8.84006145e-01 4.35033063e-01 -3.26745962e-02 4.32614223e-01 2.57237828e-02
8.84739180e-01 4.37931381e-01 -3.26728834e-02 4.35527523e-01 2.57503770e-02
8.85470032e-01 4.40845480e-01 -3.26702134e-02 4.38456634e-01 2.57762123e-02
8.86198701e-01 4.43775386e-01 -3.26665800e-02 4.41401581e-01 2.58012794e-02
8.86925184e-01 4.46721122e-01 -3.26619772e-02 4.44362386e-01 2.58255693e-02
8.87649480e-01 4.49682709e-01 -3.26563988e-02 4.47339070e-01 2.58490727e-02
8.88371587e-01 4.52660168e-01 -3.26498388e-02 4.50331652e-01 2.58717804e-02
8.89091503e-01 4.55653520e-01 -3.26422911e-02 4.53340152e-01 2.58936833e-02
8.89809227e-01 4.58662781e-01 -3.26337497e-02 4.56364586e-01 2.59147722e-02
8.90524756e-01 4.61687969e-01 -3.26242084e-02 4.59404971e-01 2.59350379e-02
8.91238089e-01 4.64729099e-01 -3.26136615e-02 4.62461320e-01 2.59544714e-02
8.91949223e-01 4.67786184e-01 -3.26021028e-02 4.65533647e-01 2.59730633e-02
8.92658159e-01 4.70859239e-01 -3.25895264e-02 4.68621964e-01 2.59908047e-02
8.93364892e-01 4.73948273e-01 -3.25759265e-02 4.71726280e-01 2.60076865e-02
8.94069423e-01 4.77053297e-01 -3.25612972e-02 4.74846605e-01 2.60236994e-02
8.94771748e-01 4.80174318e-01 -3.25456326e-02 4.77982947e-01 2.60388346e-02
8.95471867e-01 4.83311345e-01 -3.25289270e-02 4.81135309e-01 2.60530829e-02
8.96169778e-01 4.86464380e-01 -3.25111745e-02 4.84303698e-01 2.60664353e-02
8.96865478e-01 4.89633430e-01 -3.24923696e-02 4.87488116e-01 2.60788829e-02
8.97558967e-01 4.92818495e-01 -3.24725063e-02 4.90688563e-01 2.60904167e-02
8.98250242e-01 4.96019576e-01 -3.24515793e-02 4.93905040e-01 2.61010279e-02
8.98939302e-01 4.99236672e-01 -3.24295828e-02 4.97137544e-01 2.61107075e-02
8.99626145e-01 5.02469781e-01 -3.24065113e-02 5.00386072e-01 2.61194467e-02
9.00310769e-01 5.05718898e-01 -3.23823593e-02 5.03650619e-01 2.61272368e-02
9.00993173e-01 5.08984017e-01 -3.23571214e-02 5.06931177e-01 2.61340690e-02
9.01673355e-01 5.12265130e-01 -3.23307922e-02 5.10227737e-01 2.61399347e-02
9.02351313e-01 5.15562229e-01 -3.23033663e-02 5.13540289e-01 2.61448251e-02
9.03027046e-01 5.18875301e-01 -3.22748385e-02 5.16868822e-01 2.61487318e-02
9.03700552e-01 5.22204333e-01 -3.22452036e-02 5.20213320e-01 2.61516462e-02
9.04371830e-01 5.25549312e-01 -3.22144563e-02 5.23573769e-01 2.61535599e-02
9.05040876e-01 5.28910221e-01 -3.21825917e-02 5.26950150e-01 2.61544644e-02
9.05707691e-01 5.32287041e-01 -3.21496046e-02 5.30342445e-01 2.61543514e-02
9.06372273e-01 5.35679751e-01 -3.21154902e-02 5.33750631e-01 2.61532128e-02
9.07034619e-01 5.39088331e-01 -3.20802435e-02 5.37174686e-01 2.61510402e-02
9.07694728e-01 5.42512755e-01 -3.20438596e-02 5.40614584e-01 2.61478256e-02
9.08352599e-01 5.45952998e-01 -3.20063340e-02 5.44070299e-01 2.61435610e-02
9.09008229e-01 5.49409033e-01 -3.19676618e-02 5.47541802e-01 2.61382383e-02
9.09661618e-01 5.52880828e-01 -3.19278386e-02 5.51029062e-01 2.61318498e-02
9.10312763e-01 5.56368353e-01 -3.18868597e-02 5.54532046e-01 2.61243877e-02
9.10961663e-01 5.59871574e-01 -3.18447208e-02 5.58050718e-01 2.61158442e-02
9.11608317e-01 5.63390455e-01 -3.18014175e-02 5.61585043e-01 2.61062118e-02
9.12252723e-01 5.66924957e-01 -3.17569456e-02 5.65134980e-01 2.60954830e-02
9.12894879e-01 5.70475042e-01 -3.17113009e-02 5.68700490e-01 2.60836504e-02
9.13534783e-01 5.74040667e-01 -3.16644793e-02 5.72281529e-01 2.60707066e-02
9.14172435e-01 5.77621788e-01 -3.16164769e-02 5.75878051e-01 2.60566444e-02
9.14807832e-01 5.81218358e-01 -3.15672897e-02 5.79490010e-01 2.60414569e-02
9.15440973e-01 5.84830330e-01 -3.15169141e-02 5.83117355e-01 2.60251369e-02
9.16071856e-01 5.88457652e-01 -3.14653462e-02 5.86760036e-01 2.60076777e-02
9.16700480e-01 5.92100272e-01 -3.14125826e-02 5.90417997e-01 2.59890725e-02
9.17326844e-01 5.95758136e-01 -3.13586198e-02 5.94091184e-01 2.59693146e-02
9.17950945e-01 5.99431185e-01 -3.13034543e-02 5.97779538e-01 2.59483976e-02
9.18572782e-01 6.03119361e-01 -3.12470830e-02 6.01482998e-01 2.59263150e-02
9.19192354e-01 6.06822602e-01 -3.11895027e-02 6.05201502e-01 2.59030607e-02
9.19809659e-01 6.10540843e-01 -3.11307105e-02 6.08934984e-01 2.58786284e-02
9.20424696e-01 6.14274019e-01 -3.10707032e-02 6.12683377e-01 2.58530122e-02
9.21037462e-01 6.18022062e-01 -3.10094783e-02 6.16446611e-01 2.58262063e-02
9.21647958e-01 6.21784900e-01 -3.09470331e-02 6.20224615e-01 2.57982049e-02
9.22256180e-01 6.25562459e-01 -3.08833649e-02 6.24017313e-01 2.57690025e-02
9.22862128e-01 6.29354665e-01 -3.08184714e-02 6.27824630e-01 2.57385937e-02
9.23465800e-01 6.33161440e-01 -3.07523504e-02 6.31646487e-01 2.57069731e-02
9.24067195e-01 6.36982703e-01 -3.06849996e-02 6.35482800e-01 2.56741356e-02
9.24666310e-01 6.40818371e-01 -3.06164171e-02 6.39333488e-01 2.56400764e-02
9.25263146e-01 6.44668360e-01 -3.05466010e-02 6.43198463e-01 2.56047905e-02
9.25857699e-01 6.48532581e-01 -3.04755495e-02 6.47077636e-01 2.55682733e-02
9.26449969e-01 6.52410944e-01 -3.04032611e-02 6.50970917e-01 2.55305204e-02
9.27039955e-01 6.56303358e-01 -3.03297343e-02 6.54878212e-01 2.54915274e-02
9.27627654e-01 6.60209727e-01 -3.02549678e-02 6.58799424e-01 2.54512901e-02
9.28213065e-01 6.64129952e-01 -3.01789605e-02 6.62734455e-01 2.54098046e-02
9.28796187e-01 6.68063936e-01 -3.01017114e-02 6.66683203e-01 2.53670671e-02
9.29377019e-01 6.72011573e-01 -3.00232195e-02 6.70645566e-01 2.53230740e-02
9.29955559e-01 6.75972761e-01 -2.99434843e-02 6.74621436e-01 2.52778217e-02
9.30531805e-01 6.79947391e-01 -2.98625052e-02 6.78610705e-01 2.52313071e-02
9.31105757e-01 6.83935352e-01 -2.97802818e-02 6.82613262e-01 2.51835270e-02
9.31677412e-01 6.87936532e-01 -2.96968140e-02 6.86628992e-01 2.51344785e-02
9.32246769e-01 6.91950816e-01 -2.96121016e-02 6.90657779e-01 2.50841590e-02
9.32813828e-01 6.95978085e-01 -2.95261448e-02 6.94699504e-01 2.50325659e-02
9.33378586e-01 7.00018220e-01 -2.94389439e-02 6.98754046e-01 2.49796969e-02
9.33941042e-01 7.04071096e-01 -2.93504994e-02 7.02821279e-01 2.49255499e-02
9.34501195e-01 7.08136588e-01 -2.92608119e-02 7.06901078e-01 2.48701230e-02
9.35059043e-01 7.12214568e-01 -2.91698822e-02 7.10993312e-01 2.48134145e-02
9.35614585e-01 7.16304904e-01 -2.90777114e-02 7.15097849e-01 2.47554228e-02
9.36167820e-01 7.20407463e-01 -2.89843006e-02 7.19214555e-01 2.46961466e-02
9.36718746e-01 7.24522109e-01 -2.88896511e-02 7.23343292e-01 2.46355849e-02
9.37267362e-01 7.28648701e-01 -2.87937646e-02 7.27483920e-01 2.45737367e-02
9.37813667e-01 7.32787099e-01 -2.86966427e-02 7.31636295e-01 2.45106015e-02
9.38357658e-01 7.36937158e-01 -2.85982874e-02 7.35800274e-01 2.44461786e-02
9.38899336e-01 7.41098732e-01 -2.84987008e-02 7.39975706e-01 2.43804681e-02
9.39438698e-01 7.45271669e-01 -2.83978852e-02 7.44162443e-01 2.43134697e-02
9.39975743e-01 7.49455818e-01 -2.82958431e-02 7.48360329e-01 2.42451837e-02
9.40510470e-01 7.53651024e-01 -2.81925772e-02 7.52569209e-01 2.41756106e-02
9.41042878e-01 7.57857128e-01 -2.80880904e-02 7.56788924e-01 2.41047510e-02
9.41572965e-01 7.62073970e-01 -2.79823858e-02 7.61019312e-01 2.40326059e-02
9.42100730e-01 7.66301387e-01 -2.78754667e-02 7.65260210e-01 2.39591763e-02
9.42626171e-01 7.70539213e-01 -2.77673367e-02 7.69511449e-01 2.38844636e-02
9.43149288e-01 7.74787279e-01 -2.76579994e-02 7.73772861e-01 2.38084694e-02
9.43670079e-01 7.79045414e-01 -2.75474587e-02 7.78044273e-01 2.37311955e-02
9.44188542e-01 7.83313443e-01 -2.74357189e-02 7.82325509e-01 2.36526440e-02
9.44704677e-01 7.87591190e-01 -2.73227842e-02 7.86616392e-01 2.35728173e-02
9.45218483e-01 7.91878475e-01 -2.72086592e-02 7.90916742e-01 2.34917178e-02
9.45729957e-01 7.96175116e-01 -2.70933486e-02 7.95226375e-01 2.34093483e-02
9.46239099e-01 8.00480927e-01 -2.69768576e-02 7.99545106e-01 2.33257120e-02
9.46745907e-01 8.04795722e-01 -2.68591912e-02 8.03872745e-01 2.32408120e-02
9.47250380e-01 8.09119310e-01 -2.67403548e-02 8.08209102e-01 2.31546520e-02
9.47752518e-01 8.13451498e-01 -2.66203543e-02 8.12553982e-01 2.30672357e-02
9.48252318e-01 8.17792089e-01 -2.64991953e-02 8.16907189e-01 2.29785671e-02
9.48749779e-01 8.22140886e-01 -2.63768841e-02 8.21268524e-01 2.28886505e-02
9.49244901e-01 8.26497687e-01 -2.62534268e-02 8.25637784e-01 2.27974905e-02
9.49737681e-01 8.30862288e-01 -2.61288301e-02 8.30014764e-01 2.27050919e-02
9.50228120e-01 8.35234483e-01 -2.60031008e-02 8.34399258e-01 2.26114596e-02
9.50716215e-01 8.39614063e-01 -2.58762457e-02 8.38791056e-01 2.25165991e-02
9.51201965e-01 8.44000816e-01 -2.57482722e-02 8.43189944e-01 2.24205158e-02
9.51685370e-01 8.48394528e-01 -2.56191877e-02 8.47595707e-01 2.23232157e-02
9.52166428e-01 8.52794980e-01 -2.54889999e-02 8.52008128e-01 2.22247047e-02
9.52645137e-01 8.57201954e-01 -2.53577167e-02 8.56426986e-01 2.21249892e-02
9.53121497e-01 8.61615227e-01 -2.52253462e-02 8.60852057e-01 2.20240758e-02
9.53595507e-01 8.66034573e-01 -2.50918969e-02 8.65283117e-01 2.19219714e-02
9.54067164e-01 8.70459766e-01 -2.49573774e-02 8.69719936e-01 2.18186831e-02
9.54536469e-01 8.74890575e-01 -2.48217964e-02 8.74162283e-01 2.17142183e-02
9.55003420e-01 8.79326768e-01 -2.46851631e-02 8.78609926e-01 2.16085846e-02
9.55468016e-01 8.83768108e-01 -2.45474869e-02 8.83062628e-01 2.15017899e-02
9.55930255e-01 8.88214358e-01 -2.44087772e-02 8.87520151e-01 2.13938424e-02
9.56390137e-01 8.92665278e-01 -2.42690440e-02 8.91982253e-01 2.12847506e-02
9.56847660e-01 8.97120624e-01 -2.41282971e-02 8.96448691e-01 2.11745232e-02
9.57302823e-01 9.01580152e-01 -2.39865469e-02 9.00919219e-01 2.10631690e-02
9.57755626e-01 9.06043612e-01 -2.38438039e-02 9.05393587e-01 2.09506974e-02
9.58206066e-01 9.10510755e-01 -2.37000788e-02 9.09871546e-01 2.08371178e-02
9.58654144e-01 9.14981327e-01 -2.35553826e-02 9.14352842e-01 2.07224400e-02
9.59099857e-01 9.19455074e-01 -2.34097266e-02 9.18837218e-01 2.06066740e-02
9.59543205e-01 9.23931738e-01 -2.32631222e-02 9.23324416e-01 2.04898301e-02
9.59984187e-01 9.28411057e-01 -2.31155811e-02 9.27814177e-01 2.03719188e-02
9.60422801e-01 9.32892770e-01 -2.29671152e-02 9.32306236e-01 2.02529510e-02
9.60859046e-01 9.37376613e-01 -2.28177367e-02 9.36800328e-01 2.01329376e-02
9.61292922e-01 9.41862316e-01 -2.26674580e-02 9.41296185e-01 2.00118901e-02
9.61724427e-01 9.46349612e-01 -2.25162918e-02 9.45793538e-01 1.98898201e-02
9.62153561e-01 9.50838227e-01 -2.23642510e-02 9.50292114e-01 1.97667393e-02
9.62580321e-01 9.55327888e-01 -2.22113486e-02 9.54791639e-01 1.96426599e-02
9.63004708e-01 9.59818319e-01 -2.20575981e-02 9.59291835e-01 1.95175943e-02
9.63426720e-01 9.64309241e-01 -2.19030129e-02 9.63792425e-01 1.93915551e-02
9.63846355e-01 9.68800372e-01 -2.17476070e-02 9.68293126e-01 1.92645552e-02
9.64263614e-01 9.73291431e-01 -2.15913944e-02 9.72793655e-01 1.91366077e-02
9.64678495e-01 9.77782131e-01 -2.14343894e-02 9.77293727e-01 1.90077260e-02
9.65090997e-01 9.82272185e-01 -2.12766065e-02 9.81793054e-01 1.88779237e-02
9.65501118e-01 9.86761305e-01 -2.11180604e-02 9.86291346e-01 1.87472148e-02
9.65908859e-01 9.91249198e-01 -2.09587661e-02 9.90788313e-01 1.86156134e-02
9.66314217e-01 9.95735571e-01 -2.07987389e-02 9.95283659e-01 1.84831340e-02
9.66717192e-01 1.00022013e+00 -2.06379941e-02 9.99777090e-01 1.83497910e-02
9.67117784e-01 1.00470257e+00 -2.04765475e-02 1.00426831e+00 1.82155996e-02
9.67515990e-01 1.00918261e+00 -2.03144149e-02 1.00875701e+00 1.80805747e-02
9.67911810e-01 1.01365993e+00 -2.01516124e-02 1.01324290e+00 1.79447317e-02
9.68305243e-01 1.01813423e+00 -1.99881563e-02 1.01772568e+00 1.78080863e-02
9.68696288e-01 1.02260521e+00 -1.98240632e-02 1.02220503e+00 1.76706544e-02
9.69084944e-01 1.02707256e+00 -1.96593499e-02 1.02668065e+00 1.75324520e-02
9.69471210e-01 1.03153597e+00 -1.94940333e-02 1.03115223e+00 1.73934955e-02
9.69855086e-01 1.03599514e+00 -1.93281307e-02 1.03561946e+00 1.72538013e-02
9.70236569e-01 1.04044975e+00 -1.91616594e-02 1.04008203e+00 1.71133864e-02
9.70615660e-01 1.04489948e+00 -1.89946370e-02 1.04453963e+00 1.69722677e-02
9.70992357e-01 1.04934402e+00 -1.88270814e-02 1.04899193e+00 1.68304625e-02
9.71366659e-01 1.05378306e+00 -1.86590107e-02 1.05343863e+00 1.66879882e-02
9.71738566e-01 1.05821627e+00 -1.84904429e-02 1.05787940e+00 1.65448626e-02
9.72108076e-01 1.06264333e+00 -1.83213967e-02 1.06231393e+00 1.64011035e-02
9.72475189e-01 1.06706393e+00 -1.81518906e-02 1.06674189e+00 1.62567291e-02
9.72839904e-01 1.07147774e+00 -1.79819434e-02 1.07116295e+00 1.61117576e-02
9.73202220e-01 1.07588443e+00 -1.78115743e-02 1.07557680e+00 1.59662077e-02
9.73562135e-01 1.08028369e+00 -1.76408023e-02 1.07998311e+00 1.58200981e-02
9.73919650e-01 1.08467517e+00 -1.74696470e-02 1.08438155e+00 1.56734478e-02
9.74274762e-01 1.08905856e+00 -1.72981279e-02 1.08877180e+00 1.55262759e-02
9.74627472e-01 1.09343352e+00 -1.71262647e-02 1.09315352e+00 1.53786017e-02
9.74977778e-01 1.09779973e+00 -1.69540776e-02 1.09752638e+00 1.52304448e-02
9.75325680e-01 1.10215684e+00 -1.67815865e-02 1.10189005e+00 1.50818250e-02
9.75671177e-01 1.10650453e+00 -1.66088119e-02 1.10624420e+00 1.49327622e-02
9.76014267e-01 1.11084247e+00 -1.64357741e-02 1.11058849e+00 1.47832765e-02
9.76354950e-01 1.11517031e+00 -1.62624939e-02 1.11492259e+00 1.46333882e-02
9.76693226e-01 1.11948772e+00 -1.60889921e-02 1.11924617e+00 1.44831177e-02
9.77029093e-01 1.12379436e+00 -1.59152897e-02 1.12355888e+00 1.43324858e-02
9.77362550e-01 1.12808990e+00 -1.57414077e-02 1.12786038e+00 1.41815132e-02
9.77693597e-01 1.13237400e+00 -1.55673676e-02 1.13215035e+00 1.40302209e-02
9.78022233e-01 1.13664631e+00 -1.53931907e-02 1.13642843e+00 1.38786301e-02
9.78348456e-01 1.14090649e+00 -1.52188987e-02 1.14069429e+00 1.37267621e-02
9.78672267e-01 1.14515421e+00 -1.50445133e-02 1.14494759e+00 1.35746384e-02
9.78993665e-01 1.14938912e+00 -1.48700563e-02 1.14918799e+00 1.34222805e-02
9.79312648e-01 1.15361088e+00 -1.46955499e-02 1.15341514e+00 1.32697102e-02
9.79629216e-01 1.15781915e+00 -1.45210162e-02 1.15762870e+00 1.31169495e-02
9.79943368e-01 1.16201357e+00 -1.43464774e-02 1.16182833e+00 1.29640204e-02
9.80255103e-01 1.16619381e+00 -1.41719559e-02 1.16601368e+00 1.28109450e-02
9.80564421e-01 1.17035953e+00 -1.39974744e-02 1.17018441e+00 1.26577457e-02
9.80871321e-01 1.17451037e+00 -1.38230555e-02 1.17434017e+00 1.25044449e-02
9.81175801e-01 1.17864599e+00 -1.36487219e-02 1.17848062e+00 1.23510652e-02
9.81477862e-01 1.18276605e+00 -1.34744964e-02 1.18260542e+00 1.21976293e-02
9.81777503e-01 1.18687020e+00 -1.33004022e-02 1.18671422e+00 1.20441599e-02
9.82074722e-01 1.19095809e+00 -1.31264623e-02 1.19080667e+00 1.18906799e-02
9.82369519e-01 1.19502938e+00 -1.29526998e-02 1.19488243e+00 1.17372125e-02
9.82661894e-01 1.19908371e+00 -1.27791380e-02 1.19894115e+00 1.15837805e-02
9.82951845e-01 1.20312076e+00 -1.26058004e-02 1.20298249e+00 1.14304074e-02
9.83239372e-01 1.20714016e+00 -1.24327103e-02 1.20700610e+00 1.12771163e-02
9.83524474e-01 1.21114157e+00 -1.22598913e-02 1.21101163e+00 1.11239307e-02
9.83807150e-01 1.21512465e+00 -1.20873669e-02 1.21499874e+00 1.09708739e-02
9.84087401e-01 1.21908905e+00 -1.19151609e-02 1.21896709e+00 1.08179696e-02
9.84365224e-01 1.22303442e+00 -1.17432969e-02 1.22291633e+00 1.06652413e-02
9.84640620e-01 1.22696042e+00 -1.15717988e-02 1.22684611e+00 1.05127127e-02
9.84913588e-01 1.23086671e+00 -1.14006905e-02 1.23075609e+00 1.03604075e-02
9.85184126e-01 1.23475293e+00 -1.12299958e-02 1.23464593e+00 1.02083496e-02
9.85452235e-01 1.23861875e+00 -1.10597386e-02 1.23851529e+00 1.00565627e-02
9.85717914e-01 1.24246382e+00 -1.08899431e-02 1.24236381e+00 9.90507077e-03
9.85981162e-01 1.24628780e+00 -1.07206331e-02 1.24619117e+00 9.75389770e-03
9.86241978e-01 1.25009034e+00 -1.05518328e-02 1.24999701e+00 9.60306746e-03
9.86500362e-01 1.25387111e+00 -1.03835662e-02 1.25378099e+00 9.45260405e-03
9.86756313e-01 1.25762976e+00 -1.02158575e-02 1.25754278e+00 9.30253147e-03
9.87009830e-01 1.26136595e+00 -1.00487307e-02 1.26128204e+00 9.15287377e-03
9.87260914e-01 1.26507934e+00 -9.88221007e-03 1.26499843e+00 9.00365499e-03
9.87509562e-01 1.26876960e+00 -9.71631967e-03 1.26869160e+00 8.85489920e-03
9.87755776e-01 1.27243639e+00 -9.55108365e-03 1.27236123e+00 8.70663047e-03
9.87999553e-01 1.27607937e+00 -9.38652615e-03 1.27600698e+00 8.55887285e-03
9.88240894e-01 1.27969820e+00 -9.22267130e-03 1.27962851e+00 8.41165041e-03
9.88479797e-01 1.28329256e+00 -9.05954322e-03 1.28322550e+00 8.26498719e-03
9.88716263e-01 1.28686210e+00 -8.89716599e-03 1.28679759e+00 8.11890721e-03
9.88950290e-01 1.29040650e+00 -8.73556368e-03 1.29034448e+00 7.97343449e-03
9.89181879e-01 1.29392542e+00 -8.57476033e-03 1.29386583e+00 7.82859299e-03
9.89411028e-01 1.29741854e+00 -8.41477994e-03 1.29736130e+00 7.68440667e-03
9.89637737e-01 1.30088553e+00 -8.25564647e-03 1.30083057e+00 7.54089943e-03
9.89862005e-01 1.30432605e+00 -8.09738384e-03 1.30427333e+00 7.39809512e-03
9.90083833e-01 1.30773980e+00 -7.94001589e-03 1.30768923e+00 7.25601756e-03
9.90303218e-01 1.31112644e+00 -7.78356645e-03 1.31107797e+00 7.11469050e-03
9.90520161e-01 1.31448565e+00 -7.62805924e-03 1.31443921e+00 6.97413763e-03
9.90734662e-01 1.31781711e+00 -7.47351794e-03 1.31777265e+00 6.83438258e-03
9.90946719e-01 1.32112051e+00 -7.31996616e-03 1.32107796e+00 6.69544890e-03
9.91156332e-01 1.32439552e+00 -7.16742740e-03 1.32435482e+00 6.55736007e-03
9.91363501e-01 1.32764184e+00 -7.01592511e-03 1.32760294e+00 6.42013949e-03
9.91568226e-01 1.33085915e+00 -6.86548264e-03 1.33082198e+00 6.28381045e-03
9.91770504e-01 1.33404713e+00 -6.71612323e-03 1.33401165e+00 6.14839617e-03
9.91970337e-01 1.33720549e+00 -6.56787004e-03 1.33717163e+00 6.01391976e-03
9.92167724e-01 1.34033391e+00 -6.42074611e-03 1.34030162e+00 5.88040423e-03
9.92362663e-01 1.34343208e+00 -6.27477438e-03 1.34340132e+00 5.74787247e-03
9.92555155e-01 1.34649972e+00 -6.12997766e-03 1.34647043e+00 5.61634726e-03
9.92745200e-01 1.34953651e+00 -5.98637865e-03 1.34950864e+00 5.48585126e-03
9.92932796e-01 1.35254216e+00 -5.84399991e-03 1.35251565e+00 5.35640700e-03
9.93117944e-01 1.35551637e+00 -5.70286388e-03 1.35549118e+00 5.22803689e-03
9.93300642e-01 1.35845885e+00 -5.56299285e-03 1.35843494e+00 5.10076318e-03
9.93480891e-01 1.36136932e+00 -5.42440899e-03 1.36134662e+00 4.97460799e-03
9.93658689e-01 1.36424747e+00 -5.28713429e-03 1.36422596e+00 4.84959330e-03
9.93834037e-01 1.36709303e+00 -5.15119060e-03 1.36707265e+00 4.72574092e-03
9.94006934e-01 1.36990571e+00 -5.01659962e-03 1.36988642e+00 4.60307250e-03
9.94177380e-01 1.37268523e+00 -4.88338287e-03 1.37266699e+00 4.48160954e-03
9.94345374e-01 1.37543131e+00 -4.75156170e-03 1.37541408e+00 4.36137338e-03
9.94510915e-01 1.37814369e+00 -4.62115731e-03 1.37812742e+00 4.24238514e-03
9.94674004e-01 1.38082208e+00 -4.49219068e-03 1.38080673e+00 4.12466581e-03
9.94834640e-01 1.38346622e+00 -4.36468264e-03 1.38345176e+00 4.00823618e-03
9.94992823e-01 1.38607584e+00 -4.23865381e-03 1.38606223e+00 3.89311682e-03
9.95148552e-01 1.38865068e+00 -4.11412463e-03 1.38863787e+00 3.77932815e-03
9.95301826e-01 1.39119047e+00 -3.99111531e-03 1.39117844e+00 3.66689035e-03
9.95452646e-01 1.39369496e+00 -3.86964590e-03 1.39368368e+00 3.55582344e-03
9.95601011e-01 1.39616390e+00 -3.74973619e-03 1.39615333e+00 3.44614717e-03
9.95746921e-01 1.39859704e+00 -3.63140579e-03 1.39858713e+00 3.33788114e-03
9.95890375e-01 1.40099411e+00 -3.51467408e-03 1.40098485e+00 3.23104467e-03
9.96031373e-01 1.40335489e+00 -3.39956021e-03 1.40334624e+00 3.12565690e-03
9.96169914e-01 1.40567913e+00 -3.28608311e-03 1.40567106e+00 3.02173672e-03
9.96305999e-01 1.40796659e+00 -3.17426145e-03 1.40795908e+00 2.91930279e-03
9.96439627e-01 1.41021704e+00 -3.06411370e-03 1.41021005e+00 2.81837352e-03
9.96570797e-01 1.41243024e+00 -2.95565806e-03 1.41242375e+00 2.71896709e-03
9.96699510e-01 1.41460597e+00 -2.84891249e-03 1.41459994e+00 2.62110143e-03
9.96825765e-01 1.41674400e+00 -2.74389468e-03 1.41673842e+00 2.52479422e-03
9.96949561e-01 1.41884412e+00 -2.64062209e-03 1.41883895e+00 2.43006286e-03
9.97070899e-01 1.42090609e+00 -2.53911191e-03 1.42090133e+00 2.33692451e-03
9.97189778e-01 1.42292972e+00 -2.43938104e-03 1.42292533e+00 2.24539607e-03
9.97306197e-01 1.42491479e+00 -2.34144615e-03 1.42491075e+00 2.15549415e-03
9.97420157e-01 1.42686109e+00 -2.24532359e-03 1.42685738e+00 2.06723510e-03
9.97531657e-01 1.42876842e+00 -2.15102947e-03 1.42876502e+00 1.98063498e-03
9.97640697e-01 1.43063659e+00 -2.05857960e-03 1.43063348e+00 1.89570956e-03
9.97747277e-01 1.43246539e+00 -1.96798950e-03 1.43246255e+00 1.81247436e-03
9.97851396e-01 1.43425464e+00 -1.87927441e-03 1.43425205e+00 1.73094457e-03
9.97953055e-01 1.43600415e+00 -1.79244925e-03 1.43600180e+00 1.65113510e-03
9.98052252e-01 1.43771373e+00 -1.70752868e-03 1.43771160e+00 1.57306056e-03
9.98148988e-01 1.43938321e+00 -1.62452703e-03 1.43938128e+00 1.49673526e-03
9.98243262e-01 1.44101241e+00 -1.54345832e-03 1.44101067e+00 1.42217321e-03
9.98335074e-01 1.44260116e+00 -1.46433629e-03 1.44259960e+00 1.34938809e-03
9.98424424e-01 1.44414929e+00 -1.38717432e-03 1.44414789e+00 1.27839328e-03
9.98511312e-01 1.44565664e+00 -1.31198553e-03 1.44565539e+00 1.20920186e-03
9.98595738e-01 1.44712305e+00 -1.23878266e-03 1.44712194e+00 1.14182655e-03
9.98677701e-01 1.44854837e+00 -1.16757817e-03 1.44854738e+00 1.07627979e-03
9.98757201e-01 1.44993244e+00 -1.09838418e-03 1.44993156e+00 1.01257366e-03
9.98834237e-01 1.45127511e+00 -1.03121248e-03 1.45127434e+00 9.50719928e-04
9.98908811e-01 1.45257626e+00 -9.66074516e-04 1.45257558e+00 8.90730023e-04
9.98980921e-01 1.45383572e+00 -9.02981412e-04 1.45383514e+00 8.32615042e-04
9.99050567e-01 1.45505339e+00 -8.41943948e-04 1.45505288e+00 7.76385741e-04
9.99117750e-01 1.45622911e+00 -7.82972562e-04 1.45622867e+00 7.22052535e-04
9.99182468e-01 1.45736278e+00 -7.26077347e-04 1.45736240e+00 6.69625496e-04
9.99244723e-01 1.45845426e+00 -6.71268050e-04 1.45845394e+00 6.19114348e-04
9.99304513e-01 1.45950345e+00 -6.18554067e-04 1.45950317e+00 5.70528466e-04
9.99361839e-01 1.46051023e+00 -5.67944443e-04 1.46051000e+00 5.23876874e-04
9.99416700e-01 1.46147449e+00 -5.19447867e-04 1.46147429e+00 4.79168243e-04
9.99469096e-01 1.46239613e+00 -4.73072671e-04 1.46239597e+00 4.36410885e-04
9.99519028e-01 1.46327505e+00 -4.28826829e-04 1.46327492e+00 3.95612755e-04
9.99566494e-01 1.46411116e+00 -3.86717954e-04 1.46411105e+00 3.56781449e-04
9.99611495e-01 1.46490437e+00 -3.46753293e-04 1.46490428e+00 3.19924198e-04
9.99654032e-01 1.46565459e+00 -3.08939732e-04 1.46565452e+00 2.85047871e-04
9.99694102e-01 1.46636174e+00 -2.73283787e-04 1.46636169e+00 2.52158968e-04
9.99731708e-01 1.46702575e+00 -2.39791606e-04 1.46702571e+00 2.21263623e-04
9.99766848e-01 1.46764655e+00 -2.08468968e-04 1.46764652e+00 1.92367600e-04
9.99799522e-01 1.46822407e+00 -1.79321277e-04 1.46822405e+00 1.65476293e-04
9.99829731e-01 1.46875824e+00 -1.52353568e-04 1.46875823e+00 1.40594723e-04
9.99857474e-01 1.46924902e+00 -1.27570498e-04 1.46924901e+00 1.17727535e-04
9.99882751e-01 1.46969634e+00 -1.04976349e-04 1.46969634e+00 9.68790026e-05
9.99905562e-01 1.47010017e+00 -8.45750271e-05 1.47010016e+00 7.80530209e-05
9.99925908e-01 1.47046045e+00 -6.63700586e-05 1.47046044e+00 6.12531084e-05
9.99943787e-01 1.47077714e+00 -5.03645912e-05 1.47077714e+00 4.64824050e-05
9.99959200e-01 1.47105023e+00 -3.65613917e-05 1.47105022e+00 3.37436710e-05
9.99972148e-01 1.47127966e+00 -2.49628441e-05 1.47127966e+00 2.30392847e-05
9.99982629e-01 1.47146543e+00 -1.55709449e-05 1.47146543e+00 1.43712385e-05
9.99990644e-01 1.47160750e+00 -8.38728733e-06 1.47160750e+00 7.74112433e-06
9.99996193e-01 1.47170588e+00 -3.41297961e-06 1.47170588e+00 3.15005759e-06
9.99999277e-01 1.47176056e+00 -6.47777829e-07 1.47176056e+00 5.97877412e-07
